country,state,city,station,last_update,latitude,longitude,pollutant_id,min_value,max_value,avg_value
India,Andhra Pradesh,Rajamahendravaram,"Anand Kala Kshetram, Rajamahendravaram - APPCB",24-09-2026 14:00:00,16.9872867,81.7363176,NH3,2,3,3
India,Andhra Pradesh,Rajamahendravaram,"Anand Kala Kshetram, Rajamahendravaram - APPCB",24-09-2026 14:00:00,16.9872867,81.7363176,OZONE,22,29,26
India,Andhra Pradesh,Tirumala,"Toll Gate, Tirumala - APPCB",24-09-2026 14:00:00,13.67,79.35,NO2,31,78,52
India,Andhra Pradesh,Tirumala,"Toll Gate, Tirumala - APPCB",24-09-2026 14:00:00,13.67,79.35,CO,8,23,16
India,Andhra Pradesh,Tirupati,"Vaikuntapuram, Tirupati - APPCB",24-09-2026 14:00:00,13.615387,79.40923,PM10,75,93,83
India,Andhra Pradesh,Tirupati,"Vaikuntapuram, Tirupati - APPCB",24-09-2026 14:00:00,13.615387,79.40923,NO2,28,32,30
India,Andhra Pradesh,Tirupati,"Vaikuntapuram, Tirupati - APPCB",24-09-2026 14:00:00,13.615387,79.40923,NH3,5,7,6
India,Andhra Pradesh,Vijayawada,"HB Colony, Vijayawada - APPCB",24-09-2026 14:00:00,16.536107,80.594233,PM2.5,37,52,40
India,Andhra Pradesh,Vijayawada,"HB Colony, Vijayawada - APPCB",24-09-2026 14:00:00,16.536107,80.594233,PM10,39,54,41
India,Andhra Pradesh,Vijayawada,"HB Colony, Vijayawada - APPCB",24-09-2026 14:00:00,16.536107,80.594233,OZONE,11,13,12
India,Andhra Pradesh,Vijayawada,"Rajiv Nagar, Vijayawada - APPCB",24-09-2026 14:00:00,16.554731,80.64911,PM2.5,44,63,47
India,Andhra Pradesh,Vijayawada,"Rajiv Nagar, Vijayawada - APPCB",24-09-2026 14:00:00,16.554731,80.64911,OZONE,14,19,17
India,Andhra Pradesh,Vijayawada,"Rajiv Gandhi Park, Vijayawada - APPCB",24-09-2026 14:00:00,16.509717,80.612222,PM10,NA,NA,NA
India,Andhra Pradesh,Vijayawada,"Rajiv Gandhi Park, Vijayawada - APPCB",24-09-2026 14:00:00,16.509717,80.612222,CO,24,36,30
India,Arunachal Pradesh,Naharlagun,"Naharlagun, Naharlagun - APSPCB",24-09-2026 14:00:00,27.103358,93.679645,NO2,8,12,9
India,Chhattisgarh,Milupara,"Govt. Higher Secondary School, Milupara - CECB",24-09-2026 14:00:00,22.1910172,83.5197009,PM2.5,NA,NA,NA
India,Chhattisgarh,Milupara,"Govt. Higher Secondary School, Milupara - CECB",24-09-2026 14:00:00,22.1910172,83.5197009,SO2,NA,NA,NA
India,Chhattisgarh,Raipur,"Krishak Nagar, Raipur - CECB",24-09-2026 14:00:00,21.237755,81.705301,NH3,2,2,2
India,Chhattisgarh,Raipur,"Bhatagaon New ISBT, Raipur - CECB",24-09-2026 14:00:00,21.219665,81.630094,NO2,4,32,11
India,Chhattisgarh,Raipur,"Bhatagaon New ISBT, Raipur - CECB",24-09-2026 14:00:00,21.219665,81.630094,NH3,2,2,2
India,Chhattisgarh,Raipur,"Bhatagaon New ISBT, Raipur - CECB",24-09-2026 14:00:00,21.219665,81.630094,CO,19,37,25
India,Chhattisgarh,Raipur,"AIIMS, Raipur - CECB",24-09-2026 14:00:00,21.258815,81.578979,SO2,3,7,5
India,Chhattisgarh,Raipur,"AIIMS, Raipur - CECB",24-09-2026 14:00:00,21.258815,81.578979,CO,20,25,23
India,Chhattisgarh,Raipur,"Siltara Phase-II, Raipur - CECB",24-09-2026 14:00:00,21.371751,81.664929,NH3,2,2,2
India,Chhattisgarh,Raipur,"Siltara Phase-II, Raipur - CECB",24-09-2026 14:00:00,21.371751,81.664929,CO,17,17,17
India,Chhattisgarh,Raipur,"Siltara Phase-II, Raipur - CECB",24-09-2026 14:00:00,21.371751,81.664929,OZONE,9,12,10
India,Delhi,Delhi,"Wazirpur, Delhi - DPCC",24-09-2026 14:00:00,28.699793,77.165453,SO2,4,22,10
India,Delhi,Delhi,"Narela, Delhi - DPCC",24-09-2026 14:00:00,28.822836,77.101981,SO2,9,22,14
India,Delhi,Delhi,"Cantonment Area, Delhi - DPCC",24-09-2026 14:00:00,28.594169,77.1251,OZONE,5,10,8
India,Delhi,Delhi,"Major Dhyan Chand National Stadium, Delhi - DPCC",24-09-2026 14:00:00,28.611281,77.237738,SO2,23,31,27
India,Assam,Silchar,"Tarapur, Silchar - PCBA",24-09-2026 14:00:00,24.82827,92.79525,CO,17,41,30
India,Assam,Silchar,"Tarapur, Silchar - PCBA",24-09-2026 14:00:00,24.82827,92.79525,OZONE,5,11,8
India,Assam,Sivasagar,"Girls College, Sivasagar - PCBA",24-09-2026 14:00:00,26.987634,94.636574,PM2.5,17,30,22
India,Bihar,Araria,"Kharahiya Basti, Araria - BSPCB",24-09-2026 14:00:00,26.146529,87.454184,NO2,8,20,14
India,Bihar,Araria,"Kharahiya Basti, Araria - BSPCB",24-09-2026 14:00:00,26.146529,87.454184,CO,18,35,26
India,Bihar,Arrah,"New DM Office, Arrah - BSPCB",24-09-2026 14:00:00,25.5626095,84.663264,PM10,40,42,41
India,Bihar,Begusarai,"Lohiyanagar, Begusarai - BSPCB",24-09-2026 14:00:00,25.42742023,86.13886079,SO2,10,21,14
India,Bihar,Bettiah,"Kamalnath Nagar, Bettiah - BSPCB",24-09-2026 14:00:00,26.80365,84.51954,SO2,12,19,15
India,Bihar,Bhagalpur,"DM Office_Kachari Chowk, Bhagalpur - BSPCB",24-09-2026 14:00:00,25.251013,86.989001,NO2,20,22,21
India,Bihar,Bhagalpur,"DM Office_Kachari Chowk, Bhagalpur - BSPCB",24-09-2026 14:00:00,25.251013,86.989001,SO2,21,25,22
India,Bihar,Bhagalpur,"DM Office_Kachari Chowk, Bhagalpur - BSPCB",24-09-2026 14:00:00,25.251013,86.989001,OZONE,18,21,19
India,Bihar,Bhagalpur,"Mayaganj, Bhagalpur - BSPCB",24-09-2026 14:00:00,25.265194,87.012947,PM10,NA,NA,NA
India,Bihar,Bhagalpur,"Mayaganj, Bhagalpur - BSPCB",24-09-2026 14:00:00,25.265194,87.012947,SO2,NA,NA,NA
India,Bihar,Bihar Sharif,"D M Colony, Bihar Sharif - BSPCB",24-09-2026 14:00:00,25.204762,85.51496,NO2,NA,NA,NA
India,Chhattisgarh,Bhilai,"Hathkhoj, Bhilai - CECB",24-09-2026 14:00:00,21.224231,81.40835,PM2.5,6,36,20
India,Chhattisgarh,Bhilai,"Hathkhoj, Bhilai - CECB",24-09-2026 14:00:00,21.224231,81.40835,OZONE,10,14,12
India,Chhattisgarh,Bhilai,"Civic Center, Bhilai - Bhilai Steel Plant",24-09-2026 14:00:00,21.185571,81.343175,NO2,NA,NA,NA
India,Chhattisgarh,Bhilai,"32Bungalows, Bhilai - CECB",24-09-2026 14:00:00,21.194815,81.31477,PM2.5,3,11,7
India,Chhattisgarh,Bhilai,"32Bungalows, Bhilai - CECB",24-09-2026 14:00:00,21.194815,81.31477,SO2,6,8,7
India,Chhattisgarh,Bilaspur,"Mangala, Bilaspur - NTPC",24-09-2026 14:00:00,22.08815,82.13737,PM2.5,3,38,15
India,Chhattisgarh,Bilaspur,"Mangala, Bilaspur - NTPC",24-09-2026 14:00:00,22.08815,82.13737,NO2,15,22,19
India,Chhattisgarh,Chhal,"Nawapara SECL Colony, Chhal - CECB",24-09-2026 14:00:00,22.118125,83.140608,NO2,4,7,5
India,Chhattisgarh,Chhal,"Nawapara SECL Colony, Chhal - CECB",24-09-2026 14:00:00,22.118125,83.140608,OZONE,48,55,52
India,Chhattisgarh,Korba,"Urja Nagar, Korba - CECB",24-09-2026 14:00:00,22.348441,82.549611,PM2.5,12,22,17
India,Chhattisgarh,Korba,"Urja Nagar, Korba - CECB",24-09-2026 14:00:00,22.348441,82.549611,CO,15,17,16
India,Chhattisgarh,Korba,"Rampur, Korba - CECB",24-09-2026 14:00:00,22.368195,82.746431,PM10,NA,NA,NA
India,Chhattisgarh,Korba,"Rampur, Korba - CECB",24-09-2026 14:00:00,22.368195,82.746431,CO,6,16,9
India,Chhattisgarh,Korba,"Rampur, Korba - CECB",24-09-2026 14:00:00,22.368195,82.746431,OZONE,28,43,38
India,Chhattisgarh,Kunjemura,"OP Jindal School, Kunjemura - CECB",24-09-2026 14:00:00,22.12665,83.483212,PM2.5,1,6,3
India,Bihar,Chhapra,"Darshan Nagar, Chhapra - BSPCB",24-09-2026 14:00:00,25.7808257,84.7446768,NH3,0,1,1
India,Bihar,Gaya,"Kareemganj, Gaya - BSPCB",24-09-2026 14:00:00,24.792403,84.992416,CO,12,99,63
India,Bihar,Gaya,"Collectorate, Gaya - BSPCB",24-09-2026 14:00:00,24.7955,84.9994,PM2.5,NA,NA,NA
India,Bihar,Gaya,"Collectorate, Gaya - BSPCB",24-09-2026 14:00:00,24.7955,84.9994,NO2,3,11,9
India,Bihar,Gaya,"Collectorate, Gaya - BSPCB",24-09-2026 14:00:00,24.7955,84.9994,CO,12,12,12
India,Bihar,Gaya,"SFTI Kusdihra, Gaya - BSPCB",24-09-2026 14:00:00,24.762518,84.982348,SO2,7,8,7
India,Bihar,Gaya,"SFTI Kusdihra, Gaya - BSPCB",24-09-2026 14:00:00,24.762518,84.982348,CO,15,20,18
India,Bihar,Hajipur,"Industrial Area, Hajipur - BSPCB",24-09-2026 14:00:00,25.697189,85.2459,NH3,8,13,11
India,Bihar,Katihar,"Mirchaibari, Katihar - BSPCB",24-09-2026 14:00:00,25.560083,87.553265,NO2,9,10,9
India,Bihar,Katihar,"Mirchaibari, Katihar - BSPCB",24-09-2026 14:00:00,25.560083,87.553265,NH3,1,1,1
India,Bihar,Katihar,"Mirchaibari, Katihar - BSPCB",24-09-2026 14:00:00,25.560083,87.553265,CO,80,102,93
India,Bihar,Kishanganj,"SDM Office_Khagra, Kishanganj - BSPCB",24-09-2026 14:00:00,26.0881305,87.93840336,NH3,2,3,3
India,Andhra Pradesh,Eluru,"District Court, Eluru - APPCB",24-09-2026 14:00:00,16.711754,81.092095,NO2,7,9,8
India,Andhra Pradesh,Eluru,"District Court, Eluru - APPCB",24-09-2026 14:00:00,16.711754,81.092095,NH3,5,7,5
India,Andhra Pradesh,Guntur,"Rajendra Nagar North, Guntur - APPCB",24-09-2026 14:00:00,16.316553,80.413302,PM10,41,79,52
India,Andhra Pradesh,Guntur,"Rajendra Nagar North, Guntur - APPCB",24-09-2026 14:00:00,16.316553,80.413302,CO,10,21,18
India,Andhra Pradesh,Kadapa,"Yerramukkapalli, Kadapa - APPCB",24-09-2026 14:00:00,14.465052,78.824187,NH3,3,5,3
India,Andhra Pradesh,Kurnool,"Sita Rama Nagar, Kurnool - APPCB",24-09-2026 14:00:00,15.83411,78.028546,PM10,22,66,34
India,Andhra Pradesh,Kurnool,"Sita Rama Nagar, Kurnool - APPCB",24-09-2026 14:00:00,15.83411,78.028546,SO2,6,9,8
India,Andhra Pradesh,Machilipatnam,"Srinivas Nagar Colony, Machilipatnam - APPCB",24-09-2026 14:00:00,16.186555,81.13219,OZONE,15,36,22
India,Andhra Pradesh,Nellore,"Ambedkar Nagar, Nellore - APPCB ",24-09-2026 14:00:00,14.438164,79.966814,PM10,52,65,57
India,Bihar,Patna,"Rajbansi Nagar, Patna - BSPCB",24-09-2026 14:00:00,25.599486,85.113666,PM10,15,35,21
India,Bihar,Patna,"Rajbansi Nagar, Patna - BSPCB",24-09-2026 14:00:00,25.599486,85.113666,NO2,28,33,31
India,Bihar,Patna,"Rajbansi Nagar, Patna - BSPCB",24-09-2026 14:00:00,25.599486,85.113666,NH3,2,3,3
India,Bihar,Saharsa,"Police Line, Saharsa - BSPCB",24-09-2026 14:00:00,25.892357,86.590325,PM10,31,83,45
India,Bihar,Saharsa,"Police Line, Saharsa - BSPCB",24-09-2026 14:00:00,25.892357,86.590325,NH3,4,4,4
India,Bihar,Siwan,"Chitragupta Nagar, Siwan - BSPCB",24-09-2026 14:00:00,26.2271665,84.3570427,PM2.5,NA,NA,NA
India,Chandigarh,Chandigarh,"Sector-25, Chandigarh - CPCC",24-09-2026 14:00:00,30.751462,76.762879,OZONE,12,30,22
India,Chandigarh,Chandigarh,"Sector-53, Chandigarh - CPCC",24-09-2026 14:00:00,30.719859,76.738637,SO2,5,12,6
India,Chandigarh,Chandigarh,"Sector 22, Chandigarh - CPCC",24-09-2026 14:00:00,30.735567,76.775714,SO2,3,8,5
India,Delhi,Delhi,"Rohini, Delhi - DPCC",24-09-2026 14:00:00,28.732528,77.11992,NO2,2,22,8
India,Delhi,Delhi,"Rohini, Delhi - DPCC",24-09-2026 14:00:00,28.732528,77.11992,NH3,3,6,4
India,Delhi,Delhi,"Vivek Vihar, Delhi - DPCC",24-09-2026 14:00:00,28.672342,77.31526,NH3,6,8,7
India,Delhi,Delhi,"Jahangirpuri, Delhi - DPCC",24-09-2026 14:00:00,28.73282,77.170633,NO2,14,49,31
India,Delhi,Delhi,"Jahangirpuri, Delhi - DPCC",24-09-2026 14:00:00,28.73282,77.170633,NH3,10,13,11
India,Delhi,Delhi,"Jahangirpuri, Delhi - DPCC",24-09-2026 14:00:00,28.73282,77.170633,OZONE,4,17,8
India,Delhi,Delhi,"IHBAS, Dilshad Garden, Delhi - CPCB",24-09-2026 14:00:00,28.6811736,77.3025234,PM2.5,82,225,156
India,Delhi,Delhi,"Sri Aurobindo Marg, Delhi - DPCC",24-09-2026 14:00:00,28.531346,77.190156,NH3,4,5,5
India,Assam,Byrnihat,"Central Academy for SFS, Byrnihat - PCBA",24-09-2026 14:00:00,26.071318,91.87488,NO2,7,9,8
India,Assam,Byrnihat,"Central Academy for SFS, Byrnihat - PCBA",24-09-2026 14:00:00,26.071318,91.87488,CO,51,68,61
India,Assam,Guwahati,"Railway Colony, Guwahati - PCBA",24-09-2026 14:00:00,26.181742,91.78063,PM10,10,28,21
India,Assam,Guwahati,"Railway Colony, Guwahati - PCBA",24-09-2026 14:00:00,26.181742,91.78063,CO,8,10,9
India,Assam,Guwahati,"IITG, Guwahati - PCBA",24-09-2026 14:00:00,26.2028636,91.70046436,CO,70,75,74
India,Bihar,Motihari,"Gandak Colony, Motihari - BSPCB",24-09-2026 14:00:00,26.63086,84.90051,NO2,2,3,3
India,Bihar,Motihari,"Gandak Colony, Motihari - BSPCB",24-09-2026 14:00:00,26.63086,84.90051,CO,9,14,12
India,Bihar,Patna,"Muradpur, Patna - BSPCB",24-09-2026 14:00:00,25.619651,85.147382,CO,42,52,49
India,Gujarat,Surat,"Katargam, Surat - Nexteng Enviro",24-09-2026 14:00:00,21.217779,72.834787,CO,31,33,32
India,Gujarat,Vadodara,"Bapunagar, Vadodara - Nexteng Enviro",24-09-2026 14:00:00,22.320153,73.216285,NO2,11,16,13
India,Gujarat,Vapi,"Phase-1 GIDC, Vapi - GPCB",24-09-2026 14:00:00,20.362421,72.918013,NO2,13,18,14
India,Gujarat,Vapi,"Phase-1 GIDC, Vapi - GPCB",24-09-2026 14:00:00,20.362421,72.918013,NH3,4,5,4
India,Gujarat,Vapi,"Phase-1 GIDC, Vapi - GPCB",24-09-2026 14:00:00,20.362421,72.918013,SO2,18,36,21
India,Gujarat,Vatva,"Phase-4 GIDC, Vatva - GPCB",24-09-2026 14:00:00,22.969611,72.6435,PM2.5,25,357,178
India,Gujarat,Vatva,"Phase-4 GIDC, Vatva - GPCB",24-09-2026 14:00:00,22.969611,72.6435,OZONE,9,27,20
India,Haryana,Ambala,"Patti Mehar, Ambala - HSPCB",24-09-2026 14:00:00,30.379589,76.778328,NO2,NA,NA,NA
India,Haryana,Ambala,"Patti Mehar, Ambala - HSPCB",24-09-2026 14:00:00,30.379589,76.778328,CO,28,51,37
India,Haryana,Bahadurgarh,"Arya Nagar, Bahadurgarh - HSPCB",24-09-2026 14:00:00,28.6701,76.9254,SO2,6,7,6
India,Haryana,Bahadurgarh,"Arya Nagar, Bahadurgarh - HSPCB",24-09-2026 14:00:00,28.6701,76.9254,OZONE,12,46,26
India,Haryana,Ballabgarh,"Nathu Colony, Ballabgarh - HSPCB",24-09-2026 14:00:00,28.3419248,77.319699,PM10,64,99,74
India,Haryana,Ballabgarh,"Nathu Colony, Ballabgarh - HSPCB",24-09-2026 14:00:00,28.3419248,77.319699,SO2,1,4,2
India,Haryana,Bhiwani,"H.B. Colony, Bhiwani - HSPCB",24-09-2026 14:00:00,28.806223,76.141105,PM10,76,132,109
India,Haryana,Charkhi Dadri,"Mini Secretariat, Charkhi Dadri - HSPCB",24-09-2026 14:00:00,28.593883,76.270653,CO,14,21,17
India,Haryana,Dharuhera,"Municipal Corporation Office, Dharuhera -  HSPCB",24-09-2026 14:00:00,28.2068,76.7997,PM2.5,80,169,114
India,Haryana,Dharuhera,"Municipal Corporation Office, Dharuhera -  HSPCB",24-09-2026 14:00:00,28.2068,76.7997,PM10,76,119,98
India,Haryana,Dharuhera,"Municipal Corporation Office, Dharuhera -  HSPCB",24-09-2026 14:00:00,28.2068,76.7997,CO,9,64,29
India,Haryana,Faridabad,"Sector 30, Faridabad - HSPCB",24-09-2026 14:00:00,28.4417,77.3217,OZONE,16,17,17
India,Delhi,Delhi,"Pusa, Delhi - DPCC",24-09-2026 14:00:00,28.639652,77.146275,CO,61,80,68
India,Delhi,Delhi,"Sirifort, Delhi - CPCB",24-09-2026 14:00:00,28.5504249,77.2159377,PM2.5,68,293,163
India,Delhi,Delhi,"Sirifort, Delhi - CPCB",24-09-2026 14:00:00,28.5504249,77.2159377,SO2,23,37,34
India,Delhi,Delhi,"Chandni Chowk, Delhi - IITM",24-09-2026 14:00:00,28.656756,77.227234,NO2,22,157,62
India,Delhi,Delhi,"Chandni Chowk, Delhi - IITM",24-09-2026 14:00:00,28.656756,77.227234,NH3,5,14,9
India,Delhi,Delhi,"Chandni Chowk, Delhi - IITM",24-09-2026 14:00:00,28.656756,77.227234,SO2,0,17,10
India,Delhi,Delhi,"Chandni Chowk, Delhi - IITM",24-09-2026 14:00:00,28.656756,77.227234,OZONE,4,27,14
India,Delhi,Delhi,"Pusa, Delhi - IITM",24-09-2026 14:00:00,28.63611,77.173332,SO2,NA,NA,NA
India,Delhi,Delhi,"Pusa, Delhi - IITM",24-09-2026 14:00:00,28.63611,77.173332,CO,31,39,33
India,Delhi,Delhi,"IIT Delhi, Delhi - IITM",24-09-2026 14:00:00,28.54246,77.191651,OZONE,0,19,13
India,Delhi,Delhi,"IGI Airport (T3), Delhi - IITM",24-09-2026 14:00:00,28.5627763,77.1180053,OZONE,21,241,109
India,Delhi,Delhi,"Commonwealth Sports Complex, Delhi - DPCC",24-09-2026 14:00:00,28.615828,77.271992,PM2.5,55,265,149
India,Delhi,Delhi,"Talkatora Garden, Delhi - DPCC",24-09-2026 14:00:00,28.62181,77.1944633,PM2.5,68,220,144
India,Delhi,Delhi,"NSIT Dwarka, Delhi - CPCB",24-09-2026 14:00:00,28.60909,77.0325413,SO2,11,16,13
India,Delhi,Delhi,"NSIT Dwarka, Delhi - CPCB",24-09-2026 14:00:00,28.60909,77.0325413,CO,26,48,33
India,Delhi,Delhi,"Aya Nagar, Delhi - IITM",24-09-2026 14:00:00,28.4706914,77.1099364,PM10,60,156,111
India,Delhi,Delhi,"Aya Nagar, Delhi - IITM",24-09-2026 14:00:00,28.4706914,77.1099364,CO,56,69,62
India,Gujarat,Ahmedabad,"SAC ISRO Bopal, Ahmedabad - IITM",24-09-2026 14:00:00,23.041137,72.456691,SO2,2,3,3
India,Gujarat,Ahmedabad,"SAC ISRO Bopal, Ahmedabad - IITM",24-09-2026 14:00:00,23.041137,72.456691,CO,11,22,16
India,Gujarat,Bhavnagar,"Vidhyanagar, Bhavnagar - Nexteng Enviro",24-09-2026 14:00:00,21.755417,72.139056,OZONE,0,19,8
India,Gujarat,Gandhinagar,"Sector-10, Gandhinagar - GPCB",24-09-2026 14:00:00,23.221714,72.654328,PM10,40,457,118
India,Gujarat,Gandhinagar,"Sector-10, Gandhinagar - GPCB",24-09-2026 14:00:00,23.221714,72.654328,SO2,5,6,6
India,Gujarat,Gandhinagar,"GIFT City, Gandhinagar - IITM",24-09-2026 14:00:00,23.163798,72.677768,OZONE,4,7,5
India,Gujarat,Mehsana,"Sadanand Nagar, Mehsana - Nexteng Enviro",24-09-2026 14:00:00,23.59315,72.372792,NH3,0,1,0
India,Gujarat,Nandesari,"GIDC, Nandesari - Nandesari Ind. Association",24-09-2026 14:00:00,22.410802,73.097923,SO2,3,10,4
India,Gujarat,Rajkot,"Mavdi, Rajkot - Nexteng Enviro ",24-09-2026 14:00:00,22.248853,70.776774,CO,30,32,31
India,Gujarat,Rajkot,"Mavdi, Rajkot - Nexteng Enviro ",24-09-2026 14:00:00,22.248853,70.776774,OZONE,12,13,13
India,Gujarat,Surat,"Science Center, Surat - SMC",24-09-2026 14:00:00,21.170046,72.795405,PM2.5,30,187,81
India,Gujarat,Surat,"Science Center, Surat - SMC",24-09-2026 14:00:00,21.170046,72.795405,NO2,2,12,6
India,Gujarat,Surat,"Science Center, Surat - SMC",24-09-2026 14:00:00,21.170046,72.795405,CO,60,65,62
India,Delhi,Delhi,"Aya Nagar, Delhi - IITM",24-09-2026 14:00:00,28.4706914,77.1099364,OZONE,8,66,33
India,Delhi,Delhi,"Burari Crossing, Delhi - IITM",24-09-2026 14:00:00,28.7256504,77.2011573,NO2,7,91,39
India,Delhi,Delhi,"Burari Crossing, Delhi - IITM",24-09-2026 14:00:00,28.7256504,77.2011573,OZONE,24,178,78
India,Delhi,Delhi,"IMD Lodhi Road, Delhi - IITM",24-09-2026 14:00:00,28.5918245,77.2273074,NH3,NA,NA,NA
India,Delhi,Delhi,"JNU, Delhi - DPCC",24-09-2026 14:00:00,28.540721,77.168544,NO2,5,95,36
India,Delhi,Delhi,"ITO, Delhi - CPCB",24-09-2026 14:00:00,28.628624,77.24106,NH3,3,6,5
India,Delhi,Delhi,"R K Puram, Delhi - DPCC",24-09-2026 14:00:00,28.563262,77.186937,OZONE,1,41,18
India,Delhi,Delhi,"North Campus, DU, Delhi - IITM",24-09-2026 14:00:00,28.6573814,77.1585447,CO,49,87,60
India,Gujarat,Ahmedabad,"Rakhial, Ahmedabad - IITM",24-09-2026 14:00:00,23.016834,72.625775,CO,35,40,38
India,Gujarat,Ahmedabad,"Rakhial, Ahmedabad - IITM",24-09-2026 14:00:00,23.016834,72.625775,OZONE,9,19,14
India,Gujarat,Ahmedabad,"SAC ISRO Satellite, Ahmedabad - IITM",24-09-2026 14:00:00,23.023389,72.515201,NH3,0,2,1
India,Haryana,Fatehabad,"Huda Sector, Fatehabad - HSPCB",24-09-2026 14:00:00,29.503664,75.467934,OZONE,33,37,34
India,Haryana,Gurugram,"NISE Gwal Pahari, Gurugram - IITM",24-09-2026 14:00:00,28.422681,77.148944,PM2.5,35,315,165
India,Haryana,Gurugram,"NISE Gwal Pahari, Gurugram - IITM",24-09-2026 14:00:00,28.422681,77.148944,PM10,NA,NA,NA
India,Haryana,Gurugram,"Sector-51, Gurugram - HSPCB",24-09-2026 14:00:00,28.4227,77.0667,NH3,NA,NA,NA
India,Haryana,Gurugram,"Vikas Sadan, Gurugram - HSPCB",24-09-2026 14:00:00,28.4501238,77.0263051,NH3,NA,NA,NA
India,Haryana,Gurugram,"Vikas Sadan, Gurugram - HSPCB",24-09-2026 14:00:00,28.4501238,77.0263051,SO2,6,16,11
India,Haryana,Gurugram,"Vikas Sadan, Gurugram - HSPCB",24-09-2026 14:00:00,28.4501238,77.0263051,CO,3,105,55
India,Haryana,Gurugram,"Vikas Sadan, Gurugram - HSPCB",24-09-2026 14:00:00,28.4501238,77.0263051,OZONE,15,34,24
India,Haryana,Gurugram,"Teri Gram, Gurugram - HSPCB",24-09-2026 14:00:00,28.4275,77.1465,NH3,9,16,11
India,Haryana,Gurugram,"Teri Gram, Gurugram - HSPCB",24-09-2026 14:00:00,28.4275,77.1465,CO,11,26,20
India,Haryana,Gurugram,"Teri Gram, Gurugram - HSPCB",24-09-2026 14:00:00,28.4275,77.1465,OZONE,15,69,33
India,Haryana,Hisar,"Urban Estate-II, Hisar - HSPCB",24-09-2026 14:00:00,29.14056,75.744941,NH3,9,11,10
India,Haryana,Hisar,"Urban Estate-II, Hisar - HSPCB",24-09-2026 14:00:00,29.14056,75.744941,OZONE,54,57,56
India,Delhi,Delhi,"Nehru Nagar, Delhi - DPCC",24-09-2026 14:00:00,28.56789,77.250515,PM2.5,3,350,173
India,Delhi,Delhi,"Nehru Nagar, Delhi - DPCC",24-09-2026 14:00:00,28.56789,77.250515,PM10,100,281,176
India,Delhi,Delhi,"Nehru Nagar, Delhi - DPCC",24-09-2026 14:00:00,28.56789,77.250515,NO2,17,86,45
India,Delhi,Delhi,"Nehru Nagar, Delhi - DPCC",24-09-2026 14:00:00,28.56789,77.250515,CO,45,55,50
India,Delhi,Delhi,"Patparganj, Delhi - DPCC",24-09-2026 14:00:00,28.623763,77.287209,PM2.5,NA,NA,NA
India,Delhi,Delhi,"Mundka, Delhi - DPCC",24-09-2026 14:00:00,28.684678,77.076574,NH3,5,7,6
India,Delhi,Delhi,"Mundka, Delhi - DPCC",24-09-2026 14:00:00,28.684678,77.076574,CO,43,58,50
India,Delhi,Delhi,"NSUT Jaffarpur, Delhi - DPCC",24-09-2026 14:00:00,28.594004,76.909423,NO2,2,12,5
India,Delhi,Delhi,"NSUT Jaffarpur, Delhi - DPCC",24-09-2026 14:00:00,28.594004,76.909423,CO,49,58,54
India,Delhi,Delhi,"Ashok Vihar, Delhi - DPCC",24-09-2026 14:00:00,28.695381,77.181665,PM2.5,30,323,150
India,Delhi,Delhi,"Ashok Vihar, Delhi - DPCC",24-09-2026 14:00:00,28.695381,77.181665,OZONE,8,14,12
India,Delhi,Delhi,"Punjabi Bagh, Delhi - DPCC",24-09-2026 14:00:00,28.674045,77.131023,PM2.5,55,302,169
India,Delhi,Delhi,"DTU, Delhi - CPCB",24-09-2026 14:00:00,28.7500499,77.1112615,PM10,84,221,140
India,Delhi,Delhi,"DTU, Delhi - CPCB",24-09-2026 14:00:00,28.7500499,77.1112615,CO,20,30,25
India,Delhi,Delhi,"Dwarka-Sector 8, Delhi - DPCC ",24-09-2026 14:00:00,28.5710274,77.0719006,PM2.5,32,217,116
India,Delhi,Delhi,"Dwarka-Sector 8, Delhi - DPCC ",24-09-2026 14:00:00,28.5710274,77.0719006,NO2,22,97,44
India,Delhi,Delhi,"Dwarka-Sector 8, Delhi - DPCC ",24-09-2026 14:00:00,28.5710274,77.0719006,SO2,4,12,9
India,Delhi,Delhi,"Dr. Karni Singh Shooting Range, Delhi - DPCC",24-09-2026 14:00:00,28.498571,77.26484,OZONE,7,100,28
India,Delhi,Delhi,"Shadipur, Delhi - CPCB",24-09-2026 14:00:00,28.6514781,77.1473105,CO,16,57,41
India,Delhi,Delhi,"Pusa, Delhi - DPCC",24-09-2026 14:00:00,28.639652,77.146275,PM10,69,193,136
India,Haryana,Jind,"Police Lines, Jind - HSPCB",24-09-2026 14:00:00,29.307814,76.337619,NO2,11,14,13
India,Haryana,Kaithal,"Rishi Nagar, Kaithal - HSPCB",24-09-2026 14:00:00,29.8006,76.4155,SO2,30,32,31
India,Haryana,Karnal,"Sector-12, Karnal - HSPCB",24-09-2026 14:00:00,29.6953,77.0027,PM2.5,20,56,27
India,Haryana,Karnal,"Sector-12, Karnal - HSPCB",24-09-2026 14:00:00,29.6953,77.0027,SO2,12,13,12
India,Haryana,Mandikhera,"General Hospital, Mandikhera(Nuh) - HSPCB",24-09-2026 14:00:00,27.9002,76.9938,NH3,14,14,14
India,Haryana,Mandikhera,"General Hospital, Mandikhera(Nuh) - HSPCB",24-09-2026 14:00:00,27.9002,76.9938,SO2,21,23,22
India,Haryana,Manesar,"Sector-2 IMT, Manesar - HSPCB",24-09-2026 14:00:00,28.360699,76.93609,SO2,6,38,14
India,Haryana,Manesar,"Sector-2 IMT, Manesar - HSPCB",24-09-2026 14:00:00,28.360699,76.93609,CO,10,24,19
India,Gujarat,Ahmedabad,"Chandkheda, Ahmedabad - IITM",24-09-2026 14:00:00,23.107969,72.574648,PM2.5,37,163,90
India,Gujarat,Ahmedabad,"Chandkheda, Ahmedabad - IITM",24-09-2026 14:00:00,23.107969,72.574648,NO2,6,27,13
India,Gujarat,Ahmedabad,"Chandkheda, Ahmedabad - IITM",24-09-2026 14:00:00,23.107969,72.574648,NH3,4,7,6
India,Gujarat,Ahmedabad,"Raikhad, Ahmedabad - IITM",24-09-2026 14:00:00,23.020509,72.579261,NH3,1,2,2
India,Gujarat,Ahmedabad,"Raikhad, Ahmedabad - IITM",24-09-2026 14:00:00,23.020509,72.579261,CO,33,50,44
India,Haryana,Panchkula,"Sector-6, Panchkula - HSPCB ",24-09-2026 14:00:00,30.7057778,76.8531805555555,NO2,26,33,30
India,Haryana,Panchkula,"Sector-6, Panchkula - HSPCB ",24-09-2026 14:00:00,30.7057778,76.8531805555555,SO2,9,13,11
India,Haryana,Rohtak,"MD University, Rohtak - HSPCB",24-09-2026 14:00:00,28.52123,76.37138,CO,31,42,36
India,Haryana,Sirsa,"F-Block, Sirsa - HSPCB",24-09-2026 14:00:00,29.5364,75.0158,NO2,14,27,21
India,Haryana,Sonipat,"Murthal, Sonipat - HSPCB",24-09-2026 14:00:00,29.0272,77.0621,PM10,64,119,89
India,Haryana,Sonipat,"Murthal, Sonipat - HSPCB",24-09-2026 14:00:00,29.0272,77.0621,SO2,66,68,67
India,Haryana,Sonipat,"Murthal, Sonipat - HSPCB",24-09-2026 14:00:00,29.0272,77.0621,OZONE,49,51,50
India,Haryana,Yamuna Nagar,"Gobind Pura, Yamuna Nagar - HSPCB",24-09-2026 14:00:00,30.1480566,77.2893471,NO2,11,21,16
India,Haryana,Yamuna Nagar,"Gobind Pura, Yamuna Nagar - HSPCB",24-09-2026 14:00:00,30.1480566,77.2893471,NH3,1,6,4
India,Himachal Pradesh,Baddi,"HIMUDA Complex Phase-1, Baddi - HPPCB",24-09-2026 14:00:00,30.943887,76.801991,PM10,38,135,91
India,Himachal Pradesh,Baddi,"HIMUDA Complex Phase-1, Baddi - HPPCB",24-09-2026 14:00:00,30.943887,76.801991,CO,28,98,74
India,Jammu and Kashmir,Srinagar,"Rajbagh, Srinagar - JKPCC",24-09-2026 14:00:00,34.066206,74.81982,NO2,19,20,19
India,Jammu and Kashmir,Srinagar,"Rajbagh, Srinagar - JKPCC",24-09-2026 14:00:00,34.066206,74.81982,CO,13,20,17
India,Jammu and Kashmir,Srinagar,"Khunmoh, Srinagar - JKPCC",24-09-2026 14:00:00,34.06313,74.96017,PM10,36,170,56
India,Jammu and Kashmir,Srinagar,"Khunmoh, Srinagar - JKPCC",24-09-2026 14:00:00,34.06313,74.96017,NO2,4,49,13
India,Jammu and Kashmir,Srinagar,"Khunmoh, Srinagar - JKPCC",24-09-2026 14:00:00,34.06313,74.96017,OZONE,NA,NA,NA
India,Jharkhand,Dhanbad,"Sardar Patel Nagar, Dhanbad - JSPCB",24-09-2026 14:00:00,23.80569,86.44268,PM2.5,NA,NA,NA
India,Jharkhand,Dhanbad,"Sardar Patel Nagar, Dhanbad - JSPCB",24-09-2026 14:00:00,23.80569,86.44268,CO,2,34,18
India,Karnataka,Belgaum,"Ramteerth Nagar, Belgaum - KSPCB",24-09-2026 14:00:00,15.888653,74.541751,OZONE,18,19,19
India,Karnataka,Bengaluru,"Hebbal, Bengaluru - KSPCB",24-09-2026 14:00:00,13.029152,77.585901,PM10,27,54,40
India,Karnataka,Bengaluru,"Hebbal, Bengaluru - KSPCB",24-09-2026 14:00:00,13.029152,77.585901,NO2,6,21,15
India,Karnataka,Bengaluru,"Hebbal, Bengaluru - KSPCB",24-09-2026 14:00:00,13.029152,77.585901,SO2,2,5,4
India,Maharashtra,Kalyan,"Pimpleshwar Mandir, Kalyan - MPCB",24-09-2026 14:00:00,19.192056,72.9585188,SO2,8,26,13
India,Maharashtra,Kalyan,"Pimpleshwar Mandir, Kalyan - MPCB",24-09-2026 14:00:00,19.192056,72.9585188,CO,NA,NA,NA
India,Maharashtra,Kalyan,"Pimpleshwar Mandir, Kalyan - MPCB",24-09-2026 14:00:00,19.192056,72.9585188,OZONE,NA,NA,NA
India,Maharashtra,Kalyan,"Khadakpada, Kalyan - MPCB",24-09-2026 14:00:00,19.25292,73.142019,PM2.5,38,215,89
India,Maharashtra,Kalyan,"Khadakpada, Kalyan - MPCB",24-09-2026 14:00:00,19.25292,73.142019,PM10,38,138,82
India,Maharashtra,Kolhapur,"Shivaji University, Kolhapur - MPCB",24-09-2026 14:00:00,16.6870449,74.2505872,PM2.5,18,43,24
India,Maharashtra,Kolhapur,"Shivaji University, Kolhapur - MPCB",24-09-2026 14:00:00,16.6870449,74.2505872,PM10,27,58,41
India,Maharashtra,Latur,"Sawe Wadi, Latur - MPCB",24-09-2026 14:00:00,18.39963,76.57452,NO2,NA,NA,NA
India,Maharashtra,Mahad,"Kamble Tarf Birwadi, Mahad - MPCB",24-09-2026 14:00:00,18.1023399,73.4783687,PM2.5,36,83,59
India,Maharashtra,Malegaon,"Mahesh Nagar, Malegaon - MPCB",24-09-2026 14:00:00,20.555712,74.529236,SO2,1,1,1
India,Maharashtra,Mira-Bhayandar,"Bhayandar West, Mira-Bhayandar - MPCB",24-09-2026 14:00:00,19.296481,72.840923,OZONE,14,24,20
India,Maharashtra,Mumbai,"Chhatrapati Shivaji Intl. Airport (T2), Mumbai - MPCB",24-09-2026 14:00:00,19.10078,72.87462,NO2,13,13,13
India,Maharashtra,Mumbai,"Chhatrapati Shivaji Intl. Airport (T2), Mumbai - MPCB",24-09-2026 14:00:00,19.10078,72.87462,OZONE,NA,NA,NA
India,Maharashtra,Mumbai,"Navy Nagar-Colaba, Mumbai - IITM",24-09-2026 14:00:00,18.897756,72.81332,PM10,46,74,59
India,Maharashtra,Mumbai,"Mulund West, Mumbai - MPCB",24-09-2026 14:00:00,19.175,72.9419,PM2.5,30,49,41
India,Maharashtra,Mumbai,"Mulund West, Mumbai - MPCB",24-09-2026 14:00:00,19.175,72.9419,NH3,5,5,5
India,Maharashtra,Mumbai,"Shivaji Nagar, Mumbai - BMC",24-09-2026 14:00:00,19.060498,72.923356,PM2.5,41,60,55
India,Madhya Pradesh,Indore,"Residency Area, Indore - IMC",24-09-2026 14:00:00,22.7084,75.8815,PM10,29,81,54
India,Madhya Pradesh,Indore,"Maguda Nagar, Indore - IMC",24-09-2026 14:00:00,22.7524,75.8872,NH3,NA,NA,NA
India,Madhya Pradesh,Jabalpur,"Marhatal, Jabalpur - MPPCB",24-09-2026 14:00:00,23.168606,79.932247,SO2,7,9,8
India,Madhya Pradesh,Jabalpur,"Marhatal, Jabalpur - MPPCB",24-09-2026 14:00:00,23.168606,79.932247,CO,60,119,92
India,Madhya Pradesh,Jabalpur,"Govindh Bhavan Colony, Jabalpur - JMC",24-09-2026 14:00:00,23.163174,79.973061,SO2,2,5,3
India,Madhya Pradesh,Jabalpur,"Suhagi, Jabalpur - JMC",24-09-2026 14:00:00,23.218135,79.95777,CO,40,53,48
India,Madhya Pradesh,Jabalpur,"Suhagi, Jabalpur - JMC",24-09-2026 14:00:00,23.218135,79.95777,OZONE,10,34,20
India,Madhya Pradesh,Jabalpur,"Gupteshwar, Jabalpur - JMC",24-09-2026 14:00:00,23.142888,79.916147,PM2.5,20,35,27
India,Madhya Pradesh,Jabalpur,"Gupteshwar, Jabalpur - JMC",24-09-2026 14:00:00,23.142888,79.916147,CO,21,28,25
India,Madhya Pradesh,Katni,"Gole Bazar, Katni - MPPCB",24-09-2026 14:00:00,23.50016,80.23284,SO2,9,34,19
India,Madhya Pradesh,Katni,"Gole Bazar, Katni - MPPCB",24-09-2026 14:00:00,23.50016,80.23284,CO,19,33,25
India,Madhya Pradesh,Mandideep,"Sector-D Industrial Area, Mandideep - MPPCB",24-09-2026 14:00:00,23.10844,77.511428,OZONE,22,28,26
India,Madhya Pradesh,Pithampur,"Sector-2 Industrial Area, Pithampur - MPPCB",24-09-2026 14:00:00,22.624758,75.675238,PM2.5,66,349,180
India,Madhya Pradesh,Pithampur,"Sector-2 Industrial Area, Pithampur - MPPCB",24-09-2026 14:00:00,22.624758,75.675238,SO2,66,100,78
India,Madhya Pradesh,Pithampur,"Sector-2 Industrial Area, Pithampur - MPPCB",24-09-2026 14:00:00,22.624758,75.675238,OZONE,55,85,68
India,Madhya Pradesh,Sagar,"Civil Lines, Sagar - MPPCB",24-09-2026 14:00:00,23.838586,78.759431,NO2,6,14,8
India,Karnataka,Chikkaballapur,"Chikkaballapur Rural, Chikkaballapur - KSPCB",24-09-2026 14:00:00,13.428828,77.731418,SO2,12,19,16
India,Karnataka,Chikkaballapur,"Chikkaballapur Rural, Chikkaballapur - KSPCB",24-09-2026 14:00:00,13.428828,77.731418,CO,4,14,10
India,Karnataka,Chikkamagaluru,"Kalyana Nagara, Chikkamagaluru - KSPCB",24-09-2026 14:00:00,13.328028,75.797056,PM10,25,38,37
India,Karnataka,Chikkamagaluru,"Kalyana Nagara, Chikkamagaluru - KSPCB",24-09-2026 14:00:00,13.328028,75.797056,OZONE,20,24,23
India,Karnataka,Hubballi,"Lingaraj Nagar, Hubballi - KSPCB",24-09-2026 14:00:00,15.3714823,75.1160168,NH3,NA,NA,NA
India,Karnataka,Kalaburagi,"Lal Bahadur Shastri Nagar, Kalaburagi - KSPCB",24-09-2026 14:00:00,17.321993,76.822628,PM2.5,NA,NA,NA
India,Karnataka,Kalaburagi,"Lal Bahadur Shastri Nagar, Kalaburagi - KSPCB",24-09-2026 14:00:00,17.321993,76.822628,PM10,NA,NA,NA
India,Karnataka,Kalaburagi,"Lal Bahadur Shastri Nagar, Kalaburagi - KSPCB",24-09-2026 14:00:00,17.321993,76.822628,SO2,NA,NA,NA
India,Karnataka,Kalaburagi,"Lal Bahadur Shastri Nagar, Kalaburagi - KSPCB",24-09-2026 14:00:00,17.321993,76.822628,OZONE,55,55,55
India,Karnataka,Madikeri,"Stuart Hill, Madikeri - KSPCB",24-09-2026 14:00:00,12.415911,75.73505,PM2.5,2,15,9
India,Karnataka,Madikeri,"Stuart Hill, Madikeri - KSPCB",24-09-2026 14:00:00,12.415911,75.73505,OZONE,2,4,3
India,Karnataka,Mangalore,"Kadri, Mangalore - KSPCB",24-09-2026 14:00:00,12.88925,74.853,CO,NA,NA,NA
India,Karnataka,Ramanagara,"Vijay Nagar, Ramanagara - KSPCB",24-09-2026 14:00:00,12.733409,77.298051,NH3,NA,NA,NA
India,Karnataka,Udupi,"Brahmagiri, Udupi - KSPCB",24-09-2026 14:00:00,13.34194444,74.74694444,PM2.5,20,28,23
India,Karnataka,Udupi,"Brahmagiri, Udupi - KSPCB",24-09-2026 14:00:00,13.34194444,74.74694444,PM10,23,33,27
India,Karnataka,Udupi,"Brahmagiri, Udupi - KSPCB",24-09-2026 14:00:00,13.34194444,74.74694444,NO2,8,12,11
India,Karnataka,Udupi,"Brahmagiri, Udupi - KSPCB",24-09-2026 14:00:00,13.34194444,74.74694444,OZONE,14,15,15
India,Madhya Pradesh,Satna,"Bandhavgar Colony, Satna - Birla Cement",24-09-2026 14:00:00,24.58434363,80.8549414,PM2.5,49,51,50
India,Madhya Pradesh,Satna,"Bandhavgar Colony, Satna - Birla Cement",24-09-2026 14:00:00,24.58434363,80.8549414,CO,13,14,14
India,Madhya Pradesh,Ujjain,"Mahashweta Nagar, Ujjain - MPPCB",24-09-2026 14:00:00,23.1633321,75.800225,NO2,9,60,23
India,Maharashtra,Ahmednagar,"Tarakpur, Ahmednagar - MPCB",24-09-2026 14:00:00,19.10122,74.73339,CO,4,7,5
India,Maharashtra,Akola,"Ramdaspeth, Akola - MPCB",24-09-2026 14:00:00,20.719516,77.000253,CO,10,13,12
India,Maharashtra,Ambernath,"Chinchpada, Ambernath - MPCB",24-09-2026 14:00:00,19.215784,73.199781,PM10,70,166,112
India,Maharashtra,Ambernath,"Chinchpada, Ambernath - MPCB",24-09-2026 14:00:00,19.215784,73.199781,NH3,2,3,2
India,Maharashtra,Ambernath,"Chinchpada, Ambernath - MPCB",24-09-2026 14:00:00,19.215784,73.199781,CO,8,21,13
India,Maharashtra,Ambernath,"Chinchpada, Ambernath - MPCB",24-09-2026 14:00:00,19.215784,73.199781,OZONE,2,22,13
India,Maharashtra,Amravati,"Shri Shivaji Science College, Amravati - MPCB",24-09-2026 14:00:00,20.939198,77.765701,NO2,3,12,5
India,Maharashtra,Amravati,"Shivneri Colony, Amravati - MPCB",24-09-2026 14:00:00,20.9402359,77.7895248,PM2.5,15,43,28
India,Maharashtra,Amravati,"Shivneri Colony, Amravati - MPCB",24-09-2026 14:00:00,20.9402359,77.7895248,SO2,2,4,3
India,Maharashtra,Amravati,"Shivneri Colony, Amravati - MPCB",24-09-2026 14:00:00,20.9402359,77.7895248,OZONE,14,23,18
India,Maharashtra,Aurangabad,"MIDC Chilkalthana, Aurangabad - MPCB",24-09-2026 14:00:00,19.87562,75.38731,PM2.5,55,299,113
India,Maharashtra,Aurangabad,"MIDC Chilkalthana, Aurangabad - MPCB",24-09-2026 14:00:00,19.87562,75.38731,SO2,3,5,4
India,Maharashtra,Aurangabad,"More Chowk Waluj, Aurangabad - MPCB",24-09-2026 14:00:00,19.8389439,75.244448,NO2,8,12,10
India,Maharashtra,Aurangabad,"More Chowk Waluj, Aurangabad - MPCB",24-09-2026 14:00:00,19.8389439,75.244448,NH3,7,8,7
India,Maharashtra,Aurangabad,"More Chowk Waluj, Aurangabad - MPCB",24-09-2026 14:00:00,19.8389439,75.244448,CO,28,71,42
India,Maharashtra,Badlapur,"Katrap, Badlapur - MPCB",24-09-2026 14:00:00,19.16485,73.23409,NO2,4,10,8
India,Maharashtra,Badlapur,"Katrap, Badlapur - MPCB",24-09-2026 14:00:00,19.16485,73.23409,CO,40,52,48
India,Maharashtra,Beed,"Bir, Beed - MPCB",24-09-2026 14:00:00,18.988474,75.753873,PM2.5,39,92,64
India,Maharashtra,Bhiwandi,"Gokul Nagar, Bhiwandi - MPCB",24-09-2026 14:00:00,19.309073,73.057223,PM10,59,143,97
India,Maharashtra,Boisar,"Khaira, Boisar - MPCB",24-09-2026 14:00:00,19.786089,72.757971,PM2.5,45,75,60
India,Maharashtra,Boisar,"Khaira, Boisar - MPCB",24-09-2026 14:00:00,19.786089,72.757971,NO2,10,21,15
India,Maharashtra,Boisar,"Khaira, Boisar - MPCB",24-09-2026 14:00:00,19.786089,72.757971,NH3,5,5,5
India,Maharashtra,Chandrapur,"MIDC Khutala, Chandrapur - MPCB",24-09-2026 14:00:00,19.9775302,79.2337086,PM10,22,106,67
India,Maharashtra,Chandrapur,"MIDC Khutala, Chandrapur - MPCB",24-09-2026 14:00:00,19.9775302,79.2337086,NO2,NA,NA,NA
India,Maharashtra,Chandrapur,"MIDC Khutala, Chandrapur - MPCB",24-09-2026 14:00:00,19.9775302,79.2337086,CO,36,41,40
India,Maharashtra,Dombivli,"Kalu Nagar, Dombivli - MPCB",24-09-2026 14:00:00,19.2268427,73.0788456,SO2,12,57,25
India,Maharashtra,Dombivli,"Kalu Nagar, Dombivli - MPCB",24-09-2026 14:00:00,19.2268427,73.0788456,OZONE,21,54,38
India,Maharashtra,Hingoli,"Ashta Vinayak Nagar, Hingoli - MPCB",24-09-2026 14:00:00,19.710842,77.151824,NO2,3,23,9
India,Karnataka,Yadgir,"Collector Office, Yadgir - KSPCB",24-09-2026 14:00:00,16.7602,77.1428,CO,6,54,32
India,Kerala,Eloor,"Udyogamandal, Eloor - Kerala PCB",24-09-2026 14:00:00,10.073232,76.302765,PM10,55,74,66
India,Kerala,Eloor,"Udyogamandal, Eloor - Kerala PCB",24-09-2026 14:00:00,10.073232,76.302765,OZONE,27,30,29
India,Kerala,Kannur,"Thavakkara, Kannur - Kerala PCB",24-09-2026 14:00:00,11.875,75.3732,PM2.5,38,61,46
India,Kerala,Thiruvananthapuram,"Plammoodu, Thiruvananthapuram - Kerala PCB",24-09-2026 14:00:00,8.5149093,76.9435879,PM2.5,9,25,17
India,Kerala,Thiruvananthapuram,"Kariavattom, Thiruvananthapuram - Kerala PCB",24-09-2026 14:00:00,8.5637,76.8865,OZONE,30,31,31
India,Kerala,Thrissur,"Corporation Ground, Thrissur - Kerala PCB",24-09-2026 14:00:00,10.5324,76.2159,NO2,8,9,8
India,Kerala,Thrissur,"Corporation Ground, Thrissur - Kerala PCB",24-09-2026 14:00:00,10.5324,76.2159,NH3,0,0,0
India,Kerala,Thrissur,"Corporation Ground, Thrissur - Kerala PCB",24-09-2026 14:00:00,10.5324,76.2159,CO,10,14,12
India,Kerala,Thrissur,"Corporation Ground, Thrissur - Kerala PCB",24-09-2026 14:00:00,10.5324,76.2159,OZONE,30,31,30
India,Ladakh,Leh,"Skara Yokma, Leh - LPCC",24-09-2026 14:00:00,34.147096,77.55709,CO,166,198,193
India,Ladakh,Leh,"Skara Yokma, Leh - LPCC",24-09-2026 14:00:00,34.147096,77.55709,OZONE,44,265,113
India,Madhya Pradesh,Bhopal,"Idgah Hills, Bhopal - MPPCB",24-09-2026 14:00:00,23.264759,77.381568,CO,10,26,20
India,Madhya Pradesh,Bhopal,"T T Nagar, Bhopal - MPPCB",24-09-2026 14:00:00,23.233584,77.400574,SO2,19,24,21
India,Madhya Pradesh,Bhopal,"Paryavaran Parisar, Bhopal - MPPCB",24-09-2026 14:00:00,23.210494,77.425409,NH3,2,3,2
India,Madhya Pradesh,Bhopal,"Paryavaran Parisar, Bhopal - MPPCB",24-09-2026 14:00:00,23.210494,77.425409,CO,14,16,15
India,Madhya Pradesh,Dewas,"Bhopal Chauraha, Dewas - MPPCB",24-09-2026 14:00:00,22.9682591,76.064118,NH3,1,3,2
India,Madhya Pradesh,Gwalior,"Maharaj Bada, Gwalior - MPPCB",24-09-2026 14:00:00,26.200388,78.147714,SO2,1,25,10
India,Madhya Pradesh,Gwalior,"Deen Dayal Nagar, Gwalior - MPPCB",24-09-2026 14:00:00,26.259242,78.216432,NO2,58,83,69
India,Madhya Pradesh,Gwalior,"Deen Dayal Nagar, Gwalior - MPPCB",24-09-2026 14:00:00,26.259242,78.216432,CO,44,53,48
India,Madhya Pradesh,Indore,"Regional Park, Indore - IMC",24-09-2026 14:00:00,22.678,75.8559,NO2,NA,NA,NA
India,Madhya Pradesh,Indore,"Regional Park, Indore - IMC",24-09-2026 14:00:00,22.678,75.8559,CO,1,3,2
India,Madhya Pradesh,Indore,"Regional Park, Indore - IMC",24-09-2026 14:00:00,22.678,75.8559,OZONE,4,7,5
India,Madhya Pradesh,Indore,"Chhoti Gwaltoli, Indore - MPPCB",24-09-2026 14:00:00,22.431,75.5213,PM10,53,141,95
India,Madhya Pradesh,Indore,"Chhoti Gwaltoli, Indore - MPPCB",24-09-2026 14:00:00,22.431,75.5213,OZONE,43,73,56
India,Karnataka,Bengaluru,"Jigani, Bengaluru - KSPCB",24-09-2026 14:00:00,12.7816279,77.6299145,PM10,NA,NA,NA
India,Karnataka,Bengaluru,"Jigani, Bengaluru - KSPCB",24-09-2026 14:00:00,12.7816279,77.6299145,OZONE,21,21,21
India,Karnataka,Bengaluru,"Bapuji Nagar, Bengaluru - KSPCB",24-09-2026 14:00:00,12.951913,77.539784,PM2.5,21,40,29
India,Karnataka,Bengaluru,"BTM Layout, Bengaluru - CPCB",24-09-2026 14:00:00,12.9135218,77.5950804,SO2,14,15,15
India,Karnataka,Bengaluru,"Silk Board, Bengaluru - KSPCB",24-09-2026 14:00:00,12.917348,77.622813,PM10,NA,NA,NA
India,Karnataka,Bengaluru,"Silk Board, Bengaluru - KSPCB",24-09-2026 14:00:00,12.917348,77.622813,NO2,NA,NA,NA
India,Karnataka,Chamarajanagar,"Urban, Chamarajanagar - KSPCB",24-09-2026 14:00:00,11.55358,76.55521,PM2.5,NA,NA,NA
India,Karnataka,Chamarajanagar,"Urban, Chamarajanagar - KSPCB",24-09-2026 14:00:00,11.55358,76.55521,OZONE,26,29,28
India,Maharashtra,Mumbai,"Mazgaon, Mumbai - IITM",24-09-2026 14:00:00,18.96702,72.84214,PM10,46,67,58
India,Maharashtra,Mumbai,"Mazgaon, Mumbai - IITM",24-09-2026 14:00:00,18.96702,72.84214,NH3,6,8,7
India,Maharashtra,Mumbai,"Mazgaon, Mumbai - IITM",24-09-2026 14:00:00,18.96702,72.84214,SO2,4,11,7
India,Maharashtra,Mumbai,"Ghatkopar, Mumbai - BMC",24-09-2026 14:00:00,19.083694,72.920967,PM2.5,51,94,65
India,Maharashtra,Mumbai,"Ghatkopar, Mumbai - BMC",24-09-2026 14:00:00,19.083694,72.920967,OZONE,3,4,3
India,Maharashtra,Mumbai,"Mindspace-Malad West, Mumbai - MPCB",24-09-2026 14:00:00,19.1878657,72.8304069,PM2.5,14,37,24
India,Maharashtra,Mumbai,"Mindspace-Malad West, Mumbai - MPCB",24-09-2026 14:00:00,19.1878657,72.8304069,PM10,22,67,43
India,Maharashtra,Mumbai,"Mindspace-Malad West, Mumbai - MPCB",24-09-2026 14:00:00,19.1878657,72.8304069,NH3,7,8,8
India,Maharashtra,Mumbai,"Chembur, Mumbai - MPCB",24-09-2026 14:00:00,19.0364585,72.8954371,OZONE,7,18,13
India,Maharashtra,Mumbai,"Deonar, Mumbai - IITM",24-09-2026 14:00:00,19.04946,72.923,NO2,21,55,33
India,Maharashtra,Nagpur,"Ram Nagar, Nagpur - MPCB",24-09-2026 14:00:00,21.143383,79.048912,NH3,1,2,1
India,Maharashtra,Nagpur,"Ram Nagar, Nagpur - MPCB",24-09-2026 14:00:00,21.143383,79.048912,SO2,2,7,4
India,Maharashtra,Nagpur,"Mahal, Nagpur - MPCB",24-09-2026 14:00:00,21.14472,79.107595,PM10,24,52,36
India,Maharashtra,Nagpur,"Opp GPO Civil Lines, Nagpur - MPCB",24-09-2026 14:00:00,21.152875,79.0517531,OZONE,9,19,14
India,Maharashtra,Nagpur,"Ambazari, Nagpur - MPCB",24-09-2026 14:00:00,21.121801,79.04952,PM2.5,16,39,26
India,Maharashtra,Nagpur,"Ambazari, Nagpur - MPCB",24-09-2026 14:00:00,21.121801,79.04952,CO,12,14,12
India,Maharashtra,Nagpur,"Ambazari, Nagpur - MPCB",24-09-2026 14:00:00,21.121801,79.04952,OZONE,14,29,23
India,Maharashtra,Nashik,"Gangapur Road, Nashik - MPCB",24-09-2026 14:00:00,20.0073285,73.7762427,PM2.5,38,65,56
India,Odisha,Bhubaneswar,"Patia, Bhubaneswar - OSPCB",24-09-2026 14:00:00,20.34652,85.8163,NO2,2,15,6
India,Odisha,Bileipada,"Tata Township, Bileipada - OSPCB",24-09-2026 14:00:00,22.06156703,85.47409613,PM2.5,9,9,9
India,Odisha,Bileipada,"Tata Township, Bileipada - OSPCB",24-09-2026 14:00:00,22.06156703,85.47409613,PM10,11,19,14
India,Odisha,Brajrajnagar,"GM Office, Brajrajnagar - OSPCB",24-09-2026 14:00:00,21.8004996,83.8396977,NH3,4,4,4
India,Odisha,Brajrajnagar,"GM Office, Brajrajnagar - OSPCB",24-09-2026 14:00:00,21.8004996,83.8396977,SO2,16,17,16
India,Odisha,Brajrajnagar,"GM Office, Brajrajnagar - OSPCB",24-09-2026 14:00:00,21.8004996,83.8396977,CO,55,59,57
India,Odisha,Brajrajnagar,"GM Office, Brajrajnagar - OSPCB",24-09-2026 14:00:00,21.8004996,83.8396977,OZONE,41,43,42
India,Odisha,Byasanagar,"Ferro Chrome Colony, Byasanagar - OSPCB",24-09-2026 14:00:00,20.94185,86.1151,PM10,19,46,30
India,Odisha,Byasanagar,"Ferro Chrome Colony, Byasanagar - OSPCB",24-09-2026 14:00:00,20.94185,86.1151,NO2,4,9,6
India,Odisha,Byasanagar,"Ferro Chrome Colony, Byasanagar - OSPCB",24-09-2026 14:00:00,20.94185,86.1151,CO,39,42,40
India,Odisha,Cuttack,"CDA Area, Cuttack - OSPCB",24-09-2026 14:00:00,20.48891,85.84768,PM10,12,49,24
India,Odisha,Keonjhar,"Jagamohanpur, Keonjhar - OSPCB",24-09-2026 14:00:00,21.6439,85.599355,PM10,31,33,32
India,Odisha,Keonjhar,"Jagamohanpur, Keonjhar - OSPCB",24-09-2026 14:00:00,21.6439,85.599355,NH3,2,2,2
India,Odisha,Nayagarh,"Dabuna, Nayagarh - OSPCB",24-09-2026 14:00:00,21.847279,85.416905,NH3,5,7,6
India,Odisha,Rairangpur,"Divisional Forest Office, Rairangpur - OSPCB",24-09-2026 14:00:00,22.265816,86.174829,PM2.5,21,21,21
India,Mizoram,Aizawl,"Sikulpuikawn, Aizawl - Mizoram PCB",24-09-2026 14:00:00,23.7176342,92.7192841,NH3,0,0,0
India,Mizoram,Aizawl,"Sikulpuikawn, Aizawl - Mizoram PCB",24-09-2026 14:00:00,23.7176342,92.7192841,SO2,14,15,14
India,Nagaland,Kohima,"PWD Junction, Kohima - NPCB",24-09-2026 14:00:00,25.6635413,94.0989878,PM10,4,44,17
India,Nagaland,Kohima,"PWD Junction, Kohima - NPCB",24-09-2026 14:00:00,25.6635413,94.0989878,NH3,0,1,1
India,Odisha,Angul,"Hakimapada, Angul - OSPCB",24-09-2026 14:00:00,20.832874,85.104082,OZONE,26,48,36
India,Odisha,Balasore,"Kalidaspur, Balasore - OSPCB",24-09-2026 14:00:00,21.51161,86.89088,PM10,18,45,30
India,Odisha,Barbil,"Forest Office, Barbil - OSPCB",24-09-2026 14:00:00,22.1166054,85.3945546,PM2.5,3,22,10
India,Odisha,Barbil,"Forest Office, Barbil - OSPCB",24-09-2026 14:00:00,22.1166054,85.3945546,NH3,1,2,2
India,Odisha,Baripada,"Meher Colony, Baripada - OSPCB",24-09-2026 14:00:00,21.941841,86.728318,PM2.5,14,14,14
India,Odisha,Baripada,"Meher Colony, Baripada - OSPCB",24-09-2026 14:00:00,21.941841,86.728318,CO,9,20,14
India,Odisha,Bhubaneswar,"Lingraj Mandir, Bhubaneswar - OSPCB",24-09-2026 14:00:00,20.24079,85.836784,NO2,3,18,8
India,Maharashtra,Navi Mumbai,"Sector-2E Kalamboli, Navi Mumbai - MPCB",24-09-2026 14:00:00,19.02579,73.10297,OZONE,13,168,47
India,Maharashtra,Navi Mumbai,"Sanpada, Navi Mumbai - MPCB",24-09-2026 14:00:00,19.0575752,73.0151367,NO2,5,15,9
India,Maharashtra,Parbhani,"Masoom Colony, Parbhani - MPCB",24-09-2026 14:00:00,19.265594,76.761463,SO2,0,8,3
India,Maharashtra,Parbhani,"Masoom Colony, Parbhani - MPCB",24-09-2026 14:00:00,19.265594,76.761463,CO,10,14,12
India,Maharashtra,Pimpri-Chinchwad,"Gavalinagar, Pimpri Chinchwad - MPCB",24-09-2026 14:00:00,18.63673,73.82487,PM2.5,23,61,44
India,Maharashtra,Pimpri-Chinchwad,"Gavalinagar, Pimpri Chinchwad - MPCB",24-09-2026 14:00:00,18.63673,73.82487,PM10,39,78,59
India,Maharashtra,Pimpri-Chinchwad,"Bhumkar Nagar, Pune - IITM",24-09-2026 14:00:00,18.60577,73.749976,NO2,13,27,18
India,Maharashtra,Pimpri-Chinchwad,"Bhumkar Nagar, Pune - IITM",24-09-2026 14:00:00,18.60577,73.749976,CO,31,44,37
India,Maharashtra,Pimpri-Chinchwad,"Savta Mali Nagar, Pimpri-Chinchwad - IITM",24-09-2026 14:00:00,18.614767,73.799516,OZONE,14,43,30
India,Maharashtra,Pimpri-Chinchwad,"Transport Nagar-Nigdi, Pune - IITM",24-09-2026 14:00:00,18.664282,73.763966,PM2.5,NA,NA,NA
India,Maharashtra,Pune,"Panchawati_Pashan, Pune - IITM",24-09-2026 14:00:00,18.536457,73.805454,PM10,50,105,80
India,Maharashtra,Pune,"Panchawati_Pashan, Pune - IITM",24-09-2026 14:00:00,18.536457,73.805454,NH3,NA,NA,NA
India,Maharashtra,Pune,"Katraj Dairy, Pune - MPCB",24-09-2026 14:00:00,18.45445,73.854155,PM2.5,NA,NA,NA
India,Maharashtra,Pune,"Revenue Colony-Shivajinagar, Pune - IITM",24-09-2026 14:00:00,18.530085,73.849598,NH3,NA,NA,NA
India,Maharashtra,Pune,"Revenue Colony-Shivajinagar, Pune - IITM",24-09-2026 14:00:00,18.530085,73.849598,CO,74,103,90
India,Maharashtra,Pune,"Mhada Colony, Pune - IITM",24-09-2026 14:00:00,18.57304,73.927715,PM10,90,141,110
India,Maharashtra,Pune,"Dhankawadi, Pune - IITM",24-09-2026 14:00:00,18.459883,73.852193,NH3,NA,NA,NA
India,Maharashtra,Sangli,"Vijay Nagar, Sangli - MPCB",24-09-2026 14:00:00,16.5038,74.3623,NO2,2,19,7
India,Maharashtra,Sangli,"Vijay Nagar, Sangli - MPCB",24-09-2026 14:00:00,16.5038,74.3623,SO2,0,8,5
India,Maharashtra,Satara,"Koyana Nagar, Satara - MPCB",24-09-2026 14:00:00,17.696651,74.003387,SO2,4,7,5
India,Maharashtra,Thane,"Upvan Fort, Thane - MPCB",24-09-2026 14:00:00,19.222279,72.957979,CO,6,24,11
India,Maharashtra,Ulhasnagar,"Sidhi Vinayak Nagar, Ulhasnagar - MPCB",24-09-2026 14:00:00,19.235581,73.159121,PM10,101,124,108
India,Maharashtra,Virar,"Bolinj, Virar - MPCB",24-09-2026 14:00:00,19.445821,72.7988231,PM10,26,41,32
India,Maharashtra,Virar,"Bolinj, Virar - MPCB",24-09-2026 14:00:00,19.445821,72.7988231,SO2,2,4,3
India,Maharashtra,Virar,"Bolinj, Virar - MPCB",24-09-2026 14:00:00,19.445821,72.7988231,OZONE,20,20,20
India,Meghalaya,Byrnihat,"15th Mile-Nongthymmai, Byrnihat -Meghalaya PCB",24-09-2026 14:00:00,26.079047,91.875185,NH3,0,1,0
India,Meghalaya,Byrnihat,"15th Mile-Nongthymmai, Byrnihat -Meghalaya PCB",24-09-2026 14:00:00,26.079047,91.875185,SO2,3,11,5
India,Meghalaya,Byrnihat,"15th Mile-Nongthymmai, Byrnihat -Meghalaya PCB",24-09-2026 14:00:00,26.079047,91.875185,CO,NA,NA,NA
India,Meghalaya,Shillong,"Lumpyngngad, Shillong - Meghalaya PCB",24-09-2026 14:00:00,25.5586,91.8985,PM10,NA,NA,NA
India,Maharashtra,Mumbai,"Shivaji Nagar, Mumbai - BMC",24-09-2026 14:00:00,19.060498,72.923356,NO2,11,19,15
India,Maharashtra,Mumbai,"Sewri, Mumbai - BMC",24-09-2026 14:00:00,19.000084,72.85673,PM2.5,NA,NA,NA
India,Maharashtra,Mumbai,"Kandivali West, Mumbai - BMC",24-09-2026 14:00:00,19.215859,72.831718,PM2.5,24,52,36
India,Maharashtra,Mumbai,"Chakala-Andheri East, Mumbai - IITM",24-09-2026 14:00:00,19.11074,72.86084,NO2,11,21,13
India,Maharashtra,Mumbai,"Chakala-Andheri East, Mumbai - IITM",24-09-2026 14:00:00,19.11074,72.86084,OZONE,7,12,9
India,Maharashtra,Mumbai,"Kurla, Mumbai - MPCB",24-09-2026 14:00:00,19.0863,72.8888,SO2,29,29,29
India,Maharashtra,Mumbai,"Bandra Kurla Complex, Mumbai - IITM",24-09-2026 14:00:00,19.053536,72.84643,SO2,1,4,3
India,Maharashtra,Mumbai,"Byculla, Mumbai - BMC",24-09-2026 14:00:00,18.9767,72.838,NH3,0,1,1
India,Maharashtra,Mumbai,"Byculla, Mumbai - BMC",24-09-2026 14:00:00,18.9767,72.838,CO,13,17,15
India,Maharashtra,Mumbai,"Kherwadi_Bandra East, Mumbai - MPCB",24-09-2026 14:00:00,19.0632143,72.8456324,NH3,5,5,5
India,Maharashtra,Mumbai,"Kherwadi_Bandra East, Mumbai - MPCB",24-09-2026 14:00:00,19.0632143,72.8456324,CO,10,37,23
India,Maharashtra,Mumbai,"Borivali East, Mumbai - IITM",24-09-2026 14:00:00,19.23241,72.86895,PM10,60,81,73
India,Maharashtra,Mumbai,"Borivali East, Mumbai - IITM",24-09-2026 14:00:00,19.23241,72.86895,NH3,2,3,2
India,Maharashtra,Mumbai,"Borivali East, Mumbai - IITM",24-09-2026 14:00:00,19.23241,72.86895,SO2,NA,NA,NA
India,Maharashtra,Mumbai,"Siddharth Nagar-Worli, Mumbai - IITM",24-09-2026 14:00:00,19.000083,72.813993,PM10,40,69,51
India,Maharashtra,Mumbai,"Siddharth Nagar-Worli, Mumbai - IITM",24-09-2026 14:00:00,19.000083,72.813993,NH3,1,1,1
India,Maharashtra,Mumbai,"Siddharth Nagar-Worli, Mumbai - IITM",24-09-2026 14:00:00,19.000083,72.813993,SO2,NA,NA,NA
India,Maharashtra,Mumbai,"Siddharth Nagar-Worli, Mumbai - IITM",24-09-2026 14:00:00,19.000083,72.813993,CO,2,2,2
India,Maharashtra,Mumbai,"Worli, Mumbai - MPCB",24-09-2026 14:00:00,18.9936162,72.8128113,PM2.5,12,48,34
India,Maharashtra,Mumbai,"Worli, Mumbai - MPCB",24-09-2026 14:00:00,18.9936162,72.8128113,NH3,NA,NA,NA
India,Maharashtra,Nashik,"Pandav Nagari, Nashik - MPCB",24-09-2026 14:00:00,19.9591346,73.7788008,PM2.5,47,71,61
India,Maharashtra,Nashik,"MIDC Ambad, Nashik - MPCB",24-09-2026 14:00:00,19.95022,73.73148,PM2.5,52,78,63
India,Maharashtra,Navi Mumbai,"Kopripada-Vashi, Navi Mumbai - MPCB",24-09-2026 14:00:00,19.090337,73.014232,CO,28,47,34
India,Maharashtra,Navi Mumbai,"Nerul, Navi Mumbai - MPCB",24-09-2026 14:00:00,19.008751,73.01662,PM2.5,23,57,42
India,Maharashtra,Navi Mumbai,"Tondare-Taloja, Navi Mumbai - MPCB",24-09-2026 14:00:00,19.063,73.1209,NO2,12,27,17
India,Maharashtra,Navi Mumbai,"Sector-2E Kalamboli, Navi Mumbai - MPCB",24-09-2026 14:00:00,19.02579,73.10297,SO2,4,7,6
India,Rajasthan,Chittorgarh,"Shastri Nagar, Chittorgarh - RSPCB",24-09-2026 14:00:00,24.892047,74.623527,NH3,6,14,10
India,Rajasthan,Churu,"Subash Chowk, Churu - RSPCB",24-09-2026 14:00:00,28.296139,74.961696,NO2,1,23,11
India,Rajasthan,Dausa,"Khatikan Mohalla, Dausa - RSPCB",24-09-2026 14:00:00,26.895552,76.334753,PM2.5,53,147,100
India,Rajasthan,Dholpur,"Raja Ganj, Dholpur - RSPCB",24-09-2026 14:00:00,26.699557,77.898881,PM2.5,15,120,45
India,Rajasthan,Dholpur,"Raja Ganj, Dholpur - RSPCB",24-09-2026 14:00:00,26.699557,77.898881,SO2,2,12,7
India,Rajasthan,Dholpur,"Raja Ganj, Dholpur - RSPCB",24-09-2026 14:00:00,26.699557,77.898881,OZONE,5,11,7
India,Rajasthan,Dungarpur,"Bhoiwada, Dungarpur - RSPCB",24-09-2026 14:00:00,23.837789,73.714926,PM2.5,47,341,75
India,Rajasthan,Dungarpur,"Bhoiwada, Dungarpur - RSPCB",24-09-2026 14:00:00,23.837789,73.714926,PM10,50,265,76
India,Rajasthan,Dungarpur,"Bhoiwada, Dungarpur - RSPCB",24-09-2026 14:00:00,23.837789,73.714926,OZONE,7,55,34
India,Rajasthan,Hanumangarh,"Housing Board, Hanumangarh - RSPCB",24-09-2026 14:00:00,29.61075,74.283608,NO2,6,25,13
India,Rajasthan,Hanumangarh,"Housing Board, Hanumangarh - RSPCB",24-09-2026 14:00:00,29.61075,74.283608,SO2,3,5,4
India,Rajasthan,Jaipur,"Shastri Nagar, Jaipur - RSPCB",24-09-2026 14:00:00,26.9502929,75.730943,PM2.5,46,173,121
India,Rajasthan,Jaipur,"Adarsh Nagar, Jaipur - RSPCB",24-09-2026 14:00:00,26.902909,75.836858,PM2.5,61,164,103
India,Rajasthan,Jaipur,"Adarsh Nagar, Jaipur - RSPCB",24-09-2026 14:00:00,26.902909,75.836858,NO2,8,28,16
India,Rajasthan,Jaipur,"Mansarovar Sector-12, Jaipur - RSPCB",24-09-2026 14:00:00,26.843698,75.766894,NH3,1,6,3
India,Rajasthan,Jaipur,"Mansarovar Sector-12, Jaipur - RSPCB",24-09-2026 14:00:00,26.843698,75.766894,SO2,2,4,3
India,Rajasthan,Jaipur,"Mansarovar Sector-12, Jaipur - RSPCB",24-09-2026 14:00:00,26.843698,75.766894,CO,48,57,52
India,Rajasthan,Jaipur,"Mansarovar Sector-12, Jaipur - RSPCB",24-09-2026 14:00:00,26.843698,75.766894,OZONE,64,127,102
India,Rajasthan,Jaipur,"Police Commissionerate, Jaipur - RSPCB",24-09-2026 14:00:00,26.9164092,75.7994901,SO2,7,30,16
India,Rajasthan,Jaipur,"Sector-2 Murlipura, Jaipur - RSPCB",24-09-2026 14:00:00,26.960669,75.771817,NH3,9,14,11
India,Rajasthan,Jaipur,"RIICO Sitapura, Jaipur - RSPCB",24-09-2026 14:00:00,26.786682,75.827928,PM10,107,187,138
India,Rajasthan,Jaisalmer,"Sadar Bazar, Jaisalmer - RSPCB",24-09-2026 14:00:00,26.912329,70.909168,PM10,26,500,77
India,Rajasthan,Jaisalmer,"Sadar Bazar, Jaisalmer - RSPCB",24-09-2026 14:00:00,26.912329,70.909168,NO2,21,54,44
India,Rajasthan,Jaisalmer,"Sadar Bazar, Jaisalmer - RSPCB",24-09-2026 14:00:00,26.912329,70.909168,NH3,9,17,12
India,Rajasthan,Jaisalmer,"Sadar Bazar, Jaisalmer - RSPCB",24-09-2026 14:00:00,26.912329,70.909168,SO2,1,8,3
India,Rajasthan,Alwar,"Vigyan Nagar, Alwar - RSPCB",24-09-2026 14:00:00,27.598796,76.63861,NO2,10,27,17
India,Rajasthan,Alwar,"Vigyan Nagar, Alwar - RSPCB",24-09-2026 14:00:00,27.598796,76.63861,NH3,11,26,15
India,Rajasthan,Banswara,"Rati Talai, Banswara - RSPCB",24-09-2026 14:00:00,23.55519,74.44001,PM2.5,20,94,27
India,Rajasthan,Banswara,"Rati Talai, Banswara - RSPCB",24-09-2026 14:00:00,23.55519,74.44001,PM10,57,131,79
India,Rajasthan,Baran,"Bamboliya, Baran - RSPCB",24-09-2026 14:00:00,25.106006,76.469948,PM10,35,111,75
India,Rajasthan,Barmer,"Railway Colony, Barmer - RSPCB",24-09-2026 14:00:00,25.747299,71.393989,NO2,7,19,11
India,Rajasthan,Barmer,"Railway Colony, Barmer - RSPCB",24-09-2026 14:00:00,25.747299,71.393989,SO2,4,9,6
India,Rajasthan,Barmer,"Railway Colony, Barmer - RSPCB",24-09-2026 14:00:00,25.747299,71.393989,OZONE,42,90,70
India,Rajasthan,Bharatpur,"Krishna Nagar, Bharatpur - RSPCB",24-09-2026 14:00:00,27.215415,77.50873,SO2,0,8,6
India,Rajasthan,Bhilwara,"Pratap Nagar, Bhilwara - RSPCB",24-09-2026 14:00:00,25.339605,74.618883,SO2,2,12,7
India,Rajasthan,Bhilwara,"Pratap Nagar, Bhilwara - RSPCB",24-09-2026 14:00:00,25.339605,74.618883,CO,18,36,29
India,Rajasthan,Bhiwadi,"Vasundhara Nagar_UIT, Bhiwadi - RSPCB",24-09-2026 14:00:00,28.207266,76.829265,SO2,9,53,14
India,Rajasthan,Bikaner,"MM Ground, Bikaner - RSPCB",24-09-2026 14:00:00,28.018792,73.292658,SO2,4,9,6
India,Rajasthan,Bundi,"New Colony, Bundi - RSPCB",24-09-2026 14:00:00,25.435774,75.644272,PM10,63,280,120
India,Rajasthan,Chittorgarh,"Shastri Nagar, Chittorgarh - RSPCB",24-09-2026 14:00:00,24.892047,74.623527,PM2.5,48,300,102
India,Rajasthan,Pali,"Indira Colony Vistar, Pali - RSPCB",24-09-2026 14:00:00,25.771061,73.340227,NH3,3,11,6
India,Rajasthan,Pali,"Indira Colony Vistar, Pali - RSPCB",24-09-2026 14:00:00,25.771061,73.340227,CO,22,35,31
India,Rajasthan,Rajsamand,"Dhoinda, Rajsamand - RSPCB",24-09-2026 14:00:00,25.03636,73.883502,NH3,3,16,9
India,Rajasthan,Rajsamand,"Dhoinda, Rajsamand - RSPCB",24-09-2026 14:00:00,25.03636,73.883502,SO2,12,17,15
India,Rajasthan,Sawai Madhopur,"Sahu Nagar, Sawai Madhopur - RSPCB",24-09-2026 14:00:00,26.031443,76.359327,PM2.5,23,232,88
India,Rajasthan,Sawai Madhopur,"Sahu Nagar, Sawai Madhopur - RSPCB",24-09-2026 14:00:00,26.031443,76.359327,CO,25,44,31
India,Rajasthan,Sikar,"Radhakishan Pura, Sikar - RSPCB",24-09-2026 14:00:00,27.608912,75.153302,PM2.5,22,113,66
India,Rajasthan,Sikar,"Radhakishan Pura, Sikar - RSPCB",24-09-2026 14:00:00,27.608912,75.153302,NH3,15,21,18
India,Rajasthan,Sri Ganganagar,"Old City, Sri Ganganagar - RSPCB",24-09-2026 14:00:00,29.931624,73.864511,NH3,9,14,11
India,Rajasthan,Tonk,"Shastri Nagar, Tonk - RSPCB",24-09-2026 14:00:00,26.159933,75.780517,NH3,8,12,9
India,Rajasthan,Tonk,"Shastri Nagar, Tonk - RSPCB",24-09-2026 14:00:00,26.159933,75.780517,SO2,2,6,3
India,Rajasthan,Tonk,"Shastri Nagar, Tonk - RSPCB",24-09-2026 14:00:00,26.159933,75.780517,CO,1,17,10
India,Rajasthan,Udaipur,"Ashok Nagar, Udaipur - RSPCB",24-09-2026 14:00:00,24.5886166,73.6321397,SO2,1,19,7
India,Sikkim,Gangtok,"Zero Point GICI, Gangtok - SSPCB",24-09-2026 14:00:00,27.33853,88.614099,PM10,NA,NA,NA
India,Sikkim,Gangtok,"Zero Point GICI, Gangtok - SSPCB",24-09-2026 14:00:00,27.33853,88.614099,CO,1,4,3
India,Sikkim,Gangtok,"Zero Point GICI, Gangtok - SSPCB",24-09-2026 14:00:00,27.33853,88.614099,OZONE,1,2,1
India,Tamil Nadu,Chennai,"Manali, Chennai - CPCB",24-09-2026 14:00:00,13.164544,80.26285,NO2,9,10,10
India,Tamil Nadu,Chennai,"Kodungaiyur, Chennai - TNPCB",24-09-2026 14:00:00,13.1278,80.2642,OZONE,28,31,30
India,Tamil Nadu,Chennai,"Perungudi, Chennai - TNPCB",24-09-2026 14:00:00,12.9533,80.2357,PM2.5,30,61,44
India,Tamil Nadu,Chennai,"Perungudi, Chennai - TNPCB",24-09-2026 14:00:00,12.9533,80.2357,PM10,65,98,80
India,Tamil Nadu,Chennai,"Perungudi, Chennai - TNPCB",24-09-2026 14:00:00,12.9533,80.2357,SO2,2,3,2
India,Tamil Nadu,Chennai,"Velachery Res. Area, Chennai - CPCB",24-09-2026 14:00:00,13.0052189,80.2398125,NH3,9,9,9
India,Tamil Nadu,Gummidipoondi,"Anthoni Pillai Nagar, Gummidipoondi - TNPCB",24-09-2026 14:00:00,13.4127,80.1081,PM10,123,141,130
India,Tamil Nadu,Gummidipoondi,"Anthoni Pillai Nagar, Gummidipoondi - TNPCB",24-09-2026 14:00:00,13.4127,80.1081,NH3,5,6,6
India,Tamil Nadu,Gummidipoondi,"Anthoni Pillai Nagar, Gummidipoondi - TNPCB",24-09-2026 14:00:00,13.4127,80.1081,OZONE,NA,NA,NA
India,Odisha,Rourkela,"Fertilizer Township, Rourkela - OSPCB",24-09-2026 14:00:00,22.18972222,84.86277778,CO,22,37,29
India,Odisha,Rourkela,"Raghunathpali, Rourkela - OSPCB",24-09-2026 14:00:00,22.220833,84.809444,PM2.5,9,32,21
India,Odisha,Talcher,"Talcher Coalfields,Talcher - OSPCB",24-09-2026 14:00:00,20.9360711,85.1707021,PM2.5,2,33,8
India,Odisha,Tensa,"Barsua Iron Ore Mines, Tensa - OSPCB",24-09-2026 14:00:00,21.869985,85.167016,PM2.5,7,9,9
India,Puducherry,Puducherry,"Jawahar Nagar, Puducherry - PPCC",24-09-2026 14:00:00,11.9309,79.8027,PM2.5,14,55,34
India,Punjab,Jalandhar,"Civil Line, Jalandhar - PPCB",24-09-2026 14:00:00,31.321907,75.578914,SO2,17,19,18
India,Punjab,Jalandhar,"Civil Line, Jalandhar - PPCB",24-09-2026 14:00:00,31.321907,75.578914,CO,38,57,47
India,Punjab,Ludhiana,"Punjab Agricultural University, Ludhiana - PPCB",24-09-2026 14:00:00,30.9028,75.8086,PM10,56,143,106
India,Punjab,Ludhiana,"Punjab Agricultural University, Ludhiana - PPCB",24-09-2026 14:00:00,30.9028,75.8086,NO2,45,132,69
India,Punjab,Ludhiana,"Punjab Agricultural University, Ludhiana - PPCB",24-09-2026 14:00:00,30.9028,75.8086,OZONE,19,48,38
India,Punjab,Mandi Gobindgarh,"RIMT University, Mandi Gobindgarh - PPCB",24-09-2026 14:00:00,30.649961,76.331442,PM10,87,147,116
India,Punjab,Patiala,"Model Town, Patiala - PPCB",24-09-2026 14:00:00,30.349388,76.366642,CO,8,23,14
India,Punjab,Rupnagar,"Ratanpura, Rupnagar - Ambuja Cements",24-09-2026 14:00:00,31.0325454,76.5623046,PM2.5,8,91,34
India,Punjab,Rupnagar,"Ratanpura, Rupnagar - Ambuja Cements",24-09-2026 14:00:00,31.0325454,76.5623046,PM10,9,101,38
India,Punjab,Rupnagar,"Ratanpura, Rupnagar - Ambuja Cements",24-09-2026 14:00:00,31.0325454,76.5623046,SO2,7,11,10
India,Rajasthan,Jodhpur,"Digari Kalan, Jodhpur - RSPCB",24-09-2026 14:00:00,26.29581,73.082283,NH3,16,25,21
India,Rajasthan,Kota,"Nayapura, Kota - RSPCB",24-09-2026 14:00:00,25.196024,75.855668,PM10,51,141,102
India,Rajasthan,Kota,"Nayapura, Kota - RSPCB",24-09-2026 14:00:00,25.196024,75.855668,SO2,2,6,4
India,Rajasthan,Kota,"Nayapura, Kota - RSPCB",24-09-2026 14:00:00,25.196024,75.855668,CO,14,38,25
India,Rajasthan,Kota,"Dhanmandi, Kota - RSPCB",24-09-2026 14:00:00,25.16409,75.858137,SO2,1,124,22
India,Rajasthan,Kota,"Dhanmandi, Kota - RSPCB",24-09-2026 14:00:00,25.16409,75.858137,CO,19,36,27
India,Rajasthan,Kota,"Dhanmandi, Kota - RSPCB",24-09-2026 14:00:00,25.16409,75.858137,OZONE,20,54,38
India,Rajasthan,Nagaur,"Karni Colony, Nagaur - RSPCB",24-09-2026 14:00:00,27.213494,73.734444,PM10,83,230,139
India,Rajasthan,Nagaur,"Karni Colony, Nagaur - RSPCB",24-09-2026 14:00:00,27.213494,73.734444,SO2,1,6,4
India,Tamil Nadu,Ramanathapuram,"Chalai Bazaar, Ramanathapuram - TNPCB",24-09-2026 14:00:00,9.36399,78.831977,CO,NA,NA,NA
India,Tamil Nadu,Thoothukudi,"Meelavittan, Thoothukudi - TNPCB",24-09-2026 14:00:00,8.816428,78.099039,SO2,2,7,5
India,Telangana,Hyderabad,"Kompally Municipal Office, Hyderabad - TSPCB",24-09-2026 14:00:00,17.544899,78.486949,SO2,3,11,6
India,Telangana,Hyderabad,"Ramachandrapuram, Hyderabad - TSPCB",24-09-2026 14:00:00,17.528544,78.286195,NO2,14,17,15
India,Telangana,Hyderabad,"Zoo Park, Hyderabad - TSPCB",24-09-2026 14:00:00,17.349694,78.451437,NO2,3,3,3
India,Telangana,Hyderabad,"Zoo Park, Hyderabad - TSPCB",24-09-2026 14:00:00,17.349694,78.451437,CO,43,71,56
India,Telangana,Hyderabad,"Zoo Park, Hyderabad - TSPCB",24-09-2026 14:00:00,17.349694,78.451437,OZONE,3,3,3
India,Rajasthan,Jalore,"Mudtra Sili, Jalore - RSPCB",24-09-2026 14:00:00,25.344694,72.626208,PM10,72,171,104
India,Rajasthan,Jalore,"Mudtra Sili, Jalore - RSPCB",24-09-2026 14:00:00,25.344694,72.626208,SO2,4,7,5
India,Rajasthan,Jalore,"Mudtra Sili, Jalore - RSPCB",24-09-2026 14:00:00,25.344694,72.626208,CO,11,24,19
India,Rajasthan,Jhalawar,"Rajlaxmi Nagar, Jhalawar - RSPCB",24-09-2026 14:00:00,24.588397,76.172782,PM10,49,143,91
India,Rajasthan,Jhunjhunu,"Indra Nagar, Jhunjhunu - RSPCB",24-09-2026 14:00:00,28.108988,75.386577,PM2.5,36,182,79
India,Rajasthan,Jodhpur,"Collectorate, Jodhpur - RSPCB",24-09-2026 14:00:00,26.268249,73.0193853,CO,7,60,27
India,Rajasthan,Jodhpur,"Jhalamand, Jodhpur - RSPCB",24-09-2026 14:00:00,26.215415,73.070156,PM10,65,255,115
India,Telangana,Hyderabad,"Kokapet, Hyderabad - TSPCB",24-09-2026 14:00:00,17.393559,78.339194,NO2,10,15,12
India,Telangana,Hyderabad,"Kokapet, Hyderabad - TSPCB",24-09-2026 14:00:00,17.393559,78.339194,SO2,7,11,8
India,Telangana,Hyderabad,"Central University, Hyderabad - TSPCB",24-09-2026 14:00:00,17.460103,78.334361,NO2,11,28,23
India,Telangana,Hyderabad,"IITH Kandi, Hyderabad - TSPCB",24-09-2026 14:00:00,17.585705,78.126199,PM10,51,71,58
India,Telangana,Hyderabad,"IITH Kandi, Hyderabad - TSPCB",24-09-2026 14:00:00,17.585705,78.126199,NH3,4,5,4
India,Telangana,Hyderabad,"IITH Kandi, Hyderabad - TSPCB",24-09-2026 14:00:00,17.585705,78.126199,CO,21,34,29
India,Telangana,Hyderabad,"Nacharam_TSIIC IALA, Hyderabad - TSPCB",24-09-2026 14:00:00,17.429398,78.569354,PM2.5,32,43,34
India,Telangana,Hyderabad,"Nacharam_TSIIC IALA, Hyderabad - TSPCB",24-09-2026 14:00:00,17.429398,78.569354,NO2,12,16,13
India,Telangana,Hyderabad,"ICRISAT Patancheru, Hyderabad - TSPCB",24-09-2026 14:00:00,17.5184,78.278777,PM10,34,75,54
India,Telangana,Hyderabad,"ICRISAT Patancheru, Hyderabad - TSPCB",24-09-2026 14:00:00,17.5184,78.278777,NO2,8,22,16
India,Telangana,Hyderabad,"ICRISAT Patancheru, Hyderabad - TSPCB",24-09-2026 14:00:00,17.5184,78.278777,SO2,7,12,9
India,Telangana,Hyderabad,"IDA Pashamylaram, Hyderabad - TSPCB",24-09-2026 14:00:00,17.5316895,78.218939,NO2,11,12,12
India,Telangana,Hyderabad,"Sanathnagar, Hyderabad - TSPCB",24-09-2026 14:00:00,17.4559458,78.4332152,NH3,NA,NA,NA
India,Telangana,Hyderabad,"Sanathnagar, Hyderabad - TSPCB",24-09-2026 14:00:00,17.4559458,78.4332152,OZONE,14,15,14
India,Telangana,Hyderabad,"Somajiguda, Hyderabad - TSPCB",24-09-2026 14:00:00,17.417094,78.457437,PM10,NA,NA,NA
India,Tripura,Agartala,"Bardowali, Agartala - Tripura SPCB",24-09-2026 14:00:00,23.8175497,91.2726974,PM2.5,9,36,19
India,Tripura,Agartala,"Bardowali, Agartala - Tripura SPCB",24-09-2026 14:00:00,23.8175497,91.2726974,NO2,12,14,13
India,Tripura,Agartala,"Bardowali, Agartala - Tripura SPCB",24-09-2026 14:00:00,23.8175497,91.2726974,NH3,NA,NA,NA
India,Tripura,Agartala,"Bardowali, Agartala - Tripura SPCB",24-09-2026 14:00:00,23.8175497,91.2726974,OZONE,2,6,5
India,Uttar Pradesh,Noida,"Sector-1, Noida - UPPCB",24-09-2026 14:00:00,28.5898,77.3101,NH3,11,13,12
India,Uttar Pradesh,Noida,"Sector-116, Noida - UPPCB",24-09-2026 14:00:00,28.56923,77.393848,PM10,78,293,159
India,Uttar Pradesh,Noida,"Sector-116, Noida - UPPCB",24-09-2026 14:00:00,28.56923,77.393848,NO2,18,112,51
India,Uttar Pradesh,Noida,"Sector-116, Noida - UPPCB",24-09-2026 14:00:00,28.56923,77.393848,SO2,0,29,13
India,Uttar Pradesh,Prayagraj,"Nagar Nigam, Prayagraj - UPPCB",24-09-2026 14:00:00,25.44919916,81.82735986,OZONE,15,17,16
India,Uttar Pradesh,Prayagraj,"Motilal Nehru NIT, Prayagraj - UPPCB",24-09-2026 14:00:00,25.494,81.863,PM2.5,4,12,8
India,Uttar Pradesh,Prayagraj,"Motilal Nehru NIT, Prayagraj - UPPCB",24-09-2026 14:00:00,25.494,81.863,NO2,11,12,12
India,Uttar Pradesh,Raebareli," Indira Nagar, Raebareli - NTPC Unchahar",24-09-2026 14:00:00,26.207781,81.245571,NO2,NA,NA,NA
India,Uttar Pradesh,Shamli,"New Tehsil, Shamli - UPPCB",24-09-2026 14:00:00,29.4603683,77.3410291,SO2,NA,NA,NA
India,Uttar Pradesh,Shamli,"New Tehsil, Shamli - UPPCB",24-09-2026 14:00:00,29.4603683,77.3410291,OZONE,18,19,19
India,Uttar Pradesh,Varanasi,"Maldahiya, Varanasi - UPPCB",24-09-2026 14:00:00,25.32393,82.99687,PM2.5,3,63,20
India,Uttar Pradesh,Varanasi,"Bhelupur, Varanasi - UPPCB",24-09-2026 14:00:00,25.301778,82.996789,NO2,7,8,8
India,Uttar Pradesh,Varanasi,"Bhelupur, Varanasi - UPPCB",24-09-2026 14:00:00,25.301778,82.996789,CO,4,23,9
India,Uttar Pradesh,Lucknow,"Kukrail Picnic Spot-1, Lucknow - UPPCB",24-09-2026 14:00:00,26.90723,80.98579,PM10,15,54,35
India,Uttar Pradesh,Lucknow,"Kukrail Picnic Spot-1, Lucknow - UPPCB",24-09-2026 14:00:00,26.90723,80.98579,OZONE,9,9,9
India,Uttar Pradesh,Mathura,"Pali Dungra, Mathura - UPPCB",24-09-2026 14:00:00,27.410954,77.550619,NH3,1,2,1
India,Uttar Pradesh,Meerut,"Pallavpuram Phase 2, Meerut - UPPCB",24-09-2026 14:00:00,29.06351,77.709723,CO,23,52,38
India,Uttar Pradesh,Meerut,"Ganga Nagar, Meerut - UPPCB",24-09-2026 14:00:00,28.999264,77.7590354,PM2.5,25,157,72
India,Uttar Pradesh,Meerut,"Ganga Nagar, Meerut - UPPCB",24-09-2026 14:00:00,28.999264,77.7590354,PM10,46,179,99
India,Uttar Pradesh,Meerut,"Ganga Nagar, Meerut - UPPCB",24-09-2026 14:00:00,28.999264,77.7590354,NH3,7,10,8
India,Uttar Pradesh,Meerut,"Ganga Nagar, Meerut - UPPCB",24-09-2026 14:00:00,28.999264,77.7590354,CO,43,49,46
India,Uttar Pradesh,Meerut,"Jai Bhim Nagar, Meerut - UPPCB",24-09-2026 14:00:00,28.9535882,77.7622941,PM2.5,10,138,61
India,Uttar Pradesh,Meerut,"Jai Bhim Nagar, Meerut - UPPCB",24-09-2026 14:00:00,28.9535882,77.7622941,NO2,8,33,18
India,Uttar Pradesh,Modinagar,"SRM University, Modinagar - UPPCB",24-09-2026 14:00:00,28.798171,77.540243,SO2,5,18,9
India,Uttar Pradesh,Moradabad,"Eco Herbal Park, Moradabad - UPPCB",24-09-2026 14:00:00,28.840739,78.697531,PM10,24,119,68
India,Uttar Pradesh,Agra,"Shahjahan Garden, Agra - UPPCB",24-09-2026 14:00:00,27.169338,78.03582,CO,18,19,18
India,Uttar Pradesh,Baghpat,"Sardar Patel Inter College, Baghpat - UPPCB",24-09-2026 14:00:00,28.964949,77.278761,SO2,10,35,16
India,Uttar Pradesh,Baghpat,"Sardar Patel Inter College, Baghpat - UPPCB",24-09-2026 14:00:00,28.964949,77.278761,CO,22,55,35
India,Uttar Pradesh,Baraut,"Nagar Palika Parishad, Baraut - UPPCB",24-09-2026 14:00:00,29.09956,77.26235,NO2,10,29,18
India,Uttar Pradesh,Baraut,"Nagar Palika Parishad, Baraut - UPPCB",24-09-2026 14:00:00,29.09956,77.26235,CO,30,36,33
India,Uttar Pradesh,Bulandshahr,"Yamunapuram, Bulandshahr - UPPCB",24-09-2026 14:00:00,28.406963,77.849831,NH3,4,11,7
India,Uttar Pradesh,Fatehpur Sikri,"Dadupura, Fatehpur Sikri - UPPCB",24-09-2026 14:00:00,27.097694,77.671335,OZONE,10,53,33
India,Uttar Pradesh,Firozabad,"Vibhab Nagar, Firozabad - UPPCB",24-09-2026 14:00:00,27.1594,78.3953,PM10,35,58,44
India,Uttar Pradesh,Firozabad,"Vibhab Nagar, Firozabad - UPPCB",24-09-2026 14:00:00,27.1594,78.3953,CO,40,42,41
India,Uttar Pradesh,Ghaziabad,"Indirapuram, Ghaziabad - UPPCB",24-09-2026 14:00:00,28.646233,77.358075,PM2.5,50,314,165
India,Uttar Pradesh,Ghaziabad,"Indirapuram, Ghaziabad - UPPCB",24-09-2026 14:00:00,28.646233,77.358075,NH3,9,11,10
India,Uttar Pradesh,Khora,"Prashant Garden, Khora - UPPCB",24-09-2026 14:00:00,28.61119,77.34206,CO,14,22,17
India,Uttar Pradesh,Khora,"Prashant Garden, Khora - UPPCB",24-09-2026 14:00:00,28.61119,77.34206,OZONE,11,106,47
India,Uttar Pradesh,Lucknow,"B R Ambedkar University, Lucknow - UPPCB",24-09-2026 14:00:00,26.766433,80.927299,PM10,12,52,28
India,Uttar Pradesh,Lucknow,"B R Ambedkar University, Lucknow - UPPCB",24-09-2026 14:00:00,26.766433,80.927299,NO2,13,14,14
India,Uttar Pradesh,Lucknow,"B R Ambedkar University, Lucknow - UPPCB",24-09-2026 14:00:00,26.766433,80.927299,NH3,3,3,3
India,Uttar Pradesh,Lucknow,"B R Ambedkar University, Lucknow - UPPCB",24-09-2026 14:00:00,26.766433,80.927299,CO,38,39,38
India,Uttar Pradesh,Lucknow,"Kendriya Vidyalaya, Lucknow - CPCB",24-09-2026 14:00:00,26.906111,80.948222,NO2,27,36,29
India,Uttar Pradesh,Lucknow,"Gomti Nagar, Lucknow - UPPCB",24-09-2026 14:00:00,26.86812,81.005119,PM2.5,2,58,32
India,Uttar Pradesh,Lucknow,"Gomti Nagar, Lucknow - UPPCB",24-09-2026 14:00:00,26.86812,81.005119,PM10,1,55,24
India,Uttar Pradesh,Lucknow,"Gomti Nagar, Lucknow - UPPCB",24-09-2026 14:00:00,26.86812,81.005119,NH3,NA,NA,NA
India,Uttar Pradesh,Lucknow,"Gomti Nagar, Lucknow - UPPCB",24-09-2026 14:00:00,26.86812,81.005119,CO,36,38,37
India,Uttar Pradesh,Moradabad,"Eco Herbal Park, Moradabad - UPPCB",24-09-2026 14:00:00,28.840739,78.697531,NO2,19,37,26
India,Uttar Pradesh,Moradabad,"Eco Herbal Park, Moradabad - UPPCB",24-09-2026 14:00:00,28.840739,78.697531,OZONE,18,35,25
India,Uttar Pradesh,Moradabad,"Kashiram Nagar, Moradabad - UPPCB",24-09-2026 14:00:00,28.849399,78.742362,PM2.5,22,115,67
India,Uttar Pradesh,Moradabad,"Kashiram Nagar, Moradabad - UPPCB",24-09-2026 14:00:00,28.849399,78.742362,NH3,4,4,4
India,Uttar Pradesh,Moradabad,"Employment Office, Moradabad - UPPCB",24-09-2026 14:00:00,28.88528,78.7388,NH3,3,3,3
India,Uttar Pradesh,Moradabad,"Jigar Colony, Moradabad - UPPCB",24-09-2026 14:00:00,28.856664,78.772638,CO,39,40,40
India,Uttar Pradesh,Muzaffarnagar,"New Mandi, Muzaffarnagar - UPPCB",24-09-2026 14:00:00,29.4723508,77.7194031,NH3,1,6,3
India,Uttar Pradesh,Muzaffarnagar,"New Mandi, Muzaffarnagar - UPPCB",24-09-2026 14:00:00,29.4723508,77.7194031,OZONE,9,46,20
India,Uttar Pradesh,Noida,"Sector - 62, Noida - IITM",24-09-2026 14:00:00,28.6245479,77.3577104,SO2,NA,NA,NA
India,Uttar Pradesh,Ghaziabad,"Govindpuram, Ghaziabad - UPPCB",24-09-2026 14:00:00,28.694528,77.494705,PM10,36,129,93
India,Uttar Pradesh,Ghaziabad,"Govindpuram, Ghaziabad - UPPCB",24-09-2026 14:00:00,28.694528,77.494705,CO,14,28,21
India,Uttar Pradesh,Ghaziabad,"Ved Vihar-Loni, Ghaziabad - UPPCB",24-09-2026 14:00:00,28.739153,77.273668,SO2,8,32,16
India,Uttar Pradesh,Ghaziabad,"Ved Vihar-Loni, Ghaziabad - UPPCB",24-09-2026 14:00:00,28.739153,77.273668,OZONE,2,31,11
India,Uttar Pradesh,Ghaziabad,"Wave City, Ghaziabad - UPPCB",24-09-2026 14:00:00,28.646675,77.489049,SO2,0,4,2
India,Uttar Pradesh,Ghaziabad,"Wave City, Ghaziabad - UPPCB",24-09-2026 14:00:00,28.646675,77.489049,CO,101,106,103
India,Uttar Pradesh,Ghaziabad,"Loni, Ghaziabad - UPPCB",24-09-2026 14:00:00,28.757294,77.278792,SO2,9,26,16
India,Uttar Pradesh,Ghaziabad,"Vasundhara, Ghaziabad - UPPCB",24-09-2026 14:00:00,28.6603346,77.3572563,NO2,17,60,35
India,Uttar Pradesh,Ghaziabad,"Vasundhara, Ghaziabad - UPPCB",24-09-2026 14:00:00,28.6603346,77.3572563,SO2,13,114,23
India,Uttar Pradesh,Gorakhpur,"Madan Mohan Malaviya University of Technology, Gorakhpur - UPPCB",24-09-2026 14:00:00,26.730136,83.433859,PM10,36,67,51
India,Uttar Pradesh,Gorakhpur,"Madan Mohan Malaviya University of Technology, Gorakhpur - UPPCB",24-09-2026 14:00:00,26.730136,83.433859,SO2,43,51,48
India,Uttar Pradesh,Gorakhpur,"Madan Mohan Malaviya University of Technology, Gorakhpur - UPPCB",24-09-2026 14:00:00,26.730136,83.433859,OZONE,NA,NA,NA
India,Uttar Pradesh,Greater Noida,"Knowledge Park - III, Greater Noida - UPPCB",24-09-2026 14:00:00,28.47272,77.482,SO2,2,13,8
India,Uttar Pradesh,Hapur,"Anand Vihar, Hapur - UPPCB",24-09-2026 14:00:00,28.725645,77.749675,PM2.5,32,284,122
India,Uttar Pradesh,Hapur,"Anand Vihar, Hapur - UPPCB",24-09-2026 14:00:00,28.725645,77.749675,CO,34,41,37
India,Uttar Pradesh,Jhansi,"Shivaji Nagar, Jhansi - UPPCB",24-09-2026 14:00:00,25.4547,78.6039,CO,6,14,10
India,Uttar Pradesh,Jhansi,"Shivaji Nagar, Jhansi - UPPCB",24-09-2026 14:00:00,25.4547,78.6039,OZONE,5,6,5
India,Uttar Pradesh,Agra,"Sector-3B Avas Vikas Colony, Agra - UPPCB",24-09-2026 14:00:00,27.19412,77.96237,SO2,26,27,26
India,Uttar Pradesh,Agra,"Shastripuram, Agra - UPPCB",24-09-2026 14:00:00,27.19862,77.92066,NH3,3,3,3
India,Uttar Pradesh,Agra,"Rohta, Agra - UPPCB",24-09-2026 14:00:00,27.106972,78.000111,CO,27,43,34
India,Uttar Pradesh,Agra,"Shahjahan Garden, Agra - UPPCB",24-09-2026 14:00:00,27.169338,78.03582,PM10,33,143,58
India,Uttar Pradesh,Varanasi,"IESD Banaras Hindu University, Varanasi - UPPCB",24-09-2026 14:00:00,25.262326,82.995408,PM2.5,5,36,17
India,Uttar Pradesh,Varanasi,"IESD Banaras Hindu University, Varanasi - UPPCB",24-09-2026 14:00:00,25.262326,82.995408,PM10,10,43,20
India,Uttar Pradesh,Varanasi,"IESD Banaras Hindu University, Varanasi - UPPCB",24-09-2026 14:00:00,25.262326,82.995408,SO2,20,37,26
India,Uttar Pradesh,Vrindavan,"Omex Eternity, Vrindavan - UPPCB",24-09-2026 14:00:00,27.571409,77.655757,PM10,26,132,55
India,Uttar Pradesh,Vrindavan,"Omex Eternity, Vrindavan - UPPCB",24-09-2026 14:00:00,27.571409,77.655757,NO2,27,27,27
India,Uttar Pradesh,Vrindavan,"Omex Eternity, Vrindavan - UPPCB",24-09-2026 14:00:00,27.571409,77.655757,NH3,7,8,7
India,Uttar Pradesh,Vrindavan," Chhatikara, Vrindavan - UPPCB",24-09-2026 14:00:00,27.57194,77.62346,NO2,0,2,0
India,Uttarakhand,Dehradun,"Doon University, Dehradun - UKPCB",24-09-2026 14:00:00,30.269444,78.044167,OZONE,6,32,22
India,Uttarakhand,Kashipur,"Govt. Girls Inter College, Kashipur - UKPCB",24-09-2026 14:00:00,29.2124114,78.9611753,NO2,NA,NA,NA
India,Uttarakhand,Rishikesh,"Shivaji Nagar, Rishikesh - UKPCB",24-09-2026 14:00:00,30.075911,78.2859547,PM2.5,2,2,2
India,Uttarakhand,Rishikesh,"Shivaji Nagar, Rishikesh - UKPCB",24-09-2026 14:00:00,30.075911,78.2859547,SO2,1,1,1
India,Uttarakhand,Rishikesh,"Shivaji Nagar, Rishikesh - UKPCB",24-09-2026 14:00:00,30.075911,78.2859547,CO,37,37,37
India,West Bengal,Asansol,"Asansol Court Area, Asansol - WBPCB",24-09-2026 14:00:00,23.685297,86.945968,SO2,6,17,13
India,West Bengal,Asansol,"Asansol Court Area, Asansol - WBPCB",24-09-2026 14:00:00,23.685297,86.945968,CO,7,32,24
India,West Bengal,Asansol,"Trivenidevi Bhalotia College, Asansol - WBPCB",24-09-2026 14:00:00,23.616515,87.119133,CO,26,60,39
India,West Bengal,Barrackpore,"SVSPA Campus, Barrackpore - WBPCB",24-09-2026 14:00:00,22.7605581,88.3617589,PM2.5,16,27,22
India,West Bengal,Barrackpore,"SVSPA Campus, Barrackpore - WBPCB",24-09-2026 14:00:00,22.7605581,88.3617589,NH3,5,7,6
India,West Bengal,Durgapur,"PCBL Residential Complex, Durgapur - WBPCB",24-09-2026 14:00:00,23.508764,87.35444,CO,30,63,41
India,West Bengal,Durgapur,"Mahishkapur Road_B-Zone, Durgapur - WBPCB",24-09-2026 14:00:00,23.567923,87.306843,NO2,1,4,2
India,West Bengal,Durgapur,"Mahishkapur Road_B-Zone, Durgapur - WBPCB",24-09-2026 14:00:00,23.567923,87.306843,CO,64,107,87
India,West Bengal,Durgapur,"Womens College_City Center, Durgapur - WBPCB",24-09-2026 14:00:00,23.549395,87.300496,NH3,1,2,2
India,West Bengal,Durgapur,"Womens College_City Center, Durgapur - WBPCB",24-09-2026 14:00:00,23.549395,87.300496,SO2,12,12,12
India,West Bengal,Haldia,"Priyambada Housing Estate, Haldia - WBPCB",24-09-2026 14:00:00,22.06047,88.109737,PM2.5,12,13,12
India,West Bengal,Haldia,"Priyambada Housing Estate, Haldia - WBPCB",24-09-2026 14:00:00,22.06047,88.109737,OZONE,16,28,19
India,West Bengal,Howrah,"Ghusuri, Howrah - WBPCB",24-09-2026 14:00:00,22.611968,88.347422,PM2.5,8,27,15
India,West Bengal,Howrah,"Ghusuri, Howrah - WBPCB",24-09-2026 14:00:00,22.611968,88.347422,SO2,8,12,10
India,West Bengal,Howrah,"Ghusuri, Howrah - WBPCB",24-09-2026 14:00:00,22.611968,88.347422,CO,14,17,16
India,West Bengal,Howrah,"Ghusuri, Howrah - WBPCB",24-09-2026 14:00:00,22.611968,88.347422,OZONE,19,24,20
India,West Bengal,Howrah,"Belur Math, Howrah - WBPCB",24-09-2026 14:00:00,22.629801,88.352017,PM2.5,8,30,14
India,West Bengal,Howrah,"Belur Math, Howrah - WBPCB",24-09-2026 14:00:00,22.629801,88.352017,CO,10,18,13
India,West Bengal,Howrah,"Belur Math, Howrah - WBPCB",24-09-2026 14:00:00,22.629801,88.352017,OZONE,8,10,9
India,West Bengal,Howrah,"Dasnagar, Howrah - WBPCB",24-09-2026 14:00:00,22.6025571,88.3105664,CO,38,42,40
India,West Bengal,Howrah,"Botanical Garden, Howrah - WBPCB",24-09-2026 14:00:00,22.554954,88.292568,NO2,8,40,15
India,West Bengal,Howrah,"Botanical Garden, Howrah - WBPCB",24-09-2026 14:00:00,22.554954,88.292568,OZONE,47,56,52
India,West Bengal,Kolkata,"Fort William, Kolkata - WBPCB",24-09-2026 14:00:00,22.55664,88.342674,PM2.5,19,29,23
India,West Bengal,Kolkata,"Fort William, Kolkata - WBPCB",24-09-2026 14:00:00,22.55664,88.342674,CO,11,16,14
India,West Bengal,Kolkata,"Jadavpur, Kolkata - WBPCB",24-09-2026 14:00:00,22.49929,88.36917,PM10,19,35,24
India,West Bengal,Kolkata,"Jadavpur, Kolkata - WBPCB",24-09-2026 14:00:00,22.49929,88.36917,NO2,22,49,31
India,West Bengal,Kolkata,"Ballygunge, Kolkata - WBPCB",24-09-2026 14:00:00,22.5367507,88.3638022,PM2.5,19,22,21
India,West Bengal,Kolkata,"Victoria, Kolkata - WBPCB",24-09-2026 14:00:00,22.5448082,88.3403691,NO2,13,21,17
India,West Bengal,Kolkata,"Victoria, Kolkata - WBPCB",24-09-2026 14:00:00,22.5448082,88.3403691,SO2,0,12,5
India,West Bengal,Kolkata,"Victoria, Kolkata - WBPCB",24-09-2026 14:00:00,22.5448082,88.3403691,CO,17,29,22
India,West Bengal,Kolkata,"Victoria, Kolkata - WBPCB",24-09-2026 14:00:00,22.5448082,88.3403691,OZONE,11,35,25
India,West Bengal,Kolkata,"Rabindra Sarobar, Kolkata - WBPCB",24-09-2026 14:00:00,22.51106,88.35142,PM2.5,18,19,19
India,West Bengal,Kolkata,"Rabindra Sarobar, Kolkata - WBPCB",24-09-2026 14:00:00,22.51106,88.35142,PM10,20,22,21
India,West Bengal,Siliguri,"Ward-32 Bapupara, Siliguri - WBPCB",24-09-2026 14:00:00,26.6879226,88.4152495,NO2,13,20,17
India,Bihar,Bettiah,"Kamalnath Nagar, Bettiah - BSPCB",24-09-2026 14:00:00,26.80365,84.51954,OZONE,12,21,16
India,Bihar,Bhagalpur,"DM Office_Kachari Chowk, Bhagalpur - BSPCB",24-09-2026 14:00:00,25.251013,86.989001,PM2.5,NA,NA,NA
India,Bihar,Bhagalpur,"Mayaganj, Bhagalpur - BSPCB",24-09-2026 14:00:00,25.265194,87.012947,NO2,NA,NA,NA
India,Bihar,Bhagalpur,"Mayaganj, Bhagalpur - BSPCB",24-09-2026 14:00:00,25.265194,87.012947,OZONE,10,23,15
India,Bihar,Bihar Sharif,"D M Colony, Bihar Sharif - BSPCB",24-09-2026 14:00:00,25.204762,85.51496,PM2.5,NA,NA,NA
India,Bihar,Bihar Sharif,"D M Colony, Bihar Sharif - BSPCB",24-09-2026 14:00:00,25.204762,85.51496,CO,9,9,9
India,Bihar,Chhapra,"Darshan Nagar, Chhapra - BSPCB",24-09-2026 14:00:00,25.7808257,84.7446768,PM2.5,85,93,89
India,Bihar,Gaya,"Kareemganj, Gaya - BSPCB",24-09-2026 14:00:00,24.792403,84.992416,PM2.5,NA,NA,NA
India,Bihar,Gaya,"Kareemganj, Gaya - BSPCB",24-09-2026 14:00:00,24.792403,84.992416,NO2,0,11,4
India,Bihar,Gaya,"Kareemganj, Gaya - BSPCB",24-09-2026 14:00:00,24.792403,84.992416,NH3,0,3,1
India,Bihar,Gaya,"Kareemganj, Gaya - BSPCB",24-09-2026 14:00:00,24.792403,84.992416,SO2,41,49,45
India,Bihar,Gaya,"SFTI Kusdihra, Gaya - BSPCB",24-09-2026 14:00:00,24.762518,84.982348,PM10,16,42,26
India,Bihar,Gaya,"SFTI Kusdihra, Gaya - BSPCB",24-09-2026 14:00:00,24.762518,84.982348,OZONE,9,22,16
India,Bihar,Hajipur,"Industrial Area, Hajipur - BSPCB",24-09-2026 14:00:00,25.697189,85.2459,PM10,14,137,46
India,Bihar,Katihar,"Mirchaibari, Katihar - BSPCB",24-09-2026 14:00:00,25.560083,87.553265,PM2.5,17,28,23
India,Bihar,Katihar,"Mirchaibari, Katihar - BSPCB",24-09-2026 14:00:00,25.560083,87.553265,PM10,17,28,23
India,Bihar,Katihar,"Mirchaibari, Katihar - BSPCB",24-09-2026 14:00:00,25.560083,87.553265,SO2,19,28,23
India,Chhattisgarh,Milupara,"Govt. Higher Secondary School, Milupara - CECB",24-09-2026 14:00:00,22.1910172,83.5197009,NO2,NA,NA,NA
India,Chhattisgarh,Raipur,"Krishak Nagar, Raipur - CECB",24-09-2026 14:00:00,21.237755,81.705301,SO2,5,14,10
India,Chhattisgarh,Raipur,"Krishak Nagar, Raipur - CECB",24-09-2026 14:00:00,21.237755,81.705301,OZONE,5,8,6
India,Chhattisgarh,Raipur,"AIIMS, Raipur - CECB",24-09-2026 14:00:00,21.258815,81.578979,NO2,4,18,8
India,Chhattisgarh,Raipur,"AIIMS, Raipur - CECB",24-09-2026 14:00:00,21.258815,81.578979,NH3,2,2,2
India,Chhattisgarh,Raipur,"Siltara Phase-II, Raipur - CECB",24-09-2026 14:00:00,21.371751,81.664929,PM2.5,NA,NA,NA
India,Delhi,Delhi,"Wazirpur, Delhi - DPCC",24-09-2026 14:00:00,28.699793,77.165453,PM2.5,30,352,172
India,Delhi,Delhi,"Wazirpur, Delhi - DPCC",24-09-2026 14:00:00,28.699793,77.165453,NH3,9,27,16
India,Delhi,Delhi,"Narela, Delhi - DPCC",24-09-2026 14:00:00,28.822836,77.101981,NO2,10,63,28
India,Delhi,Delhi,"Major Dhyan Chand National Stadium, Delhi - DPCC",24-09-2026 14:00:00,28.611281,77.237738,NH3,5,9,7
India,Delhi,Delhi,"Sonia Vihar, Delhi - DPCC",24-09-2026 14:00:00,28.710508,77.249485,NO2,4,28,13
India,Delhi,Delhi,"Sonia Vihar, Delhi - DPCC",24-09-2026 14:00:00,28.710508,77.249485,SO2,16,27,22
India,Delhi,Delhi,"Bawana, Delhi - DPCC",24-09-2026 14:00:00,28.7762,77.051074,PM2.5,65,308,182
India,Delhi,Delhi,"Bawana, Delhi - DPCC",24-09-2026 14:00:00,28.7762,77.051074,NO2,8,47,21
India,Delhi,Delhi,"Bawana, Delhi - DPCC",24-09-2026 14:00:00,28.7762,77.051074,NH3,6,9,7
India,Bihar,Samastipur,"DM Office_Kasipur, Samastipur - BSPCB",24-09-2026 14:00:00,25.859655,85.77944,NO2,8,9,8
India,Bihar,Siwan,"Chitragupta Nagar, Siwan - BSPCB",24-09-2026 14:00:00,26.2271665,84.3570427,PM10,NA,NA,NA
India,Bihar,Siwan,"Chitragupta Nagar, Siwan - BSPCB",24-09-2026 14:00:00,26.2271665,84.3570427,NO2,NA,NA,NA
India,Chandigarh,Chandigarh,"Sector-25, Chandigarh - CPCC",24-09-2026 14:00:00,30.751462,76.762879,PM2.5,35,60,49
India,Chandigarh,Chandigarh,"Sector-25, Chandigarh - CPCC",24-09-2026 14:00:00,30.751462,76.762879,SO2,3,8,6
India,Chandigarh,Chandigarh,"Sector-53, Chandigarh - CPCC",24-09-2026 14:00:00,30.719859,76.738637,CO,28,35,31
India,Chandigarh,Chandigarh,"Sector 22, Chandigarh - CPCC",24-09-2026 14:00:00,30.735567,76.775714,PM2.5,30,57,40
India,Chandigarh,Chandigarh,"Sector 22, Chandigarh - CPCC",24-09-2026 14:00:00,30.735567,76.775714,NO2,5,32,13
India,Chandigarh,Chandigarh,"Sector 22, Chandigarh - CPCC",24-09-2026 14:00:00,30.735567,76.775714,OZONE,15,31,23
India,Chhattisgarh,Bhilai,"Hathkhoj, Bhilai - CECB",24-09-2026 14:00:00,21.224231,81.40835,PM10,9,37,22
India,Chhattisgarh,Bhilai,"Civic Center, Bhilai - Bhilai Steel Plant",24-09-2026 14:00:00,21.185571,81.343175,PM10,NA,NA,NA
India,Chhattisgarh,Bhilai,"Civic Center, Bhilai - Bhilai Steel Plant",24-09-2026 14:00:00,21.185571,81.343175,OZONE,11,12,11
India,Chhattisgarh,Bhilai,"32Bungalows, Bhilai - CECB",24-09-2026 14:00:00,21.194815,81.31477,PM10,0,24,13
India,Chhattisgarh,Bhilai,"32Bungalows, Bhilai - CECB",24-09-2026 14:00:00,21.194815,81.31477,CO,10,12,11
India,Chhattisgarh,Bhilai,"32Bungalows, Bhilai - CECB",24-09-2026 14:00:00,21.194815,81.31477,OZONE,11,16,13
India,Bihar,Kishanganj,"SDM Office_Khagra, Kishanganj - BSPCB",24-09-2026 14:00:00,26.0881305,87.93840336,PM10,31,47,36
India,Bihar,Manguraha,"Forest Rest House, Manguraha - BSPCB",24-09-2026 14:00:00,27.308328,84.531742,OZONE,27,49,35
India,Bihar,Motihari,"Gandak Colony, Motihari - BSPCB",24-09-2026 14:00:00,26.63086,84.90051,NH3,1,1,1
India,Bihar,Motihari,"Gandak Colony, Motihari - BSPCB",24-09-2026 14:00:00,26.63086,84.90051,OZONE,51,62,57
India,Bihar,Munger,"Town Hall, Munger - BSPCB",24-09-2026 14:00:00,25.376776,86.471523,PM2.5,NA,NA,NA
India,Bihar,Munger,"Town Hall, Munger - BSPCB",24-09-2026 14:00:00,25.376776,86.471523,OZONE,69,295,167
India,Bihar,Muzaffarpur,"MIT-Daudpur Kothi, Muzaffarpur - BSPCB",24-09-2026 14:00:00,26.1403345,85.3650192,NH3,1,2,1
India,Bihar,Muzaffarpur,"MIT-Daudpur Kothi, Muzaffarpur - BSPCB",24-09-2026 14:00:00,26.1403345,85.3650192,OZONE,9,49,27
India,Bihar,Muzaffarpur,"Buddha Colony, Muzaffarpur - BSPCB",24-09-2026 14:00:00,26.11442,85.39813,NO2,8,15,11
India,Bihar,Muzaffarpur,"Buddha Colony, Muzaffarpur - BSPCB",24-09-2026 14:00:00,26.11442,85.39813,NH3,8,15,11
India,Bihar,Muzaffarpur,"Buddha Colony, Muzaffarpur - BSPCB",24-09-2026 14:00:00,26.11442,85.39813,SO2,3,7,5
India,Bihar,Muzaffarpur,"Buddha Colony, Muzaffarpur - BSPCB",24-09-2026 14:00:00,26.11442,85.39813,OZONE,19,24,21
India,Bihar,Patna,"Samanpura, Patna - BSPCB",24-09-2026 14:00:00,25.596727,85.085624,PM2.5,45,132,62
India,Assam,Nagaon,"Christianpatty, Nagaon - PCBA",24-09-2026 14:00:00,26.349082,92.68449,SO2,8,15,12
India,Assam,Nagaon,"Christianpatty, Nagaon - PCBA",24-09-2026 14:00:00,26.349082,92.68449,CO,13,26,22
India,Assam,Nalbari,"Bata Chowk, Nalbari - PCBA",24-09-2026 14:00:00,26.446912,91.439057,CO,20,22,21
India,Assam,Silchar,"Tarapur, Silchar - PCBA",24-09-2026 14:00:00,24.82827,92.79525,SO2,4,6,5
India,Assam,Sivasagar,"Girls College, Sivasagar - PCBA",24-09-2026 14:00:00,26.987634,94.636574,SO2,7,8,8
India,Bihar,Araria,"Kharahiya Basti, Araria - BSPCB",24-09-2026 14:00:00,26.146529,87.454184,NH3,4,5,4
India,Bihar,Araria,"Kharahiya Basti, Araria - BSPCB",24-09-2026 14:00:00,26.146529,87.454184,OZONE,39,46,42
India,Bihar,Arrah,"New DM Office, Arrah - BSPCB",24-09-2026 14:00:00,25.5626095,84.663264,NO2,5,8,7
India,Bihar,Arrah,"New DM Office, Arrah - BSPCB",24-09-2026 14:00:00,25.5626095,84.663264,NH3,1,2,2
India,Bihar,Begusarai,"Lohiyanagar, Begusarai - BSPCB",24-09-2026 14:00:00,25.42742023,86.13886079,PM10,1,16,8
India,Bihar,Begusarai,"Lohiyanagar, Begusarai - BSPCB",24-09-2026 14:00:00,25.42742023,86.13886079,NO2,6,12,9
India,Bihar,Bettiah,"Kamalnath Nagar, Bettiah - BSPCB",24-09-2026 14:00:00,26.80365,84.51954,NO2,15,37,27
India,Andhra Pradesh,Visakhapatnam,"GVM Corporation, Visakhapatnam - APPCB",24-09-2026 14:00:00,17.72,83.3,CO,10,50,26
India,Arunachal Pradesh,Naharlagun,"Naharlagun, Naharlagun - APSPCB",24-09-2026 14:00:00,27.103358,93.679645,PM10,5,44,30
India,Arunachal Pradesh,Naharlagun,"Naharlagun, Naharlagun - APSPCB",24-09-2026 14:00:00,27.103358,93.679645,SO2,11,17,12
India,Arunachal Pradesh,Naharlagun,"Naharlagun, Naharlagun - APSPCB",24-09-2026 14:00:00,27.103358,93.679645,OZONE,7,7,7
India,Assam,Guwahati,"LGBI Airport, Guwahati - PCBA",24-09-2026 14:00:00,26.10887,91.589544,PM10,15,63,52
India,Assam,Guwahati,"LGBI Airport, Guwahati - PCBA",24-09-2026 14:00:00,26.10887,91.589544,SO2,8,29,18
India,Assam,Guwahati,"LGBI Airport, Guwahati - PCBA",24-09-2026 14:00:00,26.10887,91.589544,OZONE,11,15,13
India,Assam,Guwahati,"Pan Bazaar, Guwahati - PCBA",24-09-2026 14:00:00,26.1875,91.744194,PM10,NA,NA,NA
India,Assam,Guwahati,"Pan Bazaar, Guwahati - PCBA",24-09-2026 14:00:00,26.1875,91.744194,NO2,1,2,2
India,Assam,Guwahati,"Pan Bazaar, Guwahati - PCBA",24-09-2026 14:00:00,26.1875,91.744194,CO,3,16,9
India,Assam,Guwahati,"Railway Colony, Guwahati - PCBA",24-09-2026 14:00:00,26.181742,91.78063,NH3,1,1,1
India,Assam,Guwahati,"Railway Colony, Guwahati - PCBA",24-09-2026 14:00:00,26.181742,91.78063,OZONE,7,18,12
India,Assam,Guwahati,"IITG, Guwahati - PCBA",24-09-2026 14:00:00,26.2028636,91.70046436,SO2,33,34,34
India,Assam,Guwahati,"IITG, Guwahati - PCBA",24-09-2026 14:00:00,26.2028636,91.70046436,OZONE,4,18,11
India,Andhra Pradesh,Kurnool,"Sita Rama Nagar, Kurnool - APPCB",24-09-2026 14:00:00,15.83411,78.028546,NH3,5,5,5
India,Andhra Pradesh,Kurnool,"Sita Rama Nagar, Kurnool - APPCB",24-09-2026 14:00:00,15.83411,78.028546,OZONE,20,33,25
India,Andhra Pradesh,Machilipatnam,"Srinivas Nagar Colony, Machilipatnam - APPCB",24-09-2026 14:00:00,16.186555,81.13219,PM2.5,36,72,57
India,Andhra Pradesh,Machilipatnam,"Srinivas Nagar Colony, Machilipatnam - APPCB",24-09-2026 14:00:00,16.186555,81.13219,NH3,3,4,4
India,Andhra Pradesh,Machilipatnam,"Srinivas Nagar Colony, Machilipatnam - APPCB",24-09-2026 14:00:00,16.186555,81.13219,SO2,10,19,15
India,Andhra Pradesh,Nellore,"Ambedkar Nagar, Nellore - APPCB ",24-09-2026 14:00:00,14.438164,79.966814,NH3,6,7,7
India,Andhra Pradesh,Rajamahendravaram,"Anand Kala Kshetram, Rajamahendravaram - APPCB",24-09-2026 14:00:00,16.9872867,81.7363176,PM2.5,2,33,10
India,Andhra Pradesh,Tirumala,"Toll Gate, Tirumala - APPCB",24-09-2026 14:00:00,13.67,79.35,PM2.5,3,39,15
India,Andhra Pradesh,Tirumala,"Toll Gate, Tirumala - APPCB",24-09-2026 14:00:00,13.67,79.35,PM10,15,42,23
India,Andhra Pradesh,Vijayawada,"Rajiv Nagar, Vijayawada - APPCB",24-09-2026 14:00:00,16.554731,80.64911,NO2,20,29,25
India,Andhra Pradesh,Vijayawada,"Rajiv Nagar, Vijayawada - APPCB",24-09-2026 14:00:00,16.554731,80.64911,NH3,5,7,7
India,Andhra Pradesh,Anantapur,"Gulzarpet, Anantapur - APPCB",24-09-2026 14:00:00,14.675886,77.593027,SO2,12,17,13
India,Andhra Pradesh,Chittoor,"Gangineni Cheruvu, Chittoor - APPCB",24-09-2026 14:00:00,13.20488,79.097889,NO2,30,35,33
India,Andhra Pradesh,Chittoor,"Gangineni Cheruvu, Chittoor - APPCB",24-09-2026 14:00:00,13.20488,79.097889,CO,16,21,18
India,Andhra Pradesh,Eluru,"District Court, Eluru - APPCB",24-09-2026 14:00:00,16.711754,81.092095,PM2.5,35,63,43
India,Andhra Pradesh,Eluru,"District Court, Eluru - APPCB",24-09-2026 14:00:00,16.711754,81.092095,OZONE,9,12,10
India,Andhra Pradesh,Guntur,"Rajendra Nagar North, Guntur - APPCB",24-09-2026 14:00:00,16.316553,80.413302,NH3,3,10,6
India,Andhra Pradesh,Guntur,"Rajendra Nagar North, Guntur - APPCB",24-09-2026 14:00:00,16.316553,80.413302,SO2,10,20,13
India,Andhra Pradesh,Guntur,"Rajendra Nagar North, Guntur - APPCB",24-09-2026 14:00:00,16.316553,80.413302,OZONE,14,33,22
India,Andhra Pradesh,Kadapa,"Yerramukkapalli, Kadapa - APPCB",24-09-2026 14:00:00,14.465052,78.824187,PM10,54,70,58
India,Andhra Pradesh,Kadapa,"Yerramukkapalli, Kadapa - APPCB",24-09-2026 14:00:00,14.465052,78.824187,CO,21,28,25
India,Bihar,Patna,"Muradpur, Patna - BSPCB",24-09-2026 14:00:00,25.619651,85.147382,PM2.5,NA,NA,NA
India,Bihar,Patna,"Muradpur, Patna - BSPCB",24-09-2026 14:00:00,25.619651,85.147382,PM10,NA,NA,NA
India,Bihar,Patna,"DRM Office Danapur, Patna - BSPCB",24-09-2026 14:00:00,25.586562,85.043586,PM2.5,20,29,25
India,Bihar,Patna,"DRM Office Danapur, Patna - BSPCB",24-09-2026 14:00:00,25.586562,85.043586,PM10,15,35,22
India,Bihar,Patna,"IGSC Planetarium Complex, Patna - BSPCB",24-09-2026 14:00:00,25.610369,85.132568,NH3,NA,NA,NA
India,Bihar,Patna,"IGSC Planetarium Complex, Patna - BSPCB",24-09-2026 14:00:00,25.610369,85.132568,OZONE,16,51,44
India,Bihar,Purnia,"Mariam Nagar, Purnia - BSPCB",24-09-2026 14:00:00,25.366336,87.117468,PM2.5,NA,NA,NA
India,Bihar,Purnia,"Mariam Nagar, Purnia - BSPCB",24-09-2026 14:00:00,25.366336,87.117468,OZONE,17,71,30
India,Bihar,Saharsa,"Police Line, Saharsa - BSPCB",24-09-2026 14:00:00,25.892357,86.590325,PM2.5,47,63,49
India,Chhattisgarh,Korba,"Urja Nagar, Korba - CECB",24-09-2026 14:00:00,22.348441,82.549611,NO2,3,4,4
India,Chhattisgarh,Korba,"Urja Nagar, Korba - CECB",24-09-2026 14:00:00,22.348441,82.549611,SO2,9,18,12
India,Chhattisgarh,Korba,"Urja Nagar, Korba - CECB",24-09-2026 14:00:00,22.348441,82.549611,OZONE,5,5,5
India,Chhattisgarh,Kunjemura,"OP Jindal School, Kunjemura - CECB",24-09-2026 14:00:00,22.12665,83.483212,NO2,5,16,9
India,Delhi,Delhi,"ITO, Delhi - CPCB",24-09-2026 14:00:00,28.628624,77.24106,CO,40,50,45
India,Delhi,Delhi,"R K Puram, Delhi - DPCC",24-09-2026 14:00:00,28.563262,77.186937,NO2,15,104,54
India,Delhi,Delhi,"North Campus, DU, Delhi - IITM",24-09-2026 14:00:00,28.6573814,77.1585447,PM10,81,213,153
India,Delhi,Delhi,"North Campus, DU, Delhi - IITM",24-09-2026 14:00:00,28.6573814,77.1585447,NO2,91,185,130
India,Delhi,Delhi,"North Campus, DU, Delhi - IITM",24-09-2026 14:00:00,28.6573814,77.1585447,NH3,NA,NA,NA
India,Delhi,Delhi,"Alipur, Delhi - DPCC",24-09-2026 14:00:00,28.815329,77.15301,SO2,7,12,9
India,Delhi,Delhi,"Alipur, Delhi - DPCC",24-09-2026 14:00:00,28.815329,77.15301,OZONE,5,29,14
India,Gujarat,Ahmedabad,"Rakhial, Ahmedabad - IITM",24-09-2026 14:00:00,23.016834,72.625775,PM10,102,165,127
India,Gujarat,Ahmedabad,"SAC ISRO Satellite, Ahmedabad - IITM",24-09-2026 14:00:00,23.023389,72.515201,PM2.5,44,107,67
India,Gujarat,Ahmedabad,"SAC ISRO Satellite, Ahmedabad - IITM",24-09-2026 14:00:00,23.023389,72.515201,NO2,2,52,22
India,Gujarat,Ahmedabad,"SAC ISRO Satellite, Ahmedabad - IITM",24-09-2026 14:00:00,23.023389,72.515201,CO,14,90,51
India,Gujarat,Ahmedabad,"SAC ISRO Satellite, Ahmedabad - IITM",24-09-2026 14:00:00,23.023389,72.515201,OZONE,5,21,12
India,Gujarat,Ahmedabad,"Gyaspur, Ahmedabad - IITM",24-09-2026 14:00:00,22.977134,72.553024,NO2,18,111,36
India,Gujarat,Ahmedabad,"Chandkheda, Ahmedabad - IITM",24-09-2026 14:00:00,23.107969,72.574648,SO2,7,9,8
India,Gujarat,Ahmedabad,"Chandkheda, Ahmedabad - IITM",24-09-2026 14:00:00,23.107969,72.574648,CO,23,57,33
India,Gujarat,Ahmedabad,"Chandkheda, Ahmedabad - IITM",24-09-2026 14:00:00,23.107969,72.574648,OZONE,2,16,8
India,Gujarat,Ahmedabad,"SVPI Airport Hansol, Ahmedabad - IITM",24-09-2026 14:00:00,23.076793,72.627874,NH3,NA,NA,NA
India,Gujarat,Ahmedabad,"SVPI Airport Hansol, Ahmedabad - IITM",24-09-2026 14:00:00,23.076793,72.627874,CO,7,13,11
India,Gujarat,Ahmedabad,"SVPI Airport Hansol, Ahmedabad - IITM",24-09-2026 14:00:00,23.076793,72.627874,OZONE,5,19,12
India,Gujarat,Ahmedabad,"Raikhad, Ahmedabad - IITM",24-09-2026 14:00:00,23.020509,72.579261,PM2.5,40,79,59
India,Gujarat,Ahmedabad,"Raikhad, Ahmedabad - IITM",24-09-2026 14:00:00,23.020509,72.579261,NO2,8,19,12
India,Gujarat,Ahmedabad,"Maninagar, Ahmedabad - GPCB",24-09-2026 14:00:00,23.002657,72.591912,PM2.5,11,301,127
India,Gujarat,Ahmedabad,"Maninagar, Ahmedabad - GPCB",24-09-2026 14:00:00,23.002657,72.591912,NO2,17,34,27
India,Gujarat,Ahmedabad,"Maninagar, Ahmedabad - GPCB",24-09-2026 14:00:00,23.002657,72.591912,SO2,17,34,27
India,Gujarat,Ahmedabad,"Maninagar, Ahmedabad - GPCB",24-09-2026 14:00:00,23.002657,72.591912,CO,7,18,14
India,Gujarat,Bhavnagar,"Vidhyanagar, Bhavnagar - Nexteng Enviro",24-09-2026 14:00:00,21.755417,72.139056,NH3,4,5,5
India,Gujarat,Gandhinagar,"Sector-10, Gandhinagar - GPCB",24-09-2026 14:00:00,23.221714,72.654328,CO,15,19,18
India,Gujarat,Gandhinagar,"GIFT City, Gandhinagar - IITM",24-09-2026 14:00:00,23.163798,72.677768,NO2,20,68,34
India,Gujarat,Gandhinagar,"IIPHG Lekawada, Gandhinagar - IITM",24-09-2026 14:00:00,23.243639,72.68994,SO2,1,2,2
India,Gujarat,Gandhinagar,"IIPHG Lekawada, Gandhinagar - IITM",24-09-2026 14:00:00,23.243639,72.68994,OZONE,1,4,3
India,Gujarat,Mehsana,"Sadanand Nagar, Mehsana - Nexteng Enviro",24-09-2026 14:00:00,23.59315,72.372792,SO2,15,16,15
India,Gujarat,Nandesari,"GIDC, Nandesari - Nandesari Ind. Association",24-09-2026 14:00:00,22.410802,73.097923,PM10,49,167,94
India,Gujarat,Nandesari,"GIDC, Nandesari - Nandesari Ind. Association",24-09-2026 14:00:00,22.410802,73.097923,NH3,NA,NA,NA
India,Gujarat,Rajkot,"Mavdi, Rajkot - Nexteng Enviro ",24-09-2026 14:00:00,22.248853,70.776774,NH3,1,8,4
India,Gujarat,Rajkot,"Mavdi, Rajkot - Nexteng Enviro ",24-09-2026 14:00:00,22.248853,70.776774,SO2,16,20,18
India,Gujarat,Surat,"Science Center, Surat - SMC",24-09-2026 14:00:00,21.170046,72.795405,OZONE,NA,NA,NA
India,Gujarat,Vadodara,"Bapunagar, Vadodara - Nexteng Enviro",24-09-2026 14:00:00,22.320153,73.216285,PM2.5,32,74,52
India,Gujarat,Vadodara,"Bapunagar, Vadodara - Nexteng Enviro",24-09-2026 14:00:00,22.320153,73.216285,NH3,2,3,2
India,Gujarat,Vadodara,"Bapunagar, Vadodara - Nexteng Enviro",24-09-2026 14:00:00,22.320153,73.216285,SO2,8,9,8
India,Gujarat,Vatva,"Phase-4 GIDC, Vatva - GPCB",24-09-2026 14:00:00,22.969611,72.6435,PM10,99,218,137
India,Gujarat,Vatva,"Phase-4 GIDC, Vatva - GPCB",24-09-2026 14:00:00,22.969611,72.6435,SO2,42,63,53
India,Gujarat,Vatva,"Phase-4 GIDC, Vatva - GPCB",24-09-2026 14:00:00,22.969611,72.6435,CO,66,80,74
India,Haryana,Ambala,"Patti Mehar, Ambala - HSPCB",24-09-2026 14:00:00,30.379589,76.778328,PM10,84,153,111
India,Haryana,Ambala,"Patti Mehar, Ambala - HSPCB",24-09-2026 14:00:00,30.379589,76.778328,NH3,NA,NA,NA
India,Haryana,Ballabgarh,"Nathu Colony, Ballabgarh - HSPCB",24-09-2026 14:00:00,28.3419248,77.319699,CO,16,20,18
India,Haryana,Bhiwani,"H.B. Colony, Bhiwani - HSPCB",24-09-2026 14:00:00,28.806223,76.141105,SO2,12,13,13
India,Haryana,Charkhi Dadri,"Mini Secretariat, Charkhi Dadri - HSPCB",24-09-2026 14:00:00,28.593883,76.270653,PM10,28,143,94
India,Haryana,Dharuhera,"Municipal Corporation Office, Dharuhera -  HSPCB",24-09-2026 14:00:00,28.2068,76.7997,NO2,9,28,21
India,Haryana,Dharuhera,"Municipal Corporation Office, Dharuhera -  HSPCB",24-09-2026 14:00:00,28.2068,76.7997,OZONE,11,53,28
India,Haryana,Faridabad,"Sector 11, Faridabad - HSPCB",24-09-2026 14:00:00,28.376058,77.315741,PM2.5,32,44,43
India,Delhi,Delhi,"Commonwealth Sports Complex, Delhi - DPCC",24-09-2026 14:00:00,28.615828,77.271992,PM10,57,176,119
India,Delhi,Delhi,"Commonwealth Sports Complex, Delhi - DPCC",24-09-2026 14:00:00,28.615828,77.271992,NO2,6,64,28
India,Delhi,Delhi,"Commonwealth Sports Complex, Delhi - DPCC",24-09-2026 14:00:00,28.615828,77.271992,NH3,1,3,2
India,Delhi,Delhi,"NSIT Dwarka, Delhi - CPCB",24-09-2026 14:00:00,28.60909,77.0325413,PM2.5,20,84,40
India,Delhi,Delhi,"NSIT Dwarka, Delhi - CPCB",24-09-2026 14:00:00,28.60909,77.0325413,NH3,6,11,7
India,Delhi,Delhi,"CRRI Mathura Road, Delhi - IITM",24-09-2026 14:00:00,28.5512005,77.2735737,NO2,1,38,13
India,Delhi,Delhi,"CRRI Mathura Road, Delhi - IITM",24-09-2026 14:00:00,28.5512005,77.2735737,CO,32,45,38
India,Delhi,Delhi,"CRRI Mathura Road, Delhi - IITM",24-09-2026 14:00:00,28.5512005,77.2735737,OZONE,12,34,18
India,Delhi,Delhi,"Burari Crossing, Delhi - IITM",24-09-2026 14:00:00,28.7256504,77.2011573,SO2,NA,NA,NA
India,Delhi,Delhi,"Burari Crossing, Delhi - IITM",24-09-2026 14:00:00,28.7256504,77.2011573,CO,38,49,42
India,Delhi,Delhi,"IMD Lodhi Road, Delhi - IITM",24-09-2026 14:00:00,28.5918245,77.2273074,PM2.5,3,250,110
India,Delhi,Delhi,"IMD Lodhi Road, Delhi - IITM",24-09-2026 14:00:00,28.5918245,77.2273074,SO2,NA,NA,NA
India,Delhi,Delhi,"IMD Lodhi Road, Delhi - IITM",24-09-2026 14:00:00,28.5918245,77.2273074,OZONE,18,96,54
India,Delhi,Delhi,"JNU, Delhi - DPCC",24-09-2026 14:00:00,28.540721,77.168544,PM2.5,2,293,140
India,Delhi,Delhi,"JNU, Delhi - DPCC",24-09-2026 14:00:00,28.540721,77.168544,NH3,0,4,2
India,Delhi,Delhi,"JNU, Delhi - DPCC",24-09-2026 14:00:00,28.540721,77.168544,SO2,4,8,6
India,Haryana,Jind,"Police Lines, Jind - HSPCB",24-09-2026 14:00:00,29.307814,76.337619,SO2,27,30,28
India,Haryana,Kaithal,"Rishi Nagar, Kaithal - HSPCB",24-09-2026 14:00:00,29.8006,76.4155,PM10,40,196,147
India,Haryana,Kaithal,"Rishi Nagar, Kaithal - HSPCB",24-09-2026 14:00:00,29.8006,76.4155,CO,14,21,18
India,Haryana,Kaithal,"Rishi Nagar, Kaithal - HSPCB",24-09-2026 14:00:00,29.8006,76.4155,OZONE,51,302,104
India,Haryana,Karnal,"Sector-12, Karnal - HSPCB",24-09-2026 14:00:00,29.6953,77.0027,NO2,9,22,15
India,Haryana,Kurukshetra,"Sector-7, Kurukshetra - HSPCB",24-09-2026 14:00:00,29.966942,76.875879,PM2.5,70,261,142
India,Haryana,Narnaul,"Shastri Nagar, Narnaul - HSPCB",24-09-2026 14:00:00,28.060249,76.113115,CO,19,32,27
India,Haryana,Palwal,"Shyam Nagar, Palwal - HSPCB",24-09-2026 14:00:00,28.1485564,77.3320667,PM2.5,35,59,47
India,Haryana,Palwal,"Shyam Nagar, Palwal - HSPCB",24-09-2026 14:00:00,28.1485564,77.3320667,PM10,53,86,65
India,Haryana,Palwal,"Shyam Nagar, Palwal - HSPCB",24-09-2026 14:00:00,28.1485564,77.3320667,SO2,1,29,14
India,Haryana,Panchgaon,"Amity University, Panchgaon - IITM",24-09-2026 14:00:00,28.3153,76.9143,NH3,3,10,6
India,Haryana,Faridabad,"Sector 11, Faridabad - HSPCB",24-09-2026 14:00:00,28.376058,77.315741,OZONE,6,6,6
India,Haryana,Faridabad,"New Industrial Town, Faridabad - HSPCB",24-09-2026 14:00:00,28.39072,77.30059,PM2.5,51,67,58
India,Haryana,Fatehabad,"Huda Sector, Fatehabad - HSPCB",24-09-2026 14:00:00,29.503664,75.467934,PM2.5,57,84,67
India,Haryana,Gurugram,"Sector-51, Gurugram - HSPCB",24-09-2026 14:00:00,28.4227,77.0667,PM10,NA,NA,NA
India,Haryana,Gurugram,"Sector-51, Gurugram - HSPCB",24-09-2026 14:00:00,28.4227,77.0667,NO2,NA,NA,NA
India,Haryana,Gurugram,"Vikas Sadan, Gurugram - HSPCB",24-09-2026 14:00:00,28.4501238,77.0263051,NO2,1,16,7
India,Haryana,Gurugram,"Teri Gram, Gurugram - HSPCB",24-09-2026 14:00:00,28.4275,77.1465,PM10,105,256,158
India,Haryana,Hisar,"Urban Estate-II, Hisar - HSPCB",24-09-2026 14:00:00,29.14056,75.744941,PM2.5,21,176,99
India,Haryana,Hisar,"Urban Estate-II, Hisar - HSPCB",24-09-2026 14:00:00,29.14056,75.744941,NO2,22,27,25
India,Haryana,Jind,"Police Lines, Jind - HSPCB",24-09-2026 14:00:00,29.307814,76.337619,PM10,99,116,107
India,Delhi,Delhi,"Dr. Karni Singh Shooting Range, Delhi - DPCC",24-09-2026 14:00:00,28.498571,77.26484,NO2,1,55,16
India,Delhi,Delhi,"Dr. Karni Singh Shooting Range, Delhi - DPCC",24-09-2026 14:00:00,28.498571,77.26484,NH3,6,12,7
India,Delhi,Delhi,"Shadipur, Delhi - CPCB",24-09-2026 14:00:00,28.6514781,77.1473105,PM2.5,24,170,74
India,Delhi,Delhi,"Shadipur, Delhi - CPCB",24-09-2026 14:00:00,28.6514781,77.1473105,NO2,54,88,68
India,Delhi,Delhi,"Mandir Marg, Delhi - DPCC",24-09-2026 14:00:00,28.636429,77.201067,NH3,9,14,11
India,Delhi,Delhi,"Mandir Marg, Delhi - DPCC",24-09-2026 14:00:00,28.636429,77.201067,CO,32,41,36
India,Delhi,Delhi,"Pusa, Delhi - DPCC",24-09-2026 14:00:00,28.639652,77.146275,PM2.5,42,213,139
India,Delhi,Delhi,"Pusa, Delhi - DPCC",24-09-2026 14:00:00,28.639652,77.146275,SO2,5,19,11
India,Delhi,Delhi,"IGI Airport (T3), Delhi - IITM",24-09-2026 14:00:00,28.5627763,77.1180053,CO,31,52,38
India,Delhi,Delhi,"IGNOU_Maidan Garhi, Delhi - DPCC",24-09-2026 14:00:00,28.493624,77.201159,PM2.5,11,92,34
India,Delhi,Delhi,"Najafgarh, Delhi - DPCC",24-09-2026 14:00:00,28.570173,76.933762,OZONE,11,38,19
India,Delhi,Delhi,"Mundka, Delhi - DPCC",24-09-2026 14:00:00,28.684678,77.076574,NO2,68,102,89
India,Delhi,Delhi,"Mundka, Delhi - DPCC",24-09-2026 14:00:00,28.684678,77.076574,SO2,3,22,11
India,Delhi,Delhi,"NSUT Jaffarpur, Delhi - DPCC",24-09-2026 14:00:00,28.594004,76.909423,OZONE,10,15,12
India,Delhi,Delhi,"Ashok Vihar, Delhi - DPCC",24-09-2026 14:00:00,28.695381,77.181665,SO2,43,48,45
India,Delhi,Delhi,"Anand Vihar, Delhi - DPCC",24-09-2026 14:00:00,28.647622,77.315809,PM10,NA,NA,NA
India,Delhi,Delhi,"Punjabi Bagh, Delhi - DPCC",24-09-2026 14:00:00,28.674045,77.131023,NO2,19,67,42
India,Delhi,Delhi,"DTU, Delhi - CPCB",24-09-2026 14:00:00,28.7500499,77.1112615,PM2.5,44,337,171
India,Delhi,Delhi,"Dwarka-Sector 8, Delhi - DPCC ",24-09-2026 14:00:00,28.5710274,77.0719006,CO,10,12,11
India,Delhi,Delhi,"Okhla Phase-2, Delhi - DPCC",24-09-2026 14:00:00,28.530785,77.271255,OZONE,8,30,16
India,Delhi,Delhi,"Rohini, Delhi - DPCC",24-09-2026 14:00:00,28.732528,77.11992,OZONE,12,40,21
India,Delhi,Delhi,"Vivek Vihar, Delhi - DPCC",24-09-2026 14:00:00,28.672342,77.31526,PM2.5,40,263,136
India,Delhi,Delhi,"Vivek Vihar, Delhi - DPCC",24-09-2026 14:00:00,28.672342,77.31526,OZONE,5,33,14
India,Delhi,Delhi,"Jahangirpuri, Delhi - DPCC",24-09-2026 14:00:00,28.73282,77.170633,CO,101,106,103
India,Delhi,Delhi,"Sri Aurobindo Marg, Delhi - DPCC",24-09-2026 14:00:00,28.531346,77.190156,CO,28,40,34
India,Delhi,Delhi,"Nehru Nagar, Delhi - DPCC",24-09-2026 14:00:00,28.56789,77.250515,NH3,5,10,8
India,Haryana,Panchkula,"Sector-6, Panchkula - HSPCB ",24-09-2026 14:00:00,30.7057778,76.8531805555555,PM2.5,37,123,67
India,Haryana,Panchkula,"Sector-6, Panchkula - HSPCB ",24-09-2026 14:00:00,30.7057778,76.8531805555555,PM10,NA,NA,NA
India,Haryana,Panchkula,"Sector-6, Panchkula - HSPCB ",24-09-2026 14:00:00,30.7057778,76.8531805555555,CO,18,20,19
India,Haryana,Panchkula,"Sector-6, Panchkula - HSPCB ",24-09-2026 14:00:00,30.7057778,76.8531805555555,OZONE,29,51,38
India,Haryana,Panipat,"Sector-18, Panipat - HSPCB",24-09-2026 14:00:00,29.432304,76.972765,NH3,7,12,10
India,Haryana,Panipat,"Sector-18, Panipat - HSPCB",24-09-2026 14:00:00,29.432304,76.972765,CO,27,28,28
India,Haryana,Rohtak,"MD University, Rohtak - HSPCB",24-09-2026 14:00:00,28.52123,76.37138,SO2,9,13,11
India,Haryana,Sirsa,"F-Block, Sirsa - HSPCB",24-09-2026 14:00:00,29.5364,75.0158,PM10,113,151,127
India,Haryana,Sirsa,"F-Block, Sirsa - HSPCB",24-09-2026 14:00:00,29.5364,75.0158,NH3,11,19,14
India,Haryana,Sonipat,"Murthal, Sonipat - HSPCB",24-09-2026 14:00:00,29.0272,77.0621,PM2.5,59,150,87
India,Haryana,Sonipat,"Murthal, Sonipat - HSPCB",24-09-2026 14:00:00,29.0272,77.0621,CO,17,27,23
India,Haryana,Yamuna Nagar,"Gobind Pura, Yamuna Nagar - HSPCB",24-09-2026 14:00:00,30.1480566,77.2893471,CO,49,53,51
India,Jammu and Kashmir,Srinagar,"Rajbagh, Srinagar - JKPCC",24-09-2026 14:00:00,34.066206,74.81982,SO2,3,4,3
India,Jammu and Kashmir,Srinagar,"Rajbagh, Srinagar - JKPCC",24-09-2026 14:00:00,34.066206,74.81982,OZONE,0,3,1
India,Jharkhand,Dhanbad,"Sardar Patel Nagar, Dhanbad - JSPCB",24-09-2026 14:00:00,23.80569,86.44268,PM10,NA,NA,NA
India,Karnataka,Belgaum,"Ramteerth Nagar, Belgaum - KSPCB",24-09-2026 14:00:00,15.888653,74.541751,NH3,NA,NA,NA
India,Karnataka,Bengaluru,"BTM Layout, Bengaluru - CPCB",24-09-2026 14:00:00,12.9135218,77.5950804,PM2.5,26,32,28
India,Karnataka,Bengaluru,"BTM Layout, Bengaluru - CPCB",24-09-2026 14:00:00,12.9135218,77.5950804,NO2,24,25,24
India,Karnataka,Bengaluru,"BTM Layout, Bengaluru - CPCB",24-09-2026 14:00:00,12.9135218,77.5950804,CO,NA,NA,NA
India,Karnataka,Bengaluru,"Silk Board, Bengaluru - KSPCB",24-09-2026 14:00:00,12.917348,77.622813,NH3,NA,NA,NA
India,Karnataka,Chamarajanagar,"Urban, Chamarajanagar - KSPCB",24-09-2026 14:00:00,11.55358,76.55521,NH3,NA,NA,NA
India,Karnataka,Chikkaballapur,"Chikkaballapur Rural, Chikkaballapur - KSPCB",24-09-2026 14:00:00,13.428828,77.731418,NH3,1,1,1
India,Karnataka,Dharwad,"Kalabhavan, Dharwad - KSPCB",24-09-2026 14:00:00,15.459706,75.008381,NH3,5,6,5
India,Karnataka,Dharwad,"Kalabhavan, Dharwad - KSPCB",24-09-2026 14:00:00,15.459706,75.008381,OZONE,20,27,21
India,Karnataka,Kalaburagi,"Mahatma Basaveswar Colony, Kalaburgi - KSPCB",24-09-2026 14:00:00,17.336318,76.847397,NH3,2,3,2
India,Karnataka,Kalaburagi,"Mahatma Basaveswar Colony, Kalaburgi - KSPCB",24-09-2026 14:00:00,17.336318,76.847397,OZONE,14,14,14
India,Karnataka,Kalaburagi,"Lal Bahadur Shastri Nagar, Kalaburagi - KSPCB",24-09-2026 14:00:00,17.321993,76.822628,NH3,NA,NA,NA
India,Karnataka,Kolar,"Tamaka Ind. Area, Kolar - KSPCB",24-09-2026 14:00:00,13.1276288,78.1570122,PM2.5,NA,NA,NA
India,Karnataka,Kolar,"Tamaka Ind. Area, Kolar - KSPCB",24-09-2026 14:00:00,13.1276288,78.1570122,PM10,NA,NA,NA
India,Karnataka,Kolar,"Tamaka Ind. Area, Kolar - KSPCB",24-09-2026 14:00:00,13.1276288,78.1570122,SO2,NA,NA,NA
India,Karnataka,Kolar,"Tamaka Ind. Area, Kolar - KSPCB",24-09-2026 14:00:00,13.1276288,78.1570122,CO,NA,NA,NA
India,Madhya Pradesh,Jabalpur,"Suhagi, Jabalpur - JMC",24-09-2026 14:00:00,23.218135,79.95777,NH3,6,6,6
India,Madhya Pradesh,Jabalpur,"Suhagi, Jabalpur - JMC",24-09-2026 14:00:00,23.218135,79.95777,SO2,9,11,10
India,Madhya Pradesh,Jabalpur,"Gupteshwar, Jabalpur - JMC",24-09-2026 14:00:00,23.142888,79.916147,OZONE,27,31,29
India,Madhya Pradesh,Katni,"Gole Bazar, Katni - MPPCB",24-09-2026 14:00:00,23.50016,80.23284,PM10,23,59,42
India,Madhya Pradesh,Pithampur,"Sector-2 Industrial Area, Pithampur - MPPCB",24-09-2026 14:00:00,22.624758,75.675238,NH3,12,18,14
India,Madhya Pradesh,Ratlam,"Shasthri Nagar, Ratlam - IPCA Lab",24-09-2026 14:00:00,23.331731,75.045981,OZONE,NA,NA,NA
India,Madhya Pradesh,Sagar,"Civil Lines, Sagar - MPPCB",24-09-2026 14:00:00,23.838586,78.759431,PM2.5,5,54,21
India,Madhya Pradesh,Sagar,"Civil Lines, Sagar - MPPCB",24-09-2026 14:00:00,23.838586,78.759431,NH3,2,2,2
India,Madhya Pradesh,Satna,"Bandhavgar Colony, Satna - Birla Cement",24-09-2026 14:00:00,24.58434363,80.8549414,OZONE,15,60,25
India,Madhya Pradesh,Ujjain,"Mahashweta Nagar, Ujjain - MPPCB",24-09-2026 14:00:00,23.1633321,75.800225,PM2.5,NA,NA,NA
India,Madhya Pradesh,Ujjain,"Mahashweta Nagar, Ujjain - MPPCB",24-09-2026 14:00:00,23.1633321,75.800225,SO2,2,6,4
India,Kerala,Thiruvananthapuram,"Plammoodu, Thiruvananthapuram - Kerala PCB",24-09-2026 14:00:00,8.5149093,76.9435879,CO,7,84,24
India,Kerala,Thiruvananthapuram,"Plammoodu, Thiruvananthapuram - Kerala PCB",24-09-2026 14:00:00,8.5149093,76.9435879,OZONE,15,16,15
India,Kerala,Thiruvananthapuram,"Kariavattom, Thiruvananthapuram - Kerala PCB",24-09-2026 14:00:00,8.5637,76.8865,CO,19,23,21
India,Kerala,Thrissur,"Corporation Ground, Thrissur - Kerala PCB",24-09-2026 14:00:00,10.5324,76.2159,PM10,44,55,48
India,Ladakh,Leh,"Skara Yokma, Leh - LPCC",24-09-2026 14:00:00,34.147096,77.55709,PM10,NA,NA,NA
India,Ladakh,Leh,"Skara Yokma, Leh - LPCC",24-09-2026 14:00:00,34.147096,77.55709,NO2,NA,NA,NA
India,Madhya Pradesh,Bhopal,"Idgah Hills, Bhopal - MPPCB",24-09-2026 14:00:00,23.264759,77.381568,NO2,8,18,11
India,Madhya Pradesh,Bhopal,"Idgah Hills, Bhopal - MPPCB",24-09-2026 14:00:00,23.264759,77.381568,SO2,5,6,5
India,Madhya Pradesh,Bhopal,"T T Nagar, Bhopal - MPPCB",24-09-2026 14:00:00,23.233584,77.400574,NO2,11,24,18
India,Madhya Pradesh,Bhopal,"Paryavaran Parisar, Bhopal - MPPCB",24-09-2026 14:00:00,23.210494,77.425409,SO2,4,7,6
India,Madhya Pradesh,Bhopal,"Paryavaran Parisar, Bhopal - MPPCB",24-09-2026 14:00:00,23.210494,77.425409,OZONE,16,39,27
India,Madhya Pradesh,Gwalior,"City Center, Gwalior - MPPCB",24-09-2026 14:00:00,26.203442,78.193251,OZONE,15,43,31
India,Madhya Pradesh,Indore,"Regional Park, Indore - IMC",24-09-2026 14:00:00,22.678,75.8559,PM10,22,88,46
India,Madhya Pradesh,Indore,"Chhoti Gwaltoli, Indore - MPPCB",24-09-2026 14:00:00,22.431,75.5213,NO2,46,89,70
India,Madhya Pradesh,Indore,"Airport Area, Indore - IMC",24-09-2026 14:00:00,22.7289,75.8076,NO2,18,332,34
India,Madhya Pradesh,Indore,"Airport Area, Indore - IMC",24-09-2026 14:00:00,22.7289,75.8076,CO,41,57,45
India,Madhya Pradesh,Indore,"Airport Area, Indore - IMC",24-09-2026 14:00:00,22.7289,75.8076,OZONE,8,13,10
India,Madhya Pradesh,Indore,"Residency Area, Indore - IMC",24-09-2026 14:00:00,22.7084,75.8815,NO2,1,6,4
India,Madhya Pradesh,Indore,"Residency Area, Indore - IMC",24-09-2026 14:00:00,22.7084,75.8815,SO2,3,4,3
India,Madhya Pradesh,Indore,"Residency Area, Indore - IMC",24-09-2026 14:00:00,22.7084,75.8815,OZONE,6,8,7
India,Madhya Pradesh,Indore,"Maguda Nagar, Indore - IMC",24-09-2026 14:00:00,22.7524,75.8872,NO2,NA,NA,NA
India,Madhya Pradesh,Jabalpur,"Marhatal, Jabalpur - MPPCB",24-09-2026 14:00:00,23.168606,79.932247,PM2.5,11,27,19
India,Madhya Pradesh,Jabalpur,"Marhatal, Jabalpur - MPPCB",24-09-2026 14:00:00,23.168606,79.932247,NO2,13,22,17
India,Maharashtra,Amravati,"Shri Shivaji Science College, Amravati - MPCB",24-09-2026 14:00:00,20.939198,77.765701,OZONE,23,36,29
India,Maharashtra,Amravati,"Shivneri Colony, Amravati - MPCB",24-09-2026 14:00:00,20.9402359,77.7895248,NH3,2,2,2
India,Maharashtra,Aurangabad,"MIDC Chilkalthana, Aurangabad - MPCB",24-09-2026 14:00:00,19.87562,75.38731,NO2,1,2,1
India,Maharashtra,Aurangabad,"MIDC Chilkalthana, Aurangabad - MPCB",24-09-2026 14:00:00,19.87562,75.38731,NH3,NA,NA,NA
India,Maharashtra,Aurangabad,"Rachnakar Colony, Aurangabad - MPCB",24-09-2026 14:00:00,19.863756,75.321188,PM10,77,97,88
India,Maharashtra,Aurangabad,"Rachnakar Colony, Aurangabad - MPCB",24-09-2026 14:00:00,19.863756,75.321188,NO2,9,26,15
India,Maharashtra,Aurangabad,"Rachnakar Colony, Aurangabad - MPCB",24-09-2026 14:00:00,19.863756,75.321188,NH3,1,2,1
India,Maharashtra,Aurangabad,"Rachnakar Colony, Aurangabad - MPCB",24-09-2026 14:00:00,19.863756,75.321188,SO2,2,2,2
India,Maharashtra,Aurangabad,"More Chowk Waluj, Aurangabad - MPCB",24-09-2026 14:00:00,19.8389439,75.244448,PM2.5,18,55,43
India,Maharashtra,Badlapur,"Katrap, Badlapur - MPCB",24-09-2026 14:00:00,19.16485,73.23409,PM10,2,27,7
India,Maharashtra,Badlapur,"Katrap, Badlapur - MPCB",24-09-2026 14:00:00,19.16485,73.23409,SO2,4,8,6
India,Karnataka,Bengaluru,"BTM Layout, Bengaluru - CPCB",24-09-2026 14:00:00,12.9135218,77.5950804,NO2,24,25,24
India,Karnataka,Bengaluru,"BTM Layout, Bengaluru - CPCB",24-09-2026 14:00:00,12.9135218,77.5950804,CO,NA,NA,NA
India,Karnataka,Bengaluru,"Silk Board, Bengaluru - KSPCB",24-09-2026 14:00:00,12.917348,77.622813,NH3,NA,NA,NA
India,Karnataka,Chamarajanagar,"Urban, Chamarajanagar - KSPCB",24-09-2026 14:00:00,11.55358,76.55521,NH3,NA,NA,NA
India,Madhya Pradesh,Bhopal,"T T Nagar, Bhopal - MPPCB",24-09-2026 14:00:00,23.233584,77.400574,NO2,11,24,18
India,Madhya Pradesh,Bhopal,"Paryavaran Parisar, Bhopal - MPPCB",24-09-2026 14:00:00,23.210494,77.425409,SO2,4,7,6
India,Madhya Pradesh,Bhopal,"Paryavaran Parisar, Bhopal - MPPCB",24-09-2026 14:00:00,23.210494,77.425409,OZONE,16,39,27
India,Madhya Pradesh,Gwalior,"City Center, Gwalior - MPPCB",24-09-2026 14:00:00,26.203442,78.193251,OZONE,15,43,31
India,Madhya Pradesh,Indore,"Regional Park, Indore - IMC",24-09-2026 14:00:00,22.678,75.8559,PM10,22,88,46
India,Madhya Pradesh,Indore,"Chhoti Gwaltoli, Indore - MPPCB",24-09-2026 14:00:00,22.431,75.5213,NO2,46,89,70
India,Madhya Pradesh,Indore,"Airport Area, Indore - IMC",24-09-2026 14:00:00,22.7289,75.8076,NO2,18,332,34
India,Madhya Pradesh,Indore,"Airport Area, Indore - IMC",24-09-2026 14:00:00,22.7289,75.8076,CO,41,57,45
India,Madhya Pradesh,Indore,"Airport Area, Indore - IMC",24-09-2026 14:00:00,22.7289,75.8076,OZONE,8,13,10
India,Madhya Pradesh,Indore,"Residency Area, Indore - IMC",24-09-2026 14:00:00,22.7084,75.8815,NO2,1,6,4
India,Maharashtra,Badlapur,"Katrap, Badlapur - MPCB",24-09-2026 14:00:00,19.16485,73.23409,PM10,2,27,7
India,Maharashtra,Badlapur,"Katrap, Badlapur - MPCB",24-09-2026 14:00:00,19.16485,73.23409,SO2,4,8,6
India,Maharashtra,Bhiwandi,"Gokul Nagar, Bhiwandi - MPCB",24-09-2026 14:00:00,19.309073,73.057223,NH3,28,124,46
India,Maharashtra,Bhiwandi,"Gokul Nagar, Bhiwandi - MPCB",24-09-2026 14:00:00,19.309073,73.057223,CO,17,36,25
India,Maharashtra,Boisar,"Khaira, Boisar - MPCB",24-09-2026 14:00:00,19.786089,72.757971,OZONE,29,38,33
India,Maharashtra,Chandrapur,"MIDC Khutala, Chandrapur - MPCB",24-09-2026 14:00:00,19.9775302,79.2337086,SO2,0,7,3
India,Maharashtra,Hingoli,"Ashta Vinayak Nagar, Hingoli - MPCB",24-09-2026 14:00:00,19.710842,77.151824,PM10,52,119,74
India,Maharashtra,Jalgaon,"Prabhat Colony, Jalgaon - MPCB",24-09-2026 14:00:00,21.001264,75.565602,NH3,3,3,3
India,Maharashtra,Jalgaon,"Prabhat Colony, Jalgaon - MPCB",24-09-2026 14:00:00,21.001264,75.565602,SO2,1,3,1
India,Maharashtra,Navi Mumbai,"Sanpada, Navi Mumbai - MPCB",24-09-2026 14:00:00,19.0575752,73.0151367,SO2,17,19,18
India,Maharashtra,Navi Mumbai,"Sanpada, Navi Mumbai - MPCB",24-09-2026 14:00:00,19.0575752,73.0151367,OZONE,5,38,22
India,Maharashtra,Navi Mumbai,"Mahape, Navi Mumbai - MPCB",24-09-2026 14:00:00,19.1135051,73.008978,NH3,1,1,1
India,Maharashtra,Navi Mumbai,"Mahape, Navi Mumbai - MPCB",24-09-2026 14:00:00,19.1135051,73.008978,OZONE,8,12,10
India,Maharashtra,Parbhani,"Masoom Colony, Parbhani - MPCB",24-09-2026 14:00:00,19.265594,76.761463,NH3,3,3,3
India,Maharashtra,Pimpri-Chinchwad,"Bhosari, Pune - IITM",24-09-2026 14:00:00,18.640051,73.848956,NO2,21,51,37
India,Maharashtra,Pimpri-Chinchwad,"Bhosari, Pune - IITM",24-09-2026 14:00:00,18.640051,73.848956,SO2,NA,NA,NA
India,Maharashtra,Pimpri-Chinchwad,"Bhumkar Nagar, Pune - IITM",24-09-2026 14:00:00,18.60577,73.749976,PM2.5,24,78,49
India,Maharashtra,Pimpri-Chinchwad,"Bhumkar Nagar, Pune - IITM",24-09-2026 14:00:00,18.60577,73.749976,OZONE,27,33,30
India,Maharashtra,Pimpri-Chinchwad,"Park Street Wakad, Pimpri Chinchwad - MPCB",24-09-2026 14:00:00,18.59051,73.77946,PM2.5,8,500,69
India,Maharashtra,Pimpri-Chinchwad,"Park Street Wakad, Pimpri Chinchwad - MPCB",24-09-2026 14:00:00,18.59051,73.77946,NH3,2,3,3
India,Maharashtra,Pimpri-Chinchwad,"Park Street Wakad, Pimpri Chinchwad - MPCB",24-09-2026 14:00:00,18.59051,73.77946,CO,19,24,22
India,Maharashtra,Pimpri-Chinchwad,"Thergaon, Pimpri Chinchwad - MPCB",24-09-2026 14:00:00,18.616318,73.765797,PM2.5,25,71,39
India,Maharashtra,Pimpri-Chinchwad,"Thergaon, Pimpri Chinchwad - MPCB",24-09-2026 14:00:00,18.616318,73.765797,SO2,1,2,2
India,Maharashtra,Pimpri-Chinchwad,"Thergaon, Pimpri Chinchwad - MPCB",24-09-2026 14:00:00,18.616318,73.765797,CO,18,31,23
India,Maharashtra,Pimpri-Chinchwad,"Thergaon, Pimpri Chinchwad - MPCB",24-09-2026 14:00:00,18.616318,73.765797,OZONE,37,55,47
India,Maharashtra,Pimpri-Chinchwad,"Savta Mali Nagar, Pimpri-Chinchwad - IITM",24-09-2026 14:00:00,18.614767,73.799516,NH3,NA,NA,NA
India,Maharashtra,Pimpri-Chinchwad,"Transport Nagar-Nigdi, Pune - IITM",24-09-2026 14:00:00,18.664282,73.763966,PM10,NA,NA,NA
India,Maharashtra,Pimpri-Chinchwad,"Transport Nagar-Nigdi, Pune - IITM",24-09-2026 14:00:00,18.664282,73.763966,NO2,NA,NA,NA
India,Maharashtra,Jalgaon,"Prabhat Colony, Jalgaon - MPCB",24-09-2026 14:00:00,21.001264,75.565602,CO,36,72,55
India,Maharashtra,Kalyan,"Khadakpada, Kalyan - MPCB",24-09-2026 14:00:00,19.25292,73.142019,NO2,37,37,37
India,Maharashtra,Kalyan,"Khadakpada, Kalyan - MPCB",24-09-2026 14:00:00,19.25292,73.142019,SO2,NA,NA,NA
India,Maharashtra,Kalyan,"Khadakpada, Kalyan - MPCB",24-09-2026 14:00:00,19.25292,73.142019,CO,NA,NA,NA
India,Maharashtra,Kalyan,"Khadakpada, Kalyan - MPCB",24-09-2026 14:00:00,19.25292,73.142019,OZONE,8,8,8
India,Maharashtra,Kolhapur,"Shivaji University, Kolhapur - MPCB",24-09-2026 14:00:00,16.6870449,74.2505872,SO2,NA,NA,NA
India,Maharashtra,Kolhapur,"Shivaji University, Kolhapur - MPCB",24-09-2026 14:00:00,16.6870449,74.2505872,CO,14,23,21
India,Maharashtra,Mahad,"Kamble Tarf Birwadi, Mahad - MPCB",24-09-2026 14:00:00,18.1023399,73.4783687,PM10,40,92,62
India,Maharashtra,Mira-Bhayandar,"Bhayandar West, Mira-Bhayandar - MPCB",24-09-2026 14:00:00,19.296481,72.840923,PM10,17,47,39
India,Maharashtra,Mira-Bhayandar,"Bhayandar West, Mira-Bhayandar - MPCB",24-09-2026 14:00:00,19.296481,72.840923,NH3,0,1,1
India,Maharashtra,Mira-Bhayandar,"Bhayandar West, Mira-Bhayandar - MPCB",24-09-2026 14:00:00,19.296481,72.840923,CO,15,19,17
India,Maharashtra,Mumbai,"Chhatrapati Shivaji Intl. Airport (T2), Mumbai - MPCB",24-09-2026 14:00:00,19.10078,72.87462,NH3,1,1,1
India,Maharashtra,Mumbai,"Chhatrapati Shivaji Intl. Airport (T2), Mumbai - MPCB",24-09-2026 14:00:00,19.10078,72.87462,CO,NA,NA,NA
India,Maharashtra,Mumbai,"Navy Nagar-Colaba, Mumbai - IITM",24-09-2026 14:00:00,18.897756,72.81332,CO,22,27,24
India,Maharashtra,Mumbai,"Navy Nagar-Colaba, Mumbai - IITM",24-09-2026 14:00:00,18.897756,72.81332,OZONE,29,40,34
India,Maharashtra,Mumbai,"Mulund West, Mumbai - MPCB",24-09-2026 14:00:00,19.175,72.9419,PM10,NA,NA,NA
India,Maharashtra,Mumbai,"Mulund West, Mumbai - MPCB",24-09-2026 14:00:00,19.175,72.9419,SO2,NA,NA,NA
India,Maharashtra,Mumbai,"Bandra Kurla Complex, Mumbai - MPCB",24-09-2026 14:00:00,19.065931,72.862131,OZONE,2,33,19
India,Maharashtra,Pune,"Savitribai Phule Pune University, Pune - MPCB",24-09-2026 14:00:00,18.547056,73.826908,SO2,3,5,4
India,Maharashtra,Pune,"Savitribai Phule Pune University, Pune - MPCB",24-09-2026 14:00:00,18.547056,73.826908,OZONE,8,62,43
India,Maharashtra,Pune,"Hadapsar, Pune - IITM",24-09-2026 14:00:00,18.501793,73.927532,PM2.5,43,114,73
India,Maharashtra,Pune,"Hadapsar, Pune - IITM",24-09-2026 14:00:00,18.501793,73.927532,NH3,NA,NA,NA
India,Maharashtra,Pune,"Hadapsar, Pune - IITM",24-09-2026 14:00:00,18.501793,73.927532,CO,32,106,71
India,Maharashtra,Pune,"Katraj Dairy, Pune - MPCB",24-09-2026 14:00:00,18.45445,73.854155,NO2,11,18,15
India,Maharashtra,Pune,"Katraj Dairy, Pune - MPCB",24-09-2026 14:00:00,18.45445,73.854155,NH3,1,2,1
India,Maharashtra,Pune,"Mhada Colony, Pune - IITM",24-09-2026 14:00:00,18.57304,73.927715,SO2,NA,NA,NA
India,Maharashtra,Pune,"Dhankawadi, Pune - IITM",24-09-2026 14:00:00,18.459883,73.852193,PM2.5,36,83,56
India,Maharashtra,Pune,"Dhankawadi, Pune - IITM",24-09-2026 14:00:00,18.459883,73.852193,NO2,12,17,14
India,Maharashtra,Pune,"Dhankawadi, Pune - IITM",24-09-2026 14:00:00,18.459883,73.852193,SO2,NA,NA,NA
India,Maharashtra,Pune,"Dhankawadi, Pune - IITM",24-09-2026 14:00:00,18.459883,73.852193,CO,NA,NA,NA
India,Maharashtra,Sangli,"Vijay Nagar, Sangli - MPCB",24-09-2026 14:00:00,16.5038,74.3623,OZONE,18,31,23
India,Maharashtra,Satara,"Koyana Nagar, Satara - MPCB",24-09-2026 14:00:00,17.696651,74.003387,OZONE,46,72,59
India,Maharashtra,Solapur,"Ratandeep Housing Society, Solapur - MPCB",24-09-2026 14:00:00,17.65439,75.90649,PM2.5,61,117,86
India,Maharashtra,Solapur,"Ratandeep Housing Society, Solapur - MPCB",24-09-2026 14:00:00,17.65439,75.90649,SO2,0,3,2
India,Maharashtra,Solapur,"Dnyaneshwar Nagar, Solapur - MPCB",24-09-2026 14:00:00,17.6336264,75.9132495,PM2.5,40,72,55
India,Maharashtra,Solapur,"Dnyaneshwar Nagar, Solapur - MPCB",24-09-2026 14:00:00,17.6336264,75.9132495,NH3,5,22,9
India,Maharashtra,Mumbai,"Ghatkopar, Mumbai - BMC",24-09-2026 14:00:00,19.083694,72.920967,SO2,0,2,1
India,Maharashtra,Mumbai,"Mindspace-Malad West, Mumbai - MPCB",24-09-2026 14:00:00,19.1878657,72.8304069,SO2,4,4,4
India,Maharashtra,Mumbai,"Mindspace-Malad West, Mumbai - MPCB",24-09-2026 14:00:00,19.1878657,72.8304069,CO,15,16,15
India,Maharashtra,Mumbai,"Deonar, Mumbai - IITM",24-09-2026 14:00:00,19.04946,72.923,SO2,1,3,2
India,Maharashtra,Mumbai,"Deonar, Mumbai - IITM",24-09-2026 14:00:00,19.04946,72.923,CO,28,46,38
India,Maharashtra,Mumbai,"Malad West, Mumbai - IITM",24-09-2026 14:00:00,19.19709,72.82204,PM2.5,6,39,22
India,Maharashtra,Mumbai,"Malad West, Mumbai - IITM",24-09-2026 14:00:00,19.19709,72.82204,NO2,3,16,7
India,Maharashtra,Mumbai,"Malad West, Mumbai - IITM",24-09-2026 14:00:00,19.19709,72.82204,CO,24,28,26
India,Maharashtra,Nagpur,"Mahal, Nagpur - MPCB",24-09-2026 14:00:00,21.14472,79.107595,NO2,8,24,17
India,Maharashtra,Nagpur,"Opp GPO Civil Lines, Nagpur - MPCB",24-09-2026 14:00:00,21.152875,79.0517531,SO2,5,14,11
India,Maharashtra,Nanded,"Sneh Nagar, Nanded - MPCB",24-09-2026 14:00:00,19.173852,77.296291,NH3,2,4,3
India,Maharashtra,Nanded,"Sneh Nagar, Nanded - MPCB",24-09-2026 14:00:00,19.173852,77.296291,CO,23,25,24
India,Maharashtra,Nanded,"Sneh Nagar, Nanded - MPCB",24-09-2026 14:00:00,19.173852,77.296291,OZONE,44,64,54
India,Maharashtra,Nashik,"Gangapur Road, Nashik - MPCB",24-09-2026 14:00:00,20.0073285,73.7762427,OZONE,36,57,47
India,Mizoram,Aizawl,"Sikulpuikawn, Aizawl - Mizoram PCB",24-09-2026 14:00:00,23.7176342,92.7192841,CO,3,3,3
India,Nagaland,Kohima,"PWD Junction, Kohima - NPCB",24-09-2026 14:00:00,25.6635413,94.0989878,NO2,3,5,4
India,Nagaland,Kohima,"PWD Junction, Kohima - NPCB",24-09-2026 14:00:00,25.6635413,94.0989878,SO2,58,76,64
India,Odisha,Angul,"Hakimapada, Angul - OSPCB",24-09-2026 14:00:00,20.832874,85.104082,PM10,18,92,50
India,Odisha,Balasore,"Kalidaspur, Balasore - OSPCB",24-09-2026 14:00:00,21.51161,86.89088,OZONE,39,51,45
India,Odisha,Barbil,"Forest Office, Barbil - OSPCB",24-09-2026 14:00:00,22.1166054,85.3945546,PM10,6,33,17
India,Odisha,Barbil,"Forest Office, Barbil - OSPCB",24-09-2026 14:00:00,22.1166054,85.3945546,CO,8,14,12
India,Odisha,Baripada,"Meher Colony, Baripada - OSPCB",24-09-2026 14:00:00,21.941841,86.728318,NH3,0,3,2
India,Odisha,Baripada,"Meher Colony, Baripada - OSPCB",24-09-2026 14:00:00,21.941841,86.728318,SO2,6,8,7
India,Odisha,Bhubaneswar,"Lingraj Mandir, Bhubaneswar - OSPCB",24-09-2026 14:00:00,20.24079,85.836784,PM2.5,8,17,13
India,Odisha,Bhubaneswar,"Lingraj Mandir, Bhubaneswar - OSPCB",24-09-2026 14:00:00,20.24079,85.836784,SO2,6,16,12
India,Odisha,Bhubaneswar,"Patia, Bhubaneswar - OSPCB",24-09-2026 14:00:00,20.34652,85.8163,PM2.5,3,33,20
India,Maharashtra,Nashik,"Hirawadi, Nashik - MPCB",24-09-2026 14:00:00,20.021503,73.813844,NH3,2,5,2
India,Maharashtra,Nashik,"Hirawadi, Nashik - MPCB",24-09-2026 14:00:00,20.021503,73.813844,SO2,0,5,2
India,Maharashtra,Nashik,"Hirawadi, Nashik - MPCB",24-09-2026 14:00:00,20.021503,73.813844,CO,1,17,9
India,Maharashtra,Nashik,"MIDC Ambad, Nashik - MPCB",24-09-2026 14:00:00,19.95022,73.73148,NO2,5,16,9
India,Maharashtra,Nashik,"MIDC Ambad, Nashik - MPCB",24-09-2026 14:00:00,19.95022,73.73148,CO,23,26,25
India,Maharashtra,Navi Mumbai,"Kopripada-Vashi, Navi Mumbai - MPCB",24-09-2026 14:00:00,19.090337,73.014232,NH3,0,2,1
India,Maharashtra,Navi Mumbai,"Nerul, Navi Mumbai - MPCB",24-09-2026 14:00:00,19.008751,73.01662,PM10,30,75,52
India,Maharashtra,Navi Mumbai,"Nerul, Navi Mumbai - MPCB",24-09-2026 14:00:00,19.008751,73.01662,NO2,3,3,3
India,Maharashtra,Navi Mumbai,"Nerul, Navi Mumbai - MPCB",24-09-2026 14:00:00,19.008751,73.01662,OZONE,NA,NA,NA
India,Maharashtra,Navi Mumbai,"Tondare-Taloja, Navi Mumbai - MPCB",24-09-2026 14:00:00,19.063,73.1209,CO,27,40,34
India,Maharashtra,Navi Mumbai,"Sector-2E Kalamboli, Navi Mumbai - MPCB",24-09-2026 14:00:00,19.02579,73.10297,NH3,7,19,12
India,Maharashtra,Thane,"Kasarvadavali, Thane - MPCB",24-09-2026 14:00:00,19.26777,72.97182,NO2,12,51,28
India,Maharashtra,Thane,"Kasarvadavali, Thane - MPCB",24-09-2026 14:00:00,19.26777,72.97182,CO,49,56,52
India,Maharashtra,Thane,"Kasarvadavali, Thane - MPCB",24-09-2026 14:00:00,19.26777,72.97182,OZONE,7,51,27
India,Maharashtra,Ulhasnagar,"Sidhi Vinayak Nagar, Ulhasnagar - MPCB",24-09-2026 14:00:00,19.235581,73.159121,NO2,10,12,10
India,Maharashtra,Ulhasnagar,"Sidhi Vinayak Nagar, Ulhasnagar - MPCB",24-09-2026 14:00:00,19.235581,73.159121,CO,5,32,16
India,Maharashtra,Virar,"Bolinj, Virar - MPCB",24-09-2026 14:00:00,19.445821,72.7988231,PM2.5,17,27,21
India,Meghalaya,Byrnihat,"15th Mile-Nongthymmai, Byrnihat -Meghalaya PCB",24-09-2026 14:00:00,26.079047,91.875185,NO2,2,2,2
India,Meghalaya,Shillong,"Lumpyngngad, Shillong - Meghalaya PCB",24-09-2026 14:00:00,25.5586,91.8985,NH3,0,0,0
India,Meghalaya,Shillong,"Lumpyngngad, Shillong - Meghalaya PCB",24-09-2026 14:00:00,25.5586,91.8985,CO,9,13,11
India,Maharashtra,Mumbai,"Khindipada-Bhandup West, Mumbai - IITM",24-09-2026 14:00:00,19.1653323,72.922099,CO,28,40,32
India,Maharashtra,Mumbai,"Kandivali West, Mumbai - BMC",24-09-2026 14:00:00,19.215859,72.831718,NH3,2,3,3
India,Maharashtra,Mumbai,"Chakala-Andheri East, Mumbai - IITM",24-09-2026 14:00:00,19.11074,72.86084,PM2.5,5,15,8
India,Maharashtra,Mumbai,"Kurla, Mumbai - MPCB",24-09-2026 14:00:00,19.0863,72.8888,OZONE,28,28,28
India,Maharashtra,Mumbai,"Bandra Kurla Complex, Mumbai - IITM",24-09-2026 14:00:00,19.053536,72.84643,PM2.5,29,73,50
India,Maharashtra,Mumbai,"Bandra Kurla Complex, Mumbai - IITM",24-09-2026 14:00:00,19.053536,72.84643,PM10,64,81,72
India,Maharashtra,Mumbai,"Byculla, Mumbai - BMC",24-09-2026 14:00:00,18.9767,72.838,PM2.5,28,57,37
India,Maharashtra,Mumbai,"Kherwadi_Bandra East, Mumbai - MPCB",24-09-2026 14:00:00,19.0632143,72.8456324,PM2.5,24,52,39
India,Maharashtra,Mumbai,"Borivali East, Mumbai - IITM",24-09-2026 14:00:00,19.23241,72.86895,NO2,6,14,9
India,Maharashtra,Mumbai,"Borivali East, Mumbai - IITM",24-09-2026 14:00:00,19.23241,72.86895,CO,34,68,58
India,Maharashtra,Mumbai,"Siddharth Nagar-Worli, Mumbai - IITM",24-09-2026 14:00:00,19.000083,72.813993,NO2,11,16,14
India,Maharashtra,Mumbai,"Siddharth Nagar-Worli, Mumbai - IITM",24-09-2026 14:00:00,19.000083,72.813993,OZONE,19,31,27
India,Maharashtra,Mumbai,"Mazgaon, Mumbai - IITM",24-09-2026 14:00:00,18.96702,72.84214,PM2.5,21,57,38
India,Odisha,Bhubaneswar,"Patia, Bhubaneswar - OSPCB",24-09-2026 14:00:00,20.34652,85.8163,OZONE,33,42,37
India,Odisha,Bileipada,"Tata Township, Bileipada - OSPCB",24-09-2026 14:00:00,22.06156703,85.47409613,NH3,5,6,5
India,Odisha,Byasanagar,"Ferro Chrome Colony, Byasanagar - OSPCB",24-09-2026 14:00:00,20.94185,86.1151,PM2.5,10,35,24
India,Odisha,Byasanagar,"Ferro Chrome Colony, Byasanagar - OSPCB",24-09-2026 14:00:00,20.94185,86.1151,SO2,4,7,5
India,Odisha,Cuttack,"CDA Area, Cuttack - OSPCB",24-09-2026 14:00:00,20.48891,85.84768,PM2.5,2,28,12
India,Odisha,Keonjhar,"Jagamohanpur, Keonjhar - OSPCB",24-09-2026 14:00:00,21.6439,85.599355,NO2,14,17,15
India,Odisha,Nayagarh,"Dabuna, Nayagarh - OSPCB",24-09-2026 14:00:00,21.847279,85.416905,PM2.5,7,13,9
India,Odisha,Nayagarh,"Dabuna, Nayagarh - OSPCB",24-09-2026 14:00:00,21.847279,85.416905,OZONE,10,11,10
India,Odisha,Paradeep,"Nua Sandhakuda, Paradeep - OSPCB",24-09-2026 14:00:00,20.258828,86.665185,PM2.5,12,33,23
India,Odisha,Paradeep,"Nua Sandhakuda, Paradeep - OSPCB",24-09-2026 14:00:00,20.258828,86.665185,PM10,20,53,32
India,Odisha,Paradeep,"Nua Sandhakuda, Paradeep - OSPCB",24-09-2026 14:00:00,20.258828,86.665185,OZONE,35,44,38
India,Odisha,Rairangpur,"Divisional Forest Office, Rairangpur - OSPCB",24-09-2026 14:00:00,22.265816,86.174829,PM10,16,28,21
India,Odisha,Rairangpur,"Divisional Forest Office, Rairangpur - OSPCB",24-09-2026 14:00:00,22.265816,86.174829,SO2,7,10,9
India,Odisha,Rairangpur,"Divisional Forest Office, Rairangpur - OSPCB",24-09-2026 14:00:00,22.265816,86.174829,CO,14,21,18
India,Odisha,Rourkela,"Fertilizer Township, Rourkela - OSPCB",24-09-2026 14:00:00,22.18972222,84.86277778,NH3,NA,NA,NA
India,Rajasthan,Chittorgarh,"Shastri Nagar, Chittorgarh - RSPCB",24-09-2026 14:00:00,24.892047,74.623527,CO,14,105,42
India,Rajasthan,Dausa,"Khatikan Mohalla, Dausa - RSPCB",24-09-2026 14:00:00,26.895552,76.334753,NH3,7,13,9
India,Rajasthan,Hanumangarh,"Housing Board, Hanumangarh - RSPCB",24-09-2026 14:00:00,29.61075,74.283608,NH3,4,11,5
India,Rajasthan,Jaipur,"Shastri Nagar, Jaipur - RSPCB",24-09-2026 14:00:00,26.9502929,75.730943,NO2,26,62,36
India,Rajasthan,Jaipur,"Shastri Nagar, Jaipur - RSPCB",24-09-2026 14:00:00,26.9502929,75.730943,NH3,7,14,10
India,Rajasthan,Jaipur,"Shastri Nagar, Jaipur - RSPCB",24-09-2026 14:00:00,26.9502929,75.730943,SO2,1,46,20
India,Rajasthan,Jaipur,"Shastri Nagar, Jaipur - RSPCB",24-09-2026 14:00:00,26.9502929,75.730943,CO,30,52,37
India,Rajasthan,Jaipur,"Adarsh Nagar, Jaipur - RSPCB",24-09-2026 14:00:00,26.902909,75.836858,CO,35,52,45
India,Rajasthan,Jaipur,"Police Commissionerate, Jaipur - RSPCB",24-09-2026 14:00:00,26.9164092,75.7994901,CO,21,96,46
India,Rajasthan,Jaipur,"Sector-2 Murlipura, Jaipur - RSPCB",24-09-2026 14:00:00,26.960669,75.771817,NO2,10,72,29
India,Rajasthan,Jaipur,"Sector-2 Murlipura, Jaipur - RSPCB",24-09-2026 14:00:00,26.960669,75.771817,SO2,4,9,5
India,Rajasthan,Jaipur,"RIICO Sitapura, Jaipur - RSPCB",24-09-2026 14:00:00,26.786682,75.827928,OZONE,35,154,102
India,Rajasthan,Jaisalmer,"Sadar Bazar, Jaisalmer - RSPCB",24-09-2026 14:00:00,26.912329,70.909168,PM2.5,15,50,28
India,Sikkim,Gangtok,"Zero Point GICI, Gangtok - SSPCB",24-09-2026 14:00:00,27.33853,88.614099,NO2,7,8,8
India,Sikkim,Gangtok,"Zero Point GICI, Gangtok - SSPCB",24-09-2026 14:00:00,27.33853,88.614099,SO2,1,1,1
India,Tamil Nadu,Chennai,"Manali, Chennai - CPCB",24-09-2026 14:00:00,13.164544,80.26285,SO2,4,36,14
India,Tamil Nadu,Chennai,"Kodungaiyur, Chennai - TNPCB",24-09-2026 14:00:00,13.1278,80.2642,PM2.5,24,83,50
India,Tamil Nadu,Chennai,"Perungudi, Chennai - TNPCB",24-09-2026 14:00:00,12.9533,80.2357,NO2,7,14,9
India,Tamil Nadu,Chennai,"Perungudi, Chennai - TNPCB",24-09-2026 14:00:00,12.9533,80.2357,CO,25,28,26
India,Tamil Nadu,Chennai,"Royapuram, Chennai - TNPCB",24-09-2026 14:00:00,13.1036,80.2909,OZONE,28,31,30
India,Tamil Nadu,Chennai,"Arumbakkam, Chennai - TNPCB",24-09-2026 14:00:00,13.0664,80.2112,PM10,85,150,118
India,Tamil Nadu,Chennai,"Velachery Res. Area, Chennai - CPCB",24-09-2026 14:00:00,13.0052189,80.2398125,PM2.5,34,51,38
India,Tamil Nadu,Gummidipoondi,"Anthoni Pillai Nagar, Gummidipoondi - TNPCB",24-09-2026 14:00:00,13.4127,80.1081,NO2,14,39,22
India,Tamil Nadu,Madurai,"Uchapatti, Madurai - TNPCB",24-09-2026 14:00:00,9.865935,78.022669,NO2,NA,NA,NA
India,Tamil Nadu,Madurai,"Uchapatti, Madurai - TNPCB",24-09-2026 14:00:00,9.865935,78.022669,SO2,NA,NA,NA
India,Tamil Nadu,Madurai,"Uchapatti, Madurai - TNPCB",24-09-2026 14:00:00,9.865935,78.022669,CO,10,10,10
India,Odisha,Rourkela,"Raghunathpali, Rourkela - OSPCB",24-09-2026 14:00:00,22.220833,84.809444,SO2,3,4,4
India,Odisha,Rourkela,"Raghunathpali, Rourkela - OSPCB",24-09-2026 14:00:00,22.220833,84.809444,OZONE,1,11,5
India,Odisha,Rourkela,"Sector-2, Rourkela - OSPCB",24-09-2026 14:00:00,22.245,84.88111111,NO2,14,14,14
India,Odisha,Talcher,"Talcher Coalfields,Talcher - OSPCB",24-09-2026 14:00:00,20.9360711,85.1707021,OZONE,15,17,16
India,Odisha,Tensa,"Barsua Iron Ore Mines, Tensa - OSPCB",24-09-2026 14:00:00,21.869985,85.167016,NH3,NA,NA,NA
India,Puducherry,Puducherry,"Jawahar Nagar, Puducherry - PPCC",24-09-2026 14:00:00,11.9309,79.8027,PM10,32,62,47
India,Punjab,Bathinda,"Hardev Nagar, Bathinda - PPCB",24-09-2026 14:00:00,30.233011,74.907758,PM2.5,10,213,88
India,Punjab,Bathinda,"Hardev Nagar, Bathinda - PPCB",24-09-2026 14:00:00,30.233011,74.907758,CO,15,26,23
India,Punjab,Jalandhar,"Civil Line, Jalandhar - PPCB",24-09-2026 14:00:00,31.321907,75.578914,PM10,45,92,72
India,Punjab,Jalandhar,"Civil Line, Jalandhar - PPCB",24-09-2026 14:00:00,31.321907,75.578914,NO2,42,50,47
India,Punjab,Ludhiana,"Punjab Agricultural University, Ludhiana - PPCB",24-09-2026 14:00:00,30.9028,75.8086,PM2.5,51,174,100
India,Rajasthan,Alwar,"Moti Doongri, Alwar - RSPCB",24-09-2026 14:00:00,27.554793,76.611536,NO2,36,85,48
India,Rajasthan,Baran,"Bamboliya, Baran - RSPCB",24-09-2026 14:00:00,25.106006,76.469948,CO,33,40,37
India,Rajasthan,Baran,"Bamboliya, Baran - RSPCB",24-09-2026 14:00:00,25.106006,76.469948,OZONE,18,48,36
India,Rajasthan,Barmer,"Railway Colony, Barmer - RSPCB",24-09-2026 14:00:00,25.747299,71.393989,PM2.5,18,57,31
India,Rajasthan,Bharatpur,"Krishna Nagar, Bharatpur - RSPCB",24-09-2026 14:00:00,27.215415,77.50873,NH3,2,17,7
India,Rajasthan,Bhilwara,"Pratap Nagar, Bhilwara - RSPCB",24-09-2026 14:00:00,25.339605,74.618883,NH3,2,8,6
India,Rajasthan,Bhiwadi,"Vasundhara Nagar_UIT, Bhiwadi - RSPCB",24-09-2026 14:00:00,28.207266,76.829265,NO2,11,78,36
India,Rajasthan,Bhiwadi,"Vasundhara Nagar_UIT, Bhiwadi - RSPCB",24-09-2026 14:00:00,28.207266,76.829265,CO,20,63,36
India,Rajasthan,Bhiwadi,"Vasundhara Nagar_UIT, Bhiwadi - RSPCB",24-09-2026 14:00:00,28.207266,76.829265,OZONE,22,34,31
India,Rajasthan,Bhiwadi,"RIICO Ind. Area III, Bhiwadi - RSPCB",24-09-2026 14:00:00,28.194909,76.862296,PM10,62,227,139
India,Rajasthan,Bikaner,"MM Ground, Bikaner - RSPCB",24-09-2026 14:00:00,28.018792,73.292658,PM2.5,NA,NA,NA
India,Rajasthan,Bikaner,"MM Ground, Bikaner - RSPCB",24-09-2026 14:00:00,28.018792,73.292658,NO2,29,113,50
India,Rajasthan,Pratapgarh,"Pragati Nagar, Pratapgarh - RSPCB",24-09-2026 14:00:00,24.041198,74.780702,PM2.5,35,77,55
India,Rajasthan,Pratapgarh,"Pragati Nagar, Pratapgarh - RSPCB",24-09-2026 14:00:00,24.041198,74.780702,PM10,54,114,80
India,Rajasthan,Rajsamand,"Dhoinda, Rajsamand - RSPCB",24-09-2026 14:00:00,25.03636,73.883502,NO2,12,43,23
India,Rajasthan,Sawai Madhopur,"Sahu Nagar, Sawai Madhopur - RSPCB",24-09-2026 14:00:00,26.031443,76.359327,PM10,54,211,111
India,Rajasthan,Sikar,"Radhakishan Pura, Sikar - RSPCB",24-09-2026 14:00:00,27.608912,75.153302,NO2,5,33,12
India,Rajasthan,Sikar,"Radhakishan Pura, Sikar - RSPCB",24-09-2026 14:00:00,27.608912,75.153302,SO2,2,6,4
India,Rajasthan,Sri Ganganagar,"Old City, Sri Ganganagar - RSPCB",24-09-2026 14:00:00,29.931624,73.864511,SO2,6,13,8
India,Rajasthan,Sri Ganganagar,"Old City, Sri Ganganagar - RSPCB",24-09-2026 14:00:00,29.931624,73.864511,OZONE,16,47,30
India,Rajasthan,Tonk,"Shastri Nagar, Tonk - RSPCB",24-09-2026 14:00:00,26.159933,75.780517,OZONE,43,119,85
India,Rajasthan,Udaipur,"Ashok Nagar, Udaipur - RSPCB",24-09-2026 14:00:00,24.5886166,73.6321397,PM2.5,16,238,97
India,Rajasthan,Udaipur,"Ashok Nagar, Udaipur - RSPCB",24-09-2026 14:00:00,24.5886166,73.6321397,CO,14,35,21
India,Rajasthan,Jhalawar,"Rajlaxmi Nagar, Jhalawar - RSPCB",24-09-2026 14:00:00,24.588397,76.172782,SO2,2,19,9
India,Rajasthan,Jhalawar,"Rajlaxmi Nagar, Jhalawar - RSPCB",24-09-2026 14:00:00,24.588397,76.172782,OZONE,9,36,27
India,Rajasthan,Jhunjhunu,"Indra Nagar, Jhunjhunu - RSPCB",24-09-2026 14:00:00,28.108988,75.386577,NO2,6,38,18
India,Rajasthan,Jhunjhunu,"Indra Nagar, Jhunjhunu - RSPCB",24-09-2026 14:00:00,28.108988,75.386577,NH3,5,9,7
India,Rajasthan,Jodhpur,"Collectorate, Jodhpur - RSPCB",24-09-2026 14:00:00,26.268249,73.0193853,PM2.5,17,221,71
India,Rajasthan,Jodhpur,"Collectorate, Jodhpur - RSPCB",24-09-2026 14:00:00,26.268249,73.0193853,NO2,20,56,30
India,Rajasthan,Jodhpur,"Collectorate, Jodhpur - RSPCB",24-09-2026 14:00:00,26.268249,73.0193853,NH3,4,31,10
India,Rajasthan,Jodhpur,"Collectorate, Jodhpur - RSPCB",24-09-2026 14:00:00,26.268249,73.0193853,SO2,1,22,8
India,Rajasthan,Jodhpur,"Jhalamand, Jodhpur - RSPCB",24-09-2026 14:00:00,26.215415,73.070156,CO,14,25,18
India,Rajasthan,Jodhpur,"Samrat Ashok Udhyan, Jodhpur - RSPCB",24-09-2026 14:00:00,26.253384,72.976571,SO2,1,4,2
India,Rajasthan,Jodhpur,"Mandor, Jodhpur - RSPCB",24-09-2026 14:00:00,26.358805,73.047444,OZONE,18,83,55
India,Punjab,Ludhiana,"Punjab Agricultural University, Ludhiana - PPCB",24-09-2026 14:00:00,30.9028,75.8086,SO2,9,20,13
India,Punjab,Patiala,"Model Town, Patiala - PPCB",24-09-2026 14:00:00,30.349388,76.366642,SO2,19,32,26
India,Punjab,Patiala,"Model Town, Patiala - PPCB",24-09-2026 14:00:00,30.349388,76.366642,OZONE,11,25,16
India,Punjab,Rupnagar,"Ratanpura, Rupnagar - Ambuja Cements",24-09-2026 14:00:00,31.0325454,76.5623046,NH3,NA,NA,NA
India,Rajasthan,Ajmer,"Civil Lines,  Ajmer - RSPCB",24-09-2026 14:00:00,26.470859,74.646594,NO2,33,39,36
India,Rajasthan,Karauli,"Satyawati Vihar, Karauli - RSPCB",24-09-2026 14:00:00,26.506177,77.025989,PM10,5,39,26
India,Rajasthan,Kota,"Nayapura, Kota - RSPCB",24-09-2026 14:00:00,25.196024,75.855668,NO2,7,86,30
India,Rajasthan,Kota,"Nayapura, Kota - RSPCB",24-09-2026 14:00:00,25.196024,75.855668,NH3,3,9,5
India,Rajasthan,Kota,"Shrinath Puram, Kota - RSPCB",24-09-2026 14:00:00,25.14389,75.821256,NO2,2,23,10
India,Rajasthan,Nagaur,"Karni Colony, Nagaur - RSPCB",24-09-2026 14:00:00,27.213494,73.734444,OZONE,36,82,62
India,Telangana,Hyderabad,"ECIL Kapra, Hyderabad - TSPCB",24-09-2026 14:00:00,17.470431,78.566959,CO,19,29,25
India,Telangana,Hyderabad,"Kokapet, Hyderabad - TSPCB",24-09-2026 14:00:00,17.393559,78.339194,OZONE,13,28,20
India,Telangana,Hyderabad,"New Malakpet, Hyderabad - TSPCB",24-09-2026 14:00:00,17.37206,78.50864,SO2,7,14,10
India,Telangana,Hyderabad,"Bollaram Industrial Area, Hyderabad - TSPCB",24-09-2026 14:00:00,17.518,78.383,PM2.5,NA,NA,NA
India,Telangana,Hyderabad,"Bollaram Industrial Area, Hyderabad - TSPCB",24-09-2026 14:00:00,17.518,78.383,OZONE,26,26,26
India,Telangana,Hyderabad,"Central University, Hyderabad - TSPCB",24-09-2026 14:00:00,17.460103,78.334361,PM10,11,43,28
India,Telangana,Hyderabad,"Central University, Hyderabad - TSPCB",24-09-2026 14:00:00,17.460103,78.334361,NH3,0,1,1
India,Telangana,Hyderabad,"Central University, Hyderabad - TSPCB",24-09-2026 14:00:00,17.460103,78.334361,OZONE,15,22,18
India,Telangana,Hyderabad,"IITH Kandi, Hyderabad - TSPCB",24-09-2026 14:00:00,17.585705,78.126199,NO2,14,15,15
India,Telangana,Hyderabad,"Nacharam_TSIIC IALA, Hyderabad - TSPCB",24-09-2026 14:00:00,17.429398,78.569354,PM10,47,57,50
India,Telangana,Hyderabad,"Nacharam_TSIIC IALA, Hyderabad - TSPCB",24-09-2026 14:00:00,17.429398,78.569354,NH3,5,6,5
India,Telangana,Hyderabad,"Nacharam_TSIIC IALA, Hyderabad - TSPCB",24-09-2026 14:00:00,17.429398,78.569354,SO2,10,16,12
India,Telangana,Hyderabad,"IDA Pashamylaram, Hyderabad - TSPCB",24-09-2026 14:00:00,17.5316895,78.218939,SO2,10,11,10
India,Telangana,Hyderabad,"Somajiguda, Hyderabad - TSPCB",24-09-2026 14:00:00,17.417094,78.457437,NO2,NA,NA,NA
India,Telangana,Hyderabad,"Somajiguda, Hyderabad - TSPCB",24-09-2026 14:00:00,17.417094,78.457437,NH3,NA,NA,NA
India,Telangana,Hyderabad,"Somajiguda, Hyderabad - TSPCB",24-09-2026 14:00:00,17.417094,78.457437,OZONE,14,14,14
India,Tripura,Agartala,"Bardowali, Agartala - Tripura SPCB",24-09-2026 14:00:00,23.8175497,91.2726974,CO,21,23,22
India,Uttar Pradesh,Agra,"Manoharpur, Agra - UPPCB",24-09-2026 14:00:00,27.23711,78.01936,CO,20,20,20
India,Uttar Pradesh,Baghpat,"Sardar Patel Inter College, Baghpat - UPPCB",24-09-2026 14:00:00,28.964949,77.278761,NO2,23,47,32
India,Uttar Pradesh,Bareilly,"Rajendra Nagar, Bareilly - UPPCB",24-09-2026 14:00:00,28.38910936,79.42963708,NH3,1,1,1
India,Uttar Pradesh,Bareilly,"Rajendra Nagar, Bareilly - UPPCB",24-09-2026 14:00:00,28.38910936,79.42963708,SO2,15,20,16
India,Uttar Pradesh,Bareilly,"Civil Lines, Bareilly - UPPCB",24-09-2026 14:00:00,28.359581,79.414455,NH3,0,1,0
India,Uttar Pradesh,Bareilly,"Civil Lines, Bareilly - UPPCB",24-09-2026 14:00:00,28.359581,79.414455,OZONE,2,8,3
India,Uttar Pradesh,Bulandshahr,"Yamunapuram, Bulandshahr - UPPCB",24-09-2026 14:00:00,28.406963,77.849831,PM10,NA,NA,NA
India,Uttar Pradesh,Fatehpur Sikri,"Dadupura, Fatehpur Sikri - UPPCB",24-09-2026 14:00:00,27.097694,77.671335,PM10,57,239,117
India,Uttar Pradesh,Firozabad,"Nagla Bhau, Firozabad - UPPCB",24-09-2026 14:00:00,27.168897,78.37696,CO,5,67,31
India,Uttar Pradesh,Firozabad,"Vibhab Nagar, Firozabad - UPPCB",24-09-2026 14:00:00,27.1594,78.3953,NH3,7,7,7
India,Uttar Pradesh,Gajraula,"Rajanpur, Gajraula - UPPCB",24-09-2026 14:00:00,28.829109,78.248796,SO2,9,13,12
India,Uttar Pradesh,Ghaziabad,"Indirapuram, Ghaziabad - UPPCB",24-09-2026 14:00:00,28.646233,77.358075,SO2,4,8,6
India,Uttar Pradesh,Ghaziabad,"Indirapuram, Ghaziabad - UPPCB",24-09-2026 14:00:00,28.646233,77.358075,CO,6,11,9
India,Uttar Pradesh,Ghaziabad,"Govindpuram, Ghaziabad - UPPCB",24-09-2026 14:00:00,28.694528,77.494705,PM2.5,38,200,115
India,Uttar Pradesh,Lucknow,"Kukrail Picnic Spot-1, Lucknow - UPPCB",24-09-2026 14:00:00,26.90723,80.98579,NO2,31,32,32
India,Uttar Pradesh,Lucknow,"Kukrail Picnic Spot-1, Lucknow - UPPCB",24-09-2026 14:00:00,26.90723,80.98579,NH3,6,6,6
India,Uttar Pradesh,Mathura,"Pali Dungra, Mathura - UPPCB",24-09-2026 14:00:00,27.410954,77.550619,PM10,52,144,103
India,Uttar Pradesh,Mathura,"Pali Dungra, Mathura - UPPCB",24-09-2026 14:00:00,27.410954,77.550619,SO2,12,15,14
India,Uttar Pradesh,Mathura,"Pali Dungra, Mathura - UPPCB",24-09-2026 14:00:00,27.410954,77.550619,OZONE,4,24,13
India,Uttar Pradesh,Meerut,"Pallavpuram Phase 2, Meerut - UPPCB",24-09-2026 14:00:00,29.06351,77.709723,PM2.5,NA,NA,NA
India,Uttar Pradesh,Meerut,"Pallavpuram Phase 2, Meerut - UPPCB",24-09-2026 14:00:00,29.06351,77.709723,PM10,NA,NA,NA
India,Uttar Pradesh,Meerut,"MIET College, Meerut - UPPCB",24-09-2026 14:00:00,28.972677,77.641018,PM2.5,25,325,120
India,Uttar Pradesh,Meerut,"Jai Bhim Nagar, Meerut - UPPCB",24-09-2026 14:00:00,28.9535882,77.7622941,SO2,7,18,10
India,Uttar Pradesh,Modinagar,"SRM University, Modinagar - UPPCB",24-09-2026 14:00:00,28.798171,77.540243,NH3,3,4,4
India,Uttar Pradesh,Moradabad,"Eco Herbal Park, Moradabad - UPPCB",24-09-2026 14:00:00,28.840739,78.697531,PM2.5,10,100,50
India,Uttar Pradesh,Moradabad,"Eco Herbal Park, Moradabad - UPPCB",24-09-2026 14:00:00,28.840739,78.697531,NH3,8,11,9
India,Uttar Pradesh,Gorakhpur,"Madan Mohan Malaviya University of Technology, Gorakhpur - UPPCB",24-09-2026 14:00:00,26.730136,83.433859,NO2,11,12,11
India,Uttar Pradesh,Greater Noida,"Knowledge Park - V, Greater Noida - UPPCB",24-09-2026 14:00:00,28.557054,77.453663,PM2.5,58,327,171
India,Uttar Pradesh,Greater Noida,"Knowledge Park - III, Greater Noida - UPPCB",24-09-2026 14:00:00,28.47272,77.482,CO,14,46,27
India,Uttar Pradesh,Kanpur,"FTI Kidwai Nagar, Kanpur - UPPCB",24-09-2026 14:00:00,26.428282,80.327067,PM10,19,83,35
India,Uttar Pradesh,Kanpur,"FTI Kidwai Nagar, Kanpur - UPPCB",24-09-2026 14:00:00,26.428282,80.327067,NH3,3,3,3
India,Uttar Pradesh,Kanpur,"FTI Kidwai Nagar, Kanpur - UPPCB",24-09-2026 14:00:00,26.428282,80.327067,CO,31,32,32
India,Uttar Pradesh,Kanpur,"FTI Kidwai Nagar, Kanpur - UPPCB",24-09-2026 14:00:00,26.428282,80.327067,OZONE,13,17,15
India,Uttar Pradesh,Kanpur,"Nehru Nagar, Kanpur - UPPCB",24-09-2026 14:00:00,26.4703136,80.3229863,PM2.5,4,46,21
India,Uttar Pradesh,Kanpur,"Nehru Nagar, Kanpur - UPPCB",24-09-2026 14:00:00,26.4703136,80.3229863,NO2,44,49,48
India,Uttar Pradesh,Kanpur,"Nehru Nagar, Kanpur - UPPCB",24-09-2026 14:00:00,26.4703136,80.3229863,SO2,11,12,12
India,Uttar Pradesh,Kanpur,"Nehru Nagar, Kanpur - UPPCB",24-09-2026 14:00:00,26.4703136,80.3229863,OZONE,3,50,26
India,Uttar Pradesh,Moradabad,"Kashiram Nagar, Moradabad - UPPCB",24-09-2026 14:00:00,28.849399,78.742362,NO2,25,25,25
India,Uttar Pradesh,Moradabad,"Kashiram Nagar, Moradabad - UPPCB",24-09-2026 14:00:00,28.849399,78.742362,SO2,17,25,19
India,Uttar Pradesh,Moradabad,"Transport Nagar, Moradabad - UPPCB",24-09-2026 14:00:00,28.802625,78.753728,PM2.5,24,220,78
India,Uttar Pradesh,Moradabad,"Transport Nagar, Moradabad - UPPCB",24-09-2026 14:00:00,28.802625,78.753728,NH3,5,5,5
India,Uttar Pradesh,Moradabad,"Transport Nagar, Moradabad - UPPCB",24-09-2026 14:00:00,28.802625,78.753728,CO,27,46,40
India,Uttar Pradesh,Moradabad,"Employment Office, Moradabad - UPPCB",24-09-2026 14:00:00,28.88528,78.7388,SO2,36,47,41
India,Uttar Pradesh,Moradabad,"Buddhi Vihar, Moradabad - UPPCB",24-09-2026 14:00:00,28.83526,78.7446,NH3,5,5,5
India,Uttar Pradesh,Moradabad,"Jigar Colony, Moradabad - UPPCB",24-09-2026 14:00:00,28.856664,78.772638,PM10,34,111,63
India,Uttar Pradesh,Moradabad,"Jigar Colony, Moradabad - UPPCB",24-09-2026 14:00:00,28.856664,78.772638,OZONE,19,25,22
India,Uttar Pradesh,Noida,"Sector - 62, Noida - IITM",24-09-2026 14:00:00,28.6245479,77.3577104,NO2,NA,NA,NA
India,Uttar Pradesh,Ghaziabad,"Ved Vihar-Loni, Ghaziabad - UPPCB",24-09-2026 14:00:00,28.739153,77.273668,PM10,105,162,131
India,Uttar Pradesh,Ghaziabad,"Ved Vihar-Loni, Ghaziabad - UPPCB",24-09-2026 14:00:00,28.739153,77.273668,CO,76,99,89
India,Uttar Pradesh,Ghaziabad,"Wave City, Ghaziabad - UPPCB",24-09-2026 14:00:00,28.646675,77.489049,PM10,NA,NA,NA
India,Uttar Pradesh,Ghaziabad,"Loni, Ghaziabad - UPPCB",24-09-2026 14:00:00,28.757294,77.278792,PM10,130,253,186
India,Uttar Pradesh,Ghaziabad,"Loni, Ghaziabad - UPPCB",24-09-2026 14:00:00,28.757294,77.278792,OZONE,3,8,6
India,Uttar Pradesh,Ghaziabad,"Vasundhara, Ghaziabad - UPPCB",24-09-2026 14:00:00,28.6603346,77.3572563,NH3,5,10,8
India,Uttar Pradesh,Ghaziabad,"Vasundhara, Ghaziabad - UPPCB",24-09-2026 14:00:00,28.6603346,77.3572563,CO,28,75,58
India,Uttar Pradesh,Ghaziabad,"Sanjay Nagar, Ghaziabad - UPPCB",24-09-2026 14:00:00,28.685382,77.453839,NH3,7,12,9
India,Uttar Pradesh,Ghaziabad,"Sanjay Nagar, Ghaziabad - UPPCB",24-09-2026 14:00:00,28.685382,77.453839,SO2,7,19,10
India,Uttar Pradesh,Ghaziabad,"Sanjay Nagar, Ghaziabad - UPPCB",24-09-2026 14:00:00,28.685382,77.453839,OZONE,11,42,23
India,Uttar Pradesh,Khurja,"Kalindi Kunj, Khurja - UPPCB",24-09-2026 14:00:00,28.2348927,77.8683002,PM2.5,28,91,53
India,Uttar Pradesh,Khurja,"Kalindi Kunj, Khurja - UPPCB",24-09-2026 14:00:00,28.2348927,77.8683002,NO2,12,13,12
India,Uttar Pradesh,Khurja,"Kalindi Kunj, Khurja - UPPCB",24-09-2026 14:00:00,28.2348927,77.8683002,CO,25,99,56
India,Uttar Pradesh,Lucknow,"Kendriya Vidyalaya, Lucknow - CPCB",24-09-2026 14:00:00,26.906111,80.948222,NH3,9,19,14
India,Uttar Pradesh,Lucknow,"Lalbagh, Lucknow - CPCB",24-09-2026 14:00:00,26.8458805,80.9365541,PM10,40,86,65
India,Uttar Pradesh,Lucknow,"Lalbagh, Lucknow - CPCB",24-09-2026 14:00:00,26.8458805,80.9365541,OZONE,7,51,30
India,Uttar Pradesh,Lucknow,"Gomti Nagar, Lucknow - UPPCB",24-09-2026 14:00:00,26.86812,81.005119,SO2,11,11,11
India,Uttar Pradesh,Lucknow,"Talkatora District Industries Center, Lucknow - CPCB",24-09-2026 14:00:00,26.83399722,80.8917361,PM10,46,64,56
India,Uttar Pradesh,Lucknow,"Talkatora District Industries Center, Lucknow - CPCB",24-09-2026 14:00:00,26.83399722,80.8917361,NH3,12,19,15
India,Tamil Nadu,Ramanathapuram,"Chalai Bazaar, Ramanathapuram - TNPCB",24-09-2026 14:00:00,9.36399,78.831977,PM2.5,NA,NA,NA
India,Tamil Nadu,Ramanathapuram,"Chalai Bazaar, Ramanathapuram - TNPCB",24-09-2026 14:00:00,9.36399,78.831977,NH3,NA,NA,NA
India,Tamil Nadu,Ramanathapuram,"Chalai Bazaar, Ramanathapuram - TNPCB",24-09-2026 14:00:00,9.36399,78.831977,SO2,NA,NA,NA
India,Tamil Nadu,Thoothukudi,"Meelavittan, Thoothukudi - TNPCB",24-09-2026 14:00:00,8.816428,78.099039,NO2,13,17,16
India,Telangana,Hyderabad,"Kompally Municipal Office, Hyderabad - TSPCB",24-09-2026 14:00:00,17.544899,78.486949,PM10,64,80,71
India,Telangana,Hyderabad,"Ramachandrapuram, Hyderabad - TSPCB",24-09-2026 14:00:00,17.528544,78.286195,PM2.5,41,51,45
India,Telangana,Hyderabad,"Zoo Park, Hyderabad - TSPCB",24-09-2026 14:00:00,17.349694,78.451437,NH3,2,2,2
India,Uttar Pradesh,Agra,"Manoharpur, Agra - UPPCB",24-09-2026 14:00:00,27.23711,78.01936,OZONE,6,6,6
India,Uttar Pradesh,Agra,"Sanjay Palace, Agra - UPPCB",24-09-2026 14:00:00,27.19865833,78.00598056,PM2.5,15,123,45
India,Uttar Pradesh,Agra,"Sanjay Palace, Agra - UPPCB",24-09-2026 14:00:00,27.19865833,78.00598056,PM10,13,80,42
India,Uttar Pradesh,Agra,"Sector-3B Avas Vikas Colony, Agra - UPPCB",24-09-2026 14:00:00,27.19412,77.96237,CO,41,43,42
India,Uttar Pradesh,Agra,"Shastripuram, Agra - UPPCB",24-09-2026 14:00:00,27.19862,77.92066,PM10,16,83,44
India,Uttar Pradesh,Agra,"Shastripuram, Agra - UPPCB",24-09-2026 14:00:00,27.19862,77.92066,OZONE,5,8,7
India,Uttar Pradesh,Agra,"Shahjahan Garden, Agra - UPPCB",24-09-2026 14:00:00,27.169338,78.03582,SO2,0,18,10
India,Uttar Pradesh,Noida,"Sector - 125, Noida - UPPCB",24-09-2026 14:00:00,28.5447608,77.3231257,OZONE,8,26,14
India,Uttar Pradesh,Prayagraj,"Nagar Nigam, Prayagraj - UPPCB",24-09-2026 14:00:00,25.44919916,81.82735986,PM10,8,87,37
India,Uttar Pradesh,Prayagraj,"Nagar Nigam, Prayagraj - UPPCB",24-09-2026 14:00:00,25.44919916,81.82735986,CO,11,14,13
India,Uttar Pradesh,Prayagraj,"Motilal Nehru NIT, Prayagraj - UPPCB",24-09-2026 14:00:00,25.494,81.863,PM10,12,60,25
India,Uttar Pradesh,Prayagraj,"Motilal Nehru NIT, Prayagraj - UPPCB",24-09-2026 14:00:00,25.494,81.863,NH3,8,8,8
India,Uttar Pradesh,Prayagraj,"Motilal Nehru NIT, Prayagraj - UPPCB",24-09-2026 14:00:00,25.494,81.863,OZONE,12,23,17
India,Uttar Pradesh,Prayagraj,"Jhunsi, Prayagraj - UPPCB",24-09-2026 14:00:00,25.425602,81.917152,NH3,6,6,6
India,Uttar Pradesh,Raebareli,"Anand Nagar, Raebareli - UPPCB",24-09-2026 14:00:00,26.219512,81.237648,PM2.5,24,42,35
India,Uttar Pradesh,Shamli,"New Tehsil, Shamli - UPPCB",24-09-2026 14:00:00,29.4603683,77.3410291,PM2.5,NA,NA,NA
India,Uttar Pradesh,Varanasi,"Maldahiya, Varanasi - UPPCB",24-09-2026 14:00:00,25.32393,82.99687,SO2,30,35,31
India,Uttar Pradesh,Varanasi,"Ardhali Bazar, Varanasi - UPPCB",24-09-2026 14:00:00,25.3505986,82.9083074,PM10,16,60,28
India,Uttar Pradesh,Varanasi,"Ardhali Bazar, Varanasi - UPPCB",24-09-2026 14:00:00,25.3505986,82.9083074,CO,14,14,14
India,Uttar Pradesh,Varanasi,"Ardhali Bazar, Varanasi - UPPCB",24-09-2026 14:00:00,25.3505986,82.9083074,OZONE,10,18,13
India,Uttar Pradesh,Varanasi,"IESD Banaras Hindu University, Varanasi - UPPCB",24-09-2026 14:00:00,25.262326,82.995408,OZONE,3,16,6
India,Uttar Pradesh,Vrindavan," Chhatikara, Vrindavan - UPPCB",24-09-2026 14:00:00,27.57194,77.62346,NH3,3,6,4
India,Uttarakhand,Dehradun,"Doon University, Dehradun - UKPCB",24-09-2026 14:00:00,30.269444,78.044167,SO2,0,1,1
India,Uttarakhand,Kashipur,"Govt. Girls Inter College, Kashipur - UKPCB",24-09-2026 14:00:00,29.2124114,78.9611753,PM2.5,NA,NA,NA
India,Uttarakhand,Kashipur,"Govt. Girls Inter College, Kashipur - UKPCB",24-09-2026 14:00:00,29.2124114,78.9611753,NH3,NA,NA,NA
India,Uttarakhand,Rishikesh,"Shivaji Nagar, Rishikesh - UKPCB",24-09-2026 14:00:00,30.075911,78.2859547,OZONE,44,71,59
India,West Bengal,Asansol,"Evelyn Lodge, Asansol - WBPCB",24-09-2026 14:00:00,23.697936,86.944395,PM2.5,8,28,17
India,West Bengal,Asansol,"Mahabir Colliery, Asansol - WBPCB",24-09-2026 14:00:00,23.618183,87.105718,NH3,1,2,2
India,West Bengal,Asansol,"Mahabir Colliery, Asansol - WBPCB",24-09-2026 14:00:00,23.618183,87.105718,SO2,9,10,10
India,West Bengal,Asansol,"Trivenidevi Bhalotia College, Asansol - WBPCB",24-09-2026 14:00:00,23.616515,87.119133,NO2,10,26,14
India,West Bengal,Asansol,"Trivenidevi Bhalotia College, Asansol - WBPCB",24-09-2026 14:00:00,23.616515,87.119133,NH3,1,3,3
India,West Bengal,Asansol,"Trivenidevi Bhalotia College, Asansol - WBPCB",24-09-2026 14:00:00,23.616515,87.119133,SO2,10,14,12
India,West Bengal,Barrackpore,"SVSPA Campus, Barrackpore - WBPCB",24-09-2026 14:00:00,22.7605581,88.3617589,PM10,24,34,29
India,West Bengal,Durgapur,"PCBL Residential Complex, Durgapur - WBPCB",24-09-2026 14:00:00,23.508764,87.35444,PM10,11,129,83
India,West Bengal,Durgapur,"PCBL Residential Complex, Durgapur - WBPCB",24-09-2026 14:00:00,23.508764,87.35444,NO2,1,28,16
India,West Bengal,Durgapur,"Womens College_City Center, Durgapur - WBPCB",24-09-2026 14:00:00,23.549395,87.300496,PM2.5,5,15,9
India,West Bengal,Haldia,"Priyambada Housing Estate, Haldia - WBPCB",24-09-2026 14:00:00,22.06047,88.109737,NO2,11,25,14
India,West Bengal,Howrah,"Ghusuri, Howrah - WBPCB",24-09-2026 14:00:00,22.611968,88.347422,PM10,12,34,20
India,West Bengal,Howrah,"Ghusuri, Howrah - WBPCB",24-09-2026 14:00:00,22.611968,88.347422,NO2,21,38,26
India,West Bengal,Howrah,"Belur Math, Howrah - WBPCB",24-09-2026 14:00:00,22.629801,88.352017,PM10,17,26,22
India,West Bengal,Howrah,"Belur Math, Howrah - WBPCB",24-09-2026 14:00:00,22.629801,88.352017,NO2,21,50,32
India,West Bengal,Howrah,"Belur Math, Howrah - WBPCB",24-09-2026 14:00:00,22.629801,88.352017,NH3,7,13,10
India,West Bengal,Howrah,"Dasnagar, Howrah - WBPCB",24-09-2026 14:00:00,22.6025571,88.3105664,PM10,22,80,46
India,West Bengal,Howrah,"Padmapukur, Howrah - WBPCB",24-09-2026 14:00:00,22.5687319,88.2797276,NO2,15,52,30
India,West Bengal,Howrah,"Padmapukur, Howrah - WBPCB",24-09-2026 14:00:00,22.5687319,88.2797276,CO,50,89,61
India,West Bengal,Howrah,"Padmapukur, Howrah - WBPCB",24-09-2026 14:00:00,22.5687319,88.2797276,OZONE,16,20,19
India,West Bengal,Kolkata,"Rabindra Bharati University, Kolkata - WBPCB",24-09-2026 14:00:00,22.627847,88.380669,PM2.5,14,25,17
India,West Bengal,Kolkata,"Rabindra Bharati University, Kolkata - WBPCB",24-09-2026 14:00:00,22.627847,88.380669,CO,24,27,26
India,West Bengal,Kolkata,"Fort William, Kolkata - WBPCB",24-09-2026 14:00:00,22.55664,88.342674,NO2,12,21,15
India,West Bengal,Kolkata,"Fort William, Kolkata - WBPCB",24-09-2026 14:00:00,22.55664,88.342674,NH3,7,7,7
India,West Bengal,Kolkata,"Ballygunge, Kolkata - WBPCB",24-09-2026 14:00:00,22.5367507,88.3638022,NH3,7,8,7
India,West Bengal,Kolkata,"Victoria, Kolkata - WBPCB",24-09-2026 14:00:00,22.5448082,88.3403691,PM10,32,63,40
India,West Bengal,Kolkata,"Rabindra Sarobar, Kolkata - WBPCB",24-09-2026 14:00:00,22.51106,88.35142,NH3,6,7,6
India,West Bengal,Kolkata,"Bidhannagar, Kolkata - WBPCB",24-09-2026 14:00:00,22.58157048,88.41002457,CO,25,27,26
India,West Bengal,Siliguri,"Ward-32 Bapupara, Siliguri - WBPCB",24-09-2026 14:00:00,26.6879226,88.4152495,SO2,14,15,15
India,West Bengal,Siliguri,"Ward-32 Bapupara, Siliguri - WBPCB",24-09-2026 14:00:00,26.6879226,88.4152495,CO,8,46,25
India,Bihar,Patna,"Rajbansi Nagar, Patna - BSPCB",24-09-2026 14:00:00,25.599486,85.113666,OZONE,26,28,27
India,Bihar,Purnia,"Mariam Nagar, Purnia - BSPCB",24-09-2026 14:00:00,25.366336,87.117468,PM10,NA,NA,NA
India,Bihar,Purnia,"Mariam Nagar, Purnia - BSPCB",24-09-2026 14:00:00,25.366336,87.117468,NO2,14,21,18
India,Bihar,Purnia,"Mariam Nagar, Purnia - BSPCB",24-09-2026 14:00:00,25.366336,87.117468,NH3,3,8,4
India,Bihar,Purnia,"Mariam Nagar, Purnia - BSPCB",24-09-2026 14:00:00,25.366336,87.117468,SO2,0,17,13
India,Bihar,Purnia,"Mariam Nagar, Purnia - BSPCB",24-09-2026 14:00:00,25.366336,87.117468,CO,26,58,44
India,Bihar,Rajgir,"Dangi Tola, Rajgir - BSPCB",24-09-2026 14:00:00,25.0328,85.41948,PM10,17,41,19
India,Bihar,Rajgir,"Dangi Tola, Rajgir - BSPCB",24-09-2026 14:00:00,25.0328,85.41948,NO2,13,15,14
India,Bihar,Rajgir,"Dangi Tola, Rajgir - BSPCB",24-09-2026 14:00:00,25.0328,85.41948,NH3,3,3,3
India,Bihar,Rajgir,"Dangi Tola, Rajgir - BSPCB",24-09-2026 14:00:00,25.0328,85.41948,OZONE,3,20,11
India,Bihar,Saharsa,"Police Line, Saharsa - BSPCB",24-09-2026 14:00:00,25.892357,86.590325,NO2,5,10,7
India,Bihar,Saharsa,"Police Line, Saharsa - BSPCB",24-09-2026 14:00:00,25.892357,86.590325,SO2,15,18,16
India,Bihar,Saharsa,"Police Line, Saharsa - BSPCB",24-09-2026 14:00:00,25.892357,86.590325,CO,35,41,38
India,Bihar,Saharsa,"Police Line, Saharsa - BSPCB",24-09-2026 14:00:00,25.892357,86.590325,OZONE,5,21,14
India,Bihar,Samastipur,"DM Office_Kasipur, Samastipur - BSPCB",24-09-2026 14:00:00,25.859655,85.77944,PM2.5,NA,NA,NA
India,Chandigarh,Chandigarh,"Sector-53, Chandigarh - CPCC",24-09-2026 14:00:00,30.719859,76.738637,PM10,22,65,38
India,Chandigarh,Chandigarh,"Sector-53, Chandigarh - CPCC",24-09-2026 14:00:00,30.719859,76.738637,NO2,7,147,49
India,Chandigarh,Chandigarh,"Sector-53, Chandigarh - CPCC",24-09-2026 14:00:00,30.719859,76.738637,OZONE,13,49,30
India,Chhattisgarh,Bhilai,"Hathkhoj, Bhilai - CECB",24-09-2026 14:00:00,21.224231,81.40835,NO2,5,33,17
India,Andhra Pradesh,Tirumala,"Toll Gate, Tirumala - APPCB",24-09-2026 14:00:00,13.67,79.35,NH3,2,3,3
India,Andhra Pradesh,Tirupati,"Vaikuntapuram, Tirupati - APPCB",24-09-2026 14:00:00,13.615387,79.40923,PM2.5,53,77,66
India,Andhra Pradesh,Tirupati,"Vaikuntapuram, Tirupati - APPCB",24-09-2026 14:00:00,13.615387,79.40923,CO,23,29,26
India,Andhra Pradesh,Tirupati,"Vaikuntapuram, Tirupati - APPCB",24-09-2026 14:00:00,13.615387,79.40923,OZONE,35,48,37
India,Andhra Pradesh,Vijayawada,"HB Colony, Vijayawada - APPCB",24-09-2026 14:00:00,16.536107,80.594233,CO,22,37,32
India,Andhra Pradesh,Vijayawada,"Rajiv Nagar, Vijayawada - APPCB",24-09-2026 14:00:00,16.554731,80.64911,PM10,42,63,50
India,Andhra Pradesh,Vijayawada,"Rajiv Nagar, Vijayawada - APPCB",24-09-2026 14:00:00,16.554731,80.64911,SO2,6,14,8
India,Andhra Pradesh,Vijayawada,"Rajiv Gandhi Park, Vijayawada - APPCB",24-09-2026 14:00:00,16.509717,80.612222,NH3,NA,NA,NA
India,Andhra Pradesh,Vijayawada,"Rajiv Gandhi Park, Vijayawada - APPCB",24-09-2026 14:00:00,16.509717,80.612222,SO2,NA,NA,NA
India,Andhra Pradesh,Visakhapatnam,"GVM Corporation, Visakhapatnam - APPCB",24-09-2026 14:00:00,17.72,83.3,PM10,7,42,18
India,Andhra Pradesh,Visakhapatnam,"GVM Corporation, Visakhapatnam - APPCB",24-09-2026 14:00:00,17.72,83.3,NO2,14,58,30
India,Andhra Pradesh,Visakhapatnam,"GVM Corporation, Visakhapatnam - APPCB",24-09-2026 14:00:00,17.72,83.3,NH3,2,3,3
India,Andhra Pradesh,Visakhapatnam,"GVM Corporation, Visakhapatnam - APPCB",24-09-2026 14:00:00,17.72,83.3,SO2,1,34,8
India,Arunachal Pradesh,Naharlagun,"Naharlagun, Naharlagun - APSPCB",24-09-2026 14:00:00,27.103358,93.679645,NH3,1,1,1
India,Arunachal Pradesh,Naharlagun,"Naharlagun, Naharlagun - APSPCB",24-09-2026 14:00:00,27.103358,93.679645,CO,7,8,7
India,Andhra Pradesh,Eluru,"District Court, Eluru - APPCB",24-09-2026 14:00:00,16.711754,81.092095,PM10,37,64,46
India,Andhra Pradesh,Eluru,"District Court, Eluru - APPCB",24-09-2026 14:00:00,16.711754,81.092095,SO2,9,19,11
India,Andhra Pradesh,Eluru,"District Court, Eluru - APPCB",24-09-2026 14:00:00,16.711754,81.092095,CO,12,26,19
India,Andhra Pradesh,Kadapa,"Yerramukkapalli, Kadapa - APPCB",24-09-2026 14:00:00,14.465052,78.824187,SO2,9,17,12
India,Andhra Pradesh,Kakinada,"Rama Rao Peta, Kakinada - APPCB",24-09-2026 14:00:00,16.962488,82.229513,PM2.5,2,37,13
India,Andhra Pradesh,Kakinada,"Rama Rao Peta, Kakinada - APPCB",24-09-2026 14:00:00,16.962488,82.229513,NO2,6,24,13
India,Andhra Pradesh,Kakinada,"Rama Rao Peta, Kakinada - APPCB",24-09-2026 14:00:00,16.962488,82.229513,NH3,1,6,2
India,Andhra Pradesh,Kakinada,"Rama Rao Peta, Kakinada - APPCB",24-09-2026 14:00:00,16.962488,82.229513,SO2,9,11,10
India,Andhra Pradesh,Kakinada,"Rama Rao Peta, Kakinada - APPCB",24-09-2026 14:00:00,16.962488,82.229513,CO,1,2,2
India,Andhra Pradesh,Machilipatnam,"Srinivas Nagar Colony, Machilipatnam - APPCB",24-09-2026 14:00:00,16.186555,81.13219,NO2,21,29,26
India,Andhra Pradesh,Machilipatnam,"Srinivas Nagar Colony, Machilipatnam - APPCB",24-09-2026 14:00:00,16.186555,81.13219,CO,26,37,30
India,Andhra Pradesh,Nellore,"Ambedkar Nagar, Nellore - APPCB ",24-09-2026 14:00:00,14.438164,79.966814,PM2.5,53,66,61
India,Andhra Pradesh,Rajamahendravaram,"Anand Kala Kshetram, Rajamahendravaram - APPCB",24-09-2026 14:00:00,16.9872867,81.7363176,PM10,1,31,12
India,Assam,Sivasagar,"Girls College, Sivasagar - PCBA",24-09-2026 14:00:00,26.987634,94.636574,CO,9,20,14
India,Bihar,Araria,"Kharahiya Basti, Araria - BSPCB",24-09-2026 14:00:00,26.146529,87.454184,PM2.5,NA,NA,NA
India,Bihar,Arrah,"New DM Office, Arrah - BSPCB",24-09-2026 14:00:00,25.5626095,84.663264,SO2,4,6,5
India,Bihar,Arrah,"New DM Office, Arrah - BSPCB",24-09-2026 14:00:00,25.5626095,84.663264,OZONE,2,9,7
India,Bihar,Begusarai,"Lohiyanagar, Begusarai - BSPCB",24-09-2026 14:00:00,25.42742023,86.13886079,PM2.5,NA,NA,NA
India,Bihar,Bettiah,"Kamalnath Nagar, Bettiah - BSPCB",24-09-2026 14:00:00,26.80365,84.51954,PM10,19,23,21
India,Bihar,Bettiah,"Kamalnath Nagar, Bettiah - BSPCB",24-09-2026 14:00:00,26.80365,84.51954,NH3,2,4,3
India,Bihar,Bhagalpur,"DM Office_Kachari Chowk, Bhagalpur - BSPCB",24-09-2026 14:00:00,25.251013,86.989001,NH3,4,4,4
India,Bihar,Bhagalpur,"DM Office_Kachari Chowk, Bhagalpur - BSPCB",24-09-2026 14:00:00,25.251013,86.989001,CO,27,33,29
India,Bihar,Bhagalpur,"Mayaganj, Bhagalpur - BSPCB",24-09-2026 14:00:00,25.265194,87.012947,CO,1,39,15
India,Bihar,Chhapra,"Darshan Nagar, Chhapra - BSPCB",24-09-2026 14:00:00,25.7808257,84.7446768,PM10,106,113,109
India,Assam,Byrnihat,"Central Academy for SFS, Byrnihat - PCBA",24-09-2026 14:00:00,26.071318,91.87488,OZONE,16,20,18
India,Assam,Guwahati,"LGBI Airport, Guwahati - PCBA",24-09-2026 14:00:00,26.10887,91.589544,PM2.5,20,78,65
India,Assam,Guwahati,"LGBI Airport, Guwahati - PCBA",24-09-2026 14:00:00,26.10887,91.589544,NH3,1,32,5
India,Assam,Guwahati,"Pan Bazaar, Guwahati - PCBA",24-09-2026 14:00:00,26.1875,91.744194,PM2.5,NA,NA,NA
India,Assam,Guwahati,"Railway Colony, Guwahati - PCBA",24-09-2026 14:00:00,26.181742,91.78063,SO2,7,21,12
India,Assam,Guwahati,"IITG, Guwahati - PCBA",24-09-2026 14:00:00,26.2028636,91.70046436,PM10,NA,NA,NA
India,Assam,Guwahati,"IITG, Guwahati - PCBA",24-09-2026 14:00:00,26.2028636,91.70046436,NH3,1,1,1
India,Assam,Nagaon,"Christianpatty, Nagaon - PCBA",24-09-2026 14:00:00,26.349082,92.68449,NH3,4,4,4
India,Assam,Nalbari,"Bata Chowk, Nalbari - PCBA",24-09-2026 14:00:00,26.446912,91.439057,NH3,6,6,6
India,Assam,Nalbari,"Bata Chowk, Nalbari - PCBA",24-09-2026 14:00:00,26.446912,91.439057,OZONE,19,19,19
India,Assam,Silchar,"Tarapur, Silchar - PCBA",24-09-2026 14:00:00,24.82827,92.79525,NO2,18,21,20
India,Assam,Silchar,"Tarapur, Silchar - PCBA",24-09-2026 14:00:00,24.82827,92.79525,NH3,1,1,1
India,Chhattisgarh,Kunjemura,"OP Jindal School, Kunjemura - CECB",24-09-2026 14:00:00,22.12665,83.483212,OZONE,4,6,4
India,Chhattisgarh,Raipur,"Bhatagaon New ISBT, Raipur - CECB",24-09-2026 14:00:00,21.219665,81.630094,OZONE,1,2,1
India,Chhattisgarh,Raipur,"AIIMS, Raipur - CECB",24-09-2026 14:00:00,21.258815,81.578979,PM10,32,62,46
India,Chhattisgarh,Raipur,"Siltara Phase-II, Raipur - CECB",24-09-2026 14:00:00,21.371751,81.664929,PM10,NA,NA,NA
India,Chhattisgarh,Raipur,"Siltara Phase-II, Raipur - CECB",24-09-2026 14:00:00,21.371751,81.664929,SO2,0,2,1
India,Delhi,Delhi,"Narela, Delhi - DPCC",24-09-2026 14:00:00,28.822836,77.101981,NH3,6,10,8
India,Delhi,Delhi,"Major Dhyan Chand National Stadium, Delhi - DPCC",24-09-2026 14:00:00,28.611281,77.237738,PM10,56,170,119
India,Delhi,Delhi,"Major Dhyan Chand National Stadium, Delhi - DPCC",24-09-2026 14:00:00,28.611281,77.237738,NO2,15,99,56
India,Delhi,Delhi,"Sonia Vihar, Delhi - DPCC",24-09-2026 14:00:00,28.710508,77.249485,PM10,84,320,153
India,Bihar,Munger,"Town Hall, Munger - BSPCB",24-09-2026 14:00:00,25.376776,86.471523,SO2,5,91,26
India,Bihar,Patna,"Samanpura, Patna - BSPCB",24-09-2026 14:00:00,25.596727,85.085624,NH3,7,8,7
India,Bihar,Patna,"Muradpur, Patna - BSPCB",24-09-2026 14:00:00,25.619651,85.147382,NH3,4,5,5
India,Bihar,Patna,"DRM Office Danapur, Patna - BSPCB",24-09-2026 14:00:00,25.586562,85.043586,NH3,8,17,15
India,Bihar,Patna,"DRM Office Danapur, Patna - BSPCB",24-09-2026 14:00:00,25.586562,85.043586,SO2,5,7,6
India,Bihar,Patna,"Govt. High School Shikarpur, Patna - BSPCB",24-09-2026 14:00:00,25.592539,85.227158,PM10,NA,NA,NA
India,Bihar,Patna,"Govt. High School Shikarpur, Patna - BSPCB",24-09-2026 14:00:00,25.592539,85.227158,NO2,5,7,6
India,Bihar,Patna,"IGSC Planetarium Complex, Patna - BSPCB",24-09-2026 14:00:00,25.610369,85.132568,PM2.5,NA,NA,NA
India,Bihar,Patna,"IGSC Planetarium Complex, Patna - BSPCB",24-09-2026 14:00:00,25.610369,85.132568,PM10,NA,NA,NA
India,Bihar,Gaya,"Kareemganj, Gaya - BSPCB",24-09-2026 14:00:00,24.792403,84.992416,OZONE,21,56,35
India,Bihar,Gaya,"Collectorate, Gaya - BSPCB",24-09-2026 14:00:00,24.7955,84.9994,NH3,NA,NA,NA
India,Bihar,Hajipur,"Industrial Area, Hajipur - BSPCB",24-09-2026 14:00:00,25.697189,85.2459,PM2.5,5,57,23
India,Bihar,Hajipur,"Industrial Area, Hajipur - BSPCB",24-09-2026 14:00:00,25.697189,85.2459,NO2,14,26,18
India,Bihar,Kishanganj,"SDM Office_Khagra, Kishanganj - BSPCB",24-09-2026 14:00:00,26.0881305,87.93840336,PM2.5,30,53,37
India,Bihar,Kishanganj,"SDM Office_Khagra, Kishanganj - BSPCB",24-09-2026 14:00:00,26.0881305,87.93840336,CO,37,40,39
India,Bihar,Manguraha,"Forest Rest House, Manguraha - BSPCB",24-09-2026 14:00:00,27.308328,84.531742,PM10,NA,NA,NA
India,Bihar,Manguraha,"Forest Rest House, Manguraha - BSPCB",24-09-2026 14:00:00,27.308328,84.531742,NH3,NA,NA,NA
India,Chhattisgarh,Bhilai,"Civic Center, Bhilai - Bhilai Steel Plant",24-09-2026 14:00:00,21.185571,81.343175,NH3,NA,NA,NA
India,Chhattisgarh,Bhilai,"Civic Center, Bhilai - Bhilai Steel Plant",24-09-2026 14:00:00,21.185571,81.343175,CO,20,21,21
India,Chhattisgarh,Bilaspur,"Mangala, Bilaspur - NTPC",24-09-2026 14:00:00,22.08815,82.13737,PM10,5,37,18
India,Chhattisgarh,Korba,"Rampur, Korba - CECB",24-09-2026 14:00:00,22.368195,82.746431,PM2.5,NA,NA,NA
India,Chhattisgarh,Korba,"Rampur, Korba - CECB",24-09-2026 14:00:00,22.368195,82.746431,SO2,2,6,4
India,Chhattisgarh,Kunjemura,"OP Jindal School, Kunjemura - CECB",24-09-2026 14:00:00,22.12665,83.483212,PM10,2,17,7
India,Chhattisgarh,Kunjemura,"OP Jindal School, Kunjemura - CECB",24-09-2026 14:00:00,22.12665,83.483212,SO2,4,17,11
India,Andhra Pradesh,Anantapur,"Gulzarpet, Anantapur - APPCB",24-09-2026 14:00:00,14.675886,77.593027,PM10,53,81,59
India,Andhra Pradesh,Anantapur,"Gulzarpet, Anantapur - APPCB",24-09-2026 14:00:00,14.675886,77.593027,OZONE,15,35,24
India,Andhra Pradesh,Chittoor,"Gangineni Cheruvu, Chittoor - APPCB",24-09-2026 14:00:00,13.20488,79.097889,NH3,6,9,8
India,Andhra Pradesh,Chittoor,"Gangineni Cheruvu, Chittoor - APPCB",24-09-2026 14:00:00,13.20488,79.097889,OZONE,31,34,32
India,Gujarat,Vadodara,"Bapunagar, Vadodara - Nexteng Enviro",24-09-2026 14:00:00,22.320153,73.216285,OZONE,5,8,6
India,Gujarat,Vapi,"Phase-1 GIDC, Vapi - GPCB",24-09-2026 14:00:00,20.362421,72.918013,PM10,46,135,71
India,Gujarat,Vapi,"Phase-1 GIDC, Vapi - GPCB",24-09-2026 14:00:00,20.362421,72.918013,CO,NA,NA,NA
India,Gujarat,Vatva,"Phase-4 GIDC, Vatva - GPCB",24-09-2026 14:00:00,22.969611,72.6435,NO2,19,34,30
India,Gujarat,Vatva,"Phase-4 GIDC, Vatva - GPCB",24-09-2026 14:00:00,22.969611,72.6435,NH3,5,5,5
India,Haryana,Ambala,"Patti Mehar, Ambala - HSPCB",24-09-2026 14:00:00,30.379589,76.778328,SO2,NA,NA,NA
India,Haryana,Ballabgarh,"Nathu Colony, Ballabgarh - HSPCB",24-09-2026 14:00:00,28.3419248,77.319699,PM2.5,36,87,60
India,Haryana,Bhiwani,"H.B. Colony, Bhiwani - HSPCB",24-09-2026 14:00:00,28.806223,76.141105,PM2.5,95,251,162
India,Haryana,Bhiwani,"H.B. Colony, Bhiwani - HSPCB",24-09-2026 14:00:00,28.806223,76.141105,CO,48,48,48
India,Haryana,Charkhi Dadri,"Mini Secretariat, Charkhi Dadri - HSPCB",24-09-2026 14:00:00,28.593883,76.270653,SO2,7,10,8
India,Haryana,Dharuhera,"Municipal Corporation Office, Dharuhera -  HSPCB",24-09-2026 14:00:00,28.2068,76.7997,NH3,4,16,7
India,Haryana,Dharuhera,"Municipal Corporation Office, Dharuhera -  HSPCB",24-09-2026 14:00:00,28.2068,76.7997,SO2,4,16,9
India,Haryana,Faridabad,"Sector 30, Faridabad - HSPCB",24-09-2026 14:00:00,28.4417,77.3217,PM10,86,113,97
India,Haryana,Faridabad,"Sector 11, Faridabad - HSPCB",24-09-2026 14:00:00,28.376058,77.315741,NO2,30,33,31
India,Haryana,Faridabad,"Sector 11, Faridabad - HSPCB",24-09-2026 14:00:00,28.376058,77.315741,NH3,6,6,6
India,Haryana,Faridabad,"Sector 11, Faridabad - HSPCB",24-09-2026 14:00:00,28.376058,77.315741,CO,49,58,55
India,Gujarat,Bhavnagar,"Vidhyanagar, Bhavnagar - Nexteng Enviro",24-09-2026 14:00:00,21.755417,72.139056,SO2,7,8,7
India,Gujarat,Gandhinagar,"Sector-10, Gandhinagar - GPCB",24-09-2026 14:00:00,23.221714,72.654328,PM2.5,32,84,57
India,Gujarat,Gandhinagar,"Sector-10, Gandhinagar - GPCB",24-09-2026 14:00:00,23.221714,72.654328,NO2,7,11,10
India,Gujarat,Gandhinagar,"GIFT City, Gandhinagar - IITM",24-09-2026 14:00:00,23.163798,72.677768,NH3,3,9,5
India,Gujarat,Mehsana,"Sadanand Nagar, Mehsana - Nexteng Enviro",24-09-2026 14:00:00,23.59315,72.372792,PM10,34,146,92
India,Gujarat,Mehsana,"Sadanand Nagar, Mehsana - Nexteng Enviro",24-09-2026 14:00:00,23.59315,72.372792,NO2,5,8,7
India,Gujarat,Mehsana,"Sadanand Nagar, Mehsana - Nexteng Enviro",24-09-2026 14:00:00,23.59315,72.372792,CO,44,44,44
India,Gujarat,Mehsana,"Sadanand Nagar, Mehsana - Nexteng Enviro",24-09-2026 14:00:00,23.59315,72.372792,OZONE,10,11,10
India,Gujarat,Nandesari,"GIDC, Nandesari - Nandesari Ind. Association",24-09-2026 14:00:00,22.410802,73.097923,CO,38,80,58
India,Gujarat,Rajkot,"Mavdi, Rajkot - Nexteng Enviro ",24-09-2026 14:00:00,22.248853,70.776774,PM2.5,36,93,62
India,Gujarat,Rajkot,"Mavdi, Rajkot - Nexteng Enviro ",24-09-2026 14:00:00,22.248853,70.776774,PM10,47,163,90
India,Gujarat,Surat,"Science Center, Surat - SMC",24-09-2026 14:00:00,21.170046,72.795405,NH3,NA,NA,NA
India,Gujarat,Surat,"Katargam, Surat - Nexteng Enviro",24-09-2026 14:00:00,21.217779,72.834787,PM10,58,121,87
India,Gujarat,Surat,"Katargam, Surat - Nexteng Enviro",24-09-2026 14:00:00,21.217779,72.834787,NH3,1,1,1
India,Gujarat,Surat,"Katargam, Surat - Nexteng Enviro",24-09-2026 14:00:00,21.217779,72.834787,SO2,11,13,12
India,Gujarat,Surat,"Katargam, Surat - Nexteng Enviro",24-09-2026 14:00:00,21.217779,72.834787,OZONE,15,22,18
India,Delhi,Delhi,"Chandni Chowk, Delhi - IITM",24-09-2026 14:00:00,28.656756,77.227234,CO,66,72,68
India,Delhi,Delhi,"Pusa, Delhi - IITM",24-09-2026 14:00:00,28.63611,77.173332,PM10,58,190,130
India,Delhi,Delhi,"Pusa, Delhi - IITM",24-09-2026 14:00:00,28.63611,77.173332,OZONE,27,82,50
India,Delhi,Delhi,"IIT Delhi, Delhi - IITM",24-09-2026 14:00:00,28.54246,77.191651,PM2.5,34,245,142
India,Delhi,Delhi,"IIT Delhi, Delhi - IITM",24-09-2026 14:00:00,28.54246,77.191651,NO2,7,59,29
India,Delhi,Delhi,"IIT Delhi, Delhi - IITM",24-09-2026 14:00:00,28.54246,77.191651,NH3,NA,NA,NA
India,Delhi,Delhi,"IGNOU_Maidan Garhi, Delhi - DPCC",24-09-2026 14:00:00,28.493624,77.201159,CO,60,84,72
India,Delhi,Delhi,"IGNOU_Maidan Garhi, Delhi - DPCC",24-09-2026 14:00:00,28.493624,77.201159,OZONE,6,13,9
India,Delhi,Delhi,"Commonwealth Sports Complex, Delhi - DPCC",24-09-2026 14:00:00,28.615828,77.271992,SO2,10,12,11
India,Delhi,Delhi,"Commonwealth Sports Complex, Delhi - DPCC",24-09-2026 14:00:00,28.615828,77.271992,OZONE,7,114,46
India,Delhi,Delhi,"Talkatora Garden, Delhi - DPCC",24-09-2026 14:00:00,28.62181,77.1944633,NH3,0,4,1
India,Delhi,Delhi,"NSIT Dwarka, Delhi - CPCB",24-09-2026 14:00:00,28.60909,77.0325413,NO2,25,54,38
India,Delhi,Delhi,"NSIT Dwarka, Delhi - CPCB",24-09-2026 14:00:00,28.60909,77.0325413,OZONE,16,289,92
India,Delhi,Delhi,"Aya Nagar, Delhi - IITM",24-09-2026 14:00:00,28.4706914,77.1099364,PM2.5,53,245,128
India,Delhi,Delhi,"Aya Nagar, Delhi - IITM",24-09-2026 14:00:00,28.4706914,77.1099364,SO2,NA,NA,NA
India,Delhi,Delhi,"CRRI Mathura Road, Delhi - IITM",24-09-2026 14:00:00,28.5512005,77.2735737,PM10,21,260,126
India,Delhi,Delhi,"Patparganj, Delhi - DPCC",24-09-2026 14:00:00,28.623763,77.287209,NH3,NA,NA,NA
India,Delhi,Delhi,"Patparganj, Delhi - DPCC",24-09-2026 14:00:00,28.623763,77.287209,CO,30,42,36
India,Delhi,Delhi,"Patparganj, Delhi - DPCC",24-09-2026 14:00:00,28.623763,77.287209,OZONE,11,15,13
India,Delhi,Delhi,"Jawaharlal Nehru Stadium, Delhi - DPCC",24-09-2026 14:00:00,28.58028,77.233829,PM2.5,50,270,147
India,Delhi,Delhi,"Jawaharlal Nehru Stadium, Delhi - DPCC",24-09-2026 14:00:00,28.58028,77.233829,NO2,26,63,40
India,Delhi,Delhi,"Jawaharlal Nehru Stadium, Delhi - DPCC",24-09-2026 14:00:00,28.58028,77.233829,CO,18,29,22
India,Delhi,Delhi,"Najafgarh, Delhi - DPCC",24-09-2026 14:00:00,28.570173,76.933762,PM10,68,155,117
India,Delhi,Delhi,"Mundka, Delhi - DPCC",24-09-2026 14:00:00,28.684678,77.076574,PM10,100,207,160
India,Delhi,Delhi,"NSUT Jaffarpur, Delhi - DPCC",24-09-2026 14:00:00,28.594004,76.909423,PM10,61,160,126
India,Delhi,Delhi,"Ashok Vihar, Delhi - DPCC",24-09-2026 14:00:00,28.695381,77.181665,PM10,58,195,134
India,Delhi,Delhi,"Ashok Vihar, Delhi - DPCC",24-09-2026 14:00:00,28.695381,77.181665,NO2,17,78,39
India,Delhi,Delhi,"Anand Vihar, Delhi - DPCC",24-09-2026 14:00:00,28.647622,77.315809,SO2,7,47,25
India,Delhi,Delhi,"Anand Vihar, Delhi - DPCC",24-09-2026 14:00:00,28.647622,77.315809,CO,63,91,76
India,Delhi,Delhi,"Punjabi Bagh, Delhi - DPCC",24-09-2026 14:00:00,28.674045,77.131023,PM10,62,210,149
India,Delhi,Delhi,"Punjabi Bagh, Delhi - DPCC",24-09-2026 14:00:00,28.674045,77.131023,NH3,3,7,5
India,Delhi,Delhi,"Bawana, Delhi - DPCC",24-09-2026 14:00:00,28.7762,77.051074,PM10,102,201,155
India,Delhi,Delhi,"Bawana, Delhi - DPCC",24-09-2026 14:00:00,28.7762,77.051074,SO2,28,34,30
India,Delhi,Delhi,"Bawana, Delhi - DPCC",24-09-2026 14:00:00,28.7762,77.051074,CO,33,52,44
India,Delhi,Delhi,"Okhla Phase-2, Delhi - DPCC",24-09-2026 14:00:00,28.530785,77.271255,PM2.5,40,273,136
India,Delhi,Delhi,"Okhla Phase-2, Delhi - DPCC",24-09-2026 14:00:00,28.530785,77.271255,PM10,67,227,142
India,Delhi,Delhi,"Okhla Phase-2, Delhi - DPCC",24-09-2026 14:00:00,28.530785,77.271255,NO2,10,60,32
India,Delhi,Delhi,"Okhla Phase-2, Delhi - DPCC",24-09-2026 14:00:00,28.530785,77.271255,SO2,6,50,11
India,Delhi,Delhi,"Okhla Phase-2, Delhi - DPCC",24-09-2026 14:00:00,28.530785,77.271255,CO,47,57,52
India,Delhi,Delhi,"Rohini, Delhi - DPCC",24-09-2026 14:00:00,28.732528,77.11992,SO2,11,15,13
India,Delhi,Delhi,"Rohini, Delhi - DPCC",24-09-2026 14:00:00,28.732528,77.11992,CO,40,52,46
India,Delhi,Delhi,"Vivek Vihar, Delhi - DPCC",24-09-2026 14:00:00,28.672342,77.31526,SO2,7,25,12
India,Delhi,Delhi,"IHBAS, Dilshad Garden, Delhi - CPCB",24-09-2026 14:00:00,28.6811736,77.3025234,NH3,1,4,3
India,Delhi,Delhi,"IHBAS, Dilshad Garden, Delhi - CPCB",24-09-2026 14:00:00,28.6811736,77.3025234,OZONE,8,26,15
India,Delhi,Delhi,"Sri Aurobindo Marg, Delhi - DPCC",24-09-2026 14:00:00,28.531346,77.190156,PM2.5,40,147,87
India,Delhi,Delhi,"Sri Aurobindo Marg, Delhi - DPCC",24-09-2026 14:00:00,28.531346,77.190156,NO2,17,36,25
India,Delhi,Delhi,"Sri Aurobindo Marg, Delhi - DPCC",24-09-2026 14:00:00,28.531346,77.190156,OZONE,3,38,19
India,Delhi,Delhi,"Burari Crossing, Delhi - IITM",24-09-2026 14:00:00,28.7256504,77.2011573,PM2.5,25,184,118
India,Delhi,Delhi,"JNU, Delhi - DPCC",24-09-2026 14:00:00,28.540721,77.168544,PM10,2,176,110
India,Delhi,Delhi,"ITO, Delhi - CPCB",24-09-2026 14:00:00,28.628624,77.24106,OZONE,6,11,9
India,Delhi,Delhi,"R K Puram, Delhi - DPCC",24-09-2026 14:00:00,28.563262,77.186937,PM2.5,18,311,146
India,Delhi,Delhi,"R K Puram, Delhi - DPCC",24-09-2026 14:00:00,28.563262,77.186937,PM10,55,457,161
India,Delhi,Delhi,"R K Puram, Delhi - DPCC",24-09-2026 14:00:00,28.563262,77.186937,NH3,6,8,7
India,Delhi,Delhi,"Alipur, Delhi - DPCC",24-09-2026 14:00:00,28.815329,77.15301,PM2.5,48,293,159
India,Delhi,Delhi,"Alipur, Delhi - DPCC",24-09-2026 14:00:00,28.815329,77.15301,CO,27,33,30
India,Gujarat,Ahmedabad,"Rakhial, Ahmedabad - IITM",24-09-2026 14:00:00,23.016834,72.625775,NH3,10,33,15
India,Gujarat,Ahmedabad,"SAC ISRO Satellite, Ahmedabad - IITM",24-09-2026 14:00:00,23.023389,72.515201,PM10,71,141,103
India,Gujarat,Ahmedabad,"SAC ISRO Satellite, Ahmedabad - IITM",24-09-2026 14:00:00,23.023389,72.515201,SO2,5,8,7
India,Gujarat,Ahmedabad,"Gyaspur, Ahmedabad - IITM",24-09-2026 14:00:00,22.977134,72.553024,PM2.5,46,118,81
India,Gujarat,Ahmedabad,"Gyaspur, Ahmedabad - IITM",24-09-2026 14:00:00,22.977134,72.553024,SO2,NA,NA,NA
India,Gujarat,Ahmedabad,"Gyaspur, Ahmedabad - IITM",24-09-2026 14:00:00,22.977134,72.553024,OZONE,NA,NA,NA
India,Haryana,Fatehabad,"Huda Sector, Fatehabad - HSPCB",24-09-2026 14:00:00,29.503664,75.467934,NO2,18,20,19
India,Haryana,Fatehabad,"Huda Sector, Fatehabad - HSPCB",24-09-2026 14:00:00,29.503664,75.467934,NH3,13,14,14
India,Haryana,Fatehabad,"Huda Sector, Fatehabad - HSPCB",24-09-2026 14:00:00,29.503664,75.467934,CO,48,71,56
India,Haryana,Gurugram,"NISE Gwal Pahari, Gurugram - IITM",24-09-2026 14:00:00,28.422681,77.148944,NH3,NA,NA,NA
India,Haryana,Gurugram,"NISE Gwal Pahari, Gurugram - IITM",24-09-2026 14:00:00,28.422681,77.148944,SO2,NA,NA,NA
India,Haryana,Gurugram,"Sector-51, Gurugram - HSPCB",24-09-2026 14:00:00,28.4227,77.0667,CO,7,17,13
India,Haryana,Gurugram,"Sector-51, Gurugram - HSPCB",24-09-2026 14:00:00,28.4227,77.0667,OZONE,32,70,52
India,Haryana,Hisar,"Urban Estate-II, Hisar - HSPCB",24-09-2026 14:00:00,29.14056,75.744941,SO2,14,16,15
India,Haryana,Jind,"Police Lines, Jind - HSPCB",24-09-2026 14:00:00,29.307814,76.337619,PM2.5,199,274,233
India,Gujarat,Ahmedabad,"SVPI Airport Hansol, Ahmedabad - IITM",24-09-2026 14:00:00,23.076793,72.627874,PM10,NA,NA,NA
India,Gujarat,Ahmedabad,"SVPI Airport Hansol, Ahmedabad - IITM",24-09-2026 14:00:00,23.076793,72.627874,NO2,NA,NA,NA
India,Gujarat,Ahmedabad,"SVPI Airport Hansol, Ahmedabad - IITM",24-09-2026 14:00:00,23.076793,72.627874,SO2,NA,NA,NA
India,Gujarat,Ahmedabad,"Raikhad, Ahmedabad - IITM",24-09-2026 14:00:00,23.020509,72.579261,PM10,81,121,93
India,Gujarat,Ahmedabad,"Maninagar, Ahmedabad - GPCB",24-09-2026 14:00:00,23.002657,72.591912,PM10,13,321,125
India,Gujarat,Ahmedabad,"Maninagar, Ahmedabad - GPCB",24-09-2026 14:00:00,23.002657,72.591912,OZONE,13,49,31
India,Gujarat,Ahmedabad,"SAC ISRO Bopal, Ahmedabad - IITM",24-09-2026 14:00:00,23.041137,72.456691,PM2.5,38,201,118
India,Gujarat,Ahmedabad,"SAC ISRO Bopal, Ahmedabad - IITM",24-09-2026 14:00:00,23.041137,72.456691,OZONE,20,27,24
India,Gujarat,Bhavnagar,"Vidhyanagar, Bhavnagar - Nexteng Enviro",24-09-2026 14:00:00,21.755417,72.139056,NO2,31,41,37
India,Delhi,Delhi,"DTU, Delhi - CPCB",24-09-2026 14:00:00,28.7500499,77.1112615,SO2,31,34,32
India,Delhi,Delhi,"Dwarka-Sector 8, Delhi - DPCC ",24-09-2026 14:00:00,28.5710274,77.0719006,PM10,117,197,151
India,Delhi,Delhi,"Dwarka-Sector 8, Delhi - DPCC ",24-09-2026 14:00:00,28.5710274,77.0719006,NH3,5,9,7
India,Delhi,Delhi,"Dwarka-Sector 8, Delhi - DPCC ",24-09-2026 14:00:00,28.5710274,77.0719006,OZONE,11,37,21
India,Delhi,Delhi,"Shadipur, Delhi - CPCB",24-09-2026 14:00:00,28.6514781,77.1473105,PM10,67,150,113
India,Delhi,Delhi,"Shadipur, Delhi - CPCB",24-09-2026 14:00:00,28.6514781,77.1473105,SO2,2,13,5
India,Delhi,Delhi,"Mandir Marg, Delhi - DPCC",24-09-2026 14:00:00,28.636429,77.201067,PM2.5,12,213,99
India,Delhi,Delhi,"Pusa, Delhi - DPCC",24-09-2026 14:00:00,28.639652,77.146275,OZONE,5,11,7
India,Madhya Pradesh,Indore,"Maguda Nagar, Indore - IMC",24-09-2026 14:00:00,22.7524,75.8872,OZONE,38,38,38
India,Madhya Pradesh,Jabalpur,"Marhatal, Jabalpur - MPPCB",24-09-2026 14:00:00,23.168606,79.932247,NH3,3,4,4
India,Madhya Pradesh,Jabalpur,"Marhatal, Jabalpur - MPPCB",24-09-2026 14:00:00,23.168606,79.932247,OZONE,25,28,27
India,Madhya Pradesh,Jabalpur,"Govindh Bhavan Colony, Jabalpur - JMC",24-09-2026 14:00:00,23.163174,79.973061,PM2.5,10,23,17
India,Madhya Pradesh,Jabalpur,"Govindh Bhavan Colony, Jabalpur - JMC",24-09-2026 14:00:00,23.163174,79.973061,PM10,18,28,24
India,Madhya Pradesh,Jabalpur,"Govindh Bhavan Colony, Jabalpur - JMC",24-09-2026 14:00:00,23.163174,79.973061,NO2,9,15,12
India,Madhya Pradesh,Jabalpur,"Suhagi, Jabalpur - JMC",24-09-2026 14:00:00,23.218135,79.95777,PM10,22,77,41
India,Madhya Pradesh,Jabalpur,"Suhagi, Jabalpur - JMC",24-09-2026 14:00:00,23.218135,79.95777,NO2,41,85,54
India,Madhya Pradesh,Katni,"Gole Bazar, Katni - MPPCB",24-09-2026 14:00:00,23.50016,80.23284,PM2.5,14,48,24
India,Madhya Pradesh,Katni,"Gole Bazar, Katni - MPPCB",24-09-2026 14:00:00,23.50016,80.23284,NO2,8,21,15
India,Madhya Pradesh,Katni,"Gole Bazar, Katni - MPPCB",24-09-2026 14:00:00,23.50016,80.23284,OZONE,23,38,32
India,Madhya Pradesh,Mandideep,"Sector-D Industrial Area, Mandideep - MPPCB",24-09-2026 14:00:00,23.10844,77.511428,NO2,60,107,84
India,Madhya Pradesh,Mandideep,"Sector-D Industrial Area, Mandideep - MPPCB",24-09-2026 14:00:00,23.10844,77.511428,NH3,0,3,2
India,Madhya Pradesh,Mandideep,"Sector-D Industrial Area, Mandideep - MPPCB",24-09-2026 14:00:00,23.10844,77.511428,SO2,116,138,128
India,Madhya Pradesh,Pithampur,"Sector-2 Industrial Area, Pithampur - MPPCB",24-09-2026 14:00:00,22.624758,75.675238,NO2,10,37,21
India,Madhya Pradesh,Ratlam,"Shasthri Nagar, Ratlam - IPCA Lab",24-09-2026 14:00:00,23.331731,75.045981,SO2,12,14,13
India,Madhya Pradesh,Ratlam,"Shasthri Nagar, Ratlam - IPCA Lab",24-09-2026 14:00:00,23.331731,75.045981,CO,NA,NA,NA
India,Madhya Pradesh,Sagar,"Civil Lines, Sagar - MPPCB",24-09-2026 14:00:00,23.838586,78.759431,SO2,5,6,6
India,Maharashtra,Beed,"Bir, Beed - MPCB",24-09-2026 14:00:00,18.988474,75.753873,NO2,5,44,18
India,Maharashtra,Beed,"Bir, Beed - MPCB",24-09-2026 14:00:00,18.988474,75.753873,NH3,3,4,3
India,Maharashtra,Beed,"Bir, Beed - MPCB",24-09-2026 14:00:00,18.988474,75.753873,CO,20,33,28
India,Maharashtra,Belapur,"CBD Belapur, Belapur - MPCB",24-09-2026 14:00:00,19.0243902,73.0406721,PM2.5,40,71,48
India,Maharashtra,Belapur,"CBD Belapur, Belapur - MPCB",24-09-2026 14:00:00,19.0243902,73.0406721,NH3,0,4,2
India,Maharashtra,Belapur,"CBD Belapur, Belapur - MPCB",24-09-2026 14:00:00,19.0243902,73.0406721,SO2,4,8,6
India,Maharashtra,Belapur,"CBD Belapur, Belapur - MPCB",24-09-2026 14:00:00,19.0243902,73.0406721,OZONE,10,27,18
India,Maharashtra,Bhiwandi,"Gokul Nagar, Bhiwandi - MPCB",24-09-2026 14:00:00,19.309073,73.057223,PM2.5,26,67,36
India,Maharashtra,Bhiwandi,"Gokul Nagar, Bhiwandi - MPCB",24-09-2026 14:00:00,19.309073,73.057223,SO2,3,4,3
India,Maharashtra,Bhiwandi,"Gokul Nagar, Bhiwandi - MPCB",24-09-2026 14:00:00,19.309073,73.057223,OZONE,21,51,35
India,Maharashtra,Chandrapur,"Chauhan Colony, Chandrapur - MPCB",24-09-2026 14:00:00,19.9629,79.298714,PM2.5,8,82,34
India,Maharashtra,Chandrapur,"Chauhan Colony, Chandrapur - MPCB",24-09-2026 14:00:00,19.9629,79.298714,PM10,16,119,46
India,Maharashtra,Chandrapur,"Chauhan Colony, Chandrapur - MPCB",24-09-2026 14:00:00,19.9629,79.298714,NO2,18,25,21
India,Maharashtra,Chandrapur,"Chauhan Colony, Chandrapur - MPCB",24-09-2026 14:00:00,19.9629,79.298714,SO2,12,15,13
India,Maharashtra,Chandrapur,"Chauhan Colony, Chandrapur - MPCB",24-09-2026 14:00:00,19.9629,79.298714,CO,31,35,33
India,Maharashtra,Chandrapur,"MIDC Khutala, Chandrapur - MPCB",24-09-2026 14:00:00,19.9775302,79.2337086,PM2.5,32,39,38
India,Maharashtra,Dombivli,"Kalu Nagar, Dombivli - MPCB",24-09-2026 14:00:00,19.2268427,73.0788456,NH3,1,3,2
India,Maharashtra,Hingoli,"Ashta Vinayak Nagar, Hingoli - MPCB",24-09-2026 14:00:00,19.710842,77.151824,NH3,1,5,3
India,Maharashtra,Jalgaon,"Prabhat Colony, Jalgaon - MPCB",24-09-2026 14:00:00,21.001264,75.565602,NO2,5,19,11
India,Haryana,Jind,"Police Lines, Jind - HSPCB",24-09-2026 14:00:00,29.307814,76.337619,OZONE,9,11,11
India,Haryana,Kaithal,"Rishi Nagar, Kaithal - HSPCB",24-09-2026 14:00:00,29.8006,76.4155,PM2.5,33,300,190
India,Haryana,Karnal,"Sector-12, Karnal - HSPCB",24-09-2026 14:00:00,29.6953,77.0027,OZONE,11,13,12
India,Haryana,Kurukshetra,"Sector-7, Kurukshetra - HSPCB",24-09-2026 14:00:00,29.966942,76.875879,NO2,7,13,8
India,Haryana,Kurukshetra,"Sector-7, Kurukshetra - HSPCB",24-09-2026 14:00:00,29.966942,76.875879,NH3,4,6,5
India,Haryana,Kurukshetra,"Sector-7, Kurukshetra - HSPCB",24-09-2026 14:00:00,29.966942,76.875879,SO2,4,12,7
India,Haryana,Kurukshetra,"Sector-7, Kurukshetra - HSPCB",24-09-2026 14:00:00,29.966942,76.875879,CO,11,47,21
India,Haryana,Mandikhera,"General Hospital, Mandikhera(Nuh) - HSPCB",24-09-2026 14:00:00,27.9002,76.9938,PM10,31,61,46
India,Haryana,Mandikhera,"General Hospital, Mandikhera(Nuh) - HSPCB",24-09-2026 14:00:00,27.9002,76.9938,NO2,32,36,34
India,Haryana,Manesar,"Sector-2 IMT, Manesar - HSPCB",24-09-2026 14:00:00,28.360699,76.93609,PM2.5,47,278,163
India,Haryana,Manesar,"Sector-2 IMT, Manesar - HSPCB",24-09-2026 14:00:00,28.360699,76.93609,NO2,16,71,30
India,Haryana,Manesar,"Sector-2 IMT, Manesar - HSPCB",24-09-2026 14:00:00,28.360699,76.93609,NH3,6,15,11
India,Haryana,Manesar,"Sector-2 IMT, Manesar - HSPCB",24-09-2026 14:00:00,28.360699,76.93609,OZONE,9,42,27
India,Haryana,Narnaul,"Shastri Nagar, Narnaul - HSPCB",24-09-2026 14:00:00,28.060249,76.113115,PM10,74,166,116
India,Haryana,Narnaul,"Shastri Nagar, Narnaul - HSPCB",24-09-2026 14:00:00,28.060249,76.113115,OZONE,11,61,39
India,Haryana,Palwal,"Shyam Nagar, Palwal - HSPCB",24-09-2026 14:00:00,28.1485564,77.3320667,CO,9,82,39
India,Haryana,Panchgaon,"Amity University, Panchgaon - IITM",24-09-2026 14:00:00,28.3153,76.9143,PM2.5,0,381,23
India,Karnataka,Chikkaballapur,"Chikkaballapur Rural, Chikkaballapur - KSPCB",24-09-2026 14:00:00,13.428828,77.731418,OZONE,18,19,19
India,Karnataka,Chikkamagaluru,"Kalyana Nagara, Chikkamagaluru - KSPCB",24-09-2026 14:00:00,13.328028,75.797056,NO2,19,28,27
India,Karnataka,Dharwad,"Kalabhavan, Dharwad - KSPCB",24-09-2026 14:00:00,15.459706,75.008381,PM2.5,44,55,50
India,Karnataka,Dharwad,"Kalabhavan, Dharwad - KSPCB",24-09-2026 14:00:00,15.459706,75.008381,NO2,23,27,24
India,Karnataka,Hubballi,"Lingaraj Nagar, Hubballi - KSPCB",24-09-2026 14:00:00,15.3714823,75.1160168,NO2,NA,NA,NA
India,Karnataka,Hubballi,"Lingaraj Nagar, Hubballi - KSPCB",24-09-2026 14:00:00,15.3714823,75.1160168,SO2,NA,NA,NA
India,Karnataka,Kalaburagi,"Mahatma Basaveswar Colony, Kalaburgi - KSPCB",24-09-2026 14:00:00,17.336318,76.847397,NO2,11,17,14
India,Karnataka,Kalaburagi,"Mahatma Basaveswar Colony, Kalaburgi - KSPCB",24-09-2026 14:00:00,17.336318,76.847397,CO,30,33,32
India,Karnataka,Madikeri,"Stuart Hill, Madikeri - KSPCB",24-09-2026 14:00:00,12.415911,75.73505,NO2,2,3,2
India,Karnataka,Mangalore,"Kadri, Mangalore - KSPCB",24-09-2026 14:00:00,12.88925,74.853,NO2,0,5,4
India,Karnataka,Mangalore,"Kadri, Mangalore - KSPCB",24-09-2026 14:00:00,12.88925,74.853,NH3,1,4,3
India,Karnataka,Ramanagara,"Vijay Nagar, Ramanagara - KSPCB",24-09-2026 14:00:00,12.733409,77.298051,PM2.5,12,98,27
India,Karnataka,Udupi,"Brahmagiri, Udupi - KSPCB",24-09-2026 14:00:00,13.34194444,74.74694444,NH3,2,3,2
India,Haryana,Rohtak,"MD University, Rohtak - HSPCB",24-09-2026 14:00:00,28.52123,76.37138,PM2.5,59,170,76
India,Haryana,Sonipat,"Murthal, Sonipat - HSPCB",24-09-2026 14:00:00,29.0272,77.0621,NH3,8,9,9
India,Himachal Pradesh,Baddi,"HIMUDA Complex Phase-1, Baddi - HPPCB",24-09-2026 14:00:00,30.943887,76.801991,NH3,1,2,2
India,Himachal Pradesh,Baddi,"HIMUDA Complex Phase-1, Baddi - HPPCB",24-09-2026 14:00:00,30.943887,76.801991,SO2,1,1,1
India,Jammu and Kashmir,Srinagar,"Rajbagh, Srinagar - JKPCC",24-09-2026 14:00:00,34.066206,74.81982,PM2.5,15,32,24
India,Jammu and Kashmir,Srinagar,"Khunmoh, Srinagar - JKPCC",24-09-2026 14:00:00,34.06313,74.96017,PM2.5,2,10,5
India,Jammu and Kashmir,Srinagar,"Khunmoh, Srinagar - JKPCC",24-09-2026 14:00:00,34.06313,74.96017,NH3,NA,NA,NA
India,Karnataka,Belgaum,"Ramteerth Nagar, Belgaum - KSPCB",24-09-2026 14:00:00,15.888653,74.541751,SO2,NA,NA,NA
India,Karnataka,Bengaluru,"Hebbal, Bengaluru - KSPCB",24-09-2026 14:00:00,13.029152,77.585901,PM2.5,18,36,27
India,Karnataka,Bengaluru,"Hebbal, Bengaluru - KSPCB",24-09-2026 14:00:00,13.029152,77.585901,CO,6,62,33
India,Karnataka,Bengaluru,"Hombegowda Nagar, Bengaluru - KSPCB",24-09-2026 14:00:00,12.938539,77.5901,PM2.5,14,35,24
India,Karnataka,Bengaluru,"Hombegowda Nagar, Bengaluru - KSPCB",24-09-2026 14:00:00,12.938539,77.5901,OZONE,6,17,12
India,Karnataka,Bengaluru,"Peenya, Bengaluru - CPCB",24-09-2026 14:00:00,13.0270199,77.494094,PM10,NA,NA,NA
India,Karnataka,Yadgir,"Collector Office, Yadgir - KSPCB",24-09-2026 14:00:00,16.7602,77.1428,PM10,22,93,45
India,Karnataka,Yadgir,"Collector Office, Yadgir - KSPCB",24-09-2026 14:00:00,16.7602,77.1428,SO2,5,21,14
India,Kerala,Eloor,"Udyogamandal, Eloor - Kerala PCB",24-09-2026 14:00:00,10.073232,76.302765,SO2,2,3,2
India,Kerala,Kannur,"Thavakkara, Kannur - Kerala PCB",24-09-2026 14:00:00,11.875,75.3732,PM10,53,84,63
India,Kerala,Kannur,"Thavakkara, Kannur - Kerala PCB",24-09-2026 14:00:00,11.875,75.3732,NH3,1,1,1
India,Kerala,Kannur,"Thavakkara, Kannur - Kerala PCB",24-09-2026 14:00:00,11.875,75.3732,SO2,0,0,0
India,Kerala,Thiruvananthapuram,"Plammoodu, Thiruvananthapuram - Kerala PCB",24-09-2026 14:00:00,8.5149093,76.9435879,NH3,1,1,1
India,Kerala,Thiruvananthapuram,"Plammoodu, Thiruvananthapuram - Kerala PCB",24-09-2026 14:00:00,8.5149093,76.9435879,SO2,12,21,18
India,Kerala,Thiruvananthapuram,"Kariavattom, Thiruvananthapuram - Kerala PCB",24-09-2026 14:00:00,8.5637,76.8865,NO2,6,7,6
India,Kerala,Thiruvananthapuram,"Kariavattom, Thiruvananthapuram - Kerala PCB",24-09-2026 14:00:00,8.5637,76.8865,SO2,4,8,8
India,Ladakh,Leh,"Skara Yokma, Leh - LPCC",24-09-2026 14:00:00,34.147096,77.55709,NH3,NA,NA,NA
India,Madhya Pradesh,Bhopal,"Idgah Hills, Bhopal - MPPCB",24-09-2026 14:00:00,23.264759,77.381568,OZONE,26,35,30
India,Madhya Pradesh,Bhopal,"T T Nagar, Bhopal - MPPCB",24-09-2026 14:00:00,23.233584,77.400574,PM2.5,29,50,38
India,Madhya Pradesh,Bhopal,"T T Nagar, Bhopal - MPPCB",24-09-2026 14:00:00,23.233584,77.400574,CO,7,14,10
India,Madhya Pradesh,Dewas,"Bhopal Chauraha, Dewas - MPPCB",24-09-2026 14:00:00,22.9682591,76.064118,PM10,53,113,83
India,Madhya Pradesh,Dewas,"Bhopal Chauraha, Dewas - MPPCB",24-09-2026 14:00:00,22.9682591,76.064118,OZONE,19,105,43
India,Madhya Pradesh,Gwalior,"City Center, Gwalior - MPPCB",24-09-2026 14:00:00,26.203442,78.193251,PM2.5,4,59,26
India,Madhya Pradesh,Gwalior,"Deen Dayal Nagar, Gwalior - MPPCB",24-09-2026 14:00:00,26.259242,78.216432,PM2.5,10,45,27
India,Madhya Pradesh,Gwalior,"Deen Dayal Nagar, Gwalior - MPPCB",24-09-2026 14:00:00,26.259242,78.216432,PM10,15,142,75
India,Madhya Pradesh,Gwalior,"Deen Dayal Nagar, Gwalior - MPPCB",24-09-2026 14:00:00,26.259242,78.216432,SO2,7,15,9
India,Madhya Pradesh,Indore,"Regional Park, Indore - IMC",24-09-2026 14:00:00,22.678,75.8559,SO2,47,66,54
India,Madhya Pradesh,Indore,"Chhoti Gwaltoli, Indore - MPPCB",24-09-2026 14:00:00,22.431,75.5213,PM2.5,42,163,84
India,Madhya Pradesh,Indore,"Chhoti Gwaltoli, Indore - MPPCB",24-09-2026 14:00:00,22.431,75.5213,NH3,7,10,7
India,Madhya Pradesh,Indore,"Chhoti Gwaltoli, Indore - MPPCB",24-09-2026 14:00:00,22.431,75.5213,CO,25,38,30
India,Madhya Pradesh,Indore,"Airport Area, Indore - IMC",24-09-2026 14:00:00,22.7289,75.8076,PM10,12,115,72
India,Madhya Pradesh,Indore,"Maguda Nagar, Indore - IMC",24-09-2026 14:00:00,22.7524,75.8872,PM2.5,NA,NA,NA
India,Madhya Pradesh,Satna,"Bandhavgar Colony, Satna - Birla Cement",24-09-2026 14:00:00,24.58434363,80.8549414,SO2,18,19,19
India,Madhya Pradesh,Ujjain,"Mahashweta Nagar, Ujjain - MPPCB",24-09-2026 14:00:00,23.1633321,75.800225,PM10,NA,NA,NA
India,Madhya Pradesh,Ujjain,"Mahashweta Nagar, Ujjain - MPPCB",24-09-2026 14:00:00,23.1633321,75.800225,CO,27,34,31
India,Madhya Pradesh,Ujjain,"Mahashweta Nagar, Ujjain - MPPCB",24-09-2026 14:00:00,23.1633321,75.800225,OZONE,69,91,79
India,Maharashtra,Ahmednagar,"Tarakpur, Ahmednagar - MPCB",24-09-2026 14:00:00,19.10122,74.73339,SO2,1,11,6
India,Maharashtra,Akola,"Ramdaspeth, Akola - MPCB",24-09-2026 14:00:00,20.719516,77.000253,NH3,7,9,8
India,Maharashtra,Amravati,"Shri Shivaji Science College, Amravati - MPCB",24-09-2026 14:00:00,20.939198,77.765701,PM2.5,13,51,30
India,Maharashtra,Amravati,"Shri Shivaji Science College, Amravati - MPCB",24-09-2026 14:00:00,20.939198,77.765701,CO,28,28,28
India,Maharashtra,Aurangabad,"MIDC Chilkalthana, Aurangabad - MPCB",24-09-2026 14:00:00,19.87562,75.38731,OZONE,0,10,4
India,Karnataka,Bengaluru,"Peenya, Bengaluru - CPCB",24-09-2026 14:00:00,13.0270199,77.494094,OZONE,21,22,22
India,Karnataka,Bengaluru,"Jigani, Bengaluru - KSPCB",24-09-2026 14:00:00,12.7816279,77.6299145,CO,32,32,32
India,Karnataka,Bengaluru,"Bapuji Nagar, Bengaluru - KSPCB",24-09-2026 14:00:00,12.951913,77.539784,NH3,2,3,3
India,Karnataka,Bengaluru,"Bapuji Nagar, Bengaluru - KSPCB",24-09-2026 14:00:00,12.951913,77.539784,CO,16,35,21
India,Karnataka,Bengaluru,"BTM Layout, Bengaluru - CPCB",24-09-2026 14:00:00,12.9135218,77.5950804,PM10,52,269,85
India,Karnataka,Bengaluru,"BTM Layout, Bengaluru - CPCB",24-09-2026 14:00:00,12.9135218,77.5950804,OZONE,21,22,21
India,Karnataka,Bengaluru,"Silk Board, Bengaluru - KSPCB",24-09-2026 14:00:00,12.917348,77.622813,PM2.5,NA,NA,NA
India,Karnataka,Chamarajanagar,"Urban, Chamarajanagar - KSPCB",24-09-2026 14:00:00,11.55358,76.55521,PM10,NA,NA,NA
India,Karnataka,Chamarajanagar,"Urban, Chamarajanagar - KSPCB",24-09-2026 14:00:00,11.55358,76.55521,CO,25,28,26
India,Karnataka,Chikkaballapur,"Chikkaballapur Rural, Chikkaballapur - KSPCB",24-09-2026 14:00:00,13.428828,77.731418,PM10,30,56,39
India,Maharashtra,Mumbai,"Mazgaon, Mumbai - IITM",24-09-2026 14:00:00,18.96702,72.84214,OZONE,18,30,23
India,Maharashtra,Mumbai,"Ghatkopar, Mumbai - BMC",24-09-2026 14:00:00,19.083694,72.920967,PM10,62,82,72
India,Maharashtra,Mumbai,"Ghatkopar, Mumbai - BMC",24-09-2026 14:00:00,19.083694,72.920967,NO2,5,18,11
India,Maharashtra,Mumbai,"Ghatkopar, Mumbai - BMC",24-09-2026 14:00:00,19.083694,72.920967,NH3,6,10,8
India,Maharashtra,Mumbai,"Mindspace-Malad West, Mumbai - MPCB",24-09-2026 14:00:00,19.1878657,72.8304069,NO2,18,19,18
India,Maharashtra,Mumbai,"Mindspace-Malad West, Mumbai - MPCB",24-09-2026 14:00:00,19.1878657,72.8304069,OZONE,18,18,18
India,Maharashtra,Mumbai,"Chembur, Mumbai - MPCB",24-09-2026 14:00:00,19.0364585,72.8954371,PM10,43,65,54
India,Maharashtra,Mumbai,"Chembur, Mumbai - MPCB",24-09-2026 14:00:00,19.0364585,72.8954371,SO2,1,4,2
India,Maharashtra,Mumbai,"Deonar, Mumbai - IITM",24-09-2026 14:00:00,19.04946,72.923,PM10,22,79,64
India,Maharashtra,Mumbai,"Malad West, Mumbai - IITM",24-09-2026 14:00:00,19.19709,72.82204,PM10,28,56,43
India,Maharashtra,Mumbai,"Malad West, Mumbai - IITM",24-09-2026 14:00:00,19.19709,72.82204,NH3,1,3,1
India,Maharashtra,Mumbai,"Malad West, Mumbai - IITM",24-09-2026 14:00:00,19.19709,72.82204,OZONE,16,27,21
India,Maharashtra,Nagpur,"Mahal, Nagpur - MPCB",24-09-2026 14:00:00,21.14472,79.107595,PM2.5,22,47,32
India,Maharashtra,Nagpur,"Mahal, Nagpur - MPCB",24-09-2026 14:00:00,21.14472,79.107595,SO2,0,12,8
India,Maharashtra,Nagpur,"Opp GPO Civil Lines, Nagpur - MPCB",24-09-2026 14:00:00,21.152875,79.0517531,PM10,11,40,26
India,Maharashtra,Nagpur,"Opp GPO Civil Lines, Nagpur - MPCB",24-09-2026 14:00:00,21.152875,79.0517531,NH3,2,2,2
India,Maharashtra,Nagpur,"Ambazari, Nagpur - MPCB",24-09-2026 14:00:00,21.121801,79.04952,NH3,1,3,2
India,Maharashtra,Nanded,"Sneh Nagar, Nanded - MPCB",24-09-2026 14:00:00,19.173852,77.296291,PM10,46,84,69
India,Maharashtra,Nashik,"Gangapur Road, Nashik - MPCB",24-09-2026 14:00:00,20.0073285,73.7762427,NO2,5,5,5
India,Maharashtra,Nashik,"Gangapur Road, Nashik - MPCB",24-09-2026 14:00:00,20.0073285,73.7762427,SO2,3,6,4
India,Maharashtra,Nashik,"Pandav Nagari, Nashik - MPCB",24-09-2026 14:00:00,19.9591346,73.7788008,NH3,0,4,3
India,Maharashtra,Kalyan,"Pimpleshwar Mandir, Kalyan - MPCB",24-09-2026 14:00:00,19.192056,72.9585188,NH3,NA,NA,NA
India,Maharashtra,Kolhapur,"Shivaji University, Kolhapur - MPCB",24-09-2026 14:00:00,16.6870449,74.2505872,NO2,4,27,20
India,Maharashtra,Kolhapur,"Shivaji University, Kolhapur - MPCB",24-09-2026 14:00:00,16.6870449,74.2505872,NH3,3,4,3
India,Maharashtra,Kolhapur,"Shivaji University, Kolhapur - MPCB",24-09-2026 14:00:00,16.6870449,74.2505872,OZONE,21,31,26
India,Maharashtra,Latur,"Sawe Wadi, Latur - MPCB",24-09-2026 14:00:00,18.39963,76.57452,PM2.5,NA,NA,NA
India,Maharashtra,Latur,"Sawe Wadi, Latur - MPCB",24-09-2026 14:00:00,18.39963,76.57452,NH3,NA,NA,NA
India,Maharashtra,Mahad,"Kamble Tarf Birwadi, Mahad - MPCB",24-09-2026 14:00:00,18.1023399,73.4783687,NO2,4,29,12
India,Maharashtra,Mahad,"Kamble Tarf Birwadi, Mahad - MPCB",24-09-2026 14:00:00,18.1023399,73.4783687,NH3,7,8,8
India,Maharashtra,Mahad,"Kamble Tarf Birwadi, Mahad - MPCB",24-09-2026 14:00:00,18.1023399,73.4783687,SO2,2,11,5
India,Maharashtra,Mahad,"Kamble Tarf Birwadi, Mahad - MPCB",24-09-2026 14:00:00,18.1023399,73.4783687,CO,11,24,20
India,Maharashtra,Malegaon,"Mahesh Nagar, Malegaon - MPCB",24-09-2026 14:00:00,20.555712,74.529236,NO2,16,19,18
India,Maharashtra,Mumbai,"Chhatrapati Shivaji Intl. Airport (T2), Mumbai - MPCB",24-09-2026 14:00:00,19.10078,72.87462,PM10,30,51,40
India,Maharashtra,Mumbai,"Mulund West, Mumbai - MPCB",24-09-2026 14:00:00,19.175,72.9419,NO2,13,13,13
India,Maharashtra,Mumbai,"Mulund West, Mumbai - MPCB",24-09-2026 14:00:00,19.175,72.9419,OZONE,NA,NA,NA
India,Maharashtra,Mumbai,"Bandra Kurla Complex, Mumbai - MPCB",24-09-2026 14:00:00,19.065931,72.862131,PM2.5,27,52,38
India,Maharashtra,Mumbai,"Bandra Kurla Complex, Mumbai - MPCB",24-09-2026 14:00:00,19.065931,72.862131,PM10,48,66,56
India,Maharashtra,Mumbai,"Bandra Kurla Complex, Mumbai - MPCB",24-09-2026 14:00:00,19.065931,72.862131,CO,23,26,25
India,Maharashtra,Mumbai,"Shivaji Nagar, Mumbai - BMC",24-09-2026 14:00:00,19.060498,72.923356,PM10,40,105,59
India,Maharashtra,Navi Mumbai,"Mahape, Navi Mumbai - MPCB",24-09-2026 14:00:00,19.1135051,73.008978,PM2.5,16,41,27
India,Maharashtra,Navi Mumbai,"Mahape, Navi Mumbai - MPCB",24-09-2026 14:00:00,19.1135051,73.008978,NO2,42,44,43
India,Maharashtra,Parbhani,"Masoom Colony, Parbhani - MPCB",24-09-2026 14:00:00,19.265594,76.761463,PM2.5,57,176,87
India,Maharashtra,Parbhani,"Masoom Colony, Parbhani - MPCB",24-09-2026 14:00:00,19.265594,76.761463,PM10,81,164,112
India,Maharashtra,Pimpri-Chinchwad,"Bhosari, Pune - IITM",24-09-2026 14:00:00,18.640051,73.848956,PM10,57,109,82
India,Maharashtra,Pimpri-Chinchwad,"Bhosari, Pune - IITM",24-09-2026 14:00:00,18.640051,73.848956,OZONE,19,41,33
India,Maharashtra,Pimpri-Chinchwad,"Bhumkar Nagar, Pune - IITM",24-09-2026 14:00:00,18.60577,73.749976,PM10,31,138,75
India,Maharashtra,Pimpri-Chinchwad,"Bhumkar Nagar, Pune - IITM",24-09-2026 14:00:00,18.60577,73.749976,SO2,NA,NA,NA
India,Maharashtra,Pimpri-Chinchwad,"Park Street Wakad, Pimpri Chinchwad - MPCB",24-09-2026 14:00:00,18.59051,73.77946,SO2,NA,NA,NA
India,Maharashtra,Pimpri-Chinchwad,"Park Street Wakad, Pimpri Chinchwad - MPCB",24-09-2026 14:00:00,18.59051,73.77946,OZONE,31,50,41
India,Maharashtra,Pimpri-Chinchwad,"Savta Mali Nagar, Pimpri-Chinchwad - IITM",24-09-2026 14:00:00,18.614767,73.799516,SO2,NA,NA,NA
India,Maharashtra,Pimpri-Chinchwad,"Transport Nagar-Nigdi, Pune - IITM",24-09-2026 14:00:00,18.664282,73.763966,NH3,NA,NA,NA
India,Maharashtra,Pimpri-Chinchwad,"Transport Nagar-Nigdi, Pune - IITM",24-09-2026 14:00:00,18.664282,73.763966,CO,6,21,14
India,Maharashtra,Pimpri-Chinchwad,"Transport Nagar-Nigdi, Pune - IITM",24-09-2026 14:00:00,18.664282,73.763966,OZONE,21,25,23
India,Maharashtra,Thane,"Kasarvadavali, Thane - MPCB",24-09-2026 14:00:00,19.26777,72.97182,NH3,0,1,0
India,Maharashtra,Thane,"Kasarvadavali, Thane - MPCB",24-09-2026 14:00:00,19.26777,72.97182,SO2,3,8,6
India,Maharashtra,Thane,"Upvan Fort, Thane - MPCB",24-09-2026 14:00:00,19.222279,72.957979,PM10,38,59,47
India,Maharashtra,Ulhasnagar,"Sidhi Vinayak Nagar, Ulhasnagar - MPCB",24-09-2026 14:00:00,19.235581,73.159121,PM2.5,95,154,110
India,Maharashtra,Ulhasnagar,"Sidhi Vinayak Nagar, Ulhasnagar - MPCB",24-09-2026 14:00:00,19.235581,73.159121,OZONE,1,28,16
India,Maharashtra,Virar,"Bolinj, Virar - MPCB",24-09-2026 14:00:00,19.445821,72.7988231,NO2,4,43,14
India,Maharashtra,Virar,"Bolinj, Virar - MPCB",24-09-2026 14:00:00,19.445821,72.7988231,CO,6,12,8
India,Meghalaya,Byrnihat,"15th Mile-Nongthymmai, Byrnihat -Meghalaya PCB",24-09-2026 14:00:00,26.079047,91.875185,PM2.5,1,57,31
India,Meghalaya,Shillong,"Lumpyngngad, Shillong - Meghalaya PCB",24-09-2026 14:00:00,25.5586,91.8985,PM2.5,NA,NA,NA
India,Meghalaya,Shillong,"Lumpyngngad, Shillong - Meghalaya PCB",24-09-2026 14:00:00,25.5586,91.8985,NO2,0,1,0
India,Mizoram,Aizawl,"Sikulpuikawn, Aizawl - Mizoram PCB",24-09-2026 14:00:00,23.7176342,92.7192841,PM2.5,NA,NA,NA
India,Mizoram,Aizawl,"Sikulpuikawn, Aizawl - Mizoram PCB",24-09-2026 14:00:00,23.7176342,92.7192841,PM10,2,26,10
India,Mizoram,Aizawl,"Sikulpuikawn, Aizawl - Mizoram PCB",24-09-2026 14:00:00,23.7176342,92.7192841,NO2,1,1,1
India,Maharashtra,Pune,"Panchawati_Pashan, Pune - IITM",24-09-2026 14:00:00,18.536457,73.805454,SO2,NA,NA,NA
India,Maharashtra,Pune,"Panchawati_Pashan, Pune - IITM",24-09-2026 14:00:00,18.536457,73.805454,CO,8,35,23
India,Maharashtra,Pune,"Panchawati_Pashan, Pune - IITM",24-09-2026 14:00:00,18.536457,73.805454,OZONE,19,49,40
India,Maharashtra,Pune,"Savitribai Phule Pune University, Pune - MPCB",24-09-2026 14:00:00,18.547056,73.826908,NO2,10,19,14
India,Maharashtra,Pune,"Hadapsar, Pune - IITM",24-09-2026 14:00:00,18.501793,73.927532,NO2,15,50,31
India,Maharashtra,Pune,"Revenue Colony-Shivajinagar, Pune - IITM",24-09-2026 14:00:00,18.530085,73.849598,PM10,96,145,115
India,Maharashtra,Pune,"Mhada Colony, Pune - IITM",24-09-2026 14:00:00,18.57304,73.927715,PM2.5,49,133,83
India,Maharashtra,Pune,"Dhankawadi, Pune - IITM",24-09-2026 14:00:00,18.459883,73.852193,PM10,54,110,83
India,Maharashtra,Sangli,"Vijay Nagar, Sangli - MPCB",24-09-2026 14:00:00,16.5038,74.3623,NH3,1,6,2
India,Maharashtra,Sangli,"Vijay Nagar, Sangli - MPCB",24-09-2026 14:00:00,16.5038,74.3623,CO,14,23,20
India,Maharashtra,Solapur,"Dnyaneshwar Nagar, Solapur - MPCB",24-09-2026 14:00:00,17.6336264,75.9132495,OZONE,11,36,20
India,Nagaland,Kohima,"PWD Junction, Kohima - NPCB",24-09-2026 14:00:00,25.6635413,94.0989878,PM2.5,1,49,18
India,Nagaland,Kohima,"PWD Junction, Kohima - NPCB",24-09-2026 14:00:00,25.6635413,94.0989878,OZONE,0,5,1
India,Odisha,Baripada,"Meher Colony, Baripada - OSPCB",24-09-2026 14:00:00,21.941841,86.728318,PM10,20,36,24
India,Odisha,Baripada,"Meher Colony, Baripada - OSPCB",24-09-2026 14:00:00,21.941841,86.728318,OZONE,36,59,45
India,Odisha,Bhubaneswar,"Lingraj Mandir, Bhubaneswar - OSPCB",24-09-2026 14:00:00,20.24079,85.836784,NH3,3,7,4
India,Odisha,Bhubaneswar,"Patia, Bhubaneswar - OSPCB",24-09-2026 14:00:00,20.34652,85.8163,PM10,19,57,36
India,Maharashtra,Nashik,"MIDC Ambad, Nashik - MPCB",24-09-2026 14:00:00,19.95022,73.73148,PM10,67,115,94
India,Maharashtra,Nashik,"MIDC Ambad, Nashik - MPCB",24-09-2026 14:00:00,19.95022,73.73148,NH3,2,3,2
India,Maharashtra,Nashik,"MIDC Ambad, Nashik - MPCB",24-09-2026 14:00:00,19.95022,73.73148,OZONE,16,26,22
India,Maharashtra,Navi Mumbai,"Tondare-Taloja, Navi Mumbai - MPCB",24-09-2026 14:00:00,19.063,73.1209,PM10,NA,NA,NA
India,Maharashtra,Navi Mumbai,"Tondare-Taloja, Navi Mumbai - MPCB",24-09-2026 14:00:00,19.063,73.1209,OZONE,0,20,9
India,Maharashtra,Navi Mumbai,"Sector-2E Kalamboli, Navi Mumbai - MPCB",24-09-2026 14:00:00,19.02579,73.10297,PM2.5,35,59,48
India,Maharashtra,Mumbai,"Sewri, Mumbai - BMC",24-09-2026 14:00:00,19.000084,72.85673,SO2,NA,NA,NA
India,Maharashtra,Mumbai,"Khindipada-Bhandup West, Mumbai - IITM",24-09-2026 14:00:00,19.1653323,72.922099,SO2,1,18,7
India,Maharashtra,Mumbai,"Chakala-Andheri East, Mumbai - IITM",24-09-2026 14:00:00,19.11074,72.86084,NH3,5,10,7
India,Maharashtra,Mumbai,"Chakala-Andheri East, Mumbai - IITM",24-09-2026 14:00:00,19.11074,72.86084,CO,22,35,32
India,Maharashtra,Mumbai,"Kurla, Mumbai - MPCB",24-09-2026 14:00:00,19.0863,72.8888,CO,25,25,25
India,Maharashtra,Mumbai,"Kherwadi_Bandra East, Mumbai - MPCB",24-09-2026 14:00:00,19.0632143,72.8456324,SO2,2,5,3
India,Maharashtra,Mumbai,"Siddharth Nagar-Worli, Mumbai - IITM",24-09-2026 14:00:00,19.000083,72.813993,PM2.5,11,53,19
India,Maharashtra,Mumbai,"Worli, Mumbai - MPCB",24-09-2026 14:00:00,18.9936162,72.8128113,PM10,43,77,55
India,Maharashtra,Mumbai,"Worli, Mumbai - MPCB",24-09-2026 14:00:00,18.9936162,72.8128113,OZONE,9,13,11
India,Rajasthan,Churu,"Subash Chowk, Churu - RSPCB",24-09-2026 14:00:00,28.296139,74.961696,PM10,81,182,125
India,Rajasthan,Churu,"Subash Chowk, Churu - RSPCB",24-09-2026 14:00:00,28.296139,74.961696,SO2,2,11,3
India,Rajasthan,Churu,"Subash Chowk, Churu - RSPCB",24-09-2026 14:00:00,28.296139,74.961696,CO,91,102,98
India,Rajasthan,Churu,"Subash Chowk, Churu - RSPCB",24-09-2026 14:00:00,28.296139,74.961696,OZONE,57,118,85
India,Rajasthan,Dausa,"Khatikan Mohalla, Dausa - RSPCB",24-09-2026 14:00:00,26.895552,76.334753,PM10,65,133,107
India,Rajasthan,Dausa,"Khatikan Mohalla, Dausa - RSPCB",24-09-2026 14:00:00,26.895552,76.334753,NO2,3,77,17
India,Rajasthan,Dausa,"Khatikan Mohalla, Dausa - RSPCB",24-09-2026 14:00:00,26.895552,76.334753,OZONE,13,28,20
India,Rajasthan,Dholpur,"Raja Ganj, Dholpur - RSPCB",24-09-2026 14:00:00,26.699557,77.898881,NO2,0,8,4
India,Rajasthan,Dungarpur,"Bhoiwada, Dungarpur - RSPCB",24-09-2026 14:00:00,23.837789,73.714926,NO2,11,17,14
India,Rajasthan,Dungarpur,"Bhoiwada, Dungarpur - RSPCB",24-09-2026 14:00:00,23.837789,73.714926,CO,23,30,26
India,Rajasthan,Hanumangarh,"Housing Board, Hanumangarh - RSPCB",24-09-2026 14:00:00,29.61075,74.283608,OZONE,19,59,36
India,Rajasthan,Jaipur,"Shastri Nagar, Jaipur - RSPCB",24-09-2026 14:00:00,26.9502929,75.730943,OZONE,27,82,62
India,Rajasthan,Jaipur,"Adarsh Nagar, Jaipur - RSPCB",24-09-2026 14:00:00,26.902909,75.836858,SO2,14,29,23
India,Rajasthan,Jaipur,"Adarsh Nagar, Jaipur - RSPCB",24-09-2026 14:00:00,26.902909,75.836858,OZONE,30,60,46
India,Rajasthan,Jaipur,"Sector-2 Murlipura, Jaipur - RSPCB",24-09-2026 14:00:00,26.960669,75.771817,PM2.5,39,77,58
India,Rajasthan,Jaipur,"Sector-2 Murlipura, Jaipur - RSPCB",24-09-2026 14:00:00,26.960669,75.771817,PM10,69,126,100
India,Rajasthan,Jaipur,"Sector-2 Murlipura, Jaipur - RSPCB",24-09-2026 14:00:00,26.960669,75.771817,OZONE,21,66,49
India,Rajasthan,Jaipur,"RIICO Sitapura, Jaipur - RSPCB",24-09-2026 14:00:00,26.786682,75.827928,NO2,36,89,54
India,Rajasthan,Jaipur,"RIICO Sitapura, Jaipur - RSPCB",24-09-2026 14:00:00,26.786682,75.827928,CO,43,86,53
India,Rajasthan,Jalore,"Mudtra Sili, Jalore - RSPCB",24-09-2026 14:00:00,25.344694,72.626208,PM2.5,28,57,40
India,Rajasthan,Jalore,"Mudtra Sili, Jalore - RSPCB",24-09-2026 14:00:00,25.344694,72.626208,NH3,3,5,4
India,Rajasthan,Alwar,"Vigyan Nagar, Alwar - RSPCB",24-09-2026 14:00:00,27.598796,76.63861,SO2,6,7,7
India,Rajasthan,Alwar,"Vigyan Nagar, Alwar - RSPCB",24-09-2026 14:00:00,27.598796,76.63861,OZONE,6,58,30
India,Rajasthan,Alwar,"Moti Doongri, Alwar - RSPCB",24-09-2026 14:00:00,27.554793,76.611536,PM10,53,105,78
India,Rajasthan,Alwar,"Moti Doongri, Alwar - RSPCB",24-09-2026 14:00:00,27.554793,76.611536,CO,89,101,96
India,Rajasthan,Banswara,"Rati Talai, Banswara - RSPCB",24-09-2026 14:00:00,23.55519,74.44001,NH3,3,12,6
India,Rajasthan,Baran,"Bamboliya, Baran - RSPCB",24-09-2026 14:00:00,25.106006,76.469948,PM2.5,15,47,31
India,Rajasthan,Baran,"Bamboliya, Baran - RSPCB",24-09-2026 14:00:00,25.106006,76.469948,NO2,14,18,16
India,Rajasthan,Baran,"Bamboliya, Baran - RSPCB",24-09-2026 14:00:00,25.106006,76.469948,NH3,5,7,6
India,Rajasthan,Barmer,"Railway Colony, Barmer - RSPCB",24-09-2026 14:00:00,25.747299,71.393989,PM10,60,125,84
India,Rajasthan,Bharatpur,"Krishna Nagar, Bharatpur - RSPCB",24-09-2026 14:00:00,27.215415,77.50873,PM10,24,121,66
India,Rajasthan,Bhiwadi,"Vasundhara Nagar_UIT, Bhiwadi - RSPCB",24-09-2026 14:00:00,28.207266,76.829265,PM2.5,12,216,74
India,Rajasthan,Bhiwadi,"Vasundhara Nagar_UIT, Bhiwadi - RSPCB",24-09-2026 14:00:00,28.207266,76.829265,NH3,6,21,11
India,Rajasthan,Bikaner,"MM Ground, Bikaner - RSPCB",24-09-2026 14:00:00,28.018792,73.292658,NH3,6,10,8
India,Rajasthan,Bikaner,"MM Ground, Bikaner - RSPCB",24-09-2026 14:00:00,28.018792,73.292658,OZONE,33,66,50
India,Rajasthan,Bundi,"New Colony, Bundi - RSPCB",24-09-2026 14:00:00,25.435774,75.644272,NO2,21,67,38
India,Rajasthan,Chittorgarh,"Shastri Nagar, Chittorgarh - RSPCB",24-09-2026 14:00:00,24.892047,74.623527,PM10,73,270,128
India,Rajasthan,Chittorgarh,"Shastri Nagar, Chittorgarh - RSPCB",24-09-2026 14:00:00,24.892047,74.623527,NO2,8,72,32
India,Odisha,Rourkela,"Fertilizer Township, Rourkela - OSPCB",24-09-2026 14:00:00,22.18972222,84.86277778,OZONE,NA,NA,NA
India,Odisha,Rourkela,"Raghunathpali, Rourkela - OSPCB",24-09-2026 14:00:00,22.220833,84.809444,NO2,9,22,18
India,Odisha,Rourkela,"Raghunathpali, Rourkela - OSPCB",24-09-2026 14:00:00,22.220833,84.809444,CO,25,39,30
India,Odisha,Rourkela,"Sector-2, Rourkela - OSPCB",24-09-2026 14:00:00,22.245,84.88111111,PM10,23,23,23
India,Odisha,Rourkela,"Sector-2, Rourkela - OSPCB",24-09-2026 14:00:00,22.245,84.88111111,OZONE,NA,NA,NA
India,Odisha,Tensa,"Barsua Iron Ore Mines, Tensa - OSPCB",24-09-2026 14:00:00,21.869985,85.167016,NO2,NA,NA,NA
India,Punjab,Amritsar,"Golden Temple, Amritsar - PPCB",24-09-2026 14:00:00,31.62,74.876512,PM2.5,81,91,85
India,Punjab,Amritsar,"Golden Temple, Amritsar - PPCB",24-09-2026 14:00:00,31.62,74.876512,NH3,7,8,7
India,Punjab,Bathinda,"Hardev Nagar, Bathinda - PPCB",24-09-2026 14:00:00,30.233011,74.907758,NH3,NA,NA,NA
India,Punjab,Bathinda,"Hardev Nagar, Bathinda - PPCB",24-09-2026 14:00:00,30.233011,74.907758,SO2,9,25,15
India,Punjab,Jalandhar,"Civil Line, Jalandhar - PPCB",24-09-2026 14:00:00,31.321907,75.578914,NH3,6,7,6
India,Punjab,Khanna,"Kalal Majra, Khanna - PPCB",24-09-2026 14:00:00,30.736056,76.209694,PM2.5,29,48,39
India,Punjab,Khanna,"Kalal Majra, Khanna - PPCB",24-09-2026 14:00:00,30.736056,76.209694,NO2,11,33,21
India,Punjab,Khanna,"Kalal Majra, Khanna - PPCB",24-09-2026 14:00:00,30.736056,76.209694,NH3,4,10,6
India,Punjab,Khanna,"Kalal Majra, Khanna - PPCB",24-09-2026 14:00:00,30.736056,76.209694,SO2,6,15,10
India,Tamil Nadu,Chennai,"Manali Village, Chennai - TNPCB",24-09-2026 14:00:00,13.1662,80.2584,NO2,6,25,22
India,Tamil Nadu,Chennai,"Kodungaiyur, Chennai - TNPCB",24-09-2026 14:00:00,13.1278,80.2642,NO2,12,15,14
India,Tamil Nadu,Chennai,"Kodungaiyur, Chennai - TNPCB",24-09-2026 14:00:00,13.1278,80.2642,NH3,2,3,2
India,Tamil Nadu,Chennai,"Royapuram, Chennai - TNPCB",24-09-2026 14:00:00,13.1036,80.2909,PM10,56,72,63
India,Tamil Nadu,Chennai,"Royapuram, Chennai - TNPCB",24-09-2026 14:00:00,13.1036,80.2909,CO,28,35,31
India,Tamil Nadu,Chennai,"Arumbakkam, Chennai - TNPCB",24-09-2026 14:00:00,13.0664,80.2112,NH3,1,2,2
India,Tamil Nadu,Chennai,"Velachery Res. Area, Chennai - CPCB",24-09-2026 14:00:00,13.0052189,80.2398125,PM10,98,130,113
India,Tamil Nadu,Chennai,"Velachery Res. Area, Chennai - CPCB",24-09-2026 14:00:00,13.0052189,80.2398125,NO2,10,10,10
India,Tamil Nadu,Chennai,"Velachery Res. Area, Chennai - CPCB",24-09-2026 14:00:00,13.0052189,80.2398125,OZONE,8,13,10
India,Tamil Nadu,Gummidipoondi,"Anthoni Pillai Nagar, Gummidipoondi - TNPCB",24-09-2026 14:00:00,13.4127,80.1081,PM2.5,141,265,198
India,Tamil Nadu,Gummidipoondi,"Anthoni Pillai Nagar, Gummidipoondi - TNPCB",24-09-2026 14:00:00,13.4127,80.1081,CO,NA,NA,NA
India,Tamil Nadu,Madurai,"Uchapatti, Madurai - TNPCB",24-09-2026 14:00:00,9.865935,78.022669,NH3,NA,NA,NA
India,Tamil Nadu,Madurai,"Uchapatti, Madurai - TNPCB",24-09-2026 14:00:00,9.865935,78.022669,OZONE,5,5,5
India,Tamil Nadu,Ramanathapuram,"Chalai Bazaar, Ramanathapuram - TNPCB",24-09-2026 14:00:00,9.36399,78.831977,PM10,NA,NA,NA
India,Rajasthan,Pratapgarh,"Pragati Nagar, Pratapgarh - RSPCB",24-09-2026 14:00:00,24.041198,74.780702,NH3,5,6,5
India,Rajasthan,Pratapgarh,"Pragati Nagar, Pratapgarh - RSPCB",24-09-2026 14:00:00,24.041198,74.780702,CO,26,33,29
India,Rajasthan,Pratapgarh,"Pragati Nagar, Pratapgarh - RSPCB",24-09-2026 14:00:00,24.041198,74.780702,OZONE,40,103,79
India,Rajasthan,Rajsamand,"Dhoinda, Rajsamand - RSPCB",24-09-2026 14:00:00,25.03636,73.883502,PM10,61,141,89
India,Rajasthan,Rajsamand,"Dhoinda, Rajsamand - RSPCB",24-09-2026 14:00:00,25.03636,73.883502,OZONE,13,50,36
India,Rajasthan,Sikar,"Radhakishan Pura, Sikar - RSPCB",24-09-2026 14:00:00,27.608912,75.153302,OZONE,39,63,53
India,Rajasthan,Sirohi,"Vedhaynath Colony, Sirohi - RSPCB",24-09-2026 14:00:00,24.885261,72.857549,SO2,3,7,4
India,Rajasthan,Sri Ganganagar,"Old City, Sri Ganganagar - RSPCB",24-09-2026 14:00:00,29.931624,73.864511,PM10,115,500,320
India,Rajasthan,Tonk,"Shastri Nagar, Tonk - RSPCB",24-09-2026 14:00:00,26.159933,75.780517,PM2.5,68,302,148
India,Rajasthan,Tonk,"Shastri Nagar, Tonk - RSPCB",24-09-2026 14:00:00,26.159933,75.780517,NO2,6,57,21
India,Sikkim,Gangtok,"Zero Point GICI, Gangtok - SSPCB",24-09-2026 14:00:00,27.33853,88.614099,NH3,1,22,3
India,Rajasthan,Karauli,"Satyawati Vihar, Karauli - RSPCB",24-09-2026 14:00:00,26.506177,77.025989,PM2.5,3,22,15
India,Rajasthan,Karauli,"Satyawati Vihar, Karauli - RSPCB",24-09-2026 14:00:00,26.506177,77.025989,CO,7,24,16
India,Rajasthan,Karauli,"Satyawati Vihar, Karauli - RSPCB",24-09-2026 14:00:00,26.506177,77.025989,OZONE,8,46,28
India,Rajasthan,Khairthal,"New Anaj Mandi, Khairthal - RSPCB",24-09-2026 14:00:00,27.8015617,76.6365217,NO2,32,51,40
India,Rajasthan,Khairthal,"New Anaj Mandi, Khairthal - RSPCB",24-09-2026 14:00:00,27.8015617,76.6365217,NH3,4,10,6
India,Rajasthan,Khairthal,"New Anaj Mandi, Khairthal - RSPCB",24-09-2026 14:00:00,27.8015617,76.6365217,CO,108,138,122
India,Rajasthan,Khairthal,"New Anaj Mandi, Khairthal - RSPCB",24-09-2026 14:00:00,27.8015617,76.6365217,OZONE,35,79,54
India,Rajasthan,Kota,"Shrinath Puram, Kota - RSPCB",24-09-2026 14:00:00,25.14389,75.821256,NH3,2,6,4
India,Rajasthan,Kota,"Shrinath Puram, Kota - RSPCB",24-09-2026 14:00:00,25.14389,75.821256,OZONE,8,16,11
India,Rajasthan,Nagaur,"Karni Colony, Nagaur - RSPCB",24-09-2026 14:00:00,27.213494,73.734444,PM2.5,20,97,47
India,Rajasthan,Nagaur,"Karni Colony, Nagaur - RSPCB",24-09-2026 14:00:00,27.213494,73.734444,NH3,5,15,9
India,Rajasthan,Pali,"Indira Colony Vistar, Pali - RSPCB",24-09-2026 14:00:00,25.771061,73.340227,PM2.5,72,320,151
India,Rajasthan,Pali,"Indira Colony Vistar, Pali - RSPCB",24-09-2026 14:00:00,25.771061,73.340227,NO2,18,34,23
India,Odisha,Bhubaneswar,"Patia, Bhubaneswar - OSPCB",24-09-2026 14:00:00,20.34652,85.8163,NH3,2,7,4
India,Odisha,Byasanagar,"Ferro Chrome Colony, Byasanagar - OSPCB",24-09-2026 14:00:00,20.94185,86.1151,NH3,0,1,1
India,Odisha,Cuttack,"CDA Area, Cuttack - OSPCB",24-09-2026 14:00:00,20.48891,85.84768,SO2,2,7,5
India,Odisha,Cuttack,"CDA Area, Cuttack - OSPCB",24-09-2026 14:00:00,20.48891,85.84768,CO,17,25,21
India,Odisha,Keonjhar,"Jagamohanpur, Keonjhar - OSPCB",24-09-2026 14:00:00,21.6439,85.599355,SO2,21,22,22
India,Odisha,Nayagarh,"Dabuna, Nayagarh - OSPCB",24-09-2026 14:00:00,21.847279,85.416905,PM10,17,17,17
India,Odisha,Paradeep,"Nua Sandhakuda, Paradeep - OSPCB",24-09-2026 14:00:00,20.258828,86.665185,NH3,5,7,5
India,Odisha,Paradeep,"Nua Sandhakuda, Paradeep - OSPCB",24-09-2026 14:00:00,20.258828,86.665185,CO,79,80,80
India,Odisha,Rourkela,"Fertilizer Township, Rourkela - OSPCB",24-09-2026 14:00:00,22.18972222,84.86277778,PM10,29,61,43
India,Rajasthan,Jhalawar,"Rajlaxmi Nagar, Jhalawar - RSPCB",24-09-2026 14:00:00,24.588397,76.172782,NH3,6,13,8
India,Rajasthan,Jhunjhunu,"Indra Nagar, Jhunjhunu - RSPCB",24-09-2026 14:00:00,28.108988,75.386577,PM10,69,204,108
India,Rajasthan,Jhunjhunu,"Indra Nagar, Jhunjhunu - RSPCB",24-09-2026 14:00:00,28.108988,75.386577,OZONE,56,134,101
India,Rajasthan,Jodhpur,"Jhalamand, Jodhpur - RSPCB",24-09-2026 14:00:00,26.215415,73.070156,PM2.5,20,223,64
India,Rajasthan,Jodhpur,"Samrat Ashok Udhyan, Jodhpur - RSPCB",24-09-2026 14:00:00,26.253384,72.976571,PM2.5,20,187,58
India,Rajasthan,Jodhpur,"Mandor, Jodhpur - RSPCB",24-09-2026 14:00:00,26.358805,73.047444,SO2,3,12,5
India,Rajasthan,Jodhpur,"Mandor, Jodhpur - RSPCB",24-09-2026 14:00:00,26.358805,73.047444,CO,7,28,15
India,Rajasthan,Jodhpur,"Digari Kalan, Jodhpur - RSPCB",24-09-2026 14:00:00,26.29581,73.082283,SO2,7,8,8
India,Rajasthan,Jodhpur,"Digari Kalan, Jodhpur - RSPCB",24-09-2026 14:00:00,26.29581,73.082283,OZONE,27,102,71
India,Punjab,Mandi Gobindgarh,"RIMT University, Mandi Gobindgarh - PPCB",24-09-2026 14:00:00,30.649961,76.331442,NO2,24,25,24
India,Punjab,Patiala,"Model Town, Patiala - PPCB",24-09-2026 14:00:00,30.349388,76.366642,NO2,8,25,15
India,Punjab,Rupnagar,"Ratanpura, Rupnagar - Ambuja Cements",24-09-2026 14:00:00,31.0325454,76.5623046,NO2,8,46,26
India,Rajasthan,Ajmer,"Civil Lines,  Ajmer - RSPCB",24-09-2026 14:00:00,26.470859,74.646594,PM10,76,125,100
India,Rajasthan,Ajmer,"Civil Lines,  Ajmer - RSPCB",24-09-2026 14:00:00,26.470859,74.646594,SO2,0,22,9
India,Rajasthan,Ajmer,"Civil Lines,  Ajmer - RSPCB",24-09-2026 14:00:00,26.470859,74.646594,OZONE,14,20,18
India,Rajasthan,Alwar,"Vigyan Nagar, Alwar - RSPCB",24-09-2026 14:00:00,27.598796,76.63861,PM2.5,53,160,106
India,Telangana,Hyderabad,"New Malakpet, Hyderabad - TSPCB",24-09-2026 14:00:00,17.37206,78.50864,PM2.5,36,65,47
India,Telangana,Hyderabad,"New Malakpet, Hyderabad - TSPCB",24-09-2026 14:00:00,17.37206,78.50864,NO2,12,15,13
India,Telangana,Hyderabad,"Bollaram Industrial Area, Hyderabad - TSPCB",24-09-2026 14:00:00,17.518,78.383,SO2,NA,NA,NA
India,Telangana,Hyderabad,"Bollaram Industrial Area, Hyderabad - TSPCB",24-09-2026 14:00:00,17.518,78.383,CO,77,81,79
India,Telangana,Hyderabad,"Central University, Hyderabad - TSPCB",24-09-2026 14:00:00,17.460103,78.334361,PM2.5,5,28,18
India,Telangana,Hyderabad,"IITH Kandi, Hyderabad - TSPCB",24-09-2026 14:00:00,17.585705,78.126199,SO2,10,17,12
India,Telangana,Hyderabad,"ICRISAT Patancheru, Hyderabad - TSPCB",24-09-2026 14:00:00,17.5184,78.278777,NH3,1,2,1
India,Telangana,Hyderabad,"ICRISAT Patancheru, Hyderabad - TSPCB",24-09-2026 14:00:00,17.5184,78.278777,CO,10,11,10
India,Telangana,Hyderabad,"ICRISAT Patancheru, Hyderabad - TSPCB",24-09-2026 14:00:00,17.5184,78.278777,OZONE,23,24,23
India,Telangana,Hyderabad,"IDA Pashamylaram, Hyderabad - TSPCB",24-09-2026 14:00:00,17.5316895,78.218939,PM2.5,46,90,63
India,Telangana,Hyderabad,"IDA Pashamylaram, Hyderabad - TSPCB",24-09-2026 14:00:00,17.5316895,78.218939,NH3,1,2,2
India,Telangana,Hyderabad,"IDA Pashamylaram, Hyderabad - TSPCB",24-09-2026 14:00:00,17.5316895,78.218939,OZONE,10,13,11
India,Telangana,Hyderabad,"Sanathnagar, Hyderabad - TSPCB",24-09-2026 14:00:00,17.4559458,78.4332152,PM2.5,26,58,38
India,Telangana,Hyderabad,"Sanathnagar, Hyderabad - TSPCB",24-09-2026 14:00:00,17.4559458,78.4332152,CO,35,43,38
India,Telangana,Hyderabad,"Somajiguda, Hyderabad - TSPCB",24-09-2026 14:00:00,17.417094,78.457437,CO,10,10,10
India,Tripura,Agartala,"Bardowali, Agartala - Tripura SPCB",24-09-2026 14:00:00,23.8175497,91.2726974,SO2,16,17,16
India,Uttar Pradesh,Baghpat,"Sardar Patel Inter College, Baghpat - UPPCB",24-09-2026 14:00:00,28.964949,77.278761,PM10,NA,NA,NA
India,Uttar Pradesh,Baghpat,"Sardar Patel Inter College, Baghpat - UPPCB",24-09-2026 14:00:00,28.964949,77.278761,NH3,2,5,3
India,Uttar Pradesh,Baraut,"Nagar Palika Parishad, Baraut - UPPCB",24-09-2026 14:00:00,29.09956,77.26235,PM2.5,98,283,163
India,Uttar Pradesh,Baraut,"Nagar Palika Parishad, Baraut - UPPCB",24-09-2026 14:00:00,29.09956,77.26235,OZONE,5,70,31
India,Uttar Pradesh,Bareilly,"Rajendra Nagar, Bareilly - UPPCB",24-09-2026 14:00:00,28.38910936,79.42963708,CO,16,19,17
India,Uttar Pradesh,Bareilly,"Civil Lines, Bareilly - UPPCB",24-09-2026 14:00:00,28.359581,79.414455,PM2.5,21,43,33
India,Uttar Pradesh,Bulandshahr,"Yamunapuram, Bulandshahr - UPPCB",24-09-2026 14:00:00,28.406963,77.849831,CO,14,28,21
India,Uttar Pradesh,Bulandshahr,"Yamunapuram, Bulandshahr - UPPCB",24-09-2026 14:00:00,28.406963,77.849831,OZONE,7,66,35
India,Uttar Pradesh,Fatehpur Sikri,"Dadupura, Fatehpur Sikri - UPPCB",24-09-2026 14:00:00,27.097694,77.671335,NO2,7,8,8
India,Uttar Pradesh,Fatehpur Sikri,"Dadupura, Fatehpur Sikri - UPPCB",24-09-2026 14:00:00,27.097694,77.671335,CO,14,27,19
India,Uttar Pradesh,Firozabad,"Vibhab Nagar, Firozabad - UPPCB",24-09-2026 14:00:00,27.1594,78.3953,NO2,15,15,15
India,Uttar Pradesh,Firozabad,"Vibhab Nagar, Firozabad - UPPCB",24-09-2026 14:00:00,27.1594,78.3953,OZONE,1,1,1
India,Uttar Pradesh,Ghaziabad,"Indirapuram, Ghaziabad - UPPCB",24-09-2026 14:00:00,28.646233,77.358075,NO2,8,29,17
India,Uttar Pradesh,Lucknow,"Talkatora District Industries Center, Lucknow - CPCB",24-09-2026 14:00:00,26.83399722,80.8917361,CO,19,51,39
India,Uttar Pradesh,Mathura,"Pali Dungra, Mathura - UPPCB",24-09-2026 14:00:00,27.410954,77.550619,PM2.5,39,148,91
India,Uttar Pradesh,Meerut,"Pallavpuram Phase 2, Meerut - UPPCB",24-09-2026 14:00:00,29.06351,77.709723,NO2,NA,NA,NA
India,Uttar Pradesh,Meerut,"Pallavpuram Phase 2, Meerut - UPPCB",24-09-2026 14:00:00,29.06351,77.709723,NH3,NA,NA,NA
India,Uttar Pradesh,Meerut,"Pallavpuram Phase 2, Meerut - UPPCB",24-09-2026 14:00:00,29.06351,77.709723,SO2,NA,NA,NA
India,Uttar Pradesh,Meerut,"Pallavpuram Phase 2, Meerut - UPPCB",24-09-2026 14:00:00,29.06351,77.709723,OZONE,38,56,49
India,Uttar Pradesh,Meerut,"Ganga Nagar, Meerut - UPPCB",24-09-2026 14:00:00,28.999264,77.7590354,OZONE,23,64,45
India,Uttar Pradesh,Meerut,"MIET College, Meerut - UPPCB",24-09-2026 14:00:00,28.972677,77.641018,NH3,4,10,6
India,Uttar Pradesh,Meerut,"Jai Bhim Nagar, Meerut - UPPCB",24-09-2026 14:00:00,28.9535882,77.7622941,NH3,4,8,6
India,Uttar Pradesh,Modinagar,"SRM University, Modinagar - UPPCB",24-09-2026 14:00:00,28.798171,77.540243,CO,14,24,19
India,Uttar Pradesh,Moradabad,"Eco Herbal Park, Moradabad - UPPCB",24-09-2026 14:00:00,28.840739,78.697531,SO2,7,18,12
India,Uttar Pradesh,Gorakhpur,"Madan Mohan Malaviya University of Technology, Gorakhpur - UPPCB",24-09-2026 14:00:00,26.730136,83.433859,NH3,1,1,1
India,Uttar Pradesh,Greater Noida,"Knowledge Park - III, Greater Noida - UPPCB",24-09-2026 14:00:00,28.47272,77.482,PM2.5,38,390,138
India,Uttar Pradesh,Greater Noida,"Knowledge Park - III, Greater Noida - UPPCB",24-09-2026 14:00:00,28.47272,77.482,OZONE,12,17,14
India,Uttar Pradesh,Jhansi,"Shivaji Nagar, Jhansi - UPPCB",24-09-2026 14:00:00,25.4547,78.6039,PM2.5,26,65,45
India,Uttar Pradesh,Jhansi,"Shivaji Nagar, Jhansi - UPPCB",24-09-2026 14:00:00,25.4547,78.6039,NH3,4,4,4
India,Uttar Pradesh,Kanpur,"FTI Kidwai Nagar, Kanpur - UPPCB",24-09-2026 14:00:00,26.428282,80.327067,SO2,11,36,22
India,Uttar Pradesh,Kanpur,"NSI Kalyanpur, Kanpur - UPPCB",24-09-2026 14:00:00,26.509954,80.249612,NO2,31,32,32
India,Uttar Pradesh,Kanpur,"NSI Kalyanpur, Kanpur - UPPCB",24-09-2026 14:00:00,26.509954,80.249612,NH3,2,2,2
India,Uttar Pradesh,Kanpur,"NSI Kalyanpur, Kanpur - UPPCB",24-09-2026 14:00:00,26.509954,80.249612,CO,31,31,31
India,Uttar Pradesh,Kanpur,"NSI Kalyanpur, Kanpur - UPPCB",24-09-2026 14:00:00,26.509954,80.249612,OZONE,19,20,20
India,Uttar Pradesh,Khora,"Prashant Garden, Khora - UPPCB",24-09-2026 14:00:00,28.61119,77.34206,SO2,0,9,2
India,Uttar Pradesh,Agra,"Sanjay Palace, Agra - UPPCB",24-09-2026 14:00:00,27.19865833,78.00598056,SO2,16,18,17
India,Uttar Pradesh,Agra,"Sector-3B Avas Vikas Colony, Agra - UPPCB",24-09-2026 14:00:00,27.19412,77.96237,PM10,41,118,71
India,Uttar Pradesh,Agra,"Sector-3B Avas Vikas Colony, Agra - UPPCB",24-09-2026 14:00:00,27.19412,77.96237,NO2,35,35,35
India,Uttar Pradesh,Agra,"Sector-3B Avas Vikas Colony, Agra - UPPCB",24-09-2026 14:00:00,27.19412,77.96237,OZONE,12,16,13
India,Uttar Pradesh,Agra,"Shastripuram, Agra - UPPCB",24-09-2026 14:00:00,27.19862,77.92066,SO2,NA,NA,NA
India,Uttar Pradesh,Meerut,"Pallavpuram Phase 2, Meerut - UPPCB",24-09-2026 14:00:00,29.06351,77.709723,OZONE,38,56,49
India,Uttar Pradesh,Meerut,"Ganga Nagar, Meerut - UPPCB",24-09-2026 14:00:00,28.999264,77.7590354,OZONE,23,64,45
India,Uttar Pradesh,Meerut,"MIET College, Meerut - UPPCB",24-09-2026 14:00:00,28.972677,77.641018,NH3,4,10,6
India,Uttar Pradesh,Meerut,"Jai Bhim Nagar, Meerut - UPPCB",24-09-2026 14:00:00,28.9535882,77.7622941,NH3,4,8,6
India,Uttar Pradesh,Modinagar,"SRM University, Modinagar - UPPCB",24-09-2026 14:00:00,28.798171,77.540243,CO,14,24,19
India,Uttar Pradesh,Moradabad,"Eco Herbal Park, Moradabad - UPPCB",24-09-2026 14:00:00,28.840739,78.697531,SO2,7,18,12
India,Uttar Pradesh,Moradabad,"Transport Nagar, Moradabad - UPPCB",24-09-2026 14:00:00,28.802625,78.753728,PM10,54,164,98
India,Uttar Pradesh,Moradabad,"Buddhi Vihar, Moradabad - UPPCB",24-09-2026 14:00:00,28.83526,78.7446,NO2,28,29,29
India,Uttar Pradesh,Moradabad,"Buddhi Vihar, Moradabad - UPPCB",24-09-2026 14:00:00,28.83526,78.7446,CO,7,18,13
India,Uttar Pradesh,Moradabad,"Jigar Colony, Moradabad - UPPCB",24-09-2026 14:00:00,28.856664,78.772638,PM2.5,15,89,38
India,Uttar Pradesh,Moradabad,"Jigar Colony, Moradabad - UPPCB",24-09-2026 14:00:00,28.856664,78.772638,NH3,6,6,6
India,Uttar Pradesh,Moradabad,"Jigar Colony, Moradabad - UPPCB",24-09-2026 14:00:00,28.856664,78.772638,SO2,36,58,50
India,Uttar Pradesh,Noida,"Sector - 62, Noida - IITM",24-09-2026 14:00:00,28.6245479,77.3577104,PM10,56,216,126
India,Uttar Pradesh,Noida,"Sector - 62, Noida - IITM",24-09-2026 14:00:00,28.6245479,77.3577104,NH3,NA,NA,NA
India,Uttar Pradesh,Noida,"Sector - 62, Noida - IITM",24-09-2026 14:00:00,28.6245479,77.3577104,CO,15,28,24
India,Uttar Pradesh,Noida,"Sector - 125, Noida - UPPCB",24-09-2026 14:00:00,28.5447608,77.3231257,NO2,16,17,17
India,Uttar Pradesh,Noida,"Sector - 125, Noida - UPPCB",24-09-2026 14:00:00,28.5447608,77.3231257,NH3,3,3,3
India,Uttar Pradesh,Khurja,"Kalindi Kunj, Khurja - UPPCB",24-09-2026 14:00:00,28.2348927,77.8683002,OZONE,13,16,14
India,Uttar Pradesh,Lucknow,"B R Ambedkar University, Lucknow - UPPCB",24-09-2026 14:00:00,26.766433,80.927299,OZONE,11,73,31
India,Uttar Pradesh,Lucknow,"Kendriya Vidyalaya, Lucknow - CPCB",24-09-2026 14:00:00,26.906111,80.948222,PM2.5,25,69,49
India,Uttar Pradesh,Lucknow,"Lalbagh, Lucknow - CPCB",24-09-2026 14:00:00,26.8458805,80.9365541,NO2,22,30,25
India,Uttar Pradesh,Lucknow,"Lalbagh, Lucknow - CPCB",24-09-2026 14:00:00,26.8458805,80.9365541,SO2,1,8,4
India,Uttar Pradesh,Lucknow,"Lalbagh, Lucknow - CPCB",24-09-2026 14:00:00,26.8458805,80.9365541,CO,24,62,42
India,Uttar Pradesh,Lucknow,"Talkatora District Industries Center, Lucknow - CPCB",24-09-2026 14:00:00,26.83399722,80.8917361,PM2.5,25,57,42
India,Uttar Pradesh,Lucknow,"Talkatora District Industries Center, Lucknow - CPCB",24-09-2026 14:00:00,26.83399722,80.8917361,CO,19,51,39
India,Uttar Pradesh,Agra,"Sanjay Palace, Agra - UPPCB",24-09-2026 14:00:00,27.19865833,78.00598056,SO2,16,18,17
India,Uttar Pradesh,Agra,"Sector-3B Avas Vikas Colony, Agra - UPPCB",24-09-2026 14:00:00,27.19412,77.96237,PM10,41,118,71
India,Uttar Pradesh,Agra,"Sector-3B Avas Vikas Colony, Agra - UPPCB",24-09-2026 14:00:00,27.19412,77.96237,NO2,35,35,35
India,Uttar Pradesh,Agra,"Sector-3B Avas Vikas Colony, Agra - UPPCB",24-09-2026 14:00:00,27.19412,77.96237,OZONE,12,16,13
India,Uttar Pradesh,Agra,"Shastripuram, Agra - UPPCB",24-09-2026 14:00:00,27.19862,77.92066,SO2,NA,NA,NA
India,Uttar Pradesh,Agra,"Shastripuram, Agra - UPPCB",24-09-2026 14:00:00,27.19862,77.92066,CO,43,45,44
India,Uttar Pradesh,Firozabad,"Vibhab Nagar, Firozabad - UPPCB",24-09-2026 14:00:00,27.1594,78.3953,OZONE,1,1,1
India,Uttar Pradesh,Ghaziabad,"Indirapuram, Ghaziabad - UPPCB",24-09-2026 14:00:00,28.646233,77.358075,NO2,8,29,17
India,Uttar Pradesh,Ghaziabad,"Govindpuram, Ghaziabad - UPPCB",24-09-2026 14:00:00,28.694528,77.494705,NO2,30,45,34
India,Uttar Pradesh,Ghaziabad,"Govindpuram, Ghaziabad - UPPCB",24-09-2026 14:00:00,28.694528,77.494705,SO2,8,64,20
India,Uttar Pradesh,Ghaziabad,"Ved Vihar-Loni, Ghaziabad - UPPCB",24-09-2026 14:00:00,28.739153,77.273668,NH3,4,38,15
India,Uttar Pradesh,Ghaziabad,"Vasundhara, Ghaziabad - UPPCB",24-09-2026 14:00:00,28.6603346,77.3572563,PM2.5,28,302,155
India,Uttar Pradesh,Ghaziabad,"Sanjay Nagar, Ghaziabad - UPPCB",24-09-2026 14:00:00,28.685382,77.453839,PM10,72,223,145
India,Uttar Pradesh,Ghaziabad,"Sanjay Nagar, Ghaziabad - UPPCB",24-09-2026 14:00:00,28.685382,77.453839,NO2,18,84,39
India,Uttar Pradesh,Ghaziabad,"Sanjay Nagar, Ghaziabad - UPPCB",24-09-2026 14:00:00,28.685382,77.453839,CO,30,42,35
India,Uttar Pradesh,Noida,"Sector-1, Noida - UPPCB",24-09-2026 14:00:00,28.5898,77.3101,PM10,69,208,142
India,Uttar Pradesh,Noida,"Sector-1, Noida - UPPCB",24-09-2026 14:00:00,28.5898,77.3101,NO2,13,61,33
India,Uttar Pradesh,Noida,"Sector-116, Noida - UPPCB",24-09-2026 14:00:00,28.56923,77.393848,PM2.5,56,322,163
India,Uttar Pradesh,Noida,"Sector-116, Noida - UPPCB",24-09-2026 14:00:00,28.56923,77.393848,CO,42,60,50
India,Uttar Pradesh,Prayagraj,"Nagar Nigam, Prayagraj - UPPCB",24-09-2026 14:00:00,25.44919916,81.82735986,SO2,29,98,48
India,Uttar Pradesh,Prayagraj,"Motilal Nehru NIT, Prayagraj - UPPCB",24-09-2026 14:00:00,25.494,81.863,SO2,22,35,24
India,Uttar Pradesh,Prayagraj,"Motilal Nehru NIT, Prayagraj - UPPCB",24-09-2026 14:00:00,25.494,81.863,CO,1,3,2
India,Uttar Pradesh,Prayagraj,"Jhunsi, Prayagraj - UPPCB",24-09-2026 14:00:00,25.425602,81.917152,SO2,1,33,22
India,Uttar Pradesh,Prayagraj,"Jhunsi, Prayagraj - UPPCB",24-09-2026 14:00:00,25.425602,81.917152,CO,1,34,28
India,Uttar Pradesh,Prayagraj,"Jhunsi, Prayagraj - UPPCB",24-09-2026 14:00:00,25.425602,81.917152,OZONE,28,92,41
India,Uttar Pradesh,Raebareli," Indira Nagar, Raebareli - NTPC Unchahar",24-09-2026 14:00:00,26.207781,81.245571,PM10,NA,NA,NA
India,Uttar Pradesh,Raebareli," Indira Nagar, Raebareli - NTPC Unchahar",24-09-2026 14:00:00,26.207781,81.245571,OZONE,13,35,24
India,Uttar Pradesh,Raebareli,"Anand Nagar, Raebareli - UPPCB",24-09-2026 14:00:00,26.219512,81.237648,CO,49,83,66
India,Uttar Pradesh,Shamli,"New Tehsil, Shamli - UPPCB",24-09-2026 14:00:00,29.4603683,77.3410291,NO2,NA,NA,NA
India,Uttar Pradesh,Shamli,"New Tehsil, Shamli - UPPCB",24-09-2026 14:00:00,29.4603683,77.3410291,CO,6,131,69
India,Uttar Pradesh,Varanasi,"Maldahiya, Varanasi - UPPCB",24-09-2026 14:00:00,25.32393,82.99687,CO,8,14,12
India,Uttar Pradesh,Varanasi,"Maldahiya, Varanasi - UPPCB",24-09-2026 14:00:00,25.32393,82.99687,OZONE,5,6,6
India,Uttar Pradesh,Varanasi,"Ardhali Bazar, Varanasi - UPPCB",24-09-2026 14:00:00,25.3505986,82.9083074,PM2.5,11,44,20
India,Uttar Pradesh,Varanasi,"Ardhali Bazar, Varanasi - UPPCB",24-09-2026 14:00:00,25.3505986,82.9083074,NH3,NA,NA,NA
India,Uttar Pradesh,Varanasi,"Bhelupur, Varanasi - UPPCB",24-09-2026 14:00:00,25.301778,82.996789,SO2,34,43,36
India,Uttar Pradesh,Varanasi,"IESD Banaras Hindu University, Varanasi - UPPCB",24-09-2026 14:00:00,25.262326,82.995408,NO2,2,2,2
India,Uttar Pradesh,Vrindavan,"Omex Eternity, Vrindavan - UPPCB",24-09-2026 14:00:00,27.571409,77.655757,PM2.5,30,242,63
India,Uttar Pradesh,Vrindavan,"Omex Eternity, Vrindavan - UPPCB",24-09-2026 14:00:00,27.571409,77.655757,OZONE,16,16,16
India,Uttar Pradesh,Vrindavan," Chhatikara, Vrindavan - UPPCB",24-09-2026 14:00:00,27.57194,77.62346,PM2.5,72,142,103
India,Uttar Pradesh,Vrindavan," Chhatikara, Vrindavan - UPPCB",24-09-2026 14:00:00,27.57194,77.62346,PM10,55,183,113
India,Uttar Pradesh,Vrindavan," Chhatikara, Vrindavan - UPPCB",24-09-2026 14:00:00,27.57194,77.62346,CO,148,150,150
India,Uttar Pradesh,Vrindavan," Chhatikara, Vrindavan - UPPCB",24-09-2026 14:00:00,27.57194,77.62346,OZONE,24,77,50
India,Uttarakhand,Dehradun,"Doon University, Dehradun - UKPCB",24-09-2026 14:00:00,30.269444,78.044167,PM2.5,7,192,76
India,Uttarakhand,Dehradun,"Doon University, Dehradun - UKPCB",24-09-2026 14:00:00,30.269444,78.044167,NH3,NA,NA,NA
India,West Bengal,Asansol,"Asansol Court Area, Asansol - WBPCB",24-09-2026 14:00:00,23.685297,86.945968,PM10,28,48,33
India,West Bengal,Asansol,"Asansol Court Area, Asansol - WBPCB",24-09-2026 14:00:00,23.685297,86.945968,NO2,23,35,27
India,West Bengal,Asansol,"Evelyn Lodge, Asansol - WBPCB",24-09-2026 14:00:00,23.697936,86.944395,NH3,5,5,5
India,West Bengal,Asansol,"Mahabir Colliery, Asansol - WBPCB",24-09-2026 14:00:00,23.618183,87.105718,PM2.5,13,45,19
India,West Bengal,Durgapur,"PCBL Residential Complex, Durgapur - WBPCB",24-09-2026 14:00:00,23.508764,87.35444,PM2.5,10,163,79
India,West Bengal,Durgapur,"Mahishkapur Road_B-Zone, Durgapur - WBPCB",24-09-2026 14:00:00,23.567923,87.306843,OZONE,17,27,22
India,West Bengal,Durgapur,"Womens College_City Center, Durgapur - WBPCB",24-09-2026 14:00:00,23.549395,87.300496,NO2,26,29,27
India,West Bengal,Durgapur,"Womens College_City Center, Durgapur - WBPCB",24-09-2026 14:00:00,23.549395,87.300496,CO,27,33,31
India,West Bengal,Haldia,"Priyambada Housing Estate, Haldia - WBPCB",24-09-2026 14:00:00,22.06047,88.109737,SO2,12,13,12
India,West Bengal,Haldia,"Priyambada Housing Estate, Haldia - WBPCB",24-09-2026 14:00:00,22.06047,88.109737,CO,12,18,16
India,West Bengal,Howrah,"Ghusuri, Howrah - WBPCB",24-09-2026 14:00:00,22.611968,88.347422,NH3,7,15,11
India,West Bengal,Howrah,"Belur Math, Howrah - WBPCB",24-09-2026 14:00:00,22.629801,88.352017,SO2,5,11,8
India,West Bengal,Howrah,"Dasnagar, Howrah - WBPCB",24-09-2026 14:00:00,22.6025571,88.3105664,NH3,0,2,1
India,West Bengal,Howrah,"Padmapukur, Howrah - WBPCB",24-09-2026 14:00:00,22.5687319,88.2797276,PM10,21,83,31
India,West Bengal,Howrah,"Padmapukur, Howrah - WBPCB",24-09-2026 14:00:00,22.5687319,88.2797276,NH3,3,11,7
India,West Bengal,Howrah,"Botanical Garden, Howrah - WBPCB",24-09-2026 14:00:00,22.554954,88.292568,PM2.5,25,69,42
India,West Bengal,Howrah,"Botanical Garden, Howrah - WBPCB",24-09-2026 14:00:00,22.554954,88.292568,PM10,22,58,36
India,West Bengal,Kolkata,"Rabindra Bharati University, Kolkata - WBPCB",24-09-2026 14:00:00,22.627847,88.380669,PM10,15,32,21
India,West Bengal,Kolkata,"Fort William, Kolkata - WBPCB",24-09-2026 14:00:00,22.55664,88.342674,OZONE,34,46,41
India,West Bengal,Kolkata,"Jadavpur, Kolkata - WBPCB",24-09-2026 14:00:00,22.49929,88.36917,SO2,5,6,5
India,West Bengal,Kolkata,"Ballygunge, Kolkata - WBPCB",24-09-2026 14:00:00,22.5367507,88.3638022,SO2,7,9,8
India,West Bengal,Kolkata,"Victoria, Kolkata - WBPCB",24-09-2026 14:00:00,22.5448082,88.3403691,NH3,4,5,4
India,West Bengal,Kolkata,"Bidhannagar, Kolkata - WBPCB",24-09-2026 14:00:00,22.58157048,88.41002457,SO2,8,17,10
India,West Bengal,Siliguri,"Ward-32 Bapupara, Siliguri - WBPCB",24-09-2026 14:00:00,26.6879226,88.4152495,PM10,16,33,20
India,Bihar,Munger,"Town Hall, Munger - BSPCB",24-09-2026 14:00:00,25.376776,86.471523,NO2,1,14,4
India,Bihar,Munger,"Town Hall, Munger - BSPCB",24-09-2026 14:00:00,25.376776,86.471523,CO,3,79,33
India,Bihar,Muzaffarpur,"MIT-Daudpur Kothi, Muzaffarpur - BSPCB",24-09-2026 14:00:00,26.1403345,85.3650192,PM2.5,17,48,28
India,Bihar,Muzaffarpur,"MIT-Daudpur Kothi, Muzaffarpur - BSPCB",24-09-2026 14:00:00,26.1403345,85.3650192,PM10,17,45,30
India,Bihar,Muzaffarpur,"MIT-Daudpur Kothi, Muzaffarpur - BSPCB",24-09-2026 14:00:00,26.1403345,85.3650192,SO2,12,23,14
India,Bihar,Muzaffarpur,"MIT-Daudpur Kothi, Muzaffarpur - BSPCB",24-09-2026 14:00:00,26.1403345,85.3650192,CO,11,21,14
India,Bihar,Muzaffarpur,"Buddha Colony, Muzaffarpur - BSPCB",24-09-2026 14:00:00,26.11442,85.39813,PM2.5,8,24,16
India,Bihar,Muzaffarpur,"Buddha Colony, Muzaffarpur - BSPCB",24-09-2026 14:00:00,26.11442,85.39813,PM10,20,39,27
India,Bihar,Muzaffarpur,"Buddha Colony, Muzaffarpur - BSPCB",24-09-2026 14:00:00,26.11442,85.39813,CO,10,14,13
India,Bihar,Patna,"Samanpura, Patna - BSPCB",24-09-2026 14:00:00,25.596727,85.085624,PM10,46,416,93
India,Bihar,Patna,"Samanpura, Patna - BSPCB",24-09-2026 14:00:00,25.596727,85.085624,SO2,9,10,9
India,Bihar,Patna,"Samanpura, Patna - BSPCB",24-09-2026 14:00:00,25.596727,85.085624,CO,82,85,84
India,Bihar,Patna,"Muradpur, Patna - BSPCB",24-09-2026 14:00:00,25.619651,85.147382,NO2,3,4,3
India,Bihar,Patna,"Muradpur, Patna - BSPCB",24-09-2026 14:00:00,25.619651,85.147382,SO2,8,9,8
India,Bihar,Patna,"DRM Office Danapur, Patna - BSPCB",24-09-2026 14:00:00,25.586562,85.043586,NO2,14,64,54
India,Bihar,Patna,"DRM Office Danapur, Patna - BSPCB",24-09-2026 14:00:00,25.586562,85.043586,CO,21,37,30
India,Bihar,Patna,"DRM Office Danapur, Patna - BSPCB",24-09-2026 14:00:00,25.586562,85.043586,OZONE,10,23,15
India,Bihar,Patna,"Govt. High School Shikarpur, Patna - BSPCB",24-09-2026 14:00:00,25.592539,85.227158,PM2.5,NA,NA,NA
India,Bihar,Patna,"Govt. High School Shikarpur, Patna - BSPCB",24-09-2026 14:00:00,25.592539,85.227158,NH3,6,6,6
India,Bihar,Patna,"Govt. High School Shikarpur, Patna - BSPCB",24-09-2026 14:00:00,25.592539,85.227158,CO,37,41,39
India,Bihar,Patna,"Govt. High School Shikarpur, Patna - BSPCB",24-09-2026 14:00:00,25.592539,85.227158,OZONE,33,77,52
India,Bihar,Patna,"IGSC Planetarium Complex, Patna - BSPCB",24-09-2026 14:00:00,25.610369,85.132568,CO,5,13,11
India,Bihar,Patna,"Rajbansi Nagar, Patna - BSPCB",24-09-2026 14:00:00,25.599486,85.113666,PM2.5,12,27,21
India,Bihar,Patna,"Rajbansi Nagar, Patna - BSPCB",24-09-2026 14:00:00,25.599486,85.113666,SO2,9,11,10
India,Bihar,Patna,"Rajbansi Nagar, Patna - BSPCB",24-09-2026 14:00:00,25.599486,85.113666,CO,41,42,41
India,Bihar,Rajgir,"Dangi Tola, Rajgir - BSPCB",24-09-2026 14:00:00,25.0328,85.41948,SO2,3,3,3
India,Bihar,Samastipur,"DM Office_Kasipur, Samastipur - BSPCB",24-09-2026 14:00:00,25.859655,85.77944,PM10,NA,NA,NA
India,Bihar,Samastipur,"DM Office_Kasipur, Samastipur - BSPCB",24-09-2026 14:00:00,25.859655,85.77944,SO2,12,13,12
India,Bihar,Siwan,"Chitragupta Nagar, Siwan - BSPCB",24-09-2026 14:00:00,26.2271665,84.3570427,NH3,NA,NA,NA
India,Bihar,Siwan,"Chitragupta Nagar, Siwan - BSPCB",24-09-2026 14:00:00,26.2271665,84.3570427,CO,96,96,96
India,Bihar,Siwan,"Chitragupta Nagar, Siwan - BSPCB",24-09-2026 14:00:00,26.2271665,84.3570427,OZONE,10,10,10
India,Chandigarh,Chandigarh,"Sector-25, Chandigarh - CPCC",24-09-2026 14:00:00,30.751462,76.762879,PM10,59,103,77
India,Chandigarh,Chandigarh,"Sector-25, Chandigarh - CPCC",24-09-2026 14:00:00,30.751462,76.762879,NO2,10,75,25
India,Chandigarh,Chandigarh,"Sector-25, Chandigarh - CPCC",24-09-2026 14:00:00,30.751462,76.762879,NH3,7,13,8
India,Chandigarh,Chandigarh,"Sector-25, Chandigarh - CPCC",24-09-2026 14:00:00,30.751462,76.762879,CO,18,27,21
India,Chandigarh,Chandigarh,"Sector-53, Chandigarh - CPCC",24-09-2026 14:00:00,30.719859,76.738637,PM2.5,17,57,34
India,Chandigarh,Chandigarh,"Sector-53, Chandigarh - CPCC",24-09-2026 14:00:00,30.719859,76.738637,NH3,9,21,16
India,Chhattisgarh,Bhilai,"Hathkhoj, Bhilai - CECB",24-09-2026 14:00:00,21.224231,81.40835,NH3,5,12,7
India,Chhattisgarh,Bhilai,"Hathkhoj, Bhilai - CECB",24-09-2026 14:00:00,21.224231,81.40835,SO2,3,22,8
India,Chhattisgarh,Bhilai,"Civic Center, Bhilai - Bhilai Steel Plant",24-09-2026 14:00:00,21.185571,81.343175,PM2.5,NA,NA,NA
India,Chhattisgarh,Milupara,"Govt. Higher Secondary School, Milupara - CECB",24-09-2026 14:00:00,22.1910172,83.5197009,CO,12,12,12
India,Chhattisgarh,Milupara,"Govt. Higher Secondary School, Milupara - CECB",24-09-2026 14:00:00,22.1910172,83.5197009,OZONE,13,15,14
India,Chhattisgarh,Raipur,"Bhatagaon New ISBT, Raipur - CECB",24-09-2026 14:00:00,21.219665,81.630094,PM2.5,11,34,16
India,Chhattisgarh,Raipur,"Bhatagaon New ISBT, Raipur - CECB",24-09-2026 14:00:00,21.219665,81.630094,SO2,1,4,2
India,Chhattisgarh,Raipur,"AIIMS, Raipur - CECB",24-09-2026 14:00:00,21.258815,81.578979,PM2.5,22,62,38
India,Delhi,Delhi,"Wazirpur, Delhi - DPCC",24-09-2026 14:00:00,28.699793,77.165453,PM10,141,311,208
India,Delhi,Delhi,"Narela, Delhi - DPCC",24-09-2026 14:00:00,28.822836,77.101981,PM2.5,48,308,164
India,Delhi,Delhi,"Narela, Delhi - DPCC",24-09-2026 14:00:00,28.822836,77.101981,PM10,109,305,178
India,Delhi,Delhi,"Cantonment Area, Delhi - DPCC",24-09-2026 14:00:00,28.594169,77.1251,PM2.5,2,126,48
India,Delhi,Delhi,"Cantonment Area, Delhi - DPCC",24-09-2026 14:00:00,28.594169,77.1251,PM10,2,411,120
India,Delhi,Delhi,"Cantonment Area, Delhi - DPCC",24-09-2026 14:00:00,28.594169,77.1251,NO2,7,21,16
India,Delhi,Delhi,"Sonia Vihar, Delhi - DPCC",24-09-2026 14:00:00,28.710508,77.249485,PM2.5,68,413,187
India,Delhi,Delhi,"Sonia Vihar, Delhi - DPCC",24-09-2026 14:00:00,28.710508,77.249485,CO,25,55,40
India,Assam,Sivasagar,"Girls College, Sivasagar - PCBA",24-09-2026 14:00:00,26.987634,94.636574,PM10,31,44,35
India,Assam,Sivasagar,"Girls College, Sivasagar - PCBA",24-09-2026 14:00:00,26.987634,94.636574,NO2,8,14,11
India,Bihar,Araria,"Kharahiya Basti, Araria - BSPCB",24-09-2026 14:00:00,26.146529,87.454184,PM10,1,124,46
India,Bihar,Araria,"Kharahiya Basti, Araria - BSPCB",24-09-2026 14:00:00,26.146529,87.454184,SO2,19,21,20
India,Bihar,Arrah,"New DM Office, Arrah - BSPCB",24-09-2026 14:00:00,25.5626095,84.663264,PM2.5,33,35,34
India,Bihar,Begusarai,"Lohiyanagar, Begusarai - BSPCB",24-09-2026 14:00:00,25.42742023,86.13886079,OZONE,41,114,54
India,Bihar,Bettiah,"Kamalnath Nagar, Bettiah - BSPCB",24-09-2026 14:00:00,26.80365,84.51954,PM2.5,22,24,23
India,Bihar,Bhagalpur,"DM Office_Kachari Chowk, Bhagalpur - BSPCB",24-09-2026 14:00:00,25.251013,86.989001,PM10,NA,NA,NA
India,Bihar,Bhagalpur,"Mayaganj, Bhagalpur - BSPCB",24-09-2026 14:00:00,25.265194,87.012947,PM2.5,NA,NA,NA
India,Bihar,Bihar Sharif,"D M Colony, Bihar Sharif - BSPCB",24-09-2026 14:00:00,25.204762,85.51496,PM10,NA,NA,NA
India,Bihar,Bihar Sharif,"D M Colony, Bihar Sharif - BSPCB",24-09-2026 14:00:00,25.204762,85.51496,OZONE,2,2,2
India,Andhra Pradesh,Guntur,"Rajendra Nagar North, Guntur - APPCB",24-09-2026 14:00:00,16.316553,80.413302,PM2.5,36,76,46
India,Andhra Pradesh,Guntur,"Rajendra Nagar North, Guntur - APPCB",24-09-2026 14:00:00,16.316553,80.413302,NO2,16,48,29
India,Andhra Pradesh,Kakinada,"Rama Rao Peta, Kakinada - APPCB",24-09-2026 14:00:00,16.962488,82.229513,PM10,2,49,18
India,Andhra Pradesh,Kakinada,"Rama Rao Peta, Kakinada - APPCB",24-09-2026 14:00:00,16.962488,82.229513,OZONE,30,49,41
India,Andhra Pradesh,Kurnool,"Sita Rama Nagar, Kurnool - APPCB",24-09-2026 14:00:00,15.83411,78.028546,NO2,24,29,26
India,Andhra Pradesh,Machilipatnam,"Srinivas Nagar Colony, Machilipatnam - APPCB",24-09-2026 14:00:00,16.186555,81.13219,PM10,44,72,61
India,Andhra Pradesh,Nellore,"Ambedkar Nagar, Nellore - APPCB ",24-09-2026 14:00:00,14.438164,79.966814,NO2,29,33,32
India,Andhra Pradesh,Nellore,"Ambedkar Nagar, Nellore - APPCB ",24-09-2026 14:00:00,14.438164,79.966814,SO2,8,17,11
India,Andhra Pradesh,Rajamahendravaram,"Anand Kala Kshetram, Rajamahendravaram - APPCB",24-09-2026 14:00:00,16.9872867,81.7363176,NO2,2,6,3
India,Andhra Pradesh,Rajamahendravaram,"Anand Kala Kshetram, Rajamahendravaram - APPCB",24-09-2026 14:00:00,16.9872867,81.7363176,CO,6,20,13
India,Bihar,Gaya,"Collectorate, Gaya - BSPCB",24-09-2026 14:00:00,24.7955,84.9994,OZONE,28,29,29
India,Bihar,Gaya,"SFTI Kusdihra, Gaya - BSPCB",24-09-2026 14:00:00,24.762518,84.982348,PM2.5,13,38,21
India,Bihar,Gaya,"SFTI Kusdihra, Gaya - BSPCB",24-09-2026 14:00:00,24.762518,84.982348,NO2,19,25,22
India,Bihar,Hajipur,"Industrial Area, Hajipur - BSPCB",24-09-2026 14:00:00,25.697189,85.2459,SO2,2,5,4
India,Bihar,Katihar,"Mirchaibari, Katihar - BSPCB",24-09-2026 14:00:00,25.560083,87.553265,OZONE,6,49,28
India,Bihar,Kishanganj,"SDM Office_Khagra, Kishanganj - BSPCB",24-09-2026 14:00:00,26.0881305,87.93840336,OZONE,32,34,33
India,Bihar,Manguraha,"Forest Rest House, Manguraha - BSPCB",24-09-2026 14:00:00,27.308328,84.531742,SO2,NA,NA,NA
India,Bihar,Motihari,"Gandak Colony, Motihari - BSPCB",24-09-2026 14:00:00,26.63086,84.90051,SO2,3,3,3
India,Chhattisgarh,Bhilai,"32Bungalows, Bhilai - CECB",24-09-2026 14:00:00,21.194815,81.31477,NH3,4,15,5
India,Chhattisgarh,Bilaspur,"Mangala, Bilaspur - NTPC",24-09-2026 14:00:00,22.08815,82.13737,NH3,NA,NA,NA
India,Chhattisgarh,Bilaspur,"Mangala, Bilaspur - NTPC",24-09-2026 14:00:00,22.08815,82.13737,SO2,4,17,12
India,Chhattisgarh,Korba,"Urja Nagar, Korba - CECB",24-09-2026 14:00:00,22.348441,82.549611,PM10,17,32,24
India,Chhattisgarh,Korba,"Rampur, Korba - CECB",24-09-2026 14:00:00,22.368195,82.746431,NO2,6,14,8
India,Chhattisgarh,Korba,"Rampur, Korba - CECB",24-09-2026 14:00:00,22.368195,82.746431,NH3,1,1,1
India,Chhattisgarh,Kunjemura,"OP Jindal School, Kunjemura - CECB",24-09-2026 14:00:00,22.12665,83.483212,NH3,2,2,2
India,Assam,Guwahati,"Pan Bazaar, Guwahati - PCBA",24-09-2026 14:00:00,26.1875,91.744194,SO2,34,37,35
India,Assam,Guwahati,"Pan Bazaar, Guwahati - PCBA",24-09-2026 14:00:00,26.1875,91.744194,OZONE,12,17,14
India,Assam,Guwahati,"Railway Colony, Guwahati - PCBA",24-09-2026 14:00:00,26.181742,91.78063,NO2,2,4,3
India,Assam,Nagaon,"Christianpatty, Nagaon - PCBA",24-09-2026 14:00:00,26.349082,92.68449,PM2.5,42,78,56
India,Assam,Nagaon,"Christianpatty, Nagaon - PCBA",24-09-2026 14:00:00,26.349082,92.68449,PM10,35,71,49
India,Assam,Nagaon,"Christianpatty, Nagaon - PCBA",24-09-2026 14:00:00,26.349082,92.68449,OZONE,10,13,12
India,Assam,Nalbari,"Bata Chowk, Nalbari - PCBA",24-09-2026 14:00:00,26.446912,91.439057,PM10,49,67,59
India,Andhra Pradesh,Tirumala,"Toll Gate, Tirumala - APPCB",24-09-2026 14:00:00,13.67,79.35,SO2,3,7,5
India,Andhra Pradesh,Tirumala,"Toll Gate, Tirumala - APPCB",24-09-2026 14:00:00,13.67,79.35,OZONE,24,46,30
India,Andhra Pradesh,Vijayawada,"HB Colony, Vijayawada - APPCB",24-09-2026 14:00:00,16.536107,80.594233,SO2,8,18,10
India,Andhra Pradesh,Vijayawada,"Rajiv Nagar, Vijayawada - APPCB",24-09-2026 14:00:00,16.554731,80.64911,CO,14,23,18
India,Assam,Byrnihat,"Central Academy for SFS, Byrnihat - PCBA",24-09-2026 14:00:00,26.071318,91.87488,PM2.5,77,94,82
India,Assam,Byrnihat,"Central Academy for SFS, Byrnihat - PCBA",24-09-2026 14:00:00,26.071318,91.87488,SO2,22,32,32
India,Andhra Pradesh,Chittoor,"Gangineni Cheruvu, Chittoor - APPCB",24-09-2026 14:00:00,13.20488,79.097889,PM2.5,63,77,67
India,Andhra Pradesh,Chittoor,"Gangineni Cheruvu, Chittoor - APPCB",24-09-2026 14:00:00,13.20488,79.097889,SO2,19,29,27
India,Delhi,Delhi,"Burari Crossing, Delhi - IITM",24-09-2026 14:00:00,28.7256504,77.2011573,PM10,84,157,129
India,Delhi,Delhi,"Burari Crossing, Delhi - IITM",24-09-2026 14:00:00,28.7256504,77.2011573,NH3,NA,NA,NA
India,Delhi,Delhi,"IMD Lodhi Road, Delhi - IITM",24-09-2026 14:00:00,28.5918245,77.2273074,CO,14,19,15
India,Delhi,Delhi,"ITO, Delhi - CPCB",24-09-2026 14:00:00,28.628624,77.24106,PM2.5,16,188,100
India,Delhi,Delhi,"ITO, Delhi - CPCB",24-09-2026 14:00:00,28.628624,77.24106,PM10,55,141,109
India,Delhi,Delhi,"ITO, Delhi - CPCB",24-09-2026 14:00:00,28.628624,77.24106,SO2,9,49,25
India,Delhi,Delhi,"R K Puram, Delhi - DPCC",24-09-2026 14:00:00,28.563262,77.186937,SO2,29,32,30
India,Delhi,Delhi,"Alipur, Delhi - DPCC",24-09-2026 14:00:00,28.815329,77.15301,PM10,99,198,145
India,Delhi,Delhi,"Alipur, Delhi - DPCC",24-09-2026 14:00:00,28.815329,77.15301,NO2,36,69,50
India,Delhi,Delhi,"Alipur, Delhi - DPCC",24-09-2026 14:00:00,28.815329,77.15301,NH3,5,7,5
India,Gujarat,Ahmedabad,"Rakhial, Ahmedabad - IITM",24-09-2026 14:00:00,23.016834,72.625775,PM2.5,58,267,118
India,Gujarat,Ahmedabad,"Gyaspur, Ahmedabad - IITM",24-09-2026 14:00:00,22.977134,72.553024,PM10,101,208,136
India,Gujarat,Ahmedabad,"Gyaspur, Ahmedabad - IITM",24-09-2026 14:00:00,22.977134,72.553024,CO,10,17,13
India,Gujarat,Ahmedabad,"Chandkheda, Ahmedabad - IITM",24-09-2026 14:00:00,23.107969,72.574648,PM10,86,138,113
India,Delhi,Delhi,"Sirifort, Delhi - CPCB",24-09-2026 14:00:00,28.5504249,77.2159377,CO,29,46,36
India,Delhi,Delhi,"Chandni Chowk, Delhi - IITM",24-09-2026 14:00:00,28.656756,77.227234,PM10,60,200,139
India,Delhi,Delhi,"Pusa, Delhi - IITM",24-09-2026 14:00:00,28.63611,77.173332,NO2,4,52,19
India,Delhi,Delhi,"Pusa, Delhi - IITM",24-09-2026 14:00:00,28.63611,77.173332,NH3,NA,NA,NA
India,Delhi,Delhi,"IIT Delhi, Delhi - IITM",24-09-2026 14:00:00,28.54246,77.191651,PM10,116,325,184
India,Delhi,Delhi,"IIT Delhi, Delhi - IITM",24-09-2026 14:00:00,28.54246,77.191651,SO2,NA,NA,NA
India,Delhi,Delhi,"IIT Delhi, Delhi - IITM",24-09-2026 14:00:00,28.54246,77.191651,CO,19,24,21
India,Delhi,Delhi,"IGNOU_Maidan Garhi, Delhi - DPCC",24-09-2026 14:00:00,28.493624,77.201159,NO2,6,53,25
India,Delhi,Delhi,"Talkatora Garden, Delhi - DPCC",24-09-2026 14:00:00,28.62181,77.1944633,SO2,1,3,1
India,Delhi,Delhi,"Talkatora Garden, Delhi - DPCC",24-09-2026 14:00:00,28.62181,77.1944633,CO,72,77,75
India,Delhi,Delhi,"NSIT Dwarka, Delhi - CPCB",24-09-2026 14:00:00,28.60909,77.0325413,PM10,60,124,97
India,Delhi,Delhi,"Aya Nagar, Delhi - IITM",24-09-2026 14:00:00,28.4706914,77.1099364,NH3,NA,NA,NA
India,Delhi,Delhi,"CRRI Mathura Road, Delhi - IITM",24-09-2026 14:00:00,28.5512005,77.2735737,PM2.5,24,278,113
India,Delhi,Delhi,"Patparganj, Delhi - DPCC",24-09-2026 14:00:00,28.623763,77.287209,PM10,NA,NA,NA
India,Delhi,Delhi,"Jawaharlal Nehru Stadium, Delhi - DPCC",24-09-2026 14:00:00,28.58028,77.233829,PM10,66,179,126
India,Delhi,Delhi,"Jawaharlal Nehru Stadium, Delhi - DPCC",24-09-2026 14:00:00,28.58028,77.233829,OZONE,3,18,9
India,Delhi,Delhi,"Najafgarh, Delhi - DPCC",24-09-2026 14:00:00,28.570173,76.933762,NO2,8,63,24
India,Delhi,Delhi,"Najafgarh, Delhi - DPCC",24-09-2026 14:00:00,28.570173,76.933762,NH3,5,8,6
India,Delhi,Delhi,"Mundka, Delhi - DPCC",24-09-2026 14:00:00,28.684678,77.076574,PM2.5,32,297,140
India,Delhi,Delhi,"NSUT Jaffarpur, Delhi - DPCC",24-09-2026 14:00:00,28.594004,76.909423,PM2.5,55,258,162
India,Delhi,Delhi,"NSUT Jaffarpur, Delhi - DPCC",24-09-2026 14:00:00,28.594004,76.909423,NH3,3,7,5
India,Delhi,Delhi,"NSUT Jaffarpur, Delhi - DPCC",24-09-2026 14:00:00,28.594004,76.909423,SO2,1,3,2
India,Delhi,Delhi,"Ashok Vihar, Delhi - DPCC",24-09-2026 14:00:00,28.695381,77.181665,NH3,5,9,7
India,Delhi,Delhi,"Anand Vihar, Delhi - DPCC",24-09-2026 14:00:00,28.647622,77.315809,PM2.5,33,323,160
India,Delhi,Delhi,"Anand Vihar, Delhi - DPCC",24-09-2026 14:00:00,28.647622,77.315809,NO2,9,62,23
India,Delhi,Delhi,"Punjabi Bagh, Delhi - DPCC",24-09-2026 14:00:00,28.674045,77.131023,SO2,16,30,22
India,Delhi,Delhi,"Punjabi Bagh, Delhi - DPCC",24-09-2026 14:00:00,28.674045,77.131023,OZONE,6,47,22
India,Gujarat,Vapi,"Phase-1 GIDC, Vapi - GPCB",24-09-2026 14:00:00,20.362421,72.918013,PM2.5,35,80,56
India,Haryana,Ambala,"Patti Mehar, Ambala - HSPCB",24-09-2026 14:00:00,30.379589,76.778328,OZONE,13,78,41
India,Haryana,Bahadurgarh,"Arya Nagar, Bahadurgarh - HSPCB",24-09-2026 14:00:00,28.6701,76.9254,PM2.5,78,252,175
India,Haryana,Bhiwani,"H.B. Colony, Bhiwani - HSPCB",24-09-2026 14:00:00,28.806223,76.141105,NO2,18,19,18
India,Haryana,Bhiwani,"H.B. Colony, Bhiwani - HSPCB",24-09-2026 14:00:00,28.806223,76.141105,NH3,11,12,11
India,Haryana,Faridabad,"Sector 30, Faridabad - HSPCB",24-09-2026 14:00:00,28.4417,77.3217,NO2,36,39,38
India,Haryana,Faridabad,"Sector 30, Faridabad - HSPCB",24-09-2026 14:00:00,28.4417,77.3217,SO2,2,2,2
India,Haryana,Faridabad,"Sector 30, Faridabad - HSPCB",24-09-2026 14:00:00,28.4417,77.3217,CO,24,26,25
India,Haryana,Faridabad,"Sector 11, Faridabad - HSPCB",24-09-2026 14:00:00,28.376058,77.315741,PM10,49,62,59
India,Haryana,Faridabad,"New Industrial Town, Faridabad - HSPCB",24-09-2026 14:00:00,28.39072,77.30059,NO2,24,26,25
India,Haryana,Faridabad,"New Industrial Town, Faridabad - HSPCB",24-09-2026 14:00:00,28.39072,77.30059,NH3,11,12,11
India,Delhi,Delhi,"DTU, Delhi - CPCB",24-09-2026 14:00:00,28.7500499,77.1112615,NO2,13,37,28
India,Delhi,Delhi,"DTU, Delhi - CPCB",24-09-2026 14:00:00,28.7500499,77.1112615,NH3,3,11,8
India,Delhi,Delhi,"DTU, Delhi - CPCB",24-09-2026 14:00:00,28.7500499,77.1112615,OZONE,0,51,26
India,Delhi,Delhi,"Dr. Karni Singh Shooting Range, Delhi - DPCC",24-09-2026 14:00:00,28.498571,77.26484,PM10,62,224,133
India,Delhi,Delhi,"Dr. Karni Singh Shooting Range, Delhi - DPCC",24-09-2026 14:00:00,28.498571,77.26484,SO2,6,10,8
India,Delhi,Delhi,"Dr. Karni Singh Shooting Range, Delhi - DPCC",24-09-2026 14:00:00,28.498571,77.26484,CO,151,157,154
India,Delhi,Delhi,"Shadipur, Delhi - CPCB",24-09-2026 14:00:00,28.6514781,77.1473105,NH3,5,8,6
India,Delhi,Delhi,"Shadipur, Delhi - CPCB",24-09-2026 14:00:00,28.6514781,77.1473105,OZONE,6,12,10
India,Delhi,Delhi,"Mandir Marg, Delhi - DPCC",24-09-2026 14:00:00,28.636429,77.201067,PM10,64,197,132
India,Delhi,Delhi,"Mandir Marg, Delhi - DPCC",24-09-2026 14:00:00,28.636429,77.201067,OZONE,8,45,23
India,Delhi,Delhi,"Pusa, Delhi - DPCC",24-09-2026 14:00:00,28.639652,77.146275,NH3,1,6,4
India,Delhi,Delhi,"Sirifort, Delhi - CPCB",24-09-2026 14:00:00,28.5504249,77.2159377,NO2,27,35,33
India,Delhi,Delhi,"Sonia Vihar, Delhi - DPCC",24-09-2026 14:00:00,28.710508,77.249485,OZONE,15,22,18
India,Delhi,Delhi,"Bawana, Delhi - DPCC",24-09-2026 14:00:00,28.7762,77.051074,OZONE,3,10,6
India,Delhi,Delhi,"Rohini, Delhi - DPCC",24-09-2026 14:00:00,28.732528,77.11992,PM2.5,38,332,170
India,Delhi,Delhi,"Vivek Vihar, Delhi - DPCC",24-09-2026 14:00:00,28.672342,77.31526,PM10,87,209,148
India,Delhi,Delhi,"Vivek Vihar, Delhi - DPCC",24-09-2026 14:00:00,28.672342,77.31526,CO,57,72,64
India,Delhi,Delhi,"Jahangirpuri, Delhi - DPCC",24-09-2026 14:00:00,28.73282,77.170633,PM2.5,38,340,153
India,Delhi,Delhi,"Sri Aurobindo Marg, Delhi - DPCC",24-09-2026 14:00:00,28.531346,77.190156,PM10,74,165,122
India,Delhi,Delhi,"Sri Aurobindo Marg, Delhi - DPCC",24-09-2026 14:00:00,28.531346,77.190156,SO2,1,109,12
India,Delhi,Delhi,"Nehru Nagar, Delhi - DPCC",24-09-2026 14:00:00,28.56789,77.250515,SO2,1,107,12
India,Delhi,Delhi,"Nehru Nagar, Delhi - DPCC",24-09-2026 14:00:00,28.56789,77.250515,OZONE,5,39,20
India,Gujarat,Gandhinagar,"Sector-10, Gandhinagar - GPCB",24-09-2026 14:00:00,23.221714,72.654328,NH3,1,1,1
India,Gujarat,Gandhinagar,"GIFT City, Gandhinagar - IITM",24-09-2026 14:00:00,23.163798,72.677768,PM10,124,165,149
India,Gujarat,Gandhinagar,"IIPHG Lekawada, Gandhinagar - IITM",24-09-2026 14:00:00,23.243639,72.68994,PM10,51,105,80
India,Gujarat,Gandhinagar,"IIPHG Lekawada, Gandhinagar - IITM",24-09-2026 14:00:00,23.243639,72.68994,NO2,8,27,15
India,Gujarat,Rajkot,"Mavdi, Rajkot - Nexteng Enviro ",24-09-2026 14:00:00,22.248853,70.776774,NO2,8,74,53
India,Gujarat,Surat,"Katargam, Surat - Nexteng Enviro",24-09-2026 14:00:00,21.217779,72.834787,NO2,1,17,9
India,Gujarat,Vadodara,"Bapunagar, Vadodara - Nexteng Enviro",24-09-2026 14:00:00,22.320153,73.216285,PM10,81,132,108
India,Gujarat,Ahmedabad,"SVPI Airport Hansol, Ahmedabad - IITM",24-09-2026 14:00:00,23.076793,72.627874,PM2.5,NA,NA,NA
India,Gujarat,Ahmedabad,"Raikhad, Ahmedabad - IITM",24-09-2026 14:00:00,23.020509,72.579261,SO2,5,7,6
India,Gujarat,Ahmedabad,"Raikhad, Ahmedabad - IITM",24-09-2026 14:00:00,23.020509,72.579261,OZONE,6,23,13
India,Gujarat,Ahmedabad,"Maninagar, Ahmedabad - GPCB",24-09-2026 14:00:00,23.002657,72.591912,NH3,NA,NA,NA
India,Gujarat,Ahmedabad,"SAC ISRO Bopal, Ahmedabad - IITM",24-09-2026 14:00:00,23.041137,72.456691,PM10,44,136,102
India,Gujarat,Ahmedabad,"SAC ISRO Bopal, Ahmedabad - IITM",24-09-2026 14:00:00,23.041137,72.456691,NO2,18,25,23
India,Gujarat,Ahmedabad,"SAC ISRO Bopal, Ahmedabad - IITM",24-09-2026 14:00:00,23.041137,72.456691,NH3,3,4,4
India,Gujarat,Bhavnagar,"Vidhyanagar, Bhavnagar - Nexteng Enviro",24-09-2026 14:00:00,21.755417,72.139056,PM10,65,99,83
India,Haryana,Gurugram,"NISE Gwal Pahari, Gurugram - IITM",24-09-2026 14:00:00,28.422681,77.148944,NO2,4,46,25
India,Haryana,Gurugram,"NISE Gwal Pahari, Gurugram - IITM",24-09-2026 14:00:00,28.422681,77.148944,OZONE,1,53,24
India,Haryana,Gurugram,"Sector-51, Gurugram - HSPCB",24-09-2026 14:00:00,28.4227,77.0667,SO2,NA,NA,NA
India,Haryana,Gurugram,"Vikas Sadan, Gurugram - HSPCB",24-09-2026 14:00:00,28.4501238,77.0263051,PM2.5,210,375,327
India,Haryana,Gurugram,"Teri Gram, Gurugram - HSPCB",24-09-2026 14:00:00,28.4275,77.1465,PM2.5,104,342,213
India,Haryana,Gurugram,"Teri Gram, Gurugram - HSPCB",24-09-2026 14:00:00,28.4275,77.1465,NO2,24,50,34
India,Haryana,Hisar,"Urban Estate-II, Hisar - HSPCB",24-09-2026 14:00:00,29.14056,75.744941,PM10,105,156,116
India,Haryana,Panipat,"Sector-18, Panipat - HSPCB",24-09-2026 14:00:00,29.432304,76.972765,SO2,35,67,50
India,Haryana,Rohtak,"MD University, Rohtak - HSPCB",24-09-2026 14:00:00,28.52123,76.37138,NO2,8,11,9
India,Haryana,Rohtak,"MD University, Rohtak - HSPCB",24-09-2026 14:00:00,28.52123,76.37138,OZONE,14,43,26
India,Haryana,Sirsa,"F-Block, Sirsa - HSPCB",24-09-2026 14:00:00,29.5364,75.0158,PM2.5,5,37,16
India,Haryana,Sirsa,"F-Block, Sirsa - HSPCB",24-09-2026 14:00:00,29.5364,75.0158,SO2,31,42,37
India,Haryana,Sirsa,"F-Block, Sirsa - HSPCB",24-09-2026 14:00:00,29.5364,75.0158,OZONE,26,55,38
India,Haryana,Yamuna Nagar,"Gobind Pura, Yamuna Nagar - HSPCB",24-09-2026 14:00:00,30.1480566,77.2893471,PM2.5,102,237,186
India,Haryana,Yamuna Nagar,"Gobind Pura, Yamuna Nagar - HSPCB",24-09-2026 14:00:00,30.1480566,77.2893471,PM10,101,146,129
India,Haryana,Yamuna Nagar,"Gobind Pura, Yamuna Nagar - HSPCB",24-09-2026 14:00:00,30.1480566,77.2893471,OZONE,8,64,56
India,Himachal Pradesh,Baddi,"HIMUDA Complex Phase-1, Baddi - HPPCB",24-09-2026 14:00:00,30.943887,76.801991,NO2,1,25,9
India,Himachal Pradesh,Baddi,"HIMUDA Complex Phase-1, Baddi - HPPCB",24-09-2026 14:00:00,30.943887,76.801991,OZONE,43,88,60
India,Jammu and Kashmir,Srinagar,"Rajbagh, Srinagar - JKPCC",24-09-2026 14:00:00,34.066206,74.81982,PM10,24,50,38
India,Jammu and Kashmir,Srinagar,"Rajbagh, Srinagar - JKPCC",24-09-2026 14:00:00,34.066206,74.81982,NH3,9,9,9
India,Jammu and Kashmir,Srinagar,"Khunmoh, Srinagar - JKPCC",24-09-2026 14:00:00,34.06313,74.96017,SO2,3,5,4
India,Jharkhand,Dhanbad,"Sardar Patel Nagar, Dhanbad - JSPCB",24-09-2026 14:00:00,23.80569,86.44268,NO2,93,169,99
India,Jharkhand,Dhanbad,"Sardar Patel Nagar, Dhanbad - JSPCB",24-09-2026 14:00:00,23.80569,86.44268,NH3,NA,NA,NA
India,Jharkhand,Dhanbad,"Sardar Patel Nagar, Dhanbad - JSPCB",24-09-2026 14:00:00,23.80569,86.44268,SO2,NA,NA,NA
India,Karnataka,Belgaum,"Ramteerth Nagar, Belgaum - KSPCB",24-09-2026 14:00:00,15.888653,74.541751,PM2.5,NA,NA,NA
India,Karnataka,Belgaum,"Ramteerth Nagar, Belgaum - KSPCB",24-09-2026 14:00:00,15.888653,74.541751,PM10,NA,NA,NA
India,Karnataka,Belgaum,"Ramteerth Nagar, Belgaum - KSPCB",24-09-2026 14:00:00,15.888653,74.541751,NO2,NA,NA,NA
India,Karnataka,Bengaluru,"Hebbal, Bengaluru - KSPCB",24-09-2026 14:00:00,13.029152,77.585901,OZONE,1,59,44
India,Karnataka,Bengaluru,"Hombegowda Nagar, Bengaluru - KSPCB",24-09-2026 14:00:00,12.938539,77.5901,NH3,1,1,1
India,Karnataka,Bengaluru,"Hombegowda Nagar, Bengaluru - KSPCB",24-09-2026 14:00:00,12.938539,77.5901,SO2,4,10,7
India,Karnataka,Bengaluru,"Peenya, Bengaluru - CPCB",24-09-2026 14:00:00,13.0270199,77.494094,NO2,21,24,23
India,Madhya Pradesh,Bhopal,"T T Nagar, Bhopal - MPPCB",24-09-2026 14:00:00,23.233584,77.400574,PM10,37,77,57
India,Madhya Pradesh,Bhopal,"T T Nagar, Bhopal - MPPCB",24-09-2026 14:00:00,23.233584,77.400574,NH3,6,6,6
India,Madhya Pradesh,Bhopal,"Paryavaran Parisar, Bhopal - MPPCB",24-09-2026 14:00:00,23.210494,77.425409,PM10,38,83,58
India,Madhya Pradesh,Dewas,"Bhopal Chauraha, Dewas - MPPCB",24-09-2026 14:00:00,22.9682591,76.064118,NO2,50,95,64
India,Madhya Pradesh,Dewas,"Bhopal Chauraha, Dewas - MPPCB",24-09-2026 14:00:00,22.9682591,76.064118,SO2,13,36,27
India,Madhya Pradesh,Dewas,"Bhopal Chauraha, Dewas - MPPCB",24-09-2026 14:00:00,22.9682591,76.064118,CO,19,30,24
India,Madhya Pradesh,Gwalior,"Maharaj Bada, Gwalior - MPPCB",24-09-2026 14:00:00,26.200388,78.147714,PM2.5,7,72,38
India,Madhya Pradesh,Gwalior,"Maharaj Bada, Gwalior - MPPCB",24-09-2026 14:00:00,26.200388,78.147714,NH3,4,7,6
India,Madhya Pradesh,Gwalior,"Maharaj Bada, Gwalior - MPPCB",24-09-2026 14:00:00,26.200388,78.147714,OZONE,34,47,41
India,Madhya Pradesh,Gwalior,"City Center, Gwalior - MPPCB",24-09-2026 14:00:00,26.203442,78.193251,NH3,1,2,2
India,Madhya Pradesh,Gwalior,"City Center, Gwalior - MPPCB",24-09-2026 14:00:00,26.203442,78.193251,SO2,4,24,17
India,Madhya Pradesh,Gwalior,"Deen Dayal Nagar, Gwalior - MPPCB",24-09-2026 14:00:00,26.259242,78.216432,NH3,3,15,6
India,Madhya Pradesh,Gwalior,"Deen Dayal Nagar, Gwalior - MPPCB",24-09-2026 14:00:00,26.259242,78.216432,OZONE,14,43,30
India,Madhya Pradesh,Indore,"Regional Park, Indore - IMC",24-09-2026 14:00:00,22.678,75.8559,PM2.5,17,62,40
India,Madhya Pradesh,Indore,"Residency Area, Indore - IMC",24-09-2026 14:00:00,22.7084,75.8815,NH3,0,0,0
India,Madhya Pradesh,Indore,"Residency Area, Indore - IMC",24-09-2026 14:00:00,22.7084,75.8815,CO,4,14,10
India,Madhya Pradesh,Indore,"Maguda Nagar, Indore - IMC",24-09-2026 14:00:00,22.7524,75.8872,PM10,NA,NA,NA
India,Maharashtra,Ahmednagar,"Tarakpur, Ahmednagar - MPCB",24-09-2026 14:00:00,19.10122,74.73339,PM2.5,15,100,54
India,Maharashtra,Ahmednagar,"Tarakpur, Ahmednagar - MPCB",24-09-2026 14:00:00,19.10122,74.73339,PM10,40,101,60
India,Maharashtra,Ahmednagar,"Tarakpur, Ahmednagar - MPCB",24-09-2026 14:00:00,19.10122,74.73339,NO2,8,41,18
India,Maharashtra,Ahmednagar,"Tarakpur, Ahmednagar - MPCB",24-09-2026 14:00:00,19.10122,74.73339,NH3,0,2,1
India,Maharashtra,Akola,"Ramdaspeth, Akola - MPCB",24-09-2026 14:00:00,20.719516,77.000253,PM10,28,76,37
India,Maharashtra,Ambernath,"Chinchpada, Ambernath - MPCB",24-09-2026 14:00:00,19.215784,73.199781,PM2.5,30,96,57
India,Maharashtra,Ambernath,"Chinchpada, Ambernath - MPCB",24-09-2026 14:00:00,19.215784,73.199781,NO2,16,54,29
India,Maharashtra,Amravati,"Shri Shivaji Science College, Amravati - MPCB",24-09-2026 14:00:00,20.939198,77.765701,PM10,22,62,39
India,Maharashtra,Amravati,"Shri Shivaji Science College, Amravati - MPCB",24-09-2026 14:00:00,20.939198,77.765701,SO2,5,10,9
India,Maharashtra,Aurangabad,"MIDC Chilkalthana, Aurangabad - MPCB",24-09-2026 14:00:00,19.87562,75.38731,PM10,58,173,97
India,Maharashtra,Aurangabad,"MIDC Chilkalthana, Aurangabad - MPCB",24-09-2026 14:00:00,19.87562,75.38731,CO,25,28,27
India,Maharashtra,Aurangabad,"Rachnakar Colony, Aurangabad - MPCB",24-09-2026 14:00:00,19.863756,75.321188,PM2.5,76,97,84
India,Maharashtra,Aurangabad,"Rachnakar Colony, Aurangabad - MPCB",24-09-2026 14:00:00,19.863756,75.321188,CO,24,31,27
India,Maharashtra,Aurangabad,"Rachnakar Colony, Aurangabad - MPCB",24-09-2026 14:00:00,19.863756,75.321188,OZONE,8,11,10
India,Maharashtra,Aurangabad,"More Chowk Waluj, Aurangabad - MPCB",24-09-2026 14:00:00,19.8389439,75.244448,SO2,4,9,6
India,Maharashtra,Badlapur,"Katrap, Badlapur - MPCB",24-09-2026 14:00:00,19.16485,73.23409,PM2.5,3,21,7
India,Madhya Pradesh,Indore,"Maguda Nagar, Indore - IMC",24-09-2026 14:00:00,22.7524,75.8872,SO2,NA,NA,NA
India,Madhya Pradesh,Indore,"Maguda Nagar, Indore - IMC",24-09-2026 14:00:00,22.7524,75.8872,CO,1,1,1
India,Madhya Pradesh,Jabalpur,"Marhatal, Jabalpur - MPPCB",24-09-2026 14:00:00,23.168606,79.932247,PM10,9,27,18
India,Madhya Pradesh,Jabalpur,"Govindh Bhavan Colony, Jabalpur - JMC",24-09-2026 14:00:00,23.163174,79.973061,CO,41,44,43
India,Madhya Pradesh,Jabalpur,"Gupteshwar, Jabalpur - JMC",24-09-2026 14:00:00,23.142888,79.916147,NO2,15,22,19
India,Madhya Pradesh,Jabalpur,"Gupteshwar, Jabalpur - JMC",24-09-2026 14:00:00,23.142888,79.916147,SO2,16,24,20
India,Madhya Pradesh,Mandideep,"Sector-D Industrial Area, Mandideep - MPPCB",24-09-2026 14:00:00,23.10844,77.511428,PM10,68,136,104
India,Madhya Pradesh,Pithampur,"Sector-2 Industrial Area, Pithampur - MPPCB",24-09-2026 14:00:00,22.624758,75.675238,PM10,115,471,274
India,Madhya Pradesh,Ratlam,"Shasthri Nagar, Ratlam - IPCA Lab",24-09-2026 14:00:00,23.331731,75.045981,NO2,28,100,53
India,Madhya Pradesh,Sagar,"Civil Lines, Sagar - MPPCB",24-09-2026 14:00:00,23.838586,78.759431,PM10,9,76,40
India,Madhya Pradesh,Satna,"Bandhavgar Colony, Satna - Birla Cement",24-09-2026 14:00:00,24.58434363,80.8549414,PM10,70,71,70
India,Madhya Pradesh,Satna,"Bandhavgar Colony, Satna - Birla Cement",24-09-2026 14:00:00,24.58434363,80.8549414,NO2,12,13,12
India,Madhya Pradesh,Satna,"Bandhavgar Colony, Satna - Birla Cement",24-09-2026 14:00:00,24.58434363,80.8549414,NH3,NA,NA,NA
India,Karnataka,Chikkamagaluru,"Kalyana Nagara, Chikkamagaluru - KSPCB",24-09-2026 14:00:00,13.328028,75.797056,NH3,2,2,2
India,Karnataka,Dharwad,"Kalabhavan, Dharwad - KSPCB",24-09-2026 14:00:00,15.459706,75.008381,CO,33,41,37
India,Karnataka,Hubballi,"Lingaraj Nagar, Hubballi - KSPCB",24-09-2026 14:00:00,15.3714823,75.1160168,PM10,NA,NA,NA
India,Karnataka,Hubballi,"Lingaraj Nagar, Hubballi - KSPCB",24-09-2026 14:00:00,15.3714823,75.1160168,OZONE,29,33,31
India,Karnataka,Kalaburagi,"Mahatma Basaveswar Colony, Kalaburgi - KSPCB",24-09-2026 14:00:00,17.336318,76.847397,SO2,3,7,4
India,Karnataka,Kalaburagi,"Lal Bahadur Shastri Nagar, Kalaburagi - KSPCB",24-09-2026 14:00:00,17.321993,76.822628,NO2,NA,NA,NA
India,Karnataka,Kalaburagi,"Lal Bahadur Shastri Nagar, Kalaburagi - KSPCB",24-09-2026 14:00:00,17.321993,76.822628,CO,22,22,22
India,Karnataka,Madikeri,"Stuart Hill, Madikeri - KSPCB",24-09-2026 14:00:00,12.415911,75.73505,PM10,9,19,15
India,Karnataka,Madikeri,"Stuart Hill, Madikeri - KSPCB",24-09-2026 14:00:00,12.415911,75.73505,CO,9,18,13
India,Karnataka,Ramanagara,"Vijay Nagar, Ramanagara - KSPCB",24-09-2026 14:00:00,12.733409,77.298051,PM10,26,132,46
India,Karnataka,Ramanagara,"Vijay Nagar, Ramanagara - KSPCB",24-09-2026 14:00:00,12.733409,77.298051,NO2,NA,NA,NA
India,Karnataka,Ramanagara,"Vijay Nagar, Ramanagara - KSPCB",24-09-2026 14:00:00,12.733409,77.298051,SO2,16,23,18
India,Karnataka,Udupi,"Brahmagiri, Udupi - KSPCB",24-09-2026 14:00:00,13.34194444,74.74694444,SO2,4,10,7
India,Karnataka,Udupi,"Brahmagiri, Udupi - KSPCB",24-09-2026 14:00:00,13.34194444,74.74694444,CO,24,93,58
India,Haryana,Jind,"Police Lines, Jind - HSPCB",24-09-2026 14:00:00,29.307814,76.337619,NH3,4,5,5
India,Haryana,Karnal,"Sector-12, Karnal - HSPCB",24-09-2026 14:00:00,29.6953,77.0027,PM10,23,63,30
India,Haryana,Karnal,"Sector-12, Karnal - HSPCB",24-09-2026 14:00:00,29.6953,77.0027,NH3,6,12,8
India,Haryana,Mandikhera,"General Hospital, Mandikhera(Nuh) - HSPCB",24-09-2026 14:00:00,27.9002,76.9938,PM2.5,23,25,24
India,Haryana,Manesar,"Sector-2 IMT, Manesar - HSPCB",24-09-2026 14:00:00,28.360699,76.93609,PM10,43,149,110
India,Haryana,Narnaul,"Shastri Nagar, Narnaul - HSPCB",24-09-2026 14:00:00,28.060249,76.113115,PM2.5,39,150,84
India,Haryana,Narnaul,"Shastri Nagar, Narnaul - HSPCB",24-09-2026 14:00:00,28.060249,76.113115,NO2,24,25,25
India,Haryana,Narnaul,"Shastri Nagar, Narnaul - HSPCB",24-09-2026 14:00:00,28.060249,76.113115,SO2,3,4,4
India,Haryana,Palwal,"Shyam Nagar, Palwal - HSPCB",24-09-2026 14:00:00,28.1485564,77.3320667,NH3,6,6,6
India,Haryana,Palwal,"Shyam Nagar, Palwal - HSPCB",24-09-2026 14:00:00,28.1485564,77.3320667,OZONE,10,10,10
India,Haryana,Panchgaon,"Amity University, Panchgaon - IITM",24-09-2026 14:00:00,28.3153,76.9143,PM10,2,121,22
India,Haryana,Panchgaon,"Amity University, Panchgaon - IITM",24-09-2026 14:00:00,28.3153,76.9143,SO2,1,20,12
India,Haryana,Panchgaon,"Amity University, Panchgaon - IITM",24-09-2026 14:00:00,28.3153,76.9143,OZONE,9,51,32
India,Haryana,Panipat,"Sector-18, Panipat - HSPCB",24-09-2026 14:00:00,29.432304,76.972765,PM10,36,280,106
India,Maharashtra,Badlapur,"Katrap, Badlapur - MPCB",24-09-2026 14:00:00,19.16485,73.23409,OZONE,7,10,8
India,Maharashtra,Belapur,"CBD Belapur, Belapur - MPCB",24-09-2026 14:00:00,19.0243902,73.0406721,NO2,17,51,28
India,Maharashtra,Belapur,"CBD Belapur, Belapur - MPCB",24-09-2026 14:00:00,19.0243902,73.0406721,CO,25,33,28
India,Maharashtra,Boisar,"Khaira, Boisar - MPCB",24-09-2026 14:00:00,19.786089,72.757971,PM10,50,111,85
India,Maharashtra,Boisar,"Khaira, Boisar - MPCB",24-09-2026 14:00:00,19.786089,72.757971,CO,13,29,18
India,Maharashtra,Chandrapur,"Chauhan Colony, Chandrapur - MPCB",24-09-2026 14:00:00,19.9629,79.298714,NH3,2,3,3
India,Maharashtra,Chandrapur,"Chauhan Colony, Chandrapur - MPCB",24-09-2026 14:00:00,19.9629,79.298714,OZONE,17,24,21
India,Maharashtra,Chandrapur,"MIDC Khutala, Chandrapur - MPCB",24-09-2026 14:00:00,19.9775302,79.2337086,NH3,NA,NA,NA
India,Maharashtra,Dombivli,"Kalu Nagar, Dombivli - MPCB",24-09-2026 14:00:00,19.2268427,73.0788456,NO2,5,26,15
India,Maharashtra,Hingoli,"Ashta Vinayak Nagar, Hingoli - MPCB",24-09-2026 14:00:00,19.710842,77.151824,PM2.5,43,128,75
India,Maharashtra,Jalgaon,"Prabhat Colony, Jalgaon - MPCB",24-09-2026 14:00:00,21.001264,75.565602,OZONE,16,50,32
India,Maharashtra,Kalyan,"Pimpleshwar Mandir, Kalyan - MPCB",24-09-2026 14:00:00,19.192056,72.9585188,PM2.5,NA,NA,NA
India,Maharashtra,Kalyan,"Pimpleshwar Mandir, Kalyan - MPCB",24-09-2026 14:00:00,19.192056,72.9585188,NO2,NA,NA,NA
India,Karnataka,Bengaluru,"Jayanagar 5th Block, Bengaluru - KSPCB",24-09-2026 14:00:00,12.920984,77.584908,PM10,35,60,47
India,Karnataka,Bengaluru,"Jayanagar 5th Block, Bengaluru - KSPCB",24-09-2026 14:00:00,12.920984,77.584908,OZONE,18,51,37
India,Karnataka,Bengaluru,"Jigani, Bengaluru - KSPCB",24-09-2026 14:00:00,12.7816279,77.6299145,PM2.5,NA,NA,NA
India,Karnataka,Bengaluru,"Bapuji Nagar, Bengaluru - KSPCB",24-09-2026 14:00:00,12.951913,77.539784,SO2,13,34,22
India,Karnataka,Bengaluru,"Bapuji Nagar, Bengaluru - KSPCB",24-09-2026 14:00:00,12.951913,77.539784,OZONE,18,21,19
India,Karnataka,Bengaluru,"BTM Layout, Bengaluru - CPCB",24-09-2026 14:00:00,12.9135218,77.5950804,NH3,5,5,5
India,Karnataka,Chamarajanagar,"Urban, Chamarajanagar - KSPCB",24-09-2026 14:00:00,11.55358,76.55521,NO2,NA,NA,NA
India,Karnataka,Chamarajanagar,"Urban, Chamarajanagar - KSPCB",24-09-2026 14:00:00,11.55358,76.55521,SO2,NA,NA,NA
India,Karnataka,Chikkaballapur,"Chikkaballapur Rural, Chikkaballapur - KSPCB",24-09-2026 14:00:00,13.428828,77.731418,NO2,2,5,3
India,Karnataka,Yadgir,"Collector Office, Yadgir - KSPCB",24-09-2026 14:00:00,16.7602,77.1428,NO2,0,3,2
India,Kerala,Kannur,"Thavakkara, Kannur - Kerala PCB",24-09-2026 14:00:00,11.875,75.3732,NO2,11,12,12
India,Kerala,Kannur,"Thavakkara, Kannur - Kerala PCB",24-09-2026 14:00:00,11.875,75.3732,CO,11,17,14
India,Kerala,Kannur,"Thavakkara, Kannur - Kerala PCB",24-09-2026 14:00:00,11.875,75.3732,OZONE,27,30,28
India,Kerala,Thiruvananthapuram,"Plammoodu, Thiruvananthapuram - Kerala PCB",24-09-2026 14:00:00,8.5149093,76.9435879,PM10,14,39,26
India,Kerala,Thiruvananthapuram,"Kariavattom, Thiruvananthapuram - Kerala PCB",24-09-2026 14:00:00,8.5637,76.8865,NH3,0,0,0
India,Kerala,Thrissur,"Corporation Ground, Thrissur - Kerala PCB",24-09-2026 14:00:00,10.5324,76.2159,PM2.5,46,57,51
India,Maharashtra,Pune,"Savitribai Phule Pune University, Pune - MPCB",24-09-2026 14:00:00,18.547056,73.826908,PM2.5,29,58,44
India,Maharashtra,Pune,"Savitribai Phule Pune University, Pune - MPCB",24-09-2026 14:00:00,18.547056,73.826908,PM10,59,90,74
India,Maharashtra,Pune,"Savitribai Phule Pune University, Pune - MPCB",24-09-2026 14:00:00,18.547056,73.826908,NH3,2,2,2
India,Maharashtra,Pune,"Hadapsar, Pune - IITM",24-09-2026 14:00:00,18.501793,73.927532,SO2,NA,NA,NA
India,Maharashtra,Pune,"Hadapsar, Pune - IITM",24-09-2026 14:00:00,18.501793,73.927532,OZONE,14,32,24
India,Maharashtra,Pune,"Katraj Dairy, Pune - MPCB",24-09-2026 14:00:00,18.45445,73.854155,SO2,2,3,3
India,Maharashtra,Pune,"Katraj Dairy, Pune - MPCB",24-09-2026 14:00:00,18.45445,73.854155,CO,30,53,45
India,Maharashtra,Pune,"Revenue Colony-Shivajinagar, Pune - IITM",24-09-2026 14:00:00,18.530085,73.849598,PM2.5,38,91,67
India,Maharashtra,Pune,"Revenue Colony-Shivajinagar, Pune - IITM",24-09-2026 14:00:00,18.530085,73.849598,NO2,13,45,31
India,Maharashtra,Pune,"Revenue Colony-Shivajinagar, Pune - IITM",24-09-2026 14:00:00,18.530085,73.849598,OZONE,17,37,27
India,Maharashtra,Pune,"Mhada Colony, Pune - IITM",24-09-2026 14:00:00,18.57304,73.927715,NO2,25,56,39
India,Maharashtra,Pune,"Mhada Colony, Pune - IITM",24-09-2026 14:00:00,18.57304,73.927715,NH3,NA,NA,NA
India,Maharashtra,Pune,"Dhankawadi, Pune - IITM",24-09-2026 14:00:00,18.459883,73.852193,OZONE,11,32,22
India,Maharashtra,Sangli,"Vijay Nagar, Sangli - MPCB",24-09-2026 14:00:00,16.5038,74.3623,PM2.5,NA,NA,NA
India,Maharashtra,Satara,"Koyana Nagar, Satara - MPCB",24-09-2026 14:00:00,17.696651,74.003387,NO2,4,19,12
India,Maharashtra,Solapur,"Ratandeep Housing Society, Solapur - MPCB",24-09-2026 14:00:00,17.65439,75.90649,NH3,NA,NA,NA
India,Maharashtra,Solapur,"Dnyaneshwar Nagar, Solapur - MPCB",24-09-2026 14:00:00,17.6336264,75.9132495,NO2,6,26,11
India,Maharashtra,Solapur,"Dnyaneshwar Nagar, Solapur - MPCB",24-09-2026 14:00:00,17.6336264,75.9132495,SO2,1,13,5
India,Maharashtra,Mumbai,"Ghatkopar, Mumbai - BMC",24-09-2026 14:00:00,19.083694,72.920967,CO,24,28,26
India,Maharashtra,Mumbai,"Chembur, Mumbai - MPCB",24-09-2026 14:00:00,19.0364585,72.8954371,PM2.5,24,46,33
India,Maharashtra,Mumbai,"Malad West, Mumbai - IITM",24-09-2026 14:00:00,19.19709,72.82204,SO2,1,5,3
India,Maharashtra,Nagpur,"Ram Nagar, Nagpur - MPCB",24-09-2026 14:00:00,21.143383,79.048912,PM2.5,9,62,29
India,Maharashtra,Nagpur,"Ram Nagar, Nagpur - MPCB",24-09-2026 14:00:00,21.143383,79.048912,PM10,20,56,36
India,Maharashtra,Nagpur,"Ram Nagar, Nagpur - MPCB",24-09-2026 14:00:00,21.143383,79.048912,NO2,4,14,7
India,Maharashtra,Nagpur,"Ram Nagar, Nagpur - MPCB",24-09-2026 14:00:00,21.143383,79.048912,CO,13,15,14
India,Maharashtra,Nagpur,"Mahal, Nagpur - MPCB",24-09-2026 14:00:00,21.14472,79.107595,CO,12,22,16
India,Maharashtra,Nagpur,"Mahal, Nagpur - MPCB",24-09-2026 14:00:00,21.14472,79.107595,OZONE,16,25,19
India,Maharashtra,Nagpur,"Opp GPO Civil Lines, Nagpur - MPCB",24-09-2026 14:00:00,21.152875,79.0517531,NO2,9,20,13
India,Maharashtra,Nagpur,"Opp GPO Civil Lines, Nagpur - MPCB",24-09-2026 14:00:00,21.152875,79.0517531,CO,6,26,19
India,Maharashtra,Nagpur,"Ambazari, Nagpur - MPCB",24-09-2026 14:00:00,21.121801,79.04952,PM10,17,34,27
India,Maharashtra,Nagpur,"Ambazari, Nagpur - MPCB",24-09-2026 14:00:00,21.121801,79.04952,NO2,5,11,7
India,Maharashtra,Nanded,"Sneh Nagar, Nanded - MPCB",24-09-2026 14:00:00,19.173852,77.296291,NO2,6,17,8
India,Maharashtra,Nashik,"Pandav Nagari, Nashik - MPCB",24-09-2026 14:00:00,19.9591346,73.7788008,PM10,65,100,83
India,Maharashtra,Nashik,"Pandav Nagari, Nashik - MPCB",24-09-2026 14:00:00,19.9591346,73.7788008,SO2,0,6,3
India,Maharashtra,Latur,"Sawe Wadi, Latur - MPCB",24-09-2026 14:00:00,18.39963,76.57452,CO,3,21,15
India,Maharashtra,Malegaon,"Mahesh Nagar, Malegaon - MPCB",24-09-2026 14:00:00,20.555712,74.529236,PM2.5,49,97,71
India,Maharashtra,Malegaon,"Mahesh Nagar, Malegaon - MPCB",24-09-2026 14:00:00,20.555712,74.529236,PM10,83,148,113
India,Maharashtra,Malegaon,"Mahesh Nagar, Malegaon - MPCB",24-09-2026 14:00:00,20.555712,74.529236,NH3,1,1,1
India,Maharashtra,Malegaon,"Mahesh Nagar, Malegaon - MPCB",24-09-2026 14:00:00,20.555712,74.529236,CO,14,19,15
India,Maharashtra,Malegaon,"Mahesh Nagar, Malegaon - MPCB",24-09-2026 14:00:00,20.555712,74.529236,OZONE,13,16,15
India,Maharashtra,Mira-Bhayandar,"Bhayandar West, Mira-Bhayandar - MPCB",24-09-2026 14:00:00,19.296481,72.840923,PM2.5,27,54,37
India,Maharashtra,Mira-Bhayandar,"Bhayandar West, Mira-Bhayandar - MPCB",24-09-2026 14:00:00,19.296481,72.840923,SO2,1,4,3
India,Maharashtra,Mumbai,"Chhatrapati Shivaji Intl. Airport (T2), Mumbai - MPCB",24-09-2026 14:00:00,19.10078,72.87462,SO2,7,8,7
India,Maharashtra,Mumbai,"Mulund West, Mumbai - MPCB",24-09-2026 14:00:00,19.175,72.9419,CO,10,10,10
India,Maharashtra,Mumbai,"Bandra Kurla Complex, Mumbai - MPCB",24-09-2026 14:00:00,19.065931,72.862131,NH3,4,7,6
India,Maharashtra,Mumbai,"Shivaji Nagar, Mumbai - BMC",24-09-2026 14:00:00,19.060498,72.923356,SO2,1,5,4
India,Maharashtra,Mumbai,"Shivaji Nagar, Mumbai - BMC",24-09-2026 14:00:00,19.060498,72.923356,OZONE,13,19,15
India,Maharashtra,Mumbai,"Sewri, Mumbai - BMC",24-09-2026 14:00:00,19.000084,72.85673,OZONE,27,27,27
India,Maharashtra,Mumbai,"Khindipada-Bhandup West, Mumbai - IITM",24-09-2026 14:00:00,19.1653323,72.922099,PM2.5,15,58,37
India,Maharashtra,Navi Mumbai,"Mahape, Navi Mumbai - MPCB",24-09-2026 14:00:00,19.1135051,73.008978,CO,NA,NA,NA
India,Maharashtra,Pimpri-Chinchwad,"Gavalinagar, Pimpri Chinchwad - MPCB",24-09-2026 14:00:00,18.63673,73.82487,NH3,0,4,0
India,Maharashtra,Pimpri-Chinchwad,"Gavalinagar, Pimpri Chinchwad - MPCB",24-09-2026 14:00:00,18.63673,73.82487,SO2,1,2,1
India,Maharashtra,Pimpri-Chinchwad,"Gavalinagar, Pimpri Chinchwad - MPCB",24-09-2026 14:00:00,18.63673,73.82487,CO,12,21,15
India,Maharashtra,Pimpri-Chinchwad,"Park Street Wakad, Pimpri Chinchwad - MPCB",24-09-2026 14:00:00,18.59051,73.77946,NO2,13,36,23
India,Maharashtra,Pimpri-Chinchwad,"Thergaon, Pimpri Chinchwad - MPCB",24-09-2026 14:00:00,18.616318,73.765797,PM10,56,84,66
India,Maharashtra,Pimpri-Chinchwad,"Savta Mali Nagar, Pimpri-Chinchwad - IITM",24-09-2026 14:00:00,18.614767,73.799516,PM10,59,108,79
India,Maharashtra,Pimpri-Chinchwad,"Savta Mali Nagar, Pimpri-Chinchwad - IITM",24-09-2026 14:00:00,18.614767,73.799516,CO,27,53,38
India,Maharashtra,Pimpri-Chinchwad,"Transport Nagar-Nigdi, Pune - IITM",24-09-2026 14:00:00,18.664282,73.763966,SO2,NA,NA,NA
India,Maharashtra,Pune,"Panchawati_Pashan, Pune - IITM",24-09-2026 14:00:00,18.536457,73.805454,PM2.5,45,105,70
India,Maharashtra,Nashik,"Hirawadi, Nashik - MPCB",24-09-2026 14:00:00,20.021503,73.813844,OZONE,29,36,32
India,Maharashtra,Navi Mumbai,"Kopripada-Vashi, Navi Mumbai - MPCB",24-09-2026 14:00:00,19.090337,73.014232,NO2,10,20,14
India,Maharashtra,Navi Mumbai,"Kopripada-Vashi, Navi Mumbai - MPCB",24-09-2026 14:00:00,19.090337,73.014232,SO2,3,3,3
India,Maharashtra,Navi Mumbai,"Kopripada-Vashi, Navi Mumbai - MPCB",24-09-2026 14:00:00,19.090337,73.014232,OZONE,1,20,11
India,Maharashtra,Navi Mumbai,"Nerul, Navi Mumbai - MPCB",24-09-2026 14:00:00,19.008751,73.01662,NH3,0,0,0
India,Maharashtra,Navi Mumbai,"Nerul, Navi Mumbai - MPCB",24-09-2026 14:00:00,19.008751,73.01662,CO,NA,NA,NA
India,Maharashtra,Navi Mumbai,"Tondare-Taloja, Navi Mumbai - MPCB",24-09-2026 14:00:00,19.063,73.1209,PM2.5,NA,NA,NA
India,Maharashtra,Navi Mumbai,"Tondare-Taloja, Navi Mumbai - MPCB",24-09-2026 14:00:00,19.063,73.1209,SO2,0,7,3
India,Maharashtra,Navi Mumbai,"Sector-2E Kalamboli, Navi Mumbai - MPCB",24-09-2026 14:00:00,19.02579,73.10297,NO2,1,15,9
India,Maharashtra,Navi Mumbai,"Sanpada, Navi Mumbai - MPCB",24-09-2026 14:00:00,19.0575752,73.0151367,PM10,46,77,56
India,Maharashtra,Navi Mumbai,"Sanpada, Navi Mumbai - MPCB",24-09-2026 14:00:00,19.0575752,73.0151367,NH3,6,6,6
India,Maharashtra,Navi Mumbai,"Sanpada, Navi Mumbai - MPCB",24-09-2026 14:00:00,19.0575752,73.0151367,CO,21,27,24
India,Odisha,Angul,"Hakimapada, Angul - OSPCB",24-09-2026 14:00:00,20.832874,85.104082,NO2,19,259,99
India,Odisha,Angul,"Hakimapada, Angul - OSPCB",24-09-2026 14:00:00,20.832874,85.104082,CO,46,86,64
India,Odisha,Balasore,"Kalidaspur, Balasore - OSPCB",24-09-2026 14:00:00,21.51161,86.89088,PM2.5,10,32,20
India,Odisha,Balasore,"Kalidaspur, Balasore - OSPCB",24-09-2026 14:00:00,21.51161,86.89088,NH3,3,3,3
India,Odisha,Balasore,"Kalidaspur, Balasore - OSPCB",24-09-2026 14:00:00,21.51161,86.89088,CO,43,47,45
India,Odisha,Barbil,"Forest Office, Barbil - OSPCB",24-09-2026 14:00:00,22.1166054,85.3945546,NO2,5,18,11
India,Odisha,Bhubaneswar,"Lingraj Mandir, Bhubaneswar - OSPCB",24-09-2026 14:00:00,20.24079,85.836784,PM10,8,29,19
India,Odisha,Bhubaneswar,"Lingraj Mandir, Bhubaneswar - OSPCB",24-09-2026 14:00:00,20.24079,85.836784,CO,48,70,54
India,Maharashtra,Mumbai,"Kandivali West, Mumbai - BMC",24-09-2026 14:00:00,19.215859,72.831718,CO,7,10,9
India,Maharashtra,Mumbai,"Kandivali West, Mumbai - BMC",24-09-2026 14:00:00,19.215859,72.831718,OZONE,22,44,33
India,Maharashtra,Mumbai,"Kurla, Mumbai - MPCB",24-09-2026 14:00:00,19.0863,72.8888,NH3,2,2,2
India,Maharashtra,Mumbai,"Bandra Kurla Complex, Mumbai - IITM",24-09-2026 14:00:00,19.053536,72.84643,NH3,6,14,10
India,Maharashtra,Mumbai,"Bandra Kurla Complex, Mumbai - IITM",24-09-2026 14:00:00,19.053536,72.84643,CO,1,43,25
India,Maharashtra,Mumbai,"Bandra Kurla Complex, Mumbai - IITM",24-09-2026 14:00:00,19.053536,72.84643,OZONE,10,19,16
India,Maharashtra,Mumbai,"Byculla, Mumbai - BMC",24-09-2026 14:00:00,18.9767,72.838,NO2,2,10,6
India,Maharashtra,Mumbai,"Byculla, Mumbai - BMC",24-09-2026 14:00:00,18.9767,72.838,SO2,0,7,3
India,Maharashtra,Mumbai,"Byculla, Mumbai - BMC",24-09-2026 14:00:00,18.9767,72.838,OZONE,18,26,21
India,Maharashtra,Thane,"Upvan Fort, Thane - MPCB",24-09-2026 14:00:00,19.222279,72.957979,SO2,0,6,2
India,Meghalaya,Byrnihat,"15th Mile-Nongthymmai, Byrnihat -Meghalaya PCB",24-09-2026 14:00:00,26.079047,91.875185,PM10,33,146,105
India,Meghalaya,Byrnihat,"15th Mile-Nongthymmai, Byrnihat -Meghalaya PCB",24-09-2026 14:00:00,26.079047,91.875185,OZONE,NA,NA,NA
India,Meghalaya,Shillong,"Lumpyngngad, Shillong - Meghalaya PCB",24-09-2026 14:00:00,25.5586,91.8985,OZONE,20,30,26
India,Mizoram,Aizawl,"Sikulpuikawn, Aizawl - Mizoram PCB",24-09-2026 14:00:00,23.7176342,92.7192841,OZONE,1,3,2
India,Maharashtra,Mumbai,"Kherwadi_Bandra East, Mumbai - MPCB",24-09-2026 14:00:00,19.0632143,72.8456324,PM10,34,59,45
India,Maharashtra,Mumbai,"Worli, Mumbai - MPCB",24-09-2026 14:00:00,18.9936162,72.8128113,NO2,3,14,9
India,Maharashtra,Mumbai,"Worli, Mumbai - MPCB",24-09-2026 14:00:00,18.9936162,72.8128113,CO,37,40,39
India,Maharashtra,Mumbai,"Mazgaon, Mumbai - IITM",24-09-2026 14:00:00,18.96702,72.84214,NO2,17,41,22
India,Rajasthan,Dausa,"Khatikan Mohalla, Dausa - RSPCB",24-09-2026 14:00:00,26.895552,76.334753,CO,21,31,26
India,Rajasthan,Dholpur,"Raja Ganj, Dholpur - RSPCB",24-09-2026 14:00:00,26.699557,77.898881,CO,28,35,30
India,Rajasthan,Dungarpur,"Bhoiwada, Dungarpur - RSPCB",24-09-2026 14:00:00,23.837789,73.714926,NH3,7,8,7
India,Rajasthan,Dungarpur,"Bhoiwada, Dungarpur - RSPCB",24-09-2026 14:00:00,23.837789,73.714926,SO2,5,7,6
India,Rajasthan,Hanumangarh,"Housing Board, Hanumangarh - RSPCB",24-09-2026 14:00:00,29.61075,74.283608,PM10,90,119,106
India,Rajasthan,Jaipur,"Adarsh Nagar, Jaipur - RSPCB",24-09-2026 14:00:00,26.902909,75.836858,PM10,99,122,110
India,Rajasthan,Jaipur,"Mansarovar Sector-12, Jaipur - RSPCB",24-09-2026 14:00:00,26.843698,75.766894,NO2,13,46,27
India,Rajasthan,Jaipur,"Police Commissionerate, Jaipur - RSPCB",24-09-2026 14:00:00,26.9164092,75.7994901,PM2.5,52,142,88
India,Rajasthan,Jaipur,"Police Commissionerate, Jaipur - RSPCB",24-09-2026 14:00:00,26.9164092,75.7994901,PM10,80,145,112
India,Rajasthan,Jaipur,"Police Commissionerate, Jaipur - RSPCB",24-09-2026 14:00:00,26.9164092,75.7994901,NO2,47,100,73
India,Rajasthan,Jaipur,"Police Commissionerate, Jaipur - RSPCB",24-09-2026 14:00:00,26.9164092,75.7994901,NH3,3,12,7
India,Rajasthan,Jaipur,"Police Commissionerate, Jaipur - RSPCB",24-09-2026 14:00:00,26.9164092,75.7994901,OZONE,33,53,44
India,Rajasthan,Jaipur,"Sector-2 Murlipura, Jaipur - RSPCB",24-09-2026 14:00:00,26.960669,75.771817,CO,36,78,59
India,Rajasthan,Jaipur,"RIICO Sitapura, Jaipur - RSPCB",24-09-2026 14:00:00,26.786682,75.827928,PM2.5,160,330,249
India,Rajasthan,Jaipur,"RIICO Sitapura, Jaipur - RSPCB",24-09-2026 14:00:00,26.786682,75.827928,SO2,1,30,6
India,Rajasthan,Jaisalmer,"Sadar Bazar, Jaisalmer - RSPCB",24-09-2026 14:00:00,26.912329,70.909168,CO,9,13,11
India,Rajasthan,Jaisalmer,"Sadar Bazar, Jaisalmer - RSPCB",24-09-2026 14:00:00,26.912329,70.909168,OZONE,31,72,51
India,Rajasthan,Jalore,"Mudtra Sili, Jalore - RSPCB",24-09-2026 14:00:00,25.344694,72.626208,OZONE,43,68,57
India,Rajasthan,Jhalawar,"Rajlaxmi Nagar, Jhalawar - RSPCB",24-09-2026 14:00:00,24.588397,76.172782,PM2.5,42,187,86
India,Rajasthan,Alwar,"Moti Doongri, Alwar - RSPCB",24-09-2026 14:00:00,27.554793,76.611536,PM2.5,33,147,74
India,Rajasthan,Alwar,"Moti Doongri, Alwar - RSPCB",24-09-2026 14:00:00,27.554793,76.611536,NH3,7,13,8
India,Rajasthan,Alwar,"Moti Doongri, Alwar - RSPCB",24-09-2026 14:00:00,27.554793,76.611536,SO2,22,30,26
India,Rajasthan,Alwar,"Moti Doongri, Alwar - RSPCB",24-09-2026 14:00:00,27.554793,76.611536,OZONE,21,75,45
India,Rajasthan,Banswara,"Rati Talai, Banswara - RSPCB",24-09-2026 14:00:00,23.55519,74.44001,NO2,25,56,36
India,Rajasthan,Banswara,"Rati Talai, Banswara - RSPCB",24-09-2026 14:00:00,23.55519,74.44001,OZONE,10,69,31
India,Rajasthan,Baran,"Bamboliya, Baran - RSPCB",24-09-2026 14:00:00,25.106006,76.469948,SO2,6,11,9
India,Rajasthan,Barmer,"Railway Colony, Barmer - RSPCB",24-09-2026 14:00:00,25.747299,71.393989,NH3,4,9,6
India,Rajasthan,Bharatpur,"Krishna Nagar, Bharatpur - RSPCB",24-09-2026 14:00:00,27.215415,77.50873,PM2.5,18,82,44
India,Rajasthan,Bhilwara,"Pratap Nagar, Bhilwara - RSPCB",24-09-2026 14:00:00,25.339605,74.618883,PM2.5,33,207,89
India,Rajasthan,Bhiwadi,"Vasundhara Nagar_UIT, Bhiwadi - RSPCB",24-09-2026 14:00:00,28.207266,76.829265,PM10,23,256,118
India,Rajasthan,Bhiwadi,"RIICO Ind. Area III, Bhiwadi - RSPCB",24-09-2026 14:00:00,28.194909,76.862296,NO2,28,52,39
India,Rajasthan,Bhiwadi,"RIICO Ind. Area III, Bhiwadi - RSPCB",24-09-2026 14:00:00,28.194909,76.862296,NH3,6,15,11
India,Rajasthan,Bhiwadi,"RIICO Ind. Area III, Bhiwadi - RSPCB",24-09-2026 14:00:00,28.194909,76.862296,SO2,6,19,12
India,Rajasthan,Bhiwadi,"RIICO Ind. Area III, Bhiwadi - RSPCB",24-09-2026 14:00:00,28.194909,76.862296,CO,48,51,50
India,Rajasthan,Bhiwadi,"RIICO Ind. Area III, Bhiwadi - RSPCB",24-09-2026 14:00:00,28.194909,76.862296,OZONE,19,73,40
India,Rajasthan,Bundi,"New Colony, Bundi - RSPCB",24-09-2026 14:00:00,25.435774,75.644272,SO2,1,12,6
India,Rajasthan,Bundi,"New Colony, Bundi - RSPCB",24-09-2026 14:00:00,25.435774,75.644272,CO,17,27,23
India,Rajasthan,Chittorgarh,"Shastri Nagar, Chittorgarh - RSPCB",24-09-2026 14:00:00,24.892047,74.623527,SO2,5,64,13
India,Rajasthan,Churu,"Subash Chowk, Churu - RSPCB",24-09-2026 14:00:00,28.296139,74.961696,NH3,6,13,9
India,Tamil Nadu,Chennai,"Manali Village, Chennai - TNPCB",24-09-2026 14:00:00,13.1662,80.2584,PM10,37,87,56
India,Tamil Nadu,Chennai,"Manali Village, Chennai - TNPCB",24-09-2026 14:00:00,13.1662,80.2584,NH3,0,4,1
India,Tamil Nadu,Chennai,"Manali Village, Chennai - TNPCB",24-09-2026 14:00:00,13.1662,80.2584,SO2,11,13,12
India,Tamil Nadu,Chennai,"Manali, Chennai - CPCB",24-09-2026 14:00:00,13.164544,80.26285,PM10,68,119,96
India,Tamil Nadu,Chennai,"Manali, Chennai - CPCB",24-09-2026 14:00:00,13.164544,80.26285,NH3,6,6,6
India,Tamil Nadu,Chennai,"Manali, Chennai - CPCB",24-09-2026 14:00:00,13.164544,80.26285,CO,11,39,22
India,Tamil Nadu,Chennai,"Kodungaiyur, Chennai - TNPCB",24-09-2026 14:00:00,13.1278,80.2642,PM10,54,118,79
India,Tamil Nadu,Chennai,"Kodungaiyur, Chennai - TNPCB",24-09-2026 14:00:00,13.1278,80.2642,SO2,5,7,6
India,Tamil Nadu,Chennai,"Kodungaiyur, Chennai - TNPCB",24-09-2026 14:00:00,13.1278,80.2642,CO,52,56,54
India,Tamil Nadu,Chennai,"Perungudi, Chennai - TNPCB",24-09-2026 14:00:00,12.9533,80.2357,NH3,2,4,3
India,Tamil Nadu,Chennai,"Royapuram, Chennai - TNPCB",24-09-2026 14:00:00,13.1036,80.2909,PM2.5,22,63,43
India,Tamil Nadu,Chennai,"Royapuram, Chennai - TNPCB",24-09-2026 14:00:00,13.1036,80.2909,NO2,13,16,14
India,Tamil Nadu,Chennai,"Arumbakkam, Chennai - TNPCB",24-09-2026 14:00:00,13.0664,80.2112,CO,NA,NA,NA
India,Tamil Nadu,Chennai,"Arumbakkam, Chennai - TNPCB",24-09-2026 14:00:00,13.0664,80.2112,OZONE,NA,NA,NA
India,Tamil Nadu,Chennai,"Velachery Res. Area, Chennai - CPCB",24-09-2026 14:00:00,13.0052189,80.2398125,SO2,4,9,7
India,Tamil Nadu,Chennai,"Velachery Res. Area, Chennai - CPCB",24-09-2026 14:00:00,13.0052189,80.2398125,CO,25,50,38
India,Tamil Nadu,Gummidipoondi,"Anthoni Pillai Nagar, Gummidipoondi - TNPCB",24-09-2026 14:00:00,13.4127,80.1081,SO2,4,58,24
India,Tamil Nadu,Madurai,"Uchapatti, Madurai - TNPCB",24-09-2026 14:00:00,9.865935,78.022669,PM2.5,NA,NA,NA
India,Rajasthan,Pali,"Indira Colony Vistar, Pali - RSPCB",24-09-2026 14:00:00,25.771061,73.340227,OZONE,12,65,33
India,Rajasthan,Pratapgarh,"Pragati Nagar, Pratapgarh - RSPCB",24-09-2026 14:00:00,24.041198,74.780702,NO2,8,36,16
India,Rajasthan,Pratapgarh,"Pragati Nagar, Pratapgarh - RSPCB",24-09-2026 14:00:00,24.041198,74.780702,SO2,3,4,3
India,Rajasthan,Sawai Madhopur,"Sahu Nagar, Sawai Madhopur - RSPCB",24-09-2026 14:00:00,26.031443,76.359327,NO2,6,37,16
India,Rajasthan,Sawai Madhopur,"Sahu Nagar, Sawai Madhopur - RSPCB",24-09-2026 14:00:00,26.031443,76.359327,SO2,0,8,3
India,Rajasthan,Sawai Madhopur,"Sahu Nagar, Sawai Madhopur - RSPCB",24-09-2026 14:00:00,26.031443,76.359327,OZONE,14,61,42
India,Rajasthan,Sikar,"Radhakishan Pura, Sikar - RSPCB",24-09-2026 14:00:00,27.608912,75.153302,CO,23,31,28
India,Rajasthan,Sirohi,"Vedhaynath Colony, Sirohi - RSPCB",24-09-2026 14:00:00,24.885261,72.857549,PM2.5,13,38,27
India,Rajasthan,Sirohi,"Vedhaynath Colony, Sirohi - RSPCB",24-09-2026 14:00:00,24.885261,72.857549,PM10,48,96,64
India,Rajasthan,Sirohi,"Vedhaynath Colony, Sirohi - RSPCB",24-09-2026 14:00:00,24.885261,72.857549,NH3,2,3,3
India,Rajasthan,Sirohi,"Vedhaynath Colony, Sirohi - RSPCB",24-09-2026 14:00:00,24.885261,72.857549,OZONE,28,69,51
India,Rajasthan,Udaipur,"Ashok Nagar, Udaipur - RSPCB",24-09-2026 14:00:00,24.5886166,73.6321397,PM10,66,259,126
India,Rajasthan,Udaipur,"Ashok Nagar, Udaipur - RSPCB",24-09-2026 14:00:00,24.5886166,73.6321397,NO2,8,49,23
India,Tamil Nadu,Chennai,"Manali Village, Chennai - TNPCB",24-09-2026 14:00:00,13.1662,80.2584,PM2.5,20,54,35
India,Odisha,Bhubaneswar,"Patia, Bhubaneswar - OSPCB",24-09-2026 14:00:00,20.34652,85.8163,SO2,7,16,11
India,Odisha,Bhubaneswar,"Patia, Bhubaneswar - OSPCB",24-09-2026 14:00:00,20.34652,85.8163,CO,27,34,31
India,Odisha,Bileipada,"Tata Township, Bileipada - OSPCB",24-09-2026 14:00:00,22.06156703,85.47409613,CO,23,26,25
India,Odisha,Brajrajnagar,"GM Office, Brajrajnagar - OSPCB",24-09-2026 14:00:00,21.8004996,83.8396977,NO2,27,33,31
India,Odisha,Byasanagar,"Ferro Chrome Colony, Byasanagar - OSPCB",24-09-2026 14:00:00,20.94185,86.1151,OZONE,39,56,45
India,Odisha,Cuttack,"CDA Area, Cuttack - OSPCB",24-09-2026 14:00:00,20.48891,85.84768,NO2,7,15,11
India,Odisha,Cuttack,"CDA Area, Cuttack - OSPCB",24-09-2026 14:00:00,20.48891,85.84768,NH3,3,5,4
India,Odisha,Keonjhar,"Jagamohanpur, Keonjhar - OSPCB",24-09-2026 14:00:00,21.6439,85.599355,PM2.5,15,49,30
India,Odisha,Nayagarh,"Dabuna, Nayagarh - OSPCB",24-09-2026 14:00:00,21.847279,85.416905,NO2,6,7,7
India,Odisha,Nayagarh,"Dabuna, Nayagarh - OSPCB",24-09-2026 14:00:00,21.847279,85.416905,SO2,18,19,18
India,Odisha,Paradeep,"Nua Sandhakuda, Paradeep - OSPCB",24-09-2026 14:00:00,20.258828,86.665185,SO2,10,18,12
India,Odisha,Rourkela,"Fertilizer Township, Rourkela - OSPCB",24-09-2026 14:00:00,22.18972222,84.86277778,PM2.5,20,60,36
India,Odisha,Rourkela,"Sector-2, Rourkela - OSPCB",24-09-2026 14:00:00,22.245,84.88111111,PM2.5,28,28,28
India,Odisha,Rourkela,"Sector-2, Rourkela - OSPCB",24-09-2026 14:00:00,22.245,84.88111111,SO2,NA,NA,NA
India,Odisha,Rourkela,"Sector-2, Rourkela - OSPCB",24-09-2026 14:00:00,22.245,84.88111111,CO,10,10,10
India,Odisha,Talcher,"Talcher Coalfields,Talcher - OSPCB",24-09-2026 14:00:00,20.9360711,85.1707021,CO,26,28,27
India,Odisha,Tensa,"Barsua Iron Ore Mines, Tensa - OSPCB",24-09-2026 14:00:00,21.869985,85.167016,CO,16,28,24
India,Odisha,Tensa,"Barsua Iron Ore Mines, Tensa - OSPCB",24-09-2026 14:00:00,21.869985,85.167016,OZONE,4,10,6
India,Puducherry,Puducherry,"Jawahar Nagar, Puducherry - PPCC",24-09-2026 14:00:00,11.9309,79.8027,CO,13,31,23
India,Punjab,Amritsar,"Golden Temple, Amritsar - PPCB",24-09-2026 14:00:00,31.62,74.876512,NO2,17,61,24
India,Punjab,Amritsar,"Golden Temple, Amritsar - PPCB",24-09-2026 14:00:00,31.62,74.876512,CO,21,28,25
India,Punjab,Bathinda,"Hardev Nagar, Bathinda - PPCB",24-09-2026 14:00:00,30.233011,74.907758,NO2,29,34,32
India,Punjab,Bathinda,"Hardev Nagar, Bathinda - PPCB",24-09-2026 14:00:00,30.233011,74.907758,OZONE,NA,NA,NA
India,Punjab,Khanna,"Kalal Majra, Khanna - PPCB",24-09-2026 14:00:00,30.736056,76.209694,PM10,49,84,67
India,Punjab,Khanna,"Kalal Majra, Khanna - PPCB",24-09-2026 14:00:00,30.736056,76.209694,CO,55,102,74
India,Punjab,Ludhiana,"Punjab Agricultural University, Ludhiana - PPCB",24-09-2026 14:00:00,30.9028,75.8086,CO,12,25,18
India,Punjab,Mandi Gobindgarh,"RIMT University, Mandi Gobindgarh - PPCB",24-09-2026 14:00:00,30.649961,76.331442,CO,33,61,47
India,Punjab,Mandi Gobindgarh,"RIMT University, Mandi Gobindgarh - PPCB",24-09-2026 14:00:00,30.649961,76.331442,OZONE,26,64,45
India,Punjab,Patiala,"Model Town, Patiala - PPCB",24-09-2026 14:00:00,30.349388,76.366642,PM2.5,44,71,56
India,Punjab,Rupnagar,"Ratanpura, Rupnagar - Ambuja Cements",24-09-2026 14:00:00,31.0325454,76.5623046,CO,55,64,59
India,Rajasthan,Ajmer,"Civil Lines,  Ajmer - RSPCB",24-09-2026 14:00:00,26.470859,74.646594,PM2.5,44,76,66
India,Rajasthan,Ajmer,"Civil Lines,  Ajmer - RSPCB",24-09-2026 14:00:00,26.470859,74.646594,NH3,7,9,8
India,Rajasthan,Ajmer,"Civil Lines,  Ajmer - RSPCB",24-09-2026 14:00:00,26.470859,74.646594,CO,31,51,40
India,Rajasthan,Alwar,"Vigyan Nagar, Alwar - RSPCB",24-09-2026 14:00:00,27.598796,76.63861,PM10,104,159,128
India,Rajasthan,Karauli,"Satyawati Vihar, Karauli - RSPCB",24-09-2026 14:00:00,26.506177,77.025989,NH3,7,16,11
India,Rajasthan,Khairthal,"New Anaj Mandi, Khairthal - RSPCB",24-09-2026 14:00:00,27.8015617,76.6365217,PM2.5,22,288,132
India,Rajasthan,Khairthal,"New Anaj Mandi, Khairthal - RSPCB",24-09-2026 14:00:00,27.8015617,76.6365217,PM10,69,166,126
India,Rajasthan,Khairthal,"New Anaj Mandi, Khairthal - RSPCB",24-09-2026 14:00:00,27.8015617,76.6365217,SO2,1,6,2
India,Rajasthan,Kota,"Nayapura, Kota - RSPCB",24-09-2026 14:00:00,25.196024,75.855668,PM2.5,27,73,53
India,Rajasthan,Kota,"Shrinath Puram, Kota - RSPCB",24-09-2026 14:00:00,25.14389,75.821256,SO2,5,39,10
India,Rajasthan,Kota,"Dhanmandi, Kota - RSPCB",24-09-2026 14:00:00,25.16409,75.858137,PM2.5,35,170,82
India,Rajasthan,Kota,"Dhanmandi, Kota - RSPCB",24-09-2026 14:00:00,25.16409,75.858137,NO2,21,100,43
India,Rajasthan,Kota,"Dhanmandi, Kota - RSPCB",24-09-2026 14:00:00,25.16409,75.858137,NH3,1,4,4
India,Rajasthan,Nagaur,"Karni Colony, Nagaur - RSPCB",24-09-2026 14:00:00,27.213494,73.734444,NO2,6,47,19
India,Rajasthan,Jodhpur,"Collectorate, Jodhpur - RSPCB",24-09-2026 14:00:00,26.268249,73.0193853,PM10,31,235,106
India,Rajasthan,Jodhpur,"Collectorate, Jodhpur - RSPCB",24-09-2026 14:00:00,26.268249,73.0193853,OZONE,14,24,17
India,Rajasthan,Jodhpur,"Samrat Ashok Udhyan, Jodhpur - RSPCB",24-09-2026 14:00:00,26.253384,72.976571,NH3,5,9,7
India,Rajasthan,Jodhpur,"Samrat Ashok Udhyan, Jodhpur - RSPCB",24-09-2026 14:00:00,26.253384,72.976571,CO,10,27,17
India,Rajasthan,Jodhpur,"Samrat Ashok Udhyan, Jodhpur - RSPCB",24-09-2026 14:00:00,26.253384,72.976571,OZONE,25,89,59
India,Rajasthan,Jodhpur,"Mandor, Jodhpur - RSPCB",24-09-2026 14:00:00,26.358805,73.047444,PM2.5,18,87,44
India,Rajasthan,Jodhpur,"Mandor, Jodhpur - RSPCB",24-09-2026 14:00:00,26.358805,73.047444,NH3,2,17,5
India,Rajasthan,Jodhpur,"Digari Kalan, Jodhpur - RSPCB",24-09-2026 14:00:00,26.29581,73.082283,PM10,72,218,123
India,Rajasthan,Jodhpur,"Digari Kalan, Jodhpur - RSPCB",24-09-2026 14:00:00,26.29581,73.082283,NO2,9,78,34
India,Rajasthan,Jodhpur,"Digari Kalan, Jodhpur - RSPCB",24-09-2026 14:00:00,26.29581,73.082283,CO,14,33,22
India,Uttar Pradesh,Lucknow,"Talkatora District Industries Center, Lucknow - CPCB",24-09-2026 14:00:00,26.83399722,80.8917361,SO2,3,18,8
India,Uttar Pradesh,Lucknow,"Talkatora District Industries Center, Lucknow - CPCB",24-09-2026 14:00:00,26.83399722,80.8917361,OZONE,11,67,37
India,Uttar Pradesh,Lucknow,"Kukrail Picnic Spot-1, Lucknow - UPPCB",24-09-2026 14:00:00,26.90723,80.98579,PM2.5,15,72,40
India,Uttar Pradesh,Lucknow,"Kukrail Picnic Spot-1, Lucknow - UPPCB",24-09-2026 14:00:00,26.90723,80.98579,SO2,23,27,24
India,Uttar Pradesh,Mathura,"Pali Dungra, Mathura - UPPCB",24-09-2026 14:00:00,27.410954,77.550619,NO2,5,9,7
India,Uttar Pradesh,Mathura,"Pali Dungra, Mathura - UPPCB",24-09-2026 14:00:00,27.410954,77.550619,CO,14,32,26
India,Uttar Pradesh,Meerut,"Ganga Nagar, Meerut - UPPCB",24-09-2026 14:00:00,28.999264,77.7590354,NO2,22,44,26
India,Uttar Pradesh,Meerut,"Ganga Nagar, Meerut - UPPCB",24-09-2026 14:00:00,28.999264,77.7590354,SO2,3,11,7
India,Uttar Pradesh,Meerut,"MIET College, Meerut - UPPCB",24-09-2026 14:00:00,28.972677,77.641018,PM10,25,203,92
India,Uttar Pradesh,Meerut,"MIET College, Meerut - UPPCB",24-09-2026 14:00:00,28.972677,77.641018,NO2,20,78,34
India,Uttar Pradesh,Meerut,"MIET College, Meerut - UPPCB",24-09-2026 14:00:00,28.972677,77.641018,CO,39,70,61
India,Uttar Pradesh,Modinagar,"SRM University, Modinagar - UPPCB",24-09-2026 14:00:00,28.798171,77.540243,PM2.5,52,212,121
India,Uttar Pradesh,Modinagar,"SRM University, Modinagar - UPPCB",24-09-2026 14:00:00,28.798171,77.540243,PM10,33,104,72
India,Uttar Pradesh,Modinagar,"SRM University, Modinagar - UPPCB",24-09-2026 14:00:00,28.798171,77.540243,NO2,13,52,29
India,Uttar Pradesh,Modinagar,"SRM University, Modinagar - UPPCB",24-09-2026 14:00:00,28.798171,77.540243,OZONE,13,188,92
India,Uttar Pradesh,Moradabad,"Eco Herbal Park, Moradabad - UPPCB",24-09-2026 14:00:00,28.840739,78.697531,CO,14,23,20
India,Uttar Pradesh,Moradabad,"Kashiram Nagar, Moradabad - UPPCB",24-09-2026 14:00:00,28.849399,78.742362,PM10,19,132,77
India,Telangana,Hyderabad,"New Malakpet, Hyderabad - TSPCB",24-09-2026 14:00:00,17.37206,78.50864,NH3,2,4,3
India,Telangana,Hyderabad,"New Malakpet, Hyderabad - TSPCB",24-09-2026 14:00:00,17.37206,78.50864,OZONE,15,22,19
India,Telangana,Hyderabad,"Bollaram Industrial Area, Hyderabad - TSPCB",24-09-2026 14:00:00,17.518,78.383,PM10,NA,NA,NA
India,Telangana,Hyderabad,"Bollaram Industrial Area, Hyderabad - TSPCB",24-09-2026 14:00:00,17.518,78.383,NH3,NA,NA,NA
India,Telangana,Hyderabad,"Central University, Hyderabad - TSPCB",24-09-2026 14:00:00,17.460103,78.334361,SO2,3,10,6
India,Telangana,Hyderabad,"Central University, Hyderabad - TSPCB",24-09-2026 14:00:00,17.460103,78.334361,CO,13,16,14
India,Telangana,Hyderabad,"ICRISAT Patancheru, Hyderabad - TSPCB",24-09-2026 14:00:00,17.5184,78.278777,PM2.5,28,78,52
India,Telangana,Hyderabad,"IDA Pashamylaram, Hyderabad - TSPCB",24-09-2026 14:00:00,17.5316895,78.218939,PM10,44,87,60
India,Telangana,Hyderabad,"IDA Pashamylaram, Hyderabad - TSPCB",24-09-2026 14:00:00,17.5316895,78.218939,CO,13,24,20
India,Telangana,Hyderabad,"Sanathnagar, Hyderabad - TSPCB",24-09-2026 14:00:00,17.4559458,78.4332152,NO2,29,64,34
India,Telangana,Hyderabad,"Sanathnagar, Hyderabad - TSPCB",24-09-2026 14:00:00,17.4559458,78.4332152,SO2,2,24,8
India,Tripura,Agartala,"Bardowali, Agartala - Tripura SPCB",24-09-2026 14:00:00,23.8175497,91.2726974,PM10,21,51,34
India,Uttar Pradesh,Agra,"Manoharpur, Agra - UPPCB",24-09-2026 14:00:00,27.23711,78.01936,PM2.5,45,123,63
India,Uttar Pradesh,Agra,"Manoharpur, Agra - UPPCB",24-09-2026 14:00:00,27.23711,78.01936,NH3,2,2,2
India,Uttar Pradesh,Agra,"Sanjay Palace, Agra - UPPCB",24-09-2026 14:00:00,27.19865833,78.00598056,NH3,NA,NA,NA
India,Uttar Pradesh,Baraut,"Nagar Palika Parishad, Baraut - UPPCB",24-09-2026 14:00:00,29.09956,77.26235,SO2,0,9,3
India,Uttar Pradesh,Bareilly,"Rajendra Nagar, Bareilly - UPPCB",24-09-2026 14:00:00,28.38910936,79.42963708,PM2.5,25,77,48
India,Uttar Pradesh,Bareilly,"Rajendra Nagar, Bareilly - UPPCB",24-09-2026 14:00:00,28.38910936,79.42963708,NO2,9,10,9
India,Uttar Pradesh,Bareilly,"Rajendra Nagar, Bareilly - UPPCB",24-09-2026 14:00:00,28.38910936,79.42963708,OZONE,NA,NA,NA
India,Uttar Pradesh,Bareilly,"Civil Lines, Bareilly - UPPCB",24-09-2026 14:00:00,28.359581,79.414455,PM10,23,44,33
India,Uttar Pradesh,Bareilly,"Civil Lines, Bareilly - UPPCB",24-09-2026 14:00:00,28.359581,79.414455,NO2,8,9,8
India,Uttar Pradesh,Bareilly,"Civil Lines, Bareilly - UPPCB",24-09-2026 14:00:00,28.359581,79.414455,SO2,40,101,65
India,Uttar Pradesh,Fatehpur Sikri,"Dadupura, Fatehpur Sikri - UPPCB",24-09-2026 14:00:00,27.097694,77.671335,PM2.5,20,307,103
India,Uttar Pradesh,Fatehpur Sikri,"Dadupura, Fatehpur Sikri - UPPCB",24-09-2026 14:00:00,27.097694,77.671335,NH3,2,2,2
India,Uttar Pradesh,Fatehpur Sikri,"Dadupura, Fatehpur Sikri - UPPCB",24-09-2026 14:00:00,27.097694,77.671335,SO2,10,11,11
India,Uttar Pradesh,Firozabad,"Nagla Bhau, Firozabad - UPPCB",24-09-2026 14:00:00,27.168897,78.37696,PM2.5,NA,NA,NA
India,Uttar Pradesh,Firozabad,"Nagla Bhau, Firozabad - UPPCB",24-09-2026 14:00:00,27.168897,78.37696,NO2,8,17,16
India,Uttar Pradesh,Gajraula,"Rajanpur, Gajraula - UPPCB",24-09-2026 14:00:00,28.829109,78.248796,PM10,57,141,99
India,Uttar Pradesh,Gajraula,"Rajanpur, Gajraula - UPPCB",24-09-2026 14:00:00,28.829109,78.248796,NO2,6,71,20
India,Uttar Pradesh,Gajraula,"Rajanpur, Gajraula - UPPCB",24-09-2026 14:00:00,28.829109,78.248796,NH3,0,8,2
India,Uttar Pradesh,Ghaziabad,"Indirapuram, Ghaziabad - UPPCB",24-09-2026 14:00:00,28.646233,77.358075,PM10,54,199,122
India,Uttar Pradesh,Greater Noida,"Knowledge Park - V, Greater Noida - UPPCB",24-09-2026 14:00:00,28.557054,77.453663,PM10,45,275,118
India,Uttar Pradesh,Greater Noida,"Knowledge Park - V, Greater Noida - UPPCB",24-09-2026 14:00:00,28.557054,77.453663,NO2,24,109,57
India,Uttar Pradesh,Greater Noida,"Knowledge Park - V, Greater Noida - UPPCB",24-09-2026 14:00:00,28.557054,77.453663,NH3,12,17,14
India,Uttar Pradesh,Greater Noida,"Knowledge Park - V, Greater Noida - UPPCB",24-09-2026 14:00:00,28.557054,77.453663,SO2,7,11,9
India,Uttar Pradesh,Greater Noida,"Knowledge Park - V, Greater Noida - UPPCB",24-09-2026 14:00:00,28.557054,77.453663,OZONE,8,65,30
India,Uttar Pradesh,Hapur,"Anand Vihar, Hapur - UPPCB",24-09-2026 14:00:00,28.725645,77.749675,NO2,13,18,15
India,Uttar Pradesh,Hapur,"Anand Vihar, Hapur - UPPCB",24-09-2026 14:00:00,28.725645,77.749675,NH3,3,3,3
India,Uttar Pradesh,Hapur,"Anand Vihar, Hapur - UPPCB",24-09-2026 14:00:00,28.725645,77.749675,OZONE,16,16,16
India,Uttar Pradesh,Jhansi,"Shivaji Nagar, Jhansi - UPPCB",24-09-2026 14:00:00,25.4547,78.6039,NO2,6,7,6
India,Uttar Pradesh,Kanpur,"NSI Kalyanpur, Kanpur - UPPCB",24-09-2026 14:00:00,26.509954,80.249612,PM10,11,66,42
India,Uttar Pradesh,Kanpur,"Nehru Nagar, Kanpur - UPPCB",24-09-2026 14:00:00,26.4703136,80.3229863,NH3,NA,NA,NA
India,Uttar Pradesh,Kanpur,"Nehru Nagar, Kanpur - UPPCB",24-09-2026 14:00:00,26.4703136,80.3229863,CO,51,53,52
India,Uttar Pradesh,Khora,"Prashant Garden, Khora - UPPCB",24-09-2026 14:00:00,28.61119,77.34206,PM2.5,61,265,145
India,Tamil Nadu,Thoothukudi,"Meelavittan, Thoothukudi - TNPCB",24-09-2026 14:00:00,8.816428,78.099039,PM2.5,NA,NA,NA
India,Tamil Nadu,Thoothukudi,"Meelavittan, Thoothukudi - TNPCB",24-09-2026 14:00:00,8.816428,78.099039,PM10,63,71,66
India,Telangana,Hyderabad,"Kompally Municipal Office, Hyderabad - TSPCB",24-09-2026 14:00:00,17.544899,78.486949,NO2,13,17,14
India,Telangana,Hyderabad,"Kompally Municipal Office, Hyderabad - TSPCB",24-09-2026 14:00:00,17.544899,78.486949,OZONE,9,20,12
India,Telangana,Hyderabad,"Ramachandrapuram, Hyderabad - TSPCB",24-09-2026 14:00:00,17.528544,78.286195,SO2,11,19,13
India,Telangana,Hyderabad,"Ramachandrapuram, Hyderabad - TSPCB",24-09-2026 14:00:00,17.528544,78.286195,OZONE,18,25,22
India,Telangana,Hyderabad,"Zoo Park, Hyderabad - TSPCB",24-09-2026 14:00:00,17.349694,78.451437,PM2.5,19,44,31
India,Telangana,Hyderabad,"Zoo Park, Hyderabad - TSPCB",24-09-2026 14:00:00,17.349694,78.451437,PM10,22,51,36
India,Telangana,Hyderabad,"ECIL Kapra, Hyderabad - TSPCB",24-09-2026 14:00:00,17.470431,78.566959,NH3,2,4,2
India,Telangana,Hyderabad,"ECIL Kapra, Hyderabad - TSPCB",24-09-2026 14:00:00,17.470431,78.566959,SO2,8,17,10
India,Telangana,Hyderabad,"ECIL Kapra, Hyderabad - TSPCB",24-09-2026 14:00:00,17.470431,78.566959,OZONE,18,30,22
India,Telangana,Hyderabad,"Kokapet, Hyderabad - TSPCB",24-09-2026 14:00:00,17.393559,78.339194,PM2.5,29,49,37
India,Uttar Pradesh,Moradabad,"Employment Office, Moradabad - UPPCB",24-09-2026 14:00:00,28.88528,78.7388,PM2.5,33,95,54
India,Uttar Pradesh,Moradabad,"Employment Office, Moradabad - UPPCB",24-09-2026 14:00:00,28.88528,78.7388,NO2,23,24,23
India,Uttar Pradesh,Moradabad,"Employment Office, Moradabad - UPPCB",24-09-2026 14:00:00,28.88528,78.7388,CO,12,13,12
India,Uttar Pradesh,Moradabad,"Buddhi Vihar, Moradabad - UPPCB",24-09-2026 14:00:00,28.83526,78.7446,PM10,49,128,83
India,Uttar Pradesh,Moradabad,"Buddhi Vihar, Moradabad - UPPCB",24-09-2026 14:00:00,28.83526,78.7446,SO2,34,37,35
India,Uttar Pradesh,Muzaffarnagar,"New Mandi, Muzaffarnagar - UPPCB",24-09-2026 14:00:00,29.4723508,77.7194031,PM2.5,48,303,130
India,Uttar Pradesh,Muzaffarnagar,"New Mandi, Muzaffarnagar - UPPCB",24-09-2026 14:00:00,29.4723508,77.7194031,PM10,55,244,123
India,Uttar Pradesh,Muzaffarnagar,"New Mandi, Muzaffarnagar - UPPCB",24-09-2026 14:00:00,29.4723508,77.7194031,CO,37,53,44
India,Uttar Pradesh,Noida,"Sector - 62, Noida - IITM",24-09-2026 14:00:00,28.6245479,77.3577104,OZONE,13,29,20
India,Uttar Pradesh,Noida,"Sector - 125, Noida - UPPCB",24-09-2026 14:00:00,28.5447608,77.3231257,SO2,7,10,8
India,Uttar Pradesh,Ghaziabad,"Govindpuram, Ghaziabad - UPPCB",24-09-2026 14:00:00,28.694528,77.494705,OZONE,4,35,10
India,Uttar Pradesh,Ghaziabad,"Ved Vihar-Loni, Ghaziabad - UPPCB",24-09-2026 14:00:00,28.739153,77.273668,NO2,28,53,40
India,Uttar Pradesh,Ghaziabad,"Wave City, Ghaziabad - UPPCB",24-09-2026 14:00:00,28.646675,77.489049,PM2.5,NA,NA,NA
India,Uttar Pradesh,Ghaziabad,"Wave City, Ghaziabad - UPPCB",24-09-2026 14:00:00,28.646675,77.489049,NO2,16,32,21
India,Uttar Pradesh,Ghaziabad,"Wave City, Ghaziabad - UPPCB",24-09-2026 14:00:00,28.646675,77.489049,NH3,NA,NA,NA
India,Uttar Pradesh,Ghaziabad,"Wave City, Ghaziabad - UPPCB",24-09-2026 14:00:00,28.646675,77.489049,OZONE,2,52,20
India,Uttar Pradesh,Ghaziabad,"Loni, Ghaziabad - UPPCB",24-09-2026 14:00:00,28.757294,77.278792,NO2,19,76,47
India,Uttar Pradesh,Ghaziabad,"Vasundhara, Ghaziabad - UPPCB",24-09-2026 14:00:00,28.6603346,77.3572563,PM10,74,236,152
India,Uttar Pradesh,Ghaziabad,"Vasundhara, Ghaziabad - UPPCB",24-09-2026 14:00:00,28.6603346,77.3572563,OZONE,14,50,25
India,Uttar Pradesh,Khurja,"Kalindi Kunj, Khurja - UPPCB",24-09-2026 14:00:00,28.2348927,77.8683002,PM10,41,106,73
India,Uttar Pradesh,Lucknow,"B R Ambedkar University, Lucknow - UPPCB",24-09-2026 14:00:00,26.766433,80.927299,PM2.5,0,43,14
India,Uttar Pradesh,Lucknow,"B R Ambedkar University, Lucknow - UPPCB",24-09-2026 14:00:00,26.766433,80.927299,SO2,30,36,32
India,Uttar Pradesh,Lucknow,"Kendriya Vidyalaya, Lucknow - CPCB",24-09-2026 14:00:00,26.906111,80.948222,PM10,32,58,46
India,Uttar Pradesh,Agra,"Sanjay Palace, Agra - UPPCB",24-09-2026 14:00:00,27.19865833,78.00598056,CO,28,35,31
India,Uttar Pradesh,Agra,"Sanjay Palace, Agra - UPPCB",24-09-2026 14:00:00,27.19865833,78.00598056,OZONE,6,9,7
India,Uttar Pradesh,Agra,"Sector-3B Avas Vikas Colony, Agra - UPPCB",24-09-2026 14:00:00,27.19412,77.96237,PM2.5,29,90,52
India,Uttar Pradesh,Agra,"Shahjahan Garden, Agra - UPPCB",24-09-2026 14:00:00,27.169338,78.03582,NO2,0,6,3
India,Uttar Pradesh,Noida,"Sector-1, Noida - UPPCB",24-09-2026 14:00:00,28.5898,77.3101,SO2,7,11,9
India,Uttar Pradesh,Noida,"Sector-1, Noida - UPPCB",24-09-2026 14:00:00,28.5898,77.3101,CO,49,54,51
India,Uttar Pradesh,Noida,"Sector-116, Noida - UPPCB",24-09-2026 14:00:00,28.56923,77.393848,NH3,6,20,12
India,Uttar Pradesh,Noida,"Sector-116, Noida - UPPCB",24-09-2026 14:00:00,28.56923,77.393848,OZONE,1,51,14
India,Uttar Pradesh,Prayagraj,"Nagar Nigam, Prayagraj - UPPCB",24-09-2026 14:00:00,25.44919916,81.82735986,NH3,5,14,7
India,Uttar Pradesh,Prayagraj,"Jhunsi, Prayagraj - UPPCB",24-09-2026 14:00:00,25.425602,81.917152,PM2.5,4,25,14
India,Uttar Pradesh,Prayagraj,"Jhunsi, Prayagraj - UPPCB",24-09-2026 14:00:00,25.425602,81.917152,NO2,6,6,6
India,Uttar Pradesh,Raebareli," Indira Nagar, Raebareli - NTPC Unchahar",24-09-2026 14:00:00,26.207781,81.245571,NH3,NA,NA,NA
India,Uttar Pradesh,Raebareli," Indira Nagar, Raebareli - NTPC Unchahar",24-09-2026 14:00:00,26.207781,81.245571,CO,52,54,53
India,Uttar Pradesh,Raebareli,"Anand Nagar, Raebareli - UPPCB",24-09-2026 14:00:00,26.219512,81.237648,NH3,NA,NA,NA
India,Uttar Pradesh,Raebareli,"Anand Nagar, Raebareli - UPPCB",24-09-2026 14:00:00,26.219512,81.237648,OZONE,49,71,60
India,Uttar Pradesh,Shamli,"New Tehsil, Shamli - UPPCB",24-09-2026 14:00:00,29.4603683,77.3410291,PM10,NA,NA,NA
India,Uttar Pradesh,Shamli,"New Tehsil, Shamli - UPPCB",24-09-2026 14:00:00,29.4603683,77.3410291,NH3,NA,NA,NA
India,Uttar Pradesh,Varanasi,"Maldahiya, Varanasi - UPPCB",24-09-2026 14:00:00,25.32393,82.99687,PM10,20,90,38
India,Uttar Pradesh,Varanasi,"Maldahiya, Varanasi - UPPCB",24-09-2026 14:00:00,25.32393,82.99687,NO2,2,3,2
India,Uttar Pradesh,Varanasi,"Ardhali Bazar, Varanasi - UPPCB",24-09-2026 14:00:00,25.3505986,82.9083074,SO2,5,7,7
India,Uttar Pradesh,Varanasi,"Bhelupur, Varanasi - UPPCB",24-09-2026 14:00:00,25.301778,82.996789,PM10,15,421,96
India,Uttar Pradesh,Varanasi,"Bhelupur, Varanasi - UPPCB",24-09-2026 14:00:00,25.301778,82.996789,NH3,1,1,1
India,Uttar Pradesh,Varanasi,"IESD Banaras Hindu University, Varanasi - UPPCB",24-09-2026 14:00:00,25.262326,82.995408,NH3,0,0,0
India,Uttar Pradesh,Vrindavan,"Omex Eternity, Vrindavan - UPPCB",24-09-2026 14:00:00,27.571409,77.655757,SO2,11,16,12
India,Uttarakhand,Dehradun,"Doon University, Dehradun - UKPCB",24-09-2026 14:00:00,30.269444,78.044167,NO2,1,5,2
India,Uttarakhand,Dehradun,"Doon University, Dehradun - UKPCB",24-09-2026 14:00:00,30.269444,78.044167,CO,25,31,27
India,Uttarakhand,Kashipur,"Govt. Girls Inter College, Kashipur - UKPCB",24-09-2026 14:00:00,29.2124114,78.9611753,PM10,NA,NA,NA
India,Uttarakhand,Kashipur,"Govt. Girls Inter College, Kashipur - UKPCB",24-09-2026 14:00:00,29.2124114,78.9611753,CO,7,14,11
India,Uttarakhand,Kashipur,"Govt. Girls Inter College, Kashipur - UKPCB",24-09-2026 14:00:00,29.2124114,78.9611753,OZONE,NA,NA,NA
India,Uttarakhand,Rishikesh,"Shivaji Nagar, Rishikesh - UKPCB",24-09-2026 14:00:00,30.075911,78.2859547,NO2,6,7,7
India,Uttarakhand,Rishikesh,"Shivaji Nagar, Rishikesh - UKPCB",24-09-2026 14:00:00,30.075911,78.2859547,NH3,2,4,3
India,West Bengal,Asansol,"Evelyn Lodge, Asansol - WBPCB",24-09-2026 14:00:00,23.697936,86.944395,NO2,12,21,16
India,West Bengal,Asansol,"Evelyn Lodge, Asansol - WBPCB",24-09-2026 14:00:00,23.697936,86.944395,OZONE,6,14,10
India,West Bengal,Asansol,"Trivenidevi Bhalotia College, Asansol - WBPCB",24-09-2026 14:00:00,23.616515,87.119133,OZONE,7,10,9
India,West Bengal,Barrackpore,"SVSPA Campus, Barrackpore - WBPCB",24-09-2026 14:00:00,22.7605581,88.3617589,CO,30,40,33
India,West Bengal,Durgapur,"PCBL Residential Complex, Durgapur - WBPCB",24-09-2026 14:00:00,23.508764,87.35444,NH3,0,5,2
India,West Bengal,Durgapur,"Mahishkapur Road_B-Zone, Durgapur - WBPCB",24-09-2026 14:00:00,23.567923,87.306843,NH3,0,0,0
India,West Bengal,Durgapur,"Womens College_City Center, Durgapur - WBPCB",24-09-2026 14:00:00,23.549395,87.300496,PM10,25,32,28
India,West Bengal,Haldia,"Priyambada Housing Estate, Haldia - WBPCB",24-09-2026 14:00:00,22.06047,88.109737,PM10,17,44,27
India,West Bengal,Haldia,"Priyambada Housing Estate, Haldia - WBPCB",24-09-2026 14:00:00,22.06047,88.109737,NH3,6,8,8
India,West Bengal,Howrah,"Dasnagar, Howrah - WBPCB",24-09-2026 14:00:00,22.6025571,88.3105664,SO2,9,10,9
India,West Bengal,Howrah,"Padmapukur, Howrah - WBPCB",24-09-2026 14:00:00,22.5687319,88.2797276,PM2.5,14,31,22
India,West Bengal,Kolkata,"Rabindra Bharati University, Kolkata - WBPCB",24-09-2026 14:00:00,22.627847,88.380669,NO2,11,26,17
India,West Bengal,Kolkata,"Rabindra Bharati University, Kolkata - WBPCB",24-09-2026 14:00:00,22.627847,88.380669,NH3,3,7,5
India,West Bengal,Kolkata,"Rabindra Bharati University, Kolkata - WBPCB",24-09-2026 14:00:00,22.627847,88.380669,OZONE,39,48,42
India,West Bengal,Kolkata,"Jadavpur, Kolkata - WBPCB",24-09-2026 14:00:00,22.49929,88.36917,CO,29,38,34
India,West Bengal,Kolkata,"Ballygunge, Kolkata - WBPCB",24-09-2026 14:00:00,22.5367507,88.3638022,PM10,15,29,22
India,West Bengal,Kolkata,"Ballygunge, Kolkata - WBPCB",24-09-2026 14:00:00,22.5367507,88.3638022,NO2,17,37,26
India,West Bengal,Kolkata,"Ballygunge, Kolkata - WBPCB",24-09-2026 14:00:00,22.5367507,88.3638022,CO,15,19,17
India,West Bengal,Kolkata,"Ballygunge, Kolkata - WBPCB",24-09-2026 14:00:00,22.5367507,88.3638022,OZONE,31,40,35
India,West Bengal,Kolkata,"Victoria, Kolkata - WBPCB",24-09-2026 14:00:00,22.5448082,88.3403691,PM2.5,15,35,25
India,West Bengal,Kolkata,"Rabindra Sarobar, Kolkata - WBPCB",24-09-2026 14:00:00,22.51106,88.35142,NO2,13,33,21
India,West Bengal,Kolkata,"Rabindra Sarobar, Kolkata - WBPCB",24-09-2026 14:00:00,22.51106,88.35142,CO,15,19,17
India,West Bengal,Kolkata,"Bidhannagar, Kolkata - WBPCB",24-09-2026 14:00:00,22.58157048,88.41002457,PM2.5,9,14,11
India,West Bengal,Kolkata,"Bidhannagar, Kolkata - WBPCB",24-09-2026 14:00:00,22.58157048,88.41002457,PM10,27,35,30
India,West Bengal,Kolkata,"Bidhannagar, Kolkata - WBPCB",24-09-2026 14:00:00,22.58157048,88.41002457,NO2,13,14,13
India,West Bengal,Siliguri,"Ward-32 Bapupara, Siliguri - WBPCB",24-09-2026 14:00:00,26.6879226,88.4152495,PM2.5,9,23,14
India,West Bengal,Siliguri,"Ward-32 Bapupara, Siliguri - WBPCB",24-09-2026 14:00:00,26.6879226,88.4152495,OZONE,16,19,18
India,Arunachal Pradesh,Naharlagun,"Naharlagun, Naharlagun - APSPCB",24-09-2026 14:00:00,27.103358,93.679645,PM2.5,0,43,27
India,Assam,Byrnihat,"Central Academy for SFS, Byrnihat - PCBA",24-09-2026 14:00:00,26.071318,91.87488,PM10,71,88,76
India,Assam,Byrnihat,"Central Academy for SFS, Byrnihat - PCBA",24-09-2026 14:00:00,26.071318,91.87488,NH3,4,4,4
India,Assam,Guwahati,"LGBI Airport, Guwahati - PCBA",24-09-2026 14:00:00,26.10887,91.589544,NO2,6,47,16
India,Assam,Guwahati,"LGBI Airport, Guwahati - PCBA",24-09-2026 14:00:00,26.10887,91.589544,CO,12,33,26
India,Assam,Guwahati,"Pan Bazaar, Guwahati - PCBA",24-09-2026 14:00:00,26.1875,91.744194,NH3,0,1,1
India,Assam,Guwahati,"Railway Colony, Guwahati - PCBA",24-09-2026 14:00:00,26.181742,91.78063,PM2.5,5,33,19
India,Assam,Guwahati,"IITG, Guwahati - PCBA",24-09-2026 14:00:00,26.2028636,91.70046436,PM2.5,2,9,5
India,Assam,Guwahati,"IITG, Guwahati - PCBA",24-09-2026 14:00:00,26.2028636,91.70046436,NO2,1,2,1
India,Assam,Nagaon,"Christianpatty, Nagaon - PCBA",24-09-2026 14:00:00,26.349082,92.68449,NO2,1,1,1
India,Assam,Nalbari,"Bata Chowk, Nalbari - PCBA",24-09-2026 14:00:00,26.446912,91.439057,PM2.5,66,91,80
India,Assam,Nalbari,"Bata Chowk, Nalbari - PCBA",24-09-2026 14:00:00,26.446912,91.439057,NO2,14,15,14
India,Bihar,Bhagalpur,"Mayaganj, Bhagalpur - BSPCB",24-09-2026 14:00:00,25.265194,87.012947,NH3,NA,NA,NA
India,Bihar,Bihar Sharif,"D M Colony, Bihar Sharif - BSPCB",24-09-2026 14:00:00,25.204762,85.51496,NH3,NA,NA,NA
India,Bihar,Bihar Sharif,"D M Colony, Bihar Sharif - BSPCB",24-09-2026 14:00:00,25.204762,85.51496,SO2,NA,NA,NA
India,Bihar,Chhapra,"Darshan Nagar, Chhapra - BSPCB",24-09-2026 14:00:00,25.7808257,84.7446768,NO2,1,2,1
India,Bihar,Chhapra,"Darshan Nagar, Chhapra - BSPCB",24-09-2026 14:00:00,25.7808257,84.7446768,SO2,25,28,27
India,Bihar,Chhapra,"Darshan Nagar, Chhapra - BSPCB",24-09-2026 14:00:00,25.7808257,84.7446768,CO,81,85,83
India,Bihar,Chhapra,"Darshan Nagar, Chhapra - BSPCB",24-09-2026 14:00:00,25.7808257,84.7446768,OZONE,0,2,1
India,Bihar,Gaya,"Kareemganj, Gaya - BSPCB",24-09-2026 14:00:00,24.792403,84.992416,PM10,NA,NA,NA
India,Bihar,Gaya,"Collectorate, Gaya - BSPCB",24-09-2026 14:00:00,24.7955,84.9994,PM10,NA,NA,NA
India,Bihar,Gaya,"Collectorate, Gaya - BSPCB",24-09-2026 14:00:00,24.7955,84.9994,SO2,7,8,7
India,Bihar,Gaya,"SFTI Kusdihra, Gaya - BSPCB",24-09-2026 14:00:00,24.762518,84.982348,NH3,5,6,6
India,Bihar,Hajipur,"Industrial Area, Hajipur - BSPCB",24-09-2026 14:00:00,25.697189,85.2459,CO,19,27,22
India,Bihar,Hajipur,"Industrial Area, Hajipur - BSPCB",24-09-2026 14:00:00,25.697189,85.2459,OZONE,13,17,15
India,Bihar,Rajgir,"Dangi Tola, Rajgir - BSPCB",24-09-2026 14:00:00,25.0328,85.41948,PM2.5,22,53,24
India,Bihar,Rajgir,"Dangi Tola, Rajgir - BSPCB",24-09-2026 14:00:00,25.0328,85.41948,CO,39,45,42
India,Bihar,Samastipur,"DM Office_Kasipur, Samastipur - BSPCB",24-09-2026 14:00:00,25.859655,85.77944,NH3,1,2,1
India,Bihar,Samastipur,"DM Office_Kasipur, Samastipur - BSPCB",24-09-2026 14:00:00,25.859655,85.77944,CO,1,1,1
India,Bihar,Samastipur,"DM Office_Kasipur, Samastipur - BSPCB",24-09-2026 14:00:00,25.859655,85.77944,OZONE,6,6,6
India,Bihar,Siwan,"Chitragupta Nagar, Siwan - BSPCB",24-09-2026 14:00:00,26.2271665,84.3570427,SO2,NA,NA,NA
India,Chandigarh,Chandigarh,"Sector 22, Chandigarh - CPCC",24-09-2026 14:00:00,30.735567,76.775714,PM10,33,72,45
India,Chandigarh,Chandigarh,"Sector 22, Chandigarh - CPCC",24-09-2026 14:00:00,30.735567,76.775714,NH3,7,34,25
India,Chandigarh,Chandigarh,"Sector 22, Chandigarh - CPCC",24-09-2026 14:00:00,30.735567,76.775714,CO,33,37,35
India,Chhattisgarh,Bhilai,"Hathkhoj, Bhilai - CECB",24-09-2026 14:00:00,21.224231,81.40835,CO,5,9,7
India,Bihar,Kishanganj,"SDM Office_Khagra, Kishanganj - BSPCB",24-09-2026 14:00:00,26.0881305,87.93840336,NO2,7,8,7
India,Bihar,Kishanganj,"SDM Office_Khagra, Kishanganj - BSPCB",24-09-2026 14:00:00,26.0881305,87.93840336,SO2,8,12,9
India,Bihar,Manguraha,"Forest Rest House, Manguraha - BSPCB",24-09-2026 14:00:00,27.308328,84.531742,PM2.5,NA,NA,NA
India,Bihar,Manguraha,"Forest Rest House, Manguraha - BSPCB",24-09-2026 14:00:00,27.308328,84.531742,NO2,NA,NA,NA
India,Bihar,Manguraha,"Forest Rest House, Manguraha - BSPCB",24-09-2026 14:00:00,27.308328,84.531742,CO,23,37,32
India,Bihar,Motihari,"Gandak Colony, Motihari - BSPCB",24-09-2026 14:00:00,26.63086,84.90051,PM2.5,13,80,19
India,Bihar,Motihari,"Gandak Colony, Motihari - BSPCB",24-09-2026 14:00:00,26.63086,84.90051,PM10,12,92,19
India,Bihar,Munger,"Town Hall, Munger - BSPCB",24-09-2026 14:00:00,25.376776,86.471523,PM10,NA,NA,NA
India,Bihar,Munger,"Town Hall, Munger - BSPCB",24-09-2026 14:00:00,25.376776,86.471523,NH3,2,3,3
India,Bihar,Muzaffarpur,"MIT-Daudpur Kothi, Muzaffarpur - BSPCB",24-09-2026 14:00:00,26.1403345,85.3650192,NO2,2,9,4
India,Assam,Nalbari,"Bata Chowk, Nalbari - PCBA",24-09-2026 14:00:00,26.446912,91.439057,SO2,8,8,8
India,Assam,Silchar,"Tarapur, Silchar - PCBA",24-09-2026 14:00:00,24.82827,92.79525,PM2.5,31,42,35
India,Assam,Silchar,"Tarapur, Silchar - PCBA",24-09-2026 14:00:00,24.82827,92.79525,PM10,46,68,54
India,Assam,Sivasagar,"Girls College, Sivasagar - PCBA",24-09-2026 14:00:00,26.987634,94.636574,NH3,1,3,2
India,Assam,Sivasagar,"Girls College, Sivasagar - PCBA",24-09-2026 14:00:00,26.987634,94.636574,OZONE,6,45,30
India,Bihar,Arrah,"New DM Office, Arrah - BSPCB",24-09-2026 14:00:00,25.5626095,84.663264,CO,49,62,58
India,Bihar,Begusarai,"Lohiyanagar, Begusarai - BSPCB",24-09-2026 14:00:00,25.42742023,86.13886079,NH3,2,3,2
India,Bihar,Begusarai,"Lohiyanagar, Begusarai - BSPCB",24-09-2026 14:00:00,25.42742023,86.13886079,CO,30,75,54
India,Bihar,Bettiah,"Kamalnath Nagar, Bettiah - BSPCB",24-09-2026 14:00:00,26.80365,84.51954,CO,27,38,31
India,Chhattisgarh,Bhilai,"Civic Center, Bhilai - Bhilai Steel Plant",24-09-2026 14:00:00,21.185571,81.343175,SO2,NA,NA,NA
India,Chhattisgarh,Bhilai,"32Bungalows, Bhilai - CECB",24-09-2026 14:00:00,21.194815,81.31477,NO2,5,35,13
India,Chhattisgarh,Bilaspur,"Mangala, Bilaspur - NTPC",24-09-2026 14:00:00,22.08815,82.13737,CO,19,41,28
India,Chhattisgarh,Bilaspur,"Mangala, Bilaspur - NTPC",24-09-2026 14:00:00,22.08815,82.13737,OZONE,NA,NA,NA
India,Chhattisgarh,Chhal,"Nawapara SECL Colony, Chhal - CECB",24-09-2026 14:00:00,22.118125,83.140608,PM2.5,3,11,7
India,Chhattisgarh,Chhal,"Nawapara SECL Colony, Chhal - CECB",24-09-2026 14:00:00,22.118125,83.140608,PM10,7,25,13
India,Chhattisgarh,Chhal,"Nawapara SECL Colony, Chhal - CECB",24-09-2026 14:00:00,22.118125,83.140608,NH3,2,2,2
India,Chhattisgarh,Chhal,"Nawapara SECL Colony, Chhal - CECB",24-09-2026 14:00:00,22.118125,83.140608,SO2,17,21,19
India,Chhattisgarh,Chhal,"Nawapara SECL Colony, Chhal - CECB",24-09-2026 14:00:00,22.118125,83.140608,CO,18,19,18
India,Chhattisgarh,Korba,"Urja Nagar, Korba - CECB",24-09-2026 14:00:00,22.348441,82.549611,NH3,1,1,1
India,Andhra Pradesh,Rajamahendravaram,"Anand Kala Kshetram, Rajamahendravaram - APPCB",24-09-2026 14:00:00,16.9872867,81.7363176,SO2,1,23,6
India,Andhra Pradesh,Tirupati,"Vaikuntapuram, Tirupati - APPCB",24-09-2026 14:00:00,13.615387,79.40923,SO2,13,18,14
India,Andhra Pradesh,Vijayawada,"HB Colony, Vijayawada - APPCB",24-09-2026 14:00:00,16.536107,80.594233,NO2,13,23,17
India,Andhra Pradesh,Vijayawada,"HB Colony, Vijayawada - APPCB",24-09-2026 14:00:00,16.536107,80.594233,NH3,3,5,4
India,Andhra Pradesh,Vijayawada,"Rajiv Gandhi Park, Vijayawada - APPCB",24-09-2026 14:00:00,16.509717,80.612222,PM2.5,NA,NA,NA
India,Andhra Pradesh,Vijayawada,"Rajiv Gandhi Park, Vijayawada - APPCB",24-09-2026 14:00:00,16.509717,80.612222,NO2,NA,NA,NA
India,Andhra Pradesh,Vijayawada,"Rajiv Gandhi Park, Vijayawada - APPCB",24-09-2026 14:00:00,16.509717,80.612222,OZONE,13,37,24
India,Andhra Pradesh,Visakhapatnam,"GVM Corporation, Visakhapatnam - APPCB",24-09-2026 14:00:00,17.72,83.3,PM2.5,2,50,11
India,Andhra Pradesh,Visakhapatnam,"GVM Corporation, Visakhapatnam - APPCB",24-09-2026 14:00:00,17.72,83.3,OZONE,8,22,15
India,Andhra Pradesh,Kadapa,"Yerramukkapalli, Kadapa - APPCB",24-09-2026 14:00:00,14.465052,78.824187,PM2.5,47,69,53
India,Andhra Pradesh,Kadapa,"Yerramukkapalli, Kadapa - APPCB",24-09-2026 14:00:00,14.465052,78.824187,NO2,19,26,21
India,Andhra Pradesh,Kadapa,"Yerramukkapalli, Kadapa - APPCB",24-09-2026 14:00:00,14.465052,78.824187,OZONE,27,53,35
India,Andhra Pradesh,Kurnool,"Sita Rama Nagar, Kurnool - APPCB",24-09-2026 14:00:00,15.83411,78.028546,PM2.5,20,71,34
India,Andhra Pradesh,Kurnool,"Sita Rama Nagar, Kurnool - APPCB",24-09-2026 14:00:00,15.83411,78.028546,CO,7,11,9
India,Andhra Pradesh,Nellore,"Ambedkar Nagar, Nellore - APPCB ",24-09-2026 14:00:00,14.438164,79.966814,CO,33,38,35
India,Andhra Pradesh,Nellore,"Ambedkar Nagar, Nellore - APPCB ",24-09-2026 14:00:00,14.438164,79.966814,OZONE,24,35,30
India,Bihar,Patna,"Samanpura, Patna - BSPCB",24-09-2026 14:00:00,25.596727,85.085624,NO2,9,10,9
India,Bihar,Patna,"Samanpura, Patna - BSPCB",24-09-2026 14:00:00,25.596727,85.085624,OZONE,43,46,45
India,Bihar,Patna,"Muradpur, Patna - BSPCB",24-09-2026 14:00:00,25.619651,85.147382,OZONE,9,78,40
India,Bihar,Patna,"Govt. High School Shikarpur, Patna - BSPCB",24-09-2026 14:00:00,25.592539,85.227158,SO2,12,15,13
India,Bihar,Patna,"IGSC Planetarium Complex, Patna - BSPCB",24-09-2026 14:00:00,25.610369,85.132568,NO2,1,5,3
India,Bihar,Patna,"IGSC Planetarium Complex, Patna - BSPCB",24-09-2026 14:00:00,25.610369,85.132568,SO2,5,19,11
India,Andhra Pradesh,Anantapur,"Gulzarpet, Anantapur - APPCB",24-09-2026 14:00:00,14.675886,77.593027,PM2.5,44,75,50
India,Andhra Pradesh,Anantapur,"Gulzarpet, Anantapur - APPCB",24-09-2026 14:00:00,14.675886,77.593027,NO2,15,34,22
India,Andhra Pradesh,Anantapur,"Gulzarpet, Anantapur - APPCB",24-09-2026 14:00:00,14.675886,77.593027,NH3,3,5,5
India,Andhra Pradesh,Anantapur,"Gulzarpet, Anantapur - APPCB",24-09-2026 14:00:00,14.675886,77.593027,CO,18,25,21
India,Andhra Pradesh,Chittoor,"Gangineni Cheruvu, Chittoor - APPCB",24-09-2026 14:00:00,13.20488,79.097889,PM10,63,72,67
India,Delhi,Delhi,"Narela, Delhi - DPCC",24-09-2026 14:00:00,28.822836,77.101981,CO,26,43,36
India,Delhi,Delhi,"Narela, Delhi - DPCC",24-09-2026 14:00:00,28.822836,77.101981,OZONE,3,108,32
India,Delhi,Delhi,"Cantonment Area, Delhi - DPCC",24-09-2026 14:00:00,28.594169,77.1251,NH3,3,10,5
India,Delhi,Delhi,"Cantonment Area, Delhi - DPCC",24-09-2026 14:00:00,28.594169,77.1251,SO2,2,7,4
India,Delhi,Delhi,"Cantonment Area, Delhi - DPCC",24-09-2026 14:00:00,28.594169,77.1251,CO,50,102,79
India,Delhi,Delhi,"Major Dhyan Chand National Stadium, Delhi - DPCC",24-09-2026 14:00:00,28.611281,77.237738,PM2.5,10,160,90
India,Delhi,Delhi,"Major Dhyan Chand National Stadium, Delhi - DPCC",24-09-2026 14:00:00,28.611281,77.237738,CO,45,58,50
India,Delhi,Delhi,"Major Dhyan Chand National Stadium, Delhi - DPCC",24-09-2026 14:00:00,28.611281,77.237738,OZONE,3,27,14
India,Delhi,Delhi,"Sonia Vihar, Delhi - DPCC",24-09-2026 14:00:00,28.710508,77.249485,NH3,12,18,15
India,Delhi,Delhi,"Okhla Phase-2, Delhi - DPCC",24-09-2026 14:00:00,28.530785,77.271255,NH3,3,10,6
India,Delhi,Delhi,"Rohini, Delhi - DPCC",24-09-2026 14:00:00,28.732528,77.11992,PM10,102,252,158
India,Delhi,Delhi,"Vivek Vihar, Delhi - DPCC",24-09-2026 14:00:00,28.672342,77.31526,NO2,33,75,53
India,Delhi,Delhi,"Jahangirpuri, Delhi - DPCC",24-09-2026 14:00:00,28.73282,77.170633,PM10,99,260,161
India,Delhi,Delhi,"Jahangirpuri, Delhi - DPCC",24-09-2026 14:00:00,28.73282,77.170633,SO2,11,19,15
India,Delhi,Delhi,"IHBAS, Dilshad Garden, Delhi - CPCB",24-09-2026 14:00:00,28.6811736,77.3025234,PM10,68,128,103
India,Delhi,Delhi,"IHBAS, Dilshad Garden, Delhi - CPCB",24-09-2026 14:00:00,28.6811736,77.3025234,NO2,51,57,55
India,Delhi,Delhi,"IHBAS, Dilshad Garden, Delhi - CPCB",24-09-2026 14:00:00,28.6811736,77.3025234,SO2,9,20,15
India,Gujarat,Bhavnagar,"Vidhyanagar, Bhavnagar - Nexteng Enviro",24-09-2026 14:00:00,21.755417,72.139056,CO,66,67,66
India,Gujarat,Gandhinagar,"Sector-10, Gandhinagar - GPCB",24-09-2026 14:00:00,23.221714,72.654328,OZONE,4,20,9
India,Gujarat,Gandhinagar,"GIFT City, Gandhinagar - IITM",24-09-2026 14:00:00,23.163798,72.677768,PM2.5,62,111,81
India,Gujarat,Gandhinagar,"GIFT City, Gandhinagar - IITM",24-09-2026 14:00:00,23.163798,72.677768,SO2,1,12,7
India,Gujarat,Gandhinagar,"GIFT City, Gandhinagar - IITM",24-09-2026 14:00:00,23.163798,72.677768,CO,10,28,18
India,Gujarat,Gandhinagar,"IIPHG Lekawada, Gandhinagar - IITM",24-09-2026 14:00:00,23.243639,72.68994,PM2.5,39,104,67
India,Gujarat,Gandhinagar,"IIPHG Lekawada, Gandhinagar - IITM",24-09-2026 14:00:00,23.243639,72.68994,NH3,5,7,6
India,Gujarat,Gandhinagar,"IIPHG Lekawada, Gandhinagar - IITM",24-09-2026 14:00:00,23.243639,72.68994,CO,7,12,10
India,Gujarat,Mehsana,"Sadanand Nagar, Mehsana - Nexteng Enviro",24-09-2026 14:00:00,23.59315,72.372792,PM2.5,31,58,44
India,Gujarat,Nandesari,"GIDC, Nandesari - Nandesari Ind. Association",24-09-2026 14:00:00,22.410802,73.097923,PM2.5,34,306,103
India,Gujarat,Nandesari,"GIDC, Nandesari - Nandesari Ind. Association",24-09-2026 14:00:00,22.410802,73.097923,NO2,8,116,39
India,Gujarat,Nandesari,"GIDC, Nandesari - Nandesari Ind. Association",24-09-2026 14:00:00,22.410802,73.097923,OZONE,NA,NA,NA
India,Gujarat,Surat,"Science Center, Surat - SMC",24-09-2026 14:00:00,21.170046,72.795405,PM10,54,122,78
India,Gujarat,Surat,"Science Center, Surat - SMC",24-09-2026 14:00:00,21.170046,72.795405,SO2,16,18,17
India,Gujarat,Surat,"Katargam, Surat - Nexteng Enviro",24-09-2026 14:00:00,21.217779,72.834787,PM2.5,46,75,57
India,Delhi,Delhi,"IGI Airport (T3), Delhi - IITM",24-09-2026 14:00:00,28.5627763,77.1180053,PM2.5,24,169,71
India,Delhi,Delhi,"IGI Airport (T3), Delhi - IITM",24-09-2026 14:00:00,28.5627763,77.1180053,PM10,75,243,137
India,Delhi,Delhi,"IGI Airport (T3), Delhi - IITM",24-09-2026 14:00:00,28.5627763,77.1180053,NO2,16,126,67
India,Delhi,Delhi,"IGI Airport (T3), Delhi - IITM",24-09-2026 14:00:00,28.5627763,77.1180053,NH3,NA,NA,NA
India,Delhi,Delhi,"IGI Airport (T3), Delhi - IITM",24-09-2026 14:00:00,28.5627763,77.1180053,SO2,NA,NA,NA
India,Delhi,Delhi,"IGNOU_Maidan Garhi, Delhi - DPCC",24-09-2026 14:00:00,28.493624,77.201159,PM10,57,176,118
India,Delhi,Delhi,"IGNOU_Maidan Garhi, Delhi - DPCC",24-09-2026 14:00:00,28.493624,77.201159,NH3,0,10,3
India,Delhi,Delhi,"IGNOU_Maidan Garhi, Delhi - DPCC",24-09-2026 14:00:00,28.493624,77.201159,SO2,6,9,7
India,Delhi,Delhi,"Commonwealth Sports Complex, Delhi - DPCC",24-09-2026 14:00:00,28.615828,77.271992,CO,70,87,76
India,Delhi,Delhi,"Talkatora Garden, Delhi - DPCC",24-09-2026 14:00:00,28.62181,77.1944633,PM10,66,158,112
India,Delhi,Delhi,"Talkatora Garden, Delhi - DPCC",24-09-2026 14:00:00,28.62181,77.1944633,NO2,14,26,22
India,Delhi,Delhi,"Talkatora Garden, Delhi - DPCC",24-09-2026 14:00:00,28.62181,77.1944633,OZONE,6,49,25
India,Delhi,Delhi,"Aya Nagar, Delhi - IITM",24-09-2026 14:00:00,28.4706914,77.1099364,NO2,2,18,10
India,Delhi,Delhi,"CRRI Mathura Road, Delhi - IITM",24-09-2026 14:00:00,28.5512005,77.2735737,NH3,NA,NA,NA
India,Delhi,Delhi,"CRRI Mathura Road, Delhi - IITM",24-09-2026 14:00:00,28.5512005,77.2735737,SO2,NA,NA,NA
India,Chhattisgarh,Kunjemura,"OP Jindal School, Kunjemura - CECB",24-09-2026 14:00:00,22.12665,83.483212,CO,18,23,20
India,Chhattisgarh,Milupara,"Govt. Higher Secondary School, Milupara - CECB",24-09-2026 14:00:00,22.1910172,83.5197009,PM10,NA,NA,NA
India,Chhattisgarh,Milupara,"Govt. Higher Secondary School, Milupara - CECB",24-09-2026 14:00:00,22.1910172,83.5197009,NH3,NA,NA,NA
India,Chhattisgarh,Raipur,"Krishak Nagar, Raipur - CECB",24-09-2026 14:00:00,21.237755,81.705301,PM2.5,8,20,15
India,Chhattisgarh,Raipur,"Krishak Nagar, Raipur - CECB",24-09-2026 14:00:00,21.237755,81.705301,PM10,25,47,33
India,Chhattisgarh,Raipur,"Krishak Nagar, Raipur - CECB",24-09-2026 14:00:00,21.237755,81.705301,NO2,8,35,14
India,Chhattisgarh,Raipur,"Krishak Nagar, Raipur - CECB",24-09-2026 14:00:00,21.237755,81.705301,CO,23,25,24
India,Chhattisgarh,Raipur,"Bhatagaon New ISBT, Raipur - CECB",24-09-2026 14:00:00,21.219665,81.630094,PM10,8,50,22
India,Chhattisgarh,Raipur,"AIIMS, Raipur - CECB",24-09-2026 14:00:00,21.258815,81.578979,OZONE,19,24,22
India,Chhattisgarh,Raipur,"Siltara Phase-II, Raipur - CECB",24-09-2026 14:00:00,21.371751,81.664929,NO2,13,22,17
India,Delhi,Delhi,"Wazirpur, Delhi - DPCC",24-09-2026 14:00:00,28.699793,77.165453,NO2,42,72,57
India,Delhi,Delhi,"Wazirpur, Delhi - DPCC",24-09-2026 14:00:00,28.699793,77.165453,CO,51,66,58
India,Delhi,Delhi,"Wazirpur, Delhi - DPCC",24-09-2026 14:00:00,28.699793,77.165453,OZONE,9,11,10
India,Delhi,Delhi,"IMD Lodhi Road, Delhi - IITM",24-09-2026 14:00:00,28.5918245,77.2273074,PM10,56,176,128
India,Delhi,Delhi,"IMD Lodhi Road, Delhi - IITM",24-09-2026 14:00:00,28.5918245,77.2273074,NO2,4,57,24
India,Delhi,Delhi,"JNU, Delhi - DPCC",24-09-2026 14:00:00,28.540721,77.168544,CO,63,75,68
India,Delhi,Delhi,"JNU, Delhi - DPCC",24-09-2026 14:00:00,28.540721,77.168544,OZONE,10,30,18
India,Delhi,Delhi,"ITO, Delhi - CPCB",24-09-2026 14:00:00,28.628624,77.24106,NO2,33,87,61
India,Delhi,Delhi,"R K Puram, Delhi - DPCC",24-09-2026 14:00:00,28.563262,77.186937,CO,39,47,44
India,Delhi,Delhi,"North Campus, DU, Delhi - IITM",24-09-2026 14:00:00,28.6573814,77.1585447,PM2.5,64,273,152
India,Delhi,Delhi,"North Campus, DU, Delhi - IITM",24-09-2026 14:00:00,28.6573814,77.1585447,SO2,NA,NA,NA
India,Delhi,Delhi,"North Campus, DU, Delhi - IITM",24-09-2026 14:00:00,28.6573814,77.1585447,OZONE,26,188,84
India,Gujarat,Ahmedabad,"Rakhial, Ahmedabad - IITM",24-09-2026 14:00:00,23.016834,72.625775,NO2,25,111,49
India,Gujarat,Ahmedabad,"Rakhial, Ahmedabad - IITM",24-09-2026 14:00:00,23.016834,72.625775,SO2,18,48,26
India,Gujarat,Ahmedabad,"Gyaspur, Ahmedabad - IITM",24-09-2026 14:00:00,22.977134,72.553024,NH3,1,7,4
India,Delhi,Delhi,"Dr. Karni Singh Shooting Range, Delhi - DPCC",24-09-2026 14:00:00,28.498571,77.26484,PM2.5,15,277,124
India,Delhi,Delhi,"Mandir Marg, Delhi - DPCC",24-09-2026 14:00:00,28.636429,77.201067,NO2,21,40,32
India,Delhi,Delhi,"Mandir Marg, Delhi - DPCC",24-09-2026 14:00:00,28.636429,77.201067,SO2,11,126,18
India,Delhi,Delhi,"Pusa, Delhi - DPCC",24-09-2026 14:00:00,28.639652,77.146275,NO2,14,94,48
India,Delhi,Delhi,"Sirifort, Delhi - CPCB",24-09-2026 14:00:00,28.5504249,77.2159377,PM10,97,263,165
India,Delhi,Delhi,"Sirifort, Delhi - CPCB",24-09-2026 14:00:00,28.5504249,77.2159377,NH3,5,6,5
India,Delhi,Delhi,"Sirifort, Delhi - CPCB",24-09-2026 14:00:00,28.5504249,77.2159377,OZONE,12,15,14
India,Delhi,Delhi,"Chandni Chowk, Delhi - IITM",24-09-2026 14:00:00,28.656756,77.227234,PM2.5,67,313,174
India,Delhi,Delhi,"Pusa, Delhi - IITM",24-09-2026 14:00:00,28.63611,77.173332,PM2.5,36,318,175
India,Delhi,Delhi,"Najafgarh, Delhi - DPCC",24-09-2026 14:00:00,28.570173,76.933762,PM2.5,10,203,94
India,Delhi,Delhi,"Najafgarh, Delhi - DPCC",24-09-2026 14:00:00,28.570173,76.933762,SO2,26,33,30
India,Delhi,Delhi,"Najafgarh, Delhi - DPCC",24-09-2026 14:00:00,28.570173,76.933762,CO,12,33,23
India,Delhi,Delhi,"Mundka, Delhi - DPCC",24-09-2026 14:00:00,28.684678,77.076574,OZONE,4,11,6
India,Delhi,Delhi,"Ashok Vihar, Delhi - DPCC",24-09-2026 14:00:00,28.695381,77.181665,CO,104,106,105
India,Delhi,Delhi,"Anand Vihar, Delhi - DPCC",24-09-2026 14:00:00,28.647622,77.315809,NH3,2,5,3
India,Delhi,Delhi,"Anand Vihar, Delhi - DPCC",24-09-2026 14:00:00,28.647622,77.315809,OZONE,1,25,9
India,Delhi,Delhi,"Punjabi Bagh, Delhi - DPCC",24-09-2026 14:00:00,28.674045,77.131023,CO,46,60,51
India,Delhi,Delhi,"IHBAS, Dilshad Garden, Delhi - CPCB",24-09-2026 14:00:00,28.6811736,77.3025234,CO,8,12,9
India,Delhi,Delhi,"Patparganj, Delhi - DPCC",24-09-2026 14:00:00,28.623763,77.287209,NO2,NA,NA,NA
India,Delhi,Delhi,"Patparganj, Delhi - DPCC",24-09-2026 14:00:00,28.623763,77.287209,SO2,NA,NA,NA
India,Delhi,Delhi,"Jawaharlal Nehru Stadium, Delhi - DPCC",24-09-2026 14:00:00,28.58028,77.233829,NH3,6,7,7
India,Delhi,Delhi,"Jawaharlal Nehru Stadium, Delhi - DPCC",24-09-2026 14:00:00,28.58028,77.233829,SO2,22,29,26
India,Gujarat,Bhavnagar,"Vidhyanagar, Bhavnagar - Nexteng Enviro",24-09-2026 14:00:00,21.755417,72.139056,PM2.5,52,88,69
India,Gujarat,Vadodara,"Bapunagar, Vadodara - Nexteng Enviro",24-09-2026 14:00:00,22.320153,73.216285,CO,86,89,88
India,Gujarat,Vapi,"Phase-1 GIDC, Vapi - GPCB",24-09-2026 14:00:00,20.362421,72.918013,OZONE,3,23,11
India,Haryana,Ambala,"Patti Mehar, Ambala - HSPCB",24-09-2026 14:00:00,30.379589,76.778328,PM2.5,60,163,101
India,Haryana,Bahadurgarh,"Arya Nagar, Bahadurgarh - HSPCB",24-09-2026 14:00:00,28.6701,76.9254,PM10,103,193,147
India,Haryana,Bahadurgarh,"Arya Nagar, Bahadurgarh - HSPCB",24-09-2026 14:00:00,28.6701,76.9254,NO2,19,26,22
India,Haryana,Bahadurgarh,"Arya Nagar, Bahadurgarh - HSPCB",24-09-2026 14:00:00,28.6701,76.9254,NH3,7,9,8
India,Haryana,Bahadurgarh,"Arya Nagar, Bahadurgarh - HSPCB",24-09-2026 14:00:00,28.6701,76.9254,CO,26,29,27
India,Haryana,Ballabgarh,"Nathu Colony, Ballabgarh - HSPCB",24-09-2026 14:00:00,28.3419248,77.319699,NO2,19,21,20
India,Haryana,Ballabgarh,"Nathu Colony, Ballabgarh - HSPCB",24-09-2026 14:00:00,28.3419248,77.319699,NH3,4,5,4
India,Haryana,Ballabgarh,"Nathu Colony, Ballabgarh - HSPCB",24-09-2026 14:00:00,28.3419248,77.319699,OZONE,8,28,17
India,Haryana,Bhiwani,"H.B. Colony, Bhiwani - HSPCB",24-09-2026 14:00:00,28.806223,76.141105,OZONE,17,90,31
India,Haryana,Charkhi Dadri,"Mini Secretariat, Charkhi Dadri - HSPCB",24-09-2026 14:00:00,28.593883,76.270653,PM2.5,35,303,155
India,Haryana,Charkhi Dadri,"Mini Secretariat, Charkhi Dadri - HSPCB",24-09-2026 14:00:00,28.593883,76.270653,NO2,9,24,15
India,Haryana,Charkhi Dadri,"Mini Secretariat, Charkhi Dadri - HSPCB",24-09-2026 14:00:00,28.593883,76.270653,NH3,5,8,6
India,Haryana,Charkhi Dadri,"Mini Secretariat, Charkhi Dadri - HSPCB",24-09-2026 14:00:00,28.593883,76.270653,OZONE,11,41,29
India,Haryana,Faridabad,"Sector 30, Faridabad - HSPCB",24-09-2026 14:00:00,28.4417,77.3217,PM2.5,53,66,58
India,Haryana,Faridabad,"Sector 30, Faridabad - HSPCB",24-09-2026 14:00:00,28.4417,77.3217,NH3,6,7,7
India,Haryana,Narnaul,"Shastri Nagar, Narnaul - HSPCB",24-09-2026 14:00:00,28.060249,76.113115,NH3,2,3,3
India,Haryana,Palwal,"Shyam Nagar, Palwal - HSPCB",24-09-2026 14:00:00,28.1485564,77.3320667,NO2,23,24,24
India,Haryana,Panchgaon,"Amity University, Panchgaon - IITM",24-09-2026 14:00:00,28.3153,76.9143,NO2,32,83,47
India,Haryana,Panchgaon,"Amity University, Panchgaon - IITM",24-09-2026 14:00:00,28.3153,76.9143,CO,NA,NA,NA
India,Haryana,Panchkula,"Sector-6, Panchkula - HSPCB ",24-09-2026 14:00:00,30.7057778,76.8531805555555,NH3,NA,NA,NA
India,Haryana,Panipat,"Sector-18, Panipat - HSPCB",24-09-2026 14:00:00,29.432304,76.972765,PM2.5,26,394,119
India,Haryana,Panipat,"Sector-18, Panipat - HSPCB",24-09-2026 14:00:00,29.432304,76.972765,NO2,5,9,7
India,Haryana,Panipat,"Sector-18, Panipat - HSPCB",24-09-2026 14:00:00,29.432304,76.972765,OZONE,42,43,42
India,Haryana,Rohtak,"MD University, Rohtak - HSPCB",24-09-2026 14:00:00,28.52123,76.37138,PM10,73,134,87
India,Haryana,Rohtak,"MD University, Rohtak - HSPCB",24-09-2026 14:00:00,28.52123,76.37138,NH3,NA,NA,NA
India,Haryana,Sirsa,"F-Block, Sirsa - HSPCB",24-09-2026 14:00:00,29.5364,75.0158,CO,91,103,98
India,Haryana,Sonipat,"Murthal, Sonipat - HSPCB",24-09-2026 14:00:00,29.0272,77.0621,NO2,6,9,7
India,Haryana,Yamuna Nagar,"Gobind Pura, Yamuna Nagar - HSPCB",24-09-2026 14:00:00,30.1480566,77.2893471,SO2,10,15,12
India,Himachal Pradesh,Baddi,"HIMUDA Complex Phase-1, Baddi - HPPCB",24-09-2026 14:00:00,30.943887,76.801991,PM2.5,27,120,68
India,Madhya Pradesh,Bhopal,"T T Nagar, Bhopal - MPPCB",24-09-2026 14:00:00,23.233584,77.400574,OZONE,23,30,26
India,Madhya Pradesh,Bhopal,"Paryavaran Parisar, Bhopal - MPPCB",24-09-2026 14:00:00,23.210494,77.425409,PM2.5,15,53,39
India,Madhya Pradesh,Bhopal,"Paryavaran Parisar, Bhopal - MPPCB",24-09-2026 14:00:00,23.210494,77.425409,NO2,11,24,17
India,Madhya Pradesh,Dewas,"Bhopal Chauraha, Dewas - MPPCB",24-09-2026 14:00:00,22.9682591,76.064118,PM2.5,37,77,60
India,Madhya Pradesh,Gwalior,"Maharaj Bada, Gwalior - MPPCB",24-09-2026 14:00:00,26.200388,78.147714,PM10,14,72,42
India,Madhya Pradesh,Gwalior,"Maharaj Bada, Gwalior - MPPCB",24-09-2026 14:00:00,26.200388,78.147714,NO2,25,59,42
India,Madhya Pradesh,Gwalior,"Maharaj Bada, Gwalior - MPPCB",24-09-2026 14:00:00,26.200388,78.147714,CO,24,64,43
India,Madhya Pradesh,Gwalior,"City Center, Gwalior - MPPCB",24-09-2026 14:00:00,26.203442,78.193251,PM10,19,70,40
India,Madhya Pradesh,Gwalior,"City Center, Gwalior - MPPCB",24-09-2026 14:00:00,26.203442,78.193251,NO2,41,68,50
India,Madhya Pradesh,Gwalior,"City Center, Gwalior - MPPCB",24-09-2026 14:00:00,26.203442,78.193251,CO,16,24,20
India,Madhya Pradesh,Indore,"Regional Park, Indore - IMC",24-09-2026 14:00:00,22.678,75.8559,NH3,NA,NA,NA
India,Madhya Pradesh,Indore,"Chhoti Gwaltoli, Indore - MPPCB",24-09-2026 14:00:00,22.431,75.5213,SO2,16,22,18
India,Madhya Pradesh,Indore,"Airport Area, Indore - IMC",24-09-2026 14:00:00,22.7289,75.8076,PM2.5,NA,NA,NA
India,Madhya Pradesh,Indore,"Airport Area, Indore - IMC",24-09-2026 14:00:00,22.7289,75.8076,NH3,0,2,0
India,Jammu and Kashmir,Srinagar,"Khunmoh, Srinagar - JKPCC",24-09-2026 14:00:00,34.06313,74.96017,CO,NA,NA,NA
India,Jharkhand,Dhanbad,"Sardar Patel Nagar, Dhanbad - JSPCB",24-09-2026 14:00:00,23.80569,86.44268,OZONE,21,37,28
India,Karnataka,Bengaluru,"Hebbal, Bengaluru - KSPCB",24-09-2026 14:00:00,13.029152,77.585901,NH3,2,2,2
India,Karnataka,Bengaluru,"Hombegowda Nagar, Bengaluru - KSPCB",24-09-2026 14:00:00,12.938539,77.5901,PM10,31,63,50
India,Karnataka,Bengaluru,"Hombegowda Nagar, Bengaluru - KSPCB",24-09-2026 14:00:00,12.938539,77.5901,NO2,3,32,12
India,Karnataka,Bengaluru,"Peenya, Bengaluru - CPCB",24-09-2026 14:00:00,13.0270199,77.494094,PM2.5,4,50,24
India,Karnataka,Bengaluru,"Peenya, Bengaluru - CPCB",24-09-2026 14:00:00,13.0270199,77.494094,SO2,6,15,10
India,Karnataka,Bengaluru,"Peenya, Bengaluru - CPCB",24-09-2026 14:00:00,13.0270199,77.494094,CO,33,44,37
India,Karnataka,Bengaluru,"Jayanagar 5th Block, Bengaluru - KSPCB",24-09-2026 14:00:00,12.920984,77.584908,PM2.5,23,53,34
India,Karnataka,Bengaluru,"Jayanagar 5th Block, Bengaluru - KSPCB",24-09-2026 14:00:00,12.920984,77.584908,NH3,0,0,0
India,Karnataka,Bengaluru,"Jayanagar 5th Block, Bengaluru - KSPCB",24-09-2026 14:00:00,12.920984,77.584908,SO2,8,15,12
India,Karnataka,Bengaluru,"Jigani, Bengaluru - KSPCB",24-09-2026 14:00:00,12.7816279,77.6299145,NO2,NA,NA,NA
India,Karnataka,Bengaluru,"Jigani, Bengaluru - KSPCB",24-09-2026 14:00:00,12.7816279,77.6299145,NH3,NA,NA,NA
India,Haryana,Faridabad,"Sector 11, Faridabad - HSPCB",24-09-2026 14:00:00,28.376058,77.315741,SO2,6,10,8
India,Haryana,Faridabad,"New Industrial Town, Faridabad - HSPCB",24-09-2026 14:00:00,28.39072,77.30059,PM10,129,194,161
India,Haryana,Faridabad,"New Industrial Town, Faridabad - HSPCB",24-09-2026 14:00:00,28.39072,77.30059,SO2,4,8,6
India,Haryana,Faridabad,"New Industrial Town, Faridabad - HSPCB",24-09-2026 14:00:00,28.39072,77.30059,CO,22,25,24
India,Haryana,Faridabad,"New Industrial Town, Faridabad - HSPCB",24-09-2026 14:00:00,28.39072,77.30059,OZONE,14,14,14
India,Haryana,Fatehabad,"Huda Sector, Fatehabad - HSPCB",24-09-2026 14:00:00,29.503664,75.467934,PM10,78,117,94
India,Haryana,Fatehabad,"Huda Sector, Fatehabad - HSPCB",24-09-2026 14:00:00,29.503664,75.467934,SO2,25,35,30
India,Haryana,Gurugram,"NISE Gwal Pahari, Gurugram - IITM",24-09-2026 14:00:00,28.422681,77.148944,CO,37,62,49
India,Haryana,Gurugram,"Sector-51, Gurugram - HSPCB",24-09-2026 14:00:00,28.4227,77.0667,PM2.5,NA,NA,NA
India,Haryana,Gurugram,"Vikas Sadan, Gurugram - HSPCB",24-09-2026 14:00:00,28.4501238,77.0263051,PM10,122,260,195
India,Haryana,Gurugram,"Teri Gram, Gurugram - HSPCB",24-09-2026 14:00:00,28.4275,77.1465,SO2,5,40,18
India,Haryana,Hisar,"Urban Estate-II, Hisar - HSPCB",24-09-2026 14:00:00,29.14056,75.744941,CO,8,14,11
India,Karnataka,Yadgir,"Collector Office, Yadgir - KSPCB",24-09-2026 14:00:00,16.7602,77.1428,NH3,0,1,1
India,Karnataka,Yadgir,"Collector Office, Yadgir - KSPCB",24-09-2026 14:00:00,16.7602,77.1428,OZONE,4,24,13
India,Kerala,Eloor,"Udyogamandal, Eloor - Kerala PCB",24-09-2026 14:00:00,10.073232,76.302765,PM2.5,41,98,89
India,Kerala,Eloor,"Udyogamandal, Eloor - Kerala PCB",24-09-2026 14:00:00,10.073232,76.302765,CO,95,109,106
India,Kerala,Thiruvananthapuram,"Kariavattom, Thiruvananthapuram - Kerala PCB",24-09-2026 14:00:00,8.5637,76.8865,PM2.5,30,57,35
India,Kerala,Thiruvananthapuram,"Kariavattom, Thiruvananthapuram - Kerala PCB",24-09-2026 14:00:00,8.5637,76.8865,PM10,31,143,67
India,Kerala,Thrissur,"Corporation Ground, Thrissur - Kerala PCB",24-09-2026 14:00:00,10.5324,76.2159,SO2,0,0,0
India,Ladakh,Leh,"Skara Yokma, Leh - LPCC",24-09-2026 14:00:00,34.147096,77.55709,PM2.5,2,35,16
India,Ladakh,Leh,"Skara Yokma, Leh - LPCC",24-09-2026 14:00:00,34.147096,77.55709,SO2,9,10,9
India,Madhya Pradesh,Bhopal,"Idgah Hills, Bhopal - MPPCB",24-09-2026 14:00:00,23.264759,77.381568,PM2.5,28,55,38
India,Madhya Pradesh,Bhopal,"Idgah Hills, Bhopal - MPPCB",24-09-2026 14:00:00,23.264759,77.381568,PM10,40,72,58
India,Madhya Pradesh,Bhopal,"Idgah Hills, Bhopal - MPPCB",24-09-2026 14:00:00,23.264759,77.381568,NH3,3,4,3
India,Karnataka,Dharwad,"Kalabhavan, Dharwad - KSPCB",24-09-2026 14:00:00,15.459706,75.008381,PM10,64,79,73
India,Karnataka,Dharwad,"Kalabhavan, Dharwad - KSPCB",24-09-2026 14:00:00,15.459706,75.008381,SO2,8,9,9
India,Karnataka,Hubballi,"Lingaraj Nagar, Hubballi - KSPCB",24-09-2026 14:00:00,15.3714823,75.1160168,PM2.5,NA,NA,NA
India,Karnataka,Hubballi,"Lingaraj Nagar, Hubballi - KSPCB",24-09-2026 14:00:00,15.3714823,75.1160168,CO,20,20,20
India,Karnataka,Kalaburagi,"Mahatma Basaveswar Colony, Kalaburgi - KSPCB",24-09-2026 14:00:00,17.336318,76.847397,PM2.5,9,22,11
India,Karnataka,Kalaburagi,"Mahatma Basaveswar Colony, Kalaburgi - KSPCB",24-09-2026 14:00:00,17.336318,76.847397,PM10,14,29,17
India,Karnataka,Kolar,"Tamaka Ind. Area, Kolar - KSPCB",24-09-2026 14:00:00,13.1276288,78.1570122,NO2,NA,NA,NA
India,Karnataka,Kolar,"Tamaka Ind. Area, Kolar - KSPCB",24-09-2026 14:00:00,13.1276288,78.1570122,NH3,NA,NA,NA
India,Karnataka,Kolar,"Tamaka Ind. Area, Kolar - KSPCB",24-09-2026 14:00:00,13.1276288,78.1570122,OZONE,30,31,31
India,Karnataka,Madikeri,"Stuart Hill, Madikeri - KSPCB",24-09-2026 14:00:00,12.415911,75.73505,NH3,1,1,1
India,Karnataka,Madikeri,"Stuart Hill, Madikeri - KSPCB",24-09-2026 14:00:00,12.415911,75.73505,SO2,7,8,7
India,Karnataka,Mangalore,"Kadri, Mangalore - KSPCB",24-09-2026 14:00:00,12.88925,74.853,PM2.5,43,75,55
India,Karnataka,Mangalore,"Kadri, Mangalore - KSPCB",24-09-2026 14:00:00,12.88925,74.853,OZONE,35,35,35
India,Haryana,Jind,"Police Lines, Jind - HSPCB",24-09-2026 14:00:00,29.307814,76.337619,CO,5,7,7
India,Haryana,Kaithal,"Rishi Nagar, Kaithal - HSPCB",24-09-2026 14:00:00,29.8006,76.4155,NO2,20,27,22
India,Haryana,Kaithal,"Rishi Nagar, Kaithal - HSPCB",24-09-2026 14:00:00,29.8006,76.4155,NH3,4,6,5
India,Haryana,Karnal,"Sector-12, Karnal - HSPCB",24-09-2026 14:00:00,29.6953,77.0027,CO,25,26,25
India,Haryana,Kurukshetra,"Sector-7, Kurukshetra - HSPCB",24-09-2026 14:00:00,29.966942,76.875879,PM10,80,150,117
India,Haryana,Kurukshetra,"Sector-7, Kurukshetra - HSPCB",24-09-2026 14:00:00,29.966942,76.875879,OZONE,4,26,14
India,Haryana,Mandikhera,"General Hospital, Mandikhera(Nuh) - HSPCB",24-09-2026 14:00:00,27.9002,76.9938,CO,62,63,62
India,Haryana,Mandikhera,"General Hospital, Mandikhera(Nuh) - HSPCB",24-09-2026 14:00:00,27.9002,76.9938,OZONE,26,26,26
India,Karnataka,Bengaluru,"Silk Board, Bengaluru - KSPCB",24-09-2026 14:00:00,12.917348,77.622813,SO2,NA,NA,NA
India,Karnataka,Bengaluru,"Silk Board, Bengaluru - KSPCB",24-09-2026 14:00:00,12.917348,77.622813,CO,38,43,41
India,Karnataka,Bengaluru,"Silk Board, Bengaluru - KSPCB",24-09-2026 14:00:00,12.917348,77.622813,OZONE,20,24,22
India,Karnataka,Chikkaballapur,"Chikkaballapur Rural, Chikkaballapur - KSPCB",24-09-2026 14:00:00,13.428828,77.731418,PM2.5,15,35,22
India,Karnataka,Chikkamagaluru,"Kalyana Nagara, Chikkamagaluru - KSPCB",24-09-2026 14:00:00,13.328028,75.797056,PM2.5,19,27,26
India,Karnataka,Chikkamagaluru,"Kalyana Nagara, Chikkamagaluru - KSPCB",24-09-2026 14:00:00,13.328028,75.797056,SO2,0,3,3
India,Karnataka,Chikkamagaluru,"Kalyana Nagara, Chikkamagaluru - KSPCB",24-09-2026 14:00:00,13.328028,75.797056,CO,1,50,19
India,Maharashtra,Mahad,"Kamble Tarf Birwadi, Mahad - MPCB",24-09-2026 14:00:00,18.1023399,73.4783687,OZONE,9,9,9
India,Maharashtra,Mira-Bhayandar,"Bhayandar West, Mira-Bhayandar - MPCB",24-09-2026 14:00:00,19.296481,72.840923,NO2,4,7,6
India,Maharashtra,Mumbai,"Chhatrapati Shivaji Intl. Airport (T2), Mumbai - MPCB",24-09-2026 14:00:00,19.10078,72.87462,PM2.5,26,42,34
India,Maharashtra,Mumbai,"Navy Nagar-Colaba, Mumbai - IITM",24-09-2026 14:00:00,18.897756,72.81332,PM2.5,37,57,45
India,Maharashtra,Mumbai,"Navy Nagar-Colaba, Mumbai - IITM",24-09-2026 14:00:00,18.897756,72.81332,NO2,27,41,35
India,Maharashtra,Mumbai,"Navy Nagar-Colaba, Mumbai - IITM",24-09-2026 14:00:00,18.897756,72.81332,NH3,1,2,2
India,Maharashtra,Mumbai,"Navy Nagar-Colaba, Mumbai - IITM",24-09-2026 14:00:00,18.897756,72.81332,SO2,1,15,7
India,Maharashtra,Mumbai,"Bandra Kurla Complex, Mumbai - MPCB",24-09-2026 14:00:00,19.065931,72.862131,NO2,13,24,17
India,Maharashtra,Mumbai,"Bandra Kurla Complex, Mumbai - MPCB",24-09-2026 14:00:00,19.065931,72.862131,SO2,2,4,3
India,Maharashtra,Mumbai,"Shivaji Nagar, Mumbai - BMC",24-09-2026 14:00:00,19.060498,72.923356,NH3,2,5,3
India,Maharashtra,Mumbai,"Shivaji Nagar, Mumbai - BMC",24-09-2026 14:00:00,19.060498,72.923356,CO,7,13,9
India,Maharashtra,Mumbai,"Sewri, Mumbai - BMC",24-09-2026 14:00:00,19.000084,72.85673,PM10,NA,NA,NA
India,Maharashtra,Mumbai,"Sewri, Mumbai - BMC",24-09-2026 14:00:00,19.000084,72.85673,NO2,NA,NA,NA
India,Maharashtra,Mumbai,"Sewri, Mumbai - BMC",24-09-2026 14:00:00,19.000084,72.85673,NH3,NA,NA,NA
India,Maharashtra,Mumbai,"Sewri, Mumbai - BMC",24-09-2026 14:00:00,19.000084,72.85673,CO,20,20,20
India,Maharashtra,Mumbai,"Khindipada-Bhandup West, Mumbai - IITM",24-09-2026 14:00:00,19.1653323,72.922099,PM10,50,101,71
India,Maharashtra,Mumbai,"Khindipada-Bhandup West, Mumbai - IITM",24-09-2026 14:00:00,19.1653323,72.922099,NO2,20,27,22
India,Maharashtra,Mumbai,"Khindipada-Bhandup West, Mumbai - IITM",24-09-2026 14:00:00,19.1653323,72.922099,NH3,2,2,2
India,Maharashtra,Mumbai,"Khindipada-Bhandup West, Mumbai - IITM",24-09-2026 14:00:00,19.1653323,72.922099,OZONE,12,47,32
India,Maharashtra,Mumbai,"Kandivali West, Mumbai - BMC",24-09-2026 14:00:00,19.215859,72.831718,PM10,26,56,39
India,Maharashtra,Mumbai,"Kandivali West, Mumbai - BMC",24-09-2026 14:00:00,19.215859,72.831718,NO2,3,9,6
India,Madhya Pradesh,Ratlam,"Shasthri Nagar, Ratlam - IPCA Lab",24-09-2026 14:00:00,23.331731,75.045981,PM2.5,25,104,65
India,Madhya Pradesh,Ratlam,"Shasthri Nagar, Ratlam - IPCA Lab",24-09-2026 14:00:00,23.331731,75.045981,PM10,56,101,74
India,Madhya Pradesh,Ratlam,"Shasthri Nagar, Ratlam - IPCA Lab",24-09-2026 14:00:00,23.331731,75.045981,NH3,NA,NA,NA
India,Madhya Pradesh,Sagar,"Civil Lines, Sagar - MPPCB",24-09-2026 14:00:00,23.838586,78.759431,CO,26,35,29
India,Madhya Pradesh,Sagar,"Civil Lines, Sagar - MPPCB",24-09-2026 14:00:00,23.838586,78.759431,OZONE,35,47,40
India,Madhya Pradesh,Ujjain,"Mahashweta Nagar, Ujjain - MPPCB",24-09-2026 14:00:00,23.1633321,75.800225,NH3,2,12,8
India,Maharashtra,Ahmednagar,"Tarakpur, Ahmednagar - MPCB",24-09-2026 14:00:00,19.10122,74.73339,OZONE,49,75,63
India,Maharashtra,Akola,"Ramdaspeth, Akola - MPCB",24-09-2026 14:00:00,20.719516,77.000253,PM2.5,17,39,30
India,Maharashtra,Akola,"Ramdaspeth, Akola - MPCB",24-09-2026 14:00:00,20.719516,77.000253,NO2,3,23,7
India,Maharashtra,Akola,"Ramdaspeth, Akola - MPCB",24-09-2026 14:00:00,20.719516,77.000253,SO2,3,4,3
India,Maharashtra,Akola,"Ramdaspeth, Akola - MPCB",24-09-2026 14:00:00,20.719516,77.000253,OZONE,7,13,10
India,Maharashtra,Ambernath,"Chinchpada, Ambernath - MPCB",24-09-2026 14:00:00,19.215784,73.199781,SO2,23,31,26
India,Maharashtra,Amravati,"Shri Shivaji Science College, Amravati - MPCB",24-09-2026 14:00:00,20.939198,77.765701,NH3,1,4,1
India,Maharashtra,Nagpur,"Ambazari, Nagpur - MPCB",24-09-2026 14:00:00,21.121801,79.04952,SO2,3,7,6
India,Maharashtra,Nanded,"Sneh Nagar, Nanded - MPCB",24-09-2026 14:00:00,19.173852,77.296291,PM2.5,41,75,62
India,Maharashtra,Nanded,"Sneh Nagar, Nanded - MPCB",24-09-2026 14:00:00,19.173852,77.296291,SO2,3,3,3
India,Maharashtra,Nashik,"Gangapur Road, Nashik - MPCB",24-09-2026 14:00:00,20.0073285,73.7762427,PM10,40,69,60
India,Maharashtra,Nashik,"Gangapur Road, Nashik - MPCB",24-09-2026 14:00:00,20.0073285,73.7762427,NH3,3,3,3
India,Maharashtra,Nashik,"Gangapur Road, Nashik - MPCB",24-09-2026 14:00:00,20.0073285,73.7762427,CO,28,39,34
India,Maharashtra,Nashik,"Pandav Nagari, Nashik - MPCB",24-09-2026 14:00:00,19.9591346,73.7788008,NO2,3,8,5
India,Maharashtra,Nashik,"Pandav Nagari, Nashik - MPCB",24-09-2026 14:00:00,19.9591346,73.7788008,CO,16,22,19
India,Maharashtra,Nashik,"Pandav Nagari, Nashik - MPCB",24-09-2026 14:00:00,19.9591346,73.7788008,OZONE,26,44,35
India,Maharashtra,Nashik,"Hirawadi, Nashik - MPCB",24-09-2026 14:00:00,20.021503,73.813844,PM2.5,31,83,58
India,Maharashtra,Nashik,"Hirawadi, Nashik - MPCB",24-09-2026 14:00:00,20.021503,73.813844,PM10,71,116,95
India,Maharashtra,Nashik,"Hirawadi, Nashik - MPCB",24-09-2026 14:00:00,20.021503,73.813844,NO2,0,12,2
India,Maharashtra,Nashik,"MIDC Ambad, Nashik - MPCB",24-09-2026 14:00:00,19.95022,73.73148,SO2,1,3,2
India,Maharashtra,Navi Mumbai,"Kopripada-Vashi, Navi Mumbai - MPCB",24-09-2026 14:00:00,19.090337,73.014232,PM2.5,59,99,74
India,Maharashtra,Navi Mumbai,"Kopripada-Vashi, Navi Mumbai - MPCB",24-09-2026 14:00:00,19.090337,73.014232,PM10,55,75,67
India,Maharashtra,Chandrapur,"MIDC Khutala, Chandrapur - MPCB",24-09-2026 14:00:00,19.9775302,79.2337086,OZONE,7,35,20
India,Maharashtra,Dombivli,"Kalu Nagar, Dombivli - MPCB",24-09-2026 14:00:00,19.2268427,73.0788456,PM2.5,12,25,17
India,Maharashtra,Dombivli,"Kalu Nagar, Dombivli - MPCB",24-09-2026 14:00:00,19.2268427,73.0788456,PM10,16,37,25
India,Maharashtra,Dombivli,"Kalu Nagar, Dombivli - MPCB",24-09-2026 14:00:00,19.2268427,73.0788456,CO,1,106,16
India,Maharashtra,Hingoli,"Ashta Vinayak Nagar, Hingoli - MPCB",24-09-2026 14:00:00,19.710842,77.151824,SO2,4,7,5
India,Maharashtra,Hingoli,"Ashta Vinayak Nagar, Hingoli - MPCB",24-09-2026 14:00:00,19.710842,77.151824,CO,16,23,21
India,Maharashtra,Hingoli,"Ashta Vinayak Nagar, Hingoli - MPCB",24-09-2026 14:00:00,19.710842,77.151824,OZONE,34,50,43
India,Maharashtra,Jalgaon,"Prabhat Colony, Jalgaon - MPCB",24-09-2026 14:00:00,21.001264,75.565602,PM2.5,31,79,63
India,Maharashtra,Jalgaon,"Prabhat Colony, Jalgaon - MPCB",24-09-2026 14:00:00,21.001264,75.565602,PM10,45,84,63
India,Maharashtra,Kalyan,"Pimpleshwar Mandir, Kalyan - MPCB",24-09-2026 14:00:00,19.192056,72.9585188,PM10,7,91,56
India,Maharashtra,Kalyan,"Khadakpada, Kalyan - MPCB",24-09-2026 14:00:00,19.25292,73.142019,NH3,1,1,1
India,Maharashtra,Latur,"Sawe Wadi, Latur - MPCB",24-09-2026 14:00:00,18.39963,76.57452,PM10,37,62,49
India,Maharashtra,Latur,"Sawe Wadi, Latur - MPCB",24-09-2026 14:00:00,18.39963,76.57452,SO2,2,5,3
India,Maharashtra,Latur,"Sawe Wadi, Latur - MPCB",24-09-2026 14:00:00,18.39963,76.57452,OZONE,9,35,18
India,Madhya Pradesh,Indore,"Airport Area, Indore - IMC",24-09-2026 14:00:00,22.7289,75.8076,SO2,NA,NA,NA
India,Madhya Pradesh,Indore,"Residency Area, Indore - IMC",24-09-2026 14:00:00,22.7084,75.8815,PM2.5,25,72,46
India,Madhya Pradesh,Jabalpur,"Govindh Bhavan Colony, Jabalpur - JMC",24-09-2026 14:00:00,23.163174,79.973061,NH3,1,5,3
India,Madhya Pradesh,Jabalpur,"Govindh Bhavan Colony, Jabalpur - JMC",24-09-2026 14:00:00,23.163174,79.973061,OZONE,19,67,40
India,Madhya Pradesh,Jabalpur,"Suhagi, Jabalpur - JMC",24-09-2026 14:00:00,23.218135,79.95777,PM2.5,20,61,34
India,Madhya Pradesh,Jabalpur,"Gupteshwar, Jabalpur - JMC",24-09-2026 14:00:00,23.142888,79.916147,PM10,20,36,28
India,Madhya Pradesh,Jabalpur,"Gupteshwar, Jabalpur - JMC",24-09-2026 14:00:00,23.142888,79.916147,NH3,2,3,2
India,Madhya Pradesh,Katni,"Gole Bazar, Katni - MPPCB",24-09-2026 14:00:00,23.50016,80.23284,NH3,1,2,1
India,Madhya Pradesh,Mandideep,"Sector-D Industrial Area, Mandideep - MPPCB",24-09-2026 14:00:00,23.10844,77.511428,PM2.5,39,112,76
India,Madhya Pradesh,Mandideep,"Sector-D Industrial Area, Mandideep - MPPCB",24-09-2026 14:00:00,23.10844,77.511428,CO,45,62,54
India,Madhya Pradesh,Pithampur,"Sector-2 Industrial Area, Pithampur - MPPCB",24-09-2026 14:00:00,22.624758,75.675238,CO,21,40,30
India,Maharashtra,Amravati,"Shivneri Colony, Amravati - MPCB",24-09-2026 14:00:00,20.9402359,77.7895248,PM10,28,60,43
India,Maharashtra,Amravati,"Shivneri Colony, Amravati - MPCB",24-09-2026 14:00:00,20.9402359,77.7895248,NO2,3,13,7
India,Maharashtra,Amravati,"Shivneri Colony, Amravati - MPCB",24-09-2026 14:00:00,20.9402359,77.7895248,CO,14,17,15
India,Maharashtra,Aurangabad,"More Chowk Waluj, Aurangabad - MPCB",24-09-2026 14:00:00,19.8389439,75.244448,PM10,19,58,45
India,Maharashtra,Aurangabad,"More Chowk Waluj, Aurangabad - MPCB",24-09-2026 14:00:00,19.8389439,75.244448,OZONE,22,50,34
India,Maharashtra,Badlapur,"Katrap, Badlapur - MPCB",24-09-2026 14:00:00,19.16485,73.23409,NH3,3,11,5
India,Maharashtra,Beed,"Bir, Beed - MPCB",24-09-2026 14:00:00,18.988474,75.753873,PM10,40,83,65
India,Maharashtra,Beed,"Bir, Beed - MPCB",24-09-2026 14:00:00,18.988474,75.753873,SO2,6,9,8
India,Maharashtra,Beed,"Bir, Beed - MPCB",24-09-2026 14:00:00,18.988474,75.753873,OZONE,24,41,32
India,Maharashtra,Belapur,"CBD Belapur, Belapur - MPCB",24-09-2026 14:00:00,19.0243902,73.0406721,PM10,59,102,70
India,Maharashtra,Bhiwandi,"Gokul Nagar, Bhiwandi - MPCB",24-09-2026 14:00:00,19.309073,73.057223,NO2,7,8,7
India,Maharashtra,Boisar,"Khaira, Boisar - MPCB",24-09-2026 14:00:00,19.786089,72.757971,SO2,10,12,11
India,Maharashtra,Mumbai,"Mazgaon, Mumbai - IITM",24-09-2026 14:00:00,18.96702,72.84214,CO,26,53,43
India,Maharashtra,Mumbai,"Chembur, Mumbai - MPCB",24-09-2026 14:00:00,19.0364585,72.8954371,NO2,6,11,9
India,Maharashtra,Mumbai,"Chembur, Mumbai - MPCB",24-09-2026 14:00:00,19.0364585,72.8954371,NH3,6,7,7
India,Maharashtra,Mumbai,"Chembur, Mumbai - MPCB",24-09-2026 14:00:00,19.0364585,72.8954371,CO,33,35,34
India,Maharashtra,Mumbai,"Deonar, Mumbai - IITM",24-09-2026 14:00:00,19.04946,72.923,PM2.5,NA,NA,NA
India,Maharashtra,Mumbai,"Deonar, Mumbai - IITM",24-09-2026 14:00:00,19.04946,72.923,NH3,5,6,6
India,Maharashtra,Mumbai,"Deonar, Mumbai - IITM",24-09-2026 14:00:00,19.04946,72.923,OZONE,5,31,20
India,Maharashtra,Nagpur,"Ram Nagar, Nagpur - MPCB",24-09-2026 14:00:00,21.143383,79.048912,OZONE,13,26,20
India,Maharashtra,Nagpur,"Mahal, Nagpur - MPCB",24-09-2026 14:00:00,21.14472,79.107595,NH3,2,6,4
India,Maharashtra,Nagpur,"Opp GPO Civil Lines, Nagpur - MPCB",24-09-2026 14:00:00,21.152875,79.0517531,PM2.5,7,41,25
India,Maharashtra,Mumbai,"Kandivali West, Mumbai - BMC",24-09-2026 14:00:00,19.215859,72.831718,SO2,0,2,2
India,Maharashtra,Mumbai,"Chakala-Andheri East, Mumbai - IITM",24-09-2026 14:00:00,19.11074,72.86084,PM10,43,100,70
India,Maharashtra,Mumbai,"Chakala-Andheri East, Mumbai - IITM",24-09-2026 14:00:00,19.11074,72.86084,SO2,0,4,2
India,Maharashtra,Mumbai,"Kurla, Mumbai - MPCB",24-09-2026 14:00:00,19.0863,72.8888,PM2.5,30,180,61
India,Maharashtra,Mumbai,"Kurla, Mumbai - MPCB",24-09-2026 14:00:00,19.0863,72.8888,PM10,35,143,67
India,Maharashtra,Mumbai,"Kurla, Mumbai - MPCB",24-09-2026 14:00:00,19.0863,72.8888,NO2,9,9,9
India,Maharashtra,Mumbai,"Bandra Kurla Complex, Mumbai - IITM",24-09-2026 14:00:00,19.053536,72.84643,NO2,12,37,22
India,Maharashtra,Mumbai,"Byculla, Mumbai - BMC",24-09-2026 14:00:00,18.9767,72.838,PM10,39,59,49
India,Maharashtra,Mumbai,"Kherwadi_Bandra East, Mumbai - MPCB",24-09-2026 14:00:00,19.0632143,72.8456324,NO2,3,9,6
India,Maharashtra,Mumbai,"Kherwadi_Bandra East, Mumbai - MPCB",24-09-2026 14:00:00,19.0632143,72.8456324,OZONE,4,33,14
India,Maharashtra,Mumbai,"Borivali East, Mumbai - IITM",24-09-2026 14:00:00,19.23241,72.86895,PM2.5,38,69,54
India,Maharashtra,Mumbai,"Borivali East, Mumbai - IITM",24-09-2026 14:00:00,19.23241,72.86895,OZONE,19,57,40
India,Maharashtra,Mumbai,"Worli, Mumbai - MPCB",24-09-2026 14:00:00,18.9936162,72.8128113,SO2,1,11,5
India,Maharashtra,Pune,"Revenue Colony-Shivajinagar, Pune - IITM",24-09-2026 14:00:00,18.530085,73.849598,SO2,1,17,7
India,Maharashtra,Pune,"Mhada Colony, Pune - IITM",24-09-2026 14:00:00,18.57304,73.927715,CO,41,70,52
India,Maharashtra,Pune,"Mhada Colony, Pune - IITM",24-09-2026 14:00:00,18.57304,73.927715,OZONE,14,34,26
India,Maharashtra,Sangli,"Vijay Nagar, Sangli - MPCB",24-09-2026 14:00:00,16.5038,74.3623,PM10,29,45,35
India,Maharashtra,Satara,"Koyana Nagar, Satara - MPCB",24-09-2026 14:00:00,17.696651,74.003387,PM2.5,16,207,74
India,Maharashtra,Satara,"Koyana Nagar, Satara - MPCB",24-09-2026 14:00:00,17.696651,74.003387,PM10,23,152,86
India,Maharashtra,Satara,"Koyana Nagar, Satara - MPCB",24-09-2026 14:00:00,17.696651,74.003387,NH3,1,2,2
India,Maharashtra,Satara,"Koyana Nagar, Satara - MPCB",24-09-2026 14:00:00,17.696651,74.003387,CO,19,31,26
India,Maharashtra,Solapur,"Ratandeep Housing Society, Solapur - MPCB",24-09-2026 14:00:00,17.65439,75.90649,PM10,NA,NA,NA
India,Maharashtra,Solapur,"Ratandeep Housing Society, Solapur - MPCB",24-09-2026 14:00:00,17.65439,75.90649,NO2,9,78,32
India,Maharashtra,Solapur,"Ratandeep Housing Society, Solapur - MPCB",24-09-2026 14:00:00,17.65439,75.90649,CO,26,26,26
India,Maharashtra,Solapur,"Ratandeep Housing Society, Solapur - MPCB",24-09-2026 14:00:00,17.65439,75.90649,OZONE,51,54,53
India,Maharashtra,Solapur,"Dnyaneshwar Nagar, Solapur - MPCB",24-09-2026 14:00:00,17.6336264,75.9132495,PM10,37,67,56
India,Maharashtra,Solapur,"Dnyaneshwar Nagar, Solapur - MPCB",24-09-2026 14:00:00,17.6336264,75.9132495,CO,13,33,19
India,Maharashtra,Thane,"Kasarvadavali, Thane - MPCB",24-09-2026 14:00:00,19.26777,72.97182,PM2.5,27,78,46
India,Maharashtra,Thane,"Kasarvadavali, Thane - MPCB",24-09-2026 14:00:00,19.26777,72.97182,PM10,62,100,89
India,Maharashtra,Thane,"Upvan Fort, Thane - MPCB",24-09-2026 14:00:00,19.222279,72.957979,PM2.5,20,57,31
India,Maharashtra,Thane,"Upvan Fort, Thane - MPCB",24-09-2026 14:00:00,19.222279,72.957979,NO2,1,7,4
India,Maharashtra,Thane,"Upvan Fort, Thane - MPCB",24-09-2026 14:00:00,19.222279,72.957979,NH3,0,1,1
India,Maharashtra,Thane,"Upvan Fort, Thane - MPCB",24-09-2026 14:00:00,19.222279,72.957979,OZONE,18,31,27
India,Maharashtra,Ulhasnagar,"Sidhi Vinayak Nagar, Ulhasnagar - MPCB",24-09-2026 14:00:00,19.235581,73.159121,NH3,2,3,2
India,Maharashtra,Ulhasnagar,"Sidhi Vinayak Nagar, Ulhasnagar - MPCB",24-09-2026 14:00:00,19.235581,73.159121,SO2,1,88,15
India,Maharashtra,Virar,"Bolinj, Virar - MPCB",24-09-2026 14:00:00,19.445821,72.7988231,NH3,3,41,10
India,Odisha,Rourkela,"Fertilizer Township, Rourkela - OSPCB",24-09-2026 14:00:00,22.18972222,84.86277778,SO2,8,12,11
India,Odisha,Rourkela,"Raghunathpali, Rourkela - OSPCB",24-09-2026 14:00:00,22.220833,84.809444,PM10,26,40,32
India,Odisha,Rourkela,"Raghunathpali, Rourkela - OSPCB",24-09-2026 14:00:00,22.220833,84.809444,NH3,5,7,6
India,Odisha,Rourkela,"Sector-2, Rourkela - OSPCB",24-09-2026 14:00:00,22.245,84.88111111,NH3,NA,NA,NA
India,Odisha,Talcher,"Talcher Coalfields,Talcher - OSPCB",24-09-2026 14:00:00,20.9360711,85.1707021,PM10,5,23,11
India,Odisha,Talcher,"Talcher Coalfields,Talcher - OSPCB",24-09-2026 14:00:00,20.9360711,85.1707021,NO2,10,11,10
India,Odisha,Talcher,"Talcher Coalfields,Talcher - OSPCB",24-09-2026 14:00:00,20.9360711,85.1707021,NH3,4,4,4
India,Odisha,Talcher,"Talcher Coalfields,Talcher - OSPCB",24-09-2026 14:00:00,20.9360711,85.1707021,SO2,14,51,26
India,Odisha,Tensa,"Barsua Iron Ore Mines, Tensa - OSPCB",24-09-2026 14:00:00,21.869985,85.167016,PM10,12,15,15
India,Odisha,Tensa,"Barsua Iron Ore Mines, Tensa - OSPCB",24-09-2026 14:00:00,21.869985,85.167016,SO2,14,41,27
India,Puducherry,Puducherry,"Jawahar Nagar, Puducherry - PPCC",24-09-2026 14:00:00,11.9309,79.8027,NO2,9,27,16
India,Puducherry,Puducherry,"Jawahar Nagar, Puducherry - PPCC",24-09-2026 14:00:00,11.9309,79.8027,NH3,2,4,3
India,Puducherry,Puducherry,"Jawahar Nagar, Puducherry - PPCC",24-09-2026 14:00:00,11.9309,79.8027,SO2,6,15,11
India,Puducherry,Puducherry,"Jawahar Nagar, Puducherry - PPCC",24-09-2026 14:00:00,11.9309,79.8027,OZONE,16,65,39
India,Punjab,Amritsar,"Golden Temple, Amritsar - PPCB",24-09-2026 14:00:00,31.62,74.876512,PM10,87,98,92
India,Punjab,Amritsar,"Golden Temple, Amritsar - PPCB",24-09-2026 14:00:00,31.62,74.876512,SO2,8,14,12
India,Punjab,Amritsar,"Golden Temple, Amritsar - PPCB",24-09-2026 14:00:00,31.62,74.876512,OZONE,14,39,25
India,Punjab,Bathinda,"Hardev Nagar, Bathinda - PPCB",24-09-2026 14:00:00,30.233011,74.907758,PM10,40,187,96
India,Punjab,Jalandhar,"Civil Line, Jalandhar - PPCB",24-09-2026 14:00:00,31.321907,75.578914,PM2.5,52,108,81
India,Punjab,Jalandhar,"Civil Line, Jalandhar - PPCB",24-09-2026 14:00:00,31.321907,75.578914,OZONE,26,40,34
India,Odisha,Bileipada,"Tata Township, Bileipada - OSPCB",24-09-2026 14:00:00,22.06156703,85.47409613,NO2,12,14,13
India,Odisha,Bileipada,"Tata Township, Bileipada - OSPCB",24-09-2026 14:00:00,22.06156703,85.47409613,SO2,7,7,7
India,Odisha,Bileipada,"Tata Township, Bileipada - OSPCB",24-09-2026 14:00:00,22.06156703,85.47409613,OZONE,18,19,18
India,Odisha,Brajrajnagar,"GM Office, Brajrajnagar - OSPCB",24-09-2026 14:00:00,21.8004996,83.8396977,PM2.5,1,13,6
India,Odisha,Brajrajnagar,"GM Office, Brajrajnagar - OSPCB",24-09-2026 14:00:00,21.8004996,83.8396977,PM10,1,18,9
India,Odisha,Cuttack,"CDA Area, Cuttack - OSPCB",24-09-2026 14:00:00,20.48891,85.84768,OZONE,49,61,55
India,Odisha,Keonjhar,"Jagamohanpur, Keonjhar - OSPCB",24-09-2026 14:00:00,21.6439,85.599355,CO,43,46,45
India,Odisha,Keonjhar,"Jagamohanpur, Keonjhar - OSPCB",24-09-2026 14:00:00,21.6439,85.599355,OZONE,12,16,14
India,Odisha,Nayagarh,"Dabuna, Nayagarh - OSPCB",24-09-2026 14:00:00,21.847279,85.416905,CO,6,7,7
India,Odisha,Paradeep,"Nua Sandhakuda, Paradeep - OSPCB",24-09-2026 14:00:00,20.258828,86.665185,NO2,25,33,31
India,Odisha,Rairangpur,"Divisional Forest Office, Rairangpur - OSPCB",24-09-2026 14:00:00,22.265816,86.174829,NO2,6,7,6
India,Odisha,Rairangpur,"Divisional Forest Office, Rairangpur - OSPCB",24-09-2026 14:00:00,22.265816,86.174829,NH3,3,3,3
India,Odisha,Rairangpur,"Divisional Forest Office, Rairangpur - OSPCB",24-09-2026 14:00:00,22.265816,86.174829,OZONE,8,14,11
India,Odisha,Rourkela,"Fertilizer Township, Rourkela - OSPCB",24-09-2026 14:00:00,22.18972222,84.86277778,NO2,NA,NA,NA
India,Maharashtra,Pimpri-Chinchwad,"Gavalinagar, Pimpri Chinchwad - MPCB",24-09-2026 14:00:00,18.63673,73.82487,OZONE,18,42,34
India,Maharashtra,Pimpri-Chinchwad,"Bhumkar Nagar, Pune - IITM",24-09-2026 14:00:00,18.60577,73.749976,NH3,NA,NA,NA
India,Maharashtra,Pimpri-Chinchwad,"Park Street Wakad, Pimpri Chinchwad - MPCB",24-09-2026 14:00:00,18.59051,73.77946,PM10,12,183,61
India,Maharashtra,Pimpri-Chinchwad,"Thergaon, Pimpri Chinchwad - MPCB",24-09-2026 14:00:00,18.616318,73.765797,NO2,13,37,26
India,Maharashtra,Pimpri-Chinchwad,"Thergaon, Pimpri Chinchwad - MPCB",24-09-2026 14:00:00,18.616318,73.765797,NH3,3,7,3
India,Maharashtra,Pimpri-Chinchwad,"Savta Mali Nagar, Pimpri-Chinchwad - IITM",24-09-2026 14:00:00,18.614767,73.799516,PM2.5,24,84,57
India,Maharashtra,Pimpri-Chinchwad,"Savta Mali Nagar, Pimpri-Chinchwad - IITM",24-09-2026 14:00:00,18.614767,73.799516,NO2,19,43,26
India,Maharashtra,Pune,"Panchawati_Pashan, Pune - IITM",24-09-2026 14:00:00,18.536457,73.805454,NO2,4,14,8
India,Maharashtra,Pune,"Savitribai Phule Pune University, Pune - MPCB",24-09-2026 14:00:00,18.547056,73.826908,CO,35,44,39
India,Maharashtra,Pune,"Hadapsar, Pune - IITM",24-09-2026 14:00:00,18.501793,73.927532,PM10,55,111,83
India,Maharashtra,Pune,"Katraj Dairy, Pune - MPCB",24-09-2026 14:00:00,18.45445,73.854155,PM10,31,72,51
India,Maharashtra,Pune,"Katraj Dairy, Pune - MPCB",24-09-2026 14:00:00,18.45445,73.854155,OZONE,10,10,10
India,Maharashtra,Navi Mumbai,"Nerul, Navi Mumbai - MPCB",24-09-2026 14:00:00,19.008751,73.01662,SO2,NA,NA,NA
India,Maharashtra,Navi Mumbai,"Tondare-Taloja, Navi Mumbai - MPCB",24-09-2026 14:00:00,19.063,73.1209,NH3,3,10,7
India,Maharashtra,Navi Mumbai,"Sector-2E Kalamboli, Navi Mumbai - MPCB",24-09-2026 14:00:00,19.02579,73.10297,PM10,36,69,55
India,Maharashtra,Navi Mumbai,"Sector-2E Kalamboli, Navi Mumbai - MPCB",24-09-2026 14:00:00,19.02579,73.10297,CO,14,21,18
India,Maharashtra,Navi Mumbai,"Sanpada, Navi Mumbai - MPCB",24-09-2026 14:00:00,19.0575752,73.0151367,PM2.5,18,57,34
India,Maharashtra,Navi Mumbai,"Mahape, Navi Mumbai - MPCB",24-09-2026 14:00:00,19.1135051,73.008978,PM10,49,115,66
India,Maharashtra,Navi Mumbai,"Mahape, Navi Mumbai - MPCB",24-09-2026 14:00:00,19.1135051,73.008978,SO2,12,13,12
India,Maharashtra,Parbhani,"Masoom Colony, Parbhani - MPCB",24-09-2026 14:00:00,19.265594,76.761463,NO2,5,44,9
India,Maharashtra,Parbhani,"Masoom Colony, Parbhani - MPCB",24-09-2026 14:00:00,19.265594,76.761463,OZONE,6,8,7
India,Maharashtra,Pimpri-Chinchwad,"Bhosari, Pune - IITM",24-09-2026 14:00:00,18.640051,73.848956,PM2.5,41,115,64
India,Maharashtra,Pimpri-Chinchwad,"Bhosari, Pune - IITM",24-09-2026 14:00:00,18.640051,73.848956,NH3,NA,NA,NA
India,Maharashtra,Pimpri-Chinchwad,"Bhosari, Pune - IITM",24-09-2026 14:00:00,18.640051,73.848956,CO,11,40,27
India,Maharashtra,Pimpri-Chinchwad,"Gavalinagar, Pimpri Chinchwad - MPCB",24-09-2026 14:00:00,18.63673,73.82487,NO2,7,27,16
India,Punjab,Rupnagar,"Ratanpura, Rupnagar - Ambuja Cements",24-09-2026 14:00:00,31.0325454,76.5623046,OZONE,NA,NA,NA
India,Rajasthan,Alwar,"Vigyan Nagar, Alwar - RSPCB",24-09-2026 14:00:00,27.598796,76.63861,CO,59,84,69
India,Rajasthan,Banswara,"Rati Talai, Banswara - RSPCB",24-09-2026 14:00:00,23.55519,74.44001,SO2,8,28,10
India,Rajasthan,Banswara,"Rati Talai, Banswara - RSPCB",24-09-2026 14:00:00,23.55519,74.44001,CO,13,64,30
India,Rajasthan,Barmer,"Railway Colony, Barmer - RSPCB",24-09-2026 14:00:00,25.747299,71.393989,CO,33,50,44
India,Rajasthan,Bharatpur,"Krishna Nagar, Bharatpur - RSPCB",24-09-2026 14:00:00,27.215415,77.50873,NO2,6,31,13
India,Rajasthan,Bharatpur,"Krishna Nagar, Bharatpur - RSPCB",24-09-2026 14:00:00,27.215415,77.50873,CO,22,33,28
India,Rajasthan,Bharatpur,"Krishna Nagar, Bharatpur - RSPCB",24-09-2026 14:00:00,27.215415,77.50873,OZONE,13,58,36
India,Punjab,Khanna,"Kalal Majra, Khanna - PPCB",24-09-2026 14:00:00,30.736056,76.209694,OZONE,19,48,32
India,Punjab,Ludhiana,"Punjab Agricultural University, Ludhiana - PPCB",24-09-2026 14:00:00,30.9028,75.8086,NH3,9,28,14
India,Punjab,Mandi Gobindgarh,"RIMT University, Mandi Gobindgarh - PPCB",24-09-2026 14:00:00,30.649961,76.331442,PM2.5,78,314,155
India,Punjab,Mandi Gobindgarh,"RIMT University, Mandi Gobindgarh - PPCB",24-09-2026 14:00:00,30.649961,76.331442,NH3,5,5,5
India,Punjab,Mandi Gobindgarh,"RIMT University, Mandi Gobindgarh - PPCB",24-09-2026 14:00:00,30.649961,76.331442,SO2,8,16,12
India,Punjab,Patiala,"Model Town, Patiala - PPCB",24-09-2026 14:00:00,30.349388,76.366642,PM10,78,110,93
India,Punjab,Patiala,"Model Town, Patiala - PPCB",24-09-2026 14:00:00,30.349388,76.366642,NH3,3,9,5
India,Odisha,Balasore,"Kalidaspur, Balasore - OSPCB",24-09-2026 14:00:00,21.51161,86.89088,NO2,3,10,6
India,Odisha,Balasore,"Kalidaspur, Balasore - OSPCB",24-09-2026 14:00:00,21.51161,86.89088,SO2,5,9,6
India,Odisha,Barbil,"Forest Office, Barbil - OSPCB",24-09-2026 14:00:00,22.1166054,85.3945546,SO2,7,24,14
India,Odisha,Barbil,"Forest Office, Barbil - OSPCB",24-09-2026 14:00:00,22.1166054,85.3945546,OZONE,19,43,38
India,Odisha,Baripada,"Meher Colony, Baripada - OSPCB",24-09-2026 14:00:00,21.941841,86.728318,NO2,1,30,12
India,Odisha,Bhubaneswar,"Lingraj Mandir, Bhubaneswar - OSPCB",24-09-2026 14:00:00,20.24079,85.836784,OZONE,38,45,42
India,Meghalaya,Shillong,"Lumpyngngad, Shillong - Meghalaya PCB",24-09-2026 14:00:00,25.5586,91.8985,SO2,12,14,12
India,Nagaland,Kohima,"PWD Junction, Kohima - NPCB",24-09-2026 14:00:00,25.6635413,94.0989878,CO,2,3,2
India,Odisha,Angul,"Hakimapada, Angul - OSPCB",24-09-2026 14:00:00,20.832874,85.104082,PM2.5,10,52,28
India,Odisha,Angul,"Hakimapada, Angul - OSPCB",24-09-2026 14:00:00,20.832874,85.104082,NH3,3,35,13
India,Odisha,Angul,"Hakimapada, Angul - OSPCB",24-09-2026 14:00:00,20.832874,85.104082,SO2,20,139,68
India,Rajasthan,Bhilwara,"Pratap Nagar, Bhilwara - RSPCB",24-09-2026 14:00:00,25.339605,74.618883,PM10,89,232,131
India,Rajasthan,Bhilwara,"Pratap Nagar, Bhilwara - RSPCB",24-09-2026 14:00:00,25.339605,74.618883,NO2,9,91,25
India,Rajasthan,Bhilwara,"Pratap Nagar, Bhilwara - RSPCB",24-09-2026 14:00:00,25.339605,74.618883,OZONE,19,80,47
India,Rajasthan,Bhiwadi,"RIICO Ind. Area III, Bhiwadi - RSPCB",24-09-2026 14:00:00,28.194909,76.862296,PM2.5,43,248,127
India,Rajasthan,Bikaner,"MM Ground, Bikaner - RSPCB",24-09-2026 14:00:00,28.018792,73.292658,PM10,94,394,164
India,Rajasthan,Bikaner,"MM Ground, Bikaner - RSPCB",24-09-2026 14:00:00,28.018792,73.292658,CO,55,97,75
India,Rajasthan,Bundi,"New Colony, Bundi - RSPCB",24-09-2026 14:00:00,25.435774,75.644272,PM2.5,47,180,87
India,Rajasthan,Bundi,"New Colony, Bundi - RSPCB",24-09-2026 14:00:00,25.435774,75.644272,NH3,5,7,6
India,Rajasthan,Bundi,"New Colony, Bundi - RSPCB",24-09-2026 14:00:00,25.435774,75.644272,OZONE,31,73,57
India,Rajasthan,Chittorgarh,"Shastri Nagar, Chittorgarh - RSPCB",24-09-2026 14:00:00,24.892047,74.623527,OZONE,2,150,78
India,Rajasthan,Churu,"Subash Chowk, Churu - RSPCB",24-09-2026 14:00:00,28.296139,74.961696,PM2.5,30,156,73
India,Rajasthan,Dausa,"Khatikan Mohalla, Dausa - RSPCB",24-09-2026 14:00:00,26.895552,76.334753,SO2,0,4,1
India,Rajasthan,Dholpur,"Raja Ganj, Dholpur - RSPCB",24-09-2026 14:00:00,26.699557,77.898881,PM10,16,117,50
India,Rajasthan,Dholpur,"Raja Ganj, Dholpur - RSPCB",24-09-2026 14:00:00,26.699557,77.898881,NH3,4,16,8
India,Rajasthan,Hanumangarh,"Housing Board, Hanumangarh - RSPCB",24-09-2026 14:00:00,29.61075,74.283608,PM2.5,83,190,127
India,Rajasthan,Pali,"Indira Colony Vistar, Pali - RSPCB",24-09-2026 14:00:00,25.771061,73.340227,PM10,84,359,169
India,Rajasthan,Pali,"Indira Colony Vistar, Pali - RSPCB",24-09-2026 14:00:00,25.771061,73.340227,SO2,3,13,8
India,Rajasthan,Rajsamand,"Dhoinda, Rajsamand - RSPCB",24-09-2026 14:00:00,25.03636,73.883502,PM2.5,3,147,50
India,Rajasthan,Rajsamand,"Dhoinda, Rajsamand - RSPCB",24-09-2026 14:00:00,25.03636,73.883502,CO,25,33,29
India,Rajasthan,Sawai Madhopur,"Sahu Nagar, Sawai Madhopur - RSPCB",24-09-2026 14:00:00,26.031443,76.359327,NH3,3,6,4
India,Rajasthan,Sikar,"Radhakishan Pura, Sikar - RSPCB",24-09-2026 14:00:00,27.608912,75.153302,PM10,51,199,113
India,Rajasthan,Sirohi,"Vedhaynath Colony, Sirohi - RSPCB",24-09-2026 14:00:00,24.885261,72.857549,NO2,4,21,9
India,Rajasthan,Sirohi,"Vedhaynath Colony, Sirohi - RSPCB",24-09-2026 14:00:00,24.885261,72.857549,CO,13,28,21
India,Rajasthan,Sri Ganganagar,"Old City, Sri Ganganagar - RSPCB",24-09-2026 14:00:00,29.931624,73.864511,PM2.5,75,290,144
India,Rajasthan,Sri Ganganagar,"Old City, Sri Ganganagar - RSPCB",24-09-2026 14:00:00,29.931624,73.864511,NO2,20,91,42
India,Rajasthan,Sri Ganganagar,"Old City, Sri Ganganagar - RSPCB",24-09-2026 14:00:00,29.931624,73.864511,CO,46,58,55
India,Rajasthan,Tonk,"Shastri Nagar, Tonk - RSPCB",24-09-2026 14:00:00,26.159933,75.780517,PM10,102,283,144
India,Rajasthan,Udaipur,"Ashok Nagar, Udaipur - RSPCB",24-09-2026 14:00:00,24.5886166,73.6321397,NH3,2,5,4
India,Rajasthan,Udaipur,"Ashok Nagar, Udaipur - RSPCB",24-09-2026 14:00:00,24.5886166,73.6321397,OZONE,8,46,28
India,Sikkim,Gangtok,"Zero Point GICI, Gangtok - SSPCB",24-09-2026 14:00:00,27.33853,88.614099,PM2.5,NA,NA,NA
India,Tamil Nadu,Chennai,"Manali Village, Chennai - TNPCB",24-09-2026 14:00:00,13.1662,80.2584,CO,42,45,44
India,Tamil Nadu,Chennai,"Manali Village, Chennai - TNPCB",24-09-2026 14:00:00,13.1662,80.2584,OZONE,NA,NA,NA
India,Tamil Nadu,Chennai,"Manali, Chennai - CPCB",24-09-2026 14:00:00,13.164544,80.26285,PM2.5,60,99,80
India,Tamil Nadu,Chennai,"Manali, Chennai - CPCB",24-09-2026 14:00:00,13.164544,80.26285,OZONE,12,21,15
India,Tamil Nadu,Chennai,"Perungudi, Chennai - TNPCB",24-09-2026 14:00:00,12.9533,80.2357,OZONE,17,18,18
India,Tamil Nadu,Chennai,"Royapuram, Chennai - TNPCB",24-09-2026 14:00:00,13.1036,80.2909,NH3,4,4,4
India,Tamil Nadu,Chennai,"Royapuram, Chennai - TNPCB",24-09-2026 14:00:00,13.1036,80.2909,SO2,2,4,2
India,Tamil Nadu,Chennai,"Arumbakkam, Chennai - TNPCB",24-09-2026 14:00:00,13.0664,80.2112,PM2.5,31,87,47
India,Tamil Nadu,Chennai,"Arumbakkam, Chennai - TNPCB",24-09-2026 14:00:00,13.0664,80.2112,NO2,21,53,29
India,Tamil Nadu,Chennai,"Arumbakkam, Chennai - TNPCB",24-09-2026 14:00:00,13.0664,80.2112,SO2,0,2,1
India,Rajasthan,Hanumangarh,"Housing Board, Hanumangarh - RSPCB",24-09-2026 14:00:00,29.61075,74.283608,CO,34,46,39
India,Rajasthan,Jaipur,"Shastri Nagar, Jaipur - RSPCB",24-09-2026 14:00:00,26.9502929,75.730943,PM10,89,131,110
India,Rajasthan,Jaipur,"Adarsh Nagar, Jaipur - RSPCB",24-09-2026 14:00:00,26.902909,75.836858,NH3,4,7,5
India,Rajasthan,Jaipur,"Mansarovar Sector-12, Jaipur - RSPCB",24-09-2026 14:00:00,26.843698,75.766894,PM2.5,53,137,85
India,Rajasthan,Jaipur,"Mansarovar Sector-12, Jaipur - RSPCB",24-09-2026 14:00:00,26.843698,75.766894,PM10,95,177,133
India,Rajasthan,Jaipur,"RIICO Sitapura, Jaipur - RSPCB",24-09-2026 14:00:00,26.786682,75.827928,NH3,3,5,4
India,Rajasthan,Jalore,"Mudtra Sili, Jalore - RSPCB",24-09-2026 14:00:00,25.344694,72.626208,NO2,5,17,9
India,Rajasthan,Jhalawar,"Rajlaxmi Nagar, Jhalawar - RSPCB",24-09-2026 14:00:00,24.588397,76.172782,NO2,21,88,37
India,Rajasthan,Jhalawar,"Rajlaxmi Nagar, Jhalawar - RSPCB",24-09-2026 14:00:00,24.588397,76.172782,CO,3,13,7
India,Rajasthan,Jhunjhunu,"Indra Nagar, Jhunjhunu - RSPCB",24-09-2026 14:00:00,28.108988,75.386577,SO2,4,7,5
India,Rajasthan,Jhunjhunu,"Indra Nagar, Jhunjhunu - RSPCB",24-09-2026 14:00:00,28.108988,75.386577,CO,19,31,24
India,Telangana,Hyderabad,"Zoo Park, Hyderabad - TSPCB",24-09-2026 14:00:00,17.349694,78.451437,SO2,1,1,1
India,Telangana,Hyderabad,"Kokapet, Hyderabad - TSPCB",24-09-2026 14:00:00,17.393559,78.339194,PM10,45,71,54
India,Telangana,Hyderabad,"Kokapet, Hyderabad - TSPCB",24-09-2026 14:00:00,17.393559,78.339194,NH3,2,3,3
India,Telangana,Hyderabad,"Kokapet, Hyderabad - TSPCB",24-09-2026 14:00:00,17.393559,78.339194,CO,19,31,25
India,Telangana,Hyderabad,"New Malakpet, Hyderabad - TSPCB",24-09-2026 14:00:00,17.37206,78.50864,PM10,57,67,61
India,Telangana,Hyderabad,"New Malakpet, Hyderabad - TSPCB",24-09-2026 14:00:00,17.37206,78.50864,CO,21,36,29
India,Telangana,Hyderabad,"Bollaram Industrial Area, Hyderabad - TSPCB",24-09-2026 14:00:00,17.518,78.383,NO2,NA,NA,NA
India,Telangana,Hyderabad,"IITH Kandi, Hyderabad - TSPCB",24-09-2026 14:00:00,17.585705,78.126199,PM2.5,29,46,34
India,Telangana,Hyderabad,"IITH Kandi, Hyderabad - TSPCB",24-09-2026 14:00:00,17.585705,78.126199,OZONE,18,26,23
India,Telangana,Hyderabad,"Nacharam_TSIIC IALA, Hyderabad - TSPCB",24-09-2026 14:00:00,17.429398,78.569354,CO,31,44,37
India,Telangana,Hyderabad,"Nacharam_TSIIC IALA, Hyderabad - TSPCB",24-09-2026 14:00:00,17.429398,78.569354,OZONE,18,27,22
India,Telangana,Hyderabad,"Sanathnagar, Hyderabad - TSPCB",24-09-2026 14:00:00,17.4559458,78.4332152,PM10,NA,NA,NA
India,Telangana,Hyderabad,"Somajiguda, Hyderabad - TSPCB",24-09-2026 14:00:00,17.417094,78.457437,PM2.5,NA,NA,NA
India,Telangana,Hyderabad,"Somajiguda, Hyderabad - TSPCB",24-09-2026 14:00:00,17.417094,78.457437,SO2,NA,NA,NA
India,Uttar Pradesh,Agra,"Manoharpur, Agra - UPPCB",24-09-2026 14:00:00,27.23711,78.01936,PM10,58,130,79
India,Uttar Pradesh,Agra,"Manoharpur, Agra - UPPCB",24-09-2026 14:00:00,27.23711,78.01936,NO2,31,31,31
India,Uttar Pradesh,Agra,"Manoharpur, Agra - UPPCB",24-09-2026 14:00:00,27.23711,78.01936,SO2,13,14,13
India,Uttar Pradesh,Agra,"Sanjay Palace, Agra - UPPCB",24-09-2026 14:00:00,27.19865833,78.00598056,NO2,15,17,16
India,Uttar Pradesh,Agra,"Sector-3B Avas Vikas Colony, Agra - UPPCB",24-09-2026 14:00:00,27.19412,77.96237,NH3,4,5,4
India,Uttar Pradesh,Agra,"Shastripuram, Agra - UPPCB",24-09-2026 14:00:00,27.19862,77.92066,PM2.5,19,80,50
India,Uttar Pradesh,Agra,"Shastripuram, Agra - UPPCB",24-09-2026 14:00:00,27.19862,77.92066,NO2,12,13,12
India,Rajasthan,Jodhpur,"Jhalamand, Jodhpur - RSPCB",24-09-2026 14:00:00,26.215415,73.070156,NO2,11,89,35
India,Rajasthan,Jodhpur,"Jhalamand, Jodhpur - RSPCB",24-09-2026 14:00:00,26.215415,73.070156,NH3,3,14,7
India,Rajasthan,Jodhpur,"Jhalamand, Jodhpur - RSPCB",24-09-2026 14:00:00,26.215415,73.070156,SO2,2,4,2
India,Rajasthan,Jodhpur,"Jhalamand, Jodhpur - RSPCB",24-09-2026 14:00:00,26.215415,73.070156,OZONE,10,34,19
India,Rajasthan,Jodhpur,"Samrat Ashok Udhyan, Jodhpur - RSPCB",24-09-2026 14:00:00,26.253384,72.976571,PM10,62,228,119
India,Rajasthan,Jodhpur,"Samrat Ashok Udhyan, Jodhpur - RSPCB",24-09-2026 14:00:00,26.253384,72.976571,NO2,5,107,33
India,Rajasthan,Jodhpur,"Mandor, Jodhpur - RSPCB",24-09-2026 14:00:00,26.358805,73.047444,PM10,70,208,129
India,Rajasthan,Jodhpur,"Mandor, Jodhpur - RSPCB",24-09-2026 14:00:00,26.358805,73.047444,NO2,3,89,31
India,Rajasthan,Jodhpur,"Digari Kalan, Jodhpur - RSPCB",24-09-2026 14:00:00,26.29581,73.082283,PM2.5,40,173,74
India,Rajasthan,Karauli,"Satyawati Vihar, Karauli - RSPCB",24-09-2026 14:00:00,26.506177,77.025989,NO2,15,35,27
India,Rajasthan,Karauli,"Satyawati Vihar, Karauli - RSPCB",24-09-2026 14:00:00,26.506177,77.025989,SO2,5,138,17
India,Tamil Nadu,Madurai,"Uchapatti, Madurai - TNPCB",24-09-2026 14:00:00,9.865935,78.022669,PM10,NA,NA,NA
India,Tamil Nadu,Thoothukudi,"Meelavittan, Thoothukudi - TNPCB",24-09-2026 14:00:00,8.816428,78.099039,NH3,NA,NA,NA
India,Tamil Nadu,Thoothukudi,"Meelavittan, Thoothukudi - TNPCB",24-09-2026 14:00:00,8.816428,78.099039,CO,29,36,32
India,Tamil Nadu,Thoothukudi,"Meelavittan, Thoothukudi - TNPCB",24-09-2026 14:00:00,8.816428,78.099039,OZONE,29,31,30
India,Telangana,Hyderabad,"Kompally Municipal Office, Hyderabad - TSPCB",24-09-2026 14:00:00,17.544899,78.486949,CO,10,20,17
India,Telangana,Hyderabad,"Ramachandrapuram, Hyderabad - TSPCB",24-09-2026 14:00:00,17.528544,78.286195,PM10,58,71,62
India,Telangana,Hyderabad,"Ramachandrapuram, Hyderabad - TSPCB",24-09-2026 14:00:00,17.528544,78.286195,NH3,4,5,5
India,Telangana,Hyderabad,"Ramachandrapuram, Hyderabad - TSPCB",24-09-2026 14:00:00,17.528544,78.286195,CO,17,35,27
India,Rajasthan,Kota,"Nayapura, Kota - RSPCB",24-09-2026 14:00:00,25.196024,75.855668,OZONE,10,64,45
India,Rajasthan,Kota,"Shrinath Puram, Kota - RSPCB",24-09-2026 14:00:00,25.14389,75.821256,PM2.5,38,96,83
India,Rajasthan,Kota,"Shrinath Puram, Kota - RSPCB",24-09-2026 14:00:00,25.14389,75.821256,PM10,61,122,99
India,Rajasthan,Kota,"Shrinath Puram, Kota - RSPCB",24-09-2026 14:00:00,25.14389,75.821256,CO,42,61,55
India,Rajasthan,Kota,"Dhanmandi, Kota - RSPCB",24-09-2026 14:00:00,25.16409,75.858137,PM10,72,185,111
India,Rajasthan,Nagaur,"Karni Colony, Nagaur - RSPCB",24-09-2026 14:00:00,27.213494,73.734444,CO,20,27,22
India,Uttar Pradesh,Gorakhpur,"Madan Mohan Malaviya University of Technology, Gorakhpur - UPPCB",24-09-2026 14:00:00,26.730136,83.433859,CO,6,6,6
India,Uttar Pradesh,Greater Noida,"Knowledge Park - V, Greater Noida - UPPCB",24-09-2026 14:00:00,28.557054,77.453663,CO,17,29,23
India,Uttar Pradesh,Greater Noida,"Knowledge Park - III, Greater Noida - UPPCB",24-09-2026 14:00:00,28.47272,77.482,PM10,52,458,185
India,Uttar Pradesh,Greater Noida,"Knowledge Park - III, Greater Noida - UPPCB",24-09-2026 14:00:00,28.47272,77.482,NO2,8,101,41
India,Uttar Pradesh,Greater Noida,"Knowledge Park - III, Greater Noida - UPPCB",24-09-2026 14:00:00,28.47272,77.482,NH3,5,67,13
India,Uttar Pradesh,Hapur,"Anand Vihar, Hapur - UPPCB",24-09-2026 14:00:00,28.725645,77.749675,PM10,38,176,98
India,Uttar Pradesh,Hapur,"Anand Vihar, Hapur - UPPCB",24-09-2026 14:00:00,28.725645,77.749675,SO2,9,17,11
India,Uttar Pradesh,Jhansi,"Shivaji Nagar, Jhansi - UPPCB",24-09-2026 14:00:00,25.4547,78.6039,PM10,35,76,55
India,Uttar Pradesh,Jhansi,"Shivaji Nagar, Jhansi - UPPCB",24-09-2026 14:00:00,25.4547,78.6039,SO2,21,33,26
India,Uttar Pradesh,Kanpur,"FTI Kidwai Nagar, Kanpur - UPPCB",24-09-2026 14:00:00,26.428282,80.327067,PM2.5,13,57,24
India,Uttar Pradesh,Kanpur,"FTI Kidwai Nagar, Kanpur - UPPCB",24-09-2026 14:00:00,26.428282,80.327067,NO2,27,27,27
India,Uttar Pradesh,Kanpur,"NSI Kalyanpur, Kanpur - UPPCB",24-09-2026 14:00:00,26.509954,80.249612,PM2.5,5,38,22
India,Uttar Pradesh,Kanpur,"NSI Kalyanpur, Kanpur - UPPCB",24-09-2026 14:00:00,26.509954,80.249612,SO2,25,27,26
India,Uttar Pradesh,Kanpur,"Nehru Nagar, Kanpur - UPPCB",24-09-2026 14:00:00,26.4703136,80.3229863,PM10,4,42,19
India,Uttar Pradesh,Meerut,"MIET College, Meerut - UPPCB",24-09-2026 14:00:00,28.972677,77.641018,OZONE,22,172,91
India,Uttar Pradesh,Meerut,"Jai Bhim Nagar, Meerut - UPPCB",24-09-2026 14:00:00,28.9535882,77.7622941,PM10,46,148,93
India,Uttar Pradesh,Meerut,"Jai Bhim Nagar, Meerut - UPPCB",24-09-2026 14:00:00,28.9535882,77.7622941,CO,2,43,20
India,Uttar Pradesh,Meerut,"Jai Bhim Nagar, Meerut - UPPCB",24-09-2026 14:00:00,28.9535882,77.7622941,OZONE,18,60,38
India,Uttar Pradesh,Moradabad,"Kashiram Nagar, Moradabad - UPPCB",24-09-2026 14:00:00,28.849399,78.742362,CO,31,37,34
India,Uttar Pradesh,Moradabad,"Kashiram Nagar, Moradabad - UPPCB",24-09-2026 14:00:00,28.849399,78.742362,OZONE,15,22,16
India,Uttar Pradesh,Moradabad,"Transport Nagar, Moradabad - UPPCB",24-09-2026 14:00:00,28.802625,78.753728,NO2,24,25,24
India,Uttar Pradesh,Moradabad,"Transport Nagar, Moradabad - UPPCB",24-09-2026 14:00:00,28.802625,78.753728,SO2,21,22,21
India,Uttar Pradesh,Moradabad,"Transport Nagar, Moradabad - UPPCB",24-09-2026 14:00:00,28.802625,78.753728,OZONE,3,5,4
India,Uttar Pradesh,Moradabad,"Employment Office, Moradabad - UPPCB",24-09-2026 14:00:00,28.88528,78.7388,PM10,34,128,68
India,Uttar Pradesh,Moradabad,"Employment Office, Moradabad - UPPCB",24-09-2026 14:00:00,28.88528,78.7388,OZONE,14,20,17
India,Uttar Pradesh,Moradabad,"Buddhi Vihar, Moradabad - UPPCB",24-09-2026 14:00:00,28.83526,78.7446,PM2.5,24,75,47
India,Uttar Pradesh,Moradabad,"Buddhi Vihar, Moradabad - UPPCB",24-09-2026 14:00:00,28.83526,78.7446,OZONE,25,36,28
India,Uttar Pradesh,Moradabad,"Jigar Colony, Moradabad - UPPCB",24-09-2026 14:00:00,28.856664,78.772638,NO2,24,25,25
India,Uttar Pradesh,Muzaffarnagar,"New Mandi, Muzaffarnagar - UPPCB",24-09-2026 14:00:00,29.4723508,77.7194031,NO2,14,80,31
India,Uttar Pradesh,Bareilly,"Civil Lines, Bareilly - UPPCB",24-09-2026 14:00:00,28.359581,79.414455,CO,21,23,22
India,Uttar Pradesh,Bulandshahr,"Yamunapuram, Bulandshahr - UPPCB",24-09-2026 14:00:00,28.406963,77.849831,PM2.5,28,175,75
India,Uttar Pradesh,Bulandshahr,"Yamunapuram, Bulandshahr - UPPCB",24-09-2026 14:00:00,28.406963,77.849831,NO2,8,70,21
India,Uttar Pradesh,Bulandshahr,"Yamunapuram, Bulandshahr - UPPCB",24-09-2026 14:00:00,28.406963,77.849831,SO2,2,15,9
India,Uttar Pradesh,Firozabad,"Nagla Bhau, Firozabad - UPPCB",24-09-2026 14:00:00,27.168897,78.37696,PM10,NA,NA,NA
India,Uttar Pradesh,Firozabad,"Nagla Bhau, Firozabad - UPPCB",24-09-2026 14:00:00,27.168897,78.37696,NH3,0,2,2
India,Uttar Pradesh,Firozabad,"Nagla Bhau, Firozabad - UPPCB",24-09-2026 14:00:00,27.168897,78.37696,SO2,4,124,42
India,Uttar Pradesh,Firozabad,"Nagla Bhau, Firozabad - UPPCB",24-09-2026 14:00:00,27.168897,78.37696,OZONE,3,86,26
India,Uttar Pradesh,Firozabad,"Vibhab Nagar, Firozabad - UPPCB",24-09-2026 14:00:00,27.1594,78.3953,PM2.5,24,40,30
India,Uttar Pradesh,Firozabad,"Vibhab Nagar, Firozabad - UPPCB",24-09-2026 14:00:00,27.1594,78.3953,SO2,9,9,9
India,Uttar Pradesh,Gajraula,"Rajanpur, Gajraula - UPPCB",24-09-2026 14:00:00,28.829109,78.248796,PM2.5,51,168,98
India,Uttar Pradesh,Gajraula,"Rajanpur, Gajraula - UPPCB",24-09-2026 14:00:00,28.829109,78.248796,CO,87,92,90
India,Uttar Pradesh,Gajraula,"Rajanpur, Gajraula - UPPCB",24-09-2026 14:00:00,28.829109,78.248796,OZONE,3,18,11
India,Uttar Pradesh,Ghaziabad,"Indirapuram, Ghaziabad - UPPCB",24-09-2026 14:00:00,28.646233,77.358075,OZONE,15,39,23
India,Uttar Pradesh,Ghaziabad,"Govindpuram, Ghaziabad - UPPCB",24-09-2026 14:00:00,28.694528,77.494705,NH3,NA,NA,NA
India,Uttar Pradesh,Raebareli," Indira Nagar, Raebareli - NTPC Unchahar",24-09-2026 14:00:00,26.207781,81.245571,SO2,NA,NA,NA
India,Uttar Pradesh,Raebareli,"Anand Nagar, Raebareli - UPPCB",24-09-2026 14:00:00,26.219512,81.237648,PM10,48,92,73
India,Uttar Pradesh,Raebareli,"Anand Nagar, Raebareli - UPPCB",24-09-2026 14:00:00,26.219512,81.237648,NO2,8,34,15
India,Uttar Pradesh,Raebareli,"Anand Nagar, Raebareli - UPPCB",24-09-2026 14:00:00,26.219512,81.237648,SO2,13,13,13
India,Uttar Pradesh,Varanasi,"Maldahiya, Varanasi - UPPCB",24-09-2026 14:00:00,25.32393,82.99687,NH3,0,0,0
India,Uttar Pradesh,Varanasi,"Ardhali Bazar, Varanasi - UPPCB",24-09-2026 14:00:00,25.3505986,82.9083074,NO2,18,24,22
India,Uttar Pradesh,Varanasi,"Bhelupur, Varanasi - UPPCB",24-09-2026 14:00:00,25.301778,82.996789,PM2.5,13,403,107
India,Uttar Pradesh,Varanasi,"Bhelupur, Varanasi - UPPCB",24-09-2026 14:00:00,25.301778,82.996789,OZONE,7,9,8
India,Uttar Pradesh,Varanasi,"IESD Banaras Hindu University, Varanasi - UPPCB",24-09-2026 14:00:00,25.262326,82.995408,CO,1,1,1
India,Uttar Pradesh,Vrindavan,"Omex Eternity, Vrindavan - UPPCB",24-09-2026 14:00:00,27.571409,77.655757,CO,7,10,9
India,Uttar Pradesh,Vrindavan," Chhatikara, Vrindavan - UPPCB",24-09-2026 14:00:00,27.57194,77.62346,SO2,16,28,24
India,Uttarakhand,Dehradun,"Doon University, Dehradun - UKPCB",24-09-2026 14:00:00,30.269444,78.044167,PM10,57,125,81
India,Uttar Pradesh,Muzaffarnagar,"New Mandi, Muzaffarnagar - UPPCB",24-09-2026 14:00:00,29.4723508,77.7194031,SO2,4,33,15
India,Uttar Pradesh,Noida,"Sector - 62, Noida - IITM",24-09-2026 14:00:00,28.6245479,77.3577104,PM2.5,53,327,160
India,Uttar Pradesh,Noida,"Sector - 125, Noida - UPPCB",24-09-2026 14:00:00,28.5447608,77.3231257,PM2.5,35,324,145
India,Uttar Pradesh,Noida,"Sector - 125, Noida - UPPCB",24-09-2026 14:00:00,28.5447608,77.3231257,PM10,116,452,195
India,Uttar Pradesh,Noida,"Sector - 125, Noida - UPPCB",24-09-2026 14:00:00,28.5447608,77.3231257,CO,9,21,15
India,Uttar Pradesh,Noida,"Sector-1, Noida - UPPCB",24-09-2026 14:00:00,28.5898,77.3101,PM2.5,22,263,120
India,Uttar Pradesh,Noida,"Sector-1, Noida - UPPCB",24-09-2026 14:00:00,28.5898,77.3101,OZONE,11,77,36
India,Uttar Pradesh,Prayagraj,"Nagar Nigam, Prayagraj - UPPCB",24-09-2026 14:00:00,25.44919916,81.82735986,PM2.5,4,23,10
India,Uttar Pradesh,Prayagraj,"Nagar Nigam, Prayagraj - UPPCB",24-09-2026 14:00:00,25.44919916,81.82735986,NO2,5,5,5
India,Uttar Pradesh,Prayagraj,"Jhunsi, Prayagraj - UPPCB",24-09-2026 14:00:00,25.425602,81.917152,PM10,7,294,41
India,Uttar Pradesh,Raebareli," Indira Nagar, Raebareli - NTPC Unchahar",24-09-2026 14:00:00,26.207781,81.245571,PM2.5,NA,NA,NA
India,Uttar Pradesh,Khora,"Prashant Garden, Khora - UPPCB",24-09-2026 14:00:00,28.61119,77.34206,PM10,51,135,95
India,Uttar Pradesh,Khora,"Prashant Garden, Khora - UPPCB",24-09-2026 14:00:00,28.61119,77.34206,NO2,23,56,36
India,Uttar Pradesh,Khora,"Prashant Garden, Khora - UPPCB",24-09-2026 14:00:00,28.61119,77.34206,NH3,7,14,9
India,Uttar Pradesh,Khurja,"Kalindi Kunj, Khurja - UPPCB",24-09-2026 14:00:00,28.2348927,77.8683002,NH3,1,1,1
India,Uttar Pradesh,Lucknow,"Kendriya Vidyalaya, Lucknow - CPCB",24-09-2026 14:00:00,26.906111,80.948222,SO2,3,9,7
India,Uttar Pradesh,Lucknow,"Kendriya Vidyalaya, Lucknow - CPCB",24-09-2026 14:00:00,26.906111,80.948222,CO,27,51,38
India,Uttar Pradesh,Lucknow,"Kendriya Vidyalaya, Lucknow - CPCB",24-09-2026 14:00:00,26.906111,80.948222,OZONE,6,47,26
India,Uttar Pradesh,Lucknow,"Lalbagh, Lucknow - CPCB",24-09-2026 14:00:00,26.8458805,80.9365541,PM2.5,36,149,81
India,Uttar Pradesh,Lucknow,"Lalbagh, Lucknow - CPCB",24-09-2026 14:00:00,26.8458805,80.9365541,NH3,10,17,13
India,Uttar Pradesh,Lucknow,"Gomti Nagar, Lucknow - UPPCB",24-09-2026 14:00:00,26.86812,81.005119,NO2,9,10,9
India,Uttar Pradesh,Lucknow,"Gomti Nagar, Lucknow - UPPCB",24-09-2026 14:00:00,26.86812,81.005119,OZONE,37,40,39
India,Uttar Pradesh,Agra,"Rohta, Agra - UPPCB",24-09-2026 14:00:00,27.106972,78.000111,NH3,6,6,6
India,Uttar Pradesh,Agra,"Rohta, Agra - UPPCB",24-09-2026 14:00:00,27.106972,78.000111,SO2,14,24,18
India,Uttar Pradesh,Agra,"Rohta, Agra - UPPCB",24-09-2026 14:00:00,27.106972,78.000111,OZONE,12,21,15
India,Uttar Pradesh,Baghpat,"Sardar Patel Inter College, Baghpat - UPPCB",24-09-2026 14:00:00,28.964949,77.278761,PM2.5,36,303,146
India,Uttar Pradesh,Baghpat,"Sardar Patel Inter College, Baghpat - UPPCB",24-09-2026 14:00:00,28.964949,77.278761,OZONE,9,71,33
India,Uttar Pradesh,Baraut,"Nagar Palika Parishad, Baraut - UPPCB",24-09-2026 14:00:00,29.09956,77.26235,PM10,84,161,113
India,Uttar Pradesh,Baraut,"Nagar Palika Parishad, Baraut - UPPCB",24-09-2026 14:00:00,29.09956,77.26235,NH3,NA,NA,NA
India,Uttar Pradesh,Bareilly,"Rajendra Nagar, Bareilly - UPPCB",24-09-2026 14:00:00,28.38910936,79.42963708,PM10,37,126,65
India,Uttar Pradesh,Ghaziabad,"Ved Vihar-Loni, Ghaziabad - UPPCB",24-09-2026 14:00:00,28.739153,77.273668,PM2.5,90,222,146
India,Uttar Pradesh,Ghaziabad,"Loni, Ghaziabad - UPPCB",24-09-2026 14:00:00,28.757294,77.278792,PM2.5,86,316,195
India,Uttar Pradesh,Ghaziabad,"Loni, Ghaziabad - UPPCB",24-09-2026 14:00:00,28.757294,77.278792,NH3,2,6,4
India,Uttar Pradesh,Ghaziabad,"Loni, Ghaziabad - UPPCB",24-09-2026 14:00:00,28.757294,77.278792,CO,54,64,58
India,Uttar Pradesh,Ghaziabad,"Sanjay Nagar, Ghaziabad - UPPCB",24-09-2026 14:00:00,28.685382,77.453839,PM2.5,41,306,133
India,Uttar Pradesh,Gorakhpur,"Madan Mohan Malaviya University of Technology, Gorakhpur - UPPCB",24-09-2026 14:00:00,26.730136,83.433859,PM2.5,43,80,61
India,Uttar Pradesh,Lucknow,"Talkatora District Industries Center, Lucknow - CPCB",24-09-2026 14:00:00,26.83399722,80.8917361,NO2,19,26,22
India,Uttar Pradesh,Lucknow,"Kukrail Picnic Spot-1, Lucknow - UPPCB",24-09-2026 14:00:00,26.90723,80.98579,CO,13,14,14
India,Uttar Pradesh,Meerut,"MIET College, Meerut - UPPCB",24-09-2026 14:00:00,28.972677,77.641018,SO2,2,10,5
India,Uttarakhand,Kashipur,"Govt. Girls Inter College, Kashipur - UKPCB",24-09-2026 14:00:00,29.2124114,78.9611753,SO2,NA,NA,NA
India,Uttarakhand,Rishikesh,"Shivaji Nagar, Rishikesh - UKPCB",24-09-2026 14:00:00,30.075911,78.2859547,PM10,26,43,36
India,West Bengal,Asansol,"Asansol Court Area, Asansol - WBPCB",24-09-2026 14:00:00,23.685297,86.945968,PM2.5,25,58,32
India,West Bengal,Asansol,"Asansol Court Area, Asansol - WBPCB",24-09-2026 14:00:00,23.685297,86.945968,NH3,3,3,3
India,West Bengal,Asansol,"Asansol Court Area, Asansol - WBPCB",24-09-2026 14:00:00,23.685297,86.945968,OZONE,10,15,12
India,West Bengal,Asansol,"Evelyn Lodge, Asansol - WBPCB",24-09-2026 14:00:00,23.697936,86.944395,PM10,8,25,15
India,West Bengal,Asansol,"Evelyn Lodge, Asansol - WBPCB",24-09-2026 14:00:00,23.697936,86.944395,SO2,3,12,5
India,West Bengal,Asansol,"Evelyn Lodge, Asansol - WBPCB",24-09-2026 14:00:00,23.697936,86.944395,CO,16,24,20
India,West Bengal,Asansol,"Mahabir Colliery, Asansol - WBPCB",24-09-2026 14:00:00,23.618183,87.105718,PM10,14,46,23
India,West Bengal,Asansol,"Mahabir Colliery, Asansol - WBPCB",24-09-2026 14:00:00,23.618183,87.105718,NO2,3,6,5
India,West Bengal,Asansol,"Mahabir Colliery, Asansol - WBPCB",24-09-2026 14:00:00,23.618183,87.105718,CO,14,27,21
India,West Bengal,Asansol,"Mahabir Colliery, Asansol - WBPCB",24-09-2026 14:00:00,23.618183,87.105718,OZONE,10,11,10
India,West Bengal,Asansol,"Trivenidevi Bhalotia College, Asansol - WBPCB",24-09-2026 14:00:00,23.616515,87.119133,PM2.5,9,78,27
India,West Bengal,Asansol,"Trivenidevi Bhalotia College, Asansol - WBPCB",24-09-2026 14:00:00,23.616515,87.119133,PM10,13,114,47
India,West Bengal,Barrackpore,"SVSPA Campus, Barrackpore - WBPCB",24-09-2026 14:00:00,22.7605581,88.3617589,NO2,7,14,10
India,West Bengal,Barrackpore,"SVSPA Campus, Barrackpore - WBPCB",24-09-2026 14:00:00,22.7605581,88.3617589,SO2,13,15,14
India,West Bengal,Barrackpore,"SVSPA Campus, Barrackpore - WBPCB",24-09-2026 14:00:00,22.7605581,88.3617589,OZONE,4,44,24
India,West Bengal,Durgapur,"PCBL Residential Complex, Durgapur - WBPCB",24-09-2026 14:00:00,23.508764,87.35444,SO2,11,12,12
India,West Bengal,Durgapur,"PCBL Residential Complex, Durgapur - WBPCB",24-09-2026 14:00:00,23.508764,87.35444,OZONE,4,13,9
India,West Bengal,Durgapur,"Mahishkapur Road_B-Zone, Durgapur - WBPCB",24-09-2026 14:00:00,23.567923,87.306843,PM2.5,12,235,86
India,West Bengal,Durgapur,"Mahishkapur Road_B-Zone, Durgapur - WBPCB",24-09-2026 14:00:00,23.567923,87.306843,PM10,11,179,83
India,West Bengal,Durgapur,"Mahishkapur Road_B-Zone, Durgapur - WBPCB",24-09-2026 14:00:00,23.567923,87.306843,SO2,1,2,2
India,West Bengal,Durgapur,"Womens College_City Center, Durgapur - WBPCB",24-09-2026 14:00:00,23.549395,87.300496,OZONE,16,29,23
India,West Bengal,Howrah,"Dasnagar, Howrah - WBPCB",24-09-2026 14:00:00,22.6025571,88.3105664,PM2.5,10,106,50
India,West Bengal,Howrah,"Dasnagar, Howrah - WBPCB",24-09-2026 14:00:00,22.6025571,88.3105664,NO2,2,7,4
India,West Bengal,Howrah,"Dasnagar, Howrah - WBPCB",24-09-2026 14:00:00,22.6025571,88.3105664,OZONE,20,29,25
India,West Bengal,Howrah,"Padmapukur, Howrah - WBPCB",24-09-2026 14:00:00,22.5687319,88.2797276,SO2,5,7,6
India,West Bengal,Howrah,"Botanical Garden, Howrah - WBPCB",24-09-2026 14:00:00,22.554954,88.292568,NH3,1,3,2
India,West Bengal,Howrah,"Botanical Garden, Howrah - WBPCB",24-09-2026 14:00:00,22.554954,88.292568,SO2,8,9,9
India,West Bengal,Howrah,"Botanical Garden, Howrah - WBPCB",24-09-2026 14:00:00,22.554954,88.292568,CO,4,39,11
India,West Bengal,Kolkata,"Rabindra Bharati University, Kolkata - WBPCB",24-09-2026 14:00:00,22.627847,88.380669,SO2,9,11,10
India,West Bengal,Kolkata,"Fort William, Kolkata - WBPCB",24-09-2026 14:00:00,22.55664,88.342674,PM10,12,26,18
India,West Bengal,Kolkata,"Fort William, Kolkata - WBPCB",24-09-2026 14:00:00,22.55664,88.342674,SO2,4,8,6
India,West Bengal,Kolkata,"Jadavpur, Kolkata - WBPCB",24-09-2026 14:00:00,22.49929,88.36917,PM2.5,22,35,27
India,West Bengal,Kolkata,"Jadavpur, Kolkata - WBPCB",24-09-2026 14:00:00,22.49929,88.36917,NH3,11,12,12
India,West Bengal,Kolkata,"Jadavpur, Kolkata - WBPCB",24-09-2026 14:00:00,22.49929,88.36917,OZONE,9,14,12
India,West Bengal,Kolkata,"Rabindra Sarobar, Kolkata - WBPCB",24-09-2026 14:00:00,22.51106,88.35142,SO2,6,7,6
India,West Bengal,Kolkata,"Rabindra Sarobar, Kolkata - WBPCB",24-09-2026 14:00:00,22.51106,88.35142,OZONE,17,22,20
India,West Bengal,Kolkata,"Bidhannagar, Kolkata - WBPCB",24-09-2026 14:00:00,22.58157048,88.41002457,NH3,5,6,5
India,West Bengal,Kolkata,"Bidhannagar, Kolkata - WBPCB",24-09-2026 14:00:00,22.58157048,88.41002457,OZONE,30,39,35
India,West Bengal,Siliguri,"Ward-32 Bapupara, Siliguri - WBPCB",24-09-2026 14:00:00,26.6879226,88.4152495,NH3,8,8,8
