country,state,city,station,last_update,latitude,longitude,pollutant_id,min_value,max_value,avg_value
India,Chhattisgarh,Korba,"Urja Nagar, Korba - CECB",16-08-2026 10:00:00,22.348441,82.549611,NO2,3,5,4
India,Chhattisgarh,Korba,"Urja Nagar, Korba - CECB",16-08-2026 10:00:00,22.348441,82.549611,OZONE,5,5,5
India,Chhattisgarh,Korba,"Rampur, Korba - CECB",16-08-2026 10:00:00,22.368195,82.746431,PM2.5,10,22,13
India,Chhattisgarh,Korba,"Rampur, Korba - CECB",16-08-2026 10:00:00,22.368195,82.746431,NO2,4,21,11
India,Chhattisgarh,Korba,"Rampur, Korba - CECB",16-08-2026 10:00:00,22.368195,82.746431,NH3,1,1,1
India,Chhattisgarh,Korba,"Rampur, Korba - CECB",16-08-2026 10:00:00,22.368195,82.746431,CO,11,42,26
India,Chhattisgarh,Kunjemura,"OP Jindal School, Kunjemura - CECB",16-08-2026 10:00:00,22.12665,83.483212,PM10,16,71,49
India,Chhattisgarh,Kunjemura,"OP Jindal School, Kunjemura - CECB",16-08-2026 10:00:00,22.12665,83.483212,OZONE,5,8,6
India,Chhattisgarh,Milupara,"Govt. Higher Secondary School, Milupara - CECB",16-08-2026 10:00:00,22.1910172,83.5197009,OZONE,40,57,46
India,Chhattisgarh,Raipur,"Krishak Nagar, Raipur - CECB",16-08-2026 10:00:00,21.237755,81.705301,PM10,8,36,21
India,Chhattisgarh,Raipur,"Krishak Nagar, Raipur - CECB",16-08-2026 10:00:00,21.237755,81.705301,SO2,5,7,6
India,Chhattisgarh,Raipur,"Bhatagaon New ISBT, Raipur - CECB",16-08-2026 10:00:00,21.219665,81.630094,OZONE,1,2,2
India,Chhattisgarh,Raipur,"Siltara Phase-II, Raipur - CECB",16-08-2026 10:00:00,21.371751,81.664929,NO2,16,33,23
India,Chhattisgarh,Raipur,"Siltara Phase-II, Raipur - CECB",16-08-2026 10:00:00,21.371751,81.664929,SO2,2,39,14
India,Chhattisgarh,Raipur,"AIIMS, Raipur - CECB",16-08-2026 10:00:00,21.258815,81.578979,NH3,4,4,4
India,Chhattisgarh,Raipur,"AIIMS, Raipur - CECB",16-08-2026 10:00:00,21.258815,81.578979,SO2,4,5,4
India,Chhattisgarh,Tumidih,"OP Jindal Industrial Park, Tumidih - CECB",16-08-2026 10:00:00,22.06631475,83.33820077,PM2.5,NA,NA,NA
India,Chhattisgarh,Tumidih,"OP Jindal Industrial Park, Tumidih - CECB",16-08-2026 10:00:00,22.06631475,83.33820077,PM10,NA,NA,NA
India,Delhi,Delhi,"ITO, Delhi - CPCB",16-08-2026 10:00:00,28.628624,77.24106,NO2,5,103,58
India,Delhi,Delhi,"ITO, Delhi - CPCB",16-08-2026 10:00:00,28.628624,77.24106,SO2,5,41,22
India,Delhi,Delhi,"Narela, Delhi - DPCC",16-08-2026 10:00:00,28.822836,77.101981,PM10,7,84,51
India,Bihar,Siwan,"Chitragupta Nagar, Siwan - BSPCB",16-08-2026 10:00:00,26.2271665,84.3570427,NO2,2,2,2
India,Bihar,Siwan,"Chitragupta Nagar, Siwan - BSPCB",16-08-2026 10:00:00,26.2271665,84.3570427,SO2,5,6,5
India,Chandigarh,Chandigarh,"Sector 22, Chandigarh - CPCC",16-08-2026 10:00:00,30.735567,76.775714,NH3,9,26,15
India,Chandigarh,Chandigarh,"Sector 22, Chandigarh - CPCC",16-08-2026 10:00:00,30.735567,76.775714,SO2,4,7,6
India,Chandigarh,Chandigarh,"Sector-25, Chandigarh - CPCC",16-08-2026 10:00:00,30.751462,76.762879,NH3,9,10,10
India,Chandigarh,Chandigarh,"Sector-25, Chandigarh - CPCC",16-08-2026 10:00:00,30.751462,76.762879,OZONE,8,15,11
India,Chandigarh,Chandigarh,"Sector-53, Chandigarh - CPCC",16-08-2026 10:00:00,30.719859,76.738637,NH3,18,20,19
India,Chandigarh,Chandigarh,"Sector-53, Chandigarh - CPCC",16-08-2026 10:00:00,30.719859,76.738637,OZONE,7,34,21
India,Chhattisgarh,Bhilai,"32Bungalows, Bhilai - CECB",16-08-2026 10:00:00,21.194815,81.31477,PM10,11,22,17
India,Chhattisgarh,Bhilai,"32Bungalows, Bhilai - CECB",16-08-2026 10:00:00,21.194815,81.31477,CO,2,4,3
India,Chhattisgarh,Bhilai,"Civic Center, Bhilai - Bhilai Steel Plant",16-08-2026 10:00:00,21.185571,81.343175,NO2,15,16,16
India,Chhattisgarh,Bhilai,"Civic Center, Bhilai - Bhilai Steel Plant",16-08-2026 10:00:00,21.185571,81.343175,NH3,1,2,1
India,Chhattisgarh,Bhilai,"Hathkhoj, Bhilai - CECB",16-08-2026 10:00:00,21.224231,81.40835,PM10,9,30,22
India,Chhattisgarh,Bhilai,"Hathkhoj, Bhilai - CECB",16-08-2026 10:00:00,21.224231,81.40835,OZONE,7,8,8
India,Chhattisgarh,Korba,"Urja Nagar, Korba - CECB",16-08-2026 10:00:00,22.348441,82.549611,PM2.5,4,11,6
India,Andhra Pradesh,Srikakulam,"Chinna Bharatham Colony, Srikakulam - APPCB",16-08-2026 10:00:00,18.292191,83.897173,PM10,19,56,33
India,Andhra Pradesh,Srikakulam,"Chinna Bharatham Colony, Srikakulam - APPCB",16-08-2026 10:00:00,18.292191,83.897173,NO2,17,34,27
India,Andhra Pradesh,Srikakulam,"Chinna Bharatham Colony, Srikakulam - APPCB",16-08-2026 10:00:00,18.292191,83.897173,SO2,13,21,16
India,Andhra Pradesh,Srikakulam,"Chinna Bharatham Colony, Srikakulam - APPCB",16-08-2026 10:00:00,18.292191,83.897173,OZONE,7,18,11
India,Andhra Pradesh,Tirumala,"Toll Gate, Tirumala - APPCB",16-08-2026 10:00:00,13.67,79.35,PM10,30,157,66
India,Andhra Pradesh,Vijayawada,"Rajiv Nagar, Vijayawada - APPCB",16-08-2026 10:00:00,16.554731,80.64911,PM10,NA,NA,NA
India,Andhra Pradesh,Vijayawada,"HB Colony, Vijayawada - APPCB",16-08-2026 10:00:00,16.536107,80.594233,PM2.5,NA,NA,NA
India,Andhra Pradesh,Visakhapatnam,"GVM Corporation, Visakhapatnam - APPCB",16-08-2026 10:00:00,17.72,83.3,NO2,45,84,66
India,Arunachal Pradesh,Naharlagun,"Naharlagun, Naharlagun - APSPCB",16-08-2026 10:00:00,27.103358,93.679645,PM10,12,49,28
India,Arunachal Pradesh,Naharlagun,"Naharlagun, Naharlagun - APSPCB",16-08-2026 10:00:00,27.103358,93.679645,CO,5,7,6
India,Assam,Byrnihat,"Central Academy for SFS, Byrnihat - PCBA",16-08-2026 10:00:00,26.071318,91.87488,PM2.5,86,117,96
India,Assam,Guwahati,"IITG, Guwahati - PCBA",16-08-2026 10:00:00,26.2028636,91.70046436,PM2.5,5,27,11
India,Bihar,Bhagalpur,"Mayaganj, Bhagalpur - BSPCB",16-08-2026 10:00:00,25.265194,87.012947,OZONE,8,18,13
India,Bihar,Buxar,"Charitra Van, Buxar - BSPCB",16-08-2026 10:00:00,25.56752,83.966379,CO,22,28,25
India,Bihar,Chhapra,"Darshan Nagar, Chhapra - BSPCB",16-08-2026 10:00:00,25.7808257,84.7446768,PM10,111,116,113
India,Bihar,Gaya,"SFTI Kusdihra, Gaya - BSPCB",16-08-2026 10:00:00,24.762518,84.982348,PM2.5,20,30,26
India,Bihar,Gaya,"SFTI Kusdihra, Gaya - BSPCB",16-08-2026 10:00:00,24.762518,84.982348,NO2,23,31,28
India,Bihar,Gaya,"Kareemganj, Gaya - BSPCB",16-08-2026 10:00:00,24.792403,84.992416,NO2,11,13,12
India,Bihar,Katihar,"Mirchaibari, Katihar - BSPCB",16-08-2026 10:00:00,25.560083,87.553265,PM10,25,46,32
India,Bihar,Katihar,"Mirchaibari, Katihar - BSPCB",16-08-2026 10:00:00,25.560083,87.553265,CO,75,96,85
India,Bihar,Kishanganj,"SDM Office_Khagra, Kishanganj - BSPCB",16-08-2026 10:00:00,26.0881305,87.93840336,PM2.5,30,65,44
India,Bihar,Kishanganj,"SDM Office_Khagra, Kishanganj - BSPCB",16-08-2026 10:00:00,26.0881305,87.93840336,NH3,3,3,3
India,Bihar,Manguraha,"Forest Rest House, Manguraha - BSPCB",16-08-2026 10:00:00,27.308328,84.531742,NO2,12,41,18
India,Assam,Guwahati,"Pan Bazaar, Guwahati - PCBA",16-08-2026 10:00:00,26.1875,91.744194,OZONE,11,19,14
India,Assam,Guwahati,"LGBI Airport, Guwahati - PCBA",16-08-2026 10:00:00,26.10887,91.589544,CO,26,40,32
India,Assam,Guwahati,"Railway Colony, Guwahati - PCBA",16-08-2026 10:00:00,26.181742,91.78063,NO2,3,4,3
India,Assam,Guwahati,"Railway Colony, Guwahati - PCBA",16-08-2026 10:00:00,26.181742,91.78063,OZONE,12,16,14
India,Assam,Nagaon,"Christianpatty, Nagaon - PCBA",16-08-2026 10:00:00,26.349082,92.68449,PM2.5,NA,NA,NA
India,Assam,Nagaon,"Christianpatty, Nagaon - PCBA",16-08-2026 10:00:00,26.349082,92.68449,NH3,NA,NA,NA
India,Assam,Silchar,"Tarapur, Silchar - PCBA",16-08-2026 10:00:00,24.82827,92.79525,PM10,42,54,46
India,Assam,Sivasagar,"Girls College, Sivasagar - PCBA",16-08-2026 10:00:00,26.987634,94.636574,NH3,NA,NA,NA
India,Bihar,Araria,"Kharahiya Basti, Araria - BSPCB",16-08-2026 10:00:00,26.146529,87.454184,SO2,20,22,21
India,Bihar,Araria,"Kharahiya Basti, Araria - BSPCB",16-08-2026 10:00:00,26.146529,87.454184,OZONE,37,40,39
India,Bihar,Begusarai,"Lohiyanagar, Begusarai - BSPCB",16-08-2026 10:00:00,25.42742023,86.13886079,CO,10,12,11
India,Delhi,Delhi,"Narela, Delhi - DPCC",16-08-2026 10:00:00,28.822836,77.101981,OZONE,7,28,17
India,Delhi,Delhi,"Cantonment Area, Delhi - DPCC",16-08-2026 10:00:00,28.594169,77.1251,NO2,5,13,7
India,Delhi,Delhi,"Cantonment Area, Delhi - DPCC",16-08-2026 10:00:00,28.594169,77.1251,SO2,1,3,2
India,Delhi,Delhi,"Major Dhyan Chand National Stadium, Delhi - DPCC",16-08-2026 10:00:00,28.611281,77.237738,PM2.5,18,83,42
India,Delhi,Delhi,"Sonia Vihar, Delhi - DPCC",16-08-2026 10:00:00,28.710508,77.249485,PM2.5,2,113,45
India,Delhi,Delhi,"Bawana, Delhi - DPCC",16-08-2026 10:00:00,28.7762,77.051074,PM2.5,73,287,158
India,Delhi,Delhi,"Bawana, Delhi - DPCC",16-08-2026 10:00:00,28.7762,77.051074,NH3,6,9,7
India,Delhi,Delhi,"Okhla Phase-2, Delhi - DPCC",16-08-2026 10:00:00,28.530785,77.271255,CO,47,54,50
India,Delhi,Delhi,"Rohini, Delhi - DPCC",16-08-2026 10:00:00,28.732528,77.11992,CO,34,37,35
India,Delhi,Delhi,"Rohini, Delhi - DPCC",16-08-2026 10:00:00,28.732528,77.11992,OZONE,11,12,11
India,Delhi,Delhi,"Vivek Vihar, Delhi - DPCC",16-08-2026 10:00:00,28.672342,77.31526,NO2,18,48,28
India,Bihar,Muzaffarpur,"MIT-Daudpur Kothi, Muzaffarpur - BSPCB",16-08-2026 10:00:00,26.1403345,85.3650192,OZONE,15,34,17
India,Bihar,Patna,"Govt. High School Shikarpur, Patna - BSPCB",16-08-2026 10:00:00,25.592539,85.227158,NH3,6,6,6
India,Bihar,Patna,"DRM Office Danapur, Patna - BSPCB",16-08-2026 10:00:00,25.586562,85.043586,PM2.5,26,68,49
India,Bihar,Patna,"DRM Office Danapur, Patna - BSPCB",16-08-2026 10:00:00,25.586562,85.043586,SO2,5,7,6
India,Bihar,Patna,"Muradpur, Patna - BSPCB",16-08-2026 10:00:00,25.619651,85.147382,NO2,5,5,5
India,Bihar,Purnia,"Mariam Nagar, Purnia - BSPCB",16-08-2026 10:00:00,25.366336,87.117468,NH3,4,4,4
India,Bihar,Purnia,"Mariam Nagar, Purnia - BSPCB",16-08-2026 10:00:00,25.366336,87.117468,SO2,16,16,16
India,Bihar,Samastipur,"DM Office_Kasipur, Samastipur - BSPCB",16-08-2026 10:00:00,25.859655,85.77944,PM10,7,119,63
India,Bihar,Samastipur,"DM Office_Kasipur, Samastipur - BSPCB",16-08-2026 10:00:00,25.859655,85.77944,SO2,9,13,12
India,Andhra Pradesh,Chittoor,"Gangineni Cheruvu, Chittoor - APPCB",16-08-2026 10:00:00,13.20488,79.097889,NH3,5,6,5
India,Andhra Pradesh,Guntur,"Rajendra Nagar North, Guntur - APPCB",16-08-2026 10:00:00,16.316553,80.413302,PM10,43,62,52
India,Andhra Pradesh,Guntur,"Rajendra Nagar North, Guntur - APPCB",16-08-2026 10:00:00,16.316553,80.413302,NH3,4,12,7
India,Andhra Pradesh,Guntur,"Rajendra Nagar North, Guntur - APPCB",16-08-2026 10:00:00,16.316553,80.413302,OZONE,16,17,16
India,Andhra Pradesh,Kadapa,"Yerramukkapalli, Kadapa - APPCB",16-08-2026 10:00:00,14.465052,78.824187,PM2.5,39,62,46
India,Andhra Pradesh,Rajamahendravaram,"Anand Kala Kshetram, Rajamahendravaram - APPCB",16-08-2026 10:00:00,16.9872867,81.7363176,NH3,2,2,2
India,Bihar,Manguraha,"Forest Rest House, Manguraha - BSPCB",16-08-2026 10:00:00,27.308328,84.531742,SO2,14,47,21
India,Bihar,Manguraha,"Forest Rest House, Manguraha - BSPCB",16-08-2026 10:00:00,27.308328,84.531742,OZONE,26,84,40
India,Bihar,Munger,"Town Hall, Munger - BSPCB",16-08-2026 10:00:00,25.376776,86.471523,PM10,8,116,43
India,Andhra Pradesh,Amaravati,"Secretariat, Amaravati - APPCB",16-08-2026 10:00:00,16.5150833,80.5181667,NH3,3,5,4
India,Haryana,Bahadurgarh,"Arya Nagar, Bahadurgarh - HSPCB",16-08-2026 10:00:00,28.6701,76.9254,OZONE,36,44,40
India,Haryana,Ballabgarh,"Nathu Colony, Ballabgarh - HSPCB",16-08-2026 10:00:00,28.3419248,77.319699,NO2,19,21,20
India,Haryana,Ballabgarh,"Nathu Colony, Ballabgarh - HSPCB",16-08-2026 10:00:00,28.3419248,77.319699,NH3,4,5,5
India,Haryana,Ballabgarh,"Nathu Colony, Ballabgarh - HSPCB",16-08-2026 10:00:00,28.3419248,77.319699,OZONE,2,23,10
India,Haryana,Bhiwani,"H.B. Colony, Bhiwani - HSPCB",16-08-2026 10:00:00,28.806223,76.141105,PM10,NA,NA,NA
India,Haryana,Bhiwani,"H.B. Colony, Bhiwani - HSPCB",16-08-2026 10:00:00,28.806223,76.141105,NH3,2,3,2
India,Haryana,Charkhi Dadri,"Mini Secretariat, Charkhi Dadri - HSPCB",16-08-2026 10:00:00,28.593883,76.270653,PM10,10,116,75
India,Haryana,Charkhi Dadri,"Mini Secretariat, Charkhi Dadri - HSPCB",16-08-2026 10:00:00,28.593883,76.270653,NO2,9,23,15
India,Haryana,Charkhi Dadri,"Mini Secretariat, Charkhi Dadri - HSPCB",16-08-2026 10:00:00,28.593883,76.270653,SO2,7,9,8
India,Haryana,Charkhi Dadri,"Mini Secretariat, Charkhi Dadri - HSPCB",16-08-2026 10:00:00,28.593883,76.270653,CO,11,18,14
India,Haryana,Charkhi Dadri,"Mini Secretariat, Charkhi Dadri - HSPCB",16-08-2026 10:00:00,28.593883,76.270653,OZONE,11,36,20
India,Haryana,Dharuhera,"Municipal Corporation Office, Dharuhera -  HSPCB",16-08-2026 10:00:00,28.2068,76.7997,SO2,6,14,10
India,Haryana,Dharuhera,"Municipal Corporation Office, Dharuhera -  HSPCB",16-08-2026 10:00:00,28.2068,76.7997,CO,30,59,45
India,Haryana,Faridabad,"New Industrial Town, Faridabad - HSPCB",16-08-2026 10:00:00,28.39072,77.30059,PM10,55,122,79
India,Haryana,Faridabad,"New Industrial Town, Faridabad - HSPCB",16-08-2026 10:00:00,28.39072,77.30059,NO2,24,26,25
India,Haryana,Faridabad,"Sector 11, Faridabad - HSPCB",16-08-2026 10:00:00,28.376058,77.315741,PM10,35,91,75
India,Haryana,Faridabad,"Sector 11, Faridabad - HSPCB",16-08-2026 10:00:00,28.376058,77.315741,CO,54,67,62
India,Haryana,Faridabad,"Sector 30, Faridabad - HSPCB",16-08-2026 10:00:00,28.4417,77.3217,PM10,66,73,70
India,Haryana,Faridabad,"Sector 30, Faridabad - HSPCB",16-08-2026 10:00:00,28.4417,77.3217,NO2,34,39,37
India,Haryana,Fatehabad,"Huda Sector, Fatehabad - HSPCB",16-08-2026 10:00:00,29.503664,75.467934,NO2,17,20,19
India,Haryana,Gurugram,"Teri Gram, Gurugram - HSPCB",16-08-2026 10:00:00,28.4275,77.1465,PM10,100,164,123
India,Haryana,Gurugram,"Teri Gram, Gurugram - HSPCB",16-08-2026 10:00:00,28.4275,77.1465,NO2,42,88,59
India,Haryana,Gurugram,"Teri Gram, Gurugram - HSPCB",16-08-2026 10:00:00,28.4275,77.1465,OZONE,5,10,7
India,Haryana,Gurugram,"NISE Gwal Pahari, Gurugram - IITM",16-08-2026 10:00:00,28.422681,77.148944,PM10,34,106,77
India,Haryana,Gurugram,"NISE Gwal Pahari, Gurugram - IITM",16-08-2026 10:00:00,28.422681,77.148944,NH3,NA,NA,NA
India,Haryana,Gurugram,"Sector-51, Gurugram - HSPCB",16-08-2026 10:00:00,28.4227,77.0667,NH3,NA,NA,NA
India,Delhi,Delhi,"NSIT Dwarka, Delhi - CPCB",16-08-2026 10:00:00,28.60909,77.0325413,OZONE,68,89,76
India,Delhi,Delhi,"CRRI Mathura Road, Delhi - IITM",16-08-2026 10:00:00,28.5512005,77.2735737,PM2.5,17,112,54
India,Delhi,Delhi,"CRRI Mathura Road, Delhi - IITM",16-08-2026 10:00:00,28.5512005,77.2735737,OZONE,14,20,17
India,Delhi,Delhi,"Burari Crossing, Delhi - IITM",16-08-2026 10:00:00,28.7256504,77.2011573,NH3,NA,NA,NA
India,Delhi,Delhi,"Burari Crossing, Delhi - IITM",16-08-2026 10:00:00,28.7256504,77.2011573,OZONE,20,35,29
India,Delhi,Delhi,"IMD Lodhi Road, Delhi - IITM",16-08-2026 10:00:00,28.5918245,77.2273074,PM2.5,NA,NA,NA
India,Delhi,Delhi,"IMD Lodhi Road, Delhi - IITM",16-08-2026 10:00:00,28.5918245,77.2273074,OZONE,13,26,18
India,Delhi,Delhi,"JNU, Delhi - DPCC",16-08-2026 10:00:00,28.540721,77.168544,PM2.5,13,87,45
India,Delhi,Delhi,"JNU, Delhi - DPCC",16-08-2026 10:00:00,28.540721,77.168544,PM10,17,113,61
India,Delhi,Delhi,"JNU, Delhi - DPCC",16-08-2026 10:00:00,28.540721,77.168544,NO2,3,25,14
India,Delhi,Delhi,"JNU, Delhi - DPCC",16-08-2026 10:00:00,28.540721,77.168544,NH3,0,5,2
India,Delhi,Delhi,"Alipur, Delhi - DPCC",16-08-2026 10:00:00,28.815329,77.15301,CO,17,23,19
India,Delhi,Delhi,"North Campus, DU, Delhi - IITM",16-08-2026 10:00:00,28.6573814,77.1585447,PM2.5,29,87,47
India,Delhi,Delhi,"North Campus, DU, Delhi - IITM",16-08-2026 10:00:00,28.6573814,77.1585447,NO2,43,155,79
India,Delhi,Delhi,"R K Puram, Delhi - DPCC",16-08-2026 10:00:00,28.563262,77.186937,NO2,10,62,29
India,Delhi,Delhi,"R K Puram, Delhi - DPCC",16-08-2026 10:00:00,28.563262,77.186937,CO,21,27,23
India,Delhi,Delhi,"R K Puram, Delhi - DPCC",16-08-2026 10:00:00,28.563262,77.186937,OZONE,11,21,14
India,Gujarat,Ahmedabad,"SVPI Airport Hansol, Ahmedabad - IITM",16-08-2026 10:00:00,23.076793,72.627874,NO2,8,41,20
India,Gujarat,Ahmedabad,"Rakhial, Ahmedabad - IITM",16-08-2026 10:00:00,23.016834,72.625775,NH3,3,4,4
India,Delhi,Delhi,"Chandni Chowk, Delhi - IITM",16-08-2026 10:00:00,28.656756,77.227234,NH3,4,7,5
India,Delhi,Delhi,"Chandni Chowk, Delhi - IITM",16-08-2026 10:00:00,28.656756,77.227234,OZONE,7,11,9
India,Delhi,Delhi,"Pusa, Delhi - IITM",16-08-2026 10:00:00,28.63611,77.173332,SO2,NA,NA,NA
India,Delhi,Delhi,"Pusa, Delhi - IITM",16-08-2026 10:00:00,28.63611,77.173332,CO,10,14,12
India,Delhi,Delhi,"DTU, Delhi - CPCB",16-08-2026 10:00:00,28.7500499,77.1112615,NO2,0,32,10
India,Delhi,Delhi,"Dwarka-Sector 8, Delhi - DPCC ",16-08-2026 10:00:00,28.5710274,77.0719006,NH3,5,12,9
India,Delhi,Delhi,"Dwarka-Sector 8, Delhi - DPCC ",16-08-2026 10:00:00,28.5710274,77.0719006,OZONE,3,11,6
India,Delhi,Delhi,"Dr. Karni Singh Shooting Range, Delhi - DPCC",16-08-2026 10:00:00,28.498571,77.26484,PM2.5,NA,NA,NA
India,Delhi,Delhi,"Dr. Karni Singh Shooting Range, Delhi - DPCC",16-08-2026 10:00:00,28.498571,77.26484,PM10,42,111,65
India,Delhi,Delhi,"Dr. Karni Singh Shooting Range, Delhi - DPCC",16-08-2026 10:00:00,28.498571,77.26484,NO2,11,27,16
India,Delhi,Delhi,"Dr. Karni Singh Shooting Range, Delhi - DPCC",16-08-2026 10:00:00,28.498571,77.26484,SO2,5,7,6
India,Delhi,Delhi,"Dr. Karni Singh Shooting Range, Delhi - DPCC",16-08-2026 10:00:00,28.498571,77.26484,OZONE,13,19,15
India,Delhi,Delhi,"IIT Delhi, Delhi - IITM",16-08-2026 10:00:00,28.54246,77.191651,NH3,NA,NA,NA
India,Delhi,Delhi,"IGI Airport (T3), Delhi - IITM",16-08-2026 10:00:00,28.5627763,77.1180053,PM2.5,21,52,34
India,Delhi,Delhi,"IGNOU_Maidan Garhi, Delhi - DPCC",16-08-2026 10:00:00,28.493624,77.201159,PM10,46,108,71
India,Delhi,Delhi,"IGNOU_Maidan Garhi, Delhi - DPCC",16-08-2026 10:00:00,28.493624,77.201159,SO2,5,6,6
India,Delhi,Delhi,"Commonwealth Sports Complex, Delhi - DPCC",16-08-2026 10:00:00,28.615828,77.271992,SO2,3,7,5
India,Delhi,Delhi,"Talkatora Garden, Delhi - DPCC",16-08-2026 10:00:00,28.62181,77.1944633,CO,24,38,28
India,Gujarat,Nandesari,"GIDC, Nandesari - Nandesari Ind. Association",16-08-2026 10:00:00,22.410802,73.097923,NO2,6,281,40
India,Gujarat,Nandesari,"GIDC, Nandesari - Nandesari Ind. Association",16-08-2026 10:00:00,22.410802,73.097923,NH3,NA,NA,NA
India,Gujarat,Nandesari,"GIDC, Nandesari - Nandesari Ind. Association",16-08-2026 10:00:00,22.410802,73.097923,SO2,3,25,5
India,Gujarat,Rajkot,"Mavdi, Rajkot - Nexteng Enviro ",16-08-2026 10:00:00,22.248853,70.776774,SO2,8,12,9
India,Gujarat,Rajkot,"Mavdi, Rajkot - Nexteng Enviro ",16-08-2026 10:00:00,22.248853,70.776774,CO,40,41,41
India,Gujarat,Surat,"Katargam, Surat - Nexteng Enviro",16-08-2026 10:00:00,21.217779,72.834787,CO,43,49,46
India,Gujarat,Vadodara,"Bapunagar, Vadodara - Nexteng Enviro",16-08-2026 10:00:00,22.320153,73.216285,NO2,13,16,14
India,Gujarat,Vadodara,"Bapunagar, Vadodara - Nexteng Enviro",16-08-2026 10:00:00,22.320153,73.216285,OZONE,3,4,3
India,Gujarat,Vapi,"Phase-1 GIDC, Vapi - GPCB",16-08-2026 10:00:00,20.362421,72.918013,PM10,20,74,43
India,Gujarat,Vapi,"Phase-1 GIDC, Vapi - GPCB",16-08-2026 10:00:00,20.362421,72.918013,OZONE,5,9,6
India,Gujarat,Vatva,"Phase-4 GIDC, Vatva - GPCB",16-08-2026 10:00:00,22.969611,72.6435,NO2,31,41,38
India,Gujarat,Vatva,"Phase-4 GIDC, Vatva - GPCB",16-08-2026 10:00:00,22.969611,72.6435,NH3,5,5,5
India,Haryana,Ambala,"Patti Mehar, Ambala - HSPCB",16-08-2026 10:00:00,30.379589,76.778328,PM10,40,492,171
India,Haryana,Ambala,"Patti Mehar, Ambala - HSPCB",16-08-2026 10:00:00,30.379589,76.778328,OZONE,27,43,35
India,Haryana,Bahadurgarh,"Arya Nagar, Bahadurgarh - HSPCB",16-08-2026 10:00:00,28.6701,76.9254,NO2,23,29,26
India,Delhi,Delhi,"Wazirpur, Delhi - DPCC",16-08-2026 10:00:00,28.699793,77.165453,PM2.5,22,220,80
India,Delhi,Delhi,"Wazirpur, Delhi - DPCC",16-08-2026 10:00:00,28.699793,77.165453,NO2,24,46,34
India,Delhi,Delhi,"NSUT Jaffarpur, Delhi - DPCC",16-08-2026 10:00:00,28.594004,76.909423,NO2,4,15,9
India,Delhi,Delhi,"NSUT Jaffarpur, Delhi - DPCC",16-08-2026 10:00:00,28.594004,76.909423,NH3,0,3,2
India,Delhi,Delhi,"NSUT Jaffarpur, Delhi - DPCC",16-08-2026 10:00:00,28.594004,76.909423,SO2,NA,NA,NA
India,Delhi,Delhi,"NSUT Jaffarpur, Delhi - DPCC",16-08-2026 10:00:00,28.594004,76.909423,CO,27,28,28
India,Delhi,Delhi,"NSUT Jaffarpur, Delhi - DPCC",16-08-2026 10:00:00,28.594004,76.909423,OZONE,2,18,9
India,Delhi,Delhi,"Mundka, Delhi - DPCC",16-08-2026 10:00:00,28.684678,77.076574,SO2,1,8,4
India,Delhi,Delhi,"Ashok Vihar, Delhi - DPCC",16-08-2026 10:00:00,28.695381,77.181665,OZONE,7,9,8
India,Delhi,Delhi,"Anand Vihar, Delhi - DPCC",16-08-2026 10:00:00,28.647622,77.315809,PM2.5,58,328,152
India,Delhi,Delhi,"Anand Vihar, Delhi - DPCC",16-08-2026 10:00:00,28.647622,77.315809,NO2,9,102,29
India,Delhi,Delhi,"Anand Vihar, Delhi - DPCC",16-08-2026 10:00:00,28.647622,77.315809,OZONE,2,4,3
India,Delhi,Delhi,"Shadipur, Delhi - CPCB",16-08-2026 10:00:00,28.6514781,77.1473105,SO2,10,26,17
India,Delhi,Delhi,"Mandir Marg, Delhi - DPCC",16-08-2026 10:00:00,28.636429,77.201067,PM10,35,107,72
India,Delhi,Delhi,"Mandir Marg, Delhi - DPCC",16-08-2026 10:00:00,28.636429,77.201067,SO2,6,46,10
India,Delhi,Delhi,"Pusa, Delhi - DPCC",16-08-2026 10:00:00,28.639652,77.146275,PM2.5,3,110,42
India,Delhi,Delhi,"Pusa, Delhi - DPCC",16-08-2026 10:00:00,28.639652,77.146275,NO2,18,77,42
India,Delhi,Delhi,"Pusa, Delhi - DPCC",16-08-2026 10:00:00,28.639652,77.146275,SO2,1,8,5
India,Haryana,Narnaul,"Shastri Nagar, Narnaul - HSPCB",16-08-2026 10:00:00,28.060249,76.113115,PM2.5,42,70,60
India,Haryana,Palwal,"Shyam Nagar, Palwal - HSPCB",16-08-2026 10:00:00,28.1485564,77.3320667,PM10,72,122,95
India,Haryana,Palwal,"Shyam Nagar, Palwal - HSPCB",16-08-2026 10:00:00,28.1485564,77.3320667,SO2,7,37,17
India,Haryana,Panchgaon,"Amity University, Panchgaon - IITM",16-08-2026 10:00:00,28.3153,76.9143,SO2,6,17,11
India,Haryana,Panchkula,"Sector-6, Panchkula - HSPCB ",16-08-2026 10:00:00,30.7057778,76.8531805555555,NO2,25,32,29
India,Haryana,Panipat,"Sector-18, Panipat - HSPCB",16-08-2026 10:00:00,29.432304,76.972765,SO2,35,68,48
India,Haryana,Rohtak,"MD University, Rohtak - HSPCB",16-08-2026 10:00:00,28.52123,76.37138,PM10,34,65,49
India,Haryana,Rohtak,"MD University, Rohtak - HSPCB",16-08-2026 10:00:00,28.52123,76.37138,NH3,NA,NA,NA
India,Haryana,Rohtak,"MD University, Rohtak - HSPCB",16-08-2026 10:00:00,28.52123,76.37138,SO2,9,11,11
India,Haryana,Sonipat,"Murthal, Sonipat - HSPCB",16-08-2026 10:00:00,29.0272,77.0621,PM2.5,35,69,49
India,Haryana,Sonipat,"Murthal, Sonipat - HSPCB",16-08-2026 10:00:00,29.0272,77.0621,PM10,57,134,105
India,Haryana,Sonipat,"Murthal, Sonipat - HSPCB",16-08-2026 10:00:00,29.0272,77.0621,NO2,6,8,7
India,Haryana,Sonipat,"Murthal, Sonipat - HSPCB",16-08-2026 10:00:00,29.0272,77.0621,OZONE,49,52,51
India,Haryana,Yamuna Nagar,"Gobind Pura, Yamuna Nagar - HSPCB",16-08-2026 10:00:00,30.1480566,77.2893471,SO2,10,15,12
India,Gujarat,Ahmedabad,"Maninagar, Ahmedabad - GPCB",16-08-2026 10:00:00,23.002657,72.591912,NO2,28,45,40
India,Gujarat,Ahmedabad,"Maninagar, Ahmedabad - GPCB",16-08-2026 10:00:00,23.002657,72.591912,NH3,NA,NA,NA
India,Gujarat,Ahmedabad,"Gyaspur, Ahmedabad - IITM",16-08-2026 10:00:00,22.977134,72.553024,SO2,2,26,10
India,Gujarat,Ahmedabad,"Gyaspur, Ahmedabad - IITM",16-08-2026 10:00:00,22.977134,72.553024,OZONE,NA,NA,NA
India,Gujarat,Ahmedabad,"Raikhad, Ahmedabad - IITM",16-08-2026 10:00:00,23.020509,72.579261,PM10,58,94,70
India,Gujarat,Ahmedabad,"Raikhad, Ahmedabad - IITM",16-08-2026 10:00:00,23.020509,72.579261,NH3,1,2,2
India,Gujarat,Ankleshwar,"GIDC, Ankleshwar - GPCB",16-08-2026 10:00:00,21.613267,73.010555,PM10,NA,NA,NA
India,Gujarat,Ankleshwar,"GIDC, Ankleshwar - GPCB",16-08-2026 10:00:00,21.613267,73.010555,NO2,26,26,26
India,Gujarat,Ankleshwar,"GIDC, Ankleshwar - GPCB",16-08-2026 10:00:00,21.613267,73.010555,NH3,5,5,5
India,Gujarat,Bhavnagar,"Vidhyanagar, Bhavnagar - Nexteng Enviro",16-08-2026 10:00:00,21.755417,72.139056,PM2.5,18,40,31
India,Gujarat,Bhavnagar,"Vidhyanagar, Bhavnagar - Nexteng Enviro",16-08-2026 10:00:00,21.755417,72.139056,PM10,47,80,60
India,Gujarat,Bhavnagar,"Vidhyanagar, Bhavnagar - Nexteng Enviro",16-08-2026 10:00:00,21.755417,72.139056,NH3,5,6,5
India,Gujarat,Gandhinagar,"GIFT City, Gandhinagar - IITM",16-08-2026 10:00:00,23.163798,72.677768,PM10,63,82,71
India,Gujarat,Gandhinagar,"GIFT City, Gandhinagar - IITM",16-08-2026 10:00:00,23.163798,72.677768,NH3,NA,NA,NA
India,Haryana,Gurugram,"Vikas Sadan, Gurugram - HSPCB",16-08-2026 10:00:00,28.4501238,77.0263051,PM2.5,57,120,78
India,Haryana,Jind,"Police Lines, Jind - HSPCB",16-08-2026 10:00:00,29.307814,76.337619,NO2,12,14,13
India,Haryana,Kaithal,"Rishi Nagar, Kaithal - HSPCB",16-08-2026 10:00:00,29.8006,76.4155,NO2,20,25,23
India,Haryana,Kaithal,"Rishi Nagar, Kaithal - HSPCB",16-08-2026 10:00:00,29.8006,76.4155,NH3,4,6,5
India,Haryana,Kaithal,"Rishi Nagar, Kaithal - HSPCB",16-08-2026 10:00:00,29.8006,76.4155,CO,15,21,19
India,Haryana,Karnal,"Sector-12, Karnal - HSPCB",16-08-2026 10:00:00,29.6953,77.0027,NH3,6,12,8
India,Haryana,Karnal,"Sector-12, Karnal - HSPCB",16-08-2026 10:00:00,29.6953,77.0027,CO,41,56,48
India,Haryana,Karnal,"Sector-12, Karnal - HSPCB",16-08-2026 10:00:00,29.6953,77.0027,OZONE,NA,NA,NA
India,Haryana,Mandikhera,"General Hospital, Mandikhera(Nuh) - HSPCB",16-08-2026 10:00:00,27.9002,76.9938,NH3,NA,NA,NA
India,Haryana,Mandikhera,"General Hospital, Mandikhera(Nuh) - HSPCB",16-08-2026 10:00:00,27.9002,76.9938,SO2,NA,NA,NA
India,Haryana,Mandikhera,"General Hospital, Mandikhera(Nuh) - HSPCB",16-08-2026 10:00:00,27.9002,76.9938,CO,49,50,49
India,Haryana,Manesar,"Sector-2 IMT, Manesar - HSPCB",16-08-2026 10:00:00,28.360699,76.93609,NO2,14,66,27
India,Delhi,Delhi,"Vivek Vihar, Delhi - DPCC",16-08-2026 10:00:00,28.672342,77.31526,CO,49,59,53
India,Delhi,Delhi,"IHBAS, Dilshad Garden, Delhi - CPCB",16-08-2026 10:00:00,28.6811736,77.3025234,SO2,NA,NA,NA
India,Delhi,Delhi,"Nehru Nagar, Delhi - DPCC",16-08-2026 10:00:00,28.56789,77.250515,NH3,7,9,8
India,Delhi,Delhi,"Patparganj, Delhi - DPCC",16-08-2026 10:00:00,28.623763,77.287209,NH3,10,12,11
India,Delhi,Delhi,"Jawaharlal Nehru Stadium, Delhi - DPCC",16-08-2026 10:00:00,28.58028,77.233829,SO2,9,17,13
India,Himachal Pradesh,Baddi,"HIMUDA Complex Phase-1, Baddi - HPPCB",16-08-2026 10:00:00,30.943887,76.801991,OZONE,2,25,11
India,Jammu and Kashmir,Srinagar,"Rajbagh, Srinagar - JKPCC",16-08-2026 10:00:00,34.066206,74.81982,NH3,9,9,9
India,Karnataka,Belgaum,"Ramteerth Nagar, Belgaum - KSPCB",16-08-2026 10:00:00,15.888653,74.541751,PM2.5,2,14,8
India,Karnataka,Belgaum,"Ramteerth Nagar, Belgaum - KSPCB",16-08-2026 10:00:00,15.888653,74.541751,PM10,3,19,10
India,Karnataka,Belgaum,"Ramteerth Nagar, Belgaum - KSPCB",16-08-2026 10:00:00,15.888653,74.541751,NH3,NA,NA,NA
India,Karnataka,Belgaum,"Ramteerth Nagar, Belgaum - KSPCB",16-08-2026 10:00:00,15.888653,74.541751,CO,6,7,7
India,Karnataka,Bengaluru,"Jigani, Bengaluru - KSPCB",16-08-2026 10:00:00,12.7816279,77.6299145,CO,35,37,36
India,Karnataka,Bengaluru,"City Railway Station, Bengaluru - KSPCB",16-08-2026 10:00:00,12.9756843,77.5660749,NO2,30,36,33
India,Karnataka,Bengaluru,"City Railway Station, Bengaluru - KSPCB",16-08-2026 10:00:00,12.9756843,77.5660749,SO2,12,13,13
India,Karnataka,Bengaluru,"Hombegowda Nagar, Bengaluru - KSPCB",16-08-2026 10:00:00,12.938539,77.5901,NH3,1,1,1
India,Karnataka,Bengaluru,"Hombegowda Nagar, Bengaluru - KSPCB",16-08-2026 10:00:00,12.938539,77.5901,SO2,3,12,6
India,Karnataka,Bengaluru,"Peenya, Bengaluru - CPCB",16-08-2026 10:00:00,13.0270199,77.494094,PM10,NA,NA,NA
India,Karnataka,Bengaluru,"Peenya, Bengaluru - CPCB",16-08-2026 10:00:00,13.0270199,77.494094,NO2,11,51,25
India,Karnataka,Bengaluru,"Peenya, Bengaluru - CPCB",16-08-2026 10:00:00,13.0270199,77.494094,OZONE,NA,NA,NA
India,Karnataka,Bengaluru,"Shivapura_Peenya, Bengaluru - KSPCB",16-08-2026 10:00:00,13.0246342,77.5080115,NO2,37,39,38
India,Karnataka,Bengaluru,"Shivapura_Peenya, Bengaluru - KSPCB",16-08-2026 10:00:00,13.0246342,77.5080115,SO2,3,3,3
India,Madhya Pradesh,Sagar,"Civil Lines, Sagar - MPPCB",16-08-2026 10:00:00,23.838586,78.759431,NH3,2,2,2
India,Madhya Pradesh,Sagar,"Civil Lines, Sagar - MPPCB",16-08-2026 10:00:00,23.838586,78.759431,CO,16,21,18
India,Madhya Pradesh,Satna,"Bandhavgar Colony, Satna - Birla Cement",16-08-2026 10:00:00,24.58434363,80.8549414,CO,12,19,15
India,Madhya Pradesh,Ujjain,"Mahashweta Nagar, Ujjain - MPPCB",16-08-2026 10:00:00,23.1633321,75.800225,PM10,56,90,69
India,Madhya Pradesh,Ujjain,"Mahashweta Nagar, Ujjain - MPPCB",16-08-2026 10:00:00,23.1633321,75.800225,SO2,2,5,4
India,Maharashtra,Ahmednagar,"Tarakpur, Ahmednagar - MPCB",16-08-2026 10:00:00,19.10122,74.73339,OZONE,10,21,15
India,Maharashtra,Akola,"Ramdaspeth, Akola - MPCB",16-08-2026 10:00:00,20.719516,77.000253,PM2.5,15,49,26
India,Maharashtra,Akola,"Ramdaspeth, Akola - MPCB",16-08-2026 10:00:00,20.719516,77.000253,PM10,27,61,39
India,Maharashtra,Akola,"Ramdaspeth, Akola - MPCB",16-08-2026 10:00:00,20.719516,77.000253,OZONE,8,13,10
India,Maharashtra,Amravati,"Shri Shivaji Science College, Amravati - MPCB",16-08-2026 10:00:00,20.939198,77.765701,CO,20,22,21
India,Maharashtra,Amravati,"Shivneri Colony, Amravati - MPCB",16-08-2026 10:00:00,20.9402359,77.7895248,PM10,21,40,30
India,Maharashtra,Amravati,"Shivneri Colony, Amravati - MPCB",16-08-2026 10:00:00,20.9402359,77.7895248,NO2,4,9,6
India,Maharashtra,Amravati,"Shivneri Colony, Amravati - MPCB",16-08-2026 10:00:00,20.9402359,77.7895248,CO,8,13,10
India,Maharashtra,Aurangabad,"MIDC Chilkalthana, Aurangabad - MPCB",16-08-2026 10:00:00,19.87562,75.38731,CO,24,29,26
India,Karnataka,Kalaburagi,"Mahatma Basaveswar Colony, Kalaburgi - KSPCB",16-08-2026 10:00:00,17.336318,76.847397,OZONE,4,4,4
India,Karnataka,Karwar,"KHB Colony, Karwar - KSPCB",16-08-2026 10:00:00,14.816666,74.141003,PM2.5,0,31,12
India,Karnataka,Karwar,"KHB Colony, Karwar - KSPCB",16-08-2026 10:00:00,14.816666,74.141003,PM10,3,37,17
India,Karnataka,Madikeri,"Stuart Hill, Madikeri - KSPCB",16-08-2026 10:00:00,12.415911,75.73505,PM10,3,27,16
India,Karnataka,Mangalore,"Kadri, Mangalore - KSPCB",16-08-2026 10:00:00,12.88925,74.853,SO2,NA,NA,NA
India,Karnataka,Mysuru,"Hebbal 1st Stage, Mysuru - KSPCB",16-08-2026 10:00:00,12.21041,76.37376,SO2,0,9,5
India,Karnataka,Yadgir,"Collector Office, Yadgir - KSPCB",16-08-2026 10:00:00,16.7602,77.1428,NO2,2,4,4
India,Kerala,Eloor,"Udyogamandal, Eloor - Kerala PCB",16-08-2026 10:00:00,10.073232,76.302765,CO,2,141,107
India,Kerala,Kannur,"Thavakkara, Kannur - Kerala PCB",16-08-2026 10:00:00,11.875,75.3732,PM2.5,72,80,76
India,Kerala,Kannur,"Thavakkara, Kannur - Kerala PCB",16-08-2026 10:00:00,11.875,75.3732,NO2,11,12,11
India,Kerala,Kannur,"Thavakkara, Kannur - Kerala PCB",16-08-2026 10:00:00,11.875,75.3732,SO2,0,0,0
India,Kerala,Thiruvananthapuram,"Plammoodu, Thiruvananthapuram - Kerala PCB",16-08-2026 10:00:00,8.5149093,76.9435879,PM2.5,11,31,23
India,Kerala,Thiruvananthapuram,"Plammoodu, Thiruvananthapuram - Kerala PCB",16-08-2026 10:00:00,8.5149093,76.9435879,PM10,17,46,35
India,Karnataka,Bengaluru,"Kasturi Nagar, Bengaluru - KSPCB",16-08-2026 10:00:00,13.003872,77.664217,PM2.5,59,61,60
India,Karnataka,Bengaluru,"Kasturi Nagar, Bengaluru - KSPCB",16-08-2026 10:00:00,13.003872,77.664217,NH3,3,3,3
India,Karnataka,Bengaluru,"Hebbal, Bengaluru - KSPCB",16-08-2026 10:00:00,13.029152,77.585901,OZONE,0,13,3
India,Karnataka,Chikkaballapur,"Chikkaballapur Rural, Chikkaballapur - KSPCB",16-08-2026 10:00:00,13.428828,77.731418,PM2.5,7,30,16
India,Karnataka,Chikkaballapur,"Chikkaballapur Rural, Chikkaballapur - KSPCB",16-08-2026 10:00:00,13.428828,77.731418,NH3,1,1,1
India,Karnataka,Chikkamagaluru,"Kalyana Nagara, Chikkamagaluru - KSPCB",16-08-2026 10:00:00,13.328028,75.797056,PM2.5,15,27,19
India,Karnataka,Chikkamagaluru,"Kalyana Nagara, Chikkamagaluru - KSPCB",16-08-2026 10:00:00,13.328028,75.797056,SO2,0,1,1
India,Karnataka,Davanagere,"Devaraj Urs Badavane, Davanagere - KSPCB",16-08-2026 10:00:00,14.4758,75.9052,PM2.5,2,180,46
India,Karnataka,Gadag,"Panchal Nagar, Gadag - KSPCB",16-08-2026 10:00:00,15.411456,75.638133,PM2.5,51,125,85
India,Karnataka,Gadag,"Panchal Nagar, Gadag - KSPCB",16-08-2026 10:00:00,15.411456,75.638133,NO2,17,25,20
India,Karnataka,Hubballi,"Lingaraj Nagar, Hubballi - KSPCB",16-08-2026 10:00:00,15.3714823,75.1160168,PM2.5,32,43,36
India,Karnataka,Hubballi,"Lingaraj Nagar, Hubballi - KSPCB",16-08-2026 10:00:00,15.3714823,75.1160168,NH3,1,2,1
India,Karnataka,Kalaburagi,"Mahatma Basaveswar Colony, Kalaburgi - KSPCB",16-08-2026 10:00:00,17.336318,76.847397,SO2,3,6,4
India,Kerala,Thiruvananthapuram,"Kariavattom, Thiruvananthapuram - Kerala PCB",16-08-2026 10:00:00,8.5637,76.8865,NO2,6,7,6
India,Kerala,Thiruvananthapuram,"Kariavattom, Thiruvananthapuram - Kerala PCB",16-08-2026 10:00:00,8.5637,76.8865,CO,19,23,21
India,Madhya Pradesh,Bhopal,"Idgah Hills, Bhopal - MPPCB",16-08-2026 10:00:00,23.264759,77.381568,PM2.5,23,40,30
India,Madhya Pradesh,Bhopal,"Idgah Hills, Bhopal - MPPCB",16-08-2026 10:00:00,23.264759,77.381568,NO2,8,22,14
India,Madhya Pradesh,Bhopal,"T T Nagar, Bhopal - MPPCB",16-08-2026 10:00:00,23.233584,77.400574,PM2.5,20,39,30
India,Madhya Pradesh,Bhopal,"T T Nagar, Bhopal - MPPCB",16-08-2026 10:00:00,23.233584,77.400574,CO,24,26,25
India,Madhya Pradesh,Damoh,"Shrivastav Colony, Damoh - MPPCB",16-08-2026 10:00:00,23.81748678,79.446246,SO2,41,59,49
India,Madhya Pradesh,Dewas,"Bhopal Chauraha, Dewas - MPPCB",16-08-2026 10:00:00,22.9682591,76.064118,NH3,1,2,2
India,Madhya Pradesh,Gwalior,"Maharaj Bada, Gwalior - MPPCB",16-08-2026 10:00:00,26.200388,78.147714,NO2,1,10,5
India,Madhya Pradesh,Gwalior,"Maharaj Bada, Gwalior - MPPCB",16-08-2026 10:00:00,26.200388,78.147714,SO2,3,15,7
India,Madhya Pradesh,Gwalior,"Maharaj Bada, Gwalior - MPPCB",16-08-2026 10:00:00,26.200388,78.147714,CO,28,44,35
India,Madhya Pradesh,Gwalior,"Maharaj Bada, Gwalior - MPPCB",16-08-2026 10:00:00,26.200388,78.147714,OZONE,49,56,52
India,Madhya Pradesh,Jabalpur,"Gupteshwar, Jabalpur - JMC",16-08-2026 10:00:00,23.142888,79.916147,PM10,20,41,26
India,Madhya Pradesh,Jabalpur,"Govindh Bhavan Colony, Jabalpur - JMC",16-08-2026 10:00:00,23.163174,79.973061,SO2,6,8,7
India,Madhya Pradesh,Jabalpur,"Suhagi, Jabalpur - JMC",16-08-2026 10:00:00,23.218135,79.95777,PM2.5,15,26,20
India,Madhya Pradesh,Jabalpur,"Suhagi, Jabalpur - JMC",16-08-2026 10:00:00,23.218135,79.95777,SO2,6,66,41
India,Madhya Pradesh,Maihar,"Sahilara, Maihar - KJS Cements",16-08-2026 10:00:00,24.2613009,80.7231783,PM10,NA,NA,NA
India,Madhya Pradesh,Maihar,"Sahilara, Maihar - KJS Cements",16-08-2026 10:00:00,24.2613009,80.7231783,CO,28,28,28
India,Madhya Pradesh,Mandideep,"Sector-D Industrial Area, Mandideep - MPPCB",16-08-2026 10:00:00,23.10844,77.511428,OZONE,22,29,24
India,Madhya Pradesh,Pithampur,"Sector-2 Industrial Area, Pithampur - MPPCB",16-08-2026 10:00:00,22.624758,75.675238,NH3,6,7,7
India,Madhya Pradesh,Pithampur,"Sector-2 Industrial Area, Pithampur - MPPCB",16-08-2026 10:00:00,22.624758,75.675238,OZONE,20,31,25
India,Madhya Pradesh,Ratlam,"Shasthri Nagar, Ratlam - IPCA Lab",16-08-2026 10:00:00,23.331731,75.045981,OZONE,NA,NA,NA
India,Maharashtra,Belapur,"CBD Belapur, Belapur - MPCB",16-08-2026 10:00:00,19.0243902,73.0406721,NO2,13,28,21
India,Maharashtra,Belapur,"CBD Belapur, Belapur - MPCB",16-08-2026 10:00:00,19.0243902,73.0406721,CO,28,34,31
India,Maharashtra,Bhiwandi,"Gokul Nagar, Bhiwandi - MPCB",16-08-2026 10:00:00,19.309073,73.057223,CO,18,33,29
India,Maharashtra,Boisar,"Khaira, Boisar - MPCB",16-08-2026 10:00:00,19.786089,72.757971,NH3,5,5,5
India,Maharashtra,Boisar,"Khaira, Boisar - MPCB",16-08-2026 10:00:00,19.786089,72.757971,SO2,5,6,6
India,Maharashtra,Chandrapur,"MIDC Khutala, Chandrapur - MPCB",16-08-2026 10:00:00,19.9775302,79.2337086,SO2,2,6,4
India,Maharashtra,Chandrapur,"MIDC Khutala, Chandrapur - MPCB",16-08-2026 10:00:00,19.9775302,79.2337086,CO,38,41,40
India,Maharashtra,Chandrapur,"Chauhan Colony, Chandrapur - MPCB",16-08-2026 10:00:00,19.9629,79.298714,SO2,9,10,10
India,Maharashtra,Chandrapur,"Chauhan Colony, Chandrapur - MPCB",16-08-2026 10:00:00,19.9629,79.298714,CO,24,25,24
India,Maharashtra,Chandrapur,"Chauhan Colony, Chandrapur - MPCB",16-08-2026 10:00:00,19.9629,79.298714,OZONE,7,9,8
India,Maharashtra,Dombivli,"Kalu Nagar, Dombivli - MPCB",16-08-2026 10:00:00,19.2268427,73.0788456,OZONE,NA,NA,NA
India,Madhya Pradesh,Gwalior,"City Center, Gwalior - MPPCB",16-08-2026 10:00:00,26.203442,78.193251,PM2.5,30,67,45
India,Madhya Pradesh,Gwalior,"City Center, Gwalior - MPPCB",16-08-2026 10:00:00,26.203442,78.193251,SO2,1,37,17
India,Madhya Pradesh,Gwalior,"Deen Dayal Nagar, Gwalior - MPPCB",16-08-2026 10:00:00,26.259242,78.216432,NH3,5,11,6
India,Madhya Pradesh,Gwalior,"Deen Dayal Nagar, Gwalior - MPPCB",16-08-2026 10:00:00,26.259242,78.216432,OZONE,9,95,69
India,Madhya Pradesh,Indore,"Regional Park, Indore - IMC",16-08-2026 10:00:00,22.678,75.8559,PM2.5,5,28,20
India,Madhya Pradesh,Indore,"Chhoti Gwaltoli, Indore - MPPCB",16-08-2026 10:00:00,22.431,75.5213,NH3,5,6,6
India,Madhya Pradesh,Indore,"Maguda Nagar, Indore - IMC",16-08-2026 10:00:00,22.7524,75.8872,SO2,16,17,17
India,Madhya Pradesh,Indore,"Maguda Nagar, Indore - IMC",16-08-2026 10:00:00,22.7524,75.8872,OZONE,10,11,11
India,Madhya Pradesh,Jabalpur,"Marhatal, Jabalpur - MPPCB",16-08-2026 10:00:00,23.168606,79.932247,PM2.5,7,35,17
India,Maharashtra,Jalna,"Old MIDC, Jalna - MPCB",16-08-2026 10:00:00,19.854616,75.905894,SO2,NA,NA,NA
India,Maharashtra,Jalna,"Old MIDC, Jalna - MPCB",16-08-2026 10:00:00,19.854616,75.905894,OZONE,37,50,42
India,Maharashtra,Kolhapur,"Shivaji University, Kolhapur - MPCB",16-08-2026 10:00:00,16.6870449,74.2505872,PM2.5,20,39,29
India,Maharashtra,Kolhapur,"Shivaji University, Kolhapur - MPCB",16-08-2026 10:00:00,16.6870449,74.2505872,NO2,3,18,11
India,Maharashtra,Kolhapur,"Shivaji University, Kolhapur - MPCB",16-08-2026 10:00:00,16.6870449,74.2505872,SO2,0,1,1
India,Maharashtra,Kolhapur,"Shivaji University, Kolhapur - MPCB",16-08-2026 10:00:00,16.6870449,74.2505872,OZONE,12,15,14
India,Maharashtra,Latur,"Sawe Wadi, Latur - MPCB",16-08-2026 10:00:00,18.39963,76.57452,NH3,1,13,4
India,Maharashtra,Latur,"Sawe Wadi, Latur - MPCB",16-08-2026 10:00:00,18.39963,76.57452,CO,7,14,10
India,Maharashtra,Latur,"Sawe Wadi, Latur - MPCB",16-08-2026 10:00:00,18.39963,76.57452,OZONE,14,22,17
India,Maharashtra,Mahad,"Kamble Tarf Birwadi, Mahad - MPCB",16-08-2026 10:00:00,18.1023399,73.4783687,PM2.5,11,49,23
India,Maharashtra,Satara,"Koyana Nagar, Satara - MPCB",16-08-2026 10:00:00,17.696651,74.003387,NH3,0,2,1
India,Maharashtra,Satara,"Koyana Nagar, Satara - MPCB",16-08-2026 10:00:00,17.696651,74.003387,OZONE,14,26,20
India,Maharashtra,Solapur,"Dnyaneshwar Nagar, Solapur - MPCB",16-08-2026 10:00:00,17.6336264,75.9132495,NO2,3,10,6
India,Maharashtra,Solapur,"Dnyaneshwar Nagar, Solapur - MPCB",16-08-2026 10:00:00,17.6336264,75.9132495,SO2,1,3,2
India,Maharashtra,Solapur,"Ratandeep Housing Society, Solapur - MPCB",16-08-2026 10:00:00,17.65439,75.90649,OZONE,7,18,13
India,Maharashtra,Thane,"Upvan Fort, Thane - MPCB",16-08-2026 10:00:00,19.222279,72.957979,OZONE,10,18,15
India,Maharashtra,Thane,"Kasarvadavali, Thane - MPCB",16-08-2026 10:00:00,19.26777,72.97182,SO2,6,7,7
India,Maharashtra,Ulhasnagar,"Sidhi Vinayak Nagar, Ulhasnagar - MPCB",16-08-2026 10:00:00,19.235581,73.159121,NO2,2,2,2
India,Maharashtra,Ulhasnagar,"Sidhi Vinayak Nagar, Ulhasnagar - MPCB",16-08-2026 10:00:00,19.235581,73.159121,NH3,0,1,0
India,Maharashtra,Ulhasnagar,"Vithalwadi, Ulhasnagar - MPCB",16-08-2026 10:00:00,19.2307571,73.155192,NO2,4,6,5
India,Maharashtra,Ulhasnagar,"Vithalwadi, Ulhasnagar - MPCB",16-08-2026 10:00:00,19.2307571,73.155192,CO,17,23,20
India,Maharashtra,Virar,"Bolinj, Virar - MPCB",16-08-2026 10:00:00,19.445821,72.7988231,PM2.5,14,30,20
India,Maharashtra,Virar,"Bolinj, Virar - MPCB",16-08-2026 10:00:00,19.445821,72.7988231,PM10,27,60,40
India,Maharashtra,Virar,"Bolinj, Virar - MPCB",16-08-2026 10:00:00,19.445821,72.7988231,NO2,17,30,23
India,Maharashtra,Virar,"Bolinj, Virar - MPCB",16-08-2026 10:00:00,19.445821,72.7988231,OZONE,22,23,23
India,Meghalaya,Byrnihat,"15th Mile-Nongthymmai, Byrnihat -Meghalaya PCB",16-08-2026 10:00:00,26.079047,91.875185,PM10,29,186,98
India,Meghalaya,Byrnihat,"15th Mile-Nongthymmai, Byrnihat -Meghalaya PCB",16-08-2026 10:00:00,26.079047,91.875185,CO,NA,NA,NA
India,Meghalaya,Shillong,"JN Stadium, Shillong - Meghalaya PCB",16-08-2026 10:00:00,25.5803419,91.8942571,PM10,8,31,16
India,Punjab,Jalandhar,"Civil Line, Jalandhar - PPCB",16-08-2026 10:00:00,31.321907,75.578914,PM2.5,39,88,59
India,Punjab,Khanna,"Kalal Majra, Khanna - PPCB",16-08-2026 10:00:00,30.736056,76.209694,PM10,63,71,66
India,Punjab,Khanna,"Kalal Majra, Khanna - PPCB",16-08-2026 10:00:00,30.736056,76.209694,NO2,25,30,28
India,Punjab,Khanna,"Kalal Majra, Khanna - PPCB",16-08-2026 10:00:00,30.736056,76.209694,OZONE,19,40,22
India,Punjab,Ludhiana,"Punjab Agricultural University, Ludhiana - PPCB",16-08-2026 10:00:00,30.9028,75.8086,PM2.5,41,259,95
India,Punjab,Ludhiana,"Punjab Agricultural University, Ludhiana - PPCB",16-08-2026 10:00:00,30.9028,75.8086,NH3,5,6,5
India,Punjab,Ludhiana,"Punjab Agricultural University, Ludhiana - PPCB",16-08-2026 10:00:00,30.9028,75.8086,SO2,6,21,14
India,Punjab,Ludhiana,"Punjab Agricultural University, Ludhiana - PPCB",16-08-2026 10:00:00,30.9028,75.8086,OZONE,59,75,66
India,Punjab,Mandi Gobindgarh,"RIMT University, Mandi Gobindgarh - PPCB",16-08-2026 10:00:00,30.649961,76.331442,PM2.5,2,214,121
India,Punjab,Mandi Gobindgarh,"RIMT University, Mandi Gobindgarh - PPCB",16-08-2026 10:00:00,30.649961,76.331442,NO2,24,25,24
India,Punjab,Patiala,"Model Town, Patiala - PPCB",16-08-2026 10:00:00,30.349388,76.366642,PM2.5,17,27,23
India,Punjab,Patiala,"Model Town, Patiala - PPCB",16-08-2026 10:00:00,30.349388,76.366642,SO2,0,17,9
India,Rajasthan,Ajmer,"Civil Lines,  Ajmer - RSPCB",16-08-2026 10:00:00,26.470859,74.646594,SO2,3,15,9
India,Rajasthan,Ajmer,"Civil Lines,  Ajmer - RSPCB",16-08-2026 10:00:00,26.470859,74.646594,OZONE,11,17,15
India,Rajasthan,Alwar,"Moti Doongri, Alwar - RSPCB",16-08-2026 10:00:00,27.554793,76.611536,CO,12,82,34
India,Rajasthan,Alwar,"Moti Doongri, Alwar - RSPCB",16-08-2026 10:00:00,27.554793,76.611536,OZONE,26,38,33
India,Rajasthan,Alwar,"Vigyan Nagar, Alwar - RSPCB",16-08-2026 10:00:00,27.598796,76.63861,NH3,13,25,18
India,Rajasthan,Banswara,"Rati Talai, Banswara - RSPCB",16-08-2026 10:00:00,23.55519,74.44001,OZONE,12,76,28
India,Maharashtra,Pimpri-Chinchwad,"Bhosari, Pune - IITM",16-08-2026 10:00:00,18.640051,73.848956,CO,30,61,41
India,Maharashtra,Pimpri-Chinchwad,"Thergaon, Pimpri Chinchwad - MPCB",16-08-2026 10:00:00,18.616318,73.765797,PM10,NA,NA,NA
India,Maharashtra,Pimpri-Chinchwad,"Thergaon, Pimpri Chinchwad - MPCB",16-08-2026 10:00:00,18.616318,73.765797,SO2,1,2,1
India,Maharashtra,Pimpri-Chinchwad,"Thergaon, Pimpri Chinchwad - MPCB",16-08-2026 10:00:00,18.616318,73.765797,OZONE,6,8,7
India,Maharashtra,Pimpri-Chinchwad,"Transport Nagar-Nigdi, Pune - IITM",16-08-2026 10:00:00,18.664282,73.763966,CO,31,41,38
India,Maharashtra,Pimpri-Chinchwad,"Park Street Wakad, Pimpri Chinchwad - MPCB",16-08-2026 10:00:00,18.59051,73.77946,PM2.5,22,39,29
India,Maharashtra,Pimpri-Chinchwad,"Park Street Wakad, Pimpri Chinchwad - MPCB",16-08-2026 10:00:00,18.59051,73.77946,NO2,6,23,14
India,Maharashtra,Pimpri-Chinchwad,"Savta Mali Nagar, Pimpri-Chinchwad - IITM",16-08-2026 10:00:00,18.614767,73.799516,PM10,31,77,49
India,Maharashtra,Pimpri-Chinchwad,"Savta Mali Nagar, Pimpri-Chinchwad - IITM",16-08-2026 10:00:00,18.614767,73.799516,NH3,NA,NA,NA
India,Maharashtra,Pimpri-Chinchwad,"Savta Mali Nagar, Pimpri-Chinchwad - IITM",16-08-2026 10:00:00,18.614767,73.799516,SO2,NA,NA,NA
India,Maharashtra,Pune,"Katraj Dairy, Pune - MPCB",16-08-2026 10:00:00,18.45445,73.854155,OZONE,10,10,10
India,Maharashtra,Pune,"Hadapsar, Pune - IITM",16-08-2026 10:00:00,18.501793,73.927532,PM2.5,23,78,46
India,Maharashtra,Pune,"Hadapsar, Pune - IITM",16-08-2026 10:00:00,18.501793,73.927532,SO2,NA,NA,NA
India,Maharashtra,Pune,"Mhada Colony, Pune - IITM",16-08-2026 10:00:00,18.57304,73.927715,CO,76,89,83
India,Maharashtra,Pune,"Dhankawadi, Pune - IITM",16-08-2026 10:00:00,18.459883,73.852193,SO2,NA,NA,NA
India,Maharashtra,Pune,"Panchawati_Pashan, Pune - IITM",16-08-2026 10:00:00,18.536457,73.805454,SO2,NA,NA,NA
India,Maharashtra,Pune,"Savitribai Phule Pune University, Pune - MPCB",16-08-2026 10:00:00,18.547056,73.826908,PM10,23,42,30
India,Maharashtra,Pune,"Savitribai Phule Pune University, Pune - MPCB",16-08-2026 10:00:00,18.547056,73.826908,NO2,3,10,6
India,Meghalaya,Shillong,"JN Stadium, Shillong - Meghalaya PCB",16-08-2026 10:00:00,25.5803419,91.8942571,SO2,20,25,23
India,Meghalaya,Shillong,"JN Stadium, Shillong - Meghalaya PCB",16-08-2026 10:00:00,25.5803419,91.8942571,OZONE,33,41,37
India,Meghalaya,Shillong,"Lumpyngngad, Shillong - Meghalaya PCB",16-08-2026 10:00:00,25.5586,91.8985,NH3,0,0,0
India,Meghalaya,Shillong,"Lumpyngngad, Shillong - Meghalaya PCB",16-08-2026 10:00:00,25.5586,91.8985,CO,6,8,7
India,Mizoram,Aizawl,"Sikulpuikawn, Aizawl - Mizoram PCB",16-08-2026 10:00:00,23.7176342,92.7192841,PM10,1,25,10
India,Mizoram,Aizawl,"Sikulpuikawn, Aizawl - Mizoram PCB",16-08-2026 10:00:00,23.7176342,92.7192841,SO2,14,15,14
India,Nagaland,Kohima,"PWD Junction, Kohima - NPCB",16-08-2026 10:00:00,25.6635413,94.0989878,NH3,0,1,1
India,Odisha,Angul,"Hakimapada, Angul - OSPCB",16-08-2026 10:00:00,20.832874,85.104082,OZONE,44,63,56
India,Odisha,Balasore,"Kalidaspur, Balasore - OSPCB",16-08-2026 10:00:00,21.51161,86.89088,PM2.5,2,60,30
India,Odisha,Balasore,"Kalidaspur, Balasore - OSPCB",16-08-2026 10:00:00,21.51161,86.89088,PM10,11,81,40
India,Odisha,Balasore,"Kalidaspur, Balasore - OSPCB",16-08-2026 10:00:00,21.51161,86.89088,CO,37,42,40
India,Odisha,Barbil,"Forest Office, Barbil - OSPCB",16-08-2026 10:00:00,22.1166054,85.3945546,SO2,5,13,8
India,Odisha,Barbil,"Forest Office, Barbil - OSPCB",16-08-2026 10:00:00,22.1166054,85.3945546,CO,9,14,11
India,Odisha,Bhubaneswar,"Lingraj Mandir, Bhubaneswar - OSPCB",16-08-2026 10:00:00,20.24079,85.836784,PM10,25,129,50
India,Odisha,Bhubaneswar,"Lingraj Mandir, Bhubaneswar - OSPCB",16-08-2026 10:00:00,20.24079,85.836784,NO2,6,41,18
India,Odisha,Byasanagar,"Ferro Chrome Colony, Byasanagar - OSPCB",16-08-2026 10:00:00,20.94185,86.1151,CO,38,45,41
India,Maharashtra,Mahad,"Kamble Tarf Birwadi, Mahad - MPCB",16-08-2026 10:00:00,18.1023399,73.4783687,CO,10,32,25
India,Maharashtra,Malegaon,"Mahesh Nagar, Malegaon - MPCB",16-08-2026 10:00:00,20.555712,74.529236,PM2.5,NA,NA,NA
India,Maharashtra,Malegaon,"Mahesh Nagar, Malegaon - MPCB",16-08-2026 10:00:00,20.555712,74.529236,NO2,NA,NA,NA
India,Maharashtra,Mira-Bhayandar,"Bhayandar West, Mira-Bhayandar - MPCB",16-08-2026 10:00:00,19.296481,72.840923,PM2.5,14,36,25
India,Maharashtra,Mira-Bhayandar,"Bhayandar West, Mira-Bhayandar - MPCB",16-08-2026 10:00:00,19.296481,72.840923,PM10,17,41,28
India,Maharashtra,Mira-Bhayandar,"Bhayandar West, Mira-Bhayandar - MPCB",16-08-2026 10:00:00,19.296481,72.840923,NO2,3,28,8
India,Maharashtra,Mira-Bhayandar,"Bhayandar West, Mira-Bhayandar - MPCB",16-08-2026 10:00:00,19.296481,72.840923,OZONE,8,10,9
India,Maharashtra,Mumbai,"Shivaji Nagar, Mumbai - BMC",16-08-2026 10:00:00,19.060498,72.923356,PM2.5,17,50,29
India,Maharashtra,Mumbai,"Shivaji Nagar, Mumbai - BMC",16-08-2026 10:00:00,19.060498,72.923356,CO,8,27,14
India,Maharashtra,Mumbai,"Siddharth Nagar-Worli, Mumbai - IITM",16-08-2026 10:00:00,19.000083,72.813993,PM10,20,58,39
India,Maharashtra,Mumbai,"Siddharth Nagar-Worli, Mumbai - IITM",16-08-2026 10:00:00,19.000083,72.813993,NO2,10,35,14
India,Maharashtra,Mumbai,"Kherwadi_Bandra East, Mumbai - MPCB",16-08-2026 10:00:00,19.0632143,72.8456324,NO2,NA,NA,NA
India,Maharashtra,Mumbai,"Kherwadi_Bandra East, Mumbai - MPCB",16-08-2026 10:00:00,19.0632143,72.8456324,OZONE,8,15,12
India,Maharashtra,Mumbai,"Byculla, Mumbai - BMC",16-08-2026 10:00:00,18.9767,72.838,SO2,3,8,5
India,Maharashtra,Mumbai,"Mindspace-Malad West, Mumbai - MPCB",16-08-2026 10:00:00,19.1878657,72.8304069,NH3,7,8,8
India,Maharashtra,Mumbai,"Mindspace-Malad West, Mumbai - MPCB",16-08-2026 10:00:00,19.1878657,72.8304069,SO2,5,5,5
India,Maharashtra,Mumbai,"Ghatkopar, Mumbai - BMC",16-08-2026 10:00:00,19.083694,72.920967,PM10,15,61,37
India,Maharashtra,Mumbai,"Ghatkopar, Mumbai - BMC",16-08-2026 10:00:00,19.083694,72.920967,NO2,2,305,80
India,Maharashtra,Mumbai,"Ghatkopar, Mumbai - BMC",16-08-2026 10:00:00,19.083694,72.920967,NH3,2,99,26
India,Maharashtra,Mumbai,"Ghatkopar, Mumbai - BMC",16-08-2026 10:00:00,19.083694,72.920967,SO2,0,3,1
India,Maharashtra,Mumbai,"Deonar, Mumbai - IITM",16-08-2026 10:00:00,19.04946,72.923,PM10,16,59,30
India,Maharashtra,Mumbai,"Deonar, Mumbai - IITM",16-08-2026 10:00:00,19.04946,72.923,NO2,4,12,8
India,Maharashtra,Mumbai,"Chhatrapati Shivaji Intl. Airport (T2), Mumbai - MPCB",16-08-2026 10:00:00,19.10078,72.87462,PM2.5,17,47,28
India,Maharashtra,Mumbai,"Chhatrapati Shivaji Intl. Airport (T2), Mumbai - MPCB",16-08-2026 10:00:00,19.10078,72.87462,NH3,1,1,1
India,Maharashtra,Nagpur,"Mahal, Nagpur - MPCB",16-08-2026 10:00:00,21.14472,79.107595,PM2.5,14,33,23
India,Maharashtra,Nagpur,"Mahal, Nagpur - MPCB",16-08-2026 10:00:00,21.14472,79.107595,CO,4,14,9
India,Maharashtra,Nagpur,"Ram Nagar, Nagpur - MPCB",16-08-2026 10:00:00,21.143383,79.048912,NH3,1,2,1
India,Maharashtra,Nagpur,"Opp GPO Civil Lines, Nagpur - MPCB",16-08-2026 10:00:00,21.152875,79.0517531,SO2,2,6,5
India,Maharashtra,Nagpur,"Opp GPO Civil Lines, Nagpur - MPCB",16-08-2026 10:00:00,21.152875,79.0517531,CO,12,26,18
India,Maharashtra,Nanded,"Sneh Nagar, Nanded - MPCB",16-08-2026 10:00:00,19.173852,77.296291,NH3,1,3,3
India,Maharashtra,Nanded,"Sneh Nagar, Nanded - MPCB",16-08-2026 10:00:00,19.173852,77.296291,CO,19,28,24
India,Maharashtra,Nashik,"Gangapur Road, Nashik - MPCB",16-08-2026 10:00:00,20.0073285,73.7762427,CO,26,27,26
India,Maharashtra,Mumbai,"Worli, Mumbai - MPCB",16-08-2026 10:00:00,18.9936162,72.8128113,NH3,NA,NA,NA
India,Maharashtra,Mumbai,"Mulund West, Mumbai - MPCB",16-08-2026 10:00:00,19.175,72.9419,NO2,13,13,13
India,Maharashtra,Mumbai,"Mulund West, Mumbai - MPCB",16-08-2026 10:00:00,19.175,72.9419,OZONE,NA,NA,NA
India,Maharashtra,Mumbai,"Chembur, Mumbai - MPCB",16-08-2026 10:00:00,19.0364585,72.8954371,PM2.5,9,25,19
India,Maharashtra,Mumbai,"Chembur, Mumbai - MPCB",16-08-2026 10:00:00,19.0364585,72.8954371,NO2,4,14,9
India,Maharashtra,Mumbai,"Kandivali West, Mumbai - BMC",16-08-2026 10:00:00,19.215859,72.831718,SO2,3,5,4
India,Maharashtra,Mumbai,"Kandivali West, Mumbai - BMC",16-08-2026 10:00:00,19.215859,72.831718,CO,5,9,6
India,Maharashtra,Mumbai,"Sewri, Mumbai - BMC",16-08-2026 10:00:00,19.000084,72.85673,OZONE,10,10,10
India,Maharashtra,Mumbai,"Khindipada-Bhandup West, Mumbai - IITM",16-08-2026 10:00:00,19.1653323,72.922099,SO2,6,10,8
India,Maharashtra,Mumbai,"Malad West, Mumbai - IITM",16-08-2026 10:00:00,19.19709,72.82204,CO,23,37,28
India,Maharashtra,Mumbai,"Borivali East, Mumbai - IITM",16-08-2026 10:00:00,19.23241,72.86895,NO2,9,25,16
India,Maharashtra,Mumbai,"Mazgaon, Mumbai - IITM",16-08-2026 10:00:00,18.96702,72.84214,CO,41,45,42
India,Maharashtra,Mumbai,"Chakala-Andheri East, Mumbai - IITM",16-08-2026 10:00:00,19.11074,72.86084,PM10,21,43,32
India,Maharashtra,Mumbai,"Chakala-Andheri East, Mumbai - IITM",16-08-2026 10:00:00,19.11074,72.86084,NO2,4,10,7
India,Odisha,Cuttack,"CDA Area, Cuttack - OSPCB",16-08-2026 10:00:00,20.48891,85.84768,CO,24,31,26
India,Odisha,Keonjhar,"Jagamohanpur, Keonjhar - OSPCB",16-08-2026 10:00:00,21.6439,85.599355,PM2.5,16,30,21
India,Odisha,Keonjhar,"Jagamohanpur, Keonjhar - OSPCB",16-08-2026 10:00:00,21.6439,85.599355,NO2,11,16,14
India,Odisha,Keonjhar,"Jagamohanpur, Keonjhar - OSPCB",16-08-2026 10:00:00,21.6439,85.599355,SO2,13,20,16
India,Odisha,Rairangpur,"Divisional Forest Office, Rairangpur - OSPCB",16-08-2026 10:00:00,22.265816,86.174829,NH3,3,3,3
India,Odisha,Rourkela,"Raghunathpali, Rourkela - OSPCB",16-08-2026 10:00:00,22.220833,84.809444,PM2.5,13,58,32
India,Puducherry,Puducherry,"Jawahar Nagar, Puducherry - PPCC",16-08-2026 10:00:00,11.9309,79.8027,PM10,24,55,39
India,Puducherry,Puducherry,"Jawahar Nagar, Puducherry - PPCC",16-08-2026 10:00:00,11.9309,79.8027,NH3,1,6,3
India,Puducherry,Puducherry,"Jawahar Nagar, Puducherry - PPCC",16-08-2026 10:00:00,11.9309,79.8027,OZONE,7,39,16
India,Punjab,Amritsar,"Golden Temple, Amritsar - PPCB",16-08-2026 10:00:00,31.62,74.876512,NO2,12,20,15
India,Punjab,Amritsar,"Golden Temple, Amritsar - PPCB",16-08-2026 10:00:00,31.62,74.876512,CO,30,34,32
India,Punjab,Amritsar,"Golden Temple, Amritsar - PPCB",16-08-2026 10:00:00,31.62,74.876512,OZONE,9,12,10
India,Punjab,Bathinda,"Hardev Nagar, Bathinda - PPCB",16-08-2026 10:00:00,30.233011,74.907758,CO,12,26,17
India,Maharashtra,Nashik,"MIDC Ambad, Nashik - MPCB",16-08-2026 10:00:00,19.95022,73.73148,PM10,19,43,30
India,Maharashtra,Nashik,"MIDC Ambad, Nashik - MPCB",16-08-2026 10:00:00,19.95022,73.73148,NH3,3,4,3
India,Maharashtra,Navi Mumbai,"Kopripada-Vashi, Navi Mumbai - MPCB",16-08-2026 10:00:00,19.090337,73.014232,OZONE,12,26,20
India,Maharashtra,Navi Mumbai,"Tondare-Taloja, Navi Mumbai - MPCB",16-08-2026 10:00:00,19.063,73.1209,NO2,7,12,9
India,Maharashtra,Navi Mumbai,"Tondare-Taloja, Navi Mumbai - MPCB",16-08-2026 10:00:00,19.063,73.1209,OZONE,10,10,10
India,Maharashtra,Navi Mumbai,"Sector-2E Kalamboli, Navi Mumbai - MPCB",16-08-2026 10:00:00,19.02579,73.10297,PM10,10,30,24
India,Maharashtra,Navi Mumbai,"Sector-2E Kalamboli, Navi Mumbai - MPCB",16-08-2026 10:00:00,19.02579,73.10297,NH3,3,13,7
India,Maharashtra,Navi Mumbai,"Mahape, Navi Mumbai - MPCB",16-08-2026 10:00:00,19.1135051,73.008978,NO2,42,44,43
India,Maharashtra,Navi Mumbai,"Mahape, Navi Mumbai - MPCB",16-08-2026 10:00:00,19.1135051,73.008978,NH3,1,1,1
India,Maharashtra,Parbhani,"Masoom Colony, Parbhani - MPCB",16-08-2026 10:00:00,19.265594,76.761463,NH3,1,2,1
India,Maharashtra,Pimpri-Chinchwad,"Gavalinagar, Pimpri Chinchwad - MPCB",16-08-2026 10:00:00,18.63673,73.82487,NH3,2,2,2
India,Maharashtra,Pimpri-Chinchwad,"Bhosari, Pune - IITM",16-08-2026 10:00:00,18.640051,73.848956,NO2,17,50,28
India,Rajasthan,Dholpur,"Raja Ganj, Dholpur - RSPCB",16-08-2026 10:00:00,26.699557,77.898881,OZONE,11,16,13
India,Rajasthan,Dungarpur,"Bhoiwada, Dungarpur - RSPCB",16-08-2026 10:00:00,23.837789,73.714926,CO,14,16,15
India,Rajasthan,Hanumangarh,"Housing Board, Hanumangarh - RSPCB",16-08-2026 10:00:00,29.61075,74.283608,PM2.5,13,41,28
India,Rajasthan,Hanumangarh,"Housing Board, Hanumangarh - RSPCB",16-08-2026 10:00:00,29.61075,74.283608,CO,35,42,38
India,Rajasthan,Hanumangarh,"Housing Board, Hanumangarh - RSPCB",16-08-2026 10:00:00,29.61075,74.283608,OZONE,21,35,31
India,Rajasthan,Jaipur,"Mansarovar Sector-12, Jaipur - RSPCB",16-08-2026 10:00:00,26.843698,75.766894,PM2.5,32,72,45
India,Rajasthan,Jaipur,"Sector-2 Murlipura, Jaipur - RSPCB",16-08-2026 10:00:00,26.960669,75.771817,NH3,4,19,7
India,Rajasthan,Jaipur,"Sector-2 Murlipura, Jaipur - RSPCB",16-08-2026 10:00:00,26.960669,75.771817,CO,40,70,50
India,Rajasthan,Jaipur,"Police Commissionerate, Jaipur - RSPCB",16-08-2026 10:00:00,26.9164092,75.7994901,PM10,59,96,76
India,Rajasthan,Jaipur,"Police Commissionerate, Jaipur - RSPCB",16-08-2026 10:00:00,26.9164092,75.7994901,NH3,34,72,45
India,Rajasthan,Jaipur,"Police Commissionerate, Jaipur - RSPCB",16-08-2026 10:00:00,26.9164092,75.7994901,OZONE,29,31,30
India,Rajasthan,Jaipur,"Shastri Nagar, Jaipur - RSPCB",16-08-2026 10:00:00,26.9502929,75.730943,SO2,5,30,17
India,Rajasthan,Jaipur,"Adarsh Nagar, Jaipur - RSPCB",16-08-2026 10:00:00,26.902909,75.836858,PM10,55,97,76
India,Rajasthan,Jaipur,"Adarsh Nagar, Jaipur - RSPCB",16-08-2026 10:00:00,26.902909,75.836858,OZONE,16,18,17
India,Rajasthan,Jalore,"Mudtra Sili, Jalore - RSPCB",16-08-2026 10:00:00,25.344694,72.626208,PM10,53,91,73
India,Rajasthan,Jalore,"Mudtra Sili, Jalore - RSPCB",16-08-2026 10:00:00,25.344694,72.626208,OZONE,23,28,25
India,Rajasthan,Jhalawar,"Rajlaxmi Nagar, Jhalawar - RSPCB",16-08-2026 10:00:00,24.588397,76.172782,NO2,15,32,22
India,Rajasthan,Jhalawar,"Rajlaxmi Nagar, Jhalawar - RSPCB",16-08-2026 10:00:00,24.588397,76.172782,SO2,7,12,9
India,Rajasthan,Jhalawar,"Rajlaxmi Nagar, Jhalawar - RSPCB",16-08-2026 10:00:00,24.588397,76.172782,CO,51,56,54
India,Telangana,Hyderabad,"ICRISAT Patancheru, Hyderabad - TSPCB",16-08-2026 10:00:00,17.5184,78.278777,SO2,6,20,11
India,Telangana,Hyderabad,"ICRISAT Patancheru, Hyderabad - TSPCB",16-08-2026 10:00:00,17.5184,78.278777,CO,9,13,12
India,Tripura,Agartala,"Bardowali, Agartala - Tripura SPCB",16-08-2026 10:00:00,23.8175497,91.2726974,PM10,25,56,37
India,Uttar Pradesh,Agra,"Rohta, Agra - UPPCB",16-08-2026 10:00:00,27.106972,78.000111,NH3,7,7,7
India,Uttar Pradesh,Agra,"Sector-3B Avas Vikas Colony, Agra - UPPCB",16-08-2026 10:00:00,27.19412,77.96237,NH3,7,35,24
India,Uttar Pradesh,Agra,"Shahjahan Garden, Agra - UPPCB",16-08-2026 10:00:00,27.169338,78.03582,NO2,24,29,26
India,Uttar Pradesh,Agra,"Shahjahan Garden, Agra - UPPCB",16-08-2026 10:00:00,27.169338,78.03582,OZONE,1,4,2
India,Uttar Pradesh,Agra,"Manoharpur, Agra - UPPCB",16-08-2026 10:00:00,27.23711,78.01936,PM10,60,107,77
India,Uttar Pradesh,Agra,"Manoharpur, Agra - UPPCB",16-08-2026 10:00:00,27.23711,78.01936,NO2,20,20,20
India,Uttar Pradesh,Agra,"Manoharpur, Agra - UPPCB",16-08-2026 10:00:00,27.23711,78.01936,OZONE,6,6,6
India,Uttar Pradesh,Agra,"Sanjay Palace, Agra - UPPCB",16-08-2026 10:00:00,27.19865833,78.00598056,NO2,6,9,8
India,Uttar Pradesh,Agra,"Sanjay Palace, Agra - UPPCB",16-08-2026 10:00:00,27.19865833,78.00598056,CO,28,31,29
India,Uttar Pradesh,Agra,"Shastripuram, Agra - UPPCB",16-08-2026 10:00:00,27.19862,77.92066,PM10,24,62,45
India,Uttar Pradesh,Agra,"Shastripuram, Agra - UPPCB",16-08-2026 10:00:00,27.19862,77.92066,SO2,17,34,26
India,Uttar Pradesh,Baghpat,"Sardar Patel Inter College, Baghpat - UPPCB",16-08-2026 10:00:00,28.964949,77.278761,SO2,8,15,11
India,Uttar Pradesh,Baraut,"Nagar Palika Parishad, Baraut - UPPCB",16-08-2026 10:00:00,29.09956,77.26235,PM2.5,46,177,111
India,Uttar Pradesh,Baraut,"Nagar Palika Parishad, Baraut - UPPCB",16-08-2026 10:00:00,29.09956,77.26235,PM10,42,118,88
India,Rajasthan,Baran,"Bamboliya, Baran - RSPCB",16-08-2026 10:00:00,25.106006,76.469948,OZONE,7,27,15
India,Rajasthan,Barmer,"Railway Colony, Barmer - RSPCB",16-08-2026 10:00:00,25.747299,71.393989,NH3,3,6,4
India,Rajasthan,Bharatpur,"Krishna Nagar, Bharatpur - RSPCB",16-08-2026 10:00:00,27.215415,77.50873,CO,18,28,22
India,Rajasthan,Bhilwara,"Pratap Nagar, Bhilwara - RSPCB",16-08-2026 10:00:00,25.339605,74.618883,PM10,32,152,97
India,Rajasthan,Bhilwara,"Pratap Nagar, Bhilwara - RSPCB",16-08-2026 10:00:00,25.339605,74.618883,SO2,4,9,5
India,Rajasthan,Bhilwara,"Pratap Nagar, Bhilwara - RSPCB",16-08-2026 10:00:00,25.339605,74.618883,CO,37,96,68
India,Rajasthan,Bhiwadi,"RIICO Ind. Area III, Bhiwadi - RSPCB",16-08-2026 10:00:00,28.194909,76.862296,NH3,7,24,14
India,Rajasthan,Bhiwadi,"RIICO Ind. Area III, Bhiwadi - RSPCB",16-08-2026 10:00:00,28.194909,76.862296,SO2,6,16,11
India,Rajasthan,Bikaner,"MM Ground, Bikaner - RSPCB",16-08-2026 10:00:00,28.018792,73.292658,NH3,1,1,1
India,Rajasthan,Chittorgarh,"Shastri Nagar, Chittorgarh - RSPCB",16-08-2026 10:00:00,24.892047,74.623527,SO2,5,8,7
India,Rajasthan,Chittorgarh,"Shastri Nagar, Chittorgarh - RSPCB",16-08-2026 10:00:00,24.892047,74.623527,CO,1,8,4
India,Rajasthan,Dausa,"Khatikan Mohalla, Dausa - RSPCB",16-08-2026 10:00:00,26.895552,76.334753,PM2.5,15,52,37
India,Rajasthan,Dausa,"Khatikan Mohalla, Dausa - RSPCB",16-08-2026 10:00:00,26.895552,76.334753,SO2,1,7,2
India,Rajasthan,Dholpur,"Raja Ganj, Dholpur - RSPCB",16-08-2026 10:00:00,26.699557,77.898881,PM2.5,NA,NA,NA
India,Rajasthan,Dholpur,"Raja Ganj, Dholpur - RSPCB",16-08-2026 10:00:00,26.699557,77.898881,CO,19,24,21
India,Rajasthan,Sri Ganganagar,"Old City, Sri Ganganagar - RSPCB",16-08-2026 10:00:00,29.931624,73.864511,PM2.5,28,85,41
India,Rajasthan,Sri Ganganagar,"Old City, Sri Ganganagar - RSPCB",16-08-2026 10:00:00,29.931624,73.864511,NH3,5,9,7
India,Rajasthan,Sri Ganganagar,"Old City, Sri Ganganagar - RSPCB",16-08-2026 10:00:00,29.931624,73.864511,SO2,1,6,4
India,Rajasthan,Tonk,"Shastri Nagar, Tonk - RSPCB",16-08-2026 10:00:00,26.159933,75.780517,PM10,63,127,95
India,Rajasthan,Tonk,"Shastri Nagar, Tonk - RSPCB",16-08-2026 10:00:00,26.159933,75.780517,OZONE,16,39,29
India,Rajasthan,Udaipur,"Ashok Nagar, Udaipur - RSPCB",16-08-2026 10:00:00,24.5886166,73.6321397,CO,9,36,18
India,Rajasthan,Udaipur,"Ashok Nagar, Udaipur - RSPCB",16-08-2026 10:00:00,24.5886166,73.6321397,OZONE,9,19,12
India,Sikkim,Gangtok,"Zero Point GICI, Gangtok - SSPCB",16-08-2026 10:00:00,27.33853,88.614099,CO,1,2,2
India,Tamil Nadu,Chennai,"Arumbakkam, Chennai - TNPCB",16-08-2026 10:00:00,13.0664,80.2112,PM2.5,18,47,28
India,Tamil Nadu,Chennai,"Arumbakkam, Chennai - TNPCB",16-08-2026 10:00:00,13.0664,80.2112,OZONE,NA,NA,NA
India,Tamil Nadu,Chennai,"Velachery Res. Area, Chennai - CPCB",16-08-2026 10:00:00,13.0052189,80.2398125,SO2,5,7,6
India,Tamil Nadu,Chennai,"Velachery Res. Area, Chennai - CPCB",16-08-2026 10:00:00,13.0052189,80.2398125,CO,NA,NA,NA
India,Tamil Nadu,Chennai,"Perungudi, Chennai - TNPCB",16-08-2026 10:00:00,12.9533,80.2357,SO2,1,8,4
India,Tamil Nadu,Chennai,"Manali Village, Chennai - TNPCB",16-08-2026 10:00:00,13.1662,80.2584,SO2,13,18,17
India,Rajasthan,Jhunjhunu,"Indra Nagar, Jhunjhunu - RSPCB",16-08-2026 10:00:00,28.108988,75.386577,NO2,2,13,5
India,Rajasthan,Jodhpur,"Digari Kalan, Jodhpur - RSPCB",16-08-2026 10:00:00,26.29581,73.082283,NH3,6,8,7
India,Rajasthan,Jodhpur,"Digari Kalan, Jodhpur - RSPCB",16-08-2026 10:00:00,26.29581,73.082283,OZONE,15,39,27
India,Rajasthan,Jodhpur,"Jhalamand, Jodhpur - RSPCB",16-08-2026 10:00:00,26.215415,73.070156,NO2,2,11,5
India,Rajasthan,Jodhpur,"Jhalamand, Jodhpur - RSPCB",16-08-2026 10:00:00,26.215415,73.070156,CO,9,46,27
India,Rajasthan,Jodhpur,"Collectorate, Jodhpur - RSPCB",16-08-2026 10:00:00,26.268249,73.0193853,PM2.5,37,59,48
India,Rajasthan,Jodhpur,"Collectorate, Jodhpur - RSPCB",16-08-2026 10:00:00,26.268249,73.0193853,OZONE,11,14,13
India,Rajasthan,Jodhpur,"Samrat Ashok Udhyan, Jodhpur - RSPCB",16-08-2026 10:00:00,26.253384,72.976571,PM2.5,37,52,42
India,Rajasthan,Karauli,"Satyawati Vihar, Karauli - RSPCB",16-08-2026 10:00:00,26.506177,77.025989,PM10,9,47,24
India,Rajasthan,Khairthal,"New Anaj Mandi, Khairthal - RSPCB",16-08-2026 10:00:00,27.8015617,76.6365217,SO2,1,6,3
India,Rajasthan,Kota,"Nayapura, Kota - RSPCB",16-08-2026 10:00:00,25.196024,75.855668,PM2.5,27,75,54
India,Rajasthan,Kota,"Nayapura, Kota - RSPCB",16-08-2026 10:00:00,25.196024,75.855668,NH3,4,5,5
India,Rajasthan,Kota,"Nayapura, Kota - RSPCB",16-08-2026 10:00:00,25.196024,75.855668,SO2,4,6,5
India,Rajasthan,Kota,"Nayapura, Kota - RSPCB",16-08-2026 10:00:00,25.196024,75.855668,OZONE,14,21,17
India,Telangana,Hyderabad,"Zoo Park, Hyderabad - TSPCB",16-08-2026 10:00:00,17.349694,78.451437,PM2.5,5,41,21
India,Telangana,Hyderabad,"Zoo Park, Hyderabad - TSPCB",16-08-2026 10:00:00,17.349694,78.451437,SO2,1,2,2
India,Telangana,Hyderabad,"Zoo Park, Hyderabad - TSPCB",16-08-2026 10:00:00,17.349694,78.451437,CO,31,53,39
India,Telangana,Hyderabad,"Nacharam_TSIIC IALA, Hyderabad - TSPCB",16-08-2026 10:00:00,17.429398,78.569354,OZONE,21,23,22
India,Telangana,Hyderabad,"New Malakpet, Hyderabad - TSPCB",16-08-2026 10:00:00,17.37206,78.50864,CO,19,31,22
India,Telangana,Hyderabad,"Kokapet, Hyderabad - TSPCB",16-08-2026 10:00:00,17.393559,78.339194,PM10,39,63,50
India,Telangana,Hyderabad,"ECIL Kapra, Hyderabad - TSPCB",16-08-2026 10:00:00,17.470431,78.566959,PM10,56,65,60
India,Telangana,Hyderabad,"Ramachandrapuram, Hyderabad - TSPCB",16-08-2026 10:00:00,17.528544,78.286195,PM10,57,72,63
India,Telangana,Hyderabad,"Ramachandrapuram, Hyderabad - TSPCB",16-08-2026 10:00:00,17.528544,78.286195,CO,9,11,10
India,Telangana,Hyderabad,"Sanathnagar, Hyderabad - TSPCB",16-08-2026 10:00:00,17.4559458,78.4332152,NO2,NA,NA,NA
India,Telangana,Hyderabad,"Sanathnagar, Hyderabad - TSPCB",16-08-2026 10:00:00,17.4559458,78.4332152,NH3,NA,NA,NA
India,Rajasthan,Nagaur,"Karni Colony, Nagaur - RSPCB",16-08-2026 10:00:00,27.213494,73.734444,SO2,3,9,4
India,Rajasthan,Nagaur,"Karni Colony, Nagaur - RSPCB",16-08-2026 10:00:00,27.213494,73.734444,OZONE,19,33,23
India,Rajasthan,Pratapgarh,"Pragati Nagar, Pratapgarh - RSPCB",16-08-2026 10:00:00,24.041198,74.780702,NH3,5,6,5
India,Rajasthan,Pratapgarh,"Pragati Nagar, Pratapgarh - RSPCB",16-08-2026 10:00:00,24.041198,74.780702,SO2,1,4,2
India,Rajasthan,Rajsamand,"Dhoinda, Rajsamand - RSPCB",16-08-2026 10:00:00,25.03636,73.883502,NH3,8,11,9
India,Rajasthan,Rajsamand,"Dhoinda, Rajsamand - RSPCB",16-08-2026 10:00:00,25.03636,73.883502,CO,13,14,14
India,Rajasthan,Sikar,"Radhakishan Pura, Sikar - RSPCB",16-08-2026 10:00:00,27.608912,75.153302,PM10,94,124,107
India,Rajasthan,Sikar,"Radhakishan Pura, Sikar - RSPCB",16-08-2026 10:00:00,27.608912,75.153302,OZONE,20,28,24
India,Uttar Pradesh,Bareilly,"Civil Lines, Bareilly - UPPCB",16-08-2026 10:00:00,28.359581,79.414455,NH3,1,14,5
India,Uttar Pradesh,Firozabad,"Nagla Bhau, Firozabad - UPPCB",16-08-2026 10:00:00,27.168897,78.37696,CO,25,28,27
India,Uttar Pradesh,Gajraula,"Rajanpur, Gajraula - UPPCB",16-08-2026 10:00:00,28.829109,78.248796,PM2.5,36,95,62
India,Uttar Pradesh,Gajraula,"Rajanpur, Gajraula - UPPCB",16-08-2026 10:00:00,28.829109,78.248796,NH3,1,2,2
India,Uttar Pradesh,Ghaziabad,"Indirapuram, Ghaziabad - UPPCB",16-08-2026 10:00:00,28.646233,77.358075,NO2,19,72,37
India,Tamil Nadu,Chennai,"Manali, Chennai - CPCB",16-08-2026 10:00:00,13.164544,80.26285,PM2.5,NA,NA,NA
India,Tamil Nadu,Gummidipoondi,"Anthoni Pillai Nagar, Gummidipoondi - TNPCB",16-08-2026 10:00:00,13.4127,80.1081,PM2.5,19,328,101
India,Tamil Nadu,Gummidipoondi,"Anthoni Pillai Nagar, Gummidipoondi - TNPCB",16-08-2026 10:00:00,13.4127,80.1081,NO2,14,30,21
India,Tamil Nadu,Thoothukudi,"Meelavittan, Thoothukudi - TNPCB",16-08-2026 10:00:00,8.816428,78.099039,SO2,4,17,11
India,Uttar Pradesh,Ghaziabad,"Loni, Ghaziabad - UPPCB",16-08-2026 10:00:00,28.757294,77.278792,NH3,2,5,3
India,Uttar Pradesh,Ghaziabad,"Govindpuram, Ghaziabad - UPPCB",16-08-2026 10:00:00,28.694528,77.494705,PM10,20,73,43
India,Uttar Pradesh,Greater Noida,"Knowledge Park - V, Greater Noida - UPPCB",16-08-2026 10:00:00,28.557054,77.453663,CO,2,13,8
India,Uttar Pradesh,Greater Noida,"Knowledge Park - V, Greater Noida - UPPCB",16-08-2026 10:00:00,28.557054,77.453663,OZONE,1,17,9
India,Uttar Pradesh,Greater Noida,"Knowledge Park - III, Greater Noida - UPPCB",16-08-2026 10:00:00,28.47272,77.482,PM2.5,18,225,56
India,Uttar Pradesh,Greater Noida,"Knowledge Park - III, Greater Noida - UPPCB",16-08-2026 10:00:00,28.47272,77.482,SO2,4,8,6
India,Uttar Pradesh,Hapur,"Anand Vihar, Hapur - UPPCB",16-08-2026 10:00:00,28.725645,77.749675,SO2,9,21,13
India,Uttar Pradesh,Jhansi,"Shivaji Nagar, Jhansi - UPPCB",16-08-2026 10:00:00,25.4547,78.6039,OZONE,5,7,6
India,Uttar Pradesh,Kanpur,"Nehru Nagar, Kanpur - UPPCB",16-08-2026 10:00:00,26.4703136,80.3229863,NH3,NA,NA,NA
India,Uttar Pradesh,Kanpur,"Nehru Nagar, Kanpur - UPPCB",16-08-2026 10:00:00,26.4703136,80.3229863,SO2,11,12,12
India,Uttar Pradesh,Khurja,"Kalindi Kunj, Khurja - UPPCB",16-08-2026 10:00:00,28.2348927,77.8683002,PM10,31,135,64
India,Uttar Pradesh,Lucknow,"Talkatora District Industries Center, Lucknow - CPCB",16-08-2026 10:00:00,26.83399722,80.8917361,PM2.5,12,33,21
India,Uttar Pradesh,Lucknow,"B R Ambedkar University, Lucknow - UPPCB",16-08-2026 10:00:00,26.766433,80.927299,NO2,11,12,12
India,Uttar Pradesh,Lucknow,"B R Ambedkar University, Lucknow - UPPCB",16-08-2026 10:00:00,26.766433,80.927299,CO,21,25,24
India,Uttar Pradesh,Lucknow,"Lalbagh, Lucknow - CPCB",16-08-2026 10:00:00,26.8458805,80.9365541,CO,2,41,22
India,Uttar Pradesh,Lucknow,"Kukrail Picnic Spot-1, Lucknow - UPPCB",16-08-2026 10:00:00,26.90723,80.98579,PM10,13,44,30
India,Uttar Pradesh,Lucknow,"Kukrail Picnic Spot-1, Lucknow - UPPCB",16-08-2026 10:00:00,26.90723,80.98579,NH3,6,6,6
India,Uttar Pradesh,Mathura,"Pali Dungra, Mathura - UPPCB",16-08-2026 10:00:00,27.410954,77.550619,PM10,24,88,51
India,Uttar Pradesh,Meerut,"Jai Bhim Nagar, Meerut - UPPCB",16-08-2026 10:00:00,28.9535882,77.7622941,NH3,11,13,12
India,Uttar Pradesh,Meerut,"MIET College, Meerut - UPPCB",16-08-2026 10:00:00,28.972677,77.641018,NO2,18,30,22
India,Uttar Pradesh,Meerut,"MIET College, Meerut - UPPCB",16-08-2026 10:00:00,28.972677,77.641018,NH3,3,5,4
India,Uttar Pradesh,Meerut,"MIET College, Meerut - UPPCB",16-08-2026 10:00:00,28.972677,77.641018,CO,34,69,51
India,Uttar Pradesh,Meerut,"Pallavpuram Phase 2, Meerut - UPPCB",16-08-2026 10:00:00,29.06351,77.709723,NH3,8,10,9
India,Uttar Pradesh,Meerut,"Pallavpuram Phase 2, Meerut - UPPCB",16-08-2026 10:00:00,29.06351,77.709723,OZONE,8,20,15
India,Uttar Pradesh,Meerut,"Ganga Nagar, Meerut - UPPCB",16-08-2026 10:00:00,28.999264,77.7590354,PM10,27,117,68
India,Uttar Pradesh,Meerut,"Ganga Nagar, Meerut - UPPCB",16-08-2026 10:00:00,28.999264,77.7590354,SO2,20,27,23
India,Uttar Pradesh,Meerut,"Ganga Nagar, Meerut - UPPCB",16-08-2026 10:00:00,28.999264,77.7590354,OZONE,24,43,35
India,Uttar Pradesh,Modinagar,"SRM University, Modinagar - UPPCB",16-08-2026 10:00:00,28.798171,77.540243,OZONE,3,7,5
India,Uttar Pradesh,Moradabad,"Eco Herbal Park, Moradabad - UPPCB",16-08-2026 10:00:00,28.840739,78.697531,NO2,12,21,16
India,Uttar Pradesh,Moradabad,"Eco Herbal Park, Moradabad - UPPCB",16-08-2026 10:00:00,28.840739,78.697531,SO2,4,13,9
India,Uttar Pradesh,Moradabad,"Jigar Colony, Moradabad - UPPCB",16-08-2026 10:00:00,28.856664,78.772638,PM10,34,67,50
India,Uttar Pradesh,Moradabad,"Jigar Colony, Moradabad - UPPCB",16-08-2026 10:00:00,28.856664,78.772638,SO2,33,70,43
India,Uttar Pradesh,Moradabad,"Transport Nagar, Moradabad - UPPCB",16-08-2026 10:00:00,28.802625,78.753728,PM10,37,96,62
India,Uttar Pradesh,Moradabad,"Transport Nagar, Moradabad - UPPCB",16-08-2026 10:00:00,28.802625,78.753728,NH3,5,5,5
India,Uttar Pradesh,Moradabad,"Kashiram Nagar, Moradabad - UPPCB",16-08-2026 10:00:00,28.849399,78.742362,SO2,10,19,14
India,Uttar Pradesh,Moradabad,"Kashiram Nagar, Moradabad - UPPCB",16-08-2026 10:00:00,28.849399,78.742362,OZONE,16,19,17
India,Uttar Pradesh,Moradabad,"Employment Office, Moradabad - UPPCB",16-08-2026 10:00:00,28.88528,78.7388,PM2.5,31,59,45
India,Uttar Pradesh,Muzaffarnagar,"New Mandi, Muzaffarnagar - UPPCB",16-08-2026 10:00:00,29.4723508,77.7194031,PM2.5,12,84,41
India,Uttar Pradesh,Muzaffarnagar,"New Mandi, Muzaffarnagar - UPPCB",16-08-2026 10:00:00,29.4723508,77.7194031,NH3,1,3,2
India,Uttar Pradesh,Noida,"Sector - 125, Noida - UPPCB",16-08-2026 10:00:00,28.5447608,77.3231257,NH3,5,9,9
India,Uttar Pradesh,Noida,"Sector-1, Noida - UPPCB",16-08-2026 10:00:00,28.5898,77.3101,NO2,9,71,30
India,Uttar Pradesh,Prayagraj,"Motilal Nehru NIT, Prayagraj - UPPCB",16-08-2026 10:00:00,25.494,81.863,NO2,12,12,12
India,Uttar Pradesh,Prayagraj,"Motilal Nehru NIT, Prayagraj - UPPCB",16-08-2026 10:00:00,25.494,81.863,NH3,8,8,8
India,Uttar Pradesh,Prayagraj,"Nagar Nigam, Prayagraj - UPPCB",16-08-2026 10:00:00,25.44919916,81.82735986,CO,13,17,14
India,Uttar Pradesh,Raebareli,"Anand Nagar, Raebareli - UPPCB",16-08-2026 10:00:00,26.219512,81.237648,OZONE,35,40,38
India,Uttar Pradesh,Raebareli," Indira Nagar, Raebareli - NTPC Unchahar",16-08-2026 10:00:00,26.207781,81.245571,NO2,15,24,19
India,Uttar Pradesh,Varanasi,"Bhelupur, Varanasi - UPPCB",16-08-2026 10:00:00,25.301778,82.996789,NO2,8,8,8
India,Uttar Pradesh,Varanasi,"Bhelupur, Varanasi - UPPCB",16-08-2026 10:00:00,25.301778,82.996789,NH3,1,1,1
India,Uttar Pradesh,Varanasi,"Maldahiya, Varanasi - UPPCB",16-08-2026 10:00:00,25.32393,82.99687,PM10,57,103,74
India,Uttar Pradesh,Varanasi,"Ardhali Bazar, Varanasi - UPPCB",16-08-2026 10:00:00,25.3505986,82.9083074,PM2.5,26,59,42
India,Uttar Pradesh,Varanasi,"Ardhali Bazar, Varanasi - UPPCB",16-08-2026 10:00:00,25.3505986,82.9083074,PM10,37,79,57
India,Uttar Pradesh,Varanasi,"IESD Banaras Hindu University, Varanasi - UPPCB",16-08-2026 10:00:00,25.262326,82.995408,NO2,2,2,2
India,Uttar Pradesh,Vrindavan,"Omex Eternity, Vrindavan - UPPCB",16-08-2026 10:00:00,27.571409,77.655757,SO2,26,28,27
India,Uttarakhand,Dehradun,"Doon University, Dehradun - UKPCB",16-08-2026 10:00:00,30.269444,78.044167,PM2.5,NA,NA,NA
India,Uttarakhand,Dehradun,"Doon University, Dehradun - UKPCB",16-08-2026 10:00:00,30.269444,78.044167,NO2,1,3,2
India,Uttarakhand,Dehradun,"Doon University, Dehradun - UKPCB",16-08-2026 10:00:00,30.269444,78.044167,OZONE,4,10,7
India,Uttarakhand,Kashipur,"Govt. Girls Inter College, Kashipur - UKPCB",16-08-2026 10:00:00,29.2124114,78.9611753,PM2.5,NA,NA,NA
India,Uttarakhand,Kashipur,"Govt. Girls Inter College, Kashipur - UKPCB",16-08-2026 10:00:00,29.2124114,78.9611753,PM10,NA,NA,NA
India,Uttarakhand,Kashipur,"Govt. Girls Inter College, Kashipur - UKPCB",16-08-2026 10:00:00,29.2124114,78.9611753,NH3,NA,NA,NA
India,Uttarakhand,Rishikesh,"Shivaji Nagar, Rishikesh - UKPCB",16-08-2026 10:00:00,30.075911,78.2859547,PM2.5,2,2,2
India,Uttarakhand,Rishikesh,"Shivaji Nagar, Rishikesh - UKPCB",16-08-2026 10:00:00,30.075911,78.2859547,NO2,7,7,7
India,Uttarakhand,Rishikesh,"Shivaji Nagar, Rishikesh - UKPCB",16-08-2026 10:00:00,30.075911,78.2859547,OZONE,5,14,9
India,West Bengal,Asansol,"Mahabir Colliery, Asansol - WBPCB",16-08-2026 10:00:00,23.618183,87.105718,PM2.5,6,66,29
India,West Bengal,Asansol,"Mahabir Colliery, Asansol - WBPCB",16-08-2026 10:00:00,23.618183,87.105718,NH3,0,2,0
India,West Bengal,Asansol,"Mahabir Colliery, Asansol - WBPCB",16-08-2026 10:00:00,23.618183,87.105718,CO,29,41,37
India,West Bengal,Asansol,"Trivenidevi Bhalotia College, Asansol - WBPCB",16-08-2026 10:00:00,23.616515,87.119133,PM2.5,4,50,20
India,West Bengal,Asansol,"Trivenidevi Bhalotia College, Asansol - WBPCB",16-08-2026 10:00:00,23.616515,87.119133,SO2,35,39,37
India,West Bengal,Asansol,"Trivenidevi Bhalotia College, Asansol - WBPCB",16-08-2026 10:00:00,23.616515,87.119133,CO,52,70,61
India,West Bengal,Barrackpore,"SVSPA Campus, Barrackpore - WBPCB",16-08-2026 10:00:00,22.7605581,88.3617589,PM2.5,13,27,18
India,West Bengal,Durgapur,"PCBL Residential Complex, Durgapur - WBPCB",16-08-2026 10:00:00,23.508764,87.35444,PM10,7,37,19
India,West Bengal,Durgapur,"PCBL Residential Complex, Durgapur - WBPCB",16-08-2026 10:00:00,23.508764,87.35444,NH3,0,1,1
India,West Bengal,Durgapur,"PCBL Residential Complex, Durgapur - WBPCB",16-08-2026 10:00:00,23.508764,87.35444,CO,25,30,27
India,West Bengal,Durgapur,"Mahishkapur Road_B-Zone, Durgapur - WBPCB",16-08-2026 10:00:00,23.567923,87.306843,PM10,6,33,19
India,West Bengal,Haldia,"Priyambada Housing Estate, Haldia - WBPCB",16-08-2026 10:00:00,22.06047,88.109737,NH3,4,5,4
India,West Bengal,Haldia,"Priyambada Housing Estate, Haldia - WBPCB",16-08-2026 10:00:00,22.06047,88.109737,SO2,12,13,12
India,West Bengal,Howrah,"Belur Math, Howrah - WBPCB",16-08-2026 10:00:00,22.629801,88.352017,NO2,10,17,12
India,West Bengal,Howrah,"Belur Math, Howrah - WBPCB",16-08-2026 10:00:00,22.629801,88.352017,OZONE,9,10,9
India,West Bengal,Howrah,"Botanical Garden, Howrah - WBPCB",16-08-2026 10:00:00,22.554954,88.292568,SO2,7,8,8
India,West Bengal,Howrah,"Botanical Garden, Howrah - WBPCB",16-08-2026 10:00:00,22.554954,88.292568,CO,7,9,8
India,West Bengal,Howrah,"Ghusuri, Howrah - WBPCB",16-08-2026 10:00:00,22.611968,88.347422,NH3,2,4,3
India,West Bengal,Howrah,"Ghusuri, Howrah - WBPCB",16-08-2026 10:00:00,22.611968,88.347422,CO,19,28,24
India,West Bengal,Kolkata,"Bidhannagar, Kolkata - WBPCB",16-08-2026 10:00:00,22.58157048,88.41002457,PM2.5,5,15,9
India,West Bengal,Kolkata,"Jadavpur, Kolkata - WBPCB",16-08-2026 10:00:00,22.49929,88.36917,PM2.5,24,41,31
India,West Bengal,Kolkata,"Fort William, Kolkata - WBPCB",16-08-2026 10:00:00,22.55664,88.342674,PM10,12,41,24
India,West Bengal,Kolkata,"Fort William, Kolkata - WBPCB",16-08-2026 10:00:00,22.55664,88.342674,NO2,15,21,17
India,West Bengal,Kolkata,"Rabindra Sarobar, Kolkata - WBPCB",16-08-2026 10:00:00,22.51106,88.35142,NO2,9,11,10
India,West Bengal,Kolkata,"Rabindra Sarobar, Kolkata - WBPCB",16-08-2026 10:00:00,22.51106,88.35142,NH3,6,6,6
India,West Bengal,Kolkata,"Rabindra Sarobar, Kolkata - WBPCB",16-08-2026 10:00:00,22.51106,88.35142,SO2,4,8,6
India,West Bengal,Kolkata,"Rabindra Sarobar, Kolkata - WBPCB",16-08-2026 10:00:00,22.51106,88.35142,CO,16,21,18
India,West Bengal,Kolkata,"Ballygunge, Kolkata - WBPCB",16-08-2026 10:00:00,22.5367507,88.3638022,PM2.5,19,23,21
India,West Bengal,Kolkata,"Ballygunge, Kolkata - WBPCB",16-08-2026 10:00:00,22.5367507,88.3638022,PM10,19,37,27
India,West Bengal,Kolkata,"Victoria, Kolkata - WBPCB",16-08-2026 10:00:00,22.5448082,88.3403691,NH3,7,8,8
India,West Bengal,Siliguri,"Ward-32 Bapupara, Siliguri - WBPCB",16-08-2026 10:00:00,26.6879226,88.4152495,PM2.5,19,38,27
India,Andhra Pradesh,Tirupati,"Vaikuntapuram, Tirupati - APPCB",16-08-2026 10:00:00,13.615387,79.40923,SO2,11,13,13
India,Andhra Pradesh,Tirupati,"Vaikuntapuram, Tirupati - APPCB",16-08-2026 10:00:00,13.615387,79.40923,OZONE,16,16,16
India,Andhra Pradesh,Vijayawada,"Rajiv Nagar, Vijayawada - APPCB",16-08-2026 10:00:00,16.554731,80.64911,NO2,NA,NA,NA
India,Andhra Pradesh,Vijayawada,"HB Colony, Vijayawada - APPCB",16-08-2026 10:00:00,16.536107,80.594233,CO,35,35,35
India,Andhra Pradesh,Vijayawada,"Rajiv Gandhi Park, Vijayawada - APPCB",16-08-2026 10:00:00,16.509717,80.612222,PM2.5,42,67,54
India,Andhra Pradesh,Vijayawada,"Rajiv Gandhi Park, Vijayawada - APPCB",16-08-2026 10:00:00,16.509717,80.612222,NO2,28,30,29
India,Andhra Pradesh,Visakhapatnam,"GVM Corporation, Visakhapatnam - APPCB",16-08-2026 10:00:00,17.72,83.3,PM2.5,3,87,27
India,Arunachal Pradesh,Naharlagun,"Naharlagun, Naharlagun - APSPCB",16-08-2026 10:00:00,27.103358,93.679645,NH3,1,1,1
India,Assam,Byrnihat,"Central Academy for SFS, Byrnihat - PCBA",16-08-2026 10:00:00,26.071318,91.87488,SO2,21,32,32
India,Assam,Guwahati,"IITG, Guwahati - PCBA",16-08-2026 10:00:00,26.2028636,91.70046436,NO2,0,3,1
India,Assam,Guwahati,"IITG, Guwahati - PCBA",16-08-2026 10:00:00,26.2028636,91.70046436,NH3,1,1,1
India,Assam,Guwahati,"Pan Bazaar, Guwahati - PCBA",16-08-2026 10:00:00,26.1875,91.744194,PM2.5,NA,NA,NA
India,Assam,Guwahati,"Pan Bazaar, Guwahati - PCBA",16-08-2026 10:00:00,26.1875,91.744194,NO2,1,2,2
India,Assam,Guwahati,"LGBI Airport, Guwahati - PCBA",16-08-2026 10:00:00,26.10887,91.589544,NO2,14,15,14
India,Assam,Guwahati,"LGBI Airport, Guwahati - PCBA",16-08-2026 10:00:00,26.10887,91.589544,NH3,3,4,4
India,Assam,Guwahati,"Railway Colony, Guwahati - PCBA",16-08-2026 10:00:00,26.181742,91.78063,SO2,0,4,2
India,Chhattisgarh,Raipur,"Krishak Nagar, Raipur - CECB",16-08-2026 10:00:00,21.237755,81.705301,NO2,2,6,3
India,Chhattisgarh,Raipur,"Bhatagaon New ISBT, Raipur - CECB",16-08-2026 10:00:00,21.219665,81.630094,NO2,1,1,1
India,Chhattisgarh,Raipur,"Bhatagaon New ISBT, Raipur - CECB",16-08-2026 10:00:00,21.219665,81.630094,NH3,2,2,2
India,Chhattisgarh,Tumidih,"OP Jindal Industrial Park, Tumidih - CECB",16-08-2026 10:00:00,22.06631475,83.33820077,NH3,1,2,2
India,Chhattisgarh,Tumidih,"OP Jindal Industrial Park, Tumidih - CECB",16-08-2026 10:00:00,22.06631475,83.33820077,CO,14,23,19
India,Delhi,Delhi,"ITO, Delhi - CPCB",16-08-2026 10:00:00,28.628624,77.24106,PM2.5,23,93,45
India,Delhi,Delhi,"ITO, Delhi - CPCB",16-08-2026 10:00:00,28.628624,77.24106,PM10,54,368,88
India,Delhi,Delhi,"Narela, Delhi - DPCC",16-08-2026 10:00:00,28.822836,77.101981,NH3,6,18,10
India,Delhi,Delhi,"Cantonment Area, Delhi - DPCC",16-08-2026 10:00:00,28.594169,77.1251,PM10,25,98,56
India,Delhi,Delhi,"Cantonment Area, Delhi - DPCC",16-08-2026 10:00:00,28.594169,77.1251,CO,55,79,64
India,Delhi,Delhi,"Major Dhyan Chand National Stadium, Delhi - DPCC",16-08-2026 10:00:00,28.611281,77.237738,CO,13,30,21
India,Delhi,Delhi,"Major Dhyan Chand National Stadium, Delhi - DPCC",16-08-2026 10:00:00,28.611281,77.237738,OZONE,5,19,12
India,Delhi,Delhi,"Sonia Vihar, Delhi - DPCC",16-08-2026 10:00:00,28.710508,77.249485,NH3,11,18,15
India,Delhi,Delhi,"Bawana, Delhi - DPCC",16-08-2026 10:00:00,28.7762,77.051074,PM10,74,131,103
India,Assam,Nalbari,"Bata Chowk, Nalbari - PCBA",16-08-2026 10:00:00,26.446912,91.439057,NH3,6,6,6
India,Assam,Silchar,"Tarapur, Silchar - PCBA",16-08-2026 10:00:00,24.82827,92.79525,NH3,1,1,1
India,Assam,Silchar,"Tarapur, Silchar - PCBA",16-08-2026 10:00:00,24.82827,92.79525,SO2,4,7,6
India,Assam,Sivasagar,"Girls College, Sivasagar - PCBA",16-08-2026 10:00:00,26.987634,94.636574,PM10,27,52,32
India,Bihar,Araria,"Kharahiya Basti, Araria - BSPCB",16-08-2026 10:00:00,26.146529,87.454184,PM10,23,103,49
India,Bihar,Arrah,"New DM Office, Arrah - BSPCB",16-08-2026 10:00:00,25.5626095,84.663264,PM2.5,33,42,35
India,Bihar,Arrah,"New DM Office, Arrah - BSPCB",16-08-2026 10:00:00,25.5626095,84.663264,NO2,5,9,7
India,Bihar,Arrah,"New DM Office, Arrah - BSPCB",16-08-2026 10:00:00,25.5626095,84.663264,NH3,2,2,2
India,Bihar,Begusarai,"Lohiyanagar, Begusarai - BSPCB",16-08-2026 10:00:00,25.42742023,86.13886079,PM2.5,13,68,46
India,Bihar,Begusarai,"Lohiyanagar, Begusarai - BSPCB",16-08-2026 10:00:00,25.42742023,86.13886079,PM10,27,121,88
India,Bihar,Bettiah,"Kamalnath Nagar, Bettiah - BSPCB",16-08-2026 10:00:00,26.80365,84.51954,NO2,21,35,28
India,Bihar,Bhagalpur,"Mayaganj, Bhagalpur - BSPCB",16-08-2026 10:00:00,25.265194,87.012947,CO,1,11,6
India,Andhra Pradesh,Guntur,"Rajendra Nagar North, Guntur - APPCB",16-08-2026 10:00:00,16.316553,80.413302,NO2,20,60,32
India,Andhra Pradesh,Kadapa,"Yerramukkapalli, Kadapa - APPCB",16-08-2026 10:00:00,14.465052,78.824187,PM10,47,58,54
India,Andhra Pradesh,Kadapa,"Yerramukkapalli, Kadapa - APPCB",16-08-2026 10:00:00,14.465052,78.824187,CO,19,22,21
India,Andhra Pradesh,Kakinada,"Rama Rao Peta, Kakinada - APPCB",16-08-2026 10:00:00,16.962488,82.229513,PM10,28,60,46
India,Andhra Pradesh,Kakinada,"Rama Rao Peta, Kakinada - APPCB",16-08-2026 10:00:00,16.962488,82.229513,NO2,24,77,46
India,Andhra Pradesh,Machilipatnam,"Srinivas Nagar Colony, Machilipatnam - APPCB",16-08-2026 10:00:00,16.186555,81.13219,PM10,44,57,55
India,Andhra Pradesh,Machilipatnam,"Srinivas Nagar Colony, Machilipatnam - APPCB",16-08-2026 10:00:00,16.186555,81.13219,NO2,17,23,18
India,Andhra Pradesh,Machilipatnam,"Srinivas Nagar Colony, Machilipatnam - APPCB",16-08-2026 10:00:00,16.186555,81.13219,NH3,5,5,5
India,Andhra Pradesh,Machilipatnam,"Srinivas Nagar Colony, Machilipatnam - APPCB",16-08-2026 10:00:00,16.186555,81.13219,CO,9,13,11
India,Andhra Pradesh,Nellore,"Ambedkar Nagar, Nellore - APPCB ",16-08-2026 10:00:00,14.438164,79.966814,CO,32,32,32
India,Andhra Pradesh,Rajamahendravaram,"Anand Kala Kshetram, Rajamahendravaram - APPCB",16-08-2026 10:00:00,16.9872867,81.7363176,CO,8,20,13
India,Chhattisgarh,Bhilai,"32Bungalows, Bhilai - CECB",16-08-2026 10:00:00,21.194815,81.31477,NO2,4,10,7
India,Chhattisgarh,Bhilai,"32Bungalows, Bhilai - CECB",16-08-2026 10:00:00,21.194815,81.31477,NH3,3,5,5
India,Chhattisgarh,Bhilai,"Civic Center, Bhilai - Bhilai Steel Plant",16-08-2026 10:00:00,21.185571,81.343175,PM2.5,3,17,7
India,Chhattisgarh,Bhilai,"Civic Center, Bhilai - Bhilai Steel Plant",16-08-2026 10:00:00,21.185571,81.343175,SO2,9,12,10
India,Chhattisgarh,Bhilai,"Civic Center, Bhilai - Bhilai Steel Plant",16-08-2026 10:00:00,21.185571,81.343175,CO,20,21,20
India,Chhattisgarh,Bhilai,"Hathkhoj, Bhilai - CECB",16-08-2026 10:00:00,21.224231,81.40835,NO2,7,19,13
India,Chhattisgarh,Korba,"Urja Nagar, Korba - CECB",16-08-2026 10:00:00,22.348441,82.549611,PM10,6,17,11
India,Chhattisgarh,Kunjemura,"OP Jindal School, Kunjemura - CECB",16-08-2026 10:00:00,22.12665,83.483212,NH3,2,2,2
India,Chhattisgarh,Milupara,"Govt. Higher Secondary School, Milupara - CECB",16-08-2026 10:00:00,22.1910172,83.5197009,PM2.5,2,32,14
India,Chhattisgarh,Milupara,"Govt. Higher Secondary School, Milupara - CECB",16-08-2026 10:00:00,22.1910172,83.5197009,PM10,3,52,16
India,Chhattisgarh,Milupara,"Govt. Higher Secondary School, Milupara - CECB",16-08-2026 10:00:00,22.1910172,83.5197009,SO2,13,18,15
India,Bihar,Patna,"Muradpur, Patna - BSPCB",16-08-2026 10:00:00,25.619651,85.147382,PM10,74,82,78
India,Bihar,Purnia,"Mariam Nagar, Purnia - BSPCB",16-08-2026 10:00:00,25.366336,87.117468,PM2.5,13,40,26
India,Bihar,Purnia,"Mariam Nagar, Purnia - BSPCB",16-08-2026 10:00:00,25.366336,87.117468,NO2,18,19,18
India,Bihar,Purnia,"Mariam Nagar, Purnia - BSPCB",16-08-2026 10:00:00,25.366336,87.117468,CO,56,57,56
India,Bihar,Purnia,"Mariam Nagar, Purnia - BSPCB",16-08-2026 10:00:00,25.366336,87.117468,OZONE,21,52,33
India,Bihar,Samastipur,"DM Office_Kasipur, Samastipur - BSPCB",16-08-2026 10:00:00,25.859655,85.77944,NH3,1,1,1
India,Bihar,Sasaram,"Dada Peer, Sasaram - BSPCB",16-08-2026 10:00:00,24.952822,84.002396,PM2.5,2,26,10
India,Bihar,Sasaram,"Dada Peer, Sasaram - BSPCB",16-08-2026 10:00:00,24.952822,84.002396,NH3,3,6,4
India,Bihar,Siwan,"Chitragupta Nagar, Siwan - BSPCB",16-08-2026 10:00:00,26.2271665,84.3570427,PM2.5,72,79,77
India,Chandigarh,Chandigarh,"Sector 22, Chandigarh - CPCC",16-08-2026 10:00:00,30.735567,76.775714,OZONE,3,8,5
India,Bihar,Buxar,"Charitra Van, Buxar - BSPCB",16-08-2026 10:00:00,25.56752,83.966379,NO2,9,10,9
India,Bihar,Chhapra,"Darshan Nagar, Chhapra - BSPCB",16-08-2026 10:00:00,25.7808257,84.7446768,PM2.5,90,97,94
India,Bihar,Gaya,"SFTI Kusdihra, Gaya - BSPCB",16-08-2026 10:00:00,24.762518,84.982348,PM10,26,37,32
India,Bihar,Gaya,"SFTI Kusdihra, Gaya - BSPCB",16-08-2026 10:00:00,24.762518,84.982348,SO2,7,9,8
India,Bihar,Gaya,"Kareemganj, Gaya - BSPCB",16-08-2026 10:00:00,24.792403,84.992416,PM10,20,200,97
India,Bihar,Hajipur,"Industrial Area, Hajipur - BSPCB",16-08-2026 10:00:00,25.697189,85.2459,CO,20,27,24
India,Bihar,Katihar,"Mirchaibari, Katihar - BSPCB",16-08-2026 10:00:00,25.560083,87.553265,PM2.5,25,45,32
India,Bihar,Manguraha,"Forest Rest House, Manguraha - BSPCB",16-08-2026 10:00:00,27.308328,84.531742,PM10,61,173,89
India,Bihar,Munger,"Town Hall, Munger - BSPCB",16-08-2026 10:00:00,25.376776,86.471523,OZONE,13,16,14
India,Bihar,Muzaffarpur,"Buddha Colony, Muzaffarpur - BSPCB",16-08-2026 10:00:00,26.11442,85.39813,PM2.5,25,56,42
India,Bihar,Muzaffarpur,"Buddha Colony, Muzaffarpur - BSPCB",16-08-2026 10:00:00,26.11442,85.39813,NO2,7,17,10
India,Bihar,Muzaffarpur,"Buddha Colony, Muzaffarpur - BSPCB",16-08-2026 10:00:00,26.11442,85.39813,NH3,8,13,10
India,Bihar,Muzaffarpur,"MIT-Daudpur Kothi, Muzaffarpur - BSPCB",16-08-2026 10:00:00,26.1403345,85.3650192,CO,18,21,19
India,Bihar,Patna,"Rajbansi Nagar, Patna - BSPCB",16-08-2026 10:00:00,25.599486,85.113666,CO,35,38,36
India,Bihar,Patna,"Rajbansi Nagar, Patna - BSPCB",16-08-2026 10:00:00,25.599486,85.113666,OZONE,26,28,27
India,Bihar,Patna,"Govt. High School Shikarpur, Patna - BSPCB",16-08-2026 10:00:00,25.592539,85.227158,SO2,12,13,12
India,Delhi,Delhi,"Bawana, Delhi - DPCC",16-08-2026 10:00:00,28.7762,77.051074,CO,30,30,30
India,Delhi,Delhi,"Okhla Phase-2, Delhi - DPCC",16-08-2026 10:00:00,28.530785,77.271255,NH3,4,8,6
India,Delhi,Delhi,"Okhla Phase-2, Delhi - DPCC",16-08-2026 10:00:00,28.530785,77.271255,OZONE,5,13,9
India,Delhi,Delhi,"Rohini, Delhi - DPCC",16-08-2026 10:00:00,28.732528,77.11992,NO2,0,7,2
India,Delhi,Delhi,"Vivek Vihar, Delhi - DPCC",16-08-2026 10:00:00,28.672342,77.31526,NH3,6,7,7
India,Delhi,Delhi,"Vivek Vihar, Delhi - DPCC",16-08-2026 10:00:00,28.672342,77.31526,OZONE,2,15,8
India,Delhi,Delhi,"IHBAS, Dilshad Garden, Delhi - CPCB",16-08-2026 10:00:00,28.6811736,77.3025234,PM10,NA,NA,NA
India,Delhi,Delhi,"IHBAS, Dilshad Garden, Delhi - CPCB",16-08-2026 10:00:00,28.6811736,77.3025234,NH3,NA,NA,NA
India,Delhi,Delhi,"IHBAS, Dilshad Garden, Delhi - CPCB",16-08-2026 10:00:00,28.6811736,77.3025234,OZONE,9,16,13
India,Andhra Pradesh,Anantapur,"Gulzarpet, Anantapur - APPCB",16-08-2026 10:00:00,14.675886,77.593027,CO,21,28,23
India,Delhi,Delhi,"R K Puram, Delhi - DPCC",16-08-2026 10:00:00,28.563262,77.186937,PM2.5,5,153,79
India,Gujarat,Ahmedabad,"SVPI Airport Hansol, Ahmedabad - IITM",16-08-2026 10:00:00,23.076793,72.627874,PM2.5,17,47,31
India,Gujarat,Ahmedabad,"SVPI Airport Hansol, Ahmedabad - IITM",16-08-2026 10:00:00,23.076793,72.627874,SO2,3,4,4
India,Gujarat,Ahmedabad,"Rakhial, Ahmedabad - IITM",16-08-2026 10:00:00,23.016834,72.625775,PM2.5,48,84,67
India,Gujarat,Ahmedabad,"Rakhial, Ahmedabad - IITM",16-08-2026 10:00:00,23.016834,72.625775,PM10,65,124,94
India,Gujarat,Ahmedabad,"Rakhial, Ahmedabad - IITM",16-08-2026 10:00:00,23.016834,72.625775,NO2,24,35,29
India,Gujarat,Ahmedabad,"Chandkheda, Ahmedabad - IITM",16-08-2026 10:00:00,23.107969,72.574648,PM10,55,90,66
India,Gujarat,Ahmedabad,"Chandkheda, Ahmedabad - IITM",16-08-2026 10:00:00,23.107969,72.574648,NH3,7,9,8
India,Gujarat,Ahmedabad,"SAC ISRO Satellite, Ahmedabad - IITM",16-08-2026 10:00:00,23.023389,72.515201,NH3,1,2,1
India,Gujarat,Ahmedabad,"SAC ISRO Satellite, Ahmedabad - IITM",16-08-2026 10:00:00,23.023389,72.515201,CO,3,8,5
India,Gujarat,Ahmedabad,"Raikhad, Ahmedabad - IITM",16-08-2026 10:00:00,23.020509,72.579261,CO,24,51,39
India,Gujarat,Ankleshwar,"GIDC, Ankleshwar - GPCB",16-08-2026 10:00:00,21.613267,73.010555,CO,32,49,39
India,Gujarat,Bhavnagar,"Vidhyanagar, Bhavnagar - Nexteng Enviro",16-08-2026 10:00:00,21.755417,72.139056,CO,59,60,59
India,Gujarat,Bhavnagar,"Vidhyanagar, Bhavnagar - Nexteng Enviro",16-08-2026 10:00:00,21.755417,72.139056,OZONE,16,22,18
India,Gujarat,Gandhinagar,"Sector-10, Gandhinagar - GPCB",16-08-2026 10:00:00,23.221714,72.654328,PM2.5,29,50,39
India,Gujarat,Gandhinagar,"Sector-10, Gandhinagar - GPCB",16-08-2026 10:00:00,23.221714,72.654328,NO2,5,7,5
India,Gujarat,Gandhinagar,"Sector-10, Gandhinagar - GPCB",16-08-2026 10:00:00,23.221714,72.654328,OZONE,2,4,3
India,Delhi,Delhi,"Commonwealth Sports Complex, Delhi - DPCC",16-08-2026 10:00:00,28.615828,77.271992,PM10,36,115,67
India,Delhi,Delhi,"Commonwealth Sports Complex, Delhi - DPCC",16-08-2026 10:00:00,28.615828,77.271992,CO,25,32,27
India,Delhi,Delhi,"Talkatora Garden, Delhi - DPCC",16-08-2026 10:00:00,28.62181,77.1944633,PM10,36,89,62
India,Delhi,Delhi,"Talkatora Garden, Delhi - DPCC",16-08-2026 10:00:00,28.62181,77.1944633,NO2,6,33,14
India,Delhi,Delhi,"Talkatora Garden, Delhi - DPCC",16-08-2026 10:00:00,28.62181,77.1944633,OZONE,9,12,10
India,Delhi,Delhi,"NSIT Dwarka, Delhi - CPCB",16-08-2026 10:00:00,28.60909,77.0325413,PM10,31,102,59
India,Delhi,Delhi,"Aya Nagar, Delhi - IITM",16-08-2026 10:00:00,28.4706914,77.1099364,NO2,15,26,20
India,Delhi,Delhi,"Aya Nagar, Delhi - IITM",16-08-2026 10:00:00,28.4706914,77.1099364,NH3,NA,NA,NA
India,Delhi,Delhi,"Aya Nagar, Delhi - IITM",16-08-2026 10:00:00,28.4706914,77.1099364,CO,22,27,23
India,Delhi,Delhi,"CRRI Mathura Road, Delhi - IITM",16-08-2026 10:00:00,28.5512005,77.2735737,PM10,60,177,99
India,Delhi,Delhi,"CRRI Mathura Road, Delhi - IITM",16-08-2026 10:00:00,28.5512005,77.2735737,SO2,NA,NA,NA
India,Delhi,Delhi,"CRRI Mathura Road, Delhi - IITM",16-08-2026 10:00:00,28.5512005,77.2735737,CO,7,14,11
India,Delhi,Delhi,"Burari Crossing, Delhi - IITM",16-08-2026 10:00:00,28.7256504,77.2011573,NO2,3,17,10
India,Delhi,Delhi,"IMD Lodhi Road, Delhi - IITM",16-08-2026 10:00:00,28.5918245,77.2273074,PM10,43,100,71
India,Delhi,Delhi,"JNU, Delhi - DPCC",16-08-2026 10:00:00,28.540721,77.168544,SO2,0,5,3
India,Delhi,Delhi,"Alipur, Delhi - DPCC",16-08-2026 10:00:00,28.815329,77.15301,PM10,37,156,74
India,Delhi,Delhi,"North Campus, DU, Delhi - IITM",16-08-2026 10:00:00,28.6573814,77.1585447,NH3,NA,NA,NA
India,Haryana,Bahadurgarh,"Arya Nagar, Bahadurgarh - HSPCB",16-08-2026 10:00:00,28.6701,76.9254,NH3,7,9,8
India,Haryana,Bahadurgarh,"Arya Nagar, Bahadurgarh - HSPCB",16-08-2026 10:00:00,28.6701,76.9254,SO2,7,8,8
India,Haryana,Ballabgarh,"Nathu Colony, Ballabgarh - HSPCB",16-08-2026 10:00:00,28.3419248,77.319699,CO,14,19,16
India,Haryana,Bhiwani,"H.B. Colony, Bhiwani - HSPCB",16-08-2026 10:00:00,28.806223,76.141105,PM2.5,NA,NA,NA
India,Haryana,Bhiwani,"H.B. Colony, Bhiwani - HSPCB",16-08-2026 10:00:00,28.806223,76.141105,CO,10,23,19
India,Haryana,Charkhi Dadri,"Mini Secretariat, Charkhi Dadri - HSPCB",16-08-2026 10:00:00,28.593883,76.270653,PM2.5,15,273,139
India,Haryana,Charkhi Dadri,"Mini Secretariat, Charkhi Dadri - HSPCB",16-08-2026 10:00:00,28.593883,76.270653,NH3,5,8,6
India,Haryana,Faridabad,"New Industrial Town, Faridabad - HSPCB",16-08-2026 10:00:00,28.39072,77.30059,PM2.5,53,81,61
India,Haryana,Faridabad,"New Industrial Town, Faridabad - HSPCB",16-08-2026 10:00:00,28.39072,77.30059,CO,18,25,22
India,Haryana,Faridabad,"Sector 11, Faridabad - HSPCB",16-08-2026 10:00:00,28.376058,77.315741,NO2,30,33,31
India,Haryana,Faridabad,"Sector 11, Faridabad - HSPCB",16-08-2026 10:00:00,28.376058,77.315741,NH3,8,9,9
India,Haryana,Faridabad,"Sector 30, Faridabad - HSPCB",16-08-2026 10:00:00,28.4417,77.3217,CO,24,27,25
India,Haryana,Fatehabad,"Huda Sector, Fatehabad - HSPCB",16-08-2026 10:00:00,29.503664,75.467934,CO,45,54,47
India,Haryana,Gurugram,"Teri Gram, Gurugram - HSPCB",16-08-2026 10:00:00,28.4275,77.1465,PM2.5,95,272,157
India,Gujarat,Gandhinagar,"IIPHG Lekawada, Gandhinagar - IITM",16-08-2026 10:00:00,23.243639,72.68994,NO2,3,11,6
India,Gujarat,Gandhinagar,"GIFT City, Gandhinagar - IITM",16-08-2026 10:00:00,23.163798,72.677768,OZONE,3,5,4
India,Gujarat,Mehsana,"Sadanand Nagar, Mehsana - Nexteng Enviro",16-08-2026 10:00:00,23.59315,72.372792,SO2,14,15,14
India,Gujarat,Mehsana,"Sadanand Nagar, Mehsana - Nexteng Enviro",16-08-2026 10:00:00,23.59315,72.372792,CO,44,46,45
India,Gujarat,Mehsana,"Sadanand Nagar, Mehsana - Nexteng Enviro",16-08-2026 10:00:00,23.59315,72.372792,OZONE,8,9,9
India,Gujarat,Nandesari,"GIDC, Nandesari - Nandesari Ind. Association",16-08-2026 10:00:00,22.410802,73.097923,CO,22,45,31
India,Gujarat,Rajkot,"Mavdi, Rajkot - Nexteng Enviro ",16-08-2026 10:00:00,22.248853,70.776774,PM2.5,8,73,41
India,Gujarat,Surat,"Science Center, Surat - SMC",16-08-2026 10:00:00,21.170046,72.795405,PM2.5,30,80,50
India,Gujarat,Surat,"Katargam, Surat - Nexteng Enviro",16-08-2026 10:00:00,21.217779,72.834787,PM2.5,3,65,32
India,Gujarat,Surat,"Katargam, Surat - Nexteng Enviro",16-08-2026 10:00:00,21.217779,72.834787,NO2,2,47,24
India,Gujarat,Surat,"Katargam, Surat - Nexteng Enviro",16-08-2026 10:00:00,21.217779,72.834787,NH3,1,1,1
India,Gujarat,Vadodara,"Bapunagar, Vadodara - Nexteng Enviro",16-08-2026 10:00:00,22.320153,73.216285,PM10,44,99,71
India,Gujarat,Vatva,"Phase-4 GIDC, Vatva - GPCB",16-08-2026 10:00:00,22.969611,72.6435,PM10,97,120,111
India,Delhi,Delhi,"Shadipur, Delhi - CPCB",16-08-2026 10:00:00,28.6514781,77.1473105,OZONE,28,38,32
India,Delhi,Delhi,"Mandir Marg, Delhi - DPCC",16-08-2026 10:00:00,28.636429,77.201067,CO,32,41,37
India,Delhi,Delhi,"Sirifort, Delhi - CPCB",16-08-2026 10:00:00,28.5504249,77.2159377,PM10,57,143,82
India,Delhi,Delhi,"Sirifort, Delhi - CPCB",16-08-2026 10:00:00,28.5504249,77.2159377,CO,8,36,20
India,Delhi,Delhi,"Chandni Chowk, Delhi - IITM",16-08-2026 10:00:00,28.656756,77.227234,CO,61,68,65
India,Delhi,Delhi,"Pusa, Delhi - IITM",16-08-2026 10:00:00,28.63611,77.173332,NO2,2,65,20
India,Delhi,Delhi,"DTU, Delhi - CPCB",16-08-2026 10:00:00,28.7500499,77.1112615,CO,4,11,8
India,Delhi,Delhi,"Dwarka-Sector 8, Delhi - DPCC ",16-08-2026 10:00:00,28.5710274,77.0719006,NO2,14,54,25
India,Delhi,Delhi,"IIT Delhi, Delhi - IITM",16-08-2026 10:00:00,28.54246,77.191651,OZONE,19,25,22
India,Delhi,Delhi,"IGI Airport (T3), Delhi - IITM",16-08-2026 10:00:00,28.5627763,77.1180053,NO2,11,62,31
India,Delhi,Delhi,"IGI Airport (T3), Delhi - IITM",16-08-2026 10:00:00,28.5627763,77.1180053,CO,27,38,32
India,Delhi,Delhi,"IGNOU_Maidan Garhi, Delhi - DPCC",16-08-2026 10:00:00,28.493624,77.201159,NO2,3,17,6
India,Delhi,Delhi,"IGNOU_Maidan Garhi, Delhi - DPCC",16-08-2026 10:00:00,28.493624,77.201159,NH3,4,9,6
India,Haryana,Yamuna Nagar,"Gobind Pura, Yamuna Nagar - HSPCB",16-08-2026 10:00:00,30.1480566,77.2893471,CO,30,52,40
India,Himachal Pradesh,Baddi,"HIMUDA Complex Phase-1, Baddi - HPPCB",16-08-2026 10:00:00,30.943887,76.801991,NH3,3,5,4
India,Himachal Pradesh,Baddi,"HIMUDA Complex Phase-1, Baddi - HPPCB",16-08-2026 10:00:00,30.943887,76.801991,SO2,NA,NA,NA
India,Karnataka,Bengaluru,"City Railway Station, Bengaluru - KSPCB",16-08-2026 10:00:00,12.9756843,77.5660749,NH3,NA,NA,NA
India,Karnataka,Bengaluru,"Jayanagar 5th Block, Bengaluru - KSPCB",16-08-2026 10:00:00,12.920984,77.584908,NO2,4,12,8
India,Karnataka,Bengaluru,"Jayanagar 5th Block, Bengaluru - KSPCB",16-08-2026 10:00:00,12.920984,77.584908,SO2,23,32,26
India,Karnataka,Bengaluru,"Jayanagar 5th Block, Bengaluru - KSPCB",16-08-2026 10:00:00,12.920984,77.584908,CO,4,9,7
India,Karnataka,Bengaluru,"Jayanagar 5th Block, Bengaluru - KSPCB",16-08-2026 10:00:00,12.920984,77.584908,OZONE,30,47,41
India,Karnataka,Bengaluru,"Hombegowda Nagar, Bengaluru - KSPCB",16-08-2026 10:00:00,12.938539,77.5901,CO,2,13,6
India,Karnataka,Bengaluru,"Peenya, Bengaluru - CPCB",16-08-2026 10:00:00,13.0270199,77.494094,PM2.5,10,10,10
India,Karnataka,Bengaluru,"Shivapura_Peenya, Bengaluru - KSPCB",16-08-2026 10:00:00,13.0246342,77.5080115,PM10,64,80,73
India,Haryana,Manesar,"Sector-2 IMT, Manesar - HSPCB",16-08-2026 10:00:00,28.360699,76.93609,CO,9,14,11
India,Haryana,Manesar,"Sector-2 IMT, Manesar - HSPCB",16-08-2026 10:00:00,28.360699,76.93609,OZONE,4,16,8
India,Haryana,Narnaul,"Shastri Nagar, Narnaul - HSPCB",16-08-2026 10:00:00,28.060249,76.113115,PM10,85,116,101
India,Haryana,Narnaul,"Shastri Nagar, Narnaul - HSPCB",16-08-2026 10:00:00,28.060249,76.113115,NH3,3,8,5
India,Haryana,Narnaul,"Shastri Nagar, Narnaul - HSPCB",16-08-2026 10:00:00,28.060249,76.113115,SO2,5,18,10
India,Haryana,Narnaul,"Shastri Nagar, Narnaul - HSPCB",16-08-2026 10:00:00,28.060249,76.113115,OZONE,39,41,40
India,Haryana,Panchkula,"Sector-6, Panchkula - HSPCB ",16-08-2026 10:00:00,30.7057778,76.8531805555555,PM2.5,41,76,53
India,Haryana,Rohtak,"MD University, Rohtak - HSPCB",16-08-2026 10:00:00,28.52123,76.37138,PM2.5,39,75,57
India,Haryana,Rohtak,"MD University, Rohtak - HSPCB",16-08-2026 10:00:00,28.52123,76.37138,NO2,7,10,9
India,Haryana,Sirsa,"F-Block, Sirsa - HSPCB",16-08-2026 10:00:00,29.5364,75.0158,PM2.5,24,46,34
India,Haryana,Sirsa,"F-Block, Sirsa - HSPCB",16-08-2026 10:00:00,29.5364,75.0158,PM10,63,113,87
India,Haryana,Sirsa,"F-Block, Sirsa - HSPCB",16-08-2026 10:00:00,29.5364,75.0158,SO2,1,32,18
India,Haryana,Sonipat,"Murthal, Sonipat - HSPCB",16-08-2026 10:00:00,29.0272,77.0621,CO,27,31,29
India,Delhi,Delhi,"Nehru Nagar, Delhi - DPCC",16-08-2026 10:00:00,28.56789,77.250515,PM2.5,3,227,67
India,Delhi,Delhi,"Patparganj, Delhi - DPCC",16-08-2026 10:00:00,28.623763,77.287209,PM2.5,3,60,28
India,Delhi,Delhi,"Patparganj, Delhi - DPCC",16-08-2026 10:00:00,28.623763,77.287209,SO2,0,5,2
India,Delhi,Delhi,"Patparganj, Delhi - DPCC",16-08-2026 10:00:00,28.623763,77.287209,CO,28,36,31
India,Delhi,Delhi,"Jawaharlal Nehru Stadium, Delhi - DPCC",16-08-2026 10:00:00,28.58028,77.233829,PM2.5,18,130,63
India,Delhi,Delhi,"Jawaharlal Nehru Stadium, Delhi - DPCC",16-08-2026 10:00:00,28.58028,77.233829,OZONE,30,30,30
India,Delhi,Delhi,"Najafgarh, Delhi - DPCC",16-08-2026 10:00:00,28.570173,76.933762,PM2.5,3,88,32
India,Delhi,Delhi,"Najafgarh, Delhi - DPCC",16-08-2026 10:00:00,28.570173,76.933762,NO2,11,26,14
India,Delhi,Delhi,"Wazirpur, Delhi - DPCC",16-08-2026 10:00:00,28.699793,77.165453,CO,4,11,7
India,Delhi,Delhi,"Ashok Vihar, Delhi - DPCC",16-08-2026 10:00:00,28.695381,77.181665,CO,45,49,46
India,Delhi,Delhi,"Anand Vihar, Delhi - DPCC",16-08-2026 10:00:00,28.647622,77.315809,SO2,6,31,19
India,Haryana,Gurugram,"NISE Gwal Pahari, Gurugram - IITM",16-08-2026 10:00:00,28.422681,77.148944,PM2.5,22,105,52
India,Haryana,Gurugram,"NISE Gwal Pahari, Gurugram - IITM",16-08-2026 10:00:00,28.422681,77.148944,SO2,NA,NA,NA
India,Haryana,Gurugram,"Sector-51, Gurugram - HSPCB",16-08-2026 10:00:00,28.4227,77.0667,CO,11,14,12
India,Haryana,Hisar,"Urban Estate-II, Hisar - HSPCB",16-08-2026 10:00:00,29.14056,75.744941,PM10,44,79,63
India,Haryana,Jind,"Police Lines, Jind - HSPCB",16-08-2026 10:00:00,29.307814,76.337619,PM2.5,28,53,42
India,Haryana,Kaithal,"Rishi Nagar, Kaithal - HSPCB",16-08-2026 10:00:00,29.8006,76.4155,PM10,37,101,74
India,Haryana,Karnal,"Sector-12, Karnal - HSPCB",16-08-2026 10:00:00,29.6953,77.0027,SO2,12,13,12
India,Haryana,Kurukshetra,"Sector-7, Kurukshetra - HSPCB",16-08-2026 10:00:00,29.966942,76.875879,SO2,2,24,8
India,Maharashtra,Aurangabad,"More Chowk Waluj, Aurangabad - MPCB",16-08-2026 10:00:00,19.8389439,75.244448,NH3,7,8,7
India,Maharashtra,Aurangabad,"More Chowk Waluj, Aurangabad - MPCB",16-08-2026 10:00:00,19.8389439,75.244448,SO2,22,30,26
India,Maharashtra,Badlapur,"Katrap, Badlapur - MPCB",16-08-2026 10:00:00,19.16485,73.23409,PM10,3,12,6
India,Maharashtra,Badlapur,"Katrap, Badlapur - MPCB",16-08-2026 10:00:00,19.16485,73.23409,OZONE,4,4,4
India,Maharashtra,Beed,"Bir, Beed - MPCB",16-08-2026 10:00:00,18.988474,75.753873,PM10,14,39,27
India,Maharashtra,Beed,"Bir, Beed - MPCB",16-08-2026 10:00:00,18.988474,75.753873,NO2,3,18,9
India,Maharashtra,Belapur,"CBD Belapur, Belapur - MPCB",16-08-2026 10:00:00,19.0243902,73.0406721,NH3,1,2,2
India,Maharashtra,Belapur,"CBD Belapur, Belapur - MPCB",16-08-2026 10:00:00,19.0243902,73.0406721,OZONE,9,11,10
India,Maharashtra,Boisar,"Khaira, Boisar - MPCB",16-08-2026 10:00:00,19.786089,72.757971,PM10,29,46,39
India,Maharashtra,Boisar,"Khaira, Boisar - MPCB",16-08-2026 10:00:00,19.786089,72.757971,NO2,1,23,8
India,Maharashtra,Chandrapur,"MIDC Khutala, Chandrapur - MPCB",16-08-2026 10:00:00,19.9775302,79.2337086,PM2.5,34,40,39
India,Maharashtra,Chandrapur,"Chauhan Colony, Chandrapur - MPCB",16-08-2026 10:00:00,19.9629,79.298714,PM2.5,12,38,26
India,Maharashtra,Chandrapur,"Chauhan Colony, Chandrapur - MPCB",16-08-2026 10:00:00,19.9629,79.298714,NO2,11,13,12
India,Maharashtra,Dhule,"Deopur, Dhule - MPCB",16-08-2026 10:00:00,20.918946,74.776388,PM2.5,16,34,24
India,Maharashtra,Dhule,"Deopur, Dhule - MPCB",16-08-2026 10:00:00,20.918946,74.776388,OZONE,4,6,5
India,Maharashtra,Dombivli,"Kalu Nagar, Dombivli - MPCB",16-08-2026 10:00:00,19.2268427,73.0788456,NO2,8,25,15
India,Maharashtra,Dombivli,"Kalu Nagar, Dombivli - MPCB",16-08-2026 10:00:00,19.2268427,73.0788456,NH3,NA,NA,NA
India,Maharashtra,Hingoli,"Ashta Vinayak Nagar, Hingoli - MPCB",16-08-2026 10:00:00,19.710842,77.151824,PM2.5,6,43,25
India,Kerala,Kannur,"Thavakkara, Kannur - Kerala PCB",16-08-2026 10:00:00,11.875,75.3732,OZONE,27,28,28
India,Kerala,Thiruvananthapuram,"Plammoodu, Thiruvananthapuram - Kerala PCB",16-08-2026 10:00:00,8.5149093,76.9435879,NH3,1,1,1
India,Kerala,Thiruvananthapuram,"Plammoodu, Thiruvananthapuram - Kerala PCB",16-08-2026 10:00:00,8.5149093,76.9435879,SO2,7,18,14
India,Kerala,Thiruvananthapuram,"Plammoodu, Thiruvananthapuram - Kerala PCB",16-08-2026 10:00:00,8.5149093,76.9435879,OZONE,14,16,15
India,Kerala,Thiruvananthapuram,"Kariavattom, Thiruvananthapuram - Kerala PCB",16-08-2026 10:00:00,8.5637,76.8865,PM10,26,136,71
India,Ladakh,Leh,"Skara Yokma, Leh - LPCC",16-08-2026 10:00:00,34.147096,77.55709,SO2,9,10,10
India,Ladakh,Leh,"Skara Yokma, Leh - LPCC",16-08-2026 10:00:00,34.147096,77.55709,OZONE,0,95,40
India,Madhya Pradesh,Bhopal,"Idgah Hills, Bhopal - MPPCB",16-08-2026 10:00:00,23.264759,77.381568,CO,7,21,11
India,Madhya Pradesh,Bhopal,"T T Nagar, Bhopal - MPPCB",16-08-2026 10:00:00,23.233584,77.400574,NH3,5,6,6
India,Madhya Pradesh,Dewas,"Bhopal Chauraha, Dewas - MPPCB",16-08-2026 10:00:00,22.9682591,76.064118,PM10,54,103,78
India,Madhya Pradesh,Dewas,"Bhopal Chauraha, Dewas - MPPCB",16-08-2026 10:00:00,22.9682591,76.064118,OZONE,43,136,56
India,Madhya Pradesh,Gwalior,"Maharaj Bada, Gwalior - MPPCB",16-08-2026 10:00:00,26.200388,78.147714,PM2.5,20,200,73
India,Madhya Pradesh,Gwalior,"Maharaj Bada, Gwalior - MPPCB",16-08-2026 10:00:00,26.200388,78.147714,PM10,19,129,65
India,Madhya Pradesh,Gwalior,"Maharaj Bada, Gwalior - MPPCB",16-08-2026 10:00:00,26.200388,78.147714,NH3,0,1,0
India,Madhya Pradesh,Jabalpur,"Marhatal, Jabalpur - MPPCB",16-08-2026 10:00:00,23.168606,79.932247,CO,36,53,40
India,Madhya Pradesh,Jabalpur,"Marhatal, Jabalpur - MPPCB",16-08-2026 10:00:00,23.168606,79.932247,OZONE,16,20,18
India,Madhya Pradesh,Jabalpur,"Govindh Bhavan Colony, Jabalpur - JMC",16-08-2026 10:00:00,23.163174,79.973061,PM2.5,12,25,16
India,Madhya Pradesh,Jabalpur,"Suhagi, Jabalpur - JMC",16-08-2026 10:00:00,23.218135,79.95777,PM10,37,51,41
India,Madhya Pradesh,Jabalpur,"Suhagi, Jabalpur - JMC",16-08-2026 10:00:00,23.218135,79.95777,NH3,5,5,5
India,Madhya Pradesh,Jabalpur,"Suhagi, Jabalpur - JMC",16-08-2026 10:00:00,23.218135,79.95777,OZONE,23,30,27
India,Madhya Pradesh,Katni,"Gole Bazar, Katni - MPPCB",16-08-2026 10:00:00,23.50016,80.23284,PM10,14,55,23
India,Madhya Pradesh,Katni,"Gole Bazar, Katni - MPPCB",16-08-2026 10:00:00,23.50016,80.23284,NH3,2,2,2
India,Madhya Pradesh,Katni,"Gole Bazar, Katni - MPPCB",16-08-2026 10:00:00,23.50016,80.23284,SO2,12,37,27
India,Madhya Pradesh,Katni,"Gole Bazar, Katni - MPPCB",16-08-2026 10:00:00,23.50016,80.23284,OZONE,12,18,15
India,Madhya Pradesh,Maihar,"Sahilara, Maihar - KJS Cements",16-08-2026 10:00:00,24.2613009,80.7231783,SO2,12,12,12
India,Madhya Pradesh,Mandideep,"Sector-D Industrial Area, Mandideep - MPPCB",16-08-2026 10:00:00,23.10844,77.511428,NO2,20,25,23
India,Madhya Pradesh,Pithampur,"Sector-2 Industrial Area, Pithampur - MPPCB",16-08-2026 10:00:00,22.624758,75.675238,PM2.5,50,95,73
India,Madhya Pradesh,Ratlam,"Shasthri Nagar, Ratlam - IPCA Lab",16-08-2026 10:00:00,23.331731,75.045981,SO2,11,13,12
India,Madhya Pradesh,Sagar,"Civil Lines, Sagar - MPPCB",16-08-2026 10:00:00,23.838586,78.759431,OZONE,30,37,33
India,Madhya Pradesh,Ujjain,"Mahashweta Nagar, Ujjain - MPPCB",16-08-2026 10:00:00,23.1633321,75.800225,OZONE,32,43,37
India,Maharashtra,Ahmednagar,"Tarakpur, Ahmednagar - MPCB",16-08-2026 10:00:00,19.10122,74.73339,PM2.5,5,25,13
India,Maharashtra,Ahmednagar,"Tarakpur, Ahmednagar - MPCB",16-08-2026 10:00:00,19.10122,74.73339,NH3,0,9,5
India,Maharashtra,Ambernath,"Chinchpada, Ambernath - MPCB",16-08-2026 10:00:00,19.215784,73.199781,PM10,11,98,60
India,Maharashtra,Ambernath,"Chinchpada, Ambernath - MPCB",16-08-2026 10:00:00,19.215784,73.199781,NO2,7,19,13
India,Maharashtra,Ambernath,"Chinchpada, Ambernath - MPCB",16-08-2026 10:00:00,19.215784,73.199781,NH3,NA,NA,NA
India,Maharashtra,Ambernath,"Chinchpada, Ambernath - MPCB",16-08-2026 10:00:00,19.215784,73.199781,OZONE,1,9,4
India,Maharashtra,Amravati,"Shri Shivaji Science College, Amravati - MPCB",16-08-2026 10:00:00,20.939198,77.765701,SO2,2,4,3
India,Maharashtra,Amravati,"Shivneri Colony, Amravati - MPCB",16-08-2026 10:00:00,20.9402359,77.7895248,OZONE,5,9,8
India,Maharashtra,Aurangabad,"MIDC Chilkalthana, Aurangabad - MPCB",16-08-2026 10:00:00,19.87562,75.38731,PM2.5,23,30,26
India,Maharashtra,Aurangabad,"Rachnakar Colony, Aurangabad - MPCB",16-08-2026 10:00:00,19.863756,75.321188,PM2.5,18,52,32
India,Maharashtra,Aurangabad,"Rachnakar Colony, Aurangabad - MPCB",16-08-2026 10:00:00,19.863756,75.321188,NH3,1,2,1
India,Karnataka,Kalaburagi,"Mahatma Basaveswar Colony, Kalaburgi - KSPCB",16-08-2026 10:00:00,17.336318,76.847397,PM2.5,7,36,19
India,Karnataka,Kalaburagi,"Mahatma Basaveswar Colony, Kalaburgi - KSPCB",16-08-2026 10:00:00,17.336318,76.847397,CO,29,31,30
India,Karnataka,Karwar,"KHB Colony, Karwar - KSPCB",16-08-2026 10:00:00,14.816666,74.141003,NH3,1,34,10
India,Karnataka,Madikeri,"Stuart Hill, Madikeri - KSPCB",16-08-2026 10:00:00,12.415911,75.73505,NH3,1,1,1
India,Karnataka,Mangalore,"Kadri, Mangalore - KSPCB",16-08-2026 10:00:00,12.88925,74.853,NO2,1,3,2
India,Karnataka,Mangalore,"Kadri, Mangalore - KSPCB",16-08-2026 10:00:00,12.88925,74.853,NH3,NA,NA,NA
India,Karnataka,Mangalore,"Kadri, Mangalore - KSPCB",16-08-2026 10:00:00,12.88925,74.853,CO,NA,NA,NA
India,Karnataka,Ramanagara,"Vijay Nagar, Ramanagara - KSPCB",16-08-2026 10:00:00,12.733409,77.298051,NH3,NA,NA,NA
India,Karnataka,Shivamogga,"Vinoba Nagara, Shivamogga - KSPCB",16-08-2026 10:00:00,13.94,75.555917,PM2.5,25,43,29
India,Karnataka,Shivamogga,"Vinoba Nagara, Shivamogga - KSPCB",16-08-2026 10:00:00,13.94,75.555917,PM10,34,58,40
India,Karnataka,Shivamogga,"Vinoba Nagara, Shivamogga - KSPCB",16-08-2026 10:00:00,13.94,75.555917,NO2,14,24,17
India,Karnataka,Shivamogga,"Vinoba Nagara, Shivamogga - KSPCB",16-08-2026 10:00:00,13.94,75.555917,NH3,2,3,2
India,Karnataka,Vijayapura,"Ibrahimpur, Vijayapura - KSPCB",16-08-2026 10:00:00,16.802639,75.722694,NH3,3,4,4
India,Karnataka,Yadgir,"Collector Office, Yadgir - KSPCB",16-08-2026 10:00:00,16.7602,77.1428,CO,1,5,3
India,Maharashtra,Malegaon,"Mahesh Nagar, Malegaon - MPCB",16-08-2026 10:00:00,20.555712,74.529236,OZONE,5,6,6
India,Maharashtra,Mumbai,"Shivaji Nagar, Mumbai - BMC",16-08-2026 10:00:00,19.060498,72.923356,PM10,28,97,56
India,Maharashtra,Mumbai,"Shivaji Nagar, Mumbai - BMC",16-08-2026 10:00:00,19.060498,72.923356,NO2,9,22,14
India,Maharashtra,Mumbai,"Siddharth Nagar-Worli, Mumbai - IITM",16-08-2026 10:00:00,19.000083,72.813993,CO,1,6,3
India,Maharashtra,Mumbai,"Bandra Kurla Complex, Mumbai - MPCB",16-08-2026 10:00:00,19.065931,72.862131,PM10,21,55,38
India,Maharashtra,Mumbai,"Bandra Kurla Complex, Mumbai - MPCB",16-08-2026 10:00:00,19.065931,72.862131,NO2,6,9,7
India,Maharashtra,Mumbai,"Kherwadi_Bandra East, Mumbai - MPCB",16-08-2026 10:00:00,19.0632143,72.8456324,PM10,NA,NA,NA
India,Maharashtra,Mumbai,"Kherwadi_Bandra East, Mumbai - MPCB",16-08-2026 10:00:00,19.0632143,72.8456324,SO2,NA,NA,NA
India,Maharashtra,Mumbai,"Mindspace-Malad West, Mumbai - MPCB",16-08-2026 10:00:00,19.1878657,72.8304069,NO2,20,23,21
India,Maharashtra,Mumbai,"Mindspace-Malad West, Mumbai - MPCB",16-08-2026 10:00:00,19.1878657,72.8304069,OZONE,13,13,13
India,Maharashtra,Mumbai,"Worli, Mumbai - MPCB",16-08-2026 10:00:00,18.9936162,72.8128113,PM10,32,93,64
India,Maharashtra,Mumbai,"Worli, Mumbai - MPCB",16-08-2026 10:00:00,18.9936162,72.8128113,CO,33,39,36
India,Maharashtra,Jalgaon,"Prabhat Colony, Jalgaon - MPCB",16-08-2026 10:00:00,21.001264,75.565602,NO2,2,14,6
India,Maharashtra,Kalyan,"Khadakpada, Kalyan - MPCB",16-08-2026 10:00:00,19.25292,73.142019,NO2,NA,NA,NA
India,Maharashtra,Kalyan,"Khadakpada, Kalyan - MPCB",16-08-2026 10:00:00,19.25292,73.142019,NH3,NA,NA,NA
India,Maharashtra,Kalyan,"Pimpleshwar Mandir, Kalyan - MPCB",16-08-2026 10:00:00,19.192056,72.9585188,NO2,15,21,18
India,Maharashtra,Kolhapur,"Shivaji University, Kolhapur - MPCB",16-08-2026 10:00:00,16.6870449,74.2505872,PM10,11,43,31
India,Maharashtra,Latur,"Sawe Wadi, Latur - MPCB",16-08-2026 10:00:00,18.39963,76.57452,NO2,4,42,12
India,Maharashtra,Mahad,"Kamble Tarf Birwadi, Mahad - MPCB",16-08-2026 10:00:00,18.1023399,73.4783687,PM10,24,42,34
India,Maharashtra,Mahad,"Kamble Tarf Birwadi, Mahad - MPCB",16-08-2026 10:00:00,18.1023399,73.4783687,SO2,3,11,7
India,Madhya Pradesh,Maihar,"Sahilara, Maihar - KJS Cements",16-08-2026 10:00:00,24.2613009,80.7231783,SO2,12,12,12
India,Madhya Pradesh,Mandideep,"Sector-D Industrial Area, Mandideep - MPPCB",16-08-2026 10:00:00,23.10844,77.511428,NO2,20,25,23
India,Madhya Pradesh,Pithampur,"Sector-2 Industrial Area, Pithampur - MPPCB",16-08-2026 10:00:00,22.624758,75.675238,PM2.5,50,95,73
India,Madhya Pradesh,Ratlam,"Shasthri Nagar, Ratlam - IPCA Lab",16-08-2026 10:00:00,23.331731,75.045981,SO2,11,13,12
India,Maharashtra,Mumbai,"Khindipada-Bhandup West, Mumbai - IITM",16-08-2026 10:00:00,19.1653323,72.922099,OZONE,15,22,18
India,Maharashtra,Mumbai,"Malad West, Mumbai - IITM",16-08-2026 10:00:00,19.19709,72.82204,OZONE,6,11,9
India,Maharashtra,Mumbai,"Borivali East, Mumbai - IITM",16-08-2026 10:00:00,19.23241,72.86895,CO,40,55,42
India,Maharashtra,Mumbai,"Mazgaon, Mumbai - IITM",16-08-2026 10:00:00,18.96702,72.84214,NO2,22,56,33
India,Maharashtra,Mumbai,"Mazgaon, Mumbai - IITM",16-08-2026 10:00:00,18.96702,72.84214,SO2,7,12,10
India,Maharashtra,Mumbai,"Chakala-Andheri East, Mumbai - IITM",16-08-2026 10:00:00,19.11074,72.86084,PM2.5,15,38,25
India,Maharashtra,Mumbai,"Kurla, Mumbai - MPCB",16-08-2026 10:00:00,19.0863,72.8888,NH3,2,2,2
India,Maharashtra,Mumbai,"Deonar, Mumbai - IITM",16-08-2026 10:00:00,19.04946,72.923,PM2.5,3,48,19
India,Maharashtra,Nagpur,"Mahal, Nagpur - MPCB",16-08-2026 10:00:00,21.14472,79.107595,NH3,3,4,3
India,Maharashtra,Nagpur,"Mahal, Nagpur - MPCB",16-08-2026 10:00:00,21.14472,79.107595,OZONE,9,15,12
India,Maharashtra,Nagpur,"Ram Nagar, Nagpur - MPCB",16-08-2026 10:00:00,21.143383,79.048912,PM10,23,46,34
India,Maharashtra,Nagpur,"Ram Nagar, Nagpur - MPCB",16-08-2026 10:00:00,21.143383,79.048912,CO,9,10,10
India,Maharashtra,Nagpur,"Ram Nagar, Nagpur - MPCB",16-08-2026 10:00:00,21.143383,79.048912,OZONE,13,19,16
India,Maharashtra,Mumbai,"Siddharth Nagar-Worli, Mumbai - IITM",16-08-2026 10:00:00,19.000083,72.813993,CO,1,6,3
India,Maharashtra,Mumbai,"Bandra Kurla Complex, Mumbai - MPCB",16-08-2026 10:00:00,19.065931,72.862131,PM10,21,55,38
India,Maharashtra,Mumbai,"Bandra Kurla Complex, Mumbai - MPCB",16-08-2026 10:00:00,19.065931,72.862131,NO2,6,9,7
India,Maharashtra,Mumbai,"Kherwadi_Bandra East, Mumbai - MPCB",16-08-2026 10:00:00,19.0632143,72.8456324,PM10,NA,NA,NA
India,Maharashtra,Mumbai,"Kherwadi_Bandra East, Mumbai - MPCB",16-08-2026 10:00:00,19.0632143,72.8456324,SO2,NA,NA,NA
India,Maharashtra,Mumbai,"Mindspace-Malad West, Mumbai - MPCB",16-08-2026 10:00:00,19.1878657,72.8304069,NO2,20,23,21
India,Maharashtra,Mumbai,"Mindspace-Malad West, Mumbai - MPCB",16-08-2026 10:00:00,19.1878657,72.8304069,OZONE,13,13,13
India,Maharashtra,Mumbai,"Worli, Mumbai - MPCB",16-08-2026 10:00:00,18.9936162,72.8128113,PM10,32,93,64
India,Maharashtra,Mumbai,"Worli, Mumbai - MPCB",16-08-2026 10:00:00,18.9936162,72.8128113,CO,33,39,36
India,Maharashtra,Mumbai,"Mulund West, Mumbai - MPCB",16-08-2026 10:00:00,19.175,72.9419,PM10,3,35,21
India,Maharashtra,Mumbai,"Sewri, Mumbai - BMC",16-08-2026 10:00:00,19.000084,72.85673,SO2,NA,NA,NA
India,Maharashtra,Mumbai,"Khindipada-Bhandup West, Mumbai - IITM",16-08-2026 10:00:00,19.1653323,72.922099,PM10,22,53,43
India,Maharashtra,Kalyan,"Khadakpada, Kalyan - MPCB",16-08-2026 10:00:00,19.25292,73.142019,NO2,NA,NA,NA
India,Maharashtra,Kalyan,"Khadakpada, Kalyan - MPCB",16-08-2026 10:00:00,19.25292,73.142019,NH3,NA,NA,NA
India,Maharashtra,Kalyan,"Pimpleshwar Mandir, Kalyan - MPCB",16-08-2026 10:00:00,19.192056,72.9585188,NO2,15,21,18
India,Maharashtra,Kolhapur,"Shivaji University, Kolhapur - MPCB",16-08-2026 10:00:00,16.6870449,74.2505872,PM10,11,43,31
India,Maharashtra,Latur,"Sawe Wadi, Latur - MPCB",16-08-2026 10:00:00,18.39963,76.57452,NO2,4,42,12
India,Maharashtra,Mahad,"Kamble Tarf Birwadi, Mahad - MPCB",16-08-2026 10:00:00,18.1023399,73.4783687,PM10,24,42,34
India,Maharashtra,Mahad,"Kamble Tarf Birwadi, Mahad - MPCB",16-08-2026 10:00:00,18.1023399,73.4783687,SO2,3,11,7
India,Maharashtra,Malegaon,"Mahesh Nagar, Malegaon - MPCB",16-08-2026 10:00:00,20.555712,74.529236,OZONE,5,6,6
India,Maharashtra,Mumbai,"Shivaji Nagar, Mumbai - BMC",16-08-2026 10:00:00,19.060498,72.923356,PM10,28,97,56
India,Maharashtra,Mumbai,"Shivaji Nagar, Mumbai - BMC",16-08-2026 10:00:00,19.060498,72.923356,NO2,9,22,14
India,Madhya Pradesh,Gwalior,"City Center, Gwalior - MPPCB",16-08-2026 10:00:00,26.203442,78.193251,NO2,34,54,45
India,Madhya Pradesh,Indore,"Airport Area, Indore - IMC",16-08-2026 10:00:00,22.7289,75.8076,OZONE,4,4,4
India,Madhya Pradesh,Indore,"Maguda Nagar, Indore - IMC",16-08-2026 10:00:00,22.7524,75.8872,CO,31,34,33
India,Madhya Pradesh,Indore,"Residency Area, Indore - IMC",16-08-2026 10:00:00,22.7084,75.8815,CO,NA,NA,NA
India,Madhya Pradesh,Jabalpur,"Marhatal, Jabalpur - MPPCB",16-08-2026 10:00:00,23.168606,79.932247,PM10,6,28,15
India,Meghalaya,Shillong,"JN Stadium, Shillong - Meghalaya PCB",16-08-2026 10:00:00,25.5803419,91.8942571,NH3,3,9,5
India,Meghalaya,Shillong,"Lumpyngngad, Shillong - Meghalaya PCB",16-08-2026 10:00:00,25.5586,91.8985,PM2.5,NA,NA,NA
India,Mizoram,Aizawl,"Sikulpuikawn, Aizawl - Mizoram PCB",16-08-2026 10:00:00,23.7176342,92.7192841,PM2.5,NA,NA,NA
India,Nagaland,Kohima,"PWD Junction, Kohima - NPCB",16-08-2026 10:00:00,25.6635413,94.0989878,PM10,9,63,24
India,Nagaland,Kohima,"PWD Junction, Kohima - NPCB",16-08-2026 10:00:00,25.6635413,94.0989878,NO2,3,4,3
India,Nagaland,Kohima,"PWD Junction, Kohima - NPCB",16-08-2026 10:00:00,25.6635413,94.0989878,SO2,53,75,62
India,Odisha,Barbil,"Forest Office, Barbil - OSPCB",16-08-2026 10:00:00,22.1166054,85.3945546,PM2.5,7,47,30
India,Odisha,Barbil,"Forest Office, Barbil - OSPCB",16-08-2026 10:00:00,22.1166054,85.3945546,NO2,3,8,6
India,Odisha,Barbil,"Forest Office, Barbil - OSPCB",16-08-2026 10:00:00,22.1166054,85.3945546,OZONE,17,31,25
India,Odisha,Baripada,"Meher Colony, Baripada - OSPCB",16-08-2026 10:00:00,21.941841,86.728318,PM10,8,46,31
India,Odisha,Baripada,"Meher Colony, Baripada - OSPCB",16-08-2026 10:00:00,21.941841,86.728318,OZONE,35,35,35
India,Odisha,Bhubaneswar,"Lingraj Mandir, Bhubaneswar - OSPCB",16-08-2026 10:00:00,20.24079,85.836784,SO2,8,10,9
India,Odisha,Brajrajnagar,"GM Office, Brajrajnagar - OSPCB",16-08-2026 10:00:00,21.8004996,83.8396977,NO2,28,37,34
India,Odisha,Brajrajnagar,"GM Office, Brajrajnagar - OSPCB",16-08-2026 10:00:00,21.8004996,83.8396977,NH3,4,4,4
India,Odisha,Byasanagar,"Ferro Chrome Colony, Byasanagar - OSPCB",16-08-2026 10:00:00,20.94185,86.1151,PM10,19,78,41
India,Odisha,Byasanagar,"Ferro Chrome Colony, Byasanagar - OSPCB",16-08-2026 10:00:00,20.94185,86.1151,NH3,1,1,1
India,Maharashtra,Navi Mumbai,"Nerul, Navi Mumbai - MPCB",16-08-2026 10:00:00,19.008751,73.01662,NO2,6,6,6
India,Maharashtra,Navi Mumbai,"Nerul, Navi Mumbai - MPCB",16-08-2026 10:00:00,19.008751,73.01662,NH3,1,1,1
India,Maharashtra,Navi Mumbai,"Nerul, Navi Mumbai - MPCB",16-08-2026 10:00:00,19.008751,73.01662,CO,NA,NA,NA
India,Maharashtra,Parbhani,"Masoom Colony, Parbhani - MPCB",16-08-2026 10:00:00,19.265594,76.761463,NO2,6,10,8
India,Maharashtra,Pimpri-Chinchwad,"Gavalinagar, Pimpri Chinchwad - MPCB",16-08-2026 10:00:00,18.63673,73.82487,PM10,15,39,26
India,Maharashtra,Pimpri-Chinchwad,"Gavalinagar, Pimpri Chinchwad - MPCB",16-08-2026 10:00:00,18.63673,73.82487,NO2,NA,NA,NA
India,Maharashtra,Pimpri-Chinchwad,"Gavalinagar, Pimpri Chinchwad - MPCB",16-08-2026 10:00:00,18.63673,73.82487,SO2,1,1,1
India,Maharashtra,Pimpri-Chinchwad,"Bhosari, Pune - IITM",16-08-2026 10:00:00,18.640051,73.848956,PM2.5,9,38,20
India,Maharashtra,Pimpri-Chinchwad,"Thergaon, Pimpri Chinchwad - MPCB",16-08-2026 10:00:00,18.616318,73.765797,NO2,5,12,8
India,Maharashtra,Pimpri-Chinchwad,"Transport Nagar-Nigdi, Pune - IITM",16-08-2026 10:00:00,18.664282,73.763966,NO2,31,53,38
India,Maharashtra,Pimpri-Chinchwad,"Transport Nagar-Nigdi, Pune - IITM",16-08-2026 10:00:00,18.664282,73.763966,OZONE,7,10,8
India,Maharashtra,Pimpri-Chinchwad,"Park Street Wakad, Pimpri Chinchwad - MPCB",16-08-2026 10:00:00,18.59051,73.77946,PM10,35,61,46
India,Maharashtra,Pimpri-Chinchwad,"Park Street Wakad, Pimpri Chinchwad - MPCB",16-08-2026 10:00:00,18.59051,73.77946,NH3,NA,NA,NA
India,Maharashtra,Pimpri-Chinchwad,"Park Street Wakad, Pimpri Chinchwad - MPCB",16-08-2026 10:00:00,18.59051,73.77946,SO2,2,3,2
India,Maharashtra,Pune,"Mhada Colony, Pune - IITM",16-08-2026 10:00:00,18.57304,73.927715,PM2.5,13,48,28
India,Maharashtra,Pune,"Mhada Colony, Pune - IITM",16-08-2026 10:00:00,18.57304,73.927715,NO2,16,34,22
India,Maharashtra,Pune,"Mhada Colony, Pune - IITM",16-08-2026 10:00:00,18.57304,73.927715,NH3,NA,NA,NA
India,Odisha,Keonjhar,"Jagamohanpur, Keonjhar - OSPCB",16-08-2026 10:00:00,21.6439,85.599355,OZONE,12,17,14
India,Odisha,Rairangpur,"Divisional Forest Office, Rairangpur - OSPCB",16-08-2026 10:00:00,22.265816,86.174829,PM2.5,13,14,13
India,Odisha,Rourkela,"Sector-2, Rourkela - OSPCB",16-08-2026 10:00:00,22.245,84.88111111,PM10,32,32,32
India,Odisha,Rourkela,"Sector-2, Rourkela - OSPCB",16-08-2026 10:00:00,22.245,84.88111111,NO2,11,11,11
India,Odisha,Rourkela,"Sector-2, Rourkela - OSPCB",16-08-2026 10:00:00,22.245,84.88111111,NH3,NA,NA,NA
India,Odisha,Rourkela,"Raghunathpali, Rourkela - OSPCB",16-08-2026 10:00:00,22.220833,84.809444,PM10,24,74,48
India,Odisha,Rourkela,"Raghunathpali, Rourkela - OSPCB",16-08-2026 10:00:00,22.220833,84.809444,CO,45,95,65
India,Odisha,Rourkela,"Fertilizer Township, Rourkela - OSPCB",16-08-2026 10:00:00,22.18972222,84.86277778,NH3,NA,NA,NA
India,Odisha,Tensa,"Barsua Iron Ore Mines, Tensa - OSPCB",16-08-2026 10:00:00,21.869985,85.167016,PM10,14,30,21
India,Odisha,Tensa,"Barsua Iron Ore Mines, Tensa - OSPCB",16-08-2026 10:00:00,21.869985,85.167016,NO2,NA,NA,NA
India,Puducherry,Puducherry,"Jawahar Nagar, Puducherry - PPCC",16-08-2026 10:00:00,11.9309,79.8027,NO2,6,29,13
India,Puducherry,Puducherry,"Jawahar Nagar, Puducherry - PPCC",16-08-2026 10:00:00,11.9309,79.8027,CO,14,28,20
India,Punjab,Bathinda,"Hardev Nagar, Bathinda - PPCB",16-08-2026 10:00:00,30.233011,74.907758,NH3,NA,NA,NA
India,Punjab,Bathinda,"Hardev Nagar, Bathinda - PPCB",16-08-2026 10:00:00,30.233011,74.907758,SO2,10,25,15
India,Rajasthan,Rajsamand,"Dhoinda, Rajsamand - RSPCB",16-08-2026 10:00:00,25.03636,73.883502,NO2,11,16,13
India,Rajasthan,Rajsamand,"Dhoinda, Rajsamand - RSPCB",16-08-2026 10:00:00,25.03636,73.883502,OZONE,26,31,28
India,Rajasthan,Sawai Madhopur,"Sahu Nagar, Sawai Madhopur - RSPCB",16-08-2026 10:00:00,26.031443,76.359327,SO2,4,10,7
India,Rajasthan,Sikar,"Radhakishan Pura, Sikar - RSPCB",16-08-2026 10:00:00,27.608912,75.153302,PM2.5,43,68,56
India,Rajasthan,Sikar,"Radhakishan Pura, Sikar - RSPCB",16-08-2026 10:00:00,27.608912,75.153302,NO2,5,13,8
India,Rajasthan,Sikar,"Radhakishan Pura, Sikar - RSPCB",16-08-2026 10:00:00,27.608912,75.153302,SO2,2,4,3
India,Rajasthan,Sikar,"Radhakishan Pura, Sikar - RSPCB",16-08-2026 10:00:00,27.608912,75.153302,CO,16,18,16
India,Rajasthan,Sirohi,"Vedhaynath Colony, Sirohi - RSPCB",16-08-2026 10:00:00,24.885261,72.857549,SO2,4,7,5
India,Rajasthan,Sirohi,"Vedhaynath Colony, Sirohi - RSPCB",16-08-2026 10:00:00,24.885261,72.857549,CO,8,11,10
India,Rajasthan,Tonk,"Shastri Nagar, Tonk - RSPCB",16-08-2026 10:00:00,26.159933,75.780517,PM2.5,33,88,58
India,Rajasthan,Udaipur,"Ashok Nagar, Udaipur - RSPCB",16-08-2026 10:00:00,24.5886166,73.6321397,PM2.5,27,83,58
India,Rajasthan,Udaipur,"Ashok Nagar, Udaipur - RSPCB",16-08-2026 10:00:00,24.5886166,73.6321397,PM10,67,118,94
India,Rajasthan,Udaipur,"Ashok Nagar, Udaipur - RSPCB",16-08-2026 10:00:00,24.5886166,73.6321397,NO2,10,23,16
India,Rajasthan,Udaipur,"Ashok Nagar, Udaipur - RSPCB",16-08-2026 10:00:00,24.5886166,73.6321397,NH3,2,4,3
India,Rajasthan,Bhiwadi,"RIICO Ind. Area III, Bhiwadi - RSPCB",16-08-2026 10:00:00,28.194909,76.862296,CO,9,83,63
India,Rajasthan,Bhiwadi,"Vasundhara Nagar_UIT, Bhiwadi - RSPCB",16-08-2026 10:00:00,28.207266,76.829265,PM10,38,101,71
India,Rajasthan,Bhiwadi,"Vasundhara Nagar_UIT, Bhiwadi - RSPCB",16-08-2026 10:00:00,28.207266,76.829265,NH3,6,7,6
India,Rajasthan,Bhiwadi,"Vasundhara Nagar_UIT, Bhiwadi - RSPCB",16-08-2026 10:00:00,28.207266,76.829265,CO,43,62,53
India,Rajasthan,Bhiwadi,"Vasundhara Nagar_UIT, Bhiwadi - RSPCB",16-08-2026 10:00:00,28.207266,76.829265,OZONE,27,29,29
India,Rajasthan,Bikaner,"MM Ground, Bikaner - RSPCB",16-08-2026 10:00:00,28.018792,73.292658,SO2,0,4,1
India,Rajasthan,Bikaner,"MM Ground, Bikaner - RSPCB",16-08-2026 10:00:00,28.018792,73.292658,OZONE,21,36,27
India,Rajasthan,Churu,"Subash Chowk, Churu - RSPCB",16-08-2026 10:00:00,28.296139,74.961696,NH3,5,6,6
India,Rajasthan,Churu,"Subash Chowk, Churu - RSPCB",16-08-2026 10:00:00,28.296139,74.961696,CO,14,18,16
India,Rajasthan,Dholpur,"Raja Ganj, Dholpur - RSPCB",16-08-2026 10:00:00,26.699557,77.898881,NH3,4,15,8
India,Rajasthan,Dungarpur,"Bhoiwada, Dungarpur - RSPCB",16-08-2026 10:00:00,23.837789,73.714926,NH3,10,14,11
India,Rajasthan,Jaipur,"Mansarovar Sector-12, Jaipur - RSPCB",16-08-2026 10:00:00,26.843698,75.766894,PM10,52,107,83
India,Rajasthan,Jaipur,"Mansarovar Sector-12, Jaipur - RSPCB",16-08-2026 10:00:00,26.843698,75.766894,NO2,4,29,16
India,Maharashtra,Pune,"Panchawati_Pashan, Pune - IITM",16-08-2026 10:00:00,18.536457,73.805454,PM10,34,54,44
India,Maharashtra,Sangli,"Vijay Nagar, Sangli - MPCB",16-08-2026 10:00:00,16.5038,74.3623,NO2,1,6,3
India,Maharashtra,Solapur,"Ratandeep Housing Society, Solapur - MPCB",16-08-2026 10:00:00,17.65439,75.90649,SO2,1,2,1
India,Maharashtra,Solapur,"Ratandeep Housing Society, Solapur - MPCB",16-08-2026 10:00:00,17.65439,75.90649,CO,8,20,14
India,Maharashtra,Thane,"Upvan Fort, Thane - MPCB",16-08-2026 10:00:00,19.222279,72.957979,PM2.5,10,27,19
India,Maharashtra,Thane,"Upvan Fort, Thane - MPCB",16-08-2026 10:00:00,19.222279,72.957979,CO,6,21,12
India,Maharashtra,Thane,"Kasarvadavali, Thane - MPCB",16-08-2026 10:00:00,19.26777,72.97182,PM10,18,41,32
India,Maharashtra,Thane,"Kasarvadavali, Thane - MPCB",16-08-2026 10:00:00,19.26777,72.97182,NO2,6,52,12
India,Maharashtra,Ulhasnagar,"Sidhi Vinayak Nagar, Ulhasnagar - MPCB",16-08-2026 10:00:00,19.235581,73.159121,CO,NA,NA,NA
India,Maharashtra,Ulhasnagar,"Vithalwadi, Ulhasnagar - MPCB",16-08-2026 10:00:00,19.2307571,73.155192,NH3,9,11,10
India,Maharashtra,Virar,"Bolinj, Virar - MPCB",16-08-2026 10:00:00,19.445821,72.7988231,SO2,2,3,2
India,Rajasthan,Jodhpur,"Collectorate, Jodhpur - RSPCB",16-08-2026 10:00:00,26.268249,73.0193853,SO2,5,12,8
India,Rajasthan,Khairthal,"New Anaj Mandi, Khairthal - RSPCB",16-08-2026 10:00:00,27.8015617,76.6365217,NO2,2,34,23
India,Rajasthan,Kota,"Nayapura, Kota - RSPCB",16-08-2026 10:00:00,25.196024,75.855668,PM10,31,108,72
India,Rajasthan,Kota,"Nayapura, Kota - RSPCB",16-08-2026 10:00:00,25.196024,75.855668,NO2,8,32,14
India,Rajasthan,Kota,"Shrinath Puram, Kota - RSPCB",16-08-2026 10:00:00,25.14389,75.821256,SO2,9,11,10
India,Rajasthan,Nagaur,"Karni Colony, Nagaur - RSPCB",16-08-2026 10:00:00,27.213494,73.734444,PM10,65,107,80
India,Rajasthan,Pali,"Indira Colony Vistar, Pali - RSPCB",16-08-2026 10:00:00,25.771061,73.340227,PM10,101,137,117
India,Rajasthan,Pratapgarh,"Pragati Nagar, Pratapgarh - RSPCB",16-08-2026 10:00:00,24.041198,74.780702,NO2,6,13,9
India,Rajasthan,Pratapgarh,"Pragati Nagar, Pratapgarh - RSPCB",16-08-2026 10:00:00,24.041198,74.780702,CO,10,13,11
India,Rajasthan,Rajsamand,"Dhoinda, Rajsamand - RSPCB",16-08-2026 10:00:00,25.03636,73.883502,PM2.5,7,83,42
India,Rajasthan,Jaipur,"Police Commissionerate, Jaipur - RSPCB",16-08-2026 10:00:00,26.9164092,75.7994901,PM2.5,40,77,61
India,Rajasthan,Jaipur,"Police Commissionerate, Jaipur - RSPCB",16-08-2026 10:00:00,26.9164092,75.7994901,SO2,20,33,28
India,Rajasthan,Jaipur,"Shastri Nagar, Jaipur - RSPCB",16-08-2026 10:00:00,26.9502929,75.730943,PM10,62,96,76
India,Rajasthan,Jaipur,"Adarsh Nagar, Jaipur - RSPCB",16-08-2026 10:00:00,26.902909,75.836858,SO2,13,35,24
India,Rajasthan,Jaisalmer,"Sadar Bazar, Jaisalmer - RSPCB",16-08-2026 10:00:00,26.912329,70.909168,NH3,5,19,8
India,Rajasthan,Jalore,"Mudtra Sili, Jalore - RSPCB",16-08-2026 10:00:00,25.344694,72.626208,SO2,2,4,3
India,Rajasthan,Jhunjhunu,"Indra Nagar, Jhunjhunu - RSPCB",16-08-2026 10:00:00,28.108988,75.386577,SO2,1,2,2
India,Rajasthan,Jhunjhunu,"Indra Nagar, Jhunjhunu - RSPCB",16-08-2026 10:00:00,28.108988,75.386577,OZONE,42,52,47
India,Rajasthan,Jodhpur,"Digari Kalan, Jodhpur - RSPCB",16-08-2026 10:00:00,26.29581,73.082283,NO2,13,20,17
India,Rajasthan,Jodhpur,"Mandor, Jodhpur - RSPCB",16-08-2026 10:00:00,26.358805,73.047444,CO,51,56,54
India,Punjab,Mandi Gobindgarh,"RIMT University, Mandi Gobindgarh - PPCB",16-08-2026 10:00:00,30.649961,76.331442,PM10,90,130,107
India,Punjab,Patiala,"Model Town, Patiala - PPCB",16-08-2026 10:00:00,30.349388,76.366642,OZONE,15,17,16
India,Rajasthan,Ajmer,"Civil Lines,  Ajmer - RSPCB",16-08-2026 10:00:00,26.470859,74.646594,PM10,77,105,94
India,Rajasthan,Ajmer,"Civil Lines,  Ajmer - RSPCB",16-08-2026 10:00:00,26.470859,74.646594,CO,10,12,11
India,Rajasthan,Alwar,"Vigyan Nagar, Alwar - RSPCB",16-08-2026 10:00:00,27.598796,76.63861,PM2.5,18,105,42
India,Rajasthan,Alwar,"Vigyan Nagar, Alwar - RSPCB",16-08-2026 10:00:00,27.598796,76.63861,NO2,8,13,10
India,Rajasthan,Banswara,"Rati Talai, Banswara - RSPCB",16-08-2026 10:00:00,23.55519,74.44001,SO2,10,16,12
India,Rajasthan,Baran,"Bamboliya, Baran - RSPCB",16-08-2026 10:00:00,25.106006,76.469948,NH3,2,3,2
India,Rajasthan,Baran,"Bamboliya, Baran - RSPCB",16-08-2026 10:00:00,25.106006,76.469948,SO2,3,6,5
India,Rajasthan,Barmer,"Railway Colony, Barmer - RSPCB",16-08-2026 10:00:00,25.747299,71.393989,OZONE,19,26,24
India,Uttar Pradesh,Baraut,"Nagar Palika Parishad, Baraut - UPPCB",16-08-2026 10:00:00,29.09956,77.26235,CO,NA,NA,NA
India,Uttar Pradesh,Bareilly,"Rajendra Nagar, Bareilly - UPPCB",16-08-2026 10:00:00,28.38910936,79.42963708,PM10,27,90,50
India,Uttar Pradesh,Bareilly,"Rajendra Nagar, Bareilly - UPPCB",16-08-2026 10:00:00,28.38910936,79.42963708,NO2,5,12,9
India,Uttar Pradesh,Bareilly,"Civil Lines, Bareilly - UPPCB",16-08-2026 10:00:00,28.359581,79.414455,PM10,23,41,31
India,Uttar Pradesh,Bareilly,"Civil Lines, Bareilly - UPPCB",16-08-2026 10:00:00,28.359581,79.414455,OZONE,NA,NA,NA
India,Uttar Pradesh,Bulandshahr,"Yamunapuram, Bulandshahr - UPPCB",16-08-2026 10:00:00,28.406963,77.849831,PM10,30,105,64
India,Uttar Pradesh,Bulandshahr,"Yamunapuram, Bulandshahr - UPPCB",16-08-2026 10:00:00,28.406963,77.849831,NO2,5,25,12
India,Uttar Pradesh,Firozabad,"Nagla Bhau, Firozabad - UPPCB",16-08-2026 10:00:00,27.168897,78.37696,PM2.5,19,79,33
India,Uttar Pradesh,Firozabad,"Nagla Bhau, Firozabad - UPPCB",16-08-2026 10:00:00,27.168897,78.37696,NH3,2,2,2
India,Uttar Pradesh,Firozabad,"Nagla Bhau, Firozabad - UPPCB",16-08-2026 10:00:00,27.168897,78.37696,OZONE,10,11,11
India,Uttar Pradesh,Firozabad,"Vibhab Nagar, Firozabad - UPPCB",16-08-2026 10:00:00,27.1594,78.3953,PM2.5,18,27,23
India,Uttar Pradesh,Firozabad,"Vibhab Nagar, Firozabad - UPPCB",16-08-2026 10:00:00,27.1594,78.3953,SO2,7,9,8
India,Uttar Pradesh,Ghaziabad,"Ved Vihar-Loni, Ghaziabad - UPPCB",16-08-2026 10:00:00,28.739153,77.273668,NO2,14,98,29
India,Uttar Pradesh,Ghaziabad,"Ved Vihar-Loni, Ghaziabad - UPPCB",16-08-2026 10:00:00,28.739153,77.273668,SO2,6,7,6
India,Uttar Pradesh,Ghaziabad,"Sanjay Nagar, Ghaziabad - UPPCB",16-08-2026 10:00:00,28.685382,77.453839,PM10,17,122,70
India,Uttar Pradesh,Ghaziabad,"Sanjay Nagar, Ghaziabad - UPPCB",16-08-2026 10:00:00,28.685382,77.453839,NO2,13,49,27
India,Uttar Pradesh,Ghaziabad,"Indirapuram, Ghaziabad - UPPCB",16-08-2026 10:00:00,28.646233,77.358075,PM2.5,8,80,38
India,Uttar Pradesh,Ghaziabad,"Indirapuram, Ghaziabad - UPPCB",16-08-2026 10:00:00,28.646233,77.358075,PM10,12,113,56
India,Uttar Pradesh,Ghaziabad,"Indirapuram, Ghaziabad - UPPCB",16-08-2026 10:00:00,28.646233,77.358075,SO2,14,20,17
India,Uttar Pradesh,Ghaziabad,"Vasundhara, Ghaziabad - UPPCB",16-08-2026 10:00:00,28.6603346,77.3572563,PM10,52,152,97
India,Uttar Pradesh,Ghaziabad,"Vasundhara, Ghaziabad - UPPCB",16-08-2026 10:00:00,28.6603346,77.3572563,OZONE,17,24,21
India,Uttar Pradesh,Ghaziabad,"Wave City, Ghaziabad - UPPCB",16-08-2026 10:00:00,28.646675,77.489049,PM2.5,NA,NA,NA
India,Uttar Pradesh,Moradabad,"Jigar Colony, Moradabad - UPPCB",16-08-2026 10:00:00,28.856664,78.772638,NH3,6,6,6
India,Uttar Pradesh,Moradabad,"Jigar Colony, Moradabad - UPPCB",16-08-2026 10:00:00,28.856664,78.772638,CO,39,40,40
India,Uttar Pradesh,Moradabad,"Jigar Colony, Moradabad - UPPCB",16-08-2026 10:00:00,28.856664,78.772638,OZONE,20,24,22
India,Uttar Pradesh,Moradabad,"Transport Nagar, Moradabad - UPPCB",16-08-2026 10:00:00,28.802625,78.753728,SO2,20,21,20
India,Uttar Pradesh,Moradabad,"Kashiram Nagar, Moradabad - UPPCB",16-08-2026 10:00:00,28.849399,78.742362,PM10,19,439,102
India,Uttar Pradesh,Moradabad,"Kashiram Nagar, Moradabad - UPPCB",16-08-2026 10:00:00,28.849399,78.742362,CO,32,42,35
India,Uttar Pradesh,Moradabad,"Employment Office, Moradabad - UPPCB",16-08-2026 10:00:00,28.88528,78.7388,NO2,22,23,22
India,Uttar Pradesh,Muzaffarnagar,"New Mandi, Muzaffarnagar - UPPCB",16-08-2026 10:00:00,29.4723508,77.7194031,PM10,18,89,47
India,Uttar Pradesh,Muzaffarnagar,"New Mandi, Muzaffarnagar - UPPCB",16-08-2026 10:00:00,29.4723508,77.7194031,OZONE,19,50,29
India,Uttar Pradesh,Noida,"Sector - 125, Noida - UPPCB",16-08-2026 10:00:00,28.5447608,77.3231257,NO2,15,58,24
India,Uttar Pradesh,Noida,"Sector - 125, Noida - UPPCB",16-08-2026 10:00:00,28.5447608,77.3231257,CO,32,38,36
India,Uttar Pradesh,Noida,"Sector - 62, Noida - IITM",16-08-2026 10:00:00,28.6245479,77.3577104,NO2,16,43,26
India,Uttar Pradesh,Noida,"Sector - 62, Noida - IITM",16-08-2026 10:00:00,28.6245479,77.3577104,CO,8,12,10
India,Uttar Pradesh,Noida,"Sector - 62, Noida - IITM",16-08-2026 10:00:00,28.6245479,77.3577104,OZONE,15,26,19
India,Uttar Pradesh,Noida,"Sector-1, Noida - UPPCB",16-08-2026 10:00:00,28.5898,77.3101,PM2.5,8,179,46
India,Uttar Pradesh,Noida,"Sector-1, Noida - UPPCB",16-08-2026 10:00:00,28.5898,77.3101,PM10,49,153,86
India,Uttar Pradesh,Noida,"Sector-116, Noida - UPPCB",16-08-2026 10:00:00,28.56923,77.393848,NO2,12,74,29
India,Uttar Pradesh,Noida,"Sector-116, Noida - UPPCB",16-08-2026 10:00:00,28.56923,77.393848,OZONE,22,48,32
India,Uttar Pradesh,Prayagraj,"Motilal Nehru NIT, Prayagraj - UPPCB",16-08-2026 10:00:00,25.494,81.863,PM10,20,85,44
India,Uttar Pradesh,Prayagraj,"Nagar Nigam, Prayagraj - UPPCB",16-08-2026 10:00:00,25.44919916,81.82735986,NO2,5,5,5
India,Uttar Pradesh,Prayagraj,"Jhunsi, Prayagraj - UPPCB",16-08-2026 10:00:00,25.425602,81.917152,PM10,23,441,93
India,Uttar Pradesh,Prayagraj,"Jhunsi, Prayagraj - UPPCB",16-08-2026 10:00:00,25.425602,81.917152,SO2,0,0,0
India,Uttar Pradesh,Prayagraj,"Jhunsi, Prayagraj - UPPCB",16-08-2026 10:00:00,25.425602,81.917152,OZONE,19,31,26
India,Uttar Pradesh,Raebareli,"Anand Nagar, Raebareli - UPPCB",16-08-2026 10:00:00,26.219512,81.237648,PM2.5,NA,NA,NA
India,Uttar Pradesh,Raebareli," Indira Nagar, Raebareli - NTPC Unchahar",16-08-2026 10:00:00,26.207781,81.245571,PM10,40,97,67
India,Uttar Pradesh,Varanasi,"Bhelupur, Varanasi - UPPCB",16-08-2026 10:00:00,25.301778,82.996789,SO2,31,36,34
India,Uttar Pradesh,Varanasi,"Bhelupur, Varanasi - UPPCB",16-08-2026 10:00:00,25.301778,82.996789,OZONE,7,8,7
India,Uttar Pradesh,Varanasi,"Maldahiya, Varanasi - UPPCB",16-08-2026 10:00:00,25.32393,82.99687,PM2.5,20,135,42
India,Uttar Pradesh,Varanasi,"Ardhali Bazar, Varanasi - UPPCB",16-08-2026 10:00:00,25.3505986,82.9083074,NH3,NA,NA,NA
India,Uttar Pradesh,Varanasi,"IESD Banaras Hindu University, Varanasi - UPPCB",16-08-2026 10:00:00,25.262326,82.995408,OZONE,12,19,15
India,Uttar Pradesh,Vrindavan,"Omex Eternity, Vrindavan - UPPCB",16-08-2026 10:00:00,27.571409,77.655757,PM10,18,93,45
India,Telangana,Hyderabad,"Somajiguda, Hyderabad - TSPCB",16-08-2026 10:00:00,17.417094,78.457437,PM2.5,43,54,48
India,Telangana,Hyderabad,"Sanathnagar, Hyderabad - TSPCB",16-08-2026 10:00:00,17.4559458,78.4332152,SO2,2,10,6
India,Telangana,Hyderabad,"Sanathnagar, Hyderabad - TSPCB",16-08-2026 10:00:00,17.4559458,78.4332152,OZONE,15,68,51
India,Telangana,Hyderabad,"ICRISAT Patancheru, Hyderabad - TSPCB",16-08-2026 10:00:00,17.5184,78.278777,PM2.5,2,25,11
India,Tripura,Agartala,"Bardowali, Agartala - Tripura SPCB",16-08-2026 10:00:00,23.8175497,91.2726974,PM2.5,13,37,27
India,Tripura,Agartala,"Bardowali, Agartala - Tripura SPCB",16-08-2026 10:00:00,23.8175497,91.2726974,NO2,13,13,13
India,Tripura,Agartala,"Bardowali, Agartala - Tripura SPCB",16-08-2026 10:00:00,23.8175497,91.2726974,NH3,NA,NA,NA
India,Tripura,Agartala,"Bardowali, Agartala - Tripura SPCB",16-08-2026 10:00:00,23.8175497,91.2726974,CO,23,26,25
India,Uttar Pradesh,Agra,"Rohta, Agra - UPPCB",16-08-2026 10:00:00,27.106972,78.000111,SO2,8,18,12
India,Uttar Pradesh,Agra,"Sector-3B Avas Vikas Colony, Agra - UPPCB",16-08-2026 10:00:00,27.19412,77.96237,NO2,33,35,35
India,Uttar Pradesh,Agra,"Manoharpur, Agra - UPPCB",16-08-2026 10:00:00,27.23711,78.01936,PM2.5,75,153,102
India,Uttar Pradesh,Agra,"Manoharpur, Agra - UPPCB",16-08-2026 10:00:00,27.23711,78.01936,NH3,2,2,2
India,Uttar Pradesh,Agra,"Sanjay Palace, Agra - UPPCB",16-08-2026 10:00:00,27.19865833,78.00598056,NH3,NA,NA,NA
India,Uttar Pradesh,Agra,"Sanjay Palace, Agra - UPPCB",16-08-2026 10:00:00,27.19865833,78.00598056,SO2,7,7,7
India,Uttar Pradesh,Agra,"Shastripuram, Agra - UPPCB",16-08-2026 10:00:00,27.19862,77.92066,NO2,41,42,41
India,Uttar Pradesh,Ghaziabad,"Wave City, Ghaziabad - UPPCB",16-08-2026 10:00:00,28.646675,77.489049,SO2,1,3,2
India,Uttar Pradesh,Ghaziabad,"Loni, Ghaziabad - UPPCB",16-08-2026 10:00:00,28.757294,77.278792,PM10,45,153,96
India,Uttar Pradesh,Ghaziabad,"Loni, Ghaziabad - UPPCB",16-08-2026 10:00:00,28.757294,77.278792,SO2,14,17,16
India,Uttar Pradesh,Ghaziabad,"Loni, Ghaziabad - UPPCB",16-08-2026 10:00:00,28.757294,77.278792,OZONE,14,25,19
India,Uttar Pradesh,Ghaziabad,"Govindpuram, Ghaziabad - UPPCB",16-08-2026 10:00:00,28.694528,77.494705,PM2.5,33,69,49
India,Uttar Pradesh,Ghaziabad,"Govindpuram, Ghaziabad - UPPCB",16-08-2026 10:00:00,28.694528,77.494705,OZONE,1,2,2
India,Uttar Pradesh,Greater Noida,"Knowledge Park - III, Greater Noida - UPPCB",16-08-2026 10:00:00,28.47272,77.482,NH3,7,11,9
India,Uttar Pradesh,Greater Noida,"Knowledge Park - III, Greater Noida - UPPCB",16-08-2026 10:00:00,28.47272,77.482,OZONE,15,26,19
India,Uttar Pradesh,Kanpur,"FTI Kidwai Nagar, Kanpur - UPPCB",16-08-2026 10:00:00,26.428282,80.327067,OZONE,11,11,11
India,Uttar Pradesh,Kanpur,"NSI Kalyanpur, Kanpur - UPPCB",16-08-2026 10:00:00,26.509954,80.249612,PM2.5,17,69,25
India,Uttar Pradesh,Kanpur,"NSI Kalyanpur, Kanpur - UPPCB",16-08-2026 10:00:00,26.509954,80.249612,PM10,30,52,40
India,Uttar Pradesh,Kanpur,"NSI Kalyanpur, Kanpur - UPPCB",16-08-2026 10:00:00,26.509954,80.249612,NO2,31,32,31
India,Uttar Pradesh,Kanpur,"NSI Kalyanpur, Kanpur - UPPCB",16-08-2026 10:00:00,26.509954,80.249612,CO,19,20,19
India,Uttar Pradesh,Kanpur,"Nehru Nagar, Kanpur - UPPCB",16-08-2026 10:00:00,26.4703136,80.3229863,CO,49,54,52
India,Uttar Pradesh,Khurja,"Kalindi Kunj, Khurja - UPPCB",16-08-2026 10:00:00,28.2348927,77.8683002,NO2,12,13,12
India,Uttarakhand,Kashipur,"Govt. Girls Inter College, Kashipur - UKPCB",16-08-2026 10:00:00,29.2124114,78.9611753,SO2,NA,NA,NA
India,Uttarakhand,Rishikesh,"Shivaji Nagar, Rishikesh - UKPCB",16-08-2026 10:00:00,30.075911,78.2859547,PM10,3,15,8
India,Uttarakhand,Rishikesh,"Shivaji Nagar, Rishikesh - UKPCB",16-08-2026 10:00:00,30.075911,78.2859547,NH3,2,3,3
India,West Bengal,Asansol,"Mahabir Colliery, Asansol - WBPCB",16-08-2026 10:00:00,23.618183,87.105718,NO2,2,8,2
India,West Bengal,Asansol,"Trivenidevi Bhalotia College, Asansol - WBPCB",16-08-2026 10:00:00,23.616515,87.119133,NO2,4,13,7
India,West Bengal,Asansol,"Trivenidevi Bhalotia College, Asansol - WBPCB",16-08-2026 10:00:00,23.616515,87.119133,OZONE,4,6,5
India,West Bengal,Barrackpore,"SVSPA Campus, Barrackpore - WBPCB",16-08-2026 10:00:00,22.7605581,88.3617589,NH3,6,121,15
India,West Bengal,Barrackpore,"SVSPA Campus, Barrackpore - WBPCB",16-08-2026 10:00:00,22.7605581,88.3617589,CO,40,42,41
India,West Bengal,Durgapur,"Mahishkapur Road_B-Zone, Durgapur - WBPCB",16-08-2026 10:00:00,23.567923,87.306843,NH3,0,0,0
India,West Bengal,Durgapur,"Mahishkapur Road_B-Zone, Durgapur - WBPCB",16-08-2026 10:00:00,23.567923,87.306843,OZONE,17,29,21
India,West Bengal,Durgapur,"Womens College_City Center, Durgapur - WBPCB",16-08-2026 10:00:00,23.549395,87.300496,OZONE,10,15,13
India,West Bengal,Haldia,"Priyambada Housing Estate, Haldia - WBPCB",16-08-2026 10:00:00,22.06047,88.109737,PM10,19,68,28
India,Uttar Pradesh,Lucknow,"Talkatora District Industries Center, Lucknow - CPCB",16-08-2026 10:00:00,26.83399722,80.8917361,SO2,0,13,4
India,Uttar Pradesh,Lucknow,"Kendriya Vidyalaya, Lucknow - CPCB",16-08-2026 10:00:00,26.906111,80.948222,NO2,17,28,20
India,Uttar Pradesh,Lucknow,"Kendriya Vidyalaya, Lucknow - CPCB",16-08-2026 10:00:00,26.906111,80.948222,SO2,4,12,8
India,Uttar Pradesh,Lucknow,"B R Ambedkar University, Lucknow - UPPCB",16-08-2026 10:00:00,26.766433,80.927299,PM10,5,374,85
India,Uttar Pradesh,Lucknow,"Kukrail Picnic Spot-1, Lucknow - UPPCB",16-08-2026 10:00:00,26.90723,80.98579,NO2,31,32,32
India,Uttar Pradesh,Mathura,"Pali Dungra, Mathura - UPPCB",16-08-2026 10:00:00,27.410954,77.550619,NH3,1,2,1
India,Uttar Pradesh,Meerut,"Jai Bhim Nagar, Meerut - UPPCB",16-08-2026 10:00:00,28.9535882,77.7622941,PM2.5,14,182,62
India,Uttar Pradesh,Meerut,"MIET College, Meerut - UPPCB",16-08-2026 10:00:00,28.972677,77.641018,OZONE,4,12,7
India,Uttar Pradesh,Meerut,"Pallavpuram Phase 2, Meerut - UPPCB",16-08-2026 10:00:00,29.06351,77.709723,PM10,49,126,78
India,Uttar Pradesh,Meerut,"Ganga Nagar, Meerut - UPPCB",16-08-2026 10:00:00,28.999264,77.7590354,PM2.5,25,98,56
India,Uttar Pradesh,Modinagar,"SRM University, Modinagar - UPPCB",16-08-2026 10:00:00,28.798171,77.540243,NH3,3,3,3
India,Tamil Nadu,Gummidipoondi,"Anthoni Pillai Nagar, Gummidipoondi - TNPCB",16-08-2026 10:00:00,13.4127,80.1081,NH3,0,2,1
India,Tamil Nadu,Gummidipoondi,"Anthoni Pillai Nagar, Gummidipoondi - TNPCB",16-08-2026 10:00:00,13.4127,80.1081,SO2,0,87,20
India,Telangana,Hyderabad,"Central University, Hyderabad - TSPCB",16-08-2026 10:00:00,17.460103,78.334361,SO2,1,12,6
India,Telangana,Hyderabad,"Central University, Hyderabad - TSPCB",16-08-2026 10:00:00,17.460103,78.334361,OZONE,10,11,11
India,Telangana,Hyderabad,"IITH Kandi, Hyderabad - TSPCB",16-08-2026 10:00:00,17.585705,78.126199,PM2.5,34,51,42
India,Telangana,Hyderabad,"IITH Kandi, Hyderabad - TSPCB",16-08-2026 10:00:00,17.585705,78.126199,CO,20,36,23
India,Telangana,Hyderabad,"Nacharam_TSIIC IALA, Hyderabad - TSPCB",16-08-2026 10:00:00,17.429398,78.569354,PM2.5,39,65,49
India,Telangana,Hyderabad,"New Malakpet, Hyderabad - TSPCB",16-08-2026 10:00:00,17.37206,78.50864,OZONE,14,19,15
India,Telangana,Hyderabad,"ECIL Kapra, Hyderabad - TSPCB",16-08-2026 10:00:00,17.470431,78.566959,NH3,1,5,3
India,Telangana,Hyderabad,"Kompally Municipal Office, Hyderabad - TSPCB",16-08-2026 10:00:00,17.544899,78.486949,PM2.5,25,40,32
India,Telangana,Hyderabad,"Kompally Municipal Office, Hyderabad - TSPCB",16-08-2026 10:00:00,17.544899,78.486949,NO2,13,16,14
India,Telangana,Hyderabad,"Kompally Municipal Office, Hyderabad - TSPCB",16-08-2026 10:00:00,17.544899,78.486949,NH3,2,3,3
India,Tamil Nadu,Chennai,"Kodungaiyur, Chennai - TNPCB",16-08-2026 10:00:00,13.1278,80.2642,SO2,5,7,6
India,Tamil Nadu,Chennai,"Velachery Res. Area, Chennai - CPCB",16-08-2026 10:00:00,13.0052189,80.2398125,PM2.5,43,43,43
India,Tamil Nadu,Chennai,"Velachery Res. Area, Chennai - CPCB",16-08-2026 10:00:00,13.0052189,80.2398125,NO2,11,12,11
India,Tamil Nadu,Chennai,"Perungudi, Chennai - TNPCB",16-08-2026 10:00:00,12.9533,80.2357,NH3,0,1,0
India,Tamil Nadu,Chennai,"Manali Village, Chennai - TNPCB",16-08-2026 10:00:00,13.1662,80.2584,PM2.5,14,35,26
India,Tamil Nadu,Chennai,"Manali, Chennai - CPCB",16-08-2026 10:00:00,13.164544,80.26285,SO2,NA,NA,NA
India,Tamil Nadu,Chennai,"Manali, Chennai - CPCB",16-08-2026 10:00:00,13.164544,80.26285,CO,14,78,40
India,Tamil Nadu,Chennai,"Royapuram, Chennai - TNPCB",16-08-2026 10:00:00,13.1036,80.2909,PM10,38,84,60
India,Tamil Nadu,Cuddalore,"Kudikadu, Cuddalore - TNPCB",16-08-2026 10:00:00,11.6829898,79.7532099,NO2,NA,NA,NA
India,Tamil Nadu,Cuddalore,"Semmandalam, Cuddalore - TNPCB",16-08-2026 10:00:00,11.7637683,79.7499835,NH3,6,6,6
India,West Bengal,Haldia,"Priyambada Housing Estate, Haldia - WBPCB",16-08-2026 10:00:00,22.06047,88.109737,CO,22,34,29
India,West Bengal,Haldia,"Priyambada Housing Estate, Haldia - WBPCB",16-08-2026 10:00:00,22.06047,88.109737,OZONE,25,28,27
India,West Bengal,Howrah,"Belur Math, Howrah - WBPCB",16-08-2026 10:00:00,22.629801,88.352017,NH3,4,5,4
India,West Bengal,Howrah,"Dasnagar, Howrah - WBPCB",16-08-2026 10:00:00,22.6025571,88.3105664,NO2,1,4,2
India,West Bengal,Howrah,"Botanical Garden, Howrah - WBPCB",16-08-2026 10:00:00,22.554954,88.292568,OZONE,2,2,2
India,West Bengal,Howrah,"Ghusuri, Howrah - WBPCB",16-08-2026 10:00:00,22.611968,88.347422,OZONE,18,22,21
India,West Bengal,Kolkata,"Bidhannagar, Kolkata - WBPCB",16-08-2026 10:00:00,22.58157048,88.41002457,PM10,24,43,31
India,West Bengal,Kolkata,"Bidhannagar, Kolkata - WBPCB",16-08-2026 10:00:00,22.58157048,88.41002457,NO2,12,13,13
India,West Bengal,Kolkata,"Bidhannagar, Kolkata - WBPCB",16-08-2026 10:00:00,22.58157048,88.41002457,OZONE,26,29,28
India,West Bengal,Kolkata,"Jadavpur, Kolkata - WBPCB",16-08-2026 10:00:00,22.49929,88.36917,SO2,5,6,6
India,West Bengal,Kolkata,"Jadavpur, Kolkata - WBPCB",16-08-2026 10:00:00,22.49929,88.36917,CO,29,31,30
India,West Bengal,Kolkata,"Rabindra Bharati University, Kolkata - WBPCB",16-08-2026 10:00:00,22.627847,88.380669,CO,25,28,27
India,West Bengal,Kolkata,"Fort William, Kolkata - WBPCB",16-08-2026 10:00:00,22.55664,88.342674,NH3,9,9,9
India,West Bengal,Kolkata,"Fort William, Kolkata - WBPCB",16-08-2026 10:00:00,22.55664,88.342674,SO2,5,6,5
India,West Bengal,Kolkata,"Rabindra Sarobar, Kolkata - WBPCB",16-08-2026 10:00:00,22.51106,88.35142,PM2.5,19,20,19
India,West Bengal,Kolkata,"Ballygunge, Kolkata - WBPCB",16-08-2026 10:00:00,22.5367507,88.3638022,CO,12,16,14
India,West Bengal,Kolkata,"Ballygunge, Kolkata - WBPCB",16-08-2026 10:00:00,22.5367507,88.3638022,OZONE,14,19,17
India,West Bengal,Kolkata,"Victoria, Kolkata - WBPCB",16-08-2026 10:00:00,22.5448082,88.3403691,PM10,77,89,82
India,West Bengal,Siliguri,"Ward-32 Bapupara, Siliguri - WBPCB",16-08-2026 10:00:00,26.6879226,88.4152495,NO2,105,127,117
India,West Bengal,Siliguri,"Ward-32 Bapupara, Siliguri - WBPCB",16-08-2026 10:00:00,26.6879226,88.4152495,NH3,14,15,15
India,West Bengal,Siliguri,"Ward-32 Bapupara, Siliguri - WBPCB",16-08-2026 10:00:00,26.6879226,88.4152495,SO2,12,14,13
India,Andhra Pradesh,Srikakulam,"Chinna Bharatham Colony, Srikakulam - APPCB",16-08-2026 10:00:00,18.292191,83.897173,CO,58,74,65
India,Andhra Pradesh,Tirumala,"Toll Gate, Tirumala - APPCB",16-08-2026 10:00:00,13.67,79.35,SO2,5,7,6
India,Andhra Pradesh,Tirumala,"Toll Gate, Tirumala - APPCB",16-08-2026 10:00:00,13.67,79.35,CO,24,24,24
India,Andhra Pradesh,Tirupati,"Vaikuntapuram, Tirupati - APPCB",16-08-2026 10:00:00,13.615387,79.40923,PM10,66,72,69
India,Andhra Pradesh,Tirupati,"Vaikuntapuram, Tirupati - APPCB",16-08-2026 10:00:00,13.615387,79.40923,NO2,27,30,29
India,Andhra Pradesh,Tirupati,"Vaikuntapuram, Tirupati - APPCB",16-08-2026 10:00:00,13.615387,79.40923,NH3,3,4,3
India,Andhra Pradesh,Vijayawada,"Rajiv Nagar, Vijayawada - APPCB",16-08-2026 10:00:00,16.554731,80.64911,PM2.5,NA,NA,NA
India,Andhra Pradesh,Vijayawada,"Rajiv Nagar, Vijayawada - APPCB",16-08-2026 10:00:00,16.554731,80.64911,NH3,NA,NA,NA
India,Andhra Pradesh,Vijayawada,"Rajiv Nagar, Vijayawada - APPCB",16-08-2026 10:00:00,16.554731,80.64911,SO2,NA,NA,NA
India,Andhra Pradesh,Vijayawada,"Rajiv Nagar, Vijayawada - APPCB",16-08-2026 10:00:00,16.554731,80.64911,OZONE,43,43,43
India,Andhra Pradesh,Vijayawada,"HB Colony, Vijayawada - APPCB",16-08-2026 10:00:00,16.536107,80.594233,NO2,NA,NA,NA
India,Andhra Pradesh,Visakhapatnam,"GVM Corporation, Visakhapatnam - APPCB",16-08-2026 10:00:00,17.72,83.3,NH3,3,4,4
India,Andhra Pradesh,Visakhapatnam,"GVM Corporation, Visakhapatnam - APPCB",16-08-2026 10:00:00,17.72,83.3,OZONE,2,12,5
India,Arunachal Pradesh,Naharlagun,"Naharlagun, Naharlagun - APSPCB",16-08-2026 10:00:00,27.103358,93.679645,NO2,8,9,8
India,Arunachal Pradesh,Naharlagun,"Naharlagun, Naharlagun - APSPCB",16-08-2026 10:00:00,27.103358,93.679645,OZONE,7,7,7
India,Assam,Byrnihat,"Central Academy for SFS, Byrnihat - PCBA",16-08-2026 10:00:00,26.071318,91.87488,OZONE,18,23,21
India,Assam,Guwahati,"Pan Bazaar, Guwahati - PCBA",16-08-2026 10:00:00,26.1875,91.744194,NH3,1,1,1
India,Assam,Guwahati,"Pan Bazaar, Guwahati - PCBA",16-08-2026 10:00:00,26.1875,91.744194,CO,8,10,9
India,Chhattisgarh,Korba,"Rampur, Korba - CECB",16-08-2026 10:00:00,22.368195,82.746431,SO2,6,12,8
India,Chhattisgarh,Korba,"Rampur, Korba - CECB",16-08-2026 10:00:00,22.368195,82.746431,OZONE,13,13,13
India,Chhattisgarh,Kunjemura,"OP Jindal School, Kunjemura - CECB",16-08-2026 10:00:00,22.12665,83.483212,NO2,7,23,15
India,Chhattisgarh,Kunjemura,"OP Jindal School, Kunjemura - CECB",16-08-2026 10:00:00,22.12665,83.483212,CO,20,24,22
India,Chhattisgarh,Milupara,"Govt. Higher Secondary School, Milupara - CECB",16-08-2026 10:00:00,22.1910172,83.5197009,NO2,10,43,21
India,Chhattisgarh,Raipur,"Krishak Nagar, Raipur - CECB",16-08-2026 10:00:00,21.237755,81.705301,NH3,2,2,2
India,Chhattisgarh,Raipur,"Krishak Nagar, Raipur - CECB",16-08-2026 10:00:00,21.237755,81.705301,CO,6,17,10
India,Chhattisgarh,Raipur,"Bhatagaon New ISBT, Raipur - CECB",16-08-2026 10:00:00,21.219665,81.630094,PM2.5,2,25,10
India,Chhattisgarh,Raipur,"Bhatagaon New ISBT, Raipur - CECB",16-08-2026 10:00:00,21.219665,81.630094,SO2,2,4,3
India,Chhattisgarh,Raipur,"Siltara Phase-II, Raipur - CECB",16-08-2026 10:00:00,21.371751,81.664929,NH3,2,2,2
India,Chhattisgarh,Raipur,"Siltara Phase-II, Raipur - CECB",16-08-2026 10:00:00,21.371751,81.664929,CO,17,17,17
India,Chhattisgarh,Raipur,"AIIMS, Raipur - CECB",16-08-2026 10:00:00,21.258815,81.578979,NO2,1,4,2
India,Chhattisgarh,Tumidih,"OP Jindal Industrial Park, Tumidih - CECB",16-08-2026 10:00:00,22.06631475,83.33820077,SO2,5,5,5
India,Chhattisgarh,Tumidih,"OP Jindal Industrial Park, Tumidih - CECB",16-08-2026 10:00:00,22.06631475,83.33820077,OZONE,7,14,11
India,Delhi,Delhi,"ITO, Delhi - CPCB",16-08-2026 10:00:00,28.628624,77.24106,NH3,1,6,4
India,Delhi,Delhi,"ITO, Delhi - CPCB",16-08-2026 10:00:00,28.628624,77.24106,CO,39,50,43
India,Delhi,Delhi,"Narela, Delhi - DPCC",16-08-2026 10:00:00,28.822836,77.101981,NO2,20,30,24
India,Delhi,Delhi,"Narela, Delhi - DPCC",16-08-2026 10:00:00,28.822836,77.101981,SO2,8,11,10
India,Bihar,Patna,"Rajbansi Nagar, Patna - BSPCB",16-08-2026 10:00:00,25.599486,85.113666,PM2.5,17,38,27
India,Bihar,Patna,"Rajbansi Nagar, Patna - BSPCB",16-08-2026 10:00:00,25.599486,85.113666,PM10,27,41,34
India,Bihar,Patna,"Rajbansi Nagar, Patna - BSPCB",16-08-2026 10:00:00,25.599486,85.113666,NO2,29,33,31
India,Bihar,Patna,"Rajbansi Nagar, Patna - BSPCB",16-08-2026 10:00:00,25.599486,85.113666,NH3,2,3,3
India,Bihar,Patna,"Govt. High School Shikarpur, Patna - BSPCB",16-08-2026 10:00:00,25.592539,85.227158,PM2.5,40,47,43
India,Bihar,Patna,"Govt. High School Shikarpur, Patna - BSPCB",16-08-2026 10:00:00,25.592539,85.227158,CO,38,44,41
India,Bihar,Patna,"DRM Office Danapur, Patna - BSPCB",16-08-2026 10:00:00,25.586562,85.043586,PM10,37,49,42
India,Bihar,Patna,"DRM Office Danapur, Patna - BSPCB",16-08-2026 10:00:00,25.586562,85.043586,OZONE,13,77,29
India,Bihar,Patna,"Muradpur, Patna - BSPCB",16-08-2026 10:00:00,25.619651,85.147382,NH3,4,5,5
India,Bihar,Patna,"Muradpur, Patna - BSPCB",16-08-2026 10:00:00,25.619651,85.147382,OZONE,4,30,11
India,Bihar,Patna,"Samanpura, Patna - BSPCB",16-08-2026 10:00:00,25.596727,85.085624,PM2.5,53,190,88
India,Bihar,Patna,"Samanpura, Patna - BSPCB",16-08-2026 10:00:00,25.596727,85.085624,PM10,92,127,107
India,Bihar,Patna,"Samanpura, Patna - BSPCB",16-08-2026 10:00:00,25.596727,85.085624,NO2,24,24,24
India,Bihar,Patna,"Samanpura, Patna - BSPCB",16-08-2026 10:00:00,25.596727,85.085624,OZONE,22,24,23
India,Bihar,Purnia,"Mariam Nagar, Purnia - BSPCB",16-08-2026 10:00:00,25.366336,87.117468,PM10,11,31,21
India,Bihar,Saharsa,"Police Line, Saharsa - BSPCB",16-08-2026 10:00:00,25.892357,86.590325,PM2.5,17,237,37
India,Bihar,Saharsa,"Police Line, Saharsa - BSPCB",16-08-2026 10:00:00,25.892357,86.590325,NO2,5,8,7
India,Bihar,Saharsa,"Police Line, Saharsa - BSPCB",16-08-2026 10:00:00,25.892357,86.590325,OZONE,12,17,15
India,Bihar,Samastipur,"DM Office_Kasipur, Samastipur - BSPCB",16-08-2026 10:00:00,25.859655,85.77944,PM2.5,8,220,89
India,Assam,Guwahati,"LGBI Airport, Guwahati - PCBA",16-08-2026 10:00:00,26.10887,91.589544,PM10,13,59,34
India,Assam,Guwahati,"LGBI Airport, Guwahati - PCBA",16-08-2026 10:00:00,26.10887,91.589544,OZONE,13,25,16
India,Assam,Guwahati,"Railway Colony, Guwahati - PCBA",16-08-2026 10:00:00,26.181742,91.78063,PM2.5,24,44,35
India,Assam,Guwahati,"Railway Colony, Guwahati - PCBA",16-08-2026 10:00:00,26.181742,91.78063,NH3,1,1,1
India,Assam,Nagaon,"Christianpatty, Nagaon - PCBA",16-08-2026 10:00:00,26.349082,92.68449,NO2,NA,NA,NA
India,Assam,Nalbari,"Bata Chowk, Nalbari - PCBA",16-08-2026 10:00:00,26.446912,91.439057,PM2.5,20,43,27
India,Assam,Nalbari,"Bata Chowk, Nalbari - PCBA",16-08-2026 10:00:00,26.446912,91.439057,SO2,8,8,8
India,Assam,Nalbari,"Bata Chowk, Nalbari - PCBA",16-08-2026 10:00:00,26.446912,91.439057,CO,20,22,21
India,Assam,Nalbari,"Bata Chowk, Nalbari - PCBA",16-08-2026 10:00:00,26.446912,91.439057,OZONE,19,19,19
India,Assam,Silchar,"Tarapur, Silchar - PCBA",16-08-2026 10:00:00,24.82827,92.79525,PM2.5,40,41,40
India,Assam,Silchar,"Tarapur, Silchar - PCBA",16-08-2026 10:00:00,24.82827,92.79525,CO,26,46,32
India,Assam,Sivasagar,"Girls College, Sivasagar - PCBA",16-08-2026 10:00:00,26.987634,94.636574,SO2,8,9,9
India,Bihar,Araria,"Kharahiya Basti, Araria - BSPCB",16-08-2026 10:00:00,26.146529,87.454184,NH3,4,5,4
India,Bihar,Begusarai,"Lohiyanagar, Begusarai - BSPCB",16-08-2026 10:00:00,25.42742023,86.13886079,NO2,5,11,9
India,Bihar,Begusarai,"Lohiyanagar, Begusarai - BSPCB",16-08-2026 10:00:00,25.42742023,86.13886079,NH3,15,16,16
India,Bihar,Bettiah,"Kamalnath Nagar, Bettiah - BSPCB",16-08-2026 10:00:00,26.80365,84.51954,PM10,19,23,21
India,Bihar,Bettiah,"Kamalnath Nagar, Bettiah - BSPCB",16-08-2026 10:00:00,26.80365,84.51954,NH3,2,4,3
India,Andhra Pradesh,Guntur,"Rajendra Nagar North, Guntur - APPCB",16-08-2026 10:00:00,16.316553,80.413302,SO2,9,15,12
India,Andhra Pradesh,Kadapa,"Yerramukkapalli, Kadapa - APPCB",16-08-2026 10:00:00,14.465052,78.824187,NH3,3,13,4
India,Andhra Pradesh,Kadapa,"Yerramukkapalli, Kadapa - APPCB",16-08-2026 10:00:00,14.465052,78.824187,SO2,11,15,12
India,Andhra Pradesh,Kadapa,"Yerramukkapalli, Kadapa - APPCB",16-08-2026 10:00:00,14.465052,78.824187,OZONE,9,9,9
India,Andhra Pradesh,Kakinada,"Rama Rao Peta, Kakinada - APPCB",16-08-2026 10:00:00,16.962488,82.229513,SO2,10,11,10
India,Andhra Pradesh,Machilipatnam,"Srinivas Nagar Colony, Machilipatnam - APPCB",16-08-2026 10:00:00,16.186555,81.13219,PM2.5,39,54,52
India,Andhra Pradesh,Machilipatnam,"Srinivas Nagar Colony, Machilipatnam - APPCB",16-08-2026 10:00:00,16.186555,81.13219,SO2,14,20,16
India,Andhra Pradesh,Nellore,"Ambedkar Nagar, Nellore - APPCB ",16-08-2026 10:00:00,14.438164,79.966814,OZONE,24,27,25
India,Andhra Pradesh,Rajamahendravaram,"Anand Kala Kshetram, Rajamahendravaram - APPCB",16-08-2026 10:00:00,16.9872867,81.7363176,SO2,5,6,5
India,Andhra Pradesh,Srikakulam,"Chinna Bharatham Colony, Srikakulam - APPCB",16-08-2026 10:00:00,18.292191,83.897173,PM2.5,4,55,20
India,Bihar,Sasaram,"Dada Peer, Sasaram - BSPCB",16-08-2026 10:00:00,24.952822,84.002396,OZONE,16,21,17
India,Chandigarh,Chandigarh,"Sector-53, Chandigarh - CPCC",16-08-2026 10:00:00,30.719859,76.738637,PM2.5,2,28,9
India,Chandigarh,Chandigarh,"Sector-53, Chandigarh - CPCC",16-08-2026 10:00:00,30.719859,76.738637,CO,33,36,34
India,Chhattisgarh,Bhilai,"32Bungalows, Bhilai - CECB",16-08-2026 10:00:00,21.194815,81.31477,OZONE,7,8,8
India,Chhattisgarh,Bhilai,"Hathkhoj, Bhilai - CECB",16-08-2026 10:00:00,21.224231,81.40835,SO2,11,37,17
India,Chhattisgarh,Bilaspur,"Mangala, Bilaspur - NTPC",16-08-2026 10:00:00,22.08815,82.13737,PM2.5,10,46,24
India,Chhattisgarh,Bilaspur,"Mangala, Bilaspur - NTPC",16-08-2026 10:00:00,22.08815,82.13737,PM10,8,60,28
India,Chhattisgarh,Bilaspur,"Mangala, Bilaspur - NTPC",16-08-2026 10:00:00,22.08815,82.13737,NO2,24,26,25
India,Chhattisgarh,Bilaspur,"Mangala, Bilaspur - NTPC",16-08-2026 10:00:00,22.08815,82.13737,CO,7,22,14
India,Chhattisgarh,Bilaspur,"Mangala, Bilaspur - NTPC",16-08-2026 10:00:00,22.08815,82.13737,OZONE,NA,NA,NA
India,Chhattisgarh,Korba,"Urja Nagar, Korba - CECB",16-08-2026 10:00:00,22.348441,82.549611,NH3,1,1,1
India,Chhattisgarh,Korba,"Urja Nagar, Korba - CECB",16-08-2026 10:00:00,22.348441,82.549611,SO2,8,13,10
India,Bihar,Manguraha,"Forest Rest House, Manguraha - BSPCB",16-08-2026 10:00:00,27.308328,84.531742,NH3,0,1,1
India,Bihar,Motihari,"Gandak Colony, Motihari - BSPCB",16-08-2026 10:00:00,26.63086,84.90051,OZONE,49,58,56
India,Bihar,Munger,"Town Hall, Munger - BSPCB",16-08-2026 10:00:00,25.376776,86.471523,NO2,12,13,12
India,Bihar,Munger,"Town Hall, Munger - BSPCB",16-08-2026 10:00:00,25.376776,86.471523,NH3,3,3,3
India,Bihar,Munger,"Town Hall, Munger - BSPCB",16-08-2026 10:00:00,25.376776,86.471523,SO2,72,82,75
India,Bihar,Muzaffarpur,"Buddha Colony, Muzaffarpur - BSPCB",16-08-2026 10:00:00,26.11442,85.39813,SO2,1,18,7
India,Bihar,Muzaffarpur,"Buddha Colony, Muzaffarpur - BSPCB",16-08-2026 10:00:00,26.11442,85.39813,CO,19,20,20
India,Bihar,Muzaffarpur,"Buddha Colony, Muzaffarpur - BSPCB",16-08-2026 10:00:00,26.11442,85.39813,OZONE,12,43,21
India,Bihar,Muzaffarpur,"MIT-Daudpur Kothi, Muzaffarpur - BSPCB",16-08-2026 10:00:00,26.1403345,85.3650192,PM2.5,20,38,29
India,Bihar,Muzaffarpur,"MIT-Daudpur Kothi, Muzaffarpur - BSPCB",16-08-2026 10:00:00,26.1403345,85.3650192,PM10,27,37,31
India,Bihar,Muzaffarpur,"MIT-Daudpur Kothi, Muzaffarpur - BSPCB",16-08-2026 10:00:00,26.1403345,85.3650192,NO2,2,7,4
India,Delhi,Delhi,"Cantonment Area, Delhi - DPCC",16-08-2026 10:00:00,28.594169,77.1251,NH3,2,4,3
India,Delhi,Delhi,"Major Dhyan Chand National Stadium, Delhi - DPCC",16-08-2026 10:00:00,28.611281,77.237738,PM10,33,106,68
India,Delhi,Delhi,"Major Dhyan Chand National Stadium, Delhi - DPCC",16-08-2026 10:00:00,28.611281,77.237738,NO2,17,105,48
India,Delhi,Delhi,"Major Dhyan Chand National Stadium, Delhi - DPCC",16-08-2026 10:00:00,28.611281,77.237738,NH3,NA,NA,NA
India,Delhi,Delhi,"Major Dhyan Chand National Stadium, Delhi - DPCC",16-08-2026 10:00:00,28.611281,77.237738,SO2,15,21,17
India,Delhi,Delhi,"Sonia Vihar, Delhi - DPCC",16-08-2026 10:00:00,28.710508,77.249485,SO2,2,10,6
India,Delhi,Delhi,"Sonia Vihar, Delhi - DPCC",16-08-2026 10:00:00,28.710508,77.249485,CO,41,61,53
India,Delhi,Delhi,"Okhla Phase-2, Delhi - DPCC",16-08-2026 10:00:00,28.530785,77.271255,PM2.5,20,167,52
India,Delhi,Delhi,"Okhla Phase-2, Delhi - DPCC",16-08-2026 10:00:00,28.530785,77.271255,NO2,12,44,24
India,Delhi,Delhi,"Rohini, Delhi - DPCC",16-08-2026 10:00:00,28.732528,77.11992,SO2,8,9,9
India,Delhi,Delhi,"Vivek Vihar, Delhi - DPCC",16-08-2026 10:00:00,28.672342,77.31526,PM10,45,111,73
India,Bihar,Chhapra,"Darshan Nagar, Chhapra - BSPCB",16-08-2026 10:00:00,25.7808257,84.7446768,NO2,0,1,1
India,Bihar,Chhapra,"Darshan Nagar, Chhapra - BSPCB",16-08-2026 10:00:00,25.7808257,84.7446768,NH3,4,6,5
India,Bihar,Gaya,"SFTI Kusdihra, Gaya - BSPCB",16-08-2026 10:00:00,24.762518,84.982348,OZONE,9,19,12
India,Bihar,Gaya,"Kareemganj, Gaya - BSPCB",16-08-2026 10:00:00,24.792403,84.992416,CO,41,53,51
India,Bihar,Gaya,"Kareemganj, Gaya - BSPCB",16-08-2026 10:00:00,24.792403,84.992416,OZONE,9,92,30
India,Bihar,Hajipur,"Industrial Area, Hajipur - BSPCB",16-08-2026 10:00:00,25.697189,85.2459,NO2,10,21,14
India,Bihar,Hajipur,"Industrial Area, Hajipur - BSPCB",16-08-2026 10:00:00,25.697189,85.2459,SO2,4,7,5
India,Bihar,Hajipur,"Industrial Area, Hajipur - BSPCB",16-08-2026 10:00:00,25.697189,85.2459,OZONE,19,38,25
India,Bihar,Kishanganj,"SDM Office_Khagra, Kishanganj - BSPCB",16-08-2026 10:00:00,26.0881305,87.93840336,PM10,31,57,42
India,Andhra Pradesh,Amaravati,"Secretariat, Amaravati - APPCB",16-08-2026 10:00:00,16.5150833,80.5181667,NO2,12,37,19
India,Andhra Pradesh,Amaravati,"Secretariat, Amaravati - APPCB",16-08-2026 10:00:00,16.5150833,80.5181667,SO2,2,69,8
India,Andhra Pradesh,Amaravati,"Secretariat, Amaravati - APPCB",16-08-2026 10:00:00,16.5150833,80.5181667,CO,7,13,10
India,Haryana,Palwal,"Shyam Nagar, Palwal - HSPCB",16-08-2026 10:00:00,28.1485564,77.3320667,NH3,6,6,6
India,Haryana,Palwal,"Shyam Nagar, Palwal - HSPCB",16-08-2026 10:00:00,28.1485564,77.3320667,CO,18,103,52
India,Haryana,Palwal,"Shyam Nagar, Palwal - HSPCB",16-08-2026 10:00:00,28.1485564,77.3320667,OZONE,9,11,10
India,Haryana,Panchgaon,"Amity University, Panchgaon - IITM",16-08-2026 10:00:00,28.3153,76.9143,PM2.5,22,97,45
India,Haryana,Panchgaon,"Amity University, Panchgaon - IITM",16-08-2026 10:00:00,28.3153,76.9143,PM10,19,85,42
India,Haryana,Panchgaon,"Amity University, Panchgaon - IITM",16-08-2026 10:00:00,28.3153,76.9143,NH3,1,3,2
India,Haryana,Panchkula,"Sector-6, Panchkula - HSPCB ",16-08-2026 10:00:00,30.7057778,76.8531805555555,NH3,NA,NA,NA
India,Haryana,Panchkula,"Sector-6, Panchkula - HSPCB ",16-08-2026 10:00:00,30.7057778,76.8531805555555,SO2,9,13,11
India,Haryana,Panchkula,"Sector-6, Panchkula - HSPCB ",16-08-2026 10:00:00,30.7057778,76.8531805555555,CO,19,21,20
India,Haryana,Panchkula,"Sector-6, Panchkula - HSPCB ",16-08-2026 10:00:00,30.7057778,76.8531805555555,OZONE,39,46,42
India,Haryana,Panipat,"Sector-18, Panipat - HSPCB",16-08-2026 10:00:00,29.432304,76.972765,PM2.5,17,286,137
India,Haryana,Panipat,"Sector-18, Panipat - HSPCB",16-08-2026 10:00:00,29.432304,76.972765,NH3,7,12,9
India,Haryana,Rohtak,"MD University, Rohtak - HSPCB",16-08-2026 10:00:00,28.52123,76.37138,CO,14,42,35
India,Haryana,Sirsa,"F-Block, Sirsa - HSPCB",16-08-2026 10:00:00,29.5364,75.0158,OZONE,15,32,25
India,Haryana,Sonipat,"Murthal, Sonipat - HSPCB",16-08-2026 10:00:00,29.0272,77.0621,NH3,8,9,9
India,Haryana,Yamuna Nagar,"Gobind Pura, Yamuna Nagar - HSPCB",16-08-2026 10:00:00,30.1480566,77.2893471,PM2.5,36,106,65
India,Himachal Pradesh,Baddi,"HIMUDA Complex Phase-1, Baddi - HPPCB",16-08-2026 10:00:00,30.943887,76.801991,NO2,3,22,9
India,Gujarat,Ahmedabad,"Maninagar, Ahmedabad - GPCB",16-08-2026 10:00:00,23.002657,72.591912,CO,15,39,28
India,Gujarat,Ahmedabad,"Chandkheda, Ahmedabad - IITM",16-08-2026 10:00:00,23.107969,72.574648,PM2.5,31,64,47
India,Gujarat,Ahmedabad,"Chandkheda, Ahmedabad - IITM",16-08-2026 10:00:00,23.107969,72.574648,CO,37,41,39
India,Gujarat,Ahmedabad,"SAC ISRO Satellite, Ahmedabad - IITM",16-08-2026 10:00:00,23.023389,72.515201,SO2,1,5,3
India,Gujarat,Ahmedabad,"SAC ISRO Satellite, Ahmedabad - IITM",16-08-2026 10:00:00,23.023389,72.515201,OZONE,2,5,3
India,Gujarat,Ahmedabad,"Raikhad, Ahmedabad - IITM",16-08-2026 10:00:00,23.020509,72.579261,OZONE,10,11,11
India,Gujarat,Ankleshwar,"GIDC, Ankleshwar - GPCB",16-08-2026 10:00:00,21.613267,73.010555,PM2.5,27,47,35
India,Gujarat,Ankleshwar,"GIDC, Ankleshwar - GPCB",16-08-2026 10:00:00,21.613267,73.010555,SO2,16,17,16
India,Gujarat,Gandhinagar,"Sector-10, Gandhinagar - GPCB",16-08-2026 10:00:00,23.221714,72.654328,PM10,26,158,55
India,Gujarat,Gandhinagar,"IIPHG Lekawada, Gandhinagar - IITM",16-08-2026 10:00:00,23.243639,72.68994,PM2.5,1,10,5
India,Gujarat,Gandhinagar,"IIPHG Lekawada, Gandhinagar - IITM",16-08-2026 10:00:00,23.243639,72.68994,SO2,2,3,2
India,Gujarat,Gandhinagar,"IIPHG Lekawada, Gandhinagar - IITM",16-08-2026 10:00:00,23.243639,72.68994,CO,12,14,13
India,Gujarat,Gandhinagar,"GIFT City, Gandhinagar - IITM",16-08-2026 10:00:00,23.163798,72.677768,PM2.5,18,46,32
India,Gujarat,Gandhinagar,"GIFT City, Gandhinagar - IITM",16-08-2026 10:00:00,23.163798,72.677768,SO2,2,12,6
India,Gujarat,Mehsana,"Sadanand Nagar, Mehsana - Nexteng Enviro",16-08-2026 10:00:00,23.59315,72.372792,PM10,61,123,91
India,Gujarat,Mehsana,"Sadanand Nagar, Mehsana - Nexteng Enviro",16-08-2026 10:00:00,23.59315,72.372792,NH3,0,0,0
India,Gujarat,Nandesari,"GIDC, Nandesari - Nandesari Ind. Association",16-08-2026 10:00:00,22.410802,73.097923,PM2.5,33,170,57
India,Gujarat,Nandesari,"GIDC, Nandesari - Nandesari Ind. Association",16-08-2026 10:00:00,22.410802,73.097923,PM10,37,120,57
India,Gujarat,Rajkot,"Mavdi, Rajkot - Nexteng Enviro ",16-08-2026 10:00:00,22.248853,70.776774,NO2,3,7,5
India,Gujarat,Rajkot,"Mavdi, Rajkot - Nexteng Enviro ",16-08-2026 10:00:00,22.248853,70.776774,NH3,1,1,1
India,Gujarat,Rajkot,"Mavdi, Rajkot - Nexteng Enviro ",16-08-2026 10:00:00,22.248853,70.776774,OZONE,10,13,12
India,Gujarat,Surat,"Science Center, Surat - SMC",16-08-2026 10:00:00,21.170046,72.795405,PM10,32,71,53
India,Gujarat,Surat,"Science Center, Surat - SMC",16-08-2026 10:00:00,21.170046,72.795405,NO2,2,10,5
India,Gujarat,Surat,"Science Center, Surat - SMC",16-08-2026 10:00:00,21.170046,72.795405,NH3,NA,NA,NA
India,Gujarat,Surat,"Science Center, Surat - SMC",16-08-2026 10:00:00,21.170046,72.795405,SO2,16,17,17
India,Gujarat,Vapi,"Phase-1 GIDC, Vapi - GPCB",16-08-2026 10:00:00,20.362421,72.918013,SO2,9,12,10
India,Gujarat,Vapi,"Phase-1 GIDC, Vapi - GPCB",16-08-2026 10:00:00,20.362421,72.918013,CO,NA,NA,NA
India,Gujarat,Vatva,"Phase-4 GIDC, Vatva - GPCB",16-08-2026 10:00:00,22.969611,72.6435,PM2.5,52,91,71
India,Gujarat,Vatva,"Phase-4 GIDC, Vatva - GPCB",16-08-2026 10:00:00,22.969611,72.6435,OZONE,10,10,10
India,Haryana,Ambala,"Patti Mehar, Ambala - HSPCB",16-08-2026 10:00:00,30.379589,76.778328,PM2.5,11,63,45
India,Haryana,Ambala,"Patti Mehar, Ambala - HSPCB",16-08-2026 10:00:00,30.379589,76.778328,NO2,5,7,6
India,Haryana,Ambala,"Patti Mehar, Ambala - HSPCB",16-08-2026 10:00:00,30.379589,76.778328,CO,14,37,24
India,Haryana,Bahadurgarh,"Arya Nagar, Bahadurgarh - HSPCB",16-08-2026 10:00:00,28.6701,76.9254,PM2.5,30,79,51
India,Haryana,Bhiwani,"H.B. Colony, Bhiwani - HSPCB",16-08-2026 10:00:00,28.806223,76.141105,NO2,7,10,8
India,Haryana,Bhiwani,"H.B. Colony, Bhiwani - HSPCB",16-08-2026 10:00:00,28.806223,76.141105,SO2,12,13,13
India,Haryana,Dharuhera,"Municipal Corporation Office, Dharuhera -  HSPCB",16-08-2026 10:00:00,28.2068,76.7997,NH3,7,14,10
India,Haryana,Faridabad,"New Industrial Town, Faridabad - HSPCB",16-08-2026 10:00:00,28.39072,77.30059,NH3,11,12,11
India,Haryana,Faridabad,"New Industrial Town, Faridabad - HSPCB",16-08-2026 10:00:00,28.39072,77.30059,SO2,3,7,5
India,Haryana,Faridabad,"New Industrial Town, Faridabad - HSPCB",16-08-2026 10:00:00,28.39072,77.30059,OZONE,14,15,14
India,Haryana,Faridabad,"Sector 11, Faridabad - HSPCB",16-08-2026 10:00:00,28.376058,77.315741,OZONE,16,16,16
India,Haryana,Faridabad,"Sector 30, Faridabad - HSPCB",16-08-2026 10:00:00,28.4417,77.3217,NH3,11,12,12
India,Haryana,Fatehabad,"Huda Sector, Fatehabad - HSPCB",16-08-2026 10:00:00,29.503664,75.467934,NH3,13,15,14
India,Haryana,Gurugram,"NISE Gwal Pahari, Gurugram - IITM",16-08-2026 10:00:00,28.422681,77.148944,NO2,9,17,13
India,Haryana,Gurugram,"NISE Gwal Pahari, Gurugram - IITM",16-08-2026 10:00:00,28.422681,77.148944,OZONE,11,22,16
India,Haryana,Gurugram,"Sector-51, Gurugram - HSPCB",16-08-2026 10:00:00,28.4227,77.0667,NO2,NA,NA,NA
India,Haryana,Gurugram,"Sector-51, Gurugram - HSPCB",16-08-2026 10:00:00,28.4227,77.0667,OZONE,6,18,12
India,Delhi,Delhi,"Wazirpur, Delhi - DPCC",16-08-2026 10:00:00,28.699793,77.165453,SO2,15,19,17
India,Delhi,Delhi,"Mundka, Delhi - DPCC",16-08-2026 10:00:00,28.684678,77.076574,OZONE,4,7,6
India,Delhi,Delhi,"Ashok Vihar, Delhi - DPCC",16-08-2026 10:00:00,28.695381,77.181665,NO2,7,55,17
India,Delhi,Delhi,"Ashok Vihar, Delhi - DPCC",16-08-2026 10:00:00,28.695381,77.181665,SO2,8,12,10
India,Delhi,Delhi,"Anand Vihar, Delhi - DPCC",16-08-2026 10:00:00,28.647622,77.315809,PM10,125,500,260
India,Delhi,Delhi,"Anand Vihar, Delhi - DPCC",16-08-2026 10:00:00,28.647622,77.315809,NH3,4,17,8
India,Delhi,Delhi,"Shadipur, Delhi - CPCB",16-08-2026 10:00:00,28.6514781,77.1473105,CO,12,41,22
India,Delhi,Delhi,"Pusa, Delhi - DPCC",16-08-2026 10:00:00,28.639652,77.146275,PM10,41,163,97
India,Delhi,Delhi,"Pusa, Delhi - DPCC",16-08-2026 10:00:00,28.639652,77.146275,NH3,8,15,11
India,Delhi,Delhi,"Pusa, Delhi - DPCC",16-08-2026 10:00:00,28.639652,77.146275,OZONE,1,2,2
India,Delhi,Delhi,"Sirifort, Delhi - CPCB",16-08-2026 10:00:00,28.5504249,77.2159377,PM2.5,35,163,69
India,Delhi,Delhi,"Chandni Chowk, Delhi - IITM",16-08-2026 10:00:00,28.656756,77.227234,PM2.5,35,91,61
India,Delhi,Delhi,"Chandni Chowk, Delhi - IITM",16-08-2026 10:00:00,28.656756,77.227234,PM10,80,137,102
India,Delhi,Delhi,"NSIT Dwarka, Delhi - CPCB",16-08-2026 10:00:00,28.60909,77.0325413,CO,28,61,42
India,Delhi,Delhi,"CRRI Mathura Road, Delhi - IITM",16-08-2026 10:00:00,28.5512005,77.2735737,NO2,4,95,28
India,Delhi,Delhi,"CRRI Mathura Road, Delhi - IITM",16-08-2026 10:00:00,28.5512005,77.2735737,NH3,NA,NA,NA
India,Delhi,Delhi,"Alipur, Delhi - DPCC",16-08-2026 10:00:00,28.815329,77.15301,NO2,36,66,45
India,Delhi,Delhi,"Alipur, Delhi - DPCC",16-08-2026 10:00:00,28.815329,77.15301,SO2,3,7,5
India,Delhi,Delhi,"North Campus, DU, Delhi - IITM",16-08-2026 10:00:00,28.6573814,77.1585447,PM10,51,112,75
India,Delhi,Delhi,"North Campus, DU, Delhi - IITM",16-08-2026 10:00:00,28.6573814,77.1585447,SO2,NA,NA,NA
India,Delhi,Delhi,"North Campus, DU, Delhi - IITM",16-08-2026 10:00:00,28.6573814,77.1585447,CO,16,22,20
India,Delhi,Delhi,"North Campus, DU, Delhi - IITM",16-08-2026 10:00:00,28.6573814,77.1585447,OZONE,33,48,39
India,Delhi,Delhi,"R K Puram, Delhi - DPCC",16-08-2026 10:00:00,28.563262,77.186937,PM10,56,139,91
India,Delhi,Delhi,"R K Puram, Delhi - DPCC",16-08-2026 10:00:00,28.563262,77.186937,NH3,5,9,6
India,Gujarat,Ahmedabad,"SVPI Airport Hansol, Ahmedabad - IITM",16-08-2026 10:00:00,23.076793,72.627874,OZONE,5,7,6
India,Haryana,Gurugram,"Vikas Sadan, Gurugram - HSPCB",16-08-2026 10:00:00,28.4501238,77.0263051,CO,25,56,41
India,Haryana,Hisar,"Urban Estate-II, Hisar - HSPCB",16-08-2026 10:00:00,29.14056,75.744941,PM2.5,51,92,74
India,Haryana,Hisar,"Urban Estate-II, Hisar - HSPCB",16-08-2026 10:00:00,29.14056,75.744941,OZONE,27,27,27
India,Haryana,Jind,"Police Lines, Jind - HSPCB",16-08-2026 10:00:00,29.307814,76.337619,OZONE,8,11,10
India,Haryana,Karnal,"Sector-12, Karnal - HSPCB",16-08-2026 10:00:00,29.6953,77.0027,PM2.5,24,87,50
India,Haryana,Kurukshetra,"Sector-7, Kurukshetra - HSPCB",16-08-2026 10:00:00,29.966942,76.875879,PM2.5,16,61,48
India,Haryana,Kurukshetra,"Sector-7, Kurukshetra - HSPCB",16-08-2026 10:00:00,29.966942,76.875879,NH3,5,5,5
India,Haryana,Kurukshetra,"Sector-7, Kurukshetra - HSPCB",16-08-2026 10:00:00,29.966942,76.875879,CO,21,31,26
India,Haryana,Mandikhera,"General Hospital, Mandikhera(Nuh) - HSPCB",16-08-2026 10:00:00,27.9002,76.9938,PM2.5,NA,NA,NA
India,Delhi,Delhi,"Pusa, Delhi - IITM",16-08-2026 10:00:00,28.63611,77.173332,PM10,35,94,64
India,Delhi,Delhi,"DTU, Delhi - CPCB",16-08-2026 10:00:00,28.7500499,77.1112615,NH3,3,10,6
India,Delhi,Delhi,"DTU, Delhi - CPCB",16-08-2026 10:00:00,28.7500499,77.1112615,SO2,29,54,32
India,Delhi,Delhi,"Dwarka-Sector 8, Delhi - DPCC ",16-08-2026 10:00:00,28.5710274,77.0719006,PM2.5,3,58,25
India,Delhi,Delhi,"Dwarka-Sector 8, Delhi - DPCC ",16-08-2026 10:00:00,28.5710274,77.0719006,SO2,9,16,13
India,Delhi,Delhi,"IIT Delhi, Delhi - IITM",16-08-2026 10:00:00,28.54246,77.191651,SO2,NA,NA,NA
India,Delhi,Delhi,"IIT Delhi, Delhi - IITM",16-08-2026 10:00:00,28.54246,77.191651,CO,34,38,36
India,Delhi,Delhi,"Commonwealth Sports Complex, Delhi - DPCC",16-08-2026 10:00:00,28.615828,77.271992,NH3,2,4,3
India,Delhi,Delhi,"Talkatora Garden, Delhi - DPCC",16-08-2026 10:00:00,28.62181,77.1944633,SO2,0,2,1
India,Delhi,Delhi,"IHBAS, Dilshad Garden, Delhi - CPCB",16-08-2026 10:00:00,28.6811736,77.3025234,CO,82,110,96
India,Delhi,Delhi,"Nehru Nagar, Delhi - DPCC",16-08-2026 10:00:00,28.56789,77.250515,PM10,54,167,97
India,Delhi,Delhi,"Nehru Nagar, Delhi - DPCC",16-08-2026 10:00:00,28.56789,77.250515,CO,2,78,48
India,Delhi,Delhi,"Nehru Nagar, Delhi - DPCC",16-08-2026 10:00:00,28.56789,77.250515,OZONE,11,20,14
India,Delhi,Delhi,"Jawaharlal Nehru Stadium, Delhi - DPCC",16-08-2026 10:00:00,28.58028,77.233829,NH3,12,15,13
India,Delhi,Delhi,"Najafgarh, Delhi - DPCC",16-08-2026 10:00:00,28.570173,76.933762,SO2,15,24,19
India,Delhi,Delhi,"Najafgarh, Delhi - DPCC",16-08-2026 10:00:00,28.570173,76.933762,CO,NA,NA,NA
India,Maharashtra,Aurangabad,"More Chowk Waluj, Aurangabad - MPCB",16-08-2026 10:00:00,19.8389439,75.244448,NO2,8,11,10
India,Maharashtra,Aurangabad,"More Chowk Waluj, Aurangabad - MPCB",16-08-2026 10:00:00,19.8389439,75.244448,CO,4,45,20
India,Maharashtra,Badlapur,"Katrap, Badlapur - MPCB",16-08-2026 10:00:00,19.16485,73.23409,PM2.5,4,10,6
India,Maharashtra,Badlapur,"Katrap, Badlapur - MPCB",16-08-2026 10:00:00,19.16485,73.23409,CO,36,53,41
India,Maharashtra,Beed,"Bir, Beed - MPCB",16-08-2026 10:00:00,18.988474,75.753873,PM2.5,5,33,16
India,Maharashtra,Beed,"Bir, Beed - MPCB",16-08-2026 10:00:00,18.988474,75.753873,SO2,1,9,6
India,Maharashtra,Bhiwandi,"Gokul Nagar, Bhiwandi - MPCB",16-08-2026 10:00:00,19.309073,73.057223,PM10,18,59,40
India,Maharashtra,Bhiwandi,"Gokul Nagar, Bhiwandi - MPCB",16-08-2026 10:00:00,19.309073,73.057223,NO2,3,25,13
India,Maharashtra,Bhiwandi,"Gokul Nagar, Bhiwandi - MPCB",16-08-2026 10:00:00,19.309073,73.057223,NH3,5,19,14
India,Maharashtra,Boisar,"Khaira, Boisar - MPCB",16-08-2026 10:00:00,19.786089,72.757971,PM2.5,NA,NA,NA
India,Maharashtra,Boisar,"Khaira, Boisar - MPCB",16-08-2026 10:00:00,19.786089,72.757971,CO,15,31,22
India,Maharashtra,Boisar,"Khaira, Boisar - MPCB",16-08-2026 10:00:00,19.786089,72.757971,OZONE,1,3,2
India,Maharashtra,Chandrapur,"MIDC Khutala, Chandrapur - MPCB",16-08-2026 10:00:00,19.9775302,79.2337086,OZONE,12,16,14
India,Maharashtra,Dhule,"Deopur, Dhule - MPCB",16-08-2026 10:00:00,20.918946,74.776388,CO,4,11,6
India,Maharashtra,Dombivli,"Kalu Nagar, Dombivli - MPCB",16-08-2026 10:00:00,19.2268427,73.0788456,PM2.5,3,18,8
India,Maharashtra,Dombivli,"Kalu Nagar, Dombivli - MPCB",16-08-2026 10:00:00,19.2268427,73.0788456,PM10,4,23,13
India,Maharashtra,Dombivli,"Kalu Nagar, Dombivli - MPCB",16-08-2026 10:00:00,19.2268427,73.0788456,SO2,NA,NA,NA
India,Maharashtra,Dombivli,"Kalu Nagar, Dombivli - MPCB",16-08-2026 10:00:00,19.2268427,73.0788456,CO,NA,NA,NA
India,Maharashtra,Hingoli,"Ashta Vinayak Nagar, Hingoli - MPCB",16-08-2026 10:00:00,19.710842,77.151824,NO2,3,11,6
India,Maharashtra,Hingoli,"Ashta Vinayak Nagar, Hingoli - MPCB",16-08-2026 10:00:00,19.710842,77.151824,NH3,1,3,2
India,Madhya Pradesh,Gwalior,"City Center, Gwalior - MPPCB",16-08-2026 10:00:00,26.203442,78.193251,CO,19,31,23
India,Madhya Pradesh,Gwalior,"City Center, Gwalior - MPPCB",16-08-2026 10:00:00,26.203442,78.193251,OZONE,49,63,52
India,Madhya Pradesh,Gwalior,"Deen Dayal Nagar, Gwalior - MPPCB",16-08-2026 10:00:00,26.259242,78.216432,PM10,5,46,23
India,Madhya Pradesh,Gwalior,"Deen Dayal Nagar, Gwalior - MPPCB",16-08-2026 10:00:00,26.259242,78.216432,NO2,35,50,43
India,Madhya Pradesh,Indore,"Regional Park, Indore - IMC",16-08-2026 10:00:00,22.678,75.8559,PM10,5,29,21
India,Madhya Pradesh,Indore,"Regional Park, Indore - IMC",16-08-2026 10:00:00,22.678,75.8559,NO2,2,12,7
India,Madhya Pradesh,Indore,"Regional Park, Indore - IMC",16-08-2026 10:00:00,22.678,75.8559,SO2,37,40,39
India,Madhya Pradesh,Indore,"Regional Park, Indore - IMC",16-08-2026 10:00:00,22.678,75.8559,OZONE,4,5,5
India,Madhya Pradesh,Indore,"Chhoti Gwaltoli, Indore - MPPCB",16-08-2026 10:00:00,22.431,75.5213,PM2.5,23,70,48
India,Madhya Pradesh,Indore,"Chhoti Gwaltoli, Indore - MPPCB",16-08-2026 10:00:00,22.431,75.5213,NO2,33,56,41
India,Madhya Pradesh,Indore,"Airport Area, Indore - IMC",16-08-2026 10:00:00,22.7289,75.8076,NO2,13,73,19
India,Madhya Pradesh,Indore,"Maguda Nagar, Indore - IMC",16-08-2026 10:00:00,22.7524,75.8872,PM10,6,31,21
India,Madhya Pradesh,Indore,"Maguda Nagar, Indore - IMC",16-08-2026 10:00:00,22.7524,75.8872,NO2,2,4,3
India,Madhya Pradesh,Indore,"Residency Area, Indore - IMC",16-08-2026 10:00:00,22.7084,75.8815,OZONE,5,6,6
India,Madhya Pradesh,Jabalpur,"Marhatal, Jabalpur - MPPCB",16-08-2026 10:00:00,23.168606,79.932247,NO2,39,46,42
India,Madhya Pradesh,Jabalpur,"Gupteshwar, Jabalpur - JMC",16-08-2026 10:00:00,23.142888,79.916147,NH3,4,5,5
India,Madhya Pradesh,Jabalpur,"Gupteshwar, Jabalpur - JMC",16-08-2026 10:00:00,23.142888,79.916147,SO2,8,11,9
India,Madhya Pradesh,Jabalpur,"Suhagi, Jabalpur - JMC",16-08-2026 10:00:00,23.218135,79.95777,NO2,34,43,38
India,Madhya Pradesh,Katni,"Gole Bazar, Katni - MPPCB",16-08-2026 10:00:00,23.50016,80.23284,PM2.5,12,45,27
India,Madhya Pradesh,Katni,"Gole Bazar, Katni - MPPCB",16-08-2026 10:00:00,23.50016,80.23284,NO2,10,15,12
India,Madhya Pradesh,Maihar,"Sahilara, Maihar - KJS Cements",16-08-2026 10:00:00,24.2613009,80.7231783,NO2,11,17,15
India,Madhya Pradesh,Maihar,"Sahilara, Maihar - KJS Cements",16-08-2026 10:00:00,24.2613009,80.7231783,NH3,NA,NA,NA
India,Madhya Pradesh,Maihar,"Sahilara, Maihar - KJS Cements",16-08-2026 10:00:00,24.2613009,80.7231783,OZONE,NA,NA,NA
India,Madhya Pradesh,Mandideep,"Sector-D Industrial Area, Mandideep - MPPCB",16-08-2026 10:00:00,23.10844,77.511428,PM10,48,79,62
India,Madhya Pradesh,Mandideep,"Sector-D Industrial Area, Mandideep - MPPCB",16-08-2026 10:00:00,23.10844,77.511428,NH3,4,4,4
India,Madhya Pradesh,Pithampur,"Sector-2 Industrial Area, Pithampur - MPPCB",16-08-2026 10:00:00,22.624758,75.675238,PM10,55,114,89
India,Madhya Pradesh,Pithampur,"Sector-2 Industrial Area, Pithampur - MPPCB",16-08-2026 10:00:00,22.624758,75.675238,NO2,5,20,11
India,Madhya Pradesh,Pithampur,"Sector-2 Industrial Area, Pithampur - MPPCB",16-08-2026 10:00:00,22.624758,75.675238,SO2,25,50,32
India,Madhya Pradesh,Pithampur,"Sector-2 Industrial Area, Pithampur - MPPCB",16-08-2026 10:00:00,22.624758,75.675238,CO,21,25,23
India,Madhya Pradesh,Ratlam,"Shasthri Nagar, Ratlam - IPCA Lab",16-08-2026 10:00:00,23.331731,75.045981,NH3,NA,NA,NA
India,Madhya Pradesh,Ratlam,"Shasthri Nagar, Ratlam - IPCA Lab",16-08-2026 10:00:00,23.331731,75.045981,CO,NA,NA,NA
India,Karnataka,Karwar,"KHB Colony, Karwar - KSPCB",16-08-2026 10:00:00,14.816666,74.141003,CO,NA,NA,NA
India,Karnataka,Madikeri,"Stuart Hill, Madikeri - KSPCB",16-08-2026 10:00:00,12.415911,75.73505,PM2.5,2,20,12
India,Karnataka,Madikeri,"Stuart Hill, Madikeri - KSPCB",16-08-2026 10:00:00,12.415911,75.73505,OZONE,1,3,2
India,Karnataka,Mysuru,"Hebbal 1st Stage, Mysuru - KSPCB",16-08-2026 10:00:00,12.21041,76.37376,PM2.5,12,28,19
India,Karnataka,Ramanagara,"Vijay Nagar, Ramanagara - KSPCB",16-08-2026 10:00:00,12.733409,77.298051,OZONE,15,24,17
India,Karnataka,Shivamogga,"Vinoba Nagara, Shivamogga - KSPCB",16-08-2026 10:00:00,13.94,75.555917,SO2,2,8,4
India,Karnataka,Shivamogga,"Vinoba Nagara, Shivamogga - KSPCB",16-08-2026 10:00:00,13.94,75.555917,CO,5,38,18
India,Karnataka,Shivamogga,"Vinoba Nagara, Shivamogga - KSPCB",16-08-2026 10:00:00,13.94,75.555917,OZONE,34,47,37
India,Karnataka,Vijayapura,"Ibrahimpur, Vijayapura - KSPCB",16-08-2026 10:00:00,16.802639,75.722694,NO2,11,12,11
India,Karnataka,Vijayapura,"Ibrahimpur, Vijayapura - KSPCB",16-08-2026 10:00:00,16.802639,75.722694,CO,14,28,21
India,Kerala,Kannur,"Thavakkara, Kannur - Kerala PCB",16-08-2026 10:00:00,11.875,75.3732,NH3,1,1,1
India,Kerala,Kannur,"Thavakkara, Kannur - Kerala PCB",16-08-2026 10:00:00,11.875,75.3732,CO,17,19,18
India,Kerala,Thiruvananthapuram,"Plammoodu, Thiruvananthapuram - Kerala PCB",16-08-2026 10:00:00,8.5149093,76.9435879,CO,7,11,9
India,Kerala,Thiruvananthapuram,"Kariavattom, Thiruvananthapuram - Kerala PCB",16-08-2026 10:00:00,8.5637,76.8865,NH3,0,0,0
India,Kerala,Thiruvananthapuram,"Kariavattom, Thiruvananthapuram - Kerala PCB",16-08-2026 10:00:00,8.5637,76.8865,SO2,5,6,5
India,Ladakh,Leh,"Skara Yokma, Leh - LPCC",16-08-2026 10:00:00,34.147096,77.55709,PM2.5,0,16,6
India,Ladakh,Leh,"Skara Yokma, Leh - LPCC",16-08-2026 10:00:00,34.147096,77.55709,NH3,NA,NA,NA
India,Ladakh,Leh,"Skara Yokma, Leh - LPCC",16-08-2026 10:00:00,34.147096,77.55709,CO,184,185,184
India,Madhya Pradesh,Bhopal,"Idgah Hills, Bhopal - MPPCB",16-08-2026 10:00:00,23.264759,77.381568,PM10,46,122,77
India,Madhya Pradesh,Bhopal,"Idgah Hills, Bhopal - MPPCB",16-08-2026 10:00:00,23.264759,77.381568,SO2,4,8,6
India,Madhya Pradesh,Bhopal,"T T Nagar, Bhopal - MPPCB",16-08-2026 10:00:00,23.233584,77.400574,PM10,36,64,46
India,Madhya Pradesh,Bhopal,"T T Nagar, Bhopal - MPPCB",16-08-2026 10:00:00,23.233584,77.400574,OZONE,19,22,20
India,Madhya Pradesh,Damoh,"Shrivastav Colony, Damoh - MPPCB",16-08-2026 10:00:00,23.81748678,79.446246,PM10,7,30,15
India,Madhya Pradesh,Damoh,"Shrivastav Colony, Damoh - MPPCB",16-08-2026 10:00:00,23.81748678,79.446246,NO2,NA,NA,NA
India,Madhya Pradesh,Damoh,"Shrivastav Colony, Damoh - MPPCB",16-08-2026 10:00:00,23.81748678,79.446246,NH3,NA,NA,NA
India,Madhya Pradesh,Damoh,"Shrivastav Colony, Damoh - MPPCB",16-08-2026 10:00:00,23.81748678,79.446246,CO,21,21,21
India,Madhya Pradesh,Dewas,"Bhopal Chauraha, Dewas - MPPCB",16-08-2026 10:00:00,22.9682591,76.064118,NO2,43,69,53
India,Madhya Pradesh,Dewas,"Bhopal Chauraha, Dewas - MPPCB",16-08-2026 10:00:00,22.9682591,76.064118,SO2,40,51,46
India,Karnataka,Bengaluru,"Kasturi Nagar, Bengaluru - KSPCB",16-08-2026 10:00:00,13.003872,77.664217,CO,50,59,54
India,Karnataka,Bengaluru,"Hebbal, Bengaluru - KSPCB",16-08-2026 10:00:00,13.029152,77.585901,PM2.5,3,21,12
India,Karnataka,Bengaluru,"Hebbal, Bengaluru - KSPCB",16-08-2026 10:00:00,13.029152,77.585901,PM10,14,41,30
India,Karnataka,Bengaluru,"Hebbal, Bengaluru - KSPCB",16-08-2026 10:00:00,13.029152,77.585901,SO2,9,37,20
India,Karnataka,Bengaluru,"Bapuji Nagar, Bengaluru - KSPCB",16-08-2026 10:00:00,12.951913,77.539784,NO2,25,27,26
India,Karnataka,Bengaluru,"Bapuji Nagar, Bengaluru - KSPCB",16-08-2026 10:00:00,12.951913,77.539784,SO2,5,51,31
India,Karnataka,Bengaluru,"Bapuji Nagar, Bengaluru - KSPCB",16-08-2026 10:00:00,12.951913,77.539784,CO,39,55,47
India,Karnataka,Chikkamagaluru,"Kalyana Nagara, Chikkamagaluru - KSPCB",16-08-2026 10:00:00,13.328028,75.797056,OZONE,8,11,10
India,Karnataka,Davanagere,"Devaraj Urs Badavane, Davanagere - KSPCB",16-08-2026 10:00:00,14.4758,75.9052,NO2,8,12,10
India,Karnataka,Gadag,"Panchal Nagar, Gadag - KSPCB",16-08-2026 10:00:00,15.411456,75.638133,NH3,3,6,4
India,Karnataka,Gadag,"Panchal Nagar, Gadag - KSPCB",16-08-2026 10:00:00,15.411456,75.638133,SO2,25,34,31
India,Karnataka,Gadag,"Panchal Nagar, Gadag - KSPCB",16-08-2026 10:00:00,15.411456,75.638133,OZONE,16,18,17
India,Karnataka,Kalaburagi,"Mahatma Basaveswar Colony, Kalaburgi - KSPCB",16-08-2026 10:00:00,17.336318,76.847397,PM10,13,49,27
India,Karnataka,Kalaburagi,"Mahatma Basaveswar Colony, Kalaburgi - KSPCB",16-08-2026 10:00:00,17.336318,76.847397,NH3,2,3,2
India,Madhya Pradesh,Sagar,"Civil Lines, Sagar - MPPCB",16-08-2026 10:00:00,23.838586,78.759431,SO2,5,8,6
India,Madhya Pradesh,Satna,"Bandhavgar Colony, Satna - Birla Cement",16-08-2026 10:00:00,24.58434363,80.8549414,NH3,NA,NA,NA
India,Madhya Pradesh,Satna,"Bandhavgar Colony, Satna - Birla Cement",16-08-2026 10:00:00,24.58434363,80.8549414,SO2,17,19,18
India,Madhya Pradesh,Satna,"Bandhavgar Colony, Satna - Birla Cement",16-08-2026 10:00:00,24.58434363,80.8549414,OZONE,10,20,14
India,Maharashtra,Ahmednagar,"Tarakpur, Ahmednagar - MPCB",16-08-2026 10:00:00,19.10122,74.73339,NO2,3,9,6
India,Maharashtra,Ahmednagar,"Tarakpur, Ahmednagar - MPCB",16-08-2026 10:00:00,19.10122,74.73339,CO,25,35,28
India,Maharashtra,Ambernath,"Chinchpada, Ambernath - MPCB",16-08-2026 10:00:00,19.215784,73.199781,PM2.5,4,53,30
India,Maharashtra,Amravati,"Shri Shivaji Science College, Amravati - MPCB",16-08-2026 10:00:00,20.939198,77.765701,OZONE,6,10,8
India,Maharashtra,Amravati,"Shivneri Colony, Amravati - MPCB",16-08-2026 10:00:00,20.9402359,77.7895248,NH3,1,3,2
India,Maharashtra,Aurangabad,"Rachnakar Colony, Aurangabad - MPCB",16-08-2026 10:00:00,19.863756,75.321188,PM10,39,73,51
India,Maharashtra,Aurangabad,"Rachnakar Colony, Aurangabad - MPCB",16-08-2026 10:00:00,19.863756,75.321188,NO2,9,19,14
India,Maharashtra,Aurangabad,"Rachnakar Colony, Aurangabad - MPCB",16-08-2026 10:00:00,19.863756,75.321188,SO2,4,6,5
India,Jammu and Kashmir,Srinagar,"Rajbagh, Srinagar - JKPCC",16-08-2026 10:00:00,34.066206,74.81982,NO2,19,20,19
India,Jammu and Kashmir,Srinagar,"Rajbagh, Srinagar - JKPCC",16-08-2026 10:00:00,34.066206,74.81982,SO2,3,4,3
India,Jammu and Kashmir,Srinagar,"Rajbagh, Srinagar - JKPCC",16-08-2026 10:00:00,34.066206,74.81982,CO,11,17,14
India,Jharkhand,Jorapokhar,"Tata Stadium, Jorapokhar - JSPCB",16-08-2026 10:00:00,23.707909,86.41467,NO2,8,8,8
India,Karnataka,Belgaum,"Ramteerth Nagar, Belgaum - KSPCB",16-08-2026 10:00:00,15.888653,74.541751,NO2,26,47,34
India,Karnataka,Belgaum,"Ramteerth Nagar, Belgaum - KSPCB",16-08-2026 10:00:00,15.888653,74.541751,SO2,23,24,23
India,Karnataka,Belgaum,"Ramteerth Nagar, Belgaum - KSPCB",16-08-2026 10:00:00,15.888653,74.541751,OZONE,18,19,19
India,Karnataka,Bengaluru,"City Railway Station, Bengaluru - KSPCB",16-08-2026 10:00:00,12.9756843,77.5660749,PM2.5,NA,NA,NA
India,Karnataka,Bengaluru,"City Railway Station, Bengaluru - KSPCB",16-08-2026 10:00:00,12.9756843,77.5660749,CO,51,61,56
India,Karnataka,Bengaluru,"Hombegowda Nagar, Bengaluru - KSPCB",16-08-2026 10:00:00,12.938539,77.5901,PM2.5,18,44,31
India,Karnataka,Bengaluru,"Hombegowda Nagar, Bengaluru - KSPCB",16-08-2026 10:00:00,12.938539,77.5901,PM10,26,66,47
India,Karnataka,Bengaluru,"Hombegowda Nagar, Bengaluru - KSPCB",16-08-2026 10:00:00,12.938539,77.5901,NO2,10,34,16
India,Karnataka,Bengaluru,"Hombegowda Nagar, Bengaluru - KSPCB",16-08-2026 10:00:00,12.938539,77.5901,OZONE,13,13,13
India,Maharashtra,Jalgaon,"Prabhat Colony, Jalgaon - MPCB",16-08-2026 10:00:00,21.001264,75.565602,PM2.5,18,44,31
India,Maharashtra,Jalgaon,"Prabhat Colony, Jalgaon - MPCB",16-08-2026 10:00:00,21.001264,75.565602,NH3,1,2,2
India,Maharashtra,Jalna,"Old MIDC, Jalna - MPCB",16-08-2026 10:00:00,19.854616,75.905894,NH3,2,5,4
India,Maharashtra,Kalyan,"Khadakpada, Kalyan - MPCB",16-08-2026 10:00:00,19.25292,73.142019,PM2.5,NA,NA,NA
India,Maharashtra,Kalyan,"Khadakpada, Kalyan - MPCB",16-08-2026 10:00:00,19.25292,73.142019,PM10,NA,NA,NA
India,Maharashtra,Kalyan,"Khadakpada, Kalyan - MPCB",16-08-2026 10:00:00,19.25292,73.142019,SO2,NA,NA,NA
India,Maharashtra,Kalyan,"Pimpleshwar Mandir, Kalyan - MPCB",16-08-2026 10:00:00,19.192056,72.9585188,PM2.5,14,44,32
India,Maharashtra,Kalyan,"Pimpleshwar Mandir, Kalyan - MPCB",16-08-2026 10:00:00,19.192056,72.9585188,PM10,44,60,50
India,Maharashtra,Kalyan,"Pimpleshwar Mandir, Kalyan - MPCB",16-08-2026 10:00:00,19.192056,72.9585188,SO2,10,12,11
India,Maharashtra,Kalyan,"Pimpleshwar Mandir, Kalyan - MPCB",16-08-2026 10:00:00,19.192056,72.9585188,CO,40,40,40
India,Maharashtra,Mumbai,"Ghatkopar, Mumbai - BMC",16-08-2026 10:00:00,19.083694,72.920967,CO,18,23,20
India,Maharashtra,Mumbai,"Ghatkopar, Mumbai - BMC",16-08-2026 10:00:00,19.083694,72.920967,OZONE,2,8,5
India,Maharashtra,Mumbai,"Deonar, Mumbai - IITM",16-08-2026 10:00:00,19.04946,72.923,CO,11,24,17
India,Maharashtra,Mumbai,"Deonar, Mumbai - IITM",16-08-2026 10:00:00,19.04946,72.923,OZONE,6,18,8
India,Maharashtra,Mumbai,"Chhatrapati Shivaji Intl. Airport (T2), Mumbai - MPCB",16-08-2026 10:00:00,19.10078,72.87462,SO2,7,8,7
India,Maharashtra,Mumbai,"Chhatrapati Shivaji Intl. Airport (T2), Mumbai - MPCB",16-08-2026 10:00:00,19.10078,72.87462,OZONE,NA,NA,NA
India,Maharashtra,Nagpur,"Mahal, Nagpur - MPCB",16-08-2026 10:00:00,21.14472,79.107595,PM10,19,44,30
India,Maharashtra,Nagpur,"Mahal, Nagpur - MPCB",16-08-2026 10:00:00,21.14472,79.107595,NO2,3,9,6
India,Maharashtra,Nagpur,"Ram Nagar, Nagpur - MPCB",16-08-2026 10:00:00,21.143383,79.048912,PM2.5,7,50,33
India,Maharashtra,Nagpur,"Opp GPO Civil Lines, Nagpur - MPCB",16-08-2026 10:00:00,21.152875,79.0517531,NO2,16,16,16
India,Maharashtra,Nagpur,"Ambazari, Nagpur - MPCB",16-08-2026 10:00:00,21.121801,79.04952,PM10,21,49,28
India,Maharashtra,Nagpur,"Ambazari, Nagpur - MPCB",16-08-2026 10:00:00,21.121801,79.04952,NH3,1,3,2
India,Maharashtra,Nanded,"Sneh Nagar, Nanded - MPCB",16-08-2026 10:00:00,19.173852,77.296291,PM10,14,46,30
India,Maharashtra,Nashik,"Gangapur Road, Nashik - MPCB",16-08-2026 10:00:00,20.0073285,73.7762427,PM10,6,48,29
India,Maharashtra,Nashik,"Gangapur Road, Nashik - MPCB",16-08-2026 10:00:00,20.0073285,73.7762427,NO2,5,5,5
India,Maharashtra,Nashik,"Gangapur Road, Nashik - MPCB",16-08-2026 10:00:00,20.0073285,73.7762427,SO2,4,8,6
India,Maharashtra,Nashik,"Pandav Nagari, Nashik - MPCB",16-08-2026 10:00:00,19.9591346,73.7788008,PM10,10,28,21
India,Maharashtra,Nashik,"Pandav Nagari, Nashik - MPCB",16-08-2026 10:00:00,19.9591346,73.7788008,SO2,4,7,5
India,Maharashtra,Nashik,"Hirawadi, Nashik - MPCB",16-08-2026 10:00:00,20.021503,73.813844,OZONE,15,17,16
India,Maharashtra,Nashik,"MIDC Ambad, Nashik - MPCB",16-08-2026 10:00:00,19.95022,73.73148,PM2.5,14,29,21
India,Punjab,Jalandhar,"Civil Line, Jalandhar - PPCB",16-08-2026 10:00:00,31.321907,75.578914,SO2,11,12,11
India,Punjab,Jalandhar,"Civil Line, Jalandhar - PPCB",16-08-2026 10:00:00,31.321907,75.578914,OZONE,39,42,41
India,Punjab,Khanna,"Kalal Majra, Khanna - PPCB",16-08-2026 10:00:00,30.736056,76.209694,NH3,7,7,7
India,Punjab,Ludhiana,"Punjab Agricultural University, Ludhiana - PPCB",16-08-2026 10:00:00,30.9028,75.8086,CO,36,45,42
India,Punjab,Mandi Gobindgarh,"RIMT University, Mandi Gobindgarh - PPCB",16-08-2026 10:00:00,30.649961,76.331442,SO2,1,58,15
India,Punjab,Mandi Gobindgarh,"RIMT University, Mandi Gobindgarh - PPCB",16-08-2026 10:00:00,30.649961,76.331442,OZONE,35,49,46
India,Punjab,Patiala,"Model Town, Patiala - PPCB",16-08-2026 10:00:00,30.349388,76.366642,NO2,14,19,17
India,Punjab,Patiala,"Model Town, Patiala - PPCB",16-08-2026 10:00:00,30.349388,76.366642,NH3,6,6,6
India,Rajasthan,Ajmer,"Civil Lines,  Ajmer - RSPCB",16-08-2026 10:00:00,26.470859,74.646594,NH3,6,7,6
India,Rajasthan,Alwar,"Moti Doongri, Alwar - RSPCB",16-08-2026 10:00:00,27.554793,76.611536,PM2.5,42,87,62
India,Rajasthan,Alwar,"Moti Doongri, Alwar - RSPCB",16-08-2026 10:00:00,27.554793,76.611536,NO2,32,75,47
India,Rajasthan,Alwar,"Vigyan Nagar, Alwar - RSPCB",16-08-2026 10:00:00,27.598796,76.63861,PM10,75,136,95
India,Rajasthan,Alwar,"Vigyan Nagar, Alwar - RSPCB",16-08-2026 10:00:00,27.598796,76.63861,OZONE,13,23,20
India,Rajasthan,Banswara,"Rati Talai, Banswara - RSPCB",16-08-2026 10:00:00,23.55519,74.44001,PM2.5,23,58,27
India,Rajasthan,Banswara,"Rati Talai, Banswara - RSPCB",16-08-2026 10:00:00,23.55519,74.44001,NO2,17,37,25
India,Rajasthan,Banswara,"Rati Talai, Banswara - RSPCB",16-08-2026 10:00:00,23.55519,74.44001,CO,13,17,15
India,Rajasthan,Baran,"Bamboliya, Baran - RSPCB",16-08-2026 10:00:00,25.106006,76.469948,PM2.5,7,20,13
India,Rajasthan,Baran,"Bamboliya, Baran - RSPCB",16-08-2026 10:00:00,25.106006,76.469948,PM10,9,53,31
India,Rajasthan,Baran,"Bamboliya, Baran - RSPCB",16-08-2026 10:00:00,25.106006,76.469948,NO2,30,37,34
India,Maharashtra,Mumbai,"Mulund West, Mumbai - MPCB",16-08-2026 10:00:00,19.175,72.9419,PM2.5,1,24,13
India,Maharashtra,Mumbai,"Mulund West, Mumbai - MPCB",16-08-2026 10:00:00,19.175,72.9419,NH3,4,5,5
India,Maharashtra,Mumbai,"Kandivali West, Mumbai - BMC",16-08-2026 10:00:00,19.215859,72.831718,PM10,5,23,12
India,Maharashtra,Mumbai,"Kandivali West, Mumbai - BMC",16-08-2026 10:00:00,19.215859,72.831718,NO2,7,30,14
India,Maharashtra,Mumbai,"Kandivali West, Mumbai - BMC",16-08-2026 10:00:00,19.215859,72.831718,NH3,2,5,4
India,Maharashtra,Mumbai,"Sewri, Mumbai - BMC",16-08-2026 10:00:00,19.000084,72.85673,PM2.5,3,24,12
India,Maharashtra,Mumbai,"Khindipada-Bhandup West, Mumbai - IITM",16-08-2026 10:00:00,19.1653323,72.922099,PM2.5,3,40,17
India,Maharashtra,Mumbai,"Khindipada-Bhandup West, Mumbai - IITM",16-08-2026 10:00:00,19.1653323,72.922099,NO2,10,13,11
India,Maharashtra,Mumbai,"Malad West, Mumbai - IITM",16-08-2026 10:00:00,19.19709,72.82204,PM2.5,3,25,13
India,Maharashtra,Mumbai,"Malad West, Mumbai - IITM",16-08-2026 10:00:00,19.19709,72.82204,PM10,13,36,23
India,Maharashtra,Mumbai,"Borivali East, Mumbai - IITM",16-08-2026 10:00:00,19.23241,72.86895,PM2.5,21,46,34
India,Maharashtra,Mumbai,"Borivali East, Mumbai - IITM",16-08-2026 10:00:00,19.23241,72.86895,PM10,28,53,43
India,Maharashtra,Mumbai,"Borivali East, Mumbai - IITM",16-08-2026 10:00:00,19.23241,72.86895,NH3,3,5,4
India,Maharashtra,Mumbai,"Borivali East, Mumbai - IITM",16-08-2026 10:00:00,19.23241,72.86895,OZONE,20,28,24
India,Maharashtra,Mumbai,"Mazgaon, Mumbai - IITM",16-08-2026 10:00:00,18.96702,72.84214,PM2.5,17,44,26
India,Maharashtra,Mumbai,"Mazgaon, Mumbai - IITM",16-08-2026 10:00:00,18.96702,72.84214,NH3,3,3,3
India,Maharashtra,Mumbai,"Chakala-Andheri East, Mumbai - IITM",16-08-2026 10:00:00,19.11074,72.86084,NH3,1,3,2
India,Maharashtra,Mumbai,"Chakala-Andheri East, Mumbai - IITM",16-08-2026 10:00:00,19.11074,72.86084,SO2,0,7,2
India,Maharashtra,Mumbai,"Chakala-Andheri East, Mumbai - IITM",16-08-2026 10:00:00,19.11074,72.86084,CO,6,18,12
India,Maharashtra,Mumbai,"Kurla, Mumbai - MPCB",16-08-2026 10:00:00,19.0863,72.8888,PM10,9,35,22
India,Maharashtra,Mumbai,"Kurla, Mumbai - MPCB",16-08-2026 10:00:00,19.0863,72.8888,OZONE,28,29,28
India,Meghalaya,Shillong,"Lumpyngngad, Shillong - Meghalaya PCB",16-08-2026 10:00:00,25.5586,91.8985,PM10,NA,NA,NA
India,Meghalaya,Shillong,"Lumpyngngad, Shillong - Meghalaya PCB",16-08-2026 10:00:00,25.5586,91.8985,NO2,0,1,0
India,Meghalaya,Shillong,"Lumpyngngad, Shillong - Meghalaya PCB",16-08-2026 10:00:00,25.5586,91.8985,OZONE,16,31,24
India,Mizoram,Aizawl,"Sikulpuikawn, Aizawl - Mizoram PCB",16-08-2026 10:00:00,23.7176342,92.7192841,NO2,1,1,1
India,Nagaland,Kohima,"PWD Junction, Kohima - NPCB",16-08-2026 10:00:00,25.6635413,94.0989878,CO,3,5,4
India,Odisha,Angul,"Hakimapada, Angul - OSPCB",16-08-2026 10:00:00,20.832874,85.104082,PM2.5,2,32,15
India,Odisha,Angul,"Hakimapada, Angul - OSPCB",16-08-2026 10:00:00,20.832874,85.104082,NO2,6,7,7
India,Odisha,Balasore,"Kalidaspur, Balasore - OSPCB",16-08-2026 10:00:00,21.51161,86.89088,SO2,0,4,2
India,Odisha,Baripada,"Meher Colony, Baripada - OSPCB",16-08-2026 10:00:00,21.941841,86.728318,SO2,NA,NA,NA
India,Odisha,Baripada,"Meher Colony, Baripada - OSPCB",16-08-2026 10:00:00,21.941841,86.728318,CO,4,14,9
India,Odisha,Bhubaneswar,"Lingraj Mandir, Bhubaneswar - OSPCB",16-08-2026 10:00:00,20.24079,85.836784,PM2.5,22,290,65
India,Odisha,Brajrajnagar,"GM Office, Brajrajnagar - OSPCB",16-08-2026 10:00:00,21.8004996,83.8396977,PM10,4,40,20
India,Odisha,Brajrajnagar,"GM Office, Brajrajnagar - OSPCB",16-08-2026 10:00:00,21.8004996,83.8396977,OZONE,41,44,42
India,Odisha,Byasanagar,"Ferro Chrome Colony, Byasanagar - OSPCB",16-08-2026 10:00:00,20.94185,86.1151,PM2.5,28,78,49
India,Odisha,Byasanagar,"Ferro Chrome Colony, Byasanagar - OSPCB",16-08-2026 10:00:00,20.94185,86.1151,OZONE,13,25,21
India,Maharashtra,Pimpri-Chinchwad,"Thergaon, Pimpri Chinchwad - MPCB",16-08-2026 10:00:00,18.616318,73.765797,CO,11,32,18
India,Maharashtra,Pimpri-Chinchwad,"Transport Nagar-Nigdi, Pune - IITM",16-08-2026 10:00:00,18.664282,73.763966,PM2.5,10,51,22
India,Maharashtra,Pimpri-Chinchwad,"Park Street Wakad, Pimpri Chinchwad - MPCB",16-08-2026 10:00:00,18.59051,73.77946,CO,8,22,14
India,Maharashtra,Pune,"Katraj Dairy, Pune - MPCB",16-08-2026 10:00:00,18.45445,73.854155,PM2.5,17,30,23
India,Maharashtra,Pune,"Katraj Dairy, Pune - MPCB",16-08-2026 10:00:00,18.45445,73.854155,PM10,30,53,41
India,Maharashtra,Pune,"Katraj Dairy, Pune - MPCB",16-08-2026 10:00:00,18.45445,73.854155,NO2,9,16,11
India,Maharashtra,Pune,"Katraj Dairy, Pune - MPCB",16-08-2026 10:00:00,18.45445,73.854155,NH3,1,2,1
India,Maharashtra,Pune,"Katraj Dairy, Pune - MPCB",16-08-2026 10:00:00,18.45445,73.854155,CO,15,30,20
India,Maharashtra,Pune,"Hadapsar, Pune - IITM",16-08-2026 10:00:00,18.501793,73.927532,NH3,NA,NA,NA
India,Maharashtra,Pune,"Hadapsar, Pune - IITM",16-08-2026 10:00:00,18.501793,73.927532,CO,11,61,28
India,Maharashtra,Pune,"Mhada Colony, Pune - IITM",16-08-2026 10:00:00,18.57304,73.927715,OZONE,8,9,8
India,Maharashtra,Pune,"Dhankawadi, Pune - IITM",16-08-2026 10:00:00,18.459883,73.852193,PM10,36,70,50
India,Maharashtra,Pune,"Dhankawadi, Pune - IITM",16-08-2026 10:00:00,18.459883,73.852193,NO2,10,19,14
India,Maharashtra,Pune,"Panchawati_Pashan, Pune - IITM",16-08-2026 10:00:00,18.536457,73.805454,PM2.5,18,37,27
India,Maharashtra,Pune,"Panchawati_Pashan, Pune - IITM",16-08-2026 10:00:00,18.536457,73.805454,NH3,NA,NA,NA
India,Maharashtra,Pune,"Savitribai Phule Pune University, Pune - MPCB",16-08-2026 10:00:00,18.547056,73.826908,PM2.5,10,24,15
India,Maharashtra,Malegaon,"Mahesh Nagar, Malegaon - MPCB",16-08-2026 10:00:00,20.555712,74.529236,SO2,NA,NA,NA
India,Maharashtra,Mira-Bhayandar,"Bhayandar West, Mira-Bhayandar - MPCB",16-08-2026 10:00:00,19.296481,72.840923,SO2,2,3,3
India,Maharashtra,Mumbai,"Shivaji Nagar, Mumbai - BMC",16-08-2026 10:00:00,19.060498,72.923356,OZONE,1,3,3
India,Maharashtra,Mumbai,"Borivali East, Mumbai - MPCB",16-08-2026 10:00:00,19.2243333,72.8658113,NO2,10,10,10
India,Maharashtra,Mumbai,"Borivali East, Mumbai - MPCB",16-08-2026 10:00:00,19.2243333,72.8658113,OZONE,NA,NA,NA
India,Maharashtra,Mumbai,"Siddharth Nagar-Worli, Mumbai - IITM",16-08-2026 10:00:00,19.000083,72.813993,PM2.5,10,14,12
India,Maharashtra,Mumbai,"Bandra Kurla Complex, Mumbai - MPCB",16-08-2026 10:00:00,19.065931,72.862131,PM2.5,15,46,29
India,Maharashtra,Mumbai,"Bandra Kurla Complex, Mumbai - MPCB",16-08-2026 10:00:00,19.065931,72.862131,SO2,2,5,3
India,Maharashtra,Mumbai,"Bandra Kurla Complex, Mumbai - MPCB",16-08-2026 10:00:00,19.065931,72.862131,CO,9,104,43
India,Maharashtra,Mumbai,"Kherwadi_Bandra East, Mumbai - MPCB",16-08-2026 10:00:00,19.0632143,72.8456324,PM2.5,NA,NA,NA
India,Maharashtra,Mumbai,"Kherwadi_Bandra East, Mumbai - MPCB",16-08-2026 10:00:00,19.0632143,72.8456324,NH3,NA,NA,NA
India,Maharashtra,Mumbai,"Byculla, Mumbai - BMC",16-08-2026 10:00:00,18.9767,72.838,PM10,17,36,26
India,Maharashtra,Mumbai,"Mindspace-Malad West, Mumbai - MPCB",16-08-2026 10:00:00,19.1878657,72.8304069,CO,14,26,17
India,Maharashtra,Mumbai,"Worli, Mumbai - MPCB",16-08-2026 10:00:00,18.9936162,72.8128113,PM2.5,17,53,34
India,Maharashtra,Mumbai,"Worli, Mumbai - MPCB",16-08-2026 10:00:00,18.9936162,72.8128113,OZONE,8,10,9
India,Odisha,Cuttack,"CDA Area, Cuttack - OSPCB",16-08-2026 10:00:00,20.48891,85.84768,PM10,NA,NA,NA
India,Odisha,Cuttack,"CDA Area, Cuttack - OSPCB",16-08-2026 10:00:00,20.48891,85.84768,SO2,6,13,10
India,Odisha,Keonjhar,"Jagamohanpur, Keonjhar - OSPCB",16-08-2026 10:00:00,21.6439,85.599355,CO,37,40,38
India,Odisha,Rairangpur,"Divisional Forest Office, Rairangpur - OSPCB",16-08-2026 10:00:00,22.265816,86.174829,PM10,22,48,29
India,Odisha,Rairangpur,"Divisional Forest Office, Rairangpur - OSPCB",16-08-2026 10:00:00,22.265816,86.174829,NO2,6,7,6
India,Odisha,Rairangpur,"Divisional Forest Office, Rairangpur - OSPCB",16-08-2026 10:00:00,22.265816,86.174829,OZONE,3,8,5
India,Odisha,Rourkela,"Sector-2, Rourkela - OSPCB",16-08-2026 10:00:00,22.245,84.88111111,SO2,NA,NA,NA
India,Odisha,Rourkela,"Sector-2, Rourkela - OSPCB",16-08-2026 10:00:00,22.245,84.88111111,CO,12,12,12
India,Odisha,Rourkela,"Raghunathpali, Rourkela - OSPCB",16-08-2026 10:00:00,22.220833,84.809444,NO2,15,15,15
India,Odisha,Rourkela,"Raghunathpali, Rourkela - OSPCB",16-08-2026 10:00:00,22.220833,84.809444,NH3,1,2,2
India,Odisha,Tensa,"Barsua Iron Ore Mines, Tensa - OSPCB",16-08-2026 10:00:00,21.869985,85.167016,NH3,NA,NA,NA
India,Punjab,Amritsar,"Golden Temple, Amritsar - PPCB",16-08-2026 10:00:00,31.62,74.876512,NH3,5,6,5
India,Punjab,Amritsar,"Golden Temple, Amritsar - PPCB",16-08-2026 10:00:00,31.62,74.876512,SO2,11,14,13
India,Punjab,Bathinda,"Hardev Nagar, Bathinda - PPCB",16-08-2026 10:00:00,30.233011,74.907758,PM2.5,8,71,24
India,Maharashtra,Sangli,"Vijay Nagar, Sangli - MPCB",16-08-2026 10:00:00,16.5038,74.3623,CO,13,18,15
India,Maharashtra,Satara,"Koyana Nagar, Satara - MPCB",16-08-2026 10:00:00,17.696651,74.003387,PM10,10,130,66
India,Maharashtra,Satara,"Koyana Nagar, Satara - MPCB",16-08-2026 10:00:00,17.696651,74.003387,NO2,1,10,4
India,Maharashtra,Solapur,"Dnyaneshwar Nagar, Solapur - MPCB",16-08-2026 10:00:00,17.6336264,75.9132495,PM10,16,43,29
India,Maharashtra,Solapur,"Dnyaneshwar Nagar, Solapur - MPCB",16-08-2026 10:00:00,17.6336264,75.9132495,NH3,4,30,9
India,Maharashtra,Solapur,"Dnyaneshwar Nagar, Solapur - MPCB",16-08-2026 10:00:00,17.6336264,75.9132495,OZONE,7,11,9
India,Maharashtra,Solapur,"Ratandeep Housing Society, Solapur - MPCB",16-08-2026 10:00:00,17.65439,75.90649,PM2.5,22,55,36
India,Maharashtra,Thane,"Upvan Fort, Thane - MPCB",16-08-2026 10:00:00,19.222279,72.957979,NH3,5,6,6
India,Maharashtra,Thane,"Kasarvadavali, Thane - MPCB",16-08-2026 10:00:00,19.26777,72.97182,OZONE,10,18,12
India,Maharashtra,Ulhasnagar,"Sidhi Vinayak Nagar, Ulhasnagar - MPCB",16-08-2026 10:00:00,19.235581,73.159121,PM10,14,57,32
India,Maharashtra,Ulhasnagar,"Sidhi Vinayak Nagar, Ulhasnagar - MPCB",16-08-2026 10:00:00,19.235581,73.159121,SO2,0,15,4
India,Meghalaya,Shillong,"JN Stadium, Shillong - Meghalaya PCB",16-08-2026 10:00:00,25.5803419,91.8942571,PM2.5,NA,NA,NA
India,Maharashtra,Navi Mumbai,"Kopripada-Vashi, Navi Mumbai - MPCB",16-08-2026 10:00:00,19.090337,73.014232,NO2,7,14,11
India,Maharashtra,Navi Mumbai,"Tondare-Taloja, Navi Mumbai - MPCB",16-08-2026 10:00:00,19.063,73.1209,PM2.5,NA,NA,NA
India,Maharashtra,Navi Mumbai,"Tondare-Taloja, Navi Mumbai - MPCB",16-08-2026 10:00:00,19.063,73.1209,NH3,2,6,4
India,Maharashtra,Navi Mumbai,"Sanpada, Navi Mumbai - MPCB",16-08-2026 10:00:00,19.0575752,73.0151367,NO2,4,13,8
India,Maharashtra,Navi Mumbai,"Sanpada, Navi Mumbai - MPCB",16-08-2026 10:00:00,19.0575752,73.0151367,CO,1,14,9
India,Maharashtra,Navi Mumbai,"Sector-2E Kalamboli, Navi Mumbai - MPCB",16-08-2026 10:00:00,19.02579,73.10297,NO2,4,12,9
India,Maharashtra,Navi Mumbai,"Sector-2E Kalamboli, Navi Mumbai - MPCB",16-08-2026 10:00:00,19.02579,73.10297,SO2,NA,NA,NA
India,Maharashtra,Navi Mumbai,"Sector-2E Kalamboli, Navi Mumbai - MPCB",16-08-2026 10:00:00,19.02579,73.10297,OZONE,2,6,3
India,Maharashtra,Parbhani,"Masoom Colony, Parbhani - MPCB",16-08-2026 10:00:00,19.265594,76.761463,PM10,7,40,17
India,Maharashtra,Pimpri-Chinchwad,"Bhosari, Pune - IITM",16-08-2026 10:00:00,18.640051,73.848956,NH3,NA,NA,NA
India,Maharashtra,Pimpri-Chinchwad,"Bhosari, Pune - IITM",16-08-2026 10:00:00,18.640051,73.848956,OZONE,4,19,10
India,Maharashtra,Pimpri-Chinchwad,"Thergaon, Pimpri Chinchwad - MPCB",16-08-2026 10:00:00,18.616318,73.765797,PM2.5,NA,NA,NA
India,Uttar Pradesh,Bareilly,"Rajendra Nagar, Bareilly - UPPCB",16-08-2026 10:00:00,28.38910936,79.42963708,PM2.5,22,52,40
India,Uttar Pradesh,Bareilly,"Rajendra Nagar, Bareilly - UPPCB",16-08-2026 10:00:00,28.38910936,79.42963708,NH3,1,8,1
India,Uttar Pradesh,Bareilly,"Rajendra Nagar, Bareilly - UPPCB",16-08-2026 10:00:00,28.38910936,79.42963708,SO2,NA,NA,NA
India,Uttar Pradesh,Bareilly,"Rajendra Nagar, Bareilly - UPPCB",16-08-2026 10:00:00,28.38910936,79.42963708,OZONE,5,209,54
India,Uttar Pradesh,Bareilly,"Civil Lines, Bareilly - UPPCB",16-08-2026 10:00:00,28.359581,79.414455,PM2.5,24,37,31
India,Uttar Pradesh,Bareilly,"Civil Lines, Bareilly - UPPCB",16-08-2026 10:00:00,28.359581,79.414455,CO,22,28,24
India,Uttar Pradesh,Bulandshahr,"Yamunapuram, Bulandshahr - UPPCB",16-08-2026 10:00:00,28.406963,77.849831,PM2.5,9,95,39
India,Uttar Pradesh,Bulandshahr,"Yamunapuram, Bulandshahr - UPPCB",16-08-2026 10:00:00,28.406963,77.849831,OZONE,10,20,15
India,Uttar Pradesh,Firozabad,"Nagla Bhau, Firozabad - UPPCB",16-08-2026 10:00:00,27.168897,78.37696,PM10,27,108,48
India,Uttar Pradesh,Firozabad,"Nagla Bhau, Firozabad - UPPCB",16-08-2026 10:00:00,27.168897,78.37696,SO2,25,46,31
India,Uttar Pradesh,Firozabad,"Vibhab Nagar, Firozabad - UPPCB",16-08-2026 10:00:00,27.1594,78.3953,PM10,25,40,33
India,Uttar Pradesh,Firozabad,"Vibhab Nagar, Firozabad - UPPCB",16-08-2026 10:00:00,27.1594,78.3953,NO2,15,15,15
India,Uttar Pradesh,Firozabad,"Vibhab Nagar, Firozabad - UPPCB",16-08-2026 10:00:00,27.1594,78.3953,CO,34,37,36
India,Uttar Pradesh,Gajraula,"Rajanpur, Gajraula - UPPCB",16-08-2026 10:00:00,28.829109,78.248796,SO2,10,12,10
India,Uttar Pradesh,Gajraula,"Rajanpur, Gajraula - UPPCB",16-08-2026 10:00:00,28.829109,78.248796,OZONE,3,14,8
India,Uttar Pradesh,Ghaziabad,"Ved Vihar-Loni, Ghaziabad - UPPCB",16-08-2026 10:00:00,28.739153,77.273668,NH3,5,25,12
India,Uttar Pradesh,Ghaziabad,"Ved Vihar-Loni, Ghaziabad - UPPCB",16-08-2026 10:00:00,28.739153,77.273668,CO,110,113,111
India,Uttar Pradesh,Ghaziabad,"Ved Vihar-Loni, Ghaziabad - UPPCB",16-08-2026 10:00:00,28.739153,77.273668,OZONE,12,17,14
India,Uttar Pradesh,Ghaziabad,"Sanjay Nagar, Ghaziabad - UPPCB",16-08-2026 10:00:00,28.685382,77.453839,CO,4,35,24
India,Uttar Pradesh,Ghaziabad,"Sanjay Nagar, Ghaziabad - UPPCB",16-08-2026 10:00:00,28.685382,77.453839,OZONE,19,21,20
India,Uttar Pradesh,Ghaziabad,"Indirapuram, Ghaziabad - UPPCB",16-08-2026 10:00:00,28.646233,77.358075,NH3,7,10,9
India,Uttar Pradesh,Ghaziabad,"Indirapuram, Ghaziabad - UPPCB",16-08-2026 10:00:00,28.646233,77.358075,OZONE,24,26,25
India,Uttar Pradesh,Ghaziabad,"Vasundhara, Ghaziabad - UPPCB",16-08-2026 10:00:00,28.6603346,77.3572563,CO,1,77,37
India,Rajasthan,Barmer,"Railway Colony, Barmer - RSPCB",16-08-2026 10:00:00,25.747299,71.393989,SO2,NA,NA,NA
India,Rajasthan,Barmer,"Railway Colony, Barmer - RSPCB",16-08-2026 10:00:00,25.747299,71.393989,CO,9,16,12
India,Rajasthan,Bharatpur,"Krishna Nagar, Bharatpur - RSPCB",16-08-2026 10:00:00,27.215415,77.50873,PM2.5,12,37,22
India,Rajasthan,Bharatpur,"Krishna Nagar, Bharatpur - RSPCB",16-08-2026 10:00:00,27.215415,77.50873,PM10,13,49,28
India,Rajasthan,Bhilwara,"Pratap Nagar, Bhilwara - RSPCB",16-08-2026 10:00:00,25.339605,74.618883,PM2.5,30,93,53
India,Rajasthan,Bhilwara,"Pratap Nagar, Bhilwara - RSPCB",16-08-2026 10:00:00,25.339605,74.618883,NH3,4,7,5
India,Rajasthan,Bhiwadi,"RIICO Ind. Area III, Bhiwadi - RSPCB",16-08-2026 10:00:00,28.194909,76.862296,NO2,28,86,49
India,Rajasthan,Bhiwadi,"RIICO Ind. Area III, Bhiwadi - RSPCB",16-08-2026 10:00:00,28.194909,76.862296,OZONE,10,24,18
India,Rajasthan,Bhiwadi,"Vasundhara Nagar_UIT, Bhiwadi - RSPCB",16-08-2026 10:00:00,28.207266,76.829265,PM2.5,18,45,34
India,Rajasthan,Bikaner,"MM Ground, Bikaner - RSPCB",16-08-2026 10:00:00,28.018792,73.292658,PM2.5,17,37,26
India,Rajasthan,Bikaner,"MM Ground, Bikaner - RSPCB",16-08-2026 10:00:00,28.018792,73.292658,CO,9,16,11
India,Rajasthan,Chittorgarh,"Shastri Nagar, Chittorgarh - RSPCB",16-08-2026 10:00:00,24.892047,74.623527,PM2.5,7,133,70
India,Rajasthan,Chittorgarh,"Shastri Nagar, Chittorgarh - RSPCB",16-08-2026 10:00:00,24.892047,74.623527,PM10,45,103,75
India,Rajasthan,Churu,"Subash Chowk, Churu - RSPCB",16-08-2026 10:00:00,28.296139,74.961696,PM10,64,131,90
India,Rajasthan,Dausa,"Khatikan Mohalla, Dausa - RSPCB",16-08-2026 10:00:00,26.895552,76.334753,NO2,8,56,23
India,Rajasthan,Dausa,"Khatikan Mohalla, Dausa - RSPCB",16-08-2026 10:00:00,26.895552,76.334753,NH3,2,20,7
India,Rajasthan,Dausa,"Khatikan Mohalla, Dausa - RSPCB",16-08-2026 10:00:00,26.895552,76.334753,OZONE,7,17,12
India,Rajasthan,Dholpur,"Raja Ganj, Dholpur - RSPCB",16-08-2026 10:00:00,26.699557,77.898881,SO2,3,11,7
India,Rajasthan,Jhunjhunu,"Indra Nagar, Jhunjhunu - RSPCB",16-08-2026 10:00:00,28.108988,75.386577,NH3,5,9,6
India,Rajasthan,Jodhpur,"Digari Kalan, Jodhpur - RSPCB",16-08-2026 10:00:00,26.29581,73.082283,SO2,4,8,6
India,Rajasthan,Jodhpur,"Digari Kalan, Jodhpur - RSPCB",16-08-2026 10:00:00,26.29581,73.082283,CO,12,14,13
India,Rajasthan,Jodhpur,"Jhalamand, Jodhpur - RSPCB",16-08-2026 10:00:00,26.215415,73.070156,SO2,4,8,5
India,Rajasthan,Jodhpur,"Jhalamand, Jodhpur - RSPCB",16-08-2026 10:00:00,26.215415,73.070156,OZONE,11,14,13
India,Rajasthan,Jodhpur,"Mandor, Jodhpur - RSPCB",16-08-2026 10:00:00,26.358805,73.047444,PM2.5,18,42,27
India,Rajasthan,Jodhpur,"Mandor, Jodhpur - RSPCB",16-08-2026 10:00:00,26.358805,73.047444,SO2,3,3,3
India,Rajasthan,Jodhpur,"Mandor, Jodhpur - RSPCB",16-08-2026 10:00:00,26.358805,73.047444,OZONE,33,53,43
India,Rajasthan,Jodhpur,"Collectorate, Jodhpur - RSPCB",16-08-2026 10:00:00,26.268249,73.0193853,NO2,18,31,25
India,Rajasthan,Jodhpur,"Collectorate, Jodhpur - RSPCB",16-08-2026 10:00:00,26.268249,73.0193853,NH3,2,9,5
India,Rajasthan,Jodhpur,"Samrat Ashok Udhyan, Jodhpur - RSPCB",16-08-2026 10:00:00,26.253384,72.976571,NH3,2,3,2
India,Rajasthan,Karauli,"Satyawati Vihar, Karauli - RSPCB",16-08-2026 10:00:00,26.506177,77.025989,PM2.5,5,27,14
India,Rajasthan,Kota,"Nayapura, Kota - RSPCB",16-08-2026 10:00:00,25.196024,75.855668,CO,11,20,15
India,Rajasthan,Kota,"Dhanmandi, Kota - RSPCB",16-08-2026 10:00:00,25.16409,75.858137,PM2.5,8,40,25
India,Rajasthan,Kota,"Dhanmandi, Kota - RSPCB",16-08-2026 10:00:00,25.16409,75.858137,NO2,8,28,14
India,Rajasthan,Kota,"Dhanmandi, Kota - RSPCB",16-08-2026 10:00:00,25.16409,75.858137,CO,11,14,12
India,Rajasthan,Kota,"Dhanmandi, Kota - RSPCB",16-08-2026 10:00:00,25.16409,75.858137,OZONE,14,23,18
India,Rajasthan,Kota,"Shrinath Puram, Kota - RSPCB",16-08-2026 10:00:00,25.14389,75.821256,PM2.5,20,69,47
India,Telangana,Hyderabad,"Zoo Park, Hyderabad - TSPCB",16-08-2026 10:00:00,17.349694,78.451437,NO2,8,9,8
India,Telangana,Hyderabad,"Zoo Park, Hyderabad - TSPCB",16-08-2026 10:00:00,17.349694,78.451437,NH3,2,2,2
India,Telangana,Hyderabad,"Central University, Hyderabad - TSPCB",16-08-2026 10:00:00,17.460103,78.334361,NO2,2,34,17
India,Telangana,Hyderabad,"Central University, Hyderabad - TSPCB",16-08-2026 10:00:00,17.460103,78.334361,NH3,0,5,3
India,Telangana,Hyderabad,"Central University, Hyderabad - TSPCB",16-08-2026 10:00:00,17.460103,78.334361,CO,16,19,17
India,Telangana,Hyderabad,"IITH Kandi, Hyderabad - TSPCB",16-08-2026 10:00:00,17.585705,78.126199,NO2,12,17,14
India,Telangana,Hyderabad,"New Malakpet, Hyderabad - TSPCB",16-08-2026 10:00:00,17.37206,78.50864,PM10,50,70,57
India,Telangana,Hyderabad,"Kokapet, Hyderabad - TSPCB",16-08-2026 10:00:00,17.393559,78.339194,NO2,9,14,12
India,Telangana,Hyderabad,"ECIL Kapra, Hyderabad - TSPCB",16-08-2026 10:00:00,17.470431,78.566959,PM2.5,30,50,40
India,Telangana,Hyderabad,"ECIL Kapra, Hyderabad - TSPCB",16-08-2026 10:00:00,17.470431,78.566959,CO,20,25,22
India,Telangana,Hyderabad,"ECIL Kapra, Hyderabad - TSPCB",16-08-2026 10:00:00,17.470431,78.566959,OZONE,16,19,16
India,Telangana,Hyderabad,"Ramachandrapuram, Hyderabad - TSPCB",16-08-2026 10:00:00,17.528544,78.286195,PM2.5,34,56,42
India,Telangana,Hyderabad,"Ramachandrapuram, Hyderabad - TSPCB",16-08-2026 10:00:00,17.528544,78.286195,SO2,10,17,13
India,Telangana,Hyderabad,"Kompally Municipal Office, Hyderabad - TSPCB",16-08-2026 10:00:00,17.544899,78.486949,CO,9,11,10
India,Telangana,Hyderabad,"Somajiguda, Hyderabad - TSPCB",16-08-2026 10:00:00,17.417094,78.457437,PM10,48,54,50
India,Telangana,Hyderabad,"Somajiguda, Hyderabad - TSPCB",16-08-2026 10:00:00,17.417094,78.457437,NO2,15,16,15
India,Telangana,Hyderabad,"Somajiguda, Hyderabad - TSPCB",16-08-2026 10:00:00,17.417094,78.457437,CO,10,10,10
India,Telangana,Hyderabad,"Somajiguda, Hyderabad - TSPCB",16-08-2026 10:00:00,17.417094,78.457437,OZONE,16,19,17
India,Rajasthan,Hanumangarh,"Housing Board, Hanumangarh - RSPCB",16-08-2026 10:00:00,29.61075,74.283608,PM10,34,82,62
India,Rajasthan,Hanumangarh,"Housing Board, Hanumangarh - RSPCB",16-08-2026 10:00:00,29.61075,74.283608,NO2,1,7,3
India,Rajasthan,Jaipur,"Mansarovar Sector-12, Jaipur - RSPCB",16-08-2026 10:00:00,26.843698,75.766894,SO2,0,4,2
India,Rajasthan,Jaipur,"Mansarovar Sector-12, Jaipur - RSPCB",16-08-2026 10:00:00,26.843698,75.766894,CO,6,10,9
India,Rajasthan,Jaipur,"Mansarovar Sector-12, Jaipur - RSPCB",16-08-2026 10:00:00,26.843698,75.766894,OZONE,17,29,23
India,Rajasthan,Jaipur,"Sector-2 Murlipura, Jaipur - RSPCB",16-08-2026 10:00:00,26.960669,75.771817,PM2.5,57,152,90
India,Rajasthan,Jaipur,"Sector-2 Murlipura, Jaipur - RSPCB",16-08-2026 10:00:00,26.960669,75.771817,NO2,11,52,22
India,Rajasthan,Jaipur,"Sector-2 Murlipura, Jaipur - RSPCB",16-08-2026 10:00:00,26.960669,75.771817,SO2,4,8,4
India,Rajasthan,Jaipur,"RIICO Sitapura, Jaipur - RSPCB",16-08-2026 10:00:00,26.786682,75.827928,PM10,35,110,73
India,Rajasthan,Jaipur,"RIICO Sitapura, Jaipur - RSPCB",16-08-2026 10:00:00,26.786682,75.827928,CO,18,31,23
India,Rajasthan,Jaipur,"Shastri Nagar, Jaipur - RSPCB",16-08-2026 10:00:00,26.9502929,75.730943,NO2,19,56,31
India,Rajasthan,Jaipur,"Adarsh Nagar, Jaipur - RSPCB",16-08-2026 10:00:00,26.902909,75.836858,PM2.5,31,69,49
India,Rajasthan,Jaisalmer,"Sadar Bazar, Jaisalmer - RSPCB",16-08-2026 10:00:00,26.912329,70.909168,NO2,1,16,8
India,Rajasthan,Jaisalmer,"Sadar Bazar, Jaisalmer - RSPCB",16-08-2026 10:00:00,26.912329,70.909168,SO2,3,5,4
India,Rajasthan,Jalore,"Mudtra Sili, Jalore - RSPCB",16-08-2026 10:00:00,25.344694,72.626208,NO2,4,12,7
India,Rajasthan,Jalore,"Mudtra Sili, Jalore - RSPCB",16-08-2026 10:00:00,25.344694,72.626208,NH3,2,7,4
India,Rajasthan,Jalore,"Mudtra Sili, Jalore - RSPCB",16-08-2026 10:00:00,25.344694,72.626208,CO,9,21,13
India,Tripura,Agartala,"Bardowali, Agartala - Tripura SPCB",16-08-2026 10:00:00,23.8175497,91.2726974,SO2,12,13,12
India,Uttar Pradesh,Agra,"Rohta, Agra - UPPCB",16-08-2026 10:00:00,27.106972,78.000111,PM10,30,116,65
India,Uttar Pradesh,Agra,"Rohta, Agra - UPPCB",16-08-2026 10:00:00,27.106972,78.000111,NO2,18,18,18
India,Uttar Pradesh,Agra,"Rohta, Agra - UPPCB",16-08-2026 10:00:00,27.106972,78.000111,OZONE,15,19,18
India,Uttar Pradesh,Agra,"Sector-3B Avas Vikas Colony, Agra - UPPCB",16-08-2026 10:00:00,27.19412,77.96237,PM2.5,NA,NA,NA
India,Uttar Pradesh,Agra,"Sector-3B Avas Vikas Colony, Agra - UPPCB",16-08-2026 10:00:00,27.19412,77.96237,PM10,NA,NA,NA
India,Uttar Pradesh,Agra,"Shahjahan Garden, Agra - UPPCB",16-08-2026 10:00:00,27.169338,78.03582,NH3,1,1,1
India,Uttar Pradesh,Agra,"Manoharpur, Agra - UPPCB",16-08-2026 10:00:00,27.23711,78.01936,SO2,NA,NA,NA
India,Uttar Pradesh,Agra,"Sanjay Palace, Agra - UPPCB",16-08-2026 10:00:00,27.19865833,78.00598056,PM2.5,13,109,47
India,Uttar Pradesh,Baghpat,"Sardar Patel Inter College, Baghpat - UPPCB",16-08-2026 10:00:00,28.964949,77.278761,PM10,24,107,66
India,Uttar Pradesh,Baghpat,"Sardar Patel Inter College, Baghpat - UPPCB",16-08-2026 10:00:00,28.964949,77.278761,CO,16,23,19
India,Uttar Pradesh,Baraut,"Nagar Palika Parishad, Baraut - UPPCB",16-08-2026 10:00:00,29.09956,77.26235,NO2,20,48,27
India,Uttar Pradesh,Baraut,"Nagar Palika Parishad, Baraut - UPPCB",16-08-2026 10:00:00,29.09956,77.26235,SO2,2,5,4
India,Uttar Pradesh,Baraut,"Nagar Palika Parishad, Baraut - UPPCB",16-08-2026 10:00:00,29.09956,77.26235,OZONE,30,31,30
India,Tamil Nadu,Chennai,"Royapuram, Chennai - TNPCB",16-08-2026 10:00:00,13.1036,80.2909,NO2,12,16,14
India,Tamil Nadu,Coimbatore,"SIDCO Kurichi, Coimbatore - TNPCB",16-08-2026 10:00:00,10.942451,76.978996,NO2,22,22,22
India,Tamil Nadu,Coimbatore,"SIDCO Kurichi, Coimbatore - TNPCB",16-08-2026 10:00:00,10.942451,76.978996,SO2,27,28,27
India,Tamil Nadu,Coimbatore,"SIDCO Kurichi, Coimbatore - TNPCB",16-08-2026 10:00:00,10.942451,76.978996,CO,1,2,1
India,Tamil Nadu,Cuddalore,"Semmandalam, Cuddalore - TNPCB",16-08-2026 10:00:00,11.7637683,79.7499835,PM2.5,NA,NA,NA
India,Tamil Nadu,Cuddalore,"Semmandalam, Cuddalore - TNPCB",16-08-2026 10:00:00,11.7637683,79.7499835,NO2,NA,NA,NA
India,Tamil Nadu,Cuddalore,"Semmandalam, Cuddalore - TNPCB",16-08-2026 10:00:00,11.7637683,79.7499835,OZONE,1,2,1
India,Tamil Nadu,Thoothukudi,"Meelavittan, Thoothukudi - TNPCB",16-08-2026 10:00:00,8.816428,78.099039,OZONE,27,34,31
India,Telangana,Hyderabad,"Bollaram Industrial Area, Hyderabad - TSPCB",16-08-2026 10:00:00,17.518,78.383,PM10,NA,NA,NA
India,Telangana,Hyderabad,"Bollaram Industrial Area, Hyderabad - TSPCB",16-08-2026 10:00:00,17.518,78.383,NO2,NA,NA,NA
India,Telangana,Hyderabad,"Bollaram Industrial Area, Hyderabad - TSPCB",16-08-2026 10:00:00,17.518,78.383,CO,55,55,55
India,Telangana,Hyderabad,"Bollaram Industrial Area, Hyderabad - TSPCB",16-08-2026 10:00:00,17.518,78.383,OZONE,26,26,26
India,Telangana,Hyderabad,"Zoo Park, Hyderabad - TSPCB",16-08-2026 10:00:00,17.349694,78.451437,PM10,6,46,24
India,Rajasthan,Kota,"Shrinath Puram, Kota - RSPCB",16-08-2026 10:00:00,25.14389,75.821256,CO,14,32,24
India,Rajasthan,Nagaur,"Karni Colony, Nagaur - RSPCB",16-08-2026 10:00:00,27.213494,73.734444,NH3,3,12,7
India,Rajasthan,Nagaur,"Karni Colony, Nagaur - RSPCB",16-08-2026 10:00:00,27.213494,73.734444,CO,12,19,15
India,Rajasthan,Pali,"Indira Colony Vistar, Pali - RSPCB",16-08-2026 10:00:00,25.771061,73.340227,SO2,7,14,11
India,Rajasthan,Pratapgarh,"Pragati Nagar, Pratapgarh - RSPCB",16-08-2026 10:00:00,24.041198,74.780702,PM10,60,107,87
India,Rajasthan,Pratapgarh,"Pragati Nagar, Pratapgarh - RSPCB",16-08-2026 10:00:00,24.041198,74.780702,OZONE,24,31,29
India,Rajasthan,Rajsamand,"Dhoinda, Rajsamand - RSPCB",16-08-2026 10:00:00,25.03636,73.883502,PM10,35,83,63
India,Rajasthan,Sawai Madhopur,"Sahu Nagar, Sawai Madhopur - RSPCB",16-08-2026 10:00:00,26.031443,76.359327,NO2,11,32,17
India,Rajasthan,Sawai Madhopur,"Sahu Nagar, Sawai Madhopur - RSPCB",16-08-2026 10:00:00,26.031443,76.359327,CO,25,31,28
India,Rajasthan,Sikar,"Radhakishan Pura, Sikar - RSPCB",16-08-2026 10:00:00,27.608912,75.153302,NH3,9,11,10
India,Rajasthan,Sri Ganganagar,"Old City, Sri Ganganagar - RSPCB",16-08-2026 10:00:00,29.931624,73.864511,CO,23,25,24
India,Rajasthan,Tonk,"Shastri Nagar, Tonk - RSPCB",16-08-2026 10:00:00,26.159933,75.780517,NH3,4,5,4
India,Rajasthan,Tonk,"Shastri Nagar, Tonk - RSPCB",16-08-2026 10:00:00,26.159933,75.780517,CO,41,102,83
India,Rajasthan,Udaipur,"Ashok Nagar, Udaipur - RSPCB",16-08-2026 10:00:00,24.5886166,73.6321397,SO2,3,9,7
India,Tamil Nadu,Chennai,"Kodungaiyur, Chennai - TNPCB",16-08-2026 10:00:00,13.1278,80.2642,PM2.5,24,66,45
India,Tamil Nadu,Chennai,"Kodungaiyur, Chennai - TNPCB",16-08-2026 10:00:00,13.1278,80.2642,NH3,4,5,4
India,Tamil Nadu,Chennai,"Kodungaiyur, Chennai - TNPCB",16-08-2026 10:00:00,13.1278,80.2642,CO,27,34,30
India,Tamil Nadu,Chennai,"Perungudi, Chennai - TNPCB",16-08-2026 10:00:00,12.9533,80.2357,CO,28,35,32
India,Tamil Nadu,Chennai,"Manali Village, Chennai - TNPCB",16-08-2026 10:00:00,13.1662,80.2584,NH3,1,2,2
India,Tamil Nadu,Chennai,"Manali Village, Chennai - TNPCB",16-08-2026 10:00:00,13.1662,80.2584,CO,32,34,33
India,Uttar Pradesh,Ghaziabad,"Wave City, Ghaziabad - UPPCB",16-08-2026 10:00:00,28.646675,77.489049,CO,33,39,36
India,Uttar Pradesh,Ghaziabad,"Wave City, Ghaziabad - UPPCB",16-08-2026 10:00:00,28.646675,77.489049,OZONE,1,3,2
India,Uttar Pradesh,Ghaziabad,"Loni, Ghaziabad - UPPCB",16-08-2026 10:00:00,28.757294,77.278792,PM2.5,6,73,34
India,Uttar Pradesh,Ghaziabad,"Loni, Ghaziabad - UPPCB",16-08-2026 10:00:00,28.757294,77.278792,NO2,14,48,24
India,Uttar Pradesh,Ghaziabad,"Govindpuram, Ghaziabad - UPPCB",16-08-2026 10:00:00,28.694528,77.494705,NO2,9,65,25
India,Uttar Pradesh,Greater Noida,"Knowledge Park - V, Greater Noida - UPPCB",16-08-2026 10:00:00,28.557054,77.453663,NH3,6,10,8
India,Uttar Pradesh,Greater Noida,"Knowledge Park - III, Greater Noida - UPPCB",16-08-2026 10:00:00,28.47272,77.482,PM10,48,238,119
India,Uttar Pradesh,Hapur,"Anand Vihar, Hapur - UPPCB",16-08-2026 10:00:00,28.725645,77.749675,NO2,13,40,22
India,Uttar Pradesh,Jhansi,"Shivaji Nagar, Jhansi - UPPCB",16-08-2026 10:00:00,25.4547,78.6039,PM2.5,4,59,34
India,Uttar Pradesh,Jhansi,"Shivaji Nagar, Jhansi - UPPCB",16-08-2026 10:00:00,25.4547,78.6039,PM10,25,73,43
India,Uttar Pradesh,Jhansi,"Shivaji Nagar, Jhansi - UPPCB",16-08-2026 10:00:00,25.4547,78.6039,NO2,4,7,6
India,Uttar Pradesh,Kanpur,"FTI Kidwai Nagar, Kanpur - UPPCB",16-08-2026 10:00:00,26.428282,80.327067,NH3,3,3,3
India,Uttar Pradesh,Kanpur,"FTI Kidwai Nagar, Kanpur - UPPCB",16-08-2026 10:00:00,26.428282,80.327067,CO,32,33,33
India,Uttar Pradesh,Kanpur,"NSI Kalyanpur, Kanpur - UPPCB",16-08-2026 10:00:00,26.509954,80.249612,NH3,2,2,2
India,Uttar Pradesh,Kanpur,"NSI Kalyanpur, Kanpur - UPPCB",16-08-2026 10:00:00,26.509954,80.249612,OZONE,21,22,21
India,Uttar Pradesh,Kanpur,"Nehru Nagar, Kanpur - UPPCB",16-08-2026 10:00:00,26.4703136,80.3229863,OZONE,2,3,2
India,Uttar Pradesh,Khurja,"Kalindi Kunj, Khurja - UPPCB",16-08-2026 10:00:00,28.2348927,77.8683002,NH3,1,1,1
India,Uttar Pradesh,Khurja,"Kalindi Kunj, Khurja - UPPCB",16-08-2026 10:00:00,28.2348927,77.8683002,SO2,10,11,11
India,Uttar Pradesh,Lucknow,"Talkatora District Industries Center, Lucknow - CPCB",16-08-2026 10:00:00,26.83399722,80.8917361,PM10,16,34,24
India,Uttar Pradesh,Lucknow,"Talkatora District Industries Center, Lucknow - CPCB",16-08-2026 10:00:00,26.83399722,80.8917361,NH3,8,13,11
India,Uttar Pradesh,Lucknow,"Talkatora District Industries Center, Lucknow - CPCB",16-08-2026 10:00:00,26.83399722,80.8917361,CO,15,26,20
India,Uttar Pradesh,Lucknow,"Kendriya Vidyalaya, Lucknow - CPCB",16-08-2026 10:00:00,26.906111,80.948222,PM2.5,11,57,25
India,Uttar Pradesh,Lucknow,"Kendriya Vidyalaya, Lucknow - CPCB",16-08-2026 10:00:00,26.906111,80.948222,CO,18,72,35
India,Uttar Pradesh,Lucknow,"Gomti Nagar, Lucknow - UPPCB",16-08-2026 10:00:00,26.86812,81.005119,NO2,9,11,10
India,Uttar Pradesh,Lucknow,"Gomti Nagar, Lucknow - UPPCB",16-08-2026 10:00:00,26.86812,81.005119,NH3,NA,NA,NA
India,Uttar Pradesh,Lucknow,"Gomti Nagar, Lucknow - UPPCB",16-08-2026 10:00:00,26.86812,81.005119,SO2,11,11,11
India,Uttar Pradesh,Lucknow,"B R Ambedkar University, Lucknow - UPPCB",16-08-2026 10:00:00,26.766433,80.927299,PM2.5,2,47,21
India,Uttar Pradesh,Lucknow,"B R Ambedkar University, Lucknow - UPPCB",16-08-2026 10:00:00,26.766433,80.927299,OZONE,16,52,32
India,Uttar Pradesh,Lucknow,"Lalbagh, Lucknow - CPCB",16-08-2026 10:00:00,26.8458805,80.9365541,PM10,25,52,37
India,Uttar Pradesh,Lucknow,"Lalbagh, Lucknow - CPCB",16-08-2026 10:00:00,26.8458805,80.9365541,NO2,17,24,20
India,Uttar Pradesh,Lucknow,"Kukrail Picnic Spot-1, Lucknow - UPPCB",16-08-2026 10:00:00,26.90723,80.98579,SO2,28,46,31
India,Uttar Pradesh,Lucknow,"Kukrail Picnic Spot-1, Lucknow - UPPCB",16-08-2026 10:00:00,26.90723,80.98579,CO,13,19,15
India,Uttar Pradesh,Mathura,"Pali Dungra, Mathura - UPPCB",16-08-2026 10:00:00,27.410954,77.550619,CO,12,21,17
India,Uttar Pradesh,Meerut,"Jai Bhim Nagar, Meerut - UPPCB",16-08-2026 10:00:00,28.9535882,77.7622941,SO2,4,13,9
India,Uttar Pradesh,Meerut,"Jai Bhim Nagar, Meerut - UPPCB",16-08-2026 10:00:00,28.9535882,77.7622941,CO,13,14,13
India,Uttar Pradesh,Meerut,"MIET College, Meerut - UPPCB",16-08-2026 10:00:00,28.972677,77.641018,PM2.5,23,116,65
India,Uttar Pradesh,Meerut,"Ganga Nagar, Meerut - UPPCB",16-08-2026 10:00:00,28.999264,77.7590354,NO2,23,36,28
India,Uttar Pradesh,Meerut,"Ganga Nagar, Meerut - UPPCB",16-08-2026 10:00:00,28.999264,77.7590354,CO,39,48,43
India,Uttar Pradesh,Modinagar,"SRM University, Modinagar - UPPCB",16-08-2026 10:00:00,28.798171,77.540243,NO2,14,39,24
India,Uttar Pradesh,Moradabad,"Eco Herbal Park, Moradabad - UPPCB",16-08-2026 10:00:00,28.840739,78.697531,PM2.5,5,89,43
India,Uttar Pradesh,Moradabad,"Eco Herbal Park, Moradabad - UPPCB",16-08-2026 10:00:00,28.840739,78.697531,NH3,4,7,6
India,Uttar Pradesh,Moradabad,"Eco Herbal Park, Moradabad - UPPCB",16-08-2026 10:00:00,28.840739,78.697531,CO,10,12,11
India,Uttar Pradesh,Moradabad,"Eco Herbal Park, Moradabad - UPPCB",16-08-2026 10:00:00,28.840739,78.697531,OZONE,6,33,16
India,Uttar Pradesh,Moradabad,"Buddhi Vihar, Moradabad - UPPCB",16-08-2026 10:00:00,28.83526,78.7446,PM10,21,75,43
India,Uttar Pradesh,Moradabad,"Buddhi Vihar, Moradabad - UPPCB",16-08-2026 10:00:00,28.83526,78.7446,CO,27,31,29
India,Uttar Pradesh,Moradabad,"Transport Nagar, Moradabad - UPPCB",16-08-2026 10:00:00,28.802625,78.753728,PM2.5,NA,NA,NA
India,Uttar Pradesh,Moradabad,"Transport Nagar, Moradabad - UPPCB",16-08-2026 10:00:00,28.802625,78.753728,CO,35,46,43
India,Uttar Pradesh,Moradabad,"Transport Nagar, Moradabad - UPPCB",16-08-2026 10:00:00,28.802625,78.753728,OZONE,53,270,139
India,Uttar Pradesh,Moradabad,"Kashiram Nagar, Moradabad - UPPCB",16-08-2026 10:00:00,28.849399,78.742362,NH3,4,4,4
India,Uttar Pradesh,Muzaffarnagar,"New Mandi, Muzaffarnagar - UPPCB",16-08-2026 10:00:00,29.4723508,77.7194031,NO2,8,32,20
India,Uttar Pradesh,Noida,"Sector - 125, Noida - UPPCB",16-08-2026 10:00:00,28.5447608,77.3231257,PM10,44,156,85
India,Uttar Pradesh,Noida,"Sector - 125, Noida - UPPCB",16-08-2026 10:00:00,28.5447608,77.3231257,SO2,5,10,8
India,Uttar Pradesh,Noida,"Sector - 62, Noida - IITM",16-08-2026 10:00:00,28.6245479,77.3577104,PM2.5,20,200,61
India,Uttar Pradesh,Noida,"Sector - 62, Noida - IITM",16-08-2026 10:00:00,28.6245479,77.3577104,NH3,NA,NA,NA
India,Uttar Pradesh,Noida,"Sector-1, Noida - UPPCB",16-08-2026 10:00:00,28.5898,77.3101,NH3,9,13,11
India,Uttar Pradesh,Noida,"Sector-116, Noida - UPPCB",16-08-2026 10:00:00,28.56923,77.393848,SO2,13,20,16
India,Uttar Pradesh,Noida,"Sector-116, Noida - UPPCB",16-08-2026 10:00:00,28.56923,77.393848,CO,29,32,30
India,Uttar Pradesh,Prayagraj,"Motilal Nehru NIT, Prayagraj - UPPCB",16-08-2026 10:00:00,25.494,81.863,CO,3,11,5
India,Uttar Pradesh,Prayagraj,"Jhunsi, Prayagraj - UPPCB",16-08-2026 10:00:00,25.425602,81.917152,NH3,5,6,6
India,Uttar Pradesh,Prayagraj,"Jhunsi, Prayagraj - UPPCB",16-08-2026 10:00:00,25.425602,81.917152,CO,10,28,20
India,Uttar Pradesh,Raebareli,"Anand Nagar, Raebareli - UPPCB",16-08-2026 10:00:00,26.219512,81.237648,PM10,NA,NA,NA
India,Uttar Pradesh,Raebareli,"Anand Nagar, Raebareli - UPPCB",16-08-2026 10:00:00,26.219512,81.237648,NH3,NA,NA,NA
India,Uttar Pradesh,Raebareli,"Anand Nagar, Raebareli - UPPCB",16-08-2026 10:00:00,26.219512,81.237648,SO2,13,13,13
India,Uttar Pradesh,Raebareli," Indira Nagar, Raebareli - NTPC Unchahar",16-08-2026 10:00:00,26.207781,81.245571,PM2.5,26,52,44
India,Uttar Pradesh,Raebareli," Indira Nagar, Raebareli - NTPC Unchahar",16-08-2026 10:00:00,26.207781,81.245571,CO,43,50,46
India,Uttar Pradesh,Raebareli," Indira Nagar, Raebareli - NTPC Unchahar",16-08-2026 10:00:00,26.207781,81.245571,OZONE,1,5,3
India,Uttar Pradesh,Varanasi,"Maldahiya, Varanasi - UPPCB",16-08-2026 10:00:00,25.32393,82.99687,NH3,0,0,0
India,Uttar Pradesh,Varanasi,"Maldahiya, Varanasi - UPPCB",16-08-2026 10:00:00,25.32393,82.99687,SO2,30,30,30
India,Uttar Pradesh,Varanasi,"Maldahiya, Varanasi - UPPCB",16-08-2026 10:00:00,25.32393,82.99687,CO,12,14,13
India,Uttar Pradesh,Varanasi,"IESD Banaras Hindu University, Varanasi - UPPCB",16-08-2026 10:00:00,25.262326,82.995408,PM2.5,NA,NA,NA
India,Uttar Pradesh,Vrindavan,"Omex Eternity, Vrindavan - UPPCB",16-08-2026 10:00:00,27.571409,77.655757,PM2.5,14,127,41
India,Uttar Pradesh,Vrindavan,"Omex Eternity, Vrindavan - UPPCB",16-08-2026 10:00:00,27.571409,77.655757,NO2,27,27,27
India,Uttar Pradesh,Vrindavan,"Omex Eternity, Vrindavan - UPPCB",16-08-2026 10:00:00,27.571409,77.655757,OZONE,15,16,16
India,Uttarakhand,Rishikesh,"Shivaji Nagar, Rishikesh - UKPCB",16-08-2026 10:00:00,30.075911,78.2859547,SO2,1,1,1
India,Uttarakhand,Rishikesh,"Shivaji Nagar, Rishikesh - UKPCB",16-08-2026 10:00:00,30.075911,78.2859547,CO,37,37,37
India,West Bengal,Asansol,"Asansol Court Area, Asansol - WBPCB",16-08-2026 10:00:00,23.685297,86.945968,PM2.5,14,38,24
India,West Bengal,Asansol,"Asansol Court Area, Asansol - WBPCB",16-08-2026 10:00:00,23.685297,86.945968,PM10,21,46,35
India,West Bengal,Asansol,"Evelyn Lodge, Asansol - WBPCB",16-08-2026 10:00:00,23.697936,86.944395,NH3,6,7,6
India,West Bengal,Barrackpore,"SVSPA Campus, Barrackpore - WBPCB",16-08-2026 10:00:00,22.7605581,88.3617589,PM10,23,34,28
India,West Bengal,Barrackpore,"SVSPA Campus, Barrackpore - WBPCB",16-08-2026 10:00:00,22.7605581,88.3617589,OZONE,6,9,7
India,West Bengal,Durgapur,"PCBL Residential Complex, Durgapur - WBPCB",16-08-2026 10:00:00,23.508764,87.35444,OZONE,NA,NA,NA
India,West Bengal,Durgapur,"Mahishkapur Road_B-Zone, Durgapur - WBPCB",16-08-2026 10:00:00,23.567923,87.306843,PM2.5,2,22,12
India,West Bengal,Durgapur,"Mahishkapur Road_B-Zone, Durgapur - WBPCB",16-08-2026 10:00:00,23.567923,87.306843,SO2,2,3,3
India,West Bengal,Durgapur,"Mahishkapur Road_B-Zone, Durgapur - WBPCB",16-08-2026 10:00:00,23.567923,87.306843,CO,40,87,63
India,West Bengal,Durgapur,"Womens College_City Center, Durgapur - WBPCB",16-08-2026 10:00:00,23.549395,87.300496,PM2.5,7,119,28
India,West Bengal,Durgapur,"Womens College_City Center, Durgapur - WBPCB",16-08-2026 10:00:00,23.549395,87.300496,PM10,26,450,65
India,West Bengal,Durgapur,"Womens College_City Center, Durgapur - WBPCB",16-08-2026 10:00:00,23.549395,87.300496,CO,14,18,16
India,West Bengal,Howrah,"Dasnagar, Howrah - WBPCB",16-08-2026 10:00:00,22.6025571,88.3105664,NH3,0,1,1
India,West Bengal,Howrah,"Dasnagar, Howrah - WBPCB",16-08-2026 10:00:00,22.6025571,88.3105664,SO2,8,9,8
India,West Bengal,Howrah,"Dasnagar, Howrah - WBPCB",16-08-2026 10:00:00,22.6025571,88.3105664,CO,32,37,34
India,West Bengal,Howrah,"Dasnagar, Howrah - WBPCB",16-08-2026 10:00:00,22.6025571,88.3105664,OZONE,22,31,26
India,West Bengal,Kolkata,"Jadavpur, Kolkata - WBPCB",16-08-2026 10:00:00,22.49929,88.36917,NO2,18,39,28
India,West Bengal,Kolkata,"Jadavpur, Kolkata - WBPCB",16-08-2026 10:00:00,22.49929,88.36917,NH3,12,12,12
India,West Bengal,Kolkata,"Fort William, Kolkata - WBPCB",16-08-2026 10:00:00,22.55664,88.342674,OZONE,17,23,20
India,West Bengal,Kolkata,"Victoria, Kolkata - WBPCB",16-08-2026 10:00:00,22.5448082,88.3403691,NO2,19,25,22
India,West Bengal,Kolkata,"Victoria, Kolkata - WBPCB",16-08-2026 10:00:00,22.5448082,88.3403691,SO2,12,24,19
India,Andhra Pradesh,Vijayawada,"HB Colony, Vijayawada - APPCB",16-08-2026 10:00:00,16.536107,80.594233,PM10,NA,NA,NA
India,Andhra Pradesh,Vijayawada,"HB Colony, Vijayawada - APPCB",16-08-2026 10:00:00,16.536107,80.594233,OZONE,13,13,13
India,Andhra Pradesh,Vijayawada,"Rajiv Gandhi Park, Vijayawada - APPCB",16-08-2026 10:00:00,16.509717,80.612222,PM10,46,74,59
India,Andhra Pradesh,Vijayawada,"Rajiv Gandhi Park, Vijayawada - APPCB",16-08-2026 10:00:00,16.509717,80.612222,NH3,4,6,5
India,Andhra Pradesh,Visakhapatnam,"GVM Corporation, Visakhapatnam - APPCB",16-08-2026 10:00:00,17.72,83.3,SO2,8,42,17
India,Andhra Pradesh,Visakhapatnam,"GVM Corporation, Visakhapatnam - APPCB",16-08-2026 10:00:00,17.72,83.3,CO,1,18,9
India,Arunachal Pradesh,Naharlagun,"Naharlagun, Naharlagun - APSPCB",16-08-2026 10:00:00,27.103358,93.679645,PM2.5,9,44,24
India,Arunachal Pradesh,Naharlagun,"Naharlagun, Naharlagun - APSPCB",16-08-2026 10:00:00,27.103358,93.679645,SO2,11,12,12
India,Assam,Byrnihat,"Central Academy for SFS, Byrnihat - PCBA",16-08-2026 10:00:00,26.071318,91.87488,PM10,79,100,88
India,Assam,Byrnihat,"Central Academy for SFS, Byrnihat - PCBA",16-08-2026 10:00:00,26.071318,91.87488,CO,49,69,59
India,Assam,Guwahati,"IITG, Guwahati - PCBA",16-08-2026 10:00:00,26.2028636,91.70046436,SO2,29,32,30
India,Assam,Guwahati,"IITG, Guwahati - PCBA",16-08-2026 10:00:00,26.2028636,91.70046436,CO,72,75,74
India,Assam,Guwahati,"Pan Bazaar, Guwahati - PCBA",16-08-2026 10:00:00,26.1875,91.744194,SO2,26,32,28
India,Assam,Guwahati,"LGBI Airport, Guwahati - PCBA",16-08-2026 10:00:00,26.10887,91.589544,PM2.5,18,74,44
India,Assam,Guwahati,"LGBI Airport, Guwahati - PCBA",16-08-2026 10:00:00,26.10887,91.589544,SO2,NA,NA,NA
India,Assam,Guwahati,"Railway Colony, Guwahati - PCBA",16-08-2026 10:00:00,26.181742,91.78063,CO,10,20,14
India,Assam,Nagaon,"Christianpatty, Nagaon - PCBA",16-08-2026 10:00:00,26.349082,92.68449,PM10,NA,NA,NA
India,Assam,Nagaon,"Christianpatty, Nagaon - PCBA",16-08-2026 10:00:00,26.349082,92.68449,SO2,NA,NA,NA
India,Bihar,Patna,"DRM Office Danapur, Patna - BSPCB",16-08-2026 10:00:00,25.586562,85.043586,NO2,20,26,23
India,Bihar,Patna,"Muradpur, Patna - BSPCB",16-08-2026 10:00:00,25.619651,85.147382,CO,45,52,48
India,Bihar,Patna,"Samanpura, Patna - BSPCB",16-08-2026 10:00:00,25.596727,85.085624,NH3,4,6,5
India,Bihar,Patna,"Samanpura, Patna - BSPCB",16-08-2026 10:00:00,25.596727,85.085624,SO2,5,5,5
India,Bihar,Patna,"Samanpura, Patna - BSPCB",16-08-2026 10:00:00,25.596727,85.085624,CO,20,24,22
India,Bihar,Saharsa,"Police Line, Saharsa - BSPCB",16-08-2026 10:00:00,25.892357,86.590325,CO,37,39,38
India,Bihar,Samastipur,"DM Office_Kasipur, Samastipur - BSPCB",16-08-2026 10:00:00,25.859655,85.77944,NO2,8,9,8
India,Bihar,Samastipur,"DM Office_Kasipur, Samastipur - BSPCB",16-08-2026 10:00:00,25.859655,85.77944,OZONE,6,7,6
India,Bihar,Sasaram,"Dada Peer, Sasaram - BSPCB",16-08-2026 10:00:00,24.952822,84.002396,NO2,1,8,3
India,Bihar,Sasaram,"Dada Peer, Sasaram - BSPCB",16-08-2026 10:00:00,24.952822,84.002396,CO,10,15,13
India,Bihar,Siwan,"Chitragupta Nagar, Siwan - BSPCB",16-08-2026 10:00:00,26.2271665,84.3570427,OZONE,7,7,7
India,Chandigarh,Chandigarh,"Sector 22, Chandigarh - CPCC",16-08-2026 10:00:00,30.735567,76.775714,PM10,15,80,29
India,Chandigarh,Chandigarh,"Sector 22, Chandigarh - CPCC",16-08-2026 10:00:00,30.735567,76.775714,NO2,4,16,8
India,Chandigarh,Chandigarh,"Sector 22, Chandigarh - CPCC",16-08-2026 10:00:00,30.735567,76.775714,CO,33,37,35
India,Chandigarh,Chandigarh,"Sector-25, Chandigarh - CPCC",16-08-2026 10:00:00,30.751462,76.762879,PM2.5,24,46,34
India,Chandigarh,Chandigarh,"Sector-25, Chandigarh - CPCC",16-08-2026 10:00:00,30.751462,76.762879,PM10,33,57,44
India,Andhra Pradesh,Kadapa,"Yerramukkapalli, Kadapa - APPCB",16-08-2026 10:00:00,14.465052,78.824187,NO2,20,30,28
India,Andhra Pradesh,Kakinada,"Rama Rao Peta, Kakinada - APPCB",16-08-2026 10:00:00,16.962488,82.229513,CO,4,14,8
India,Andhra Pradesh,Nellore,"Ambedkar Nagar, Nellore - APPCB ",16-08-2026 10:00:00,14.438164,79.966814,PM2.5,50,53,52
India,Andhra Pradesh,Nellore,"Ambedkar Nagar, Nellore - APPCB ",16-08-2026 10:00:00,14.438164,79.966814,NO2,26,29,27
India,Andhra Pradesh,Nellore,"Ambedkar Nagar, Nellore - APPCB ",16-08-2026 10:00:00,14.438164,79.966814,SO2,10,13,11
India,Andhra Pradesh,Rajamahendravaram,"Anand Kala Kshetram, Rajamahendravaram - APPCB",16-08-2026 10:00:00,16.9872867,81.7363176,PM2.5,4,31,19
India,Andhra Pradesh,Rajamahendravaram,"Anand Kala Kshetram, Rajamahendravaram - APPCB",16-08-2026 10:00:00,16.9872867,81.7363176,PM10,12,59,35
India,Andhra Pradesh,Rajamahendravaram,"Anand Kala Kshetram, Rajamahendravaram - APPCB",16-08-2026 10:00:00,16.9872867,81.7363176,NO2,3,13,6
India,Andhra Pradesh,Rajamahendravaram,"Anand Kala Kshetram, Rajamahendravaram - APPCB",16-08-2026 10:00:00,16.9872867,81.7363176,OZONE,19,23,21
India,Andhra Pradesh,Srikakulam,"Chinna Bharatham Colony, Srikakulam - APPCB",16-08-2026 10:00:00,18.292191,83.897173,NH3,2,5,3
India,Andhra Pradesh,Tirumala,"Toll Gate, Tirumala - APPCB",16-08-2026 10:00:00,13.67,79.35,NO2,28,67,47
India,Andhra Pradesh,Tirumala,"Toll Gate, Tirumala - APPCB",16-08-2026 10:00:00,13.67,79.35,NH3,2,2,2
India,Andhra Pradesh,Tirumala,"Toll Gate, Tirumala - APPCB",16-08-2026 10:00:00,13.67,79.35,OZONE,8,15,11
India,Andhra Pradesh,Tirupati,"Vaikuntapuram, Tirupati - APPCB",16-08-2026 10:00:00,13.615387,79.40923,PM2.5,39,42,40
India,Andhra Pradesh,Tirupati,"Vaikuntapuram, Tirupati - APPCB",16-08-2026 10:00:00,13.615387,79.40923,CO,18,22,20
India,Assam,Nagaon,"Christianpatty, Nagaon - PCBA",16-08-2026 10:00:00,26.349082,92.68449,OZONE,2,8,5
India,Assam,Nalbari,"Bata Chowk, Nalbari - PCBA",16-08-2026 10:00:00,26.446912,91.439057,PM10,15,32,20
India,Assam,Silchar,"Tarapur, Silchar - PCBA",16-08-2026 10:00:00,24.82827,92.79525,NO2,17,21,17
India,Bihar,Araria,"Kharahiya Basti, Araria - BSPCB",16-08-2026 10:00:00,26.146529,87.454184,PM2.5,17,88,39
India,Bihar,Araria,"Kharahiya Basti, Araria - BSPCB",16-08-2026 10:00:00,26.146529,87.454184,NO2,8,20,14
India,Bihar,Araria,"Kharahiya Basti, Araria - BSPCB",16-08-2026 10:00:00,26.146529,87.454184,CO,23,33,27
India,Bihar,Begusarai,"Lohiyanagar, Begusarai - BSPCB",16-08-2026 10:00:00,25.42742023,86.13886079,SO2,13,18,17
India,Bihar,Begusarai,"Lohiyanagar, Begusarai - BSPCB",16-08-2026 10:00:00,25.42742023,86.13886079,OZONE,24,28,26
India,Bihar,Bettiah,"Kamalnath Nagar, Bettiah - BSPCB",16-08-2026 10:00:00,26.80365,84.51954,PM2.5,21,25,23
India,Bihar,Bettiah,"Kamalnath Nagar, Bettiah - BSPCB",16-08-2026 10:00:00,26.80365,84.51954,CO,NA,NA,NA
India,Bihar,Bettiah,"Kamalnath Nagar, Bettiah - BSPCB",16-08-2026 10:00:00,26.80365,84.51954,OZONE,21,25,23
India,Bihar,Bhagalpur,"Mayaganj, Bhagalpur - BSPCB",16-08-2026 10:00:00,25.265194,87.012947,NH3,NA,NA,NA
India,Bihar,Bhagalpur,"Mayaganj, Bhagalpur - BSPCB",16-08-2026 10:00:00,25.265194,87.012947,SO2,NA,NA,NA
India,Bihar,Buxar,"Charitra Van, Buxar - BSPCB",16-08-2026 10:00:00,25.56752,83.966379,PM2.5,20,500,148
India,Bihar,Buxar,"Charitra Van, Buxar - BSPCB",16-08-2026 10:00:00,25.56752,83.966379,NH3,3,3,3
India,Bihar,Buxar,"Charitra Van, Buxar - BSPCB",16-08-2026 10:00:00,25.56752,83.966379,OZONE,2,20,9
India,Bihar,Chhapra,"Darshan Nagar, Chhapra - BSPCB",16-08-2026 10:00:00,25.7808257,84.7446768,SO2,28,30,29
India,Bihar,Chhapra,"Darshan Nagar, Chhapra - BSPCB",16-08-2026 10:00:00,25.7808257,84.7446768,CO,84,90,87
India,Bihar,Chhapra,"Darshan Nagar, Chhapra - BSPCB",16-08-2026 10:00:00,25.7808257,84.7446768,OZONE,3,7,4
India,Bihar,Gaya,"SFTI Kusdihra, Gaya - BSPCB",16-08-2026 10:00:00,24.762518,84.982348,NH3,5,7,6
India,Bihar,Gaya,"SFTI Kusdihra, Gaya - BSPCB",16-08-2026 10:00:00,24.762518,84.982348,CO,19,26,23
India,Bihar,Gaya,"Kareemganj, Gaya - BSPCB",16-08-2026 10:00:00,24.792403,84.992416,PM2.5,8,117,47
India,Bihar,Hajipur,"Industrial Area, Hajipur - BSPCB",16-08-2026 10:00:00,25.697189,85.2459,NH3,12,17,14
India,Bihar,Katihar,"Mirchaibari, Katihar - BSPCB",16-08-2026 10:00:00,25.560083,87.553265,NH3,1,1,1
India,Bihar,Katihar,"Mirchaibari, Katihar - BSPCB",16-08-2026 10:00:00,25.560083,87.553265,SO2,19,26,23
India,Bihar,Kishanganj,"SDM Office_Khagra, Kishanganj - BSPCB",16-08-2026 10:00:00,26.0881305,87.93840336,NO2,7,8,7
India,Bihar,Kishanganj,"SDM Office_Khagra, Kishanganj - BSPCB",16-08-2026 10:00:00,26.0881305,87.93840336,SO2,9,11,10
India,Bihar,Manguraha,"Forest Rest House, Manguraha - BSPCB",16-08-2026 10:00:00,27.308328,84.531742,CO,17,90,40
India,Bihar,Motihari,"Gandak Colony, Motihari - BSPCB",16-08-2026 10:00:00,26.63086,84.90051,PM2.5,NA,NA,NA
India,Bihar,Motihari,"Gandak Colony, Motihari - BSPCB",16-08-2026 10:00:00,26.63086,84.90051,PM10,NA,NA,NA
India,Chandigarh,Chandigarh,"Sector-25, Chandigarh - CPCC",16-08-2026 10:00:00,30.751462,76.762879,SO2,2,9,5
India,Chandigarh,Chandigarh,"Sector-25, Chandigarh - CPCC",16-08-2026 10:00:00,30.751462,76.762879,CO,16,18,17
India,Chandigarh,Chandigarh,"Sector-53, Chandigarh - CPCC",16-08-2026 10:00:00,30.719859,76.738637,PM10,10,33,20
India,Chandigarh,Chandigarh,"Sector-53, Chandigarh - CPCC",16-08-2026 10:00:00,30.719859,76.738637,NO2,22,81,40
India,Chandigarh,Chandigarh,"Sector-53, Chandigarh - CPCC",16-08-2026 10:00:00,30.719859,76.738637,SO2,5,8,6
India,Chhattisgarh,Bhilai,"Civic Center, Bhilai - Bhilai Steel Plant",16-08-2026 10:00:00,21.185571,81.343175,PM10,6,16,11
India,Chhattisgarh,Bhilai,"Civic Center, Bhilai - Bhilai Steel Plant",16-08-2026 10:00:00,21.185571,81.343175,OZONE,10,12,11
India,Chhattisgarh,Bhilai,"Hathkhoj, Bhilai - CECB",16-08-2026 10:00:00,21.224231,81.40835,CO,5,16,9
India,Chhattisgarh,Bilaspur,"Mangala, Bilaspur - NTPC",16-08-2026 10:00:00,22.08815,82.13737,SO2,16,17,17
India,Chhattisgarh,Korba,"Urja Nagar, Korba - CECB",16-08-2026 10:00:00,22.348441,82.549611,CO,13,14,14
India,Chhattisgarh,Korba,"Rampur, Korba - CECB",16-08-2026 10:00:00,22.368195,82.746431,PM10,7,22,15
India,Chhattisgarh,Kunjemura,"OP Jindal School, Kunjemura - CECB",16-08-2026 10:00:00,22.12665,83.483212,PM2.5,2,11,6
India,Chhattisgarh,Kunjemura,"OP Jindal School, Kunjemura - CECB",16-08-2026 10:00:00,22.12665,83.483212,SO2,9,16,13
India,Chhattisgarh,Milupara,"Govt. Higher Secondary School, Milupara - CECB",16-08-2026 10:00:00,22.1910172,83.5197009,CO,8,30,17
India,Chhattisgarh,Raipur,"Krishak Nagar, Raipur - CECB",16-08-2026 10:00:00,21.237755,81.705301,PM2.5,7,32,18
India,Chhattisgarh,Raipur,"Siltara Phase-II, Raipur - CECB",16-08-2026 10:00:00,21.371751,81.664929,PM2.5,35,65,45
India,Chhattisgarh,Raipur,"Siltara Phase-II, Raipur - CECB",16-08-2026 10:00:00,21.371751,81.664929,PM10,59,96,75
India,Chhattisgarh,Raipur,"AIIMS, Raipur - CECB",16-08-2026 10:00:00,21.258815,81.578979,PM2.5,8,28,19
India,Chhattisgarh,Raipur,"AIIMS, Raipur - CECB",16-08-2026 10:00:00,21.258815,81.578979,PM10,17,29,22
India,Chhattisgarh,Raipur,"AIIMS, Raipur - CECB",16-08-2026 10:00:00,21.258815,81.578979,OZONE,8,16,14
India,Chhattisgarh,Tumidih,"OP Jindal Industrial Park, Tumidih - CECB",16-08-2026 10:00:00,22.06631475,83.33820077,NO2,9,24,16
India,Delhi,Delhi,"Narela, Delhi - DPCC",16-08-2026 10:00:00,28.822836,77.101981,PM2.5,2,63,32
India,Delhi,Delhi,"Cantonment Area, Delhi - DPCC",16-08-2026 10:00:00,28.594169,77.1251,OZONE,1,4,3
India,Delhi,Delhi,"Sonia Vihar, Delhi - DPCC",16-08-2026 10:00:00,28.710508,77.249485,PM10,36,119,71
India,Bihar,Motihari,"Gandak Colony, Motihari - BSPCB",16-08-2026 10:00:00,26.63086,84.90051,SO2,2,3,3
India,Bihar,Motihari,"Gandak Colony, Motihari - BSPCB",16-08-2026 10:00:00,26.63086,84.90051,CO,11,14,12
India,Bihar,Munger,"Town Hall, Munger - BSPCB",16-08-2026 10:00:00,25.376776,86.471523,PM2.5,5,75,26
India,Bihar,Munger,"Town Hall, Munger - BSPCB",16-08-2026 10:00:00,25.376776,86.471523,CO,35,38,36
India,Bihar,Muzaffarpur,"MIT-Daudpur Kothi, Muzaffarpur - BSPCB",16-08-2026 10:00:00,26.1403345,85.3650192,NH3,1,1,1
India,Bihar,Muzaffarpur,"MIT-Daudpur Kothi, Muzaffarpur - BSPCB",16-08-2026 10:00:00,26.1403345,85.3650192,SO2,16,25,21
India,Bihar,Patna,"Rajbansi Nagar, Patna - BSPCB",16-08-2026 10:00:00,25.599486,85.113666,SO2,9,11,11
India,Bihar,Patna,"Govt. High School Shikarpur, Patna - BSPCB",16-08-2026 10:00:00,25.592539,85.227158,PM10,49,84,65
India,Bihar,Patna,"Govt. High School Shikarpur, Patna - BSPCB",16-08-2026 10:00:00,25.592539,85.227158,OZONE,19,50,32
India,Andhra Pradesh,Amaravati,"Secretariat, Amaravati - APPCB",16-08-2026 10:00:00,16.5150833,80.5181667,PM2.5,13,36,22
India,Andhra Pradesh,Amaravati,"Secretariat, Amaravati - APPCB",16-08-2026 10:00:00,16.5150833,80.5181667,PM10,23,127,60
India,Andhra Pradesh,Anantapur,"Gulzarpet, Anantapur - APPCB",16-08-2026 10:00:00,14.675886,77.593027,PM10,49,88,64
India,Andhra Pradesh,Anantapur,"Gulzarpet, Anantapur - APPCB",16-08-2026 10:00:00,14.675886,77.593027,NO2,16,23,17
India,Andhra Pradesh,Anantapur,"Gulzarpet, Anantapur - APPCB",16-08-2026 10:00:00,14.675886,77.593027,NH3,4,4,4
India,Andhra Pradesh,Anantapur,"Gulzarpet, Anantapur - APPCB",16-08-2026 10:00:00,14.675886,77.593027,OZONE,18,18,18
India,Andhra Pradesh,Chittoor,"Gangineni Cheruvu, Chittoor - APPCB",16-08-2026 10:00:00,13.20488,79.097889,PM10,63,72,67
India,Andhra Pradesh,Chittoor,"Gangineni Cheruvu, Chittoor - APPCB",16-08-2026 10:00:00,13.20488,79.097889,NO2,27,30,29
India,Andhra Pradesh,Chittoor,"Gangineni Cheruvu, Chittoor - APPCB",16-08-2026 10:00:00,13.20488,79.097889,CO,14,17,16
India,Andhra Pradesh,Chittoor,"Gangineni Cheruvu, Chittoor - APPCB",16-08-2026 10:00:00,13.20488,79.097889,OZONE,26,28,27
India,Delhi,Delhi,"Sonia Vihar, Delhi - DPCC",16-08-2026 10:00:00,28.710508,77.249485,OZONE,8,84,36
India,Delhi,Delhi,"Bawana, Delhi - DPCC",16-08-2026 10:00:00,28.7762,77.051074,SO2,10,10,10
India,Delhi,Delhi,"Bawana, Delhi - DPCC",16-08-2026 10:00:00,28.7762,77.051074,OZONE,16,17,16
India,Delhi,Delhi,"Okhla Phase-2, Delhi - DPCC",16-08-2026 10:00:00,28.530785,77.271255,SO2,4,8,6
India,Delhi,Delhi,"Rohini, Delhi - DPCC",16-08-2026 10:00:00,28.732528,77.11992,PM2.5,33,100,67
India,Delhi,Delhi,"Rohini, Delhi - DPCC",16-08-2026 10:00:00,28.732528,77.11992,PM10,68,169,99
India,Delhi,Delhi,"IHBAS, Dilshad Garden, Delhi - CPCB",16-08-2026 10:00:00,28.6811736,77.3025234,PM2.5,NA,NA,NA
India,Delhi,Delhi,"Burari Crossing, Delhi - IITM",16-08-2026 10:00:00,28.7256504,77.2011573,PM2.5,10,70,39
India,Delhi,Delhi,"Burari Crossing, Delhi - IITM",16-08-2026 10:00:00,28.7256504,77.2011573,PM10,22,95,62
India,Delhi,Delhi,"Burari Crossing, Delhi - IITM",16-08-2026 10:00:00,28.7256504,77.2011573,CO,32,35,33
India,Delhi,Delhi,"IMD Lodhi Road, Delhi - IITM",16-08-2026 10:00:00,28.5918245,77.2273074,NH3,NA,NA,NA
India,Delhi,Delhi,"IMD Lodhi Road, Delhi - IITM",16-08-2026 10:00:00,28.5918245,77.2273074,CO,19,24,21
India,Delhi,Delhi,"JNU, Delhi - DPCC",16-08-2026 10:00:00,28.540721,77.168544,OZONE,6,9,7
India,Delhi,Delhi,"Alipur, Delhi - DPCC",16-08-2026 10:00:00,28.815329,77.15301,PM2.5,3,103,33
India,Delhi,Delhi,"Alipur, Delhi - DPCC",16-08-2026 10:00:00,28.815329,77.15301,OZONE,7,10,9
India,Gujarat,Ahmedabad,"SVPI Airport Hansol, Ahmedabad - IITM",16-08-2026 10:00:00,23.076793,72.627874,NH3,1,3,2
India,Gujarat,Ahmedabad,"SVPI Airport Hansol, Ahmedabad - IITM",16-08-2026 10:00:00,23.076793,72.627874,CO,7,11,9
India,Gujarat,Ahmedabad,"Rakhial, Ahmedabad - IITM",16-08-2026 10:00:00,23.016834,72.625775,SO2,30,36,33
India,Gujarat,Ahmedabad,"Rakhial, Ahmedabad - IITM",16-08-2026 10:00:00,23.016834,72.625775,CO,55,80,66
India,Gujarat,Ahmedabad,"Rakhial, Ahmedabad - IITM",16-08-2026 10:00:00,23.016834,72.625775,OZONE,5,6,5
India,Gujarat,Ahmedabad,"Maninagar, Ahmedabad - GPCB",16-08-2026 10:00:00,23.002657,72.591912,PM10,78,123,103
India,Gujarat,Ahmedabad,"Maninagar, Ahmedabad - GPCB",16-08-2026 10:00:00,23.002657,72.591912,SO2,34,68,52
India,Gujarat,Ahmedabad,"Chandkheda, Ahmedabad - IITM",16-08-2026 10:00:00,23.107969,72.574648,NO2,4,16,9
India,Gujarat,Ahmedabad,"Chandkheda, Ahmedabad - IITM",16-08-2026 10:00:00,23.107969,72.574648,OZONE,4,10,6
India,Gujarat,Ahmedabad,"SAC ISRO Satellite, Ahmedabad - IITM",16-08-2026 10:00:00,23.023389,72.515201,PM2.5,33,78,57
India,Gujarat,Ahmedabad,"SAC ISRO Satellite, Ahmedabad - IITM",16-08-2026 10:00:00,23.023389,72.515201,NO2,6,9,7
India,Haryana,Hisar,"Urban Estate-II, Hisar - HSPCB",16-08-2026 10:00:00,29.14056,75.744941,CO,29,35,32
India,Haryana,Jind,"Police Lines, Jind - HSPCB",16-08-2026 10:00:00,29.307814,76.337619,PM10,19,35,28
India,Haryana,Jind,"Police Lines, Jind - HSPCB",16-08-2026 10:00:00,29.307814,76.337619,NH3,4,5,5
India,Haryana,Kaithal,"Rishi Nagar, Kaithal - HSPCB",16-08-2026 10:00:00,29.8006,76.4155,OZONE,14,59,35
India,Haryana,Karnal,"Sector-12, Karnal - HSPCB",16-08-2026 10:00:00,29.6953,77.0027,NO2,9,21,15
India,Haryana,Kurukshetra,"Sector-7, Kurukshetra - HSPCB",16-08-2026 10:00:00,29.966942,76.875879,PM10,27,65,52
India,Haryana,Kurukshetra,"Sector-7, Kurukshetra - HSPCB",16-08-2026 10:00:00,29.966942,76.875879,NO2,14,18,16
India,Haryana,Kurukshetra,"Sector-7, Kurukshetra - HSPCB",16-08-2026 10:00:00,29.966942,76.875879,OZONE,17,25,21
India,Haryana,Mandikhera,"General Hospital, Mandikhera(Nuh) - HSPCB",16-08-2026 10:00:00,27.9002,76.9938,OZONE,47,49,47
India,Haryana,Manesar,"Sector-2 IMT, Manesar - HSPCB",16-08-2026 10:00:00,28.360699,76.93609,PM2.5,56,94,76
India,Haryana,Manesar,"Sector-2 IMT, Manesar - HSPCB",16-08-2026 10:00:00,28.360699,76.93609,PM10,52,87,70
India,Haryana,Narnaul,"Shastri Nagar, Narnaul - HSPCB",16-08-2026 10:00:00,28.060249,76.113115,NO2,19,80,46
India,Haryana,Narnaul,"Shastri Nagar, Narnaul - HSPCB",16-08-2026 10:00:00,28.060249,76.113115,CO,9,13,12
India,Haryana,Palwal,"Shyam Nagar, Palwal - HSPCB",16-08-2026 10:00:00,28.1485564,77.3320667,PM2.5,31,68,41
India,Haryana,Palwal,"Shyam Nagar, Palwal - HSPCB",16-08-2026 10:00:00,28.1485564,77.3320667,NO2,23,24,24
India,Haryana,Dharuhera,"Municipal Corporation Office, Dharuhera -  HSPCB",16-08-2026 10:00:00,28.2068,76.7997,OZONE,5,7,6
India,Haryana,Faridabad,"Sector 11, Faridabad - HSPCB",16-08-2026 10:00:00,28.376058,77.315741,PM2.5,38,60,53
India,Haryana,Faridabad,"Sector 11, Faridabad - HSPCB",16-08-2026 10:00:00,28.376058,77.315741,SO2,5,9,8
India,Haryana,Faridabad,"Sector 30, Faridabad - HSPCB",16-08-2026 10:00:00,28.4417,77.3217,PM2.5,47,51,50
India,Haryana,Faridabad,"Sector 30, Faridabad - HSPCB",16-08-2026 10:00:00,28.4417,77.3217,SO2,5,6,5
India,Haryana,Faridabad,"Sector 30, Faridabad - HSPCB",16-08-2026 10:00:00,28.4417,77.3217,OZONE,28,37,32
India,Haryana,Fatehabad,"Huda Sector, Fatehabad - HSPCB",16-08-2026 10:00:00,29.503664,75.467934,SO2,37,47,41
India,Haryana,Fatehabad,"Huda Sector, Fatehabad - HSPCB",16-08-2026 10:00:00,29.503664,75.467934,OZONE,13,29,20
India,Haryana,Gurugram,"Teri Gram, Gurugram - HSPCB",16-08-2026 10:00:00,28.4275,77.1465,CO,10,27,20
India,Haryana,Gurugram,"NISE Gwal Pahari, Gurugram - IITM",16-08-2026 10:00:00,28.422681,77.148944,CO,56,62,58
India,Haryana,Gurugram,"Sector-51, Gurugram - HSPCB",16-08-2026 10:00:00,28.4227,77.0667,PM10,NA,NA,NA
India,Haryana,Gurugram,"Vikas Sadan, Gurugram - HSPCB",16-08-2026 10:00:00,28.4501238,77.0263051,PM10,44,85,60
India,Haryana,Gurugram,"Vikas Sadan, Gurugram - HSPCB",16-08-2026 10:00:00,28.4501238,77.0263051,NH3,NA,NA,NA
India,Haryana,Gurugram,"Vikas Sadan, Gurugram - HSPCB",16-08-2026 10:00:00,28.4501238,77.0263051,SO2,14,22,18
India,Haryana,Gurugram,"Vikas Sadan, Gurugram - HSPCB",16-08-2026 10:00:00,28.4501238,77.0263051,OZONE,5,14,9
India,Haryana,Panchkula,"Sector-6, Panchkula - HSPCB ",16-08-2026 10:00:00,30.7057778,76.8531805555555,PM10,NA,NA,NA
India,Haryana,Panipat,"Sector-18, Panipat - HSPCB",16-08-2026 10:00:00,29.432304,76.972765,NO2,5,9,7
India,Haryana,Sirsa,"F-Block, Sirsa - HSPCB",16-08-2026 10:00:00,29.5364,75.0158,CO,70,96,83
India,Haryana,Sonipat,"Murthal, Sonipat - HSPCB",16-08-2026 10:00:00,29.0272,77.0621,SO2,11,13,12
India,Haryana,Yamuna Nagar,"Gobind Pura, Yamuna Nagar - HSPCB",16-08-2026 10:00:00,30.1480566,77.2893471,PM10,44,116,76
India,Haryana,Yamuna Nagar,"Gobind Pura, Yamuna Nagar - HSPCB",16-08-2026 10:00:00,30.1480566,77.2893471,OZONE,8,65,29
India,Himachal Pradesh,Baddi,"HIMUDA Complex Phase-1, Baddi - HPPCB",16-08-2026 10:00:00,30.943887,76.801991,PM2.5,8,90,47
India,Jammu and Kashmir,Srinagar,"Rajbagh, Srinagar - JKPCC",16-08-2026 10:00:00,34.066206,74.81982,PM2.5,18,41,29
India,Jammu and Kashmir,Srinagar,"Rajbagh, Srinagar - JKPCC",16-08-2026 10:00:00,34.066206,74.81982,OZONE,1,2,2
India,Jharkhand,Jorapokhar,"Tata Stadium, Jorapokhar - JSPCB",16-08-2026 10:00:00,23.707909,86.41467,PM2.5,57,74,60
India,Jharkhand,Jorapokhar,"Tata Stadium, Jorapokhar - JSPCB",16-08-2026 10:00:00,23.707909,86.41467,PM10,59,293,114
India,Jharkhand,Jorapokhar,"Tata Stadium, Jorapokhar - JSPCB",16-08-2026 10:00:00,23.707909,86.41467,SO2,21,21,21
India,Gujarat,Ahmedabad,"Gyaspur, Ahmedabad - IITM",16-08-2026 10:00:00,22.977134,72.553024,PM2.5,34,106,58
India,Gujarat,Ahmedabad,"Gyaspur, Ahmedabad - IITM",16-08-2026 10:00:00,22.977134,72.553024,NO2,22,44,32
India,Gujarat,Ahmedabad,"Gyaspur, Ahmedabad - IITM",16-08-2026 10:00:00,22.977134,72.553024,NH3,4,8,6
India,Gujarat,Ahmedabad,"Gyaspur, Ahmedabad - IITM",16-08-2026 10:00:00,22.977134,72.553024,CO,8,14,11
India,Gujarat,Ahmedabad,"Raikhad, Ahmedabad - IITM",16-08-2026 10:00:00,23.020509,72.579261,PM2.5,8,37,22
India,Gujarat,Ahmedabad,"Raikhad, Ahmedabad - IITM",16-08-2026 10:00:00,23.020509,72.579261,NO2,5,25,9
India,Gujarat,Ankleshwar,"GIDC, Ankleshwar - GPCB",16-08-2026 10:00:00,21.613267,73.010555,OZONE,22,27,24
India,Gujarat,Bhavnagar,"Vidhyanagar, Bhavnagar - Nexteng Enviro",16-08-2026 10:00:00,21.755417,72.139056,NO2,42,49,46
India,Gujarat,Bhavnagar,"Vidhyanagar, Bhavnagar - Nexteng Enviro",16-08-2026 10:00:00,21.755417,72.139056,SO2,7,8,7
India,Gujarat,Gandhinagar,"Sector-10, Gandhinagar - GPCB",16-08-2026 10:00:00,23.221714,72.654328,NH3,0,1,1
India,Gujarat,Gandhinagar,"IIPHG Lekawada, Gandhinagar - IITM",16-08-2026 10:00:00,23.243639,72.68994,NH3,1,2,1
India,Gujarat,Gandhinagar,"GIFT City, Gandhinagar - IITM",16-08-2026 10:00:00,23.163798,72.677768,NO2,NA,NA,NA
India,Gujarat,Mehsana,"Sadanand Nagar, Mehsana - Nexteng Enviro",16-08-2026 10:00:00,23.59315,72.372792,PM2.5,25,94,61
India,Gujarat,Mehsana,"Sadanand Nagar, Mehsana - Nexteng Enviro",16-08-2026 10:00:00,23.59315,72.372792,NO2,3,5,4
India,Delhi,Delhi,"Dr. Karni Singh Shooting Range, Delhi - DPCC",16-08-2026 10:00:00,28.498571,77.26484,NH3,6,8,7
India,Delhi,Delhi,"Dr. Karni Singh Shooting Range, Delhi - DPCC",16-08-2026 10:00:00,28.498571,77.26484,CO,23,31,27
India,Delhi,Delhi,"IIT Delhi, Delhi - IITM",16-08-2026 10:00:00,28.54246,77.191651,PM10,67,157,111
India,Delhi,Delhi,"IGI Airport (T3), Delhi - IITM",16-08-2026 10:00:00,28.5627763,77.1180053,PM10,55,111,78
India,Delhi,Delhi,"IGI Airport (T3), Delhi - IITM",16-08-2026 10:00:00,28.5627763,77.1180053,OZONE,31,48,36
India,Delhi,Delhi,"IGNOU_Maidan Garhi, Delhi - DPCC",16-08-2026 10:00:00,28.493624,77.201159,CO,40,45,42
India,Delhi,Delhi,"Commonwealth Sports Complex, Delhi - DPCC",16-08-2026 10:00:00,28.615828,77.271992,OZONE,5,25,13
India,Delhi,Delhi,"NSIT Dwarka, Delhi - CPCB",16-08-2026 10:00:00,28.60909,77.0325413,PM2.5,25,46,31
India,Delhi,Delhi,"NSIT Dwarka, Delhi - CPCB",16-08-2026 10:00:00,28.60909,77.0325413,NO2,17,48,36
India,Delhi,Delhi,"NSIT Dwarka, Delhi - CPCB",16-08-2026 10:00:00,28.60909,77.0325413,NH3,5,16,9
India,Delhi,Delhi,"NSIT Dwarka, Delhi - CPCB",16-08-2026 10:00:00,28.60909,77.0325413,SO2,11,16,13
India,Delhi,Delhi,"Aya Nagar, Delhi - IITM",16-08-2026 10:00:00,28.4706914,77.1099364,PM2.5,13,79,44
India,Delhi,Delhi,"Aya Nagar, Delhi - IITM",16-08-2026 10:00:00,28.4706914,77.1099364,SO2,NA,NA,NA
India,Gujarat,Surat,"Science Center, Surat - SMC",16-08-2026 10:00:00,21.170046,72.795405,CO,35,40,38
India,Gujarat,Surat,"Katargam, Surat - Nexteng Enviro",16-08-2026 10:00:00,21.217779,72.834787,SO2,8,11,9
India,Gujarat,Vapi,"Phase-1 GIDC, Vapi - GPCB",16-08-2026 10:00:00,20.362421,72.918013,PM2.5,5,25,13
India,Gujarat,Vapi,"Phase-1 GIDC, Vapi - GPCB",16-08-2026 10:00:00,20.362421,72.918013,NO2,13,13,13
India,Gujarat,Vapi,"Phase-1 GIDC, Vapi - GPCB",16-08-2026 10:00:00,20.362421,72.918013,NH3,2,2,2
India,Gujarat,Vatva,"Phase-4 GIDC, Vatva - GPCB",16-08-2026 10:00:00,22.969611,72.6435,SO2,14,32,23
India,Gujarat,Vatva,"Phase-4 GIDC, Vatva - GPCB",16-08-2026 10:00:00,22.969611,72.6435,CO,33,45,39
India,Haryana,Bahadurgarh,"Arya Nagar, Bahadurgarh - HSPCB",16-08-2026 10:00:00,28.6701,76.9254,PM10,40,72,57
India,Haryana,Ballabgarh,"Nathu Colony, Ballabgarh - HSPCB",16-08-2026 10:00:00,28.3419248,77.319699,PM10,132,162,143
India,Haryana,Bhiwani,"H.B. Colony, Bhiwani - HSPCB",16-08-2026 10:00:00,28.806223,76.141105,OZONE,11,16,13
India,Delhi,Delhi,"Patparganj, Delhi - DPCC",16-08-2026 10:00:00,28.623763,77.287209,PM10,45,120,77
India,Delhi,Delhi,"Jawaharlal Nehru Stadium, Delhi - DPCC",16-08-2026 10:00:00,28.58028,77.233829,CO,79,89,82
India,Delhi,Delhi,"Najafgarh, Delhi - DPCC",16-08-2026 10:00:00,28.570173,76.933762,OZONE,NA,NA,NA
India,Delhi,Delhi,"Wazirpur, Delhi - DPCC",16-08-2026 10:00:00,28.699793,77.165453,PM10,88,190,123
India,Delhi,Delhi,"Wazirpur, Delhi - DPCC",16-08-2026 10:00:00,28.699793,77.165453,NH3,7,12,9
India,Delhi,Delhi,"NSUT Jaffarpur, Delhi - DPCC",16-08-2026 10:00:00,28.594004,76.909423,PM2.5,32,93,53
India,Delhi,Delhi,"Mundka, Delhi - DPCC",16-08-2026 10:00:00,28.684678,77.076574,PM10,41,164,85
India,Delhi,Delhi,"Ashok Vihar, Delhi - DPCC",16-08-2026 10:00:00,28.695381,77.181665,PM2.5,10,117,50
India,Delhi,Delhi,"Anand Vihar, Delhi - DPCC",16-08-2026 10:00:00,28.647622,77.315809,CO,81,113,99
India,Delhi,Delhi,"Shadipur, Delhi - CPCB",16-08-2026 10:00:00,28.6514781,77.1473105,NH3,8,13,10
India,Delhi,Delhi,"Pusa, Delhi - IITM",16-08-2026 10:00:00,28.63611,77.173332,PM2.5,15,80,42
India,Delhi,Delhi,"Pusa, Delhi - IITM",16-08-2026 10:00:00,28.63611,77.173332,NH3,NA,NA,NA
India,Delhi,Delhi,"DTU, Delhi - CPCB",16-08-2026 10:00:00,28.7500499,77.1112615,PM10,32,94,52
India,Delhi,Delhi,"Dwarka-Sector 8, Delhi - DPCC ",16-08-2026 10:00:00,28.5710274,77.0719006,PM10,47,162,106
India,Maharashtra,Badlapur,"Katrap, Badlapur - MPCB",16-08-2026 10:00:00,19.16485,73.23409,NH3,7,7,7
India,Maharashtra,Badlapur,"Katrap, Badlapur - MPCB",16-08-2026 10:00:00,19.16485,73.23409,SO2,NA,NA,NA
India,Maharashtra,Beed,"Bir, Beed - MPCB",16-08-2026 10:00:00,18.988474,75.753873,NH3,2,3,2
India,Maharashtra,Beed,"Bir, Beed - MPCB",16-08-2026 10:00:00,18.988474,75.753873,CO,4,12,9
India,Maharashtra,Beed,"Bir, Beed - MPCB",16-08-2026 10:00:00,18.988474,75.753873,OZONE,9,15,12
India,Maharashtra,Belapur,"CBD Belapur, Belapur - MPCB",16-08-2026 10:00:00,19.0243902,73.0406721,PM2.5,15,34,24
India,Maharashtra,Belapur,"CBD Belapur, Belapur - MPCB",16-08-2026 10:00:00,19.0243902,73.0406721,PM10,22,49,35
India,Maharashtra,Belapur,"CBD Belapur, Belapur - MPCB",16-08-2026 10:00:00,19.0243902,73.0406721,SO2,5,9,7
India,Maharashtra,Bhiwandi,"Gokul Nagar, Bhiwandi - MPCB",16-08-2026 10:00:00,19.309073,73.057223,PM2.5,21,22,21
India,Maharashtra,Bhiwandi,"Gokul Nagar, Bhiwandi - MPCB",16-08-2026 10:00:00,19.309073,73.057223,SO2,3,4,3
India,Maharashtra,Bhiwandi,"Gokul Nagar, Bhiwandi - MPCB",16-08-2026 10:00:00,19.309073,73.057223,OZONE,135,341,283
India,Maharashtra,Chandrapur,"MIDC Khutala, Chandrapur - MPCB",16-08-2026 10:00:00,19.9775302,79.2337086,NO2,NA,NA,NA
India,Maharashtra,Chandrapur,"Chauhan Colony, Chandrapur - MPCB",16-08-2026 10:00:00,19.9629,79.298714,PM10,23,53,35
India,Maharashtra,Chandrapur,"Chauhan Colony, Chandrapur - MPCB",16-08-2026 10:00:00,19.9629,79.298714,NH3,1,2,1
India,Maharashtra,Dhule,"Deopur, Dhule - MPCB",16-08-2026 10:00:00,20.918946,74.776388,NO2,4,28,10
India,Maharashtra,Dhule,"Deopur, Dhule - MPCB",16-08-2026 10:00:00,20.918946,74.776388,SO2,0,5,2
India,Maharashtra,Hingoli,"Ashta Vinayak Nagar, Hingoli - MPCB",16-08-2026 10:00:00,19.710842,77.151824,PM10,15,80,45
India,Maharashtra,Hingoli,"Ashta Vinayak Nagar, Hingoli - MPCB",16-08-2026 10:00:00,19.710842,77.151824,CO,8,12,9
India,Maharashtra,Hingoli,"Ashta Vinayak Nagar, Hingoli - MPCB",16-08-2026 10:00:00,19.710842,77.151824,OZONE,10,18,14
India,Maharashtra,Jalgaon,"Prabhat Colony, Jalgaon - MPCB",16-08-2026 10:00:00,21.001264,75.565602,CO,5,11,8
India,Karnataka,Bengaluru,"Silk Board, Bengaluru - KSPCB",16-08-2026 10:00:00,12.917348,77.622813,SO2,0,19,10
India,Karnataka,Bengaluru,"Silk Board, Bengaluru - KSPCB",16-08-2026 10:00:00,12.917348,77.622813,OZONE,12,15,14
India,Karnataka,Bengaluru,"Bapuji Nagar, Bengaluru - KSPCB",16-08-2026 10:00:00,12.951913,77.539784,PM2.5,23,65,34
India,Karnataka,Bengaluru,"Bapuji Nagar, Bengaluru - KSPCB",16-08-2026 10:00:00,12.951913,77.539784,PM10,45,105,61
India,Karnataka,Bengaluru,"Bapuji Nagar, Bengaluru - KSPCB",16-08-2026 10:00:00,12.951913,77.539784,NH3,3,3,3
India,Karnataka,Bengaluru,"Bapuji Nagar, Bengaluru - KSPCB",16-08-2026 10:00:00,12.951913,77.539784,OZONE,19,25,22
India,Karnataka,Chamarajanagar,"Urban, Chamarajanagar - KSPCB",16-08-2026 10:00:00,11.55358,76.55521,PM10,45,46,45
India,Karnataka,Chamarajanagar,"Urban, Chamarajanagar - KSPCB",16-08-2026 10:00:00,11.55358,76.55521,NO2,23,29,28
India,Karnataka,Chikkaballapur,"Chikkaballapur Rural, Chikkaballapur - KSPCB",16-08-2026 10:00:00,13.428828,77.731418,OZONE,19,19,19
India,Karnataka,Chikkamagaluru,"Kalyana Nagara, Chikkamagaluru - KSPCB",16-08-2026 10:00:00,13.328028,75.797056,CO,11,61,18
India,Karnataka,Davanagere,"Devaraj Urs Badavane, Davanagere - KSPCB",16-08-2026 10:00:00,14.4758,75.9052,PM10,13,119,35
India,Karnataka,Gadag,"Panchal Nagar, Gadag - KSPCB",16-08-2026 10:00:00,15.411456,75.638133,PM10,61,123,97
India,Karnataka,Karwar,"KHB Colony, Karwar - KSPCB",16-08-2026 10:00:00,14.816666,74.141003,OZONE,NA,NA,NA
India,Karnataka,Madikeri,"Stuart Hill, Madikeri - KSPCB",16-08-2026 10:00:00,12.415911,75.73505,SO2,7,8,7
India,Karnataka,Madikeri,"Stuart Hill, Madikeri - KSPCB",16-08-2026 10:00:00,12.415911,75.73505,CO,10,14,12
India,Karnataka,Mysuru,"Hebbal 1st Stage, Mysuru - KSPCB",16-08-2026 10:00:00,12.21041,76.37376,PM10,32,66,50
India,Karnataka,Mysuru,"Hebbal 1st Stage, Mysuru - KSPCB",16-08-2026 10:00:00,12.21041,76.37376,NH3,4,6,5
India,Karnataka,Mysuru,"Hebbal 1st Stage, Mysuru - KSPCB",16-08-2026 10:00:00,12.21041,76.37376,CO,4,6,5
India,Karnataka,Mysuru,"Hebbal 1st Stage, Mysuru - KSPCB",16-08-2026 10:00:00,12.21041,76.37376,OZONE,13,13,13
India,Karnataka,Ramanagara,"Vijay Nagar, Ramanagara - KSPCB",16-08-2026 10:00:00,12.733409,77.298051,PM10,24,56,33
India,Karnataka,Ramanagara,"Vijay Nagar, Ramanagara - KSPCB",16-08-2026 10:00:00,12.733409,77.298051,NO2,NA,NA,NA
India,Karnataka,Ramanagara,"Vijay Nagar, Ramanagara - KSPCB",16-08-2026 10:00:00,12.733409,77.298051,SO2,17,19,18
India,Karnataka,Ramanagara,"Vijay Nagar, Ramanagara - KSPCB",16-08-2026 10:00:00,12.733409,77.298051,CO,28,39,33
India,Karnataka,Vijayapura,"Ibrahimpur, Vijayapura - KSPCB",16-08-2026 10:00:00,16.802639,75.722694,SO2,3,6,3
India,Karnataka,Vijayapura,"Ibrahimpur, Vijayapura - KSPCB",16-08-2026 10:00:00,16.802639,75.722694,OZONE,16,16,16
India,Karnataka,Yadgir,"Collector Office, Yadgir - KSPCB",16-08-2026 10:00:00,16.7602,77.1428,PM10,19,46,35
India,Kerala,Eloor,"Udyogamandal, Eloor - Kerala PCB",16-08-2026 10:00:00,10.073232,76.302765,PM10,60,69,65
India,Kerala,Eloor,"Udyogamandal, Eloor - Kerala PCB",16-08-2026 10:00:00,10.073232,76.302765,NO2,6,6,6
India,Kerala,Eloor,"Udyogamandal, Eloor - Kerala PCB",16-08-2026 10:00:00,10.073232,76.302765,NH3,0,0,0
India,Kerala,Eloor,"Udyogamandal, Eloor - Kerala PCB",16-08-2026 10:00:00,10.073232,76.302765,SO2,0,0,0
India,Kerala,Kannur,"Thavakkara, Kannur - Kerala PCB",16-08-2026 10:00:00,11.875,75.3732,PM10,55,64,57
India,Kerala,Thiruvananthapuram,"Plammoodu, Thiruvananthapuram - Kerala PCB",16-08-2026 10:00:00,8.5149093,76.9435879,NO2,2,5,3
India,Madhya Pradesh,Ujjain,"Mahashweta Nagar, Ujjain - MPPCB",16-08-2026 10:00:00,23.1633321,75.800225,NH3,10,13,11
India,Madhya Pradesh,Ujjain,"Mahashweta Nagar, Ujjain - MPPCB",16-08-2026 10:00:00,23.1633321,75.800225,CO,19,21,20
India,Maharashtra,Ambernath,"Chinchpada, Ambernath - MPCB",16-08-2026 10:00:00,19.215784,73.199781,CO,6,11,8
India,Maharashtra,Amravati,"Shri Shivaji Science College, Amravati - MPCB",16-08-2026 10:00:00,20.939198,77.765701,PM2.5,12,31,20
India,Maharashtra,Amravati,"Shri Shivaji Science College, Amravati - MPCB",16-08-2026 10:00:00,20.939198,77.765701,NO2,3,7,4
India,Maharashtra,Amravati,"Shivneri Colony, Amravati - MPCB",16-08-2026 10:00:00,20.9402359,77.7895248,SO2,8,10,9
India,Maharashtra,Aurangabad,"MIDC Chilkalthana, Aurangabad - MPCB",16-08-2026 10:00:00,19.87562,75.38731,PM10,33,40,36
India,Maharashtra,Aurangabad,"MIDC Chilkalthana, Aurangabad - MPCB",16-08-2026 10:00:00,19.87562,75.38731,NH3,1,1,1
India,Maharashtra,Aurangabad,"MIDC Chilkalthana, Aurangabad - MPCB",16-08-2026 10:00:00,19.87562,75.38731,SO2,5,12,7
India,Maharashtra,Aurangabad,"Rachnakar Colony, Aurangabad - MPCB",16-08-2026 10:00:00,19.863756,75.321188,OZONE,9,10,10
India,Maharashtra,Aurangabad,"More Chowk Waluj, Aurangabad - MPCB",16-08-2026 10:00:00,19.8389439,75.244448,PM2.5,45,53,50
India,Maharashtra,Aurangabad,"More Chowk Waluj, Aurangabad - MPCB",16-08-2026 10:00:00,19.8389439,75.244448,PM10,46,59,50
India,Maharashtra,Aurangabad,"More Chowk Waluj, Aurangabad - MPCB",16-08-2026 10:00:00,19.8389439,75.244448,OZONE,9,22,15
India,Maharashtra,Badlapur,"Katrap, Badlapur - MPCB",16-08-2026 10:00:00,19.16485,73.23409,NO2,NA,NA,NA
India,Madhya Pradesh,Gwalior,"Deen Dayal Nagar, Gwalior - MPPCB",16-08-2026 10:00:00,26.259242,78.216432,CO,57,62,60
India,Madhya Pradesh,Indore,"Regional Park, Indore - IMC",16-08-2026 10:00:00,22.678,75.8559,NH3,1,4,2
India,Madhya Pradesh,Indore,"Regional Park, Indore - IMC",16-08-2026 10:00:00,22.678,75.8559,CO,5,5,5
India,Madhya Pradesh,Indore,"Chhoti Gwaltoli, Indore - MPPCB",16-08-2026 10:00:00,22.431,75.5213,OZONE,13,20,16
India,Madhya Pradesh,Indore,"Airport Area, Indore - IMC",16-08-2026 10:00:00,22.7289,75.8076,NH3,0,0,0
India,Madhya Pradesh,Indore,"Maguda Nagar, Indore - IMC",16-08-2026 10:00:00,22.7524,75.8872,NH3,0,0,0
India,Madhya Pradesh,Indore,"Residency Area, Indore - IMC",16-08-2026 10:00:00,22.7084,75.8815,NO2,NA,NA,NA
India,Madhya Pradesh,Indore,"Residency Area, Indore - IMC",16-08-2026 10:00:00,22.7084,75.8815,SO2,3,3,3
India,Madhya Pradesh,Jabalpur,"Marhatal, Jabalpur - MPPCB",16-08-2026 10:00:00,23.168606,79.932247,SO2,9,12,10
India,Madhya Pradesh,Jabalpur,"Gupteshwar, Jabalpur - JMC",16-08-2026 10:00:00,23.142888,79.916147,NO2,69,75,72
India,Madhya Pradesh,Jabalpur,"Govindh Bhavan Colony, Jabalpur - JMC",16-08-2026 10:00:00,23.163174,79.973061,PM10,15,25,19
India,Madhya Pradesh,Jabalpur,"Govindh Bhavan Colony, Jabalpur - JMC",16-08-2026 10:00:00,23.163174,79.973061,NO2,16,21,19
India,Madhya Pradesh,Jabalpur,"Govindh Bhavan Colony, Jabalpur - JMC",16-08-2026 10:00:00,23.163174,79.973061,NH3,9,10,10
India,Madhya Pradesh,Jabalpur,"Govindh Bhavan Colony, Jabalpur - JMC",16-08-2026 10:00:00,23.163174,79.973061,CO,35,38,36
India,Karnataka,Bengaluru,"Jigani, Bengaluru - KSPCB",16-08-2026 10:00:00,12.7816279,77.6299145,PM2.5,34,51,41
India,Karnataka,Bengaluru,"Jigani, Bengaluru - KSPCB",16-08-2026 10:00:00,12.7816279,77.6299145,PM10,48,93,68
India,Karnataka,Bengaluru,"Jigani, Bengaluru - KSPCB",16-08-2026 10:00:00,12.7816279,77.6299145,NO2,17,19,18
India,Karnataka,Bengaluru,"Jigani, Bengaluru - KSPCB",16-08-2026 10:00:00,12.7816279,77.6299145,SO2,16,17,16
India,Karnataka,Bengaluru,"Jigani, Bengaluru - KSPCB",16-08-2026 10:00:00,12.7816279,77.6299145,OZONE,20,22,21
India,Karnataka,Bengaluru,"City Railway Station, Bengaluru - KSPCB",16-08-2026 10:00:00,12.9756843,77.5660749,PM10,83,99,98
India,Karnataka,Bengaluru,"City Railway Station, Bengaluru - KSPCB",16-08-2026 10:00:00,12.9756843,77.5660749,OZONE,NA,NA,NA
India,Karnataka,Bengaluru,"Jayanagar 5th Block, Bengaluru - KSPCB",16-08-2026 10:00:00,12.920984,77.584908,NH3,1,1,1
India,Karnataka,Bengaluru,"Shivapura_Peenya, Bengaluru - KSPCB",16-08-2026 10:00:00,13.0246342,77.5080115,PM2.5,35,41,37
India,Karnataka,Bengaluru,"Shivapura_Peenya, Bengaluru - KSPCB",16-08-2026 10:00:00,13.0246342,77.5080115,NH3,3,3,3
India,Karnataka,Bengaluru,"Shivapura_Peenya, Bengaluru - KSPCB",16-08-2026 10:00:00,13.0246342,77.5080115,OZONE,19,19,19
India,Karnataka,Bengaluru,"Kasturi Nagar, Bengaluru - KSPCB",16-08-2026 10:00:00,13.003872,77.664217,NO2,35,37,36
India,Karnataka,Bengaluru,"Hebbal, Bengaluru - KSPCB",16-08-2026 10:00:00,13.029152,77.585901,NO2,5,19,16
India,Karnataka,Bengaluru,"Hebbal, Bengaluru - KSPCB",16-08-2026 10:00:00,13.029152,77.585901,NH3,2,3,2
India,Karnataka,Bengaluru,"Hebbal, Bengaluru - KSPCB",16-08-2026 10:00:00,13.029152,77.585901,CO,156,185,169
India,Maharashtra,Jalgaon,"Prabhat Colony, Jalgaon - MPCB",16-08-2026 10:00:00,21.001264,75.565602,OZONE,8,19,11
India,Maharashtra,Jalna,"Old MIDC, Jalna - MPCB",16-08-2026 10:00:00,19.854616,75.905894,NO2,13,25,18
India,Maharashtra,Jalna,"Old MIDC, Jalna - MPCB",16-08-2026 10:00:00,19.854616,75.905894,CO,18,26,23
India,Maharashtra,Kalyan,"Khadakpada, Kalyan - MPCB",16-08-2026 10:00:00,19.25292,73.142019,CO,NA,NA,NA
India,Maharashtra,Kalyan,"Khadakpada, Kalyan - MPCB",16-08-2026 10:00:00,19.25292,73.142019,OZONE,8,8,8
India,Maharashtra,Kalyan,"Pimpleshwar Mandir, Kalyan - MPCB",16-08-2026 10:00:00,19.192056,72.9585188,NH3,0,1,1
India,Maharashtra,Latur,"Sawe Wadi, Latur - MPCB",16-08-2026 10:00:00,18.39963,76.57452,PM10,33,83,50
India,Maharashtra,Mahad,"Kamble Tarf Birwadi, Mahad - MPCB",16-08-2026 10:00:00,18.1023399,73.4783687,OZONE,5,5,5
India,Maharashtra,Malegaon,"Mahesh Nagar, Malegaon - MPCB",16-08-2026 10:00:00,20.555712,74.529236,PM10,NA,NA,NA
India,Maharashtra,Malegaon,"Mahesh Nagar, Malegaon - MPCB",16-08-2026 10:00:00,20.555712,74.529236,CO,3,9,7
India,Madhya Pradesh,Jabalpur,"Suhagi, Jabalpur - JMC",16-08-2026 10:00:00,23.218135,79.95777,CO,32,36,33
India,Madhya Pradesh,Maihar,"Sahilara, Maihar - KJS Cements",16-08-2026 10:00:00,24.2613009,80.7231783,PM2.5,NA,NA,NA
India,Madhya Pradesh,Mandideep,"Sector-D Industrial Area, Mandideep - MPPCB",16-08-2026 10:00:00,23.10844,77.511428,PM2.5,40,69,57
India,Madhya Pradesh,Ratlam,"Shasthri Nagar, Ratlam - IPCA Lab",16-08-2026 10:00:00,23.331731,75.045981,PM10,16,71,38
India,Madhya Pradesh,Sagar,"Civil Lines, Sagar - MPPCB",16-08-2026 10:00:00,23.838586,78.759431,PM2.5,10,31,17
India,Madhya Pradesh,Satna,"Bandhavgar Colony, Satna - Birla Cement",16-08-2026 10:00:00,24.58434363,80.8549414,PM10,70,71,70
India,Ladakh,Leh,"Skara Yokma, Leh - LPCC",16-08-2026 10:00:00,34.147096,77.55709,NO2,NA,NA,NA
India,Madhya Pradesh,Bhopal,"Idgah Hills, Bhopal - MPPCB",16-08-2026 10:00:00,23.264759,77.381568,NH3,3,3,3
India,Madhya Pradesh,Dewas,"Bhopal Chauraha, Dewas - MPPCB",16-08-2026 10:00:00,22.9682591,76.064118,PM2.5,37,81,53
India,Madhya Pradesh,Dewas,"Bhopal Chauraha, Dewas - MPPCB",16-08-2026 10:00:00,22.9682591,76.064118,CO,13,14,14
India,Madhya Pradesh,Gwalior,"Deen Dayal Nagar, Gwalior - MPPCB",16-08-2026 10:00:00,26.259242,78.216432,PM2.5,3,50,20
India,Madhya Pradesh,Gwalior,"Deen Dayal Nagar, Gwalior - MPPCB",16-08-2026 10:00:00,26.259242,78.216432,SO2,10,12,10
India,Maharashtra,Mumbai,"Chhatrapati Shivaji Intl. Airport (T2), Mumbai - MPCB",16-08-2026 10:00:00,19.10078,72.87462,NO2,13,13,13
India,Maharashtra,Mumbai,"Chhatrapati Shivaji Intl. Airport (T2), Mumbai - MPCB",16-08-2026 10:00:00,19.10078,72.87462,CO,NA,NA,NA
India,Maharashtra,Nagpur,"Opp GPO Civil Lines, Nagpur - MPCB",16-08-2026 10:00:00,21.152875,79.0517531,PM2.5,7,30,16
India,Maharashtra,Nagpur,"Opp GPO Civil Lines, Nagpur - MPCB",16-08-2026 10:00:00,21.152875,79.0517531,PM10,11,37,22
India,Maharashtra,Nanded,"Sneh Nagar, Nanded - MPCB",16-08-2026 10:00:00,19.173852,77.296291,NO2,0,0,0
India,Maharashtra,Nashik,"Gangapur Road, Nashik - MPCB",16-08-2026 10:00:00,20.0073285,73.7762427,PM2.5,3,38,21
India,Maharashtra,Nashik,"Gangapur Road, Nashik - MPCB",16-08-2026 10:00:00,20.0073285,73.7762427,NH3,3,3,3
India,Maharashtra,Nashik,"Pandav Nagari, Nashik - MPCB",16-08-2026 10:00:00,19.9591346,73.7788008,NO2,2,5,4
India,Maharashtra,Nashik,"Pandav Nagari, Nashik - MPCB",16-08-2026 10:00:00,19.9591346,73.7788008,NH3,1,2,1
India,Maharashtra,Nashik,"Hirawadi, Nashik - MPCB",16-08-2026 10:00:00,20.021503,73.813844,PM2.5,12,34,19
India,Maharashtra,Nashik,"Hirawadi, Nashik - MPCB",16-08-2026 10:00:00,20.021503,73.813844,NO2,1,6,2
India,Maharashtra,Nashik,"Hirawadi, Nashik - MPCB",16-08-2026 10:00:00,20.021503,73.813844,CO,14,21,17
India,Maharashtra,Nashik,"MIDC Ambad, Nashik - MPCB",16-08-2026 10:00:00,19.95022,73.73148,NO2,2,5,3
India,Maharashtra,Nashik,"MIDC Ambad, Nashik - MPCB",16-08-2026 10:00:00,19.95022,73.73148,SO2,0,3,1
India,Maharashtra,Nashik,"MIDC Ambad, Nashik - MPCB",16-08-2026 10:00:00,19.95022,73.73148,CO,63,74,69
India,Maharashtra,Navi Mumbai,"Kopripada-Vashi, Navi Mumbai - MPCB",16-08-2026 10:00:00,19.090337,73.014232,PM2.5,8,37,19
India,Maharashtra,Solapur,"Dnyaneshwar Nagar, Solapur - MPCB",16-08-2026 10:00:00,17.6336264,75.9132495,PM2.5,12,23,17
India,Maharashtra,Solapur,"Ratandeep Housing Society, Solapur - MPCB",16-08-2026 10:00:00,17.65439,75.90649,PM10,29,45,37
India,Maharashtra,Solapur,"Ratandeep Housing Society, Solapur - MPCB",16-08-2026 10:00:00,17.65439,75.90649,NH3,3,8,5
India,Maharashtra,Thane,"Upvan Fort, Thane - MPCB",16-08-2026 10:00:00,19.222279,72.957979,PM10,9,34,25
India,Maharashtra,Thane,"Kasarvadavali, Thane - MPCB",16-08-2026 10:00:00,19.26777,72.97182,PM2.5,16,46,28
India,Maharashtra,Thane,"Kasarvadavali, Thane - MPCB",16-08-2026 10:00:00,19.26777,72.97182,CO,22,27,25
India,Maharashtra,Ulhasnagar,"Vithalwadi, Ulhasnagar - MPCB",16-08-2026 10:00:00,19.2307571,73.155192,PM2.5,5,41,21
India,Maharashtra,Ulhasnagar,"Vithalwadi, Ulhasnagar - MPCB",16-08-2026 10:00:00,19.2307571,73.155192,PM10,10,60,30
India,Maharashtra,Ulhasnagar,"Vithalwadi, Ulhasnagar - MPCB",16-08-2026 10:00:00,19.2307571,73.155192,SO2,7,11,9
India,Maharashtra,Virar,"Bolinj, Virar - MPCB",16-08-2026 10:00:00,19.445821,72.7988231,NH3,7,10,8
India,Maharashtra,Virar,"Bolinj, Virar - MPCB",16-08-2026 10:00:00,19.445821,72.7988231,CO,1,25,12
India,Meghalaya,Byrnihat,"15th Mile-Nongthymmai, Byrnihat -Meghalaya PCB",16-08-2026 10:00:00,26.079047,91.875185,NO2,0,2,2
India,Meghalaya,Byrnihat,"15th Mile-Nongthymmai, Byrnihat -Meghalaya PCB",16-08-2026 10:00:00,26.079047,91.875185,OZONE,NA,NA,NA
India,Meghalaya,Shillong,"Lumpyngngad, Shillong - Meghalaya PCB",16-08-2026 10:00:00,25.5586,91.8985,SO2,10,12,11
India,Odisha,Rourkela,"Sector-2, Rourkela - OSPCB",16-08-2026 10:00:00,22.245,84.88111111,PM2.5,22,22,22
India,Odisha,Rourkela,"Raghunathpali, Rourkela - OSPCB",16-08-2026 10:00:00,22.220833,84.809444,OZONE,3,4,4
India,Odisha,Rourkela,"Fertilizer Township, Rourkela - OSPCB",16-08-2026 10:00:00,22.18972222,84.86277778,PM2.5,25,42,32
India,Odisha,Rourkela,"Fertilizer Township, Rourkela - OSPCB",16-08-2026 10:00:00,22.18972222,84.86277778,SO2,NA,NA,NA
India,Odisha,Rourkela,"Fertilizer Township, Rourkela - OSPCB",16-08-2026 10:00:00,22.18972222,84.86277778,CO,NA,NA,NA
India,Odisha,Rourkela,"Fertilizer Township, Rourkela - OSPCB",16-08-2026 10:00:00,22.18972222,84.86277778,OZONE,NA,NA,NA
India,Odisha,Tensa,"Barsua Iron Ore Mines, Tensa - OSPCB",16-08-2026 10:00:00,21.869985,85.167016,SO2,26,30,29
India,Odisha,Tensa,"Barsua Iron Ore Mines, Tensa - OSPCB",16-08-2026 10:00:00,21.869985,85.167016,OZONE,40,42,41
India,Puducherry,Puducherry,"Jawahar Nagar, Puducherry - PPCC",16-08-2026 10:00:00,11.9309,79.8027,SO2,1,12,8
India,Punjab,Bathinda,"Hardev Nagar, Bathinda - PPCB",16-08-2026 10:00:00,30.233011,74.907758,PM10,17,51,31
India,Punjab,Bathinda,"Hardev Nagar, Bathinda - PPCB",16-08-2026 10:00:00,30.233011,74.907758,NO2,26,33,28
India,Punjab,Bathinda,"Hardev Nagar, Bathinda - PPCB",16-08-2026 10:00:00,30.233011,74.907758,OZONE,NA,NA,NA
India,Punjab,Jalandhar,"Civil Line, Jalandhar - PPCB",16-08-2026 10:00:00,31.321907,75.578914,PM10,35,78,52
India,Punjab,Jalandhar,"Civil Line, Jalandhar - PPCB",16-08-2026 10:00:00,31.321907,75.578914,NH3,6,6,6
India,Punjab,Jalandhar,"Civil Line, Jalandhar - PPCB",16-08-2026 10:00:00,31.321907,75.578914,CO,39,42,41
India,Mizoram,Aizawl,"Sikulpuikawn, Aizawl - Mizoram PCB",16-08-2026 10:00:00,23.7176342,92.7192841,NH3,0,0,0
India,Mizoram,Aizawl,"Sikulpuikawn, Aizawl - Mizoram PCB",16-08-2026 10:00:00,23.7176342,92.7192841,OZONE,1,4,2
India,Odisha,Angul,"Hakimapada, Angul - OSPCB",16-08-2026 10:00:00,20.832874,85.104082,PM10,10,41,21
India,Odisha,Angul,"Hakimapada, Angul - OSPCB",16-08-2026 10:00:00,20.832874,85.104082,NH3,2,2,2
India,Odisha,Balasore,"Kalidaspur, Balasore - OSPCB",16-08-2026 10:00:00,21.51161,86.89088,NH3,3,4,4
India,Odisha,Balasore,"Kalidaspur, Balasore - OSPCB",16-08-2026 10:00:00,21.51161,86.89088,OZONE,20,30,24
India,Odisha,Barbil,"Forest Office, Barbil - OSPCB",16-08-2026 10:00:00,22.1166054,85.3945546,PM10,15,41,26
India,Odisha,Baripada,"Meher Colony, Baripada - OSPCB",16-08-2026 10:00:00,21.941841,86.728318,PM2.5,NA,NA,NA
India,Odisha,Bhubaneswar,"Lingraj Mandir, Bhubaneswar - OSPCB",16-08-2026 10:00:00,20.24079,85.836784,NH3,2,6,4
India,Odisha,Bhubaneswar,"Lingraj Mandir, Bhubaneswar - OSPCB",16-08-2026 10:00:00,20.24079,85.836784,CO,36,41,39
India,Odisha,Brajrajnagar,"GM Office, Brajrajnagar - OSPCB",16-08-2026 10:00:00,21.8004996,83.8396977,SO2,16,17,17
India,Odisha,Brajrajnagar,"GM Office, Brajrajnagar - OSPCB",16-08-2026 10:00:00,21.8004996,83.8396977,CO,46,61,56
India,Odisha,Cuttack,"CDA Area, Cuttack - OSPCB",16-08-2026 10:00:00,20.48891,85.84768,PM2.5,NA,NA,NA
India,Odisha,Cuttack,"CDA Area, Cuttack - OSPCB",16-08-2026 10:00:00,20.48891,85.84768,NH3,1,4,3
India,Maharashtra,Navi Mumbai,"Kopripada-Vashi, Navi Mumbai - MPCB",16-08-2026 10:00:00,19.090337,73.014232,NH3,5,9,6
India,Maharashtra,Navi Mumbai,"Kopripada-Vashi, Navi Mumbai - MPCB",16-08-2026 10:00:00,19.090337,73.014232,SO2,0,4,1
India,Maharashtra,Navi Mumbai,"Tondare-Taloja, Navi Mumbai - MPCB",16-08-2026 10:00:00,19.063,73.1209,PM10,NA,NA,NA
India,Maharashtra,Navi Mumbai,"Sanpada, Navi Mumbai - MPCB",16-08-2026 10:00:00,19.0575752,73.0151367,OZONE,1,9,4
India,Maharashtra,Navi Mumbai,"Mahape, Navi Mumbai - MPCB",16-08-2026 10:00:00,19.1135051,73.008978,SO2,15,15,15
India,Maharashtra,Navi Mumbai,"Nerul, Navi Mumbai - MPCB",16-08-2026 10:00:00,19.008751,73.01662,SO2,NA,NA,NA
India,Maharashtra,Navi Mumbai,"Nerul, Navi Mumbai - MPCB",16-08-2026 10:00:00,19.008751,73.01662,OZONE,NA,NA,NA
India,Maharashtra,Parbhani,"Masoom Colony, Parbhani - MPCB",16-08-2026 10:00:00,19.265594,76.761463,SO2,NA,NA,NA
India,Maharashtra,Pimpri-Chinchwad,"Gavalinagar, Pimpri Chinchwad - MPCB",16-08-2026 10:00:00,18.63673,73.82487,PM2.5,20,34,26
India,Maharashtra,Pimpri-Chinchwad,"Gavalinagar, Pimpri Chinchwad - MPCB",16-08-2026 10:00:00,18.63673,73.82487,CO,6,17,11
India,Maharashtra,Pimpri-Chinchwad,"Gavalinagar, Pimpri Chinchwad - MPCB",16-08-2026 10:00:00,18.63673,73.82487,OZONE,1,11,4
India,Maharashtra,Pimpri-Chinchwad,"Bhosari, Pune - IITM",16-08-2026 10:00:00,18.640051,73.848956,PM10,41,83,62
India,Maharashtra,Pimpri-Chinchwad,"Bhosari, Pune - IITM",16-08-2026 10:00:00,18.640051,73.848956,SO2,NA,NA,NA
India,Maharashtra,Pimpri-Chinchwad,"Transport Nagar-Nigdi, Pune - IITM",16-08-2026 10:00:00,18.664282,73.763966,PM10,29,69,45
India,Maharashtra,Mira-Bhayandar,"Bhayandar West, Mira-Bhayandar - MPCB",16-08-2026 10:00:00,19.296481,72.840923,NH3,1,27,5
India,Maharashtra,Mumbai,"Shivaji Nagar, Mumbai - BMC",16-08-2026 10:00:00,19.060498,72.923356,NH3,2,8,5
India,Maharashtra,Mumbai,"Borivali East, Mumbai - MPCB",16-08-2026 10:00:00,19.2243333,72.8658113,PM10,19,54,32
India,Maharashtra,Mumbai,"Borivali East, Mumbai - MPCB",16-08-2026 10:00:00,19.2243333,72.8658113,SO2,23,26,24
India,Maharashtra,Mumbai,"Siddharth Nagar-Worli, Mumbai - IITM",16-08-2026 10:00:00,19.000083,72.813993,NH3,1,1,1
India,Maharashtra,Mumbai,"Siddharth Nagar-Worli, Mumbai - IITM",16-08-2026 10:00:00,19.000083,72.813993,OZONE,25,29,27
India,Maharashtra,Mumbai,"Byculla, Mumbai - BMC",16-08-2026 10:00:00,18.9767,72.838,CO,10,14,12
India,Maharashtra,Mumbai,"Byculla, Mumbai - BMC",16-08-2026 10:00:00,18.9767,72.838,OZONE,8,11,9
India,Maharashtra,Mumbai,"Mindspace-Malad West, Mumbai - MPCB",16-08-2026 10:00:00,19.1878657,72.8304069,PM2.5,14,20,14
India,Maharashtra,Mumbai,"Mindspace-Malad West, Mumbai - MPCB",16-08-2026 10:00:00,19.1878657,72.8304069,PM10,30,40,32
India,Maharashtra,Mumbai,"Worli, Mumbai - MPCB",16-08-2026 10:00:00,18.9936162,72.8128113,NO2,1,27,8
India,Maharashtra,Mumbai,"Worli, Mumbai - MPCB",16-08-2026 10:00:00,18.9936162,72.8128113,SO2,7,13,10
India,Maharashtra,Mumbai,"Chembur, Mumbai - MPCB",16-08-2026 10:00:00,19.0364585,72.8954371,PM10,20,48,34
India,Punjab,Khanna,"Kalal Majra, Khanna - PPCB",16-08-2026 10:00:00,30.736056,76.209694,SO2,14,16,15
India,Punjab,Mandi Gobindgarh,"RIMT University, Mandi Gobindgarh - PPCB",16-08-2026 10:00:00,30.649961,76.331442,NH3,5,5,5
India,Punjab,Patiala,"Model Town, Patiala - PPCB",16-08-2026 10:00:00,30.349388,76.366642,PM10,27,65,43
India,Rajasthan,Ajmer,"Civil Lines,  Ajmer - RSPCB",16-08-2026 10:00:00,26.470859,74.646594,NO2,17,19,18
India,Rajasthan,Alwar,"Vigyan Nagar, Alwar - RSPCB",16-08-2026 10:00:00,27.598796,76.63861,SO2,5,9,7
India,Rajasthan,Alwar,"Vigyan Nagar, Alwar - RSPCB",16-08-2026 10:00:00,27.598796,76.63861,CO,40,40,40
India,Rajasthan,Banswara,"Rati Talai, Banswara - RSPCB",16-08-2026 10:00:00,23.55519,74.44001,PM10,51,62,56
India,Rajasthan,Baran,"Bamboliya, Baran - RSPCB",16-08-2026 10:00:00,25.106006,76.469948,CO,76,79,78
India,Rajasthan,Barmer,"Railway Colony, Barmer - RSPCB",16-08-2026 10:00:00,25.747299,71.393989,PM10,45,88,71
India,Maharashtra,Mumbai,"Chembur, Mumbai - MPCB",16-08-2026 10:00:00,19.0364585,72.8954371,NH3,6,10,7
India,Maharashtra,Mumbai,"Chembur, Mumbai - MPCB",16-08-2026 10:00:00,19.0364585,72.8954371,SO2,1,26,6
India,Maharashtra,Mumbai,"Chembur, Mumbai - MPCB",16-08-2026 10:00:00,19.0364585,72.8954371,CO,27,30,29
India,Maharashtra,Mumbai,"Kandivali West, Mumbai - BMC",16-08-2026 10:00:00,19.215859,72.831718,PM2.5,5,21,11
India,Maharashtra,Mumbai,"Khindipada-Bhandup West, Mumbai - IITM",16-08-2026 10:00:00,19.1653323,72.922099,CO,28,36,33
India,Maharashtra,Mumbai,"Malad West, Mumbai - IITM",16-08-2026 10:00:00,19.19709,72.82204,NO2,7,22,14
India,Maharashtra,Mumbai,"Malad West, Mumbai - IITM",16-08-2026 10:00:00,19.19709,72.82204,NH3,2,6,3
India,Maharashtra,Mumbai,"Mazgaon, Mumbai - IITM",16-08-2026 10:00:00,18.96702,72.84214,PM10,24,62,44
India,Maharashtra,Mumbai,"Chakala-Andheri East, Mumbai - IITM",16-08-2026 10:00:00,19.11074,72.86084,OZONE,7,10,9
India,Maharashtra,Mumbai,"Kurla, Mumbai - MPCB",16-08-2026 10:00:00,19.0863,72.8888,PM2.5,7,30,19
India,Maharashtra,Mumbai,"Deonar, Mumbai - IITM",16-08-2026 10:00:00,19.04946,72.923,SO2,3,4,3
India,Maharashtra,Pimpri-Chinchwad,"Savta Mali Nagar, Pimpri-Chinchwad - IITM",16-08-2026 10:00:00,18.614767,73.799516,OZONE,5,18,9
India,Maharashtra,Pune,"Mhada Colony, Pune - IITM",16-08-2026 10:00:00,18.57304,73.927715,PM10,42,73,57
India,Maharashtra,Pune,"Mhada Colony, Pune - IITM",16-08-2026 10:00:00,18.57304,73.927715,SO2,NA,NA,NA
India,Maharashtra,Pune,"Dhankawadi, Pune - IITM",16-08-2026 10:00:00,18.459883,73.852193,PM2.5,16,38,26
India,Maharashtra,Pune,"Savitribai Phule Pune University, Pune - MPCB",16-08-2026 10:00:00,18.547056,73.826908,NH3,1,3,1
India,Maharashtra,Pune,"Savitribai Phule Pune University, Pune - MPCB",16-08-2026 10:00:00,18.547056,73.826908,SO2,NA,NA,NA
India,Maharashtra,Pune,"Savitribai Phule Pune University, Pune - MPCB",16-08-2026 10:00:00,18.547056,73.826908,CO,25,31,28
India,Maharashtra,Pune,"Savitribai Phule Pune University, Pune - MPCB",16-08-2026 10:00:00,18.547056,73.826908,OZONE,2,15,6
India,Maharashtra,Sangli,"Vijay Nagar, Sangli - MPCB",16-08-2026 10:00:00,16.5038,74.3623,PM2.5,14,35,21
India,Rajasthan,Bharatpur,"Krishna Nagar, Bharatpur - RSPCB",16-08-2026 10:00:00,27.215415,77.50873,SO2,0,4,2
India,Rajasthan,Bharatpur,"Krishna Nagar, Bharatpur - RSPCB",16-08-2026 10:00:00,27.215415,77.50873,OZONE,23,37,30
India,Rajasthan,Bhilwara,"Pratap Nagar, Bhilwara - RSPCB",16-08-2026 10:00:00,25.339605,74.618883,NO2,7,25,14
India,Rajasthan,Bhilwara,"Pratap Nagar, Bhilwara - RSPCB",16-08-2026 10:00:00,25.339605,74.618883,OZONE,28,35,31
India,Rajasthan,Bhiwadi,"RIICO Ind. Area III, Bhiwadi - RSPCB",16-08-2026 10:00:00,28.194909,76.862296,PM10,33,85,60
India,Rajasthan,Bhiwadi,"Vasundhara Nagar_UIT, Bhiwadi - RSPCB",16-08-2026 10:00:00,28.207266,76.829265,SO2,7,10,8
India,Rajasthan,Bikaner,"MM Ground, Bikaner - RSPCB",16-08-2026 10:00:00,28.018792,73.292658,NO2,4,12,8
India,Rajasthan,Chittorgarh,"Shastri Nagar, Chittorgarh - RSPCB",16-08-2026 10:00:00,24.892047,74.623527,NO2,17,57,28
India,Rajasthan,Chittorgarh,"Shastri Nagar, Chittorgarh - RSPCB",16-08-2026 10:00:00,24.892047,74.623527,NH3,6,9,8
India,Rajasthan,Chittorgarh,"Shastri Nagar, Chittorgarh - RSPCB",16-08-2026 10:00:00,24.892047,74.623527,OZONE,23,37,29
India,Rajasthan,Churu,"Subash Chowk, Churu - RSPCB",16-08-2026 10:00:00,28.296139,74.961696,PM2.5,5,63,27
India,Rajasthan,Churu,"Subash Chowk, Churu - RSPCB",16-08-2026 10:00:00,28.296139,74.961696,NO2,1,7,4
India,Rajasthan,Dausa,"Khatikan Mohalla, Dausa - RSPCB",16-08-2026 10:00:00,26.895552,76.334753,PM10,20,133,64
India,Rajasthan,Dausa,"Khatikan Mohalla, Dausa - RSPCB",16-08-2026 10:00:00,26.895552,76.334753,CO,20,55,35
India,Rajasthan,Dholpur,"Raja Ganj, Dholpur - RSPCB",16-08-2026 10:00:00,26.699557,77.898881,PM10,NA,NA,NA
India,Rajasthan,Dungarpur,"Bhoiwada, Dungarpur - RSPCB",16-08-2026 10:00:00,23.837789,73.714926,PM10,49,95,72
India,Rajasthan,Dungarpur,"Bhoiwada, Dungarpur - RSPCB",16-08-2026 10:00:00,23.837789,73.714926,NO2,11,14,13
India,Rajasthan,Dungarpur,"Bhoiwada, Dungarpur - RSPCB",16-08-2026 10:00:00,23.837789,73.714926,SO2,6,7,7
India,Rajasthan,Dungarpur,"Bhoiwada, Dungarpur - RSPCB",16-08-2026 10:00:00,23.837789,73.714926,OZONE,15,25,20
India,Rajasthan,Hanumangarh,"Housing Board, Hanumangarh - RSPCB",16-08-2026 10:00:00,29.61075,74.283608,NH3,7,8,7
India,Rajasthan,Hanumangarh,"Housing Board, Hanumangarh - RSPCB",16-08-2026 10:00:00,29.61075,74.283608,SO2,5,6,5
India,Rajasthan,Jaipur,"Mansarovar Sector-12, Jaipur - RSPCB",16-08-2026 10:00:00,26.843698,75.766894,NH3,1,4,3
India,Rajasthan,Jaipur,"Sector-2 Murlipura, Jaipur - RSPCB",16-08-2026 10:00:00,26.960669,75.771817,PM10,47,104,74
India,Rajasthan,Jaipur,"Sector-2 Murlipura, Jaipur - RSPCB",16-08-2026 10:00:00,26.960669,75.771817,OZONE,1,10,7
India,Rajasthan,Jaipur,"Police Commissionerate, Jaipur - RSPCB",16-08-2026 10:00:00,26.9164092,75.7994901,NO2,27,57,44
India,Rajasthan,Jaipur,"Police Commissionerate, Jaipur - RSPCB",16-08-2026 10:00:00,26.9164092,75.7994901,CO,24,72,45
India,Rajasthan,Jaipur,"RIICO Sitapura, Jaipur - RSPCB",16-08-2026 10:00:00,26.786682,75.827928,NO2,8,50,22
India,Rajasthan,Jaipur,"Shastri Nagar, Jaipur - RSPCB",16-08-2026 10:00:00,26.9502929,75.730943,PM2.5,52,115,69
India,Rajasthan,Jaipur,"Shastri Nagar, Jaipur - RSPCB",16-08-2026 10:00:00,26.9502929,75.730943,CO,1,14,9
India,Rajasthan,Jaipur,"Adarsh Nagar, Jaipur - RSPCB",16-08-2026 10:00:00,26.902909,75.836858,NO2,7,109,31
India,Rajasthan,Jaisalmer,"Sadar Bazar, Jaisalmer - RSPCB",16-08-2026 10:00:00,26.912329,70.909168,PM10,46,100,81
India,Rajasthan,Jaisalmer,"Sadar Bazar, Jaisalmer - RSPCB",16-08-2026 10:00:00,26.912329,70.909168,CO,19,24,21
India,Rajasthan,Jalore,"Mudtra Sili, Jalore - RSPCB",16-08-2026 10:00:00,25.344694,72.626208,PM2.5,27,43,35
India,Rajasthan,Jhalawar,"Rajlaxmi Nagar, Jhalawar - RSPCB",16-08-2026 10:00:00,24.588397,76.172782,PM10,14,63,41
India,Rajasthan,Jhalawar,"Rajlaxmi Nagar, Jhalawar - RSPCB",16-08-2026 10:00:00,24.588397,76.172782,NH3,3,4,3
India,Rajasthan,Jodhpur,"Digari Kalan, Jodhpur - RSPCB",16-08-2026 10:00:00,26.29581,73.082283,PM2.5,32,42,36
India,Rajasthan,Jodhpur,"Digari Kalan, Jodhpur - RSPCB",16-08-2026 10:00:00,26.29581,73.082283,PM10,68,99,80
India,Tamil Nadu,Chennai,"Manali, Chennai - CPCB",16-08-2026 10:00:00,13.164544,80.26285,OZONE,9,11,9
India,Tamil Nadu,Chennai,"Royapuram, Chennai - TNPCB",16-08-2026 10:00:00,13.1036,80.2909,NH3,4,4,4
India,Tamil Nadu,Chennai,"Royapuram, Chennai - TNPCB",16-08-2026 10:00:00,13.1036,80.2909,SO2,5,11,8
India,Tamil Nadu,Chennai,"Royapuram, Chennai - TNPCB",16-08-2026 10:00:00,13.1036,80.2909,OZONE,16,32,21
India,Tamil Nadu,Coimbatore,"SIDCO Kurichi, Coimbatore - TNPCB",16-08-2026 10:00:00,10.942451,76.978996,PM2.5,NA,NA,NA
India,Tamil Nadu,Coimbatore,"SIDCO Kurichi, Coimbatore - TNPCB",16-08-2026 10:00:00,10.942451,76.978996,PM10,7,25,16
India,Tamil Nadu,Cuddalore,"Kudikadu, Cuddalore - TNPCB",16-08-2026 10:00:00,11.6829898,79.7532099,PM10,NA,NA,NA
India,Tamil Nadu,Cuddalore,"Kudikadu, Cuddalore - TNPCB",16-08-2026 10:00:00,11.6829898,79.7532099,NH3,NA,NA,NA
India,Tamil Nadu,Cuddalore,"Kudikadu, Cuddalore - TNPCB",16-08-2026 10:00:00,11.6829898,79.7532099,OZONE,13,14,14
India,Tamil Nadu,Gummidipoondi,"Anthoni Pillai Nagar, Gummidipoondi - TNPCB",16-08-2026 10:00:00,13.4127,80.1081,PM10,46,145,85
India,Tamil Nadu,Thoothukudi,"Meelavittan, Thoothukudi - TNPCB",16-08-2026 10:00:00,8.816428,78.099039,NO2,11,19,15
India,Tamil Nadu,Thoothukudi,"Meelavittan, Thoothukudi - TNPCB",16-08-2026 10:00:00,8.816428,78.099039,NH3,NA,NA,NA
India,Tamil Nadu,Thoothukudi,"Meelavittan, Thoothukudi - TNPCB",16-08-2026 10:00:00,8.816428,78.099039,CO,23,34,29
India,Telangana,Hyderabad,"Bollaram Industrial Area, Hyderabad - TSPCB",16-08-2026 10:00:00,17.518,78.383,PM2.5,NA,NA,NA
India,Telangana,Hyderabad,"Bollaram Industrial Area, Hyderabad - TSPCB",16-08-2026 10:00:00,17.518,78.383,NH3,NA,NA,NA
India,Telangana,Hyderabad,"Bollaram Industrial Area, Hyderabad - TSPCB",16-08-2026 10:00:00,17.518,78.383,SO2,NA,NA,NA
India,Telangana,Hyderabad,"Zoo Park, Hyderabad - TSPCB",16-08-2026 10:00:00,17.349694,78.451437,OZONE,4,4,4
India,Telangana,Hyderabad,"Central University, Hyderabad - TSPCB",16-08-2026 10:00:00,17.460103,78.334361,PM10,8,29,15
India,Rajasthan,Sri Ganganagar,"Old City, Sri Ganganagar - RSPCB",16-08-2026 10:00:00,29.931624,73.864511,OZONE,15,16,16
India,Rajasthan,Tonk,"Shastri Nagar, Tonk - RSPCB",16-08-2026 10:00:00,26.159933,75.780517,NO2,3,17,9
India,Sikkim,Gangtok,"Zero Point GICI, Gangtok - SSPCB",16-08-2026 10:00:00,27.33853,88.614099,PM10,10,22,17
India,Sikkim,Gangtok,"Zero Point GICI, Gangtok - SSPCB",16-08-2026 10:00:00,27.33853,88.614099,NO2,7,8,8
India,Sikkim,Gangtok,"Zero Point GICI, Gangtok - SSPCB",16-08-2026 10:00:00,27.33853,88.614099,NH3,1,1,1
India,Sikkim,Gangtok,"Zero Point GICI, Gangtok - SSPCB",16-08-2026 10:00:00,27.33853,88.614099,SO2,1,1,1
India,Tamil Nadu,Chennai,"Kodungaiyur, Chennai - TNPCB",16-08-2026 10:00:00,13.1278,80.2642,NO2,12,15,14
India,Tamil Nadu,Chennai,"Arumbakkam, Chennai - TNPCB",16-08-2026 10:00:00,13.0664,80.2112,PM10,54,500,95
India,Tamil Nadu,Chennai,"Arumbakkam, Chennai - TNPCB",16-08-2026 10:00:00,13.0664,80.2112,NH3,2,2,2
India,Tamil Nadu,Chennai,"Arumbakkam, Chennai - TNPCB",16-08-2026 10:00:00,13.0664,80.2112,CO,NA,NA,NA
India,Tamil Nadu,Chennai,"Velachery Res. Area, Chennai - CPCB",16-08-2026 10:00:00,13.0052189,80.2398125,PM10,68,103,92
India,Tamil Nadu,Chennai,"Velachery Res. Area, Chennai - CPCB",16-08-2026 10:00:00,13.0052189,80.2398125,NH3,2,3,3
India,Tamil Nadu,Chennai,"Perungudi, Chennai - TNPCB",16-08-2026 10:00:00,12.9533,80.2357,PM10,39,363,135
India,Tamil Nadu,Chennai,"Perungudi, Chennai - TNPCB",16-08-2026 10:00:00,12.9533,80.2357,OZONE,0,1,1
India,Tamil Nadu,Chennai,"Manali Village, Chennai - TNPCB",16-08-2026 10:00:00,13.1662,80.2584,NO2,16,21,18
India,Tamil Nadu,Chennai,"Manali Village, Chennai - TNPCB",16-08-2026 10:00:00,13.1662,80.2584,OZONE,51,306,236
India,Tamil Nadu,Chennai,"Manali, Chennai - CPCB",16-08-2026 10:00:00,13.164544,80.26285,NO2,NA,NA,NA
India,Tamil Nadu,Chennai,"Manali, Chennai - CPCB",16-08-2026 10:00:00,13.164544,80.26285,NH3,NA,NA,NA
India,Uttar Pradesh,Bareilly,"Civil Lines, Bareilly - UPPCB",16-08-2026 10:00:00,28.359581,79.414455,NO2,8,9,8
India,Uttar Pradesh,Bareilly,"Civil Lines, Bareilly - UPPCB",16-08-2026 10:00:00,28.359581,79.414455,SO2,37,91,64
India,Uttar Pradesh,Bulandshahr,"Yamunapuram, Bulandshahr - UPPCB",16-08-2026 10:00:00,28.406963,77.849831,SO2,2,13,7
India,Uttar Pradesh,Bulandshahr,"Yamunapuram, Bulandshahr - UPPCB",16-08-2026 10:00:00,28.406963,77.849831,CO,29,38,33
India,Uttar Pradesh,Firozabad,"Vibhab Nagar, Firozabad - UPPCB",16-08-2026 10:00:00,27.1594,78.3953,OZONE,1,1,1
India,Uttar Pradesh,Gajraula,"Rajanpur, Gajraula - UPPCB",16-08-2026 10:00:00,28.829109,78.248796,PM10,43,98,72
India,Uttar Pradesh,Gajraula,"Rajanpur, Gajraula - UPPCB",16-08-2026 10:00:00,28.829109,78.248796,NO2,5,20,10
India,Uttar Pradesh,Ghaziabad,"Ved Vihar-Loni, Ghaziabad - UPPCB",16-08-2026 10:00:00,28.739153,77.273668,PM10,39,100,63
India,Uttar Pradesh,Ghaziabad,"Sanjay Nagar, Ghaziabad - UPPCB",16-08-2026 10:00:00,28.685382,77.453839,PM2.5,3,60,26
India,Uttar Pradesh,Ghaziabad,"Sanjay Nagar, Ghaziabad - UPPCB",16-08-2026 10:00:00,28.685382,77.453839,SO2,8,17,12
India,Uttar Pradesh,Ghaziabad,"Vasundhara, Ghaziabad - UPPCB",16-08-2026 10:00:00,28.6603346,77.3572563,NH3,4,5,4
India,Uttar Pradesh,Ghaziabad,"Vasundhara, Ghaziabad - UPPCB",16-08-2026 10:00:00,28.6603346,77.3572563,SO2,6,14,10
India,Uttar Pradesh,Ghaziabad,"Wave City, Ghaziabad - UPPCB",16-08-2026 10:00:00,28.646675,77.489049,PM10,NA,NA,NA
India,Uttar Pradesh,Ghaziabad,"Wave City, Ghaziabad - UPPCB",16-08-2026 10:00:00,28.646675,77.489049,NO2,19,28,21
India,Uttar Pradesh,Ghaziabad,"Wave City, Ghaziabad - UPPCB",16-08-2026 10:00:00,28.646675,77.489049,NH3,NA,NA,NA
India,Telangana,Hyderabad,"IITH Kandi, Hyderabad - TSPCB",16-08-2026 10:00:00,17.585705,78.126199,NH3,2,4,3
India,Telangana,Hyderabad,"IITH Kandi, Hyderabad - TSPCB",16-08-2026 10:00:00,17.585705,78.126199,SO2,7,14,10
India,Telangana,Hyderabad,"IITH Kandi, Hyderabad - TSPCB",16-08-2026 10:00:00,17.585705,78.126199,OZONE,15,22,16
India,Telangana,Hyderabad,"Nacharam_TSIIC IALA, Hyderabad - TSPCB",16-08-2026 10:00:00,17.429398,78.569354,NO2,11,16,13
India,Telangana,Hyderabad,"Nacharam_TSIIC IALA, Hyderabad - TSPCB",16-08-2026 10:00:00,17.429398,78.569354,NH3,4,5,5
India,Telangana,Hyderabad,"Nacharam_TSIIC IALA, Hyderabad - TSPCB",16-08-2026 10:00:00,17.429398,78.569354,CO,21,22,21
India,Telangana,Hyderabad,"New Malakpet, Hyderabad - TSPCB",16-08-2026 10:00:00,17.37206,78.50864,SO2,6,14,9
India,Telangana,Hyderabad,"Kokapet, Hyderabad - TSPCB",16-08-2026 10:00:00,17.393559,78.339194,NH3,2,3,3
India,Telangana,Hyderabad,"Kokapet, Hyderabad - TSPCB",16-08-2026 10:00:00,17.393559,78.339194,CO,17,28,19
India,Telangana,Hyderabad,"Kokapet, Hyderabad - TSPCB",16-08-2026 10:00:00,17.393559,78.339194,OZONE,13,20,14
India,Telangana,Hyderabad,"Ramachandrapuram, Hyderabad - TSPCB",16-08-2026 10:00:00,17.528544,78.286195,NH3,2,4,3
India,Telangana,Hyderabad,"Ramachandrapuram, Hyderabad - TSPCB",16-08-2026 10:00:00,17.528544,78.286195,OZONE,20,21,21
India,Telangana,Hyderabad,"Sanathnagar, Hyderabad - TSPCB",16-08-2026 10:00:00,17.4559458,78.4332152,PM2.5,10,55,25
India,Telangana,Hyderabad,"Sanathnagar, Hyderabad - TSPCB",16-08-2026 10:00:00,17.4559458,78.4332152,CO,35,43,38
India,Telangana,Hyderabad,"ICRISAT Patancheru, Hyderabad - TSPCB",16-08-2026 10:00:00,17.5184,78.278777,PM10,18,94,38
India,Telangana,Hyderabad,"ICRISAT Patancheru, Hyderabad - TSPCB",16-08-2026 10:00:00,17.5184,78.278777,NH3,1,2,2
India,Rajasthan,Jodhpur,"Jhalamand, Jodhpur - RSPCB",16-08-2026 10:00:00,26.215415,73.070156,NH3,4,6,5
India,Rajasthan,Jodhpur,"Mandor, Jodhpur - RSPCB",16-08-2026 10:00:00,26.358805,73.047444,PM10,65,98,81
India,Rajasthan,Jodhpur,"Mandor, Jodhpur - RSPCB",16-08-2026 10:00:00,26.358805,73.047444,NO2,2,7,4
India,Rajasthan,Jodhpur,"Collectorate, Jodhpur - RSPCB",16-08-2026 10:00:00,26.268249,73.0193853,CO,5,44,16
India,Rajasthan,Jodhpur,"Samrat Ashok Udhyan, Jodhpur - RSPCB",16-08-2026 10:00:00,26.253384,72.976571,PM10,68,103,78
India,Rajasthan,Jodhpur,"Samrat Ashok Udhyan, Jodhpur - RSPCB",16-08-2026 10:00:00,26.253384,72.976571,NO2,1,7,4
India,Rajasthan,Jodhpur,"Samrat Ashok Udhyan, Jodhpur - RSPCB",16-08-2026 10:00:00,26.253384,72.976571,CO,15,19,17
India,Rajasthan,Karauli,"Satyawati Vihar, Karauli - RSPCB",16-08-2026 10:00:00,26.506177,77.025989,NH3,6,11,8
India,Rajasthan,Karauli,"Satyawati Vihar, Karauli - RSPCB",16-08-2026 10:00:00,26.506177,77.025989,SO2,8,13,11
India,Rajasthan,Karauli,"Satyawati Vihar, Karauli - RSPCB",16-08-2026 10:00:00,26.506177,77.025989,OZONE,3,5,4
India,Rajasthan,Khairthal,"New Anaj Mandi, Khairthal - RSPCB",16-08-2026 10:00:00,27.8015617,76.6365217,PM2.5,17,306,94
India,Rajasthan,Kota,"Dhanmandi, Kota - RSPCB",16-08-2026 10:00:00,25.16409,75.858137,PM10,18,83,57
India,Rajasthan,Kota,"Dhanmandi, Kota - RSPCB",16-08-2026 10:00:00,25.16409,75.858137,SO2,5,7,6
India,Rajasthan,Kota,"Shrinath Puram, Kota - RSPCB",16-08-2026 10:00:00,25.14389,75.821256,NO2,3,22,9
India,Uttar Pradesh,Agra,"Rohta, Agra - UPPCB",16-08-2026 10:00:00,27.106972,78.000111,PM2.5,15,57,34
India,Uttar Pradesh,Agra,"Rohta, Agra - UPPCB",16-08-2026 10:00:00,27.106972,78.000111,CO,16,28,20
India,Uttar Pradesh,Agra,"Sector-3B Avas Vikas Colony, Agra - UPPCB",16-08-2026 10:00:00,27.19412,77.96237,CO,3,6,4
India,Uttar Pradesh,Agra,"Sector-3B Avas Vikas Colony, Agra - UPPCB",16-08-2026 10:00:00,27.19412,77.96237,OZONE,3,7,5
India,Uttar Pradesh,Agra,"Shahjahan Garden, Agra - UPPCB",16-08-2026 10:00:00,27.169338,78.03582,PM10,30,63,41
India,Uttar Pradesh,Agra,"Sanjay Palace, Agra - UPPCB",16-08-2026 10:00:00,27.19865833,78.00598056,OZONE,0,2,1
India,Uttar Pradesh,Agra,"Shastripuram, Agra - UPPCB",16-08-2026 10:00:00,27.19862,77.92066,PM2.5,12,54,32
India,Uttar Pradesh,Agra,"Shastripuram, Agra - UPPCB",16-08-2026 10:00:00,27.19862,77.92066,NH3,3,3,3
India,Uttar Pradesh,Baghpat,"Sardar Patel Inter College, Baghpat - UPPCB",16-08-2026 10:00:00,28.964949,77.278761,NO2,16,43,25
India,Uttar Pradesh,Baghpat,"Sardar Patel Inter College, Baghpat - UPPCB",16-08-2026 10:00:00,28.964949,77.278761,NH3,2,4,2
India,Uttar Pradesh,Baraut,"Nagar Palika Parishad, Baraut - UPPCB",16-08-2026 10:00:00,29.09956,77.26235,NH3,NA,NA,NA
India,Uttar Pradesh,Bareilly,"Rajendra Nagar, Bareilly - UPPCB",16-08-2026 10:00:00,28.38910936,79.42963708,CO,22,38,25
India,Rajasthan,Pali,"Indira Colony Vistar, Pali - RSPCB",16-08-2026 10:00:00,25.771061,73.340227,PM2.5,92,227,155
India,Rajasthan,Pali,"Indira Colony Vistar, Pali - RSPCB",16-08-2026 10:00:00,25.771061,73.340227,NO2,16,28,20
India,Rajasthan,Pali,"Indira Colony Vistar, Pali - RSPCB",16-08-2026 10:00:00,25.771061,73.340227,CO,23,56,41
India,Rajasthan,Rajsamand,"Dhoinda, Rajsamand - RSPCB",16-08-2026 10:00:00,25.03636,73.883502,SO2,1,6,3
India,Rajasthan,Sawai Madhopur,"Sahu Nagar, Sawai Madhopur - RSPCB",16-08-2026 10:00:00,26.031443,76.359327,PM10,45,81,61
India,Rajasthan,Sawai Madhopur,"Sahu Nagar, Sawai Madhopur - RSPCB",16-08-2026 10:00:00,26.031443,76.359327,OZONE,26,47,31
India,Rajasthan,Sirohi,"Vedhaynath Colony, Sirohi - RSPCB",16-08-2026 10:00:00,24.885261,72.857549,OZONE,27,38,33
India,Rajasthan,Sri Ganganagar,"Old City, Sri Ganganagar - RSPCB",16-08-2026 10:00:00,29.931624,73.864511,NO2,28,69,46
India,Uttar Pradesh,Ghaziabad,"Loni, Ghaziabad - UPPCB",16-08-2026 10:00:00,28.757294,77.278792,CO,36,45,39
India,Uttar Pradesh,Ghaziabad,"Govindpuram, Ghaziabad - UPPCB",16-08-2026 10:00:00,28.694528,77.494705,CO,29,37,31
India,Uttar Pradesh,Greater Noida,"Knowledge Park - V, Greater Noida - UPPCB",16-08-2026 10:00:00,28.557054,77.453663,PM10,77,220,131
India,Uttar Pradesh,Greater Noida,"Knowledge Park - V, Greater Noida - UPPCB",16-08-2026 10:00:00,28.557054,77.453663,SO2,1,10,5
India,Uttar Pradesh,Greater Noida,"Knowledge Park - III, Greater Noida - UPPCB",16-08-2026 10:00:00,28.47272,77.482,NO2,10,47,19
India,Uttar Pradesh,Hapur,"Anand Vihar, Hapur - UPPCB",16-08-2026 10:00:00,28.725645,77.749675,PM2.5,24,89,61
India,Uttar Pradesh,Hapur,"Anand Vihar, Hapur - UPPCB",16-08-2026 10:00:00,28.725645,77.749675,PM10,25,99,69
India,Uttar Pradesh,Hapur,"Anand Vihar, Hapur - UPPCB",16-08-2026 10:00:00,28.725645,77.749675,OZONE,10,24,16
India,Uttar Pradesh,Jhansi,"Shivaji Nagar, Jhansi - UPPCB",16-08-2026 10:00:00,25.4547,78.6039,NH3,4,4,4
India,Uttar Pradesh,Jhansi,"Shivaji Nagar, Jhansi - UPPCB",16-08-2026 10:00:00,25.4547,78.6039,CO,6,10,8
India,Uttar Pradesh,Kanpur,"FTI Kidwai Nagar, Kanpur - UPPCB",16-08-2026 10:00:00,26.428282,80.327067,NO2,26,27,27
India,Uttar Pradesh,Kanpur,"NSI Kalyanpur, Kanpur - UPPCB",16-08-2026 10:00:00,26.509954,80.249612,SO2,23,24,24
India,Uttar Pradesh,Kanpur,"Nehru Nagar, Kanpur - UPPCB",16-08-2026 10:00:00,26.4703136,80.3229863,PM10,6,32,21
India,Uttar Pradesh,Kanpur,"Nehru Nagar, Kanpur - UPPCB",16-08-2026 10:00:00,26.4703136,80.3229863,NO2,44,49,46
India,Uttar Pradesh,Khurja,"Kalindi Kunj, Khurja - UPPCB",16-08-2026 10:00:00,28.2348927,77.8683002,CO,20,103,67
India,Uttar Pradesh,Lucknow,"Talkatora District Industries Center, Lucknow - CPCB",16-08-2026 10:00:00,26.83399722,80.8917361,OZONE,9,31,14
India,Uttar Pradesh,Lucknow,"Kendriya Vidyalaya, Lucknow - CPCB",16-08-2026 10:00:00,26.906111,80.948222,PM10,28,62,35
India,Uttar Pradesh,Lucknow,"Kendriya Vidyalaya, Lucknow - CPCB",16-08-2026 10:00:00,26.906111,80.948222,OZONE,21,46,26
India,Uttar Pradesh,Lucknow,"Gomti Nagar, Lucknow - UPPCB",16-08-2026 10:00:00,26.86812,81.005119,PM10,4,96,35
India,Uttar Pradesh,Lucknow,"B R Ambedkar University, Lucknow - UPPCB",16-08-2026 10:00:00,26.766433,80.927299,NH3,3,4,3
India,Uttar Pradesh,Lucknow,"B R Ambedkar University, Lucknow - UPPCB",16-08-2026 10:00:00,26.766433,80.927299,SO2,34,45,37
India,Uttar Pradesh,Lucknow,"Lalbagh, Lucknow - CPCB",16-08-2026 10:00:00,26.8458805,80.9365541,NH3,8,14,11
India,Uttar Pradesh,Lucknow,"Lalbagh, Lucknow - CPCB",16-08-2026 10:00:00,26.8458805,80.9365541,SO2,3,9,6
India,Uttar Pradesh,Lucknow,"Kukrail Picnic Spot-1, Lucknow - UPPCB",16-08-2026 10:00:00,26.90723,80.98579,OZONE,10,10,10
India,Uttar Pradesh,Mathura,"Pali Dungra, Mathura - UPPCB",16-08-2026 10:00:00,27.410954,77.550619,PM2.5,9,57,29
India,Uttar Pradesh,Mathura,"Pali Dungra, Mathura - UPPCB",16-08-2026 10:00:00,27.410954,77.550619,NO2,4,7,5
India,Uttar Pradesh,Mathura,"Pali Dungra, Mathura - UPPCB",16-08-2026 10:00:00,27.410954,77.550619,SO2,4,5,4
India,Uttar Pradesh,Mathura,"Pali Dungra, Mathura - UPPCB",16-08-2026 10:00:00,27.410954,77.550619,OZONE,19,19,19
India,Uttar Pradesh,Meerut,"Jai Bhim Nagar, Meerut - UPPCB",16-08-2026 10:00:00,28.9535882,77.7622941,NO2,12,40,20
India,Uttar Pradesh,Meerut,"Pallavpuram Phase 2, Meerut - UPPCB",16-08-2026 10:00:00,29.06351,77.709723,PM2.5,51,186,87
India,Uttar Pradesh,Meerut,"Pallavpuram Phase 2, Meerut - UPPCB",16-08-2026 10:00:00,29.06351,77.709723,NO2,21,49,31
India,Uttar Pradesh,Meerut,"Pallavpuram Phase 2, Meerut - UPPCB",16-08-2026 10:00:00,29.06351,77.709723,CO,11,20,15
India,Uttar Pradesh,Modinagar,"SRM University, Modinagar - UPPCB",16-08-2026 10:00:00,28.798171,77.540243,PM2.5,37,90,63
India,Uttar Pradesh,Moradabad,"Buddhi Vihar, Moradabad - UPPCB",16-08-2026 10:00:00,28.83526,78.7446,NH3,5,5,5
India,Uttar Pradesh,Moradabad,"Buddhi Vihar, Moradabad - UPPCB",16-08-2026 10:00:00,28.83526,78.7446,OZONE,20,35,28
India,Uttar Pradesh,Moradabad,"Jigar Colony, Moradabad - UPPCB",16-08-2026 10:00:00,28.856664,78.772638,PM2.5,26,52,37
India,Uttar Pradesh,Moradabad,"Jigar Colony, Moradabad - UPPCB",16-08-2026 10:00:00,28.856664,78.772638,NO2,24,25,25
India,Uttar Pradesh,Moradabad,"Transport Nagar, Moradabad - UPPCB",16-08-2026 10:00:00,28.802625,78.753728,NO2,24,24,24
India,Uttar Pradesh,Moradabad,"Employment Office, Moradabad - UPPCB",16-08-2026 10:00:00,28.88528,78.7388,PM10,30,55,44
India,Uttar Pradesh,Noida,"Sector-1, Noida - UPPCB",16-08-2026 10:00:00,28.5898,77.3101,CO,85,95,90
India,Uttar Pradesh,Noida,"Sector-116, Noida - UPPCB",16-08-2026 10:00:00,28.56923,77.393848,PM2.5,33,235,66
India,Uttar Pradesh,Noida,"Sector-116, Noida - UPPCB",16-08-2026 10:00:00,28.56923,77.393848,PM10,86,176,114
India,Uttar Pradesh,Prayagraj,"Nagar Nigam, Prayagraj - UPPCB",16-08-2026 10:00:00,25.44919916,81.82735986,PM2.5,4,35,17
India,Uttar Pradesh,Prayagraj,"Nagar Nigam, Prayagraj - UPPCB",16-08-2026 10:00:00,25.44919916,81.82735986,PM10,22,83,50
India,Uttar Pradesh,Prayagraj,"Nagar Nigam, Prayagraj - UPPCB",16-08-2026 10:00:00,25.44919916,81.82735986,NH3,4,6,5
India,Uttar Pradesh,Prayagraj,"Nagar Nigam, Prayagraj - UPPCB",16-08-2026 10:00:00,25.44919916,81.82735986,SO2,20,29,24
India,Uttar Pradesh,Prayagraj,"Nagar Nigam, Prayagraj - UPPCB",16-08-2026 10:00:00,25.44919916,81.82735986,OZONE,13,15,14
India,Uttar Pradesh,Varanasi,"Bhelupur, Varanasi - UPPCB",16-08-2026 10:00:00,25.301778,82.996789,PM2.5,40,82,58
India,Uttar Pradesh,Varanasi,"Bhelupur, Varanasi - UPPCB",16-08-2026 10:00:00,25.301778,82.996789,PM10,46,94,67
India,Uttar Pradesh,Varanasi,"Bhelupur, Varanasi - UPPCB",16-08-2026 10:00:00,25.301778,82.996789,CO,9,12,10
India,Uttar Pradesh,Varanasi,"Maldahiya, Varanasi - UPPCB",16-08-2026 10:00:00,25.32393,82.99687,NO2,2,4,3
India,Uttar Pradesh,Varanasi,"Ardhali Bazar, Varanasi - UPPCB",16-08-2026 10:00:00,25.3505986,82.9083074,NO2,20,23,22
India,Uttar Pradesh,Varanasi,"Ardhali Bazar, Varanasi - UPPCB",16-08-2026 10:00:00,25.3505986,82.9083074,SO2,5,7,7
India,Uttar Pradesh,Vrindavan,"Omex Eternity, Vrindavan - UPPCB",16-08-2026 10:00:00,27.571409,77.655757,NH3,8,8,8
India,Uttar Pradesh,Vrindavan,"Omex Eternity, Vrindavan - UPPCB",16-08-2026 10:00:00,27.571409,77.655757,CO,4,6,5
India,Uttarakhand,Dehradun,"Doon University, Dehradun - UKPCB",16-08-2026 10:00:00,30.269444,78.044167,PM10,NA,NA,NA
India,Uttarakhand,Dehradun,"Doon University, Dehradun - UKPCB",16-08-2026 10:00:00,30.269444,78.044167,CO,3,5,5
India,Uttarakhand,Kashipur,"Govt. Girls Inter College, Kashipur - UKPCB",16-08-2026 10:00:00,29.2124114,78.9611753,NO2,NA,NA,NA
India,West Bengal,Asansol,"Asansol Court Area, Asansol - WBPCB",16-08-2026 10:00:00,23.685297,86.945968,NO2,31,39,35
India,West Bengal,Asansol,"Asansol Court Area, Asansol - WBPCB",16-08-2026 10:00:00,23.685297,86.945968,NH3,3,6,5
India,West Bengal,Asansol,"Asansol Court Area, Asansol - WBPCB",16-08-2026 10:00:00,23.685297,86.945968,OZONE,14,24,20
India,West Bengal,Asansol,"Evelyn Lodge, Asansol - WBPCB",16-08-2026 10:00:00,23.697936,86.944395,PM2.5,0,27,11
India,West Bengal,Asansol,"Mahabir Colliery, Asansol - WBPCB",16-08-2026 10:00:00,23.618183,87.105718,SO2,11,12,11
India,West Bengal,Asansol,"Mahabir Colliery, Asansol - WBPCB",16-08-2026 10:00:00,23.618183,87.105718,OZONE,8,11,9
India,West Bengal,Barrackpore,"SVSPA Campus, Barrackpore - WBPCB",16-08-2026 10:00:00,22.7605581,88.3617589,NO2,9,373,54
India,West Bengal,Barrackpore,"SVSPA Campus, Barrackpore - WBPCB",16-08-2026 10:00:00,22.7605581,88.3617589,SO2,11,12,12
India,West Bengal,Durgapur,"PCBL Residential Complex, Durgapur - WBPCB",16-08-2026 10:00:00,23.508764,87.35444,PM2.5,5,37,17
India,West Bengal,Durgapur,"PCBL Residential Complex, Durgapur - WBPCB",16-08-2026 10:00:00,23.508764,87.35444,NO2,30,38,35
India,West Bengal,Durgapur,"Mahishkapur Road_B-Zone, Durgapur - WBPCB",16-08-2026 10:00:00,23.567923,87.306843,NO2,2,10,4
India,West Bengal,Durgapur,"Womens College_City Center, Durgapur - WBPCB",16-08-2026 10:00:00,23.549395,87.300496,NH3,3,8,6
India,West Bengal,Haldia,"Priyambada Housing Estate, Haldia - WBPCB",16-08-2026 10:00:00,22.06047,88.109737,PM2.5,10,34,18
India,West Bengal,Haldia,"Priyambada Housing Estate, Haldia - WBPCB",16-08-2026 10:00:00,22.06047,88.109737,NO2,7,20,10
India,West Bengal,Howrah,"Belur Math, Howrah - WBPCB",16-08-2026 10:00:00,22.629801,88.352017,SO2,6,8,7
India,West Bengal,Howrah,"Belur Math, Howrah - WBPCB",16-08-2026 10:00:00,22.629801,88.352017,CO,9,14,12
India,West Bengal,Howrah,"Dasnagar, Howrah - WBPCB",16-08-2026 10:00:00,22.6025571,88.3105664,PM2.5,10,58,29
India,West Bengal,Howrah,"Dasnagar, Howrah - WBPCB",16-08-2026 10:00:00,22.6025571,88.3105664,PM10,12,49,28
India,West Bengal,Howrah,"Botanical Garden, Howrah - WBPCB",16-08-2026 10:00:00,22.554954,88.292568,PM2.5,5,27,14
India,West Bengal,Howrah,"Botanical Garden, Howrah - WBPCB",16-08-2026 10:00:00,22.554954,88.292568,PM10,3,27,16
India,West Bengal,Howrah,"Botanical Garden, Howrah - WBPCB",16-08-2026 10:00:00,22.554954,88.292568,NO2,7,16,9
India,West Bengal,Howrah,"Ghusuri, Howrah - WBPCB",16-08-2026 10:00:00,22.611968,88.347422,NO2,38,78,49
India,West Bengal,Howrah,"Ghusuri, Howrah - WBPCB",16-08-2026 10:00:00,22.611968,88.347422,SO2,1,7,4
India,West Bengal,Kolkata,"Bidhannagar, Kolkata - WBPCB",16-08-2026 10:00:00,22.58157048,88.41002457,NH3,5,6,6
India,West Bengal,Kolkata,"Bidhannagar, Kolkata - WBPCB",16-08-2026 10:00:00,22.58157048,88.41002457,SO2,7,8,7
India,West Bengal,Kolkata,"Jadavpur, Kolkata - WBPCB",16-08-2026 10:00:00,22.49929,88.36917,OZONE,11,12,12
India,West Bengal,Kolkata,"Rabindra Bharati University, Kolkata - WBPCB",16-08-2026 10:00:00,22.627847,88.380669,PM2.5,15,35,24
India,West Bengal,Kolkata,"Rabindra Bharati University, Kolkata - WBPCB",16-08-2026 10:00:00,22.627847,88.380669,SO2,7,11,9
India,West Bengal,Kolkata,"Rabindra Sarobar, Kolkata - WBPCB",16-08-2026 10:00:00,22.51106,88.35142,PM10,20,22,21
India,West Bengal,Kolkata,"Rabindra Sarobar, Kolkata - WBPCB",16-08-2026 10:00:00,22.51106,88.35142,OZONE,12,13,13
India,West Bengal,Kolkata,"Ballygunge, Kolkata - WBPCB",16-08-2026 10:00:00,22.5367507,88.3638022,NH3,7,11,8
India,West Bengal,Kolkata,"Victoria, Kolkata - WBPCB",16-08-2026 10:00:00,22.5448082,88.3403691,OZONE,10,20,13
India,West Bengal,Siliguri,"Ward-32 Bapupara, Siliguri - WBPCB",16-08-2026 10:00:00,26.6879226,88.4152495,CO,17,32,25
India,West Bengal,Siliguri,"Ward-32 Bapupara, Siliguri - WBPCB",16-08-2026 10:00:00,26.6879226,88.4152495,OZONE,16,19,18
India,Assam,Nagaon,"Christianpatty, Nagaon - PCBA",16-08-2026 10:00:00,26.349082,92.68449,CO,3,10,7
India,Assam,Nalbari,"Bata Chowk, Nalbari - PCBA",16-08-2026 10:00:00,26.446912,91.439057,NO2,14,15,14
India,Assam,Silchar,"Tarapur, Silchar - PCBA",16-08-2026 10:00:00,24.82827,92.79525,OZONE,2,2,2
India,Assam,Sivasagar,"Girls College, Sivasagar - PCBA",16-08-2026 10:00:00,26.987634,94.636574,PM2.5,16,34,22
India,Assam,Sivasagar,"Girls College, Sivasagar - PCBA",16-08-2026 10:00:00,26.987634,94.636574,NO2,9,16,12
India,Assam,Sivasagar,"Girls College, Sivasagar - PCBA",16-08-2026 10:00:00,26.987634,94.636574,CO,14,16,15
India,Assam,Sivasagar,"Girls College, Sivasagar - PCBA",16-08-2026 10:00:00,26.987634,94.636574,OZONE,36,64,44
India,Bihar,Arrah,"New DM Office, Arrah - BSPCB",16-08-2026 10:00:00,25.5626095,84.663264,PM10,40,47,41
India,Bihar,Arrah,"New DM Office, Arrah - BSPCB",16-08-2026 10:00:00,25.5626095,84.663264,SO2,5,6,5
India,Bihar,Arrah,"New DM Office, Arrah - BSPCB",16-08-2026 10:00:00,25.5626095,84.663264,CO,40,60,52
India,Bihar,Arrah,"New DM Office, Arrah - BSPCB",16-08-2026 10:00:00,25.5626095,84.663264,OZONE,6,10,8
India,Bihar,Bettiah,"Kamalnath Nagar, Bettiah - BSPCB",16-08-2026 10:00:00,26.80365,84.51954,SO2,6,15,10
India,Bihar,Bhagalpur,"Mayaganj, Bhagalpur - BSPCB",16-08-2026 10:00:00,25.265194,87.012947,PM2.5,13,332,39
India,Bihar,Bhagalpur,"Mayaganj, Bhagalpur - BSPCB",16-08-2026 10:00:00,25.265194,87.012947,PM10,21,181,37
India,Bihar,Bhagalpur,"Mayaganj, Bhagalpur - BSPCB",16-08-2026 10:00:00,25.265194,87.012947,NO2,16,18,17
India,Bihar,Buxar,"Charitra Van, Buxar - BSPCB",16-08-2026 10:00:00,25.56752,83.966379,PM10,14,427,99
India,Bihar,Patna,"DRM Office Danapur, Patna - BSPCB",16-08-2026 10:00:00,25.586562,85.043586,NH3,8,9,9
India,Bihar,Patna,"DRM Office Danapur, Patna - BSPCB",16-08-2026 10:00:00,25.586562,85.043586,CO,40,42,41
India,Bihar,Patna,"Muradpur, Patna - BSPCB",16-08-2026 10:00:00,25.619651,85.147382,PM2.5,24,37,29
India,Bihar,Patna,"Muradpur, Patna - BSPCB",16-08-2026 10:00:00,25.619651,85.147382,SO2,8,9,8
India,Bihar,Saharsa,"Police Line, Saharsa - BSPCB",16-08-2026 10:00:00,25.892357,86.590325,PM10,38,161,64
India,Bihar,Saharsa,"Police Line, Saharsa - BSPCB",16-08-2026 10:00:00,25.892357,86.590325,NH3,4,4,4
India,Bihar,Saharsa,"Police Line, Saharsa - BSPCB",16-08-2026 10:00:00,25.892357,86.590325,SO2,16,18,17
India,Bihar,Samastipur,"DM Office_Kasipur, Samastipur - BSPCB",16-08-2026 10:00:00,25.859655,85.77944,CO,NA,NA,NA
India,Bihar,Sasaram,"Dada Peer, Sasaram - BSPCB",16-08-2026 10:00:00,24.952822,84.002396,PM10,2,48,16
India,Bihar,Sasaram,"Dada Peer, Sasaram - BSPCB",16-08-2026 10:00:00,24.952822,84.002396,SO2,2,5,4
India,Bihar,Siwan,"Chitragupta Nagar, Siwan - BSPCB",16-08-2026 10:00:00,26.2271665,84.3570427,PM10,99,107,104
India,Bihar,Siwan,"Chitragupta Nagar, Siwan - BSPCB",16-08-2026 10:00:00,26.2271665,84.3570427,NH3,1,1,1
India,Bihar,Siwan,"Chitragupta Nagar, Siwan - BSPCB",16-08-2026 10:00:00,26.2271665,84.3570427,CO,65,67,66
India,Chandigarh,Chandigarh,"Sector 22, Chandigarh - CPCC",16-08-2026 10:00:00,30.735567,76.775714,PM2.5,7,42,23
India,Andhra Pradesh,Vijayawada,"Rajiv Nagar, Vijayawada - APPCB",16-08-2026 10:00:00,16.554731,80.64911,CO,15,16,16
India,Andhra Pradesh,Vijayawada,"HB Colony, Vijayawada - APPCB",16-08-2026 10:00:00,16.536107,80.594233,NH3,NA,NA,NA
India,Andhra Pradesh,Vijayawada,"HB Colony, Vijayawada - APPCB",16-08-2026 10:00:00,16.536107,80.594233,SO2,NA,NA,NA
India,Andhra Pradesh,Vijayawada,"Rajiv Gandhi Park, Vijayawada - APPCB",16-08-2026 10:00:00,16.509717,80.612222,SO2,12,16,13
India,Andhra Pradesh,Vijayawada,"Rajiv Gandhi Park, Vijayawada - APPCB",16-08-2026 10:00:00,16.509717,80.612222,CO,33,36,35
India,Andhra Pradesh,Vijayawada,"Rajiv Gandhi Park, Vijayawada - APPCB",16-08-2026 10:00:00,16.509717,80.612222,OZONE,21,21,21
India,Andhra Pradesh,Visakhapatnam,"GVM Corporation, Visakhapatnam - APPCB",16-08-2026 10:00:00,17.72,83.3,PM10,16,115,55
India,Assam,Byrnihat,"Central Academy for SFS, Byrnihat - PCBA",16-08-2026 10:00:00,26.071318,91.87488,NO2,5,10,8
India,Assam,Byrnihat,"Central Academy for SFS, Byrnihat - PCBA",16-08-2026 10:00:00,26.071318,91.87488,NH3,4,4,4
India,Assam,Guwahati,"IITG, Guwahati - PCBA",16-08-2026 10:00:00,26.2028636,91.70046436,PM10,4,24,10
India,Assam,Guwahati,"IITG, Guwahati - PCBA",16-08-2026 10:00:00,26.2028636,91.70046436,OZONE,4,20,10
India,Assam,Guwahati,"Pan Bazaar, Guwahati - PCBA",16-08-2026 10:00:00,26.1875,91.744194,PM10,NA,NA,NA
India,Assam,Guwahati,"Railway Colony, Guwahati - PCBA",16-08-2026 10:00:00,26.181742,91.78063,PM10,17,35,27
India,Chhattisgarh,Milupara,"Govt. Higher Secondary School, Milupara - CECB",16-08-2026 10:00:00,22.1910172,83.5197009,NH3,1,2,1
India,Chhattisgarh,Raipur,"Krishak Nagar, Raipur - CECB",16-08-2026 10:00:00,21.237755,81.705301,OZONE,1,2,1
India,Chhattisgarh,Raipur,"Bhatagaon New ISBT, Raipur - CECB",16-08-2026 10:00:00,21.219665,81.630094,PM10,7,53,29
India,Chhattisgarh,Raipur,"Bhatagaon New ISBT, Raipur - CECB",16-08-2026 10:00:00,21.219665,81.630094,CO,5,30,13
India,Chhattisgarh,Raipur,"Siltara Phase-II, Raipur - CECB",16-08-2026 10:00:00,21.371751,81.664929,OZONE,5,9,6
India,Chhattisgarh,Raipur,"AIIMS, Raipur - CECB",16-08-2026 10:00:00,21.258815,81.578979,CO,18,36,26
India,Delhi,Delhi,"ITO, Delhi - CPCB",16-08-2026 10:00:00,28.628624,77.24106,OZONE,12,15,13
India,Delhi,Delhi,"Narela, Delhi - DPCC",16-08-2026 10:00:00,28.822836,77.101981,CO,21,31,26
India,Delhi,Delhi,"Cantonment Area, Delhi - DPCC",16-08-2026 10:00:00,28.594169,77.1251,PM2.5,12,31,19
India,Bihar,Buxar,"Charitra Van, Buxar - BSPCB",16-08-2026 10:00:00,25.56752,83.966379,SO2,25,33,28
India,Bihar,Gaya,"Kareemganj, Gaya - BSPCB",16-08-2026 10:00:00,24.792403,84.992416,NH3,1,2,1
India,Bihar,Gaya,"Kareemganj, Gaya - BSPCB",16-08-2026 10:00:00,24.792403,84.992416,SO2,43,47,45
India,Bihar,Hajipur,"Industrial Area, Hajipur - BSPCB",16-08-2026 10:00:00,25.697189,85.2459,PM2.5,33,57,44
India,Bihar,Hajipur,"Industrial Area, Hajipur - BSPCB",16-08-2026 10:00:00,25.697189,85.2459,PM10,32,49,41
India,Bihar,Katihar,"Mirchaibari, Katihar - BSPCB",16-08-2026 10:00:00,25.560083,87.553265,NO2,2,2,2
India,Bihar,Katihar,"Mirchaibari, Katihar - BSPCB",16-08-2026 10:00:00,25.560083,87.553265,OZONE,4,57,30
India,Bihar,Kishanganj,"SDM Office_Khagra, Kishanganj - BSPCB",16-08-2026 10:00:00,26.0881305,87.93840336,CO,13,14,14
India,Bihar,Kishanganj,"SDM Office_Khagra, Kishanganj - BSPCB",16-08-2026 10:00:00,26.0881305,87.93840336,OZONE,32,33,33
India,Bihar,Manguraha,"Forest Rest House, Manguraha - BSPCB",16-08-2026 10:00:00,27.308328,84.531742,PM2.5,NA,NA,NA
India,Andhra Pradesh,Kakinada,"Rama Rao Peta, Kakinada - APPCB",16-08-2026 10:00:00,16.962488,82.229513,PM2.5,13,88,37
India,Andhra Pradesh,Kakinada,"Rama Rao Peta, Kakinada - APPCB",16-08-2026 10:00:00,16.962488,82.229513,NH3,4,6,5
India,Andhra Pradesh,Kakinada,"Rama Rao Peta, Kakinada - APPCB",16-08-2026 10:00:00,16.962488,82.229513,OZONE,14,30,21
India,Andhra Pradesh,Machilipatnam,"Srinivas Nagar Colony, Machilipatnam - APPCB",16-08-2026 10:00:00,16.186555,81.13219,OZONE,22,22,22
India,Andhra Pradesh,Nellore,"Ambedkar Nagar, Nellore - APPCB ",16-08-2026 10:00:00,14.438164,79.966814,PM10,60,67,63
India,Andhra Pradesh,Nellore,"Ambedkar Nagar, Nellore - APPCB ",16-08-2026 10:00:00,14.438164,79.966814,NH3,6,6,6
India,Andhra Pradesh,Tirumala,"Toll Gate, Tirumala - APPCB",16-08-2026 10:00:00,13.67,79.35,PM2.5,10,31,20
India,Andhra Pradesh,Amaravati,"Secretariat, Amaravati - APPCB",16-08-2026 10:00:00,16.5150833,80.5181667,OZONE,10,19,16
India,Andhra Pradesh,Anantapur,"Gulzarpet, Anantapur - APPCB",16-08-2026 10:00:00,14.675886,77.593027,PM2.5,42,86,62
India,Andhra Pradesh,Anantapur,"Gulzarpet, Anantapur - APPCB",16-08-2026 10:00:00,14.675886,77.593027,SO2,11,14,12
India,Andhra Pradesh,Chittoor,"Gangineni Cheruvu, Chittoor - APPCB",16-08-2026 10:00:00,13.20488,79.097889,PM2.5,61,70,65
India,Andhra Pradesh,Chittoor,"Gangineni Cheruvu, Chittoor - APPCB",16-08-2026 10:00:00,13.20488,79.097889,SO2,23,25,24
India,Andhra Pradesh,Guntur,"Rajendra Nagar North, Guntur - APPCB",16-08-2026 10:00:00,16.316553,80.413302,PM2.5,37,59,46
India,Andhra Pradesh,Guntur,"Rajendra Nagar North, Guntur - APPCB",16-08-2026 10:00:00,16.316553,80.413302,CO,13,26,19
India,Chandigarh,Chandigarh,"Sector-25, Chandigarh - CPCC",16-08-2026 10:00:00,30.751462,76.762879,NO2,0,19,4
India,Chhattisgarh,Bhilai,"32Bungalows, Bhilai - CECB",16-08-2026 10:00:00,21.194815,81.31477,PM2.5,7,19,13
India,Chhattisgarh,Bhilai,"32Bungalows, Bhilai - CECB",16-08-2026 10:00:00,21.194815,81.31477,SO2,5,10,7
India,Chhattisgarh,Bhilai,"Hathkhoj, Bhilai - CECB",16-08-2026 10:00:00,21.224231,81.40835,PM2.5,7,30,21
India,Chhattisgarh,Bhilai,"Hathkhoj, Bhilai - CECB",16-08-2026 10:00:00,21.224231,81.40835,NH3,4,10,6
India,Chhattisgarh,Bilaspur,"Mangala, Bilaspur - NTPC",16-08-2026 10:00:00,22.08815,82.13737,NH3,NA,NA,NA
India,Delhi,Delhi,"Sonia Vihar, Delhi - DPCC",16-08-2026 10:00:00,28.710508,77.249485,NO2,11,31,21
India,Delhi,Delhi,"Bawana, Delhi - DPCC",16-08-2026 10:00:00,28.7762,77.051074,NO2,4,10,7
India,Delhi,Delhi,"Okhla Phase-2, Delhi - DPCC",16-08-2026 10:00:00,28.530785,77.271255,PM10,46,147,79
India,Delhi,Delhi,"Rohini, Delhi - DPCC",16-08-2026 10:00:00,28.732528,77.11992,NH3,4,9,5
India,Delhi,Delhi,"Vivek Vihar, Delhi - DPCC",16-08-2026 10:00:00,28.672342,77.31526,PM2.5,23,91,47
India,Delhi,Delhi,"Vivek Vihar, Delhi - DPCC",16-08-2026 10:00:00,28.672342,77.31526,SO2,5,8,7
India,Bihar,Motihari,"Gandak Colony, Motihari - BSPCB",16-08-2026 10:00:00,26.63086,84.90051,NO2,2,3,3
India,Bihar,Motihari,"Gandak Colony, Motihari - BSPCB",16-08-2026 10:00:00,26.63086,84.90051,NH3,1,1,1
India,Bihar,Muzaffarpur,"Buddha Colony, Muzaffarpur - BSPCB",16-08-2026 10:00:00,26.11442,85.39813,PM10,35,61,49
India,Bihar,Patna,"Govt. High School Shikarpur, Patna - BSPCB",16-08-2026 10:00:00,25.592539,85.227158,NO2,5,7,6
India,Delhi,Delhi,"Ashok Vihar, Delhi - DPCC",16-08-2026 10:00:00,28.695381,77.181665,PM10,55,113,80
India,Delhi,Delhi,"Ashok Vihar, Delhi - DPCC",16-08-2026 10:00:00,28.695381,77.181665,NH3,5,12,9
India,Delhi,Delhi,"Shadipur, Delhi - CPCB",16-08-2026 10:00:00,28.6514781,77.1473105,PM2.5,29,59,42
India,Delhi,Delhi,"Shadipur, Delhi - CPCB",16-08-2026 10:00:00,28.6514781,77.1473105,PM10,30,111,53
India,Delhi,Delhi,"Shadipur, Delhi - CPCB",16-08-2026 10:00:00,28.6514781,77.1473105,NO2,21,81,35
India,Delhi,Delhi,"Mandir Marg, Delhi - DPCC",16-08-2026 10:00:00,28.636429,77.201067,PM2.5,NA,NA,NA
India,Delhi,Delhi,"Mandir Marg, Delhi - DPCC",16-08-2026 10:00:00,28.636429,77.201067,NO2,2,29,11
India,Delhi,Delhi,"Mandir Marg, Delhi - DPCC",16-08-2026 10:00:00,28.636429,77.201067,NH3,10,13,12
India,Delhi,Delhi,"Mandir Marg, Delhi - DPCC",16-08-2026 10:00:00,28.636429,77.201067,OZONE,6,13,10
India,Delhi,Delhi,"Pusa, Delhi - DPCC",16-08-2026 10:00:00,28.639652,77.146275,CO,38,72,57
India,Delhi,Delhi,"Sirifort, Delhi - CPCB",16-08-2026 10:00:00,28.5504249,77.2159377,NO2,15,24,18
India,Delhi,Delhi,"Sirifort, Delhi - CPCB",16-08-2026 10:00:00,28.5504249,77.2159377,NH3,7,12,9
India,Delhi,Delhi,"Sirifort, Delhi - CPCB",16-08-2026 10:00:00,28.5504249,77.2159377,SO2,21,24,22
India,Delhi,Delhi,"Sirifort, Delhi - CPCB",16-08-2026 10:00:00,28.5504249,77.2159377,OZONE,13,29,20
India,Delhi,Delhi,"Chandni Chowk, Delhi - IITM",16-08-2026 10:00:00,28.656756,77.227234,NO2,10,19,12
India,Delhi,Delhi,"Chandni Chowk, Delhi - IITM",16-08-2026 10:00:00,28.656756,77.227234,SO2,7,12,10
India,Delhi,Delhi,"Pusa, Delhi - IITM",16-08-2026 10:00:00,28.63611,77.173332,OZONE,24,49,33
India,Delhi,Delhi,"DTU, Delhi - CPCB",16-08-2026 10:00:00,28.7500499,77.1112615,PM2.5,23,75,42
India,Delhi,Delhi,"DTU, Delhi - CPCB",16-08-2026 10:00:00,28.7500499,77.1112615,OZONE,11,13,12
India,Haryana,Panchgaon,"Amity University, Panchgaon - IITM",16-08-2026 10:00:00,28.3153,76.9143,NO2,20,32,25
India,Haryana,Panchgaon,"Amity University, Panchgaon - IITM",16-08-2026 10:00:00,28.3153,76.9143,CO,15,28,22
India,Haryana,Panchgaon,"Amity University, Panchgaon - IITM",16-08-2026 10:00:00,28.3153,76.9143,OZONE,1,12,5
India,Haryana,Panipat,"Sector-18, Panipat - HSPCB",16-08-2026 10:00:00,29.432304,76.972765,PM10,23,199,124
India,Haryana,Panipat,"Sector-18, Panipat - HSPCB",16-08-2026 10:00:00,29.432304,76.972765,CO,31,32,32
India,Haryana,Panipat,"Sector-18, Panipat - HSPCB",16-08-2026 10:00:00,29.432304,76.972765,OZONE,48,49,48
India,Haryana,Rohtak,"MD University, Rohtak - HSPCB",16-08-2026 10:00:00,28.52123,76.37138,OZONE,12,25,18
India,Haryana,Sirsa,"F-Block, Sirsa - HSPCB",16-08-2026 10:00:00,29.5364,75.0158,NO2,19,21,20
India,Haryana,Sirsa,"F-Block, Sirsa - HSPCB",16-08-2026 10:00:00,29.5364,75.0158,NH3,13,14,13
India,Haryana,Yamuna Nagar,"Gobind Pura, Yamuna Nagar - HSPCB",16-08-2026 10:00:00,30.1480566,77.2893471,NO2,11,21,16
India,Haryana,Yamuna Nagar,"Gobind Pura, Yamuna Nagar - HSPCB",16-08-2026 10:00:00,30.1480566,77.2893471,NH3,1,6,4
India,Himachal Pradesh,Baddi,"HIMUDA Complex Phase-1, Baddi - HPPCB",16-08-2026 10:00:00,30.943887,76.801991,PM10,32,228,115
India,Himachal Pradesh,Baddi,"HIMUDA Complex Phase-1, Baddi - HPPCB",16-08-2026 10:00:00,30.943887,76.801991,CO,102,107,103
India,Jammu and Kashmir,Srinagar,"Rajbagh, Srinagar - JKPCC",16-08-2026 10:00:00,34.066206,74.81982,PM10,29,64,46
India,Delhi,Delhi,"IHBAS, Dilshad Garden, Delhi - CPCB",16-08-2026 10:00:00,28.6811736,77.3025234,NO2,NA,NA,NA
India,Delhi,Delhi,"Nehru Nagar, Delhi - DPCC",16-08-2026 10:00:00,28.56789,77.250515,NO2,11,60,28
India,Delhi,Delhi,"Nehru Nagar, Delhi - DPCC",16-08-2026 10:00:00,28.56789,77.250515,SO2,4,110,14
India,Delhi,Delhi,"Patparganj, Delhi - DPCC",16-08-2026 10:00:00,28.623763,77.287209,NO2,7,59,25
India,Delhi,Delhi,"Patparganj, Delhi - DPCC",16-08-2026 10:00:00,28.623763,77.287209,OZONE,12,19,15
India,Delhi,Delhi,"Jawaharlal Nehru Stadium, Delhi - DPCC",16-08-2026 10:00:00,28.58028,77.233829,PM10,31,127,77
India,Delhi,Delhi,"Jawaharlal Nehru Stadium, Delhi - DPCC",16-08-2026 10:00:00,28.58028,77.233829,NO2,6,37,20
India,Delhi,Delhi,"Najafgarh, Delhi - DPCC",16-08-2026 10:00:00,28.570173,76.933762,PM10,36,92,70
India,Delhi,Delhi,"Najafgarh, Delhi - DPCC",16-08-2026 10:00:00,28.570173,76.933762,NH3,7,13,9
India,Delhi,Delhi,"Wazirpur, Delhi - DPCC",16-08-2026 10:00:00,28.699793,77.165453,OZONE,6,8,7
India,Delhi,Delhi,"NSUT Jaffarpur, Delhi - DPCC",16-08-2026 10:00:00,28.594004,76.909423,PM10,49,110,67
India,Delhi,Delhi,"Mundka, Delhi - DPCC",16-08-2026 10:00:00,28.684678,77.076574,PM2.5,10,77,32
India,Delhi,Delhi,"Mundka, Delhi - DPCC",16-08-2026 10:00:00,28.684678,77.076574,NO2,60,83,69
India,Delhi,Delhi,"Mundka, Delhi - DPCC",16-08-2026 10:00:00,28.684678,77.076574,NH3,6,12,10
India,Delhi,Delhi,"Mundka, Delhi - DPCC",16-08-2026 10:00:00,28.684678,77.076574,CO,28,41,35
India,Delhi,Delhi,"Dwarka-Sector 8, Delhi - DPCC ",16-08-2026 10:00:00,28.5710274,77.0719006,CO,14,24,20
India,Delhi,Delhi,"IIT Delhi, Delhi - IITM",16-08-2026 10:00:00,28.54246,77.191651,PM2.5,18,95,49
India,Delhi,Delhi,"IIT Delhi, Delhi - IITM",16-08-2026 10:00:00,28.54246,77.191651,NO2,10,34,19
India,Delhi,Delhi,"IGI Airport (T3), Delhi - IITM",16-08-2026 10:00:00,28.5627763,77.1180053,NH3,NA,NA,NA
India,Delhi,Delhi,"IGI Airport (T3), Delhi - IITM",16-08-2026 10:00:00,28.5627763,77.1180053,SO2,NA,NA,NA
India,Delhi,Delhi,"IGNOU_Maidan Garhi, Delhi - DPCC",16-08-2026 10:00:00,28.493624,77.201159,PM2.5,10,37,19
India,Delhi,Delhi,"IGNOU_Maidan Garhi, Delhi - DPCC",16-08-2026 10:00:00,28.493624,77.201159,OZONE,5,7,6
India,Delhi,Delhi,"Commonwealth Sports Complex, Delhi - DPCC",16-08-2026 10:00:00,28.615828,77.271992,PM2.5,29,98,54
India,Delhi,Delhi,"Commonwealth Sports Complex, Delhi - DPCC",16-08-2026 10:00:00,28.615828,77.271992,NO2,6,41,20
India,Delhi,Delhi,"Talkatora Garden, Delhi - DPCC",16-08-2026 10:00:00,28.62181,77.1944633,PM2.5,27,97,49
India,Delhi,Delhi,"Talkatora Garden, Delhi - DPCC",16-08-2026 10:00:00,28.62181,77.1944633,NH3,0,5,2
India,Delhi,Delhi,"Aya Nagar, Delhi - IITM",16-08-2026 10:00:00,28.4706914,77.1099364,PM10,44,111,76
India,Delhi,Delhi,"Aya Nagar, Delhi - IITM",16-08-2026 10:00:00,28.4706914,77.1099364,OZONE,11,19,15
India,Delhi,Delhi,"Burari Crossing, Delhi - IITM",16-08-2026 10:00:00,28.7256504,77.2011573,SO2,NA,NA,NA
India,Delhi,Delhi,"IMD Lodhi Road, Delhi - IITM",16-08-2026 10:00:00,28.5918245,77.2273074,NO2,1,24,9
India,Delhi,Delhi,"IMD Lodhi Road, Delhi - IITM",16-08-2026 10:00:00,28.5918245,77.2273074,SO2,NA,NA,NA
India,Delhi,Delhi,"JNU, Delhi - DPCC",16-08-2026 10:00:00,28.540721,77.168544,CO,22,26,23
India,Delhi,Delhi,"Alipur, Delhi - DPCC",16-08-2026 10:00:00,28.815329,77.15301,NH3,3,5,4
India,Delhi,Delhi,"R K Puram, Delhi - DPCC",16-08-2026 10:00:00,28.563262,77.186937,SO2,14,15,15
India,Gujarat,Ahmedabad,"SVPI Airport Hansol, Ahmedabad - IITM",16-08-2026 10:00:00,23.076793,72.627874,PM10,69,100,86
India,Gujarat,Ahmedabad,"Maninagar, Ahmedabad - GPCB",16-08-2026 10:00:00,23.002657,72.591912,PM2.5,43,202,99
India,Gujarat,Ahmedabad,"Maninagar, Ahmedabad - GPCB",16-08-2026 10:00:00,23.002657,72.591912,OZONE,22,26,24
India,Gujarat,Ahmedabad,"Chandkheda, Ahmedabad - IITM",16-08-2026 10:00:00,23.107969,72.574648,SO2,5,10,8
India,Gujarat,Ahmedabad,"SAC ISRO Satellite, Ahmedabad - IITM",16-08-2026 10:00:00,23.023389,72.515201,PM10,39,92,69
India,Gujarat,Surat,"Science Center, Surat - SMC",16-08-2026 10:00:00,21.170046,72.795405,OZONE,NA,NA,NA
India,Gujarat,Surat,"Katargam, Surat - Nexteng Enviro",16-08-2026 10:00:00,21.217779,72.834787,PM10,33,102,70
India,Gujarat,Surat,"Katargam, Surat - Nexteng Enviro",16-08-2026 10:00:00,21.217779,72.834787,OZONE,7,7,7
India,Gujarat,Vadodara,"Bapunagar, Vadodara - Nexteng Enviro",16-08-2026 10:00:00,22.320153,73.216285,PM2.5,25,80,48
India,Gujarat,Vadodara,"Bapunagar, Vadodara - Nexteng Enviro",16-08-2026 10:00:00,22.320153,73.216285,NH3,2,2,2
India,Gujarat,Vadodara,"Bapunagar, Vadodara - Nexteng Enviro",16-08-2026 10:00:00,22.320153,73.216285,SO2,8,10,9
India,Gujarat,Vadodara,"Bapunagar, Vadodara - Nexteng Enviro",16-08-2026 10:00:00,22.320153,73.216285,CO,73,75,74
India,Haryana,Ambala,"Patti Mehar, Ambala - HSPCB",16-08-2026 10:00:00,30.379589,76.778328,NH3,6,7,6
India,Haryana,Ambala,"Patti Mehar, Ambala - HSPCB",16-08-2026 10:00:00,30.379589,76.778328,SO2,37,80,71
India,Haryana,Bahadurgarh,"Arya Nagar, Bahadurgarh - HSPCB",16-08-2026 10:00:00,28.6701,76.9254,CO,28,33,32
India,Haryana,Ballabgarh,"Nathu Colony, Ballabgarh - HSPCB",16-08-2026 10:00:00,28.3419248,77.319699,PM2.5,65,71,67
India,Haryana,Ballabgarh,"Nathu Colony, Ballabgarh - HSPCB",16-08-2026 10:00:00,28.3419248,77.319699,SO2,1,4,3
India,Haryana,Hisar,"Urban Estate-II, Hisar - HSPCB",16-08-2026 10:00:00,29.14056,75.744941,NO2,22,32,28
India,Haryana,Hisar,"Urban Estate-II, Hisar - HSPCB",16-08-2026 10:00:00,29.14056,75.744941,NH3,9,13,11
India,Haryana,Hisar,"Urban Estate-II, Hisar - HSPCB",16-08-2026 10:00:00,29.14056,75.744941,SO2,NA,NA,NA
India,Haryana,Jind,"Police Lines, Jind - HSPCB",16-08-2026 10:00:00,29.307814,76.337619,SO2,27,30,28
India,Haryana,Jind,"Police Lines, Jind - HSPCB",16-08-2026 10:00:00,29.307814,76.337619,CO,5,7,6
India,Haryana,Kaithal,"Rishi Nagar, Kaithal - HSPCB",16-08-2026 10:00:00,29.8006,76.4155,PM2.5,30,83,61
India,Haryana,Kaithal,"Rishi Nagar, Kaithal - HSPCB",16-08-2026 10:00:00,29.8006,76.4155,SO2,3,17,11
India,Haryana,Karnal,"Sector-12, Karnal - HSPCB",16-08-2026 10:00:00,29.6953,77.0027,PM10,27,97,56
India,Haryana,Mandikhera,"General Hospital, Mandikhera(Nuh) - HSPCB",16-08-2026 10:00:00,27.9002,76.9938,PM10,NA,NA,NA
India,Haryana,Mandikhera,"General Hospital, Mandikhera(Nuh) - HSPCB",16-08-2026 10:00:00,27.9002,76.9938,NO2,NA,NA,NA
India,Haryana,Manesar,"Sector-2 IMT, Manesar - HSPCB",16-08-2026 10:00:00,28.360699,76.93609,NH3,7,17,13
India,Haryana,Manesar,"Sector-2 IMT, Manesar - HSPCB",16-08-2026 10:00:00,28.360699,76.93609,SO2,6,37,13
India,Gujarat,Ahmedabad,"Gyaspur, Ahmedabad - IITM",16-08-2026 10:00:00,22.977134,72.553024,PM10,62,164,98
India,Gujarat,Ahmedabad,"Raikhad, Ahmedabad - IITM",16-08-2026 10:00:00,23.020509,72.579261,SO2,4,9,7
India,Gujarat,Gandhinagar,"Sector-10, Gandhinagar - GPCB",16-08-2026 10:00:00,23.221714,72.654328,SO2,4,5,4
India,Gujarat,Gandhinagar,"Sector-10, Gandhinagar - GPCB",16-08-2026 10:00:00,23.221714,72.654328,CO,14,19,17
India,Gujarat,Gandhinagar,"IIPHG Lekawada, Gandhinagar - IITM",16-08-2026 10:00:00,23.243639,72.68994,PM10,51,85,68
India,Gujarat,Gandhinagar,"IIPHG Lekawada, Gandhinagar - IITM",16-08-2026 10:00:00,23.243639,72.68994,OZONE,2,3,2
India,Gujarat,Gandhinagar,"GIFT City, Gandhinagar - IITM",16-08-2026 10:00:00,23.163798,72.677768,CO,2,9,5
India,Gujarat,Nandesari,"GIDC, Nandesari - Nandesari Ind. Association",16-08-2026 10:00:00,22.410802,73.097923,OZONE,NA,NA,NA
India,Gujarat,Rajkot,"Mavdi, Rajkot - Nexteng Enviro ",16-08-2026 10:00:00,22.248853,70.776774,PM10,15,81,45
India,Haryana,Dharuhera,"Municipal Corporation Office, Dharuhera -  HSPCB",16-08-2026 10:00:00,28.2068,76.7997,PM2.5,64,106,77
India,Haryana,Dharuhera,"Municipal Corporation Office, Dharuhera -  HSPCB",16-08-2026 10:00:00,28.2068,76.7997,PM10,61,98,74
India,Haryana,Dharuhera,"Municipal Corporation Office, Dharuhera -  HSPCB",16-08-2026 10:00:00,28.2068,76.7997,NO2,13,45,33
India,Haryana,Fatehabad,"Huda Sector, Fatehabad - HSPCB",16-08-2026 10:00:00,29.503664,75.467934,PM2.5,17,22,19
India,Haryana,Fatehabad,"Huda Sector, Fatehabad - HSPCB",16-08-2026 10:00:00,29.503664,75.467934,PM10,30,39,34
India,Haryana,Gurugram,"Teri Gram, Gurugram - HSPCB",16-08-2026 10:00:00,28.4275,77.1465,NH3,10,19,13
India,Haryana,Gurugram,"Teri Gram, Gurugram - HSPCB",16-08-2026 10:00:00,28.4275,77.1465,SO2,4,13,8
India,Haryana,Gurugram,"Sector-51, Gurugram - HSPCB",16-08-2026 10:00:00,28.4227,77.0667,PM2.5,NA,NA,NA
India,Haryana,Gurugram,"Sector-51, Gurugram - HSPCB",16-08-2026 10:00:00,28.4227,77.0667,SO2,NA,NA,NA
India,Haryana,Gurugram,"Vikas Sadan, Gurugram - HSPCB",16-08-2026 10:00:00,28.4501238,77.0263051,NO2,2,17,9
India,Karnataka,Bengaluru,"Silk Board, Bengaluru - KSPCB",16-08-2026 10:00:00,12.917348,77.622813,PM10,30,127,89
India,Karnataka,Bengaluru,"Silk Board, Bengaluru - KSPCB",16-08-2026 10:00:00,12.917348,77.622813,NO2,20,27,23
India,Karnataka,Bengaluru,"Silk Board, Bengaluru - KSPCB",16-08-2026 10:00:00,12.917348,77.622813,CO,10,35,19
India,Karnataka,Chamarajanagar,"Urban, Chamarajanagar - KSPCB",16-08-2026 10:00:00,11.55358,76.55521,SO2,4,4,4
India,Karnataka,Chamarajanagar,"Urban, Chamarajanagar - KSPCB",16-08-2026 10:00:00,11.55358,76.55521,OZONE,26,27,26
India,Karnataka,Chikkaballapur,"Chikkaballapur Rural, Chikkaballapur - KSPCB",16-08-2026 10:00:00,13.428828,77.731418,PM10,24,93,39
India,Karnataka,Chikkaballapur,"Chikkaballapur Rural, Chikkaballapur - KSPCB",16-08-2026 10:00:00,13.428828,77.731418,NO2,2,6,4
India,Karnataka,Chikkaballapur,"Chikkaballapur Rural, Chikkaballapur - KSPCB",16-08-2026 10:00:00,13.428828,77.731418,CO,7,13,9
India,Karnataka,Chikkamagaluru,"Kalyana Nagara, Chikkamagaluru - KSPCB",16-08-2026 10:00:00,13.328028,75.797056,NO2,17,25,22
India,Karnataka,Davanagere,"Devaraj Urs Badavane, Davanagere - KSPCB",16-08-2026 10:00:00,14.4758,75.9052,NH3,1,2,2
India,Karnataka,Davanagere,"Devaraj Urs Badavane, Davanagere - KSPCB",16-08-2026 10:00:00,14.4758,75.9052,SO2,7,14,9
India,Karnataka,Davanagere,"Devaraj Urs Badavane, Davanagere - KSPCB",16-08-2026 10:00:00,14.4758,75.9052,CO,15,16,16
India,Karnataka,Davanagere,"Devaraj Urs Badavane, Davanagere - KSPCB",16-08-2026 10:00:00,14.4758,75.9052,OZONE,20,21,21
India,Karnataka,Gadag,"Panchal Nagar, Gadag - KSPCB",16-08-2026 10:00:00,15.411456,75.638133,CO,28,70,41
India,Karnataka,Hubballi,"Lingaraj Nagar, Hubballi - KSPCB",16-08-2026 10:00:00,15.3714823,75.1160168,PM10,47,62,52
India,Karnataka,Hubballi,"Lingaraj Nagar, Hubballi - KSPCB",16-08-2026 10:00:00,15.3714823,75.1160168,NO2,7,11,8
India,Karnataka,Hubballi,"Lingaraj Nagar, Hubballi - KSPCB",16-08-2026 10:00:00,15.3714823,75.1160168,SO2,2,3,2
India,Karnataka,Hubballi,"Lingaraj Nagar, Hubballi - KSPCB",16-08-2026 10:00:00,15.3714823,75.1160168,CO,14,14,14
India,Karnataka,Hubballi,"Lingaraj Nagar, Hubballi - KSPCB",16-08-2026 10:00:00,15.3714823,75.1160168,OZONE,18,22,19
India,Karnataka,Kalaburagi,"Mahatma Basaveswar Colony, Kalaburgi - KSPCB",16-08-2026 10:00:00,17.336318,76.847397,NO2,10,17,13
India,Karnataka,Karwar,"KHB Colony, Karwar - KSPCB",16-08-2026 10:00:00,14.816666,74.141003,NO2,10,70,26
India,Karnataka,Karwar,"KHB Colony, Karwar - KSPCB",16-08-2026 10:00:00,14.816666,74.141003,SO2,NA,NA,NA
India,Karnataka,Madikeri,"Stuart Hill, Madikeri - KSPCB",16-08-2026 10:00:00,12.415911,75.73505,NO2,2,2,2
India,Madhya Pradesh,Ujjain,"Mahashweta Nagar, Ujjain - MPPCB",16-08-2026 10:00:00,23.1633321,75.800225,PM2.5,37,95,62
India,Madhya Pradesh,Ujjain,"Mahashweta Nagar, Ujjain - MPPCB",16-08-2026 10:00:00,23.1633321,75.800225,NO2,3,19,8
India,Maharashtra,Ahmednagar,"Tarakpur, Ahmednagar - MPCB",16-08-2026 10:00:00,19.10122,74.73339,PM10,21,40,29
India,Maharashtra,Ahmednagar,"Tarakpur, Ahmednagar - MPCB",16-08-2026 10:00:00,19.10122,74.73339,SO2,5,13,9
India,Maharashtra,Akola,"Ramdaspeth, Akola - MPCB",16-08-2026 10:00:00,20.719516,77.000253,NO2,9,25,17
India,Maharashtra,Akola,"Ramdaspeth, Akola - MPCB",16-08-2026 10:00:00,20.719516,77.000253,NH3,7,9,7
India,Maharashtra,Akola,"Ramdaspeth, Akola - MPCB",16-08-2026 10:00:00,20.719516,77.000253,SO2,2,11,7
India,Maharashtra,Akola,"Ramdaspeth, Akola - MPCB",16-08-2026 10:00:00,20.719516,77.000253,CO,15,19,17
India,Maharashtra,Ambernath,"Chinchpada, Ambernath - MPCB",16-08-2026 10:00:00,19.215784,73.199781,SO2,0,5,3
India,Maharashtra,Amravati,"Shri Shivaji Science College, Amravati - MPCB",16-08-2026 10:00:00,20.939198,77.765701,PM10,22,43,32
India,Maharashtra,Amravati,"Shri Shivaji Science College, Amravati - MPCB",16-08-2026 10:00:00,20.939198,77.765701,NH3,1,2,2
India,Maharashtra,Amravati,"Shivneri Colony, Amravati - MPCB",16-08-2026 10:00:00,20.9402359,77.7895248,PM2.5,12,51,25
India,Maharashtra,Aurangabad,"MIDC Chilkalthana, Aurangabad - MPCB",16-08-2026 10:00:00,19.87562,75.38731,NO2,8,14,11
India,Maharashtra,Aurangabad,"MIDC Chilkalthana, Aurangabad - MPCB",16-08-2026 10:00:00,19.87562,75.38731,OZONE,NA,NA,NA
India,Maharashtra,Aurangabad,"Rachnakar Colony, Aurangabad - MPCB",16-08-2026 10:00:00,19.863756,75.321188,CO,21,28,24
India,Karnataka,Mangalore,"Kadri, Mangalore - KSPCB",16-08-2026 10:00:00,12.88925,74.853,PM2.5,26,41,33
India,Karnataka,Mangalore,"Kadri, Mangalore - KSPCB",16-08-2026 10:00:00,12.88925,74.853,PM10,33,52,41
India,Karnataka,Mangalore,"Kadri, Mangalore - KSPCB",16-08-2026 10:00:00,12.88925,74.853,OZONE,36,36,36
India,Karnataka,Mysuru,"Hebbal 1st Stage, Mysuru - KSPCB",16-08-2026 10:00:00,12.21041,76.37376,NO2,15,26,20
India,Karnataka,Ramanagara,"Vijay Nagar, Ramanagara - KSPCB",16-08-2026 10:00:00,12.733409,77.298051,PM2.5,3,25,9
India,Karnataka,Vijayapura,"Ibrahimpur, Vijayapura - KSPCB",16-08-2026 10:00:00,16.802639,75.722694,PM2.5,27,27,27
India,Karnataka,Vijayapura,"Ibrahimpur, Vijayapura - KSPCB",16-08-2026 10:00:00,16.802639,75.722694,PM10,42,43,43
India,Karnataka,Yadgir,"Collector Office, Yadgir - KSPCB",16-08-2026 10:00:00,16.7602,77.1428,PM2.5,3,20,10
India,Karnataka,Yadgir,"Collector Office, Yadgir - KSPCB",16-08-2026 10:00:00,16.7602,77.1428,NH3,0,1,0
India,Karnataka,Yadgir,"Collector Office, Yadgir - KSPCB",16-08-2026 10:00:00,16.7602,77.1428,SO2,4,102,18
India,Karnataka,Yadgir,"Collector Office, Yadgir - KSPCB",16-08-2026 10:00:00,16.7602,77.1428,OZONE,28,33,31
India,Kerala,Eloor,"Udyogamandal, Eloor - Kerala PCB",16-08-2026 10:00:00,10.073232,76.302765,PM2.5,32,39,36
India,Kerala,Eloor,"Udyogamandal, Eloor - Kerala PCB",16-08-2026 10:00:00,10.073232,76.302765,OZONE,12,13,13
India,Kerala,Thiruvananthapuram,"Kariavattom, Thiruvananthapuram - Kerala PCB",16-08-2026 10:00:00,8.5637,76.8865,PM2.5,38,44,40
India,Madhya Pradesh,Indore,"Chhoti Gwaltoli, Indore - MPPCB",16-08-2026 10:00:00,22.431,75.5213,PM10,38,100,74
India,Madhya Pradesh,Indore,"Chhoti Gwaltoli, Indore - MPPCB",16-08-2026 10:00:00,22.431,75.5213,SO2,13,17,15
India,Madhya Pradesh,Indore,"Chhoti Gwaltoli, Indore - MPPCB",16-08-2026 10:00:00,22.431,75.5213,CO,10,15,12
India,Madhya Pradesh,Indore,"Airport Area, Indore - IMC",16-08-2026 10:00:00,22.7289,75.8076,PM2.5,5,55,36
India,Madhya Pradesh,Indore,"Airport Area, Indore - IMC",16-08-2026 10:00:00,22.7289,75.8076,PM10,13,52,35
India,Madhya Pradesh,Indore,"Airport Area, Indore - IMC",16-08-2026 10:00:00,22.7289,75.8076,SO2,11,13,12
India,Madhya Pradesh,Indore,"Airport Area, Indore - IMC",16-08-2026 10:00:00,22.7289,75.8076,CO,30,35,33
India,Madhya Pradesh,Indore,"Maguda Nagar, Indore - IMC",16-08-2026 10:00:00,22.7524,75.8872,PM2.5,5,29,20
India,Madhya Pradesh,Indore,"Residency Area, Indore - IMC",16-08-2026 10:00:00,22.7084,75.8815,PM2.5,10,37,29
India,Madhya Pradesh,Indore,"Residency Area, Indore - IMC",16-08-2026 10:00:00,22.7084,75.8815,PM10,12,44,33
India,Madhya Pradesh,Indore,"Residency Area, Indore - IMC",16-08-2026 10:00:00,22.7084,75.8815,NH3,0,0,0
India,Madhya Pradesh,Jabalpur,"Marhatal, Jabalpur - MPPCB",16-08-2026 10:00:00,23.168606,79.932247,NH3,5,6,5
India,Madhya Pradesh,Jabalpur,"Gupteshwar, Jabalpur - JMC",16-08-2026 10:00:00,23.142888,79.916147,PM2.5,13,29,20
India,Madhya Pradesh,Jabalpur,"Gupteshwar, Jabalpur - JMC",16-08-2026 10:00:00,23.142888,79.916147,CO,17,21,19
India,Madhya Pradesh,Jabalpur,"Gupteshwar, Jabalpur - JMC",16-08-2026 10:00:00,23.142888,79.916147,OZONE,12,13,13
India,Jharkhand,Jorapokhar,"Tata Stadium, Jorapokhar - JSPCB",16-08-2026 10:00:00,23.707909,86.41467,NH3,3,3,3
India,Jharkhand,Jorapokhar,"Tata Stadium, Jorapokhar - JSPCB",16-08-2026 10:00:00,23.707909,86.41467,CO,38,41,39
India,Jharkhand,Jorapokhar,"Tata Stadium, Jorapokhar - JSPCB",16-08-2026 10:00:00,23.707909,86.41467,OZONE,6,15,10
India,Karnataka,Bengaluru,"Jigani, Bengaluru - KSPCB",16-08-2026 10:00:00,12.7816279,77.6299145,NH3,3,3,3
India,Karnataka,Bengaluru,"Jayanagar 5th Block, Bengaluru - KSPCB",16-08-2026 10:00:00,12.920984,77.584908,PM2.5,18,43,29
India,Karnataka,Bengaluru,"Jayanagar 5th Block, Bengaluru - KSPCB",16-08-2026 10:00:00,12.920984,77.584908,PM10,25,54,41
India,Karnataka,Bengaluru,"Peenya, Bengaluru - CPCB",16-08-2026 10:00:00,13.0270199,77.494094,NH3,2,8,5
India,Karnataka,Bengaluru,"Peenya, Bengaluru - CPCB",16-08-2026 10:00:00,13.0270199,77.494094,SO2,5,13,9
India,Karnataka,Bengaluru,"Peenya, Bengaluru - CPCB",16-08-2026 10:00:00,13.0270199,77.494094,CO,28,33,31
India,Karnataka,Bengaluru,"Shivapura_Peenya, Bengaluru - KSPCB",16-08-2026 10:00:00,13.0246342,77.5080115,CO,12,15,13
India,Karnataka,Bengaluru,"Kasturi Nagar, Bengaluru - KSPCB",16-08-2026 10:00:00,13.003872,77.664217,PM10,74,76,75
India,Karnataka,Bengaluru,"Kasturi Nagar, Bengaluru - KSPCB",16-08-2026 10:00:00,13.003872,77.664217,SO2,13,13,13
India,Karnataka,Bengaluru,"Kasturi Nagar, Bengaluru - KSPCB",16-08-2026 10:00:00,13.003872,77.664217,OZONE,22,23,22
India,Madhya Pradesh,Jabalpur,"Govindh Bhavan Colony, Jabalpur - JMC",16-08-2026 10:00:00,23.163174,79.973061,OZONE,18,22,20
India,Madhya Pradesh,Katni,"Gole Bazar, Katni - MPPCB",16-08-2026 10:00:00,23.50016,80.23284,CO,18,28,23
India,Madhya Pradesh,Mandideep,"Sector-D Industrial Area, Mandideep - MPPCB",16-08-2026 10:00:00,23.10844,77.511428,SO2,2,7,5
India,Madhya Pradesh,Mandideep,"Sector-D Industrial Area, Mandideep - MPPCB",16-08-2026 10:00:00,23.10844,77.511428,CO,14,20,17
India,Madhya Pradesh,Ratlam,"Shasthri Nagar, Ratlam - IPCA Lab",16-08-2026 10:00:00,23.331731,75.045981,PM2.5,5,63,32
India,Madhya Pradesh,Ratlam,"Shasthri Nagar, Ratlam - IPCA Lab",16-08-2026 10:00:00,23.331731,75.045981,NO2,0,6,3
India,Madhya Pradesh,Sagar,"Civil Lines, Sagar - MPPCB",16-08-2026 10:00:00,23.838586,78.759431,PM10,12,43,23
India,Madhya Pradesh,Sagar,"Civil Lines, Sagar - MPPCB",16-08-2026 10:00:00,23.838586,78.759431,NO2,4,15,9
India,Madhya Pradesh,Satna,"Bandhavgar Colony, Satna - Birla Cement",16-08-2026 10:00:00,24.58434363,80.8549414,PM2.5,49,51,50
India,Madhya Pradesh,Satna,"Bandhavgar Colony, Satna - Birla Cement",16-08-2026 10:00:00,24.58434363,80.8549414,NO2,12,13,12
India,Maharashtra,Jalgaon,"Prabhat Colony, Jalgaon - MPCB",16-08-2026 10:00:00,21.001264,75.565602,SO2,3,5,4
India,Maharashtra,Jalna,"Old MIDC, Jalna - MPCB",16-08-2026 10:00:00,19.854616,75.905894,PM2.5,9,38,24
India,Maharashtra,Jalna,"Old MIDC, Jalna - MPCB",16-08-2026 10:00:00,19.854616,75.905894,PM10,12,53,33
India,Maharashtra,Kalyan,"Pimpleshwar Mandir, Kalyan - MPCB",16-08-2026 10:00:00,19.192056,72.9585188,OZONE,10,12,11
India,Maharashtra,Kolhapur,"Shivaji University, Kolhapur - MPCB",16-08-2026 10:00:00,16.6870449,74.2505872,NH3,3,4,3
India,Maharashtra,Kolhapur,"Shivaji University, Kolhapur - MPCB",16-08-2026 10:00:00,16.6870449,74.2505872,CO,8,19,14
India,Maharashtra,Latur,"Sawe Wadi, Latur - MPCB",16-08-2026 10:00:00,18.39963,76.57452,PM2.5,13,94,37
India,Maharashtra,Latur,"Sawe Wadi, Latur - MPCB",16-08-2026 10:00:00,18.39963,76.57452,SO2,3,6,5
India,Maharashtra,Mahad,"Kamble Tarf Birwadi, Mahad - MPCB",16-08-2026 10:00:00,18.1023399,73.4783687,NO2,4,31,11
India,Maharashtra,Mahad,"Kamble Tarf Birwadi, Mahad - MPCB",16-08-2026 10:00:00,18.1023399,73.4783687,NH3,7,8,8
India,Kerala,Thiruvananthapuram,"Kariavattom, Thiruvananthapuram - Kerala PCB",16-08-2026 10:00:00,8.5637,76.8865,OZONE,30,30,30
India,Ladakh,Leh,"Skara Yokma, Leh - LPCC",16-08-2026 10:00:00,34.147096,77.55709,PM10,4,32,12
India,Madhya Pradesh,Bhopal,"Idgah Hills, Bhopal - MPPCB",16-08-2026 10:00:00,23.264759,77.381568,OZONE,13,19,17
India,Madhya Pradesh,Bhopal,"T T Nagar, Bhopal - MPPCB",16-08-2026 10:00:00,23.233584,77.400574,NO2,8,15,11
India,Madhya Pradesh,Bhopal,"T T Nagar, Bhopal - MPPCB",16-08-2026 10:00:00,23.233584,77.400574,SO2,20,25,22
India,Madhya Pradesh,Damoh,"Shrivastav Colony, Damoh - MPPCB",16-08-2026 10:00:00,23.81748678,79.446246,PM2.5,2,35,11
India,Madhya Pradesh,Damoh,"Shrivastav Colony, Damoh - MPPCB",16-08-2026 10:00:00,23.81748678,79.446246,OZONE,NA,NA,NA
India,Madhya Pradesh,Gwalior,"City Center, Gwalior - MPPCB",16-08-2026 10:00:00,26.203442,78.193251,PM10,25,51,37
India,Madhya Pradesh,Gwalior,"City Center, Gwalior - MPPCB",16-08-2026 10:00:00,26.203442,78.193251,NH3,2,3,3
India,Maharashtra,Chandrapur,"MIDC Khutala, Chandrapur - MPCB",16-08-2026 10:00:00,19.9775302,79.2337086,PM10,29,94,63
India,Maharashtra,Chandrapur,"MIDC Khutala, Chandrapur - MPCB",16-08-2026 10:00:00,19.9775302,79.2337086,NH3,NA,NA,NA
India,Maharashtra,Dhule,"Deopur, Dhule - MPCB",16-08-2026 10:00:00,20.918946,74.776388,PM10,24,81,49
India,Maharashtra,Dhule,"Deopur, Dhule - MPCB",16-08-2026 10:00:00,20.918946,74.776388,NH3,1,4,1
India,Maharashtra,Hingoli,"Ashta Vinayak Nagar, Hingoli - MPCB",16-08-2026 10:00:00,19.710842,77.151824,SO2,4,7,5
India,Maharashtra,Jalgaon,"Prabhat Colony, Jalgaon - MPCB",16-08-2026 10:00:00,21.001264,75.565602,PM10,29,44,37
India,Maharashtra,Sangli,"Vijay Nagar, Sangli - MPCB",16-08-2026 10:00:00,16.5038,74.3623,SO2,0,6,4
India,Maharashtra,Sangli,"Vijay Nagar, Sangli - MPCB",16-08-2026 10:00:00,16.5038,74.3623,OZONE,11,21,15
India,Maharashtra,Satara,"Koyana Nagar, Satara - MPCB",16-08-2026 10:00:00,17.696651,74.003387,PM2.5,2,88,28
India,Maharashtra,Satara,"Koyana Nagar, Satara - MPCB",16-08-2026 10:00:00,17.696651,74.003387,SO2,4,6,5
India,Maharashtra,Satara,"Koyana Nagar, Satara - MPCB",16-08-2026 10:00:00,17.696651,74.003387,CO,11,17,14
India,Maharashtra,Solapur,"Dnyaneshwar Nagar, Solapur - MPCB",16-08-2026 10:00:00,17.6336264,75.9132495,CO,4,8,6
India,Maharashtra,Solapur,"Ratandeep Housing Society, Solapur - MPCB",16-08-2026 10:00:00,17.65439,75.90649,NO2,6,24,15
India,Maharashtra,Thane,"Upvan Fort, Thane - MPCB",16-08-2026 10:00:00,19.222279,72.957979,NO2,5,32,16
India,Maharashtra,Thane,"Upvan Fort, Thane - MPCB",16-08-2026 10:00:00,19.222279,72.957979,SO2,0,5,2
India,Maharashtra,Thane,"Kasarvadavali, Thane - MPCB",16-08-2026 10:00:00,19.26777,72.97182,NH3,0,1,0
India,Maharashtra,Ulhasnagar,"Sidhi Vinayak Nagar, Ulhasnagar - MPCB",16-08-2026 10:00:00,19.235581,73.159121,PM2.5,13,53,30
India,Maharashtra,Ulhasnagar,"Sidhi Vinayak Nagar, Ulhasnagar - MPCB",16-08-2026 10:00:00,19.235581,73.159121,OZONE,0,38,6
India,Maharashtra,Ulhasnagar,"Vithalwadi, Ulhasnagar - MPCB",16-08-2026 10:00:00,19.2307571,73.155192,OZONE,10,14,11
India,Meghalaya,Byrnihat,"15th Mile-Nongthymmai, Byrnihat -Meghalaya PCB",16-08-2026 10:00:00,26.079047,91.875185,PM2.5,18,303,134
India,Meghalaya,Byrnihat,"15th Mile-Nongthymmai, Byrnihat -Meghalaya PCB",16-08-2026 10:00:00,26.079047,91.875185,NH3,0,1,0
India,Meghalaya,Byrnihat,"15th Mile-Nongthymmai, Byrnihat -Meghalaya PCB",16-08-2026 10:00:00,26.079047,91.875185,SO2,NA,NA,NA
India,Meghalaya,Shillong,"JN Stadium, Shillong - Meghalaya PCB",16-08-2026 10:00:00,25.5803419,91.8942571,NO2,2,9,4
India,Meghalaya,Shillong,"JN Stadium, Shillong - Meghalaya PCB",16-08-2026 10:00:00,25.5803419,91.8942571,CO,10,26,16
India,Odisha,Cuttack,"CDA Area, Cuttack - OSPCB",16-08-2026 10:00:00,20.48891,85.84768,OZONE,14,26,20
India,Odisha,Keonjhar,"Jagamohanpur, Keonjhar - OSPCB",16-08-2026 10:00:00,21.6439,85.599355,PM10,22,30,26
India,Odisha,Keonjhar,"Jagamohanpur, Keonjhar - OSPCB",16-08-2026 10:00:00,21.6439,85.599355,NH3,2,3,2
India,Odisha,Rairangpur,"Divisional Forest Office, Rairangpur - OSPCB",16-08-2026 10:00:00,22.265816,86.174829,SO2,9,14,12
India,Odisha,Rairangpur,"Divisional Forest Office, Rairangpur - OSPCB",16-08-2026 10:00:00,22.265816,86.174829,CO,16,34,22
India,Odisha,Rourkela,"Sector-2, Rourkela - OSPCB",16-08-2026 10:00:00,22.245,84.88111111,OZONE,NA,NA,NA
India,Odisha,Rourkela,"Raghunathpali, Rourkela - OSPCB",16-08-2026 10:00:00,22.220833,84.809444,SO2,4,6,5
India,Odisha,Rourkela,"Fertilizer Township, Rourkela - OSPCB",16-08-2026 10:00:00,22.18972222,84.86277778,PM10,28,34,30
India,Odisha,Rourkela,"Fertilizer Township, Rourkela - OSPCB",16-08-2026 10:00:00,22.18972222,84.86277778,NO2,NA,NA,NA
India,Odisha,Tensa,"Barsua Iron Ore Mines, Tensa - OSPCB",16-08-2026 10:00:00,21.869985,85.167016,PM2.5,9,10,10
India,Odisha,Tensa,"Barsua Iron Ore Mines, Tensa - OSPCB",16-08-2026 10:00:00,21.869985,85.167016,CO,29,34,31
India,Puducherry,Puducherry,"Jawahar Nagar, Puducherry - PPCC",16-08-2026 10:00:00,11.9309,79.8027,PM2.5,10,37,20
India,Punjab,Amritsar,"Golden Temple, Amritsar - PPCB",16-08-2026 10:00:00,31.62,74.876512,PM2.5,62,87,72
India,Punjab,Amritsar,"Golden Temple, Amritsar - PPCB",16-08-2026 10:00:00,31.62,74.876512,PM10,64,90,75
India,Punjab,Jalandhar,"Civil Line, Jalandhar - PPCB",16-08-2026 10:00:00,31.321907,75.578914,NO2,33,38,35
India,Punjab,Khanna,"Kalal Majra, Khanna - PPCB",16-08-2026 10:00:00,30.736056,76.209694,PM2.5,43,51,45
India,Maharashtra,Pimpri-Chinchwad,"Transport Nagar-Nigdi, Pune - IITM",16-08-2026 10:00:00,18.664282,73.763966,NH3,NA,NA,NA
India,Maharashtra,Pimpri-Chinchwad,"Transport Nagar-Nigdi, Pune - IITM",16-08-2026 10:00:00,18.664282,73.763966,SO2,NA,NA,NA
India,Maharashtra,Pimpri-Chinchwad,"Park Street Wakad, Pimpri Chinchwad - MPCB",16-08-2026 10:00:00,18.59051,73.77946,OZONE,5,17,12
India,Maharashtra,Pimpri-Chinchwad,"Savta Mali Nagar, Pimpri-Chinchwad - IITM",16-08-2026 10:00:00,18.614767,73.799516,PM2.5,16,44,25
India,Maharashtra,Pimpri-Chinchwad,"Savta Mali Nagar, Pimpri-Chinchwad - IITM",16-08-2026 10:00:00,18.614767,73.799516,NO2,12,28,17
India,Maharashtra,Pimpri-Chinchwad,"Savta Mali Nagar, Pimpri-Chinchwad - IITM",16-08-2026 10:00:00,18.614767,73.799516,CO,26,38,32
India,Maharashtra,Pune,"Katraj Dairy, Pune - MPCB",16-08-2026 10:00:00,18.45445,73.854155,SO2,2,3,3
India,Maharashtra,Pune,"Hadapsar, Pune - IITM",16-08-2026 10:00:00,18.501793,73.927532,PM10,26,103,61
India,Maharashtra,Pune,"Hadapsar, Pune - IITM",16-08-2026 10:00:00,18.501793,73.927532,NO2,5,23,13
India,Maharashtra,Pune,"Hadapsar, Pune - IITM",16-08-2026 10:00:00,18.501793,73.927532,OZONE,10,17,12
India,Maharashtra,Pune,"Dhankawadi, Pune - IITM",16-08-2026 10:00:00,18.459883,73.852193,NH3,NA,NA,NA
India,Maharashtra,Pune,"Dhankawadi, Pune - IITM",16-08-2026 10:00:00,18.459883,73.852193,CO,33,39,36
India,Maharashtra,Pune,"Dhankawadi, Pune - IITM",16-08-2026 10:00:00,18.459883,73.852193,OZONE,4,11,7
India,Maharashtra,Pune,"Panchawati_Pashan, Pune - IITM",16-08-2026 10:00:00,18.536457,73.805454,NO2,6,10,7
India,Maharashtra,Pune,"Panchawati_Pashan, Pune - IITM",16-08-2026 10:00:00,18.536457,73.805454,CO,13,37,24
India,Maharashtra,Pune,"Panchawati_Pashan, Pune - IITM",16-08-2026 10:00:00,18.536457,73.805454,OZONE,1,5,3
India,Maharashtra,Sangli,"Vijay Nagar, Sangli - MPCB",16-08-2026 10:00:00,16.5038,74.3623,PM10,21,35,27
India,Maharashtra,Sangli,"Vijay Nagar, Sangli - MPCB",16-08-2026 10:00:00,16.5038,74.3623,NH3,0,2,1
India,Mizoram,Aizawl,"Sikulpuikawn, Aizawl - Mizoram PCB",16-08-2026 10:00:00,23.7176342,92.7192841,CO,3,4,3
India,Nagaland,Kohima,"PWD Junction, Kohima - NPCB",16-08-2026 10:00:00,25.6635413,94.0989878,PM2.5,3,69,29
India,Nagaland,Kohima,"PWD Junction, Kohima - NPCB",16-08-2026 10:00:00,25.6635413,94.0989878,OZONE,NA,NA,NA
India,Odisha,Angul,"Hakimapada, Angul - OSPCB",16-08-2026 10:00:00,20.832874,85.104082,SO2,16,19,18
India,Odisha,Angul,"Hakimapada, Angul - OSPCB",16-08-2026 10:00:00,20.832874,85.104082,CO,103,104,103
India,Odisha,Balasore,"Kalidaspur, Balasore - OSPCB",16-08-2026 10:00:00,21.51161,86.89088,NO2,1,8,4
India,Odisha,Barbil,"Forest Office, Barbil - OSPCB",16-08-2026 10:00:00,22.1166054,85.3945546,NH3,1,2,2
India,Odisha,Baripada,"Meher Colony, Baripada - OSPCB",16-08-2026 10:00:00,21.941841,86.728318,NO2,NA,NA,NA
India,Odisha,Baripada,"Meher Colony, Baripada - OSPCB",16-08-2026 10:00:00,21.941841,86.728318,NH3,NA,NA,NA
India,Odisha,Bhubaneswar,"Lingraj Mandir, Bhubaneswar - OSPCB",16-08-2026 10:00:00,20.24079,85.836784,OZONE,25,26,25
India,Odisha,Brajrajnagar,"GM Office, Brajrajnagar - OSPCB",16-08-2026 10:00:00,21.8004996,83.8396977,PM2.5,3,28,15
India,Odisha,Byasanagar,"Ferro Chrome Colony, Byasanagar - OSPCB",16-08-2026 10:00:00,20.94185,86.1151,NO2,7,24,13
India,Odisha,Byasanagar,"Ferro Chrome Colony, Byasanagar - OSPCB",16-08-2026 10:00:00,20.94185,86.1151,SO2,5,14,8
India,Odisha,Cuttack,"CDA Area, Cuttack - OSPCB",16-08-2026 10:00:00,20.48891,85.84768,NO2,6,11,8
India,Maharashtra,Mumbai,"Deonar, Mumbai - IITM",16-08-2026 10:00:00,19.04946,72.923,NH3,6,7,7
India,Maharashtra,Mumbai,"Chhatrapati Shivaji Intl. Airport (T2), Mumbai - MPCB",16-08-2026 10:00:00,19.10078,72.87462,PM10,18,56,32
India,Maharashtra,Nagpur,"Mahal, Nagpur - MPCB",16-08-2026 10:00:00,21.14472,79.107595,SO2,2,11,5
India,Maharashtra,Nagpur,"Ram Nagar, Nagpur - MPCB",16-08-2026 10:00:00,21.143383,79.048912,NO2,3,5,4
India,Maharashtra,Nagpur,"Ram Nagar, Nagpur - MPCB",16-08-2026 10:00:00,21.143383,79.048912,SO2,11,15,13
India,Maharashtra,Nagpur,"Opp GPO Civil Lines, Nagpur - MPCB",16-08-2026 10:00:00,21.152875,79.0517531,NH3,5,5,5
India,Maharashtra,Nagpur,"Opp GPO Civil Lines, Nagpur - MPCB",16-08-2026 10:00:00,21.152875,79.0517531,OZONE,7,9,8
India,Maharashtra,Nagpur,"Ambazari, Nagpur - MPCB",16-08-2026 10:00:00,21.121801,79.04952,PM2.5,13,34,22
India,Maharashtra,Nanded,"Sneh Nagar, Nanded - MPCB",16-08-2026 10:00:00,19.173852,77.296291,PM2.5,16,36,26
India,Maharashtra,Nanded,"Sneh Nagar, Nanded - MPCB",16-08-2026 10:00:00,19.173852,77.296291,SO2,4,4,4
India,Maharashtra,Nanded,"Sneh Nagar, Nanded - MPCB",16-08-2026 10:00:00,19.173852,77.296291,OZONE,11,22,15
India,Maharashtra,Nashik,"Pandav Nagari, Nashik - MPCB",16-08-2026 10:00:00,19.9591346,73.7788008,PM2.5,8,32,17
India,Maharashtra,Nashik,"Pandav Nagari, Nashik - MPCB",16-08-2026 10:00:00,19.9591346,73.7788008,CO,7,15,10
India,Maharashtra,Nashik,"Hirawadi, Nashik - MPCB",16-08-2026 10:00:00,20.021503,73.813844,PM10,25,48,36
India,Maharashtra,Nashik,"Hirawadi, Nashik - MPCB",16-08-2026 10:00:00,20.021503,73.813844,NH3,2,2,2
India,Maharashtra,Malegaon,"Mahesh Nagar, Malegaon - MPCB",16-08-2026 10:00:00,20.555712,74.529236,NH3,NA,NA,NA
India,Maharashtra,Mira-Bhayandar,"Bhayandar West, Mira-Bhayandar - MPCB",16-08-2026 10:00:00,19.296481,72.840923,CO,14,16,15
India,Maharashtra,Mumbai,"Shivaji Nagar, Mumbai - BMC",16-08-2026 10:00:00,19.060498,72.923356,SO2,0,11,6
India,Maharashtra,Mumbai,"Borivali East, Mumbai - MPCB",16-08-2026 10:00:00,19.2243333,72.8658113,PM2.5,9,36,19
India,Maharashtra,Mumbai,"Borivali East, Mumbai - MPCB",16-08-2026 10:00:00,19.2243333,72.8658113,NH3,2,2,2
India,Maharashtra,Mumbai,"Borivali East, Mumbai - MPCB",16-08-2026 10:00:00,19.2243333,72.8658113,CO,9,10,10
India,Maharashtra,Mumbai,"Siddharth Nagar-Worli, Mumbai - IITM",16-08-2026 10:00:00,19.000083,72.813993,SO2,NA,NA,NA
India,Maharashtra,Mumbai,"Bandra Kurla Complex, Mumbai - MPCB",16-08-2026 10:00:00,19.065931,72.862131,NH3,7,7,7
India,Maharashtra,Mumbai,"Bandra Kurla Complex, Mumbai - MPCB",16-08-2026 10:00:00,19.065931,72.862131,OZONE,6,10,9
India,Maharashtra,Mumbai,"Kherwadi_Bandra East, Mumbai - MPCB",16-08-2026 10:00:00,19.0632143,72.8456324,CO,28,31,30
India,Maharashtra,Mumbai,"Byculla, Mumbai - BMC",16-08-2026 10:00:00,18.9767,72.838,PM2.5,14,27,21
India,Maharashtra,Mumbai,"Byculla, Mumbai - BMC",16-08-2026 10:00:00,18.9767,72.838,NO2,7,29,15
India,Maharashtra,Mumbai,"Byculla, Mumbai - BMC",16-08-2026 10:00:00,18.9767,72.838,NH3,1,5,2
India,Maharashtra,Mumbai,"Mulund West, Mumbai - MPCB",16-08-2026 10:00:00,19.175,72.9419,SO2,NA,NA,NA
India,Maharashtra,Mumbai,"Mulund West, Mumbai - MPCB",16-08-2026 10:00:00,19.175,72.9419,CO,NA,NA,NA
India,Maharashtra,Nashik,"MIDC Ambad, Nashik - MPCB",16-08-2026 10:00:00,19.95022,73.73148,OZONE,9,16,12
India,Maharashtra,Navi Mumbai,"Kopripada-Vashi, Navi Mumbai - MPCB",16-08-2026 10:00:00,19.090337,73.014232,CO,19,41,30
India,Maharashtra,Navi Mumbai,"Tondare-Taloja, Navi Mumbai - MPCB",16-08-2026 10:00:00,19.063,73.1209,SO2,1,9,4
India,Maharashtra,Navi Mumbai,"Sanpada, Navi Mumbai - MPCB",16-08-2026 10:00:00,19.0575752,73.0151367,PM2.5,7,35,17
India,Maharashtra,Navi Mumbai,"Sanpada, Navi Mumbai - MPCB",16-08-2026 10:00:00,19.0575752,73.0151367,PM10,10,43,27
India,Maharashtra,Navi Mumbai,"Sector-2E Kalamboli, Navi Mumbai - MPCB",16-08-2026 10:00:00,19.02579,73.10297,PM2.5,8,32,23
India,Maharashtra,Navi Mumbai,"Sector-2E Kalamboli, Navi Mumbai - MPCB",16-08-2026 10:00:00,19.02579,73.10297,CO,14,18,16
India,Maharashtra,Navi Mumbai,"Mahape, Navi Mumbai - MPCB",16-08-2026 10:00:00,19.1135051,73.008978,OZONE,9,10,10
India,Maharashtra,Navi Mumbai,"Nerul, Navi Mumbai - MPCB",16-08-2026 10:00:00,19.008751,73.01662,PM2.5,4,34,22
India,Maharashtra,Parbhani,"Masoom Colony, Parbhani - MPCB",16-08-2026 10:00:00,19.265594,76.761463,PM2.5,5,28,12
India,Maharashtra,Parbhani,"Masoom Colony, Parbhani - MPCB",16-08-2026 10:00:00,19.265594,76.761463,CO,8,16,12
India,Maharashtra,Parbhani,"Masoom Colony, Parbhani - MPCB",16-08-2026 10:00:00,19.265594,76.761463,OZONE,20,23,21
India,Maharashtra,Pimpri-Chinchwad,"Thergaon, Pimpri Chinchwad - MPCB",16-08-2026 10:00:00,18.616318,73.765797,NH3,NA,NA,NA
India,Punjab,Khanna,"Kalal Majra, Khanna - PPCB",16-08-2026 10:00:00,30.736056,76.209694,CO,44,47,46
India,Punjab,Ludhiana,"Punjab Agricultural University, Ludhiana - PPCB",16-08-2026 10:00:00,30.9028,75.8086,PM10,50,177,94
India,Punjab,Ludhiana,"Punjab Agricultural University, Ludhiana - PPCB",16-08-2026 10:00:00,30.9028,75.8086,NO2,28,37,33
India,Punjab,Mandi Gobindgarh,"RIMT University, Mandi Gobindgarh - PPCB",16-08-2026 10:00:00,30.649961,76.331442,CO,63,63,63
India,Punjab,Patiala,"Model Town, Patiala - PPCB",16-08-2026 10:00:00,30.349388,76.366642,CO,31,49,37
India,Rajasthan,Ajmer,"Civil Lines,  Ajmer - RSPCB",16-08-2026 10:00:00,26.470859,74.646594,PM2.5,21,90,47
India,Rajasthan,Alwar,"Moti Doongri, Alwar - RSPCB",16-08-2026 10:00:00,27.554793,76.611536,PM10,86,112,98
India,Rajasthan,Alwar,"Moti Doongri, Alwar - RSPCB",16-08-2026 10:00:00,27.554793,76.611536,NH3,6,8,7
India,Rajasthan,Alwar,"Moti Doongri, Alwar - RSPCB",16-08-2026 10:00:00,27.554793,76.611536,SO2,31,42,37
India,Rajasthan,Banswara,"Rati Talai, Banswara - RSPCB",16-08-2026 10:00:00,23.55519,74.44001,NH3,1,4,2
India,Rajasthan,Barmer,"Railway Colony, Barmer - RSPCB",16-08-2026 10:00:00,25.747299,71.393989,PM2.5,12,45,28
India,Rajasthan,Barmer,"Railway Colony, Barmer - RSPCB",16-08-2026 10:00:00,25.747299,71.393989,NO2,2,11,6
India,Maharashtra,Mumbai,"Chembur, Mumbai - MPCB",16-08-2026 10:00:00,19.0364585,72.8954371,OZONE,NA,NA,NA
India,Maharashtra,Mumbai,"Kandivali West, Mumbai - BMC",16-08-2026 10:00:00,19.215859,72.831718,OZONE,5,8,6
India,Maharashtra,Mumbai,"Sewri, Mumbai - BMC",16-08-2026 10:00:00,19.000084,72.85673,PM10,39,41,40
India,Maharashtra,Mumbai,"Sewri, Mumbai - BMC",16-08-2026 10:00:00,19.000084,72.85673,NO2,NA,NA,NA
India,Maharashtra,Mumbai,"Sewri, Mumbai - BMC",16-08-2026 10:00:00,19.000084,72.85673,NH3,2,6,3
India,Maharashtra,Mumbai,"Sewri, Mumbai - BMC",16-08-2026 10:00:00,19.000084,72.85673,CO,16,17,16
India,Maharashtra,Mumbai,"Khindipada-Bhandup West, Mumbai - IITM",16-08-2026 10:00:00,19.1653323,72.922099,NH3,1,2,2
India,Maharashtra,Mumbai,"Malad West, Mumbai - IITM",16-08-2026 10:00:00,19.19709,72.82204,SO2,1,9,7
India,Maharashtra,Mumbai,"Borivali East, Mumbai - IITM",16-08-2026 10:00:00,19.23241,72.86895,SO2,NA,NA,NA
India,Maharashtra,Mumbai,"Mazgaon, Mumbai - IITM",16-08-2026 10:00:00,18.96702,72.84214,OZONE,18,24,21
India,Maharashtra,Mumbai,"Kurla, Mumbai - MPCB",16-08-2026 10:00:00,19.0863,72.8888,NO2,9,9,9
India,Maharashtra,Mumbai,"Kurla, Mumbai - MPCB",16-08-2026 10:00:00,19.0863,72.8888,SO2,29,29,29
India,Maharashtra,Mumbai,"Kurla, Mumbai - MPCB",16-08-2026 10:00:00,19.0863,72.8888,CO,25,25,25
India,Maharashtra,Mumbai,"Ghatkopar, Mumbai - BMC",16-08-2026 10:00:00,19.083694,72.920967,PM2.5,10,34,21
India,Telangana,Hyderabad,"Central University, Hyderabad - TSPCB",16-08-2026 10:00:00,17.460103,78.334361,PM2.5,3,28,16
India,Telangana,Hyderabad,"IITH Kandi, Hyderabad - TSPCB",16-08-2026 10:00:00,17.585705,78.126199,PM10,43,65,54
India,Telangana,Hyderabad,"Nacharam_TSIIC IALA, Hyderabad - TSPCB",16-08-2026 10:00:00,17.429398,78.569354,PM10,59,84,69
India,Telangana,Hyderabad,"Nacharam_TSIIC IALA, Hyderabad - TSPCB",16-08-2026 10:00:00,17.429398,78.569354,SO2,10,20,13
India,Telangana,Hyderabad,"New Malakpet, Hyderabad - TSPCB",16-08-2026 10:00:00,17.37206,78.50864,PM2.5,29,83,51
India,Telangana,Hyderabad,"New Malakpet, Hyderabad - TSPCB",16-08-2026 10:00:00,17.37206,78.50864,NO2,11,15,13
India,Telangana,Hyderabad,"New Malakpet, Hyderabad - TSPCB",16-08-2026 10:00:00,17.37206,78.50864,NH3,2,4,3
India,Telangana,Hyderabad,"Kokapet, Hyderabad - TSPCB",16-08-2026 10:00:00,17.393559,78.339194,PM2.5,31,50,40
India,Telangana,Hyderabad,"Kokapet, Hyderabad - TSPCB",16-08-2026 10:00:00,17.393559,78.339194,SO2,5,11,8
India,Telangana,Hyderabad,"ECIL Kapra, Hyderabad - TSPCB",16-08-2026 10:00:00,17.470431,78.566959,NO2,2,12,7
India,Telangana,Hyderabad,"ECIL Kapra, Hyderabad - TSPCB",16-08-2026 10:00:00,17.470431,78.566959,SO2,5,16,8
India,Telangana,Hyderabad,"Ramachandrapuram, Hyderabad - TSPCB",16-08-2026 10:00:00,17.528544,78.286195,NO2,10,14,12
India,Telangana,Hyderabad,"Kompally Municipal Office, Hyderabad - TSPCB",16-08-2026 10:00:00,17.544899,78.486949,PM10,59,69,63
India,Telangana,Hyderabad,"Kompally Municipal Office, Hyderabad - TSPCB",16-08-2026 10:00:00,17.544899,78.486949,SO2,4,10,6
India,Telangana,Hyderabad,"Kompally Municipal Office, Hyderabad - TSPCB",16-08-2026 10:00:00,17.544899,78.486949,OZONE,10,10,10
India,Telangana,Hyderabad,"Somajiguda, Hyderabad - TSPCB",16-08-2026 10:00:00,17.417094,78.457437,NH3,4,4,4
India,Telangana,Hyderabad,"Somajiguda, Hyderabad - TSPCB",16-08-2026 10:00:00,17.417094,78.457437,SO2,9,11,10
India,Telangana,Hyderabad,"Sanathnagar, Hyderabad - TSPCB",16-08-2026 10:00:00,17.4559458,78.4332152,PM10,NA,NA,NA
India,Telangana,Hyderabad,"ICRISAT Patancheru, Hyderabad - TSPCB",16-08-2026 10:00:00,17.5184,78.278777,NO2,7,18,11
India,Telangana,Hyderabad,"ICRISAT Patancheru, Hyderabad - TSPCB",16-08-2026 10:00:00,17.5184,78.278777,OZONE,15,24,19
India,Rajasthan,Jodhpur,"Jhalamand, Jodhpur - RSPCB",16-08-2026 10:00:00,26.215415,73.070156,PM2.5,17,35,25
India,Rajasthan,Jodhpur,"Jhalamand, Jodhpur - RSPCB",16-08-2026 10:00:00,26.215415,73.070156,PM10,69,137,103
India,Rajasthan,Jodhpur,"Mandor, Jodhpur - RSPCB",16-08-2026 10:00:00,26.358805,73.047444,NH3,3,4,3
India,Rajasthan,Jodhpur,"Collectorate, Jodhpur - RSPCB",16-08-2026 10:00:00,26.268249,73.0193853,PM10,55,94,75
India,Rajasthan,Jodhpur,"Samrat Ashok Udhyan, Jodhpur - RSPCB",16-08-2026 10:00:00,26.253384,72.976571,SO2,3,6,3
India,Rajasthan,Jodhpur,"Samrat Ashok Udhyan, Jodhpur - RSPCB",16-08-2026 10:00:00,26.253384,72.976571,OZONE,9,18,14
India,Rajasthan,Karauli,"Satyawati Vihar, Karauli - RSPCB",16-08-2026 10:00:00,26.506177,77.025989,NO2,32,53,42
India,Rajasthan,Karauli,"Satyawati Vihar, Karauli - RSPCB",16-08-2026 10:00:00,26.506177,77.025989,CO,2,13,6
India,Rajasthan,Khairthal,"New Anaj Mandi, Khairthal - RSPCB",16-08-2026 10:00:00,27.8015617,76.6365217,PM10,48,124,97
India,Rajasthan,Khairthal,"New Anaj Mandi, Khairthal - RSPCB",16-08-2026 10:00:00,27.8015617,76.6365217,NH3,2,17,5
India,Rajasthan,Khairthal,"New Anaj Mandi, Khairthal - RSPCB",16-08-2026 10:00:00,27.8015617,76.6365217,CO,31,48,38
India,Rajasthan,Khairthal,"New Anaj Mandi, Khairthal - RSPCB",16-08-2026 10:00:00,27.8015617,76.6365217,OZONE,25,30,28
India,Rajasthan,Kota,"Dhanmandi, Kota - RSPCB",16-08-2026 10:00:00,25.16409,75.858137,NH3,2,3,2
India,Rajasthan,Kota,"Shrinath Puram, Kota - RSPCB",16-08-2026 10:00:00,25.14389,75.821256,PM10,50,98,65
India,Rajasthan,Kota,"Shrinath Puram, Kota - RSPCB",16-08-2026 10:00:00,25.14389,75.821256,NH3,2,8,5
India,Rajasthan,Jaipur,"RIICO Sitapura, Jaipur - RSPCB",16-08-2026 10:00:00,26.786682,75.827928,PM2.5,25,85,54
India,Rajasthan,Jaipur,"RIICO Sitapura, Jaipur - RSPCB",16-08-2026 10:00:00,26.786682,75.827928,NH3,3,4,3
India,Rajasthan,Jaipur,"RIICO Sitapura, Jaipur - RSPCB",16-08-2026 10:00:00,26.786682,75.827928,SO2,4,9,6
India,Rajasthan,Jaipur,"RIICO Sitapura, Jaipur - RSPCB",16-08-2026 10:00:00,26.786682,75.827928,OZONE,23,35,29
India,Rajasthan,Jaipur,"Shastri Nagar, Jaipur - RSPCB",16-08-2026 10:00:00,26.9502929,75.730943,NH3,7,15,9
India,Rajasthan,Jaipur,"Shastri Nagar, Jaipur - RSPCB",16-08-2026 10:00:00,26.9502929,75.730943,OZONE,8,11,9
India,Rajasthan,Jaipur,"Adarsh Nagar, Jaipur - RSPCB",16-08-2026 10:00:00,26.902909,75.836858,NH3,8,20,10
India,Rajasthan,Jaipur,"Adarsh Nagar, Jaipur - RSPCB",16-08-2026 10:00:00,26.902909,75.836858,CO,12,30,22
India,Rajasthan,Jaisalmer,"Sadar Bazar, Jaisalmer - RSPCB",16-08-2026 10:00:00,26.912329,70.909168,PM2.5,20,43,33
India,Rajasthan,Jaisalmer,"Sadar Bazar, Jaisalmer - RSPCB",16-08-2026 10:00:00,26.912329,70.909168,OZONE,9,19,13
India,Rajasthan,Jhalawar,"Rajlaxmi Nagar, Jhalawar - RSPCB",16-08-2026 10:00:00,24.588397,76.172782,PM2.5,10,78,40
India,Rajasthan,Jhalawar,"Rajlaxmi Nagar, Jhalawar - RSPCB",16-08-2026 10:00:00,24.588397,76.172782,OZONE,15,27,21
India,Rajasthan,Jhunjhunu,"Indra Nagar, Jhunjhunu - RSPCB",16-08-2026 10:00:00,28.108988,75.386577,PM2.5,27,48,33
India,Rajasthan,Jhunjhunu,"Indra Nagar, Jhunjhunu - RSPCB",16-08-2026 10:00:00,28.108988,75.386577,PM10,56,108,76
India,Rajasthan,Jhunjhunu,"Indra Nagar, Jhunjhunu - RSPCB",16-08-2026 10:00:00,28.108988,75.386577,CO,11,14,12
India,Rajasthan,Kota,"Shrinath Puram, Kota - RSPCB",16-08-2026 10:00:00,25.14389,75.821256,OZONE,1,11,7
India,Rajasthan,Nagaur,"Karni Colony, Nagaur - RSPCB",16-08-2026 10:00:00,27.213494,73.734444,PM2.5,18,48,29
India,Rajasthan,Nagaur,"Karni Colony, Nagaur - RSPCB",16-08-2026 10:00:00,27.213494,73.734444,NO2,5,13,8
India,Rajasthan,Pali,"Indira Colony Vistar, Pali - RSPCB",16-08-2026 10:00:00,25.771061,73.340227,NH3,4,11,8
India,Rajasthan,Pali,"Indira Colony Vistar, Pali - RSPCB",16-08-2026 10:00:00,25.771061,73.340227,OZONE,10,13,11
India,Rajasthan,Pratapgarh,"Pragati Nagar, Pratapgarh - RSPCB",16-08-2026 10:00:00,24.041198,74.780702,PM2.5,40,68,54
India,Rajasthan,Sawai Madhopur,"Sahu Nagar, Sawai Madhopur - RSPCB",16-08-2026 10:00:00,26.031443,76.359327,PM2.5,4,53,27
India,Rajasthan,Sawai Madhopur,"Sahu Nagar, Sawai Madhopur - RSPCB",16-08-2026 10:00:00,26.031443,76.359327,NH3,1,5,3
India,Rajasthan,Sirohi,"Vedhaynath Colony, Sirohi - RSPCB",16-08-2026 10:00:00,24.885261,72.857549,PM2.5,18,53,33
India,Rajasthan,Sirohi,"Vedhaynath Colony, Sirohi - RSPCB",16-08-2026 10:00:00,24.885261,72.857549,PM10,50,95,68
India,Rajasthan,Sirohi,"Vedhaynath Colony, Sirohi - RSPCB",16-08-2026 10:00:00,24.885261,72.857549,NO2,2,19,6
India,Rajasthan,Sirohi,"Vedhaynath Colony, Sirohi - RSPCB",16-08-2026 10:00:00,24.885261,72.857549,NH3,3,5,4
India,Rajasthan,Sri Ganganagar,"Old City, Sri Ganganagar - RSPCB",16-08-2026 10:00:00,29.931624,73.864511,PM10,49,453,180
India,Rajasthan,Tonk,"Shastri Nagar, Tonk - RSPCB",16-08-2026 10:00:00,26.159933,75.780517,SO2,2,6,2
India,Sikkim,Gangtok,"Zero Point GICI, Gangtok - SSPCB",16-08-2026 10:00:00,27.33853,88.614099,PM2.5,9,30,23
India,Sikkim,Gangtok,"Zero Point GICI, Gangtok - SSPCB",16-08-2026 10:00:00,27.33853,88.614099,OZONE,1,2,1
India,Tamil Nadu,Chennai,"Kodungaiyur, Chennai - TNPCB",16-08-2026 10:00:00,13.1278,80.2642,PM10,33,97,57
India,Tamil Nadu,Chennai,"Kodungaiyur, Chennai - TNPCB",16-08-2026 10:00:00,13.1278,80.2642,OZONE,30,33,31
India,Tamil Nadu,Chennai,"Arumbakkam, Chennai - TNPCB",16-08-2026 10:00:00,13.0664,80.2112,NO2,10,27,16
India,Tamil Nadu,Chennai,"Arumbakkam, Chennai - TNPCB",16-08-2026 10:00:00,13.0664,80.2112,SO2,0,3,1
India,Tamil Nadu,Chennai,"Velachery Res. Area, Chennai - CPCB",16-08-2026 10:00:00,13.0052189,80.2398125,OZONE,9,11,10
India,Tamil Nadu,Chennai,"Perungudi, Chennai - TNPCB",16-08-2026 10:00:00,12.9533,80.2357,PM2.5,6,21,12
India,Tamil Nadu,Chennai,"Perungudi, Chennai - TNPCB",16-08-2026 10:00:00,12.9533,80.2357,NO2,4,11,7
India,Tamil Nadu,Chennai,"Manali Village, Chennai - TNPCB",16-08-2026 10:00:00,13.1662,80.2584,PM10,32,70,46
India,Tamil Nadu,Chennai,"Manali, Chennai - CPCB",16-08-2026 10:00:00,13.164544,80.26285,PM10,35,86,63
India,Tamil Nadu,Chennai,"Royapuram, Chennai - TNPCB",16-08-2026 10:00:00,13.1036,80.2909,PM2.5,12,55,34
India,Tamil Nadu,Chennai,"Royapuram, Chennai - TNPCB",16-08-2026 10:00:00,13.1036,80.2909,CO,23,56,34
India,Tamil Nadu,Coimbatore,"SIDCO Kurichi, Coimbatore - TNPCB",16-08-2026 10:00:00,10.942451,76.978996,NH3,1,1,1
India,Tamil Nadu,Coimbatore,"SIDCO Kurichi, Coimbatore - TNPCB",16-08-2026 10:00:00,10.942451,76.978996,OZONE,19,20,20
India,Tamil Nadu,Cuddalore,"Kudikadu, Cuddalore - TNPCB",16-08-2026 10:00:00,11.6829898,79.7532099,PM2.5,9,33,20
India,Tamil Nadu,Cuddalore,"Kudikadu, Cuddalore - TNPCB",16-08-2026 10:00:00,11.6829898,79.7532099,SO2,23,24,23
India,Tamil Nadu,Cuddalore,"Kudikadu, Cuddalore - TNPCB",16-08-2026 10:00:00,11.6829898,79.7532099,CO,NA,NA,NA
India,Tamil Nadu,Cuddalore,"Semmandalam, Cuddalore - TNPCB",16-08-2026 10:00:00,11.7637683,79.7499835,PM10,42,88,57
India,Tamil Nadu,Cuddalore,"Semmandalam, Cuddalore - TNPCB",16-08-2026 10:00:00,11.7637683,79.7499835,SO2,NA,NA,NA
India,Tamil Nadu,Cuddalore,"Semmandalam, Cuddalore - TNPCB",16-08-2026 10:00:00,11.7637683,79.7499835,CO,NA,NA,NA
India,Tamil Nadu,Gummidipoondi,"Anthoni Pillai Nagar, Gummidipoondi - TNPCB",16-08-2026 10:00:00,13.4127,80.1081,CO,NA,NA,NA
India,Tamil Nadu,Gummidipoondi,"Anthoni Pillai Nagar, Gummidipoondi - TNPCB",16-08-2026 10:00:00,13.4127,80.1081,OZONE,NA,NA,NA
India,Tamil Nadu,Thoothukudi,"Meelavittan, Thoothukudi - TNPCB",16-08-2026 10:00:00,8.816428,78.099039,PM2.5,NA,NA,NA
India,Tamil Nadu,Thoothukudi,"Meelavittan, Thoothukudi - TNPCB",16-08-2026 10:00:00,8.816428,78.099039,PM10,61,73,67
India,Tripura,Agartala,"Bardowali, Agartala - Tripura SPCB",16-08-2026 10:00:00,23.8175497,91.2726974,OZONE,1,6,3
India,Uttar Pradesh,Agra,"Sector-3B Avas Vikas Colony, Agra - UPPCB",16-08-2026 10:00:00,27.19412,77.96237,SO2,24,39,32
India,Uttar Pradesh,Agra,"Shahjahan Garden, Agra - UPPCB",16-08-2026 10:00:00,27.169338,78.03582,PM2.5,20,42,27
India,Uttar Pradesh,Agra,"Shahjahan Garden, Agra - UPPCB",16-08-2026 10:00:00,27.169338,78.03582,SO2,68,82,74
India,Uttar Pradesh,Agra,"Shahjahan Garden, Agra - UPPCB",16-08-2026 10:00:00,27.169338,78.03582,CO,22,22,22
India,Uttar Pradesh,Agra,"Manoharpur, Agra - UPPCB",16-08-2026 10:00:00,27.23711,78.01936,CO,20,20,20
India,Uttar Pradesh,Agra,"Sanjay Palace, Agra - UPPCB",16-08-2026 10:00:00,27.19865833,78.00598056,PM10,22,165,90
India,Uttar Pradesh,Agra,"Shastripuram, Agra - UPPCB",16-08-2026 10:00:00,27.19862,77.92066,CO,13,15,14
India,Uttar Pradesh,Agra,"Shastripuram, Agra - UPPCB",16-08-2026 10:00:00,27.19862,77.92066,OZONE,3,4,3
India,Uttar Pradesh,Baghpat,"Sardar Patel Inter College, Baghpat - UPPCB",16-08-2026 10:00:00,28.964949,77.278761,PM2.5,11,50,30
India,Uttar Pradesh,Baghpat,"Sardar Patel Inter College, Baghpat - UPPCB",16-08-2026 10:00:00,28.964949,77.278761,OZONE,10,24,16
India,Uttar Pradesh,Bulandshahr,"Yamunapuram, Bulandshahr - UPPCB",16-08-2026 10:00:00,28.406963,77.849831,NH3,8,16,11
India,Uttar Pradesh,Firozabad,"Nagla Bhau, Firozabad - UPPCB",16-08-2026 10:00:00,27.168897,78.37696,NO2,17,17,17
India,Uttar Pradesh,Firozabad,"Vibhab Nagar, Firozabad - UPPCB",16-08-2026 10:00:00,27.1594,78.3953,NH3,7,7,7
India,Uttar Pradesh,Gajraula,"Rajanpur, Gajraula - UPPCB",16-08-2026 10:00:00,28.829109,78.248796,CO,28,34,31
India,Uttar Pradesh,Ghaziabad,"Ved Vihar-Loni, Ghaziabad - UPPCB",16-08-2026 10:00:00,28.739153,77.273668,PM2.5,33,83,53
India,Uttar Pradesh,Ghaziabad,"Sanjay Nagar, Ghaziabad - UPPCB",16-08-2026 10:00:00,28.685382,77.453839,NH3,13,24,17
India,Uttar Pradesh,Ghaziabad,"Indirapuram, Ghaziabad - UPPCB",16-08-2026 10:00:00,28.646233,77.358075,CO,24,27,26
India,Uttar Pradesh,Ghaziabad,"Vasundhara, Ghaziabad - UPPCB",16-08-2026 10:00:00,28.6603346,77.3572563,PM2.5,3,141,42
India,Uttar Pradesh,Ghaziabad,"Vasundhara, Ghaziabad - UPPCB",16-08-2026 10:00:00,28.6603346,77.3572563,NO2,18,56,33
India,Rajasthan,Bharatpur,"Krishna Nagar, Bharatpur - RSPCB",16-08-2026 10:00:00,27.215415,77.50873,NO2,3,10,6
India,Rajasthan,Bharatpur,"Krishna Nagar, Bharatpur - RSPCB",16-08-2026 10:00:00,27.215415,77.50873,NH3,5,13,8
India,Rajasthan,Bhiwadi,"RIICO Ind. Area III, Bhiwadi - RSPCB",16-08-2026 10:00:00,28.194909,76.862296,PM2.5,33,85,60
India,Rajasthan,Bhiwadi,"Vasundhara Nagar_UIT, Bhiwadi - RSPCB",16-08-2026 10:00:00,28.207266,76.829265,NO2,4,12,7
India,Rajasthan,Bikaner,"MM Ground, Bikaner - RSPCB",16-08-2026 10:00:00,28.018792,73.292658,PM10,53,97,74
India,Rajasthan,Churu,"Subash Chowk, Churu - RSPCB",16-08-2026 10:00:00,28.296139,74.961696,SO2,3,4,4
India,Rajasthan,Churu,"Subash Chowk, Churu - RSPCB",16-08-2026 10:00:00,28.296139,74.961696,OZONE,26,32,30
India,Rajasthan,Dholpur,"Raja Ganj, Dholpur - RSPCB",16-08-2026 10:00:00,26.699557,77.898881,NO2,3,17,6
India,Rajasthan,Dungarpur,"Bhoiwada, Dungarpur - RSPCB",16-08-2026 10:00:00,23.837789,73.714926,PM2.5,38,72,55
India,Uttar Pradesh,Ghaziabad,"Govindpuram, Ghaziabad - UPPCB",16-08-2026 10:00:00,28.694528,77.494705,NH3,1,5,4
India,Uttar Pradesh,Ghaziabad,"Govindpuram, Ghaziabad - UPPCB",16-08-2026 10:00:00,28.694528,77.494705,SO2,2,4,3
India,Uttar Pradesh,Greater Noida,"Knowledge Park - V, Greater Noida - UPPCB",16-08-2026 10:00:00,28.557054,77.453663,PM2.5,19,202,50
India,Uttar Pradesh,Greater Noida,"Knowledge Park - V, Greater Noida - UPPCB",16-08-2026 10:00:00,28.557054,77.453663,NO2,13,39,23
India,Uttar Pradesh,Greater Noida,"Knowledge Park - III, Greater Noida - UPPCB",16-08-2026 10:00:00,28.47272,77.482,CO,10,13,12
India,Uttar Pradesh,Hapur,"Anand Vihar, Hapur - UPPCB",16-08-2026 10:00:00,28.725645,77.749675,NH3,9,12,10
India,Uttar Pradesh,Hapur,"Anand Vihar, Hapur - UPPCB",16-08-2026 10:00:00,28.725645,77.749675,CO,44,52,48
India,Uttar Pradesh,Jhansi,"Shivaji Nagar, Jhansi - UPPCB",16-08-2026 10:00:00,25.4547,78.6039,SO2,20,29,24
India,Uttar Pradesh,Kanpur,"FTI Kidwai Nagar, Kanpur - UPPCB",16-08-2026 10:00:00,26.428282,80.327067,PM2.5,21,347,74
India,Uttar Pradesh,Kanpur,"FTI Kidwai Nagar, Kanpur - UPPCB",16-08-2026 10:00:00,26.428282,80.327067,PM10,25,316,72
India,Uttar Pradesh,Kanpur,"FTI Kidwai Nagar, Kanpur - UPPCB",16-08-2026 10:00:00,26.428282,80.327067,SO2,18,25,22
India,Uttar Pradesh,Kanpur,"Nehru Nagar, Kanpur - UPPCB",16-08-2026 10:00:00,26.4703136,80.3229863,PM2.5,7,35,23
India,Uttar Pradesh,Khurja,"Kalindi Kunj, Khurja - UPPCB",16-08-2026 10:00:00,28.2348927,77.8683002,PM2.5,NA,NA,NA
India,Uttar Pradesh,Khurja,"Kalindi Kunj, Khurja - UPPCB",16-08-2026 10:00:00,28.2348927,77.8683002,OZONE,9,10,10
India,Uttar Pradesh,Lucknow,"Talkatora District Industries Center, Lucknow - CPCB",16-08-2026 10:00:00,26.83399722,80.8917361,NO2,14,22,16
India,Uttar Pradesh,Lucknow,"Kendriya Vidyalaya, Lucknow - CPCB",16-08-2026 10:00:00,26.906111,80.948222,NH3,8,15,11
India,Uttar Pradesh,Lucknow,"Gomti Nagar, Lucknow - UPPCB",16-08-2026 10:00:00,26.86812,81.005119,PM2.5,7,183,52
India,Uttar Pradesh,Lucknow,"Gomti Nagar, Lucknow - UPPCB",16-08-2026 10:00:00,26.86812,81.005119,CO,37,38,38
India,Uttar Pradesh,Lucknow,"Gomti Nagar, Lucknow - UPPCB",16-08-2026 10:00:00,26.86812,81.005119,OZONE,37,39,38
India,Uttar Pradesh,Lucknow,"Lalbagh, Lucknow - CPCB",16-08-2026 10:00:00,26.8458805,80.9365541,PM2.5,16,42,27
India,Uttar Pradesh,Lucknow,"Lalbagh, Lucknow - CPCB",16-08-2026 10:00:00,26.8458805,80.9365541,OZONE,14,39,26
India,Uttar Pradesh,Lucknow,"Kukrail Picnic Spot-1, Lucknow - UPPCB",16-08-2026 10:00:00,26.90723,80.98579,PM2.5,12,50,20
India,Uttar Pradesh,Meerut,"Jai Bhim Nagar, Meerut - UPPCB",16-08-2026 10:00:00,28.9535882,77.7622941,PM10,24,156,74
India,Uttar Pradesh,Meerut,"Jai Bhim Nagar, Meerut - UPPCB",16-08-2026 10:00:00,28.9535882,77.7622941,OZONE,15,42,35
India,Uttar Pradesh,Meerut,"MIET College, Meerut - UPPCB",16-08-2026 10:00:00,28.972677,77.641018,PM10,58,114,88
India,Uttar Pradesh,Meerut,"MIET College, Meerut - UPPCB",16-08-2026 10:00:00,28.972677,77.641018,SO2,3,4,3
India,Uttar Pradesh,Meerut,"Pallavpuram Phase 2, Meerut - UPPCB",16-08-2026 10:00:00,29.06351,77.709723,SO2,6,30,16
India,Uttar Pradesh,Meerut,"Ganga Nagar, Meerut - UPPCB",16-08-2026 10:00:00,28.999264,77.7590354,NH3,8,10,9
India,Uttar Pradesh,Modinagar,"SRM University, Modinagar - UPPCB",16-08-2026 10:00:00,28.798171,77.540243,PM10,34,111,84
India,Uttar Pradesh,Modinagar,"SRM University, Modinagar - UPPCB",16-08-2026 10:00:00,28.798171,77.540243,SO2,10,11,11
India,Uttar Pradesh,Modinagar,"SRM University, Modinagar - UPPCB",16-08-2026 10:00:00,28.798171,77.540243,CO,12,22,16
India,Uttar Pradesh,Moradabad,"Eco Herbal Park, Moradabad - UPPCB",16-08-2026 10:00:00,28.840739,78.697531,PM10,5,96,46
India,Uttar Pradesh,Moradabad,"Buddhi Vihar, Moradabad - UPPCB",16-08-2026 10:00:00,28.83526,78.7446,PM2.5,13,43,28
India,Uttar Pradesh,Moradabad,"Buddhi Vihar, Moradabad - UPPCB",16-08-2026 10:00:00,28.83526,78.7446,NO2,28,29,29
India,Uttar Pradesh,Moradabad,"Buddhi Vihar, Moradabad - UPPCB",16-08-2026 10:00:00,28.83526,78.7446,SO2,50,52,51
India,Uttar Pradesh,Moradabad,"Kashiram Nagar, Moradabad - UPPCB",16-08-2026 10:00:00,28.849399,78.742362,PM2.5,8,81,50
India,Uttar Pradesh,Moradabad,"Kashiram Nagar, Moradabad - UPPCB",16-08-2026 10:00:00,28.849399,78.742362,NO2,24,25,25
India,Uttar Pradesh,Moradabad,"Employment Office, Moradabad - UPPCB",16-08-2026 10:00:00,28.88528,78.7388,NH3,3,3,3
India,Uttar Pradesh,Moradabad,"Employment Office, Moradabad - UPPCB",16-08-2026 10:00:00,28.88528,78.7388,SO2,40,49,44
India,Uttar Pradesh,Moradabad,"Employment Office, Moradabad - UPPCB",16-08-2026 10:00:00,28.88528,78.7388,CO,11,12,12
India,Uttar Pradesh,Moradabad,"Employment Office, Moradabad - UPPCB",16-08-2026 10:00:00,28.88528,78.7388,OZONE,18,19,18
India,Uttar Pradesh,Muzaffarnagar,"New Mandi, Muzaffarnagar - UPPCB",16-08-2026 10:00:00,29.4723508,77.7194031,SO2,3,25,7
India,Uttar Pradesh,Muzaffarnagar,"New Mandi, Muzaffarnagar - UPPCB",16-08-2026 10:00:00,29.4723508,77.7194031,CO,26,43,36
India,Uttar Pradesh,Noida,"Sector - 125, Noida - UPPCB",16-08-2026 10:00:00,28.5447608,77.3231257,PM2.5,11,153,48
India,Uttar Pradesh,Noida,"Sector - 125, Noida - UPPCB",16-08-2026 10:00:00,28.5447608,77.3231257,OZONE,25,41,34
India,Uttar Pradesh,Noida,"Sector - 62, Noida - IITM",16-08-2026 10:00:00,28.6245479,77.3577104,PM10,33,126,74
India,Uttar Pradesh,Noida,"Sector - 62, Noida - IITM",16-08-2026 10:00:00,28.6245479,77.3577104,SO2,NA,NA,NA
India,Uttar Pradesh,Noida,"Sector-1, Noida - UPPCB",16-08-2026 10:00:00,28.5898,77.3101,SO2,7,10,8
India,Uttar Pradesh,Noida,"Sector-1, Noida - UPPCB",16-08-2026 10:00:00,28.5898,77.3101,OZONE,6,23,13
India,Uttar Pradesh,Noida,"Sector-116, Noida - UPPCB",16-08-2026 10:00:00,28.56923,77.393848,NH3,13,17,14
India,Uttar Pradesh,Prayagraj,"Motilal Nehru NIT, Prayagraj - UPPCB",16-08-2026 10:00:00,25.494,81.863,PM2.5,10,28,18
India,Uttar Pradesh,Prayagraj,"Motilal Nehru NIT, Prayagraj - UPPCB",16-08-2026 10:00:00,25.494,81.863,SO2,12,16,15
India,Uttar Pradesh,Prayagraj,"Motilal Nehru NIT, Prayagraj - UPPCB",16-08-2026 10:00:00,25.494,81.863,OZONE,13,16,15
India,Uttar Pradesh,Prayagraj,"Jhunsi, Prayagraj - UPPCB",16-08-2026 10:00:00,25.425602,81.917152,PM2.5,22,84,50
India,Uttar Pradesh,Prayagraj,"Jhunsi, Prayagraj - UPPCB",16-08-2026 10:00:00,25.425602,81.917152,NO2,5,6,6
India,Uttar Pradesh,Raebareli,"Anand Nagar, Raebareli - UPPCB",16-08-2026 10:00:00,26.219512,81.237648,NO2,6,20,9
India,Uttar Pradesh,Raebareli,"Anand Nagar, Raebareli - UPPCB",16-08-2026 10:00:00,26.219512,81.237648,CO,48,51,50
India,Uttar Pradesh,Raebareli," Indira Nagar, Raebareli - NTPC Unchahar",16-08-2026 10:00:00,26.207781,81.245571,NH3,7,12,9
India,Uttar Pradesh,Raebareli," Indira Nagar, Raebareli - NTPC Unchahar",16-08-2026 10:00:00,26.207781,81.245571,SO2,NA,NA,NA
India,Uttar Pradesh,Varanasi,"Maldahiya, Varanasi - UPPCB",16-08-2026 10:00:00,25.32393,82.99687,OZONE,4,4,4
India,Uttar Pradesh,Varanasi,"Ardhali Bazar, Varanasi - UPPCB",16-08-2026 10:00:00,25.3505986,82.9083074,CO,14,14,14
India,Uttar Pradesh,Varanasi,"Ardhali Bazar, Varanasi - UPPCB",16-08-2026 10:00:00,25.3505986,82.9083074,OZONE,7,20,15
India,Uttar Pradesh,Varanasi,"IESD Banaras Hindu University, Varanasi - UPPCB",16-08-2026 10:00:00,25.262326,82.995408,PM10,41,58,49
India,Uttar Pradesh,Varanasi,"IESD Banaras Hindu University, Varanasi - UPPCB",16-08-2026 10:00:00,25.262326,82.995408,NH3,0,0,0
India,Uttar Pradesh,Varanasi,"IESD Banaras Hindu University, Varanasi - UPPCB",16-08-2026 10:00:00,25.262326,82.995408,SO2,NA,NA,NA
India,Uttar Pradesh,Varanasi,"IESD Banaras Hindu University, Varanasi - UPPCB",16-08-2026 10:00:00,25.262326,82.995408,CO,3,3,3
India,Uttarakhand,Dehradun,"Doon University, Dehradun - UKPCB",16-08-2026 10:00:00,30.269444,78.044167,NH3,NA,NA,NA
India,Uttarakhand,Dehradun,"Doon University, Dehradun - UKPCB",16-08-2026 10:00:00,30.269444,78.044167,SO2,0,1,1
India,Uttarakhand,Kashipur,"Govt. Girls Inter College, Kashipur - UKPCB",16-08-2026 10:00:00,29.2124114,78.9611753,CO,10,17,13
India,Uttarakhand,Kashipur,"Govt. Girls Inter College, Kashipur - UKPCB",16-08-2026 10:00:00,29.2124114,78.9611753,OZONE,NA,NA,NA
India,West Bengal,Asansol,"Asansol Court Area, Asansol - WBPCB",16-08-2026 10:00:00,23.685297,86.945968,SO2,11,15,13
India,West Bengal,Asansol,"Asansol Court Area, Asansol - WBPCB",16-08-2026 10:00:00,23.685297,86.945968,CO,22,40,32
India,West Bengal,Asansol,"Evelyn Lodge, Asansol - WBPCB",16-08-2026 10:00:00,23.697936,86.944395,PM10,16,46,27
India,West Bengal,Asansol,"Evelyn Lodge, Asansol - WBPCB",16-08-2026 10:00:00,23.697936,86.944395,NO2,8,24,13
India,West Bengal,Asansol,"Evelyn Lodge, Asansol - WBPCB",16-08-2026 10:00:00,23.697936,86.944395,SO2,77,77,77
India,West Bengal,Asansol,"Evelyn Lodge, Asansol - WBPCB",16-08-2026 10:00:00,23.697936,86.944395,CO,1,5,3
India,West Bengal,Asansol,"Evelyn Lodge, Asansol - WBPCB",16-08-2026 10:00:00,23.697936,86.944395,OZONE,5,11,7
India,West Bengal,Asansol,"Mahabir Colliery, Asansol - WBPCB",16-08-2026 10:00:00,23.618183,87.105718,PM10,1,61,32
India,West Bengal,Asansol,"Trivenidevi Bhalotia College, Asansol - WBPCB",16-08-2026 10:00:00,23.616515,87.119133,PM10,11,50,23
India,West Bengal,Asansol,"Trivenidevi Bhalotia College, Asansol - WBPCB",16-08-2026 10:00:00,23.616515,87.119133,NH3,6,7,7
India,West Bengal,Durgapur,"PCBL Residential Complex, Durgapur - WBPCB",16-08-2026 10:00:00,23.508764,87.35444,SO2,11,12,11
India,West Bengal,Durgapur,"Womens College_City Center, Durgapur - WBPCB",16-08-2026 10:00:00,23.549395,87.300496,NO2,13,27,24
India,West Bengal,Durgapur,"Womens College_City Center, Durgapur - WBPCB",16-08-2026 10:00:00,23.549395,87.300496,SO2,12,12,12
India,West Bengal,Howrah,"Belur Math, Howrah - WBPCB",16-08-2026 10:00:00,22.629801,88.352017,PM2.5,11,32,20
India,West Bengal,Howrah,"Belur Math, Howrah - WBPCB",16-08-2026 10:00:00,22.629801,88.352017,PM10,18,38,28
India,West Bengal,Howrah,"Botanical Garden, Howrah - WBPCB",16-08-2026 10:00:00,22.554954,88.292568,NH3,2,2,2
India,West Bengal,Howrah,"Ghusuri, Howrah - WBPCB",16-08-2026 10:00:00,22.611968,88.347422,PM2.5,12,37,21
India,West Bengal,Howrah,"Ghusuri, Howrah - WBPCB",16-08-2026 10:00:00,22.611968,88.347422,PM10,16,44,27
India,West Bengal,Kolkata,"Bidhannagar, Kolkata - WBPCB",16-08-2026 10:00:00,22.58157048,88.41002457,CO,42,44,43
India,West Bengal,Kolkata,"Jadavpur, Kolkata - WBPCB",16-08-2026 10:00:00,22.49929,88.36917,PM10,21,43,29
India,West Bengal,Kolkata,"Rabindra Bharati University, Kolkata - WBPCB",16-08-2026 10:00:00,22.627847,88.380669,PM10,22,39,30
India,West Bengal,Kolkata,"Rabindra Bharati University, Kolkata - WBPCB",16-08-2026 10:00:00,22.627847,88.380669,NO2,0,9,4
India,West Bengal,Kolkata,"Rabindra Bharati University, Kolkata - WBPCB",16-08-2026 10:00:00,22.627847,88.380669,NH3,7,13,9
India,West Bengal,Kolkata,"Rabindra Bharati University, Kolkata - WBPCB",16-08-2026 10:00:00,22.627847,88.380669,OZONE,25,81,37
India,West Bengal,Kolkata,"Fort William, Kolkata - WBPCB",16-08-2026 10:00:00,22.55664,88.342674,PM2.5,11,39,23
India,West Bengal,Kolkata,"Fort William, Kolkata - WBPCB",16-08-2026 10:00:00,22.55664,88.342674,CO,1,3,1
India,West Bengal,Kolkata,"Ballygunge, Kolkata - WBPCB",16-08-2026 10:00:00,22.5367507,88.3638022,NO2,14,41,21
India,West Bengal,Kolkata,"Ballygunge, Kolkata - WBPCB",16-08-2026 10:00:00,22.5367507,88.3638022,SO2,4,8,7
India,West Bengal,Kolkata,"Victoria, Kolkata - WBPCB",16-08-2026 10:00:00,22.5448082,88.3403691,PM2.5,64,74,69
India,West Bengal,Kolkata,"Victoria, Kolkata - WBPCB",16-08-2026 10:00:00,22.5448082,88.3403691,CO,30,41,35
India,West Bengal,Siliguri,"Ward-32 Bapupara, Siliguri - WBPCB",16-08-2026 10:00:00,26.6879226,88.4152495,PM10,29,52,39
