country,state,city,station,last_update,latitude,longitude,pollutant_id,min_value,max_value,avg_value
India,Andhra Pradesh,Guntur,"Rajendra Nagar North, Guntur - APPCB",07-09-2026 15:00:00,16.316553,80.413302,CO,16,34,26
India,Andhra Pradesh,Kakinada,"Rama Rao Peta, Kakinada - APPCB",07-09-2026 15:00:00,16.962488,82.229513,PM2.5,9,52,26
India,Andhra Pradesh,Kakinada,"Rama Rao Peta, Kakinada - APPCB",07-09-2026 15:00:00,16.962488,82.229513,NO2,33,60,44
India,Andhra Pradesh,Kakinada,"Rama Rao Peta, Kakinada - APPCB",07-09-2026 15:00:00,16.962488,82.229513,SO2,10,18,12
India,Andhra Pradesh,Kakinada,"Rama Rao Peta, Kakinada - APPCB",07-09-2026 15:00:00,16.962488,82.229513,OZONE,12,65,45
India,Andhra Pradesh,Kurnool,"Sita Rama Nagar, Kurnool - APPCB",07-09-2026 15:00:00,15.83411,78.028546,PM10,28,102,46
India,Andhra Pradesh,Kurnool,"Sita Rama Nagar, Kurnool - APPCB",07-09-2026 15:00:00,15.83411,78.028546,SO2,10,22,12
India,Andhra Pradesh,Machilipatnam,"Srinivas Nagar Colony, Machilipatnam - APPCB",07-09-2026 15:00:00,16.186555,81.13219,PM2.5,57,66,64
India,Andhra Pradesh,Machilipatnam,"Srinivas Nagar Colony, Machilipatnam - APPCB",07-09-2026 15:00:00,16.186555,81.13219,SO2,13,26,22
India,Andhra Pradesh,Machilipatnam,"Srinivas Nagar Colony, Machilipatnam - APPCB",07-09-2026 15:00:00,16.186555,81.13219,OZONE,21,30,23
India,Andhra Pradesh,Rajamahendravaram,"Anand Kala Kshetram, Rajamahendravaram - APPCB",07-09-2026 15:00:00,16.9872867,81.7363176,NH3,2,3,3
India,Andhra Pradesh,Rajamahendravaram,"Anand Kala Kshetram, Rajamahendravaram - APPCB",07-09-2026 15:00:00,16.9872867,81.7363176,CO,17,25,21
India,Andhra Pradesh,Tirumala,"Toll Gate, Tirumala - APPCB",07-09-2026 15:00:00,13.67,79.35,PM2.5,15,100,33
India,Andhra Pradesh,Tirupati,"Vaikuntapuram, Tirupati - APPCB",07-09-2026 15:00:00,13.615387,79.40923,SO2,NA,NA,NA
India,Andhra Pradesh,Tirupati,"Vaikuntapuram, Tirupati - APPCB",07-09-2026 15:00:00,13.615387,79.40923,CO,25,28,27
India,Andhra Pradesh,Vijayawada,"Rajiv Nagar, Vijayawada - APPCB",07-09-2026 15:00:00,16.554731,80.64911,PM2.5,51,71,55
India,Andhra Pradesh,Vijayawada,"Rajiv Nagar, Vijayawada - APPCB",07-09-2026 15:00:00,16.554731,80.64911,SO2,12,18,17
India,Andhra Pradesh,Vijayawada,"HB Colony, Vijayawada - APPCB",07-09-2026 15:00:00,16.536107,80.594233,NH3,NA,NA,NA
India,Andhra Pradesh,Visakhapatnam,"GVM Corporation, Visakhapatnam - APPCB",07-09-2026 15:00:00,17.72,83.3,SO2,12,115,34
India,Assam,Silchar,"Tarapur, Silchar - PCBA",07-09-2026 15:00:00,24.82827,92.79525,OZONE,5,10,7
India,Assam,Sivasagar,"Girls College, Sivasagar - PCBA",07-09-2026 15:00:00,26.987634,94.636574,CO,9,17,12
India,Bihar,Araria,"Kharahiya Basti, Araria - BSPCB",07-09-2026 15:00:00,26.146529,87.454184,PM2.5,18,97,52
India,Bihar,Araria,"Kharahiya Basti, Araria - BSPCB",07-09-2026 15:00:00,26.146529,87.454184,PM10,21,108,61
India,Bihar,Araria,"Kharahiya Basti, Araria - BSPCB",07-09-2026 15:00:00,26.146529,87.454184,NH3,3,5,5
India,Bihar,Arrah,"New DM Office, Arrah - BSPCB",07-09-2026 15:00:00,25.5626095,84.663264,PM2.5,NA,NA,NA
India,Bihar,Arrah,"New DM Office, Arrah - BSPCB",07-09-2026 15:00:00,25.5626095,84.663264,PM10,NA,NA,NA
India,Bihar,Arrah,"New DM Office, Arrah - BSPCB",07-09-2026 15:00:00,25.5626095,84.663264,NO2,5,9,7
India,Bihar,Arrah,"New DM Office, Arrah - BSPCB",07-09-2026 15:00:00,25.5626095,84.663264,NH3,2,2,2
India,Bihar,Bettiah,"Kamalnath Nagar, Bettiah - BSPCB",07-09-2026 15:00:00,26.80365,84.51954,PM10,19,24,21
India,Bihar,Bettiah,"Kamalnath Nagar, Bettiah - BSPCB",07-09-2026 15:00:00,26.80365,84.51954,NO2,19,67,27
India,Bihar,Bettiah,"Kamalnath Nagar, Bettiah - BSPCB",07-09-2026 15:00:00,26.80365,84.51954,CO,32,34,34
India,Bihar,Bhagalpur,"Mayaganj, Bhagalpur - BSPCB",07-09-2026 15:00:00,25.265194,87.012947,CO,38,38,38
India,Bihar,Bhagalpur,"DM Office_Kachari Chowk, Bhagalpur - BSPCB",07-09-2026 15:00:00,25.251013,86.989001,NO2,NA,NA,NA
India,Bihar,Bhagalpur,"DM Office_Kachari Chowk, Bhagalpur - BSPCB",07-09-2026 15:00:00,25.251013,86.989001,SO2,NA,NA,NA
India,Bihar,Gaya,"Collectorate, Gaya - BSPCB",07-09-2026 15:00:00,24.7955,84.9994,CO,11,12,11
India,Bihar,Gaya,"SFTI Kusdihra, Gaya - BSPCB",07-09-2026 15:00:00,24.762518,84.982348,CO,18,32,25
India,Chhattisgarh,Bhilai,"Civic Center, Bhilai - Bhilai Steel Plant",07-09-2026 15:00:00,21.185571,81.343175,SO2,9,11,10
India,Chhattisgarh,Bhilai,"Civic Center, Bhilai - Bhilai Steel Plant",07-09-2026 15:00:00,21.185571,81.343175,OZONE,11,13,12
India,Chhattisgarh,Bhilai,"Hathkhoj, Bhilai - CECB",07-09-2026 15:00:00,21.224231,81.40835,PM10,29,53,40
India,Chhattisgarh,Bhilai,"Hathkhoj, Bhilai - CECB",07-09-2026 15:00:00,21.224231,81.40835,CO,9,21,13
India,Chhattisgarh,Bilaspur,"Mangala, Bilaspur - NTPC",07-09-2026 15:00:00,22.08815,82.13737,NO2,18,23,21
India,Chhattisgarh,Bilaspur,"Mangala, Bilaspur - NTPC",07-09-2026 15:00:00,22.08815,82.13737,OZONE,NA,NA,NA
India,Chhattisgarh,Chhal,"Nawapara SECL Colony, Chhal - CECB",07-09-2026 15:00:00,22.118125,83.140608,PM2.5,NA,NA,NA
India,Chhattisgarh,Chhal,"Nawapara SECL Colony, Chhal - CECB",07-09-2026 15:00:00,22.118125,83.140608,NO2,NA,NA,NA
India,Chhattisgarh,Korba,"Urja Nagar, Korba - CECB",07-09-2026 15:00:00,22.348441,82.549611,NO2,4,5,5
India,Chhattisgarh,Korba,"Urja Nagar, Korba - CECB",07-09-2026 15:00:00,22.348441,82.549611,OZONE,5,5,5
India,Chhattisgarh,Korba,"Rampur, Korba - CECB",07-09-2026 15:00:00,22.368195,82.746431,SO2,4,9,6
India,Chhattisgarh,Kunjemura,"OP Jindal School, Kunjemura - CECB",07-09-2026 15:00:00,22.12665,83.483212,NO2,5,28,13
India,Chhattisgarh,Kunjemura,"OP Jindal School, Kunjemura - CECB",07-09-2026 15:00:00,22.12665,83.483212,NH3,2,2,2
India,Chhattisgarh,Kunjemura,"OP Jindal School, Kunjemura - CECB",07-09-2026 15:00:00,22.12665,83.483212,OZONE,3,5,4
India,Chhattisgarh,Raipur,"Bhatagaon New ISBT, Raipur - CECB",07-09-2026 15:00:00,21.219665,81.630094,SO2,3,4,4
India,Chhattisgarh,Raipur,"Bhatagaon New ISBT, Raipur - CECB",07-09-2026 15:00:00,21.219665,81.630094,OZONE,2,6,4
India,Chhattisgarh,Raipur,"Siltara Phase-II, Raipur - CECB",07-09-2026 15:00:00,21.371751,81.664929,OZONE,3,5,4
India,Bihar,Patna,"DRM Office Danapur, Patna - BSPCB",07-09-2026 15:00:00,25.586562,85.043586,PM10,29,80,49
India,Bihar,Patna,"Samanpura, Patna - BSPCB",07-09-2026 15:00:00,25.596727,85.085624,PM10,NA,NA,NA
India,Bihar,Patna,"Samanpura, Patna - BSPCB",07-09-2026 15:00:00,25.596727,85.085624,NH3,4,5,5
India,Bihar,Patna,"Samanpura, Patna - BSPCB",07-09-2026 15:00:00,25.596727,85.085624,CO,22,23,23
India,Bihar,Rajgir,"Dangi Tola, Rajgir - BSPCB",07-09-2026 15:00:00,25.0328,85.41948,PM2.5,NA,NA,NA
India,Bihar,Saharsa,"Police Line, Saharsa - BSPCB",07-09-2026 15:00:00,25.892357,86.590325,PM2.5,NA,NA,NA
India,Bihar,Samastipur,"DM Office_Kasipur, Samastipur - BSPCB",07-09-2026 15:00:00,25.859655,85.77944,SO2,10,14,12
India,Bihar,Samastipur,"DM Office_Kasipur, Samastipur - BSPCB",07-09-2026 15:00:00,25.859655,85.77944,CO,4,4,4
India,Bihar,Siwan,"Chitragupta Nagar, Siwan - BSPCB",07-09-2026 15:00:00,26.2271665,84.3570427,NH3,NA,NA,NA
India,Bihar,Siwan,"Chitragupta Nagar, Siwan - BSPCB",07-09-2026 15:00:00,26.2271665,84.3570427,OZONE,7,9,8
India,Chandigarh,Chandigarh,"Sector 22, Chandigarh - CPCC",07-09-2026 15:00:00,30.735567,76.775714,PM10,24,61,36
India,Chandigarh,Chandigarh,"Sector 22, Chandigarh - CPCC",07-09-2026 15:00:00,30.735567,76.775714,NO2,1,6,4
India,Chandigarh,Chandigarh,"Sector 22, Chandigarh - CPCC",07-09-2026 15:00:00,30.735567,76.775714,CO,35,36,35
India,Chhattisgarh,Bhilai,"32Bungalows, Bhilai - CECB",07-09-2026 15:00:00,21.194815,81.31477,PM10,31,59,43
India,Chhattisgarh,Bhilai,"32Bungalows, Bhilai - CECB",07-09-2026 15:00:00,21.194815,81.31477,NO2,4,10,6
India,Chhattisgarh,Bhilai,"32Bungalows, Bhilai - CECB",07-09-2026 15:00:00,21.194815,81.31477,CO,10,13,11
India,Delhi,Delhi,"Vivek Vihar, Delhi - DPCC",07-09-2026 15:00:00,28.672342,77.31526,PM10,19,162,98
India,Delhi,Delhi,"Jahangirpuri, Delhi - DPCC",07-09-2026 15:00:00,28.73282,77.170633,OZONE,17,20,18
India,Delhi,Delhi,"IHBAS, Dilshad Garden, Delhi - CPCB",07-09-2026 15:00:00,28.6811736,77.3025234,NO2,44,52,49
India,Delhi,Delhi,"Sri Aurobindo Marg, Delhi - DPCC",07-09-2026 15:00:00,28.531346,77.190156,CO,39,49,46
India,Delhi,Delhi,"Sri Aurobindo Marg, Delhi - DPCC",07-09-2026 15:00:00,28.531346,77.190156,OZONE,4,47,28
India,Delhi,Delhi,"Nehru Nagar, Delhi - DPCC",07-09-2026 15:00:00,28.56789,77.250515,PM2.5,3,197,74
India,Delhi,Delhi,"Patparganj, Delhi - DPCC",07-09-2026 15:00:00,28.623763,77.287209,SO2,4,9,6
India,Delhi,Delhi,"Jawaharlal Nehru Stadium, Delhi - DPCC",07-09-2026 15:00:00,28.58028,77.233829,PM10,NA,NA,NA
India,Delhi,Delhi,"Jawaharlal Nehru Stadium, Delhi - DPCC",07-09-2026 15:00:00,28.58028,77.233829,NO2,9,48,14
India,Delhi,Delhi,"Najafgarh, Delhi - DPCC",07-09-2026 15:00:00,28.570173,76.933762,NO2,10,30,16
India,Delhi,Delhi,"Najafgarh, Delhi - DPCC",07-09-2026 15:00:00,28.570173,76.933762,OZONE,11,32,22
India,Delhi,Delhi,"Wazirpur, Delhi - DPCC",07-09-2026 15:00:00,28.699793,77.165453,PM2.5,13,203,81
India,Delhi,Delhi,"NSUT Jaffarpur, Delhi - DPCC",07-09-2026 15:00:00,28.594004,76.909423,PM10,3,68,46
India,Delhi,Delhi,"NSUT Jaffarpur, Delhi - DPCC",07-09-2026 15:00:00,28.594004,76.909423,NH3,0,4,2
India,Delhi,Delhi,"NSUT Jaffarpur, Delhi - DPCC",07-09-2026 15:00:00,28.594004,76.909423,SO2,1,3,2
India,Bihar,Gaya,"Kareemganj, Gaya - BSPCB",07-09-2026 15:00:00,24.792403,84.992416,NO2,NA,NA,NA
India,Bihar,Hajipur,"Industrial Area, Hajipur - BSPCB",07-09-2026 15:00:00,25.697189,85.2459,SO2,4,6,4
India,Bihar,Kishanganj,"SDM Office_Khagra, Kishanganj - BSPCB",07-09-2026 15:00:00,26.0881305,87.93840336,NO2,7,8,7
India,Bihar,Motihari,"Gandak Colony, Motihari - BSPCB",07-09-2026 15:00:00,26.63086,84.90051,PM2.5,13,68,26
India,Bihar,Motihari,"Gandak Colony, Motihari - BSPCB",07-09-2026 15:00:00,26.63086,84.90051,OZONE,40,57,50
India,Bihar,Munger,"Town Hall, Munger - BSPCB",07-09-2026 15:00:00,25.376776,86.471523,NO2,11,13,12
India,Bihar,Muzaffarpur,"Buddha Colony, Muzaffarpur - BSPCB",07-09-2026 15:00:00,26.11442,85.39813,OZONE,8,34,19
India,Bihar,Muzaffarpur,"MIT-Daudpur Kothi, Muzaffarpur - BSPCB",07-09-2026 15:00:00,26.1403345,85.3650192,PM2.5,22,30,28
India,Bihar,Muzaffarpur,"MIT-Daudpur Kothi, Muzaffarpur - BSPCB",07-09-2026 15:00:00,26.1403345,85.3650192,PM10,21,41,31
India,Bihar,Muzaffarpur,"MIT-Daudpur Kothi, Muzaffarpur - BSPCB",07-09-2026 15:00:00,26.1403345,85.3650192,SO2,13,19,16
India,Bihar,Patna,"Rajbansi Nagar, Patna - BSPCB",07-09-2026 15:00:00,25.599486,85.113666,PM10,19,55,36
India,Bihar,Patna,"Govt. High School Shikarpur, Patna - BSPCB",07-09-2026 15:00:00,25.592539,85.227158,OZONE,37,89,66
India,Arunachal Pradesh,Naharlagun,"Naharlagun, Naharlagun - APSPCB",07-09-2026 15:00:00,27.103358,93.679645,PM10,26,52,38
India,Arunachal Pradesh,Naharlagun,"Naharlagun, Naharlagun - APSPCB",07-09-2026 15:00:00,27.103358,93.679645,CO,2,10,8
India,Assam,Guwahati,"IITG, Guwahati - PCBA",07-09-2026 15:00:00,26.2028636,91.70046436,NH3,1,1,1
India,Assam,Guwahati,"IITG, Guwahati - PCBA",07-09-2026 15:00:00,26.2028636,91.70046436,SO2,32,33,32
India,Assam,Guwahati,"IITG, Guwahati - PCBA",07-09-2026 15:00:00,26.2028636,91.70046436,CO,72,77,74
India,Assam,Guwahati,"Pan Bazaar, Guwahati - PCBA",07-09-2026 15:00:00,26.1875,91.744194,SO2,30,34,32
India,Assam,Guwahati,"Pan Bazaar, Guwahati - PCBA",07-09-2026 15:00:00,26.1875,91.744194,CO,8,13,10
India,Assam,Guwahati,"LGBI Airport, Guwahati - PCBA",07-09-2026 15:00:00,26.10887,91.589544,PM10,13,61,30
India,Assam,Guwahati,"LGBI Airport, Guwahati - PCBA",07-09-2026 15:00:00,26.10887,91.589544,SO2,3,15,10
India,Assam,Guwahati,"Railway Colony, Guwahati - PCBA",07-09-2026 15:00:00,26.181742,91.78063,CO,6,10,8
India,Assam,Guwahati,"Railway Colony, Guwahati - PCBA",07-09-2026 15:00:00,26.181742,91.78063,OZONE,11,47,22
India,Assam,Nagaon,"Christianpatty, Nagaon - PCBA",07-09-2026 15:00:00,26.349082,92.68449,PM2.5,46,77,64
India,Assam,Nagaon,"Christianpatty, Nagaon - PCBA",07-09-2026 15:00:00,26.349082,92.68449,SO2,5,11,8
India,Assam,Nalbari,"Bata Chowk, Nalbari - PCBA",07-09-2026 15:00:00,26.446912,91.439057,CO,20,22,21
India,Delhi,Delhi,"Punjabi Bagh, Delhi - DPCC",07-09-2026 15:00:00,28.674045,77.131023,NO2,29,49,35
India,Delhi,Delhi,"Anand Vihar, Delhi - DPCC",07-09-2026 15:00:00,28.647622,77.315809,PM2.5,27,313,130
India,Delhi,Delhi,"Anand Vihar, Delhi - DPCC",07-09-2026 15:00:00,28.647622,77.315809,PM10,25,220,142
India,Delhi,Delhi,"Anand Vihar, Delhi - DPCC",07-09-2026 15:00:00,28.647622,77.315809,OZONE,11,27,19
India,Delhi,Delhi,"Pusa, Delhi - DPCC",07-09-2026 15:00:00,28.639652,77.146275,PM2.5,2,88,46
India,Delhi,Delhi,"Pusa, Delhi - DPCC",07-09-2026 15:00:00,28.639652,77.146275,NO2,10,56,32
India,Delhi,Delhi,"Pusa, Delhi - DPCC",07-09-2026 15:00:00,28.639652,77.146275,SO2,1,26,16
India,Delhi,Delhi,"Sirifort, Delhi - CPCB",07-09-2026 15:00:00,28.5504249,77.2159377,SO2,43,47,45
India,Delhi,Delhi,"Chandni Chowk, Delhi - IITM",07-09-2026 15:00:00,28.656756,77.227234,PM2.5,25,154,73
India,Delhi,Delhi,"Pusa, Delhi - IITM",07-09-2026 15:00:00,28.63611,77.173332,PM2.5,NA,NA,NA
India,Delhi,Delhi,"DTU, Delhi - CPCB",07-09-2026 15:00:00,28.7500499,77.1112615,CO,12,69,33
India,Delhi,Delhi,"Dwarka-Sector 8, Delhi - DPCC ",07-09-2026 15:00:00,28.5710274,77.0719006,PM2.5,10,85,42
India,Delhi,Delhi,"Dwarka-Sector 8, Delhi - DPCC ",07-09-2026 15:00:00,28.5710274,77.0719006,PM10,8,192,101
India,Delhi,Delhi,"ITO, Delhi - CPCB",07-09-2026 15:00:00,28.628624,77.24106,PM10,19,115,66
India,Delhi,Delhi,"Cantonment Area, Delhi - DPCC",07-09-2026 15:00:00,28.594169,77.1251,CO,66,102,85
India,Delhi,Delhi,"Major Dhyan Chand National Stadium, Delhi - DPCC",07-09-2026 15:00:00,28.611281,77.237738,PM2.5,12,75,36
India,Delhi,Delhi,"Major Dhyan Chand National Stadium, Delhi - DPCC",07-09-2026 15:00:00,28.611281,77.237738,PM10,7,119,62
India,Delhi,Delhi,"Major Dhyan Chand National Stadium, Delhi - DPCC",07-09-2026 15:00:00,28.611281,77.237738,NH3,5,8,6
India,Delhi,Delhi,"Major Dhyan Chand National Stadium, Delhi - DPCC",07-09-2026 15:00:00,28.611281,77.237738,SO2,2,6,4
India,Delhi,Delhi,"Bawana, Delhi - DPCC",07-09-2026 15:00:00,28.7762,77.051074,PM2.5,23,302,95
India,Delhi,Delhi,"Bawana, Delhi - DPCC",07-09-2026 15:00:00,28.7762,77.051074,NH3,5,6,5
India,Delhi,Delhi,"Bawana, Delhi - DPCC",07-09-2026 15:00:00,28.7762,77.051074,OZONE,15,17,16
India,Delhi,Delhi,"Okhla Phase-2, Delhi - DPCC",07-09-2026 15:00:00,28.530785,77.271255,SO2,5,12,10
India,Delhi,Delhi,"Rohini, Delhi - DPCC",07-09-2026 15:00:00,28.732528,77.11992,PM2.5,27,283,107
India,Delhi,Delhi,"Rohini, Delhi - DPCC",07-09-2026 15:00:00,28.732528,77.11992,CO,40,79,51
India,Andhra Pradesh,Amaravati,"Secretariat, Amaravati - APPCB",07-09-2026 15:00:00,16.5150833,80.5181667,PM2.5,15,36,25
India,Andhra Pradesh,Amaravati,"Secretariat, Amaravati - APPCB",07-09-2026 15:00:00,16.5150833,80.5181667,NO2,15,29,23
India,Andhra Pradesh,Amaravati,"Secretariat, Amaravati - APPCB",07-09-2026 15:00:00,16.5150833,80.5181667,NH3,3,7,5
India,Andhra Pradesh,Anantapur,"Gulzarpet, Anantapur - APPCB",07-09-2026 15:00:00,14.675886,77.593027,PM2.5,48,117,75
India,Andhra Pradesh,Anantapur,"Gulzarpet, Anantapur - APPCB",07-09-2026 15:00:00,14.675886,77.593027,NO2,13,23,15
India,Andhra Pradesh,Chittoor,"Gangineni Cheruvu, Chittoor - APPCB",07-09-2026 15:00:00,13.20488,79.097889,PM10,56,62,57
India,Andhra Pradesh,Chittoor,"Gangineni Cheruvu, Chittoor - APPCB",07-09-2026 15:00:00,13.20488,79.097889,OZONE,43,55,47
India,Andhra Pradesh,Eluru,"District Court, Eluru - APPCB",07-09-2026 15:00:00,16.711754,81.092095,PM2.5,52,68,58
India,Delhi,Delhi,"Dr. Karni Singh Shooting Range, Delhi - DPCC",07-09-2026 15:00:00,28.498571,77.26484,PM10,13,130,60
India,Delhi,Delhi,"Dr. Karni Singh Shooting Range, Delhi - DPCC",07-09-2026 15:00:00,28.498571,77.26484,NO2,9,45,23
India,Delhi,Delhi,"Dr. Karni Singh Shooting Range, Delhi - DPCC",07-09-2026 15:00:00,28.498571,77.26484,CO,48,76,63
India,Delhi,Delhi,"IIT Delhi, Delhi - IITM",07-09-2026 15:00:00,28.54246,77.191651,NH3,NA,NA,NA
India,Delhi,Delhi,"IIT Delhi, Delhi - IITM",07-09-2026 15:00:00,28.54246,77.191651,SO2,NA,NA,NA
India,Delhi,Delhi,"IGI Airport (T3), Delhi - IITM",07-09-2026 15:00:00,28.5627763,77.1180053,NO2,37,93,67
India,Delhi,Delhi,"IGI Airport (T3), Delhi - IITM",07-09-2026 15:00:00,28.5627763,77.1180053,CO,53,62,58
India,Delhi,Delhi,"IGNOU_Maidan Garhi, Delhi - DPCC",07-09-2026 15:00:00,28.493624,77.201159,OZONE,4,10,7
India,Delhi,Delhi,"Commonwealth Sports Complex, Delhi - DPCC",07-09-2026 15:00:00,28.615828,77.271992,NH3,NA,NA,NA
India,Delhi,Delhi,"Commonwealth Sports Complex, Delhi - DPCC",07-09-2026 15:00:00,28.615828,77.271992,CO,56,107,77
India,Delhi,Delhi,"Talkatora Garden, Delhi - DPCC",07-09-2026 15:00:00,28.62181,77.1944633,NH3,NA,NA,NA
India,Delhi,Delhi,"Talkatora Garden, Delhi - DPCC",07-09-2026 15:00:00,28.62181,77.1944633,CO,58,104,79
India,Delhi,Delhi,"Talkatora Garden, Delhi - DPCC",07-09-2026 15:00:00,28.62181,77.1944633,OZONE,7,30,20
India,Delhi,Delhi,"NSIT Dwarka, Delhi - CPCB",07-09-2026 15:00:00,28.60909,77.0325413,PM2.5,10,56,38
India,Delhi,Delhi,"Aya Nagar, Delhi - IITM",07-09-2026 15:00:00,28.4706914,77.1099364,NH3,NA,NA,NA
India,Delhi,Delhi,"CRRI Mathura Road, Delhi - IITM",07-09-2026 15:00:00,28.5512005,77.2735737,NH3,NA,NA,NA
India,Delhi,Delhi,"Burari Crossing, Delhi - IITM",07-09-2026 15:00:00,28.7256504,77.2011573,CO,20,71,37
India,Delhi,Delhi,"IMD Lodhi Road, Delhi - IITM",07-09-2026 15:00:00,28.5918245,77.2273074,NH3,NA,NA,NA
India,Delhi,Delhi,"IMD Lodhi Road, Delhi - IITM",07-09-2026 15:00:00,28.5918245,77.2273074,SO2,NA,NA,NA
India,Delhi,Delhi,"JNU, Delhi - DPCC",07-09-2026 15:00:00,28.540721,77.168544,PM2.5,6,75,40
India,Delhi,Delhi,"North Campus, DU, Delhi - IITM",07-09-2026 15:00:00,28.6573814,77.1585447,SO2,NA,NA,NA
India,Gujarat,Ahmedabad,"SVPI Airport Hansol, Ahmedabad - IITM",07-09-2026 15:00:00,23.076793,72.627874,NH3,2,5,3
India,Gujarat,Ahmedabad,"SVPI Airport Hansol, Ahmedabad - IITM",07-09-2026 15:00:00,23.076793,72.627874,CO,28,36,32
India,Gujarat,Ahmedabad,"Rakhial, Ahmedabad - IITM",07-09-2026 15:00:00,23.016834,72.625775,PM2.5,34,67,49
India,Gujarat,Ahmedabad,"Rakhial, Ahmedabad - IITM",07-09-2026 15:00:00,23.016834,72.625775,PM10,63,128,91
India,Gujarat,Ahmedabad,"Rakhial, Ahmedabad - IITM",07-09-2026 15:00:00,23.016834,72.625775,NH3,0,4,2
India,Gujarat,Ahmedabad,"Rakhial, Ahmedabad - IITM",07-09-2026 15:00:00,23.016834,72.625775,SO2,11,19,15
India,Gujarat,Ahmedabad,"Maninagar, Ahmedabad - GPCB",07-09-2026 15:00:00,23.002657,72.591912,NO2,22,45,41
India,Gujarat,Ahmedabad,"Maninagar, Ahmedabad - GPCB",07-09-2026 15:00:00,23.002657,72.591912,OZONE,17,75,33
India,Gujarat,Ahmedabad,"Chandkheda, Ahmedabad - IITM",07-09-2026 15:00:00,23.107969,72.574648,PM10,67,126,92
India,Gujarat,Ahmedabad,"Chandkheda, Ahmedabad - IITM",07-09-2026 15:00:00,23.107969,72.574648,NO2,7,25,12
India,Gujarat,Ahmedabad,"SAC ISRO Bopal, Ahmedabad - IITM",07-09-2026 15:00:00,23.041137,72.456691,NH3,NA,NA,NA
India,Gujarat,Ahmedabad,"SAC ISRO Satellite, Ahmedabad - IITM",07-09-2026 15:00:00,23.023389,72.515201,CO,24,32,29
India,Gujarat,Ahmedabad,"Gyaspur, Ahmedabad - IITM",07-09-2026 15:00:00,22.977134,72.553024,NH3,4,7,5
India,Gujarat,Ahmedabad,"Gyaspur, Ahmedabad - IITM",07-09-2026 15:00:00,22.977134,72.553024,OZONE,10,12,11
India,Gujarat,Ahmedabad,"Raikhad, Ahmedabad - IITM",07-09-2026 15:00:00,23.020509,72.579261,PM10,63,131,97
India,Gujarat,Ahmedabad,"Raikhad, Ahmedabad - IITM",07-09-2026 15:00:00,23.020509,72.579261,OZONE,5,15,10
India,Karnataka,Bengaluru,"Hebbal, Bengaluru - KSPCB",07-09-2026 15:00:00,13.029152,77.585901,NO2,2,22,18
India,Karnataka,Bengaluru,"Silk Board, Bengaluru - KSPCB",07-09-2026 15:00:00,12.917348,77.622813,SO2,NA,NA,NA
India,Karnataka,Chamarajanagar,"Urban, Chamarajanagar - KSPCB",07-09-2026 15:00:00,11.55358,76.55521,NH3,1,3,2
India,Karnataka,Chikkaballapur,"Chikkaballapur Rural, Chikkaballapur - KSPCB",07-09-2026 15:00:00,13.428828,77.731418,PM10,NA,NA,NA
India,Karnataka,Chikkaballapur,"Chikkaballapur Rural, Chikkaballapur - KSPCB",07-09-2026 15:00:00,13.428828,77.731418,NH3,NA,NA,NA
India,Karnataka,Chikkamagaluru,"Kalyana Nagara, Chikkamagaluru - KSPCB",07-09-2026 15:00:00,13.328028,75.797056,PM10,NA,NA,NA
India,Karnataka,Chikkamagaluru,"Kalyana Nagara, Chikkamagaluru - KSPCB",07-09-2026 15:00:00,13.328028,75.797056,NO2,NA,NA,NA
India,Karnataka,Chikkamagaluru,"Kalyana Nagara, Chikkamagaluru - KSPCB",07-09-2026 15:00:00,13.328028,75.797056,CO,4,103,55
India,Karnataka,Dharwad,"Kalabhavan, Dharwad - KSPCB",07-09-2026 15:00:00,15.459706,75.008381,OZONE,29,35,31
India,Karnataka,Gadag,"Panchal Nagar, Gadag - KSPCB",07-09-2026 15:00:00,15.411456,75.638133,PM2.5,35,65,42
India,Karnataka,Kalaburagi,"Mahatma Basaveswar Colony, Kalaburgi - KSPCB",07-09-2026 15:00:00,17.336318,76.847397,PM10,19,59,34
India,Karnataka,Karwar,"KHB Colony, Karwar - KSPCB",07-09-2026 15:00:00,14.816666,74.141003,NO2,9,11,10
India,Karnataka,Madikeri,"Stuart Hill, Madikeri - KSPCB",07-09-2026 15:00:00,12.415911,75.73505,PM2.5,17,45,27
India,Karnataka,Madikeri,"Stuart Hill, Madikeri - KSPCB",07-09-2026 15:00:00,12.415911,75.73505,PM10,20,37,26
India,Gujarat,Ankleshwar,"GIDC, Ankleshwar - GPCB",07-09-2026 15:00:00,21.613267,73.010555,SO2,17,24,18
India,Gujarat,Bhavnagar,"Vidhyanagar, Bhavnagar - Nexteng Enviro",07-09-2026 15:00:00,21.755417,72.139056,PM2.5,18,36,30
India,Gujarat,Bhavnagar,"Vidhyanagar, Bhavnagar - Nexteng Enviro",07-09-2026 15:00:00,21.755417,72.139056,SO2,6,7,7
India,Gujarat,Bhavnagar,"Vidhyanagar, Bhavnagar - Nexteng Enviro",07-09-2026 15:00:00,21.755417,72.139056,CO,62,64,63
India,Gujarat,Bhavnagar,"Vidhyanagar, Bhavnagar - Nexteng Enviro",07-09-2026 15:00:00,21.755417,72.139056,OZONE,16,29,23
India,Gujarat,Gandhinagar,"Sector-10, Gandhinagar - GPCB",07-09-2026 15:00:00,23.221714,72.654328,PM2.5,31,62,46
India,Gujarat,Gandhinagar,"Sector-10, Gandhinagar - GPCB",07-09-2026 15:00:00,23.221714,72.654328,NO2,6,6,6
India,Gujarat,Gandhinagar,"IIPHG Lekawada, Gandhinagar - IITM",07-09-2026 15:00:00,23.243639,72.68994,OZONE,2,6,4
India,Gujarat,Gandhinagar,"GIFT City, Gandhinagar - IITM",07-09-2026 15:00:00,23.163798,72.677768,PM2.5,25,83,50
India,Gujarat,Gandhinagar,"GIFT City, Gandhinagar - IITM",07-09-2026 15:00:00,23.163798,72.677768,SO2,2,11,5
India,Gujarat,Gandhinagar,"GIFT City, Gandhinagar - IITM",07-09-2026 15:00:00,23.163798,72.677768,OZONE,3,7,4
India,Gujarat,Mehsana,"Sadanand Nagar, Mehsana - Nexteng Enviro",07-09-2026 15:00:00,23.59315,72.372792,PM2.5,18,57,32
India,Gujarat,Rajkot,"Mavdi, Rajkot - Nexteng Enviro ",07-09-2026 15:00:00,22.248853,70.776774,NO2,4,8,6
India,Gujarat,Rajkot,"Mavdi, Rajkot - Nexteng Enviro ",07-09-2026 15:00:00,22.248853,70.776774,NH3,0,1,1
India,Gujarat,Rajkot,"Mavdi, Rajkot - Nexteng Enviro ",07-09-2026 15:00:00,22.248853,70.776774,SO2,8,10,9
India,Gujarat,Surat,"Katargam, Surat - Nexteng Enviro",07-09-2026 15:00:00,21.217779,72.834787,PM10,12,79,44
India,Karnataka,Madikeri,"Stuart Hill, Madikeri - KSPCB",07-09-2026 15:00:00,12.415911,75.73505,OZONE,1,4,2
India,Karnataka,Mysuru,"Hebbal 1st Stage, Mysuru - KSPCB",07-09-2026 15:00:00,12.21041,76.37376,SO2,2,88,9
India,Karnataka,Mysuru,"Hebbal 1st Stage, Mysuru - KSPCB",07-09-2026 15:00:00,12.21041,76.37376,CO,5,23,12
India,Karnataka,Shivamogga,"Vinoba Nagara, Shivamogga - KSPCB",07-09-2026 15:00:00,13.94,75.555917,NH3,2,3,2
India,Karnataka,Vijayapura,"Ibrahimpur, Vijayapura - KSPCB",07-09-2026 15:00:00,16.802639,75.722694,PM2.5,26,28,27
India,Kerala,Kannur,"Thavakkara, Kannur - Kerala PCB",07-09-2026 15:00:00,11.875,75.3732,NH3,1,1,1
India,Kerala,Thiruvananthapuram,"Kariavattom, Thiruvananthapuram - Kerala PCB",07-09-2026 15:00:00,8.5637,76.8865,NH3,0,0,0
India,Kerala,Thiruvananthapuram,"Kariavattom, Thiruvananthapuram - Kerala PCB",07-09-2026 15:00:00,8.5637,76.8865,SO2,5,6,5
India,Kerala,Thiruvananthapuram,"Kariavattom, Thiruvananthapuram - Kerala PCB",07-09-2026 15:00:00,8.5637,76.8865,CO,21,24,22
India,Kerala,Thrissur,"Corporation Ground, Thrissur - Kerala PCB",07-09-2026 15:00:00,10.5324,76.2159,NH3,0,0,0
India,Kerala,Thrissur,"Corporation Ground, Thrissur - Kerala PCB",07-09-2026 15:00:00,10.5324,76.2159,SO2,0,1,1
India,Kerala,Thrissur,"Corporation Ground, Thrissur - Kerala PCB",07-09-2026 15:00:00,10.5324,76.2159,CO,20,26,24
India,Kerala,Thrissur,"Corporation Ground, Thrissur - Kerala PCB",07-09-2026 15:00:00,10.5324,76.2159,OZONE,32,32,32
India,Madhya Pradesh,Bhopal,"Paryavaran Parisar, Bhopal - MPPCB",07-09-2026 15:00:00,23.210494,77.425409,NO2,8,12,10
India,Himachal Pradesh,Baddi,"HIMUDA Complex Phase-1, Baddi - HPPCB",07-09-2026 15:00:00,30.943887,76.801991,SO2,12,16,14
India,Jharkhand,Dhanbad,"Sardar Patel Nagar, Dhanbad - JSPCB",07-09-2026 15:00:00,23.80569,86.44268,SO2,NA,NA,NA
India,Jharkhand,Dhanbad,"Sardar Patel Nagar, Dhanbad - JSPCB",07-09-2026 15:00:00,23.80569,86.44268,OZONE,13,28,22
India,Jharkhand,Jorapokhar,"Tata Stadium, Jorapokhar - JSPCB",07-09-2026 15:00:00,23.707909,86.41467,PM10,35,390,91
India,Jharkhand,Jorapokhar,"Tata Stadium, Jorapokhar - JSPCB",07-09-2026 15:00:00,23.707909,86.41467,SO2,21,21,21
India,Karnataka,Bengaluru,"Jigani, Bengaluru - KSPCB",07-09-2026 15:00:00,12.7816279,77.6299145,PM10,NA,NA,NA
India,Karnataka,Bengaluru,"Jigani, Bengaluru - KSPCB",07-09-2026 15:00:00,12.7816279,77.6299145,NH3,NA,NA,NA
India,Karnataka,Bengaluru,"Jayanagar 5th Block, Bengaluru - KSPCB",07-09-2026 15:00:00,12.920984,77.584908,PM10,36,97,61
India,Karnataka,Bengaluru,"Jayanagar 5th Block, Bengaluru - KSPCB",07-09-2026 15:00:00,12.920984,77.584908,SO2,0,7,3
India,Karnataka,Bengaluru,"Hombegowda Nagar, Bengaluru - KSPCB",07-09-2026 15:00:00,12.938539,77.5901,PM2.5,16,40,25
India,Karnataka,Bengaluru,"Peenya, Bengaluru - CPCB",07-09-2026 15:00:00,13.0270199,77.494094,PM2.5,NA,NA,NA
India,Karnataka,Bengaluru,"Shivapura_Peenya, Bengaluru - KSPCB",07-09-2026 15:00:00,13.0246342,77.5080115,PM2.5,NA,NA,NA
India,Karnataka,Bengaluru,"Shivapura_Peenya, Bengaluru - KSPCB",07-09-2026 15:00:00,13.0246342,77.5080115,SO2,NA,NA,NA
India,Karnataka,Bengaluru,"Hebbal, Bengaluru - KSPCB",07-09-2026 15:00:00,13.029152,77.585901,PM2.5,20,44,27
India,Gujarat,Vadodara,"Bapunagar, Vadodara - Nexteng Enviro",07-09-2026 15:00:00,22.320153,73.216285,NH3,2,2,2
India,Gujarat,Vapi,"Phase-1 GIDC, Vapi - GPCB",07-09-2026 15:00:00,20.362421,72.918013,NO2,0,73,30
India,Gujarat,Vapi,"Phase-1 GIDC, Vapi - GPCB",07-09-2026 15:00:00,20.362421,72.918013,NH3,1,5,4
India,Haryana,Ambala,"Patti Mehar, Ambala - HSPCB",07-09-2026 15:00:00,30.379589,76.778328,SO2,51,99,85
India,Haryana,Bahadurgarh,"Arya Nagar, Bahadurgarh - HSPCB",07-09-2026 15:00:00,28.6701,76.9254,PM2.5,23,66,44
India,Haryana,Ballabgarh,"Nathu Colony, Ballabgarh - HSPCB",07-09-2026 15:00:00,28.3419248,77.319699,SO2,2,3,3
India,Haryana,Dharuhera,"Municipal Corporation Office, Dharuhera -  HSPCB",07-09-2026 15:00:00,28.2068,76.7997,PM2.5,39,97,67
India,Haryana,Dharuhera,"Municipal Corporation Office, Dharuhera -  HSPCB",07-09-2026 15:00:00,28.2068,76.7997,NH3,7,20,11
India,Haryana,Faridabad,"New Industrial Town, Faridabad - HSPCB",07-09-2026 15:00:00,28.39072,77.30059,CO,24,28,26
India,Haryana,Faridabad,"Sector 11, Faridabad - HSPCB",07-09-2026 15:00:00,28.376058,77.315741,NH3,8,9,8
India,Haryana,Faridabad,"Sector 11, Faridabad - HSPCB",07-09-2026 15:00:00,28.376058,77.315741,SO2,6,9,8
India,Haryana,Narnaul,"Shastri Nagar, Narnaul - HSPCB",07-09-2026 15:00:00,28.060249,76.113115,SO2,5,18,10
India,Haryana,Palwal,"Shyam Nagar, Palwal - HSPCB",07-09-2026 15:00:00,28.1485564,77.3320667,CO,18,135,58
India,Haryana,Panchgaon,"Amity University, Panchgaon - IITM",07-09-2026 15:00:00,28.3153,76.9143,PM2.5,NA,NA,NA
India,Haryana,Panchkula,"Sector-6, Panchkula - HSPCB ",07-09-2026 15:00:00,30.7057778,76.8531805555555,PM2.5,16,45,25
India,Haryana,Panchkula,"Sector-6, Panchkula - HSPCB ",07-09-2026 15:00:00,30.7057778,76.8531805555555,OZONE,30,49,39
India,Haryana,Sirsa,"F-Block, Sirsa - HSPCB",07-09-2026 15:00:00,29.5364,75.0158,OZONE,24,38,31
India,Haryana,Sonipat,"Murthal, Sonipat - HSPCB",07-09-2026 15:00:00,29.0272,77.0621,PM2.5,7,62,28
India,Haryana,Sonipat,"Murthal, Sonipat - HSPCB",07-09-2026 15:00:00,29.0272,77.0621,NO2,6,9,7
India,Haryana,Sonipat,"Murthal, Sonipat - HSPCB",07-09-2026 15:00:00,29.0272,77.0621,SO2,46,50,47
India,Haryana,Yamuna Nagar,"Gobind Pura, Yamuna Nagar - HSPCB",07-09-2026 15:00:00,30.1480566,77.2893471,PM2.5,66,116,83
India,Haryana,Faridabad,"Sector 11, Faridabad - HSPCB",07-09-2026 15:00:00,28.376058,77.315741,CO,41,69,58
India,Haryana,Faridabad,"Sector 30, Faridabad - HSPCB",07-09-2026 15:00:00,28.4417,77.3217,NH3,6,7,6
India,Haryana,Faridabad,"Sector 30, Faridabad - HSPCB",07-09-2026 15:00:00,28.4417,77.3217,OZONE,4,7,5
India,Haryana,Gurugram,"Teri Gram, Gurugram - HSPCB",07-09-2026 15:00:00,28.4275,77.1465,NO2,29,62,43
India,Haryana,Gurugram,"NISE Gwal Pahari, Gurugram - IITM",07-09-2026 15:00:00,28.422681,77.148944,CO,38,42,40
India,Haryana,Gurugram,"Sector-51, Gurugram - HSPCB",07-09-2026 15:00:00,28.4227,77.0667,PM10,18,81,51
India,Haryana,Gurugram,"Vikas Sadan, Gurugram - HSPCB",07-09-2026 15:00:00,28.4501238,77.0263051,NO2,3,32,12
India,Haryana,Kaithal,"Rishi Nagar, Kaithal - HSPCB",07-09-2026 15:00:00,29.8006,76.4155,CO,14,23,19
India,Haryana,Karnal,"Sector-12, Karnal - HSPCB",07-09-2026 15:00:00,29.6953,77.0027,NO2,9,22,15
India,Madhya Pradesh,Indore,"Maguda Nagar, Indore - IMC",07-09-2026 15:00:00,22.7524,75.8872,SO2,16,30,22
India,Madhya Pradesh,Indore,"Residency Area, Indore - IMC",07-09-2026 15:00:00,22.7084,75.8815,PM10,25,55,41
India,Madhya Pradesh,Jabalpur,"Marhatal, Jabalpur - MPPCB",07-09-2026 15:00:00,23.168606,79.932247,CO,25,76,43
India,Madhya Pradesh,Jabalpur,"Marhatal, Jabalpur - MPPCB",07-09-2026 15:00:00,23.168606,79.932247,OZONE,15,29,23
India,Madhya Pradesh,Jabalpur,"Govindh Bhavan Colony, Jabalpur - JMC",07-09-2026 15:00:00,23.163174,79.973061,OZONE,31,64,43
India,Madhya Pradesh,Jabalpur,"Suhagi, Jabalpur - JMC",07-09-2026 15:00:00,23.218135,79.95777,PM10,21,73,52
India,Madhya Pradesh,Jabalpur,"Suhagi, Jabalpur - JMC",07-09-2026 15:00:00,23.218135,79.95777,NH3,6,6,6
India,Madhya Pradesh,Jabalpur,"Suhagi, Jabalpur - JMC",07-09-2026 15:00:00,23.218135,79.95777,CO,28,32,31
India,Madhya Pradesh,Katni,"Gole Bazar, Katni - MPPCB",07-09-2026 15:00:00,23.50016,80.23284,PM10,53,111,75
India,Madhya Pradesh,Katni,"Gole Bazar, Katni - MPPCB",07-09-2026 15:00:00,23.50016,80.23284,NO2,10,19,13
India,Madhya Pradesh,Katni,"Gole Bazar, Katni - MPPCB",07-09-2026 15:00:00,23.50016,80.23284,SO2,20,41,30
India,Madhya Pradesh,Katni,"Gole Bazar, Katni - MPPCB",07-09-2026 15:00:00,23.50016,80.23284,OZONE,9,25,17
India,Madhya Pradesh,Mandideep,"Sector-D Industrial Area, Mandideep - MPPCB",07-09-2026 15:00:00,23.10844,77.511428,OZONE,22,38,33
India,Madhya Pradesh,Pithampur,"Sector-2 Industrial Area, Pithampur - MPPCB",07-09-2026 15:00:00,22.624758,75.675238,NH3,7,8,7
India,Madhya Pradesh,Ratlam,"Shasthri Nagar, Ratlam - IPCA Lab",07-09-2026 15:00:00,23.331731,75.045981,SO2,10,11,10
India,Madhya Pradesh,Ratlam,"Shasthri Nagar, Ratlam - IPCA Lab",07-09-2026 15:00:00,23.331731,75.045981,CO,NA,NA,NA
India,Madhya Pradesh,Ratlam,"Shasthri Nagar, Ratlam - IPCA Lab",07-09-2026 15:00:00,23.331731,75.045981,OZONE,NA,NA,NA
India,Madhya Pradesh,Sagar,"Civil Lines, Sagar - MPPCB",07-09-2026 15:00:00,23.838586,78.759431,PM10,22,165,57
India,Maharashtra,Belapur,"CBD Belapur, Belapur - MPCB",07-09-2026 15:00:00,19.0243902,73.0406721,CO,21,28,26
India,Maharashtra,Belapur,"CBD Belapur, Belapur - MPCB",07-09-2026 15:00:00,19.0243902,73.0406721,OZONE,9,18,12
India,Maharashtra,Bhiwandi,"Gokul Nagar, Bhiwandi - MPCB",07-09-2026 15:00:00,19.309073,73.057223,PM2.5,26,30,28
India,Maharashtra,Bhiwandi,"Gokul Nagar, Bhiwandi - MPCB",07-09-2026 15:00:00,19.309073,73.057223,NH3,5,20,11
India,Maharashtra,Chandrapur,"MIDC Khutala, Chandrapur - MPCB",07-09-2026 15:00:00,19.9775302,79.2337086,PM2.5,33,39,38
India,Maharashtra,Chandrapur,"MIDC Khutala, Chandrapur - MPCB",07-09-2026 15:00:00,19.9775302,79.2337086,PM10,40,154,99
India,Maharashtra,Chandrapur,"MIDC Khutala, Chandrapur - MPCB",07-09-2026 15:00:00,19.9775302,79.2337086,NO2,17,29,22
India,Maharashtra,Chandrapur,"MIDC Khutala, Chandrapur - MPCB",07-09-2026 15:00:00,19.9775302,79.2337086,SO2,3,5,4
India,Maharashtra,Dhule,"Deopur, Dhule - MPCB",07-09-2026 15:00:00,20.918946,74.776388,NH3,1,2,2
India,Maharashtra,Dhule,"Deopur, Dhule - MPCB",07-09-2026 15:00:00,20.918946,74.776388,CO,1,6,3
India,Maharashtra,Dhule,"Deopur, Dhule - MPCB",07-09-2026 15:00:00,20.918946,74.776388,OZONE,10,15,11
India,Maharashtra,Dombivli,"Kalu Nagar, Dombivli - MPCB",07-09-2026 15:00:00,19.2268427,73.0788456,NO2,4,26,15
India,Maharashtra,Dombivli,"Kalu Nagar, Dombivli - MPCB",07-09-2026 15:00:00,19.2268427,73.0788456,SO2,23,51,26
India,Maharashtra,Hingoli,"Ashta Vinayak Nagar, Hingoli - MPCB",07-09-2026 15:00:00,19.710842,77.151824,PM2.5,28,78,39
India,Maharashtra,Hingoli,"Ashta Vinayak Nagar, Hingoli - MPCB",07-09-2026 15:00:00,19.710842,77.151824,NH3,1,4,2
India,Maharashtra,Kalyan,"Pimpleshwar Mandir, Kalyan - MPCB",07-09-2026 15:00:00,19.192056,72.9585188,PM2.5,12,79,40
India,Maharashtra,Kalyan,"Pimpleshwar Mandir, Kalyan - MPCB",07-09-2026 15:00:00,19.192056,72.9585188,PM10,32,405,60
India,Maharashtra,Kolhapur,"Sinchan Bhavan, Kolhapur - MPCB",07-09-2026 15:00:00,16.7143745,74.2426398,CO,8,17,13
India,Maharashtra,Mumbai,"Borivali East, Mumbai - IITM",07-09-2026 15:00:00,19.23241,72.86895,PM2.5,14,44,26
India,Maharashtra,Mumbai,"Borivali East, Mumbai - IITM",07-09-2026 15:00:00,19.23241,72.86895,CO,14,35,22
India,Maharashtra,Mumbai,"Borivali East, Mumbai - IITM",07-09-2026 15:00:00,19.23241,72.86895,OZONE,11,31,21
India,Maharashtra,Mumbai,"Mazgaon, Mumbai - IITM",07-09-2026 15:00:00,18.96702,72.84214,NO2,19,31,24
India,Maharashtra,Mumbai,"Mazgaon, Mumbai - IITM",07-09-2026 15:00:00,18.96702,72.84214,SO2,3,9,6
India,Maharashtra,Mumbai,"Chakala-Andheri East, Mumbai - IITM",07-09-2026 15:00:00,19.11074,72.86084,PM2.5,3,11,5
India,Maharashtra,Mumbai,"Chakala-Andheri East, Mumbai - IITM",07-09-2026 15:00:00,19.11074,72.86084,NO2,20,27,24
India,Maharashtra,Mumbai,"Kurla, Mumbai - MPCB",07-09-2026 15:00:00,19.0863,72.8888,PM2.5,NA,NA,NA
India,Maharashtra,Mumbai,"Kurla, Mumbai - MPCB",07-09-2026 15:00:00,19.0863,72.8888,NO2,9,9,9
India,Maharashtra,Mumbai,"Deonar, Mumbai - IITM",07-09-2026 15:00:00,19.04946,72.923,OZONE,5,16,12
India,Maharashtra,Mumbai,"Powai, Mumbai - MPCB",07-09-2026 15:00:00,19.1375,72.915056,PM2.5,14,33,25
India,Maharashtra,Mumbai,"Powai, Mumbai - MPCB",07-09-2026 15:00:00,19.1375,72.915056,NO2,6,6,6
India,Maharashtra,Nagpur,"Mahal, Nagpur - MPCB",07-09-2026 15:00:00,21.14472,79.107595,PM2.5,39,65,53
India,Maharashtra,Nagpur,"Mahal, Nagpur - MPCB",07-09-2026 15:00:00,21.14472,79.107595,PM10,51,84,69
India,Maharashtra,Nagpur,"Mahal, Nagpur - MPCB",07-09-2026 15:00:00,21.14472,79.107595,CO,37,51,43
India,Maharashtra,Nagpur,"Ram Nagar, Nagpur - MPCB",07-09-2026 15:00:00,21.143383,79.048912,PM2.5,40,83,55
India,Maharashtra,Nagpur,"Ram Nagar, Nagpur - MPCB",07-09-2026 15:00:00,21.143383,79.048912,NH3,3,4,3
India,Maharashtra,Nagpur,"Opp GPO Civil Lines, Nagpur - MPCB",07-09-2026 15:00:00,21.152875,79.0517531,PM2.5,15,60,42
India,Maharashtra,Nagpur,"Opp GPO Civil Lines, Nagpur - MPCB",07-09-2026 15:00:00,21.152875,79.0517531,PM10,27,74,47
India,Maharashtra,Ahmednagar,"Tarakpur, Ahmednagar - MPCB",07-09-2026 15:00:00,19.10122,74.73339,PM2.5,4,33,15
India,Maharashtra,Ahmednagar,"Tarakpur, Ahmednagar - MPCB",07-09-2026 15:00:00,19.10122,74.73339,PM10,19,68,39
India,Maharashtra,Ahmednagar,"Tarakpur, Ahmednagar - MPCB",07-09-2026 15:00:00,19.10122,74.73339,OZONE,9,35,24
India,Maharashtra,Akola,"Ramdaspeth, Akola - MPCB",07-09-2026 15:00:00,20.719516,77.000253,PM2.5,23,31,25
India,Maharashtra,Akola,"Ramdaspeth, Akola - MPCB",07-09-2026 15:00:00,20.719516,77.000253,PM10,29,45,34
India,Maharashtra,Akola,"Ramdaspeth, Akola - MPCB",07-09-2026 15:00:00,20.719516,77.000253,NH3,6,9,7
India,Maharashtra,Amravati,"Shri Shivaji Science College, Amravati - MPCB",07-09-2026 15:00:00,20.939198,77.765701,PM2.5,NA,NA,NA
India,Maharashtra,Amravati,"Shri Shivaji Science College, Amravati - MPCB",07-09-2026 15:00:00,20.939198,77.765701,SO2,1,7,6
India,Maharashtra,Amravati,"Shivneri Colony, Amravati - MPCB",07-09-2026 15:00:00,20.9402359,77.7895248,PM10,25,54,40
India,Maharashtra,Amravati,"Shivneri Colony, Amravati - MPCB",07-09-2026 15:00:00,20.9402359,77.7895248,OZONE,10,31,21
India,Maharashtra,Aurangabad,"MIDC Chilkalthana, Aurangabad - MPCB",07-09-2026 15:00:00,19.87562,75.38731,OZONE,14,45,27
India,Maharashtra,Aurangabad,"Rachnakar Colony, Aurangabad - MPCB",07-09-2026 15:00:00,19.863756,75.321188,NO2,8,21,12
India,Maharashtra,Aurangabad,"Rachnakar Colony, Aurangabad - MPCB",07-09-2026 15:00:00,19.863756,75.321188,CO,23,30,26
India,Maharashtra,Badlapur,"Katrap, Badlapur - MPCB",07-09-2026 15:00:00,19.16485,73.23409,PM10,25,26,25
India,Maharashtra,Badlapur,"Katrap, Badlapur - MPCB",07-09-2026 15:00:00,19.16485,73.23409,SO2,7,9,8
India,Maharashtra,Beed,"Bir, Beed - MPCB",07-09-2026 15:00:00,18.988474,75.753873,PM2.5,10,35,18
India,Maharashtra,Beed,"Bir, Beed - MPCB",07-09-2026 15:00:00,18.988474,75.753873,NO2,5,32,13
India,Maharashtra,Beed,"Bir, Beed - MPCB",07-09-2026 15:00:00,18.988474,75.753873,OZONE,7,21,16
India,Maharashtra,Pimpri-Chinchwad,"Gavalinagar, Pimpri Chinchwad - MPCB",07-09-2026 15:00:00,18.63673,73.82487,CO,5,19,13
India,Maharashtra,Pimpri-Chinchwad,"Bhosari, Pune - IITM",07-09-2026 15:00:00,18.640051,73.848956,NO2,19,43,30
India,Maharashtra,Pimpri-Chinchwad,"Bhosari, Pune - IITM",07-09-2026 15:00:00,18.640051,73.848956,CO,13,28,22
India,Maharashtra,Pimpri-Chinchwad,"Thergaon, Pimpri Chinchwad - MPCB",07-09-2026 15:00:00,18.616318,73.765797,NH3,2,4,3
India,Maharashtra,Pimpri-Chinchwad,"Transport Nagar-Nigdi, Pune - IITM",07-09-2026 15:00:00,18.664282,73.763966,PM10,19,71,47
India,Maharashtra,Pimpri-Chinchwad,"Transport Nagar-Nigdi, Pune - IITM",07-09-2026 15:00:00,18.664282,73.763966,NH3,NA,NA,NA
India,Maharashtra,Pimpri-Chinchwad,"Transport Nagar-Nigdi, Pune - IITM",07-09-2026 15:00:00,18.664282,73.763966,SO2,NA,NA,NA
India,Maharashtra,Pimpri-Chinchwad,"Park Street Wakad, Pimpri Chinchwad - MPCB",07-09-2026 15:00:00,18.59051,73.77946,NH3,3,3,3
India,Maharashtra,Pimpri-Chinchwad,"Park Street Wakad, Pimpri Chinchwad - MPCB",07-09-2026 15:00:00,18.59051,73.77946,SO2,1,3,2
India,Maharashtra,Pimpri-Chinchwad,"Park Street Wakad, Pimpri Chinchwad - MPCB",07-09-2026 15:00:00,18.59051,73.77946,CO,13,37,19
India,Maharashtra,Pimpri-Chinchwad,"Savta Mali Nagar, Pimpri-Chinchwad - IITM",07-09-2026 15:00:00,18.614767,73.799516,PM2.5,NA,NA,NA
India,Maharashtra,Pune,"Katraj Dairy, Pune - MPCB",07-09-2026 15:00:00,18.45445,73.854155,PM2.5,11,28,20
India,Maharashtra,Pune,"Katraj Dairy, Pune - MPCB",07-09-2026 15:00:00,18.45445,73.854155,CO,16,40,29
India,Maharashtra,Pune,"Hadapsar, Pune - IITM",07-09-2026 15:00:00,18.501793,73.927532,NH3,NA,NA,NA
India,Maharashtra,Pune,"Hadapsar, Pune - IITM",07-09-2026 15:00:00,18.501793,73.927532,CO,32,99,81
India,Maharashtra,Pune,"Revenue Colony-Shivajinagar, Pune - IITM",07-09-2026 15:00:00,18.530085,73.849598,NO2,13,28,20
India,Maharashtra,Latur,"Sawe Wadi, Latur - MPCB",07-09-2026 15:00:00,18.39963,76.57452,SO2,3,6,4
India,Maharashtra,Latur,"Sawe Wadi, Latur - MPCB",07-09-2026 15:00:00,18.39963,76.57452,OZONE,14,25,21
India,Maharashtra,Mahad,"Kamble Tarf Birwadi, Mahad - MPCB",07-09-2026 15:00:00,18.1023399,73.4783687,OZONE,6,28,10
India,Maharashtra,Mira-Bhayandar,"Bhayandar West, Mira-Bhayandar - MPCB",07-09-2026 15:00:00,19.296481,72.840923,SO2,2,4,3
India,Maharashtra,Mumbai,"Shivaji Nagar, Mumbai - BMC",07-09-2026 15:00:00,19.060498,72.923356,PM10,36,71,48
India,Maharashtra,Mumbai,"Shivaji Nagar, Mumbai - BMC",07-09-2026 15:00:00,19.060498,72.923356,SO2,3,9,7
India,Maharashtra,Mumbai,"Sion, Mumbai - MPCB",07-09-2026 15:00:00,19.047,72.8746,OZONE,NA,NA,NA
India,Maharashtra,Mumbai,"Borivali East, Mumbai - MPCB",07-09-2026 15:00:00,19.2243333,72.8658113,PM10,6,34,20
India,Maharashtra,Mumbai,"Borivali East, Mumbai - MPCB",07-09-2026 15:00:00,19.2243333,72.8658113,CO,7,7,7
India,Maharashtra,Mumbai,"Siddharth Nagar-Worli, Mumbai - IITM",07-09-2026 15:00:00,19.000083,72.813993,NO2,11,15,12
India,Maharashtra,Mumbai,"Siddharth Nagar-Worli, Mumbai - IITM",07-09-2026 15:00:00,19.000083,72.813993,SO2,NA,NA,NA
India,Maharashtra,Mumbai,"Siddharth Nagar-Worli, Mumbai - IITM",07-09-2026 15:00:00,19.000083,72.813993,CO,2,2,2
India,Maharashtra,Mumbai,"Bandra Kurla Complex, Mumbai - MPCB",07-09-2026 15:00:00,19.065931,72.862131,NH3,0,1,0
India,Maharashtra,Mumbai,"Kherwadi_Bandra East, Mumbai - MPCB",07-09-2026 15:00:00,19.0632143,72.8456324,PM2.5,11,33,18
India,Maharashtra,Nashik,"Gangapur Road, Nashik - MPCB",07-09-2026 15:00:00,20.0073285,73.7762427,NO2,5,5,5
India,Maharashtra,Nashik,"Pandav Nagari, Nashik - MPCB",07-09-2026 15:00:00,19.9591346,73.7788008,NH3,1,3,2
India,Maharashtra,Nashik,"Pandav Nagari, Nashik - MPCB",07-09-2026 15:00:00,19.9591346,73.7788008,CO,12,16,14
India,Maharashtra,Nashik,"MIDC Ambad, Nashik - MPCB",07-09-2026 15:00:00,19.95022,73.73148,PM2.5,22,35,28
India,Maharashtra,Nashik,"MIDC Ambad, Nashik - MPCB",07-09-2026 15:00:00,19.95022,73.73148,NH3,NA,NA,NA
India,Maharashtra,Navi Mumbai,"Sanpada, Navi Mumbai - MPCB",07-09-2026 15:00:00,19.0575752,73.0151367,PM2.5,5,32,15
India,Maharashtra,Navi Mumbai,"Sanpada, Navi Mumbai - MPCB",07-09-2026 15:00:00,19.0575752,73.0151367,NO2,3,12,8
India,Maharashtra,Navi Mumbai,"Sanpada, Navi Mumbai - MPCB",07-09-2026 15:00:00,19.0575752,73.0151367,CO,5,25,10
India,Maharashtra,Navi Mumbai,"Sector-2E Kalamboli, Navi Mumbai - MPCB",07-09-2026 15:00:00,19.02579,73.10297,PM10,20,35,27
India,Maharashtra,Navi Mumbai,"Sector-2E Kalamboli, Navi Mumbai - MPCB",07-09-2026 15:00:00,19.02579,73.10297,NO2,NA,NA,NA
India,Maharashtra,Navi Mumbai,"Sector-2E Kalamboli, Navi Mumbai - MPCB",07-09-2026 15:00:00,19.02579,73.10297,NH3,6,12,8
India,Maharashtra,Navi Mumbai,"Sector-2E Kalamboli, Navi Mumbai - MPCB",07-09-2026 15:00:00,19.02579,73.10297,CO,12,17,14
India,Maharashtra,Navi Mumbai,"Sector-2E Kalamboli, Navi Mumbai - MPCB",07-09-2026 15:00:00,19.02579,73.10297,OZONE,10,15,12
India,Maharashtra,Navi Mumbai,"Mahape, Navi Mumbai - MPCB",07-09-2026 15:00:00,19.1135051,73.008978,NH3,1,1,1
India,Maharashtra,Parbhani,"Masoom Colony, Parbhani - MPCB",07-09-2026 15:00:00,19.265594,76.761463,PM10,7,24,13
India,Maharashtra,Parbhani,"Masoom Colony, Parbhani - MPCB",07-09-2026 15:00:00,19.265594,76.761463,NO2,5,16,11
India,Madhya Pradesh,Bhopal,"Idgah Hills, Bhopal - MPPCB",07-09-2026 15:00:00,23.264759,77.381568,CO,10,40,29
India,Madhya Pradesh,Bhopal,"T T Nagar, Bhopal - MPPCB",07-09-2026 15:00:00,23.233584,77.400574,NH3,5,6,6
India,Madhya Pradesh,Damoh,"Shrivastav Colony, Damoh - MPPCB",07-09-2026 15:00:00,23.81748678,79.446246,NO2,5,6,6
India,Madhya Pradesh,Damoh,"Shrivastav Colony, Damoh - MPPCB",07-09-2026 15:00:00,23.81748678,79.446246,SO2,43,56,51
India,Madhya Pradesh,Damoh,"Shrivastav Colony, Damoh - MPPCB",07-09-2026 15:00:00,23.81748678,79.446246,CO,14,19,17
India,Madhya Pradesh,Damoh,"Shrivastav Colony, Damoh - MPPCB",07-09-2026 15:00:00,23.81748678,79.446246,OZONE,NA,NA,NA
India,Madhya Pradesh,Dewas,"Bhopal Chauraha, Dewas - MPPCB",07-09-2026 15:00:00,22.9682591,76.064118,PM10,35,88,53
India,Madhya Pradesh,Gwalior,"Maharaj Bada, Gwalior - MPPCB",07-09-2026 15:00:00,26.200388,78.147714,NH3,2,5,3
India,Madhya Pradesh,Gwalior,"City Center, Gwalior - MPPCB",07-09-2026 15:00:00,26.203442,78.193251,PM10,23,44,33
India,Madhya Pradesh,Gwalior,"City Center, Gwalior - MPPCB",07-09-2026 15:00:00,26.203442,78.193251,CO,31,44,37
India,Madhya Pradesh,Indore,"Airport Area, Indore - IMC",07-09-2026 15:00:00,22.7289,75.8076,OZONE,6,17,8
India,Madhya Pradesh,Indore,"Maguda Nagar, Indore - IMC",07-09-2026 15:00:00,22.7524,75.8872,PM2.5,19,36,28
India,Maharashtra,Mumbai,"Kherwadi_Bandra East, Mumbai - MPCB",07-09-2026 15:00:00,19.0632143,72.8456324,SO2,2,4,3
India,Maharashtra,Mumbai,"Byculla, Mumbai - BMC",07-09-2026 15:00:00,18.9767,72.838,OZONE,2,9,6
India,Maharashtra,Mumbai,"Mindspace-Malad West, Mumbai - MPCB",07-09-2026 15:00:00,19.1878657,72.8304069,NH3,7,8,7
India,Maharashtra,Mumbai,"Mulund West, Mumbai - MPCB",07-09-2026 15:00:00,19.175,72.9419,NO2,12,13,13
India,Maharashtra,Mumbai,"Chembur, Mumbai - MPCB",07-09-2026 15:00:00,19.0364585,72.8954371,NO2,4,16,10
India,Maharashtra,Mumbai,"Kandivali West, Mumbai - BMC",07-09-2026 15:00:00,19.215859,72.831718,PM2.5,19,40,26
India,Maharashtra,Mumbai,"Khindipada-Bhandup West, Mumbai - IITM",07-09-2026 15:00:00,19.1653323,72.922099,PM10,13,60,24
India,Maharashtra,Mumbai,"Malad West, Mumbai - IITM",07-09-2026 15:00:00,19.19709,72.82204,NO2,5,13,8
India,Maharashtra,Sangli,"Vijay Nagar, Sangli - MPCB",07-09-2026 15:00:00,16.5038,74.3623,PM2.5,8,35,22
India,Maharashtra,Sangli,"Vijay Nagar, Sangli - MPCB",07-09-2026 15:00:00,16.5038,74.3623,PM10,29,44,34
India,Maharashtra,Sangli,"Vijay Nagar, Sangli - MPCB",07-09-2026 15:00:00,16.5038,74.3623,SO2,0,8,4
India,Maharashtra,Sangli,"Vijay Nagar, Sangli - MPCB",07-09-2026 15:00:00,16.5038,74.3623,OZONE,13,27,21
India,Maharashtra,Satara,"Koyana Nagar, Satara - MPCB",07-09-2026 15:00:00,17.696651,74.003387,PM2.5,3,112,37
India,Maharashtra,Solapur,"Dnyaneshwar Nagar, Solapur - MPCB",07-09-2026 15:00:00,17.6336264,75.9132495,NO2,4,13,7
India,Maharashtra,Solapur,"Ratandeep Housing Society, Solapur - MPCB",07-09-2026 15:00:00,17.65439,75.90649,CO,28,28,28
India,Maharashtra,Thane,"Upvan Fort, Thane - MPCB",07-09-2026 15:00:00,19.222279,72.957979,CO,6,28,14
India,Maharashtra,Thane,"Upvan Fort, Thane - MPCB",07-09-2026 15:00:00,19.222279,72.957979,OZONE,2,21,10
India,Maharashtra,Thane,"Kasarvadavali, Thane - MPCB",07-09-2026 15:00:00,19.26777,72.97182,PM2.5,17,48,30
India,Maharashtra,Thane,"Kasarvadavali, Thane - MPCB",07-09-2026 15:00:00,19.26777,72.97182,CO,36,57,44
India,Maharashtra,Ulhasnagar,"Vithalwadi, Ulhasnagar - MPCB",07-09-2026 15:00:00,19.2307571,73.155192,NH3,6,7,6
India,Maharashtra,Ulhasnagar,"Vithalwadi, Ulhasnagar - MPCB",07-09-2026 15:00:00,19.2307571,73.155192,CO,7,16,11
India,Maharashtra,Virar,"Bolinj, Virar - MPCB",07-09-2026 15:00:00,19.445821,72.7988231,NH3,4,8,5
India,Meghalaya,Byrnihat,"15th Mile-Nongthymmai, Byrnihat -Meghalaya PCB",07-09-2026 15:00:00,26.079047,91.875185,OZONE,NA,NA,NA
India,Meghalaya,Shillong,"Lumpyngngad, Shillong - Meghalaya PCB",07-09-2026 15:00:00,25.5586,91.8985,SO2,12,13,12
India,Mizoram,Aizawl,"Sikulpuikawn, Aizawl - Mizoram PCB",07-09-2026 15:00:00,23.7176342,92.7192841,PM2.5,NA,NA,NA
India,Odisha,Angul,"Hakimapada, Angul - OSPCB",07-09-2026 15:00:00,20.832874,85.104082,SO2,4,105,18
India,Odisha,Balasore,"Kalidaspur, Balasore - OSPCB",07-09-2026 15:00:00,21.51161,86.89088,OZONE,16,65,46
India,Odisha,Barbil,"Forest Office, Barbil - OSPCB",07-09-2026 15:00:00,22.1166054,85.3945546,NH3,2,2,2
India,Odisha,Barbil,"Forest Office, Barbil - OSPCB",07-09-2026 15:00:00,22.1166054,85.3945546,OZONE,11,53,36
India,Odisha,Bileipada,"Tata Township, Bileipada - OSPCB",07-09-2026 15:00:00,22.06156703,85.47409613,SO2,6,7,7
India,Odisha,Brajrajnagar,"GM Office, Brajrajnagar - OSPCB",07-09-2026 15:00:00,21.8004996,83.8396977,CO,46,53,50
India,Odisha,Byasanagar,"Ferro Chrome Colony, Byasanagar - OSPCB",07-09-2026 15:00:00,20.94185,86.1151,PM2.5,23,92,51
India,Odisha,Byasanagar,"Ferro Chrome Colony, Byasanagar - OSPCB",07-09-2026 15:00:00,20.94185,86.1151,SO2,5,22,13
India,Odisha,Cuttack,"CDA Area, Cuttack - OSPCB",07-09-2026 15:00:00,20.48891,85.84768,PM2.5,10,67,24
India,Odisha,Keonjhar,"Jagamohanpur, Keonjhar - OSPCB",07-09-2026 15:00:00,21.6439,85.599355,CO,40,42,41
India,Odisha,Rourkela,"Sector-2, Rourkela - OSPCB",07-09-2026 15:00:00,22.245,84.88111111,NO2,14,14,14
India,Odisha,Rourkela,"Fertilizer Township, Rourkela - OSPCB",07-09-2026 15:00:00,22.18972222,84.86277778,SO2,NA,NA,NA
India,Odisha,Rourkela,"Fertilizer Township, Rourkela - OSPCB",07-09-2026 15:00:00,22.18972222,84.86277778,OZONE,NA,NA,NA
India,Odisha,Talcher,"Talcher Coalfields,Talcher - OSPCB",07-09-2026 15:00:00,20.9360711,85.1707021,NO2,53,118,89
India,Puducherry,Puducherry,"Jawahar Nagar, Puducherry - PPCC",07-09-2026 15:00:00,11.9309,79.8027,PM2.5,NA,NA,NA
India,Puducherry,Puducherry,"Jawahar Nagar, Puducherry - PPCC",07-09-2026 15:00:00,11.9309,79.8027,NH3,NA,NA,NA
India,Punjab,Bathinda,"Hardev Nagar, Bathinda - PPCB",07-09-2026 15:00:00,30.233011,74.907758,PM2.5,28,211,64
India,Punjab,Jalandhar,"Civil Line, Jalandhar - PPCB",07-09-2026 15:00:00,31.321907,75.578914,OZONE,21,45,31
India,Punjab,Khanna,"Kalal Majra, Khanna - PPCB",07-09-2026 15:00:00,30.736056,76.209694,PM10,35,104,77
India,Punjab,Khanna,"Kalal Majra, Khanna - PPCB",07-09-2026 15:00:00,30.736056,76.209694,NH3,4,10,6
India,Punjab,Patiala,"Model Town, Patiala - PPCB",07-09-2026 15:00:00,30.349388,76.366642,PM2.5,14,41,27
India,Punjab,Rupnagar,"Ratanpura, Rupnagar - Ambuja Cements",07-09-2026 15:00:00,31.0325454,76.5623046,NH3,NA,NA,NA
India,Rajasthan,Ajmer,"Civil Lines,  Ajmer - RSPCB",07-09-2026 15:00:00,26.470859,74.646594,NO2,17,19,18
India,Rajasthan,Alwar,"Vigyan Nagar, Alwar - RSPCB",07-09-2026 15:00:00,27.598796,76.63861,PM2.5,20,55,31
India,Rajasthan,Banswara,"Rati Talai, Banswara - RSPCB",07-09-2026 15:00:00,23.55519,74.44001,SO2,4,22,7
India,Rajasthan,Baran,"Bamboliya, Baran - RSPCB",07-09-2026 15:00:00,25.106006,76.469948,PM10,2,65,27
India,Rajasthan,Baran,"Bamboliya, Baran - RSPCB",07-09-2026 15:00:00,25.106006,76.469948,SO2,4,7,5
India,Rajasthan,Barmer,"Railway Colony, Barmer - RSPCB",07-09-2026 15:00:00,25.747299,71.393989,PM2.5,13,38,27
India,Rajasthan,Barmer,"Railway Colony, Barmer - RSPCB",07-09-2026 15:00:00,25.747299,71.393989,PM10,45,141,77
India,Rajasthan,Barmer,"Railway Colony, Barmer - RSPCB",07-09-2026 15:00:00,25.747299,71.393989,NO2,2,11,6
India,Rajasthan,Barmer,"Railway Colony, Barmer - RSPCB",07-09-2026 15:00:00,25.747299,71.393989,SO2,4,8,6
India,Rajasthan,Bharatpur,"Krishna Nagar, Bharatpur - RSPCB",07-09-2026 15:00:00,27.215415,77.50873,CO,22,27,25
India,Rajasthan,Bhilwara,"Pratap Nagar, Bhilwara - RSPCB",07-09-2026 15:00:00,25.339605,74.618883,PM10,42,142,83
India,Rajasthan,Bhilwara,"Pratap Nagar, Bhilwara - RSPCB",07-09-2026 15:00:00,25.339605,74.618883,CO,18,28,22
India,Rajasthan,Bhiwadi,"RIICO Ind. Area III, Bhiwadi - RSPCB",07-09-2026 15:00:00,28.194909,76.862296,PM10,20,96,56
India,Rajasthan,Bhiwadi,"RIICO Ind. Area III, Bhiwadi - RSPCB",07-09-2026 15:00:00,28.194909,76.862296,NO2,25,66,41
India,Rajasthan,Bhiwadi,"RIICO Ind. Area III, Bhiwadi - RSPCB",07-09-2026 15:00:00,28.194909,76.862296,OZONE,13,66,33
India,Rajasthan,Bhiwadi,"Vasundhara Nagar_UIT, Bhiwadi - RSPCB",07-09-2026 15:00:00,28.207266,76.829265,PM2.5,12,79,49
India,Rajasthan,Bhiwadi,"Vasundhara Nagar_UIT, Bhiwadi - RSPCB",07-09-2026 15:00:00,28.207266,76.829265,NO2,8,71,21
India,Rajasthan,Bhiwadi,"Vasundhara Nagar_UIT, Bhiwadi - RSPCB",07-09-2026 15:00:00,28.207266,76.829265,NH3,3,13,11
India,Rajasthan,Bhiwadi,"Vasundhara Nagar_UIT, Bhiwadi - RSPCB",07-09-2026 15:00:00,28.207266,76.829265,OZONE,20,41,34
India,Rajasthan,Bikaner,"MM Ground, Bikaner - RSPCB",07-09-2026 15:00:00,28.018792,73.292658,PM10,46,399,108
India,Rajasthan,Bikaner,"MM Ground, Bikaner - RSPCB",07-09-2026 15:00:00,28.018792,73.292658,CO,6,23,13
India,Rajasthan,Bundi,"New Colony, Bundi - RSPCB",07-09-2026 15:00:00,25.435774,75.644272,CO,6,8,7
India,Rajasthan,Chittorgarh,"Shastri Nagar, Chittorgarh - RSPCB",07-09-2026 15:00:00,24.892047,74.623527,NH3,7,12,9
India,Rajasthan,Dausa,"Khatikan Mohalla, Dausa - RSPCB",07-09-2026 15:00:00,26.895552,76.334753,NO2,6,48,21
India,Rajasthan,Dausa,"Khatikan Mohalla, Dausa - RSPCB",07-09-2026 15:00:00,26.895552,76.334753,SO2,0,8,2
India,Rajasthan,Dholpur,"Raja Ganj, Dholpur - RSPCB",07-09-2026 15:00:00,26.699557,77.898881,PM10,NA,NA,NA
India,Rajasthan,Dungarpur,"Bhoiwada, Dungarpur - RSPCB",07-09-2026 15:00:00,23.837789,73.714926,OZONE,16,39,30
India,Rajasthan,Jaipur,"Mansarovar Sector-12, Jaipur - RSPCB",07-09-2026 15:00:00,26.843698,75.766894,NH3,1,5,3
India,Rajasthan,Jaipur,"Mansarovar Sector-12, Jaipur - RSPCB",07-09-2026 15:00:00,26.843698,75.766894,SO2,2,4,3
India,Rajasthan,Jaipur,"Sector-2 Murlipura, Jaipur - RSPCB",07-09-2026 15:00:00,26.960669,75.771817,PM2.5,20,56,33
India,Rajasthan,Jaipur,"Sector-2 Murlipura, Jaipur - RSPCB",07-09-2026 15:00:00,26.960669,75.771817,CO,19,19,19
India,Rajasthan,Jaipur,"Police Commissionerate, Jaipur - RSPCB",07-09-2026 15:00:00,26.9164092,75.7994901,NO2,37,68,55
India,Rajasthan,Jaipur,"Police Commissionerate, Jaipur - RSPCB",07-09-2026 15:00:00,26.9164092,75.7994901,OZONE,29,37,32
India,Rajasthan,Jaipur,"RIICO Sitapura, Jaipur - RSPCB",07-09-2026 15:00:00,26.786682,75.827928,NH3,NA,NA,NA
India,Delhi,Delhi,"Jahangirpuri, Delhi - DPCC",07-09-2026 15:00:00,28.73282,77.170633,NH3,9,12,11
India,Delhi,Delhi,"IHBAS, Dilshad Garden, Delhi - CPCB",07-09-2026 15:00:00,28.6811736,77.3025234,SO2,7,27,19
India,Delhi,Delhi,"Sri Aurobindo Marg, Delhi - DPCC",07-09-2026 15:00:00,28.531346,77.190156,PM10,17,118,62
India,Delhi,Delhi,"Nehru Nagar, Delhi - DPCC",07-09-2026 15:00:00,28.56789,77.250515,PM10,37,143,101
India,Delhi,Delhi,"Nehru Nagar, Delhi - DPCC",07-09-2026 15:00:00,28.56789,77.250515,NO2,19,55,32
India,Delhi,Delhi,"Nehru Nagar, Delhi - DPCC",07-09-2026 15:00:00,28.56789,77.250515,NH3,4,6,5
India,Delhi,Delhi,"Nehru Nagar, Delhi - DPCC",07-09-2026 15:00:00,28.56789,77.250515,SO2,1,109,14
India,Delhi,Delhi,"Nehru Nagar, Delhi - DPCC",07-09-2026 15:00:00,28.56789,77.250515,CO,19,56,45
India,Delhi,Delhi,"Patparganj, Delhi - DPCC",07-09-2026 15:00:00,28.623763,77.287209,PM2.5,5,253,72
India,Delhi,Delhi,"Patparganj, Delhi - DPCC",07-09-2026 15:00:00,28.623763,77.287209,NO2,10,76,37
India,Delhi,Delhi,"Patparganj, Delhi - DPCC",07-09-2026 15:00:00,28.623763,77.287209,NH3,6,9,7
India,Delhi,Delhi,"Patparganj, Delhi - DPCC",07-09-2026 15:00:00,28.623763,77.287209,OZONE,12,16,13
India,Delhi,Delhi,"Jawaharlal Nehru Stadium, Delhi - DPCC",07-09-2026 15:00:00,28.58028,77.233829,SO2,18,43,32
India,Delhi,Delhi,"Jawaharlal Nehru Stadium, Delhi - DPCC",07-09-2026 15:00:00,28.58028,77.233829,CO,34,98,59
India,Delhi,Delhi,"Wazirpur, Delhi - DPCC",07-09-2026 15:00:00,28.699793,77.165453,PM10,29,175,112
India,Delhi,Delhi,"Wazirpur, Delhi - DPCC",07-09-2026 15:00:00,28.699793,77.165453,CO,61,102,79
India,Delhi,Delhi,"NSUT Jaffarpur, Delhi - DPCC",07-09-2026 15:00:00,28.594004,76.909423,CO,43,57,46
India,Delhi,Delhi,"Mundka, Delhi - DPCC",07-09-2026 15:00:00,28.684678,77.076574,PM2.5,23,163,62
India,Delhi,Delhi,"Mundka, Delhi - DPCC",07-09-2026 15:00:00,28.684678,77.076574,NO2,68,95,82
India,Delhi,Delhi,"Mundka, Delhi - DPCC",07-09-2026 15:00:00,28.684678,77.076574,NH3,4,7,5
India,Delhi,Delhi,"Mundka, Delhi - DPCC",07-09-2026 15:00:00,28.684678,77.076574,CO,38,60,48
India,Delhi,Delhi,"Punjabi Bagh, Delhi - DPCC",07-09-2026 15:00:00,28.674045,77.131023,PM10,41,190,102
India,Bihar,Patna,"Samanpura, Patna - BSPCB",07-09-2026 15:00:00,25.596727,85.085624,SO2,3,3,3
India,Bihar,Purnia,"Mariam Nagar, Purnia - BSPCB",07-09-2026 15:00:00,25.366336,87.117468,PM10,33,33,33
India,Bihar,Rajgir,"Dangi Tola, Rajgir - BSPCB",07-09-2026 15:00:00,25.0328,85.41948,NH3,3,3,3
India,Bihar,Rajgir,"Dangi Tola, Rajgir - BSPCB",07-09-2026 15:00:00,25.0328,85.41948,SO2,2,3,3
India,Bihar,Samastipur,"DM Office_Kasipur, Samastipur - BSPCB",07-09-2026 15:00:00,25.859655,85.77944,PM10,NA,NA,NA
India,Bihar,Samastipur,"DM Office_Kasipur, Samastipur - BSPCB",07-09-2026 15:00:00,25.859655,85.77944,NO2,8,9,8
India,Bihar,Samastipur,"DM Office_Kasipur, Samastipur - BSPCB",07-09-2026 15:00:00,25.859655,85.77944,OZONE,5,6,6
India,Bihar,Sasaram,"Dada Peer, Sasaram - BSPCB",07-09-2026 15:00:00,24.952822,84.002396,PM10,7,255,82
India,Bihar,Sasaram,"Dada Peer, Sasaram - BSPCB",07-09-2026 15:00:00,24.952822,84.002396,NO2,2,3,2
India,Bihar,Sasaram,"Dada Peer, Sasaram - BSPCB",07-09-2026 15:00:00,24.952822,84.002396,NH3,3,3,3
India,Bihar,Siwan,"Chitragupta Nagar, Siwan - BSPCB",07-09-2026 15:00:00,26.2271665,84.3570427,PM2.5,NA,NA,NA
India,Bihar,Siwan,"Chitragupta Nagar, Siwan - BSPCB",07-09-2026 15:00:00,26.2271665,84.3570427,CO,66,84,78
India,Chandigarh,Chandigarh,"Sector-25, Chandigarh - CPCC",07-09-2026 15:00:00,30.751462,76.762879,PM2.5,12,29,20
India,Chandigarh,Chandigarh,"Sector-25, Chandigarh - CPCC",07-09-2026 15:00:00,30.751462,76.762879,NO2,6,49,16
India,Chandigarh,Chandigarh,"Sector-25, Chandigarh - CPCC",07-09-2026 15:00:00,30.751462,76.762879,NH3,9,12,11
India,Chandigarh,Chandigarh,"Sector-53, Chandigarh - CPCC",07-09-2026 15:00:00,30.719859,76.738637,PM10,19,45,29
India,Chandigarh,Chandigarh,"Sector-53, Chandigarh - CPCC",07-09-2026 15:00:00,30.719859,76.738637,CO,29,35,33
India,Chhattisgarh,Bhilai,"32Bungalows, Bhilai - CECB",07-09-2026 15:00:00,21.194815,81.31477,NH3,4,5,4
India,Chhattisgarh,Bhilai,"Civic Center, Bhilai - Bhilai Steel Plant",07-09-2026 15:00:00,21.185571,81.343175,NO2,15,16,15
India,Chhattisgarh,Bhilai,"Civic Center, Bhilai - Bhilai Steel Plant",07-09-2026 15:00:00,21.185571,81.343175,CO,20,21,21
India,Andhra Pradesh,Kurnool,"Sita Rama Nagar, Kurnool - APPCB",07-09-2026 15:00:00,15.83411,78.028546,PM2.5,26,126,47
India,Andhra Pradesh,Kurnool,"Sita Rama Nagar, Kurnool - APPCB",07-09-2026 15:00:00,15.83411,78.028546,NH3,5,6,5
India,Andhra Pradesh,Kurnool,"Sita Rama Nagar, Kurnool - APPCB",07-09-2026 15:00:00,15.83411,78.028546,OZONE,13,75,41
India,Andhra Pradesh,Nellore,"Ambedkar Nagar, Nellore - APPCB ",07-09-2026 15:00:00,14.438164,79.966814,PM10,63,76,69
India,Andhra Pradesh,Rajamahendravaram,"Anand Kala Kshetram, Rajamahendravaram - APPCB",07-09-2026 15:00:00,16.9872867,81.7363176,PM2.5,16,54,39
India,Andhra Pradesh,Tirumala,"Toll Gate, Tirumala - APPCB",07-09-2026 15:00:00,13.67,79.35,PM10,22,125,43
India,Andhra Pradesh,Tirumala,"Toll Gate, Tirumala - APPCB",07-09-2026 15:00:00,13.67,79.35,NH3,1,3,3
India,Andhra Pradesh,Tirupati,"Vaikuntapuram, Tirupati - APPCB",07-09-2026 15:00:00,13.615387,79.40923,NH3,NA,NA,NA
India,Andhra Pradesh,Tirupati,"Vaikuntapuram, Tirupati - APPCB",07-09-2026 15:00:00,13.615387,79.40923,OZONE,47,58,52
India,Andhra Pradesh,Vijayawada,"Rajiv Nagar, Vijayawada - APPCB",07-09-2026 15:00:00,16.554731,80.64911,NH3,4,6,6
India,Andhra Pradesh,Vijayawada,"Rajiv Nagar, Vijayawada - APPCB",07-09-2026 15:00:00,16.554731,80.64911,CO,28,34,31
India,Andhra Pradesh,Vijayawada,"HB Colony, Vijayawada - APPCB",07-09-2026 15:00:00,16.536107,80.594233,PM10,NA,NA,NA
India,Andhra Pradesh,Vijayawada,"HB Colony, Vijayawada - APPCB",07-09-2026 15:00:00,16.536107,80.594233,OZONE,22,38,26
India,Andhra Pradesh,Vijayawada,"Rajiv Gandhi Park, Vijayawada - APPCB",07-09-2026 15:00:00,16.509717,80.612222,PM2.5,42,68,57
India,Andhra Pradesh,Vijayawada,"Rajiv Gandhi Park, Vijayawada - APPCB",07-09-2026 15:00:00,16.509717,80.612222,PM10,46,75,63
India,Andhra Pradesh,Vijayawada,"Rajiv Gandhi Park, Vijayawada - APPCB",07-09-2026 15:00:00,16.509717,80.612222,SO2,17,20,19
India,Andhra Pradesh,Vijayawada,"Rajiv Gandhi Park, Vijayawada - APPCB",07-09-2026 15:00:00,16.509717,80.612222,OZONE,23,51,35
India,Assam,Sivasagar,"Girls College, Sivasagar - PCBA",07-09-2026 15:00:00,26.987634,94.636574,PM2.5,19,51,33
India,Assam,Sivasagar,"Girls College, Sivasagar - PCBA",07-09-2026 15:00:00,26.987634,94.636574,NH3,1,6,2
India,Assam,Sivasagar,"Girls College, Sivasagar - PCBA",07-09-2026 15:00:00,26.987634,94.636574,SO2,7,10,8
India,Assam,Sivasagar,"Girls College, Sivasagar - PCBA",07-09-2026 15:00:00,26.987634,94.636574,OZONE,15,52,28
India,Bihar,Araria,"Kharahiya Basti, Araria - BSPCB",07-09-2026 15:00:00,26.146529,87.454184,SO2,12,30,21
India,Bihar,Begusarai,"Lohiyanagar, Begusarai - BSPCB",07-09-2026 15:00:00,25.42742023,86.13886079,PM2.5,10,113,58
India,Bihar,Begusarai,"Lohiyanagar, Begusarai - BSPCB",07-09-2026 15:00:00,25.42742023,86.13886079,NO2,5,13,9
India,Bihar,Bettiah,"Kamalnath Nagar, Bettiah - BSPCB",07-09-2026 15:00:00,26.80365,84.51954,PM2.5,21,26,23
India,Bihar,Bhagalpur,"DM Office_Kachari Chowk, Bhagalpur - BSPCB",07-09-2026 15:00:00,25.251013,86.989001,PM2.5,NA,NA,NA
India,Bihar,Bhagalpur,"DM Office_Kachari Chowk, Bhagalpur - BSPCB",07-09-2026 15:00:00,25.251013,86.989001,PM10,NA,NA,NA
India,Bihar,Bihar Sharif,"D M Colony, Bihar Sharif - BSPCB",07-09-2026 15:00:00,25.204762,85.51496,PM2.5,NA,NA,NA
India,Bihar,Bihar Sharif,"D M Colony, Bihar Sharif - BSPCB",07-09-2026 15:00:00,25.204762,85.51496,NH3,3,4,3
India,Bihar,Gaya,"Collectorate, Gaya - BSPCB",07-09-2026 15:00:00,24.7955,84.9994,PM2.5,NA,NA,NA
India,Bihar,Gaya,"Collectorate, Gaya - BSPCB",07-09-2026 15:00:00,24.7955,84.9994,OZONE,28,28,28
India,Bihar,Gaya,"SFTI Kusdihra, Gaya - BSPCB",07-09-2026 15:00:00,24.762518,84.982348,PM2.5,11,37,27
India,Bihar,Gaya,"SFTI Kusdihra, Gaya - BSPCB",07-09-2026 15:00:00,24.762518,84.982348,SO2,0,22,12
India,Bihar,Gaya,"Kareemganj, Gaya - BSPCB",07-09-2026 15:00:00,24.792403,84.992416,PM2.5,NA,NA,NA
India,Bihar,Gaya,"Kareemganj, Gaya - BSPCB",07-09-2026 15:00:00,24.792403,84.992416,SO2,29,46,40
India,Bihar,Katihar,"Mirchaibari, Katihar - BSPCB",07-09-2026 15:00:00,25.560083,87.553265,NO2,2,2,2
India,Bihar,Katihar,"Mirchaibari, Katihar - BSPCB",07-09-2026 15:00:00,25.560083,87.553265,SO2,14,20,17
India,Bihar,Kishanganj,"SDM Office_Khagra, Kishanganj - BSPCB",07-09-2026 15:00:00,26.0881305,87.93840336,PM2.5,37,70,53
India,Bihar,Kishanganj,"SDM Office_Khagra, Kishanganj - BSPCB",07-09-2026 15:00:00,26.0881305,87.93840336,NH3,3,3,3
India,Bihar,Manguraha,"Forest Rest House, Manguraha - BSPCB",07-09-2026 15:00:00,27.308328,84.531742,NO2,9,20,15
India,Bihar,Motihari,"Gandak Colony, Motihari - BSPCB",07-09-2026 15:00:00,26.63086,84.90051,NO2,2,3,3
India,Bihar,Motihari,"Gandak Colony, Motihari - BSPCB",07-09-2026 15:00:00,26.63086,84.90051,NH3,1,1,1
India,Bihar,Motihari,"Gandak Colony, Motihari - BSPCB",07-09-2026 15:00:00,26.63086,84.90051,CO,11,13,12
India,Bihar,Muzaffarpur,"MIT-Daudpur Kothi, Muzaffarpur - BSPCB",07-09-2026 15:00:00,26.1403345,85.3650192,NO2,2,4,3
India,Bihar,Muzaffarpur,"MIT-Daudpur Kothi, Muzaffarpur - BSPCB",07-09-2026 15:00:00,26.1403345,85.3650192,NH3,1,1,1
India,Bihar,Muzaffarpur,"MIT-Daudpur Kothi, Muzaffarpur - BSPCB",07-09-2026 15:00:00,26.1403345,85.3650192,OZONE,27,58,39
India,Bihar,Patna,"Rajbansi Nagar, Patna - BSPCB",07-09-2026 15:00:00,25.599486,85.113666,PM2.5,21,43,28
India,Bihar,Patna,"Govt. High School Shikarpur, Patna - BSPCB",07-09-2026 15:00:00,25.592539,85.227158,NO2,5,7,6
India,Bihar,Patna,"DRM Office Danapur, Patna - BSPCB",07-09-2026 15:00:00,25.586562,85.043586,PM2.5,22,35,27
India,Bihar,Patna,"DRM Office Danapur, Patna - BSPCB",07-09-2026 15:00:00,25.586562,85.043586,SO2,5,7,6
India,Chhattisgarh,Bilaspur,"Mangala, Bilaspur - NTPC",07-09-2026 15:00:00,22.08815,82.13737,PM10,31,114,66
India,Chhattisgarh,Bilaspur,"Mangala, Bilaspur - NTPC",07-09-2026 15:00:00,22.08815,82.13737,NH3,NA,NA,NA
India,Chhattisgarh,Chhal,"Nawapara SECL Colony, Chhal - CECB",07-09-2026 15:00:00,22.118125,83.140608,SO2,NA,NA,NA
India,Chhattisgarh,Korba,"Rampur, Korba - CECB",07-09-2026 15:00:00,22.368195,82.746431,NH3,1,1,1
India,Chhattisgarh,Korba,"Rampur, Korba - CECB",07-09-2026 15:00:00,22.368195,82.746431,CO,7,39,19
India,Chhattisgarh,Milupara,"Govt. Higher Secondary School, Milupara - CECB",07-09-2026 15:00:00,22.1910172,83.5197009,CO,7,13,10
India,Chhattisgarh,Raipur,"Krishak Nagar, Raipur - CECB",07-09-2026 15:00:00,21.237755,81.705301,NH3,2,2,2
India,Chhattisgarh,Raipur,"Krishak Nagar, Raipur - CECB",07-09-2026 15:00:00,21.237755,81.705301,OZONE,2,37,14
India,Chhattisgarh,Raipur,"Bhatagaon New ISBT, Raipur - CECB",07-09-2026 15:00:00,21.219665,81.630094,PM2.5,13,30,20
India,Chhattisgarh,Raipur,"Bhatagaon New ISBT, Raipur - CECB",07-09-2026 15:00:00,21.219665,81.630094,PM10,27,49,37
India,Chhattisgarh,Raipur,"Siltara Phase-II, Raipur - CECB",07-09-2026 15:00:00,21.371751,81.664929,PM2.5,23,80,41
India,Chhattisgarh,Raipur,"Siltara Phase-II, Raipur - CECB",07-09-2026 15:00:00,21.371751,81.664929,PM10,31,129,83
India,Chhattisgarh,Raipur,"Siltara Phase-II, Raipur - CECB",07-09-2026 15:00:00,21.371751,81.664929,NO2,NA,NA,NA
India,Chhattisgarh,Raipur,"Siltara Phase-II, Raipur - CECB",07-09-2026 15:00:00,21.371751,81.664929,NH3,2,2,2
India,Chhattisgarh,Raipur,"Siltara Phase-II, Raipur - CECB",07-09-2026 15:00:00,21.371751,81.664929,SO2,1,46,12
India,Chhattisgarh,Raipur,"AIIMS, Raipur - CECB",07-09-2026 15:00:00,21.258815,81.578979,PM10,23,41,30
India,Assam,Byrnihat,"Central Academy for SFS, Byrnihat - PCBA",07-09-2026 15:00:00,26.071318,91.87488,NO2,6,9,8
India,Assam,Byrnihat,"Central Academy for SFS, Byrnihat - PCBA",07-09-2026 15:00:00,26.071318,91.87488,OZONE,16,22,19
India,Assam,Guwahati,"IITG, Guwahati - PCBA",07-09-2026 15:00:00,26.2028636,91.70046436,PM2.5,11,27,19
India,Assam,Guwahati,"IITG, Guwahati - PCBA",07-09-2026 15:00:00,26.2028636,91.70046436,NO2,1,3,1
India,Assam,Guwahati,"Pan Bazaar, Guwahati - PCBA",07-09-2026 15:00:00,26.1875,91.744194,NO2,1,2,1
India,Assam,Guwahati,"Pan Bazaar, Guwahati - PCBA",07-09-2026 15:00:00,26.1875,91.744194,OZONE,14,23,20
India,Assam,Guwahati,"LGBI Airport, Guwahati - PCBA",07-09-2026 15:00:00,26.10887,91.589544,NO2,6,33,14
India,Assam,Guwahati,"Railway Colony, Guwahati - PCBA",07-09-2026 15:00:00,26.181742,91.78063,SO2,8,17,11
India,Assam,Nagaon,"Christianpatty, Nagaon - PCBA",07-09-2026 15:00:00,26.349082,92.68449,NO2,1,1,1
India,Assam,Nalbari,"Bata Chowk, Nalbari - PCBA",07-09-2026 15:00:00,26.446912,91.439057,NO2,14,15,15
India,Assam,Nalbari,"Bata Chowk, Nalbari - PCBA",07-09-2026 15:00:00,26.446912,91.439057,SO2,8,8,8
India,Delhi,Delhi,"Anand Vihar, Delhi - DPCC",07-09-2026 15:00:00,28.647622,77.315809,SO2,32,40,36
India,Delhi,Delhi,"Shadipur, Delhi - CPCB",07-09-2026 15:00:00,28.6514781,77.1473105,OZONE,9,12,10
India,Delhi,Delhi,"Pusa, Delhi - DPCC",07-09-2026 15:00:00,28.639652,77.146275,PM10,19,201,111
India,Delhi,Delhi,"Pusa, Delhi - DPCC",07-09-2026 15:00:00,28.639652,77.146275,OZONE,10,12,11
India,Delhi,Delhi,"Sirifort, Delhi - CPCB",07-09-2026 15:00:00,28.5504249,77.2159377,PM10,21,112,72
India,Delhi,Delhi,"Sirifort, Delhi - CPCB",07-09-2026 15:00:00,28.5504249,77.2159377,OZONE,13,18,15
India,Delhi,Delhi,"Chandni Chowk, Delhi - IITM",07-09-2026 15:00:00,28.656756,77.227234,PM10,23,149,95
India,Delhi,Delhi,"Chandni Chowk, Delhi - IITM",07-09-2026 15:00:00,28.656756,77.227234,OZONE,2,18,9
India,Delhi,Delhi,"Pusa, Delhi - IITM",07-09-2026 15:00:00,28.63611,77.173332,PM10,NA,NA,NA
India,Delhi,Delhi,"DTU, Delhi - CPCB",07-09-2026 15:00:00,28.7500499,77.1112615,SO2,29,34,31
India,Delhi,Delhi,"DTU, Delhi - CPCB",07-09-2026 15:00:00,28.7500499,77.1112615,OZONE,10,40,23
India,Delhi,Delhi,"ITO, Delhi - CPCB",07-09-2026 15:00:00,28.628624,77.24106,PM2.5,16,122,57
India,Delhi,Delhi,"ITO, Delhi - CPCB",07-09-2026 15:00:00,28.628624,77.24106,SO2,NA,NA,NA
India,Delhi,Delhi,"Narela, Delhi - DPCC",07-09-2026 15:00:00,28.822836,77.101981,PM2.5,2,70,39
India,Delhi,Delhi,"Narela, Delhi - DPCC",07-09-2026 15:00:00,28.822836,77.101981,PM10,8,97,65
India,Delhi,Delhi,"Sonia Vihar, Delhi - DPCC",07-09-2026 15:00:00,28.710508,77.249485,SO2,5,22,13
India,Delhi,Delhi,"Okhla Phase-2, Delhi - DPCC",07-09-2026 15:00:00,28.530785,77.271255,PM2.5,8,95,55
India,Delhi,Delhi,"Rohini, Delhi - DPCC",07-09-2026 15:00:00,28.732528,77.11992,NO2,0,10,5
India,Delhi,Delhi,"Rohini, Delhi - DPCC",07-09-2026 15:00:00,28.732528,77.11992,NH3,3,5,3
India,Delhi,Delhi,"Vivek Vihar, Delhi - DPCC",07-09-2026 15:00:00,28.672342,77.31526,NH3,3,4,4
India,Andhra Pradesh,Amaravati,"Secretariat, Amaravati - APPCB",07-09-2026 15:00:00,16.5150833,80.5181667,PM10,5,63,39
India,Andhra Pradesh,Chittoor,"Gangineni Cheruvu, Chittoor - APPCB",07-09-2026 15:00:00,13.20488,79.097889,SO2,18,27,20
India,Andhra Pradesh,Eluru,"District Court, Eluru - APPCB",07-09-2026 15:00:00,16.711754,81.092095,NO2,12,35,19
India,Andhra Pradesh,Eluru,"District Court, Eluru - APPCB",07-09-2026 15:00:00,16.711754,81.092095,SO2,13,21,15
India,Haryana,Mandikhera,"General Hospital, Mandikhera(Nuh) - HSPCB",07-09-2026 15:00:00,27.9002,76.9938,PM2.5,36,89,53
India,Haryana,Mandikhera,"General Hospital, Mandikhera(Nuh) - HSPCB",07-09-2026 15:00:00,27.9002,76.9938,NH3,7,9,7
India,Haryana,Manesar,"Sector-2 IMT, Manesar - HSPCB",07-09-2026 15:00:00,28.360699,76.93609,PM2.5,29,159,71
India,Haryana,Manesar,"Sector-2 IMT, Manesar - HSPCB",07-09-2026 15:00:00,28.360699,76.93609,PM10,27,113,64
India,Haryana,Manesar,"Sector-2 IMT, Manesar - HSPCB",07-09-2026 15:00:00,28.360699,76.93609,NO2,17,75,31
India,Haryana,Manesar,"Sector-2 IMT, Manesar - HSPCB",07-09-2026 15:00:00,28.360699,76.93609,NH3,7,15,12
India,Haryana,Manesar,"Sector-2 IMT, Manesar - HSPCB",07-09-2026 15:00:00,28.360699,76.93609,SO2,7,42,15
India,Haryana,Narnaul,"Shastri Nagar, Narnaul - HSPCB",07-09-2026 15:00:00,28.060249,76.113115,PM2.5,41,75,55
India,Haryana,Palwal,"Shyam Nagar, Palwal - HSPCB",07-09-2026 15:00:00,28.1485564,77.3320667,NH3,6,6,6
India,Haryana,Panchgaon,"Amity University, Panchgaon - IITM",07-09-2026 15:00:00,28.3153,76.9143,PM10,NA,NA,NA
India,Haryana,Panchgaon,"Amity University, Panchgaon - IITM",07-09-2026 15:00:00,28.3153,76.9143,CO,30,114,85
India,Haryana,Panchgaon,"Amity University, Panchgaon - IITM",07-09-2026 15:00:00,28.3153,76.9143,OZONE,17,61,38
India,Haryana,Panchkula,"Sector-6, Panchkula - HSPCB ",07-09-2026 15:00:00,30.7057778,76.8531805555555,NO2,27,32,30
India,Haryana,Panchkula,"Sector-6, Panchkula - HSPCB ",07-09-2026 15:00:00,30.7057778,76.8531805555555,NH3,NA,NA,NA
India,Haryana,Panipat,"Sector-18, Panipat - HSPCB",07-09-2026 15:00:00,29.432304,76.972765,NH3,7,12,10
India,Haryana,Panipat,"Sector-18, Panipat - HSPCB",07-09-2026 15:00:00,29.432304,76.972765,CO,18,28,26
India,Haryana,Panipat,"Sector-18, Panipat - HSPCB",07-09-2026 15:00:00,29.432304,76.972765,OZONE,41,43,42
India,Haryana,Rohtak,"MD University, Rohtak - HSPCB",07-09-2026 15:00:00,28.52123,76.37138,PM2.5,11,47,30
India,Haryana,Rohtak,"MD University, Rohtak - HSPCB",07-09-2026 15:00:00,28.52123,76.37138,CO,33,40,36
India,Haryana,Sonipat,"Murthal, Sonipat - HSPCB",07-09-2026 15:00:00,29.0272,77.0621,PM10,8,83,47
India,Haryana,Sonipat,"Murthal, Sonipat - HSPCB",07-09-2026 15:00:00,29.0272,77.0621,NH3,8,9,9
India,Haryana,Yamuna Nagar,"Gobind Pura, Yamuna Nagar - HSPCB",07-09-2026 15:00:00,30.1480566,77.2893471,NO2,11,21,16
India,Haryana,Yamuna Nagar,"Gobind Pura, Yamuna Nagar - HSPCB",07-09-2026 15:00:00,30.1480566,77.2893471,NH3,1,6,4
India,Himachal Pradesh,Baddi,"HIMUDA Complex Phase-1, Baddi - HPPCB",07-09-2026 15:00:00,30.943887,76.801991,PM10,47,426,119
India,Delhi,Delhi,"Dr. Karni Singh Shooting Range, Delhi - DPCC",07-09-2026 15:00:00,28.498571,77.26484,OZONE,7,76,39
India,Delhi,Delhi,"IIT Delhi, Delhi - IITM",07-09-2026 15:00:00,28.54246,77.191651,CO,21,47,28
India,Delhi,Delhi,"IIT Delhi, Delhi - IITM",07-09-2026 15:00:00,28.54246,77.191651,OZONE,16,58,39
India,Delhi,Delhi,"IGI Airport (T3), Delhi - IITM",07-09-2026 15:00:00,28.5627763,77.1180053,SO2,NA,NA,NA
India,Delhi,Delhi,"IGNOU_Maidan Garhi, Delhi - DPCC",07-09-2026 15:00:00,28.493624,77.201159,NH3,1,4,2
India,Delhi,Delhi,"IGNOU_Maidan Garhi, Delhi - DPCC",07-09-2026 15:00:00,28.493624,77.201159,SO2,6,8,7
India,Delhi,Delhi,"Commonwealth Sports Complex, Delhi - DPCC",07-09-2026 15:00:00,28.615828,77.271992,PM2.5,14,94,66
India,Delhi,Delhi,"Talkatora Garden, Delhi - DPCC",07-09-2026 15:00:00,28.62181,77.1944633,PM2.5,14,87,50
India,Delhi,Delhi,"Talkatora Garden, Delhi - DPCC",07-09-2026 15:00:00,28.62181,77.1944633,NO2,8,57,29
India,Delhi,Delhi,"NSIT Dwarka, Delhi - CPCB",07-09-2026 15:00:00,28.60909,77.0325413,PM10,11,59,42
India,Delhi,Delhi,"Aya Nagar, Delhi - IITM",07-09-2026 15:00:00,28.4706914,77.1099364,NO2,4,40,20
India,Delhi,Delhi,"CRRI Mathura Road, Delhi - IITM",07-09-2026 15:00:00,28.5512005,77.2735737,NO2,NA,NA,NA
India,Delhi,Delhi,"Burari Crossing, Delhi - IITM",07-09-2026 15:00:00,28.7256504,77.2011573,PM2.5,6,135,64
India,Delhi,Delhi,"Burari Crossing, Delhi - IITM",07-09-2026 15:00:00,28.7256504,77.2011573,PM10,14,114,79
India,Delhi,Delhi,"Burari Crossing, Delhi - IITM",07-09-2026 15:00:00,28.7256504,77.2011573,OZONE,26,82,62
India,Delhi,Delhi,"IMD Lodhi Road, Delhi - IITM",07-09-2026 15:00:00,28.5918245,77.2273074,PM2.5,25,130,58
India,Delhi,Delhi,"IMD Lodhi Road, Delhi - IITM",07-09-2026 15:00:00,28.5918245,77.2273074,PM10,26,125,74
India,Delhi,Delhi,"IMD Lodhi Road, Delhi - IITM",07-09-2026 15:00:00,28.5918245,77.2273074,OZONE,3,166,97
India,Delhi,Delhi,"JNU, Delhi - DPCC",07-09-2026 15:00:00,28.540721,77.168544,NO2,10,56,23
India,Delhi,Delhi,"JNU, Delhi - DPCC",07-09-2026 15:00:00,28.540721,77.168544,OZONE,11,27,19
India,Haryana,Faridabad,"Sector 30, Faridabad - HSPCB",07-09-2026 15:00:00,28.4417,77.3217,NO2,36,40,38
India,Haryana,Faridabad,"Sector 30, Faridabad - HSPCB",07-09-2026 15:00:00,28.4417,77.3217,CO,25,27,26
India,Haryana,Fatehabad,"Huda Sector, Fatehabad - HSPCB",07-09-2026 15:00:00,29.503664,75.467934,PM2.5,17,93,60
India,Haryana,Gurugram,"Teri Gram, Gurugram - HSPCB",07-09-2026 15:00:00,28.4275,77.1465,PM10,10,107,38
India,Haryana,Gurugram,"Vikas Sadan, Gurugram - HSPCB",07-09-2026 15:00:00,28.4501238,77.0263051,PM10,117,249,185
India,Haryana,Gurugram,"Vikas Sadan, Gurugram - HSPCB",07-09-2026 15:00:00,28.4501238,77.0263051,NH3,NA,NA,NA
India,Haryana,Gurugram,"Vikas Sadan, Gurugram - HSPCB",07-09-2026 15:00:00,28.4501238,77.0263051,CO,25,75,47
India,Haryana,Gurugram,"Vikas Sadan, Gurugram - HSPCB",07-09-2026 15:00:00,28.4501238,77.0263051,OZONE,2,3,3
India,Haryana,Hisar,"Urban Estate-II, Hisar - HSPCB",07-09-2026 15:00:00,29.14056,75.744941,PM10,30,77,50
India,Haryana,Hisar,"Urban Estate-II, Hisar - HSPCB",07-09-2026 15:00:00,29.14056,75.744941,SO2,13,14,13
India,Haryana,Jind,"Police Lines, Jind - HSPCB",07-09-2026 15:00:00,29.307814,76.337619,SO2,27,30,28
India,Haryana,Jind,"Police Lines, Jind - HSPCB",07-09-2026 15:00:00,29.307814,76.337619,OZONE,7,13,10
India,Haryana,Karnal,"Sector-12, Karnal - HSPCB",07-09-2026 15:00:00,29.6953,77.0027,NH3,6,12,8
India,Haryana,Karnal,"Sector-12, Karnal - HSPCB",07-09-2026 15:00:00,29.6953,77.0027,CO,40,56,50
India,Haryana,Kurukshetra,"Sector-7, Kurukshetra - HSPCB",07-09-2026 15:00:00,29.966942,76.875879,PM2.5,31,83,56
India,Haryana,Kurukshetra,"Sector-7, Kurukshetra - HSPCB",07-09-2026 15:00:00,29.966942,76.875879,NO2,6,8,7
India,Haryana,Kurukshetra,"Sector-7, Kurukshetra - HSPCB",07-09-2026 15:00:00,29.966942,76.875879,SO2,2,14,8
India,Gujarat,Vadodara,"Bapunagar, Vadodara - Nexteng Enviro",07-09-2026 15:00:00,22.320153,73.216285,OZONE,3,4,4
India,Gujarat,Vatva,"Phase-4 GIDC, Vatva - GPCB",07-09-2026 15:00:00,22.969611,72.6435,PM2.5,55,321,157
India,Gujarat,Vatva,"Phase-4 GIDC, Vatva - GPCB",07-09-2026 15:00:00,22.969611,72.6435,NH3,5,5,5
India,Gujarat,Vatva,"Phase-4 GIDC, Vatva - GPCB",07-09-2026 15:00:00,22.969611,72.6435,OZONE,9,27,13
India,Haryana,Ambala,"Patti Mehar, Ambala - HSPCB",07-09-2026 15:00:00,30.379589,76.778328,OZONE,25,71,44
India,Haryana,Bahadurgarh,"Arya Nagar, Bahadurgarh - HSPCB",07-09-2026 15:00:00,28.6701,76.9254,CO,26,28,27
India,Haryana,Bhiwani,"H.B. Colony, Bhiwani - HSPCB",07-09-2026 15:00:00,28.806223,76.141105,NO2,17,19,18
India,Haryana,Bhiwani,"H.B. Colony, Bhiwani - HSPCB",07-09-2026 15:00:00,28.806223,76.141105,NH3,11,12,11
India,Haryana,Bhiwani,"H.B. Colony, Bhiwani - HSPCB",07-09-2026 15:00:00,28.806223,76.141105,SO2,12,13,13
India,Haryana,Charkhi Dadri,"Mini Secretariat, Charkhi Dadri - HSPCB",07-09-2026 15:00:00,28.593883,76.270653,SO2,7,9,8
India,Haryana,Charkhi Dadri,"Mini Secretariat, Charkhi Dadri - HSPCB",07-09-2026 15:00:00,28.593883,76.270653,CO,10,20,15
India,Haryana,Faridabad,"New Industrial Town, Faridabad - HSPCB",07-09-2026 15:00:00,28.39072,77.30059,OZONE,14,15,14
India,Haryana,Faridabad,"Sector 11, Faridabad - HSPCB",07-09-2026 15:00:00,28.376058,77.315741,OZONE,16,16,16
India,Delhi,Delhi,"R K Puram, Delhi - DPCC",07-09-2026 15:00:00,28.563262,77.186937,PM2.5,12,170,86
India,Delhi,Delhi,"R K Puram, Delhi - DPCC",07-09-2026 15:00:00,28.563262,77.186937,PM10,22,135,86
India,Gujarat,Ahmedabad,"Rakhial, Ahmedabad - IITM",07-09-2026 15:00:00,23.016834,72.625775,NO2,39,343,91
India,Gujarat,Ahmedabad,"Rakhial, Ahmedabad - IITM",07-09-2026 15:00:00,23.016834,72.625775,OZONE,3,15,6
India,Gujarat,Ahmedabad,"Maninagar, Ahmedabad - GPCB",07-09-2026 15:00:00,23.002657,72.591912,SO2,NA,NA,NA
India,Gujarat,Ahmedabad,"Chandkheda, Ahmedabad - IITM",07-09-2026 15:00:00,23.107969,72.574648,CO,2,60,30
India,Gujarat,Ahmedabad,"SAC ISRO Bopal, Ahmedabad - IITM",07-09-2026 15:00:00,23.041137,72.456691,PM2.5,38,90,57
India,Gujarat,Ahmedabad,"SAC ISRO Bopal, Ahmedabad - IITM",07-09-2026 15:00:00,23.041137,72.456691,PM10,43,102,65
India,Gujarat,Ahmedabad,"SAC ISRO Bopal, Ahmedabad - IITM",07-09-2026 15:00:00,23.041137,72.456691,NO2,NA,NA,NA
India,Gujarat,Ahmedabad,"SAC ISRO Satellite, Ahmedabad - IITM",07-09-2026 15:00:00,23.023389,72.515201,SO2,1,3,2
India,Gujarat,Ahmedabad,"Gyaspur, Ahmedabad - IITM",07-09-2026 15:00:00,22.977134,72.553024,NO2,26,52,31
India,Gujarat,Ahmedabad,"Raikhad, Ahmedabad - IITM",07-09-2026 15:00:00,23.020509,72.579261,NH3,2,4,2
India,Gujarat,Ahmedabad,"Raikhad, Ahmedabad - IITM",07-09-2026 15:00:00,23.020509,72.579261,SO2,8,35,18
India,Gujarat,Ankleshwar,"GIDC, Ankleshwar - GPCB",07-09-2026 15:00:00,21.613267,73.010555,NO2,27,33,28
India,Himachal Pradesh,Baddi,"HIMUDA Complex Phase-1, Baddi - HPPCB",07-09-2026 15:00:00,30.943887,76.801991,OZONE,3,64,40
India,Jammu and Kashmir,Srinagar,"Khunmoh, Srinagar - JKPCC",07-09-2026 15:00:00,34.06313,74.96017,NH3,NA,NA,NA
India,Jammu and Kashmir,Srinagar,"Khunmoh, Srinagar - JKPCC",07-09-2026 15:00:00,34.06313,74.96017,SO2,2,5,4
India,Karnataka,Bengaluru,"Jigani, Bengaluru - KSPCB",07-09-2026 15:00:00,12.7816279,77.6299145,PM2.5,NA,NA,NA
India,Karnataka,Bengaluru,"Jigani, Bengaluru - KSPCB",07-09-2026 15:00:00,12.7816279,77.6299145,SO2,NA,NA,NA
India,Karnataka,Bengaluru,"Jigani, Bengaluru - KSPCB",07-09-2026 15:00:00,12.7816279,77.6299145,OZONE,18,19,18
India,Karnataka,Bengaluru,"Jayanagar 5th Block, Bengaluru - KSPCB",07-09-2026 15:00:00,12.920984,77.584908,OZONE,12,49,32
India,Karnataka,Bengaluru,"Hombegowda Nagar, Bengaluru - KSPCB",07-09-2026 15:00:00,12.938539,77.5901,PM10,31,81,50
India,Karnataka,Bengaluru,"Hombegowda Nagar, Bengaluru - KSPCB",07-09-2026 15:00:00,12.938539,77.5901,OZONE,24,41,36
India,Karnataka,Bengaluru,"Peenya, Bengaluru - CPCB",07-09-2026 15:00:00,13.0270199,77.494094,CO,33,54,40
India,Karnataka,Bengaluru,"Shivapura_Peenya, Bengaluru - KSPCB",07-09-2026 15:00:00,13.0246342,77.5080115,NH3,NA,NA,NA
India,Karnataka,Bengaluru,"Hebbal, Bengaluru - KSPCB",07-09-2026 15:00:00,13.029152,77.585901,PM10,29,65,41
India,Gujarat,Bhavnagar,"Vidhyanagar, Bhavnagar - Nexteng Enviro",07-09-2026 15:00:00,21.755417,72.139056,NH3,5,6,5
India,Gujarat,Gandhinagar,"IIPHG Lekawada, Gandhinagar - IITM",07-09-2026 15:00:00,23.243639,72.68994,PM2.5,35,80,50
India,Gujarat,Gandhinagar,"IIPHG Lekawada, Gandhinagar - IITM",07-09-2026 15:00:00,23.243639,72.68994,SO2,2,4,3
India,Gujarat,Gandhinagar,"IIPHG Lekawada, Gandhinagar - IITM",07-09-2026 15:00:00,23.243639,72.68994,CO,11,17,15
India,Gujarat,Mehsana,"Sadanand Nagar, Mehsana - Nexteng Enviro",07-09-2026 15:00:00,23.59315,72.372792,PM10,39,105,64
India,Gujarat,Nandesari,"GIDC, Nandesari - Nandesari Ind. Association",07-09-2026 15:00:00,22.410802,73.097923,PM10,39,78,55
India,Gujarat,Nandesari,"GIDC, Nandesari - Nandesari Ind. Association",07-09-2026 15:00:00,22.410802,73.097923,NH3,NA,NA,NA
India,Gujarat,Surat,"Science Center, Surat - SMC",07-09-2026 15:00:00,21.170046,72.795405,PM2.5,16,57,38
India,Gujarat,Surat,"Science Center, Surat - SMC",07-09-2026 15:00:00,21.170046,72.795405,NH3,NA,NA,NA
India,Gujarat,Surat,"Katargam, Surat - Nexteng Enviro",07-09-2026 15:00:00,21.217779,72.834787,CO,32,37,33
India,Gujarat,Vadodara,"Bapunagar, Vadodara - Nexteng Enviro",07-09-2026 15:00:00,22.320153,73.216285,PM2.5,35,65,50
India,Gujarat,Vadodara,"Bapunagar, Vadodara - Nexteng Enviro",07-09-2026 15:00:00,22.320153,73.216285,PM10,48,91,69
India,Karnataka,Ramanagara,"Vijay Nagar, Ramanagara - KSPCB",07-09-2026 15:00:00,12.733409,77.298051,PM2.5,13,37,26
India,Karnataka,Ramanagara,"Vijay Nagar, Ramanagara - KSPCB",07-09-2026 15:00:00,12.733409,77.298051,SO2,15,21,19
India,Karnataka,Shivamogga,"Vinoba Nagara, Shivamogga - KSPCB",07-09-2026 15:00:00,13.94,75.555917,PM2.5,35,58,37
India,Karnataka,Shivamogga,"Vinoba Nagara, Shivamogga - KSPCB",07-09-2026 15:00:00,13.94,75.555917,PM10,50,71,52
India,Karnataka,Shivamogga,"Vinoba Nagara, Shivamogga - KSPCB",07-09-2026 15:00:00,13.94,75.555917,SO2,2,8,3
India,Karnataka,Yadgir,"Collector Office, Yadgir - KSPCB",07-09-2026 15:00:00,16.7602,77.1428,SO2,NA,NA,NA
India,Kerala,Eloor,"Udyogamandal, Eloor - Kerala PCB",07-09-2026 15:00:00,10.073232,76.302765,PM10,NA,NA,NA
India,Kerala,Eloor,"Udyogamandal, Eloor - Kerala PCB",07-09-2026 15:00:00,10.073232,76.302765,SO2,NA,NA,NA
India,Kerala,Thiruvananthapuram,"Kariavattom, Thiruvananthapuram - Kerala PCB",07-09-2026 15:00:00,8.5637,76.8865,PM2.5,37,44,41
India,Kerala,Thiruvananthapuram,"Kariavattom, Thiruvananthapuram - Kerala PCB",07-09-2026 15:00:00,8.5637,76.8865,NO2,6,7,7
India,Madhya Pradesh,Bhopal,"Paryavaran Parisar, Bhopal - MPPCB",07-09-2026 15:00:00,23.210494,77.425409,NH3,2,2,2
India,Madhya Pradesh,Bhopal,"Paryavaran Parisar, Bhopal - MPPCB",07-09-2026 15:00:00,23.210494,77.425409,OZONE,21,37,29
India,Karnataka,Bengaluru,"Silk Board, Bengaluru - KSPCB",07-09-2026 15:00:00,12.917348,77.622813,NO2,NA,NA,NA
India,Karnataka,Chamarajanagar,"Urban, Chamarajanagar - KSPCB",07-09-2026 15:00:00,11.55358,76.55521,CO,15,25,19
India,Karnataka,Chamarajanagar,"Urban, Chamarajanagar - KSPCB",07-09-2026 15:00:00,11.55358,76.55521,OZONE,15,38,25
India,Karnataka,Chikkaballapur,"Chikkaballapur Rural, Chikkaballapur - KSPCB",07-09-2026 15:00:00,13.428828,77.731418,OZONE,19,19,19
India,Karnataka,Chikkamagaluru,"Kalyana Nagara, Chikkamagaluru - KSPCB",07-09-2026 15:00:00,13.328028,75.797056,OZONE,25,50,37
India,Karnataka,Dharwad,"Kalabhavan, Dharwad - KSPCB",07-09-2026 15:00:00,15.459706,75.008381,PM2.5,45,244,60
India,Karnataka,Dharwad,"Kalabhavan, Dharwad - KSPCB",07-09-2026 15:00:00,15.459706,75.008381,CO,48,65,52
India,Karnataka,Kalaburagi,"Mahatma Basaveswar Colony, Kalaburgi - KSPCB",07-09-2026 15:00:00,17.336318,76.847397,CO,30,31,30
India,Karnataka,Karwar,"KHB Colony, Karwar - KSPCB",07-09-2026 15:00:00,14.816666,74.141003,OZONE,NA,NA,NA
India,Karnataka,Mysuru,"Hebbal 1st Stage, Mysuru - KSPCB",07-09-2026 15:00:00,12.21041,76.37376,PM2.5,NA,NA,NA
India,Madhya Pradesh,Indore,"Residency Area, Indore - IMC",07-09-2026 15:00:00,22.7084,75.8815,NO2,NA,NA,NA
India,Madhya Pradesh,Indore,"Residency Area, Indore - IMC",07-09-2026 15:00:00,22.7084,75.8815,CO,1,2,1
India,Madhya Pradesh,Jabalpur,"Marhatal, Jabalpur - MPPCB",07-09-2026 15:00:00,23.168606,79.932247,NO2,25,34,29
India,Madhya Pradesh,Jabalpur,"Govindh Bhavan Colony, Jabalpur - JMC",07-09-2026 15:00:00,23.163174,79.973061,NO2,60,67,64
India,Madhya Pradesh,Jabalpur,"Suhagi, Jabalpur - JMC",07-09-2026 15:00:00,23.218135,79.95777,OZONE,16,35,28
India,Madhya Pradesh,Maihar,"Sahilara, Maihar - KJS Cements",07-09-2026 15:00:00,24.2613009,80.7231783,OZONE,NA,NA,NA
India,Madhya Pradesh,Mandideep,"Sector-D Industrial Area, Mandideep - MPPCB",07-09-2026 15:00:00,23.10844,77.511428,NO2,30,40,36
India,Madhya Pradesh,Pithampur,"Sector-2 Industrial Area, Pithampur - MPPCB",07-09-2026 15:00:00,22.624758,75.675238,PM2.5,54,128,85
India,Madhya Pradesh,Pithampur,"Sector-2 Industrial Area, Pithampur - MPPCB",07-09-2026 15:00:00,22.624758,75.675238,NO2,8,24,16
India,Madhya Pradesh,Pithampur,"Sector-2 Industrial Area, Pithampur - MPPCB",07-09-2026 15:00:00,22.624758,75.675238,SO2,26,46,32
India,Madhya Pradesh,Pithampur,"Sector-2 Industrial Area, Pithampur - MPPCB",07-09-2026 15:00:00,22.624758,75.675238,CO,14,80,34
India,Madhya Pradesh,Ratlam,"Shasthri Nagar, Ratlam - IPCA Lab",07-09-2026 15:00:00,23.331731,75.045981,PM10,24,57,39
India,Madhya Pradesh,Ratlam,"Shasthri Nagar, Ratlam - IPCA Lab",07-09-2026 15:00:00,23.331731,75.045981,NO2,39,53,44
India,Madhya Pradesh,Sagar,"Civil Lines, Sagar - MPPCB",07-09-2026 15:00:00,23.838586,78.759431,OZONE,22,67,41
India,Madhya Pradesh,Satna,"Bandhavgar Colony, Satna - Birla Cement",07-09-2026 15:00:00,24.58434363,80.8549414,NH3,NA,NA,NA
India,Madhya Pradesh,Ujjain,"Mahashweta Nagar, Ujjain - MPPCB",07-09-2026 15:00:00,23.1633321,75.800225,NO2,4,18,10
India,Madhya Pradesh,Ujjain,"Mahashweta Nagar, Ujjain - MPPCB",07-09-2026 15:00:00,23.1633321,75.800225,SO2,2,6,4
India,Madhya Pradesh,Ujjain,"Mahashweta Nagar, Ujjain - MPPCB",07-09-2026 15:00:00,23.1633321,75.800225,CO,23,28,26
India,Madhya Pradesh,Ujjain,"Mahashweta Nagar, Ujjain - MPPCB",07-09-2026 15:00:00,23.1633321,75.800225,OZONE,26,64,45
India,Maharashtra,Ahmednagar,"Tarakpur, Ahmednagar - MPCB",07-09-2026 15:00:00,19.10122,74.73339,NO2,3,10,5
India,Maharashtra,Akola,"Ramdaspeth, Akola - MPCB",07-09-2026 15:00:00,20.719516,77.000253,NO2,19,29,24
India,Maharashtra,Amravati,"Shri Shivaji Science College, Amravati - MPCB",07-09-2026 15:00:00,20.939198,77.765701,PM10,NA,NA,NA
India,Maharashtra,Amravati,"Shri Shivaji Science College, Amravati - MPCB",07-09-2026 15:00:00,20.939198,77.765701,NO2,NA,NA,NA
India,Maharashtra,Amravati,"Shri Shivaji Science College, Amravati - MPCB",07-09-2026 15:00:00,20.939198,77.765701,CO,22,109,41
India,Maharashtra,Amravati,"Shivneri Colony, Amravati - MPCB",07-09-2026 15:00:00,20.9402359,77.7895248,SO2,3,5,4
India,Maharashtra,Aurangabad,"MIDC Chilkalthana, Aurangabad - MPCB",07-09-2026 15:00:00,19.87562,75.38731,NH3,6,6,6
India,Maharashtra,Aurangabad,"Rachnakar Colony, Aurangabad - MPCB",07-09-2026 15:00:00,19.863756,75.321188,SO2,4,5,5
India,Maharashtra,Aurangabad,"Rachnakar Colony, Aurangabad - MPCB",07-09-2026 15:00:00,19.863756,75.321188,OZONE,9,10,9
India,Maharashtra,Aurangabad,"More Chowk Waluj, Aurangabad - MPCB",07-09-2026 15:00:00,19.8389439,75.244448,PM2.5,27,54,36
India,Maharashtra,Aurangabad,"More Chowk Waluj, Aurangabad - MPCB",07-09-2026 15:00:00,19.8389439,75.244448,OZONE,21,38,28
India,Maharashtra,Beed,"Bir, Beed - MPCB",07-09-2026 15:00:00,18.988474,75.753873,NH3,3,4,3
India,Maharashtra,Beed,"Bir, Beed - MPCB",07-09-2026 15:00:00,18.988474,75.753873,SO2,6,8,7
India,Maharashtra,Belapur,"CBD Belapur, Belapur - MPCB",07-09-2026 15:00:00,19.0243902,73.0406721,PM2.5,14,44,28
India,Maharashtra,Kolhapur,"Shivaji University, Kolhapur - MPCB",07-09-2026 15:00:00,16.6870449,74.2505872,CO,16,22,20
India,Maharashtra,Latur,"Sawe Wadi, Latur - MPCB",07-09-2026 15:00:00,18.39963,76.57452,NH3,NA,NA,NA
India,Maharashtra,Mahad,"Kamble Tarf Birwadi, Mahad - MPCB",07-09-2026 15:00:00,18.1023399,73.4783687,PM2.5,13,44,26
India,Maharashtra,Mahad,"Kamble Tarf Birwadi, Mahad - MPCB",07-09-2026 15:00:00,18.1023399,73.4783687,SO2,3,32,10
India,Maharashtra,Mahad,"Kamble Tarf Birwadi, Mahad - MPCB",07-09-2026 15:00:00,18.1023399,73.4783687,CO,27,41,36
India,Maharashtra,Malegaon,"Mahesh Nagar, Malegaon - MPCB",07-09-2026 15:00:00,20.555712,74.529236,SO2,0,4,2
India,Maharashtra,Malegaon,"Mahesh Nagar, Malegaon - MPCB",07-09-2026 15:00:00,20.555712,74.529236,OZONE,19,23,21
India,Maharashtra,Mira-Bhayandar,"Bhayandar West, Mira-Bhayandar - MPCB",07-09-2026 15:00:00,19.296481,72.840923,NO2,4,16,8
India,Maharashtra,Mumbai,"Shivaji Nagar, Mumbai - BMC",07-09-2026 15:00:00,19.060498,72.923356,OZONE,10,12,11
India,Maharashtra,Mumbai,"Sion, Mumbai - MPCB",07-09-2026 15:00:00,19.047,72.8746,NO2,NA,NA,NA
India,Maharashtra,Mumbai,"Sion, Mumbai - MPCB",07-09-2026 15:00:00,19.047,72.8746,SO2,NA,NA,NA
India,Maharashtra,Mumbai,"Borivali East, Mumbai - MPCB",07-09-2026 15:00:00,19.2243333,72.8658113,SO2,16,20,18
India,Maharashtra,Mumbai,"Siddharth Nagar-Worli, Mumbai - IITM",07-09-2026 15:00:00,19.000083,72.813993,NH3,1,1,1
India,Maharashtra,Mumbai,"Bandra Kurla Complex, Mumbai - MPCB",07-09-2026 15:00:00,19.065931,72.862131,PM2.5,7,38,19
India,Maharashtra,Mumbai,"Bandra Kurla Complex, Mumbai - MPCB",07-09-2026 15:00:00,19.065931,72.862131,SO2,2,4,3
India,Maharashtra,Mumbai,"Kherwadi_Bandra East, Mumbai - MPCB",07-09-2026 15:00:00,19.0632143,72.8456324,NO2,3,6,5
India,Maharashtra,Nagpur,"Ambazari, Nagpur - MPCB",07-09-2026 15:00:00,21.121801,79.04952,PM10,50,64,58
India,Maharashtra,Nagpur,"Ambazari, Nagpur - MPCB",07-09-2026 15:00:00,21.121801,79.04952,NH3,NA,NA,NA
India,Maharashtra,Nagpur,"Ambazari, Nagpur - MPCB",07-09-2026 15:00:00,21.121801,79.04952,SO2,NA,NA,NA
India,Maharashtra,Nashik,"Gangapur Road, Nashik - MPCB",07-09-2026 15:00:00,20.0073285,73.7762427,NH3,3,3,3
India,Maharashtra,Nashik,"Gangapur Road, Nashik - MPCB",07-09-2026 15:00:00,20.0073285,73.7762427,CO,26,27,27
India,Maharashtra,Nashik,"Gangapur Road, Nashik - MPCB",07-09-2026 15:00:00,20.0073285,73.7762427,OZONE,19,20,19
India,Maharashtra,Nashik,"Pandav Nagari, Nashik - MPCB",07-09-2026 15:00:00,19.9591346,73.7788008,PM2.5,9,42,22
India,Maharashtra,Nashik,"Hirawadi, Nashik - MPCB",07-09-2026 15:00:00,20.021503,73.813844,NH3,NA,NA,NA
India,Maharashtra,Nashik,"Hirawadi, Nashik - MPCB",07-09-2026 15:00:00,20.021503,73.813844,CO,34,40,36
India,Maharashtra,Nashik,"Hirawadi, Nashik - MPCB",07-09-2026 15:00:00,20.021503,73.813844,OZONE,10,20,16
India,Maharashtra,Navi Mumbai,"Sanpada, Navi Mumbai - MPCB",07-09-2026 15:00:00,19.0575752,73.0151367,NH3,0,23,5
India,Maharashtra,Navi Mumbai,"Sanpada, Navi Mumbai - MPCB",07-09-2026 15:00:00,19.0575752,73.0151367,SO2,9,10,9
India,Maharashtra,Navi Mumbai,"Sector-2E Kalamboli, Navi Mumbai - MPCB",07-09-2026 15:00:00,19.02579,73.10297,SO2,4,5,5
India,Maharashtra,Navi Mumbai,"Mahape, Navi Mumbai - MPCB",07-09-2026 15:00:00,19.1135051,73.008978,PM2.5,4,44,21
India,Maharashtra,Navi Mumbai,"Mahape, Navi Mumbai - MPCB",07-09-2026 15:00:00,19.1135051,73.008978,OZONE,8,11,10
India,Maharashtra,Pimpri-Chinchwad,"Gavalinagar, Pimpri Chinchwad - MPCB",07-09-2026 15:00:00,18.63673,73.82487,PM10,20,51,28
India,Maharashtra,Mumbai,"Kherwadi_Bandra East, Mumbai - MPCB",07-09-2026 15:00:00,19.0632143,72.8456324,OZONE,18,26,21
India,Maharashtra,Mumbai,"Byculla, Mumbai - BMC",07-09-2026 15:00:00,18.9767,72.838,PM10,13,41,24
India,Maharashtra,Mumbai,"Byculla, Mumbai - BMC",07-09-2026 15:00:00,18.9767,72.838,SO2,NA,NA,NA
India,Maharashtra,Mumbai,"Mindspace-Malad West, Mumbai - MPCB",07-09-2026 15:00:00,19.1878657,72.8304069,PM2.5,15,32,23
India,Maharashtra,Mumbai,"Mindspace-Malad West, Mumbai - MPCB",07-09-2026 15:00:00,19.1878657,72.8304069,NO2,17,19,18
India,Maharashtra,Mumbai,"Navy Nagar-Colaba, Mumbai - IITM",07-09-2026 15:00:00,18.897756,72.81332,NO2,26,43,33
India,Maharashtra,Mumbai,"Navy Nagar-Colaba, Mumbai - IITM",07-09-2026 15:00:00,18.897756,72.81332,SO2,2,17,8
India,Maharashtra,Mumbai,"Mulund West, Mumbai - MPCB",07-09-2026 15:00:00,19.175,72.9419,CO,10,10,10
India,Maharashtra,Mumbai,"Chembur, Mumbai - MPCB",07-09-2026 15:00:00,19.0364585,72.8954371,PM2.5,10,26,16
India,Maharashtra,Mumbai,"Chembur, Mumbai - MPCB",07-09-2026 15:00:00,19.0364585,72.8954371,SO2,1,4,2
India,Maharashtra,Mumbai,"Kandivali West, Mumbai - BMC",07-09-2026 15:00:00,19.215859,72.831718,PM10,20,43,28
India,Maharashtra,Mumbai,"Sewri, Mumbai - BMC",07-09-2026 15:00:00,19.000084,72.85673,SO2,1,10,4
India,Maharashtra,Mumbai,"Khindipada-Bhandup West, Mumbai - IITM",07-09-2026 15:00:00,19.1653323,72.922099,SO2,0,12,4
India,Maharashtra,Mumbai,"Khindipada-Bhandup West, Mumbai - IITM",07-09-2026 15:00:00,19.1653323,72.922099,OZONE,12,35,27
India,Maharashtra,Mumbai,"Malad West, Mumbai - IITM",07-09-2026 15:00:00,19.19709,72.82204,PM2.5,2,31,10
India,Maharashtra,Mumbai,"Mazgaon, Mumbai - IITM",07-09-2026 15:00:00,18.96702,72.84214,PM10,26,53,38
India,Maharashtra,Mumbai,"Chakala-Andheri East, Mumbai - IITM",07-09-2026 15:00:00,19.11074,72.86084,OZONE,4,9,7
India,Maharashtra,Mumbai,"Bandra Kurla Complex, Mumbai - IITM",07-09-2026 15:00:00,19.053536,72.84643,NH3,NA,NA,NA
India,Maharashtra,Mumbai,"Kurla, Mumbai - MPCB",07-09-2026 15:00:00,19.0863,72.8888,SO2,29,29,29
India,Maharashtra,Mumbai,"Deonar, Mumbai - IITM",07-09-2026 15:00:00,19.04946,72.923,PM2.5,8,55,25
India,Maharashtra,Mumbai,"Deonar, Mumbai - IITM",07-09-2026 15:00:00,19.04946,72.923,NH3,5,6,6
India,Maharashtra,Mumbai,"Deonar, Mumbai - IITM",07-09-2026 15:00:00,19.04946,72.923,SO2,1,6,4
India,Maharashtra,Mumbai,"Chhatrapati Shivaji Intl. Airport (T2), Mumbai - MPCB",07-09-2026 15:00:00,19.10078,72.87462,NO2,13,13,13
India,Maharashtra,Mumbai,"Powai, Mumbai - MPCB",07-09-2026 15:00:00,19.1375,72.915056,CO,NA,NA,NA
India,Maharashtra,Nagpur,"Ram Nagar, Nagpur - MPCB",07-09-2026 15:00:00,21.143383,79.048912,PM10,54,69,60
India,Maharashtra,Nagpur,"Opp GPO Civil Lines, Nagpur - MPCB",07-09-2026 15:00:00,21.152875,79.0517531,NH3,3,5,4
India,Maharashtra,Nagpur,"Opp GPO Civil Lines, Nagpur - MPCB",07-09-2026 15:00:00,21.152875,79.0517531,CO,3,42,23
India,Maharashtra,Nagpur,"Opp GPO Civil Lines, Nagpur - MPCB",07-09-2026 15:00:00,21.152875,79.0517531,OZONE,11,21,17
India,Madhya Pradesh,Damoh,"Shrivastav Colony, Damoh - MPPCB",07-09-2026 15:00:00,23.81748678,79.446246,PM2.5,12,47,25
India,Madhya Pradesh,Damoh,"Shrivastav Colony, Damoh - MPPCB",07-09-2026 15:00:00,23.81748678,79.446246,PM10,14,56,30
India,Madhya Pradesh,Damoh,"Shrivastav Colony, Damoh - MPPCB",07-09-2026 15:00:00,23.81748678,79.446246,NH3,NA,NA,NA
India,Madhya Pradesh,Dewas,"Bhopal Chauraha, Dewas - MPPCB",07-09-2026 15:00:00,22.9682591,76.064118,NH3,2,3,2
India,Madhya Pradesh,Dewas,"Bhopal Chauraha, Dewas - MPPCB",07-09-2026 15:00:00,22.9682591,76.064118,SO2,47,73,59
India,Madhya Pradesh,Gwalior,"Maharaj Bada, Gwalior - MPPCB",07-09-2026 15:00:00,26.200388,78.147714,PM2.5,7,160,43
India,Madhya Pradesh,Gwalior,"City Center, Gwalior - MPPCB",07-09-2026 15:00:00,26.203442,78.193251,PM2.5,21,53,33
India,Madhya Pradesh,Indore,"Regional Park, Indore - IMC",07-09-2026 15:00:00,22.678,75.8559,OZONE,4,6,5
India,Madhya Pradesh,Indore,"Chhoti Gwaltoli, Indore - MPPCB",07-09-2026 15:00:00,22.431,75.5213,SO2,14,17,16
India,Madhya Pradesh,Indore,"Airport Area, Indore - IMC",07-09-2026 15:00:00,22.7289,75.8076,SO2,9,11,10
India,Madhya Pradesh,Indore,"Maguda Nagar, Indore - IMC",07-09-2026 15:00:00,22.7524,75.8872,NH3,0,0,0
India,Madhya Pradesh,Indore,"Residency Area, Indore - IMC",07-09-2026 15:00:00,22.7084,75.8815,PM2.5,18,66,42
India,Maharashtra,Chandrapur,"MIDC Khutala, Chandrapur - MPCB",07-09-2026 15:00:00,19.9775302,79.2337086,CO,38,41,39
India,Maharashtra,Chandrapur,"MIDC Khutala, Chandrapur - MPCB",07-09-2026 15:00:00,19.9775302,79.2337086,OZONE,3,46,30
India,Maharashtra,Chandrapur,"Chauhan Colony, Chandrapur - MPCB",07-09-2026 15:00:00,19.9629,79.298714,SO2,12,57,21
India,Maharashtra,Dombivli,"Kalu Nagar, Dombivli - MPCB",07-09-2026 15:00:00,19.2268427,73.0788456,NH3,1,2,2
India,Maharashtra,Dombivli,"Kalu Nagar, Dombivli - MPCB",07-09-2026 15:00:00,19.2268427,73.0788456,OZONE,22,39,33
India,Maharashtra,Jalgaon,"Prabhat Colony, Jalgaon - MPCB",07-09-2026 15:00:00,21.001264,75.565602,NO2,NA,NA,NA
India,Maharashtra,Jalgaon,"Prabhat Colony, Jalgaon - MPCB",07-09-2026 15:00:00,21.001264,75.565602,NH3,NA,NA,NA
India,Maharashtra,Jalgaon,"Prabhat Colony, Jalgaon - MPCB",07-09-2026 15:00:00,21.001264,75.565602,OZONE,10,32,22
India,Maharashtra,Kalyan,"Khadakpada, Kalyan - MPCB",07-09-2026 15:00:00,19.25292,73.142019,PM2.5,NA,NA,NA
India,Maharashtra,Kalyan,"Khadakpada, Kalyan - MPCB",07-09-2026 15:00:00,19.25292,73.142019,SO2,NA,NA,NA
India,Maharashtra,Kalyan,"Pimpleshwar Mandir, Kalyan - MPCB",07-09-2026 15:00:00,19.192056,72.9585188,NO2,NA,NA,NA
India,Maharashtra,Kalyan,"Pimpleshwar Mandir, Kalyan - MPCB",07-09-2026 15:00:00,19.192056,72.9585188,CO,40,40,40
India,Maharashtra,Kalyan,"Pimpleshwar Mandir, Kalyan - MPCB",07-09-2026 15:00:00,19.192056,72.9585188,OZONE,9,13,12
India,Maharashtra,Kolhapur,"Shivaji University, Kolhapur - MPCB",07-09-2026 15:00:00,16.6870449,74.2505872,PM2.5,NA,NA,NA
India,Maharashtra,Pimpri-Chinchwad,"Gavalinagar, Pimpri Chinchwad - MPCB",07-09-2026 15:00:00,18.63673,73.82487,OZONE,2,17,9
India,Maharashtra,Pimpri-Chinchwad,"Bhumkar Nagar, Pune - IITM",07-09-2026 15:00:00,18.60577,73.749976,NO2,NA,NA,NA
India,Maharashtra,Pimpri-Chinchwad,"Bhumkar Nagar, Pune - IITM",07-09-2026 15:00:00,18.60577,73.749976,NH3,NA,NA,NA
India,Maharashtra,Pimpri-Chinchwad,"Bhumkar Nagar, Pune - IITM",07-09-2026 15:00:00,18.60577,73.749976,SO2,NA,NA,NA
India,Maharashtra,Pimpri-Chinchwad,"Bhumkar Nagar, Pune - IITM",07-09-2026 15:00:00,18.60577,73.749976,CO,103,116,110
India,Maharashtra,Pimpri-Chinchwad,"Bhumkar Nagar, Pune - IITM",07-09-2026 15:00:00,18.60577,73.749976,OZONE,33,38,36
India,Maharashtra,Pimpri-Chinchwad,"Thergaon, Pimpri Chinchwad - MPCB",07-09-2026 15:00:00,18.616318,73.765797,PM2.5,12,55,25
India,Maharashtra,Pimpri-Chinchwad,"Transport Nagar-Nigdi, Pune - IITM",07-09-2026 15:00:00,18.664282,73.763966,PM2.5,8,50,29
India,Maharashtra,Pimpri-Chinchwad,"Park Street Wakad, Pimpri Chinchwad - MPCB",07-09-2026 15:00:00,18.59051,73.77946,NO2,15,26,19
India,Maharashtra,Pune,"Hadapsar, Pune - IITM",07-09-2026 15:00:00,18.501793,73.927532,PM2.5,11,66,37
India,Maharashtra,Pune,"Mhada Colony, Pune - IITM",07-09-2026 15:00:00,18.57304,73.927715,CO,78,78,78
India,Maharashtra,Pune,"Dhankawadi, Pune - IITM",07-09-2026 15:00:00,18.459883,73.852193,PM2.5,NA,NA,NA
India,Maharashtra,Pune,"Savitribai Phule Pune University, Pune - MPCB",07-09-2026 15:00:00,18.547056,73.826908,NO2,1,10,6
India,Maharashtra,Pune,"Savitribai Phule Pune University, Pune - MPCB",07-09-2026 15:00:00,18.547056,73.826908,SO2,3,5,4
India,Maharashtra,Pune,"Savitribai Phule Pune University, Pune - MPCB",07-09-2026 15:00:00,18.547056,73.826908,CO,30,35,32
India,Maharashtra,Satara,"Koyana Nagar, Satara - MPCB",07-09-2026 15:00:00,17.696651,74.003387,PM10,34,128,68
India,Maharashtra,Solapur,"Dnyaneshwar Nagar, Solapur - MPCB",07-09-2026 15:00:00,17.6336264,75.9132495,PM2.5,6,34,18
India,Maharashtra,Solapur,"Ratandeep Housing Society, Solapur - MPCB",07-09-2026 15:00:00,17.65439,75.90649,PM2.5,18,50,35
India,Maharashtra,Solapur,"Ratandeep Housing Society, Solapur - MPCB",07-09-2026 15:00:00,17.65439,75.90649,NH3,2,5,3
India,Maharashtra,Solapur,"Ratandeep Housing Society, Solapur - MPCB",07-09-2026 15:00:00,17.65439,75.90649,OZONE,8,8,8
India,Maharashtra,Thane,"Upvan Fort, Thane - MPCB",07-09-2026 15:00:00,19.222279,72.957979,PM10,11,48,18
India,Maharashtra,Thane,"Kasarvadavali, Thane - MPCB",07-09-2026 15:00:00,19.26777,72.97182,NO2,10,22,15
India,Maharashtra,Thane,"Kasarvadavali, Thane - MPCB",07-09-2026 15:00:00,19.26777,72.97182,NH3,0,1,0
India,Maharashtra,Thane,"Kasarvadavali, Thane - MPCB",07-09-2026 15:00:00,19.26777,72.97182,OZONE,3,18,10
India,Maharashtra,Ulhasnagar,"Sidhi Vinayak Nagar, Ulhasnagar - MPCB",07-09-2026 15:00:00,19.235581,73.159121,PM10,7,49,28
India,Maharashtra,Ulhasnagar,"Sidhi Vinayak Nagar, Ulhasnagar - MPCB",07-09-2026 15:00:00,19.235581,73.159121,NO2,9,11,10
India,Maharashtra,Ulhasnagar,"Sidhi Vinayak Nagar, Ulhasnagar - MPCB",07-09-2026 15:00:00,19.235581,73.159121,OZONE,2,12,6
India,Maharashtra,Ulhasnagar,"Vithalwadi, Ulhasnagar - MPCB",07-09-2026 15:00:00,19.2307571,73.155192,SO2,7,14,8
India,Maharashtra,Ulhasnagar,"Vithalwadi, Ulhasnagar - MPCB",07-09-2026 15:00:00,19.2307571,73.155192,OZONE,4,8,6
India,Meghalaya,Byrnihat,"15th Mile-Nongthymmai, Byrnihat -Meghalaya PCB",07-09-2026 15:00:00,26.079047,91.875185,NH3,0,1,0
India,Meghalaya,Shillong,"Lumpyngngad, Shillong - Meghalaya PCB",07-09-2026 15:00:00,25.5586,91.8985,NO2,0,1,0
India,Mizoram,Aizawl,"Sikulpuikawn, Aizawl - Mizoram PCB",07-09-2026 15:00:00,23.7176342,92.7192841,OZONE,0,13,4
India,Odisha,Angul,"Hakimapada, Angul - OSPCB",07-09-2026 15:00:00,20.832874,85.104082,PM10,23,117,46
India,Odisha,Angul,"Hakimapada, Angul - OSPCB",07-09-2026 15:00:00,20.832874,85.104082,NH3,1,14,3
India,Odisha,Balasore,"Kalidaspur, Balasore - OSPCB",07-09-2026 15:00:00,21.51161,86.89088,PM2.5,32,75,53
India,Odisha,Balasore,"Kalidaspur, Balasore - OSPCB",07-09-2026 15:00:00,21.51161,86.89088,SO2,6,32,9
India,Odisha,Barbil,"Forest Office, Barbil - OSPCB",07-09-2026 15:00:00,22.1166054,85.3945546,PM10,31,116,68
India,Odisha,Baripada,"Meher Colony, Baripada - OSPCB",07-09-2026 15:00:00,21.941841,86.728318,PM2.5,11,63,35
India,Odisha,Baripada,"Meher Colony, Baripada - OSPCB",07-09-2026 15:00:00,21.941841,86.728318,SO2,4,7,7
India,Odisha,Bhubaneswar,"Patia, Bhubaneswar - OSPCB",07-09-2026 15:00:00,20.34652,85.8163,SO2,6,9,7
India,Odisha,Bhubaneswar,"Patia, Bhubaneswar - OSPCB",07-09-2026 15:00:00,20.34652,85.8163,OZONE,17,53,40
India,Odisha,Bhubaneswar,"Lingraj Mandir, Bhubaneswar - OSPCB",07-09-2026 15:00:00,20.24079,85.836784,PM10,12,115,49
India,Odisha,Bileipada,"Tata Township, Bileipada - OSPCB",07-09-2026 15:00:00,22.06156703,85.47409613,NH3,5,5,5
India,Odisha,Brajrajnagar,"GM Office, Brajrajnagar - OSPCB",07-09-2026 15:00:00,21.8004996,83.8396977,NH3,4,4,4
India,Odisha,Cuttack,"CDA Area, Cuttack - OSPCB",07-09-2026 15:00:00,20.48891,85.84768,PM10,28,96,46
India,Odisha,Cuttack,"CDA Area, Cuttack - OSPCB",07-09-2026 15:00:00,20.48891,85.84768,NH3,6,10,8
India,Odisha,Keonjhar,"Jagamohanpur, Keonjhar - OSPCB",07-09-2026 15:00:00,21.6439,85.599355,PM2.5,19,72,41
India,Odisha,Keonjhar,"Jagamohanpur, Keonjhar - OSPCB",07-09-2026 15:00:00,21.6439,85.599355,NH3,2,3,2
India,Odisha,Nayagarh,"Dabuna, Nayagarh - OSPCB",07-09-2026 15:00:00,21.847279,85.416905,NH3,8,10,9
India,Odisha,Nayagarh,"Dabuna, Nayagarh - OSPCB",07-09-2026 15:00:00,21.847279,85.416905,OZONE,15,17,16
India,Odisha,Rourkela,"Sector-2, Rourkela - OSPCB",07-09-2026 15:00:00,22.245,84.88111111,CO,10,10,10
India,Odisha,Rourkela,"Raghunathpali, Rourkela - OSPCB",07-09-2026 15:00:00,22.220833,84.809444,NH3,1,1,1
India,Odisha,Rourkela,"Raghunathpali, Rourkela - OSPCB",07-09-2026 15:00:00,22.220833,84.809444,CO,31,62,40
India,Odisha,Rourkela,"Raghunathpali, Rourkela - OSPCB",07-09-2026 15:00:00,22.220833,84.809444,OZONE,4,19,12
India,Odisha,Rourkela,"Fertilizer Township, Rourkela - OSPCB",07-09-2026 15:00:00,22.18972222,84.86277778,PM10,NA,NA,NA
India,Odisha,Rourkela,"Fertilizer Township, Rourkela - OSPCB",07-09-2026 15:00:00,22.18972222,84.86277778,NO2,NA,NA,NA
India,Odisha,Talcher,"Talcher Coalfields,Talcher - OSPCB",07-09-2026 15:00:00,20.9360711,85.1707021,PM2.5,25,81,47
India,Odisha,Talcher,"Talcher Coalfields,Talcher - OSPCB",07-09-2026 15:00:00,20.9360711,85.1707021,PM10,23,108,61
India,Odisha,Talcher,"Talcher Coalfields,Talcher - OSPCB",07-09-2026 15:00:00,20.9360711,85.1707021,SO2,30,44,35
India,Odisha,Tensa,"Barsua Iron Ore Mines, Tensa - OSPCB",07-09-2026 15:00:00,21.869985,85.167016,PM10,NA,NA,NA
India,Odisha,Tensa,"Barsua Iron Ore Mines, Tensa - OSPCB",07-09-2026 15:00:00,21.869985,85.167016,OZONE,11,13,12
India,Puducherry,Puducherry,"Jawahar Nagar, Puducherry - PPCC",07-09-2026 15:00:00,11.9309,79.8027,NO2,NA,NA,NA
India,Punjab,Amritsar,"Golden Temple, Amritsar - PPCB",07-09-2026 15:00:00,31.62,74.876512,PM10,65,105,78
India,Punjab,Amritsar,"Golden Temple, Amritsar - PPCB",07-09-2026 15:00:00,31.62,74.876512,SO2,13,19,17
India,Punjab,Amritsar,"Golden Temple, Amritsar - PPCB",07-09-2026 15:00:00,31.62,74.876512,OZONE,30,52,40
India,Punjab,Bathinda,"Hardev Nagar, Bathinda - PPCB",07-09-2026 15:00:00,30.233011,74.907758,NH3,NA,NA,NA
India,Punjab,Jalandhar,"Civil Line, Jalandhar - PPCB",07-09-2026 15:00:00,31.321907,75.578914,NO2,40,44,42
India,Punjab,Jalandhar,"Civil Line, Jalandhar - PPCB",07-09-2026 15:00:00,31.321907,75.578914,CO,16,64,38
India,Punjab,Mandi Gobindgarh,"RIMT University, Mandi Gobindgarh - PPCB",07-09-2026 15:00:00,30.649961,76.331442,PM10,69,173,107
India,Punjab,Mandi Gobindgarh,"RIMT University, Mandi Gobindgarh - PPCB",07-09-2026 15:00:00,30.649961,76.331442,CO,39,66,51
India,Punjab,Rupnagar,"Ratanpura, Rupnagar - Ambuja Cements",07-09-2026 15:00:00,31.0325454,76.5623046,NO2,8,46,26
India,Rajasthan,Ajmer,"Civil Lines,  Ajmer - RSPCB",07-09-2026 15:00:00,26.470859,74.646594,NH3,5,7,6
India,Rajasthan,Alwar,"Moti Doongri, Alwar - RSPCB",07-09-2026 15:00:00,27.554793,76.611536,CO,73,95,81
India,Rajasthan,Alwar,"Vigyan Nagar, Alwar - RSPCB",07-09-2026 15:00:00,27.598796,76.63861,PM10,68,117,85
India,Rajasthan,Alwar,"Vigyan Nagar, Alwar - RSPCB",07-09-2026 15:00:00,27.598796,76.63861,SO2,6,8,7
India,Rajasthan,Banswara,"Rati Talai, Banswara - RSPCB",07-09-2026 15:00:00,23.55519,74.44001,NH3,1,5,3
India,Rajasthan,Banswara,"Rati Talai, Banswara - RSPCB",07-09-2026 15:00:00,23.55519,74.44001,OZONE,12,41,28
India,Rajasthan,Baran,"Bamboliya, Baran - RSPCB",07-09-2026 15:00:00,25.106006,76.469948,OZONE,2,54,29
India,Rajasthan,Barmer,"Railway Colony, Barmer - RSPCB",07-09-2026 15:00:00,25.747299,71.393989,OZONE,25,60,40
India,Rajasthan,Bhilwara,"Pratap Nagar, Bhilwara - RSPCB",07-09-2026 15:00:00,25.339605,74.618883,OZONE,23,61,48
India,Rajasthan,Bhiwadi,"RIICO Ind. Area III, Bhiwadi - RSPCB",07-09-2026 15:00:00,28.194909,76.862296,NH3,6,18,11
India,Rajasthan,Bikaner,"MM Ground, Bikaner - RSPCB",07-09-2026 15:00:00,28.018792,73.292658,NH3,3,13,4
India,Rajasthan,Bundi,"New Colony, Bundi - RSPCB",07-09-2026 15:00:00,25.435774,75.644272,PM2.5,NA,NA,NA
India,Rajasthan,Bundi,"New Colony, Bundi - RSPCB",07-09-2026 15:00:00,25.435774,75.644272,NH3,NA,NA,NA
India,Rajasthan,Chittorgarh,"Shastri Nagar, Chittorgarh - RSPCB",07-09-2026 15:00:00,24.892047,74.623527,PM2.5,37,67,48
India,Rajasthan,Chittorgarh,"Shastri Nagar, Chittorgarh - RSPCB",07-09-2026 15:00:00,24.892047,74.623527,NO2,2,27,12
India,Rajasthan,Chittorgarh,"Shastri Nagar, Chittorgarh - RSPCB",07-09-2026 15:00:00,24.892047,74.623527,OZONE,19,72,51
India,Rajasthan,Churu,"Subash Chowk, Churu - RSPCB",07-09-2026 15:00:00,28.296139,74.961696,OZONE,44,54,47
India,Rajasthan,Dausa,"Khatikan Mohalla, Dausa - RSPCB",07-09-2026 15:00:00,26.895552,76.334753,PM10,33,125,74
India,Rajasthan,Dholpur,"Raja Ganj, Dholpur - RSPCB",07-09-2026 15:00:00,26.699557,77.898881,NH3,NA,NA,NA
India,Rajasthan,Dungarpur,"Bhoiwada, Dungarpur - RSPCB",07-09-2026 15:00:00,23.837789,73.714926,NH3,4,6,6
India,Rajasthan,Dungarpur,"Bhoiwada, Dungarpur - RSPCB",07-09-2026 15:00:00,23.837789,73.714926,SO2,4,7,5
India,Rajasthan,Dungarpur,"Bhoiwada, Dungarpur - RSPCB",07-09-2026 15:00:00,23.837789,73.714926,CO,27,32,30
India,Rajasthan,Hanumangarh,"Housing Board, Hanumangarh - RSPCB",07-09-2026 15:00:00,29.61075,74.283608,NH3,5,7,7
India,Rajasthan,Hanumangarh,"Housing Board, Hanumangarh - RSPCB",07-09-2026 15:00:00,29.61075,74.283608,SO2,4,19,5
India,Rajasthan,Jaipur,"Mansarovar Sector-12, Jaipur - RSPCB",07-09-2026 15:00:00,26.843698,75.766894,NO2,4,36,18
India,Rajasthan,Jaipur,"Mansarovar Sector-12, Jaipur - RSPCB",07-09-2026 15:00:00,26.843698,75.766894,OZONE,18,53,34
India,Rajasthan,Jaipur,"Sector-2 Murlipura, Jaipur - RSPCB",07-09-2026 15:00:00,26.960669,75.771817,SO2,4,5,4
India,Rajasthan,Jaipur,"Police Commissionerate, Jaipur - RSPCB",07-09-2026 15:00:00,26.9164092,75.7994901,PM2.5,32,69,50
India,Rajasthan,Jaipur,"RIICO Sitapura, Jaipur - RSPCB",07-09-2026 15:00:00,26.786682,75.827928,PM2.5,NA,NA,NA
India,Rajasthan,Jaipur,"RIICO Sitapura, Jaipur - RSPCB",07-09-2026 15:00:00,26.786682,75.827928,CO,38,40,39
India,Rajasthan,Jaipur,"Shastri Nagar, Jaipur - RSPCB",07-09-2026 15:00:00,26.9502929,75.730943,SO2,14,44,23
India,Delhi,Delhi,"Cantonment Area, Delhi - DPCC",07-09-2026 15:00:00,28.594169,77.1251,PM2.5,2,24,13
India,Delhi,Delhi,"Cantonment Area, Delhi - DPCC",07-09-2026 15:00:00,28.594169,77.1251,PM10,3,57,33
India,Delhi,Delhi,"Cantonment Area, Delhi - DPCC",07-09-2026 15:00:00,28.594169,77.1251,NO2,3,26,13
India,Delhi,Delhi,"Cantonment Area, Delhi - DPCC",07-09-2026 15:00:00,28.594169,77.1251,OZONE,5,9,7
India,Delhi,Delhi,"Major Dhyan Chand National Stadium, Delhi - DPCC",07-09-2026 15:00:00,28.611281,77.237738,CO,55,112,78
India,Delhi,Delhi,"Sonia Vihar, Delhi - DPCC",07-09-2026 15:00:00,28.710508,77.249485,PM2.5,3,277,105
India,Delhi,Delhi,"Sonia Vihar, Delhi - DPCC",07-09-2026 15:00:00,28.710508,77.249485,PM10,11,140,89
India,Delhi,Delhi,"Bawana, Delhi - DPCC",07-09-2026 15:00:00,28.7762,77.051074,CO,42,68,50
India,Delhi,Delhi,"Okhla Phase-2, Delhi - DPCC",07-09-2026 15:00:00,28.530785,77.271255,PM10,25,137,85
India,Delhi,Delhi,"Okhla Phase-2, Delhi - DPCC",07-09-2026 15:00:00,28.530785,77.271255,NH3,2,13,5
India,Delhi,Delhi,"Okhla Phase-2, Delhi - DPCC",07-09-2026 15:00:00,28.530785,77.271255,CO,54,93,67
India,Delhi,Delhi,"Okhla Phase-2, Delhi - DPCC",07-09-2026 15:00:00,28.530785,77.271255,OZONE,5,60,30
India,Delhi,Delhi,"Rohini, Delhi - DPCC",07-09-2026 15:00:00,28.732528,77.11992,OZONE,12,19,15
India,Delhi,Delhi,"Vivek Vihar, Delhi - DPCC",07-09-2026 15:00:00,28.672342,77.31526,PM2.5,5,305,93
India,Delhi,Delhi,"Vivek Vihar, Delhi - DPCC",07-09-2026 15:00:00,28.672342,77.31526,NO2,21,58,37
India,Delhi,Delhi,"Vivek Vihar, Delhi - DPCC",07-09-2026 15:00:00,28.672342,77.31526,SO2,5,10,7
India,Delhi,Delhi,"Vivek Vihar, Delhi - DPCC",07-09-2026 15:00:00,28.672342,77.31526,OZONE,10,11,11
India,Delhi,Delhi,"Jahangirpuri, Delhi - DPCC",07-09-2026 15:00:00,28.73282,77.170633,PM2.5,2,85,42
India,Delhi,Delhi,"Jahangirpuri, Delhi - DPCC",07-09-2026 15:00:00,28.73282,77.170633,CO,62,101,75
India,Delhi,Delhi,"IHBAS, Dilshad Garden, Delhi - CPCB",07-09-2026 15:00:00,28.6811736,77.3025234,PM10,19,103,63
India,Delhi,Delhi,"IHBAS, Dilshad Garden, Delhi - CPCB",07-09-2026 15:00:00,28.6811736,77.3025234,OZONE,8,26,16
India,Delhi,Delhi,"Sri Aurobindo Marg, Delhi - DPCC",07-09-2026 15:00:00,28.531346,77.190156,NO2,6,31,14
India,Maharashtra,Pimpri-Chinchwad,"Park Street Wakad, Pimpri Chinchwad - MPCB",07-09-2026 15:00:00,18.59051,73.77946,NO2,15,26,19
India,Maharashtra,Pune,"Hadapsar, Pune - IITM",07-09-2026 15:00:00,18.501793,73.927532,PM2.5,11,66,37
India,Maharashtra,Pune,"Mhada Colony, Pune - IITM",07-09-2026 15:00:00,18.57304,73.927715,CO,78,78,78
India,Maharashtra,Pune,"Dhankawadi, Pune - IITM",07-09-2026 15:00:00,18.459883,73.852193,PM2.5,NA,NA,NA
India,Odisha,Cuttack,"CDA Area, Cuttack - OSPCB",07-09-2026 15:00:00,20.48891,85.84768,PM10,28,96,46
India,Odisha,Cuttack,"CDA Area, Cuttack - OSPCB",07-09-2026 15:00:00,20.48891,85.84768,NH3,6,10,8
India,Odisha,Keonjhar,"Jagamohanpur, Keonjhar - OSPCB",07-09-2026 15:00:00,21.6439,85.599355,PM2.5,19,72,41
India,Odisha,Keonjhar,"Jagamohanpur, Keonjhar - OSPCB",07-09-2026 15:00:00,21.6439,85.599355,NH3,2,3,2
India,Odisha,Nayagarh,"Dabuna, Nayagarh - OSPCB",07-09-2026 15:00:00,21.847279,85.416905,NH3,8,10,9
India,Odisha,Nayagarh,"Dabuna, Nayagarh - OSPCB",07-09-2026 15:00:00,21.847279,85.416905,OZONE,15,17,16
India,Odisha,Rourkela,"Sector-2, Rourkela - OSPCB",07-09-2026 15:00:00,22.245,84.88111111,CO,10,10,10
India,Odisha,Rourkela,"Raghunathpali, Rourkela - OSPCB",07-09-2026 15:00:00,22.220833,84.809444,NH3,1,1,1
India,Odisha,Rourkela,"Raghunathpali, Rourkela - OSPCB",07-09-2026 15:00:00,22.220833,84.809444,CO,31,62,40
India,Odisha,Rourkela,"Raghunathpali, Rourkela - OSPCB",07-09-2026 15:00:00,22.220833,84.809444,OZONE,4,19,12
India,Odisha,Rourkela,"Fertilizer Township, Rourkela - OSPCB",07-09-2026 15:00:00,22.18972222,84.86277778,PM10,NA,NA,NA
India,Odisha,Rourkela,"Fertilizer Township, Rourkela - OSPCB",07-09-2026 15:00:00,22.18972222,84.86277778,NO2,NA,NA,NA
India,Odisha,Talcher,"Talcher Coalfields,Talcher - OSPCB",07-09-2026 15:00:00,20.9360711,85.1707021,PM2.5,25,81,47
India,Odisha,Talcher,"Talcher Coalfields,Talcher - OSPCB",07-09-2026 15:00:00,20.9360711,85.1707021,PM10,23,108,61
India,Odisha,Talcher,"Talcher Coalfields,Talcher - OSPCB",07-09-2026 15:00:00,20.9360711,85.1707021,SO2,30,44,35
India,Odisha,Tensa,"Barsua Iron Ore Mines, Tensa - OSPCB",07-09-2026 15:00:00,21.869985,85.167016,PM10,NA,NA,NA
India,Odisha,Tensa,"Barsua Iron Ore Mines, Tensa - OSPCB",07-09-2026 15:00:00,21.869985,85.167016,OZONE,11,13,12
India,Puducherry,Puducherry,"Jawahar Nagar, Puducherry - PPCC",07-09-2026 15:00:00,11.9309,79.8027,NO2,NA,NA,NA
India,Punjab,Amritsar,"Golden Temple, Amritsar - PPCB",07-09-2026 15:00:00,31.62,74.876512,PM10,65,105,78
India,Punjab,Amritsar,"Golden Temple, Amritsar - PPCB",07-09-2026 15:00:00,31.62,74.876512,SO2,13,19,17
India,Punjab,Amritsar,"Golden Temple, Amritsar - PPCB",07-09-2026 15:00:00,31.62,74.876512,OZONE,30,52,40
India,Punjab,Bathinda,"Hardev Nagar, Bathinda - PPCB",07-09-2026 15:00:00,30.233011,74.907758,NH3,NA,NA,NA
India,Punjab,Jalandhar,"Civil Line, Jalandhar - PPCB",07-09-2026 15:00:00,31.321907,75.578914,NO2,40,44,42
India,Punjab,Jalandhar,"Civil Line, Jalandhar - PPCB",07-09-2026 15:00:00,31.321907,75.578914,CO,16,64,38
India,Punjab,Mandi Gobindgarh,"RIMT University, Mandi Gobindgarh - PPCB",07-09-2026 15:00:00,30.649961,76.331442,PM10,69,173,107
India,Punjab,Mandi Gobindgarh,"RIMT University, Mandi Gobindgarh - PPCB",07-09-2026 15:00:00,30.649961,76.331442,CO,39,66,51
India,Punjab,Rupnagar,"Ratanpura, Rupnagar - Ambuja Cements",07-09-2026 15:00:00,31.0325454,76.5623046,NO2,8,46,26
India,Rajasthan,Ajmer,"Civil Lines,  Ajmer - RSPCB",07-09-2026 15:00:00,26.470859,74.646594,NH3,5,7,6
India,Rajasthan,Alwar,"Moti Doongri, Alwar - RSPCB",07-09-2026 15:00:00,27.554793,76.611536,CO,73,95,81
India,Rajasthan,Alwar,"Vigyan Nagar, Alwar - RSPCB",07-09-2026 15:00:00,27.598796,76.63861,PM10,68,117,85
India,Rajasthan,Alwar,"Vigyan Nagar, Alwar - RSPCB",07-09-2026 15:00:00,27.598796,76.63861,SO2,6,8,7
India,Rajasthan,Banswara,"Rati Talai, Banswara - RSPCB",07-09-2026 15:00:00,23.55519,74.44001,NH3,1,5,3
India,Rajasthan,Banswara,"Rati Talai, Banswara - RSPCB",07-09-2026 15:00:00,23.55519,74.44001,OZONE,12,41,28
India,Rajasthan,Baran,"Bamboliya, Baran - RSPCB",07-09-2026 15:00:00,25.106006,76.469948,OZONE,2,54,29
India,Rajasthan,Barmer,"Railway Colony, Barmer - RSPCB",07-09-2026 15:00:00,25.747299,71.393989,OZONE,25,60,40
India,Rajasthan,Bhilwara,"Pratap Nagar, Bhilwara - RSPCB",07-09-2026 15:00:00,25.339605,74.618883,OZONE,23,61,48
India,Rajasthan,Bhiwadi,"RIICO Ind. Area III, Bhiwadi - RSPCB",07-09-2026 15:00:00,28.194909,76.862296,NH3,6,18,11
India,Rajasthan,Bikaner,"MM Ground, Bikaner - RSPCB",07-09-2026 15:00:00,28.018792,73.292658,NH3,3,13,4
India,Rajasthan,Bundi,"New Colony, Bundi - RSPCB",07-09-2026 15:00:00,25.435774,75.644272,PM2.5,NA,NA,NA
India,Rajasthan,Bundi,"New Colony, Bundi - RSPCB",07-09-2026 15:00:00,25.435774,75.644272,NH3,NA,NA,NA
India,Rajasthan,Chittorgarh,"Shastri Nagar, Chittorgarh - RSPCB",07-09-2026 15:00:00,24.892047,74.623527,PM2.5,37,67,48
India,Rajasthan,Chittorgarh,"Shastri Nagar, Chittorgarh - RSPCB",07-09-2026 15:00:00,24.892047,74.623527,NO2,2,27,12
India,Rajasthan,Chittorgarh,"Shastri Nagar, Chittorgarh - RSPCB",07-09-2026 15:00:00,24.892047,74.623527,OZONE,19,72,51
India,Rajasthan,Churu,"Subash Chowk, Churu - RSPCB",07-09-2026 15:00:00,28.296139,74.961696,OZONE,44,54,47
India,Rajasthan,Dausa,"Khatikan Mohalla, Dausa - RSPCB",07-09-2026 15:00:00,26.895552,76.334753,PM10,33,125,74
India,Rajasthan,Dholpur,"Raja Ganj, Dholpur - RSPCB",07-09-2026 15:00:00,26.699557,77.898881,NH3,NA,NA,NA
India,Rajasthan,Dungarpur,"Bhoiwada, Dungarpur - RSPCB",07-09-2026 15:00:00,23.837789,73.714926,NH3,4,6,6
India,Rajasthan,Dungarpur,"Bhoiwada, Dungarpur - RSPCB",07-09-2026 15:00:00,23.837789,73.714926,SO2,4,7,5
India,Rajasthan,Dungarpur,"Bhoiwada, Dungarpur - RSPCB",07-09-2026 15:00:00,23.837789,73.714926,CO,27,32,30
India,Rajasthan,Hanumangarh,"Housing Board, Hanumangarh - RSPCB",07-09-2026 15:00:00,29.61075,74.283608,NH3,5,7,7
India,Rajasthan,Hanumangarh,"Housing Board, Hanumangarh - RSPCB",07-09-2026 15:00:00,29.61075,74.283608,SO2,4,19,5
India,Rajasthan,Jaipur,"Mansarovar Sector-12, Jaipur - RSPCB",07-09-2026 15:00:00,26.843698,75.766894,NO2,4,36,18
India,Rajasthan,Jaipur,"Mansarovar Sector-12, Jaipur - RSPCB",07-09-2026 15:00:00,26.843698,75.766894,OZONE,18,53,34
India,Rajasthan,Jaipur,"Sector-2 Murlipura, Jaipur - RSPCB",07-09-2026 15:00:00,26.960669,75.771817,SO2,4,5,4
India,Rajasthan,Jaipur,"Police Commissionerate, Jaipur - RSPCB",07-09-2026 15:00:00,26.9164092,75.7994901,PM2.5,32,69,50
India,Rajasthan,Jaipur,"RIICO Sitapura, Jaipur - RSPCB",07-09-2026 15:00:00,26.786682,75.827928,PM2.5,NA,NA,NA
India,Rajasthan,Jaipur,"RIICO Sitapura, Jaipur - RSPCB",07-09-2026 15:00:00,26.786682,75.827928,CO,38,40,39
India,Rajasthan,Jaipur,"Shastri Nagar, Jaipur - RSPCB",07-09-2026 15:00:00,26.9502929,75.730943,SO2,14,44,23
India,Rajasthan,Jaisalmer,"Sadar Bazar, Jaisalmer - RSPCB",07-09-2026 15:00:00,26.912329,70.909168,PM10,64,122,89
India,Rajasthan,Jaisalmer,"Sadar Bazar, Jaisalmer - RSPCB",07-09-2026 15:00:00,26.912329,70.909168,NH3,7,12,10
India,Rajasthan,Jalore,"Mudtra Sili, Jalore - RSPCB",07-09-2026 15:00:00,25.344694,72.626208,NO2,3,11,7
India,Rajasthan,Jhalawar,"Rajlaxmi Nagar, Jhalawar - RSPCB",07-09-2026 15:00:00,24.588397,76.172782,PM10,23,97,62
India,Rajasthan,Jhunjhunu,"Indra Nagar, Jhunjhunu - RSPCB",07-09-2026 15:00:00,28.108988,75.386577,NH3,3,8,5
India,Rajasthan,Jodhpur,"Digari Kalan, Jodhpur - RSPCB",07-09-2026 15:00:00,26.29581,73.082283,NO2,9,22,14
India,Rajasthan,Jodhpur,"Digari Kalan, Jodhpur - RSPCB",07-09-2026 15:00:00,26.29581,73.082283,CO,11,13,12
India,Rajasthan,Jodhpur,"Mandor, Jodhpur - RSPCB",07-09-2026 15:00:00,26.358805,73.047444,PM10,47,89,62
India,Rajasthan,Jodhpur,"Mandor, Jodhpur - RSPCB",07-09-2026 15:00:00,26.358805,73.047444,NH3,2,3,3
India,Rajasthan,Jodhpur,"Mandor, Jodhpur - RSPCB",07-09-2026 15:00:00,26.358805,73.047444,OZONE,33,74,54
India,Rajasthan,Jodhpur,"Collectorate, Jodhpur - RSPCB",07-09-2026 15:00:00,26.268249,73.0193853,NO2,16,22,19
India,Rajasthan,Jodhpur,"Collectorate, Jodhpur - RSPCB",07-09-2026 15:00:00,26.268249,73.0193853,SO2,2,11,6
India,Rajasthan,Jodhpur,"Samrat Ashok Udhyan, Jodhpur - RSPCB",07-09-2026 15:00:00,26.253384,72.976571,PM10,41,106,62
India,Rajasthan,Karauli,"Satyawati Vihar, Karauli - RSPCB",07-09-2026 15:00:00,26.506177,77.025989,SO2,4,11,7
India,Rajasthan,Karauli,"Satyawati Vihar, Karauli - RSPCB",07-09-2026 15:00:00,26.506177,77.025989,CO,8,28,24
India,Rajasthan,Khairthal,"New Anaj Mandi, Khairthal - RSPCB",07-09-2026 15:00:00,27.8015617,76.6365217,PM2.5,28,83,52
India,Rajasthan,Khairthal,"New Anaj Mandi, Khairthal - RSPCB",07-09-2026 15:00:00,27.8015617,76.6365217,NO2,27,42,31
India,Rajasthan,Khairthal,"New Anaj Mandi, Khairthal - RSPCB",07-09-2026 15:00:00,27.8015617,76.6365217,CO,95,103,99
India,Rajasthan,Kota,"Nayapura, Kota - RSPCB",07-09-2026 15:00:00,25.196024,75.855668,PM2.5,18,52,38
India,Rajasthan,Kota,"Shrinath Puram, Kota - RSPCB",07-09-2026 15:00:00,25.14389,75.821256,PM2.5,40,59,47
India,Rajasthan,Kota,"Shrinath Puram, Kota - RSPCB",07-09-2026 15:00:00,25.14389,75.821256,NO2,5,18,10
India,Rajasthan,Kota,"Shrinath Puram, Kota - RSPCB",07-09-2026 15:00:00,25.14389,75.821256,NH3,3,8,6
India,Rajasthan,Kota,"Shrinath Puram, Kota - RSPCB",07-09-2026 15:00:00,25.14389,75.821256,SO2,5,7,6
India,Rajasthan,Kota,"Shrinath Puram, Kota - RSPCB",07-09-2026 15:00:00,25.14389,75.821256,CO,40,54,44
India,Rajasthan,Nagaur,"Karni Colony, Nagaur - RSPCB",07-09-2026 15:00:00,27.213494,73.734444,NO2,3,17,6
India,Rajasthan,Nagaur,"Karni Colony, Nagaur - RSPCB",07-09-2026 15:00:00,27.213494,73.734444,CO,5,34,13
India,Rajasthan,Pratapgarh,"Pragati Nagar, Pratapgarh - RSPCB",07-09-2026 15:00:00,24.041198,74.780702,PM2.5,22,58,37
India,Rajasthan,Pratapgarh,"Pragati Nagar, Pratapgarh - RSPCB",07-09-2026 15:00:00,24.041198,74.780702,NO2,6,16,10
India,Rajasthan,Pratapgarh,"Pragati Nagar, Pratapgarh - RSPCB",07-09-2026 15:00:00,24.041198,74.780702,OZONE,19,53,38
India,Rajasthan,Sawai Madhopur,"Sahu Nagar, Sawai Madhopur - RSPCB",07-09-2026 15:00:00,26.031443,76.359327,PM2.5,2,91,25
India,Rajasthan,Sawai Madhopur,"Sahu Nagar, Sawai Madhopur - RSPCB",07-09-2026 15:00:00,26.031443,76.359327,NH3,2,5,3
India,Rajasthan,Sri Ganganagar,"Old City, Sri Ganganagar - RSPCB",07-09-2026 15:00:00,29.931624,73.864511,OZONE,31,70,51
India,Rajasthan,Tonk,"Shastri Nagar, Tonk - RSPCB",07-09-2026 15:00:00,26.159933,75.780517,OZONE,22,55,43
India,Sikkim,Gangtok,"Zero Point GICI, Gangtok - SSPCB",07-09-2026 15:00:00,27.33853,88.614099,SO2,1,1,1
India,Sikkim,Gangtok,"Zero Point GICI, Gangtok - SSPCB",07-09-2026 15:00:00,27.33853,88.614099,CO,3,6,4
India,Tamil Nadu,Chennai,"Kodungaiyur, Chennai - TNPCB",07-09-2026 15:00:00,13.1278,80.2642,PM10,12,111,44
India,Tamil Nadu,Chennai,"Kodungaiyur, Chennai - TNPCB",07-09-2026 15:00:00,13.1278,80.2642,NH3,3,6,4
India,Tamil Nadu,Chennai,"Kodungaiyur, Chennai - TNPCB",07-09-2026 15:00:00,13.1278,80.2642,CO,29,34,31
India,Tamil Nadu,Chennai,"Arumbakkam, Chennai - TNPCB",07-09-2026 15:00:00,13.0664,80.2112,NH3,2,3,2
India,Tamil Nadu,Chennai,"Arumbakkam, Chennai - TNPCB",07-09-2026 15:00:00,13.0664,80.2112,SO2,0,5,1
India,Tamil Nadu,Chennai,"Perungudi, Chennai - TNPCB",07-09-2026 15:00:00,12.9533,80.2357,NH3,0,1,0
India,Tamil Nadu,Chennai,"Royapuram, Chennai - TNPCB",07-09-2026 15:00:00,13.1036,80.2909,PM2.5,39,52,47
India,Tamil Nadu,Coimbatore,"SIDCO Kurichi, Coimbatore - TNPCB",07-09-2026 15:00:00,10.942451,76.978996,PM10,10,44,17
India,Tamil Nadu,Coimbatore,"SIDCO Kurichi, Coimbatore - TNPCB",07-09-2026 15:00:00,10.942451,76.978996,CO,41,46,43
India,Tamil Nadu,Coimbatore,"SIDCO Kurichi, Coimbatore - TNPCB",07-09-2026 15:00:00,10.942451,76.978996,OZONE,19,20,20
India,Tamil Nadu,Cuddalore,"Semmandalam, Cuddalore - TNPCB",07-09-2026 15:00:00,11.7637683,79.7499835,CO,NA,NA,NA
India,Tamil Nadu,Gummidipoondi,"Anthoni Pillai Nagar, Gummidipoondi - TNPCB",07-09-2026 15:00:00,13.4127,80.1081,PM2.5,13,387,141
India,Tamil Nadu,Gummidipoondi,"Anthoni Pillai Nagar, Gummidipoondi - TNPCB",07-09-2026 15:00:00,13.4127,80.1081,PM10,46,259,100
India,Tamil Nadu,Gummidipoondi,"Anthoni Pillai Nagar, Gummidipoondi - TNPCB",07-09-2026 15:00:00,13.4127,80.1081,NO2,NA,NA,NA
India,Tamil Nadu,Thoothukudi,"Meelavittan, Thoothukudi - TNPCB",07-09-2026 15:00:00,8.816428,78.099039,PM2.5,NA,NA,NA
India,Tamil Nadu,Thoothukudi,"Meelavittan, Thoothukudi - TNPCB",07-09-2026 15:00:00,8.816428,78.099039,OZONE,27,34,30
India,Telangana,Hyderabad,"Zoo Park, Hyderabad - TSPCB",07-09-2026 15:00:00,17.349694,78.451437,NH3,NA,NA,NA
India,Telangana,Hyderabad,"Zoo Park, Hyderabad - TSPCB",07-09-2026 15:00:00,17.349694,78.451437,OZONE,4,5,5
India,Telangana,Hyderabad,"IITH Kandi, Hyderabad - TSPCB",07-09-2026 15:00:00,17.585705,78.126199,NO2,9,13,10
India,Telangana,Hyderabad,"IITH Kandi, Hyderabad - TSPCB",07-09-2026 15:00:00,17.585705,78.126199,NH3,2,3,2
India,Telangana,Hyderabad,"Nacharam_TSIIC IALA, Hyderabad - TSPCB",07-09-2026 15:00:00,17.429398,78.569354,OZONE,15,30,23
India,Telangana,Hyderabad,"New Malakpet, Hyderabad - TSPCB",07-09-2026 15:00:00,17.37206,78.50864,NO2,13,17,15
India,Telangana,Hyderabad,"New Malakpet, Hyderabad - TSPCB",07-09-2026 15:00:00,17.37206,78.50864,SO2,7,15,9
India,Telangana,Hyderabad,"ECIL Kapra, Hyderabad - TSPCB",07-09-2026 15:00:00,17.470431,78.566959,PM10,NA,NA,NA
India,Telangana,Hyderabad,"Ramachandrapuram, Hyderabad - TSPCB",07-09-2026 15:00:00,17.528544,78.286195,CO,22,33,29
India,Telangana,Hyderabad,"Kompally Municipal Office, Hyderabad - TSPCB",07-09-2026 15:00:00,17.544899,78.486949,PM2.5,30,48,34
India,Telangana,Hyderabad,"Somajiguda, Hyderabad - TSPCB",07-09-2026 15:00:00,17.417094,78.457437,PM10,65,102,80
India,Telangana,Hyderabad,"IDA Pashamylaram, Hyderabad - TSPCB",07-09-2026 15:00:00,17.5316895,78.218939,PM10,26,83,54
India,Telangana,Hyderabad,"Sanathnagar, Hyderabad - TSPCB",07-09-2026 15:00:00,17.4559458,78.4332152,PM2.5,10,57,27
India,Telangana,Hyderabad,"Sanathnagar, Hyderabad - TSPCB",07-09-2026 15:00:00,17.4559458,78.4332152,NH3,NA,NA,NA
India,Uttar Pradesh,Agra,"Rohta, Agra - UPPCB",07-09-2026 15:00:00,27.106972,78.000111,SO2,15,27,18
India,Uttar Pradesh,Agra,"Rohta, Agra - UPPCB",07-09-2026 15:00:00,27.106972,78.000111,OZONE,13,16,15
India,Uttar Pradesh,Agra,"Sector-3B Avas Vikas Colony, Agra - UPPCB",07-09-2026 15:00:00,27.19412,77.96237,PM2.5,2,38,26
India,Uttar Pradesh,Agra,"Shahjahan Garden, Agra - UPPCB",07-09-2026 15:00:00,27.169338,78.03582,NH3,1,1,1
India,Uttar Pradesh,Agra,"Manoharpur, Agra - UPPCB",07-09-2026 15:00:00,27.23711,78.01936,PM2.5,70,308,97
India,Uttar Pradesh,Agra,"Manoharpur, Agra - UPPCB",07-09-2026 15:00:00,27.23711,78.01936,PM10,57,148,72
India,Uttar Pradesh,Agra,"Manoharpur, Agra - UPPCB",07-09-2026 15:00:00,27.23711,78.01936,SO2,13,16,14
India,Uttar Pradesh,Agra,"Manoharpur, Agra - UPPCB",07-09-2026 15:00:00,27.23711,78.01936,CO,20,20,20
India,Uttar Pradesh,Agra,"Sanjay Palace, Agra - UPPCB",07-09-2026 15:00:00,27.19865833,78.00598056,PM10,23,182,81
India,Uttar Pradesh,Agra,"Sanjay Palace, Agra - UPPCB",07-09-2026 15:00:00,27.19865833,78.00598056,NO2,12,17,15
India,Uttar Pradesh,Agra,"Sanjay Palace, Agra - UPPCB",07-09-2026 15:00:00,27.19865833,78.00598056,NH3,NA,NA,NA
India,Uttar Pradesh,Agra,"Shastripuram, Agra - UPPCB",07-09-2026 15:00:00,27.19862,77.92066,PM10,17,47,27
India,Uttar Pradesh,Agra,"Shastripuram, Agra - UPPCB",07-09-2026 15:00:00,27.19862,77.92066,NO2,53,58,54
India,Uttar Pradesh,Baghpat,"Sardar Patel Inter College, Baghpat - UPPCB",07-09-2026 15:00:00,28.964949,77.278761,SO2,11,30,15
India,Uttar Pradesh,Bareilly,"Civil Lines, Bareilly - UPPCB",07-09-2026 15:00:00,28.359581,79.414455,PM2.5,23,42,31
India,Uttar Pradesh,Bulandshahr,"Yamunapuram, Bulandshahr - UPPCB",07-09-2026 15:00:00,28.406963,77.849831,NH3,7,14,9
India,Uttar Pradesh,Fatehpur Sikri,"Dadupura, Fatehpur Sikri - UPPCB",07-09-2026 15:00:00,27.097694,77.671335,PM2.5,13,51,25
India,Uttar Pradesh,Fatehpur Sikri,"Dadupura, Fatehpur Sikri - UPPCB",07-09-2026 15:00:00,27.097694,77.671335,SO2,10,11,11
India,Uttar Pradesh,Fatehpur Sikri,"Dadupura, Fatehpur Sikri - UPPCB",07-09-2026 15:00:00,27.097694,77.671335,CO,18,21,19
India,Uttar Pradesh,Firozabad,"Vibhab Nagar, Firozabad - UPPCB",07-09-2026 15:00:00,27.1594,78.3953,PM10,NA,NA,NA
India,Delhi,Delhi,"Cantonment Area, Delhi - DPCC",07-09-2026 15:00:00,28.594169,77.1251,PM2.5,2,24,13
India,Delhi,Delhi,"Cantonment Area, Delhi - DPCC",07-09-2026 15:00:00,28.594169,77.1251,PM10,3,57,33
India,Delhi,Delhi,"Cantonment Area, Delhi - DPCC",07-09-2026 15:00:00,28.594169,77.1251,NO2,3,26,13
India,Delhi,Delhi,"Cantonment Area, Delhi - DPCC",07-09-2026 15:00:00,28.594169,77.1251,OZONE,5,9,7
India,Delhi,Delhi,"Major Dhyan Chand National Stadium, Delhi - DPCC",07-09-2026 15:00:00,28.611281,77.237738,CO,55,112,78
India,Delhi,Delhi,"Sonia Vihar, Delhi - DPCC",07-09-2026 15:00:00,28.710508,77.249485,PM2.5,3,277,105
India,Delhi,Delhi,"Sonia Vihar, Delhi - DPCC",07-09-2026 15:00:00,28.710508,77.249485,PM10,11,140,89
India,Delhi,Delhi,"Bawana, Delhi - DPCC",07-09-2026 15:00:00,28.7762,77.051074,CO,42,68,50
India,Delhi,Delhi,"Okhla Phase-2, Delhi - DPCC",07-09-2026 15:00:00,28.530785,77.271255,PM10,25,137,85
India,Delhi,Delhi,"Okhla Phase-2, Delhi - DPCC",07-09-2026 15:00:00,28.530785,77.271255,NH3,2,13,5
India,Delhi,Delhi,"Okhla Phase-2, Delhi - DPCC",07-09-2026 15:00:00,28.530785,77.271255,CO,54,93,67
India,Delhi,Delhi,"Okhla Phase-2, Delhi - DPCC",07-09-2026 15:00:00,28.530785,77.271255,OZONE,5,60,30
India,Delhi,Delhi,"Rohini, Delhi - DPCC",07-09-2026 15:00:00,28.732528,77.11992,OZONE,12,19,15
India,Delhi,Delhi,"Vivek Vihar, Delhi - DPCC",07-09-2026 15:00:00,28.672342,77.31526,PM2.5,5,305,93
India,Delhi,Delhi,"Vivek Vihar, Delhi - DPCC",07-09-2026 15:00:00,28.672342,77.31526,NO2,21,58,37
India,Delhi,Delhi,"Vivek Vihar, Delhi - DPCC",07-09-2026 15:00:00,28.672342,77.31526,SO2,5,10,7
India,Delhi,Delhi,"Vivek Vihar, Delhi - DPCC",07-09-2026 15:00:00,28.672342,77.31526,OZONE,10,11,11
India,Delhi,Delhi,"Jahangirpuri, Delhi - DPCC",07-09-2026 15:00:00,28.73282,77.170633,PM2.5,2,85,42
India,Delhi,Delhi,"Jahangirpuri, Delhi - DPCC",07-09-2026 15:00:00,28.73282,77.170633,CO,62,101,75
India,Delhi,Delhi,"IHBAS, Dilshad Garden, Delhi - CPCB",07-09-2026 15:00:00,28.6811736,77.3025234,PM10,19,103,63
India,Delhi,Delhi,"IHBAS, Dilshad Garden, Delhi - CPCB",07-09-2026 15:00:00,28.6811736,77.3025234,OZONE,8,26,16
India,Delhi,Delhi,"Sri Aurobindo Marg, Delhi - DPCC",07-09-2026 15:00:00,28.531346,77.190156,NO2,6,31,14
India,Delhi,Delhi,"Sri Aurobindo Marg, Delhi - DPCC",07-09-2026 15:00:00,28.531346,77.190156,SO2,40,44,42
India,Delhi,Delhi,"Pusa, Delhi - DPCC",07-09-2026 15:00:00,28.639652,77.146275,CO,57,106,85
India,Delhi,Delhi,"Sirifort, Delhi - CPCB",07-09-2026 15:00:00,28.5504249,77.2159377,NO2,51,56,54
India,Delhi,Delhi,"Sirifort, Delhi - CPCB",07-09-2026 15:00:00,28.5504249,77.2159377,NH3,6,12,8
India,Delhi,Delhi,"Chandni Chowk, Delhi - IITM",07-09-2026 15:00:00,28.656756,77.227234,NH3,4,11,7
India,Delhi,Delhi,"Chandni Chowk, Delhi - IITM",07-09-2026 15:00:00,28.656756,77.227234,CO,66,112,97
India,Delhi,Delhi,"DTU, Delhi - CPCB",07-09-2026 15:00:00,28.7500499,77.1112615,NO2,21,29,22
India,Delhi,Delhi,"DTU, Delhi - CPCB",07-09-2026 15:00:00,28.7500499,77.1112615,NH3,3,5,5
India,Delhi,Delhi,"Dwarka-Sector 8, Delhi - DPCC ",07-09-2026 15:00:00,28.5710274,77.0719006,NO2,14,58,37
India,Delhi,Delhi,"Dwarka-Sector 8, Delhi - DPCC ",07-09-2026 15:00:00,28.5710274,77.0719006,NH3,3,5,4
India,Delhi,Delhi,"Dwarka-Sector 8, Delhi - DPCC ",07-09-2026 15:00:00,28.5710274,77.0719006,CO,10,21,14
India,Delhi,Delhi,"Dwarka-Sector 8, Delhi - DPCC ",07-09-2026 15:00:00,28.5710274,77.0719006,OZONE,9,34,22
India,Delhi,Delhi,"IIT Delhi, Delhi - IITM",07-09-2026 15:00:00,28.54246,77.191651,PM2.5,4,87,41
India,Delhi,Delhi,"IIT Delhi, Delhi - IITM",07-09-2026 15:00:00,28.54246,77.191651,PM10,38,166,97
India,Delhi,Delhi,"IIT Delhi, Delhi - IITM",07-09-2026 15:00:00,28.54246,77.191651,NO2,4,38,15
India,Delhi,Delhi,"IGI Airport (T3), Delhi - IITM",07-09-2026 15:00:00,28.5627763,77.1180053,PM2.5,3,64,36
India,Delhi,Delhi,"IGNOU_Maidan Garhi, Delhi - DPCC",07-09-2026 15:00:00,28.493624,77.201159,PM10,19,87,54
India,Delhi,Delhi,"IGNOU_Maidan Garhi, Delhi - DPCC",07-09-2026 15:00:00,28.493624,77.201159,CO,61,70,66
India,Delhi,Delhi,"Commonwealth Sports Complex, Delhi - DPCC",07-09-2026 15:00:00,28.615828,77.271992,NO2,2,62,22
India,Delhi,Delhi,"Commonwealth Sports Complex, Delhi - DPCC",07-09-2026 15:00:00,28.615828,77.271992,SO2,2,13,4
India,Delhi,Delhi,"Talkatora Garden, Delhi - DPCC",07-09-2026 15:00:00,28.62181,77.1944633,PM10,9,91,59
India,Delhi,Delhi,"Talkatora Garden, Delhi - DPCC",07-09-2026 15:00:00,28.62181,77.1944633,SO2,1,4,2
India,Delhi,Delhi,"NSIT Dwarka, Delhi - CPCB",07-09-2026 15:00:00,28.60909,77.0325413,NO2,20,66,45
India,Chhattisgarh,Bhilai,"Hathkhoj, Bhilai - CECB",07-09-2026 15:00:00,21.224231,81.40835,OZONE,11,25,18
India,Chhattisgarh,Bilaspur,"Mangala, Bilaspur - NTPC",07-09-2026 15:00:00,22.08815,82.13737,CO,15,34,26
India,Chhattisgarh,Chhal,"Nawapara SECL Colony, Chhal - CECB",07-09-2026 15:00:00,22.118125,83.140608,CO,17,22,20
India,Chhattisgarh,Korba,"Urja Nagar, Korba - CECB",07-09-2026 15:00:00,22.348441,82.549611,PM2.5,19,44,33
India,Chhattisgarh,Korba,"Urja Nagar, Korba - CECB",07-09-2026 15:00:00,22.348441,82.549611,NH3,1,1,1
India,Chhattisgarh,Korba,"Urja Nagar, Korba - CECB",07-09-2026 15:00:00,22.348441,82.549611,CO,18,36,26
India,Chhattisgarh,Kunjemura,"OP Jindal School, Kunjemura - CECB",07-09-2026 15:00:00,22.12665,83.483212,PM10,55,162,86
India,Chhattisgarh,Kunjemura,"OP Jindal School, Kunjemura - CECB",07-09-2026 15:00:00,22.12665,83.483212,SO2,5,22,14
India,Chhattisgarh,Milupara,"Govt. Higher Secondary School, Milupara - CECB",07-09-2026 15:00:00,22.1910172,83.5197009,PM2.5,NA,NA,NA
India,Chhattisgarh,Milupara,"Govt. Higher Secondary School, Milupara - CECB",07-09-2026 15:00:00,22.1910172,83.5197009,PM10,NA,NA,NA
India,Chhattisgarh,Milupara,"Govt. Higher Secondary School, Milupara - CECB",07-09-2026 15:00:00,22.1910172,83.5197009,NO2,NA,NA,NA
India,Chhattisgarh,Raipur,"Krishak Nagar, Raipur - CECB",07-09-2026 15:00:00,21.237755,81.705301,NO2,4,15,6
India,Chhattisgarh,Raipur,"Krishak Nagar, Raipur - CECB",07-09-2026 15:00:00,21.237755,81.705301,CO,5,19,12
India,Chhattisgarh,Raipur,"Siltara Phase-II, Raipur - CECB",07-09-2026 15:00:00,21.371751,81.664929,CO,17,17,17
India,Chhattisgarh,Raipur,"AIIMS, Raipur - CECB",07-09-2026 15:00:00,21.258815,81.578979,NH3,2,2,2
India,Chhattisgarh,Tumidih,"OP Jindal Industrial Park, Tumidih - CECB",07-09-2026 15:00:00,22.06631475,83.33820077,PM2.5,23,76,47
India,Delhi,Delhi,"ITO, Delhi - CPCB",07-09-2026 15:00:00,28.628624,77.24106,NO2,15,120,60
India,Delhi,Delhi,"ITO, Delhi - CPCB",07-09-2026 15:00:00,28.628624,77.24106,OZONE,14,19,17
India,Bihar,Gaya,"Kareemganj, Gaya - BSPCB",07-09-2026 15:00:00,24.792403,84.992416,NH3,0,2,1
India,Bihar,Hajipur,"Industrial Area, Hajipur - BSPCB",07-09-2026 15:00:00,25.697189,85.2459,CO,19,27,23
India,Bihar,Katihar,"Mirchaibari, Katihar - BSPCB",07-09-2026 15:00:00,25.560083,87.553265,PM2.5,27,63,43
India,Bihar,Katihar,"Mirchaibari, Katihar - BSPCB",07-09-2026 15:00:00,25.560083,87.553265,PM10,27,64,44
India,Bihar,Katihar,"Mirchaibari, Katihar - BSPCB",07-09-2026 15:00:00,25.560083,87.553265,CO,57,78,67
India,Bihar,Kishanganj,"SDM Office_Khagra, Kishanganj - BSPCB",07-09-2026 15:00:00,26.0881305,87.93840336,OZONE,33,34,33
India,Bihar,Manguraha,"Forest Rest House, Manguraha - BSPCB",07-09-2026 15:00:00,27.308328,84.531742,NH3,0,1,1
India,Bihar,Manguraha,"Forest Rest House, Manguraha - BSPCB",07-09-2026 15:00:00,27.308328,84.531742,OZONE,24,38,32
India,Bihar,Motihari,"Gandak Colony, Motihari - BSPCB",07-09-2026 15:00:00,26.63086,84.90051,PM10,12,77,28
India,Bihar,Muzaffarpur,"Buddha Colony, Muzaffarpur - BSPCB",07-09-2026 15:00:00,26.11442,85.39813,PM2.5,48,80,66
India,Bihar,Muzaffarpur,"Buddha Colony, Muzaffarpur - BSPCB",07-09-2026 15:00:00,26.11442,85.39813,PM10,49,85,71
India,Bihar,Muzaffarpur,"MIT-Daudpur Kothi, Muzaffarpur - BSPCB",07-09-2026 15:00:00,26.1403345,85.3650192,CO,10,21,15
India,Bihar,Patna,"Rajbansi Nagar, Patna - BSPCB",07-09-2026 15:00:00,25.599486,85.113666,NH3,2,3,3
India,Bihar,Patna,"Rajbansi Nagar, Patna - BSPCB",07-09-2026 15:00:00,25.599486,85.113666,SO2,4,15,9
India,Bihar,Patna,"Rajbansi Nagar, Patna - BSPCB",07-09-2026 15:00:00,25.599486,85.113666,CO,9,57,30
India,Bihar,Patna,"Govt. High School Shikarpur, Patna - BSPCB",07-09-2026 15:00:00,25.592539,85.227158,SO2,11,14,13
India,Bihar,Patna,"DRM Office Danapur, Patna - BSPCB",07-09-2026 15:00:00,25.586562,85.043586,NO2,19,25,23
India,Bihar,Patna,"DRM Office Danapur, Patna - BSPCB",07-09-2026 15:00:00,25.586562,85.043586,OZONE,20,92,41
India,Bihar,Patna,"Samanpura, Patna - BSPCB",07-09-2026 15:00:00,25.596727,85.085624,PM2.5,NA,NA,NA
India,Bihar,Patna,"Samanpura, Patna - BSPCB",07-09-2026 15:00:00,25.596727,85.085624,OZONE,23,23,23
India,Bihar,Purnia,"Mariam Nagar, Purnia - BSPCB",07-09-2026 15:00:00,25.366336,87.117468,NH3,4,4,4
India,Bihar,Purnia,"Mariam Nagar, Purnia - BSPCB",07-09-2026 15:00:00,25.366336,87.117468,OZONE,19,80,30
India,Bihar,Rajgir,"Dangi Tola, Rajgir - BSPCB",07-09-2026 15:00:00,25.0328,85.41948,OZONE,1,37,13
India,Bihar,Saharsa,"Police Line, Saharsa - BSPCB",07-09-2026 15:00:00,25.892357,86.590325,SO2,16,21,19
India,Bihar,Saharsa,"Police Line, Saharsa - BSPCB",07-09-2026 15:00:00,25.892357,86.590325,OZONE,11,31,18
India,Bihar,Samastipur,"DM Office_Kasipur, Samastipur - BSPCB",07-09-2026 15:00:00,25.859655,85.77944,PM2.5,NA,NA,NA
India,Chandigarh,Chandigarh,"Sector 22, Chandigarh - CPCC",07-09-2026 15:00:00,30.735567,76.775714,NH3,2,8,5
India,Chandigarh,Chandigarh,"Sector 22, Chandigarh - CPCC",07-09-2026 15:00:00,30.735567,76.775714,SO2,4,7,5
India,Chandigarh,Chandigarh,"Sector-25, Chandigarh - CPCC",07-09-2026 15:00:00,30.751462,76.762879,PM10,28,77,49
India,Chandigarh,Chandigarh,"Sector-25, Chandigarh - CPCC",07-09-2026 15:00:00,30.751462,76.762879,CO,15,25,19
India,Chandigarh,Chandigarh,"Sector-25, Chandigarh - CPCC",07-09-2026 15:00:00,30.751462,76.762879,OZONE,10,24,20
India,Chandigarh,Chandigarh,"Sector-53, Chandigarh - CPCC",07-09-2026 15:00:00,30.719859,76.738637,NH3,2,9,4
India,Chhattisgarh,Bhilai,"Hathkhoj, Bhilai - CECB",07-09-2026 15:00:00,21.224231,81.40835,PM2.5,24,40,32
India,Chhattisgarh,Bhilai,"Hathkhoj, Bhilai - CECB",07-09-2026 15:00:00,21.224231,81.40835,SO2,3,11,6
India,Andhra Pradesh,Visakhapatnam,"GVM Corporation, Visakhapatnam - APPCB",07-09-2026 15:00:00,17.72,83.3,NO2,26,108,80
India,Andhra Pradesh,Visakhapatnam,"GVM Corporation, Visakhapatnam - APPCB",07-09-2026 15:00:00,17.72,83.3,NH3,2,3,2
India,Arunachal Pradesh,Naharlagun,"Naharlagun, Naharlagun - APSPCB",07-09-2026 15:00:00,27.103358,93.679645,PM2.5,2,50,30
India,Arunachal Pradesh,Naharlagun,"Naharlagun, Naharlagun - APSPCB",07-09-2026 15:00:00,27.103358,93.679645,NH3,1,1,1
India,Arunachal Pradesh,Naharlagun,"Naharlagun, Naharlagun - APSPCB",07-09-2026 15:00:00,27.103358,93.679645,SO2,11,13,11
India,Assam,Byrnihat,"Central Academy for SFS, Byrnihat - PCBA",07-09-2026 15:00:00,26.071318,91.87488,PM2.5,58,104,87
India,Assam,Byrnihat,"Central Academy for SFS, Byrnihat - PCBA",07-09-2026 15:00:00,26.071318,91.87488,CO,46,70,59
India,Assam,Guwahati,"IITG, Guwahati - PCBA",07-09-2026 15:00:00,26.2028636,91.70046436,OZONE,7,30,21
India,Assam,Guwahati,"Pan Bazaar, Guwahati - PCBA",07-09-2026 15:00:00,26.1875,91.744194,PM2.5,0,48,8
India,Assam,Guwahati,"LGBI Airport, Guwahati - PCBA",07-09-2026 15:00:00,26.10887,91.589544,CO,9,24,19
India,Assam,Guwahati,"LGBI Airport, Guwahati - PCBA",07-09-2026 15:00:00,26.10887,91.589544,OZONE,11,17,13
India,Assam,Nagaon,"Christianpatty, Nagaon - PCBA",07-09-2026 15:00:00,26.349082,92.68449,PM10,39,70,57
India,Assam,Nagaon,"Christianpatty, Nagaon - PCBA",07-09-2026 15:00:00,26.349082,92.68449,CO,12,19,15
India,Assam,Nalbari,"Bata Chowk, Nalbari - PCBA",07-09-2026 15:00:00,26.446912,91.439057,PM10,15,32,19
India,Assam,Nalbari,"Bata Chowk, Nalbari - PCBA",07-09-2026 15:00:00,26.446912,91.439057,NH3,6,6,6
India,Delhi,Delhi,"Patparganj, Delhi - DPCC",07-09-2026 15:00:00,28.623763,77.287209,PM10,13,133,85
India,Delhi,Delhi,"Najafgarh, Delhi - DPCC",07-09-2026 15:00:00,28.570173,76.933762,PM2.5,NA,NA,NA
India,Delhi,Delhi,"Najafgarh, Delhi - DPCC",07-09-2026 15:00:00,28.570173,76.933762,NH3,5,7,6
India,Delhi,Delhi,"Najafgarh, Delhi - DPCC",07-09-2026 15:00:00,28.570173,76.933762,CO,13,33,19
India,Delhi,Delhi,"NSUT Jaffarpur, Delhi - DPCC",07-09-2026 15:00:00,28.594004,76.909423,PM2.5,3,76,46
India,Delhi,Delhi,"Mundka, Delhi - DPCC",07-09-2026 15:00:00,28.684678,77.076574,SO2,3,22,11
India,Delhi,Delhi,"Punjabi Bagh, Delhi - DPCC",07-09-2026 15:00:00,28.674045,77.131023,PM2.5,8,233,72
India,Delhi,Delhi,"Punjabi Bagh, Delhi - DPCC",07-09-2026 15:00:00,28.674045,77.131023,NH3,2,3,2
India,Delhi,Delhi,"Punjabi Bagh, Delhi - DPCC",07-09-2026 15:00:00,28.674045,77.131023,SO2,25,68,42
India,Delhi,Delhi,"Ashok Vihar, Delhi - DPCC",07-09-2026 15:00:00,28.695381,77.181665,PM2.5,17,197,86
India,Delhi,Delhi,"Ashok Vihar, Delhi - DPCC",07-09-2026 15:00:00,28.695381,77.181665,PM10,26,140,93
India,Delhi,Delhi,"Ashok Vihar, Delhi - DPCC",07-09-2026 15:00:00,28.695381,77.181665,NH3,4,6,5
India,Delhi,Delhi,"Ashok Vihar, Delhi - DPCC",07-09-2026 15:00:00,28.695381,77.181665,SO2,31,40,34
India,Delhi,Delhi,"Ashok Vihar, Delhi - DPCC",07-09-2026 15:00:00,28.695381,77.181665,OZONE,3,7,5
India,Delhi,Delhi,"Shadipur, Delhi - CPCB",07-09-2026 15:00:00,28.6514781,77.1473105,PM10,13,63,47
India,Delhi,Delhi,"Shadipur, Delhi - CPCB",07-09-2026 15:00:00,28.6514781,77.1473105,NH3,4,11,7
India,Delhi,Delhi,"Shadipur, Delhi - CPCB",07-09-2026 15:00:00,28.6514781,77.1473105,CO,14,56,33
India,Delhi,Delhi,"Mandir Marg, Delhi - DPCC",07-09-2026 15:00:00,28.636429,77.201067,CO,53,102,68
India,Assam,Silchar,"Tarapur, Silchar - PCBA",07-09-2026 15:00:00,24.82827,92.79525,PM2.5,36,49,41
India,Assam,Silchar,"Tarapur, Silchar - PCBA",07-09-2026 15:00:00,24.82827,92.79525,PM10,38,50,42
India,Assam,Silchar,"Tarapur, Silchar - PCBA",07-09-2026 15:00:00,24.82827,92.79525,SO2,4,6,5
India,Assam,Silchar,"Tarapur, Silchar - PCBA",07-09-2026 15:00:00,24.82827,92.79525,CO,34,45,40
India,Assam,Sivasagar,"Girls College, Sivasagar - PCBA",07-09-2026 15:00:00,26.987634,94.636574,NO2,7,14,11
India,Bihar,Arrah,"New DM Office, Arrah - BSPCB",07-09-2026 15:00:00,25.5626095,84.663264,SO2,5,6,5
India,Bihar,Arrah,"New DM Office, Arrah - BSPCB",07-09-2026 15:00:00,25.5626095,84.663264,OZONE,7,20,11
India,Bihar,Begusarai,"Lohiyanagar, Begusarai - BSPCB",07-09-2026 15:00:00,25.42742023,86.13886079,CO,40,66,53
India,Bihar,Bettiah,"Kamalnath Nagar, Bettiah - BSPCB",07-09-2026 15:00:00,26.80365,84.51954,NH3,2,7,3
India,Bihar,Bettiah,"Kamalnath Nagar, Bettiah - BSPCB",07-09-2026 15:00:00,26.80365,84.51954,SO2,16,21,18
India,Bihar,Bhagalpur,"Mayaganj, Bhagalpur - BSPCB",07-09-2026 15:00:00,25.265194,87.012947,PM2.5,NA,NA,NA
India,Bihar,Bhagalpur,"DM Office_Kachari Chowk, Bhagalpur - BSPCB",07-09-2026 15:00:00,25.251013,86.989001,NH3,NA,NA,NA
India,Bihar,Gaya,"Collectorate, Gaya - BSPCB",07-09-2026 15:00:00,24.7955,84.9994,PM10,NA,NA,NA
India,Bihar,Gaya,"Collectorate, Gaya - BSPCB",07-09-2026 15:00:00,24.7955,84.9994,NH3,NA,NA,NA
India,Bihar,Gaya,"Collectorate, Gaya - BSPCB",07-09-2026 15:00:00,24.7955,84.9994,SO2,NA,NA,NA
India,Andhra Pradesh,Chittoor,"Gangineni Cheruvu, Chittoor - APPCB",07-09-2026 15:00:00,13.20488,79.097889,CO,11,22,15
India,Andhra Pradesh,Eluru,"District Court, Eluru - APPCB",07-09-2026 15:00:00,16.711754,81.092095,PM10,53,67,58
India,Andhra Pradesh,Guntur,"Rajendra Nagar North, Guntur - APPCB",07-09-2026 15:00:00,16.316553,80.413302,PM2.5,55,85,64
India,Andhra Pradesh,Guntur,"Rajendra Nagar North, Guntur - APPCB",07-09-2026 15:00:00,16.316553,80.413302,NH3,5,9,7
India,Andhra Pradesh,Guntur,"Rajendra Nagar North, Guntur - APPCB",07-09-2026 15:00:00,16.316553,80.413302,SO2,15,20,17
India,Andhra Pradesh,Guntur,"Rajendra Nagar North, Guntur - APPCB",07-09-2026 15:00:00,16.316553,80.413302,OZONE,14,47,29
India,Andhra Pradesh,Kurnool,"Sita Rama Nagar, Kurnool - APPCB",07-09-2026 15:00:00,15.83411,78.028546,CO,8,15,12
India,Andhra Pradesh,Machilipatnam,"Srinivas Nagar Colony, Machilipatnam - APPCB",07-09-2026 15:00:00,16.186555,81.13219,NH3,3,5,5
India,Andhra Pradesh,Nellore,"Ambedkar Nagar, Nellore - APPCB ",07-09-2026 15:00:00,14.438164,79.966814,NO2,30,33,32
India,Andhra Pradesh,Rajamahendravaram,"Anand Kala Kshetram, Rajamahendravaram - APPCB",07-09-2026 15:00:00,16.9872867,81.7363176,PM10,31,73,52
India,Andhra Pradesh,Tirumala,"Toll Gate, Tirumala - APPCB",07-09-2026 15:00:00,13.67,79.35,OZONE,3,14,10
India,Delhi,Delhi,"Aya Nagar, Delhi - IITM",07-09-2026 15:00:00,28.4706914,77.1099364,SO2,NA,NA,NA
India,Delhi,Delhi,"Aya Nagar, Delhi - IITM",07-09-2026 15:00:00,28.4706914,77.1099364,OZONE,8,77,50
India,Delhi,Delhi,"IMD Lodhi Road, Delhi - IITM",07-09-2026 15:00:00,28.5918245,77.2273074,CO,21,45,26
India,Delhi,Delhi,"JNU, Delhi - DPCC",07-09-2026 15:00:00,28.540721,77.168544,NH3,NA,NA,NA
India,Delhi,Delhi,"North Campus, DU, Delhi - IITM",07-09-2026 15:00:00,28.6573814,77.1585447,CO,57,112,82
India,Delhi,Delhi,"R K Puram, Delhi - DPCC",07-09-2026 15:00:00,28.563262,77.186937,NO2,14,72,29
India,Gujarat,Ahmedabad,"SVPI Airport Hansol, Ahmedabad - IITM",07-09-2026 15:00:00,23.076793,72.627874,PM10,86,119,101
India,Gujarat,Ahmedabad,"Maninagar, Ahmedabad - GPCB",07-09-2026 15:00:00,23.002657,72.591912,PM10,46,136,75
India,Gujarat,Ahmedabad,"Chandkheda, Ahmedabad - IITM",07-09-2026 15:00:00,23.107969,72.574648,PM2.5,35,92,70
India,Gujarat,Ahmedabad,"Chandkheda, Ahmedabad - IITM",07-09-2026 15:00:00,23.107969,72.574648,SO2,1,9,5
India,Karnataka,Vijayapura,"Ibrahimpur, Vijayapura - KSPCB",07-09-2026 15:00:00,16.802639,75.722694,OZONE,16,17,16
India,Karnataka,Yadgir,"Collector Office, Yadgir - KSPCB",07-09-2026 15:00:00,16.7602,77.1428,NO2,NA,NA,NA
India,Karnataka,Yadgir,"Collector Office, Yadgir - KSPCB",07-09-2026 15:00:00,16.7602,77.1428,CO,26,46,36
India,Kerala,Eloor,"Udyogamandal, Eloor - Kerala PCB",07-09-2026 15:00:00,10.073232,76.302765,NO2,NA,NA,NA
India,Kerala,Eloor,"Udyogamandal, Eloor - Kerala PCB",07-09-2026 15:00:00,10.073232,76.302765,OZONE,27,30,29
India,Kerala,Kannur,"Thavakkara, Kannur - Kerala PCB",07-09-2026 15:00:00,11.875,75.3732,PM2.5,62,79,73
India,Kerala,Kannur,"Thavakkara, Kannur - Kerala PCB",07-09-2026 15:00:00,11.875,75.3732,CO,13,18,15
India,Kerala,Kannur,"Thavakkara, Kannur - Kerala PCB",07-09-2026 15:00:00,11.875,75.3732,OZONE,27,31,29
India,Kerala,Thiruvananthapuram,"Plammoodu, Thiruvananthapuram - Kerala PCB",07-09-2026 15:00:00,8.5149093,76.9435879,PM2.5,14,40,25
India,Kerala,Thiruvananthapuram,"Plammoodu, Thiruvananthapuram - Kerala PCB",07-09-2026 15:00:00,8.5149093,76.9435879,NO2,2,6,4
India,Kerala,Thiruvananthapuram,"Plammoodu, Thiruvananthapuram - Kerala PCB",07-09-2026 15:00:00,8.5149093,76.9435879,CO,8,24,13
India,Kerala,Thiruvananthapuram,"Plammoodu, Thiruvananthapuram - Kerala PCB",07-09-2026 15:00:00,8.5149093,76.9435879,OZONE,19,96,45
India,Kerala,Thiruvananthapuram,"Kariavattom, Thiruvananthapuram - Kerala PCB",07-09-2026 15:00:00,8.5637,76.8865,OZONE,30,31,31
India,Kerala,Thrissur,"Corporation Ground, Thrissur - Kerala PCB",07-09-2026 15:00:00,10.5324,76.2159,PM10,47,57,52
India,Madhya Pradesh,Bhopal,"Idgah Hills, Bhopal - MPPCB",07-09-2026 15:00:00,23.264759,77.381568,SO2,4,7,5
India,Madhya Pradesh,Bhopal,"T T Nagar, Bhopal - MPPCB",07-09-2026 15:00:00,23.233584,77.400574,PM10,29,85,59
India,Madhya Pradesh,Bhopal,"T T Nagar, Bhopal - MPPCB",07-09-2026 15:00:00,23.233584,77.400574,NO2,9,17,13
India,Madhya Pradesh,Dewas,"Bhopal Chauraha, Dewas - MPPCB",07-09-2026 15:00:00,22.9682591,76.064118,NO2,51,72,60
India,Madhya Pradesh,Dewas,"Bhopal Chauraha, Dewas - MPPCB",07-09-2026 15:00:00,22.9682591,76.064118,CO,17,26,22
India,Madhya Pradesh,Gwalior,"Maharaj Bada, Gwalior - MPPCB",07-09-2026 15:00:00,26.200388,78.147714,PM10,6,126,45
India,Madhya Pradesh,Gwalior,"Maharaj Bada, Gwalior - MPPCB",07-09-2026 15:00:00,26.200388,78.147714,NO2,5,28,10
India,Madhya Pradesh,Gwalior,"Maharaj Bada, Gwalior - MPPCB",07-09-2026 15:00:00,26.200388,78.147714,SO2,1,38,11
India,Jammu and Kashmir,Pampore,"Khrew, Pampore - JKPCC",07-09-2026 15:00:00,34.031606,75.009712,PM2.5,23,152,82
India,Jammu and Kashmir,Pampore,"Khrew, Pampore - JKPCC",07-09-2026 15:00:00,34.031606,75.009712,NO2,1,2,1
India,Jammu and Kashmir,Pampore,"Khrew, Pampore - JKPCC",07-09-2026 15:00:00,34.031606,75.009712,SO2,0,7,3
India,Jammu and Kashmir,Srinagar,"Rajbagh, Srinagar - JKPCC",07-09-2026 15:00:00,34.066206,74.81982,PM2.5,18,33,27
India,Jammu and Kashmir,Srinagar,"Rajbagh, Srinagar - JKPCC",07-09-2026 15:00:00,34.066206,74.81982,NH3,9,9,9
India,Jammu and Kashmir,Srinagar,"Rajbagh, Srinagar - JKPCC",07-09-2026 15:00:00,34.066206,74.81982,OZONE,0,2,1
India,Jammu and Kashmir,Srinagar,"Khunmoh, Srinagar - JKPCC",07-09-2026 15:00:00,34.06313,74.96017,NO2,5,54,19
India,Jharkhand,Dhanbad,"Sardar Patel Nagar, Dhanbad - JSPCB",07-09-2026 15:00:00,23.80569,86.44268,PM10,NA,NA,NA
India,Jharkhand,Dhanbad,"Sardar Patel Nagar, Dhanbad - JSPCB",07-09-2026 15:00:00,23.80569,86.44268,NO2,95,196,102
India,Jharkhand,Dhanbad,"Sardar Patel Nagar, Dhanbad - JSPCB",07-09-2026 15:00:00,23.80569,86.44268,CO,3,3,3
India,Jharkhand,Jorapokhar,"Tata Stadium, Jorapokhar - JSPCB",07-09-2026 15:00:00,23.707909,86.41467,NO2,8,8,8
India,Karnataka,Bengaluru,"Jayanagar 5th Block, Bengaluru - KSPCB",07-09-2026 15:00:00,12.920984,77.584908,NH3,0,1,1
India,Karnataka,Bengaluru,"Hombegowda Nagar, Bengaluru - KSPCB",07-09-2026 15:00:00,12.938539,77.5901,NO2,6,44,15
India,Karnataka,Bengaluru,"Peenya, Bengaluru - CPCB",07-09-2026 15:00:00,13.0270199,77.494094,PM10,67,91,78
India,Karnataka,Bengaluru,"Peenya, Bengaluru - CPCB",07-09-2026 15:00:00,13.0270199,77.494094,OZONE,23,24,23
India,Karnataka,Bengaluru,"Shivapura_Peenya, Bengaluru - KSPCB",07-09-2026 15:00:00,13.0246342,77.5080115,PM10,NA,NA,NA
India,Karnataka,Bengaluru,"Shivapura_Peenya, Bengaluru - KSPCB",07-09-2026 15:00:00,13.0246342,77.5080115,NO2,NA,NA,NA
India,Karnataka,Bengaluru,"Shivapura_Peenya, Bengaluru - KSPCB",07-09-2026 15:00:00,13.0246342,77.5080115,CO,NA,NA,NA
India,Karnataka,Bengaluru,"Shivapura_Peenya, Bengaluru - KSPCB",07-09-2026 15:00:00,13.0246342,77.5080115,OZONE,24,25,25
India,Karnataka,Bengaluru,"Hebbal, Bengaluru - KSPCB",07-09-2026 15:00:00,13.029152,77.585901,NH3,2,3,3
India,Karnataka,Bengaluru,"Silk Board, Bengaluru - KSPCB",07-09-2026 15:00:00,12.917348,77.622813,PM2.5,NA,NA,NA
India,Karnataka,Bengaluru,"Silk Board, Bengaluru - KSPCB",07-09-2026 15:00:00,12.917348,77.622813,CO,39,74,50
India,Haryana,Faridabad,"New Industrial Town, Faridabad - HSPCB",07-09-2026 15:00:00,28.39072,77.30059,SO2,1,8,6
India,Haryana,Faridabad,"Sector 30, Faridabad - HSPCB",07-09-2026 15:00:00,28.4417,77.3217,PM10,50,85,62
India,Haryana,Fatehabad,"Huda Sector, Fatehabad - HSPCB",07-09-2026 15:00:00,29.503664,75.467934,SO2,NA,NA,NA
India,Haryana,Fatehabad,"Huda Sector, Fatehabad - HSPCB",07-09-2026 15:00:00,29.503664,75.467934,CO,45,68,54
India,Haryana,Fatehabad,"Huda Sector, Fatehabad - HSPCB",07-09-2026 15:00:00,29.503664,75.467934,OZONE,107,141,121
India,Haryana,Gurugram,"Teri Gram, Gurugram - HSPCB",07-09-2026 15:00:00,28.4275,77.1465,PM2.5,10,110,37
India,Haryana,Gurugram,"Teri Gram, Gurugram - HSPCB",07-09-2026 15:00:00,28.4275,77.1465,NH3,8,16,11
India,Haryana,Gurugram,"Teri Gram, Gurugram - HSPCB",07-09-2026 15:00:00,28.4275,77.1465,SO2,5,15,9
India,Haryana,Gurugram,"Teri Gram, Gurugram - HSPCB",07-09-2026 15:00:00,28.4275,77.1465,OZONE,7,38,20
India,Haryana,Gurugram,"NISE Gwal Pahari, Gurugram - IITM",07-09-2026 15:00:00,28.422681,77.148944,SO2,NA,NA,NA
India,Haryana,Gurugram,"NISE Gwal Pahari, Gurugram - IITM",07-09-2026 15:00:00,28.422681,77.148944,OZONE,9,70,44
India,Haryana,Gurugram,"Sector-51, Gurugram - HSPCB",07-09-2026 15:00:00,28.4227,77.0667,OZONE,17,84,50
India,Haryana,Hisar,"Urban Estate-II, Hisar - HSPCB",07-09-2026 15:00:00,29.14056,75.744941,PM2.5,14,58,36
India,Haryana,Jind,"Police Lines, Jind - HSPCB",07-09-2026 15:00:00,29.307814,76.337619,NO2,12,14,13
India,Haryana,Jind,"Police Lines, Jind - HSPCB",07-09-2026 15:00:00,29.307814,76.337619,NH3,4,5,5
India,Haryana,Jind,"Police Lines, Jind - HSPCB",07-09-2026 15:00:00,29.307814,76.337619,CO,3,9,6
India,Haryana,Kaithal,"Rishi Nagar, Kaithal - HSPCB",07-09-2026 15:00:00,29.8006,76.4155,NH3,4,6,5
India,Haryana,Kaithal,"Rishi Nagar, Kaithal - HSPCB",07-09-2026 15:00:00,29.8006,76.4155,SO2,29,33,31
India,Haryana,Kaithal,"Rishi Nagar, Kaithal - HSPCB",07-09-2026 15:00:00,29.8006,76.4155,OZONE,15,30,24
India,Haryana,Karnal,"Sector-12, Karnal - HSPCB",07-09-2026 15:00:00,29.6953,77.0027,SO2,12,13,13
India,Haryana,Kurukshetra,"Sector-7, Kurukshetra - HSPCB",07-09-2026 15:00:00,29.966942,76.875879,PM10,29,89,56
India,Karnataka,Chamarajanagar,"Urban, Chamarajanagar - KSPCB",07-09-2026 15:00:00,11.55358,76.55521,PM2.5,16,42,26
India,Karnataka,Chikkaballapur,"Chikkaballapur Rural, Chikkaballapur - KSPCB",07-09-2026 15:00:00,13.428828,77.731418,CO,NA,NA,NA
India,Karnataka,Chikkamagaluru,"Kalyana Nagara, Chikkamagaluru - KSPCB",07-09-2026 15:00:00,13.328028,75.797056,PM2.5,NA,NA,NA
India,Karnataka,Chikkamagaluru,"Kalyana Nagara, Chikkamagaluru - KSPCB",07-09-2026 15:00:00,13.328028,75.797056,NH3,NA,NA,NA
India,Karnataka,Chikkamagaluru,"Kalyana Nagara, Chikkamagaluru - KSPCB",07-09-2026 15:00:00,13.328028,75.797056,SO2,NA,NA,NA
India,Karnataka,Dharwad,"Kalabhavan, Dharwad - KSPCB",07-09-2026 15:00:00,15.459706,75.008381,NH3,5,7,5
India,Karnataka,Dharwad,"Kalabhavan, Dharwad - KSPCB",07-09-2026 15:00:00,15.459706,75.008381,SO2,6,8,7
India,Karnataka,Gadag,"Panchal Nagar, Gadag - KSPCB",07-09-2026 15:00:00,15.411456,75.638133,PM10,33,62,41
India,Karnataka,Gadag,"Panchal Nagar, Gadag - KSPCB",07-09-2026 15:00:00,15.411456,75.638133,NH3,4,6,5
India,Karnataka,Hubballi,"Lingaraj Nagar, Hubballi - KSPCB",07-09-2026 15:00:00,15.3714823,75.1160168,PM10,50,59,55
India,Karnataka,Hubballi,"Lingaraj Nagar, Hubballi - KSPCB",07-09-2026 15:00:00,15.3714823,75.1160168,CO,13,15,14
India,Karnataka,Hubballi,"Lingaraj Nagar, Hubballi - KSPCB",07-09-2026 15:00:00,15.3714823,75.1160168,OZONE,26,32,28
India,Karnataka,Kalaburagi,"Mahatma Basaveswar Colony, Kalaburgi - KSPCB",07-09-2026 15:00:00,17.336318,76.847397,NO2,12,17,15
India,Karnataka,Kalaburagi,"Mahatma Basaveswar Colony, Kalaburgi - KSPCB",07-09-2026 15:00:00,17.336318,76.847397,SO2,0,5,4
India,Karnataka,Karwar,"KHB Colony, Karwar - KSPCB",07-09-2026 15:00:00,14.816666,74.141003,SO2,NA,NA,NA
India,Karnataka,Madikeri,"Stuart Hill, Madikeri - KSPCB",07-09-2026 15:00:00,12.415911,75.73505,NH3,1,1,1
India,Karnataka,Madikeri,"Stuart Hill, Madikeri - KSPCB",07-09-2026 15:00:00,12.415911,75.73505,SO2,7,8,7
India,Karnataka,Ramanagara,"Vijay Nagar, Ramanagara - KSPCB",07-09-2026 15:00:00,12.733409,77.298051,PM10,27,61,45
India,Karnataka,Ramanagara,"Vijay Nagar, Ramanagara - KSPCB",07-09-2026 15:00:00,12.733409,77.298051,NH3,NA,NA,NA
India,Karnataka,Ramanagara,"Vijay Nagar, Ramanagara - KSPCB",07-09-2026 15:00:00,12.733409,77.298051,OZONE,12,36,21
India,Gujarat,Ahmedabad,"SAC ISRO Satellite, Ahmedabad - IITM",07-09-2026 15:00:00,23.023389,72.515201,PM10,57,102,75
India,Gujarat,Ahmedabad,"SAC ISRO Satellite, Ahmedabad - IITM",07-09-2026 15:00:00,23.023389,72.515201,OZONE,11,17,14
India,Gujarat,Ahmedabad,"Gyaspur, Ahmedabad - IITM",07-09-2026 15:00:00,22.977134,72.553024,CO,33,54,45
India,Gujarat,Bhavnagar,"Vidhyanagar, Bhavnagar - Nexteng Enviro",07-09-2026 15:00:00,21.755417,72.139056,PM10,39,86,63
India,Gujarat,Gandhinagar,"Sector-10, Gandhinagar - GPCB",07-09-2026 15:00:00,23.221714,72.654328,CO,14,16,15
India,Gujarat,Gandhinagar,"IIPHG Lekawada, Gandhinagar - IITM",07-09-2026 15:00:00,23.243639,72.68994,NO2,7,28,15
India,Gujarat,Gandhinagar,"GIFT City, Gandhinagar - IITM",07-09-2026 15:00:00,23.163798,72.677768,PM10,72,125,91
India,Gujarat,Gandhinagar,"GIFT City, Gandhinagar - IITM",07-09-2026 15:00:00,23.163798,72.677768,NO2,NA,NA,NA
India,Gujarat,Gandhinagar,"GIFT City, Gandhinagar - IITM",07-09-2026 15:00:00,23.163798,72.677768,NH3,NA,NA,NA
India,Gujarat,Gandhinagar,"GIFT City, Gandhinagar - IITM",07-09-2026 15:00:00,23.163798,72.677768,CO,14,35,21
India,Gujarat,Mehsana,"Sadanand Nagar, Mehsana - Nexteng Enviro",07-09-2026 15:00:00,23.59315,72.372792,NO2,3,5,4
India,Gujarat,Nandesari,"GIDC, Nandesari - Nandesari Ind. Association",07-09-2026 15:00:00,22.410802,73.097923,NO2,2,43,16
India,Gujarat,Nandesari,"GIDC, Nandesari - Nandesari Ind. Association",07-09-2026 15:00:00,22.410802,73.097923,SO2,3,7,3
India,Gujarat,Nandesari,"GIDC, Nandesari - Nandesari Ind. Association",07-09-2026 15:00:00,22.410802,73.097923,CO,19,109,65
India,Gujarat,Rajkot,"Mavdi, Rajkot - Nexteng Enviro ",07-09-2026 15:00:00,22.248853,70.776774,OZONE,6,22,13
India,Gujarat,Surat,"Science Center, Surat - SMC",07-09-2026 15:00:00,21.170046,72.795405,SO2,15,18,16
India,Gujarat,Surat,"Science Center, Surat - SMC",07-09-2026 15:00:00,21.170046,72.795405,CO,37,41,40
India,Gujarat,Surat,"Katargam, Surat - Nexteng Enviro",07-09-2026 15:00:00,21.217779,72.834787,PM2.5,13,60,33
India,Haryana,Kurukshetra,"Sector-7, Kurukshetra - HSPCB",07-09-2026 15:00:00,29.966942,76.875879,CO,11,24,18
India,Haryana,Manesar,"Sector-2 IMT, Manesar - HSPCB",07-09-2026 15:00:00,28.360699,76.93609,OZONE,17,40,28
India,Haryana,Narnaul,"Shastri Nagar, Narnaul - HSPCB",07-09-2026 15:00:00,28.060249,76.113115,PM10,60,115,86
India,Haryana,Narnaul,"Shastri Nagar, Narnaul - HSPCB",07-09-2026 15:00:00,28.060249,76.113115,NO2,21,80,48
India,Haryana,Narnaul,"Shastri Nagar, Narnaul - HSPCB",07-09-2026 15:00:00,28.060249,76.113115,OZONE,11,63,46
India,Haryana,Panchgaon,"Amity University, Panchgaon - IITM",07-09-2026 15:00:00,28.3153,76.9143,NO2,4,89,58
India,Haryana,Panchkula,"Sector-6, Panchkula - HSPCB ",07-09-2026 15:00:00,30.7057778,76.8531805555555,SO2,9,13,11
India,Haryana,Panchkula,"Sector-6, Panchkula - HSPCB ",07-09-2026 15:00:00,30.7057778,76.8531805555555,CO,19,20,19
India,Haryana,Panipat,"Sector-18, Panipat - HSPCB",07-09-2026 15:00:00,29.432304,76.972765,PM10,41,166,94
India,Haryana,Panipat,"Sector-18, Panipat - HSPCB",07-09-2026 15:00:00,29.432304,76.972765,NO2,5,9,7
India,Haryana,Rohtak,"MD University, Rohtak - HSPCB",07-09-2026 15:00:00,28.52123,76.37138,NO2,8,11,9
India,Haryana,Rohtak,"MD University, Rohtak - HSPCB",07-09-2026 15:00:00,28.52123,76.37138,NH3,NA,NA,NA
India,Haryana,Rohtak,"MD University, Rohtak - HSPCB",07-09-2026 15:00:00,28.52123,76.37138,SO2,9,12,11
India,Haryana,Rohtak,"MD University, Rohtak - HSPCB",07-09-2026 15:00:00,28.52123,76.37138,OZONE,16,47,29
India,Haryana,Sirsa,"F-Block, Sirsa - HSPCB",07-09-2026 15:00:00,29.5364,75.0158,NO2,13,24,19
India,Haryana,Sirsa,"F-Block, Sirsa - HSPCB",07-09-2026 15:00:00,29.5364,75.0158,SO2,32,43,39
India,Himachal Pradesh,Baddi,"HIMUDA Complex Phase-1, Baddi - HPPCB",07-09-2026 15:00:00,30.943887,76.801991,CO,102,110,105
India,Madhya Pradesh,Katni,"Gole Bazar, Katni - MPPCB",07-09-2026 15:00:00,23.50016,80.23284,CO,35,49,43
India,Madhya Pradesh,Maihar,"Sahilara, Maihar - KJS Cements",07-09-2026 15:00:00,24.2613009,80.7231783,PM2.5,39,41,40
India,Madhya Pradesh,Maihar,"Sahilara, Maihar - KJS Cements",07-09-2026 15:00:00,24.2613009,80.7231783,SO2,11,12,12
India,Madhya Pradesh,Pithampur,"Sector-2 Industrial Area, Pithampur - MPPCB",07-09-2026 15:00:00,22.624758,75.675238,PM10,47,114,82
India,Madhya Pradesh,Pithampur,"Sector-2 Industrial Area, Pithampur - MPPCB",07-09-2026 15:00:00,22.624758,75.675238,OZONE,20,64,41
India,Madhya Pradesh,Ratlam,"Shasthri Nagar, Ratlam - IPCA Lab",07-09-2026 15:00:00,23.331731,75.045981,NH3,NA,NA,NA
India,Madhya Pradesh,Sagar,"Civil Lines, Sagar - MPPCB",07-09-2026 15:00:00,23.838586,78.759431,NO2,5,15,8
India,Madhya Pradesh,Sagar,"Civil Lines, Sagar - MPPCB",07-09-2026 15:00:00,23.838586,78.759431,SO2,5,10,6
India,Maharashtra,Ahmednagar,"Tarakpur, Ahmednagar - MPCB",07-09-2026 15:00:00,19.10122,74.73339,NH3,0,2,1
India,Maharashtra,Ahmednagar,"Tarakpur, Ahmednagar - MPCB",07-09-2026 15:00:00,19.10122,74.73339,CO,5,22,10
India,Maharashtra,Akola,"Ramdaspeth, Akola - MPCB",07-09-2026 15:00:00,20.719516,77.000253,CO,20,25,22
India,Maharashtra,Ambernath,"Chinchpada, Ambernath - MPCB",07-09-2026 15:00:00,19.215784,73.199781,PM2.5,13,78,32
India,Maharashtra,Ambernath,"Chinchpada, Ambernath - MPCB",07-09-2026 15:00:00,19.215784,73.199781,NO2,11,55,29
India,Maharashtra,Ambernath,"Chinchpada, Ambernath - MPCB",07-09-2026 15:00:00,19.215784,73.199781,SO2,24,33,29
India,Maharashtra,Ambernath,"Chinchpada, Ambernath - MPCB",07-09-2026 15:00:00,19.215784,73.199781,CO,5,18,9
India,Maharashtra,Amravati,"Shri Shivaji Science College, Amravati - MPCB",07-09-2026 15:00:00,20.939198,77.765701,OZONE,24,32,29
India,Gujarat,Surat,"Katargam, Surat - Nexteng Enviro",07-09-2026 15:00:00,21.217779,72.834787,SO2,10,11,10
India,Gujarat,Vapi,"Phase-1 GIDC, Vapi - GPCB",07-09-2026 15:00:00,20.362421,72.918013,OZONE,0,20,10
India,Gujarat,Vatva,"Phase-4 GIDC, Vatva - GPCB",07-09-2026 15:00:00,22.969611,72.6435,NO2,19,43,38
India,Haryana,Ambala,"Patti Mehar, Ambala - HSPCB",07-09-2026 15:00:00,30.379589,76.778328,PM10,65,108,84
India,Haryana,Ambala,"Patti Mehar, Ambala - HSPCB",07-09-2026 15:00:00,30.379589,76.778328,NO2,5,8,7
India,Haryana,Bahadurgarh,"Arya Nagar, Bahadurgarh - HSPCB",07-09-2026 15:00:00,28.6701,76.9254,PM10,30,99,66
India,Haryana,Bahadurgarh,"Arya Nagar, Bahadurgarh - HSPCB",07-09-2026 15:00:00,28.6701,76.9254,NO2,22,29,25
India,Haryana,Ballabgarh,"Nathu Colony, Ballabgarh - HSPCB",07-09-2026 15:00:00,28.3419248,77.319699,PM2.5,25,349,68
India,Haryana,Ballabgarh,"Nathu Colony, Ballabgarh - HSPCB",07-09-2026 15:00:00,28.3419248,77.319699,NO2,19,21,20
India,Haryana,Ballabgarh,"Nathu Colony, Ballabgarh - HSPCB",07-09-2026 15:00:00,28.3419248,77.319699,CO,10,37,21
India,Haryana,Ballabgarh,"Nathu Colony, Ballabgarh - HSPCB",07-09-2026 15:00:00,28.3419248,77.319699,OZONE,3,45,21
India,Haryana,Charkhi Dadri,"Mini Secretariat, Charkhi Dadri - HSPCB",07-09-2026 15:00:00,28.593883,76.270653,PM2.5,41,69,50
India,Haryana,Dharuhera,"Municipal Corporation Office, Dharuhera -  HSPCB",07-09-2026 15:00:00,28.2068,76.7997,SO2,6,15,10
India,Haryana,Dharuhera,"Municipal Corporation Office, Dharuhera -  HSPCB",07-09-2026 15:00:00,28.2068,76.7997,CO,30,53,42
India,Haryana,Faridabad,"New Industrial Town, Faridabad - HSPCB",07-09-2026 15:00:00,28.39072,77.30059,PM2.5,52,76,62
India,Haryana,Faridabad,"New Industrial Town, Faridabad - HSPCB",07-09-2026 15:00:00,28.39072,77.30059,NO2,24,27,25
India,Madhya Pradesh,Gwalior,"Maharaj Bada, Gwalior - MPPCB",07-09-2026 15:00:00,26.200388,78.147714,CO,34,67,55
India,Madhya Pradesh,Gwalior,"City Center, Gwalior - MPPCB",07-09-2026 15:00:00,26.203442,78.193251,SO2,16,47,34
India,Madhya Pradesh,Gwalior,"Deen Dayal Nagar, Gwalior - MPPCB",07-09-2026 15:00:00,26.259242,78.216432,PM2.5,6,34,15
India,Madhya Pradesh,Gwalior,"Deen Dayal Nagar, Gwalior - MPPCB",07-09-2026 15:00:00,26.259242,78.216432,SO2,9,11,10
India,Madhya Pradesh,Indore,"Chhoti Gwaltoli, Indore - MPPCB",07-09-2026 15:00:00,22.431,75.5213,NO2,44,73,58
India,Madhya Pradesh,Indore,"Chhoti Gwaltoli, Indore - MPPCB",07-09-2026 15:00:00,22.431,75.5213,NH3,7,9,7
India,Madhya Pradesh,Indore,"Airport Area, Indore - IMC",07-09-2026 15:00:00,22.7289,75.8076,NO2,20,21,21
India,Madhya Pradesh,Indore,"Maguda Nagar, Indore - IMC",07-09-2026 15:00:00,22.7524,75.8872,PM10,NA,NA,NA
India,Madhya Pradesh,Indore,"Residency Area, Indore - IMC",07-09-2026 15:00:00,22.7084,75.8815,SO2,2,12,5
India,Madhya Pradesh,Jabalpur,"Marhatal, Jabalpur - MPPCB",07-09-2026 15:00:00,23.168606,79.932247,PM2.5,17,31,23
India,Madhya Pradesh,Jabalpur,"Marhatal, Jabalpur - MPPCB",07-09-2026 15:00:00,23.168606,79.932247,SO2,9,13,11
India,Madhya Pradesh,Jabalpur,"Govindh Bhavan Colony, Jabalpur - JMC",07-09-2026 15:00:00,23.163174,79.973061,SO2,6,7,7
India,Madhya Pradesh,Jabalpur,"Suhagi, Jabalpur - JMC",07-09-2026 15:00:00,23.218135,79.95777,NO2,33,46,40
India,Madhya Pradesh,Katni,"Gole Bazar, Katni - MPPCB",07-09-2026 15:00:00,23.50016,80.23284,PM2.5,35,69,48
India,Mizoram,Aizawl,"Sikulpuikawn, Aizawl - Mizoram PCB",07-09-2026 15:00:00,23.7176342,92.7192841,PM10,1,38,17
India,Mizoram,Aizawl,"Sikulpuikawn, Aizawl - Mizoram PCB",07-09-2026 15:00:00,23.7176342,92.7192841,NH3,0,0,0
India,Mizoram,Aizawl,"Sikulpuikawn, Aizawl - Mizoram PCB",07-09-2026 15:00:00,23.7176342,92.7192841,CO,3,3,3
India,Nagaland,Kohima,"PWD Junction, Kohima - NPCB",07-09-2026 15:00:00,25.6635413,94.0989878,PM10,6,35,14
India,Nagaland,Kohima,"PWD Junction, Kohima - NPCB",07-09-2026 15:00:00,25.6635413,94.0989878,NO2,3,4,3
India,Nagaland,Kohima,"PWD Junction, Kohima - NPCB",07-09-2026 15:00:00,25.6635413,94.0989878,NH3,0,1,1
India,Nagaland,Kohima,"PWD Junction, Kohima - NPCB",07-09-2026 15:00:00,25.6635413,94.0989878,OZONE,NA,NA,NA
India,Odisha,Angul,"Hakimapada, Angul - OSPCB",07-09-2026 15:00:00,20.832874,85.104082,PM2.5,2,47,19
India,Odisha,Angul,"Hakimapada, Angul - OSPCB",07-09-2026 15:00:00,20.832874,85.104082,NO2,3,109,17
India,Odisha,Angul,"Hakimapada, Angul - OSPCB",07-09-2026 15:00:00,20.832874,85.104082,CO,39,59,51
India,Odisha,Barbil,"Forest Office, Barbil - OSPCB",07-09-2026 15:00:00,22.1166054,85.3945546,PM2.5,45,130,71
India,Odisha,Barbil,"Forest Office, Barbil - OSPCB",07-09-2026 15:00:00,22.1166054,85.3945546,NO2,5,44,20
India,Odisha,Baripada,"Meher Colony, Baripada - OSPCB",07-09-2026 15:00:00,21.941841,86.728318,CO,4,14,10
India,Odisha,Bhubaneswar,"Patia, Bhubaneswar - OSPCB",07-09-2026 15:00:00,20.34652,85.8163,NO2,3,15,7
India,Odisha,Bhubaneswar,"Lingraj Mandir, Bhubaneswar - OSPCB",07-09-2026 15:00:00,20.24079,85.836784,PM2.5,11,150,40
India,Odisha,Bhubaneswar,"Lingraj Mandir, Bhubaneswar - OSPCB",07-09-2026 15:00:00,20.24079,85.836784,NH3,3,7,5
India,Odisha,Bhubaneswar,"Lingraj Mandir, Bhubaneswar - OSPCB",07-09-2026 15:00:00,20.24079,85.836784,CO,21,104,65
India,Odisha,Bhubaneswar,"Lingraj Mandir, Bhubaneswar - OSPCB",07-09-2026 15:00:00,20.24079,85.836784,OZONE,3,40,20
India,Odisha,Bileipada,"Tata Township, Bileipada - OSPCB",07-09-2026 15:00:00,22.06156703,85.47409613,PM10,42,131,80
India,Odisha,Bileipada,"Tata Township, Bileipada - OSPCB",07-09-2026 15:00:00,22.06156703,85.47409613,CO,25,28,26
India,Odisha,Brajrajnagar,"GM Office, Brajrajnagar - OSPCB",07-09-2026 15:00:00,21.8004996,83.8396977,PM2.5,20,192,89
India,Odisha,Brajrajnagar,"GM Office, Brajrajnagar - OSPCB",07-09-2026 15:00:00,21.8004996,83.8396977,NO2,27,50,34
India,Odisha,Brajrajnagar,"GM Office, Brajrajnagar - OSPCB",07-09-2026 15:00:00,21.8004996,83.8396977,SO2,17,18,18
India,Odisha,Byasanagar,"Ferro Chrome Colony, Byasanagar - OSPCB",07-09-2026 15:00:00,20.94185,86.1151,PM10,33,88,51
India,Maharashtra,Jalgaon,"Prabhat Colony, Jalgaon - MPCB",07-09-2026 15:00:00,21.001264,75.565602,CO,56,62,58
India,Maharashtra,Kalyan,"Khadakpada, Kalyan - MPCB",07-09-2026 15:00:00,19.25292,73.142019,NO2,NA,NA,NA
India,Maharashtra,Kalyan,"Khadakpada, Kalyan - MPCB",07-09-2026 15:00:00,19.25292,73.142019,CO,NA,NA,NA
India,Maharashtra,Kalyan,"Pimpleshwar Mandir, Kalyan - MPCB",07-09-2026 15:00:00,19.192056,72.9585188,SO2,7,18,13
India,Maharashtra,Kolhapur,"Sinchan Bhavan, Kolhapur - MPCB",07-09-2026 15:00:00,16.7143745,74.2426398,NH3,0,3,1
India,Maharashtra,Kolhapur,"Sinchan Bhavan, Kolhapur - MPCB",07-09-2026 15:00:00,16.7143745,74.2426398,SO2,0,3,1
India,Maharashtra,Kolhapur,"Sinchan Bhavan, Kolhapur - MPCB",07-09-2026 15:00:00,16.7143745,74.2426398,OZONE,6,21,15
India,Maharashtra,Kolhapur,"Shivaji University, Kolhapur - MPCB",07-09-2026 15:00:00,16.6870449,74.2505872,NH3,NA,NA,NA
India,Maharashtra,Kolhapur,"Shivaji University, Kolhapur - MPCB",07-09-2026 15:00:00,16.6870449,74.2505872,SO2,NA,NA,NA
India,Maharashtra,Latur,"Sawe Wadi, Latur - MPCB",07-09-2026 15:00:00,18.39963,76.57452,PM2.5,NA,NA,NA
India,Maharashtra,Latur,"Sawe Wadi, Latur - MPCB",07-09-2026 15:00:00,18.39963,76.57452,NO2,NA,NA,NA
India,Maharashtra,Latur,"Sawe Wadi, Latur - MPCB",07-09-2026 15:00:00,18.39963,76.57452,CO,14,22,18
India,Maharashtra,Malegaon,"Mahesh Nagar, Malegaon - MPCB",07-09-2026 15:00:00,20.555712,74.529236,CO,9,18,13
India,Maharashtra,Mira-Bhayandar,"Bhayandar West, Mira-Bhayandar - MPCB",07-09-2026 15:00:00,19.296481,72.840923,PM2.5,12,34,21
India,Maharashtra,Mira-Bhayandar,"Bhayandar West, Mira-Bhayandar - MPCB",07-09-2026 15:00:00,19.296481,72.840923,CO,10,15,11
India,Maharashtra,Mumbai,"Shivaji Nagar, Mumbai - BMC",07-09-2026 15:00:00,19.060498,72.923356,CO,8,33,17
India,Maharashtra,Mumbai,"Sion, Mumbai - MPCB",07-09-2026 15:00:00,19.047,72.8746,PM10,NA,NA,NA
India,Maharashtra,Mumbai,"Sion, Mumbai - MPCB",07-09-2026 15:00:00,19.047,72.8746,CO,17,18,17
India,Maharashtra,Mumbai,"Borivali East, Mumbai - MPCB",07-09-2026 15:00:00,19.2243333,72.8658113,NO2,10,10,10
India,Maharashtra,Aurangabad,"MIDC Chilkalthana, Aurangabad - MPCB",07-09-2026 15:00:00,19.87562,75.38731,PM2.5,10,68,47
India,Maharashtra,Aurangabad,"More Chowk Waluj, Aurangabad - MPCB",07-09-2026 15:00:00,19.8389439,75.244448,PM10,29,57,38
India,Maharashtra,Aurangabad,"More Chowk Waluj, Aurangabad - MPCB",07-09-2026 15:00:00,19.8389439,75.244448,SO2,3,7,5
India,Maharashtra,Badlapur,"Katrap, Badlapur - MPCB",07-09-2026 15:00:00,19.16485,73.23409,PM2.5,19,20,20
India,Maharashtra,Badlapur,"Katrap, Badlapur - MPCB",07-09-2026 15:00:00,19.16485,73.23409,NH3,NA,NA,NA
India,Maharashtra,Badlapur,"Katrap, Badlapur - MPCB",07-09-2026 15:00:00,19.16485,73.23409,CO,40,55,48
India,Maharashtra,Belapur,"CBD Belapur, Belapur - MPCB",07-09-2026 15:00:00,19.0243902,73.0406721,PM10,21,64,41
India,Maharashtra,Bhiwandi,"Gokul Nagar, Bhiwandi - MPCB",07-09-2026 15:00:00,19.309073,73.057223,NO2,11,52,29
India,Maharashtra,Bhiwandi,"Gokul Nagar, Bhiwandi - MPCB",07-09-2026 15:00:00,19.309073,73.057223,SO2,3,4,3
India,Maharashtra,Bhiwandi,"Gokul Nagar, Bhiwandi - MPCB",07-09-2026 15:00:00,19.309073,73.057223,CO,16,33,21
India,Maharashtra,Chandrapur,"MIDC Khutala, Chandrapur - MPCB",07-09-2026 15:00:00,19.9775302,79.2337086,NH3,1,5,3
India,Maharashtra,Chandrapur,"Chauhan Colony, Chandrapur - MPCB",07-09-2026 15:00:00,19.9629,79.298714,PM2.5,42,486,95
India,Maharashtra,Chandrapur,"Chauhan Colony, Chandrapur - MPCB",07-09-2026 15:00:00,19.9629,79.298714,NO2,18,83,40
India,Maharashtra,Chandrapur,"Chauhan Colony, Chandrapur - MPCB",07-09-2026 15:00:00,19.9629,79.298714,OZONE,7,12,10
India,Maharashtra,Dhule,"Deopur, Dhule - MPCB",07-09-2026 15:00:00,20.918946,74.776388,SO2,NA,NA,NA
India,Maharashtra,Dombivli,"Kalu Nagar, Dombivli - MPCB",07-09-2026 15:00:00,19.2268427,73.0788456,PM10,4,23,14
India,Maharashtra,Jalgaon,"Prabhat Colony, Jalgaon - MPCB",07-09-2026 15:00:00,21.001264,75.565602,PM10,21,60,39
India,Odisha,Keonjhar,"Jagamohanpur, Keonjhar - OSPCB",07-09-2026 15:00:00,21.6439,85.599355,SO2,19,54,31
India,Odisha,Nayagarh,"Dabuna, Nayagarh - OSPCB",07-09-2026 15:00:00,21.847279,85.416905,PM2.5,35,65,49
India,Odisha,Rairangpur,"Divisional Forest Office, Rairangpur - OSPCB",07-09-2026 15:00:00,22.265816,86.174829,NH3,3,3,3
India,Odisha,Rairangpur,"Divisional Forest Office, Rairangpur - OSPCB",07-09-2026 15:00:00,22.265816,86.174829,SO2,NA,NA,NA
India,Odisha,Rourkela,"Sector-2, Rourkela - OSPCB",07-09-2026 15:00:00,22.245,84.88111111,NH3,NA,NA,NA
India,Odisha,Rourkela,"Sector-2, Rourkela - OSPCB",07-09-2026 15:00:00,22.245,84.88111111,SO2,NA,NA,NA
India,Odisha,Rourkela,"Sector-2, Rourkela - OSPCB",07-09-2026 15:00:00,22.245,84.88111111,OZONE,NA,NA,NA
India,Odisha,Rourkela,"Raghunathpali, Rourkela - OSPCB",07-09-2026 15:00:00,22.220833,84.809444,PM10,48,87,55
India,Odisha,Rourkela,"Raghunathpali, Rourkela - OSPCB",07-09-2026 15:00:00,22.220833,84.809444,NO2,9,9,9
India,Odisha,Talcher,"Talcher Coalfields,Talcher - OSPCB",07-09-2026 15:00:00,20.9360711,85.1707021,CO,1,22,15
India,Odisha,Tensa,"Barsua Iron Ore Mines, Tensa - OSPCB",07-09-2026 15:00:00,21.869985,85.167016,PM2.5,NA,NA,NA
India,Odisha,Tensa,"Barsua Iron Ore Mines, Tensa - OSPCB",07-09-2026 15:00:00,21.869985,85.167016,NH3,NA,NA,NA
India,Odisha,Tensa,"Barsua Iron Ore Mines, Tensa - OSPCB",07-09-2026 15:00:00,21.869985,85.167016,SO2,NA,NA,NA
India,Punjab,Amritsar,"Golden Temple, Amritsar - PPCB",07-09-2026 15:00:00,31.62,74.876512,NO2,18,52,24
India,Punjab,Amritsar,"Golden Temple, Amritsar - PPCB",07-09-2026 15:00:00,31.62,74.876512,NH3,5,10,7
India,Punjab,Bathinda,"Hardev Nagar, Bathinda - PPCB",07-09-2026 15:00:00,30.233011,74.907758,SO2,9,25,15
India,Punjab,Bathinda,"Hardev Nagar, Bathinda - PPCB",07-09-2026 15:00:00,30.233011,74.907758,OZONE,NA,NA,NA
India,Maharashtra,Pimpri-Chinchwad,"Bhosari, Pune - IITM",07-09-2026 15:00:00,18.640051,73.848956,PM10,32,73,55
India,Maharashtra,Pimpri-Chinchwad,"Thergaon, Pimpri Chinchwad - MPCB",07-09-2026 15:00:00,18.616318,73.765797,PM10,52,74,61
India,Maharashtra,Pimpri-Chinchwad,"Transport Nagar-Nigdi, Pune - IITM",07-09-2026 15:00:00,18.664282,73.763966,NO2,35,61,47
India,Maharashtra,Pimpri-Chinchwad,"Transport Nagar-Nigdi, Pune - IITM",07-09-2026 15:00:00,18.664282,73.763966,CO,52,69,61
India,Maharashtra,Pimpri-Chinchwad,"Park Street Wakad, Pimpri Chinchwad - MPCB",07-09-2026 15:00:00,18.59051,73.77946,OZONE,7,16,11
India,Maharashtra,Pimpri-Chinchwad,"Savta Mali Nagar, Pimpri-Chinchwad - IITM",07-09-2026 15:00:00,18.614767,73.799516,NH3,NA,NA,NA
India,Maharashtra,Pune,"Hadapsar, Pune - IITM",07-09-2026 15:00:00,18.501793,73.927532,PM10,28,92,53
India,Maharashtra,Pune,"Hadapsar, Pune - IITM",07-09-2026 15:00:00,18.501793,73.927532,NO2,6,64,21
India,Maharashtra,Pune,"Revenue Colony-Shivajinagar, Pune - IITM",07-09-2026 15:00:00,18.530085,73.849598,SO2,8,20,14
India,Maharashtra,Pune,"Revenue Colony-Shivajinagar, Pune - IITM",07-09-2026 15:00:00,18.530085,73.849598,CO,64,93,77
India,Maharashtra,Pune,"Mhada Colony, Pune - IITM",07-09-2026 15:00:00,18.57304,73.927715,NH3,NA,NA,NA
India,Maharashtra,Pune,"Mhada Colony, Pune - IITM",07-09-2026 15:00:00,18.57304,73.927715,SO2,NA,NA,NA
India,Maharashtra,Pune,"Dhankawadi, Pune - IITM",07-09-2026 15:00:00,18.459883,73.852193,SO2,NA,NA,NA
India,Maharashtra,Pune,"Dhankawadi, Pune - IITM",07-09-2026 15:00:00,18.459883,73.852193,CO,23,79,39
India,Maharashtra,Pune,"Panchawati_Pashan, Pune - IITM",07-09-2026 15:00:00,18.536457,73.805454,PM2.5,19,40,28
India,Maharashtra,Mumbai,"Siddharth Nagar-Worli, Mumbai - IITM",07-09-2026 15:00:00,19.000083,72.813993,OZONE,30,35,33
India,Maharashtra,Mumbai,"Bandra Kurla Complex, Mumbai - MPCB",07-09-2026 15:00:00,19.065931,72.862131,CO,19,24,22
India,Maharashtra,Mumbai,"Kherwadi_Bandra East, Mumbai - MPCB",07-09-2026 15:00:00,19.0632143,72.8456324,PM10,42,94,62
India,Maharashtra,Mumbai,"Mindspace-Malad West, Mumbai - MPCB",07-09-2026 15:00:00,19.1878657,72.8304069,CO,14,16,15
India,Maharashtra,Mumbai,"Mindspace-Malad West, Mumbai - MPCB",07-09-2026 15:00:00,19.1878657,72.8304069,OZONE,18,18,18
India,Maharashtra,Mumbai,"Worli, Mumbai - MPCB",07-09-2026 15:00:00,18.9936162,72.8128113,PM10,NA,NA,NA
India,Maharashtra,Mumbai,"Worli, Mumbai - MPCB",07-09-2026 15:00:00,18.9936162,72.8128113,CO,36,39,38
India,Maharashtra,Mumbai,"Navy Nagar-Colaba, Mumbai - IITM",07-09-2026 15:00:00,18.897756,72.81332,NH3,1,2,1
India,Maharashtra,Mumbai,"Navy Nagar-Colaba, Mumbai - IITM",07-09-2026 15:00:00,18.897756,72.81332,CO,19,26,22
India,Maharashtra,Mumbai,"Navy Nagar-Colaba, Mumbai - IITM",07-09-2026 15:00:00,18.897756,72.81332,OZONE,12,22,19
India,Maharashtra,Mumbai,"Mulund West, Mumbai - MPCB",07-09-2026 15:00:00,19.175,72.9419,PM2.5,10,35,19
India,Maharashtra,Mumbai,"Chembur, Mumbai - MPCB",07-09-2026 15:00:00,19.0364585,72.8954371,OZONE,8,27,20
India,Maharashtra,Mumbai,"Kandivali West, Mumbai - BMC",07-09-2026 15:00:00,19.215859,72.831718,CO,8,11,10
India,Maharashtra,Mumbai,"Sewri, Mumbai - BMC",07-09-2026 15:00:00,19.000084,72.85673,PM10,32,53,36
India,Maharashtra,Mumbai,"Sewri, Mumbai - BMC",07-09-2026 15:00:00,19.000084,72.85673,NH3,3,5,4
India,Maharashtra,Nagpur,"Ram Nagar, Nagpur - MPCB",07-09-2026 15:00:00,21.143383,79.048912,SO2,8,13,10
India,Maharashtra,Nagpur,"Ram Nagar, Nagpur - MPCB",07-09-2026 15:00:00,21.143383,79.048912,CO,9,18,12
India,Maharashtra,Nagpur,"Ram Nagar, Nagpur - MPCB",07-09-2026 15:00:00,21.143383,79.048912,OZONE,9,33,25
India,Maharashtra,Nagpur,"Ambazari, Nagpur - MPCB",07-09-2026 15:00:00,21.121801,79.04952,PM2.5,23,77,45
India,Maharashtra,Nashik,"Gangapur Road, Nashik - MPCB",07-09-2026 15:00:00,20.0073285,73.7762427,SO2,NA,NA,NA
India,Maharashtra,Nashik,"Pandav Nagari, Nashik - MPCB",07-09-2026 15:00:00,19.9591346,73.7788008,PM10,21,42,32
India,Maharashtra,Nashik,"Pandav Nagari, Nashik - MPCB",07-09-2026 15:00:00,19.9591346,73.7788008,NO2,3,7,5
India,Maharashtra,Nashik,"Hirawadi, Nashik - MPCB",07-09-2026 15:00:00,20.021503,73.813844,PM2.5,8,42,20
India,Maharashtra,Nashik,"Hirawadi, Nashik - MPCB",07-09-2026 15:00:00,20.021503,73.813844,PM10,22,63,34
India,Maharashtra,Nashik,"Hirawadi, Nashik - MPCB",07-09-2026 15:00:00,20.021503,73.813844,SO2,10,74,15
India,Maharashtra,Nashik,"MIDC Ambad, Nashik - MPCB",07-09-2026 15:00:00,19.95022,73.73148,CO,19,21,20
India,Maharashtra,Navi Mumbai,"Kopripada-Vashi, Navi Mumbai - MPCB",07-09-2026 15:00:00,19.090337,73.014232,PM10,23,37,27
India,Maharashtra,Navi Mumbai,"Mahape, Navi Mumbai - MPCB",07-09-2026 15:00:00,19.1135051,73.008978,CO,29,30,30
India,Maharashtra,Parbhani,"Masoom Colony, Parbhani - MPCB",07-09-2026 15:00:00,19.265594,76.761463,NH3,1,3,3
India,Maharashtra,Mumbai,"Khindipada-Bhandup West, Mumbai - IITM",07-09-2026 15:00:00,19.1653323,72.922099,NO2,6,15,10
India,Maharashtra,Mumbai,"Malad West, Mumbai - IITM",07-09-2026 15:00:00,19.19709,72.82204,SO2,1,12,6
India,Maharashtra,Mumbai,"Malad West, Mumbai - IITM",07-09-2026 15:00:00,19.19709,72.82204,OZONE,3,9,6
India,Maharashtra,Mumbai,"Borivali East, Mumbai - IITM",07-09-2026 15:00:00,19.23241,72.86895,NO2,5,14,9
India,Maharashtra,Mumbai,"Borivali East, Mumbai - IITM",07-09-2026 15:00:00,19.23241,72.86895,SO2,NA,NA,NA
India,Maharashtra,Mumbai,"Mazgaon, Mumbai - IITM",07-09-2026 15:00:00,18.96702,72.84214,CO,54,79,62
India,Maharashtra,Mumbai,"Chakala-Andheri East, Mumbai - IITM",07-09-2026 15:00:00,19.11074,72.86084,PM10,19,65,44
India,Maharashtra,Mumbai,"Chakala-Andheri East, Mumbai - IITM",07-09-2026 15:00:00,19.11074,72.86084,NH3,5,8,6
India,Maharashtra,Mumbai,"Chakala-Andheri East, Mumbai - IITM",07-09-2026 15:00:00,19.11074,72.86084,CO,19,31,23
India,Maharashtra,Mumbai,"Kurla, Mumbai - MPCB",07-09-2026 15:00:00,19.0863,72.8888,OZONE,28,28,28
India,Maharashtra,Mumbai,"Chhatrapati Shivaji Intl. Airport (T2), Mumbai - MPCB",07-09-2026 15:00:00,19.10078,72.87462,PM10,21,38,30
India,Maharashtra,Mumbai,"Powai, Mumbai - MPCB",07-09-2026 15:00:00,19.1375,72.915056,SO2,12,12,12
India,Maharashtra,Nagpur,"Mahal, Nagpur - MPCB",07-09-2026 15:00:00,21.14472,79.107595,NO2,8,38,15
India,Maharashtra,Nagpur,"Mahal, Nagpur - MPCB",07-09-2026 15:00:00,21.14472,79.107595,NH3,2,10,4
India,Maharashtra,Nagpur,"Mahal, Nagpur - MPCB",07-09-2026 15:00:00,21.14472,79.107595,SO2,1,20,12
India,Maharashtra,Pune,"Panchawati_Pashan, Pune - IITM",07-09-2026 15:00:00,18.536457,73.805454,NH3,NA,NA,NA
India,Maharashtra,Pune,"Savitribai Phule Pune University, Pune - MPCB",07-09-2026 15:00:00,18.547056,73.826908,NH3,2,5,3
India,Maharashtra,Pune,"Savitribai Phule Pune University, Pune - MPCB",07-09-2026 15:00:00,18.547056,73.826908,OZONE,4,33,17
India,Maharashtra,Satara,"Koyana Nagar, Satara - MPCB",07-09-2026 15:00:00,17.696651,74.003387,NO2,2,11,5
India,Maharashtra,Satara,"Koyana Nagar, Satara - MPCB",07-09-2026 15:00:00,17.696651,74.003387,CO,13,17,15
India,Maharashtra,Solapur,"Dnyaneshwar Nagar, Solapur - MPCB",07-09-2026 15:00:00,17.6336264,75.9132495,SO2,0,4,2
India,Maharashtra,Solapur,"Ratandeep Housing Society, Solapur - MPCB",07-09-2026 15:00:00,17.65439,75.90649,SO2,1,2,1
India,Maharashtra,Virar,"Bolinj, Virar - MPCB",07-09-2026 15:00:00,19.445821,72.7988231,SO2,2,11,4
India,Maharashtra,Virar,"Bolinj, Virar - MPCB",07-09-2026 15:00:00,19.445821,72.7988231,OZONE,1,1,1
India,Meghalaya,Byrnihat,"15th Mile-Nongthymmai, Byrnihat -Meghalaya PCB",07-09-2026 15:00:00,26.079047,91.875185,PM2.5,NA,NA,NA
India,Meghalaya,Byrnihat,"15th Mile-Nongthymmai, Byrnihat -Meghalaya PCB",07-09-2026 15:00:00,26.079047,91.875185,CO,NA,NA,NA
India,Punjab,Khanna,"Kalal Majra, Khanna - PPCB",07-09-2026 15:00:00,30.736056,76.209694,NO2,12,27,20
India,Punjab,Khanna,"Kalal Majra, Khanna - PPCB",07-09-2026 15:00:00,30.736056,76.209694,CO,55,78,64
India,Punjab,Mandi Gobindgarh,"RIMT University, Mandi Gobindgarh - PPCB",07-09-2026 15:00:00,30.649961,76.331442,SO2,9,16,12
India,Punjab,Mandi Gobindgarh,"RIMT University, Mandi Gobindgarh - PPCB",07-09-2026 15:00:00,30.649961,76.331442,OZONE,40,82,62
India,Punjab,Patiala,"Model Town, Patiala - PPCB",07-09-2026 15:00:00,30.349388,76.366642,NO2,7,22,14
India,Punjab,Patiala,"Model Town, Patiala - PPCB",07-09-2026 15:00:00,30.349388,76.366642,NH3,3,9,5
India,Punjab,Patiala,"Model Town, Patiala - PPCB",07-09-2026 15:00:00,30.349388,76.366642,CO,16,33,22
India,Punjab,Rupnagar,"Ratanpura, Rupnagar - Ambuja Cements",07-09-2026 15:00:00,31.0325454,76.5623046,PM10,8,74,29
India,Punjab,Rupnagar,"Ratanpura, Rupnagar - Ambuja Cements",07-09-2026 15:00:00,31.0325454,76.5623046,CO,53,56,55
India,Punjab,Rupnagar,"Ratanpura, Rupnagar - Ambuja Cements",07-09-2026 15:00:00,31.0325454,76.5623046,OZONE,NA,NA,NA
India,Rajasthan,Ajmer,"Civil Lines,  Ajmer - RSPCB",07-09-2026 15:00:00,26.470859,74.646594,SO2,2,20,9
India,Rajasthan,Alwar,"Moti Doongri, Alwar - RSPCB",07-09-2026 15:00:00,27.554793,76.611536,NH3,7,9,8
India,Rajasthan,Alwar,"Moti Doongri, Alwar - RSPCB",07-09-2026 15:00:00,27.554793,76.611536,OZONE,36,66,51
India,Rajasthan,Banswara,"Rati Talai, Banswara - RSPCB",07-09-2026 15:00:00,23.55519,74.44001,PM2.5,20,127,29
India,Rajasthan,Baran,"Bamboliya, Baran - RSPCB",07-09-2026 15:00:00,25.106006,76.469948,PM2.5,2,17,7
India,Rajasthan,Bharatpur,"Krishna Nagar, Bharatpur - RSPCB",07-09-2026 15:00:00,27.215415,77.50873,PM2.5,8,28,17
India,Rajasthan,Bhilwara,"Pratap Nagar, Bhilwara - RSPCB",07-09-2026 15:00:00,25.339605,74.618883,PM2.5,32,107,52
India,Rajasthan,Bhilwara,"Pratap Nagar, Bhilwara - RSPCB",07-09-2026 15:00:00,25.339605,74.618883,NH3,0,7,5
India,Rajasthan,Bikaner,"MM Ground, Bikaner - RSPCB",07-09-2026 15:00:00,28.018792,73.292658,PM2.5,13,48,25
India,Rajasthan,Bundi,"New Colony, Bundi - RSPCB",07-09-2026 15:00:00,25.435774,75.644272,OZONE,35,46,42
India,Rajasthan,Chittorgarh,"Shastri Nagar, Chittorgarh - RSPCB",07-09-2026 15:00:00,24.892047,74.623527,PM10,41,101,69
India,Rajasthan,Chittorgarh,"Shastri Nagar, Chittorgarh - RSPCB",07-09-2026 15:00:00,24.892047,74.623527,CO,5,18,13
India,Rajasthan,Churu,"Subash Chowk, Churu - RSPCB",07-09-2026 15:00:00,28.296139,74.961696,NO2,2,34,12
India,Rajasthan,Churu,"Subash Chowk, Churu - RSPCB",07-09-2026 15:00:00,28.296139,74.961696,CO,17,24,19
India,Rajasthan,Dausa,"Khatikan Mohalla, Dausa - RSPCB",07-09-2026 15:00:00,26.895552,76.334753,PM2.5,20,58,33
India,Rajasthan,Dungarpur,"Bhoiwada, Dungarpur - RSPCB",07-09-2026 15:00:00,23.837789,73.714926,PM10,59,100,79
India,Rajasthan,Hanumangarh,"Housing Board, Hanumangarh - RSPCB",07-09-2026 15:00:00,29.61075,74.283608,PM10,49,91,77
India,Rajasthan,Jaipur,"Mansarovar Sector-12, Jaipur - RSPCB",07-09-2026 15:00:00,26.843698,75.766894,PM2.5,22,53,34
India,Rajasthan,Jaipur,"Mansarovar Sector-12, Jaipur - RSPCB",07-09-2026 15:00:00,26.843698,75.766894,PM10,50,124,87
India,Rajasthan,Jaipur,"Police Commissionerate, Jaipur - RSPCB",07-09-2026 15:00:00,26.9164092,75.7994901,PM10,49,119,88
India,Rajasthan,Jaipur,"Police Commissionerate, Jaipur - RSPCB",07-09-2026 15:00:00,26.9164092,75.7994901,SO2,6,27,13
India,Rajasthan,Jaipur,"Shastri Nagar, Jaipur - RSPCB",07-09-2026 15:00:00,26.9502929,75.730943,PM10,49,102,77
India,Rajasthan,Jaipur,"Adarsh Nagar, Jaipur - RSPCB",07-09-2026 15:00:00,26.902909,75.836858,PM2.5,22,66,41
India,Rajasthan,Jaipur,"Adarsh Nagar, Jaipur - RSPCB",07-09-2026 15:00:00,26.902909,75.836858,NH3,5,13,7
India,Rajasthan,Jaisalmer,"Sadar Bazar, Jaisalmer - RSPCB",07-09-2026 15:00:00,26.912329,70.909168,NO2,27,36,31
India,Rajasthan,Jaisalmer,"Sadar Bazar, Jaisalmer - RSPCB",07-09-2026 15:00:00,26.912329,70.909168,CO,19,24,21
India,Rajasthan,Jalore,"Mudtra Sili, Jalore - RSPCB",07-09-2026 15:00:00,25.344694,72.626208,SO2,3,7,5
India,Rajasthan,Jalore,"Mudtra Sili, Jalore - RSPCB",07-09-2026 15:00:00,25.344694,72.626208,CO,26,30,27
India,Rajasthan,Jhalawar,"Rajlaxmi Nagar, Jhalawar - RSPCB",07-09-2026 15:00:00,24.588397,76.172782,SO2,3,133,14
India,Rajasthan,Jhalawar,"Rajlaxmi Nagar, Jhalawar - RSPCB",07-09-2026 15:00:00,24.588397,76.172782,OZONE,17,57,34
India,Rajasthan,Jhunjhunu,"Indra Nagar, Jhunjhunu - RSPCB",07-09-2026 15:00:00,28.108988,75.386577,PM2.5,7,52,27
India,Rajasthan,Jhunjhunu,"Indra Nagar, Jhunjhunu - RSPCB",07-09-2026 15:00:00,28.108988,75.386577,PM10,32,125,72
India,Rajasthan,Jodhpur,"Jhalamand, Jodhpur - RSPCB",07-09-2026 15:00:00,26.215415,73.070156,PM2.5,13,35,24
India,Rajasthan,Jodhpur,"Mandor, Jodhpur - RSPCB",07-09-2026 15:00:00,26.358805,73.047444,SO2,5,9,6
India,Rajasthan,Jodhpur,"Samrat Ashok Udhyan, Jodhpur - RSPCB",07-09-2026 15:00:00,26.253384,72.976571,SO2,2,5,2
India,Rajasthan,Khairthal,"New Anaj Mandi, Khairthal - RSPCB",07-09-2026 15:00:00,27.8015617,76.6365217,NH3,2,11,5
India,Rajasthan,Kota,"Nayapura, Kota - RSPCB",07-09-2026 15:00:00,25.196024,75.855668,PM10,32,92,69
India,Rajasthan,Kota,"Nayapura, Kota - RSPCB",07-09-2026 15:00:00,25.196024,75.855668,NO2,7,50,18
India,Rajasthan,Kota,"Nayapura, Kota - RSPCB",07-09-2026 15:00:00,25.196024,75.855668,CO,17,35,24
India,Rajasthan,Kota,"Dhanmandi, Kota - RSPCB",07-09-2026 15:00:00,25.16409,75.858137,OZONE,18,45,31
India,Rajasthan,Kota,"Shrinath Puram, Kota - RSPCB",07-09-2026 15:00:00,25.14389,75.821256,PM10,49,71,58
India,Rajasthan,Kota,"Shrinath Puram, Kota - RSPCB",07-09-2026 15:00:00,25.14389,75.821256,OZONE,4,10,8
India,Rajasthan,Nagaur,"Karni Colony, Nagaur - RSPCB",07-09-2026 15:00:00,27.213494,73.734444,PM2.5,12,37,23
India,Rajasthan,Nagaur,"Karni Colony, Nagaur - RSPCB",07-09-2026 15:00:00,27.213494,73.734444,PM10,56,151,92
India,Rajasthan,Nagaur,"Karni Colony, Nagaur - RSPCB",07-09-2026 15:00:00,27.213494,73.734444,NH3,3,5,4
India,Rajasthan,Pali,"Indira Colony Vistar, Pali - RSPCB",07-09-2026 15:00:00,25.771061,73.340227,OZONE,15,69,40
India,Rajasthan,Pratapgarh,"Pragati Nagar, Pratapgarh - RSPCB",07-09-2026 15:00:00,24.041198,74.780702,CO,12,16,14
India,Rajasthan,Rajsamand,"Dhoinda, Rajsamand - RSPCB",07-09-2026 15:00:00,25.03636,73.883502,PM10,61,85,72
India,Rajasthan,Rajsamand,"Dhoinda, Rajsamand - RSPCB",07-09-2026 15:00:00,25.03636,73.883502,NO2,5,15,9
India,Rajasthan,Rajsamand,"Dhoinda, Rajsamand - RSPCB",07-09-2026 15:00:00,25.03636,73.883502,OZONE,30,45,38
India,Rajasthan,Sikar,"Radhakishan Pura, Sikar - RSPCB",07-09-2026 15:00:00,27.608912,75.153302,PM10,52,365,121
India,Rajasthan,Sirohi,"Vedhaynath Colony, Sirohi - RSPCB",07-09-2026 15:00:00,24.885261,72.857549,PM2.5,17,43,25
India,Rajasthan,Sirohi,"Vedhaynath Colony, Sirohi - RSPCB",07-09-2026 15:00:00,24.885261,72.857549,NO2,3,11,6
India,Rajasthan,Sirohi,"Vedhaynath Colony, Sirohi - RSPCB",07-09-2026 15:00:00,24.885261,72.857549,NH3,3,4,3
India,Rajasthan,Sirohi,"Vedhaynath Colony, Sirohi - RSPCB",07-09-2026 15:00:00,24.885261,72.857549,SO2,4,6,5
India,Rajasthan,Sirohi,"Vedhaynath Colony, Sirohi - RSPCB",07-09-2026 15:00:00,24.885261,72.857549,CO,10,20,16
India,Rajasthan,Sirohi,"Vedhaynath Colony, Sirohi - RSPCB",07-09-2026 15:00:00,24.885261,72.857549,OZONE,28,54,44
India,Rajasthan,Sri Ganganagar,"Old City, Sri Ganganagar - RSPCB",07-09-2026 15:00:00,29.931624,73.864511,NH3,9,13,11
India,Rajasthan,Tonk,"Shastri Nagar, Tonk - RSPCB",07-09-2026 15:00:00,26.159933,75.780517,NH3,3,6,4
India,Rajasthan,Udaipur,"Ashok Nagar, Udaipur - RSPCB",07-09-2026 15:00:00,24.5886166,73.6321397,PM10,66,110,91
India,Rajasthan,Udaipur,"Ashok Nagar, Udaipur - RSPCB",07-09-2026 15:00:00,24.5886166,73.6321397,NH3,3,5,4
India,Rajasthan,Udaipur,"Ashok Nagar, Udaipur - RSPCB",07-09-2026 15:00:00,24.5886166,73.6321397,SO2,3,10,7
India,Sikkim,Gangtok,"Zero Point GICI, Gangtok - SSPCB",07-09-2026 15:00:00,27.33853,88.614099,PM10,10,25,19
India,Tamil Nadu,Chennai,"Kodungaiyur, Chennai - TNPCB",07-09-2026 15:00:00,13.1278,80.2642,NO2,11,16,13
India,Tamil Nadu,Chennai,"Kodungaiyur, Chennai - TNPCB",07-09-2026 15:00:00,13.1278,80.2642,SO2,5,7,6
India,Tamil Nadu,Chennai,"Arumbakkam, Chennai - TNPCB",07-09-2026 15:00:00,13.0664,80.2112,PM2.5,7,63,34
India,Tamil Nadu,Chennai,"Arumbakkam, Chennai - TNPCB",07-09-2026 15:00:00,13.0664,80.2112,NO2,12,50,18
India,Tamil Nadu,Chennai,"Arumbakkam, Chennai - TNPCB",07-09-2026 15:00:00,13.0664,80.2112,OZONE,NA,NA,NA
India,Tamil Nadu,Chennai,"Velachery Res. Area, Chennai - CPCB",07-09-2026 15:00:00,13.0052189,80.2398125,CO,NA,NA,NA
India,Tamil Nadu,Chennai,"Perungudi, Chennai - TNPCB",07-09-2026 15:00:00,12.9533,80.2357,PM10,7,363,137
India,Tamil Nadu,Chennai,"Perungudi, Chennai - TNPCB",07-09-2026 15:00:00,12.9533,80.2357,CO,31,39,36
India,Tamil Nadu,Chennai,"Manali Village, Chennai - TNPCB",07-09-2026 15:00:00,13.1662,80.2584,SO2,10,12,12
India,Tamil Nadu,Chennai,"Manali Village, Chennai - TNPCB",07-09-2026 15:00:00,13.1662,80.2584,OZONE,0,1,1
India,Tamil Nadu,Chennai,"Royapuram, Chennai - TNPCB",07-09-2026 15:00:00,13.1036,80.2909,SO2,4,6,5
India,Tamil Nadu,Cuddalore,"Semmandalam, Cuddalore - TNPCB",07-09-2026 15:00:00,11.7637683,79.7499835,NO2,NA,NA,NA
India,Tamil Nadu,Gummidipoondi,"Anthoni Pillai Nagar, Gummidipoondi - TNPCB",07-09-2026 15:00:00,13.4127,80.1081,NH3,NA,NA,NA
India,Tamil Nadu,Gummidipoondi,"Anthoni Pillai Nagar, Gummidipoondi - TNPCB",07-09-2026 15:00:00,13.4127,80.1081,OZONE,NA,NA,NA
India,Tamil Nadu,Thoothukudi,"Meelavittan, Thoothukudi - TNPCB",07-09-2026 15:00:00,8.816428,78.099039,PM10,57,69,64
India,Telangana,Hyderabad,"Bollaram Industrial Area, Hyderabad - TSPCB",07-09-2026 15:00:00,17.518,78.383,PM2.5,NA,NA,NA
India,Telangana,Hyderabad,"Bollaram Industrial Area, Hyderabad - TSPCB",07-09-2026 15:00:00,17.518,78.383,NO2,NA,NA,NA
India,Telangana,Hyderabad,"Central University, Hyderabad - TSPCB",07-09-2026 15:00:00,17.460103,78.334361,SO2,2,12,7
India,Telangana,Hyderabad,"Central University, Hyderabad - TSPCB",07-09-2026 15:00:00,17.460103,78.334361,CO,14,21,17
India,Telangana,Hyderabad,"IITH Kandi, Hyderabad - TSPCB",07-09-2026 15:00:00,17.585705,78.126199,PM10,56,71,61
India,Telangana,Hyderabad,"Nacharam_TSIIC IALA, Hyderabad - TSPCB",07-09-2026 15:00:00,17.429398,78.569354,NO2,10,16,12
India,Telangana,Hyderabad,"Nacharam_TSIIC IALA, Hyderabad - TSPCB",07-09-2026 15:00:00,17.429398,78.569354,SO2,11,15,12
India,Telangana,Hyderabad,"New Malakpet, Hyderabad - TSPCB",07-09-2026 15:00:00,17.37206,78.50864,NH3,3,4,3
India,Telangana,Hyderabad,"Kokapet, Hyderabad - TSPCB",07-09-2026 15:00:00,17.393559,78.339194,PM10,44,70,52
India,Telangana,Hyderabad,"Kokapet, Hyderabad - TSPCB",07-09-2026 15:00:00,17.393559,78.339194,SO2,6,13,8
India,Telangana,Hyderabad,"Kokapet, Hyderabad - TSPCB",07-09-2026 15:00:00,17.393559,78.339194,CO,20,28,24
India,Telangana,Hyderabad,"Ramachandrapuram, Hyderabad - TSPCB",07-09-2026 15:00:00,17.528544,78.286195,PM10,42,65,51
India,Telangana,Hyderabad,"Ramachandrapuram, Hyderabad - TSPCB",07-09-2026 15:00:00,17.528544,78.286195,NH3,3,4,3
India,Telangana,Hyderabad,"Kompally Municipal Office, Hyderabad - TSPCB",07-09-2026 15:00:00,17.544899,78.486949,NO2,13,18,16
India,Telangana,Hyderabad,"Kompally Municipal Office, Hyderabad - TSPCB",07-09-2026 15:00:00,17.544899,78.486949,NH3,2,4,3
India,Telangana,Hyderabad,"IDA Pashamylaram, Hyderabad - TSPCB",07-09-2026 15:00:00,17.5316895,78.218939,PM2.5,9,57,33
India,Telangana,Hyderabad,"IDA Pashamylaram, Hyderabad - TSPCB",07-09-2026 15:00:00,17.5316895,78.218939,CO,3,20,15
India,Telangana,Hyderabad,"IDA Pashamylaram, Hyderabad - TSPCB",07-09-2026 15:00:00,17.5316895,78.218939,OZONE,5,16,8
India,Telangana,Hyderabad,"ICRISAT Patancheru, Hyderabad - TSPCB",07-09-2026 15:00:00,17.5184,78.278777,SO2,4,30,11
India,Tripura,Agartala,"Bardowali, Agartala - Tripura SPCB",07-09-2026 15:00:00,23.8175497,91.2726974,NO2,13,16,13
India,Tripura,Agartala,"Bardowali, Agartala - Tripura SPCB",07-09-2026 15:00:00,23.8175497,91.2726974,NH3,NA,NA,NA
India,Tripura,Agartala,"Bardowali, Agartala - Tripura SPCB",07-09-2026 15:00:00,23.8175497,91.2726974,OZONE,3,6,4
India,Uttar Pradesh,Agra,"Rohta, Agra - UPPCB",07-09-2026 15:00:00,27.106972,78.000111,CO,31,48,38
India,Uttar Pradesh,Agra,"Manoharpur, Agra - UPPCB",07-09-2026 15:00:00,27.23711,78.01936,NO2,31,31,31
India,Uttar Pradesh,Agra,"Shastripuram, Agra - UPPCB",07-09-2026 15:00:00,27.19862,77.92066,PM2.5,21,51,32
India,Uttar Pradesh,Agra,"Shastripuram, Agra - UPPCB",07-09-2026 15:00:00,27.19862,77.92066,CO,31,56,48
India,Uttar Pradesh,Baghpat,"Sardar Patel Inter College, Baghpat - UPPCB",07-09-2026 15:00:00,28.964949,77.278761,PM2.5,2,50,23
India,Uttar Pradesh,Baghpat,"Sardar Patel Inter College, Baghpat - UPPCB",07-09-2026 15:00:00,28.964949,77.278761,PM10,3,108,52
India,Uttar Pradesh,Bareilly,"Civil Lines, Bareilly - UPPCB",07-09-2026 15:00:00,28.359581,79.414455,OZONE,1,6,3
India,Uttar Pradesh,Bulandshahr,"Yamunapuram, Bulandshahr - UPPCB",07-09-2026 15:00:00,28.406963,77.849831,SO2,3,17,12
India,Uttar Pradesh,Fatehpur Sikri,"Dadupura, Fatehpur Sikri - UPPCB",07-09-2026 15:00:00,27.097694,77.671335,NH3,2,2,2
India,Uttar Pradesh,Firozabad,"Nagla Bhau, Firozabad - UPPCB",07-09-2026 15:00:00,27.168897,78.37696,PM10,NA,NA,NA
India,Bihar,Begusarai,"Lohiyanagar, Begusarai - BSPCB",07-09-2026 15:00:00,25.42742023,86.13886079,PM10,20,169,102
India,Bihar,Begusarai,"Lohiyanagar, Begusarai - BSPCB",07-09-2026 15:00:00,25.42742023,86.13886079,SO2,17,20,18
India,Bihar,Bhagalpur,"Mayaganj, Bhagalpur - BSPCB",07-09-2026 15:00:00,25.265194,87.012947,OZONE,6,43,20
India,Bihar,Bhagalpur,"DM Office_Kachari Chowk, Bhagalpur - BSPCB",07-09-2026 15:00:00,25.251013,86.989001,CO,27,30,28
India,Bihar,Bihar Sharif,"D M Colony, Bihar Sharif - BSPCB",07-09-2026 15:00:00,25.204762,85.51496,SO2,NA,NA,NA
India,Bihar,Bihar Sharif,"D M Colony, Bihar Sharif - BSPCB",07-09-2026 15:00:00,25.204762,85.51496,CO,9,10,9
India,Bihar,Gaya,"Collectorate, Gaya - BSPCB",07-09-2026 15:00:00,24.7955,84.9994,NO2,NA,NA,NA
India,Bihar,Gaya,"SFTI Kusdihra, Gaya - BSPCB",07-09-2026 15:00:00,24.762518,84.982348,PM10,15,42,32
India,Bihar,Gaya,"SFTI Kusdihra, Gaya - BSPCB",07-09-2026 15:00:00,24.762518,84.982348,NO2,16,28,24
India,Bihar,Gaya,"SFTI Kusdihra, Gaya - BSPCB",07-09-2026 15:00:00,24.762518,84.982348,NH3,5,7,6
India,Bihar,Gaya,"SFTI Kusdihra, Gaya - BSPCB",07-09-2026 15:00:00,24.762518,84.982348,OZONE,5,37,16
India,Bihar,Gaya,"Kareemganj, Gaya - BSPCB",07-09-2026 15:00:00,24.792403,84.992416,OZONE,9,46,28
India,Bihar,Hajipur,"Industrial Area, Hajipur - BSPCB",07-09-2026 15:00:00,25.697189,85.2459,PM2.5,22,71,46
India,Bihar,Hajipur,"Industrial Area, Hajipur - BSPCB",07-09-2026 15:00:00,25.697189,85.2459,PM10,35,55,45
India,Bihar,Hajipur,"Industrial Area, Hajipur - BSPCB",07-09-2026 15:00:00,25.697189,85.2459,NO2,12,33,22
India,Bihar,Katihar,"Mirchaibari, Katihar - BSPCB",07-09-2026 15:00:00,25.560083,87.553265,NH3,1,1,1
India,Bihar,Kishanganj,"SDM Office_Khagra, Kishanganj - BSPCB",07-09-2026 15:00:00,26.0881305,87.93840336,PM10,31,54,42
India,Bihar,Kishanganj,"SDM Office_Khagra, Kishanganj - BSPCB",07-09-2026 15:00:00,26.0881305,87.93840336,SO2,6,9,7
India,Bihar,Manguraha,"Forest Rest House, Manguraha - BSPCB",07-09-2026 15:00:00,27.308328,84.531742,PM2.5,NA,NA,NA
India,Bihar,Manguraha,"Forest Rest House, Manguraha - BSPCB",07-09-2026 15:00:00,27.308328,84.531742,PM10,NA,NA,NA
India,Bihar,Motihari,"Gandak Colony, Motihari - BSPCB",07-09-2026 15:00:00,26.63086,84.90051,SO2,2,7,4
India,Bihar,Munger,"Town Hall, Munger - BSPCB",07-09-2026 15:00:00,25.376776,86.471523,PM2.5,2,140,45
India,Bihar,Munger,"Town Hall, Munger - BSPCB",07-09-2026 15:00:00,25.376776,86.471523,SO2,70,79,73
India,Bihar,Munger,"Town Hall, Munger - BSPCB",07-09-2026 15:00:00,25.376776,86.471523,CO,34,37,36
India,Bihar,Munger,"Town Hall, Munger - BSPCB",07-09-2026 15:00:00,25.376776,86.471523,OZONE,14,15,14
India,Bihar,Muzaffarpur,"Buddha Colony, Muzaffarpur - BSPCB",07-09-2026 15:00:00,26.11442,85.39813,NO2,17,52,26
India,Bihar,Muzaffarpur,"Buddha Colony, Muzaffarpur - BSPCB",07-09-2026 15:00:00,26.11442,85.39813,NH3,10,15,13
India,Bihar,Muzaffarpur,"Buddha Colony, Muzaffarpur - BSPCB",07-09-2026 15:00:00,26.11442,85.39813,CO,14,25,20
India,Bihar,Patna,"Govt. High School Shikarpur, Patna - BSPCB",07-09-2026 15:00:00,25.592539,85.227158,CO,31,33,32
India,Bihar,Patna,"DRM Office Danapur, Patna - BSPCB",07-09-2026 15:00:00,25.586562,85.043586,NH3,8,9,9
India,Bihar,Patna,"DRM Office Danapur, Patna - BSPCB",07-09-2026 15:00:00,25.586562,85.043586,CO,32,38,35
India,Bihar,Purnia,"Mariam Nagar, Purnia - BSPCB",07-09-2026 15:00:00,25.366336,87.117468,NO2,17,19,18
India,Bihar,Purnia,"Mariam Nagar, Purnia - BSPCB",07-09-2026 15:00:00,25.366336,87.117468,CO,58,59,59
India,Bihar,Rajgir,"Dangi Tola, Rajgir - BSPCB",07-09-2026 15:00:00,25.0328,85.41948,PM10,NA,NA,NA
India,Chhattisgarh,Chhal,"Nawapara SECL Colony, Chhal - CECB",07-09-2026 15:00:00,22.118125,83.140608,NH3,NA,NA,NA
India,Chhattisgarh,Chhal,"Nawapara SECL Colony, Chhal - CECB",07-09-2026 15:00:00,22.118125,83.140608,OZONE,9,40,24
India,Chhattisgarh,Korba,"Rampur, Korba - CECB",07-09-2026 15:00:00,22.368195,82.746431,PM2.5,6,48,26
India,Chhattisgarh,Korba,"Rampur, Korba - CECB",07-09-2026 15:00:00,22.368195,82.746431,NO2,8,18,13
India,Chhattisgarh,Kunjemura,"OP Jindal School, Kunjemura - CECB",07-09-2026 15:00:00,22.12665,83.483212,CO,12,23,16
India,Chhattisgarh,Milupara,"Govt. Higher Secondary School, Milupara - CECB",07-09-2026 15:00:00,22.1910172,83.5197009,OZONE,36,46,40
India,Chhattisgarh,Raipur,"Krishak Nagar, Raipur - CECB",07-09-2026 15:00:00,21.237755,81.705301,PM10,17,51,33
India,Chhattisgarh,Raipur,"Krishak Nagar, Raipur - CECB",07-09-2026 15:00:00,21.237755,81.705301,SO2,2,13,8
India,Chhattisgarh,Raipur,"Bhatagaon New ISBT, Raipur - CECB",07-09-2026 15:00:00,21.219665,81.630094,NO2,9,31,17
India,Chhattisgarh,Raipur,"Bhatagaon New ISBT, Raipur - CECB",07-09-2026 15:00:00,21.219665,81.630094,NH3,2,2,2
India,Chhattisgarh,Raipur,"Bhatagaon New ISBT, Raipur - CECB",07-09-2026 15:00:00,21.219665,81.630094,CO,14,29,22
India,Chhattisgarh,Raipur,"AIIMS, Raipur - CECB",07-09-2026 15:00:00,21.258815,81.578979,NO2,0,2,1
India,Chhattisgarh,Raipur,"AIIMS, Raipur - CECB",07-09-2026 15:00:00,21.258815,81.578979,SO2,4,6,5
India,Chhattisgarh,Tumidih,"OP Jindal Industrial Park, Tumidih - CECB",07-09-2026 15:00:00,22.06631475,83.33820077,SO2,5,6,5
India,Chhattisgarh,Tumidih,"OP Jindal Industrial Park, Tumidih - CECB",07-09-2026 15:00:00,22.06631475,83.33820077,CO,13,23,18
India,Delhi,Delhi,"ITO, Delhi - CPCB",07-09-2026 15:00:00,28.628624,77.24106,NH3,2,8,4
India,Bihar,Saharsa,"Police Line, Saharsa - BSPCB",07-09-2026 15:00:00,25.892357,86.590325,NH3,4,4,4
India,Bihar,Samastipur,"DM Office_Kasipur, Samastipur - BSPCB",07-09-2026 15:00:00,25.859655,85.77944,NH3,1,1,1
India,Bihar,Sasaram,"Dada Peer, Sasaram - BSPCB",07-09-2026 15:00:00,24.952822,84.002396,SO2,3,5,4
India,Bihar,Sasaram,"Dada Peer, Sasaram - BSPCB",07-09-2026 15:00:00,24.952822,84.002396,CO,9,15,12
India,Bihar,Siwan,"Chitragupta Nagar, Siwan - BSPCB",07-09-2026 15:00:00,26.2271665,84.3570427,PM10,NA,NA,NA
India,Chandigarh,Chandigarh,"Sector 22, Chandigarh - CPCC",07-09-2026 15:00:00,30.735567,76.775714,PM2.5,17,52,29
India,Chandigarh,Chandigarh,"Sector-53, Chandigarh - CPCC",07-09-2026 15:00:00,30.719859,76.738637,NO2,8,79,35
India,Chandigarh,Chandigarh,"Sector-53, Chandigarh - CPCC",07-09-2026 15:00:00,30.719859,76.738637,SO2,1,5,3
India,Chhattisgarh,Bhilai,"32Bungalows, Bhilai - CECB",07-09-2026 15:00:00,21.194815,81.31477,PM2.5,16,34,23
India,Chhattisgarh,Bhilai,"Civic Center, Bhilai - Bhilai Steel Plant",07-09-2026 15:00:00,21.185571,81.343175,PM2.5,3,28,14
India,Chhattisgarh,Bhilai,"Civic Center, Bhilai - Bhilai Steel Plant",07-09-2026 15:00:00,21.185571,81.343175,PM10,16,40,23
India,Chhattisgarh,Bhilai,"Civic Center, Bhilai - Bhilai Steel Plant",07-09-2026 15:00:00,21.185571,81.343175,NH3,1,2,1
India,Chhattisgarh,Bilaspur,"Mangala, Bilaspur - NTPC",07-09-2026 15:00:00,22.08815,82.13737,SO2,10,16,13
India,Andhra Pradesh,Anantapur,"Gulzarpet, Anantapur - APPCB",07-09-2026 15:00:00,14.675886,77.593027,NH3,3,4,3
India,Andhra Pradesh,Chittoor,"Gangineni Cheruvu, Chittoor - APPCB",07-09-2026 15:00:00,13.20488,79.097889,NO2,29,35,33
India,Andhra Pradesh,Chittoor,"Gangineni Cheruvu, Chittoor - APPCB",07-09-2026 15:00:00,13.20488,79.097889,NH3,6,8,6
India,Andhra Pradesh,Eluru,"District Court, Eluru - APPCB",07-09-2026 15:00:00,16.711754,81.092095,NH3,2,5,3
India,Andhra Pradesh,Eluru,"District Court, Eluru - APPCB",07-09-2026 15:00:00,16.711754,81.092095,CO,16,26,22
India,Andhra Pradesh,Eluru,"District Court, Eluru - APPCB",07-09-2026 15:00:00,16.711754,81.092095,OZONE,2,22,10
India,Andhra Pradesh,Guntur,"Rajendra Nagar North, Guntur - APPCB",07-09-2026 15:00:00,16.316553,80.413302,PM10,57,91,67
India,Andhra Pradesh,Guntur,"Rajendra Nagar North, Guntur - APPCB",07-09-2026 15:00:00,16.316553,80.413302,NO2,23,46,33
India,Andhra Pradesh,Kakinada,"Rama Rao Peta, Kakinada - APPCB",07-09-2026 15:00:00,16.962488,82.229513,PM10,34,67,46
India,Andhra Pradesh,Machilipatnam,"Srinivas Nagar Colony, Machilipatnam - APPCB",07-09-2026 15:00:00,16.186555,81.13219,PM10,61,67,65
India,Andhra Pradesh,Machilipatnam,"Srinivas Nagar Colony, Machilipatnam - APPCB",07-09-2026 15:00:00,16.186555,81.13219,NO2,20,35,25
India,Andhra Pradesh,Machilipatnam,"Srinivas Nagar Colony, Machilipatnam - APPCB",07-09-2026 15:00:00,16.186555,81.13219,CO,19,23,21
India,Andhra Pradesh,Nellore,"Ambedkar Nagar, Nellore - APPCB ",07-09-2026 15:00:00,14.438164,79.966814,PM2.5,62,69,68
India,Andhra Pradesh,Nellore,"Ambedkar Nagar, Nellore - APPCB ",07-09-2026 15:00:00,14.438164,79.966814,CO,31,39,37
India,Assam,Guwahati,"Pan Bazaar, Guwahati - PCBA",07-09-2026 15:00:00,26.1875,91.744194,PM10,0,48,8
India,Assam,Guwahati,"Pan Bazaar, Guwahati - PCBA",07-09-2026 15:00:00,26.1875,91.744194,NH3,1,1,1
India,Assam,Guwahati,"LGBI Airport, Guwahati - PCBA",07-09-2026 15:00:00,26.10887,91.589544,PM2.5,18,77,39
India,Assam,Guwahati,"LGBI Airport, Guwahati - PCBA",07-09-2026 15:00:00,26.10887,91.589544,NH3,3,11,4
India,Assam,Guwahati,"Railway Colony, Guwahati - PCBA",07-09-2026 15:00:00,26.181742,91.78063,PM2.5,32,93,48
India,Assam,Guwahati,"Railway Colony, Guwahati - PCBA",07-09-2026 15:00:00,26.181742,91.78063,PM10,22,91,43
India,Assam,Guwahati,"Railway Colony, Guwahati - PCBA",07-09-2026 15:00:00,26.181742,91.78063,NH3,1,1,1
India,Assam,Nagaon,"Christianpatty, Nagaon - PCBA",07-09-2026 15:00:00,26.349082,92.68449,NH3,2,5,5
India,Assam,Nagaon,"Christianpatty, Nagaon - PCBA",07-09-2026 15:00:00,26.349082,92.68449,OZONE,6,9,8
India,Assam,Nalbari,"Bata Chowk, Nalbari - PCBA",07-09-2026 15:00:00,26.446912,91.439057,PM2.5,21,44,26
India,Assam,Nalbari,"Bata Chowk, Nalbari - PCBA",07-09-2026 15:00:00,26.446912,91.439057,OZONE,19,19,19
India,Assam,Sivasagar,"Girls College, Sivasagar - PCBA",07-09-2026 15:00:00,26.987634,94.636574,PM10,27,46,34
India,Bihar,Araria,"Kharahiya Basti, Araria - BSPCB",07-09-2026 15:00:00,26.146529,87.454184,OZONE,37,46,41
India,Bihar,Arrah,"New DM Office, Arrah - BSPCB",07-09-2026 15:00:00,25.5626095,84.663264,CO,42,60,51
India,Delhi,Delhi,"Narela, Delhi - DPCC",07-09-2026 15:00:00,28.822836,77.101981,NO2,8,30,24
India,Delhi,Delhi,"Narela, Delhi - DPCC",07-09-2026 15:00:00,28.822836,77.101981,OZONE,14,27,20
India,Delhi,Delhi,"Cantonment Area, Delhi - DPCC",07-09-2026 15:00:00,28.594169,77.1251,NH3,2,4,3
India,Delhi,Delhi,"Sonia Vihar, Delhi - DPCC",07-09-2026 15:00:00,28.710508,77.249485,NO2,20,54,35
India,Delhi,Delhi,"Bawana, Delhi - DPCC",07-09-2026 15:00:00,28.7762,77.051074,PM10,1,123,56
India,Delhi,Delhi,"Bawana, Delhi - DPCC",07-09-2026 15:00:00,28.7762,77.051074,SO2,8,8,8
India,Delhi,Delhi,"Okhla Phase-2, Delhi - DPCC",07-09-2026 15:00:00,28.530785,77.271255,NO2,9,51,29
India,Delhi,Delhi,"Rohini, Delhi - DPCC",07-09-2026 15:00:00,28.732528,77.11992,PM10,38,179,107
India,Delhi,Delhi,"Rohini, Delhi - DPCC",07-09-2026 15:00:00,28.732528,77.11992,SO2,8,11,10
India,Delhi,Delhi,"Vivek Vihar, Delhi - DPCC",07-09-2026 15:00:00,28.672342,77.31526,CO,47,98,65
India,Delhi,Delhi,"Jahangirpuri, Delhi - DPCC",07-09-2026 15:00:00,28.73282,77.170633,NO2,13,41,26
India,Delhi,Delhi,"IHBAS, Dilshad Garden, Delhi - CPCB",07-09-2026 15:00:00,28.6811736,77.3025234,PM2.5,23,89,58
India,Delhi,Delhi,"Anand Vihar, Delhi - DPCC",07-09-2026 15:00:00,28.647622,77.315809,NO2,19,54,32
India,Delhi,Delhi,"Mandir Marg, Delhi - DPCC",07-09-2026 15:00:00,28.636429,77.201067,PM2.5,NA,NA,NA
India,Delhi,Delhi,"Mandir Marg, Delhi - DPCC",07-09-2026 15:00:00,28.636429,77.201067,NO2,8,49,20
India,Delhi,Delhi,"Mandir Marg, Delhi - DPCC",07-09-2026 15:00:00,28.636429,77.201067,NH3,9,10,9
India,Delhi,Delhi,"Mandir Marg, Delhi - DPCC",07-09-2026 15:00:00,28.636429,77.201067,SO2,2,9,6
India,Delhi,Delhi,"Pusa, Delhi - DPCC",07-09-2026 15:00:00,28.639652,77.146275,NH3,2,12,6
India,Delhi,Delhi,"Sirifort, Delhi - CPCB",07-09-2026 15:00:00,28.5504249,77.2159377,PM2.5,27,113,65
India,Delhi,Delhi,"Chandni Chowk, Delhi - IITM",07-09-2026 15:00:00,28.656756,77.227234,SO2,6,14,9
India,Delhi,Delhi,"Pusa, Delhi - IITM",07-09-2026 15:00:00,28.63611,77.173332,SO2,NA,NA,NA
India,Delhi,Delhi,"DTU, Delhi - CPCB",07-09-2026 15:00:00,28.7500499,77.1112615,PM2.5,0,144,59
India,Delhi,Delhi,"DTU, Delhi - CPCB",07-09-2026 15:00:00,28.7500499,77.1112615,PM10,11,106,57
India,Delhi,Delhi,"Dwarka-Sector 8, Delhi - DPCC ",07-09-2026 15:00:00,28.5710274,77.0719006,SO2,16,24,20
India,Andhra Pradesh,Rajamahendravaram,"Anand Kala Kshetram, Rajamahendravaram - APPCB",07-09-2026 15:00:00,16.9872867,81.7363176,SO2,2,9,4
India,Andhra Pradesh,Tirumala,"Toll Gate, Tirumala - APPCB",07-09-2026 15:00:00,13.67,79.35,CO,7,26,19
India,Andhra Pradesh,Vijayawada,"HB Colony, Vijayawada - APPCB",07-09-2026 15:00:00,16.536107,80.594233,CO,32,39,35
India,Andhra Pradesh,Vijayawada,"Rajiv Gandhi Park, Vijayawada - APPCB",07-09-2026 15:00:00,16.509717,80.612222,NO2,22,33,30
India,Andhra Pradesh,Vijayawada,"Rajiv Gandhi Park, Vijayawada - APPCB",07-09-2026 15:00:00,16.509717,80.612222,CO,32,38,35
India,Andhra Pradesh,Visakhapatnam,"GVM Corporation, Visakhapatnam - APPCB",07-09-2026 15:00:00,17.72,83.3,PM2.5,19,138,61
India,Andhra Pradesh,Visakhapatnam,"GVM Corporation, Visakhapatnam - APPCB",07-09-2026 15:00:00,17.72,83.3,PM10,68,193,108
India,Arunachal Pradesh,Naharlagun,"Naharlagun, Naharlagun - APSPCB",07-09-2026 15:00:00,27.103358,93.679645,NO2,8,12,8
India,Arunachal Pradesh,Naharlagun,"Naharlagun, Naharlagun - APSPCB",07-09-2026 15:00:00,27.103358,93.679645,OZONE,7,8,7
India,Delhi,Delhi,"IHBAS, Dilshad Garden, Delhi - CPCB",07-09-2026 15:00:00,28.6811736,77.3025234,NH3,4,6,5
India,Delhi,Delhi,"Sri Aurobindo Marg, Delhi - DPCC",07-09-2026 15:00:00,28.531346,77.190156,NH3,1,1,1
India,Delhi,Delhi,"Patparganj, Delhi - DPCC",07-09-2026 15:00:00,28.623763,77.287209,CO,28,104,55
India,Delhi,Delhi,"Jawaharlal Nehru Stadium, Delhi - DPCC",07-09-2026 15:00:00,28.58028,77.233829,NH3,5,6,5
India,Delhi,Delhi,"Najafgarh, Delhi - DPCC",07-09-2026 15:00:00,28.570173,76.933762,SO2,13,17,15
India,Delhi,Delhi,"Wazirpur, Delhi - DPCC",07-09-2026 15:00:00,28.699793,77.165453,NO2,35,86,50
India,Delhi,Delhi,"Wazirpur, Delhi - DPCC",07-09-2026 15:00:00,28.699793,77.165453,NH3,5,9,7
India,Delhi,Delhi,"Wazirpur, Delhi - DPCC",07-09-2026 15:00:00,28.699793,77.165453,OZONE,6,8,7
India,Delhi,Delhi,"Mundka, Delhi - DPCC",07-09-2026 15:00:00,28.684678,77.076574,OZONE,11,16,14
India,Delhi,Delhi,"Punjabi Bagh, Delhi - DPCC",07-09-2026 15:00:00,28.674045,77.131023,CO,34,71,47
India,Karnataka,Madikeri,"Stuart Hill, Madikeri - KSPCB",07-09-2026 15:00:00,12.415911,75.73505,CO,7,16,11
India,Karnataka,Mysuru,"Hebbal 1st Stage, Mysuru - KSPCB",07-09-2026 15:00:00,12.21041,76.37376,PM10,NA,NA,NA
India,Karnataka,Mysuru,"Hebbal 1st Stage, Mysuru - KSPCB",07-09-2026 15:00:00,12.21041,76.37376,NH3,NA,NA,NA
India,Karnataka,Shivamogga,"Vinoba Nagara, Shivamogga - KSPCB",07-09-2026 15:00:00,13.94,75.555917,NO2,21,28,22
India,Karnataka,Shivamogga,"Vinoba Nagara, Shivamogga - KSPCB",07-09-2026 15:00:00,13.94,75.555917,CO,6,36,17
India,Karnataka,Shivamogga,"Vinoba Nagara, Shivamogga - KSPCB",07-09-2026 15:00:00,13.94,75.555917,OZONE,36,61,43
India,Karnataka,Vijayapura,"Ibrahimpur, Vijayapura - KSPCB",07-09-2026 15:00:00,16.802639,75.722694,NO2,11,12,11
India,Karnataka,Vijayapura,"Ibrahimpur, Vijayapura - KSPCB",07-09-2026 15:00:00,16.802639,75.722694,CO,24,34,28
India,Karnataka,Yadgir,"Collector Office, Yadgir - KSPCB",07-09-2026 15:00:00,16.7602,77.1428,PM10,NA,NA,NA
India,Karnataka,Yadgir,"Collector Office, Yadgir - KSPCB",07-09-2026 15:00:00,16.7602,77.1428,NH3,NA,NA,NA
India,Karnataka,Yadgir,"Collector Office, Yadgir - KSPCB",07-09-2026 15:00:00,16.7602,77.1428,OZONE,16,21,18
India,Kerala,Kannur,"Thavakkara, Kannur - Kerala PCB",07-09-2026 15:00:00,11.875,75.3732,NO2,11,12,11
India,Kerala,Thiruvananthapuram,"Plammoodu, Thiruvananthapuram - Kerala PCB",07-09-2026 15:00:00,8.5149093,76.9435879,PM10,20,60,38
India,Kerala,Thiruvananthapuram,"Plammoodu, Thiruvananthapuram - Kerala PCB",07-09-2026 15:00:00,8.5149093,76.9435879,NH3,1,1,1
India,Kerala,Thrissur,"Corporation Ground, Thrissur - Kerala PCB",07-09-2026 15:00:00,10.5324,76.2159,PM2.5,44,55,50
India,Kerala,Thrissur,"Corporation Ground, Thrissur - Kerala PCB",07-09-2026 15:00:00,10.5324,76.2159,NO2,7,9,8
India,Madhya Pradesh,Bhopal,"Paryavaran Parisar, Bhopal - MPPCB",07-09-2026 15:00:00,23.210494,77.425409,PM2.5,10,55,33
India,Madhya Pradesh,Bhopal,"Paryavaran Parisar, Bhopal - MPPCB",07-09-2026 15:00:00,23.210494,77.425409,PM10,19,74,50
India,Madhya Pradesh,Bhopal,"Paryavaran Parisar, Bhopal - MPPCB",07-09-2026 15:00:00,23.210494,77.425409,SO2,3,7,5
India,Madhya Pradesh,Bhopal,"Paryavaran Parisar, Bhopal - MPPCB",07-09-2026 15:00:00,23.210494,77.425409,CO,13,17,14
India,Madhya Pradesh,Bhopal,"Idgah Hills, Bhopal - MPPCB",07-09-2026 15:00:00,23.264759,77.381568,PM10,31,71,47
India,Gujarat,Vapi,"Phase-1 GIDC, Vapi - GPCB",07-09-2026 15:00:00,20.362421,72.918013,SO2,3,20,12
India,Haryana,Ambala,"Patti Mehar, Ambala - HSPCB",07-09-2026 15:00:00,30.379589,76.778328,PM2.5,40,91,59
India,Haryana,Ambala,"Patti Mehar, Ambala - HSPCB",07-09-2026 15:00:00,30.379589,76.778328,NH3,6,7,6
India,Haryana,Ambala,"Patti Mehar, Ambala - HSPCB",07-09-2026 15:00:00,30.379589,76.778328,CO,24,41,35
India,Haryana,Bahadurgarh,"Arya Nagar, Bahadurgarh - HSPCB",07-09-2026 15:00:00,28.6701,76.9254,NH3,7,9,8
India,Haryana,Bahadurgarh,"Arya Nagar, Bahadurgarh - HSPCB",07-09-2026 15:00:00,28.6701,76.9254,SO2,5,7,6
India,Haryana,Bahadurgarh,"Arya Nagar, Bahadurgarh - HSPCB",07-09-2026 15:00:00,28.6701,76.9254,OZONE,15,48,31
India,Haryana,Ballabgarh,"Nathu Colony, Ballabgarh - HSPCB",07-09-2026 15:00:00,28.3419248,77.319699,PM10,70,179,82
India,Haryana,Bhiwani,"H.B. Colony, Bhiwani - HSPCB",07-09-2026 15:00:00,28.806223,76.141105,PM2.5,19,51,34
India,Haryana,Bhiwani,"H.B. Colony, Bhiwani - HSPCB",07-09-2026 15:00:00,28.806223,76.141105,CO,47,48,48
India,Haryana,Bhiwani,"H.B. Colony, Bhiwani - HSPCB",07-09-2026 15:00:00,28.806223,76.141105,OZONE,16,25,19
India,Haryana,Charkhi Dadri,"Mini Secretariat, Charkhi Dadri - HSPCB",07-09-2026 15:00:00,28.593883,76.270653,NO2,9,20,14
India,Haryana,Charkhi Dadri,"Mini Secretariat, Charkhi Dadri - HSPCB",07-09-2026 15:00:00,28.593883,76.270653,NH3,5,7,6
India,Haryana,Dharuhera,"Municipal Corporation Office, Dharuhera -  HSPCB",07-09-2026 15:00:00,28.2068,76.7997,PM10,37,92,64
India,Haryana,Dharuhera,"Municipal Corporation Office, Dharuhera -  HSPCB",07-09-2026 15:00:00,28.2068,76.7997,NO2,17,54,31
India,Haryana,Dharuhera,"Municipal Corporation Office, Dharuhera -  HSPCB",07-09-2026 15:00:00,28.2068,76.7997,OZONE,8,50,33
India,Haryana,Faridabad,"New Industrial Town, Faridabad - HSPCB",07-09-2026 15:00:00,28.39072,77.30059,NH3,11,12,11
India,Haryana,Faridabad,"Sector 11, Faridabad - HSPCB",07-09-2026 15:00:00,28.376058,77.315741,PM2.5,43,379,123
India,Haryana,Faridabad,"Sector 11, Faridabad - HSPCB",07-09-2026 15:00:00,28.376058,77.315741,PM10,49,316,105
India,Haryana,Faridabad,"Sector 30, Faridabad - HSPCB",07-09-2026 15:00:00,28.4417,77.3217,PM2.5,38,104,50
India,Gujarat,Gandhinagar,"Sector-10, Gandhinagar - GPCB",07-09-2026 15:00:00,23.221714,72.654328,PM10,23,216,71
India,Gujarat,Gandhinagar,"Sector-10, Gandhinagar - GPCB",07-09-2026 15:00:00,23.221714,72.654328,OZONE,NA,NA,NA
India,Gujarat,Gandhinagar,"IIPHG Lekawada, Gandhinagar - IITM",07-09-2026 15:00:00,23.243639,72.68994,PM10,57,96,74
India,Gujarat,Gandhinagar,"IIPHG Lekawada, Gandhinagar - IITM",07-09-2026 15:00:00,23.243639,72.68994,NH3,4,11,5
India,Gujarat,Mehsana,"Sadanand Nagar, Mehsana - Nexteng Enviro",07-09-2026 15:00:00,23.59315,72.372792,NH3,1,1,1
India,Gujarat,Mehsana,"Sadanand Nagar, Mehsana - Nexteng Enviro",07-09-2026 15:00:00,23.59315,72.372792,OZONE,10,10,10
India,Gujarat,Nandesari,"GIDC, Nandesari - Nandesari Ind. Association",07-09-2026 15:00:00,22.410802,73.097923,PM2.5,30,71,50
India,Gujarat,Rajkot,"Mavdi, Rajkot - Nexteng Enviro ",07-09-2026 15:00:00,22.248853,70.776774,PM2.5,8,67,28
India,Gujarat,Rajkot,"Mavdi, Rajkot - Nexteng Enviro ",07-09-2026 15:00:00,22.248853,70.776774,PM10,22,64,42
India,Gujarat,Surat,"Science Center, Surat - SMC",07-09-2026 15:00:00,21.170046,72.795405,PM10,19,77,39
India,Gujarat,Surat,"Science Center, Surat - SMC",07-09-2026 15:00:00,21.170046,72.795405,OZONE,NA,NA,NA
India,Gujarat,Surat,"Katargam, Surat - Nexteng Enviro",07-09-2026 15:00:00,21.217779,72.834787,NO2,0,23,11
India,Gujarat,Surat,"Katargam, Surat - Nexteng Enviro",07-09-2026 15:00:00,21.217779,72.834787,NH3,4,5,4
India,Gujarat,Surat,"Katargam, Surat - Nexteng Enviro",07-09-2026 15:00:00,21.217779,72.834787,OZONE,2,14,7
India,Gujarat,Vadodara,"Bapunagar, Vadodara - Nexteng Enviro",07-09-2026 15:00:00,22.320153,73.216285,NO2,11,12,12
India,Gujarat,Vadodara,"Bapunagar, Vadodara - Nexteng Enviro",07-09-2026 15:00:00,22.320153,73.216285,CO,78,79,78
India,Gujarat,Vapi,"Phase-1 GIDC, Vapi - GPCB",07-09-2026 15:00:00,20.362421,72.918013,PM2.5,15,60,33
India,Karnataka,Bengaluru,"Hebbal, Bengaluru - KSPCB",07-09-2026 15:00:00,13.029152,77.585901,SO2,11,103,25
India,Karnataka,Bengaluru,"Hebbal, Bengaluru - KSPCB",07-09-2026 15:00:00,13.029152,77.585901,CO,3,36,16
India,Karnataka,Bengaluru,"Hebbal, Bengaluru - KSPCB",07-09-2026 15:00:00,13.029152,77.585901,OZONE,1,60,22
India,Karnataka,Bengaluru,"Silk Board, Bengaluru - KSPCB",07-09-2026 15:00:00,12.917348,77.622813,PM10,NA,NA,NA
India,Karnataka,Bengaluru,"Silk Board, Bengaluru - KSPCB",07-09-2026 15:00:00,12.917348,77.622813,NH3,NA,NA,NA
India,Karnataka,Bengaluru,"Bapuji Nagar, Bengaluru - KSPCB",07-09-2026 15:00:00,12.951913,77.539784,PM2.5,18,47,30
India,Karnataka,Bengaluru,"Bapuji Nagar, Bengaluru - KSPCB",07-09-2026 15:00:00,12.951913,77.539784,PM10,38,80,55
India,Karnataka,Bengaluru,"Bapuji Nagar, Bengaluru - KSPCB",07-09-2026 15:00:00,12.951913,77.539784,NO2,20,23,22
India,Karnataka,Bengaluru,"Bapuji Nagar, Bengaluru - KSPCB",07-09-2026 15:00:00,12.951913,77.539784,SO2,19,32,24
India,Karnataka,Bengaluru,"Bapuji Nagar, Bengaluru - KSPCB",07-09-2026 15:00:00,12.951913,77.539784,CO,23,40,30
India,Karnataka,Chikkaballapur,"Chikkaballapur Rural, Chikkaballapur - KSPCB",07-09-2026 15:00:00,13.428828,77.731418,SO2,NA,NA,NA
India,Karnataka,Gadag,"Panchal Nagar, Gadag - KSPCB",07-09-2026 15:00:00,15.411456,75.638133,CO,57,92,72
India,Karnataka,Hubballi,"Lingaraj Nagar, Hubballi - KSPCB",07-09-2026 15:00:00,15.3714823,75.1160168,SO2,2,2,2
India,Karnataka,Karwar,"KHB Colony, Karwar - KSPCB",07-09-2026 15:00:00,14.816666,74.141003,PM2.5,2,31,12
India,Karnataka,Karwar,"KHB Colony, Karwar - KSPCB",07-09-2026 15:00:00,14.816666,74.141003,PM10,5,38,16
India,Karnataka,Karwar,"KHB Colony, Karwar - KSPCB",07-09-2026 15:00:00,14.816666,74.141003,CO,NA,NA,NA
India,Karnataka,Madikeri,"Stuart Hill, Madikeri - KSPCB",07-09-2026 15:00:00,12.415911,75.73505,NO2,2,2,2
India,Haryana,Fatehabad,"Huda Sector, Fatehabad - HSPCB",07-09-2026 15:00:00,29.503664,75.467934,PM10,50,112,87
India,Haryana,Gurugram,"NISE Gwal Pahari, Gurugram - IITM",07-09-2026 15:00:00,28.422681,77.148944,PM2.5,2,72,39
India,Haryana,Gurugram,"NISE Gwal Pahari, Gurugram - IITM",07-09-2026 15:00:00,28.422681,77.148944,NH3,NA,NA,NA
India,Haryana,Gurugram,"Sector-51, Gurugram - HSPCB",07-09-2026 15:00:00,28.4227,77.0667,NO2,23,67,40
India,Haryana,Gurugram,"Sector-51, Gurugram - HSPCB",07-09-2026 15:00:00,28.4227,77.0667,CO,1,18,12
India,Haryana,Gurugram,"Vikas Sadan, Gurugram - HSPCB",07-09-2026 15:00:00,28.4501238,77.0263051,PM2.5,20,222,73
India,Haryana,Gurugram,"Vikas Sadan, Gurugram - HSPCB",07-09-2026 15:00:00,28.4501238,77.0263051,SO2,NA,NA,NA
India,Haryana,Hisar,"Urban Estate-II, Hisar - HSPCB",07-09-2026 15:00:00,29.14056,75.744941,NO2,25,28,26
India,Haryana,Hisar,"Urban Estate-II, Hisar - HSPCB",07-09-2026 15:00:00,29.14056,75.744941,NH3,10,11,11
India,Haryana,Hisar,"Urban Estate-II, Hisar - HSPCB",07-09-2026 15:00:00,29.14056,75.744941,CO,9,17,13
India,Haryana,Hisar,"Urban Estate-II, Hisar - HSPCB",07-09-2026 15:00:00,29.14056,75.744941,OZONE,32,33,33
India,Haryana,Kaithal,"Rishi Nagar, Kaithal - HSPCB",07-09-2026 15:00:00,29.8006,76.4155,PM2.5,60,91,76
India,Haryana,Kaithal,"Rishi Nagar, Kaithal - HSPCB",07-09-2026 15:00:00,29.8006,76.4155,PM10,73,108,92
India,Haryana,Karnal,"Sector-12, Karnal - HSPCB",07-09-2026 15:00:00,29.6953,77.0027,PM2.5,20,412,60
India,Haryana,Kurukshetra,"Sector-7, Kurukshetra - HSPCB",07-09-2026 15:00:00,29.966942,76.875879,OZONE,14,36,20
India,Haryana,Mandikhera,"General Hospital, Mandikhera(Nuh) - HSPCB",07-09-2026 15:00:00,27.9002,76.9938,PM10,30,77,45
India,Haryana,Manesar,"Sector-2 IMT, Manesar - HSPCB",07-09-2026 15:00:00,28.360699,76.93609,CO,8,23,15
India,Haryana,Narnaul,"Shastri Nagar, Narnaul - HSPCB",07-09-2026 15:00:00,28.060249,76.113115,NH3,4,11,7
India,Haryana,Palwal,"Shyam Nagar, Palwal - HSPCB",07-09-2026 15:00:00,28.1485564,77.3320667,NO2,23,25,24
India,Haryana,Palwal,"Shyam Nagar, Palwal - HSPCB",07-09-2026 15:00:00,28.1485564,77.3320667,SO2,5,26,18
India,Haryana,Panchgaon,"Amity University, Panchgaon - IITM",07-09-2026 15:00:00,28.3153,76.9143,NH3,4,112,18
India,Haryana,Panchgaon,"Amity University, Panchgaon - IITM",07-09-2026 15:00:00,28.3153,76.9143,SO2,4,21,14
India,Haryana,Panipat,"Sector-18, Panipat - HSPCB",07-09-2026 15:00:00,29.432304,76.972765,PM2.5,51,320,152
India,Haryana,Panipat,"Sector-18, Panipat - HSPCB",07-09-2026 15:00:00,29.432304,76.972765,SO2,35,67,50
India,Haryana,Sirsa,"F-Block, Sirsa - HSPCB",07-09-2026 15:00:00,29.5364,75.0158,PM2.5,14,54,31
India,Haryana,Sirsa,"F-Block, Sirsa - HSPCB",07-09-2026 15:00:00,29.5364,75.0158,PM10,41,106,72
India,Haryana,Sonipat,"Murthal, Sonipat - HSPCB",07-09-2026 15:00:00,29.0272,77.0621,OZONE,48,51,49
India,Haryana,Yamuna Nagar,"Gobind Pura, Yamuna Nagar - HSPCB",07-09-2026 15:00:00,30.1480566,77.2893471,SO2,10,15,12
India,Delhi,Delhi,"IGNOU_Maidan Garhi, Delhi - DPCC",07-09-2026 15:00:00,28.493624,77.201159,PM2.5,1,25,12
India,Delhi,Delhi,"Commonwealth Sports Complex, Delhi - DPCC",07-09-2026 15:00:00,28.615828,77.271992,OZONE,6,144,78
India,Delhi,Delhi,"NSIT Dwarka, Delhi - CPCB",07-09-2026 15:00:00,28.60909,77.0325413,NH3,6,9,7
India,Delhi,Delhi,"NSIT Dwarka, Delhi - CPCB",07-09-2026 15:00:00,28.60909,77.0325413,CO,16,108,41
India,Delhi,Delhi,"NSIT Dwarka, Delhi - CPCB",07-09-2026 15:00:00,28.60909,77.0325413,OZONE,16,123,48
India,Delhi,Delhi,"Aya Nagar, Delhi - IITM",07-09-2026 15:00:00,28.4706914,77.1099364,PM10,15,109,56
India,Delhi,Delhi,"Aya Nagar, Delhi - IITM",07-09-2026 15:00:00,28.4706914,77.1099364,CO,28,42,35
India,Delhi,Delhi,"CRRI Mathura Road, Delhi - IITM",07-09-2026 15:00:00,28.5512005,77.2735737,CO,40,104,63
India,Delhi,Delhi,"Burari Crossing, Delhi - IITM",07-09-2026 15:00:00,28.7256504,77.2011573,NO2,3,51,24
India,Delhi,Delhi,"Burari Crossing, Delhi - IITM",07-09-2026 15:00:00,28.7256504,77.2011573,NH3,NA,NA,NA
India,Delhi,Delhi,"Burari Crossing, Delhi - IITM",07-09-2026 15:00:00,28.7256504,77.2011573,SO2,NA,NA,NA
India,Delhi,Delhi,"IMD Lodhi Road, Delhi - IITM",07-09-2026 15:00:00,28.5918245,77.2273074,NO2,6,27,12
India,Delhi,Delhi,"JNU, Delhi - DPCC",07-09-2026 15:00:00,28.540721,77.168544,SO2,2,5,4
India,Delhi,Delhi,"North Campus, DU, Delhi - IITM",07-09-2026 15:00:00,28.6573814,77.1585447,PM2.5,11,158,74
India,Delhi,Delhi,"R K Puram, Delhi - DPCC",07-09-2026 15:00:00,28.563262,77.186937,NH3,4,6,5
India,Delhi,Delhi,"R K Puram, Delhi - DPCC",07-09-2026 15:00:00,28.563262,77.186937,OZONE,18,54,37
India,Gujarat,Ahmedabad,"SVPI Airport Hansol, Ahmedabad - IITM",07-09-2026 15:00:00,23.076793,72.627874,PM2.5,16,54,36
India,Uttar Pradesh,Prayagraj,"Jhunsi, Prayagraj - UPPCB",07-09-2026 15:00:00,25.425602,81.917152,NO2,6,6,6
India,Uttar Pradesh,Shamli,"New Tehsil, Shamli - UPPCB",07-09-2026 15:00:00,29.4603683,77.3410291,PM2.5,12,65,35
India,Uttar Pradesh,Shamli,"New Tehsil, Shamli - UPPCB",07-09-2026 15:00:00,29.4603683,77.3410291,NO2,8,22,13
India,Uttar Pradesh,Shamli,"New Tehsil, Shamli - UPPCB",07-09-2026 15:00:00,29.4603683,77.3410291,SO2,1,2,2
India,Uttar Pradesh,Varanasi,"Bhelupur, Varanasi - UPPCB",07-09-2026 15:00:00,25.301778,82.996789,OZONE,7,15,10
India,Uttar Pradesh,Varanasi,"Maldahiya, Varanasi - UPPCB",07-09-2026 15:00:00,25.32393,82.99687,PM2.5,4,43,20
India,Uttar Pradesh,Varanasi,"Ardhali Bazar, Varanasi - UPPCB",07-09-2026 15:00:00,25.3505986,82.9083074,NO2,NA,NA,NA
India,Uttar Pradesh,Varanasi,"Ardhali Bazar, Varanasi - UPPCB",07-09-2026 15:00:00,25.3505986,82.9083074,OZONE,10,16,13
India,Uttar Pradesh,Varanasi,"IESD Banaras Hindu University, Varanasi - UPPCB",07-09-2026 15:00:00,25.262326,82.995408,SO2,21,51,31
India,Uttar Pradesh,Vrindavan,"Omex Eternity, Vrindavan - UPPCB",07-09-2026 15:00:00,27.571409,77.655757,PM2.5,12,46,30
India,Uttar Pradesh,Vrindavan,"Omex Eternity, Vrindavan - UPPCB",07-09-2026 15:00:00,27.571409,77.655757,PM10,13,44,27
India,Uttarakhand,Dehradun,"Doon University, Dehradun - UKPCB",07-09-2026 15:00:00,30.269444,78.044167,NH3,NA,NA,NA
India,Uttarakhand,Kashipur,"Govt. Girls Inter College, Kashipur - UKPCB",07-09-2026 15:00:00,29.2124114,78.9611753,CO,9,10,10
India,West Bengal,Asansol,"Asansol Court Area, Asansol - WBPCB",07-09-2026 15:00:00,23.685297,86.945968,PM2.5,29,61,44
India,West Bengal,Asansol,"Asansol Court Area, Asansol - WBPCB",07-09-2026 15:00:00,23.685297,86.945968,PM10,26,64,47
India,West Bengal,Asansol,"Evelyn Lodge, Asansol - WBPCB",07-09-2026 15:00:00,23.697936,86.944395,SO2,77,78,78
India,West Bengal,Asansol,"Mahabir Colliery, Asansol - WBPCB",07-09-2026 15:00:00,23.618183,87.105718,PM2.5,15,72,43
India,West Bengal,Asansol,"Mahabir Colliery, Asansol - WBPCB",07-09-2026 15:00:00,23.618183,87.105718,OZONE,11,22,18
India,West Bengal,Asansol,"Trivenidevi Bhalotia College, Asansol - WBPCB",07-09-2026 15:00:00,23.616515,87.119133,NO2,7,17,11
India,West Bengal,Asansol,"Trivenidevi Bhalotia College, Asansol - WBPCB",07-09-2026 15:00:00,23.616515,87.119133,NH3,4,8,8
India,West Bengal,Asansol,"Trivenidevi Bhalotia College, Asansol - WBPCB",07-09-2026 15:00:00,23.616515,87.119133,OZONE,5,10,7
India,West Bengal,Barrackpore,"SVSPA Campus, Barrackpore - WBPCB",07-09-2026 15:00:00,22.7605581,88.3617589,NH3,4,8,6
India,West Bengal,Durgapur,"PCBL Residential Complex, Durgapur - WBPCB",07-09-2026 15:00:00,23.508764,87.35444,CO,41,49,45
India,West Bengal,Durgapur,"Womens College_City Center, Durgapur - WBPCB",07-09-2026 15:00:00,23.549395,87.300496,PM2.5,31,93,66
India,West Bengal,Durgapur,"Womens College_City Center, Durgapur - WBPCB",07-09-2026 15:00:00,23.549395,87.300496,NH3,2,4,3
India,West Bengal,Haldia,"Priyambada Housing Estate, Haldia - WBPCB",07-09-2026 15:00:00,22.06047,88.109737,SO2,12,13,12
India,West Bengal,Haldia,"Priyambada Housing Estate, Haldia - WBPCB",07-09-2026 15:00:00,22.06047,88.109737,OZONE,24,36,29
India,West Bengal,Howrah,"Belur Math, Howrah - WBPCB",07-09-2026 15:00:00,22.629801,88.352017,OZONE,8,10,9
India,West Bengal,Howrah,"Dasnagar, Howrah - WBPCB",07-09-2026 15:00:00,22.6025571,88.3105664,PM2.5,18,242,75
India,West Bengal,Howrah,"Dasnagar, Howrah - WBPCB",07-09-2026 15:00:00,22.6025571,88.3105664,NH3,1,3,2
India,West Bengal,Howrah,"Dasnagar, Howrah - WBPCB",07-09-2026 15:00:00,22.6025571,88.3105664,OZONE,17,55,39
India,West Bengal,Howrah,"Botanical Garden, Howrah - WBPCB",07-09-2026 15:00:00,22.554954,88.292568,PM2.5,38,103,74
India,West Bengal,Howrah,"Botanical Garden, Howrah - WBPCB",07-09-2026 15:00:00,22.554954,88.292568,CO,14,29,22
India,West Bengal,Howrah,"Padmapukur, Howrah - WBPCB",07-09-2026 15:00:00,22.5687319,88.2797276,PM2.5,25,46,35
India,West Bengal,Howrah,"Padmapukur, Howrah - WBPCB",07-09-2026 15:00:00,22.5687319,88.2797276,SO2,3,7,6
India,West Bengal,Kolkata,"Bidhannagar, Kolkata - WBPCB",07-09-2026 15:00:00,22.58157048,88.41002457,PM2.5,29,62,48
India,West Bengal,Kolkata,"Bidhannagar, Kolkata - WBPCB",07-09-2026 15:00:00,22.58157048,88.41002457,NH3,4,9,5
India,West Bengal,Kolkata,"Jadavpur, Kolkata - WBPCB",07-09-2026 15:00:00,22.49929,88.36917,NO2,20,98,38
India,West Bengal,Kolkata,"Jadavpur, Kolkata - WBPCB",07-09-2026 15:00:00,22.49929,88.36917,SO2,5,20,8
India,West Bengal,Kolkata,"Rabindra Bharati University, Kolkata - WBPCB",07-09-2026 15:00:00,22.627847,88.380669,PM10,75,111,95
India,Bihar,Begusarai,"Lohiyanagar, Begusarai - BSPCB",07-09-2026 15:00:00,25.42742023,86.13886079,PM10,20,169,102
India,Bihar,Begusarai,"Lohiyanagar, Begusarai - BSPCB",07-09-2026 15:00:00,25.42742023,86.13886079,SO2,17,20,18
India,Bihar,Bhagalpur,"Mayaganj, Bhagalpur - BSPCB",07-09-2026 15:00:00,25.265194,87.012947,OZONE,6,43,20
India,Bihar,Bhagalpur,"DM Office_Kachari Chowk, Bhagalpur - BSPCB",07-09-2026 15:00:00,25.251013,86.989001,CO,27,30,28
India,Bihar,Bihar Sharif,"D M Colony, Bihar Sharif - BSPCB",07-09-2026 15:00:00,25.204762,85.51496,SO2,NA,NA,NA
India,Bihar,Bihar Sharif,"D M Colony, Bihar Sharif - BSPCB",07-09-2026 15:00:00,25.204762,85.51496,CO,9,10,9
India,Bihar,Gaya,"Collectorate, Gaya - BSPCB",07-09-2026 15:00:00,24.7955,84.9994,NO2,NA,NA,NA
India,Bihar,Gaya,"SFTI Kusdihra, Gaya - BSPCB",07-09-2026 15:00:00,24.762518,84.982348,PM10,15,42,32
India,Bihar,Gaya,"SFTI Kusdihra, Gaya - BSPCB",07-09-2026 15:00:00,24.762518,84.982348,NO2,16,28,24
India,Bihar,Gaya,"SFTI Kusdihra, Gaya - BSPCB",07-09-2026 15:00:00,24.762518,84.982348,NH3,5,7,6
India,Bihar,Gaya,"SFTI Kusdihra, Gaya - BSPCB",07-09-2026 15:00:00,24.762518,84.982348,OZONE,5,37,16
India,Bihar,Gaya,"Kareemganj, Gaya - BSPCB",07-09-2026 15:00:00,24.792403,84.992416,OZONE,9,46,28
India,Bihar,Hajipur,"Industrial Area, Hajipur - BSPCB",07-09-2026 15:00:00,25.697189,85.2459,PM2.5,22,71,46
India,Bihar,Hajipur,"Industrial Area, Hajipur - BSPCB",07-09-2026 15:00:00,25.697189,85.2459,PM10,35,55,45
India,Bihar,Hajipur,"Industrial Area, Hajipur - BSPCB",07-09-2026 15:00:00,25.697189,85.2459,NO2,12,33,22
India,Bihar,Katihar,"Mirchaibari, Katihar - BSPCB",07-09-2026 15:00:00,25.560083,87.553265,NH3,1,1,1
India,Bihar,Kishanganj,"SDM Office_Khagra, Kishanganj - BSPCB",07-09-2026 15:00:00,26.0881305,87.93840336,PM10,31,54,42
India,Bihar,Kishanganj,"SDM Office_Khagra, Kishanganj - BSPCB",07-09-2026 15:00:00,26.0881305,87.93840336,SO2,6,9,7
India,Bihar,Manguraha,"Forest Rest House, Manguraha - BSPCB",07-09-2026 15:00:00,27.308328,84.531742,PM2.5,NA,NA,NA
India,Bihar,Manguraha,"Forest Rest House, Manguraha - BSPCB",07-09-2026 15:00:00,27.308328,84.531742,PM10,NA,NA,NA
India,Bihar,Motihari,"Gandak Colony, Motihari - BSPCB",07-09-2026 15:00:00,26.63086,84.90051,SO2,2,7,4
India,Bihar,Munger,"Town Hall, Munger - BSPCB",07-09-2026 15:00:00,25.376776,86.471523,PM2.5,2,140,45
India,Bihar,Munger,"Town Hall, Munger - BSPCB",07-09-2026 15:00:00,25.376776,86.471523,SO2,70,79,73
India,Bihar,Munger,"Town Hall, Munger - BSPCB",07-09-2026 15:00:00,25.376776,86.471523,CO,34,37,36
India,Bihar,Munger,"Town Hall, Munger - BSPCB",07-09-2026 15:00:00,25.376776,86.471523,OZONE,14,15,14
India,Bihar,Muzaffarpur,"Buddha Colony, Muzaffarpur - BSPCB",07-09-2026 15:00:00,26.11442,85.39813,NO2,17,52,26
India,Bihar,Muzaffarpur,"Buddha Colony, Muzaffarpur - BSPCB",07-09-2026 15:00:00,26.11442,85.39813,NH3,10,15,13
India,Bihar,Muzaffarpur,"Buddha Colony, Muzaffarpur - BSPCB",07-09-2026 15:00:00,26.11442,85.39813,CO,14,25,20
India,Bihar,Patna,"Govt. High School Shikarpur, Patna - BSPCB",07-09-2026 15:00:00,25.592539,85.227158,CO,31,33,32
India,Bihar,Patna,"DRM Office Danapur, Patna - BSPCB",07-09-2026 15:00:00,25.586562,85.043586,NH3,8,9,9
India,Bihar,Patna,"DRM Office Danapur, Patna - BSPCB",07-09-2026 15:00:00,25.586562,85.043586,CO,32,38,35
India,Bihar,Purnia,"Mariam Nagar, Purnia - BSPCB",07-09-2026 15:00:00,25.366336,87.117468,NO2,17,19,18
India,Bihar,Purnia,"Mariam Nagar, Purnia - BSPCB",07-09-2026 15:00:00,25.366336,87.117468,CO,58,59,59
India,Bihar,Rajgir,"Dangi Tola, Rajgir - BSPCB",07-09-2026 15:00:00,25.0328,85.41948,PM10,NA,NA,NA
India,Chhattisgarh,Chhal,"Nawapara SECL Colony, Chhal - CECB",07-09-2026 15:00:00,22.118125,83.140608,NH3,NA,NA,NA
India,Chhattisgarh,Chhal,"Nawapara SECL Colony, Chhal - CECB",07-09-2026 15:00:00,22.118125,83.140608,OZONE,9,40,24
India,Chhattisgarh,Korba,"Rampur, Korba - CECB",07-09-2026 15:00:00,22.368195,82.746431,PM2.5,6,48,26
India,Chhattisgarh,Korba,"Rampur, Korba - CECB",07-09-2026 15:00:00,22.368195,82.746431,NO2,8,18,13
India,Chhattisgarh,Kunjemura,"OP Jindal School, Kunjemura - CECB",07-09-2026 15:00:00,22.12665,83.483212,CO,12,23,16
India,Chhattisgarh,Milupara,"Govt. Higher Secondary School, Milupara - CECB",07-09-2026 15:00:00,22.1910172,83.5197009,OZONE,36,46,40
India,Chhattisgarh,Raipur,"Krishak Nagar, Raipur - CECB",07-09-2026 15:00:00,21.237755,81.705301,PM10,17,51,33
India,Chhattisgarh,Raipur,"Krishak Nagar, Raipur - CECB",07-09-2026 15:00:00,21.237755,81.705301,SO2,2,13,8
India,Chhattisgarh,Raipur,"Bhatagaon New ISBT, Raipur - CECB",07-09-2026 15:00:00,21.219665,81.630094,NO2,9,31,17
India,Chhattisgarh,Raipur,"Bhatagaon New ISBT, Raipur - CECB",07-09-2026 15:00:00,21.219665,81.630094,NH3,2,2,2
India,Chhattisgarh,Raipur,"Bhatagaon New ISBT, Raipur - CECB",07-09-2026 15:00:00,21.219665,81.630094,CO,14,29,22
India,Chhattisgarh,Raipur,"AIIMS, Raipur - CECB",07-09-2026 15:00:00,21.258815,81.578979,NO2,0,2,1
India,Chhattisgarh,Raipur,"AIIMS, Raipur - CECB",07-09-2026 15:00:00,21.258815,81.578979,SO2,4,6,5
India,Chhattisgarh,Tumidih,"OP Jindal Industrial Park, Tumidih - CECB",07-09-2026 15:00:00,22.06631475,83.33820077,SO2,5,6,5
India,Chhattisgarh,Tumidih,"OP Jindal Industrial Park, Tumidih - CECB",07-09-2026 15:00:00,22.06631475,83.33820077,CO,13,23,18
India,Delhi,Delhi,"ITO, Delhi - CPCB",07-09-2026 15:00:00,28.628624,77.24106,NH3,2,8,4
India,Bihar,Saharsa,"Police Line, Saharsa - BSPCB",07-09-2026 15:00:00,25.892357,86.590325,NH3,4,4,4
India,Bihar,Samastipur,"DM Office_Kasipur, Samastipur - BSPCB",07-09-2026 15:00:00,25.859655,85.77944,NH3,1,1,1
India,Bihar,Sasaram,"Dada Peer, Sasaram - BSPCB",07-09-2026 15:00:00,24.952822,84.002396,SO2,3,5,4
India,Bihar,Sasaram,"Dada Peer, Sasaram - BSPCB",07-09-2026 15:00:00,24.952822,84.002396,CO,9,15,12
India,Bihar,Siwan,"Chitragupta Nagar, Siwan - BSPCB",07-09-2026 15:00:00,26.2271665,84.3570427,PM10,NA,NA,NA
India,Chandigarh,Chandigarh,"Sector 22, Chandigarh - CPCC",07-09-2026 15:00:00,30.735567,76.775714,PM2.5,17,52,29
India,Chandigarh,Chandigarh,"Sector-53, Chandigarh - CPCC",07-09-2026 15:00:00,30.719859,76.738637,NO2,8,79,35
India,Chandigarh,Chandigarh,"Sector-53, Chandigarh - CPCC",07-09-2026 15:00:00,30.719859,76.738637,SO2,1,5,3
India,Chhattisgarh,Bhilai,"32Bungalows, Bhilai - CECB",07-09-2026 15:00:00,21.194815,81.31477,PM2.5,16,34,23
India,Chhattisgarh,Bhilai,"Civic Center, Bhilai - Bhilai Steel Plant",07-09-2026 15:00:00,21.185571,81.343175,PM2.5,3,28,14
India,Chhattisgarh,Bhilai,"Civic Center, Bhilai - Bhilai Steel Plant",07-09-2026 15:00:00,21.185571,81.343175,PM10,16,40,23
India,Chhattisgarh,Bhilai,"Civic Center, Bhilai - Bhilai Steel Plant",07-09-2026 15:00:00,21.185571,81.343175,NH3,1,2,1
India,Chhattisgarh,Bilaspur,"Mangala, Bilaspur - NTPC",07-09-2026 15:00:00,22.08815,82.13737,SO2,10,16,13
India,Andhra Pradesh,Anantapur,"Gulzarpet, Anantapur - APPCB",07-09-2026 15:00:00,14.675886,77.593027,NH3,3,4,3
India,Andhra Pradesh,Chittoor,"Gangineni Cheruvu, Chittoor - APPCB",07-09-2026 15:00:00,13.20488,79.097889,NO2,29,35,33
India,Andhra Pradesh,Chittoor,"Gangineni Cheruvu, Chittoor - APPCB",07-09-2026 15:00:00,13.20488,79.097889,NH3,6,8,6
India,Andhra Pradesh,Eluru,"District Court, Eluru - APPCB",07-09-2026 15:00:00,16.711754,81.092095,NH3,2,5,3
India,Andhra Pradesh,Eluru,"District Court, Eluru - APPCB",07-09-2026 15:00:00,16.711754,81.092095,CO,16,26,22
India,Andhra Pradesh,Eluru,"District Court, Eluru - APPCB",07-09-2026 15:00:00,16.711754,81.092095,OZONE,2,22,10
India,Andhra Pradesh,Guntur,"Rajendra Nagar North, Guntur - APPCB",07-09-2026 15:00:00,16.316553,80.413302,PM10,57,91,67
India,Andhra Pradesh,Guntur,"Rajendra Nagar North, Guntur - APPCB",07-09-2026 15:00:00,16.316553,80.413302,NO2,23,46,33
India,Andhra Pradesh,Kakinada,"Rama Rao Peta, Kakinada - APPCB",07-09-2026 15:00:00,16.962488,82.229513,PM10,34,67,46
India,Andhra Pradesh,Machilipatnam,"Srinivas Nagar Colony, Machilipatnam - APPCB",07-09-2026 15:00:00,16.186555,81.13219,PM10,61,67,65
India,Andhra Pradesh,Machilipatnam,"Srinivas Nagar Colony, Machilipatnam - APPCB",07-09-2026 15:00:00,16.186555,81.13219,NO2,20,35,25
India,Andhra Pradesh,Machilipatnam,"Srinivas Nagar Colony, Machilipatnam - APPCB",07-09-2026 15:00:00,16.186555,81.13219,CO,19,23,21
India,Andhra Pradesh,Nellore,"Ambedkar Nagar, Nellore - APPCB ",07-09-2026 15:00:00,14.438164,79.966814,PM2.5,62,69,68
India,Andhra Pradesh,Nellore,"Ambedkar Nagar, Nellore - APPCB ",07-09-2026 15:00:00,14.438164,79.966814,CO,31,39,37
India,Assam,Guwahati,"Pan Bazaar, Guwahati - PCBA",07-09-2026 15:00:00,26.1875,91.744194,PM10,0,48,8
India,Assam,Guwahati,"Pan Bazaar, Guwahati - PCBA",07-09-2026 15:00:00,26.1875,91.744194,NH3,1,1,1
India,Assam,Guwahati,"LGBI Airport, Guwahati - PCBA",07-09-2026 15:00:00,26.10887,91.589544,PM2.5,18,77,39
India,Assam,Guwahati,"LGBI Airport, Guwahati - PCBA",07-09-2026 15:00:00,26.10887,91.589544,NH3,3,11,4
India,Assam,Guwahati,"Railway Colony, Guwahati - PCBA",07-09-2026 15:00:00,26.181742,91.78063,PM2.5,32,93,48
India,Assam,Guwahati,"Railway Colony, Guwahati - PCBA",07-09-2026 15:00:00,26.181742,91.78063,PM10,22,91,43
India,Assam,Guwahati,"Railway Colony, Guwahati - PCBA",07-09-2026 15:00:00,26.181742,91.78063,NH3,1,1,1
India,Assam,Nagaon,"Christianpatty, Nagaon - PCBA",07-09-2026 15:00:00,26.349082,92.68449,NH3,2,5,5
India,Assam,Nagaon,"Christianpatty, Nagaon - PCBA",07-09-2026 15:00:00,26.349082,92.68449,OZONE,6,9,8
India,Assam,Nalbari,"Bata Chowk, Nalbari - PCBA",07-09-2026 15:00:00,26.446912,91.439057,PM2.5,21,44,26
India,Assam,Nalbari,"Bata Chowk, Nalbari - PCBA",07-09-2026 15:00:00,26.446912,91.439057,OZONE,19,19,19
India,Assam,Sivasagar,"Girls College, Sivasagar - PCBA",07-09-2026 15:00:00,26.987634,94.636574,PM10,27,46,34
India,Bihar,Araria,"Kharahiya Basti, Araria - BSPCB",07-09-2026 15:00:00,26.146529,87.454184,OZONE,37,46,41
India,Bihar,Arrah,"New DM Office, Arrah - BSPCB",07-09-2026 15:00:00,25.5626095,84.663264,CO,42,60,51
India,Delhi,Delhi,"Narela, Delhi - DPCC",07-09-2026 15:00:00,28.822836,77.101981,NO2,8,30,24
India,Delhi,Delhi,"Narela, Delhi - DPCC",07-09-2026 15:00:00,28.822836,77.101981,OZONE,14,27,20
India,Delhi,Delhi,"Cantonment Area, Delhi - DPCC",07-09-2026 15:00:00,28.594169,77.1251,NH3,2,4,3
India,Delhi,Delhi,"Sonia Vihar, Delhi - DPCC",07-09-2026 15:00:00,28.710508,77.249485,NO2,20,54,35
India,Delhi,Delhi,"Bawana, Delhi - DPCC",07-09-2026 15:00:00,28.7762,77.051074,PM10,1,123,56
India,Delhi,Delhi,"Bawana, Delhi - DPCC",07-09-2026 15:00:00,28.7762,77.051074,SO2,8,8,8
India,Delhi,Delhi,"Okhla Phase-2, Delhi - DPCC",07-09-2026 15:00:00,28.530785,77.271255,NO2,9,51,29
India,Delhi,Delhi,"Rohini, Delhi - DPCC",07-09-2026 15:00:00,28.732528,77.11992,PM10,38,179,107
India,Delhi,Delhi,"Rohini, Delhi - DPCC",07-09-2026 15:00:00,28.732528,77.11992,SO2,8,11,10
India,Delhi,Delhi,"Vivek Vihar, Delhi - DPCC",07-09-2026 15:00:00,28.672342,77.31526,CO,47,98,65
India,Delhi,Delhi,"Jahangirpuri, Delhi - DPCC",07-09-2026 15:00:00,28.73282,77.170633,NO2,13,41,26
India,Delhi,Delhi,"IHBAS, Dilshad Garden, Delhi - CPCB",07-09-2026 15:00:00,28.6811736,77.3025234,PM2.5,23,89,58
India,Delhi,Delhi,"Anand Vihar, Delhi - DPCC",07-09-2026 15:00:00,28.647622,77.315809,NO2,19,54,32
India,Delhi,Delhi,"Mandir Marg, Delhi - DPCC",07-09-2026 15:00:00,28.636429,77.201067,PM2.5,NA,NA,NA
India,Delhi,Delhi,"Mandir Marg, Delhi - DPCC",07-09-2026 15:00:00,28.636429,77.201067,NO2,8,49,20
India,Delhi,Delhi,"Mandir Marg, Delhi - DPCC",07-09-2026 15:00:00,28.636429,77.201067,NH3,9,10,9
India,Delhi,Delhi,"Mandir Marg, Delhi - DPCC",07-09-2026 15:00:00,28.636429,77.201067,SO2,2,9,6
India,Delhi,Delhi,"Pusa, Delhi - DPCC",07-09-2026 15:00:00,28.639652,77.146275,NH3,2,12,6
India,Delhi,Delhi,"Sirifort, Delhi - CPCB",07-09-2026 15:00:00,28.5504249,77.2159377,PM2.5,27,113,65
India,Delhi,Delhi,"Chandni Chowk, Delhi - IITM",07-09-2026 15:00:00,28.656756,77.227234,SO2,6,14,9
India,Delhi,Delhi,"Pusa, Delhi - IITM",07-09-2026 15:00:00,28.63611,77.173332,SO2,NA,NA,NA
India,Delhi,Delhi,"DTU, Delhi - CPCB",07-09-2026 15:00:00,28.7500499,77.1112615,PM2.5,0,144,59
India,Delhi,Delhi,"DTU, Delhi - CPCB",07-09-2026 15:00:00,28.7500499,77.1112615,PM10,11,106,57
India,Delhi,Delhi,"Dwarka-Sector 8, Delhi - DPCC ",07-09-2026 15:00:00,28.5710274,77.0719006,SO2,16,24,20
India,Andhra Pradesh,Rajamahendravaram,"Anand Kala Kshetram, Rajamahendravaram - APPCB",07-09-2026 15:00:00,16.9872867,81.7363176,SO2,2,9,4
India,Andhra Pradesh,Tirumala,"Toll Gate, Tirumala - APPCB",07-09-2026 15:00:00,13.67,79.35,CO,7,26,19
India,Andhra Pradesh,Vijayawada,"HB Colony, Vijayawada - APPCB",07-09-2026 15:00:00,16.536107,80.594233,CO,32,39,35
India,Andhra Pradesh,Vijayawada,"Rajiv Gandhi Park, Vijayawada - APPCB",07-09-2026 15:00:00,16.509717,80.612222,NO2,22,33,30
India,Andhra Pradesh,Vijayawada,"Rajiv Gandhi Park, Vijayawada - APPCB",07-09-2026 15:00:00,16.509717,80.612222,CO,32,38,35
India,Andhra Pradesh,Visakhapatnam,"GVM Corporation, Visakhapatnam - APPCB",07-09-2026 15:00:00,17.72,83.3,PM2.5,19,138,61
India,Andhra Pradesh,Visakhapatnam,"GVM Corporation, Visakhapatnam - APPCB",07-09-2026 15:00:00,17.72,83.3,PM10,68,193,108
India,Arunachal Pradesh,Naharlagun,"Naharlagun, Naharlagun - APSPCB",07-09-2026 15:00:00,27.103358,93.679645,NO2,8,12,8
India,Arunachal Pradesh,Naharlagun,"Naharlagun, Naharlagun - APSPCB",07-09-2026 15:00:00,27.103358,93.679645,OZONE,7,8,7
India,Delhi,Delhi,"IHBAS, Dilshad Garden, Delhi - CPCB",07-09-2026 15:00:00,28.6811736,77.3025234,NH3,4,6,5
India,Delhi,Delhi,"Sri Aurobindo Marg, Delhi - DPCC",07-09-2026 15:00:00,28.531346,77.190156,NH3,1,1,1
India,Delhi,Delhi,"Patparganj, Delhi - DPCC",07-09-2026 15:00:00,28.623763,77.287209,CO,28,104,55
India,Delhi,Delhi,"Jawaharlal Nehru Stadium, Delhi - DPCC",07-09-2026 15:00:00,28.58028,77.233829,NH3,5,6,5
India,Delhi,Delhi,"Najafgarh, Delhi - DPCC",07-09-2026 15:00:00,28.570173,76.933762,SO2,13,17,15
India,Delhi,Delhi,"Wazirpur, Delhi - DPCC",07-09-2026 15:00:00,28.699793,77.165453,NO2,35,86,50
India,Delhi,Delhi,"Wazirpur, Delhi - DPCC",07-09-2026 15:00:00,28.699793,77.165453,NH3,5,9,7
India,Delhi,Delhi,"Wazirpur, Delhi - DPCC",07-09-2026 15:00:00,28.699793,77.165453,OZONE,6,8,7
India,Delhi,Delhi,"Mundka, Delhi - DPCC",07-09-2026 15:00:00,28.684678,77.076574,OZONE,11,16,14
India,Delhi,Delhi,"Punjabi Bagh, Delhi - DPCC",07-09-2026 15:00:00,28.674045,77.131023,CO,34,71,47
India,Karnataka,Madikeri,"Stuart Hill, Madikeri - KSPCB",07-09-2026 15:00:00,12.415911,75.73505,CO,7,16,11
India,Karnataka,Mysuru,"Hebbal 1st Stage, Mysuru - KSPCB",07-09-2026 15:00:00,12.21041,76.37376,PM10,NA,NA,NA
India,Karnataka,Mysuru,"Hebbal 1st Stage, Mysuru - KSPCB",07-09-2026 15:00:00,12.21041,76.37376,NH3,NA,NA,NA
India,Karnataka,Shivamogga,"Vinoba Nagara, Shivamogga - KSPCB",07-09-2026 15:00:00,13.94,75.555917,NO2,21,28,22
India,Karnataka,Shivamogga,"Vinoba Nagara, Shivamogga - KSPCB",07-09-2026 15:00:00,13.94,75.555917,CO,6,36,17
India,Karnataka,Shivamogga,"Vinoba Nagara, Shivamogga - KSPCB",07-09-2026 15:00:00,13.94,75.555917,OZONE,36,61,43
India,Karnataka,Vijayapura,"Ibrahimpur, Vijayapura - KSPCB",07-09-2026 15:00:00,16.802639,75.722694,NO2,11,12,11
India,Karnataka,Vijayapura,"Ibrahimpur, Vijayapura - KSPCB",07-09-2026 15:00:00,16.802639,75.722694,CO,24,34,28
India,Karnataka,Yadgir,"Collector Office, Yadgir - KSPCB",07-09-2026 15:00:00,16.7602,77.1428,PM10,NA,NA,NA
India,Karnataka,Yadgir,"Collector Office, Yadgir - KSPCB",07-09-2026 15:00:00,16.7602,77.1428,NH3,NA,NA,NA
India,Karnataka,Yadgir,"Collector Office, Yadgir - KSPCB",07-09-2026 15:00:00,16.7602,77.1428,OZONE,16,21,18
India,Kerala,Kannur,"Thavakkara, Kannur - Kerala PCB",07-09-2026 15:00:00,11.875,75.3732,NO2,11,12,11
India,Kerala,Thiruvananthapuram,"Plammoodu, Thiruvananthapuram - Kerala PCB",07-09-2026 15:00:00,8.5149093,76.9435879,PM10,20,60,38
India,Kerala,Thiruvananthapuram,"Plammoodu, Thiruvananthapuram - Kerala PCB",07-09-2026 15:00:00,8.5149093,76.9435879,NH3,1,1,1
India,Kerala,Thrissur,"Corporation Ground, Thrissur - Kerala PCB",07-09-2026 15:00:00,10.5324,76.2159,PM2.5,44,55,50
India,Kerala,Thrissur,"Corporation Ground, Thrissur - Kerala PCB",07-09-2026 15:00:00,10.5324,76.2159,NO2,7,9,8
India,Madhya Pradesh,Bhopal,"Paryavaran Parisar, Bhopal - MPPCB",07-09-2026 15:00:00,23.210494,77.425409,PM2.5,10,55,33
India,Madhya Pradesh,Bhopal,"Paryavaran Parisar, Bhopal - MPPCB",07-09-2026 15:00:00,23.210494,77.425409,PM10,19,74,50
India,Madhya Pradesh,Bhopal,"Paryavaran Parisar, Bhopal - MPPCB",07-09-2026 15:00:00,23.210494,77.425409,SO2,3,7,5
India,Madhya Pradesh,Bhopal,"Paryavaran Parisar, Bhopal - MPPCB",07-09-2026 15:00:00,23.210494,77.425409,CO,13,17,14
India,Madhya Pradesh,Bhopal,"Idgah Hills, Bhopal - MPPCB",07-09-2026 15:00:00,23.264759,77.381568,PM10,31,71,47
India,Gujarat,Vapi,"Phase-1 GIDC, Vapi - GPCB",07-09-2026 15:00:00,20.362421,72.918013,SO2,3,20,12
India,Haryana,Ambala,"Patti Mehar, Ambala - HSPCB",07-09-2026 15:00:00,30.379589,76.778328,PM2.5,40,91,59
India,Haryana,Ambala,"Patti Mehar, Ambala - HSPCB",07-09-2026 15:00:00,30.379589,76.778328,NH3,6,7,6
India,Haryana,Ambala,"Patti Mehar, Ambala - HSPCB",07-09-2026 15:00:00,30.379589,76.778328,CO,24,41,35
India,Haryana,Bahadurgarh,"Arya Nagar, Bahadurgarh - HSPCB",07-09-2026 15:00:00,28.6701,76.9254,NH3,7,9,8
India,Haryana,Bahadurgarh,"Arya Nagar, Bahadurgarh - HSPCB",07-09-2026 15:00:00,28.6701,76.9254,SO2,5,7,6
India,Haryana,Bahadurgarh,"Arya Nagar, Bahadurgarh - HSPCB",07-09-2026 15:00:00,28.6701,76.9254,OZONE,15,48,31
India,Haryana,Ballabgarh,"Nathu Colony, Ballabgarh - HSPCB",07-09-2026 15:00:00,28.3419248,77.319699,PM10,70,179,82
India,Haryana,Bhiwani,"H.B. Colony, Bhiwani - HSPCB",07-09-2026 15:00:00,28.806223,76.141105,PM2.5,19,51,34
India,Haryana,Bhiwani,"H.B. Colony, Bhiwani - HSPCB",07-09-2026 15:00:00,28.806223,76.141105,CO,47,48,48
India,Haryana,Bhiwani,"H.B. Colony, Bhiwani - HSPCB",07-09-2026 15:00:00,28.806223,76.141105,OZONE,16,25,19
India,Haryana,Charkhi Dadri,"Mini Secretariat, Charkhi Dadri - HSPCB",07-09-2026 15:00:00,28.593883,76.270653,NO2,9,20,14
India,Haryana,Charkhi Dadri,"Mini Secretariat, Charkhi Dadri - HSPCB",07-09-2026 15:00:00,28.593883,76.270653,NH3,5,7,6
India,Haryana,Dharuhera,"Municipal Corporation Office, Dharuhera -  HSPCB",07-09-2026 15:00:00,28.2068,76.7997,PM10,37,92,64
India,Haryana,Dharuhera,"Municipal Corporation Office, Dharuhera -  HSPCB",07-09-2026 15:00:00,28.2068,76.7997,NO2,17,54,31
India,Haryana,Dharuhera,"Municipal Corporation Office, Dharuhera -  HSPCB",07-09-2026 15:00:00,28.2068,76.7997,OZONE,8,50,33
India,Haryana,Faridabad,"New Industrial Town, Faridabad - HSPCB",07-09-2026 15:00:00,28.39072,77.30059,NH3,11,12,11
India,Haryana,Faridabad,"Sector 11, Faridabad - HSPCB",07-09-2026 15:00:00,28.376058,77.315741,PM2.5,43,379,123
India,Haryana,Faridabad,"Sector 11, Faridabad - HSPCB",07-09-2026 15:00:00,28.376058,77.315741,PM10,49,316,105
India,Haryana,Faridabad,"Sector 30, Faridabad - HSPCB",07-09-2026 15:00:00,28.4417,77.3217,PM2.5,38,104,50
India,Gujarat,Gandhinagar,"Sector-10, Gandhinagar - GPCB",07-09-2026 15:00:00,23.221714,72.654328,PM10,23,216,71
India,Gujarat,Gandhinagar,"Sector-10, Gandhinagar - GPCB",07-09-2026 15:00:00,23.221714,72.654328,OZONE,NA,NA,NA
India,Gujarat,Gandhinagar,"IIPHG Lekawada, Gandhinagar - IITM",07-09-2026 15:00:00,23.243639,72.68994,PM10,57,96,74
India,Gujarat,Gandhinagar,"IIPHG Lekawada, Gandhinagar - IITM",07-09-2026 15:00:00,23.243639,72.68994,NH3,4,11,5
India,Gujarat,Mehsana,"Sadanand Nagar, Mehsana - Nexteng Enviro",07-09-2026 15:00:00,23.59315,72.372792,NH3,1,1,1
India,Gujarat,Mehsana,"Sadanand Nagar, Mehsana - Nexteng Enviro",07-09-2026 15:00:00,23.59315,72.372792,OZONE,10,10,10
India,Gujarat,Nandesari,"GIDC, Nandesari - Nandesari Ind. Association",07-09-2026 15:00:00,22.410802,73.097923,PM2.5,30,71,50
India,Gujarat,Rajkot,"Mavdi, Rajkot - Nexteng Enviro ",07-09-2026 15:00:00,22.248853,70.776774,PM2.5,8,67,28
India,Gujarat,Rajkot,"Mavdi, Rajkot - Nexteng Enviro ",07-09-2026 15:00:00,22.248853,70.776774,PM10,22,64,42
India,Gujarat,Surat,"Science Center, Surat - SMC",07-09-2026 15:00:00,21.170046,72.795405,PM10,19,77,39
India,Gujarat,Surat,"Science Center, Surat - SMC",07-09-2026 15:00:00,21.170046,72.795405,OZONE,NA,NA,NA
India,Gujarat,Surat,"Katargam, Surat - Nexteng Enviro",07-09-2026 15:00:00,21.217779,72.834787,NO2,0,23,11
India,Gujarat,Surat,"Katargam, Surat - Nexteng Enviro",07-09-2026 15:00:00,21.217779,72.834787,NH3,4,5,4
India,Gujarat,Surat,"Katargam, Surat - Nexteng Enviro",07-09-2026 15:00:00,21.217779,72.834787,OZONE,2,14,7
India,Gujarat,Vadodara,"Bapunagar, Vadodara - Nexteng Enviro",07-09-2026 15:00:00,22.320153,73.216285,NO2,11,12,12
India,Gujarat,Vadodara,"Bapunagar, Vadodara - Nexteng Enviro",07-09-2026 15:00:00,22.320153,73.216285,CO,78,79,78
India,Gujarat,Vapi,"Phase-1 GIDC, Vapi - GPCB",07-09-2026 15:00:00,20.362421,72.918013,PM2.5,15,60,33
India,Karnataka,Bengaluru,"Hebbal, Bengaluru - KSPCB",07-09-2026 15:00:00,13.029152,77.585901,SO2,11,103,25
India,Karnataka,Bengaluru,"Hebbal, Bengaluru - KSPCB",07-09-2026 15:00:00,13.029152,77.585901,CO,3,36,16
India,Karnataka,Bengaluru,"Hebbal, Bengaluru - KSPCB",07-09-2026 15:00:00,13.029152,77.585901,OZONE,1,60,22
India,Karnataka,Bengaluru,"Silk Board, Bengaluru - KSPCB",07-09-2026 15:00:00,12.917348,77.622813,PM10,NA,NA,NA
India,Karnataka,Bengaluru,"Silk Board, Bengaluru - KSPCB",07-09-2026 15:00:00,12.917348,77.622813,NH3,NA,NA,NA
India,Karnataka,Bengaluru,"Bapuji Nagar, Bengaluru - KSPCB",07-09-2026 15:00:00,12.951913,77.539784,PM2.5,18,47,30
India,Karnataka,Bengaluru,"Bapuji Nagar, Bengaluru - KSPCB",07-09-2026 15:00:00,12.951913,77.539784,PM10,38,80,55
India,Karnataka,Bengaluru,"Bapuji Nagar, Bengaluru - KSPCB",07-09-2026 15:00:00,12.951913,77.539784,NO2,20,23,22
India,Karnataka,Bengaluru,"Bapuji Nagar, Bengaluru - KSPCB",07-09-2026 15:00:00,12.951913,77.539784,SO2,19,32,24
India,Karnataka,Bengaluru,"Bapuji Nagar, Bengaluru - KSPCB",07-09-2026 15:00:00,12.951913,77.539784,CO,23,40,30
India,Karnataka,Chikkaballapur,"Chikkaballapur Rural, Chikkaballapur - KSPCB",07-09-2026 15:00:00,13.428828,77.731418,SO2,NA,NA,NA
India,Karnataka,Gadag,"Panchal Nagar, Gadag - KSPCB",07-09-2026 15:00:00,15.411456,75.638133,CO,57,92,72
India,Karnataka,Hubballi,"Lingaraj Nagar, Hubballi - KSPCB",07-09-2026 15:00:00,15.3714823,75.1160168,SO2,2,2,2
India,Karnataka,Karwar,"KHB Colony, Karwar - KSPCB",07-09-2026 15:00:00,14.816666,74.141003,PM2.5,2,31,12
India,Karnataka,Karwar,"KHB Colony, Karwar - KSPCB",07-09-2026 15:00:00,14.816666,74.141003,PM10,5,38,16
India,Karnataka,Karwar,"KHB Colony, Karwar - KSPCB",07-09-2026 15:00:00,14.816666,74.141003,CO,NA,NA,NA
India,Karnataka,Madikeri,"Stuart Hill, Madikeri - KSPCB",07-09-2026 15:00:00,12.415911,75.73505,NO2,2,2,2
India,Haryana,Fatehabad,"Huda Sector, Fatehabad - HSPCB",07-09-2026 15:00:00,29.503664,75.467934,PM10,50,112,87
India,Haryana,Gurugram,"NISE Gwal Pahari, Gurugram - IITM",07-09-2026 15:00:00,28.422681,77.148944,PM2.5,2,72,39
India,Haryana,Gurugram,"NISE Gwal Pahari, Gurugram - IITM",07-09-2026 15:00:00,28.422681,77.148944,NH3,NA,NA,NA
India,Haryana,Gurugram,"Sector-51, Gurugram - HSPCB",07-09-2026 15:00:00,28.4227,77.0667,NO2,23,67,40
India,Haryana,Gurugram,"Sector-51, Gurugram - HSPCB",07-09-2026 15:00:00,28.4227,77.0667,CO,1,18,12
India,Haryana,Gurugram,"Vikas Sadan, Gurugram - HSPCB",07-09-2026 15:00:00,28.4501238,77.0263051,PM2.5,20,222,73
India,Haryana,Gurugram,"Vikas Sadan, Gurugram - HSPCB",07-09-2026 15:00:00,28.4501238,77.0263051,SO2,NA,NA,NA
India,Haryana,Hisar,"Urban Estate-II, Hisar - HSPCB",07-09-2026 15:00:00,29.14056,75.744941,NO2,25,28,26
India,Haryana,Hisar,"Urban Estate-II, Hisar - HSPCB",07-09-2026 15:00:00,29.14056,75.744941,NH3,10,11,11
India,Haryana,Hisar,"Urban Estate-II, Hisar - HSPCB",07-09-2026 15:00:00,29.14056,75.744941,CO,9,17,13
India,Haryana,Hisar,"Urban Estate-II, Hisar - HSPCB",07-09-2026 15:00:00,29.14056,75.744941,OZONE,32,33,33
India,Haryana,Kaithal,"Rishi Nagar, Kaithal - HSPCB",07-09-2026 15:00:00,29.8006,76.4155,PM2.5,60,91,76
India,Haryana,Kaithal,"Rishi Nagar, Kaithal - HSPCB",07-09-2026 15:00:00,29.8006,76.4155,PM10,73,108,92
India,Haryana,Karnal,"Sector-12, Karnal - HSPCB",07-09-2026 15:00:00,29.6953,77.0027,PM2.5,20,412,60
India,Haryana,Kurukshetra,"Sector-7, Kurukshetra - HSPCB",07-09-2026 15:00:00,29.966942,76.875879,OZONE,14,36,20
India,Haryana,Mandikhera,"General Hospital, Mandikhera(Nuh) - HSPCB",07-09-2026 15:00:00,27.9002,76.9938,PM10,30,77,45
India,Haryana,Manesar,"Sector-2 IMT, Manesar - HSPCB",07-09-2026 15:00:00,28.360699,76.93609,CO,8,23,15
India,Haryana,Narnaul,"Shastri Nagar, Narnaul - HSPCB",07-09-2026 15:00:00,28.060249,76.113115,NH3,4,11,7
India,Haryana,Palwal,"Shyam Nagar, Palwal - HSPCB",07-09-2026 15:00:00,28.1485564,77.3320667,NO2,23,25,24
India,Haryana,Palwal,"Shyam Nagar, Palwal - HSPCB",07-09-2026 15:00:00,28.1485564,77.3320667,SO2,5,26,18
India,Haryana,Panchgaon,"Amity University, Panchgaon - IITM",07-09-2026 15:00:00,28.3153,76.9143,NH3,4,112,18
India,Haryana,Panchgaon,"Amity University, Panchgaon - IITM",07-09-2026 15:00:00,28.3153,76.9143,SO2,4,21,14
India,Haryana,Panipat,"Sector-18, Panipat - HSPCB",07-09-2026 15:00:00,29.432304,76.972765,PM2.5,51,320,152
India,Haryana,Panipat,"Sector-18, Panipat - HSPCB",07-09-2026 15:00:00,29.432304,76.972765,SO2,35,67,50
India,Haryana,Sirsa,"F-Block, Sirsa - HSPCB",07-09-2026 15:00:00,29.5364,75.0158,PM2.5,14,54,31
India,Haryana,Sirsa,"F-Block, Sirsa - HSPCB",07-09-2026 15:00:00,29.5364,75.0158,PM10,41,106,72
India,Haryana,Sonipat,"Murthal, Sonipat - HSPCB",07-09-2026 15:00:00,29.0272,77.0621,OZONE,48,51,49
India,Haryana,Yamuna Nagar,"Gobind Pura, Yamuna Nagar - HSPCB",07-09-2026 15:00:00,30.1480566,77.2893471,SO2,10,15,12
India,Delhi,Delhi,"IGNOU_Maidan Garhi, Delhi - DPCC",07-09-2026 15:00:00,28.493624,77.201159,PM2.5,1,25,12
India,Delhi,Delhi,"Commonwealth Sports Complex, Delhi - DPCC",07-09-2026 15:00:00,28.615828,77.271992,OZONE,6,144,78
India,Delhi,Delhi,"NSIT Dwarka, Delhi - CPCB",07-09-2026 15:00:00,28.60909,77.0325413,NH3,6,9,7
India,Delhi,Delhi,"NSIT Dwarka, Delhi - CPCB",07-09-2026 15:00:00,28.60909,77.0325413,CO,16,108,41
India,Delhi,Delhi,"NSIT Dwarka, Delhi - CPCB",07-09-2026 15:00:00,28.60909,77.0325413,OZONE,16,123,48
India,Delhi,Delhi,"Aya Nagar, Delhi - IITM",07-09-2026 15:00:00,28.4706914,77.1099364,PM10,15,109,56
India,Delhi,Delhi,"Aya Nagar, Delhi - IITM",07-09-2026 15:00:00,28.4706914,77.1099364,CO,28,42,35
India,Delhi,Delhi,"CRRI Mathura Road, Delhi - IITM",07-09-2026 15:00:00,28.5512005,77.2735737,CO,40,104,63
India,Delhi,Delhi,"Burari Crossing, Delhi - IITM",07-09-2026 15:00:00,28.7256504,77.2011573,NO2,3,51,24
India,Delhi,Delhi,"Burari Crossing, Delhi - IITM",07-09-2026 15:00:00,28.7256504,77.2011573,NH3,NA,NA,NA
India,Delhi,Delhi,"Burari Crossing, Delhi - IITM",07-09-2026 15:00:00,28.7256504,77.2011573,SO2,NA,NA,NA
India,Delhi,Delhi,"IMD Lodhi Road, Delhi - IITM",07-09-2026 15:00:00,28.5918245,77.2273074,NO2,6,27,12
India,Delhi,Delhi,"JNU, Delhi - DPCC",07-09-2026 15:00:00,28.540721,77.168544,SO2,2,5,4
India,Delhi,Delhi,"North Campus, DU, Delhi - IITM",07-09-2026 15:00:00,28.6573814,77.1585447,PM2.5,11,158,74
India,Delhi,Delhi,"R K Puram, Delhi - DPCC",07-09-2026 15:00:00,28.563262,77.186937,NH3,4,6,5
India,Delhi,Delhi,"R K Puram, Delhi - DPCC",07-09-2026 15:00:00,28.563262,77.186937,OZONE,18,54,37
India,Gujarat,Ahmedabad,"SVPI Airport Hansol, Ahmedabad - IITM",07-09-2026 15:00:00,23.076793,72.627874,PM2.5,16,54,36
India,Gujarat,Ahmedabad,"SVPI Airport Hansol, Ahmedabad - IITM",07-09-2026 15:00:00,23.076793,72.627874,SO2,8,71,20
India,Gujarat,Ahmedabad,"SVPI Airport Hansol, Ahmedabad - IITM",07-09-2026 15:00:00,23.076793,72.627874,OZONE,5,16,9
India,Gujarat,Ahmedabad,"Maninagar, Ahmedabad - GPCB",07-09-2026 15:00:00,23.002657,72.591912,NH3,NA,NA,NA
India,Gujarat,Ahmedabad,"Chandkheda, Ahmedabad - IITM",07-09-2026 15:00:00,23.107969,72.574648,NH3,4,5,5
India,Gujarat,Ahmedabad,"SAC ISRO Bopal, Ahmedabad - IITM",07-09-2026 15:00:00,23.041137,72.456691,SO2,2,3,3
India,Gujarat,Ahmedabad,"SAC ISRO Bopal, Ahmedabad - IITM",07-09-2026 15:00:00,23.041137,72.456691,CO,22,33,27
India,Gujarat,Ahmedabad,"Gyaspur, Ahmedabad - IITM",07-09-2026 15:00:00,22.977134,72.553024,PM2.5,38,95,57
India,Gujarat,Ahmedabad,"Gyaspur, Ahmedabad - IITM",07-09-2026 15:00:00,22.977134,72.553024,PM10,78,190,114
India,Gujarat,Ahmedabad,"Gyaspur, Ahmedabad - IITM",07-09-2026 15:00:00,22.977134,72.553024,SO2,6,31,15
India,Gujarat,Ahmedabad,"Raikhad, Ahmedabad - IITM",07-09-2026 15:00:00,23.020509,72.579261,NO2,10,35,18
India,Gujarat,Ankleshwar,"GIDC, Ankleshwar - GPCB",07-09-2026 15:00:00,21.613267,73.010555,OZONE,23,53,43
India,Jammu and Kashmir,Pampore,"Khrew, Pampore - JKPCC",07-09-2026 15:00:00,34.031606,75.009712,PM10,33,152,101
India,Jammu and Kashmir,Pampore,"Khrew, Pampore - JKPCC",07-09-2026 15:00:00,34.031606,75.009712,CO,NA,NA,NA
India,Jammu and Kashmir,Pampore,"Khrew, Pampore - JKPCC",07-09-2026 15:00:00,34.031606,75.009712,OZONE,NA,NA,NA
India,Jammu and Kashmir,Srinagar,"Rajbagh, Srinagar - JKPCC",07-09-2026 15:00:00,34.066206,74.81982,PM10,28,53,43
India,Jammu and Kashmir,Srinagar,"Khunmoh, Srinagar - JKPCC",07-09-2026 15:00:00,34.06313,74.96017,CO,NA,NA,NA
India,Jammu and Kashmir,Srinagar,"Khunmoh, Srinagar - JKPCC",07-09-2026 15:00:00,34.06313,74.96017,OZONE,NA,NA,NA
India,Jharkhand,Dhanbad,"Sardar Patel Nagar, Dhanbad - JSPCB",07-09-2026 15:00:00,23.80569,86.44268,NH3,NA,NA,NA
India,Karnataka,Bengaluru,"Jigani, Bengaluru - KSPCB",07-09-2026 15:00:00,12.7816279,77.6299145,NO2,NA,NA,NA
India,Karnataka,Bengaluru,"Jayanagar 5th Block, Bengaluru - KSPCB",07-09-2026 15:00:00,12.920984,77.584908,NO2,8,21,13
India,Karnataka,Bengaluru,"Jayanagar 5th Block, Bengaluru - KSPCB",07-09-2026 15:00:00,12.920984,77.584908,CO,6,15,11
India,Karnataka,Bengaluru,"Hombegowda Nagar, Bengaluru - KSPCB",07-09-2026 15:00:00,12.938539,77.5901,SO2,3,10,6
India,Karnataka,Bengaluru,"Peenya, Bengaluru - CPCB",07-09-2026 15:00:00,13.0270199,77.494094,NH3,78,107,83
India,Madhya Pradesh,Satna,"Bandhavgar Colony, Satna - Birla Cement",07-09-2026 15:00:00,24.58434363,80.8549414,PM10,69,71,70
India,Madhya Pradesh,Satna,"Bandhavgar Colony, Satna - Birla Cement",07-09-2026 15:00:00,24.58434363,80.8549414,NO2,12,13,13
India,Madhya Pradesh,Ujjain,"Mahashweta Nagar, Ujjain - MPPCB",07-09-2026 15:00:00,23.1633321,75.800225,PM2.5,25,127,52
India,Madhya Pradesh,Ujjain,"Mahashweta Nagar, Ujjain - MPPCB",07-09-2026 15:00:00,23.1633321,75.800225,NH3,5,14,11
India,Maharashtra,Ahmednagar,"Tarakpur, Ahmednagar - MPCB",07-09-2026 15:00:00,19.10122,74.73339,SO2,NA,NA,NA
India,Maharashtra,Akola,"Ramdaspeth, Akola - MPCB",07-09-2026 15:00:00,20.719516,77.000253,SO2,4,9,7
India,Maharashtra,Akola,"Ramdaspeth, Akola - MPCB",07-09-2026 15:00:00,20.719516,77.000253,OZONE,9,24,16
India,Maharashtra,Ambernath,"Chinchpada, Ambernath - MPCB",07-09-2026 15:00:00,19.215784,73.199781,PM10,27,109,68
India,Maharashtra,Ambernath,"Chinchpada, Ambernath - MPCB",07-09-2026 15:00:00,19.215784,73.199781,NH3,2,5,3
India,Maharashtra,Ambernath,"Chinchpada, Ambernath - MPCB",07-09-2026 15:00:00,19.215784,73.199781,OZONE,1,13,8
India,Maharashtra,Amravati,"Shivneri Colony, Amravati - MPCB",07-09-2026 15:00:00,20.9402359,77.7895248,PM2.5,13,49,32
India,Maharashtra,Amravati,"Shivneri Colony, Amravati - MPCB",07-09-2026 15:00:00,20.9402359,77.7895248,NO2,3,11,6
India,Maharashtra,Amravati,"Shivneri Colony, Amravati - MPCB",07-09-2026 15:00:00,20.9402359,77.7895248,CO,9,12,11
India,Maharashtra,Aurangabad,"MIDC Chilkalthana, Aurangabad - MPCB",07-09-2026 15:00:00,19.87562,75.38731,PM10,43,45,44
India,Maharashtra,Aurangabad,"MIDC Chilkalthana, Aurangabad - MPCB",07-09-2026 15:00:00,19.87562,75.38731,SO2,2,99,8
India,Maharashtra,Aurangabad,"MIDC Chilkalthana, Aurangabad - MPCB",07-09-2026 15:00:00,19.87562,75.38731,CO,10,12,10
India,Maharashtra,Aurangabad,"Rachnakar Colony, Aurangabad - MPCB",07-09-2026 15:00:00,19.863756,75.321188,PM10,36,63,50
India,Maharashtra,Aurangabad,"More Chowk Waluj, Aurangabad - MPCB",07-09-2026 15:00:00,19.8389439,75.244448,NO2,8,12,10
India,Maharashtra,Mumbai,"Sewri, Mumbai - BMC",07-09-2026 15:00:00,19.000084,72.85673,NO2,18,30,24
India,Maharashtra,Mumbai,"Sewri, Mumbai - BMC",07-09-2026 15:00:00,19.000084,72.85673,CO,19,31,23
India,Maharashtra,Mumbai,"Khindipada-Bhandup West, Mumbai - IITM",07-09-2026 15:00:00,19.1653323,72.922099,PM2.5,5,68,15
India,Maharashtra,Mumbai,"Khindipada-Bhandup West, Mumbai - IITM",07-09-2026 15:00:00,19.1653323,72.922099,CO,32,44,35
India,Maharashtra,Mumbai,"Malad West, Mumbai - IITM",07-09-2026 15:00:00,19.19709,72.82204,CO,26,33,29
India,Maharashtra,Mumbai,"Borivali East, Mumbai - IITM",07-09-2026 15:00:00,19.23241,72.86895,PM10,19,60,33
India,Maharashtra,Mumbai,"Mazgaon, Mumbai - IITM",07-09-2026 15:00:00,18.96702,72.84214,PM2.5,11,31,18
India,Maharashtra,Mumbai,"Mazgaon, Mumbai - IITM",07-09-2026 15:00:00,18.96702,72.84214,NH3,3,5,4
India,Maharashtra,Mumbai,"Chakala-Andheri East, Mumbai - IITM",07-09-2026 15:00:00,19.11074,72.86084,SO2,2,6,4
India,Maharashtra,Mumbai,"Bandra Kurla Complex, Mumbai - IITM",07-09-2026 15:00:00,19.053536,72.84643,PM2.5,NA,NA,NA
India,Maharashtra,Mumbai,"Bandra Kurla Complex, Mumbai - IITM",07-09-2026 15:00:00,19.053536,72.84643,CO,23,24,23
India,Maharashtra,Mumbai,"Bandra Kurla Complex, Mumbai - IITM",07-09-2026 15:00:00,19.053536,72.84643,OZONE,19,20,19
India,Maharashtra,Mumbai,"Deonar, Mumbai - IITM",07-09-2026 15:00:00,19.04946,72.923,PM10,29,54,41
India,Maharashtra,Mumbai,"Deonar, Mumbai - IITM",07-09-2026 15:00:00,19.04946,72.923,NO2,NA,NA,NA
India,Maharashtra,Mumbai,"Chhatrapati Shivaji Intl. Airport (T2), Mumbai - MPCB",07-09-2026 15:00:00,19.10078,72.87462,PM2.5,20,32,27
India,Maharashtra,Mumbai,"Chhatrapati Shivaji Intl. Airport (T2), Mumbai - MPCB",07-09-2026 15:00:00,19.10078,72.87462,NH3,1,1,1
India,Maharashtra,Mumbai,"Chhatrapati Shivaji Intl. Airport (T2), Mumbai - MPCB",07-09-2026 15:00:00,19.10078,72.87462,SO2,7,8,7
India,Maharashtra,Mumbai,"Chhatrapati Shivaji Intl. Airport (T2), Mumbai - MPCB",07-09-2026 15:00:00,19.10078,72.87462,CO,NA,NA,NA
India,Maharashtra,Mumbai,"Chhatrapati Shivaji Intl. Airport (T2), Mumbai - MPCB",07-09-2026 15:00:00,19.10078,72.87462,OZONE,NA,NA,NA
India,Maharashtra,Mumbai,"Powai, Mumbai - MPCB",07-09-2026 15:00:00,19.1375,72.915056,PM10,21,34,29
India,Madhya Pradesh,Indore,"Maguda Nagar, Indore - IMC",07-09-2026 15:00:00,22.7524,75.8872,CO,31,33,32
India,Madhya Pradesh,Indore,"Maguda Nagar, Indore - IMC",07-09-2026 15:00:00,22.7524,75.8872,OZONE,10,13,11
India,Madhya Pradesh,Indore,"Residency Area, Indore - IMC",07-09-2026 15:00:00,22.7084,75.8815,OZONE,5,9,7
India,Madhya Pradesh,Jabalpur,"Marhatal, Jabalpur - MPPCB",07-09-2026 15:00:00,23.168606,79.932247,NH3,4,5,5
India,Madhya Pradesh,Jabalpur,"Govindh Bhavan Colony, Jabalpur - JMC",07-09-2026 15:00:00,23.163174,79.973061,NH3,4,5,5
India,Madhya Pradesh,Jabalpur,"Govindh Bhavan Colony, Jabalpur - JMC",07-09-2026 15:00:00,23.163174,79.973061,CO,33,43,36
India,Madhya Pradesh,Jabalpur,"Suhagi, Jabalpur - JMC",07-09-2026 15:00:00,23.218135,79.95777,PM2.5,22,42,34
India,Madhya Pradesh,Katni,"Gole Bazar, Katni - MPPCB",07-09-2026 15:00:00,23.50016,80.23284,NH3,3,4,3
India,Madhya Pradesh,Maihar,"Sahilara, Maihar - KJS Cements",07-09-2026 15:00:00,24.2613009,80.7231783,CO,24,26,25
India,Madhya Pradesh,Mandideep,"Sector-D Industrial Area, Mandideep - MPPCB",07-09-2026 15:00:00,23.10844,77.511428,SO2,1,7,4
India,Madhya Pradesh,Mandideep,"Sector-D Industrial Area, Mandideep - MPPCB",07-09-2026 15:00:00,23.10844,77.511428,CO,15,33,19
India,Madhya Pradesh,Ratlam,"Shasthri Nagar, Ratlam - IPCA Lab",07-09-2026 15:00:00,23.331731,75.045981,PM2.5,4,78,39
India,Madhya Pradesh,Sagar,"Civil Lines, Sagar - MPPCB",07-09-2026 15:00:00,23.838586,78.759431,PM2.5,8,89,34
India,Madhya Pradesh,Sagar,"Civil Lines, Sagar - MPPCB",07-09-2026 15:00:00,23.838586,78.759431,NH3,2,2,2
India,Maharashtra,Navi Mumbai,"Mahape, Navi Mumbai - MPCB",07-09-2026 15:00:00,19.1135051,73.008978,SO2,13,14,14
India,Maharashtra,Parbhani,"Masoom Colony, Parbhani - MPCB",07-09-2026 15:00:00,19.265594,76.761463,PM2.5,5,17,9
India,Maharashtra,Parbhani,"Masoom Colony, Parbhani - MPCB",07-09-2026 15:00:00,19.265594,76.761463,SO2,0,1,1
India,Maharashtra,Parbhani,"Masoom Colony, Parbhani - MPCB",07-09-2026 15:00:00,19.265594,76.761463,CO,8,16,11
India,Maharashtra,Parbhani,"Masoom Colony, Parbhani - MPCB",07-09-2026 15:00:00,19.265594,76.761463,OZONE,23,141,43
India,Maharashtra,Pimpri-Chinchwad,"Gavalinagar, Pimpri Chinchwad - MPCB",07-09-2026 15:00:00,18.63673,73.82487,NO2,6,23,13
India,Maharashtra,Pimpri-Chinchwad,"Gavalinagar, Pimpri Chinchwad - MPCB",07-09-2026 15:00:00,18.63673,73.82487,NH3,1,3,2
India,Maharashtra,Pimpri-Chinchwad,"Gavalinagar, Pimpri Chinchwad - MPCB",07-09-2026 15:00:00,18.63673,73.82487,SO2,1,1,1
India,Maharashtra,Pimpri-Chinchwad,"Bhosari, Pune - IITM",07-09-2026 15:00:00,18.640051,73.848956,PM2.5,17,56,31
India,Maharashtra,Pimpri-Chinchwad,"Bhosari, Pune - IITM",07-09-2026 15:00:00,18.640051,73.848956,OZONE,1,24,13
India,Maharashtra,Pimpri-Chinchwad,"Bhumkar Nagar, Pune - IITM",07-09-2026 15:00:00,18.60577,73.749976,PM2.5,NA,NA,NA
India,Maharashtra,Pimpri-Chinchwad,"Thergaon, Pimpri Chinchwad - MPCB",07-09-2026 15:00:00,18.616318,73.765797,NO2,2,10,8
India,Maharashtra,Pimpri-Chinchwad,"Thergaon, Pimpri Chinchwad - MPCB",07-09-2026 15:00:00,18.616318,73.765797,CO,1,13,5
India,Maharashtra,Pimpri-Chinchwad,"Thergaon, Pimpri Chinchwad - MPCB",07-09-2026 15:00:00,18.616318,73.765797,OZONE,7,20,12
India,Maharashtra,Pimpri-Chinchwad,"Savta Mali Nagar, Pimpri-Chinchwad - IITM",07-09-2026 15:00:00,18.614767,73.799516,OZONE,13,23,18
India,Maharashtra,Pune,"Katraj Dairy, Pune - MPCB",07-09-2026 15:00:00,18.45445,73.854155,NH3,1,1,1
India,Madhya Pradesh,Bhopal,"Idgah Hills, Bhopal - MPPCB",07-09-2026 15:00:00,23.264759,77.381568,NO2,6,22,13
India,Madhya Pradesh,Bhopal,"T T Nagar, Bhopal - MPPCB",07-09-2026 15:00:00,23.233584,77.400574,PM2.5,17,57,34
India,Madhya Pradesh,Bhopal,"T T Nagar, Bhopal - MPPCB",07-09-2026 15:00:00,23.233584,77.400574,OZONE,20,29,26
India,Madhya Pradesh,Dewas,"Bhopal Chauraha, Dewas - MPPCB",07-09-2026 15:00:00,22.9682591,76.064118,PM2.5,11,63,29
India,Madhya Pradesh,Dewas,"Bhopal Chauraha, Dewas - MPPCB",07-09-2026 15:00:00,22.9682591,76.064118,OZONE,41,127,64
India,Madhya Pradesh,Gwalior,"City Center, Gwalior - MPPCB",07-09-2026 15:00:00,26.203442,78.193251,NO2,40,65,53
India,Madhya Pradesh,Gwalior,"Deen Dayal Nagar, Gwalior - MPPCB",07-09-2026 15:00:00,26.259242,78.216432,PM10,15,46,26
India,Madhya Pradesh,Gwalior,"Deen Dayal Nagar, Gwalior - MPPCB",07-09-2026 15:00:00,26.259242,78.216432,OZONE,13,28,23
India,Madhya Pradesh,Indore,"Regional Park, Indore - IMC",07-09-2026 15:00:00,22.678,75.8559,PM2.5,15,39,28
India,Madhya Pradesh,Indore,"Chhoti Gwaltoli, Indore - MPPCB",07-09-2026 15:00:00,22.431,75.5213,PM10,49,104,76
India,Madhya Pradesh,Indore,"Chhoti Gwaltoli, Indore - MPPCB",07-09-2026 15:00:00,22.431,75.5213,OZONE,10,29,20
India,Madhya Pradesh,Indore,"Airport Area, Indore - IMC",07-09-2026 15:00:00,22.7289,75.8076,PM10,29,227,59
India,Maharashtra,Mumbai,"Powai, Mumbai - MPCB",07-09-2026 15:00:00,19.1375,72.915056,NH3,NA,NA,NA
India,Maharashtra,Mumbai,"Powai, Mumbai - MPCB",07-09-2026 15:00:00,19.1375,72.915056,OZONE,NA,NA,NA
India,Maharashtra,Nagpur,"Opp GPO Civil Lines, Nagpur - MPCB",07-09-2026 15:00:00,21.152875,79.0517531,NO2,19,39,26
India,Maharashtra,Nashik,"Gangapur Road, Nashik - MPCB",07-09-2026 15:00:00,20.0073285,73.7762427,PM2.5,7,23,15
India,Maharashtra,Nashik,"Gangapur Road, Nashik - MPCB",07-09-2026 15:00:00,20.0073285,73.7762427,PM10,25,52,39
India,Maharashtra,Nashik,"Pandav Nagari, Nashik - MPCB",07-09-2026 15:00:00,19.9591346,73.7788008,SO2,0,4,2
India,Maharashtra,Nashik,"Pandav Nagari, Nashik - MPCB",07-09-2026 15:00:00,19.9591346,73.7788008,OZONE,7,15,12
India,Maharashtra,Nashik,"MIDC Ambad, Nashik - MPCB",07-09-2026 15:00:00,19.95022,73.73148,SO2,NA,NA,NA
India,Maharashtra,Navi Mumbai,"Kopripada-Vashi, Navi Mumbai - MPCB",07-09-2026 15:00:00,19.090337,73.014232,CO,10,59,21
India,Maharashtra,Navi Mumbai,"Sanpada, Navi Mumbai - MPCB",07-09-2026 15:00:00,19.0575752,73.0151367,PM10,15,49,35
India,Maharashtra,Navi Mumbai,"Sanpada, Navi Mumbai - MPCB",07-09-2026 15:00:00,19.0575752,73.0151367,OZONE,0,8,2
India,Maharashtra,Navi Mumbai,"Sector-2E Kalamboli, Navi Mumbai - MPCB",07-09-2026 15:00:00,19.02579,73.10297,PM2.5,7,30,19
India,Maharashtra,Beed,"Bir, Beed - MPCB",07-09-2026 15:00:00,18.988474,75.753873,CO,5,13,8
India,Maharashtra,Belapur,"CBD Belapur, Belapur - MPCB",07-09-2026 15:00:00,19.0243902,73.0406721,NO2,8,28,17
India,Maharashtra,Belapur,"CBD Belapur, Belapur - MPCB",07-09-2026 15:00:00,19.0243902,73.0406721,NH3,1,5,3
India,Maharashtra,Belapur,"CBD Belapur, Belapur - MPCB",07-09-2026 15:00:00,19.0243902,73.0406721,SO2,5,8,7
India,Maharashtra,Bhiwandi,"Gokul Nagar, Bhiwandi - MPCB",07-09-2026 15:00:00,19.309073,73.057223,PM10,44,49,46
India,Maharashtra,Chandrapur,"Chauhan Colony, Chandrapur - MPCB",07-09-2026 15:00:00,19.9629,79.298714,PM10,50,113,82
India,Maharashtra,Dhule,"Deopur, Dhule - MPCB",07-09-2026 15:00:00,20.918946,74.776388,PM10,13,35,23
India,Maharashtra,Dhule,"Deopur, Dhule - MPCB",07-09-2026 15:00:00,20.918946,74.776388,NO2,5,16,12
India,Maharashtra,Dombivli,"Kalu Nagar, Dombivli - MPCB",07-09-2026 15:00:00,19.2268427,73.0788456,PM2.5,2,20,9
India,Maharashtra,Hingoli,"Ashta Vinayak Nagar, Hingoli - MPCB",07-09-2026 15:00:00,19.710842,77.151824,CO,11,19,14
India,Maharashtra,Kalyan,"Khadakpada, Kalyan - MPCB",07-09-2026 15:00:00,19.25292,73.142019,NH3,NA,NA,NA
India,Maharashtra,Mumbai,"Siddharth Nagar-Worli, Mumbai - IITM",07-09-2026 15:00:00,19.000083,72.813993,PM10,12,31,23
India,Maharashtra,Mumbai,"Bandra Kurla Complex, Mumbai - MPCB",07-09-2026 15:00:00,19.065931,72.862131,PM10,23,41,33
India,Maharashtra,Mumbai,"Worli, Mumbai - MPCB",07-09-2026 15:00:00,18.9936162,72.8128113,PM2.5,8,31,20
India,Maharashtra,Mumbai,"Worli, Mumbai - MPCB",07-09-2026 15:00:00,18.9936162,72.8128113,NO2,4,17,8
India,Maharashtra,Mumbai,"Worli, Mumbai - MPCB",07-09-2026 15:00:00,18.9936162,72.8128113,NH3,0,0,0
India,Maharashtra,Mumbai,"Navy Nagar-Colaba, Mumbai - IITM",07-09-2026 15:00:00,18.897756,72.81332,PM10,24,54,37
India,Maharashtra,Mumbai,"Mulund West, Mumbai - MPCB",07-09-2026 15:00:00,19.175,72.9419,SO2,NA,NA,NA
India,Maharashtra,Mumbai,"Mulund West, Mumbai - MPCB",07-09-2026 15:00:00,19.175,72.9419,OZONE,NA,NA,NA
India,Maharashtra,Mumbai,"Chembur, Mumbai - MPCB",07-09-2026 15:00:00,19.0364585,72.8954371,CO,18,31,21
India,Maharashtra,Mumbai,"Kandivali West, Mumbai - BMC",07-09-2026 15:00:00,19.215859,72.831718,SO2,0,4,2
India,Maharashtra,Mumbai,"Kandivali West, Mumbai - BMC",07-09-2026 15:00:00,19.215859,72.831718,OZONE,11,22,17
India,Maharashtra,Mumbai,"Sewri, Mumbai - BMC",07-09-2026 15:00:00,19.000084,72.85673,PM2.5,17,34,23
India,Maharashtra,Malegaon,"Mahesh Nagar, Malegaon - MPCB",07-09-2026 15:00:00,20.555712,74.529236,PM2.5,36,64,46
India,Maharashtra,Malegaon,"Mahesh Nagar, Malegaon - MPCB",07-09-2026 15:00:00,20.555712,74.529236,NH3,1,1,1
India,Maharashtra,Mira-Bhayandar,"Bhayandar West, Mira-Bhayandar - MPCB",07-09-2026 15:00:00,19.296481,72.840923,OZONE,2,10,7
India,Maharashtra,Mumbai,"Shivaji Nagar, Mumbai - BMC",07-09-2026 15:00:00,19.060498,72.923356,PM2.5,17,43,25
India,Maharashtra,Mumbai,"Shivaji Nagar, Mumbai - BMC",07-09-2026 15:00:00,19.060498,72.923356,NO2,7,14,10
India,Maharashtra,Mumbai,"Sion, Mumbai - MPCB",07-09-2026 15:00:00,19.047,72.8746,PM2.5,NA,NA,NA
India,Maharashtra,Mumbai,"Sion, Mumbai - MPCB",07-09-2026 15:00:00,19.047,72.8746,NH3,NA,NA,NA
India,Maharashtra,Mumbai,"Borivali East, Mumbai - MPCB",07-09-2026 15:00:00,19.2243333,72.8658113,NH3,2,2,2
India,Maharashtra,Mumbai,"Borivali East, Mumbai - MPCB",07-09-2026 15:00:00,19.2243333,72.8658113,OZONE,NA,NA,NA
India,Maharashtra,Mumbai,"Siddharth Nagar-Worli, Mumbai - IITM",07-09-2026 15:00:00,19.000083,72.813993,PM2.5,10,15,13
India,Maharashtra,Pune,"Katraj Dairy, Pune - MPCB",07-09-2026 15:00:00,18.45445,73.854155,OZONE,10,10,10
India,Maharashtra,Pune,"Hadapsar, Pune - IITM",07-09-2026 15:00:00,18.501793,73.927532,OZONE,6,20,13
India,Maharashtra,Pune,"Revenue Colony-Shivajinagar, Pune - IITM",07-09-2026 15:00:00,18.530085,73.849598,PM2.5,13,48,29
India,Maharashtra,Pune,"Revenue Colony-Shivajinagar, Pune - IITM",07-09-2026 15:00:00,18.530085,73.849598,PM10,36,76,54
India,Maharashtra,Pune,"Revenue Colony-Shivajinagar, Pune - IITM",07-09-2026 15:00:00,18.530085,73.849598,NH3,NA,NA,NA
India,Maharashtra,Pune,"Revenue Colony-Shivajinagar, Pune - IITM",07-09-2026 15:00:00,18.530085,73.849598,OZONE,4,33,17
India,Maharashtra,Pune,"Mhada Colony, Pune - IITM",07-09-2026 15:00:00,18.57304,73.927715,PM2.5,18,49,33
India,Maharashtra,Pune,"Mhada Colony, Pune - IITM",07-09-2026 15:00:00,18.57304,73.927715,NO2,7,29,18
India,Maharashtra,Pune,"Dhankawadi, Pune - IITM",07-09-2026 15:00:00,18.459883,73.852193,NO2,NA,NA,NA
India,Maharashtra,Pune,"Dhankawadi, Pune - IITM",07-09-2026 15:00:00,18.459883,73.852193,OZONE,7,11,9
India,Maharashtra,Pune,"Panchawati_Pashan, Pune - IITM",07-09-2026 15:00:00,18.536457,73.805454,PM10,33,60,45
India,Maharashtra,Pune,"Panchawati_Pashan, Pune - IITM",07-09-2026 15:00:00,18.536457,73.805454,OZONE,NA,NA,NA
India,Maharashtra,Sangli,"Vijay Nagar, Sangli - MPCB",07-09-2026 15:00:00,16.5038,74.3623,NH3,1,4,2
India,Maharashtra,Sangli,"Vijay Nagar, Sangli - MPCB",07-09-2026 15:00:00,16.5038,74.3623,CO,6,25,14
India,Maharashtra,Satara,"Koyana Nagar, Satara - MPCB",07-09-2026 15:00:00,17.696651,74.003387,OZONE,17,20,19
India,Maharashtra,Solapur,"Dnyaneshwar Nagar, Solapur - MPCB",07-09-2026 15:00:00,17.6336264,75.9132495,OZONE,7,17,14
India,Maharashtra,Solapur,"Ratandeep Housing Society, Solapur - MPCB",07-09-2026 15:00:00,17.65439,75.90649,PM10,22,45,36
India,Maharashtra,Solapur,"Ratandeep Housing Society, Solapur - MPCB",07-09-2026 15:00:00,17.65439,75.90649,NO2,10,27,17
India,Maharashtra,Thane,"Upvan Fort, Thane - MPCB",07-09-2026 15:00:00,19.222279,72.957979,PM2.5,NA,NA,NA
India,Punjab,Mandi Gobindgarh,"RIMT University, Mandi Gobindgarh - PPCB",07-09-2026 15:00:00,30.649961,76.331442,NH3,5,5,5
India,Punjab,Patiala,"Model Town, Patiala - PPCB",07-09-2026 15:00:00,30.349388,76.366642,SO2,17,23,20
India,Punjab,Patiala,"Model Town, Patiala - PPCB",07-09-2026 15:00:00,30.349388,76.366642,OZONE,16,52,31
India,Punjab,Rupnagar,"Ratanpura, Rupnagar - Ambuja Cements",07-09-2026 15:00:00,31.0325454,76.5623046,PM2.5,7,67,26
India,Rajasthan,Ajmer,"Civil Lines,  Ajmer - RSPCB",07-09-2026 15:00:00,26.470859,74.646594,PM10,63,117,87
India,Rajasthan,Alwar,"Moti Doongri, Alwar - RSPCB",07-09-2026 15:00:00,27.554793,76.611536,PM2.5,44,97,67
India,Rajasthan,Alwar,"Moti Doongri, Alwar - RSPCB",07-09-2026 15:00:00,27.554793,76.611536,PM10,86,109,96
India,Rajasthan,Alwar,"Moti Doongri, Alwar - RSPCB",07-09-2026 15:00:00,27.554793,76.611536,SO2,10,42,26
India,Rajasthan,Alwar,"Vigyan Nagar, Alwar - RSPCB",07-09-2026 15:00:00,27.598796,76.63861,NO2,9,15,11
India,Rajasthan,Alwar,"Vigyan Nagar, Alwar - RSPCB",07-09-2026 15:00:00,27.598796,76.63861,CO,52,68,57
India,Rajasthan,Banswara,"Rati Talai, Banswara - RSPCB",07-09-2026 15:00:00,23.55519,74.44001,PM10,55,85,70
India,Rajasthan,Baran,"Bamboliya, Baran - RSPCB",07-09-2026 15:00:00,25.106006,76.469948,NO2,17,22,19
India,Rajasthan,Baran,"Bamboliya, Baran - RSPCB",07-09-2026 15:00:00,25.106006,76.469948,NH3,5,6,5
India,Rajasthan,Barmer,"Railway Colony, Barmer - RSPCB",07-09-2026 15:00:00,25.747299,71.393989,CO,18,24,21
India,Rajasthan,Bharatpur,"Krishna Nagar, Bharatpur - RSPCB",07-09-2026 15:00:00,27.215415,77.50873,NO2,1,12,6
India,Rajasthan,Bharatpur,"Krishna Nagar, Bharatpur - RSPCB",07-09-2026 15:00:00,27.215415,77.50873,NH3,3,6,4
India,Rajasthan,Jodhpur,"Digari Kalan, Jodhpur - RSPCB",07-09-2026 15:00:00,26.29581,73.082283,SO2,6,8,7
India,Rajasthan,Jodhpur,"Jhalamand, Jodhpur - RSPCB",07-09-2026 15:00:00,26.215415,73.070156,NH3,4,58,8
India,Rajasthan,Jodhpur,"Mandor, Jodhpur - RSPCB",07-09-2026 15:00:00,26.358805,73.047444,CO,9,14,11
India,Rajasthan,Jodhpur,"Collectorate, Jodhpur - RSPCB",07-09-2026 15:00:00,26.268249,73.0193853,PM2.5,20,52,38
India,Rajasthan,Jodhpur,"Collectorate, Jodhpur - RSPCB",07-09-2026 15:00:00,26.268249,73.0193853,CO,11,105,40
India,Rajasthan,Jodhpur,"Collectorate, Jodhpur - RSPCB",07-09-2026 15:00:00,26.268249,73.0193853,OZONE,13,15,14
India,Rajasthan,Jodhpur,"Samrat Ashok Udhyan, Jodhpur - RSPCB",07-09-2026 15:00:00,26.253384,72.976571,NO2,1,9,3
India,Rajasthan,Karauli,"Satyawati Vihar, Karauli - RSPCB",07-09-2026 15:00:00,26.506177,77.025989,PM2.5,7,26,16
India,Rajasthan,Karauli,"Satyawati Vihar, Karauli - RSPCB",07-09-2026 15:00:00,26.506177,77.025989,PM10,12,45,27
India,Rajasthan,Karauli,"Satyawati Vihar, Karauli - RSPCB",07-09-2026 15:00:00,26.506177,77.025989,NH3,5,10,7
India,Rajasthan,Karauli,"Satyawati Vihar, Karauli - RSPCB",07-09-2026 15:00:00,26.506177,77.025989,OZONE,9,27,13
India,Rajasthan,Khairthal,"New Anaj Mandi, Khairthal - RSPCB",07-09-2026 15:00:00,27.8015617,76.6365217,OZONE,18,81,52
India,Rajasthan,Kota,"Nayapura, Kota - RSPCB",07-09-2026 15:00:00,25.196024,75.855668,NH3,5,8,7
India,Rajasthan,Kota,"Nayapura, Kota - RSPCB",07-09-2026 15:00:00,25.196024,75.855668,OZONE,20,48,36
India,Rajasthan,Kota,"Dhanmandi, Kota - RSPCB",07-09-2026 15:00:00,25.16409,75.858137,PM2.5,20,45,31
India,Rajasthan,Kota,"Dhanmandi, Kota - RSPCB",07-09-2026 15:00:00,25.16409,75.858137,NO2,6,78,20
India,Rajasthan,Nagaur,"Karni Colony, Nagaur - RSPCB",07-09-2026 15:00:00,27.213494,73.734444,SO2,2,8,4
India,Odisha,Balasore,"Kalidaspur, Balasore - OSPCB",07-09-2026 15:00:00,21.51161,86.89088,NH3,3,4,4
India,Odisha,Barbil,"Forest Office, Barbil - OSPCB",07-09-2026 15:00:00,22.1166054,85.3945546,SO2,7,61,28
India,Odisha,Baripada,"Meher Colony, Baripada - OSPCB",07-09-2026 15:00:00,21.941841,86.728318,NO2,0,16,6
India,Odisha,Baripada,"Meher Colony, Baripada - OSPCB",07-09-2026 15:00:00,21.941841,86.728318,OZONE,40,70,48
India,Odisha,Bhubaneswar,"Patia, Bhubaneswar - OSPCB",07-09-2026 15:00:00,20.34652,85.8163,PM2.5,3,37,18
India,Odisha,Bhubaneswar,"Patia, Bhubaneswar - OSPCB",07-09-2026 15:00:00,20.34652,85.8163,PM10,14,70,36
India,Odisha,Bhubaneswar,"Patia, Bhubaneswar - OSPCB",07-09-2026 15:00:00,20.34652,85.8163,NH3,3,10,6
India,Odisha,Bhubaneswar,"Lingraj Mandir, Bhubaneswar - OSPCB",07-09-2026 15:00:00,20.24079,85.836784,NO2,10,35,19
India,Odisha,Brajrajnagar,"GM Office, Brajrajnagar - OSPCB",07-09-2026 15:00:00,21.8004996,83.8396977,OZONE,41,45,44
India,Odisha,Byasanagar,"Ferro Chrome Colony, Byasanagar - OSPCB",07-09-2026 15:00:00,20.94185,86.1151,OZONE,17,57,44
India,Odisha,Cuttack,"CDA Area, Cuttack - OSPCB",07-09-2026 15:00:00,20.48891,85.84768,NO2,10,18,13
India,Odisha,Cuttack,"CDA Area, Cuttack - OSPCB",07-09-2026 15:00:00,20.48891,85.84768,SO2,3,13,8
India,Odisha,Keonjhar,"Jagamohanpur, Keonjhar - OSPCB",07-09-2026 15:00:00,21.6439,85.599355,NO2,11,16,14
India,Odisha,Nayagarh,"Dabuna, Nayagarh - OSPCB",07-09-2026 15:00:00,21.847279,85.416905,NO2,6,7,7
India,Odisha,Rairangpur,"Divisional Forest Office, Rairangpur - OSPCB",07-09-2026 15:00:00,22.265816,86.174829,PM2.5,25,83,42
India,Rajasthan,Bhilwara,"Pratap Nagar, Bhilwara - RSPCB",07-09-2026 15:00:00,25.339605,74.618883,SO2,6,12,9
India,Rajasthan,Bhiwadi,"RIICO Ind. Area III, Bhiwadi - RSPCB",07-09-2026 15:00:00,28.194909,76.862296,PM2.5,21,119,60
India,Rajasthan,Bhiwadi,"RIICO Ind. Area III, Bhiwadi - RSPCB",07-09-2026 15:00:00,28.194909,76.862296,SO2,3,14,10
India,Rajasthan,Bhiwadi,"RIICO Ind. Area III, Bhiwadi - RSPCB",07-09-2026 15:00:00,28.194909,76.862296,CO,14,61,42
India,Rajasthan,Bikaner,"MM Ground, Bikaner - RSPCB",07-09-2026 15:00:00,28.018792,73.292658,NO2,5,56,15
India,Rajasthan,Bikaner,"MM Ground, Bikaner - RSPCB",07-09-2026 15:00:00,28.018792,73.292658,SO2,3,7,5
India,Rajasthan,Bikaner,"MM Ground, Bikaner - RSPCB",07-09-2026 15:00:00,28.018792,73.292658,OZONE,14,42,25
India,Rajasthan,Bundi,"New Colony, Bundi - RSPCB",07-09-2026 15:00:00,25.435774,75.644272,PM10,NA,NA,NA
India,Rajasthan,Bundi,"New Colony, Bundi - RSPCB",07-09-2026 15:00:00,25.435774,75.644272,NO2,NA,NA,NA
India,Rajasthan,Dausa,"Khatikan Mohalla, Dausa - RSPCB",07-09-2026 15:00:00,26.895552,76.334753,NH3,6,11,8
India,Rajasthan,Dausa,"Khatikan Mohalla, Dausa - RSPCB",07-09-2026 15:00:00,26.895552,76.334753,CO,37,59,46
India,Rajasthan,Dholpur,"Raja Ganj, Dholpur - RSPCB",07-09-2026 15:00:00,26.699557,77.898881,NO2,NA,NA,NA
India,Rajasthan,Dholpur,"Raja Ganj, Dholpur - RSPCB",07-09-2026 15:00:00,26.699557,77.898881,CO,24,43,31
India,Rajasthan,Dholpur,"Raja Ganj, Dholpur - RSPCB",07-09-2026 15:00:00,26.699557,77.898881,OZONE,14,21,17
India,Rajasthan,Hanumangarh,"Housing Board, Hanumangarh - RSPCB",07-09-2026 15:00:00,29.61075,74.283608,PM2.5,28,78,58
India,Rajasthan,Hanumangarh,"Housing Board, Hanumangarh - RSPCB",07-09-2026 15:00:00,29.61075,74.283608,NO2,2,19,7
India,Rajasthan,Hanumangarh,"Housing Board, Hanumangarh - RSPCB",07-09-2026 15:00:00,29.61075,74.283608,CO,19,27,23
India,Rajasthan,Hanumangarh,"Housing Board, Hanumangarh - RSPCB",07-09-2026 15:00:00,29.61075,74.283608,OZONE,18,54,40
India,Rajasthan,Jaipur,"Mansarovar Sector-12, Jaipur - RSPCB",07-09-2026 15:00:00,26.843698,75.766894,CO,19,24,21
India,Rajasthan,Jaipur,"Sector-2 Murlipura, Jaipur - RSPCB",07-09-2026 15:00:00,26.960669,75.771817,NO2,9,49,29
India,Rajasthan,Jaipur,"Sector-2 Murlipura, Jaipur - RSPCB",07-09-2026 15:00:00,26.960669,75.771817,OZONE,4,5,5
India,Rajasthan,Jaipur,"Police Commissionerate, Jaipur - RSPCB",07-09-2026 15:00:00,26.9164092,75.7994901,NH3,1,16,6
India,Rajasthan,Jaipur,"Shastri Nagar, Jaipur - RSPCB",07-09-2026 15:00:00,26.9502929,75.730943,PM2.5,51,100,68
India,Rajasthan,Jaipur,"Shastri Nagar, Jaipur - RSPCB",07-09-2026 15:00:00,26.9502929,75.730943,NO2,18,53,32
India,Rajasthan,Jaipur,"Shastri Nagar, Jaipur - RSPCB",07-09-2026 15:00:00,26.9502929,75.730943,CO,16,28,25
India,Rajasthan,Jaipur,"Shastri Nagar, Jaipur - RSPCB",07-09-2026 15:00:00,26.9502929,75.730943,OZONE,24,31,27
India,Rajasthan,Jaipur,"Adarsh Nagar, Jaipur - RSPCB",07-09-2026 15:00:00,26.902909,75.836858,SO2,17,33,24
India,Rajasthan,Jaisalmer,"Sadar Bazar, Jaisalmer - RSPCB",07-09-2026 15:00:00,26.912329,70.909168,OZONE,29,41,36
India,Rajasthan,Jalore,"Mudtra Sili, Jalore - RSPCB",07-09-2026 15:00:00,25.344694,72.626208,PM2.5,15,42,26
India,Rajasthan,Jhalawar,"Rajlaxmi Nagar, Jhalawar - RSPCB",07-09-2026 15:00:00,24.588397,76.172782,CO,17,47,38
India,Rajasthan,Jhunjhunu,"Indra Nagar, Jhunjhunu - RSPCB",07-09-2026 15:00:00,28.108988,75.386577,NO2,2,25,10
India,Rajasthan,Jhunjhunu,"Indra Nagar, Jhunjhunu - RSPCB",07-09-2026 15:00:00,28.108988,75.386577,CO,8,16,11
India,Rajasthan,Pali,"Indira Colony Vistar, Pali - RSPCB",07-09-2026 15:00:00,25.771061,73.340227,NO2,10,26,17
India,Rajasthan,Pali,"Indira Colony Vistar, Pali - RSPCB",07-09-2026 15:00:00,25.771061,73.340227,NH3,4,13,7
India,Rajasthan,Pratapgarh,"Pragati Nagar, Pratapgarh - RSPCB",07-09-2026 15:00:00,24.041198,74.780702,NH3,4,6,5
India,Rajasthan,Sikar,"Radhakishan Pura, Sikar - RSPCB",07-09-2026 15:00:00,27.608912,75.153302,PM2.5,43,67,54
India,Rajasthan,Sikar,"Radhakishan Pura, Sikar - RSPCB",07-09-2026 15:00:00,27.608912,75.153302,NO2,7,15,11
India,Rajasthan,Sikar,"Radhakishan Pura, Sikar - RSPCB",07-09-2026 15:00:00,27.608912,75.153302,SO2,2,4,3
India,Rajasthan,Sikar,"Radhakishan Pura, Sikar - RSPCB",07-09-2026 15:00:00,27.608912,75.153302,CO,17,20,18
India,Rajasthan,Sirohi,"Vedhaynath Colony, Sirohi - RSPCB",07-09-2026 15:00:00,24.885261,72.857549,PM10,56,85,68
India,Rajasthan,Sri Ganganagar,"Old City, Sri Ganganagar - RSPCB",07-09-2026 15:00:00,29.931624,73.864511,PM2.5,12,47,29
India,Rajasthan,Tonk,"Shastri Nagar, Tonk - RSPCB",07-09-2026 15:00:00,26.159933,75.780517,PM2.5,33,82,47
India,Rajasthan,Udaipur,"Ashok Nagar, Udaipur - RSPCB",07-09-2026 15:00:00,24.5886166,73.6321397,PM2.5,31,95,56
India,Rajasthan,Udaipur,"Ashok Nagar, Udaipur - RSPCB",07-09-2026 15:00:00,24.5886166,73.6321397,NO2,14,31,23
India,Rajasthan,Udaipur,"Ashok Nagar, Udaipur - RSPCB",07-09-2026 15:00:00,24.5886166,73.6321397,CO,8,28,16
India,Rajasthan,Udaipur,"Ashok Nagar, Udaipur - RSPCB",07-09-2026 15:00:00,24.5886166,73.6321397,OZONE,8,22,18
India,Maharashtra,Thane,"Upvan Fort, Thane - MPCB",07-09-2026 15:00:00,19.222279,72.957979,SO2,NA,NA,NA
India,Maharashtra,Ulhasnagar,"Sidhi Vinayak Nagar, Ulhasnagar - MPCB",07-09-2026 15:00:00,19.235581,73.159121,PM2.5,7,46,26
India,Maharashtra,Ulhasnagar,"Sidhi Vinayak Nagar, Ulhasnagar - MPCB",07-09-2026 15:00:00,19.235581,73.159121,CO,NA,NA,NA
India,Maharashtra,Ulhasnagar,"Vithalwadi, Ulhasnagar - MPCB",07-09-2026 15:00:00,19.2307571,73.155192,PM2.5,3,46,20
India,Maharashtra,Ulhasnagar,"Vithalwadi, Ulhasnagar - MPCB",07-09-2026 15:00:00,19.2307571,73.155192,PM10,12,76,35
India,Maharashtra,Virar,"Bolinj, Virar - MPCB",07-09-2026 15:00:00,19.445821,72.7988231,PM2.5,11,48,21
India,Maharashtra,Virar,"Bolinj, Virar - MPCB",07-09-2026 15:00:00,19.445821,72.7988231,NO2,2,14,9
India,Maharashtra,Virar,"Bolinj, Virar - MPCB",07-09-2026 15:00:00,19.445821,72.7988231,CO,2,27,10
India,Meghalaya,Shillong,"Lumpyngngad, Shillong - Meghalaya PCB",07-09-2026 15:00:00,25.5586,91.8985,CO,11,33,19
India,Meghalaya,Shillong,"Lumpyngngad, Shillong - Meghalaya PCB",07-09-2026 15:00:00,25.5586,91.8985,OZONE,23,43,32
India,Nagaland,Kohima,"PWD Junction, Kohima - NPCB",07-09-2026 15:00:00,25.6635413,94.0989878,PM2.5,7,41,16
India,Nagaland,Kohima,"PWD Junction, Kohima - NPCB",07-09-2026 15:00:00,25.6635413,94.0989878,SO2,55,66,61
India,Odisha,Balasore,"Kalidaspur, Balasore - OSPCB",07-09-2026 15:00:00,21.51161,86.89088,PM10,42,91,65
India,Odisha,Rairangpur,"Divisional Forest Office, Rairangpur - OSPCB",07-09-2026 15:00:00,22.265816,86.174829,OZONE,3,16,11
India,Odisha,Talcher,"Talcher Coalfields,Talcher - OSPCB",07-09-2026 15:00:00,20.9360711,85.1707021,NH3,6,7,6
India,Odisha,Talcher,"Talcher Coalfields,Talcher - OSPCB",07-09-2026 15:00:00,20.9360711,85.1707021,OZONE,15,16,15
India,Puducherry,Puducherry,"Jawahar Nagar, Puducherry - PPCC",07-09-2026 15:00:00,11.9309,79.8027,PM10,21,53,33
India,Puducherry,Puducherry,"Jawahar Nagar, Puducherry - PPCC",07-09-2026 15:00:00,11.9309,79.8027,CO,6,40,27
India,Puducherry,Puducherry,"Jawahar Nagar, Puducherry - PPCC",07-09-2026 15:00:00,11.9309,79.8027,OZONE,25,104,62
India,Punjab,Amritsar,"Golden Temple, Amritsar - PPCB",07-09-2026 15:00:00,31.62,74.876512,PM2.5,68,88,76
India,Punjab,Bathinda,"Hardev Nagar, Bathinda - PPCB",07-09-2026 15:00:00,30.233011,74.907758,PM10,33,124,73
India,Punjab,Jalandhar,"Civil Line, Jalandhar - PPCB",07-09-2026 15:00:00,31.321907,75.578914,PM2.5,35,70,47
India,Punjab,Jalandhar,"Civil Line, Jalandhar - PPCB",07-09-2026 15:00:00,31.321907,75.578914,NH3,4,5,4
India,Punjab,Khanna,"Kalal Majra, Khanna - PPCB",07-09-2026 15:00:00,30.736056,76.209694,SO2,6,16,10
India,Uttar Pradesh,Hapur,"Anand Vihar, Hapur - UPPCB",07-09-2026 15:00:00,28.725645,77.749675,PM2.5,NA,NA,NA
India,Uttar Pradesh,Hapur,"Anand Vihar, Hapur - UPPCB",07-09-2026 15:00:00,28.725645,77.749675,PM10,13,69,40
India,Uttar Pradesh,Hapur,"Anand Vihar, Hapur - UPPCB",07-09-2026 15:00:00,28.725645,77.749675,OZONE,6,30,19
India,Uttar Pradesh,Kanpur,"FTI Kidwai Nagar, Kanpur - UPPCB",07-09-2026 15:00:00,26.428282,80.327067,NO2,26,129,31
India,Uttar Pradesh,Kanpur,"FTI Kidwai Nagar, Kanpur - UPPCB",07-09-2026 15:00:00,26.428282,80.327067,SO2,18,29,27
India,Uttar Pradesh,Kanpur,"FTI Kidwai Nagar, Kanpur - UPPCB",07-09-2026 15:00:00,26.428282,80.327067,OZONE,11,11,11
India,Uttar Pradesh,Kanpur,"NSI Kalyanpur, Kanpur - UPPCB",07-09-2026 15:00:00,26.509954,80.249612,OZONE,20,22,21
India,Uttar Pradesh,Kanpur,"Nehru Nagar, Kanpur - UPPCB",07-09-2026 15:00:00,26.4703136,80.3229863,PM10,2,44,17
India,Uttar Pradesh,Khora,"Prashant Garden, Khora - UPPCB",07-09-2026 15:00:00,28.61119,77.34206,PM2.5,53,300,149
India,Uttar Pradesh,Khora,"Prashant Garden, Khora - UPPCB",07-09-2026 15:00:00,28.61119,77.34206,NH3,4,6,5
India,Uttar Pradesh,Khora,"Prashant Garden, Khora - UPPCB",07-09-2026 15:00:00,28.61119,77.34206,CO,46,62,55
India,Uttar Pradesh,Khurja,"Kalindi Kunj, Khurja - UPPCB",07-09-2026 15:00:00,28.2348927,77.8683002,SO2,10,11,10
India,Uttar Pradesh,Lucknow,"Talkatora District Industries Center, Lucknow - CPCB",07-09-2026 15:00:00,26.83399722,80.8917361,OZONE,14,64,39
India,Uttar Pradesh,Lucknow,"Kendriya Vidyalaya, Lucknow - CPCB",07-09-2026 15:00:00,26.906111,80.948222,PM10,22,33,27
India,Uttar Pradesh,Lucknow,"Kendriya Vidyalaya, Lucknow - CPCB",07-09-2026 15:00:00,26.906111,80.948222,NH3,8,20,13
India,Uttar Pradesh,Lucknow,"Kendriya Vidyalaya, Lucknow - CPCB",07-09-2026 15:00:00,26.906111,80.948222,SO2,4,10,7
India,Uttar Pradesh,Lucknow,"Kendriya Vidyalaya, Lucknow - CPCB",07-09-2026 15:00:00,26.906111,80.948222,CO,21,41,30
India,Uttar Pradesh,Lucknow,"Gomti Nagar, Lucknow - UPPCB",07-09-2026 15:00:00,26.86812,81.005119,SO2,11,11,11
India,Uttar Pradesh,Lucknow,"Gomti Nagar, Lucknow - UPPCB",07-09-2026 15:00:00,26.86812,81.005119,OZONE,37,43,40
India,Uttar Pradesh,Lucknow,"B R Ambedkar University, Lucknow - UPPCB",07-09-2026 15:00:00,26.766433,80.927299,PM10,NA,NA,NA
India,Uttar Pradesh,Gajraula,"Rajanpur, Gajraula - UPPCB",07-09-2026 15:00:00,28.829109,78.248796,PM2.5,7,43,20
India,Uttar Pradesh,Gajraula,"Rajanpur, Gajraula - UPPCB",07-09-2026 15:00:00,28.829109,78.248796,PM10,13,49,31
India,Uttar Pradesh,Ghaziabad,"Ved Vihar-Loni, Ghaziabad - UPPCB",07-09-2026 15:00:00,28.739153,77.273668,NH3,4,13,7
India,Uttar Pradesh,Ghaziabad,"Ved Vihar-Loni, Ghaziabad - UPPCB",07-09-2026 15:00:00,28.739153,77.273668,OZONE,3,28,17
India,Uttar Pradesh,Ghaziabad,"Sanjay Nagar, Ghaziabad - UPPCB",07-09-2026 15:00:00,28.685382,77.453839,PM10,4,108,59
India,Uttar Pradesh,Ghaziabad,"Indirapuram, Ghaziabad - UPPCB",07-09-2026 15:00:00,28.646233,77.358075,OZONE,28,47,37
India,Uttar Pradesh,Ghaziabad,"Vasundhara, Ghaziabad - UPPCB",07-09-2026 15:00:00,28.6603346,77.3572563,PM2.5,12,252,83
India,Uttar Pradesh,Ghaziabad,"Vasundhara, Ghaziabad - UPPCB",07-09-2026 15:00:00,28.6603346,77.3572563,SO2,4,29,12
India,Uttar Pradesh,Ghaziabad,"Wave City, Ghaziabad - UPPCB",07-09-2026 15:00:00,28.646675,77.489049,SO2,1,3,2
India,Uttar Pradesh,Ghaziabad,"Wave City, Ghaziabad - UPPCB",07-09-2026 15:00:00,28.646675,77.489049,OZONE,1,18,12
India,Uttar Pradesh,Ghaziabad,"Loni, Ghaziabad - UPPCB",07-09-2026 15:00:00,28.757294,77.278792,PM10,8,125,71
India,Uttar Pradesh,Ghaziabad,"Govindpuram, Ghaziabad - UPPCB",07-09-2026 15:00:00,28.694528,77.494705,SO2,2,4,3
India,Uttar Pradesh,Gorakhpur,"Madan Mohan Malaviya University of Technology, Gorakhpur - UPPCB",07-09-2026 15:00:00,26.730136,83.433859,PM2.5,17,248,82
India,Uttar Pradesh,Gorakhpur,"Madan Mohan Malaviya University of Technology, Gorakhpur - UPPCB",07-09-2026 15:00:00,26.730136,83.433859,SO2,44,52,51
India,Uttar Pradesh,Greater Noida,"Knowledge Park - V, Greater Noida - UPPCB",07-09-2026 15:00:00,28.557054,77.453663,CO,11,16,14
India,Uttar Pradesh,Greater Noida,"Knowledge Park - III, Greater Noida - UPPCB",07-09-2026 15:00:00,28.47272,77.482,PM10,8,147,48
India,Uttar Pradesh,Greater Noida,"Knowledge Park - III, Greater Noida - UPPCB",07-09-2026 15:00:00,28.47272,77.482,NO2,13,73,40
India,Uttar Pradesh,Greater Noida,"Knowledge Park - III, Greater Noida - UPPCB",07-09-2026 15:00:00,28.47272,77.482,NH3,4,7,5
India,Uttar Pradesh,Greater Noida,"Knowledge Park - III, Greater Noida - UPPCB",07-09-2026 15:00:00,28.47272,77.482,OZONE,5,96,55
India,Uttar Pradesh,Agra,"Sector-3B Avas Vikas Colony, Agra - UPPCB",07-09-2026 15:00:00,27.19412,77.96237,CO,40,42,41
India,Uttar Pradesh,Agra,"Shahjahan Garden, Agra - UPPCB",07-09-2026 15:00:00,27.169338,78.03582,PM10,33,47,39
India,Uttar Pradesh,Agra,"Manoharpur, Agra - UPPCB",07-09-2026 15:00:00,27.23711,78.01936,OZONE,6,6,6
India,Uttar Pradesh,Agra,"Sanjay Palace, Agra - UPPCB",07-09-2026 15:00:00,27.19865833,78.00598056,SO2,18,18,18
India,Uttar Pradesh,Agra,"Sanjay Palace, Agra - UPPCB",07-09-2026 15:00:00,27.19865833,78.00598056,CO,29,37,34
India,Uttar Pradesh,Agra,"Sanjay Palace, Agra - UPPCB",07-09-2026 15:00:00,27.19865833,78.00598056,OZONE,4,10,7
India,Uttar Pradesh,Agra,"Shastripuram, Agra - UPPCB",07-09-2026 15:00:00,27.19862,77.92066,SO2,0,22,16
India,Uttar Pradesh,Baghpat,"Sardar Patel Inter College, Baghpat - UPPCB",07-09-2026 15:00:00,28.964949,77.278761,NO2,10,31,20
India,Uttar Pradesh,Baghpat,"Sardar Patel Inter College, Baghpat - UPPCB",07-09-2026 15:00:00,28.964949,77.278761,NH3,1,3,2
India,Uttar Pradesh,Baghpat,"Sardar Patel Inter College, Baghpat - UPPCB",07-09-2026 15:00:00,28.964949,77.278761,OZONE,12,85,55
India,Uttar Pradesh,Bareilly,"Civil Lines, Bareilly - UPPCB",07-09-2026 15:00:00,28.359581,79.414455,PM10,23,36,29
India,Uttar Pradesh,Bareilly,"Civil Lines, Bareilly - UPPCB",07-09-2026 15:00:00,28.359581,79.414455,NH3,0,1,0
India,Uttar Pradesh,Bareilly,"Civil Lines, Bareilly - UPPCB",07-09-2026 15:00:00,28.359581,79.414455,SO2,0,45,25
India,Uttar Pradesh,Bareilly,"Civil Lines, Bareilly - UPPCB",07-09-2026 15:00:00,28.359581,79.414455,CO,17,28,23
India,Uttar Pradesh,Bulandshahr,"Yamunapuram, Bulandshahr - UPPCB",07-09-2026 15:00:00,28.406963,77.849831,PM2.5,5,72,30
India,Uttar Pradesh,Fatehpur Sikri,"Dadupura, Fatehpur Sikri - UPPCB",07-09-2026 15:00:00,27.097694,77.671335,PM10,20,41,29
India,Uttar Pradesh,Firozabad,"Nagla Bhau, Firozabad - UPPCB",07-09-2026 15:00:00,27.168897,78.37696,SO2,7,37,27
India,Uttar Pradesh,Firozabad,"Vibhab Nagar, Firozabad - UPPCB",07-09-2026 15:00:00,27.1594,78.3953,NO2,NA,NA,NA
India,Uttar Pradesh,Lucknow,"Lalbagh, Lucknow - CPCB",07-09-2026 15:00:00,26.8458805,80.9365541,PM10,30,62,42
India,Uttar Pradesh,Lucknow,"Lalbagh, Lucknow - CPCB",07-09-2026 15:00:00,26.8458805,80.9365541,CO,2,101,52
India,Uttar Pradesh,Lucknow,"Kukrail Picnic Spot-1, Lucknow - UPPCB",07-09-2026 15:00:00,26.90723,80.98579,PM2.5,13,44,26
India,Uttar Pradesh,Lucknow,"Kukrail Picnic Spot-1, Lucknow - UPPCB",07-09-2026 15:00:00,26.90723,80.98579,SO2,27,45,30
India,Uttar Pradesh,Lucknow,"Kukrail Picnic Spot-1, Lucknow - UPPCB",07-09-2026 15:00:00,26.90723,80.98579,CO,14,22,16
India,Uttar Pradesh,Mathura,"Pali Dungra, Mathura - UPPCB",07-09-2026 15:00:00,27.410954,77.550619,NH3,NA,NA,NA
India,Uttar Pradesh,Mathura,"Pali Dungra, Mathura - UPPCB",07-09-2026 15:00:00,27.410954,77.550619,CO,5,19,10
India,Uttar Pradesh,Meerut,"Jai Bhim Nagar, Meerut - UPPCB",07-09-2026 15:00:00,28.9535882,77.7622941,PM10,7,53,31
India,Uttar Pradesh,Meerut,"Jai Bhim Nagar, Meerut - UPPCB",07-09-2026 15:00:00,28.9535882,77.7622941,SO2,5,11,7
India,Uttar Pradesh,Meerut,"Pallavpuram Phase 2, Meerut - UPPCB",07-09-2026 15:00:00,29.06351,77.709723,NO2,NA,NA,NA
India,Uttar Pradesh,Meerut,"Pallavpuram Phase 2, Meerut - UPPCB",07-09-2026 15:00:00,29.06351,77.709723,CO,23,29,26
India,Uttar Pradesh,Meerut,"Pallavpuram Phase 2, Meerut - UPPCB",07-09-2026 15:00:00,29.06351,77.709723,OZONE,48,84,69
India,Uttar Pradesh,Meerut,"Ganga Nagar, Meerut - UPPCB",07-09-2026 15:00:00,28.999264,77.7590354,SO2,17,29,23
India,Uttar Pradesh,Modinagar,"SRM University, Modinagar - UPPCB",07-09-2026 15:00:00,28.798171,77.540243,SO2,NA,NA,NA
India,Uttar Pradesh,Moradabad,"Eco Herbal Park, Moradabad - UPPCB",07-09-2026 15:00:00,28.840739,78.697531,NO2,14,28,18
India,Uttar Pradesh,Moradabad,"Eco Herbal Park, Moradabad - UPPCB",07-09-2026 15:00:00,28.840739,78.697531,NH3,6,6,6
India,Uttar Pradesh,Moradabad,"Buddhi Vihar, Moradabad - UPPCB",07-09-2026 15:00:00,28.83526,78.7446,PM2.5,8,35,21
India,Uttar Pradesh,Moradabad,"Buddhi Vihar, Moradabad - UPPCB",07-09-2026 15:00:00,28.83526,78.7446,SO2,34,36,35
India,Uttar Pradesh,Moradabad,"Buddhi Vihar, Moradabad - UPPCB",07-09-2026 15:00:00,28.83526,78.7446,CO,14,16,15
India,Telangana,Hyderabad,"ECIL Kapra, Hyderabad - TSPCB",07-09-2026 15:00:00,17.470431,78.566959,CO,19,21,20
India,Telangana,Hyderabad,"Ramachandrapuram, Hyderabad - TSPCB",07-09-2026 15:00:00,17.528544,78.286195,PM2.5,26,46,30
India,Telangana,Hyderabad,"Kompally Municipal Office, Hyderabad - TSPCB",07-09-2026 15:00:00,17.544899,78.486949,OZONE,9,25,18
India,Telangana,Hyderabad,"Somajiguda, Hyderabad - TSPCB",07-09-2026 15:00:00,17.417094,78.457437,NO2,14,18,17
India,Telangana,Hyderabad,"IDA Pashamylaram, Hyderabad - TSPCB",07-09-2026 15:00:00,17.5316895,78.218939,NO2,6,20,18
India,Telangana,Hyderabad,"Sanathnagar, Hyderabad - TSPCB",07-09-2026 15:00:00,17.4559458,78.4332152,CO,33,42,39
India,Telangana,Hyderabad,"Sanathnagar, Hyderabad - TSPCB",07-09-2026 15:00:00,17.4559458,78.4332152,OZONE,2,96,27
India,Telangana,Hyderabad,"ICRISAT Patancheru, Hyderabad - TSPCB",07-09-2026 15:00:00,17.5184,78.278777,PM10,13,121,48
India,Telangana,Hyderabad,"ICRISAT Patancheru, Hyderabad - TSPCB",07-09-2026 15:00:00,17.5184,78.278777,CO,16,49,36
India,Telangana,Hyderabad,"ICRISAT Patancheru, Hyderabad - TSPCB",07-09-2026 15:00:00,17.5184,78.278777,OZONE,27,83,61
India,Tripura,Agartala,"Bardowali, Agartala - Tripura SPCB",07-09-2026 15:00:00,23.8175497,91.2726974,PM2.5,32,85,56
India,Tripura,Agartala,"Bardowali, Agartala - Tripura SPCB",07-09-2026 15:00:00,23.8175497,91.2726974,PM10,44,132,77
India,Tripura,Agartala,"Bardowali, Agartala - Tripura SPCB",07-09-2026 15:00:00,23.8175497,91.2726974,SO2,13,14,14
India,Uttar Pradesh,Agra,"Rohta, Agra - UPPCB",07-09-2026 15:00:00,27.106972,78.000111,PM2.5,11,42,28
India,Uttar Pradesh,Agra,"Rohta, Agra - UPPCB",07-09-2026 15:00:00,27.106972,78.000111,NO2,16,16,16
India,Uttar Pradesh,Agra,"Sector-3B Avas Vikas Colony, Agra - UPPCB",07-09-2026 15:00:00,27.19412,77.96237,NO2,34,38,35
India,Uttar Pradesh,Agra,"Sector-3B Avas Vikas Colony, Agra - UPPCB",07-09-2026 15:00:00,27.19412,77.96237,NH3,4,5,4
India,Sikkim,Gangtok,"Zero Point GICI, Gangtok - SSPCB",07-09-2026 15:00:00,27.33853,88.614099,OZONE,1,3,2
India,Tamil Nadu,Chennai,"Kodungaiyur, Chennai - TNPCB",07-09-2026 15:00:00,13.1278,80.2642,PM2.5,9,62,39
India,Tamil Nadu,Chennai,"Kodungaiyur, Chennai - TNPCB",07-09-2026 15:00:00,13.1278,80.2642,OZONE,25,35,31
India,Tamil Nadu,Chennai,"Arumbakkam, Chennai - TNPCB",07-09-2026 15:00:00,13.0664,80.2112,CO,NA,NA,NA
India,Tamil Nadu,Chennai,"Velachery Res. Area, Chennai - CPCB",07-09-2026 15:00:00,13.0052189,80.2398125,PM2.5,46,46,46
India,Tamil Nadu,Chennai,"Velachery Res. Area, Chennai - CPCB",07-09-2026 15:00:00,13.0052189,80.2398125,NO2,11,12,11
India,Tamil Nadu,Chennai,"Velachery Res. Area, Chennai - CPCB",07-09-2026 15:00:00,13.0052189,80.2398125,NH3,2,3,2
India,Tamil Nadu,Chennai,"Velachery Res. Area, Chennai - CPCB",07-09-2026 15:00:00,13.0052189,80.2398125,SO2,4,7,5
India,Tamil Nadu,Chennai,"Velachery Res. Area, Chennai - CPCB",07-09-2026 15:00:00,13.0052189,80.2398125,OZONE,8,14,12
India,Tamil Nadu,Chennai,"Perungudi, Chennai - TNPCB",07-09-2026 15:00:00,12.9533,80.2357,NO2,6,11,8
India,Tamil Nadu,Chennai,"Manali Village, Chennai - TNPCB",07-09-2026 15:00:00,13.1662,80.2584,PM10,8,71,37
India,Tamil Nadu,Chennai,"Manali, Chennai - CPCB",07-09-2026 15:00:00,13.164544,80.26285,PM10,NA,NA,NA
India,Tamil Nadu,Chennai,"Manali, Chennai - CPCB",07-09-2026 15:00:00,13.164544,80.26285,NH3,NA,NA,NA
India,Tamil Nadu,Chennai,"Manali, Chennai - CPCB",07-09-2026 15:00:00,13.164544,80.26285,OZONE,9,16,11
India,Tamil Nadu,Chennai,"Royapuram, Chennai - TNPCB",07-09-2026 15:00:00,13.1036,80.2909,NH3,4,4,4
India,Tamil Nadu,Chennai,"Royapuram, Chennai - TNPCB",07-09-2026 15:00:00,13.1036,80.2909,CO,49,57,54
India,Tamil Nadu,Coimbatore,"SIDCO Kurichi, Coimbatore - TNPCB",07-09-2026 15:00:00,10.942451,76.978996,SO2,26,29,28
India,Tamil Nadu,Cuddalore,"Kudikadu, Cuddalore - TNPCB",07-09-2026 15:00:00,11.6829898,79.7532099,PM2.5,NA,NA,NA
India,Tamil Nadu,Cuddalore,"Kudikadu, Cuddalore - TNPCB",07-09-2026 15:00:00,11.6829898,79.7532099,PM10,NA,NA,NA
India,Tamil Nadu,Cuddalore,"Kudikadu, Cuddalore - TNPCB",07-09-2026 15:00:00,11.6829898,79.7532099,SO2,23,24,24
India,Tamil Nadu,Gummidipoondi,"Anthoni Pillai Nagar, Gummidipoondi - TNPCB",07-09-2026 15:00:00,13.4127,80.1081,SO2,1,103,28
India,Telangana,Hyderabad,"Bollaram Industrial Area, Hyderabad - TSPCB",07-09-2026 15:00:00,17.518,78.383,PM10,NA,NA,NA
India,Telangana,Hyderabad,"Zoo Park, Hyderabad - TSPCB",07-09-2026 15:00:00,17.349694,78.451437,PM2.5,NA,NA,NA
India,Telangana,Hyderabad,"Central University, Hyderabad - TSPCB",07-09-2026 15:00:00,17.460103,78.334361,PM10,8,34,17
India,Telangana,Hyderabad,"IITH Kandi, Hyderabad - TSPCB",07-09-2026 15:00:00,17.585705,78.126199,CO,24,27,26
India,Telangana,Hyderabad,"Nacharam_TSIIC IALA, Hyderabad - TSPCB",07-09-2026 15:00:00,17.429398,78.569354,CO,24,31,28
India,Telangana,Hyderabad,"New Malakpet, Hyderabad - TSPCB",07-09-2026 15:00:00,17.37206,78.50864,PM2.5,31,62,38
India,Telangana,Hyderabad,"New Malakpet, Hyderabad - TSPCB",07-09-2026 15:00:00,17.37206,78.50864,CO,24,31,27
India,Telangana,Hyderabad,"New Malakpet, Hyderabad - TSPCB",07-09-2026 15:00:00,17.37206,78.50864,OZONE,14,28,21
India,Telangana,Hyderabad,"Kokapet, Hyderabad - TSPCB",07-09-2026 15:00:00,17.393559,78.339194,PM2.5,31,51,38
India,Telangana,Hyderabad,"Kokapet, Hyderabad - TSPCB",07-09-2026 15:00:00,17.393559,78.339194,NH3,3,3,3
India,Telangana,Hyderabad,"ECIL Kapra, Hyderabad - TSPCB",07-09-2026 15:00:00,17.470431,78.566959,NO2,NA,NA,NA
India,Uttar Pradesh,Moradabad,"Jigar Colony, Moradabad - UPPCB",07-09-2026 15:00:00,28.856664,78.772638,PM2.5,9,37,21
India,Uttar Pradesh,Moradabad,"Jigar Colony, Moradabad - UPPCB",07-09-2026 15:00:00,28.856664,78.772638,PM10,18,42,27
India,Uttar Pradesh,Moradabad,"Jigar Colony, Moradabad - UPPCB",07-09-2026 15:00:00,28.856664,78.772638,NO2,25,25,25
India,Uttar Pradesh,Moradabad,"Kashiram Nagar, Moradabad - UPPCB",07-09-2026 15:00:00,28.849399,78.742362,PM10,18,55,32
India,Uttar Pradesh,Moradabad,"Kashiram Nagar, Moradabad - UPPCB",07-09-2026 15:00:00,28.849399,78.742362,CO,39,45,41
India,Uttar Pradesh,Moradabad,"Employment Office, Moradabad - UPPCB",07-09-2026 15:00:00,28.88528,78.7388,NH3,3,3,3
India,Uttar Pradesh,Moradabad,"Employment Office, Moradabad - UPPCB",07-09-2026 15:00:00,28.88528,78.7388,SO2,34,36,36
India,Uttar Pradesh,Noida,"Sector - 125, Noida - UPPCB",07-09-2026 15:00:00,28.5447608,77.3231257,PM10,11,245,113
India,Uttar Pradesh,Noida,"Sector - 125, Noida - UPPCB",07-09-2026 15:00:00,28.5447608,77.3231257,NO2,16,18,17
India,Uttar Pradesh,Noida,"Sector - 62, Noida - IITM",07-09-2026 15:00:00,28.6245479,77.3577104,PM10,14,159,74
India,Uttar Pradesh,Noida,"Sector - 62, Noida - IITM",07-09-2026 15:00:00,28.6245479,77.3577104,SO2,NA,NA,NA
India,Uttar Pradesh,Noida,"Sector-1, Noida - UPPCB",07-09-2026 15:00:00,28.5898,77.3101,PM2.5,39,322,95
India,Uttar Pradesh,Noida,"Sector-1, Noida - UPPCB",07-09-2026 15:00:00,28.5898,77.3101,OZONE,24,153,98
India,Uttar Pradesh,Noida,"Sector-116, Noida - UPPCB",07-09-2026 15:00:00,28.56923,77.393848,CO,14,89,50
India,Uttar Pradesh,Prayagraj,"Motilal Nehru NIT, Prayagraj - UPPCB",07-09-2026 15:00:00,25.494,81.863,PM2.5,5,16,13
India,Uttar Pradesh,Prayagraj,"Motilal Nehru NIT, Prayagraj - UPPCB",07-09-2026 15:00:00,25.494,81.863,NH3,8,8,8
India,Uttar Pradesh,Prayagraj,"Nagar Nigam, Prayagraj - UPPCB",07-09-2026 15:00:00,25.44919916,81.82735986,OZONE,11,30,15
India,Uttar Pradesh,Prayagraj,"Jhunsi, Prayagraj - UPPCB",07-09-2026 15:00:00,25.425602,81.917152,PM2.5,2,53,20
India,Uttar Pradesh,Prayagraj,"Jhunsi, Prayagraj - UPPCB",07-09-2026 15:00:00,25.425602,81.917152,OZONE,36,48,43
India,Uttar Pradesh,Raebareli,"Anand Nagar, Raebareli - UPPCB",07-09-2026 15:00:00,26.219512,81.237648,NH3,NA,NA,NA
India,Uttar Pradesh,Raebareli,"Anand Nagar, Raebareli - UPPCB",07-09-2026 15:00:00,26.219512,81.237648,OZONE,50,72,63
India,Uttar Pradesh,Shamli,"New Tehsil, Shamli - UPPCB",07-09-2026 15:00:00,29.4603683,77.3410291,NH3,0,1,1
India,Uttar Pradesh,Varanasi,"Bhelupur, Varanasi - UPPCB",07-09-2026 15:00:00,25.301778,82.996789,SO2,28,33,29
India,Uttar Pradesh,Varanasi,"Maldahiya, Varanasi - UPPCB",07-09-2026 15:00:00,25.32393,82.99687,PM10,25,126,62
India,Uttar Pradesh,Varanasi,"Maldahiya, Varanasi - UPPCB",07-09-2026 15:00:00,25.32393,82.99687,NO2,2,4,3
India,Uttar Pradesh,Varanasi,"Ardhali Bazar, Varanasi - UPPCB",07-09-2026 15:00:00,25.3505986,82.9083074,PM10,NA,NA,NA
India,Uttar Pradesh,Varanasi,"IESD Banaras Hindu University, Varanasi - UPPCB",07-09-2026 15:00:00,25.262326,82.995408,NO2,2,2,2
India,Uttar Pradesh,Vrindavan,"Omex Eternity, Vrindavan - UPPCB",07-09-2026 15:00:00,27.571409,77.655757,CO,3,7,6
India,Uttarakhand,Dehradun,"Doon University, Dehradun - UKPCB",07-09-2026 15:00:00,30.269444,78.044167,SO2,0,1,1
India,Uttarakhand,Dehradun,"Doon University, Dehradun - UKPCB",07-09-2026 15:00:00,30.269444,78.044167,OZONE,6,30,20
India,Uttarakhand,Kashipur,"Govt. Girls Inter College, Kashipur - UKPCB",07-09-2026 15:00:00,29.2124114,78.9611753,SO2,NA,NA,NA
India,Uttarakhand,Rishikesh,"Shivaji Nagar, Rishikesh - UKPCB",07-09-2026 15:00:00,30.075911,78.2859547,PM2.5,2,2,2
India,Uttarakhand,Rishikesh,"Shivaji Nagar, Rishikesh - UKPCB",07-09-2026 15:00:00,30.075911,78.2859547,SO2,1,1,1
India,West Bengal,Asansol,"Asansol Court Area, Asansol - WBPCB",07-09-2026 15:00:00,23.685297,86.945968,NH3,2,7,4
India,West Bengal,Asansol,"Asansol Court Area, Asansol - WBPCB",07-09-2026 15:00:00,23.685297,86.945968,SO2,10,18,13
India,West Bengal,Durgapur,"Mahishkapur Road_B-Zone, Durgapur - WBPCB",07-09-2026 15:00:00,23.567923,87.306843,NH3,0,1,1
India,West Bengal,Durgapur,"Womens College_City Center, Durgapur - WBPCB",07-09-2026 15:00:00,23.549395,87.300496,NO2,29,44,37
India,West Bengal,Durgapur,"Womens College_City Center, Durgapur - WBPCB",07-09-2026 15:00:00,23.549395,87.300496,OZONE,19,20,19
India,West Bengal,Haldia,"Priyambada Housing Estate, Haldia - WBPCB",07-09-2026 15:00:00,22.06047,88.109737,NO2,9,43,17
India,West Bengal,Haldia,"Priyambada Housing Estate, Haldia - WBPCB",07-09-2026 15:00:00,22.06047,88.109737,CO,27,30,28
India,West Bengal,Howrah,"Belur Math, Howrah - WBPCB",07-09-2026 15:00:00,22.629801,88.352017,NO2,30,57,42
India,West Bengal,Howrah,"Dasnagar, Howrah - WBPCB",07-09-2026 15:00:00,22.6025571,88.3105664,PM10,14,109,70
India,West Bengal,Howrah,"Dasnagar, Howrah - WBPCB",07-09-2026 15:00:00,22.6025571,88.3105664,SO2,3,4,4
India,West Bengal,Howrah,"Botanical Garden, Howrah - WBPCB",07-09-2026 15:00:00,22.554954,88.292568,PM10,63,120,91
India,West Bengal,Howrah,"Botanical Garden, Howrah - WBPCB",07-09-2026 15:00:00,22.554954,88.292568,SO2,3,5,3
India,West Bengal,Howrah,"Ghusuri, Howrah - WBPCB",07-09-2026 15:00:00,22.611968,88.347422,NO2,40,80,56
India,West Bengal,Howrah,"Ghusuri, Howrah - WBPCB",07-09-2026 15:00:00,22.611968,88.347422,SO2,9,111,15
India,West Bengal,Howrah,"Ghusuri, Howrah - WBPCB",07-09-2026 15:00:00,22.611968,88.347422,OZONE,19,33,23
India,West Bengal,Howrah,"Padmapukur, Howrah - WBPCB",07-09-2026 15:00:00,22.5687319,88.2797276,NH3,3,11,7
India,West Bengal,Howrah,"Padmapukur, Howrah - WBPCB",07-09-2026 15:00:00,22.5687319,88.2797276,CO,50,89,65
India,West Bengal,Kolkata,"Bidhannagar, Kolkata - WBPCB",07-09-2026 15:00:00,22.58157048,88.41002457,NO2,4,17,14
India,West Bengal,Kolkata,"Bidhannagar, Kolkata - WBPCB",07-09-2026 15:00:00,22.58157048,88.41002457,SO2,6,10,8
India,West Bengal,Kolkata,"Bidhannagar, Kolkata - WBPCB",07-09-2026 15:00:00,22.58157048,88.41002457,CO,21,28,25
India,West Bengal,Kolkata,"Rabindra Bharati University, Kolkata - WBPCB",07-09-2026 15:00:00,22.627847,88.380669,SO2,7,10,9
India,West Bengal,Kolkata,"Fort William, Kolkata - WBPCB",07-09-2026 15:00:00,22.55664,88.342674,PM2.5,38,64,51
India,West Bengal,Kolkata,"Fort William, Kolkata - WBPCB",07-09-2026 15:00:00,22.55664,88.342674,PM10,40,67,54
India,West Bengal,Kolkata,"Fort William, Kolkata - WBPCB",07-09-2026 15:00:00,22.55664,88.342674,NO2,12,23,17
India,West Bengal,Kolkata,"Fort William, Kolkata - WBPCB",07-09-2026 15:00:00,22.55664,88.342674,CO,18,31,25
India,Andhra Pradesh,Anantapur,"Gulzarpet, Anantapur - APPCB",07-09-2026 15:00:00,14.675886,77.593027,SO2,12,20,17
India,Andhra Pradesh,Anantapur,"Gulzarpet, Anantapur - APPCB",07-09-2026 15:00:00,14.675886,77.593027,CO,30,41,35
India,Andhra Pradesh,Anantapur,"Gulzarpet, Anantapur - APPCB",07-09-2026 15:00:00,14.675886,77.593027,OZONE,13,48,30
India,Andhra Pradesh,Chittoor,"Gangineni Cheruvu, Chittoor - APPCB",07-09-2026 15:00:00,13.20488,79.097889,PM2.5,55,70,56
India,Andhra Pradesh,Kakinada,"Rama Rao Peta, Kakinada - APPCB",07-09-2026 15:00:00,16.962488,82.229513,NH3,3,4,4
India,Andhra Pradesh,Kakinada,"Rama Rao Peta, Kakinada - APPCB",07-09-2026 15:00:00,16.962488,82.229513,CO,6,26,14
India,Andhra Pradesh,Kurnool,"Sita Rama Nagar, Kurnool - APPCB",07-09-2026 15:00:00,15.83411,78.028546,NO2,24,42,29
India,Andhra Pradesh,Nellore,"Ambedkar Nagar, Nellore - APPCB ",07-09-2026 15:00:00,14.438164,79.966814,NH3,5,7,7
India,Andhra Pradesh,Nellore,"Ambedkar Nagar, Nellore - APPCB ",07-09-2026 15:00:00,14.438164,79.966814,SO2,10,19,11
India,Andhra Pradesh,Nellore,"Ambedkar Nagar, Nellore - APPCB ",07-09-2026 15:00:00,14.438164,79.966814,OZONE,43,58,49
India,Andhra Pradesh,Rajamahendravaram,"Anand Kala Kshetram, Rajamahendravaram - APPCB",07-09-2026 15:00:00,16.9872867,81.7363176,NO2,4,20,10
India,Andhra Pradesh,Rajamahendravaram,"Anand Kala Kshetram, Rajamahendravaram - APPCB",07-09-2026 15:00:00,16.9872867,81.7363176,OZONE,11,69,44
India,Andhra Pradesh,Tirumala,"Toll Gate, Tirumala - APPCB",07-09-2026 15:00:00,13.67,79.35,NO2,32,78,53
India,Andhra Pradesh,Tirumala,"Toll Gate, Tirumala - APPCB",07-09-2026 15:00:00,13.67,79.35,SO2,3,6,5
India,Andhra Pradesh,Tirupati,"Vaikuntapuram, Tirupati - APPCB",07-09-2026 15:00:00,13.615387,79.40923,PM2.5,NA,NA,NA
India,Andhra Pradesh,Tirupati,"Vaikuntapuram, Tirupati - APPCB",07-09-2026 15:00:00,13.615387,79.40923,PM10,NA,NA,NA
India,Andhra Pradesh,Tirupati,"Vaikuntapuram, Tirupati - APPCB",07-09-2026 15:00:00,13.615387,79.40923,NO2,NA,NA,NA
India,Andhra Pradesh,Vijayawada,"Rajiv Nagar, Vijayawada - APPCB",07-09-2026 15:00:00,16.554731,80.64911,PM10,58,71,62
India,Andhra Pradesh,Vijayawada,"Rajiv Nagar, Vijayawada - APPCB",07-09-2026 15:00:00,16.554731,80.64911,NO2,14,26,15
India,Andhra Pradesh,Vijayawada,"Rajiv Nagar, Vijayawada - APPCB",07-09-2026 15:00:00,16.554731,80.64911,OZONE,31,41,34
India,Andhra Pradesh,Vijayawada,"HB Colony, Vijayawada - APPCB",07-09-2026 15:00:00,16.536107,80.594233,PM2.5,NA,NA,NA
India,Andhra Pradesh,Vijayawada,"HB Colony, Vijayawada - APPCB",07-09-2026 15:00:00,16.536107,80.594233,NO2,NA,NA,NA
India,Andhra Pradesh,Vijayawada,"HB Colony, Vijayawada - APPCB",07-09-2026 15:00:00,16.536107,80.594233,SO2,NA,NA,NA
India,Bihar,Purnia,"Mariam Nagar, Purnia - BSPCB",07-09-2026 15:00:00,25.366336,87.117468,PM2.5,47,47,47
India,Bihar,Purnia,"Mariam Nagar, Purnia - BSPCB",07-09-2026 15:00:00,25.366336,87.117468,SO2,16,17,17
India,Bihar,Rajgir,"Dangi Tola, Rajgir - BSPCB",07-09-2026 15:00:00,25.0328,85.41948,NO2,11,15,14
India,Bihar,Rajgir,"Dangi Tola, Rajgir - BSPCB",07-09-2026 15:00:00,25.0328,85.41948,CO,34,53,43
India,Bihar,Saharsa,"Police Line, Saharsa - BSPCB",07-09-2026 15:00:00,25.892357,86.590325,PM10,NA,NA,NA
India,Bihar,Saharsa,"Police Line, Saharsa - BSPCB",07-09-2026 15:00:00,25.892357,86.590325,NO2,4,8,7
India,Bihar,Saharsa,"Police Line, Saharsa - BSPCB",07-09-2026 15:00:00,25.892357,86.590325,CO,39,45,42
India,Bihar,Sasaram,"Dada Peer, Sasaram - BSPCB",07-09-2026 15:00:00,24.952822,84.002396,PM2.5,9,373,139
India,Bihar,Sasaram,"Dada Peer, Sasaram - BSPCB",07-09-2026 15:00:00,24.952822,84.002396,OZONE,NA,NA,NA
India,Bihar,Siwan,"Chitragupta Nagar, Siwan - BSPCB",07-09-2026 15:00:00,26.2271665,84.3570427,NO2,NA,NA,NA
India,Bihar,Siwan,"Chitragupta Nagar, Siwan - BSPCB",07-09-2026 15:00:00,26.2271665,84.3570427,SO2,NA,NA,NA
India,Chandigarh,Chandigarh,"Sector 22, Chandigarh - CPCC",07-09-2026 15:00:00,30.735567,76.775714,OZONE,11,22,17
India,Chandigarh,Chandigarh,"Sector-25, Chandigarh - CPCC",07-09-2026 15:00:00,30.751462,76.762879,SO2,4,8,6
India,Chandigarh,Chandigarh,"Sector-53, Chandigarh - CPCC",07-09-2026 15:00:00,30.719859,76.738637,PM2.5,5,33,15
India,Chandigarh,Chandigarh,"Sector-53, Chandigarh - CPCC",07-09-2026 15:00:00,30.719859,76.738637,OZONE,4,30,16
India,Chhattisgarh,Bhilai,"32Bungalows, Bhilai - CECB",07-09-2026 15:00:00,21.194815,81.31477,SO2,4,16,6
India,Chhattisgarh,Bhilai,"32Bungalows, Bhilai - CECB",07-09-2026 15:00:00,21.194815,81.31477,OZONE,13,35,24
India,Chhattisgarh,Bhilai,"Hathkhoj, Bhilai - CECB",07-09-2026 15:00:00,21.224231,81.40835,NO2,6,28,13
India,Chhattisgarh,Bhilai,"Hathkhoj, Bhilai - CECB",07-09-2026 15:00:00,21.224231,81.40835,NH3,4,9,7
India,Chhattisgarh,Bilaspur,"Mangala, Bilaspur - NTPC",07-09-2026 15:00:00,22.08815,82.13737,PM2.5,23,65,40
India,Chhattisgarh,Chhal,"Nawapara SECL Colony, Chhal - CECB",07-09-2026 15:00:00,22.118125,83.140608,PM10,NA,NA,NA
India,Chhattisgarh,Korba,"Urja Nagar, Korba - CECB",07-09-2026 15:00:00,22.348441,82.549611,PM10,44,105,65
India,Chhattisgarh,Korba,"Urja Nagar, Korba - CECB",07-09-2026 15:00:00,22.348441,82.549611,SO2,8,12,10
India,Chhattisgarh,Korba,"Rampur, Korba - CECB",07-09-2026 15:00:00,22.368195,82.746431,PM10,19,88,44
India,Chhattisgarh,Korba,"Rampur, Korba - CECB",07-09-2026 15:00:00,22.368195,82.746431,OZONE,9,36,26
India,Chhattisgarh,Kunjemura,"OP Jindal School, Kunjemura - CECB",07-09-2026 15:00:00,22.12665,83.483212,PM2.5,13,34,25
India,Chhattisgarh,Milupara,"Govt. Higher Secondary School, Milupara - CECB",07-09-2026 15:00:00,22.1910172,83.5197009,NH3,NA,NA,NA
India,Chhattisgarh,Milupara,"Govt. Higher Secondary School, Milupara - CECB",07-09-2026 15:00:00,22.1910172,83.5197009,SO2,NA,NA,NA
India,Chhattisgarh,Raipur,"Krishak Nagar, Raipur - CECB",07-09-2026 15:00:00,21.237755,81.705301,PM2.5,20,38,30
India,Chhattisgarh,Raipur,"AIIMS, Raipur - CECB",07-09-2026 15:00:00,21.258815,81.578979,PM2.5,16,30,22
India,Chhattisgarh,Raipur,"AIIMS, Raipur - CECB",07-09-2026 15:00:00,21.258815,81.578979,CO,13,21,18
India,Chhattisgarh,Raipur,"AIIMS, Raipur - CECB",07-09-2026 15:00:00,21.258815,81.578979,OZONE,13,19,15
India,Chhattisgarh,Tumidih,"OP Jindal Industrial Park, Tumidih - CECB",07-09-2026 15:00:00,22.06631475,83.33820077,PM10,28,88,56
India,Chhattisgarh,Tumidih,"OP Jindal Industrial Park, Tumidih - CECB",07-09-2026 15:00:00,22.06631475,83.33820077,NO2,11,76,31
India,Chhattisgarh,Tumidih,"OP Jindal Industrial Park, Tumidih - CECB",07-09-2026 15:00:00,22.06631475,83.33820077,NH3,1,2,2
India,Chhattisgarh,Tumidih,"OP Jindal Industrial Park, Tumidih - CECB",07-09-2026 15:00:00,22.06631475,83.33820077,OZONE,5,8,6
India,Delhi,Delhi,"ITO, Delhi - CPCB",07-09-2026 15:00:00,28.628624,77.24106,CO,34,78,48
India,Delhi,Delhi,"Narela, Delhi - DPCC",07-09-2026 15:00:00,28.822836,77.101981,NH3,2,12,7
India,Delhi,Delhi,"Narela, Delhi - DPCC",07-09-2026 15:00:00,28.822836,77.101981,SO2,2,15,9
India,Delhi,Delhi,"Narela, Delhi - DPCC",07-09-2026 15:00:00,28.822836,77.101981,CO,31,80,56
India,Bihar,Gaya,"Kareemganj, Gaya - BSPCB",07-09-2026 15:00:00,24.792403,84.992416,CO,29,29,29
India,Bihar,Hajipur,"Industrial Area, Hajipur - BSPCB",07-09-2026 15:00:00,25.697189,85.2459,NH3,12,18,15
India,Bihar,Hajipur,"Industrial Area, Hajipur - BSPCB",07-09-2026 15:00:00,25.697189,85.2459,OZONE,24,51,42
India,Bihar,Katihar,"Mirchaibari, Katihar - BSPCB",07-09-2026 15:00:00,25.560083,87.553265,OZONE,23,43,28
India,Bihar,Kishanganj,"SDM Office_Khagra, Kishanganj - BSPCB",07-09-2026 15:00:00,26.0881305,87.93840336,CO,39,46,42
India,Bihar,Manguraha,"Forest Rest House, Manguraha - BSPCB",07-09-2026 15:00:00,27.308328,84.531742,SO2,NA,NA,NA
India,Bihar,Manguraha,"Forest Rest House, Manguraha - BSPCB",07-09-2026 15:00:00,27.308328,84.531742,CO,13,31,24
India,Bihar,Munger,"Town Hall, Munger - BSPCB",07-09-2026 15:00:00,25.376776,86.471523,PM10,2,207,78
India,Bihar,Munger,"Town Hall, Munger - BSPCB",07-09-2026 15:00:00,25.376776,86.471523,NH3,3,3,3
India,Bihar,Muzaffarpur,"Buddha Colony, Muzaffarpur - BSPCB",07-09-2026 15:00:00,26.11442,85.39813,SO2,3,8,5
India,Bihar,Patna,"Rajbansi Nagar, Patna - BSPCB",07-09-2026 15:00:00,25.599486,85.113666,NO2,29,33,31
India,Bihar,Patna,"Rajbansi Nagar, Patna - BSPCB",07-09-2026 15:00:00,25.599486,85.113666,OZONE,27,28,27
India,Bihar,Patna,"Govt. High School Shikarpur, Patna - BSPCB",07-09-2026 15:00:00,25.592539,85.227158,PM2.5,37,45,41
India,Bihar,Patna,"Govt. High School Shikarpur, Patna - BSPCB",07-09-2026 15:00:00,25.592539,85.227158,PM10,50,95,75
India,Bihar,Patna,"Govt. High School Shikarpur, Patna - BSPCB",07-09-2026 15:00:00,25.592539,85.227158,NH3,6,7,6
India,Bihar,Patna,"Samanpura, Patna - BSPCB",07-09-2026 15:00:00,25.596727,85.085624,NO2,24,25,24
India,Delhi,Delhi,"Nehru Nagar, Delhi - DPCC",07-09-2026 15:00:00,28.56789,77.250515,OZONE,7,85,49
India,Delhi,Delhi,"Jawaharlal Nehru Stadium, Delhi - DPCC",07-09-2026 15:00:00,28.58028,77.233829,PM2.5,12,78,45
India,Delhi,Delhi,"Jawaharlal Nehru Stadium, Delhi - DPCC",07-09-2026 15:00:00,28.58028,77.233829,OZONE,7,58,41
India,Delhi,Delhi,"Najafgarh, Delhi - DPCC",07-09-2026 15:00:00,28.570173,76.933762,PM10,1,62,30
India,Delhi,Delhi,"Wazirpur, Delhi - DPCC",07-09-2026 15:00:00,28.699793,77.165453,SO2,24,30,27
India,Delhi,Delhi,"NSUT Jaffarpur, Delhi - DPCC",07-09-2026 15:00:00,28.594004,76.909423,NO2,4,34,18
India,Delhi,Delhi,"NSUT Jaffarpur, Delhi - DPCC",07-09-2026 15:00:00,28.594004,76.909423,OZONE,7,40,29
India,Delhi,Delhi,"Mundka, Delhi - DPCC",07-09-2026 15:00:00,28.684678,77.076574,PM10,16,262,119
India,Delhi,Delhi,"Punjabi Bagh, Delhi - DPCC",07-09-2026 15:00:00,28.674045,77.131023,OZONE,16,47,33
India,Delhi,Delhi,"Ashok Vihar, Delhi - DPCC",07-09-2026 15:00:00,28.695381,77.181665,NO2,12,65,31
India,Delhi,Delhi,"Ashok Vihar, Delhi - DPCC",07-09-2026 15:00:00,28.695381,77.181665,CO,39,93,56
India,Delhi,Delhi,"Anand Vihar, Delhi - DPCC",07-09-2026 15:00:00,28.647622,77.315809,NH3,2,4,3
India,Delhi,Delhi,"Anand Vihar, Delhi - DPCC",07-09-2026 15:00:00,28.647622,77.315809,CO,32,83,52
India,Delhi,Delhi,"Shadipur, Delhi - CPCB",07-09-2026 15:00:00,28.6514781,77.1473105,PM2.5,18,69,36
India,Delhi,Delhi,"Shadipur, Delhi - CPCB",07-09-2026 15:00:00,28.6514781,77.1473105,NO2,24,166,53
India,Delhi,Delhi,"Shadipur, Delhi - CPCB",07-09-2026 15:00:00,28.6514781,77.1473105,SO2,2,21,12
India,Delhi,Delhi,"Mandir Marg, Delhi - DPCC",07-09-2026 15:00:00,28.636429,77.201067,PM10,23,134,79
India,Delhi,Delhi,"Mandir Marg, Delhi - DPCC",07-09-2026 15:00:00,28.636429,77.201067,OZONE,2,40,21
India,Delhi,Delhi,"Sirifort, Delhi - CPCB",07-09-2026 15:00:00,28.5504249,77.2159377,CO,31,60,43
India,Delhi,Delhi,"Chandni Chowk, Delhi - IITM",07-09-2026 15:00:00,28.656756,77.227234,NO2,7,25,13
India,Delhi,Delhi,"Pusa, Delhi - IITM",07-09-2026 15:00:00,28.63611,77.173332,NO2,NA,NA,NA
India,Delhi,Delhi,"Pusa, Delhi - IITM",07-09-2026 15:00:00,28.63611,77.173332,NH3,NA,NA,NA
India,Delhi,Delhi,"Pusa, Delhi - IITM",07-09-2026 15:00:00,28.63611,77.173332,CO,31,40,33
India,Delhi,Delhi,"Pusa, Delhi - IITM",07-09-2026 15:00:00,28.63611,77.173332,OZONE,117,151,134
India,Delhi,Delhi,"Dr. Karni Singh Shooting Range, Delhi - DPCC",07-09-2026 15:00:00,28.498571,77.26484,PM2.5,10,110,41
India,Delhi,Delhi,"Dr. Karni Singh Shooting Range, Delhi - DPCC",07-09-2026 15:00:00,28.498571,77.26484,NH3,4,7,5
India,Delhi,Delhi,"Dr. Karni Singh Shooting Range, Delhi - DPCC",07-09-2026 15:00:00,28.498571,77.26484,SO2,1,9,5
India,Delhi,Delhi,"IGI Airport (T3), Delhi - IITM",07-09-2026 15:00:00,28.5627763,77.1180053,PM10,18,114,82
India,Delhi,Delhi,"IGI Airport (T3), Delhi - IITM",07-09-2026 15:00:00,28.5627763,77.1180053,NH3,NA,NA,NA
India,Delhi,Delhi,"IGI Airport (T3), Delhi - IITM",07-09-2026 15:00:00,28.5627763,77.1180053,OZONE,26,153,90
India,Delhi,Delhi,"IGNOU_Maidan Garhi, Delhi - DPCC",07-09-2026 15:00:00,28.493624,77.201159,NO2,2,16,8
India,Delhi,Delhi,"Commonwealth Sports Complex, Delhi - DPCC",07-09-2026 15:00:00,28.615828,77.271992,PM10,29,108,76
India,Delhi,Delhi,"NSIT Dwarka, Delhi - CPCB",07-09-2026 15:00:00,28.60909,77.0325413,SO2,11,23,14
India,Delhi,Delhi,"Aya Nagar, Delhi - IITM",07-09-2026 15:00:00,28.4706914,77.1099364,PM2.5,10,71,42
India,Assam,Silchar,"Tarapur, Silchar - PCBA",07-09-2026 15:00:00,24.82827,92.79525,NO2,17,19,19
India,Assam,Silchar,"Tarapur, Silchar - PCBA",07-09-2026 15:00:00,24.82827,92.79525,NH3,1,1,1
India,Bihar,Araria,"Kharahiya Basti, Araria - BSPCB",07-09-2026 15:00:00,26.146529,87.454184,NO2,11,18,14
India,Bihar,Araria,"Kharahiya Basti, Araria - BSPCB",07-09-2026 15:00:00,26.146529,87.454184,CO,20,33,26
India,Bihar,Begusarai,"Lohiyanagar, Begusarai - BSPCB",07-09-2026 15:00:00,25.42742023,86.13886079,NH3,2,3,3
India,Bihar,Begusarai,"Lohiyanagar, Begusarai - BSPCB",07-09-2026 15:00:00,25.42742023,86.13886079,OZONE,14,38,26
India,Bihar,Bettiah,"Kamalnath Nagar, Bettiah - BSPCB",07-09-2026 15:00:00,26.80365,84.51954,OZONE,11,38,18
India,Bihar,Bhagalpur,"Mayaganj, Bhagalpur - BSPCB",07-09-2026 15:00:00,25.265194,87.012947,PM10,NA,NA,NA
India,Bihar,Bhagalpur,"Mayaganj, Bhagalpur - BSPCB",07-09-2026 15:00:00,25.265194,87.012947,NO2,20,22,21
India,Bihar,Bhagalpur,"Mayaganj, Bhagalpur - BSPCB",07-09-2026 15:00:00,25.265194,87.012947,NH3,4,4,4
India,Bihar,Bhagalpur,"Mayaganj, Bhagalpur - BSPCB",07-09-2026 15:00:00,25.265194,87.012947,SO2,NA,NA,NA
India,Bihar,Bhagalpur,"DM Office_Kachari Chowk, Bhagalpur - BSPCB",07-09-2026 15:00:00,25.251013,86.989001,OZONE,18,19,18
India,Bihar,Bihar Sharif,"D M Colony, Bihar Sharif - BSPCB",07-09-2026 15:00:00,25.204762,85.51496,PM10,NA,NA,NA
India,Bihar,Bihar Sharif,"D M Colony, Bihar Sharif - BSPCB",07-09-2026 15:00:00,25.204762,85.51496,NO2,9,10,9
India,Bihar,Bihar Sharif,"D M Colony, Bihar Sharif - BSPCB",07-09-2026 15:00:00,25.204762,85.51496,OZONE,1,2,2
India,Bihar,Gaya,"Kareemganj, Gaya - BSPCB",07-09-2026 15:00:00,24.792403,84.992416,PM10,NA,NA,NA
India,Delhi,Delhi,"Cantonment Area, Delhi - DPCC",07-09-2026 15:00:00,28.594169,77.1251,SO2,5,6,5
India,Delhi,Delhi,"Major Dhyan Chand National Stadium, Delhi - DPCC",07-09-2026 15:00:00,28.611281,77.237738,NO2,24,71,41
India,Delhi,Delhi,"Major Dhyan Chand National Stadium, Delhi - DPCC",07-09-2026 15:00:00,28.611281,77.237738,OZONE,3,46,27
India,Delhi,Delhi,"Sonia Vihar, Delhi - DPCC",07-09-2026 15:00:00,28.710508,77.249485,NH3,12,15,13
India,Delhi,Delhi,"Sonia Vihar, Delhi - DPCC",07-09-2026 15:00:00,28.710508,77.249485,CO,63,112,89
India,Delhi,Delhi,"Sonia Vihar, Delhi - DPCC",07-09-2026 15:00:00,28.710508,77.249485,OZONE,NA,NA,NA
India,Delhi,Delhi,"Bawana, Delhi - DPCC",07-09-2026 15:00:00,28.7762,77.051074,NO2,2,12,7
India,Delhi,Delhi,"Jahangirpuri, Delhi - DPCC",07-09-2026 15:00:00,28.73282,77.170633,PM10,3,133,82
India,Delhi,Delhi,"Jahangirpuri, Delhi - DPCC",07-09-2026 15:00:00,28.73282,77.170633,SO2,25,51,37
India,Delhi,Delhi,"IHBAS, Dilshad Garden, Delhi - CPCB",07-09-2026 15:00:00,28.6811736,77.3025234,CO,12,37,28
India,Delhi,Delhi,"Sri Aurobindo Marg, Delhi - DPCC",07-09-2026 15:00:00,28.531346,77.190156,PM2.5,5,68,31
India,Andhra Pradesh,Vijayawada,"Rajiv Gandhi Park, Vijayawada - APPCB",07-09-2026 15:00:00,16.509717,80.612222,NH3,5,7,6
India,Andhra Pradesh,Visakhapatnam,"GVM Corporation, Visakhapatnam - APPCB",07-09-2026 15:00:00,17.72,83.3,CO,1,8,4
India,Andhra Pradesh,Visakhapatnam,"GVM Corporation, Visakhapatnam - APPCB",07-09-2026 15:00:00,17.72,83.3,OZONE,2,60,39
India,Assam,Byrnihat,"Central Academy for SFS, Byrnihat - PCBA",07-09-2026 15:00:00,26.071318,91.87488,PM10,54,95,80
India,Assam,Byrnihat,"Central Academy for SFS, Byrnihat - PCBA",07-09-2026 15:00:00,26.071318,91.87488,NH3,4,5,4
India,Assam,Byrnihat,"Central Academy for SFS, Byrnihat - PCBA",07-09-2026 15:00:00,26.071318,91.87488,SO2,7,32,30
India,Assam,Guwahati,"IITG, Guwahati - PCBA",07-09-2026 15:00:00,26.2028636,91.70046436,PM10,8,34,16
India,Assam,Guwahati,"Railway Colony, Guwahati - PCBA",07-09-2026 15:00:00,26.181742,91.78063,NO2,3,3,3
India,Andhra Pradesh,Amaravati,"Secretariat, Amaravati - APPCB",07-09-2026 15:00:00,16.5150833,80.5181667,SO2,2,10,4
India,Andhra Pradesh,Amaravati,"Secretariat, Amaravati - APPCB",07-09-2026 15:00:00,16.5150833,80.5181667,CO,14,22,17
India,Andhra Pradesh,Amaravati,"Secretariat, Amaravati - APPCB",07-09-2026 15:00:00,16.5150833,80.5181667,OZONE,18,48,40
India,Andhra Pradesh,Anantapur,"Gulzarpet, Anantapur - APPCB",07-09-2026 15:00:00,14.675886,77.593027,PM10,55,110,78
India,Karnataka,Bengaluru,"Bapuji Nagar, Bengaluru - KSPCB",07-09-2026 15:00:00,12.951913,77.539784,OZONE,22,29,26
India,Karnataka,Chamarajanagar,"Urban, Chamarajanagar - KSPCB",07-09-2026 15:00:00,11.55358,76.55521,PM10,29,50,41
India,Karnataka,Chamarajanagar,"Urban, Chamarajanagar - KSPCB",07-09-2026 15:00:00,11.55358,76.55521,NO2,15,35,25
India,Karnataka,Chamarajanagar,"Urban, Chamarajanagar - KSPCB",07-09-2026 15:00:00,11.55358,76.55521,SO2,2,5,4
India,Karnataka,Chikkaballapur,"Chikkaballapur Rural, Chikkaballapur - KSPCB",07-09-2026 15:00:00,13.428828,77.731418,PM2.5,NA,NA,NA
India,Karnataka,Chikkaballapur,"Chikkaballapur Rural, Chikkaballapur - KSPCB",07-09-2026 15:00:00,13.428828,77.731418,NO2,NA,NA,NA
India,Karnataka,Dharwad,"Kalabhavan, Dharwad - KSPCB",07-09-2026 15:00:00,15.459706,75.008381,PM10,58,211,74
India,Karnataka,Dharwad,"Kalabhavan, Dharwad - KSPCB",07-09-2026 15:00:00,15.459706,75.008381,NO2,19,25,20
India,Karnataka,Gadag,"Panchal Nagar, Gadag - KSPCB",07-09-2026 15:00:00,15.411456,75.638133,NO2,21,28,25
India,Karnataka,Gadag,"Panchal Nagar, Gadag - KSPCB",07-09-2026 15:00:00,15.411456,75.638133,SO2,29,35,32
India,Karnataka,Gadag,"Panchal Nagar, Gadag - KSPCB",07-09-2026 15:00:00,15.411456,75.638133,OZONE,15,17,16
India,Karnataka,Hubballi,"Lingaraj Nagar, Hubballi - KSPCB",07-09-2026 15:00:00,15.3714823,75.1160168,PM2.5,34,42,38
India,Karnataka,Hubballi,"Lingaraj Nagar, Hubballi - KSPCB",07-09-2026 15:00:00,15.3714823,75.1160168,NO2,7,11,8
India,Karnataka,Hubballi,"Lingaraj Nagar, Hubballi - KSPCB",07-09-2026 15:00:00,15.3714823,75.1160168,NH3,1,2,1
India,Karnataka,Kalaburagi,"Mahatma Basaveswar Colony, Kalaburgi - KSPCB",07-09-2026 15:00:00,17.336318,76.847397,PM2.5,14,43,25
India,Karnataka,Kalaburagi,"Mahatma Basaveswar Colony, Kalaburgi - KSPCB",07-09-2026 15:00:00,17.336318,76.847397,NH3,2,3,2
India,Karnataka,Kalaburagi,"Mahatma Basaveswar Colony, Kalaburgi - KSPCB",07-09-2026 15:00:00,17.336318,76.847397,OZONE,7,16,13
India,Karnataka,Karwar,"KHB Colony, Karwar - KSPCB",07-09-2026 15:00:00,14.816666,74.141003,NH3,1,2,1
India,Karnataka,Mysuru,"Hebbal 1st Stage, Mysuru - KSPCB",07-09-2026 15:00:00,12.21041,76.37376,NO2,NA,NA,NA
India,Karnataka,Mysuru,"Hebbal 1st Stage, Mysuru - KSPCB",07-09-2026 15:00:00,12.21041,76.37376,OZONE,79,88,85
India,Karnataka,Ramanagara,"Vijay Nagar, Ramanagara - KSPCB",07-09-2026 15:00:00,12.733409,77.298051,NO2,NA,NA,NA
India,Karnataka,Ramanagara,"Vijay Nagar, Ramanagara - KSPCB",07-09-2026 15:00:00,12.733409,77.298051,CO,25,36,31
India,Karnataka,Vijayapura,"Ibrahimpur, Vijayapura - KSPCB",07-09-2026 15:00:00,16.802639,75.722694,PM10,42,43,43
India,Haryana,Mandikhera,"General Hospital, Mandikhera(Nuh) - HSPCB",07-09-2026 15:00:00,27.9002,76.9938,NO2,14,18,16
India,Haryana,Mandikhera,"General Hospital, Mandikhera(Nuh) - HSPCB",07-09-2026 15:00:00,27.9002,76.9938,SO2,17,18,17
India,Haryana,Mandikhera,"General Hospital, Mandikhera(Nuh) - HSPCB",07-09-2026 15:00:00,27.9002,76.9938,CO,49,50,50
India,Haryana,Mandikhera,"General Hospital, Mandikhera(Nuh) - HSPCB",07-09-2026 15:00:00,27.9002,76.9938,OZONE,47,48,48
India,Haryana,Narnaul,"Shastri Nagar, Narnaul - HSPCB",07-09-2026 15:00:00,28.060249,76.113115,CO,18,23,22
India,Haryana,Palwal,"Shyam Nagar, Palwal - HSPCB",07-09-2026 15:00:00,28.1485564,77.3320667,PM2.5,21,35,26
India,Haryana,Palwal,"Shyam Nagar, Palwal - HSPCB",07-09-2026 15:00:00,28.1485564,77.3320667,PM10,41,71,50
India,Haryana,Palwal,"Shyam Nagar, Palwal - HSPCB",07-09-2026 15:00:00,28.1485564,77.3320667,OZONE,10,10,10
India,Haryana,Panchkula,"Sector-6, Panchkula - HSPCB ",07-09-2026 15:00:00,30.7057778,76.8531805555555,PM10,NA,NA,NA
India,Haryana,Rohtak,"MD University, Rohtak - HSPCB",07-09-2026 15:00:00,28.52123,76.37138,PM10,14,75,38
India,Haryana,Sirsa,"F-Block, Sirsa - HSPCB",07-09-2026 15:00:00,29.5364,75.0158,NH3,12,17,14
India,Haryana,Sirsa,"F-Block, Sirsa - HSPCB",07-09-2026 15:00:00,29.5364,75.0158,CO,76,100,86
India,Haryana,Sonipat,"Murthal, Sonipat - HSPCB",07-09-2026 15:00:00,29.0272,77.0621,CO,67,90,79
India,Haryana,Yamuna Nagar,"Gobind Pura, Yamuna Nagar - HSPCB",07-09-2026 15:00:00,30.1480566,77.2893471,PM10,66,105,83
India,Haryana,Yamuna Nagar,"Gobind Pura, Yamuna Nagar - HSPCB",07-09-2026 15:00:00,30.1480566,77.2893471,CO,48,53,50
India,Haryana,Yamuna Nagar,"Gobind Pura, Yamuna Nagar - HSPCB",07-09-2026 15:00:00,30.1480566,77.2893471,OZONE,62,65,63
India,Himachal Pradesh,Baddi,"HIMUDA Complex Phase-1, Baddi - HPPCB",07-09-2026 15:00:00,30.943887,76.801991,PM2.5,20,180,80
India,Himachal Pradesh,Baddi,"HIMUDA Complex Phase-1, Baddi - HPPCB",07-09-2026 15:00:00,30.943887,76.801991,NO2,2,24,11
India,Himachal Pradesh,Baddi,"HIMUDA Complex Phase-1, Baddi - HPPCB",07-09-2026 15:00:00,30.943887,76.801991,NH3,2,4,3
India,Jammu and Kashmir,Pampore,"Khrew, Pampore - JKPCC",07-09-2026 15:00:00,34.031606,75.009712,NH3,NA,NA,NA
India,Madhya Pradesh,Gwalior,"City Center, Gwalior - MPPCB",07-09-2026 15:00:00,26.203442,78.193251,NH3,1,2,2
India,Madhya Pradesh,Gwalior,"City Center, Gwalior - MPPCB",07-09-2026 15:00:00,26.203442,78.193251,OZONE,40,74,55
India,Madhya Pradesh,Gwalior,"Deen Dayal Nagar, Gwalior - MPPCB",07-09-2026 15:00:00,26.259242,78.216432,NO2,31,61,50
India,Madhya Pradesh,Gwalior,"Deen Dayal Nagar, Gwalior - MPPCB",07-09-2026 15:00:00,26.259242,78.216432,NH3,3,7,5
India,Madhya Pradesh,Gwalior,"Deen Dayal Nagar, Gwalior - MPPCB",07-09-2026 15:00:00,26.259242,78.216432,CO,52,57,55
India,Madhya Pradesh,Indore,"Regional Park, Indore - IMC",07-09-2026 15:00:00,22.678,75.8559,PM10,1,38,26
India,Madhya Pradesh,Indore,"Regional Park, Indore - IMC",07-09-2026 15:00:00,22.678,75.8559,NO2,NA,NA,NA
India,Madhya Pradesh,Indore,"Regional Park, Indore - IMC",07-09-2026 15:00:00,22.678,75.8559,NH3,NA,NA,NA
India,Madhya Pradesh,Indore,"Regional Park, Indore - IMC",07-09-2026 15:00:00,22.678,75.8559,SO2,42,54,46
India,Madhya Pradesh,Indore,"Regional Park, Indore - IMC",07-09-2026 15:00:00,22.678,75.8559,CO,NA,NA,NA
India,Madhya Pradesh,Indore,"Chhoti Gwaltoli, Indore - MPPCB",07-09-2026 15:00:00,22.431,75.5213,PM2.5,39,85,58
India,Madhya Pradesh,Indore,"Chhoti Gwaltoli, Indore - MPPCB",07-09-2026 15:00:00,22.431,75.5213,CO,21,51,36
India,Madhya Pradesh,Indore,"Airport Area, Indore - IMC",07-09-2026 15:00:00,22.7289,75.8076,PM2.5,2,397,68
India,Madhya Pradesh,Indore,"Airport Area, Indore - IMC",07-09-2026 15:00:00,22.7289,75.8076,NH3,0,0,0
India,Madhya Pradesh,Indore,"Airport Area, Indore - IMC",07-09-2026 15:00:00,22.7289,75.8076,CO,39,60,49
India,Madhya Pradesh,Indore,"Maguda Nagar, Indore - IMC",07-09-2026 15:00:00,22.7524,75.8872,NO2,0,4,3
India,Madhya Pradesh,Indore,"Residency Area, Indore - IMC",07-09-2026 15:00:00,22.7084,75.8815,NH3,0,0,0
India,Madhya Pradesh,Jabalpur,"Marhatal, Jabalpur - MPPCB",07-09-2026 15:00:00,23.168606,79.932247,PM10,15,33,22
India,Madhya Pradesh,Jabalpur,"Govindh Bhavan Colony, Jabalpur - JMC",07-09-2026 15:00:00,23.163174,79.973061,PM2.5,18,45,31
India,Madhya Pradesh,Jabalpur,"Govindh Bhavan Colony, Jabalpur - JMC",07-09-2026 15:00:00,23.163174,79.973061,PM10,24,54,40
India,Madhya Pradesh,Jabalpur,"Suhagi, Jabalpur - JMC",07-09-2026 15:00:00,23.218135,79.95777,SO2,6,9,7
India,Madhya Pradesh,Maihar,"Sahilara, Maihar - KJS Cements",07-09-2026 15:00:00,24.2613009,80.7231783,PM10,59,60,59
India,Delhi,Delhi,"CRRI Mathura Road, Delhi - IITM",07-09-2026 15:00:00,28.5512005,77.2735737,PM2.5,8,82,50
India,Delhi,Delhi,"CRRI Mathura Road, Delhi - IITM",07-09-2026 15:00:00,28.5512005,77.2735737,PM10,17,139,86
India,Delhi,Delhi,"CRRI Mathura Road, Delhi - IITM",07-09-2026 15:00:00,28.5512005,77.2735737,SO2,NA,NA,NA
India,Delhi,Delhi,"CRRI Mathura Road, Delhi - IITM",07-09-2026 15:00:00,28.5512005,77.2735737,OZONE,15,83,44
India,Delhi,Delhi,"JNU, Delhi - DPCC",07-09-2026 15:00:00,28.540721,77.168544,PM10,5,89,45
India,Delhi,Delhi,"JNU, Delhi - DPCC",07-09-2026 15:00:00,28.540721,77.168544,CO,50,68,56
India,Delhi,Delhi,"North Campus, DU, Delhi - IITM",07-09-2026 15:00:00,28.6573814,77.1585447,PM10,15,132,88
India,Delhi,Delhi,"North Campus, DU, Delhi - IITM",07-09-2026 15:00:00,28.6573814,77.1585447,NO2,58,200,112
India,Delhi,Delhi,"North Campus, DU, Delhi - IITM",07-09-2026 15:00:00,28.6573814,77.1585447,NH3,NA,NA,NA
India,Delhi,Delhi,"North Campus, DU, Delhi - IITM",07-09-2026 15:00:00,28.6573814,77.1585447,OZONE,27,161,106
India,Delhi,Delhi,"R K Puram, Delhi - DPCC",07-09-2026 15:00:00,28.563262,77.186937,SO2,17,21,18
India,Delhi,Delhi,"R K Puram, Delhi - DPCC",07-09-2026 15:00:00,28.563262,77.186937,CO,40,71,53
India,Gujarat,Ahmedabad,"SVPI Airport Hansol, Ahmedabad - IITM",07-09-2026 15:00:00,23.076793,72.627874,NO2,8,43,21
India,Gujarat,Ahmedabad,"Rakhial, Ahmedabad - IITM",07-09-2026 15:00:00,23.016834,72.625775,CO,22,45,37
India,Gujarat,Ahmedabad,"Maninagar, Ahmedabad - GPCB",07-09-2026 15:00:00,23.002657,72.591912,PM2.5,43,292,94
India,Gujarat,Ahmedabad,"Maninagar, Ahmedabad - GPCB",07-09-2026 15:00:00,23.002657,72.591912,CO,82,103,92
India,Gujarat,Ahmedabad,"Chandkheda, Ahmedabad - IITM",07-09-2026 15:00:00,23.107969,72.574648,OZONE,3,20,10
India,Gujarat,Ahmedabad,"SAC ISRO Bopal, Ahmedabad - IITM",07-09-2026 15:00:00,23.041137,72.456691,OZONE,15,28,21
India,Gujarat,Ahmedabad,"SAC ISRO Satellite, Ahmedabad - IITM",07-09-2026 15:00:00,23.023389,72.515201,PM2.5,38,66,48
India,Gujarat,Ahmedabad,"SAC ISRO Satellite, Ahmedabad - IITM",07-09-2026 15:00:00,23.023389,72.515201,NO2,16,24,19
India,Gujarat,Ahmedabad,"SAC ISRO Satellite, Ahmedabad - IITM",07-09-2026 15:00:00,23.023389,72.515201,NH3,1,2,2
India,Haryana,Sirsa,"F-Block, Sirsa - HSPCB",07-09-2026 15:00:00,29.5364,75.0158,NH3,12,17,14
India,Haryana,Sirsa,"F-Block, Sirsa - HSPCB",07-09-2026 15:00:00,29.5364,75.0158,CO,76,100,86
India,Haryana,Sonipat,"Murthal, Sonipat - HSPCB",07-09-2026 15:00:00,29.0272,77.0621,CO,67,90,79
India,Haryana,Yamuna Nagar,"Gobind Pura, Yamuna Nagar - HSPCB",07-09-2026 15:00:00,30.1480566,77.2893471,PM10,66,105,83
India,Delhi,Delhi,"IGI Airport (T3), Delhi - IITM",07-09-2026 15:00:00,28.5627763,77.1180053,PM10,18,114,82
India,Delhi,Delhi,"IGI Airport (T3), Delhi - IITM",07-09-2026 15:00:00,28.5627763,77.1180053,NH3,NA,NA,NA
India,Delhi,Delhi,"IGI Airport (T3), Delhi - IITM",07-09-2026 15:00:00,28.5627763,77.1180053,OZONE,26,153,90
India,Delhi,Delhi,"IGNOU_Maidan Garhi, Delhi - DPCC",07-09-2026 15:00:00,28.493624,77.201159,NO2,2,16,8
India,Delhi,Delhi,"Commonwealth Sports Complex, Delhi - DPCC",07-09-2026 15:00:00,28.615828,77.271992,PM10,29,108,76
India,Delhi,Delhi,"NSIT Dwarka, Delhi - CPCB",07-09-2026 15:00:00,28.60909,77.0325413,SO2,11,23,14
India,Delhi,Delhi,"Aya Nagar, Delhi - IITM",07-09-2026 15:00:00,28.4706914,77.1099364,PM2.5,10,71,42
India,Delhi,Delhi,"CRRI Mathura Road, Delhi - IITM",07-09-2026 15:00:00,28.5512005,77.2735737,PM2.5,8,82,50
India,Delhi,Delhi,"CRRI Mathura Road, Delhi - IITM",07-09-2026 15:00:00,28.5512005,77.2735737,PM10,17,139,86
India,Delhi,Delhi,"CRRI Mathura Road, Delhi - IITM",07-09-2026 15:00:00,28.5512005,77.2735737,SO2,NA,NA,NA
India,Delhi,Delhi,"CRRI Mathura Road, Delhi - IITM",07-09-2026 15:00:00,28.5512005,77.2735737,OZONE,15,83,44
India,Delhi,Delhi,"JNU, Delhi - DPCC",07-09-2026 15:00:00,28.540721,77.168544,PM10,5,89,45
India,Delhi,Delhi,"JNU, Delhi - DPCC",07-09-2026 15:00:00,28.540721,77.168544,CO,50,68,56
India,Delhi,Delhi,"North Campus, DU, Delhi - IITM",07-09-2026 15:00:00,28.6573814,77.1585447,PM10,15,132,88
India,Delhi,Delhi,"North Campus, DU, Delhi - IITM",07-09-2026 15:00:00,28.6573814,77.1585447,NO2,58,200,112
India,Delhi,Delhi,"North Campus, DU, Delhi - IITM",07-09-2026 15:00:00,28.6573814,77.1585447,NH3,NA,NA,NA
India,Karnataka,Mysuru,"Hebbal 1st Stage, Mysuru - KSPCB",07-09-2026 15:00:00,12.21041,76.37376,NO2,NA,NA,NA
India,Karnataka,Mysuru,"Hebbal 1st Stage, Mysuru - KSPCB",07-09-2026 15:00:00,12.21041,76.37376,OZONE,79,88,85
India,Karnataka,Ramanagara,"Vijay Nagar, Ramanagara - KSPCB",07-09-2026 15:00:00,12.733409,77.298051,NO2,NA,NA,NA
India,Karnataka,Ramanagara,"Vijay Nagar, Ramanagara - KSPCB",07-09-2026 15:00:00,12.733409,77.298051,CO,25,36,31
India,Karnataka,Vijayapura,"Ibrahimpur, Vijayapura - KSPCB",07-09-2026 15:00:00,16.802639,75.722694,PM10,42,43,43
India,Karnataka,Vijayapura,"Ibrahimpur, Vijayapura - KSPCB",07-09-2026 15:00:00,16.802639,75.722694,NH3,3,4,4
India,Karnataka,Vijayapura,"Ibrahimpur, Vijayapura - KSPCB",07-09-2026 15:00:00,16.802639,75.722694,SO2,3,6,3
India,Karnataka,Yadgir,"Collector Office, Yadgir - KSPCB",07-09-2026 15:00:00,16.7602,77.1428,PM2.5,NA,NA,NA
India,Kerala,Eloor,"Udyogamandal, Eloor - Kerala PCB",07-09-2026 15:00:00,10.073232,76.302765,PM2.5,NA,NA,NA
India,Kerala,Eloor,"Udyogamandal, Eloor - Kerala PCB",07-09-2026 15:00:00,10.073232,76.302765,NH3,NA,NA,NA
India,Kerala,Eloor,"Udyogamandal, Eloor - Kerala PCB",07-09-2026 15:00:00,10.073232,76.302765,CO,26,30,28
India,Kerala,Kannur,"Thavakkara, Kannur - Kerala PCB",07-09-2026 15:00:00,11.875,75.3732,PM10,63,78,73
India,Kerala,Kannur,"Thavakkara, Kannur - Kerala PCB",07-09-2026 15:00:00,11.875,75.3732,SO2,0,0,0
India,Kerala,Thiruvananthapuram,"Plammoodu, Thiruvananthapuram - Kerala PCB",07-09-2026 15:00:00,8.5149093,76.9435879,SO2,10,23,17
India,Kerala,Thiruvananthapuram,"Kariavattom, Thiruvananthapuram - Kerala PCB",07-09-2026 15:00:00,8.5637,76.8865,PM10,28,134,79
India,Haryana,Faridabad,"Sector 30, Faridabad - HSPCB",07-09-2026 15:00:00,28.4417,77.3217,SO2,2,2,2
India,Haryana,Fatehabad,"Huda Sector, Fatehabad - HSPCB",07-09-2026 15:00:00,29.503664,75.467934,NO2,19,20,19
India,Haryana,Fatehabad,"Huda Sector, Fatehabad - HSPCB",07-09-2026 15:00:00,29.503664,75.467934,NH3,13,15,14
India,Haryana,Gurugram,"Teri Gram, Gurugram - HSPCB",07-09-2026 15:00:00,28.4275,77.1465,CO,11,28,22
India,Haryana,Gurugram,"NISE Gwal Pahari, Gurugram - IITM",07-09-2026 15:00:00,28.422681,77.148944,PM10,10,123,60
India,Haryana,Gurugram,"NISE Gwal Pahari, Gurugram - IITM",07-09-2026 15:00:00,28.422681,77.148944,NO2,12,35,20
India,Haryana,Gurugram,"Sector-51, Gurugram - HSPCB",07-09-2026 15:00:00,28.4227,77.0667,PM2.5,21,94,59
India,Haryana,Gurugram,"Sector-51, Gurugram - HSPCB",07-09-2026 15:00:00,28.4227,77.0667,NH3,9,21,13
India,Haryana,Gurugram,"Sector-51, Gurugram - HSPCB",07-09-2026 15:00:00,28.4227,77.0667,SO2,7,9,8
India,Haryana,Jind,"Police Lines, Jind - HSPCB",07-09-2026 15:00:00,29.307814,76.337619,PM2.5,69,133,89
India,Haryana,Jind,"Police Lines, Jind - HSPCB",07-09-2026 15:00:00,29.307814,76.337619,PM10,45,77,57
India,Haryana,Kaithal,"Rishi Nagar, Kaithal - HSPCB",07-09-2026 15:00:00,29.8006,76.4155,NO2,21,25,23
India,Haryana,Karnal,"Sector-12, Karnal - HSPCB",07-09-2026 15:00:00,29.6953,77.0027,PM10,23,426,64
India,Haryana,Karnal,"Sector-12, Karnal - HSPCB",07-09-2026 15:00:00,29.6953,77.0027,OZONE,11,33,17
India,Gujarat,Vapi,"Phase-1 GIDC, Vapi - GPCB",07-09-2026 15:00:00,20.362421,72.918013,PM10,29,59,41
India,Gujarat,Vapi,"Phase-1 GIDC, Vapi - GPCB",07-09-2026 15:00:00,20.362421,72.918013,CO,NA,NA,NA
India,Gujarat,Vatva,"Phase-4 GIDC, Vatva - GPCB",07-09-2026 15:00:00,22.969611,72.6435,PM10,118,143,131
India,Gujarat,Vatva,"Phase-4 GIDC, Vatva - GPCB",07-09-2026 15:00:00,22.969611,72.6435,SO2,0,25,10
India,Gujarat,Vatva,"Phase-4 GIDC, Vatva - GPCB",07-09-2026 15:00:00,22.969611,72.6435,CO,56,73,64
India,Haryana,Ballabgarh,"Nathu Colony, Ballabgarh - HSPCB",07-09-2026 15:00:00,28.3419248,77.319699,NH3,4,5,5
India,Haryana,Bhiwani,"H.B. Colony, Bhiwani - HSPCB",07-09-2026 15:00:00,28.806223,76.141105,PM10,20,58,38
India,Haryana,Charkhi Dadri,"Mini Secretariat, Charkhi Dadri - HSPCB",07-09-2026 15:00:00,28.593883,76.270653,PM10,33,55,40
India,Haryana,Charkhi Dadri,"Mini Secretariat, Charkhi Dadri - HSPCB",07-09-2026 15:00:00,28.593883,76.270653,OZONE,11,39,31
India,Haryana,Faridabad,"New Industrial Town, Faridabad - HSPCB",07-09-2026 15:00:00,28.39072,77.30059,PM10,107,140,120
India,Haryana,Faridabad,"Sector 11, Faridabad - HSPCB",07-09-2026 15:00:00,28.376058,77.315741,NO2,30,32,31
India,Gujarat,Bhavnagar,"Vidhyanagar, Bhavnagar - Nexteng Enviro",07-09-2026 15:00:00,21.755417,72.139056,NO2,39,48,45
India,Gujarat,Gandhinagar,"Sector-10, Gandhinagar - GPCB",07-09-2026 15:00:00,23.221714,72.654328,NH3,1,1,1
India,Gujarat,Gandhinagar,"Sector-10, Gandhinagar - GPCB",07-09-2026 15:00:00,23.221714,72.654328,SO2,7,9,7
India,Gujarat,Mehsana,"Sadanand Nagar, Mehsana - Nexteng Enviro",07-09-2026 15:00:00,23.59315,72.372792,SO2,14,15,15
India,Gujarat,Mehsana,"Sadanand Nagar, Mehsana - Nexteng Enviro",07-09-2026 15:00:00,23.59315,72.372792,CO,40,41,41
India,Gujarat,Nandesari,"GIDC, Nandesari - Nandesari Ind. Association",07-09-2026 15:00:00,22.410802,73.097923,OZONE,NA,NA,NA
India,Gujarat,Rajkot,"Mavdi, Rajkot - Nexteng Enviro ",07-09-2026 15:00:00,22.248853,70.776774,CO,44,45,44
India,Gujarat,Surat,"Science Center, Surat - SMC",07-09-2026 15:00:00,21.170046,72.795405,NO2,2,9,5
India,Gujarat,Vadodara,"Bapunagar, Vadodara - Nexteng Enviro",07-09-2026 15:00:00,22.320153,73.216285,SO2,7,8,8
India,Madhya Pradesh,Bhopal,"Idgah Hills, Bhopal - MPPCB",07-09-2026 15:00:00,23.264759,77.381568,PM2.5,22,55,36
India,Madhya Pradesh,Bhopal,"Idgah Hills, Bhopal - MPPCB",07-09-2026 15:00:00,23.264759,77.381568,NH3,3,4,4
India,Madhya Pradesh,Bhopal,"Idgah Hills, Bhopal - MPPCB",07-09-2026 15:00:00,23.264759,77.381568,OZONE,15,20,18
India,Madhya Pradesh,Bhopal,"T T Nagar, Bhopal - MPPCB",07-09-2026 15:00:00,23.233584,77.400574,SO2,17,24,22
India,Madhya Pradesh,Bhopal,"T T Nagar, Bhopal - MPPCB",07-09-2026 15:00:00,23.233584,77.400574,CO,8,10,9
India,Madhya Pradesh,Gwalior,"Maharaj Bada, Gwalior - MPPCB",07-09-2026 15:00:00,26.200388,78.147714,OZONE,37,54,46
India,Madhya Pradesh,Gwalior,"City Center, Gwalior - MPPCB",07-09-2026 15:00:00,26.203442,78.193251,NH3,1,2,2
India,Madhya Pradesh,Gwalior,"City Center, Gwalior - MPPCB",07-09-2026 15:00:00,26.203442,78.193251,OZONE,40,74,55
India,Madhya Pradesh,Gwalior,"Deen Dayal Nagar, Gwalior - MPPCB",07-09-2026 15:00:00,26.259242,78.216432,NO2,31,61,50
India,Madhya Pradesh,Gwalior,"Deen Dayal Nagar, Gwalior - MPPCB",07-09-2026 15:00:00,26.259242,78.216432,NH3,3,7,5
India,Madhya Pradesh,Gwalior,"Deen Dayal Nagar, Gwalior - MPPCB",07-09-2026 15:00:00,26.259242,78.216432,CO,52,57,55
India,Madhya Pradesh,Indore,"Regional Park, Indore - IMC",07-09-2026 15:00:00,22.678,75.8559,PM10,1,38,26
India,Madhya Pradesh,Indore,"Regional Park, Indore - IMC",07-09-2026 15:00:00,22.678,75.8559,NO2,NA,NA,NA
India,Madhya Pradesh,Indore,"Regional Park, Indore - IMC",07-09-2026 15:00:00,22.678,75.8559,NH3,NA,NA,NA
India,Madhya Pradesh,Indore,"Regional Park, Indore - IMC",07-09-2026 15:00:00,22.678,75.8559,SO2,42,54,46
India,Madhya Pradesh,Indore,"Regional Park, Indore - IMC",07-09-2026 15:00:00,22.678,75.8559,CO,NA,NA,NA
India,Madhya Pradesh,Indore,"Chhoti Gwaltoli, Indore - MPPCB",07-09-2026 15:00:00,22.431,75.5213,PM2.5,39,85,58
India,Madhya Pradesh,Indore,"Chhoti Gwaltoli, Indore - MPPCB",07-09-2026 15:00:00,22.431,75.5213,CO,21,51,36
India,Madhya Pradesh,Indore,"Airport Area, Indore - IMC",07-09-2026 15:00:00,22.7289,75.8076,PM2.5,2,397,68
India,Maharashtra,Kalyan,"Pimpleshwar Mandir, Kalyan - MPCB",07-09-2026 15:00:00,19.192056,72.9585188,NH3,NA,NA,NA
India,Maharashtra,Kolhapur,"Sinchan Bhavan, Kolhapur - MPCB",07-09-2026 15:00:00,16.7143745,74.2426398,PM2.5,7,24,15
India,Maharashtra,Kolhapur,"Sinchan Bhavan, Kolhapur - MPCB",07-09-2026 15:00:00,16.7143745,74.2426398,PM10,10,27,19
India,Maharashtra,Kolhapur,"Sinchan Bhavan, Kolhapur - MPCB",07-09-2026 15:00:00,16.7143745,74.2426398,NO2,2,10,5
India,Maharashtra,Kolhapur,"Shivaji University, Kolhapur - MPCB",07-09-2026 15:00:00,16.6870449,74.2505872,PM10,NA,NA,NA
India,Maharashtra,Kolhapur,"Shivaji University, Kolhapur - MPCB",07-09-2026 15:00:00,16.6870449,74.2505872,NO2,NA,NA,NA
India,Maharashtra,Kolhapur,"Shivaji University, Kolhapur - MPCB",07-09-2026 15:00:00,16.6870449,74.2505872,OZONE,13,15,14
India,Maharashtra,Latur,"Sawe Wadi, Latur - MPCB",07-09-2026 15:00:00,18.39963,76.57452,PM10,20,104,42
India,Maharashtra,Mahad,"Kamble Tarf Birwadi, Mahad - MPCB",07-09-2026 15:00:00,18.1023399,73.4783687,PM10,28,46,36
India,Maharashtra,Mahad,"Kamble Tarf Birwadi, Mahad - MPCB",07-09-2026 15:00:00,18.1023399,73.4783687,NO2,5,29,10
India,Maharashtra,Mahad,"Kamble Tarf Birwadi, Mahad - MPCB",07-09-2026 15:00:00,18.1023399,73.4783687,NH3,5,5,5
India,Maharashtra,Malegaon,"Mahesh Nagar, Malegaon - MPCB",07-09-2026 15:00:00,20.555712,74.529236,PM10,49,97,68
India,Maharashtra,Malegaon,"Mahesh Nagar, Malegaon - MPCB",07-09-2026 15:00:00,20.555712,74.529236,NO2,15,19,17
India,Maharashtra,Mira-Bhayandar,"Bhayandar West, Mira-Bhayandar - MPCB",07-09-2026 15:00:00,19.296481,72.840923,PM10,14,39,24
India,Maharashtra,Mira-Bhayandar,"Bhayandar West, Mira-Bhayandar - MPCB",07-09-2026 15:00:00,19.296481,72.840923,NH3,1,32,6
India,Maharashtra,Mumbai,"Shivaji Nagar, Mumbai - BMC",07-09-2026 15:00:00,19.060498,72.923356,NH3,2,12,5
India,Maharashtra,Mumbai,"Borivali East, Mumbai - MPCB",07-09-2026 15:00:00,19.2243333,72.8658113,PM2.5,2,21,10
India,Maharashtra,Mumbai,"Bandra Kurla Complex, Mumbai - MPCB",07-09-2026 15:00:00,19.065931,72.862131,NO2,NA,NA,NA
India,Maharashtra,Mumbai,"Bandra Kurla Complex, Mumbai - MPCB",07-09-2026 15:00:00,19.065931,72.862131,OZONE,4,18,11
India,Maharashtra,Mumbai,"Kherwadi_Bandra East, Mumbai - MPCB",07-09-2026 15:00:00,19.0632143,72.8456324,NH3,5,5,5
India,Maharashtra,Mumbai,"Kherwadi_Bandra East, Mumbai - MPCB",07-09-2026 15:00:00,19.0632143,72.8456324,CO,31,33,32
India,Maharashtra,Mumbai,"Byculla, Mumbai - BMC",07-09-2026 15:00:00,18.9767,72.838,PM2.5,9,21,13
India,Maharashtra,Mumbai,"Byculla, Mumbai - BMC",07-09-2026 15:00:00,18.9767,72.838,NO2,7,19,12
India,Maharashtra,Mumbai,"Byculla, Mumbai - BMC",07-09-2026 15:00:00,18.9767,72.838,NH3,2,3,2
India,Maharashtra,Mumbai,"Byculla, Mumbai - BMC",07-09-2026 15:00:00,18.9767,72.838,CO,40,46,43
India,Maharashtra,Mumbai,"Mindspace-Malad West, Mumbai - MPCB",07-09-2026 15:00:00,19.1878657,72.8304069,PM10,25,48,38
India,Maharashtra,Mumbai,"Mindspace-Malad West, Mumbai - MPCB",07-09-2026 15:00:00,19.1878657,72.8304069,SO2,4,4,4
India,Maharashtra,Mumbai,"Worli, Mumbai - MPCB",07-09-2026 15:00:00,18.9936162,72.8128113,SO2,11,22,14
India,Maharashtra,Mumbai,"Worli, Mumbai - MPCB",07-09-2026 15:00:00,18.9936162,72.8128113,OZONE,5,8,7
India,Maharashtra,Mumbai,"Navy Nagar-Colaba, Mumbai - IITM",07-09-2026 15:00:00,18.897756,72.81332,PM2.5,16,40,23
India,Maharashtra,Mumbai,"Mulund West, Mumbai - MPCB",07-09-2026 15:00:00,19.175,72.9419,PM10,NA,NA,NA
India,Maharashtra,Mumbai,"Mulund West, Mumbai - MPCB",07-09-2026 15:00:00,19.175,72.9419,NH3,4,5,4
India,Maharashtra,Mumbai,"Chembur, Mumbai - MPCB",07-09-2026 15:00:00,19.0364585,72.8954371,PM10,21,41,31
India,Maharashtra,Mumbai,"Chembur, Mumbai - MPCB",07-09-2026 15:00:00,19.0364585,72.8954371,NH3,8,19,15
India,Maharashtra,Mumbai,"Kandivali West, Mumbai - BMC",07-09-2026 15:00:00,19.215859,72.831718,NO2,4,14,8
India,Maharashtra,Mumbai,"Kandivali West, Mumbai - BMC",07-09-2026 15:00:00,19.215859,72.831718,NH3,4,5,5
India,Maharashtra,Badlapur,"Katrap, Badlapur - MPCB",07-09-2026 15:00:00,19.16485,73.23409,NO2,17,22,20
India,Maharashtra,Badlapur,"Katrap, Badlapur - MPCB",07-09-2026 15:00:00,19.16485,73.23409,OZONE,4,6,5
India,Maharashtra,Beed,"Bir, Beed - MPCB",07-09-2026 15:00:00,18.988474,75.753873,PM10,9,63,30
India,Maharashtra,Bhiwandi,"Gokul Nagar, Bhiwandi - MPCB",07-09-2026 15:00:00,19.309073,73.057223,OZONE,28,34,30
India,Maharashtra,Chandrapur,"Chauhan Colony, Chandrapur - MPCB",07-09-2026 15:00:00,19.9629,79.298714,NH3,1,9,4
India,Maharashtra,Chandrapur,"Chauhan Colony, Chandrapur - MPCB",07-09-2026 15:00:00,19.9629,79.298714,CO,31,40,34
India,Maharashtra,Dhule,"Deopur, Dhule - MPCB",07-09-2026 15:00:00,20.918946,74.776388,PM2.5,14,33,24
India,Maharashtra,Dombivli,"Kalu Nagar, Dombivli - MPCB",07-09-2026 15:00:00,19.2268427,73.0788456,CO,8,43,21
India,Maharashtra,Hingoli,"Ashta Vinayak Nagar, Hingoli - MPCB",07-09-2026 15:00:00,19.710842,77.151824,PM10,49,144,74
India,Maharashtra,Hingoli,"Ashta Vinayak Nagar, Hingoli - MPCB",07-09-2026 15:00:00,19.710842,77.151824,NO2,3,52,9
India,Maharashtra,Hingoli,"Ashta Vinayak Nagar, Hingoli - MPCB",07-09-2026 15:00:00,19.710842,77.151824,SO2,3,10,5
India,Maharashtra,Hingoli,"Ashta Vinayak Nagar, Hingoli - MPCB",07-09-2026 15:00:00,19.710842,77.151824,OZONE,18,31,26
India,Maharashtra,Jalgaon,"Prabhat Colony, Jalgaon - MPCB",07-09-2026 15:00:00,21.001264,75.565602,PM2.5,22,61,38
India,Maharashtra,Jalgaon,"Prabhat Colony, Jalgaon - MPCB",07-09-2026 15:00:00,21.001264,75.565602,SO2,NA,NA,NA
India,Maharashtra,Kalyan,"Khadakpada, Kalyan - MPCB",07-09-2026 15:00:00,19.25292,73.142019,PM10,NA,NA,NA
India,Maharashtra,Kalyan,"Khadakpada, Kalyan - MPCB",07-09-2026 15:00:00,19.25292,73.142019,OZONE,8,8,8
India,Maharashtra,Navi Mumbai,"Mahape, Navi Mumbai - MPCB",07-09-2026 15:00:00,19.1135051,73.008978,PM10,27,121,63
India,Maharashtra,Navi Mumbai,"Mahape, Navi Mumbai - MPCB",07-09-2026 15:00:00,19.1135051,73.008978,NO2,42,43,43
India,Maharashtra,Pimpri-Chinchwad,"Gavalinagar, Pimpri Chinchwad - MPCB",07-09-2026 15:00:00,18.63673,73.82487,PM2.5,19,44,30
India,Maharashtra,Pimpri-Chinchwad,"Bhosari, Pune - IITM",07-09-2026 15:00:00,18.640051,73.848956,NH3,NA,NA,NA
India,Maharashtra,Pimpri-Chinchwad,"Bhosari, Pune - IITM",07-09-2026 15:00:00,18.640051,73.848956,SO2,NA,NA,NA
India,Maharashtra,Pimpri-Chinchwad,"Bhumkar Nagar, Pune - IITM",07-09-2026 15:00:00,18.60577,73.749976,PM10,NA,NA,NA
India,Maharashtra,Pimpri-Chinchwad,"Thergaon, Pimpri Chinchwad - MPCB",07-09-2026 15:00:00,18.616318,73.765797,SO2,1,2,1
India,Maharashtra,Pimpri-Chinchwad,"Transport Nagar-Nigdi, Pune - IITM",07-09-2026 15:00:00,18.664282,73.763966,OZONE,6,24,14
India,Maharashtra,Pimpri-Chinchwad,"Park Street Wakad, Pimpri Chinchwad - MPCB",07-09-2026 15:00:00,18.59051,73.77946,PM2.5,16,62,32
India,Maharashtra,Pimpri-Chinchwad,"Park Street Wakad, Pimpri Chinchwad - MPCB",07-09-2026 15:00:00,18.59051,73.77946,PM10,25,96,50
India,Maharashtra,Pimpri-Chinchwad,"Savta Mali Nagar, Pimpri-Chinchwad - IITM",07-09-2026 15:00:00,18.614767,73.799516,PM10,NA,NA,NA
India,Maharashtra,Pimpri-Chinchwad,"Savta Mali Nagar, Pimpri-Chinchwad - IITM",07-09-2026 15:00:00,18.614767,73.799516,NO2,NA,NA,NA
India,Maharashtra,Pimpri-Chinchwad,"Savta Mali Nagar, Pimpri-Chinchwad - IITM",07-09-2026 15:00:00,18.614767,73.799516,SO2,NA,NA,NA
India,Maharashtra,Pimpri-Chinchwad,"Savta Mali Nagar, Pimpri-Chinchwad - IITM",07-09-2026 15:00:00,18.614767,73.799516,CO,22,27,25
India,Maharashtra,Pune,"Katraj Dairy, Pune - MPCB",07-09-2026 15:00:00,18.45445,73.854155,PM10,27,49,40
India,Maharashtra,Pune,"Katraj Dairy, Pune - MPCB",07-09-2026 15:00:00,18.45445,73.854155,NO2,9,12,10
India,Madhya Pradesh,Sagar,"Civil Lines, Sagar - MPPCB",07-09-2026 15:00:00,23.838586,78.759431,CO,6,10,8
India,Madhya Pradesh,Satna,"Bandhavgar Colony, Satna - Birla Cement",07-09-2026 15:00:00,24.58434363,80.8549414,PM2.5,48,52,50
India,Madhya Pradesh,Satna,"Bandhavgar Colony, Satna - Birla Cement",07-09-2026 15:00:00,24.58434363,80.8549414,SO2,NA,NA,NA
India,Madhya Pradesh,Satna,"Bandhavgar Colony, Satna - Birla Cement",07-09-2026 15:00:00,24.58434363,80.8549414,CO,14,20,16
India,Madhya Pradesh,Satna,"Bandhavgar Colony, Satna - Birla Cement",07-09-2026 15:00:00,24.58434363,80.8549414,OZONE,15,61,30
India,Madhya Pradesh,Ujjain,"Mahashweta Nagar, Ujjain - MPPCB",07-09-2026 15:00:00,23.1633321,75.800225,PM10,42,83,56
India,Maharashtra,Amravati,"Shri Shivaji Science College, Amravati - MPCB",07-09-2026 15:00:00,20.939198,77.765701,NH3,1,3,2
India,Maharashtra,Amravati,"Shivneri Colony, Amravati - MPCB",07-09-2026 15:00:00,20.9402359,77.7895248,NH3,2,2,2
India,Maharashtra,Aurangabad,"MIDC Chilkalthana, Aurangabad - MPCB",07-09-2026 15:00:00,19.87562,75.38731,NO2,4,5,5
India,Maharashtra,Aurangabad,"Rachnakar Colony, Aurangabad - MPCB",07-09-2026 15:00:00,19.863756,75.321188,PM2.5,24,64,42
India,Maharashtra,Aurangabad,"Rachnakar Colony, Aurangabad - MPCB",07-09-2026 15:00:00,19.863756,75.321188,NH3,1,2,1
India,Maharashtra,Aurangabad,"More Chowk Waluj, Aurangabad - MPCB",07-09-2026 15:00:00,19.8389439,75.244448,NH3,6,8,7
India,Maharashtra,Aurangabad,"More Chowk Waluj, Aurangabad - MPCB",07-09-2026 15:00:00,19.8389439,75.244448,CO,17,73,40
India,Madhya Pradesh,Indore,"Airport Area, Indore - IMC",07-09-2026 15:00:00,22.7289,75.8076,NH3,0,0,0
India,Madhya Pradesh,Indore,"Airport Area, Indore - IMC",07-09-2026 15:00:00,22.7289,75.8076,CO,39,60,49
India,Madhya Pradesh,Indore,"Maguda Nagar, Indore - IMC",07-09-2026 15:00:00,22.7524,75.8872,NO2,0,4,3
India,Madhya Pradesh,Indore,"Residency Area, Indore - IMC",07-09-2026 15:00:00,22.7084,75.8815,NH3,0,0,0
India,Madhya Pradesh,Jabalpur,"Marhatal, Jabalpur - MPPCB",07-09-2026 15:00:00,23.168606,79.932247,PM10,15,33,22
India,Madhya Pradesh,Jabalpur,"Govindh Bhavan Colony, Jabalpur - JMC",07-09-2026 15:00:00,23.163174,79.973061,PM2.5,18,45,31
India,Madhya Pradesh,Jabalpur,"Govindh Bhavan Colony, Jabalpur - JMC",07-09-2026 15:00:00,23.163174,79.973061,PM10,24,54,40
India,Madhya Pradesh,Jabalpur,"Suhagi, Jabalpur - JMC",07-09-2026 15:00:00,23.218135,79.95777,SO2,6,9,7
India,Madhya Pradesh,Maihar,"Sahilara, Maihar - KJS Cements",07-09-2026 15:00:00,24.2613009,80.7231783,PM10,59,60,59
India,Madhya Pradesh,Maihar,"Sahilara, Maihar - KJS Cements",07-09-2026 15:00:00,24.2613009,80.7231783,NO2,24,77,54
India,Madhya Pradesh,Maihar,"Sahilara, Maihar - KJS Cements",07-09-2026 15:00:00,24.2613009,80.7231783,NH3,NA,NA,NA
India,Madhya Pradesh,Mandideep,"Sector-D Industrial Area, Mandideep - MPPCB",07-09-2026 15:00:00,23.10844,77.511428,PM2.5,32,83,59
India,Madhya Pradesh,Mandideep,"Sector-D Industrial Area, Mandideep - MPPCB",07-09-2026 15:00:00,23.10844,77.511428,PM10,31,102,69
India,Madhya Pradesh,Mandideep,"Sector-D Industrial Area, Mandideep - MPPCB",07-09-2026 15:00:00,23.10844,77.511428,NH3,2,3,3
India,Maharashtra,Nagpur,"Mahal, Nagpur - MPCB",07-09-2026 15:00:00,21.14472,79.107595,OZONE,9,34,24
India,Maharashtra,Nagpur,"Ram Nagar, Nagpur - MPCB",07-09-2026 15:00:00,21.143383,79.048912,NO2,4,13,9
India,Maharashtra,Nagpur,"Opp GPO Civil Lines, Nagpur - MPCB",07-09-2026 15:00:00,21.152875,79.0517531,SO2,2,9,5
India,Maharashtra,Nagpur,"Ambazari, Nagpur - MPCB",07-09-2026 15:00:00,21.121801,79.04952,NO2,3,17,12
India,Maharashtra,Nagpur,"Ambazari, Nagpur - MPCB",07-09-2026 15:00:00,21.121801,79.04952,CO,10,30,17
India,Maharashtra,Nagpur,"Ambazari, Nagpur - MPCB",07-09-2026 15:00:00,21.121801,79.04952,OZONE,5,23,18
India,Maharashtra,Nashik,"Hirawadi, Nashik - MPCB",07-09-2026 15:00:00,20.021503,73.813844,NO2,8,24,10
India,Maharashtra,Nashik,"MIDC Ambad, Nashik - MPCB",07-09-2026 15:00:00,19.95022,73.73148,PM10,35,63,47
India,Maharashtra,Nashik,"MIDC Ambad, Nashik - MPCB",07-09-2026 15:00:00,19.95022,73.73148,NO2,NA,NA,NA
India,Maharashtra,Nashik,"MIDC Ambad, Nashik - MPCB",07-09-2026 15:00:00,19.95022,73.73148,OZONE,5,15,10
India,Maharashtra,Navi Mumbai,"Kopripada-Vashi, Navi Mumbai - MPCB",07-09-2026 15:00:00,19.090337,73.014232,PM2.5,11,43,28
India,Maharashtra,Navi Mumbai,"Kopripada-Vashi, Navi Mumbai - MPCB",07-09-2026 15:00:00,19.090337,73.014232,NO2,2,11,7
India,Maharashtra,Navi Mumbai,"Kopripada-Vashi, Navi Mumbai - MPCB",07-09-2026 15:00:00,19.090337,73.014232,NH3,1,8,3
India,Maharashtra,Navi Mumbai,"Kopripada-Vashi, Navi Mumbai - MPCB",07-09-2026 15:00:00,19.090337,73.014232,SO2,1,5,3
India,Maharashtra,Navi Mumbai,"Kopripada-Vashi, Navi Mumbai - MPCB",07-09-2026 15:00:00,19.090337,73.014232,OZONE,13,49,20
India,Maharashtra,Mumbai,"Sewri, Mumbai - BMC",07-09-2026 15:00:00,19.000084,72.85673,OZONE,4,18,13
India,Maharashtra,Mumbai,"Khindipada-Bhandup West, Mumbai - IITM",07-09-2026 15:00:00,19.1653323,72.922099,NH3,1,37,3
India,Maharashtra,Mumbai,"Malad West, Mumbai - IITM",07-09-2026 15:00:00,19.19709,72.82204,PM10,13,53,27
India,Maharashtra,Mumbai,"Malad West, Mumbai - IITM",07-09-2026 15:00:00,19.19709,72.82204,NH3,1,5,2
India,Maharashtra,Mumbai,"Borivali East, Mumbai - IITM",07-09-2026 15:00:00,19.23241,72.86895,NH3,3,4,3
India,Maharashtra,Mumbai,"Mazgaon, Mumbai - IITM",07-09-2026 15:00:00,18.96702,72.84214,OZONE,11,20,16
India,Maharashtra,Mumbai,"Bandra Kurla Complex, Mumbai - IITM",07-09-2026 15:00:00,19.053536,72.84643,PM10,NA,NA,NA
India,Maharashtra,Mumbai,"Bandra Kurla Complex, Mumbai - IITM",07-09-2026 15:00:00,19.053536,72.84643,NO2,NA,NA,NA
India,Maharashtra,Mumbai,"Bandra Kurla Complex, Mumbai - IITM",07-09-2026 15:00:00,19.053536,72.84643,SO2,NA,NA,NA
India,Maharashtra,Mumbai,"Kurla, Mumbai - MPCB",07-09-2026 15:00:00,19.0863,72.8888,PM10,NA,NA,NA
India,Maharashtra,Mumbai,"Kurla, Mumbai - MPCB",07-09-2026 15:00:00,19.0863,72.8888,NH3,2,2,2
India,Maharashtra,Mumbai,"Kurla, Mumbai - MPCB",07-09-2026 15:00:00,19.0863,72.8888,CO,25,25,25
India,Maharashtra,Mumbai,"Deonar, Mumbai - IITM",07-09-2026 15:00:00,19.04946,72.923,CO,10,45,26
India,Odisha,Angul,"Hakimapada, Angul - OSPCB",07-09-2026 15:00:00,20.832874,85.104082,OZONE,16,61,44
India,Odisha,Balasore,"Kalidaspur, Balasore - OSPCB",07-09-2026 15:00:00,21.51161,86.89088,NO2,3,15,7
India,Odisha,Balasore,"Kalidaspur, Balasore - OSPCB",07-09-2026 15:00:00,21.51161,86.89088,CO,40,48,45
India,Odisha,Barbil,"Forest Office, Barbil - OSPCB",07-09-2026 15:00:00,22.1166054,85.3945546,CO,24,96,49
India,Odisha,Baripada,"Meher Colony, Baripada - OSPCB",07-09-2026 15:00:00,21.941841,86.728318,PM10,19,74,47
India,Odisha,Baripada,"Meher Colony, Baripada - OSPCB",07-09-2026 15:00:00,21.941841,86.728318,NH3,1,4,2
India,Odisha,Bhubaneswar,"Patia, Bhubaneswar - OSPCB",07-09-2026 15:00:00,20.34652,85.8163,CO,28,35,33
India,Odisha,Bhubaneswar,"Lingraj Mandir, Bhubaneswar - OSPCB",07-09-2026 15:00:00,20.24079,85.836784,SO2,7,9,8
India,Odisha,Bileipada,"Tata Township, Bileipada - OSPCB",07-09-2026 15:00:00,22.06156703,85.47409613,PM2.5,42,71,59
India,Odisha,Bileipada,"Tata Township, Bileipada - OSPCB",07-09-2026 15:00:00,22.06156703,85.47409613,NO2,14,15,15
India,Odisha,Bileipada,"Tata Township, Bileipada - OSPCB",07-09-2026 15:00:00,22.06156703,85.47409613,OZONE,17,18,17
India,Odisha,Brajrajnagar,"GM Office, Brajrajnagar - OSPCB",07-09-2026 15:00:00,21.8004996,83.8396977,PM10,27,169,103
India,Odisha,Byasanagar,"Ferro Chrome Colony, Byasanagar - OSPCB",07-09-2026 15:00:00,20.94185,86.1151,NO2,6,18,11
India,Odisha,Byasanagar,"Ferro Chrome Colony, Byasanagar - OSPCB",07-09-2026 15:00:00,20.94185,86.1151,NH3,1,2,1
India,Odisha,Byasanagar,"Ferro Chrome Colony, Byasanagar - OSPCB",07-09-2026 15:00:00,20.94185,86.1151,CO,34,42,38
India,Odisha,Cuttack,"CDA Area, Cuttack - OSPCB",07-09-2026 15:00:00,20.48891,85.84768,CO,7,37,25
India,Odisha,Cuttack,"CDA Area, Cuttack - OSPCB",07-09-2026 15:00:00,20.48891,85.84768,OZONE,17,111,58
India,Odisha,Keonjhar,"Jagamohanpur, Keonjhar - OSPCB",07-09-2026 15:00:00,21.6439,85.599355,PM10,33,72,53
India,Odisha,Keonjhar,"Jagamohanpur, Keonjhar - OSPCB",07-09-2026 15:00:00,21.6439,85.599355,OZONE,9,26,18
India,Odisha,Nayagarh,"Dabuna, Nayagarh - OSPCB",07-09-2026 15:00:00,21.847279,85.416905,PM10,34,59,42
India,Odisha,Nayagarh,"Dabuna, Nayagarh - OSPCB",07-09-2026 15:00:00,21.847279,85.416905,SO2,19,20,19
India,Odisha,Nayagarh,"Dabuna, Nayagarh - OSPCB",07-09-2026 15:00:00,21.847279,85.416905,CO,8,10,9
India,Odisha,Rairangpur,"Divisional Forest Office, Rairangpur - OSPCB",07-09-2026 15:00:00,22.265816,86.174829,PM10,38,76,58
India,Odisha,Rairangpur,"Divisional Forest Office, Rairangpur - OSPCB",07-09-2026 15:00:00,22.265816,86.174829,NO2,6,6,6
India,Odisha,Rairangpur,"Divisional Forest Office, Rairangpur - OSPCB",07-09-2026 15:00:00,22.265816,86.174829,CO,10,22,16
India,Odisha,Rourkela,"Sector-2, Rourkela - OSPCB",07-09-2026 15:00:00,22.245,84.88111111,PM2.5,37,37,37
India,Odisha,Rourkela,"Sector-2, Rourkela - OSPCB",07-09-2026 15:00:00,22.245,84.88111111,PM10,48,48,48
India,Odisha,Rourkela,"Raghunathpali, Rourkela - OSPCB",07-09-2026 15:00:00,22.220833,84.809444,PM2.5,47,89,66
India,Odisha,Rourkela,"Raghunathpali, Rourkela - OSPCB",07-09-2026 15:00:00,22.220833,84.809444,SO2,3,6,4
India,Odisha,Rourkela,"Fertilizer Township, Rourkela - OSPCB",07-09-2026 15:00:00,22.18972222,84.86277778,PM2.5,NA,NA,NA
India,Odisha,Rourkela,"Fertilizer Township, Rourkela - OSPCB",07-09-2026 15:00:00,22.18972222,84.86277778,NH3,NA,NA,NA
India,Odisha,Rourkela,"Fertilizer Township, Rourkela - OSPCB",07-09-2026 15:00:00,22.18972222,84.86277778,CO,25,25,25
India,Odisha,Tensa,"Barsua Iron Ore Mines, Tensa - OSPCB",07-09-2026 15:00:00,21.869985,85.167016,NO2,NA,NA,NA
India,Odisha,Tensa,"Barsua Iron Ore Mines, Tensa - OSPCB",07-09-2026 15:00:00,21.869985,85.167016,CO,38,64,52
India,Puducherry,Puducherry,"Jawahar Nagar, Puducherry - PPCC",07-09-2026 15:00:00,11.9309,79.8027,SO2,NA,NA,NA
India,Punjab,Amritsar,"Golden Temple, Amritsar - PPCB",07-09-2026 15:00:00,31.62,74.876512,CO,28,36,32
India,Punjab,Bathinda,"Hardev Nagar, Bathinda - PPCB",07-09-2026 15:00:00,30.233011,74.907758,NO2,25,30,27
India,Punjab,Bathinda,"Hardev Nagar, Bathinda - PPCB",07-09-2026 15:00:00,30.233011,74.907758,CO,15,27,25
India,Punjab,Jalandhar,"Civil Line, Jalandhar - PPCB",07-09-2026 15:00:00,31.321907,75.578914,PM10,31,62,42
India,Punjab,Jalandhar,"Civil Line, Jalandhar - PPCB",07-09-2026 15:00:00,31.321907,75.578914,SO2,9,12,10
India,Punjab,Khanna,"Kalal Majra, Khanna - PPCB",07-09-2026 15:00:00,30.736056,76.209694,PM2.5,20,62,45
India,Punjab,Khanna,"Kalal Majra, Khanna - PPCB",07-09-2026 15:00:00,30.736056,76.209694,OZONE,20,40,29
India,Punjab,Mandi Gobindgarh,"RIMT University, Mandi Gobindgarh - PPCB",07-09-2026 15:00:00,30.649961,76.331442,PM2.5,32,285,88
India,Punjab,Mandi Gobindgarh,"RIMT University, Mandi Gobindgarh - PPCB",07-09-2026 15:00:00,30.649961,76.331442,NO2,24,25,25
India,Punjab,Patiala,"Model Town, Patiala - PPCB",07-09-2026 15:00:00,30.349388,76.366642,PM10,16,39,28
India,Punjab,Rupnagar,"Ratanpura, Rupnagar - Ambuja Cements",07-09-2026 15:00:00,31.0325454,76.5623046,SO2,10,16,12
India,Rajasthan,Ajmer,"Civil Lines,  Ajmer - RSPCB",07-09-2026 15:00:00,26.470859,74.646594,PM2.5,48,78,61
India,Rajasthan,Ajmer,"Civil Lines,  Ajmer - RSPCB",07-09-2026 15:00:00,26.470859,74.646594,CO,32,56,42
India,Rajasthan,Ajmer,"Civil Lines,  Ajmer - RSPCB",07-09-2026 15:00:00,26.470859,74.646594,OZONE,11,13,12
India,Rajasthan,Alwar,"Moti Doongri, Alwar - RSPCB",07-09-2026 15:00:00,27.554793,76.611536,NO2,42,78,72
India,Rajasthan,Alwar,"Vigyan Nagar, Alwar - RSPCB",07-09-2026 15:00:00,27.598796,76.63861,NH3,12,19,15
India,Rajasthan,Alwar,"Vigyan Nagar, Alwar - RSPCB",07-09-2026 15:00:00,27.598796,76.63861,OZONE,4,65,37
India,Rajasthan,Banswara,"Rati Talai, Banswara - RSPCB",07-09-2026 15:00:00,23.55519,74.44001,NO2,21,59,31
India,Rajasthan,Banswara,"Rati Talai, Banswara - RSPCB",07-09-2026 15:00:00,23.55519,74.44001,CO,15,24,19
India,Rajasthan,Baran,"Bamboliya, Baran - RSPCB",07-09-2026 15:00:00,25.106006,76.469948,CO,32,37,35
India,Rajasthan,Barmer,"Railway Colony, Barmer - RSPCB",07-09-2026 15:00:00,25.747299,71.393989,NH3,2,4,3
India,Rajasthan,Bharatpur,"Krishna Nagar, Bharatpur - RSPCB",07-09-2026 15:00:00,27.215415,77.50873,PM10,7,41,23
India,Rajasthan,Bharatpur,"Krishna Nagar, Bharatpur - RSPCB",07-09-2026 15:00:00,27.215415,77.50873,SO2,3,5,4
India,Rajasthan,Bharatpur,"Krishna Nagar, Bharatpur - RSPCB",07-09-2026 15:00:00,27.215415,77.50873,OZONE,32,81,58
India,Maharashtra,Thane,"Upvan Fort, Thane - MPCB",07-09-2026 15:00:00,19.222279,72.957979,NO2,2,14,6
India,Maharashtra,Thane,"Upvan Fort, Thane - MPCB",07-09-2026 15:00:00,19.222279,72.957979,NH3,0,7,2
India,Maharashtra,Thane,"Kasarvadavali, Thane - MPCB",07-09-2026 15:00:00,19.26777,72.97182,PM10,29,77,55
India,Maharashtra,Thane,"Kasarvadavali, Thane - MPCB",07-09-2026 15:00:00,19.26777,72.97182,SO2,6,7,6
India,Maharashtra,Ulhasnagar,"Sidhi Vinayak Nagar, Ulhasnagar - MPCB",07-09-2026 15:00:00,19.235581,73.159121,NH3,2,3,2
India,Maharashtra,Ulhasnagar,"Sidhi Vinayak Nagar, Ulhasnagar - MPCB",07-09-2026 15:00:00,19.235581,73.159121,SO2,1,33,8
India,Maharashtra,Ulhasnagar,"Vithalwadi, Ulhasnagar - MPCB",07-09-2026 15:00:00,19.2307571,73.155192,NO2,5,8,7
India,Maharashtra,Virar,"Bolinj, Virar - MPCB",07-09-2026 15:00:00,19.445821,72.7988231,PM10,16,72,32
India,Meghalaya,Byrnihat,"15th Mile-Nongthymmai, Byrnihat -Meghalaya PCB",07-09-2026 15:00:00,26.079047,91.875185,PM10,NA,NA,NA
India,Meghalaya,Byrnihat,"15th Mile-Nongthymmai, Byrnihat -Meghalaya PCB",07-09-2026 15:00:00,26.079047,91.875185,NO2,1,2,2
India,Meghalaya,Byrnihat,"15th Mile-Nongthymmai, Byrnihat -Meghalaya PCB",07-09-2026 15:00:00,26.079047,91.875185,SO2,1,7,4
India,Meghalaya,Shillong,"Lumpyngngad, Shillong - Meghalaya PCB",07-09-2026 15:00:00,25.5586,91.8985,PM2.5,NA,NA,NA
India,Meghalaya,Shillong,"Lumpyngngad, Shillong - Meghalaya PCB",07-09-2026 15:00:00,25.5586,91.8985,PM10,NA,NA,NA
India,Meghalaya,Shillong,"Lumpyngngad, Shillong - Meghalaya PCB",07-09-2026 15:00:00,25.5586,91.8985,NH3,0,0,0
India,Mizoram,Aizawl,"Sikulpuikawn, Aizawl - Mizoram PCB",07-09-2026 15:00:00,23.7176342,92.7192841,NO2,1,1,1
India,Mizoram,Aizawl,"Sikulpuikawn, Aizawl - Mizoram PCB",07-09-2026 15:00:00,23.7176342,92.7192841,SO2,14,15,14
India,Nagaland,Kohima,"PWD Junction, Kohima - NPCB",07-09-2026 15:00:00,25.6635413,94.0989878,CO,2,5,4
India,Maharashtra,Pune,"Katraj Dairy, Pune - MPCB",07-09-2026 15:00:00,18.45445,73.854155,SO2,2,3,3
India,Maharashtra,Pune,"Hadapsar, Pune - IITM",07-09-2026 15:00:00,18.501793,73.927532,SO2,NA,NA,NA
India,Maharashtra,Pune,"Mhada Colony, Pune - IITM",07-09-2026 15:00:00,18.57304,73.927715,PM10,57,82,66
India,Maharashtra,Pune,"Mhada Colony, Pune - IITM",07-09-2026 15:00:00,18.57304,73.927715,OZONE,15,15,15
India,Maharashtra,Pune,"Dhankawadi, Pune - IITM",07-09-2026 15:00:00,18.459883,73.852193,PM10,NA,NA,NA
India,Maharashtra,Pune,"Dhankawadi, Pune - IITM",07-09-2026 15:00:00,18.459883,73.852193,NH3,NA,NA,NA
India,Maharashtra,Pune,"Panchawati_Pashan, Pune - IITM",07-09-2026 15:00:00,18.536457,73.805454,NO2,6,15,9
India,Maharashtra,Pune,"Panchawati_Pashan, Pune - IITM",07-09-2026 15:00:00,18.536457,73.805454,SO2,NA,NA,NA
India,Maharashtra,Pune,"Panchawati_Pashan, Pune - IITM",07-09-2026 15:00:00,18.536457,73.805454,CO,27,43,36
India,Maharashtra,Pune,"Savitribai Phule Pune University, Pune - MPCB",07-09-2026 15:00:00,18.547056,73.826908,PM2.5,11,22,16
India,Maharashtra,Pune,"Savitribai Phule Pune University, Pune - MPCB",07-09-2026 15:00:00,18.547056,73.826908,PM10,24,47,36
India,Maharashtra,Sangli,"Vijay Nagar, Sangli - MPCB",07-09-2026 15:00:00,16.5038,74.3623,NO2,4,11,7
India,Maharashtra,Satara,"Koyana Nagar, Satara - MPCB",07-09-2026 15:00:00,17.696651,74.003387,NH3,0,2,1
India,Maharashtra,Satara,"Koyana Nagar, Satara - MPCB",07-09-2026 15:00:00,17.696651,74.003387,SO2,4,6,5
India,Maharashtra,Solapur,"Dnyaneshwar Nagar, Solapur - MPCB",07-09-2026 15:00:00,17.6336264,75.9132495,PM10,14,44,29
India,Maharashtra,Solapur,"Dnyaneshwar Nagar, Solapur - MPCB",07-09-2026 15:00:00,17.6336264,75.9132495,NH3,6,17,8
India,Maharashtra,Solapur,"Dnyaneshwar Nagar, Solapur - MPCB",07-09-2026 15:00:00,17.6336264,75.9132495,CO,11,17,13
India,Rajasthan,Bhilwara,"Pratap Nagar, Bhilwara - RSPCB",07-09-2026 15:00:00,25.339605,74.618883,NO2,5,19,14
India,Rajasthan,Bhiwadi,"Vasundhara Nagar_UIT, Bhiwadi - RSPCB",07-09-2026 15:00:00,28.207266,76.829265,PM10,24,116,76
India,Rajasthan,Bhiwadi,"Vasundhara Nagar_UIT, Bhiwadi - RSPCB",07-09-2026 15:00:00,28.207266,76.829265,SO2,3,5,4
India,Rajasthan,Bhiwadi,"Vasundhara Nagar_UIT, Bhiwadi - RSPCB",07-09-2026 15:00:00,28.207266,76.829265,CO,18,43,26
India,Rajasthan,Bundi,"New Colony, Bundi - RSPCB",07-09-2026 15:00:00,25.435774,75.644272,SO2,NA,NA,NA
India,Rajasthan,Chittorgarh,"Shastri Nagar, Chittorgarh - RSPCB",07-09-2026 15:00:00,24.892047,74.623527,SO2,4,7,6
India,Rajasthan,Churu,"Subash Chowk, Churu - RSPCB",07-09-2026 15:00:00,28.296139,74.961696,PM2.5,10,42,25
India,Rajasthan,Churu,"Subash Chowk, Churu - RSPCB",07-09-2026 15:00:00,28.296139,74.961696,PM10,20,108,63
India,Rajasthan,Churu,"Subash Chowk, Churu - RSPCB",07-09-2026 15:00:00,28.296139,74.961696,NH3,6,8,7
India,Rajasthan,Churu,"Subash Chowk, Churu - RSPCB",07-09-2026 15:00:00,28.296139,74.961696,SO2,2,6,3
India,Rajasthan,Dausa,"Khatikan Mohalla, Dausa - RSPCB",07-09-2026 15:00:00,26.895552,76.334753,OZONE,20,34,27
India,Rajasthan,Dholpur,"Raja Ganj, Dholpur - RSPCB",07-09-2026 15:00:00,26.699557,77.898881,PM2.5,NA,NA,NA
India,Rajasthan,Dholpur,"Raja Ganj, Dholpur - RSPCB",07-09-2026 15:00:00,26.699557,77.898881,SO2,NA,NA,NA
India,Rajasthan,Dungarpur,"Bhoiwada, Dungarpur - RSPCB",07-09-2026 15:00:00,23.837789,73.714926,PM2.5,22,65,39
India,Rajasthan,Dungarpur,"Bhoiwada, Dungarpur - RSPCB",07-09-2026 15:00:00,23.837789,73.714926,NO2,6,14,10
India,Rajasthan,Nagaur,"Karni Colony, Nagaur - RSPCB",07-09-2026 15:00:00,27.213494,73.734444,OZONE,16,44,32
India,Rajasthan,Pali,"Indira Colony Vistar, Pali - RSPCB",07-09-2026 15:00:00,25.771061,73.340227,SO2,10,15,12
India,Rajasthan,Pali,"Indira Colony Vistar, Pali - RSPCB",07-09-2026 15:00:00,25.771061,73.340227,CO,14,34,26
India,Rajasthan,Pratapgarh,"Pragati Nagar, Pratapgarh - RSPCB",07-09-2026 15:00:00,24.041198,74.780702,PM10,50,105,72
India,Rajasthan,Pratapgarh,"Pragati Nagar, Pratapgarh - RSPCB",07-09-2026 15:00:00,24.041198,74.780702,SO2,1,3,1
India,Rajasthan,Rajsamand,"Dhoinda, Rajsamand - RSPCB",07-09-2026 15:00:00,25.03636,73.883502,PM2.5,17,75,43
India,Rajasthan,Sawai Madhopur,"Sahu Nagar, Sawai Madhopur - RSPCB",07-09-2026 15:00:00,26.031443,76.359327,CO,16,34,23
India,Rajasthan,Sawai Madhopur,"Sahu Nagar, Sawai Madhopur - RSPCB",07-09-2026 15:00:00,26.031443,76.359327,OZONE,27,65,48
India,Rajasthan,Sikar,"Radhakishan Pura, Sikar - RSPCB",07-09-2026 15:00:00,27.608912,75.153302,NH3,12,14,13
India,Rajasthan,Sri Ganganagar,"Old City, Sri Ganganagar - RSPCB",07-09-2026 15:00:00,29.931624,73.864511,NO2,27,60,41
India,Rajasthan,Sri Ganganagar,"Old City, Sri Ganganagar - RSPCB",07-09-2026 15:00:00,29.931624,73.864511,SO2,3,7,5
India,Rajasthan,Tonk,"Shastri Nagar, Tonk - RSPCB",07-09-2026 15:00:00,26.159933,75.780517,NO2,3,29,9
India,Rajasthan,Tonk,"Shastri Nagar, Tonk - RSPCB",07-09-2026 15:00:00,26.159933,75.780517,CO,7,110,65
India,Rajasthan,Jhunjhunu,"Indra Nagar, Jhunjhunu - RSPCB",07-09-2026 15:00:00,28.108988,75.386577,OZONE,27,70,52
India,Rajasthan,Jodhpur,"Digari Kalan, Jodhpur - RSPCB",07-09-2026 15:00:00,26.29581,73.082283,PM2.5,13,33,20
India,Rajasthan,Jodhpur,"Digari Kalan, Jodhpur - RSPCB",07-09-2026 15:00:00,26.29581,73.082283,PM10,35,108,58
India,Rajasthan,Jodhpur,"Digari Kalan, Jodhpur - RSPCB",07-09-2026 15:00:00,26.29581,73.082283,NH3,5,6,5
India,Rajasthan,Jodhpur,"Jhalamand, Jodhpur - RSPCB",07-09-2026 15:00:00,26.215415,73.070156,NO2,5,15,8
India,Rajasthan,Jodhpur,"Jhalamand, Jodhpur - RSPCB",07-09-2026 15:00:00,26.215415,73.070156,SO2,2,4,3
India,Rajasthan,Jodhpur,"Jhalamand, Jodhpur - RSPCB",07-09-2026 15:00:00,26.215415,73.070156,CO,8,34,12
India,Rajasthan,Jodhpur,"Mandor, Jodhpur - RSPCB",07-09-2026 15:00:00,26.358805,73.047444,NO2,1,8,3
India,Rajasthan,Jodhpur,"Samrat Ashok Udhyan, Jodhpur - RSPCB",07-09-2026 15:00:00,26.253384,72.976571,PM2.5,13,40,22
India,Rajasthan,Jodhpur,"Samrat Ashok Udhyan, Jodhpur - RSPCB",07-09-2026 15:00:00,26.253384,72.976571,OZONE,14,37,26
India,Rajasthan,Khairthal,"New Anaj Mandi, Khairthal - RSPCB",07-09-2026 15:00:00,27.8015617,76.6365217,PM10,73,319,112
India,Rajasthan,Khairthal,"New Anaj Mandi, Khairthal - RSPCB",07-09-2026 15:00:00,27.8015617,76.6365217,SO2,0,2,1
India,Rajasthan,Kota,"Dhanmandi, Kota - RSPCB",07-09-2026 15:00:00,25.16409,75.858137,CO,13,16,14
India,Rajasthan,Jaipur,"Sector-2 Murlipura, Jaipur - RSPCB",07-09-2026 15:00:00,26.960669,75.771817,PM10,33,100,58
India,Rajasthan,Jaipur,"Sector-2 Murlipura, Jaipur - RSPCB",07-09-2026 15:00:00,26.960669,75.771817,NH3,4,11,6
India,Rajasthan,Jaipur,"Police Commissionerate, Jaipur - RSPCB",07-09-2026 15:00:00,26.9164092,75.7994901,CO,24,72,41
India,Rajasthan,Jaipur,"RIICO Sitapura, Jaipur - RSPCB",07-09-2026 15:00:00,26.786682,75.827928,PM10,NA,NA,NA
India,Rajasthan,Jaipur,"RIICO Sitapura, Jaipur - RSPCB",07-09-2026 15:00:00,26.786682,75.827928,NO2,NA,NA,NA
India,Rajasthan,Jaipur,"RIICO Sitapura, Jaipur - RSPCB",07-09-2026 15:00:00,26.786682,75.827928,SO2,NA,NA,NA
India,Rajasthan,Jaipur,"RIICO Sitapura, Jaipur - RSPCB",07-09-2026 15:00:00,26.786682,75.827928,OZONE,22,27,25
India,Rajasthan,Jaipur,"Shastri Nagar, Jaipur - RSPCB",07-09-2026 15:00:00,26.9502929,75.730943,NH3,7,14,10
India,Rajasthan,Jaipur,"Adarsh Nagar, Jaipur - RSPCB",07-09-2026 15:00:00,26.902909,75.836858,PM10,41,101,72
India,Rajasthan,Jaipur,"Adarsh Nagar, Jaipur - RSPCB",07-09-2026 15:00:00,26.902909,75.836858,CO,30,50,37
India,Rajasthan,Jalore,"Mudtra Sili, Jalore - RSPCB",07-09-2026 15:00:00,25.344694,72.626208,PM10,58,105,77
India,Tamil Nadu,Cuddalore,"Kudikadu, Cuddalore - TNPCB",07-09-2026 15:00:00,11.6829898,79.7532099,CO,NA,NA,NA
India,Tamil Nadu,Cuddalore,"Kudikadu, Cuddalore - TNPCB",07-09-2026 15:00:00,11.6829898,79.7532099,OZONE,15,17,16
India,Tamil Nadu,Cuddalore,"Semmandalam, Cuddalore - TNPCB",07-09-2026 15:00:00,11.7637683,79.7499835,PM2.5,NA,NA,NA
India,Tamil Nadu,Cuddalore,"Semmandalam, Cuddalore - TNPCB",07-09-2026 15:00:00,11.7637683,79.7499835,SO2,NA,NA,NA
India,Tamil Nadu,Cuddalore,"Semmandalam, Cuddalore - TNPCB",07-09-2026 15:00:00,11.7637683,79.7499835,OZONE,1,2,2
India,Tamil Nadu,Thoothukudi,"Meelavittan, Thoothukudi - TNPCB",07-09-2026 15:00:00,8.816428,78.099039,NO2,14,22,18
India,Tamil Nadu,Thoothukudi,"Meelavittan, Thoothukudi - TNPCB",07-09-2026 15:00:00,8.816428,78.099039,CO,18,26,22
India,Telangana,Hyderabad,"Bollaram Industrial Area, Hyderabad - TSPCB",07-09-2026 15:00:00,17.518,78.383,NH3,NA,NA,NA
India,Telangana,Hyderabad,"Bollaram Industrial Area, Hyderabad - TSPCB",07-09-2026 15:00:00,17.518,78.383,SO2,NA,NA,NA
India,Telangana,Hyderabad,"Bollaram Industrial Area, Hyderabad - TSPCB",07-09-2026 15:00:00,17.518,78.383,CO,41,51,47
India,Telangana,Hyderabad,"Bollaram Industrial Area, Hyderabad - TSPCB",07-09-2026 15:00:00,17.518,78.383,OZONE,26,27,27
India,Telangana,Hyderabad,"Zoo Park, Hyderabad - TSPCB",07-09-2026 15:00:00,17.349694,78.451437,PM10,NA,NA,NA
India,Telangana,Hyderabad,"Zoo Park, Hyderabad - TSPCB",07-09-2026 15:00:00,17.349694,78.451437,SO2,NA,NA,NA
India,Telangana,Hyderabad,"Zoo Park, Hyderabad - TSPCB",07-09-2026 15:00:00,17.349694,78.451437,CO,24,25,25
India,Telangana,Hyderabad,"Central University, Hyderabad - TSPCB",07-09-2026 15:00:00,17.460103,78.334361,PM2.5,11,33,18
India,Telangana,Hyderabad,"Central University, Hyderabad - TSPCB",07-09-2026 15:00:00,17.460103,78.334361,NO2,4,36,21
India,Telangana,Hyderabad,"Central University, Hyderabad - TSPCB",07-09-2026 15:00:00,17.460103,78.334361,NH3,1,5,3
India,Telangana,Hyderabad,"IITH Kandi, Hyderabad - TSPCB",07-09-2026 15:00:00,17.585705,78.126199,SO2,10,18,13
India,Telangana,Hyderabad,"IITH Kandi, Hyderabad - TSPCB",07-09-2026 15:00:00,17.585705,78.126199,OZONE,16,30,22
India,Telangana,Hyderabad,"Nacharam_TSIIC IALA, Hyderabad - TSPCB",07-09-2026 15:00:00,17.429398,78.569354,PM2.5,33,51,40
India,Telangana,Hyderabad,"Nacharam_TSIIC IALA, Hyderabad - TSPCB",07-09-2026 15:00:00,17.429398,78.569354,PM10,58,71,63
India,Telangana,Hyderabad,"Nacharam_TSIIC IALA, Hyderabad - TSPCB",07-09-2026 15:00:00,17.429398,78.569354,NH3,3,5,5
India,Telangana,Hyderabad,"Kokapet, Hyderabad - TSPCB",07-09-2026 15:00:00,17.393559,78.339194,OZONE,14,27,20
India,Uttar Pradesh,Firozabad,"Vibhab Nagar, Firozabad - UPPCB",07-09-2026 15:00:00,27.1594,78.3953,SO2,NA,NA,NA
India,Uttar Pradesh,Firozabad,"Vibhab Nagar, Firozabad - UPPCB",07-09-2026 15:00:00,27.1594,78.3953,CO,24,30,28
India,Uttar Pradesh,Gajraula,"Rajanpur, Gajraula - UPPCB",07-09-2026 15:00:00,28.829109,78.248796,NO2,6,43,25
India,Uttar Pradesh,Gajraula,"Rajanpur, Gajraula - UPPCB",07-09-2026 15:00:00,28.829109,78.248796,NH3,NA,NA,NA
India,Uttar Pradesh,Ghaziabad,"Ved Vihar-Loni, Ghaziabad - UPPCB",07-09-2026 15:00:00,28.739153,77.273668,SO2,6,8,7
India,Uttar Pradesh,Ghaziabad,"Ved Vihar-Loni, Ghaziabad - UPPCB",07-09-2026 15:00:00,28.739153,77.273668,CO,87,107,97
India,Uttar Pradesh,Ghaziabad,"Sanjay Nagar, Ghaziabad - UPPCB",07-09-2026 15:00:00,28.685382,77.453839,OZONE,18,41,31
India,Uttar Pradesh,Ghaziabad,"Indirapuram, Ghaziabad - UPPCB",07-09-2026 15:00:00,28.646233,77.358075,PM10,12,182,80
India,Uttar Pradesh,Ghaziabad,"Indirapuram, Ghaziabad - UPPCB",07-09-2026 15:00:00,28.646233,77.358075,NO2,18,68,38
India,Uttar Pradesh,Ghaziabad,"Indirapuram, Ghaziabad - UPPCB",07-09-2026 15:00:00,28.646233,77.358075,CO,22,28,24
India,Uttar Pradesh,Ghaziabad,"Vasundhara, Ghaziabad - UPPCB",07-09-2026 15:00:00,28.6603346,77.3572563,CO,35,108,54
India,Uttar Pradesh,Ghaziabad,"Wave City, Ghaziabad - UPPCB",07-09-2026 15:00:00,28.646675,77.489049,CO,82,101,91
India,Uttar Pradesh,Ghaziabad,"Loni, Ghaziabad - UPPCB",07-09-2026 15:00:00,28.757294,77.278792,NO2,17,65,41
India,Uttar Pradesh,Ghaziabad,"Loni, Ghaziabad - UPPCB",07-09-2026 15:00:00,28.757294,77.278792,SO2,2,21,6
India,Uttar Pradesh,Ghaziabad,"Loni, Ghaziabad - UPPCB",07-09-2026 15:00:00,28.757294,77.278792,CO,48,72,58
India,Uttar Pradesh,Ghaziabad,"Govindpuram, Ghaziabad - UPPCB",07-09-2026 15:00:00,28.694528,77.494705,PM10,3,36,19
India,Uttar Pradesh,Ghaziabad,"Govindpuram, Ghaziabad - UPPCB",07-09-2026 15:00:00,28.694528,77.494705,NH3,0,2,1
India,Uttar Pradesh,Gorakhpur,"Madan Mohan Malaviya University of Technology, Gorakhpur - UPPCB",07-09-2026 15:00:00,26.730136,83.433859,NO2,11,12,11
India,Uttar Pradesh,Greater Noida,"Knowledge Park - V, Greater Noida - UPPCB",07-09-2026 15:00:00,28.557054,77.453663,PM2.5,9,273,87
India,Uttar Pradesh,Hapur,"Anand Vihar, Hapur - UPPCB",07-09-2026 15:00:00,28.725645,77.749675,CO,30,50,36
India,Uttar Pradesh,Jhansi,"Shivaji Nagar, Jhansi - UPPCB",07-09-2026 15:00:00,25.4547,78.6039,PM10,19,50,36
India,Uttar Pradesh,Jhansi,"Shivaji Nagar, Jhansi - UPPCB",07-09-2026 15:00:00,25.4547,78.6039,NO2,5,10,6
India,Uttar Pradesh,Kanpur,"FTI Kidwai Nagar, Kanpur - UPPCB",07-09-2026 15:00:00,26.428282,80.327067,PM10,24,197,49
India,Uttar Pradesh,Kanpur,"FTI Kidwai Nagar, Kanpur - UPPCB",07-09-2026 15:00:00,26.428282,80.327067,NH3,3,3,3
India,Uttar Pradesh,Kanpur,"NSI Kalyanpur, Kanpur - UPPCB",07-09-2026 15:00:00,26.509954,80.249612,PM2.5,6,41,22
India,Uttar Pradesh,Kanpur,"NSI Kalyanpur, Kanpur - UPPCB",07-09-2026 15:00:00,26.509954,80.249612,PM10,11,59,40
India,Uttar Pradesh,Kanpur,"NSI Kalyanpur, Kanpur - UPPCB",07-09-2026 15:00:00,26.509954,80.249612,NO2,31,32,31
India,Uttar Pradesh,Kanpur,"NSI Kalyanpur, Kanpur - UPPCB",07-09-2026 15:00:00,26.509954,80.249612,CO,10,22,14
India,Uttar Pradesh,Kanpur,"Nehru Nagar, Kanpur - UPPCB",07-09-2026 15:00:00,26.4703136,80.3229863,NO2,46,49,48
India,Uttar Pradesh,Kanpur,"Nehru Nagar, Kanpur - UPPCB",07-09-2026 15:00:00,26.4703136,80.3229863,CO,46,55,50
India,Uttar Pradesh,Khurja,"Kalindi Kunj, Khurja - UPPCB",07-09-2026 15:00:00,28.2348927,77.8683002,PM10,21,117,56
India,Uttar Pradesh,Khurja,"Kalindi Kunj, Khurja - UPPCB",07-09-2026 15:00:00,28.2348927,77.8683002,NH3,1,1,1
India,Uttar Pradesh,Lucknow,"Talkatora District Industries Center, Lucknow - CPCB",07-09-2026 15:00:00,26.83399722,80.8917361,NH3,4,12,6
India,Uttar Pradesh,Lucknow,"Talkatora District Industries Center, Lucknow - CPCB",07-09-2026 15:00:00,26.83399722,80.8917361,CO,30,54,44
India,Uttar Pradesh,Lucknow,"Gomti Nagar, Lucknow - UPPCB",07-09-2026 15:00:00,26.86812,81.005119,NO2,9,10,9
India,Uttar Pradesh,Lucknow,"Gomti Nagar, Lucknow - UPPCB",07-09-2026 15:00:00,26.86812,81.005119,NH3,NA,NA,NA
India,Uttar Pradesh,Lucknow,"Gomti Nagar, Lucknow - UPPCB",07-09-2026 15:00:00,26.86812,81.005119,CO,37,40,39
India,Uttar Pradesh,Lucknow,"B R Ambedkar University, Lucknow - UPPCB",07-09-2026 15:00:00,26.766433,80.927299,PM2.5,8,312,32
India,Uttar Pradesh,Agra,"Sector-3B Avas Vikas Colony, Agra - UPPCB",07-09-2026 15:00:00,27.19412,77.96237,SO2,26,27,26
India,Uttar Pradesh,Agra,"Sector-3B Avas Vikas Colony, Agra - UPPCB",07-09-2026 15:00:00,27.19412,77.96237,OZONE,12,18,15
India,Uttar Pradesh,Agra,"Shahjahan Garden, Agra - UPPCB",07-09-2026 15:00:00,27.169338,78.03582,PM2.5,22,32,26
India,Uttar Pradesh,Agra,"Shahjahan Garden, Agra - UPPCB",07-09-2026 15:00:00,27.169338,78.03582,NO2,20,23,22
India,Uttar Pradesh,Agra,"Shahjahan Garden, Agra - UPPCB",07-09-2026 15:00:00,27.169338,78.03582,SO2,58,66,62
India,Uttar Pradesh,Agra,"Manoharpur, Agra - UPPCB",07-09-2026 15:00:00,27.23711,78.01936,NH3,2,2,2
India,Uttar Pradesh,Agra,"Sanjay Palace, Agra - UPPCB",07-09-2026 15:00:00,27.19865833,78.00598056,PM2.5,3,154,24
India,Uttar Pradesh,Agra,"Shastripuram, Agra - UPPCB",07-09-2026 15:00:00,27.19862,77.92066,OZONE,2,5,3
India,Uttar Pradesh,Baghpat,"Sardar Patel Inter College, Baghpat - UPPCB",07-09-2026 15:00:00,28.964949,77.278761,CO,19,48,30
India,Uttar Pradesh,Bareilly,"Civil Lines, Bareilly - UPPCB",07-09-2026 15:00:00,28.359581,79.414455,NO2,8,9,8
India,Uttar Pradesh,Bulandshahr,"Yamunapuram, Bulandshahr - UPPCB",07-09-2026 15:00:00,28.406963,77.849831,NO2,5,38,21
India,Uttar Pradesh,Bulandshahr,"Yamunapuram, Bulandshahr - UPPCB",07-09-2026 15:00:00,28.406963,77.849831,OZONE,8,60,32
India,Uttar Pradesh,Fatehpur Sikri,"Dadupura, Fatehpur Sikri - UPPCB",07-09-2026 15:00:00,27.097694,77.671335,OZONE,11,42,28
India,Uttar Pradesh,Firozabad,"Nagla Bhau, Firozabad - UPPCB",07-09-2026 15:00:00,27.168897,78.37696,NO2,16,27,17
India,Uttar Pradesh,Firozabad,"Nagla Bhau, Firozabad - UPPCB",07-09-2026 15:00:00,27.168897,78.37696,NH3,2,2,2
India,Uttar Pradesh,Firozabad,"Nagla Bhau, Firozabad - UPPCB",07-09-2026 15:00:00,27.168897,78.37696,OZONE,3,11,7
India,Uttar Pradesh,Firozabad,"Vibhab Nagar, Firozabad - UPPCB",07-09-2026 15:00:00,27.1594,78.3953,PM2.5,NA,NA,NA
India,Sikkim,Gangtok,"Zero Point GICI, Gangtok - SSPCB",07-09-2026 15:00:00,27.33853,88.614099,NO2,7,8,8
India,Sikkim,Gangtok,"Zero Point GICI, Gangtok - SSPCB",07-09-2026 15:00:00,27.33853,88.614099,NH3,1,1,1
India,Tamil Nadu,Chennai,"Arumbakkam, Chennai - TNPCB",07-09-2026 15:00:00,13.0664,80.2112,PM10,24,114,67
India,Tamil Nadu,Chennai,"Velachery Res. Area, Chennai - CPCB",07-09-2026 15:00:00,13.0052189,80.2398125,PM10,74,112,97
India,Tamil Nadu,Chennai,"Perungudi, Chennai - TNPCB",07-09-2026 15:00:00,12.9533,80.2357,PM2.5,10,430,136
India,Tamil Nadu,Chennai,"Perungudi, Chennai - TNPCB",07-09-2026 15:00:00,12.9533,80.2357,SO2,3,9,6
India,Tamil Nadu,Chennai,"Manali Village, Chennai - TNPCB",07-09-2026 15:00:00,13.1662,80.2584,PM2.5,9,55,31
India,Tamil Nadu,Chennai,"Manali Village, Chennai - TNPCB",07-09-2026 15:00:00,13.1662,80.2584,CO,49,53,51
India,Tamil Nadu,Chennai,"Manali, Chennai - CPCB",07-09-2026 15:00:00,13.164544,80.26285,PM2.5,NA,NA,NA
India,Tamil Nadu,Chennai,"Manali, Chennai - CPCB",07-09-2026 15:00:00,13.164544,80.26285,NO2,NA,NA,NA
India,Tamil Nadu,Chennai,"Manali, Chennai - CPCB",07-09-2026 15:00:00,13.164544,80.26285,SO2,NA,NA,NA
India,Tamil Nadu,Chennai,"Manali, Chennai - CPCB",07-09-2026 15:00:00,13.164544,80.26285,CO,13,117,77
India,Tamil Nadu,Chennai,"Royapuram, Chennai - TNPCB",07-09-2026 15:00:00,13.1036,80.2909,NO2,12,16,14
India,Tamil Nadu,Chennai,"Royapuram, Chennai - TNPCB",07-09-2026 15:00:00,13.1036,80.2909,OZONE,29,33,31
India,Tamil Nadu,Coimbatore,"SIDCO Kurichi, Coimbatore - TNPCB",07-09-2026 15:00:00,10.942451,76.978996,PM2.5,NA,NA,NA
India,Tamil Nadu,Coimbatore,"SIDCO Kurichi, Coimbatore - TNPCB",07-09-2026 15:00:00,10.942451,76.978996,NO2,22,23,22
India,Uttar Pradesh,Prayagraj,"Motilal Nehru NIT, Prayagraj - UPPCB",07-09-2026 15:00:00,25.494,81.863,CO,2,4,3
India,Uttar Pradesh,Prayagraj,"Nagar Nigam, Prayagraj - UPPCB",07-09-2026 15:00:00,25.44919916,81.82735986,NH3,3,8,4
India,Uttar Pradesh,Prayagraj,"Nagar Nigam, Prayagraj - UPPCB",07-09-2026 15:00:00,25.44919916,81.82735986,CO,12,13,13
India,Uttar Pradesh,Raebareli," Indira Nagar, Raebareli - NTPC Unchahar",07-09-2026 15:00:00,26.207781,81.245571,PM10,60,99,81
India,Uttar Pradesh,Raebareli," Indira Nagar, Raebareli - NTPC Unchahar",07-09-2026 15:00:00,26.207781,81.245571,CO,48,70,64
India,Uttar Pradesh,Varanasi,"Bhelupur, Varanasi - UPPCB",07-09-2026 15:00:00,25.301778,82.996789,PM10,30,487,157
India,Uttar Pradesh,Varanasi,"Bhelupur, Varanasi - UPPCB",07-09-2026 15:00:00,25.301778,82.996789,CO,6,18,10
India,Uttar Pradesh,Varanasi,"Maldahiya, Varanasi - UPPCB",07-09-2026 15:00:00,25.32393,82.99687,CO,11,12,11
India,Uttar Pradesh,Varanasi,"Ardhali Bazar, Varanasi - UPPCB",07-09-2026 15:00:00,25.3505986,82.9083074,SO2,NA,NA,NA
India,Uttar Pradesh,Varanasi,"Ardhali Bazar, Varanasi - UPPCB",07-09-2026 15:00:00,25.3505986,82.9083074,CO,14,14,14
India,Uttar Pradesh,Varanasi,"IESD Banaras Hindu University, Varanasi - UPPCB",07-09-2026 15:00:00,25.262326,82.995408,PM10,14,92,38
India,Uttar Pradesh,Varanasi,"IESD Banaras Hindu University, Varanasi - UPPCB",07-09-2026 15:00:00,25.262326,82.995408,OZONE,1,2,2
India,Uttar Pradesh,Vrindavan,"Omex Eternity, Vrindavan - UPPCB",07-09-2026 15:00:00,27.571409,77.655757,NO2,27,27,27
India,Uttar Pradesh,Vrindavan,"Omex Eternity, Vrindavan - UPPCB",07-09-2026 15:00:00,27.571409,77.655757,SO2,27,42,28
India,Uttar Pradesh,Lucknow,"B R Ambedkar University, Lucknow - UPPCB",07-09-2026 15:00:00,26.766433,80.927299,CO,23,25,24
India,Uttar Pradesh,Lucknow,"Lalbagh, Lucknow - CPCB",07-09-2026 15:00:00,26.8458805,80.9365541,OZONE,24,54,42
India,Uttar Pradesh,Lucknow,"Kukrail Picnic Spot-1, Lucknow - UPPCB",07-09-2026 15:00:00,26.90723,80.98579,NH3,6,6,6
India,Uttar Pradesh,Lucknow,"Kukrail Picnic Spot-1, Lucknow - UPPCB",07-09-2026 15:00:00,26.90723,80.98579,OZONE,10,10,10
India,Uttar Pradesh,Mathura,"Pali Dungra, Mathura - UPPCB",07-09-2026 15:00:00,27.410954,77.550619,PM2.5,NA,NA,NA
India,Uttar Pradesh,Meerut,"MIET College, Meerut - UPPCB",07-09-2026 15:00:00,28.972677,77.641018,NH3,1,5,3
India,Uttar Pradesh,Meerut,"Ganga Nagar, Meerut - UPPCB",07-09-2026 15:00:00,28.999264,77.7590354,PM10,19,89,45
India,Uttar Pradesh,Modinagar,"SRM University, Modinagar - UPPCB",07-09-2026 15:00:00,28.798171,77.540243,PM10,NA,NA,NA
India,Uttar Pradesh,Moradabad,"Eco Herbal Park, Moradabad - UPPCB",07-09-2026 15:00:00,28.840739,78.697531,OZONE,14,30,23
India,Uttar Pradesh,Moradabad,"Buddhi Vihar, Moradabad - UPPCB",07-09-2026 15:00:00,28.83526,78.7446,NO2,28,29,29
India,Uttar Pradesh,Moradabad,"Jigar Colony, Moradabad - UPPCB",07-09-2026 15:00:00,28.856664,78.772638,NH3,6,6,6
India,Uttar Pradesh,Moradabad,"Transport Nagar, Moradabad - UPPCB",07-09-2026 15:00:00,28.802625,78.753728,PM2.5,9,202,48
India,Uttar Pradesh,Moradabad,"Kashiram Nagar, Moradabad - UPPCB",07-09-2026 15:00:00,28.849399,78.742362,PM2.5,16,87,38
India,Uttar Pradesh,Moradabad,"Kashiram Nagar, Moradabad - UPPCB",07-09-2026 15:00:00,28.849399,78.742362,NH3,4,4,4
India,Uttar Pradesh,Moradabad,"Kashiram Nagar, Moradabad - UPPCB",07-09-2026 15:00:00,28.849399,78.742362,OZONE,14,31,17
India,Uttar Pradesh,Moradabad,"Employment Office, Moradabad - UPPCB",07-09-2026 15:00:00,28.88528,78.7388,CO,11,12,11
India,Uttar Pradesh,Moradabad,"Employment Office, Moradabad - UPPCB",07-09-2026 15:00:00,28.88528,78.7388,OZONE,18,20,18
India,Uttar Pradesh,Muzaffarnagar,"New Mandi, Muzaffarnagar - UPPCB",07-09-2026 15:00:00,29.4723508,77.7194031,PM2.5,15,144,63
India,Uttar Pradesh,Muzaffarnagar,"New Mandi, Muzaffarnagar - UPPCB",07-09-2026 15:00:00,29.4723508,77.7194031,OZONE,12,84,45
India,Uttar Pradesh,Noida,"Sector - 125, Noida - UPPCB",07-09-2026 15:00:00,28.5447608,77.3231257,SO2,5,12,8
India,Uttar Pradesh,Noida,"Sector - 125, Noida - UPPCB",07-09-2026 15:00:00,28.5447608,77.3231257,OZONE,13,20,17
India,Uttar Pradesh,Prayagraj,"Motilal Nehru NIT, Prayagraj - UPPCB",07-09-2026 15:00:00,25.494,81.863,NO2,11,12,12
India,Telangana,Hyderabad,"Ramachandrapuram, Hyderabad - TSPCB",07-09-2026 15:00:00,17.528544,78.286195,NO2,10,16,12
India,Telangana,Hyderabad,"Kompally Municipal Office, Hyderabad - TSPCB",07-09-2026 15:00:00,17.544899,78.486949,CO,10,24,17
India,Telangana,Hyderabad,"Sanathnagar, Hyderabad - TSPCB",07-09-2026 15:00:00,17.4559458,78.4332152,PM10,NA,NA,NA
India,Tripura,Agartala,"Bardowali, Agartala - Tripura SPCB",07-09-2026 15:00:00,23.8175497,91.2726974,CO,23,31,27
India,Uttar Pradesh,Agra,"Rohta, Agra - UPPCB",07-09-2026 15:00:00,27.106972,78.000111,NH3,6,6,6
India,Uttarakhand,Kashipur,"Govt. Girls Inter College, Kashipur - UKPCB",07-09-2026 15:00:00,29.2124114,78.9611753,NO2,NA,NA,NA
India,Uttarakhand,Rishikesh,"Shivaji Nagar, Rishikesh - UKPCB",07-09-2026 15:00:00,30.075911,78.2859547,NO2,6,6,6
India,Uttarakhand,Rishikesh,"Shivaji Nagar, Rishikesh - UKPCB",07-09-2026 15:00:00,30.075911,78.2859547,NH3,6,6,6
India,Uttarakhand,Rishikesh,"Shivaji Nagar, Rishikesh - UKPCB",07-09-2026 15:00:00,30.075911,78.2859547,CO,37,37,37
India,Uttarakhand,Rishikesh,"Shivaji Nagar, Rishikesh - UKPCB",07-09-2026 15:00:00,30.075911,78.2859547,OZONE,34,34,34
India,West Bengal,Asansol,"Asansol Court Area, Asansol - WBPCB",07-09-2026 15:00:00,23.685297,86.945968,NO2,29,40,33
India,West Bengal,Asansol,"Asansol Court Area, Asansol - WBPCB",07-09-2026 15:00:00,23.685297,86.945968,CO,18,53,31
India,West Bengal,Asansol,"Asansol Court Area, Asansol - WBPCB",07-09-2026 15:00:00,23.685297,86.945968,OZONE,16,34,24
India,West Bengal,Asansol,"Evelyn Lodge, Asansol - WBPCB",07-09-2026 15:00:00,23.697936,86.944395,PM10,21,55,38
India,West Bengal,Asansol,"Evelyn Lodge, Asansol - WBPCB",07-09-2026 15:00:00,23.697936,86.944395,NH3,4,5,5
India,West Bengal,Asansol,"Evelyn Lodge, Asansol - WBPCB",07-09-2026 15:00:00,23.697936,86.944395,OZONE,18,39,32
India,West Bengal,Asansol,"Mahabir Colliery, Asansol - WBPCB",07-09-2026 15:00:00,23.618183,87.105718,NH3,0,1,0
India,West Bengal,Asansol,"Mahabir Colliery, Asansol - WBPCB",07-09-2026 15:00:00,23.618183,87.105718,SO2,8,10,9
India,West Bengal,Asansol,"Mahabir Colliery, Asansol - WBPCB",07-09-2026 15:00:00,23.618183,87.105718,CO,5,72,29
India,West Bengal,Barrackpore,"SVSPA Campus, Barrackpore - WBPCB",07-09-2026 15:00:00,22.7605581,88.3617589,NO2,11,26,18
India,West Bengal,Durgapur,"Womens College_City Center, Durgapur - WBPCB",07-09-2026 15:00:00,23.549395,87.300496,PM10,56,87,66
India,West Bengal,Howrah,"Belur Math, Howrah - WBPCB",07-09-2026 15:00:00,22.629801,88.352017,PM2.5,45,79,61
India,West Bengal,Howrah,"Belur Math, Howrah - WBPCB",07-09-2026 15:00:00,22.629801,88.352017,PM10,79,113,94
India,West Bengal,Howrah,"Belur Math, Howrah - WBPCB",07-09-2026 15:00:00,22.629801,88.352017,NH3,3,4,4
India,West Bengal,Howrah,"Belur Math, Howrah - WBPCB",07-09-2026 15:00:00,22.629801,88.352017,CO,16,35,24
India,West Bengal,Howrah,"Ghusuri, Howrah - WBPCB",07-09-2026 15:00:00,22.611968,88.347422,PM10,69,123,103
India,West Bengal,Howrah,"Ghusuri, Howrah - WBPCB",07-09-2026 15:00:00,22.611968,88.347422,CO,33,42,38
India,West Bengal,Howrah,"Padmapukur, Howrah - WBPCB",07-09-2026 15:00:00,22.5687319,88.2797276,NO2,15,54,30
India,West Bengal,Kolkata,"Bidhannagar, Kolkata - WBPCB",07-09-2026 15:00:00,22.58157048,88.41002457,PM10,49,86,67
India,West Bengal,Kolkata,"Rabindra Bharati University, Kolkata - WBPCB",07-09-2026 15:00:00,22.627847,88.380669,NH3,7,12,9
India,West Bengal,Kolkata,"Rabindra Sarobar, Kolkata - WBPCB",07-09-2026 15:00:00,22.51106,88.35142,PM10,18,46,40
India,West Bengal,Kolkata,"Rabindra Sarobar, Kolkata - WBPCB",07-09-2026 15:00:00,22.51106,88.35142,NO2,17,59,31
India,West Bengal,Kolkata,"Rabindra Sarobar, Kolkata - WBPCB",07-09-2026 15:00:00,22.51106,88.35142,NH3,6,9,7
India,West Bengal,Kolkata,"Ballygunge, Kolkata - WBPCB",07-09-2026 15:00:00,22.5367507,88.3638022,NO2,19,100,33
India,West Bengal,Kolkata,"Ballygunge, Kolkata - WBPCB",07-09-2026 15:00:00,22.5367507,88.3638022,CO,19,33,28
