country,state,city,station,last_update,latitude,longitude,pollutant_id,min_value,max_value,avg_value
India,Chhattisgarh,Milupara,"Govt. Higher Secondary School, Milupara - CECB",16-09-2026 14:00:00,22.1910172,83.5197009,SO2,NA,NA,NA
India,Chhattisgarh,Milupara,"Govt. Higher Secondary School, Milupara - CECB",16-09-2026 14:00:00,22.1910172,83.5197009,CO,21,29,25
India,Chhattisgarh,Raipur,"Bhatagaon New ISBT, Raipur - CECB",16-09-2026 14:00:00,21.219665,81.630094,PM10,27,71,53
India,Chhattisgarh,Raipur,"Bhatagaon New ISBT, Raipur - CECB",16-09-2026 14:00:00,21.219665,81.630094,CO,15,23,20
India,Chhattisgarh,Raipur,"AIIMS, Raipur - CECB",16-09-2026 14:00:00,21.258815,81.578979,PM2.5,NA,NA,NA
India,Chhattisgarh,Raipur,"AIIMS, Raipur - CECB",16-09-2026 14:00:00,21.258815,81.578979,CO,16,16,16
India,Chhattisgarh,Raipur,"AIIMS, Raipur - CECB",16-09-2026 14:00:00,21.258815,81.578979,OZONE,NA,NA,NA
India,Chhattisgarh,Raipur,"Siltara Phase-II, Raipur - CECB",16-09-2026 14:00:00,21.371751,81.664929,PM2.5,NA,NA,NA
India,Chhattisgarh,Raipur,"Siltara Phase-II, Raipur - CECB",16-09-2026 14:00:00,21.371751,81.664929,NH3,2,2,2
India,Chhattisgarh,Raipur,"Siltara Phase-II, Raipur - CECB",16-09-2026 14:00:00,21.371751,81.664929,OZONE,2,6,4
India,Chhattisgarh,Tumidih,"OP Jindal Industrial Park, Tumidih - CECB",16-09-2026 14:00:00,22.06631475,83.33820077,PM10,NA,NA,NA
India,Delhi,Delhi,"Wazirpur, Delhi - DPCC",16-09-2026 14:00:00,28.699793,77.165453,SO2,15,20,18
India,Delhi,Delhi,"Narela, Delhi - DPCC",16-09-2026 14:00:00,28.822836,77.101981,PM2.5,29,102,72
India,Delhi,Delhi,"Narela, Delhi - DPCC",16-09-2026 14:00:00,28.822836,77.101981,NH3,2,3,2
India,Delhi,Delhi,"Narela, Delhi - DPCC",16-09-2026 14:00:00,28.822836,77.101981,SO2,5,13,8
India,Delhi,Delhi,"Narela, Delhi - DPCC",16-09-2026 14:00:00,28.822836,77.101981,OZONE,6,44,20
India,Delhi,Delhi,"Cantonment Area, Delhi - DPCC",16-09-2026 14:00:00,28.594169,77.1251,SO2,4,6,5
India,Delhi,Delhi,"Cantonment Area, Delhi - DPCC",16-09-2026 14:00:00,28.594169,77.1251,CO,44,44,44
India,Delhi,Delhi,"Major Dhyan Chand National Stadium, Delhi - DPCC",16-09-2026 14:00:00,28.611281,77.237738,SO2,31,33,32
India,Delhi,Delhi,"Sonia Vihar, Delhi - DPCC",16-09-2026 14:00:00,28.710508,77.249485,PM2.5,48,280,95
India,Delhi,Delhi,"Sonia Vihar, Delhi - DPCC",16-09-2026 14:00:00,28.710508,77.249485,PM10,61,165,111
India,Delhi,Delhi,"Sonia Vihar, Delhi - DPCC",16-09-2026 14:00:00,28.710508,77.249485,NO2,14,57,28
India,Delhi,Delhi,"Bawana, Delhi - DPCC",16-09-2026 14:00:00,28.7762,77.051074,PM10,15,265,89
India,Delhi,Delhi,"Okhla Phase-2, Delhi - DPCC",16-09-2026 14:00:00,28.530785,77.271255,SO2,4,10,6
India,Delhi,Delhi,"Rohini, Delhi - DPCC",16-09-2026 14:00:00,28.732528,77.11992,OZONE,10,20,13
India,Delhi,Delhi,"Vivek Vihar, Delhi - DPCC",16-09-2026 14:00:00,28.672342,77.31526,PM2.5,31,87,58
India,Delhi,Delhi,"Vivek Vihar, Delhi - DPCC",16-09-2026 14:00:00,28.672342,77.31526,SO2,4,11,8
India,Delhi,Delhi,"Jahangirpuri, Delhi - DPCC",16-09-2026 14:00:00,28.73282,77.170633,CO,26,45,33
India,Delhi,Delhi,"IHBAS, Dilshad Garden, Delhi - CPCB",16-09-2026 14:00:00,28.6811736,77.3025234,PM10,42,72,60
India,Delhi,Delhi,"IHBAS, Dilshad Garden, Delhi - CPCB",16-09-2026 14:00:00,28.6811736,77.3025234,CO,31,38,34
India,Delhi,Delhi,"Sri Aurobindo Marg, Delhi - DPCC",16-09-2026 14:00:00,28.531346,77.190156,OZONE,3,46,23
India,Delhi,Delhi,"Patparganj, Delhi - DPCC",16-09-2026 14:00:00,28.623763,77.287209,PM2.5,23,133,53
India,Delhi,Delhi,"Patparganj, Delhi - DPCC",16-09-2026 14:00:00,28.623763,77.287209,CO,43,51,47
India,Delhi,Delhi,"Patparganj, Delhi - DPCC",16-09-2026 14:00:00,28.623763,77.287209,OZONE,11,28,18
India,Delhi,Delhi,"Jawaharlal Nehru Stadium, Delhi - DPCC",16-09-2026 14:00:00,28.58028,77.233829,NO2,9,24,15
India,Delhi,Delhi,"Jawaharlal Nehru Stadium, Delhi - DPCC",16-09-2026 14:00:00,28.58028,77.233829,CO,110,126,115
India,Delhi,Delhi,"Najafgarh, Delhi - DPCC",16-09-2026 14:00:00,28.570173,76.933762,SO2,19,26,21
India,Bihar,Patna,"Muradpur, Patna - BSPCB",16-09-2026 14:00:00,25.619651,85.147382,PM2.5,45,73,56
India,Bihar,Patna,"Muradpur, Patna - BSPCB",16-09-2026 14:00:00,25.619651,85.147382,NH3,4,5,5
India,Bihar,Patna,"Govt. High School Shikarpur, Patna - BSPCB",16-09-2026 14:00:00,25.592539,85.227158,PM2.5,37,45,42
India,Bihar,Patna,"Govt. High School Shikarpur, Patna - BSPCB",16-09-2026 14:00:00,25.592539,85.227158,PM10,70,121,89
India,Bihar,Patna,"Govt. High School Shikarpur, Patna - BSPCB",16-09-2026 14:00:00,25.592539,85.227158,OZONE,32,84,58
India,Bihar,Patna,"IGSC Planetarium Complex, Patna - BSPCB",16-09-2026 14:00:00,25.610369,85.132568,SO2,16,24,21
India,Bihar,Patna,"Rajbansi Nagar, Patna - BSPCB",16-09-2026 14:00:00,25.599486,85.113666,CO,49,53,50
India,Bihar,Purnia,"Mariam Nagar, Purnia - BSPCB",16-09-2026 14:00:00,25.366336,87.117468,CO,29,55,51
India,Bihar,Purnia,"Mariam Nagar, Purnia - BSPCB",16-09-2026 14:00:00,25.366336,87.117468,OZONE,2,27,20
India,Bihar,Rajgir,"Dangi Tola, Rajgir - BSPCB",16-09-2026 14:00:00,25.0328,85.41948,PM2.5,22,83,31
India,Bihar,Rajgir,"Dangi Tola, Rajgir - BSPCB",16-09-2026 14:00:00,25.0328,85.41948,PM10,18,64,25
India,Bihar,Rajgir,"Dangi Tola, Rajgir - BSPCB",16-09-2026 14:00:00,25.0328,85.41948,NH3,3,3,3
India,Bihar,Saharsa,"Police Line, Saharsa - BSPCB",16-09-2026 14:00:00,25.892357,86.590325,SO2,14,20,18
India,Bihar,Samastipur,"DM Office_Kasipur, Samastipur - BSPCB",16-09-2026 14:00:00,25.859655,85.77944,PM2.5,NA,NA,NA
India,Bihar,Samastipur,"DM Office_Kasipur, Samastipur - BSPCB",16-09-2026 14:00:00,25.859655,85.77944,PM10,NA,NA,NA
India,Bihar,Sasaram,"Dada Peer, Sasaram - BSPCB",16-09-2026 14:00:00,24.952822,84.002396,PM2.5,2,58,20
India,Bihar,Sasaram,"Dada Peer, Sasaram - BSPCB",16-09-2026 14:00:00,24.952822,84.002396,OZONE,NA,NA,NA
India,Bihar,Gaya,"Collectorate, Gaya - BSPCB",16-09-2026 14:00:00,24.7955,84.9994,CO,11,12,12
India,Bihar,Gaya,"SFTI Kusdihra, Gaya - BSPCB",16-09-2026 14:00:00,24.762518,84.982348,PM2.5,33,72,52
India,Bihar,Gaya,"SFTI Kusdihra, Gaya - BSPCB",16-09-2026 14:00:00,24.762518,84.982348,CO,27,36,31
India,Bihar,Hajipur,"Industrial Area, Hajipur - BSPCB",16-09-2026 14:00:00,25.697189,85.2459,PM10,48,117,72
India,Bihar,Hajipur,"Industrial Area, Hajipur - BSPCB",16-09-2026 14:00:00,25.697189,85.2459,NO2,7,23,15
India,Bihar,Hajipur,"Industrial Area, Hajipur - BSPCB",16-09-2026 14:00:00,25.697189,85.2459,SO2,3,5,4
India,Bihar,Katihar,"Mirchaibari, Katihar - BSPCB",16-09-2026 14:00:00,25.560083,87.553265,PM10,21,51,35
India,Bihar,Katihar,"Mirchaibari, Katihar - BSPCB",16-09-2026 14:00:00,25.560083,87.553265,CO,61,83,72
India,Bihar,Kishanganj,"SDM Office_Khagra, Kishanganj - BSPCB",16-09-2026 14:00:00,26.0881305,87.93840336,SO2,9,13,11
India,Bihar,Kishanganj,"SDM Office_Khagra, Kishanganj - BSPCB",16-09-2026 14:00:00,26.0881305,87.93840336,CO,38,44,41
India,Bihar,Manguraha,"Forest Rest House, Manguraha - BSPCB",16-09-2026 14:00:00,27.308328,84.531742,SO2,NA,NA,NA
India,Bihar,Motihari,"Gandak Colony, Motihari - BSPCB",16-09-2026 14:00:00,26.63086,84.90051,PM2.5,NA,NA,NA
India,Bihar,Muzaffarpur,"MIT-Daudpur Kothi, Muzaffarpur - BSPCB",16-09-2026 14:00:00,26.1403345,85.3650192,PM2.5,29,45,36
India,Bihar,Muzaffarpur,"Buddha Colony, Muzaffarpur - BSPCB",16-09-2026 14:00:00,26.11442,85.39813,SO2,3,9,5
India,Bihar,Muzaffarpur,"Buddha Colony, Muzaffarpur - BSPCB",16-09-2026 14:00:00,26.11442,85.39813,OZONE,3,98,30
India,Chandigarh,Chandigarh,"Sector-25, Chandigarh - CPCC",16-09-2026 14:00:00,30.751462,76.762879,OZONE,4,41,21
India,Chandigarh,Chandigarh,"Sector 22, Chandigarh - CPCC",16-09-2026 14:00:00,30.735567,76.775714,SO2,3,5,4
India,Chandigarh,Chandigarh,"Sector 22, Chandigarh - CPCC",16-09-2026 14:00:00,30.735567,76.775714,CO,33,36,35
India,Chhattisgarh,Bhilai,"Hathkhoj, Bhilai - CECB",16-09-2026 14:00:00,21.224231,81.40835,NO2,9,52,26
India,Chhattisgarh,Bhilai,"Hathkhoj, Bhilai - CECB",16-09-2026 14:00:00,21.224231,81.40835,SO2,5,41,16
India,Chhattisgarh,Bhilai,"Civic Center, Bhilai - Bhilai Steel Plant",16-09-2026 14:00:00,21.185571,81.343175,PM2.5,4,26,17
India,Chhattisgarh,Bhilai,"Civic Center, Bhilai - Bhilai Steel Plant",16-09-2026 14:00:00,21.185571,81.343175,NO2,15,16,16
India,Chhattisgarh,Chhal,"Nawapara SECL Colony, Chhal - CECB",16-09-2026 14:00:00,22.118125,83.140608,NH3,2,2,2
India,Chhattisgarh,Chhal,"Nawapara SECL Colony, Chhal - CECB",16-09-2026 14:00:00,22.118125,83.140608,CO,19,45,29
India,Chhattisgarh,Chhal,"Nawapara SECL Colony, Chhal - CECB",16-09-2026 14:00:00,22.118125,83.140608,OZONE,41,53,46
India,Chhattisgarh,Korba,"Urja Nagar, Korba - CECB",16-09-2026 14:00:00,22.348441,82.549611,PM2.5,27,179,71
India,Chhattisgarh,Korba,"Urja Nagar, Korba - CECB",16-09-2026 14:00:00,22.348441,82.549611,NO2,5,6,5
India,Chhattisgarh,Korba,"Rampur, Korba - CECB",16-09-2026 14:00:00,22.368195,82.746431,PM2.5,15,46,26
India,Chhattisgarh,Korba,"Rampur, Korba - CECB",16-09-2026 14:00:00,22.368195,82.746431,PM10,18,50,32
India,Andhra Pradesh,Guntur,"Rajendra Nagar North, Guntur - APPCB",16-09-2026 14:00:00,16.316553,80.413302,CO,11,18,15
India,Andhra Pradesh,Kadapa,"Yerramukkapalli, Kadapa - APPCB",16-09-2026 14:00:00,14.465052,78.824187,OZONE,33,52,42
India,Andhra Pradesh,Kakinada,"Rama Rao Peta, Kakinada - APPCB",16-09-2026 14:00:00,16.962488,82.229513,OZONE,3,58,28
India,Andhra Pradesh,Kurnool,"Sita Rama Nagar, Kurnool - APPCB",16-09-2026 14:00:00,15.83411,78.028546,OZONE,13,46,31
India,Andhra Pradesh,Machilipatnam,"Srinivas Nagar Colony, Machilipatnam - APPCB",16-09-2026 14:00:00,16.186555,81.13219,NO2,34,49,41
India,Andhra Pradesh,Machilipatnam,"Srinivas Nagar Colony, Machilipatnam - APPCB",16-09-2026 14:00:00,16.186555,81.13219,SO2,14,21,17
India,Andhra Pradesh,Nellore,"Ambedkar Nagar, Nellore - APPCB ",16-09-2026 14:00:00,14.438164,79.966814,PM2.5,55,67,60
India,Andhra Pradesh,Nellore,"Ambedkar Nagar, Nellore - APPCB ",16-09-2026 14:00:00,14.438164,79.966814,PM10,57,75,65
India,Andhra Pradesh,Rajamahendravaram,"Anand Kala Kshetram, Rajamahendravaram - APPCB",16-09-2026 14:00:00,16.9872867,81.7363176,OZONE,5,43,26
India,Andhra Pradesh,Tirupati,"Vaikuntapuram, Tirupati - APPCB",16-09-2026 14:00:00,13.615387,79.40923,PM10,NA,NA,NA
India,Assam,Sivasagar,"Girls College, Sivasagar - PCBA",16-09-2026 14:00:00,26.987634,94.636574,NH3,2,4,3
India,Assam,Sivasagar,"Girls College, Sivasagar - PCBA",16-09-2026 14:00:00,26.987634,94.636574,CO,10,16,13
India,Bihar,Araria,"Kharahiya Basti, Araria - BSPCB",16-09-2026 14:00:00,26.146529,87.454184,PM2.5,35,240,65
India,Bihar,Araria,"Kharahiya Basti, Araria - BSPCB",16-09-2026 14:00:00,26.146529,87.454184,PM10,41,164,70
India,Bihar,Araria,"Kharahiya Basti, Araria - BSPCB",16-09-2026 14:00:00,26.146529,87.454184,NO2,10,18,15
India,Bihar,Araria,"Kharahiya Basti, Araria - BSPCB",16-09-2026 14:00:00,26.146529,87.454184,SO2,18,21,20
India,Bihar,Arrah,"New DM Office, Arrah - BSPCB",16-09-2026 14:00:00,25.5626095,84.663264,PM2.5,NA,NA,NA
India,Bihar,Arrah,"New DM Office, Arrah - BSPCB",16-09-2026 14:00:00,25.5626095,84.663264,NH3,1,2,2
India,Bihar,Begusarai,"Lohiyanagar, Begusarai - BSPCB",16-09-2026 14:00:00,25.42742023,86.13886079,PM10,29,92,52
India,Bihar,Bhagalpur,"Mayaganj, Bhagalpur - BSPCB",16-09-2026 14:00:00,25.265194,87.012947,PM2.5,13,35,15
India,Bihar,Bhagalpur,"Mayaganj, Bhagalpur - BSPCB",16-09-2026 14:00:00,25.265194,87.012947,NH3,4,4,4
India,Bihar,Gaya,"Kareemganj, Gaya - BSPCB",16-09-2026 14:00:00,24.792403,84.992416,PM2.5,2,308,100
India,Bihar,Gaya,"Kareemganj, Gaya - BSPCB",16-09-2026 14:00:00,24.792403,84.992416,OZONE,28,51,38
India,Andhra Pradesh,Vijayawada,"HB Colony, Vijayawada - APPCB",16-09-2026 14:00:00,16.536107,80.594233,NH3,3,5,5
India,Andhra Pradesh,Vijayawada,"Rajiv Gandhi Park, Vijayawada - APPCB",16-09-2026 14:00:00,16.509717,80.612222,PM2.5,48,71,59
India,Andhra Pradesh,Visakhapatnam,"GVM Corporation, Visakhapatnam - APPCB",16-09-2026 14:00:00,17.72,83.3,NO2,14,88,58
India,Andhra Pradesh,Visakhapatnam,"GVM Corporation, Visakhapatnam - APPCB",16-09-2026 14:00:00,17.72,83.3,SO2,2,29,11
India,Arunachal Pradesh,Naharlagun,"Naharlagun, Naharlagun - APSPCB",16-09-2026 14:00:00,27.103358,93.679645,NO2,8,9,9
India,Arunachal Pradesh,Naharlagun,"Naharlagun, Naharlagun - APSPCB",16-09-2026 14:00:00,27.103358,93.679645,NH3,1,1,1
India,Assam,Byrnihat,"Central Academy for SFS, Byrnihat - PCBA",16-09-2026 14:00:00,26.071318,91.87488,PM10,63,128,80
India,Assam,Guwahati,"LGBI Airport, Guwahati - PCBA",16-09-2026 14:00:00,26.10887,91.589544,NH3,3,40,5
India,Assam,Guwahati,"Pan Bazaar, Guwahati - PCBA",16-09-2026 14:00:00,26.1875,91.744194,SO2,33,38,36
India,Assam,Guwahati,"Railway Colony, Guwahati - PCBA",16-09-2026 14:00:00,26.181742,91.78063,NH3,1,1,1
India,Assam,Nalbari,"Bata Chowk, Nalbari - PCBA",16-09-2026 14:00:00,26.446912,91.439057,NH3,6,6,6
India,Assam,Sivasagar,"Girls College, Sivasagar - PCBA",16-09-2026 14:00:00,26.987634,94.636574,PM10,31,52,36
India,Andhra Pradesh,Amaravati,"Secretariat, Amaravati - APPCB",16-09-2026 14:00:00,16.5150833,80.5181667,SO2,2,74,13
India,Andhra Pradesh,Amaravati,"Secretariat, Amaravati - APPCB",16-09-2026 14:00:00,16.5150833,80.5181667,CO,8,25,16
India,Andhra Pradesh,Eluru,"District Court, Eluru - APPCB",16-09-2026 14:00:00,16.711754,81.092095,NH3,6,23,10
India,Andhra Pradesh,Guntur,"Rajendra Nagar North, Guntur - APPCB",16-09-2026 14:00:00,16.316553,80.413302,PM2.5,41,125,55
India,Haryana,Panipat,"Sector-18, Panipat - HSPCB",16-09-2026 14:00:00,29.432304,76.972765,PM10,45,423,176
India,Haryana,Panipat,"Sector-18, Panipat - HSPCB",16-09-2026 14:00:00,29.432304,76.972765,SO2,35,67,49
India,Haryana,Rohtak,"MD University, Rohtak - HSPCB",16-09-2026 14:00:00,28.52123,76.37138,PM2.5,71,138,111
India,Haryana,Sirsa,"F-Block, Sirsa - HSPCB",16-09-2026 14:00:00,29.5364,75.0158,PM2.5,41,56,48
India,Haryana,Sirsa,"F-Block, Sirsa - HSPCB",16-09-2026 14:00:00,29.5364,75.0158,NO2,19,21,20
India,Haryana,Sirsa,"F-Block, Sirsa - HSPCB",16-09-2026 14:00:00,29.5364,75.0158,SO2,31,46,37
India,Haryana,Sirsa,"F-Block, Sirsa - HSPCB",16-09-2026 14:00:00,29.5364,75.0158,CO,80,100,92
India,Haryana,Sirsa,"F-Block, Sirsa - HSPCB",16-09-2026 14:00:00,29.5364,75.0158,OZONE,11,57,31
India,Haryana,Sonipat,"Murthal, Sonipat - HSPCB",16-09-2026 14:00:00,29.0272,77.0621,NO2,6,9,7
India,Haryana,Sonipat,"Murthal, Sonipat - HSPCB",16-09-2026 14:00:00,29.0272,77.0621,NH3,8,9,9
India,Haryana,Yamuna Nagar,"Gobind Pura, Yamuna Nagar - HSPCB",16-09-2026 14:00:00,30.1480566,77.2893471,PM2.5,73,180,117
India,Haryana,Yamuna Nagar,"Gobind Pura, Yamuna Nagar - HSPCB",16-09-2026 14:00:00,30.1480566,77.2893471,CO,49,53,51
India,Himachal Pradesh,Baddi,"HIMUDA Complex Phase-1, Baddi - HPPCB",16-09-2026 14:00:00,30.943887,76.801991,CO,100,107,103
India,Jharkhand,Dhanbad,"Sardar Patel Nagar, Dhanbad - JSPCB",16-09-2026 14:00:00,23.80569,86.44268,PM10,NA,NA,NA
India,Jharkhand,Jorapokhar,"Tata Stadium, Jorapokhar - JSPCB",16-09-2026 14:00:00,23.707909,86.41467,SO2,21,21,21
India,Karnataka,Bengaluru,"Hombegowda Nagar, Bengaluru - KSPCB",16-09-2026 14:00:00,12.938539,77.5901,NH3,1,2,1
India,Karnataka,Bengaluru,"Hombegowda Nagar, Bengaluru - KSPCB",16-09-2026 14:00:00,12.938539,77.5901,CO,17,27,21
India,Gujarat,Nandesari,"GIDC, Nandesari - Nandesari Ind. Association",16-09-2026 14:00:00,22.410802,73.097923,NH3,NA,NA,NA
India,Gujarat,Nandesari,"GIDC, Nandesari - Nandesari Ind. Association",16-09-2026 14:00:00,22.410802,73.097923,SO2,3,37,9
India,Gujarat,Nandesari,"GIDC, Nandesari - Nandesari Ind. Association",16-09-2026 14:00:00,22.410802,73.097923,CO,32,109,65
India,Gujarat,Nandesari,"GIDC, Nandesari - Nandesari Ind. Association",16-09-2026 14:00:00,22.410802,73.097923,OZONE,NA,NA,NA
India,Gujarat,Surat,"Katargam, Surat - Nexteng Enviro",16-09-2026 14:00:00,21.217779,72.834787,PM2.5,28,82,56
India,Gujarat,Surat,"Katargam, Surat - Nexteng Enviro",16-09-2026 14:00:00,21.217779,72.834787,NO2,5,38,21
India,Gujarat,Vadodara,"Bapunagar, Vadodara - Nexteng Enviro",16-09-2026 14:00:00,22.320153,73.216285,NO2,10,13,12
India,Gujarat,Vapi,"Phase-1 GIDC, Vapi - GPCB",16-09-2026 14:00:00,20.362421,72.918013,PM2.5,NA,NA,NA
India,Gujarat,Vapi,"Phase-1 GIDC, Vapi - GPCB",16-09-2026 14:00:00,20.362421,72.918013,PM10,NA,NA,NA
India,Gujarat,Vapi,"Phase-1 GIDC, Vapi - GPCB",16-09-2026 14:00:00,20.362421,72.918013,NH3,NA,NA,NA
India,Gujarat,Vapi,"Phase-1 GIDC, Vapi - GPCB",16-09-2026 14:00:00,20.362421,72.918013,CO,NA,NA,NA
India,Gujarat,Vapi,"Phase-1 GIDC, Vapi - GPCB",16-09-2026 14:00:00,20.362421,72.918013,OZONE,8,13,10
India,Gujarat,Vatva,"Phase-4 GIDC, Vatva - GPCB",16-09-2026 14:00:00,22.969611,72.6435,NO2,20,34,28
India,Gujarat,Vatva,"Phase-4 GIDC, Vatva - GPCB",16-09-2026 14:00:00,22.969611,72.6435,CO,61,83,73
India,Haryana,Ambala,"Patti Mehar, Ambala - HSPCB",16-09-2026 14:00:00,30.379589,76.778328,NO2,5,8,7
India,Haryana,Ambala,"Patti Mehar, Ambala - HSPCB",16-09-2026 14:00:00,30.379589,76.778328,OZONE,7,76,40
India,Haryana,Bahadurgarh,"Arya Nagar, Bahadurgarh - HSPCB",16-09-2026 14:00:00,28.6701,76.9254,NH3,7,9,8
India,Haryana,Bahadurgarh,"Arya Nagar, Bahadurgarh - HSPCB",16-09-2026 14:00:00,28.6701,76.9254,CO,24,29,26
India,Haryana,Ballabgarh,"Nathu Colony, Ballabgarh - HSPCB",16-09-2026 14:00:00,28.3419248,77.319699,NO2,19,20,20
India,Gujarat,Ahmedabad,"Raikhad, Ahmedabad - IITM",16-09-2026 14:00:00,23.020509,72.579261,NH3,2,3,2
India,Gujarat,Ahmedabad,"SAC ISRO Satellite, Ahmedabad - IITM",16-09-2026 14:00:00,23.023389,72.515201,PM10,21,41,29
India,Gujarat,Ahmedabad,"SAC ISRO Satellite, Ahmedabad - IITM",16-09-2026 14:00:00,23.023389,72.515201,SO2,2,4,3
India,Gujarat,Ahmedabad,"SAC ISRO Satellite, Ahmedabad - IITM",16-09-2026 14:00:00,23.023389,72.515201,OZONE,5,13,9
India,Gujarat,Ahmedabad,"Rakhial, Ahmedabad - IITM",16-09-2026 14:00:00,23.016834,72.625775,PM2.5,29,66,47
India,Gujarat,Ahmedabad,"Rakhial, Ahmedabad - IITM",16-09-2026 14:00:00,23.016834,72.625775,PM10,31,59,49
India,Gujarat,Ahmedabad,"Rakhial, Ahmedabad - IITM",16-09-2026 14:00:00,23.016834,72.625775,NO2,NA,NA,NA
India,Gujarat,Ahmedabad,"SVPI Airport Hansol, Ahmedabad - IITM",16-09-2026 14:00:00,23.076793,72.627874,NO2,8,24,16
India,Gujarat,Ahmedabad,"SVPI Airport Hansol, Ahmedabad - IITM",16-09-2026 14:00:00,23.076793,72.627874,OZONE,10,28,18
India,Gujarat,Ankleshwar,"GIDC, Ankleshwar - GPCB",16-09-2026 14:00:00,21.613267,73.010555,SO2,15,23,22
India,Gujarat,Bhavnagar,"Vidhyanagar, Bhavnagar - Nexteng Enviro",16-09-2026 14:00:00,21.755417,72.139056,PM2.5,11,34,19
India,Gujarat,Gandhinagar,"Sector-10, Gandhinagar - GPCB",16-09-2026 14:00:00,23.221714,72.654328,NH3,0,1,1
India,Gujarat,Gandhinagar,"Sector-10, Gandhinagar - GPCB",16-09-2026 14:00:00,23.221714,72.654328,SO2,4,6,5
India,Gujarat,Gandhinagar,"GIFT City, Gandhinagar - IITM",16-09-2026 14:00:00,23.163798,72.677768,NH3,3,4,3
India,Gujarat,Gandhinagar,"IIPHG Lekawada, Gandhinagar - IITM",16-09-2026 14:00:00,23.243639,72.68994,PM2.5,24,68,40
India,Gujarat,Gandhinagar,"IIPHG Lekawada, Gandhinagar - IITM",16-09-2026 14:00:00,23.243639,72.68994,SO2,2,3,2
India,Gujarat,Mehsana,"Sadanand Nagar, Mehsana - Nexteng Enviro",16-09-2026 14:00:00,23.59315,72.372792,PM10,23,88,57
India,Delhi,Delhi,"Mundka, Delhi - DPCC",16-09-2026 14:00:00,28.684678,77.076574,OZONE,5,9,7
India,Delhi,Delhi,"NSUT Jaffarpur, Delhi - DPCC",16-09-2026 14:00:00,28.594004,76.909423,SO2,1,2,1
India,Delhi,Delhi,"NSUT Jaffarpur, Delhi - DPCC",16-09-2026 14:00:00,28.594004,76.909423,CO,25,41,34
India,Delhi,Delhi,"Ashok Vihar, Delhi - DPCC",16-09-2026 14:00:00,28.695381,77.181665,NH3,5,8,6
India,Delhi,Delhi,"Anand Vihar, Delhi - DPCC",16-09-2026 14:00:00,28.647622,77.315809,PM2.5,64,145,87
India,Delhi,Delhi,"Anand Vihar, Delhi - DPCC",16-09-2026 14:00:00,28.647622,77.315809,NO2,19,51,31
India,Delhi,Delhi,"Punjabi Bagh, Delhi - DPCC",16-09-2026 14:00:00,28.674045,77.131023,NH3,2,4,3
India,Delhi,Delhi,"Punjabi Bagh, Delhi - DPCC",16-09-2026 14:00:00,28.674045,77.131023,CO,27,44,36
India,Delhi,Delhi,"Dwarka-Sector 8, Delhi - DPCC ",16-09-2026 14:00:00,28.5710274,77.0719006,NO2,15,80,33
India,Delhi,Delhi,"Dwarka-Sector 8, Delhi - DPCC ",16-09-2026 14:00:00,28.5710274,77.0719006,OZONE,11,35,21
India,Delhi,Delhi,"Dr. Karni Singh Shooting Range, Delhi - DPCC",16-09-2026 14:00:00,28.498571,77.26484,CO,30,51,40
India,Delhi,Delhi,"Shadipur, Delhi - CPCB",16-09-2026 14:00:00,28.6514781,77.1473105,PM2.5,35,84,53
India,Delhi,Delhi,"Shadipur, Delhi - CPCB",16-09-2026 14:00:00,28.6514781,77.1473105,OZONE,12,12,12
India,Delhi,Delhi,"Mandir Marg, Delhi - DPCC",16-09-2026 14:00:00,28.636429,77.201067,PM2.5,NA,NA,NA
India,Delhi,Delhi,"Mandir Marg, Delhi - DPCC",16-09-2026 14:00:00,28.636429,77.201067,OZONE,1,46,21
India,Delhi,Delhi,"Pusa, Delhi - DPCC",16-09-2026 14:00:00,28.639652,77.146275,PM2.5,10,87,51
India,Delhi,Delhi,"Pusa, Delhi - DPCC",16-09-2026 14:00:00,28.639652,77.146275,NH3,2,7,4
India,Delhi,Delhi,"Chandni Chowk, Delhi - IITM",16-09-2026 14:00:00,28.656756,77.227234,PM2.5,57,118,90
India,Delhi,Delhi,"Chandni Chowk, Delhi - IITM",16-09-2026 14:00:00,28.656756,77.227234,PM10,65,140,92
India,Delhi,Delhi,"Chandni Chowk, Delhi - IITM",16-09-2026 14:00:00,28.656756,77.227234,NO2,25,91,45
India,Delhi,Delhi,"Pusa, Delhi - IITM",16-09-2026 14:00:00,28.63611,77.173332,NO2,38,141,80
India,Delhi,Delhi,"Pusa, Delhi - IITM",16-09-2026 14:00:00,28.63611,77.173332,SO2,NA,NA,NA
India,Delhi,Delhi,"IIT Delhi, Delhi - IITM",16-09-2026 14:00:00,28.54246,77.191651,OZONE,11,56,34
India,Delhi,Delhi,"IGNOU_Maidan Garhi, Delhi - DPCC",16-09-2026 14:00:00,28.493624,77.201159,NO2,5,43,14
India,Delhi,Delhi,"Commonwealth Sports Complex, Delhi - DPCC",16-09-2026 14:00:00,28.615828,77.271992,OZONE,4,153,66
India,Delhi,Delhi,"Talkatora Garden, Delhi - DPCC",16-09-2026 14:00:00,28.62181,77.1944633,NH3,0,6,2
India,Delhi,Delhi,"NSIT Dwarka, Delhi - CPCB",16-09-2026 14:00:00,28.60909,77.0325413,OZONE,15,17,16
India,Delhi,Delhi,"Aya Nagar, Delhi - IITM",16-09-2026 14:00:00,28.4706914,77.1099364,PM10,25,108,63
India,Delhi,Delhi,"Aya Nagar, Delhi - IITM",16-09-2026 14:00:00,28.4706914,77.1099364,SO2,NA,NA,NA
India,Delhi,Delhi,"CRRI Mathura Road, Delhi - IITM",16-09-2026 14:00:00,28.5512005,77.2735737,PM2.5,28,90,54
India,Delhi,Delhi,"CRRI Mathura Road, Delhi - IITM",16-09-2026 14:00:00,28.5512005,77.2735737,NH3,NA,NA,NA
India,Delhi,Delhi,"CRRI Mathura Road, Delhi - IITM",16-09-2026 14:00:00,28.5512005,77.2735737,OZONE,32,65,44
India,Delhi,Delhi,"IMD Lodhi Road, Delhi - IITM",16-09-2026 14:00:00,28.5918245,77.2273074,NO2,5,48,18
India,Delhi,Delhi,"IMD Lodhi Road, Delhi - IITM",16-09-2026 14:00:00,28.5918245,77.2273074,CO,16,26,20
India,Delhi,Delhi,"JNU, Delhi - DPCC",16-09-2026 14:00:00,28.540721,77.168544,OZONE,11,28,18
India,Delhi,Delhi,"R K Puram, Delhi - DPCC",16-09-2026 14:00:00,28.563262,77.186937,NO2,16,87,41
India,Delhi,Delhi,"North Campus, DU, Delhi - IITM",16-09-2026 14:00:00,28.6573814,77.1585447,SO2,NA,NA,NA
India,Delhi,Delhi,"Alipur, Delhi - DPCC",16-09-2026 14:00:00,28.815329,77.15301,PM10,57,115,93
India,Gujarat,Ahmedabad,"Chandkheda, Ahmedabad - IITM",16-09-2026 14:00:00,23.107969,72.574648,CO,14,42,27
India,Gujarat,Ahmedabad,"SAC ISRO Bopal, Ahmedabad - IITM",16-09-2026 14:00:00,23.041137,72.456691,NO2,9,18,14
India,Gujarat,Ahmedabad,"SAC ISRO Bopal, Ahmedabad - IITM",16-09-2026 14:00:00,23.041137,72.456691,NH3,3,5,4
India,Gujarat,Ahmedabad,"SAC ISRO Bopal, Ahmedabad - IITM",16-09-2026 14:00:00,23.041137,72.456691,CO,NA,NA,NA
India,Gujarat,Ahmedabad,"Maninagar, Ahmedabad - GPCB",16-09-2026 14:00:00,23.002657,72.591912,PM10,8,427,91
India,Haryana,Bhiwani,"H.B. Colony, Bhiwani - HSPCB",16-09-2026 14:00:00,28.806223,76.141105,SO2,12,13,12
India,Haryana,Charkhi Dadri,"Mini Secretariat, Charkhi Dadri - HSPCB",16-09-2026 14:00:00,28.593883,76.270653,CO,8,21,14
India,Haryana,Dharuhera,"Municipal Corporation Office, Dharuhera -  HSPCB",16-09-2026 14:00:00,28.2068,76.7997,SO2,1,6,5
India,Haryana,Faridabad,"Sector 30, Faridabad - HSPCB",16-09-2026 14:00:00,28.4417,77.3217,NO2,36,39,38
India,Haryana,Faridabad,"Sector 30, Faridabad - HSPCB",16-09-2026 14:00:00,28.4417,77.3217,NH3,6,7,7
India,Haryana,Faridabad,"Sector 11, Faridabad - HSPCB",16-09-2026 14:00:00,28.376058,77.315741,OZONE,6,6,6
India,Haryana,Faridabad,"New Industrial Town, Faridabad - HSPCB",16-09-2026 14:00:00,28.39072,77.30059,PM10,NA,NA,NA
India,Haryana,Faridabad,"New Industrial Town, Faridabad - HSPCB",16-09-2026 14:00:00,28.39072,77.30059,SO2,NA,NA,NA
India,Haryana,Faridabad,"New Industrial Town, Faridabad - HSPCB",16-09-2026 14:00:00,28.39072,77.30059,OZONE,14,14,14
India,Haryana,Gurugram,"Vikas Sadan, Gurugram - HSPCB",16-09-2026 14:00:00,28.4501238,77.0263051,NO2,2,24,10
India,Haryana,Gurugram,"Teri Gram, Gurugram - HSPCB",16-09-2026 14:00:00,28.4275,77.1465,NO2,31,65,45
India,Haryana,Hisar,"Urban Estate-II, Hisar - HSPCB",16-09-2026 14:00:00,29.14056,75.744941,NH3,NA,NA,NA
India,Haryana,Hisar,"Urban Estate-II, Hisar - HSPCB",16-09-2026 14:00:00,29.14056,75.744941,SO2,133,134,134
India,Haryana,Jind,"Police Lines, Jind - HSPCB",16-09-2026 14:00:00,29.307814,76.337619,PM2.5,117,214,163
India,Haryana,Jind,"Police Lines, Jind - HSPCB",16-09-2026 14:00:00,29.307814,76.337619,NH3,4,6,5
India,Haryana,Kaithal,"Rishi Nagar, Kaithal - HSPCB",16-09-2026 14:00:00,29.8006,76.4155,NO2,21,25,23
India,Haryana,Narnaul,"Shastri Nagar, Narnaul - HSPCB",16-09-2026 14:00:00,28.060249,76.113115,NO2,23,87,52
India,Haryana,Narnaul,"Shastri Nagar, Narnaul - HSPCB",16-09-2026 14:00:00,28.060249,76.113115,CO,22,26,24
India,Haryana,Palwal,"Shyam Nagar, Palwal - HSPCB",16-09-2026 14:00:00,28.1485564,77.3320667,SO2,2,40,14
India,Haryana,Panchgaon,"Amity University, Panchgaon - IITM",16-09-2026 14:00:00,28.3153,76.9143,NH3,3,7,4
India,Haryana,Panchkula,"Sector-6, Panchkula - HSPCB ",16-09-2026 14:00:00,30.7057778,76.8531805555555,PM10,NA,NA,NA
India,Haryana,Panchkula,"Sector-6, Panchkula - HSPCB ",16-09-2026 14:00:00,30.7057778,76.8531805555555,NO2,26,32,29
India,Madhya Pradesh,Ratlam,"Shasthri Nagar, Ratlam - IPCA Lab",16-09-2026 14:00:00,23.331731,75.045981,OZONE,NA,NA,NA
India,Madhya Pradesh,Sagar,"Civil Lines, Sagar - MPPCB",16-09-2026 14:00:00,23.838586,78.759431,SO2,6,7,6
India,Madhya Pradesh,Satna,"Bandhavgar Colony, Satna - Birla Cement",16-09-2026 14:00:00,24.58434363,80.8549414,PM2.5,48,51,50
India,Madhya Pradesh,Singrauli,"Suryakiran Bhawan NCL, Singrauli - MPPCB",16-09-2026 14:00:00,24.10897,82.64558,PM10,NA,NA,NA
India,Madhya Pradesh,Singrauli,"Suryakiran Bhawan NCL, Singrauli - MPPCB",16-09-2026 14:00:00,24.10897,82.64558,NH3,NA,NA,NA
India,Madhya Pradesh,Singrauli,"Suryakiran Bhawan NCL, Singrauli - MPPCB",16-09-2026 14:00:00,24.10897,82.64558,SO2,NA,NA,NA
India,Madhya Pradesh,Singrauli,"Suryakiran Bhawan NCL, Singrauli - MPPCB",16-09-2026 14:00:00,24.10897,82.64558,OZONE,31,31,31
India,Madhya Pradesh,Ujjain,"Mahashweta Nagar, Ujjain - MPPCB",16-09-2026 14:00:00,23.1633321,75.800225,PM2.5,11,87,54
India,Madhya Pradesh,Ujjain,"Mahashweta Nagar, Ujjain - MPPCB",16-09-2026 14:00:00,23.1633321,75.800225,NH3,3,14,8
India,Maharashtra,Ahmednagar,"Tarakpur, Ahmednagar - MPCB",16-09-2026 14:00:00,19.10122,74.73339,PM2.5,7,16,12
India,Maharashtra,Ahmednagar,"Tarakpur, Ahmednagar - MPCB",16-09-2026 14:00:00,19.10122,74.73339,PM10,19,40,31
India,Maharashtra,Ahmednagar,"Tarakpur, Ahmednagar - MPCB",16-09-2026 14:00:00,19.10122,74.73339,NO2,3,25,10
India,Maharashtra,Ahmednagar,"Tarakpur, Ahmednagar - MPCB",16-09-2026 14:00:00,19.10122,74.73339,SO2,3,9,7
India,Maharashtra,Akola,"Ramdaspeth, Akola - MPCB",16-09-2026 14:00:00,20.719516,77.000253,PM10,30,96,51
India,Maharashtra,Akola,"Ramdaspeth, Akola - MPCB",16-09-2026 14:00:00,20.719516,77.000253,NH3,6,9,8
India,Maharashtra,Amravati,"Shri Shivaji Science College, Amravati - MPCB",16-09-2026 14:00:00,20.939198,77.765701,PM2.5,21,51,35
India,Maharashtra,Amravati,"Shri Shivaji Science College, Amravati - MPCB",16-09-2026 14:00:00,20.939198,77.765701,OZONE,1,35,21
India,Maharashtra,Amravati,"Shivneri Colony, Amravati - MPCB",16-09-2026 14:00:00,20.9402359,77.7895248,OZONE,1,32,19
India,Maharashtra,Aurangabad,"MIDC Chilkalthana, Aurangabad - MPCB",16-09-2026 14:00:00,19.87562,75.38731,PM2.5,4,71,37
India,Madhya Pradesh,Bhopal,"Paryavaran Parisar, Bhopal - MPPCB",16-09-2026 14:00:00,23.210494,77.425409,PM10,27,118,52
India,Madhya Pradesh,Bhopal,"Paryavaran Parisar, Bhopal - MPPCB",16-09-2026 14:00:00,23.210494,77.425409,NH3,1,2,2
India,Madhya Pradesh,Bhopal,"Paryavaran Parisar, Bhopal - MPPCB",16-09-2026 14:00:00,23.210494,77.425409,SO2,5,10,7
India,Madhya Pradesh,Bhopal,"Idgah Hills, Bhopal - MPPCB",16-09-2026 14:00:00,23.264759,77.381568,PM2.5,20,43,30
India,Madhya Pradesh,Bhopal,"Idgah Hills, Bhopal - MPPCB",16-09-2026 14:00:00,23.264759,77.381568,PM10,29,55,41
India,Madhya Pradesh,Bhopal,"Idgah Hills, Bhopal - MPPCB",16-09-2026 14:00:00,23.264759,77.381568,OZONE,10,28,22
India,Madhya Pradesh,Damoh,"Shrivastav Colony, Damoh - MPPCB",16-09-2026 14:00:00,23.81748678,79.446246,NO2,NA,NA,NA
India,Madhya Pradesh,Damoh,"Shrivastav Colony, Damoh - MPPCB",16-09-2026 14:00:00,23.81748678,79.446246,NH3,NA,NA,NA
India,Madhya Pradesh,Damoh,"Shrivastav Colony, Damoh - MPPCB",16-09-2026 14:00:00,23.81748678,79.446246,SO2,11,11,11
India,Madhya Pradesh,Damoh,"Shrivastav Colony, Damoh - MPPCB",16-09-2026 14:00:00,23.81748678,79.446246,OZONE,NA,NA,NA
India,Madhya Pradesh,Gwalior,"Maharaj Bada, Gwalior - MPPCB",16-09-2026 14:00:00,26.200388,78.147714,PM2.5,3,43,20
India,Madhya Pradesh,Gwalior,"Maharaj Bada, Gwalior - MPPCB",16-09-2026 14:00:00,26.200388,78.147714,NO2,24,48,36
India,Madhya Pradesh,Gwalior,"City Center, Gwalior - MPPCB",16-09-2026 14:00:00,26.203442,78.193251,PM2.5,18,55,31
India,Madhya Pradesh,Gwalior,"Deen Dayal Nagar, Gwalior - MPPCB",16-09-2026 14:00:00,26.259242,78.216432,NH3,3,7,5
India,Madhya Pradesh,Indore,"Regional Park, Indore - IMC",16-09-2026 14:00:00,22.678,75.8559,NH3,NA,NA,NA
India,Madhya Pradesh,Indore,"Regional Park, Indore - IMC",16-09-2026 14:00:00,22.678,75.8559,SO2,45,58,50
India,Madhya Pradesh,Indore,"Regional Park, Indore - IMC",16-09-2026 14:00:00,22.678,75.8559,CO,NA,NA,NA
India,Madhya Pradesh,Indore,"Chhoti Gwaltoli, Indore - MPPCB",16-09-2026 14:00:00,22.431,75.5213,PM2.5,27,59,44
India,Madhya Pradesh,Indore,"Chhoti Gwaltoli, Indore - MPPCB",16-09-2026 14:00:00,22.431,75.5213,PM10,34,69,51
India,Karnataka,Bengaluru,"Hebbal, Bengaluru - KSPCB",16-09-2026 14:00:00,13.029152,77.585901,PM10,4,82,40
India,Karnataka,Bengaluru,"Peenya, Bengaluru - CPCB",16-09-2026 14:00:00,13.0270199,77.494094,NH3,3,5,5
India,Karnataka,Bengaluru,"Shivapura_Peenya, Bengaluru - KSPCB",16-09-2026 14:00:00,13.0246342,77.5080115,PM10,NA,NA,NA
India,Karnataka,Bengaluru,"Shivapura_Peenya, Bengaluru - KSPCB",16-09-2026 14:00:00,13.0246342,77.5080115,SO2,3,28,5
India,Karnataka,Bengaluru,"Jayanagar 5th Block, Bengaluru - KSPCB",16-09-2026 14:00:00,12.920984,77.584908,PM10,NA,NA,NA
India,Karnataka,Bengaluru,"Jayanagar 5th Block, Bengaluru - KSPCB",16-09-2026 14:00:00,12.920984,77.584908,SO2,NA,NA,NA
India,Karnataka,Bengaluru,"Bapuji Nagar, Bengaluru - KSPCB",16-09-2026 14:00:00,12.951913,77.539784,PM10,12,90,43
India,Karnataka,Bengaluru,"Bapuji Nagar, Bengaluru - KSPCB",16-09-2026 14:00:00,12.951913,77.539784,NO2,19,19,19
India,Karnataka,Bengaluru,"Bapuji Nagar, Bengaluru - KSPCB",16-09-2026 14:00:00,12.951913,77.539784,SO2,13,36,26
India,Karnataka,Bengaluru,"Bapuji Nagar, Bengaluru - KSPCB",16-09-2026 14:00:00,12.951913,77.539784,OZONE,21,40,30
India,Karnataka,Bengaluru,"Silk Board, Bengaluru - KSPCB",16-09-2026 14:00:00,12.917348,77.622813,NO2,16,18,17
India,Karnataka,Bengaluru,"Silk Board, Bengaluru - KSPCB",16-09-2026 14:00:00,12.917348,77.622813,SO2,16,24,21
India,Karnataka,Bengaluru,"Silk Board, Bengaluru - KSPCB",16-09-2026 14:00:00,12.917348,77.622813,CO,31,80,51
India,Karnataka,Bengaluru,"Silk Board, Bengaluru - KSPCB",16-09-2026 14:00:00,12.917348,77.622813,OZONE,NA,NA,NA
India,Karnataka,Chamarajanagar,"Urban, Chamarajanagar - KSPCB",16-09-2026 14:00:00,11.55358,76.55521,PM2.5,20,48,29
India,Karnataka,Dharwad,"Kalabhavan, Dharwad - KSPCB",16-09-2026 14:00:00,15.459706,75.008381,NO2,22,26,25
India,Karnataka,Hubballi,"Lingaraj Nagar, Hubballi - KSPCB",16-09-2026 14:00:00,15.3714823,75.1160168,PM10,52,77,58
India,Maharashtra,Dombivli,"Kalu Nagar, Dombivli - MPCB",16-09-2026 14:00:00,19.2268427,73.0788456,OZONE,23,45,33
India,Maharashtra,Hingoli,"Ashta Vinayak Nagar, Hingoli - MPCB",16-09-2026 14:00:00,19.710842,77.151824,NO2,3,39,15
India,Maharashtra,Jalgaon,"Prabhat Colony, Jalgaon - MPCB",16-09-2026 14:00:00,21.001264,75.565602,PM10,21,107,51
India,Maharashtra,Jalgaon,"Prabhat Colony, Jalgaon - MPCB",16-09-2026 14:00:00,21.001264,75.565602,SO2,1,4,2
India,Maharashtra,Jalna,"Old MIDC, Jalna - MPCB",16-09-2026 14:00:00,19.854616,75.905894,NO2,6,22,18
India,Maharashtra,Jalna,"Old MIDC, Jalna - MPCB",16-09-2026 14:00:00,19.854616,75.905894,NH3,3,5,4
India,Maharashtra,Kalyan,"Pimpleshwar Mandir, Kalyan - MPCB",16-09-2026 14:00:00,19.192056,72.9585188,NH3,0,2,1
India,Maharashtra,Kalyan,"Pimpleshwar Mandir, Kalyan - MPCB",16-09-2026 14:00:00,19.192056,72.9585188,CO,40,40,40
India,Maharashtra,Kolhapur,"Shivaji University, Kolhapur - MPCB",16-09-2026 14:00:00,16.6870449,74.2505872,CO,8,14,12
India,Maharashtra,Kolhapur,"Shivaji University, Kolhapur - MPCB",16-09-2026 14:00:00,16.6870449,74.2505872,OZONE,6,11,9
India,Maharashtra,Kolhapur,"Sinchan Bhavan, Kolhapur - MPCB",16-09-2026 14:00:00,16.7143745,74.2426398,NH3,1,3,2
India,Maharashtra,Malegaon,"Mahesh Nagar, Malegaon - MPCB",16-09-2026 14:00:00,20.555712,74.529236,NH3,1,1,1
India,Maharashtra,Mira-Bhayandar,"Bhayandar West, Mira-Bhayandar - MPCB",16-09-2026 14:00:00,19.296481,72.840923,PM2.5,NA,NA,NA
India,Maharashtra,Mumbai,"Sion, Mumbai - MPCB",16-09-2026 14:00:00,19.047,72.8746,PM10,7,28,16
India,Karnataka,Hubballi,"Lingaraj Nagar, Hubballi - KSPCB",16-09-2026 14:00:00,15.3714823,75.1160168,CO,13,16,14
India,Karnataka,Kalaburagi,"Mahatma Basaveswar Colony, Kalaburgi - KSPCB",16-09-2026 14:00:00,17.336318,76.847397,PM10,16,51,39
India,Karnataka,Madikeri,"Stuart Hill, Madikeri - KSPCB",16-09-2026 14:00:00,12.415911,75.73505,PM2.5,7,25,14
India,Karnataka,Madikeri,"Stuart Hill, Madikeri - KSPCB",16-09-2026 14:00:00,12.415911,75.73505,PM10,8,25,18
India,Karnataka,Madikeri,"Stuart Hill, Madikeri - KSPCB",16-09-2026 14:00:00,12.415911,75.73505,SO2,7,8,7
India,Karnataka,Mysuru,"Hebbal 1st Stage, Mysuru - KSPCB",16-09-2026 14:00:00,12.21041,76.37376,SO2,0,6,4
India,Karnataka,Ramanagara,"Vijay Nagar, Ramanagara - KSPCB",16-09-2026 14:00:00,12.733409,77.298051,SO2,13,22,19
India,Karnataka,Shivamogga,"Vinoba Nagara, Shivamogga - KSPCB",16-09-2026 14:00:00,13.94,75.555917,OZONE,35,45,38
India,Karnataka,Yadgir,"Collector Office, Yadgir - KSPCB",16-09-2026 14:00:00,16.7602,77.1428,SO2,10,21,15
India,Karnataka,Yadgir,"Collector Office, Yadgir - KSPCB",16-09-2026 14:00:00,16.7602,77.1428,CO,11,21,16
India,Kerala,Eloor,"Udyogamandal, Eloor - Kerala PCB",16-09-2026 14:00:00,10.073232,76.302765,PM2.5,75,96,84
India,Kerala,Thiruvananthapuram,"Plammoodu, Thiruvananthapuram - Kerala PCB",16-09-2026 14:00:00,8.5149093,76.9435879,NH3,1,1,1
India,Maharashtra,Mumbai,"Chhatrapati Shivaji Intl. Airport (T2), Mumbai - MPCB",16-09-2026 14:00:00,19.10078,72.87462,OZONE,NA,NA,NA
India,Maharashtra,Mumbai,"Mulund West, Mumbai - MPCB",16-09-2026 14:00:00,19.175,72.9419,OZONE,NA,NA,NA
India,Maharashtra,Mumbai,"Bandra Kurla Complex, Mumbai - MPCB",16-09-2026 14:00:00,19.065931,72.862131,SO2,2,4,3
India,Maharashtra,Mumbai,"Bandra Kurla Complex, Mumbai - MPCB",16-09-2026 14:00:00,19.065931,72.862131,CO,22,27,25
India,Maharashtra,Mumbai,"Shivaji Nagar, Mumbai - BMC",16-09-2026 14:00:00,19.060498,72.923356,CO,9,52,23
India,Maharashtra,Mumbai,"Sewri, Mumbai - BMC",16-09-2026 14:00:00,19.000084,72.85673,NO2,23,47,32
India,Maharashtra,Mumbai,"Sewri, Mumbai - BMC",16-09-2026 14:00:00,19.000084,72.85673,NH3,3,15,6
India,Maharashtra,Mumbai,"Sewri, Mumbai - BMC",16-09-2026 14:00:00,19.000084,72.85673,CO,19,43,25
India,Maharashtra,Mumbai,"Kandivali West, Mumbai - BMC",16-09-2026 14:00:00,19.215859,72.831718,PM10,22,41,28
India,Maharashtra,Mumbai,"Chakala-Andheri East, Mumbai - IITM",16-09-2026 14:00:00,19.11074,72.86084,PM10,14,87,39
India,Maharashtra,Mumbai,"Chakala-Andheri East, Mumbai - IITM",16-09-2026 14:00:00,19.11074,72.86084,NH3,5,10,7
India,Maharashtra,Mumbai,"Kurla, Mumbai - MPCB",16-09-2026 14:00:00,19.0863,72.8888,NH3,2,2,2
India,Maharashtra,Mumbai,"Bandra Kurla Complex, Mumbai - IITM",16-09-2026 14:00:00,19.053536,72.84643,PM2.5,NA,NA,NA
India,Maharashtra,Mumbai,"Bandra Kurla Complex, Mumbai - IITM",16-09-2026 14:00:00,19.053536,72.84643,PM10,NA,NA,NA
India,Madhya Pradesh,Indore,"Residency Area, Indore - IMC",16-09-2026 14:00:00,22.7084,75.8815,NO2,NA,NA,NA
India,Madhya Pradesh,Indore,"Residency Area, Indore - IMC",16-09-2026 14:00:00,22.7084,75.8815,SO2,3,14,6
India,Madhya Pradesh,Indore,"Residency Area, Indore - IMC",16-09-2026 14:00:00,22.7084,75.8815,CO,3,5,4
India,Madhya Pradesh,Jabalpur,"Marhatal, Jabalpur - MPPCB",16-09-2026 14:00:00,23.168606,79.932247,OZONE,10,39,28
India,Madhya Pradesh,Katni,"Gole Bazar, Katni - MPPCB",16-09-2026 14:00:00,23.50016,80.23284,SO2,9,48,28
India,Madhya Pradesh,Katni,"Gole Bazar, Katni - MPPCB",16-09-2026 14:00:00,23.50016,80.23284,OZONE,10,32,22
India,Madhya Pradesh,Maihar,"Sahilara, Maihar - KJS Cements",16-09-2026 14:00:00,24.2613009,80.7231783,PM10,59,60,60
India,Madhya Pradesh,Mandideep,"Sector-D Industrial Area, Mandideep - MPPCB",16-09-2026 14:00:00,23.10844,77.511428,OZONE,12,39,29
India,Madhya Pradesh,Ratlam,"Shasthri Nagar, Ratlam - IPCA Lab",16-09-2026 14:00:00,23.331731,75.045981,NH3,NA,NA,NA
India,Maharashtra,Badlapur,"Katrap, Badlapur - MPCB",16-09-2026 14:00:00,19.16485,73.23409,CO,42,46,45
India,Maharashtra,Beed,"Bir, Beed - MPCB",16-09-2026 14:00:00,18.988474,75.753873,CO,8,14,11
India,Maharashtra,Belapur,"CBD Belapur, Belapur - MPCB",16-09-2026 14:00:00,19.0243902,73.0406721,SO2,NA,NA,NA
India,Maharashtra,Bhiwandi,"Gokul Nagar, Bhiwandi - MPCB",16-09-2026 14:00:00,19.309073,73.057223,PM10,42,48,45
India,Maharashtra,Boisar,"Khaira, Boisar - MPCB",16-09-2026 14:00:00,19.786089,72.757971,PM2.5,6,40,20
India,Maharashtra,Boisar,"Khaira, Boisar - MPCB",16-09-2026 14:00:00,19.786089,72.757971,OZONE,26,29,28
India,Maharashtra,Chandrapur,"Chauhan Colony, Chandrapur - MPCB",16-09-2026 14:00:00,19.9629,79.298714,SO2,10,15,12
India,Maharashtra,Dhule,"Deopur, Dhule - MPCB",16-09-2026 14:00:00,20.918946,74.776388,PM2.5,16,39,29
India,Maharashtra,Dhule,"Deopur, Dhule - MPCB",16-09-2026 14:00:00,20.918946,74.776388,NH3,1,2,1
India,Kerala,Thiruvananthapuram,"Plammoodu, Thiruvananthapuram - Kerala PCB",16-09-2026 14:00:00,8.5149093,76.9435879,OZONE,9,26,17
India,Kerala,Thiruvananthapuram,"Kariavattom, Thiruvananthapuram - Kerala PCB",16-09-2026 14:00:00,8.5637,76.8865,NH3,0,0,0
India,Kerala,Thrissur,"Corporation Ground, Thrissur - Kerala PCB",16-09-2026 14:00:00,10.5324,76.2159,NO2,7,10,8
India,Kerala,Thrissur,"Corporation Ground, Thrissur - Kerala PCB",16-09-2026 14:00:00,10.5324,76.2159,CO,20,28,25
India,Ladakh,Leh,"Skara Yokma, Leh - LPCC",16-09-2026 14:00:00,34.147096,77.55709,PM10,8,32,19
India,Ladakh,Leh,"Skara Yokma, Leh - LPCC",16-09-2026 14:00:00,34.147096,77.55709,SO2,9,11,10
India,Madhya Pradesh,Bhopal,"Paryavaran Parisar, Bhopal - MPPCB",16-09-2026 14:00:00,23.210494,77.425409,PM2.5,3,35,21
India,Maharashtra,Pimpri-Chinchwad,"Bhosari, Pune - IITM",16-09-2026 14:00:00,18.640051,73.848956,NH3,NA,NA,NA
India,Maharashtra,Pimpri-Chinchwad,"Bhosari, Pune - IITM",16-09-2026 14:00:00,18.640051,73.848956,CO,2,2,2
India,Maharashtra,Pimpri-Chinchwad,"Gavalinagar, Pimpri Chinchwad - MPCB",16-09-2026 14:00:00,18.63673,73.82487,PM2.5,11,28,17
India,Maharashtra,Pimpri-Chinchwad,"Gavalinagar, Pimpri Chinchwad - MPCB",16-09-2026 14:00:00,18.63673,73.82487,NH3,0,6,2
India,Maharashtra,Pimpri-Chinchwad,"Bhumkar Nagar, Pune - IITM",16-09-2026 14:00:00,18.60577,73.749976,SO2,NA,NA,NA
India,Maharashtra,Pimpri-Chinchwad,"Bhumkar Nagar, Pune - IITM",16-09-2026 14:00:00,18.60577,73.749976,OZONE,4,23,16
India,Maharashtra,Pimpri-Chinchwad,"Park Street Wakad, Pimpri Chinchwad - MPCB",16-09-2026 14:00:00,18.59051,73.77946,PM2.5,8,29,20
India,Maharashtra,Pimpri-Chinchwad,"Park Street Wakad, Pimpri Chinchwad - MPCB",16-09-2026 14:00:00,18.59051,73.77946,SO2,0,2,1
India,Maharashtra,Pimpri-Chinchwad,"Thergaon, Pimpri Chinchwad - MPCB",16-09-2026 14:00:00,18.616318,73.765797,PM10,31,61,44
India,Maharashtra,Pimpri-Chinchwad,"Thergaon, Pimpri Chinchwad - MPCB",16-09-2026 14:00:00,18.616318,73.765797,NH3,6,9,7
India,Maharashtra,Pimpri-Chinchwad,"Thergaon, Pimpri Chinchwad - MPCB",16-09-2026 14:00:00,18.616318,73.765797,OZONE,4,13,7
India,Maharashtra,Pimpri-Chinchwad,"Savta Mali Nagar, Pimpri-Chinchwad - IITM",16-09-2026 14:00:00,18.614767,73.799516,PM2.5,11,38,20
India,Maharashtra,Pimpri-Chinchwad,"Savta Mali Nagar, Pimpri-Chinchwad - IITM",16-09-2026 14:00:00,18.614767,73.799516,CO,36,42,40
India,Maharashtra,Pune,"Panchawati_Pashan, Pune - IITM",16-09-2026 14:00:00,18.536457,73.805454,NH3,NA,NA,NA
India,Maharashtra,Pune,"Panchawati_Pashan, Pune - IITM",16-09-2026 14:00:00,18.536457,73.805454,CO,22,68,40
India,Maharashtra,Pune,"Savitribai Phule Pune University, Pune - MPCB",16-09-2026 14:00:00,18.547056,73.826908,PM2.5,9,18,11
India,Maharashtra,Pune,"Savitribai Phule Pune University, Pune - MPCB",16-09-2026 14:00:00,18.547056,73.826908,NO2,NA,NA,NA
India,Maharashtra,Pune,"Savitribai Phule Pune University, Pune - MPCB",16-09-2026 14:00:00,18.547056,73.826908,SO2,4,5,4
India,Maharashtra,Thane,"Upvan Fort, Thane - MPCB",16-09-2026 14:00:00,19.222279,72.957979,PM2.5,8,39,20
India,Maharashtra,Thane,"Upvan Fort, Thane - MPCB",16-09-2026 14:00:00,19.222279,72.957979,PM10,25,39,32
India,Maharashtra,Thane,"Upvan Fort, Thane - MPCB",16-09-2026 14:00:00,19.222279,72.957979,NO2,7,23,12
India,Maharashtra,Thane,"Upvan Fort, Thane - MPCB",16-09-2026 14:00:00,19.222279,72.957979,SO2,0,7,3
India,Maharashtra,Ulhasnagar,"Sidhi Vinayak Nagar, Ulhasnagar - MPCB",16-09-2026 14:00:00,19.235581,73.159121,CO,5,18,14
India,Maharashtra,Ulhasnagar,"Vithalwadi, Ulhasnagar - MPCB",16-09-2026 14:00:00,19.2307571,73.155192,PM10,14,61,29
India,Maharashtra,Ulhasnagar,"Vithalwadi, Ulhasnagar - MPCB",16-09-2026 14:00:00,19.2307571,73.155192,NH3,0,7,3
India,Mizoram,Aizawl,"Sikulpuikawn, Aizawl - Mizoram PCB",16-09-2026 14:00:00,23.7176342,92.7192841,NH3,0,0,0
India,Mizoram,Aizawl,"Sikulpuikawn, Aizawl - Mizoram PCB",16-09-2026 14:00:00,23.7176342,92.7192841,CO,3,3,3
India,Mizoram,Aizawl,"Sikulpuikawn, Aizawl - Mizoram PCB",16-09-2026 14:00:00,23.7176342,92.7192841,OZONE,1,6,2
India,Nagaland,Kohima,"PWD Junction, Kohima - NPCB",16-09-2026 14:00:00,25.6635413,94.0989878,PM10,6,24,14
India,Nagaland,Kohima,"PWD Junction, Kohima - NPCB",16-09-2026 14:00:00,25.6635413,94.0989878,NH3,0,1,1
India,Nagaland,Kohima,"PWD Junction, Kohima - NPCB",16-09-2026 14:00:00,25.6635413,94.0989878,CO,4,6,5
India,Nagaland,Kohima,"PWD Junction, Kohima - NPCB",16-09-2026 14:00:00,25.6635413,94.0989878,OZONE,0,2,1
India,Odisha,Angul,"Hakimapada, Angul - OSPCB",16-09-2026 14:00:00,20.832874,85.104082,PM2.5,32,94,57
India,Odisha,Balasore,"Kalidaspur, Balasore - OSPCB",16-09-2026 14:00:00,21.51161,86.89088,PM2.5,10,87,37
India,Odisha,Balasore,"Kalidaspur, Balasore - OSPCB",16-09-2026 14:00:00,21.51161,86.89088,NO2,3,24,9
India,Punjab,Khanna,"Kalal Majra, Khanna - PPCB",16-09-2026 14:00:00,30.736056,76.209694,SO2,6,18,12
India,Punjab,Mandi Gobindgarh,"RIMT University, Mandi Gobindgarh - PPCB",16-09-2026 14:00:00,30.649961,76.331442,SO2,8,16,12
India,Punjab,Patiala,"Model Town, Patiala - PPCB",16-09-2026 14:00:00,30.349388,76.366642,CO,8,22,16
India,Punjab,Rupnagar,"Ratanpura, Rupnagar - Ambuja Cements",16-09-2026 14:00:00,31.0325454,76.5623046,NH3,NA,NA,NA
India,Punjab,Rupnagar,"Ratanpura, Rupnagar - Ambuja Cements",16-09-2026 14:00:00,31.0325454,76.5623046,OZONE,NA,NA,NA
India,Rajasthan,Ajmer,"Civil Lines,  Ajmer - RSPCB",16-09-2026 14:00:00,26.470859,74.646594,PM2.5,31,77,50
India,Rajasthan,Ajmer,"Civil Lines,  Ajmer - RSPCB",16-09-2026 14:00:00,26.470859,74.646594,NO2,17,19,18
India,Rajasthan,Ajmer,"Civil Lines,  Ajmer - RSPCB",16-09-2026 14:00:00,26.470859,74.646594,NH3,7,9,8
India,Rajasthan,Ajmer,"Civil Lines,  Ajmer - RSPCB",16-09-2026 14:00:00,26.470859,74.646594,SO2,2,14,9
India,Rajasthan,Alwar,"Vigyan Nagar, Alwar - RSPCB",16-09-2026 14:00:00,27.598796,76.63861,NO2,8,16,11
India,Rajasthan,Alwar,"Vigyan Nagar, Alwar - RSPCB",16-09-2026 14:00:00,27.598796,76.63861,NH3,10,16,13
India,Rajasthan,Alwar,"Vigyan Nagar, Alwar - RSPCB",16-09-2026 14:00:00,27.598796,76.63861,SO2,6,87,27
India,Rajasthan,Banswara,"Rati Talai, Banswara - RSPCB",16-09-2026 14:00:00,23.55519,74.44001,PM2.5,20,33,27
India,Rajasthan,Banswara,"Rati Talai, Banswara - RSPCB",16-09-2026 14:00:00,23.55519,74.44001,NH3,3,7,4
India,Rajasthan,Banswara,"Rati Talai, Banswara - RSPCB",16-09-2026 14:00:00,23.55519,74.44001,CO,12,20,17
India,Maharashtra,Nashik,"Pandav Nagari, Nashik - MPCB",16-09-2026 14:00:00,19.9591346,73.7788008,PM2.5,NA,NA,NA
India,Maharashtra,Nashik,"Pandav Nagari, Nashik - MPCB",16-09-2026 14:00:00,19.9591346,73.7788008,OZONE,13,110,38
India,Maharashtra,Nashik,"Hirawadi, Nashik - MPCB",16-09-2026 14:00:00,20.021503,73.813844,OZONE,10,50,20
India,Maharashtra,Nashik,"MIDC Ambad, Nashik - MPCB",16-09-2026 14:00:00,19.95022,73.73148,PM2.5,12,34,23
India,Maharashtra,Nashik,"MIDC Ambad, Nashik - MPCB",16-09-2026 14:00:00,19.95022,73.73148,NO2,5,16,9
India,Maharashtra,Navi Mumbai,"Kopripada-Vashi, Navi Mumbai - MPCB",16-09-2026 14:00:00,19.090337,73.014232,CO,20,48,29
India,Maharashtra,Navi Mumbai,"Kopripada-Vashi, Navi Mumbai - MPCB",16-09-2026 14:00:00,19.090337,73.014232,OZONE,1,8,5
India,Maharashtra,Navi Mumbai,"Nerul, Navi Mumbai - MPCB",16-09-2026 14:00:00,19.008751,73.01662,NO2,3,3,3
India,Maharashtra,Navi Mumbai,"Nerul, Navi Mumbai - MPCB",16-09-2026 14:00:00,19.008751,73.01662,NH3,0,0,0
India,Maharashtra,Navi Mumbai,"Tondare-Taloja, Navi Mumbai - MPCB",16-09-2026 14:00:00,19.063,73.1209,NO2,NA,NA,NA
India,Maharashtra,Navi Mumbai,"Tondare-Taloja, Navi Mumbai - MPCB",16-09-2026 14:00:00,19.063,73.1209,OZONE,20,20,20
India,Maharashtra,Navi Mumbai,"Sanpada, Navi Mumbai - MPCB",16-09-2026 14:00:00,19.0575752,73.0151367,NO2,2,12,7
India,Maharashtra,Navi Mumbai,"Sanpada, Navi Mumbai - MPCB",16-09-2026 14:00:00,19.0575752,73.0151367,OZONE,1,8,4
India,Maharashtra,Navi Mumbai,"Mahape, Navi Mumbai - MPCB",16-09-2026 14:00:00,19.1135051,73.008978,SO2,12,13,13
India,Maharashtra,Parbhani,"Masoom Colony, Parbhani - MPCB",16-09-2026 14:00:00,19.265594,76.761463,PM2.5,42,81,58
India,Odisha,Barbil,"Forest Office, Barbil - OSPCB",16-09-2026 14:00:00,22.1166054,85.3945546,PM10,33,173,85
India,Odisha,Baripada,"Meher Colony, Baripada - OSPCB",16-09-2026 14:00:00,21.941841,86.728318,PM2.5,12,57,23
India,Odisha,Bhubaneswar,"Lingraj Mandir, Bhubaneswar - OSPCB",16-09-2026 14:00:00,20.24079,85.836784,PM10,42,106,71
India,Odisha,Bhubaneswar,"Patia, Bhubaneswar - OSPCB",16-09-2026 14:00:00,20.34652,85.8163,PM10,43,133,73
India,Odisha,Bhubaneswar,"Patia, Bhubaneswar - OSPCB",16-09-2026 14:00:00,20.34652,85.8163,SO2,6,61,18
India,Odisha,Bhubaneswar,"Patia, Bhubaneswar - OSPCB",16-09-2026 14:00:00,20.34652,85.8163,CO,45,81,58
India,Odisha,Bileipada,"Tata Township, Bileipada - OSPCB",16-09-2026 14:00:00,22.06156703,85.47409613,PM2.5,38,92,66
India,Odisha,Bileipada,"Tata Township, Bileipada - OSPCB",16-09-2026 14:00:00,22.06156703,85.47409613,NO2,12,17,15
India,Odisha,Bileipada,"Tata Township, Bileipada - OSPCB",16-09-2026 14:00:00,22.06156703,85.47409613,NH3,5,6,5
India,Odisha,Bileipada,"Tata Township, Bileipada - OSPCB",16-09-2026 14:00:00,22.06156703,85.47409613,CO,NA,NA,NA
India,Odisha,Byasanagar,"Ferro Chrome Colony, Byasanagar - OSPCB",16-09-2026 14:00:00,20.94185,86.1151,PM10,30,113,68
India,Odisha,Cuttack,"CDA Area, Cuttack - OSPCB",16-09-2026 14:00:00,20.48891,85.84768,OZONE,35,183,97
India,Odisha,Nayagarh,"Dabuna, Nayagarh - OSPCB",16-09-2026 14:00:00,21.847279,85.416905,SO2,19,20,20
India,Maharashtra,Mumbai,"Chembur, Mumbai - MPCB",16-09-2026 14:00:00,19.0364585,72.8954371,OZONE,0,11,6
India,Maharashtra,Mumbai,"Borivali East, Mumbai - MPCB",16-09-2026 14:00:00,19.2243333,72.8658113,NO2,10,10,10
India,Maharashtra,Mumbai,"Deonar, Mumbai - IITM",16-09-2026 14:00:00,19.04946,72.923,NH3,6,7,6
India,Maharashtra,Mumbai,"Deonar, Mumbai - IITM",16-09-2026 14:00:00,19.04946,72.923,SO2,0,9,5
India,Maharashtra,Mumbai,"Malad West, Mumbai - IITM",16-09-2026 14:00:00,19.19709,72.82204,SO2,1,28,16
India,Maharashtra,Mumbai,"Malad West, Mumbai - IITM",16-09-2026 14:00:00,19.19709,72.82204,CO,33,53,42
India,Maharashtra,Nagpur,"Ram Nagar, Nagpur - MPCB",16-09-2026 14:00:00,21.143383,79.048912,SO2,2,7,5
India,Maharashtra,Nagpur,"Mahal, Nagpur - MPCB",16-09-2026 14:00:00,21.14472,79.107595,PM10,34,71,54
India,Maharashtra,Nagpur,"Mahal, Nagpur - MPCB",16-09-2026 14:00:00,21.14472,79.107595,CO,14,53,28
India,Maharashtra,Nagpur,"Mahal, Nagpur - MPCB",16-09-2026 14:00:00,21.14472,79.107595,OZONE,8,38,22
India,Maharashtra,Nagpur,"Opp GPO Civil Lines, Nagpur - MPCB",16-09-2026 14:00:00,21.152875,79.0517531,NH3,2,3,3
India,Maharashtra,Nagpur,"Ambazari, Nagpur - MPCB",16-09-2026 14:00:00,21.121801,79.04952,SO2,3,9,6
India,Maharashtra,Nanded,"Sneh Nagar, Nanded - MPCB",16-09-2026 14:00:00,19.173852,77.296291,SO2,2,2,2
India,Maharashtra,Nashik,"Gangapur Road, Nashik - MPCB",16-09-2026 14:00:00,20.0073285,73.7762427,NO2,5,5,5
India,Odisha,Paradeep,"Nua Sandhakuda, Paradeep - OSPCB",16-09-2026 14:00:00,20.258828,86.665185,OZONE,35,37,36
India,Odisha,Rourkela,"Fertilizer Township, Rourkela - OSPCB",16-09-2026 14:00:00,22.18972222,84.86277778,NH3,NA,NA,NA
India,Odisha,Rourkela,"Fertilizer Township, Rourkela - OSPCB",16-09-2026 14:00:00,22.18972222,84.86277778,OZONE,NA,NA,NA
India,Odisha,Rourkela,"Sector-2, Rourkela - OSPCB",16-09-2026 14:00:00,22.245,84.88111111,PM2.5,46,46,46
India,Odisha,Tensa,"Barsua Iron Ore Mines, Tensa - OSPCB",16-09-2026 14:00:00,21.869985,85.167016,NH3,NA,NA,NA
India,Puducherry,Puducherry,"Jawahar Nagar, Puducherry - PPCC",16-09-2026 14:00:00,11.9309,79.8027,CO,19,33,26
India,Punjab,Amritsar,"Golden Temple, Amritsar - PPCB",16-09-2026 14:00:00,31.62,74.876512,NO2,19,37,22
India,Punjab,Amritsar,"Golden Temple, Amritsar - PPCB",16-09-2026 14:00:00,31.62,74.876512,SO2,10,13,11
India,Punjab,Bathinda,"Hardev Nagar, Bathinda - PPCB",16-09-2026 14:00:00,30.233011,74.907758,PM2.5,11,145,51
India,Punjab,Bathinda,"Hardev Nagar, Bathinda - PPCB",16-09-2026 14:00:00,30.233011,74.907758,OZONE,NA,NA,NA
India,Punjab,Jalandhar,"Civil Line, Jalandhar - PPCB",16-09-2026 14:00:00,31.321907,75.578914,PM10,40,85,64
India,Punjab,Jalandhar,"Civil Line, Jalandhar - PPCB",16-09-2026 14:00:00,31.321907,75.578914,CO,24,35,30
India,Punjab,Jalandhar,"Civil Line, Jalandhar - PPCB",16-09-2026 14:00:00,31.321907,75.578914,OZONE,27,51,34
India,Maharashtra,Pune,"Hadapsar, Pune - IITM",16-09-2026 14:00:00,18.501793,73.927532,NO2,6,40,19
India,Maharashtra,Pune,"Hadapsar, Pune - IITM",16-09-2026 14:00:00,18.501793,73.927532,NH3,NA,NA,NA
India,Maharashtra,Pune,"Katraj Dairy, Pune - MPCB",16-09-2026 14:00:00,18.45445,73.854155,NH3,1,1,1
India,Maharashtra,Pune,"Revenue Colony-Shivajinagar, Pune - IITM",16-09-2026 14:00:00,18.530085,73.849598,SO2,3,21,10
India,Maharashtra,Pune,"Revenue Colony-Shivajinagar, Pune - IITM",16-09-2026 14:00:00,18.530085,73.849598,OZONE,8,33,24
India,Maharashtra,Pune,"Mhada Colony, Pune - IITM",16-09-2026 14:00:00,18.57304,73.927715,SO2,NA,NA,NA
India,Maharashtra,Pune,"Mhada Colony, Pune - IITM",16-09-2026 14:00:00,18.57304,73.927715,OZONE,4,23,14
India,Maharashtra,Solapur,"Ratandeep Housing Society, Solapur - MPCB",16-09-2026 14:00:00,17.65439,75.90649,OZONE,0,19,9
India,Maharashtra,Solapur,"Dnyaneshwar Nagar, Solapur - MPCB",16-09-2026 14:00:00,17.6336264,75.9132495,NO2,5,32,10
India,Maharashtra,Solapur,"Dnyaneshwar Nagar, Solapur - MPCB",16-09-2026 14:00:00,17.6336264,75.9132495,NH3,5,13,8
India,Maharashtra,Solapur,"Dnyaneshwar Nagar, Solapur - MPCB",16-09-2026 14:00:00,17.6336264,75.9132495,SO2,1,4,3
India,Maharashtra,Solapur,"Dnyaneshwar Nagar, Solapur - MPCB",16-09-2026 14:00:00,17.6336264,75.9132495,CO,5,11,8
India,Maharashtra,Thane,"Kasarvadavali, Thane - MPCB",16-09-2026 14:00:00,19.26777,72.97182,PM10,31,63,45
India,Maharashtra,Mumbai,"Byculla, Mumbai - BMC",16-09-2026 14:00:00,18.9767,72.838,PM2.5,12,29,19
India,Maharashtra,Mumbai,"Byculla, Mumbai - BMC",16-09-2026 14:00:00,18.9767,72.838,OZONE,0,11,4
India,Maharashtra,Mumbai,"Borivali East, Mumbai - IITM",16-09-2026 14:00:00,19.23241,72.86895,PM2.5,16,33,26
India,Maharashtra,Mumbai,"Siddharth Nagar-Worli, Mumbai - IITM",16-09-2026 14:00:00,19.000083,72.813993,CO,2,2,2
India,Maharashtra,Mumbai,"Worli, Mumbai - MPCB",16-09-2026 14:00:00,18.9936162,72.8128113,NO2,6,25,16
India,Maharashtra,Mumbai,"Mazgaon, Mumbai - IITM",16-09-2026 14:00:00,18.96702,72.84214,PM10,17,49,33
India,Maharashtra,Mumbai,"Mazgaon, Mumbai - IITM",16-09-2026 14:00:00,18.96702,72.84214,NH3,4,5,5
India,Maharashtra,Mumbai,"Ghatkopar, Mumbai - BMC",16-09-2026 14:00:00,19.083694,72.920967,SO2,0,3,1
India,Maharashtra,Mumbai,"Powai, Mumbai - MPCB",16-09-2026 14:00:00,19.1375,72.915056,CO,NA,NA,NA
India,Maharashtra,Mumbai,"Mindspace-Malad West, Mumbai - MPCB",16-09-2026 14:00:00,19.1878657,72.8304069,NO2,18,19,18
India,Maharashtra,Mumbai,"Mindspace-Malad West, Mumbai - MPCB",16-09-2026 14:00:00,19.1878657,72.8304069,CO,15,16,15
India,Tamil Nadu,Chennai,"Velachery Res. Area, Chennai - CPCB",16-09-2026 14:00:00,13.0052189,80.2398125,PM2.5,43,51,44
India,Tamil Nadu,Chennai,"Velachery Res. Area, Chennai - CPCB",16-09-2026 14:00:00,13.0052189,80.2398125,NH3,NA,NA,NA
India,Tamil Nadu,Cuddalore,"Semmandalam, Cuddalore - TNPCB",16-09-2026 14:00:00,11.7637683,79.7499835,PM2.5,NA,NA,NA
India,Tamil Nadu,Cuddalore,"Semmandalam, Cuddalore - TNPCB",16-09-2026 14:00:00,11.7637683,79.7499835,PM10,NA,NA,NA
India,Tamil Nadu,Cuddalore,"Semmandalam, Cuddalore - TNPCB",16-09-2026 14:00:00,11.7637683,79.7499835,CO,NA,NA,NA
India,Telangana,Hyderabad,"Kompally Municipal Office, Hyderabad - TSPCB",16-09-2026 14:00:00,17.544899,78.486949,NH3,2,4,3
India,Telangana,Hyderabad,"Ramachandrapuram, Hyderabad - TSPCB",16-09-2026 14:00:00,17.528544,78.286195,PM2.5,31,51,37
India,Telangana,Hyderabad,"Ramachandrapuram, Hyderabad - TSPCB",16-09-2026 14:00:00,17.528544,78.286195,PM10,51,71,58
India,Telangana,Hyderabad,"Zoo Park, Hyderabad - TSPCB",16-09-2026 14:00:00,17.349694,78.451437,PM2.5,23,176,77
India,Telangana,Hyderabad,"Zoo Park, Hyderabad - TSPCB",16-09-2026 14:00:00,17.349694,78.451437,PM10,25,157,80
India,Telangana,Hyderabad,"ECIL Kapra, Hyderabad - TSPCB",16-09-2026 14:00:00,17.470431,78.566959,PM10,60,71,64
India,Telangana,Hyderabad,"ECIL Kapra, Hyderabad - TSPCB",16-09-2026 14:00:00,17.470431,78.566959,OZONE,14,27,17
India,Telangana,Hyderabad,"Kokapet, Hyderabad - TSPCB",16-09-2026 14:00:00,17.393559,78.339194,SO2,5,10,8
India,Telangana,Hyderabad,"Kokapet, Hyderabad - TSPCB",16-09-2026 14:00:00,17.393559,78.339194,CO,19,32,26
India,Telangana,Hyderabad,"New Malakpet, Hyderabad - TSPCB",16-09-2026 14:00:00,17.37206,78.50864,PM10,52,97,71
India,Telangana,Hyderabad,"New Malakpet, Hyderabad - TSPCB",16-09-2026 14:00:00,17.37206,78.50864,NO2,12,23,15
India,Telangana,Hyderabad,"New Malakpet, Hyderabad - TSPCB",16-09-2026 14:00:00,17.37206,78.50864,CO,38,52,46
India,Telangana,Hyderabad,"Bollaram Industrial Area, Hyderabad - TSPCB",16-09-2026 14:00:00,17.518,78.383,CO,53,67,58
India,Telangana,Hyderabad,"Central University, Hyderabad - TSPCB",16-09-2026 14:00:00,17.460103,78.334361,PM10,13,41,25
India,Telangana,Hyderabad,"Central University, Hyderabad - TSPCB",16-09-2026 14:00:00,17.460103,78.334361,OZONE,3,13,9
India,Telangana,Hyderabad,"IITH Kandi, Hyderabad - TSPCB",16-09-2026 14:00:00,17.585705,78.126199,PM10,55,71,61
India,Rajasthan,Bharatpur,"Krishna Nagar, Bharatpur - RSPCB",16-09-2026 14:00:00,27.215415,77.50873,OZONE,30,89,57
India,Rajasthan,Bhilwara,"Pratap Nagar, Bhilwara - RSPCB",16-09-2026 14:00:00,25.339605,74.618883,NH3,1,10,6
India,Rajasthan,Bhiwadi,"Vasundhara Nagar_UIT, Bhiwadi - RSPCB",16-09-2026 14:00:00,28.207266,76.829265,PM2.5,10,33,18
India,Rajasthan,Bhiwadi,"Vasundhara Nagar_UIT, Bhiwadi - RSPCB",16-09-2026 14:00:00,28.207266,76.829265,NH3,9,52,15
India,Rajasthan,Bhiwadi,"Vasundhara Nagar_UIT, Bhiwadi - RSPCB",16-09-2026 14:00:00,28.207266,76.829265,SO2,3,12,5
India,Rajasthan,Bhiwadi,"RIICO Ind. Area III, Bhiwadi - RSPCB",16-09-2026 14:00:00,28.194909,76.862296,OZONE,18,61,34
India,Rajasthan,Bikaner,"MM Ground, Bikaner - RSPCB",16-09-2026 14:00:00,28.018792,73.292658,SO2,0,16,3
India,Rajasthan,Bundi,"New Colony, Bundi - RSPCB",16-09-2026 14:00:00,25.435774,75.644272,PM10,19,58,38
India,Rajasthan,Bundi,"New Colony, Bundi - RSPCB",16-09-2026 14:00:00,25.435774,75.644272,CO,13,18,15
India,Rajasthan,Chittorgarh,"Shastri Nagar, Chittorgarh - RSPCB",16-09-2026 14:00:00,24.892047,74.623527,CO,11,30,22
India,Rajasthan,Churu,"Subash Chowk, Churu - RSPCB",16-09-2026 14:00:00,28.296139,74.961696,NO2,3,16,7
India,Rajasthan,Churu,"Subash Chowk, Churu - RSPCB",16-09-2026 14:00:00,28.296139,74.961696,OZONE,50,99,75
India,Rajasthan,Dausa,"Khatikan Mohalla, Dausa - RSPCB",16-09-2026 14:00:00,26.895552,76.334753,PM2.5,27,80,44
India,Rajasthan,Dausa,"Khatikan Mohalla, Dausa - RSPCB",16-09-2026 14:00:00,26.895552,76.334753,CO,37,63,47
India,Rajasthan,Dungarpur,"Bhoiwada, Dungarpur - RSPCB",16-09-2026 14:00:00,23.837789,73.714926,PM10,24,58,38
India,Rajasthan,Dungarpur,"Bhoiwada, Dungarpur - RSPCB",16-09-2026 14:00:00,23.837789,73.714926,NH3,11,14,13
India,Telangana,Hyderabad,"IITH Kandi, Hyderabad - TSPCB",16-09-2026 14:00:00,17.585705,78.126199,SO2,7,17,10
India,Telangana,Hyderabad,"Nacharam_TSIIC IALA, Hyderabad - TSPCB",16-09-2026 14:00:00,17.429398,78.569354,OZONE,21,26,24
India,Telangana,Hyderabad,"ICRISAT Patancheru, Hyderabad - TSPCB",16-09-2026 14:00:00,17.5184,78.278777,PM10,29,137,63
India,Telangana,Hyderabad,"ICRISAT Patancheru, Hyderabad - TSPCB",16-09-2026 14:00:00,17.5184,78.278777,NH3,0,2,1
India,Telangana,Hyderabad,"IDA Pashamylaram, Hyderabad - TSPCB",16-09-2026 14:00:00,17.5316895,78.218939,CO,2,17,11
India,Tripura,Agartala,"Bardowali, Agartala - Tripura SPCB",16-09-2026 14:00:00,23.8175497,91.2726974,PM10,64,157,104
India,Uttar Pradesh,Agra,"Shahjahan Garden, Agra - UPPCB",16-09-2026 14:00:00,27.169338,78.03582,NH3,1,1,1
India,Uttar Pradesh,Agra,"Shahjahan Garden, Agra - UPPCB",16-09-2026 14:00:00,27.169338,78.03582,SO2,73,83,77
India,Uttar Pradesh,Agra,"Shahjahan Garden, Agra - UPPCB",16-09-2026 14:00:00,27.169338,78.03582,CO,52,60,56
India,Uttar Pradesh,Agra,"Rohta, Agra - UPPCB",16-09-2026 14:00:00,27.106972,78.000111,NO2,16,16,16
India,Uttar Pradesh,Agra,"Rohta, Agra - UPPCB",16-09-2026 14:00:00,27.106972,78.000111,OZONE,13,16,15
India,Rajasthan,Jodhpur,"Samrat Ashok Udhyan, Jodhpur - RSPCB",16-09-2026 14:00:00,26.253384,72.976571,SO2,3,5,4
India,Rajasthan,Jodhpur,"Mandor, Jodhpur - RSPCB",16-09-2026 14:00:00,26.358805,73.047444,PM2.5,3,30,16
India,Rajasthan,Jodhpur,"Digari Kalan, Jodhpur - RSPCB",16-09-2026 14:00:00,26.29581,73.082283,NO2,13,33,19
India,Rajasthan,Jodhpur,"Digari Kalan, Jodhpur - RSPCB",16-09-2026 14:00:00,26.29581,73.082283,OZONE,24,69,46
India,Rajasthan,Karauli,"Satyawati Vihar, Karauli - RSPCB",16-09-2026 14:00:00,26.506177,77.025989,NO2,NA,NA,NA
India,Rajasthan,Karauli,"Satyawati Vihar, Karauli - RSPCB",16-09-2026 14:00:00,26.506177,77.025989,NH3,NA,NA,NA
India,Rajasthan,Karauli,"Satyawati Vihar, Karauli - RSPCB",16-09-2026 14:00:00,26.506177,77.025989,SO2,NA,NA,NA
India,Rajasthan,Karauli,"Satyawati Vihar, Karauli - RSPCB",16-09-2026 14:00:00,26.506177,77.025989,CO,18,23,21
India,Rajasthan,Karauli,"Satyawati Vihar, Karauli - RSPCB",16-09-2026 14:00:00,26.506177,77.025989,OZONE,4,45,31
India,Rajasthan,Kota,"Nayapura, Kota - RSPCB",16-09-2026 14:00:00,25.196024,75.855668,NO2,9,41,18
India,Rajasthan,Kota,"Shrinath Puram, Kota - RSPCB",16-09-2026 14:00:00,25.14389,75.821256,CO,37,52,44
India,Rajasthan,Sirohi,"Vedhaynath Colony, Sirohi - RSPCB",16-09-2026 14:00:00,24.885261,72.857549,NO2,3,10,6
India,Rajasthan,Sirohi,"Vedhaynath Colony, Sirohi - RSPCB",16-09-2026 14:00:00,24.885261,72.857549,SO2,4,7,6
India,Rajasthan,Sri Ganganagar,"Old City, Sri Ganganagar - RSPCB",16-09-2026 14:00:00,29.931624,73.864511,PM2.5,48,163,87
India,Rajasthan,Tonk,"Shastri Nagar, Tonk - RSPCB",16-09-2026 14:00:00,26.159933,75.780517,NO2,5,24,9
India,Rajasthan,Tonk,"Shastri Nagar, Tonk - RSPCB",16-09-2026 14:00:00,26.159933,75.780517,CO,46,114,101
India,Rajasthan,Udaipur,"Ashok Nagar, Udaipur - RSPCB",16-09-2026 14:00:00,24.5886166,73.6321397,NO2,13,33,21
India,Sikkim,Gangtok,"Zero Point GICI, Gangtok - SSPCB",16-09-2026 14:00:00,27.33853,88.614099,SO2,1,1,1
India,Sikkim,Gangtok,"Zero Point GICI, Gangtok - SSPCB",16-09-2026 14:00:00,27.33853,88.614099,CO,1,4,3
India,Tamil Nadu,Chennai,"Manali Village, Chennai - TNPCB",16-09-2026 14:00:00,13.1662,80.2584,SO2,11,12,11
India,Rajasthan,Jaipur,"Sector-2 Murlipura, Jaipur - RSPCB",16-09-2026 14:00:00,26.960669,75.771817,SO2,1,8,3
India,Rajasthan,Jaipur,"RIICO Sitapura, Jaipur - RSPCB",16-09-2026 14:00:00,26.786682,75.827928,NH3,1,3,2
India,Rajasthan,Jaipur,"RIICO Sitapura, Jaipur - RSPCB",16-09-2026 14:00:00,26.786682,75.827928,CO,36,60,45
India,Rajasthan,Jalore,"Mudtra Sili, Jalore - RSPCB",16-09-2026 14:00:00,25.344694,72.626208,CO,23,36,30
India,Rajasthan,Jhalawar,"Rajlaxmi Nagar, Jhalawar - RSPCB",16-09-2026 14:00:00,24.588397,76.172782,PM2.5,2,180,49
India,Rajasthan,Jhunjhunu,"Indra Nagar, Jhunjhunu - RSPCB",16-09-2026 14:00:00,28.108988,75.386577,SO2,2,4,3
India,Rajasthan,Jodhpur,"Collectorate, Jodhpur - RSPCB",16-09-2026 14:00:00,26.268249,73.0193853,CO,7,66,28
India,Rajasthan,Jodhpur,"Collectorate, Jodhpur - RSPCB",16-09-2026 14:00:00,26.268249,73.0193853,OZONE,40,60,50
India,Rajasthan,Jodhpur,"Jhalamand, Jodhpur - RSPCB",16-09-2026 14:00:00,26.215415,73.070156,PM10,19,89,47
India,Rajasthan,Nagaur,"Karni Colony, Nagaur - RSPCB",16-09-2026 14:00:00,27.213494,73.734444,NH3,3,6,4
India,Rajasthan,Nagaur,"Karni Colony, Nagaur - RSPCB",16-09-2026 14:00:00,27.213494,73.734444,SO2,3,8,4
India,Rajasthan,Pali,"Indira Colony Vistar, Pali - RSPCB",16-09-2026 14:00:00,25.771061,73.340227,NO2,14,27,19
India,Rajasthan,Pali,"Indira Colony Vistar, Pali - RSPCB",16-09-2026 14:00:00,25.771061,73.340227,SO2,7,10,9
India,Rajasthan,Pratapgarh,"Pragati Nagar, Pratapgarh - RSPCB",16-09-2026 14:00:00,24.041198,74.780702,PM10,24,56,37
India,Rajasthan,Pratapgarh,"Pragati Nagar, Pratapgarh - RSPCB",16-09-2026 14:00:00,24.041198,74.780702,SO2,1,2,2
India,Rajasthan,Rajsamand,"Dhoinda, Rajsamand - RSPCB",16-09-2026 14:00:00,25.03636,73.883502,NH3,2,12,4
India,Rajasthan,Sawai Madhopur,"Sahu Nagar, Sawai Madhopur - RSPCB",16-09-2026 14:00:00,26.031443,76.359327,PM2.5,2,57,27
India,Rajasthan,Jaipur,"Shastri Nagar, Jaipur - RSPCB",16-09-2026 14:00:00,26.9502929,75.730943,CO,32,50,39
India,Rajasthan,Jaipur,"Adarsh Nagar, Jaipur - RSPCB",16-09-2026 14:00:00,26.902909,75.836858,PM10,24,79,58
India,Rajasthan,Jaipur,"Adarsh Nagar, Jaipur - RSPCB",16-09-2026 14:00:00,26.902909,75.836858,NO2,7,26,15
India,Rajasthan,Jaipur,"Adarsh Nagar, Jaipur - RSPCB",16-09-2026 14:00:00,26.902909,75.836858,OZONE,8,34,19
India,Rajasthan,Jaipur,"Mansarovar Sector-12, Jaipur - RSPCB",16-09-2026 14:00:00,26.843698,75.766894,CO,30,43,36
India,Rajasthan,Jaipur,"Police Commissionerate, Jaipur - RSPCB",16-09-2026 14:00:00,26.9164092,75.7994901,SO2,22,35,31
India,Rajasthan,Jaipur,"Sector-2 Murlipura, Jaipur - RSPCB",16-09-2026 14:00:00,26.960669,75.771817,NO2,11,51,26
India,Uttar Pradesh,Agra,"Shastripuram, Agra - UPPCB",16-09-2026 14:00:00,27.19862,77.92066,OZONE,7,56,38
India,Uttar Pradesh,Agra,"Sector-3B Avas Vikas Colony, Agra - UPPCB",16-09-2026 14:00:00,27.19412,77.96237,PM10,33,66,49
India,Uttar Pradesh,Baghpat,"Sardar Patel Inter College, Baghpat - UPPCB",16-09-2026 14:00:00,28.964949,77.278761,OZONE,3,101,61
India,Uttar Pradesh,Bulandshahr,"Yamunapuram, Bulandshahr - UPPCB",16-09-2026 14:00:00,28.406963,77.849831,SO2,5,12,8
India,Uttar Pradesh,Fatehpur Sikri,"Dadupura, Fatehpur Sikri - UPPCB",16-09-2026 14:00:00,27.097694,77.671335,PM10,NA,NA,NA
India,Uttar Pradesh,Gajraula,"Rajanpur, Gajraula - UPPCB",16-09-2026 14:00:00,28.829109,78.248796,PM2.5,64,127,88
India,Uttar Pradesh,Gajraula,"Rajanpur, Gajraula - UPPCB",16-09-2026 14:00:00,28.829109,78.248796,CO,80,93,86
India,Uttar Pradesh,Gajraula,"Rajanpur, Gajraula - UPPCB",16-09-2026 14:00:00,28.829109,78.248796,OZONE,0,22,12
India,Uttar Pradesh,Ghaziabad,"Indirapuram, Ghaziabad - UPPCB",16-09-2026 14:00:00,28.646233,77.358075,PM2.5,39,96,67
India,Uttar Pradesh,Ghaziabad,"Indirapuram, Ghaziabad - UPPCB",16-09-2026 14:00:00,28.646233,77.358075,NO2,18,59,34
India,Uttar Pradesh,Ghaziabad,"Indirapuram, Ghaziabad - UPPCB",16-09-2026 14:00:00,28.646233,77.358075,OZONE,21,52,33
India,Uttar Pradesh,Ghaziabad,"Govindpuram, Ghaziabad - UPPCB",16-09-2026 14:00:00,28.694528,77.494705,SO2,3,19,9
India,Uttar Pradesh,Ghaziabad,"Ved Vihar-Loni, Ghaziabad - UPPCB",16-09-2026 14:00:00,28.739153,77.273668,PM10,47,187,108
India,Uttar Pradesh,Ghaziabad,"Ved Vihar-Loni, Ghaziabad - UPPCB",16-09-2026 14:00:00,28.739153,77.273668,NH3,4,15,8
India,Uttar Pradesh,Ghaziabad,"Wave City, Ghaziabad - UPPCB",16-09-2026 14:00:00,28.646675,77.489049,PM2.5,NA,NA,NA
India,Uttar Pradesh,Ghaziabad,"Wave City, Ghaziabad - UPPCB",16-09-2026 14:00:00,28.646675,77.489049,SO2,1,3,2
India,Uttar Pradesh,Ghaziabad,"Wave City, Ghaziabad - UPPCB",16-09-2026 14:00:00,28.646675,77.489049,CO,100,105,102
India,Uttar Pradesh,Ghaziabad,"Vasundhara, Ghaziabad - UPPCB",16-09-2026 14:00:00,28.6603346,77.3572563,PM2.5,7,98,61
India,Uttar Pradesh,Ghaziabad,"Vasundhara, Ghaziabad - UPPCB",16-09-2026 14:00:00,28.6603346,77.3572563,CO,28,53,37
India,Uttar Pradesh,Ghaziabad,"Sanjay Nagar, Ghaziabad - UPPCB",16-09-2026 14:00:00,28.685382,77.453839,OZONE,17,82,46
India,Uttar Pradesh,Greater Noida,"Knowledge Park - V, Greater Noida - UPPCB",16-09-2026 14:00:00,28.557054,77.453663,PM10,86,333,152
India,Uttar Pradesh,Greater Noida,"Knowledge Park - III, Greater Noida - UPPCB",16-09-2026 14:00:00,28.47272,77.482,PM10,33,248,98
India,Uttar Pradesh,Greater Noida,"Knowledge Park - III, Greater Noida - UPPCB",16-09-2026 14:00:00,28.47272,77.482,NH3,4,6,5
India,West Bengal,Asansol,"Evelyn Lodge, Asansol - WBPCB",16-09-2026 14:00:00,23.697936,86.944395,NO2,11,26,17
India,West Bengal,Barrackpore,"SVSPA Campus, Barrackpore - WBPCB",16-09-2026 14:00:00,22.7605581,88.3617589,NO2,6,31,16
India,West Bengal,Barrackpore,"SVSPA Campus, Barrackpore - WBPCB",16-09-2026 14:00:00,22.7605581,88.3617589,SO2,13,16,14
India,West Bengal,Durgapur,"PCBL Residential Complex, Durgapur - WBPCB",16-09-2026 14:00:00,23.508764,87.35444,PM2.5,21,99,54
India,West Bengal,Durgapur,"PCBL Residential Complex, Durgapur - WBPCB",16-09-2026 14:00:00,23.508764,87.35444,SO2,11,13,12
India,West Bengal,Durgapur,"Mahishkapur Road_B-Zone, Durgapur - WBPCB",16-09-2026 14:00:00,23.567923,87.306843,PM2.5,1,74,28
India,West Bengal,Durgapur,"Mahishkapur Road_B-Zone, Durgapur - WBPCB",16-09-2026 14:00:00,23.567923,87.306843,PM10,22,102,56
India,West Bengal,Durgapur,"Mahishkapur Road_B-Zone, Durgapur - WBPCB",16-09-2026 14:00:00,23.567923,87.306843,NO2,4,46,13
India,West Bengal,Durgapur,"Womens College_City Center, Durgapur - WBPCB",16-09-2026 14:00:00,23.549395,87.300496,PM10,45,93,64
India,West Bengal,Durgapur,"Womens College_City Center, Durgapur - WBPCB",16-09-2026 14:00:00,23.549395,87.300496,NO2,13,33,23
India,West Bengal,Durgapur,"Womens College_City Center, Durgapur - WBPCB",16-09-2026 14:00:00,23.549395,87.300496,NH3,1,5,3
India,West Bengal,Durgapur,"Womens College_City Center, Durgapur - WBPCB",16-09-2026 14:00:00,23.549395,87.300496,SO2,12,12,12
India,West Bengal,Durgapur,"Womens College_City Center, Durgapur - WBPCB",16-09-2026 14:00:00,23.549395,87.300496,OZONE,8,23,17
India,West Bengal,Howrah,"Ghusuri, Howrah - WBPCB",16-09-2026 14:00:00,22.611968,88.347422,PM2.5,30,154,64
India,West Bengal,Howrah,"Ghusuri, Howrah - WBPCB",16-09-2026 14:00:00,22.611968,88.347422,NH3,7,15,11
India,West Bengal,Howrah,"Ghusuri, Howrah - WBPCB",16-09-2026 14:00:00,22.611968,88.347422,SO2,1,42,17
India,West Bengal,Howrah,"Ghusuri, Howrah - WBPCB",16-09-2026 14:00:00,22.611968,88.347422,CO,22,48,33
India,West Bengal,Howrah,"Dasnagar, Howrah - WBPCB",16-09-2026 14:00:00,22.6025571,88.3105664,NO2,2,26,8
India,Uttar Pradesh,Noida,"Sector-116, Noida - UPPCB",16-09-2026 14:00:00,28.56923,77.393848,NH3,8,14,10
India,Uttar Pradesh,Prayagraj,"Motilal Nehru NIT, Prayagraj - UPPCB",16-09-2026 14:00:00,25.494,81.863,NO2,12,12,12
India,Uttar Pradesh,Prayagraj,"Motilal Nehru NIT, Prayagraj - UPPCB",16-09-2026 14:00:00,25.494,81.863,CO,3,6,5
India,Uttar Pradesh,Prayagraj,"Jhunsi, Prayagraj - UPPCB",16-09-2026 14:00:00,25.425602,81.917152,PM10,11,87,35
India,Uttar Pradesh,Raebareli," Indira Nagar, Raebareli - NTPC Unchahar",16-09-2026 14:00:00,26.207781,81.245571,NO2,16,34,23
India,Uttar Pradesh,Raebareli,"Anand Nagar, Raebareli - UPPCB",16-09-2026 14:00:00,26.219512,81.237648,PM10,49,91,74
India,Uttar Pradesh,Shamli,"New Tehsil, Shamli - UPPCB",16-09-2026 14:00:00,29.4603683,77.3410291,NH3,0,3,1
India,Uttar Pradesh,Varanasi,"Maldahiya, Varanasi - UPPCB",16-09-2026 14:00:00,25.32393,82.99687,PM2.5,6,105,43
India,Uttar Pradesh,Varanasi,"Maldahiya, Varanasi - UPPCB",16-09-2026 14:00:00,25.32393,82.99687,SO2,30,34,30
India,Uttar Pradesh,Varanasi,"Ardhali Bazar, Varanasi - UPPCB",16-09-2026 14:00:00,25.3505986,82.9083074,PM2.5,33,82,58
India,Uttar Pradesh,Varanasi,"Ardhali Bazar, Varanasi - UPPCB",16-09-2026 14:00:00,25.3505986,82.9083074,SO2,4,7,5
India,Uttar Pradesh,Varanasi,"Ardhali Bazar, Varanasi - UPPCB",16-09-2026 14:00:00,25.3505986,82.9083074,CO,14,14,14
India,Uttar Pradesh,Varanasi,"Ardhali Bazar, Varanasi - UPPCB",16-09-2026 14:00:00,25.3505986,82.9083074,OZONE,4,18,13
India,Uttar Pradesh,Varanasi,"Bhelupur, Varanasi - UPPCB",16-09-2026 14:00:00,25.301778,82.996789,NO2,7,8,8
India,Uttar Pradesh,Moradabad,"Eco Herbal Park, Moradabad - UPPCB",16-09-2026 14:00:00,28.840739,78.697531,NO2,12,34,19
India,Uttar Pradesh,Moradabad,"Kashiram Nagar, Moradabad - UPPCB",16-09-2026 14:00:00,28.849399,78.742362,PM2.5,48,94,74
India,Uttar Pradesh,Moradabad,"Kashiram Nagar, Moradabad - UPPCB",16-09-2026 14:00:00,28.849399,78.742362,PM10,48,103,71
India,Uttar Pradesh,Moradabad,"Employment Office, Moradabad - UPPCB",16-09-2026 14:00:00,28.88528,78.7388,CO,11,13,12
India,Uttar Pradesh,Moradabad,"Buddhi Vihar, Moradabad - UPPCB",16-09-2026 14:00:00,28.83526,78.7446,PM10,49,131,84
India,Uttar Pradesh,Moradabad,"Buddhi Vihar, Moradabad - UPPCB",16-09-2026 14:00:00,28.83526,78.7446,OZONE,26,34,30
India,Uttar Pradesh,Moradabad,"Jigar Colony, Moradabad - UPPCB",16-09-2026 14:00:00,28.856664,78.772638,PM2.5,38,76,53
India,Uttar Pradesh,Moradabad,"Jigar Colony, Moradabad - UPPCB",16-09-2026 14:00:00,28.856664,78.772638,PM10,50,117,67
India,Uttar Pradesh,Moradabad,"Jigar Colony, Moradabad - UPPCB",16-09-2026 14:00:00,28.856664,78.772638,NH3,6,6,6
India,Uttar Pradesh,Muzaffarnagar,"New Mandi, Muzaffarnagar - UPPCB",16-09-2026 14:00:00,29.4723508,77.7194031,NH3,1,5,3
India,Uttar Pradesh,Muzaffarnagar,"New Mandi, Muzaffarnagar - UPPCB",16-09-2026 14:00:00,29.4723508,77.7194031,CO,21,35,30
India,Uttar Pradesh,Noida,"Sector-1, Noida - UPPCB",16-09-2026 14:00:00,28.5898,77.3101,NO2,8,46,19
India,Uttar Pradesh,Noida,"Sector-116, Noida - UPPCB",16-09-2026 14:00:00,28.56923,77.393848,PM10,86,280,134
India,Uttar Pradesh,Hapur,"Anand Vihar, Hapur - UPPCB",16-09-2026 14:00:00,28.725645,77.749675,NH3,1,5,5
India,Uttar Pradesh,Hapur,"Anand Vihar, Hapur - UPPCB",16-09-2026 14:00:00,28.725645,77.749675,OZONE,3,19,12
India,Uttar Pradesh,Jhansi,"Shivaji Nagar, Jhansi - UPPCB",16-09-2026 14:00:00,25.4547,78.6039,PM10,41,113,61
India,Uttar Pradesh,Jhansi,"Shivaji Nagar, Jhansi - UPPCB",16-09-2026 14:00:00,25.4547,78.6039,NH3,4,4,4
India,Uttar Pradesh,Jhansi,"Shivaji Nagar, Jhansi - UPPCB",16-09-2026 14:00:00,25.4547,78.6039,OZONE,5,8,6
India,Uttar Pradesh,Kanpur,"FTI Kidwai Nagar, Kanpur - UPPCB",16-09-2026 14:00:00,26.428282,80.327067,SO2,24,63,32
India,Uttar Pradesh,Kanpur,"FTI Kidwai Nagar, Kanpur - UPPCB",16-09-2026 14:00:00,26.428282,80.327067,OZONE,10,10,10
India,Uttar Pradesh,Kanpur,"NSI Kalyanpur, Kanpur - UPPCB",16-09-2026 14:00:00,26.509954,80.249612,CO,24,26,25
India,Uttar Pradesh,Kanpur,"Nehru Nagar, Kanpur - UPPCB",16-09-2026 14:00:00,26.4703136,80.3229863,NH3,NA,NA,NA
India,Uttar Pradesh,Khurja,"Kalindi Kunj, Khurja - UPPCB",16-09-2026 14:00:00,28.2348927,77.8683002,OZONE,11,59,20
India,Uttar Pradesh,Lucknow,"B R Ambedkar University, Lucknow - UPPCB",16-09-2026 14:00:00,26.766433,80.927299,CO,23,25,24
India,Uttar Pradesh,Lucknow,"Lalbagh, Lucknow - CPCB",16-09-2026 14:00:00,26.8458805,80.9365541,NO2,22,31,26
India,Uttar Pradesh,Varanasi,"IESD Banaras Hindu University, Varanasi - UPPCB",16-09-2026 14:00:00,25.262326,82.995408,SO2,25,36,30
India,Uttar Pradesh,Varanasi,"IESD Banaras Hindu University, Varanasi - UPPCB",16-09-2026 14:00:00,25.262326,82.995408,CO,1,2,2
India,Uttar Pradesh,Varanasi,"IESD Banaras Hindu University, Varanasi - UPPCB",16-09-2026 14:00:00,25.262326,82.995408,OZONE,3,10,5
India,Uttar Pradesh,Vrindavan,"Omex Eternity, Vrindavan - UPPCB",16-09-2026 14:00:00,27.571409,77.655757,PM10,20,65,37
India,Uttar Pradesh,Vrindavan,"Omex Eternity, Vrindavan - UPPCB",16-09-2026 14:00:00,27.571409,77.655757,NH3,7,9,8
India,Uttar Pradesh,Vrindavan," Chhatikara, Vrindavan - UPPCB",16-09-2026 14:00:00,27.57194,77.62346,PM2.5,15,47,29
India,Uttar Pradesh,Vrindavan," Chhatikara, Vrindavan - UPPCB",16-09-2026 14:00:00,27.57194,77.62346,SO2,22,32,27
India,Uttarakhand,Dehradun,"Doon University, Dehradun - UKPCB",16-09-2026 14:00:00,30.269444,78.044167,PM10,29,90,48
India,Uttarakhand,Kashipur,"Govt. Girls Inter College, Kashipur - UKPCB",16-09-2026 14:00:00,29.2124114,78.9611753,SO2,NA,NA,NA
India,West Bengal,Kolkata,"Jadavpur, Kolkata - WBPCB",16-09-2026 14:00:00,22.49929,88.36917,PM10,42,111,58
India,West Bengal,Kolkata,"Jadavpur, Kolkata - WBPCB",16-09-2026 14:00:00,22.49929,88.36917,NH3,11,13,12
India,West Bengal,Kolkata,"Jadavpur, Kolkata - WBPCB",16-09-2026 14:00:00,22.49929,88.36917,CO,13,26,20
India,West Bengal,Kolkata,"Ballygunge, Kolkata - WBPCB",16-09-2026 14:00:00,22.5367507,88.3638022,PM2.5,19,69,34
India,West Bengal,Kolkata,"Ballygunge, Kolkata - WBPCB",16-09-2026 14:00:00,22.5367507,88.3638022,OZONE,12,18,16
India,West Bengal,Kolkata,"Victoria, Kolkata - WBPCB",16-09-2026 14:00:00,22.5448082,88.3403691,CO,25,42,32
India,West Bengal,Kolkata,"Rabindra Sarobar, Kolkata - WBPCB",16-09-2026 14:00:00,22.51106,88.35142,OZONE,11,36,24
India,West Bengal,Kolkata,"Bidhannagar, Kolkata - WBPCB",16-09-2026 14:00:00,22.58157048,88.41002457,PM2.5,23,49,36
India,West Bengal,Kolkata,"Bidhannagar, Kolkata - WBPCB",16-09-2026 14:00:00,22.58157048,88.41002457,PM10,40,69,53
India,West Bengal,Kolkata,"Bidhannagar, Kolkata - WBPCB",16-09-2026 14:00:00,22.58157048,88.41002457,NO2,13,13,13
India,Uttar Pradesh,Lucknow,"Gomti Nagar, Lucknow - UPPCB",16-09-2026 14:00:00,26.86812,81.005119,CO,38,42,41
India,Uttar Pradesh,Lucknow,"Talkatora District Industries Center, Lucknow - CPCB",16-09-2026 14:00:00,26.83399722,80.8917361,OZONE,10,96,48
India,Uttar Pradesh,Lucknow,"Kukrail Picnic Spot-1, Lucknow - UPPCB",16-09-2026 14:00:00,26.90723,80.98579,CO,13,14,14
India,Uttar Pradesh,Lucknow,"Kukrail Picnic Spot-1, Lucknow - UPPCB",16-09-2026 14:00:00,26.90723,80.98579,OZONE,10,10,10
India,Uttar Pradesh,Mathura,"Pali Dungra, Mathura - UPPCB",16-09-2026 14:00:00,27.410954,77.550619,PM2.5,20,20,20
India,Uttar Pradesh,Meerut,"Ganga Nagar, Meerut - UPPCB",16-09-2026 14:00:00,28.999264,77.7590354,OZONE,18,85,55
India,Uttar Pradesh,Modinagar,"SRM University, Modinagar - UPPCB",16-09-2026 14:00:00,28.798171,77.540243,PM10,35,74,58
India,West Bengal,Howrah,"Botanical Garden, Howrah - WBPCB",16-09-2026 14:00:00,22.554954,88.292568,OZONE,34,55,44
India,West Bengal,Kolkata,"Rabindra Bharati University, Kolkata - WBPCB",16-09-2026 14:00:00,22.627847,88.380669,CO,28,36,31
India,West Bengal,Kolkata,"Rabindra Bharati University, Kolkata - WBPCB",16-09-2026 14:00:00,22.627847,88.380669,OZONE,35,61,43
India,Bihar,Bhagalpur,"Mayaganj, Bhagalpur - BSPCB",16-09-2026 14:00:00,25.265194,87.012947,SO2,1,120,46
India,Bihar,Bhagalpur,"Mayaganj, Bhagalpur - BSPCB",16-09-2026 14:00:00,25.265194,87.012947,CO,13,63,41
India,Bihar,Bhagalpur,"DM Office_Kachari Chowk, Bhagalpur - BSPCB",16-09-2026 14:00:00,25.251013,86.989001,PM2.5,17,82,35
India,Bihar,Bihar Sharif,"D M Colony, Bihar Sharif - BSPCB",16-09-2026 14:00:00,25.204762,85.51496,NO2,9,10,9
India,Bihar,Bihar Sharif,"D M Colony, Bihar Sharif - BSPCB",16-09-2026 14:00:00,25.204762,85.51496,NH3,3,4,3
India,Bihar,Bihar Sharif,"D M Colony, Bihar Sharif - BSPCB",16-09-2026 14:00:00,25.204762,85.51496,SO2,12,13,13
India,Bihar,Bihar Sharif,"D M Colony, Bihar Sharif - BSPCB",16-09-2026 14:00:00,25.204762,85.51496,CO,11,11,11
India,Bihar,Gaya,"Kareemganj, Gaya - BSPCB",16-09-2026 14:00:00,24.792403,84.992416,PM10,2,308,112
India,Bihar,Gaya,"Kareemganj, Gaya - BSPCB",16-09-2026 14:00:00,24.792403,84.992416,SO2,41,46,43
India,Bihar,Gaya,"Collectorate, Gaya - BSPCB",16-09-2026 14:00:00,24.7955,84.9994,PM10,NA,NA,NA
India,Bihar,Gaya,"Collectorate, Gaya - BSPCB",16-09-2026 14:00:00,24.7955,84.9994,NO2,7,11,9
India,Bihar,Gaya,"SFTI Kusdihra, Gaya - BSPCB",16-09-2026 14:00:00,24.762518,84.982348,PM10,40,75,57
India,Bihar,Gaya,"SFTI Kusdihra, Gaya - BSPCB",16-09-2026 14:00:00,24.762518,84.982348,NH3,4,8,6
India,Bihar,Gaya,"SFTI Kusdihra, Gaya - BSPCB",16-09-2026 14:00:00,24.762518,84.982348,SO2,7,9,9
India,Bihar,Hajipur,"Industrial Area, Hajipur - BSPCB",16-09-2026 14:00:00,25.697189,85.2459,PM2.5,47,228,92
India,Bihar,Katihar,"Mirchaibari, Katihar - BSPCB",16-09-2026 14:00:00,25.560083,87.553265,PM2.5,20,50,34
India,Bihar,Katihar,"Mirchaibari, Katihar - BSPCB",16-09-2026 14:00:00,25.560083,87.553265,NH3,1,1,1
India,Bihar,Katihar,"Mirchaibari, Katihar - BSPCB",16-09-2026 14:00:00,25.560083,87.553265,SO2,15,22,18
India,Bihar,Kishanganj,"SDM Office_Khagra, Kishanganj - BSPCB",16-09-2026 14:00:00,26.0881305,87.93840336,NH3,3,3,3
India,Bihar,Motihari,"Gandak Colony, Motihari - BSPCB",16-09-2026 14:00:00,26.63086,84.90051,PM10,NA,NA,NA
India,Delhi,Delhi,"Cantonment Area, Delhi - DPCC",16-09-2026 14:00:00,28.594169,77.1251,NH3,1,4,2
India,Delhi,Delhi,"Cantonment Area, Delhi - DPCC",16-09-2026 14:00:00,28.594169,77.1251,OZONE,6,10,8
India,Delhi,Delhi,"Bawana, Delhi - DPCC",16-09-2026 14:00:00,28.7762,77.051074,CO,25,39,32
India,Delhi,Delhi,"Rohini, Delhi - DPCC",16-09-2026 14:00:00,28.732528,77.11992,PM2.5,12,170,86
India,Delhi,Delhi,"Rohini, Delhi - DPCC",16-09-2026 14:00:00,28.732528,77.11992,PM10,48,155,114
India,Delhi,Delhi,"Jahangirpuri, Delhi - DPCC",16-09-2026 14:00:00,28.73282,77.170633,PM10,64,160,117
India,Delhi,Delhi,"IHBAS, Dilshad Garden, Delhi - CPCB",16-09-2026 14:00:00,28.6811736,77.3025234,PM2.5,53,87,73
India,Delhi,Delhi,"IHBAS, Dilshad Garden, Delhi - CPCB",16-09-2026 14:00:00,28.6811736,77.3025234,NH3,4,5,5
India,Delhi,Delhi,"IHBAS, Dilshad Garden, Delhi - CPCB",16-09-2026 14:00:00,28.6811736,77.3025234,OZONE,7,26,15
India,Delhi,Delhi,"Sri Aurobindo Marg, Delhi - DPCC",16-09-2026 14:00:00,28.531346,77.190156,PM2.5,18,78,45
India,Delhi,Delhi,"Sri Aurobindo Marg, Delhi - DPCC",16-09-2026 14:00:00,28.531346,77.190156,PM10,48,145,82
India,Delhi,Delhi,"Sri Aurobindo Marg, Delhi - DPCC",16-09-2026 14:00:00,28.531346,77.190156,NO2,9,28,18
India,Delhi,Delhi,"Nehru Nagar, Delhi - DPCC",16-09-2026 14:00:00,28.56789,77.250515,CO,46,76,59
India,Delhi,Delhi,"Patparganj, Delhi - DPCC",16-09-2026 14:00:00,28.623763,77.287209,NO2,13,54,33
India,Delhi,Delhi,"Patparganj, Delhi - DPCC",16-09-2026 14:00:00,28.623763,77.287209,SO2,1,7,4
India,Delhi,Delhi,"Jawaharlal Nehru Stadium, Delhi - DPCC",16-09-2026 14:00:00,28.58028,77.233829,PM2.5,27,85,58
India,Delhi,Delhi,"Jawaharlal Nehru Stadium, Delhi - DPCC",16-09-2026 14:00:00,28.58028,77.233829,PM10,38,125,76
India,Chhattisgarh,Korba,"Urja Nagar, Korba - CECB",16-09-2026 14:00:00,22.348441,82.549611,CO,19,27,22
India,Chhattisgarh,Korba,"Rampur, Korba - CECB",16-09-2026 14:00:00,22.368195,82.746431,SO2,3,21,6
India,Chhattisgarh,Korba,"Rampur, Korba - CECB",16-09-2026 14:00:00,22.368195,82.746431,OZONE,5,48,24
India,Chhattisgarh,Kunjemura,"OP Jindal School, Kunjemura - CECB",16-09-2026 14:00:00,22.12665,83.483212,PM10,45,155,76
India,Chhattisgarh,Milupara,"Govt. Higher Secondary School, Milupara - CECB",16-09-2026 14:00:00,22.1910172,83.5197009,NO2,NA,NA,NA
India,Chhattisgarh,Milupara,"Govt. Higher Secondary School, Milupara - CECB",16-09-2026 14:00:00,22.1910172,83.5197009,OZONE,2,5,4
India,Chhattisgarh,Raipur,"Krishak Nagar, Raipur - CECB",16-09-2026 14:00:00,21.237755,81.705301,PM2.5,9,55,37
India,Chhattisgarh,Raipur,"Krishak Nagar, Raipur - CECB",16-09-2026 14:00:00,21.237755,81.705301,SO2,8,13,10
India,Chhattisgarh,Raipur,"AIIMS, Raipur - CECB",16-09-2026 14:00:00,21.258815,81.578979,PM10,NA,NA,NA
India,Chhattisgarh,Raipur,"Siltara Phase-II, Raipur - CECB",16-09-2026 14:00:00,21.371751,81.664929,CO,17,18,17
India,Chhattisgarh,Tumidih,"OP Jindal Industrial Park, Tumidih - CECB",16-09-2026 14:00:00,22.06631475,83.33820077,NH3,NA,NA,NA
India,Delhi,Delhi,"Wazirpur, Delhi - DPCC",16-09-2026 14:00:00,28.699793,77.165453,NH3,13,49,27
India,Delhi,Delhi,"Wazirpur, Delhi - DPCC",16-09-2026 14:00:00,28.699793,77.165453,CO,22,47,36
India,Delhi,Delhi,"Narela, Delhi - DPCC",16-09-2026 14:00:00,28.822836,77.101981,NO2,8,18,11
India,Assam,Guwahati,"IITG, Guwahati - PCBA",16-09-2026 14:00:00,26.2028636,91.70046436,NH3,1,1,1
India,Assam,Guwahati,"IITG, Guwahati - PCBA",16-09-2026 14:00:00,26.2028636,91.70046436,SO2,32,33,33
India,Assam,Nagaon,"Christianpatty, Nagaon - PCBA",16-09-2026 14:00:00,26.349082,92.68449,PM2.5,43,84,66
India,Assam,Nagaon,"Christianpatty, Nagaon - PCBA",16-09-2026 14:00:00,26.349082,92.68449,PM10,37,78,59
India,Assam,Nagaon,"Christianpatty, Nagaon - PCBA",16-09-2026 14:00:00,26.349082,92.68449,NO2,1,1,1
India,Assam,Nagaon,"Christianpatty, Nagaon - PCBA",16-09-2026 14:00:00,26.349082,92.68449,SO2,7,13,10
India,Assam,Nalbari,"Bata Chowk, Nalbari - PCBA",16-09-2026 14:00:00,26.446912,91.439057,PM10,16,80,40
India,Assam,Silchar,"Tarapur, Silchar - PCBA",16-09-2026 14:00:00,24.82827,92.79525,OZONE,5,7,6
India,Assam,Sivasagar,"Girls College, Sivasagar - PCBA",16-09-2026 14:00:00,26.987634,94.636574,SO2,8,9,9
India,Assam,Sivasagar,"Girls College, Sivasagar - PCBA",16-09-2026 14:00:00,26.987634,94.636574,OZONE,7,68,45
India,Bihar,Arrah,"New DM Office, Arrah - BSPCB",16-09-2026 14:00:00,25.5626095,84.663264,PM10,NA,NA,NA
India,Bihar,Arrah,"New DM Office, Arrah - BSPCB",16-09-2026 14:00:00,25.5626095,84.663264,NO2,5,8,7
India,Bihar,Arrah,"New DM Office, Arrah - BSPCB",16-09-2026 14:00:00,25.5626095,84.663264,CO,41,61,52
India,Bihar,Arrah,"New DM Office, Arrah - BSPCB",16-09-2026 14:00:00,25.5626095,84.663264,OZONE,7,15,10
India,Bihar,Begusarai,"Lohiyanagar, Begusarai - BSPCB",16-09-2026 14:00:00,25.42742023,86.13886079,SO2,9,19,15
India,Bihar,Begusarai,"Lohiyanagar, Begusarai - BSPCB",16-09-2026 14:00:00,25.42742023,86.13886079,OZONE,26,58,35
India,Andhra Pradesh,Rajamahendravaram,"Anand Kala Kshetram, Rajamahendravaram - APPCB",16-09-2026 14:00:00,16.9872867,81.7363176,PM10,35,86,54
India,Andhra Pradesh,Tirumala,"Toll Gate, Tirumala - APPCB",16-09-2026 14:00:00,13.67,79.35,SO2,1,10,6
India,Andhra Pradesh,Tirumala,"Toll Gate, Tirumala - APPCB",16-09-2026 14:00:00,13.67,79.35,CO,16,26,21
India,Andhra Pradesh,Tirupati,"Vaikuntapuram, Tirupati - APPCB",16-09-2026 14:00:00,13.615387,79.40923,CO,20,25,23
India,Andhra Pradesh,Vijayawada,"HB Colony, Vijayawada - APPCB",16-09-2026 14:00:00,16.536107,80.594233,OZONE,14,28,20
India,Andhra Pradesh,Vijayawada,"Rajiv Nagar, Vijayawada - APPCB",16-09-2026 14:00:00,16.554731,80.64911,PM2.5,47,70,55
India,Andhra Pradesh,Vijayawada,"Rajiv Nagar, Vijayawada - APPCB",16-09-2026 14:00:00,16.554731,80.64911,NO2,16,27,19
India,Andhra Pradesh,Vijayawada,"Rajiv Nagar, Vijayawada - APPCB",16-09-2026 14:00:00,16.554731,80.64911,NH3,3,5,4
India,Andhra Pradesh,Vijayawada,"Rajiv Gandhi Park, Vijayawada - APPCB",16-09-2026 14:00:00,16.509717,80.612222,PM10,52,78,65
India,Andhra Pradesh,Visakhapatnam,"GVM Corporation, Visakhapatnam - APPCB",16-09-2026 14:00:00,17.72,83.3,PM10,21,68,49
India,Andhra Pradesh,Visakhapatnam,"GVM Corporation, Visakhapatnam - APPCB",16-09-2026 14:00:00,17.72,83.3,OZONE,7,34,23
India,Assam,Byrnihat,"Central Academy for SFS, Byrnihat - PCBA",16-09-2026 14:00:00,26.071318,91.87488,NH3,4,5,4
India,Bihar,Rajgir,"Dangi Tola, Rajgir - BSPCB",16-09-2026 14:00:00,25.0328,85.41948,SO2,3,3,3
India,Bihar,Saharsa,"Police Line, Saharsa - BSPCB",16-09-2026 14:00:00,25.892357,86.590325,PM2.5,33,41,34
India,Bihar,Samastipur,"DM Office_Kasipur, Samastipur - BSPCB",16-09-2026 14:00:00,25.859655,85.77944,NH3,NA,NA,NA
India,Bihar,Sasaram,"Dada Peer, Sasaram - BSPCB",16-09-2026 14:00:00,24.952822,84.002396,NO2,NA,NA,NA
India,Chandigarh,Chandigarh,"Sector-25, Chandigarh - CPCC",16-09-2026 14:00:00,30.751462,76.762879,PM10,37,68,54
India,Chandigarh,Chandigarh,"Sector-25, Chandigarh - CPCC",16-09-2026 14:00:00,30.751462,76.762879,NO2,7,47,19
India,Chandigarh,Chandigarh,"Sector-25, Chandigarh - CPCC",16-09-2026 14:00:00,30.751462,76.762879,SO2,4,8,6
India,Chandigarh,Chandigarh,"Sector-25, Chandigarh - CPCC",16-09-2026 14:00:00,30.751462,76.762879,CO,16,25,21
India,Chandigarh,Chandigarh,"Sector-53, Chandigarh - CPCC",16-09-2026 14:00:00,30.719859,76.738637,PM10,NA,NA,NA
India,Chandigarh,Chandigarh,"Sector-53, Chandigarh - CPCC",16-09-2026 14:00:00,30.719859,76.738637,SO2,NA,NA,NA
India,Chandigarh,Chandigarh,"Sector-53, Chandigarh - CPCC",16-09-2026 14:00:00,30.719859,76.738637,OZONE,48,53,51
India,Chhattisgarh,Bhilai,"Hathkhoj, Bhilai - CECB",16-09-2026 14:00:00,21.224231,81.40835,CO,20,43,27
India,Chhattisgarh,Bhilai,"32Bungalows, Bhilai - CECB",16-09-2026 14:00:00,21.194815,81.31477,PM10,21,62,40
India,Chhattisgarh,Bhilai,"32Bungalows, Bhilai - CECB",16-09-2026 14:00:00,21.194815,81.31477,NH3,4,4,4
India,Bihar,Munger,"Town Hall, Munger - BSPCB",16-09-2026 14:00:00,25.376776,86.471523,PM10,2,143,58
India,Bihar,Muzaffarpur,"Buddha Colony, Muzaffarpur - BSPCB",16-09-2026 14:00:00,26.11442,85.39813,PM10,32,77,51
India,Bihar,Patna,"Samanpura, Patna - BSPCB",16-09-2026 14:00:00,25.596727,85.085624,CO,21,25,23
India,Bihar,Patna,"Muradpur, Patna - BSPCB",16-09-2026 14:00:00,25.619651,85.147382,NO2,3,4,3
India,Bihar,Patna,"DRM Office Danapur, Patna - BSPCB",16-09-2026 14:00:00,25.586562,85.043586,PM2.5,27,70,46
India,Bihar,Patna,"DRM Office Danapur, Patna - BSPCB",16-09-2026 14:00:00,25.586562,85.043586,PM10,31,66,41
India,Bihar,Patna,"DRM Office Danapur, Patna - BSPCB",16-09-2026 14:00:00,25.586562,85.043586,SO2,5,8,6
India,Bihar,Patna,"Govt. High School Shikarpur, Patna - BSPCB",16-09-2026 14:00:00,25.592539,85.227158,NH3,6,6,6
India,Bihar,Patna,"Rajbansi Nagar, Patna - BSPCB",16-09-2026 14:00:00,25.599486,85.113666,NH3,2,3,3
India,Bihar,Purnia,"Mariam Nagar, Purnia - BSPCB",16-09-2026 14:00:00,25.366336,87.117468,PM10,NA,NA,NA
India,Bihar,Purnia,"Mariam Nagar, Purnia - BSPCB",16-09-2026 14:00:00,25.366336,87.117468,NH3,4,4,4
India,Bihar,Purnia,"Mariam Nagar, Purnia - BSPCB",16-09-2026 14:00:00,25.366336,87.117468,SO2,15,17,16
India,Andhra Pradesh,Guntur,"Rajendra Nagar North, Guntur - APPCB",16-09-2026 14:00:00,16.316553,80.413302,NH3,4,10,6
India,Andhra Pradesh,Kadapa,"Yerramukkapalli, Kadapa - APPCB",16-09-2026 14:00:00,14.465052,78.824187,NO2,20,25,22
India,Andhra Pradesh,Kadapa,"Yerramukkapalli, Kadapa - APPCB",16-09-2026 14:00:00,14.465052,78.824187,NH3,2,6,3
India,Andhra Pradesh,Kurnool,"Sita Rama Nagar, Kurnool - APPCB",16-09-2026 14:00:00,15.83411,78.028546,NO2,23,44,30
India,Andhra Pradesh,Kurnool,"Sita Rama Nagar, Kurnool - APPCB",16-09-2026 14:00:00,15.83411,78.028546,NH3,5,6,5
India,Andhra Pradesh,Machilipatnam,"Srinivas Nagar Colony, Machilipatnam - APPCB",16-09-2026 14:00:00,16.186555,81.13219,PM10,50,65,54
India,Andhra Pradesh,Nellore,"Ambedkar Nagar, Nellore - APPCB ",16-09-2026 14:00:00,14.438164,79.966814,NO2,26,33,28
India,Andhra Pradesh,Anantapur,"Gulzarpet, Anantapur - APPCB",16-09-2026 14:00:00,14.675886,77.593027,PM10,47,77,59
India,Andhra Pradesh,Anantapur,"Gulzarpet, Anantapur - APPCB",16-09-2026 14:00:00,14.675886,77.593027,CO,24,30,27
India,Andhra Pradesh,Chittoor,"Gangineni Cheruvu, Chittoor - APPCB",16-09-2026 14:00:00,13.20488,79.097889,PM2.5,NA,NA,NA
India,Andhra Pradesh,Chittoor,"Gangineni Cheruvu, Chittoor - APPCB",16-09-2026 14:00:00,13.20488,79.097889,NO2,NA,NA,NA
India,Andhra Pradesh,Chittoor,"Gangineni Cheruvu, Chittoor - APPCB",16-09-2026 14:00:00,13.20488,79.097889,NH3,NA,NA,NA
India,Andhra Pradesh,Eluru,"District Court, Eluru - APPCB",16-09-2026 14:00:00,16.711754,81.092095,CO,7,35,19
India,Assam,Byrnihat,"Central Academy for SFS, Byrnihat - PCBA",16-09-2026 14:00:00,26.071318,91.87488,CO,38,68,59
India,Assam,Guwahati,"LGBI Airport, Guwahati - PCBA",16-09-2026 14:00:00,26.10887,91.589544,SO2,0,12,11
India,Assam,Guwahati,"Pan Bazaar, Guwahati - PCBA",16-09-2026 14:00:00,26.1875,91.744194,PM10,0,3,1
India,Assam,Guwahati,"Railway Colony, Guwahati - PCBA",16-09-2026 14:00:00,26.181742,91.78063,OZONE,9,21,15
India,Jharkhand,Jorapokhar,"Tata Stadium, Jorapokhar - JSPCB",16-09-2026 14:00:00,23.707909,86.41467,PM10,57,500,113
India,Jharkhand,Jorapokhar,"Tata Stadium, Jorapokhar - JSPCB",16-09-2026 14:00:00,23.707909,86.41467,NH3,3,3,3
India,Karnataka,Bengaluru,"Hombegowda Nagar, Bengaluru - KSPCB",16-09-2026 14:00:00,12.938539,77.5901,NO2,4,68,23
India,Karnataka,Bengaluru,"Hebbal, Bengaluru - KSPCB",16-09-2026 14:00:00,13.029152,77.585901,PM2.5,3,55,27
India,Karnataka,Bengaluru,"Peenya, Bengaluru - CPCB",16-09-2026 14:00:00,13.0270199,77.494094,PM10,NA,NA,NA
India,Karnataka,Bengaluru,"Peenya, Bengaluru - CPCB",16-09-2026 14:00:00,13.0270199,77.494094,CO,32,55,40
India,Karnataka,Bengaluru,"Shivapura_Peenya, Bengaluru - KSPCB",16-09-2026 14:00:00,13.0246342,77.5080115,NH3,3,3,3
India,Karnataka,Bengaluru,"Jayanagar 5th Block, Bengaluru - KSPCB",16-09-2026 14:00:00,12.920984,77.584908,NH3,NA,NA,NA
India,Karnataka,Bengaluru,"Jayanagar 5th Block, Bengaluru - KSPCB",16-09-2026 14:00:00,12.920984,77.584908,OZONE,53,65,60
India,Karnataka,Bengaluru,"Bapuji Nagar, Bengaluru - KSPCB",16-09-2026 14:00:00,12.951913,77.539784,PM2.5,2,54,22
India,Karnataka,Bengaluru,"Bapuji Nagar, Bengaluru - KSPCB",16-09-2026 14:00:00,12.951913,77.539784,NH3,4,4,4
India,Karnataka,Bengaluru,"Silk Board, Bengaluru - KSPCB",16-09-2026 14:00:00,12.917348,77.622813,PM2.5,8,257,73
India,Karnataka,Bengaluru,"Silk Board, Bengaluru - KSPCB",16-09-2026 14:00:00,12.917348,77.622813,PM10,11,217,84
India,Karnataka,Chamarajanagar,"Urban, Chamarajanagar - KSPCB",16-09-2026 14:00:00,11.55358,76.55521,NH3,1,3,2
India,Karnataka,Chamarajanagar,"Urban, Chamarajanagar - KSPCB",16-09-2026 14:00:00,11.55358,76.55521,SO2,2,7,4
India,Karnataka,Chikkamagaluru,"Kalyana Nagara, Chikkamagaluru - KSPCB",16-09-2026 14:00:00,13.328028,75.797056,PM2.5,40,41,40
India,Karnataka,Chikkamagaluru,"Kalyana Nagara, Chikkamagaluru - KSPCB",16-09-2026 14:00:00,13.328028,75.797056,NO2,27,28,28
India,Haryana,Manesar,"Sector-2 IMT, Manesar - HSPCB",16-09-2026 14:00:00,28.360699,76.93609,CO,5,24,15
India,Haryana,Narnaul,"Shastri Nagar, Narnaul - HSPCB",16-09-2026 14:00:00,28.060249,76.113115,SO2,5,18,10
India,Haryana,Palwal,"Shyam Nagar, Palwal - HSPCB",16-09-2026 14:00:00,28.1485564,77.3320667,CO,44,191,116
India,Haryana,Panchgaon,"Amity University, Panchgaon - IITM",16-09-2026 14:00:00,28.3153,76.9143,PM2.5,0,15,3
India,Haryana,Panchgaon,"Amity University, Panchgaon - IITM",16-09-2026 14:00:00,28.3153,76.9143,PM10,5,58,14
India,Haryana,Panchkula,"Sector-6, Panchkula - HSPCB ",16-09-2026 14:00:00,30.7057778,76.8531805555555,OZONE,35,42,39
India,Haryana,Panipat,"Sector-18, Panipat - HSPCB",16-09-2026 14:00:00,29.432304,76.972765,OZONE,41,43,42
India,Haryana,Rohtak,"MD University, Rohtak - HSPCB",16-09-2026 14:00:00,28.52123,76.37138,PM10,77,106,98
India,Haryana,Rohtak,"MD University, Rohtak - HSPCB",16-09-2026 14:00:00,28.52123,76.37138,SO2,9,12,11
India,Haryana,Sirsa,"F-Block, Sirsa - HSPCB",16-09-2026 14:00:00,29.5364,75.0158,PM10,65,102,84
India,Haryana,Sonipat,"Murthal, Sonipat - HSPCB",16-09-2026 14:00:00,29.0272,77.0621,PM2.5,51,133,76
India,Haryana,Yamuna Nagar,"Gobind Pura, Yamuna Nagar - HSPCB",16-09-2026 14:00:00,30.1480566,77.2893471,NO2,11,21,16
India,Haryana,Yamuna Nagar,"Gobind Pura, Yamuna Nagar - HSPCB",16-09-2026 14:00:00,30.1480566,77.2893471,OZONE,8,64,56
India,Jharkhand,Dhanbad,"Sardar Patel Nagar, Dhanbad - JSPCB",16-09-2026 14:00:00,23.80569,86.44268,PM2.5,NA,NA,NA
India,Haryana,Dharuhera,"Municipal Corporation Office, Dharuhera -  HSPCB",16-09-2026 14:00:00,28.2068,76.7997,CO,31,44,37
India,Haryana,Faridabad,"Sector 11, Faridabad - HSPCB",16-09-2026 14:00:00,28.376058,77.315741,PM10,52,200,109
India,Haryana,Faridabad,"Sector 11, Faridabad - HSPCB",16-09-2026 14:00:00,28.376058,77.315741,SO2,4,11,7
India,Haryana,Faridabad,"Sector 11, Faridabad - HSPCB",16-09-2026 14:00:00,28.376058,77.315741,CO,42,68,58
India,Haryana,Faridabad,"New Industrial Town, Faridabad - HSPCB",16-09-2026 14:00:00,28.39072,77.30059,NO2,NA,NA,NA
India,Haryana,Faridabad,"New Industrial Town, Faridabad - HSPCB",16-09-2026 14:00:00,28.39072,77.30059,NH3,NA,NA,NA
India,Haryana,Fatehabad,"Huda Sector, Fatehabad - HSPCB",16-09-2026 14:00:00,29.503664,75.467934,NO2,18,20,19
India,Haryana,Fatehabad,"Huda Sector, Fatehabad - HSPCB",16-09-2026 14:00:00,29.503664,75.467934,CO,46,65,53
India,Haryana,Gurugram,"NISE Gwal Pahari, Gurugram - IITM",16-09-2026 14:00:00,28.422681,77.148944,PM10,35,176,80
India,Haryana,Gurugram,"NISE Gwal Pahari, Gurugram - IITM",16-09-2026 14:00:00,28.422681,77.148944,NH3,NA,NA,NA
India,Haryana,Gurugram,"Sector-51, Gurugram - HSPCB",16-09-2026 14:00:00,28.4227,77.0667,NH3,7,17,10
India,Haryana,Gurugram,"Vikas Sadan, Gurugram - HSPCB",16-09-2026 14:00:00,28.4501238,77.0263051,SO2,8,43,29
India,Haryana,Gurugram,"Vikas Sadan, Gurugram - HSPCB",16-09-2026 14:00:00,28.4501238,77.0263051,CO,13,48,30
India,Haryana,Gurugram,"Teri Gram, Gurugram - HSPCB",16-09-2026 14:00:00,28.4275,77.1465,SO2,4,24,15
India,Haryana,Gurugram,"Teri Gram, Gurugram - HSPCB",16-09-2026 14:00:00,28.4275,77.1465,CO,17,23,20
India,Haryana,Gurugram,"Teri Gram, Gurugram - HSPCB",16-09-2026 14:00:00,28.4275,77.1465,OZONE,13,61,28
India,Haryana,Hisar,"Urban Estate-II, Hisar - HSPCB",16-09-2026 14:00:00,29.14056,75.744941,PM10,51,104,72
India,Delhi,Delhi,"Najafgarh, Delhi - DPCC",16-09-2026 14:00:00,28.570173,76.933762,NO2,11,37,22
India,Delhi,Delhi,"Najafgarh, Delhi - DPCC",16-09-2026 14:00:00,28.570173,76.933762,OZONE,11,11,11
India,Delhi,Delhi,"Mundka, Delhi - DPCC",16-09-2026 14:00:00,28.684678,77.076574,SO2,0,22,10
India,Delhi,Delhi,"NSUT Jaffarpur, Delhi - DPCC",16-09-2026 14:00:00,28.594004,76.909423,PM10,34,140,84
India,Delhi,Delhi,"Ashok Vihar, Delhi - DPCC",16-09-2026 14:00:00,28.695381,77.181665,SO2,37,40,39
India,Delhi,Delhi,"Ashok Vihar, Delhi - DPCC",16-09-2026 14:00:00,28.695381,77.181665,OZONE,4,11,8
India,Delhi,Delhi,"Anand Vihar, Delhi - DPCC",16-09-2026 14:00:00,28.647622,77.315809,PM10,NA,NA,NA
India,Delhi,Delhi,"Anand Vihar, Delhi - DPCC",16-09-2026 14:00:00,28.647622,77.315809,CO,NA,NA,NA
India,Delhi,Delhi,"Punjabi Bagh, Delhi - DPCC",16-09-2026 14:00:00,28.674045,77.131023,NO2,20,57,38
India,Delhi,Delhi,"DTU, Delhi - CPCB",16-09-2026 14:00:00,28.7500499,77.1112615,CO,12,23,19
India,Delhi,Delhi,"DTU, Delhi - CPCB",16-09-2026 14:00:00,28.7500499,77.1112615,OZONE,9,37,18
India,Delhi,Delhi,"Dwarka-Sector 8, Delhi - DPCC ",16-09-2026 14:00:00,28.5710274,77.0719006,PM2.5,13,87,40
India,Delhi,Delhi,"Dr. Karni Singh Shooting Range, Delhi - DPCC",16-09-2026 14:00:00,28.498571,77.26484,PM2.5,20,107,49
India,Delhi,Delhi,"Dr. Karni Singh Shooting Range, Delhi - DPCC",16-09-2026 14:00:00,28.498571,77.26484,NO2,4,43,18
India,Delhi,Delhi,"Dr. Karni Singh Shooting Range, Delhi - DPCC",16-09-2026 14:00:00,28.498571,77.26484,OZONE,5,39,23
India,Delhi,Delhi,"Shadipur, Delhi - CPCB",16-09-2026 14:00:00,28.6514781,77.1473105,NO2,55,77,67
India,Delhi,Delhi,"Mandir Marg, Delhi - DPCC",16-09-2026 14:00:00,28.636429,77.201067,CO,71,86,79
India,Gujarat,Vadodara,"Bapunagar, Vadodara - Nexteng Enviro",16-09-2026 14:00:00,22.320153,73.216285,PM10,31,75,53
India,Gujarat,Vadodara,"Bapunagar, Vadodara - Nexteng Enviro",16-09-2026 14:00:00,22.320153,73.216285,NH3,2,2,2
India,Gujarat,Vadodara,"Bapunagar, Vadodara - Nexteng Enviro",16-09-2026 14:00:00,22.320153,73.216285,SO2,8,9,8
India,Gujarat,Vapi,"Phase-1 GIDC, Vapi - GPCB",16-09-2026 14:00:00,20.362421,72.918013,NO2,NA,NA,NA
India,Gujarat,Vatva,"Phase-4 GIDC, Vatva - GPCB",16-09-2026 14:00:00,22.969611,72.6435,PM10,41,79,63
India,Haryana,Ambala,"Patti Mehar, Ambala - HSPCB",16-09-2026 14:00:00,30.379589,76.778328,PM2.5,49,133,80
India,Haryana,Ambala,"Patti Mehar, Ambala - HSPCB",16-09-2026 14:00:00,30.379589,76.778328,NH3,6,7,6
India,Haryana,Ambala,"Patti Mehar, Ambala - HSPCB",16-09-2026 14:00:00,30.379589,76.778328,CO,28,49,38
India,Haryana,Ballabgarh,"Nathu Colony, Ballabgarh - HSPCB",16-09-2026 14:00:00,28.3419248,77.319699,PM2.5,25,47,33
India,Haryana,Ballabgarh,"Nathu Colony, Ballabgarh - HSPCB",16-09-2026 14:00:00,28.3419248,77.319699,CO,14,27,20
India,Haryana,Ballabgarh,"Nathu Colony, Ballabgarh - HSPCB",16-09-2026 14:00:00,28.3419248,77.319699,OZONE,5,37,21
India,Haryana,Bhiwani,"H.B. Colony, Bhiwani - HSPCB",16-09-2026 14:00:00,28.806223,76.141105,OZONE,18,167,39
India,Haryana,Charkhi Dadri,"Mini Secretariat, Charkhi Dadri - HSPCB",16-09-2026 14:00:00,28.593883,76.270653,PM10,36,116,70
India,Haryana,Dharuhera,"Municipal Corporation Office, Dharuhera -  HSPCB",16-09-2026 14:00:00,28.2068,76.7997,PM10,59,104,73
India,Delhi,Delhi,"Pusa, Delhi - DPCC",16-09-2026 14:00:00,28.639652,77.146275,SO2,7,24,15
India,Delhi,Delhi,"Sirifort, Delhi - CPCB",16-09-2026 14:00:00,28.5504249,77.2159377,PM2.5,46,138,78
India,Delhi,Delhi,"Chandni Chowk, Delhi - IITM",16-09-2026 14:00:00,28.656756,77.227234,OZONE,4,40,18
India,Delhi,Delhi,"Pusa, Delhi - IITM",16-09-2026 14:00:00,28.63611,77.173332,NH3,NA,NA,NA
India,Delhi,Delhi,"IIT Delhi, Delhi - IITM",16-09-2026 14:00:00,28.54246,77.191651,PM10,68,189,122
India,Delhi,Delhi,"IIT Delhi, Delhi - IITM",16-09-2026 14:00:00,28.54246,77.191651,NH3,NA,NA,NA
India,Delhi,Delhi,"IIT Delhi, Delhi - IITM",16-09-2026 14:00:00,28.54246,77.191651,CO,20,33,26
India,Delhi,Delhi,"Commonwealth Sports Complex, Delhi - DPCC",16-09-2026 14:00:00,28.615828,77.271992,PM10,41,108,72
India,Delhi,Delhi,"Commonwealth Sports Complex, Delhi - DPCC",16-09-2026 14:00:00,28.615828,77.271992,NO2,7,38,23
India,Delhi,Delhi,"Talkatora Garden, Delhi - DPCC",16-09-2026 14:00:00,28.62181,77.1944633,OZONE,5,46,25
India,Delhi,Delhi,"NSIT Dwarka, Delhi - CPCB",16-09-2026 14:00:00,28.60909,77.0325413,NO2,23,73,38
India,Delhi,Delhi,"CRRI Mathura Road, Delhi - IITM",16-09-2026 14:00:00,28.5512005,77.2735737,CO,57,103,75
India,Delhi,Delhi,"Burari Crossing, Delhi - IITM",16-09-2026 14:00:00,28.7256504,77.2011573,PM10,51,132,90
India,Delhi,Delhi,"JNU, Delhi - DPCC",16-09-2026 14:00:00,28.540721,77.168544,NH3,0,3,1
India,Delhi,Delhi,"JNU, Delhi - DPCC",16-09-2026 14:00:00,28.540721,77.168544,SO2,3,5,4
India,Delhi,Delhi,"ITO, Delhi - CPCB",16-09-2026 14:00:00,28.628624,77.24106,SO2,12,43,25
India,Delhi,Delhi,"ITO, Delhi - CPCB",16-09-2026 14:00:00,28.628624,77.24106,CO,42,53,46
India,Delhi,Delhi,"R K Puram, Delhi - DPCC",16-09-2026 14:00:00,28.563262,77.186937,PM2.5,13,233,55
India,Delhi,Delhi,"North Campus, DU, Delhi - IITM",16-09-2026 14:00:00,28.6573814,77.1585447,NO2,65,223,122
India,Gujarat,Ahmedabad,"Chandkheda, Ahmedabad - IITM",16-09-2026 14:00:00,23.107969,72.574648,NO2,8,30,16
India,Gujarat,Ahmedabad,"Chandkheda, Ahmedabad - IITM",16-09-2026 14:00:00,23.107969,72.574648,SO2,8,12,10
India,Gujarat,Ahmedabad,"SAC ISRO Bopal, Ahmedabad - IITM",16-09-2026 14:00:00,23.041137,72.456691,SO2,0,3,2
India,Gujarat,Ahmedabad,"Maninagar, Ahmedabad - GPCB",16-09-2026 14:00:00,23.002657,72.591912,SO2,21,32,28
India,Gujarat,Ahmedabad,"Maninagar, Ahmedabad - GPCB",16-09-2026 14:00:00,23.002657,72.591912,CO,53,58,55
India,Gujarat,Ahmedabad,"Maninagar, Ahmedabad - GPCB",16-09-2026 14:00:00,23.002657,72.591912,OZONE,17,50,32
India,Gujarat,Ahmedabad,"Raikhad, Ahmedabad - IITM",16-09-2026 14:00:00,23.020509,72.579261,SO2,5,13,8
India,Gujarat,Ahmedabad,"Raikhad, Ahmedabad - IITM",16-09-2026 14:00:00,23.020509,72.579261,OZONE,5,10,7
India,Gujarat,Ahmedabad,"Gyaspur, Ahmedabad - IITM",16-09-2026 14:00:00,22.977134,72.553024,PM10,49,120,79
India,Gujarat,Ankleshwar,"GIDC, Ankleshwar - GPCB",16-09-2026 14:00:00,21.613267,73.010555,NO2,25,30,30
India,Gujarat,Bhavnagar,"Vidhyanagar, Bhavnagar - Nexteng Enviro",16-09-2026 14:00:00,21.755417,72.139056,SO2,7,8,8
India,Gujarat,Bhavnagar,"Vidhyanagar, Bhavnagar - Nexteng Enviro",16-09-2026 14:00:00,21.755417,72.139056,OZONE,27,42,35
India,Gujarat,Gandhinagar,"Sector-10, Gandhinagar - GPCB",16-09-2026 14:00:00,23.221714,72.654328,PM10,24,63,35
India,Gujarat,Gandhinagar,"Sector-10, Gandhinagar - GPCB",16-09-2026 14:00:00,23.221714,72.654328,OZONE,4,13,7
India,Gujarat,Gandhinagar,"IIPHG Lekawada, Gandhinagar - IITM",16-09-2026 14:00:00,23.243639,72.68994,PM10,20,43,29
India,Gujarat,Mehsana,"Sadanand Nagar, Mehsana - Nexteng Enviro",16-09-2026 14:00:00,23.59315,72.372792,PM2.5,9,74,37
India,Gujarat,Mehsana,"Sadanand Nagar, Mehsana - Nexteng Enviro",16-09-2026 14:00:00,23.59315,72.372792,NH3,1,1,1
India,Gujarat,Nandesari,"GIDC, Nandesari - Nandesari Ind. Association",16-09-2026 14:00:00,22.410802,73.097923,PM2.5,39,75,53
India,Gujarat,Rajkot,"Mavdi, Rajkot - Nexteng Enviro ",16-09-2026 14:00:00,22.248853,70.776774,NO2,4,17,9
India,Haryana,Jind,"Police Lines, Jind - HSPCB",16-09-2026 14:00:00,29.307814,76.337619,PM10,72,102,87
India,Haryana,Jind,"Police Lines, Jind - HSPCB",16-09-2026 14:00:00,29.307814,76.337619,NO2,11,13,13
India,Haryana,Jind,"Police Lines, Jind - HSPCB",16-09-2026 14:00:00,29.307814,76.337619,SO2,27,29,28
India,Haryana,Kaithal,"Rishi Nagar, Kaithal - HSPCB",16-09-2026 14:00:00,29.8006,76.4155,OZONE,16,35,28
India,Haryana,Karnal,"Sector-12, Karnal - HSPCB",16-09-2026 14:00:00,29.6953,77.0027,PM10,36,87,52
India,Haryana,Karnal,"Sector-12, Karnal - HSPCB",16-09-2026 14:00:00,29.6953,77.0027,NH3,6,12,8
India,Haryana,Kurukshetra,"Sector-7, Kurukshetra - HSPCB",16-09-2026 14:00:00,29.966942,76.875879,PM10,57,86,73
India,Haryana,Kurukshetra,"Sector-7, Kurukshetra - HSPCB",16-09-2026 14:00:00,29.966942,76.875879,CO,14,25,18
India,Haryana,Kurukshetra,"Sector-7, Kurukshetra - HSPCB",16-09-2026 14:00:00,29.966942,76.875879,OZONE,4,24,16
India,Haryana,Manesar,"Sector-2 IMT, Manesar - HSPCB",16-09-2026 14:00:00,28.360699,76.93609,PM2.5,45,144,91
India,Haryana,Manesar,"Sector-2 IMT, Manesar - HSPCB",16-09-2026 14:00:00,28.360699,76.93609,PM10,41,108,80
India,Maharashtra,Beed,"Bir, Beed - MPCB",16-09-2026 14:00:00,18.988474,75.753873,OZONE,3,30,16
India,Maharashtra,Belapur,"CBD Belapur, Belapur - MPCB",16-09-2026 14:00:00,19.0243902,73.0406721,OZONE,9,13,11
India,Maharashtra,Bhiwandi,"Gokul Nagar, Bhiwandi - MPCB",16-09-2026 14:00:00,19.309073,73.057223,NO2,7,8,7
India,Maharashtra,Chandrapur,"Chauhan Colony, Chandrapur - MPCB",16-09-2026 14:00:00,19.9629,79.298714,PM10,42,127,76
India,Maharashtra,Chandrapur,"Chauhan Colony, Chandrapur - MPCB",16-09-2026 14:00:00,19.9629,79.298714,NH3,1,2,2
India,Maharashtra,Chandrapur,"Chauhan Colony, Chandrapur - MPCB",16-09-2026 14:00:00,19.9629,79.298714,OZONE,10,17,13
India,Maharashtra,Chandrapur,"MIDC Khutala, Chandrapur - MPCB",16-09-2026 14:00:00,19.9775302,79.2337086,PM10,37,156,102
India,Maharashtra,Chandrapur,"MIDC Khutala, Chandrapur - MPCB",16-09-2026 14:00:00,19.9775302,79.2337086,OZONE,1,53,29
India,Maharashtra,Dombivli,"Kalu Nagar, Dombivli - MPCB",16-09-2026 14:00:00,19.2268427,73.0788456,NO2,5,22,15
India,Maharashtra,Hingoli,"Ashta Vinayak Nagar, Hingoli - MPCB",16-09-2026 14:00:00,19.710842,77.151824,PM10,30,117,61
India,Maharashtra,Hingoli,"Ashta Vinayak Nagar, Hingoli - MPCB",16-09-2026 14:00:00,19.710842,77.151824,OZONE,1,50,36
India,Maharashtra,Jalgaon,"Prabhat Colony, Jalgaon - MPCB",16-09-2026 14:00:00,21.001264,75.565602,NO2,4,57,13
India,Maharashtra,Jalgaon,"Prabhat Colony, Jalgaon - MPCB",16-09-2026 14:00:00,21.001264,75.565602,CO,17,34,25
India,Maharashtra,Jalna,"Old MIDC, Jalna - MPCB",16-09-2026 14:00:00,19.854616,75.905894,CO,9,18,13
India,Maharashtra,Kalyan,"Pimpleshwar Mandir, Kalyan - MPCB",16-09-2026 14:00:00,19.192056,72.9585188,NO2,10,20,14
India,Maharashtra,Kolhapur,"Shivaji University, Kolhapur - MPCB",16-09-2026 14:00:00,16.6870449,74.2505872,PM2.5,12,27,19
India,Maharashtra,Kolhapur,"Shivaji University, Kolhapur - MPCB",16-09-2026 14:00:00,16.6870449,74.2505872,PM10,11,36,23
India,Maharashtra,Kolhapur,"Shivaji University, Kolhapur - MPCB",16-09-2026 14:00:00,16.6870449,74.2505872,NO2,4,16,10
India,Maharashtra,Kolhapur,"Shivaji University, Kolhapur - MPCB",16-09-2026 14:00:00,16.6870449,74.2505872,NH3,3,4,3
India,Madhya Pradesh,Indore,"Residency Area, Indore - IMC",16-09-2026 14:00:00,22.7084,75.8815,OZONE,5,7,6
India,Madhya Pradesh,Jabalpur,"Marhatal, Jabalpur - MPPCB",16-09-2026 14:00:00,23.168606,79.932247,NO2,71,78,75
India,Madhya Pradesh,Jabalpur,"Govindh Bhavan Colony, Jabalpur - JMC",16-09-2026 14:00:00,23.163174,79.973061,SO2,3,21,8
India,Madhya Pradesh,Jabalpur,"Suhagi, Jabalpur - JMC",16-09-2026 14:00:00,23.218135,79.95777,OZONE,3,34,22
India,Madhya Pradesh,Katni,"Gole Bazar, Katni - MPPCB",16-09-2026 14:00:00,23.50016,80.23284,NO2,10,15,13
India,Madhya Pradesh,Maihar,"Sahilara, Maihar - KJS Cements",16-09-2026 14:00:00,24.2613009,80.7231783,NH3,NA,NA,NA
India,Madhya Pradesh,Maihar,"Sahilara, Maihar - KJS Cements",16-09-2026 14:00:00,24.2613009,80.7231783,CO,24,27,26
India,Madhya Pradesh,Mandideep,"Sector-D Industrial Area, Mandideep - MPPCB",16-09-2026 14:00:00,23.10844,77.511428,PM10,25,172,61
India,Madhya Pradesh,Pithampur,"Sector-2 Industrial Area, Pithampur - MPPCB",16-09-2026 14:00:00,22.624758,75.675238,PM10,34,139,89
India,Madhya Pradesh,Pithampur,"Sector-2 Industrial Area, Pithampur - MPPCB",16-09-2026 14:00:00,22.624758,75.675238,NO2,7,51,24
India,Madhya Pradesh,Pithampur,"Sector-2 Industrial Area, Pithampur - MPPCB",16-09-2026 14:00:00,22.624758,75.675238,CO,17,69,36
India,Madhya Pradesh,Ratlam,"Shasthri Nagar, Ratlam - IPCA Lab",16-09-2026 14:00:00,23.331731,75.045981,PM10,5,40,24
India,Madhya Pradesh,Sagar,"Civil Lines, Sagar - MPPCB",16-09-2026 14:00:00,23.838586,78.759431,PM2.5,9,78,26
India,Madhya Pradesh,Sagar,"Civil Lines, Sagar - MPPCB",16-09-2026 14:00:00,23.838586,78.759431,NO2,5,33,11
India,Madhya Pradesh,Sagar,"Civil Lines, Sagar - MPPCB",16-09-2026 14:00:00,23.838586,78.759431,NH3,2,2,2
India,Madhya Pradesh,Satna,"Bandhavgar Colony, Satna - Birla Cement",16-09-2026 14:00:00,24.58434363,80.8549414,CO,16,22,19
India,Madhya Pradesh,Satna,"Bandhavgar Colony, Satna - Birla Cement",16-09-2026 14:00:00,24.58434363,80.8549414,OZONE,15,60,25
India,Maharashtra,Latur,"Sawe Wadi, Latur - MPCB",16-09-2026 14:00:00,18.39963,76.57452,PM10,19,68,34
India,Maharashtra,Latur,"Sawe Wadi, Latur - MPCB",16-09-2026 14:00:00,18.39963,76.57452,NO2,5,53,17
India,Maharashtra,Latur,"Sawe Wadi, Latur - MPCB",16-09-2026 14:00:00,18.39963,76.57452,NH3,2,16,5
India,Maharashtra,Mahad,"Kamble Tarf Birwadi, Mahad - MPCB",16-09-2026 14:00:00,18.1023399,73.4783687,OZONE,16,24,17
India,Maharashtra,Malegaon,"Mahesh Nagar, Malegaon - MPCB",16-09-2026 14:00:00,20.555712,74.529236,NO2,15,19,17
India,Maharashtra,Mira-Bhayandar,"Bhayandar West, Mira-Bhayandar - MPCB",16-09-2026 14:00:00,19.296481,72.840923,OZONE,13,15,14
India,Maharashtra,Mumbai,"Sion, Mumbai - MPCB",16-09-2026 14:00:00,19.047,72.8746,SO2,5,5,5
India,Maharashtra,Mumbai,"Chhatrapati Shivaji Intl. Airport (T2), Mumbai - MPCB",16-09-2026 14:00:00,19.10078,72.87462,PM10,5,42,21
India,Maharashtra,Mumbai,"Chhatrapati Shivaji Intl. Airport (T2), Mumbai - MPCB",16-09-2026 14:00:00,19.10078,72.87462,NH3,1,1,1
India,Maharashtra,Mumbai,"Chhatrapati Shivaji Intl. Airport (T2), Mumbai - MPCB",16-09-2026 14:00:00,19.10078,72.87462,SO2,7,8,8
India,Maharashtra,Mumbai,"Chhatrapati Shivaji Intl. Airport (T2), Mumbai - MPCB",16-09-2026 14:00:00,19.10078,72.87462,CO,NA,NA,NA
India,Maharashtra,Mumbai,"Mulund West, Mumbai - MPCB",16-09-2026 14:00:00,19.175,72.9419,PM2.5,14,38,23
India,Maharashtra,Mumbai,"Mulund West, Mumbai - MPCB",16-09-2026 14:00:00,19.175,72.9419,NO2,13,13,13
India,Maharashtra,Mumbai,"Bandra Kurla Complex, Mumbai - MPCB",16-09-2026 14:00:00,19.065931,72.862131,PM10,28,76,43
India,Maharashtra,Mumbai,"Bandra Kurla Complex, Mumbai - MPCB",16-09-2026 14:00:00,19.065931,72.862131,NO2,7,33,23
India,Maharashtra,Mumbai,"Bandra Kurla Complex, Mumbai - MPCB",16-09-2026 14:00:00,19.065931,72.862131,NH3,NA,NA,NA
India,Maharashtra,Mumbai,"Bandra Kurla Complex, Mumbai - MPCB",16-09-2026 14:00:00,19.065931,72.862131,OZONE,13,34,19
India,Maharashtra,Mumbai,"Shivaji Nagar, Mumbai - BMC",16-09-2026 14:00:00,19.060498,72.923356,NO2,9,19,13
India,Maharashtra,Mumbai,"Shivaji Nagar, Mumbai - BMC",16-09-2026 14:00:00,19.060498,72.923356,NH3,4,14,8
India,Maharashtra,Mumbai,"Khindipada-Bhandup West, Mumbai - IITM",16-09-2026 14:00:00,19.1653323,72.922099,NH3,2,2,2
India,Maharashtra,Mumbai,"Kandivali West, Mumbai - BMC",16-09-2026 14:00:00,19.215859,72.831718,PM2.5,21,38,26
India,Maharashtra,Mumbai,"Kandivali West, Mumbai - BMC",16-09-2026 14:00:00,19.215859,72.831718,CO,7,34,19
India,Maharashtra,Mumbai,"Kandivali West, Mumbai - BMC",16-09-2026 14:00:00,19.215859,72.831718,OZONE,9,21,14
India,Maharashtra,Mumbai,"Chakala-Andheri East, Mumbai - IITM",16-09-2026 14:00:00,19.11074,72.86084,NO2,9,14,12
India,Maharashtra,Mumbai,"Chakala-Andheri East, Mumbai - IITM",16-09-2026 14:00:00,19.11074,72.86084,CO,22,50,33
India,Maharashtra,Mumbai,"Chakala-Andheri East, Mumbai - IITM",16-09-2026 14:00:00,19.11074,72.86084,OZONE,4,12,7
India,Maharashtra,Mumbai,"Kurla, Mumbai - MPCB",16-09-2026 14:00:00,19.0863,72.8888,PM2.5,7,54,19
India,Maharashtra,Mumbai,"Bandra Kurla Complex, Mumbai - IITM",16-09-2026 14:00:00,19.053536,72.84643,NO2,NA,NA,NA
India,Maharashtra,Mumbai,"Bandra Kurla Complex, Mumbai - IITM",16-09-2026 14:00:00,19.053536,72.84643,NH3,NA,NA,NA
India,Maharashtra,Mumbai,"Bandra Kurla Complex, Mumbai - IITM",16-09-2026 14:00:00,19.053536,72.84643,SO2,NA,NA,NA
India,Maharashtra,Mumbai,"Bandra Kurla Complex, Mumbai - IITM",16-09-2026 14:00:00,19.053536,72.84643,CO,17,19,18
India,Maharashtra,Mumbai,"Byculla, Mumbai - BMC",16-09-2026 14:00:00,18.9767,72.838,NO2,15,34,25
India,Maharashtra,Mumbai,"Borivali East, Mumbai - IITM",16-09-2026 14:00:00,19.23241,72.86895,CO,28,47,35
India,Maharashtra,Mumbai,"Siddharth Nagar-Worli, Mumbai - IITM",16-09-2026 14:00:00,19.000083,72.813993,NO2,18,60,35
India,Maharashtra,Mumbai,"Siddharth Nagar-Worli, Mumbai - IITM",16-09-2026 14:00:00,19.000083,72.813993,NH3,0,1,1
India,Maharashtra,Mumbai,"Worli, Mumbai - MPCB",16-09-2026 14:00:00,18.9936162,72.8128113,PM2.5,4,45,16
India,Maharashtra,Mumbai,"Worli, Mumbai - MPCB",16-09-2026 14:00:00,18.9936162,72.8128113,PM10,13,73,31
India,Maharashtra,Mumbai,"Worli, Mumbai - MPCB",16-09-2026 14:00:00,18.9936162,72.8128113,NH3,0,0,0
India,Maharashtra,Ahmednagar,"Tarakpur, Ahmednagar - MPCB",16-09-2026 14:00:00,19.10122,74.73339,CO,11,21,16
India,Maharashtra,Ahmednagar,"Tarakpur, Ahmednagar - MPCB",16-09-2026 14:00:00,19.10122,74.73339,OZONE,5,31,21
India,Maharashtra,Akola,"Ramdaspeth, Akola - MPCB",16-09-2026 14:00:00,20.719516,77.000253,OZONE,8,28,17
India,Maharashtra,Ambernath,"Chinchpada, Ambernath - MPCB",16-09-2026 14:00:00,19.215784,73.199781,PM2.5,5,60,21
India,Maharashtra,Ambernath,"Chinchpada, Ambernath - MPCB",16-09-2026 14:00:00,19.215784,73.199781,CO,5,9,7
India,Maharashtra,Aurangabad,"MIDC Chilkalthana, Aurangabad - MPCB",16-09-2026 14:00:00,19.87562,75.38731,SO2,0,3,1
India,Maharashtra,Aurangabad,"MIDC Chilkalthana, Aurangabad - MPCB",16-09-2026 14:00:00,19.87562,75.38731,OZONE,14,49,33
India,Maharashtra,Aurangabad,"More Chowk Waluj, Aurangabad - MPCB",16-09-2026 14:00:00,19.8389439,75.244448,PM2.5,17,42,24
India,Maharashtra,Aurangabad,"More Chowk Waluj, Aurangabad - MPCB",16-09-2026 14:00:00,19.8389439,75.244448,SO2,2,8,5
India,Maharashtra,Aurangabad,"More Chowk Waluj, Aurangabad - MPCB",16-09-2026 14:00:00,19.8389439,75.244448,CO,33,121,73
India,Maharashtra,Aurangabad,"More Chowk Waluj, Aurangabad - MPCB",16-09-2026 14:00:00,19.8389439,75.244448,OZONE,19,30,24
India,Maharashtra,Aurangabad,"Rachnakar Colony, Aurangabad - MPCB",16-09-2026 14:00:00,19.863756,75.321188,PM2.5,27,99,51
India,Maharashtra,Aurangabad,"Rachnakar Colony, Aurangabad - MPCB",16-09-2026 14:00:00,19.863756,75.321188,SO2,1,2,1
India,Maharashtra,Aurangabad,"Rachnakar Colony, Aurangabad - MPCB",16-09-2026 14:00:00,19.863756,75.321188,CO,23,48,31
India,Maharashtra,Badlapur,"Katrap, Badlapur - MPCB",16-09-2026 14:00:00,19.16485,73.23409,PM10,26,33,32
India,Maharashtra,Badlapur,"Katrap, Badlapur - MPCB",16-09-2026 14:00:00,19.16485,73.23409,NH3,NA,NA,NA
India,Maharashtra,Badlapur,"Katrap, Badlapur - MPCB",16-09-2026 14:00:00,19.16485,73.23409,OZONE,6,23,20
India,Maharashtra,Beed,"Bir, Beed - MPCB",16-09-2026 14:00:00,18.988474,75.753873,PM10,18,118,44
India,Madhya Pradesh,Bhopal,"Paryavaran Parisar, Bhopal - MPPCB",16-09-2026 14:00:00,23.210494,77.425409,CO,12,16,13
India,Madhya Pradesh,Bhopal,"Idgah Hills, Bhopal - MPPCB",16-09-2026 14:00:00,23.264759,77.381568,CO,7,29,23
India,Madhya Pradesh,Damoh,"Shrivastav Colony, Damoh - MPPCB",16-09-2026 14:00:00,23.81748678,79.446246,PM2.5,0,43,14
India,Madhya Pradesh,Damoh,"Shrivastav Colony, Damoh - MPPCB",16-09-2026 14:00:00,23.81748678,79.446246,CO,11,18,14
India,Madhya Pradesh,Dewas,"Bhopal Chauraha, Dewas - MPPCB",16-09-2026 14:00:00,22.9682591,76.064118,NH3,1,2,1
India,Madhya Pradesh,Gwalior,"Maharaj Bada, Gwalior - MPPCB",16-09-2026 14:00:00,26.200388,78.147714,OZONE,30,49,40
India,Madhya Pradesh,Gwalior,"City Center, Gwalior - MPPCB",16-09-2026 14:00:00,26.203442,78.193251,SO2,13,36,28
India,Madhya Pradesh,Gwalior,"City Center, Gwalior - MPPCB",16-09-2026 14:00:00,26.203442,78.193251,OZONE,25,57,42
India,Madhya Pradesh,Gwalior,"Deen Dayal Nagar, Gwalior - MPPCB",16-09-2026 14:00:00,26.259242,78.216432,PM2.5,7,30,16
India,Madhya Pradesh,Gwalior,"Deen Dayal Nagar, Gwalior - MPPCB",16-09-2026 14:00:00,26.259242,78.216432,SO2,0,19,8
India,Madhya Pradesh,Indore,"Regional Park, Indore - IMC",16-09-2026 14:00:00,22.678,75.8559,NO2,NA,NA,NA
India,Madhya Pradesh,Indore,"Regional Park, Indore - IMC",16-09-2026 14:00:00,22.678,75.8559,OZONE,4,6,5
India,Madhya Pradesh,Indore,"Chhoti Gwaltoli, Indore - MPPCB",16-09-2026 14:00:00,22.431,75.5213,NO2,45,91,67
India,Madhya Pradesh,Indore,"Chhoti Gwaltoli, Indore - MPPCB",16-09-2026 14:00:00,22.431,75.5213,NH3,6,8,7
India,Madhya Pradesh,Indore,"Chhoti Gwaltoli, Indore - MPPCB",16-09-2026 14:00:00,22.431,75.5213,CO,20,41,29
India,Karnataka,Dharwad,"Kalabhavan, Dharwad - KSPCB",16-09-2026 14:00:00,15.459706,75.008381,SO2,7,8,7
India,Karnataka,Hubballi,"Lingaraj Nagar, Hubballi - KSPCB",16-09-2026 14:00:00,15.3714823,75.1160168,SO2,2,2,2
India,Karnataka,Hubballi,"Lingaraj Nagar, Hubballi - KSPCB",16-09-2026 14:00:00,15.3714823,75.1160168,OZONE,24,29,25
India,Karnataka,Kalaburagi,"Mahatma Basaveswar Colony, Kalaburgi - KSPCB",16-09-2026 14:00:00,17.336318,76.847397,SO2,1,5,4
India,Karnataka,Madikeri,"Stuart Hill, Madikeri - KSPCB",16-09-2026 14:00:00,12.415911,75.73505,CO,9,23,14
India,Karnataka,Madikeri,"Stuart Hill, Madikeri - KSPCB",16-09-2026 14:00:00,12.415911,75.73505,OZONE,2,6,3
India,Karnataka,Shivamogga,"Vinoba Nagara, Shivamogga - KSPCB",16-09-2026 14:00:00,13.94,75.555917,SO2,4,4,4
India,Karnataka,Yadgir,"Collector Office, Yadgir - KSPCB",16-09-2026 14:00:00,16.7602,77.1428,PM2.5,13,27,19
India,Karnataka,Yadgir,"Collector Office, Yadgir - KSPCB",16-09-2026 14:00:00,16.7602,77.1428,PM10,40,73,53
India,Kerala,Eloor,"Udyogamandal, Eloor - Kerala PCB",16-09-2026 14:00:00,10.073232,76.302765,PM10,54,69,59
India,Kerala,Eloor,"Udyogamandal, Eloor - Kerala PCB",16-09-2026 14:00:00,10.073232,76.302765,NH3,0,0,0
India,Kerala,Eloor,"Udyogamandal, Eloor - Kerala PCB",16-09-2026 14:00:00,10.073232,76.302765,SO2,2,3,3
India,Kerala,Eloor,"Udyogamandal, Eloor - Kerala PCB",16-09-2026 14:00:00,10.073232,76.302765,OZONE,27,29,28
India,Kerala,Thiruvananthapuram,"Plammoodu, Thiruvananthapuram - Kerala PCB",16-09-2026 14:00:00,8.5149093,76.9435879,PM10,36,56,44
India,Kerala,Thiruvananthapuram,"Plammoodu, Thiruvananthapuram - Kerala PCB",16-09-2026 14:00:00,8.5149093,76.9435879,NO2,3,5,4
India,Kerala,Thiruvananthapuram,"Kariavattom, Thiruvananthapuram - Kerala PCB",16-09-2026 14:00:00,8.5637,76.8865,PM2.5,35,56,51
India,Kerala,Thiruvananthapuram,"Kariavattom, Thiruvananthapuram - Kerala PCB",16-09-2026 14:00:00,8.5637,76.8865,NO2,6,7,6
India,Kerala,Thiruvananthapuram,"Kariavattom, Thiruvananthapuram - Kerala PCB",16-09-2026 14:00:00,8.5637,76.8865,CO,21,23,22
India,Madhya Pradesh,Bhopal,"T T Nagar, Bhopal - MPPCB",16-09-2026 14:00:00,23.233584,77.400574,PM2.5,4,40,21
India,Madhya Pradesh,Bhopal,"T T Nagar, Bhopal - MPPCB",16-09-2026 14:00:00,23.233584,77.400574,CO,3,10,6
India,Maharashtra,Mumbai,"Powai, Mumbai - MPCB",16-09-2026 14:00:00,19.1375,72.915056,OZONE,NA,NA,NA
India,Maharashtra,Mumbai,"Chembur, Mumbai - MPCB",16-09-2026 14:00:00,19.0364585,72.8954371,PM2.5,NA,NA,NA
India,Maharashtra,Mumbai,"Deonar, Mumbai - IITM",16-09-2026 14:00:00,19.04946,72.923,NO2,0,36,22
India,Maharashtra,Mumbai,"Malad West, Mumbai - IITM",16-09-2026 14:00:00,19.19709,72.82204,NH3,3,5,4
India,Maharashtra,Nagpur,"Ram Nagar, Nagpur - MPCB",16-09-2026 14:00:00,21.143383,79.048912,NO2,8,41,15
India,Maharashtra,Nagpur,"Opp GPO Civil Lines, Nagpur - MPCB",16-09-2026 14:00:00,21.152875,79.0517531,PM2.5,17,92,43
India,Maharashtra,Nagpur,"Ambazari, Nagpur - MPCB",16-09-2026 14:00:00,21.121801,79.04952,PM10,32,101,56
India,Maharashtra,Ulhasnagar,"Vithalwadi, Ulhasnagar - MPCB",16-09-2026 14:00:00,19.2307571,73.155192,SO2,7,12,8
India,Maharashtra,Ulhasnagar,"Vithalwadi, Ulhasnagar - MPCB",16-09-2026 14:00:00,19.2307571,73.155192,OZONE,4,11,8
India,Maharashtra,Virar,"Bolinj, Virar - MPCB",16-09-2026 14:00:00,19.445821,72.7988231,SO2,0,6,2
India,Maharashtra,Virar,"Bolinj, Virar - MPCB",16-09-2026 14:00:00,19.445821,72.7988231,CO,10,74,50
India,Meghalaya,Byrnihat,"15th Mile-Nongthymmai, Byrnihat -Meghalaya PCB",16-09-2026 14:00:00,26.079047,91.875185,NO2,2,3,2
India,Meghalaya,Shillong,"Lumpyngngad, Shillong - Meghalaya PCB",16-09-2026 14:00:00,25.5586,91.8985,PM2.5,NA,NA,NA
India,Meghalaya,Shillong,"Lumpyngngad, Shillong - Meghalaya PCB",16-09-2026 14:00:00,25.5586,91.8985,SO2,11,13,12
India,Meghalaya,Shillong,"Lumpyngngad, Shillong - Meghalaya PCB",16-09-2026 14:00:00,25.5586,91.8985,OZONE,32,53,43
India,Mizoram,Aizawl,"Sikulpuikawn, Aizawl - Mizoram PCB",16-09-2026 14:00:00,23.7176342,92.7192841,SO2,14,15,14
India,Nagaland,Kohima,"PWD Junction, Kohima - NPCB",16-09-2026 14:00:00,25.6635413,94.0989878,PM2.5,1,26,14
India,Nagaland,Kohima,"PWD Junction, Kohima - NPCB",16-09-2026 14:00:00,25.6635413,94.0989878,NO2,3,4,3
India,Odisha,Angul,"Hakimapada, Angul - OSPCB",16-09-2026 14:00:00,20.832874,85.104082,PM10,56,144,98
India,Odisha,Angul,"Hakimapada, Angul - OSPCB",16-09-2026 14:00:00,20.832874,85.104082,NO2,7,32,12
India,Odisha,Angul,"Hakimapada, Angul - OSPCB",16-09-2026 14:00:00,20.832874,85.104082,CO,44,88,60
India,Odisha,Balasore,"Kalidaspur, Balasore - OSPCB",16-09-2026 14:00:00,21.51161,86.89088,PM10,23,111,58
India,Odisha,Barbil,"Forest Office, Barbil - OSPCB",16-09-2026 14:00:00,22.1166054,85.3945546,OZONE,2,80,52
India,Odisha,Baripada,"Meher Colony, Baripada - OSPCB",16-09-2026 14:00:00,21.941841,86.728318,NO2,1,46,14
India,Odisha,Baripada,"Meher Colony, Baripada - OSPCB",16-09-2026 14:00:00,21.941841,86.728318,SO2,6,13,7
India,Odisha,Bhubaneswar,"Lingraj Mandir, Bhubaneswar - OSPCB",16-09-2026 14:00:00,20.24079,85.836784,OZONE,25,75,53
India,Odisha,Bhubaneswar,"Patia, Bhubaneswar - OSPCB",16-09-2026 14:00:00,20.34652,85.8163,PM2.5,32,197,79
India,Odisha,Bileipada,"Tata Township, Bileipada - OSPCB",16-09-2026 14:00:00,22.06156703,85.47409613,SO2,NA,NA,NA
India,Odisha,Byasanagar,"Ferro Chrome Colony, Byasanagar - OSPCB",16-09-2026 14:00:00,20.94185,86.1151,NO2,5,13,8
India,Odisha,Cuttack,"CDA Area, Cuttack - OSPCB",16-09-2026 14:00:00,20.48891,85.84768,PM10,57,181,94
India,Odisha,Cuttack,"CDA Area, Cuttack - OSPCB",16-09-2026 14:00:00,20.48891,85.84768,CO,17,25,21
India,Odisha,Keonjhar,"Jagamohanpur, Keonjhar - OSPCB",16-09-2026 14:00:00,21.6439,85.599355,PM10,59,67,67
India,Odisha,Keonjhar,"Jagamohanpur, Keonjhar - OSPCB",16-09-2026 14:00:00,21.6439,85.599355,NH3,2,2,2
India,Odisha,Keonjhar,"Jagamohanpur, Keonjhar - OSPCB",16-09-2026 14:00:00,21.6439,85.599355,OZONE,8,24,17
India,Odisha,Nayagarh,"Dabuna, Nayagarh - OSPCB",16-09-2026 14:00:00,21.847279,85.416905,PM2.5,32,65,47
India,Odisha,Nayagarh,"Dabuna, Nayagarh - OSPCB",16-09-2026 14:00:00,21.847279,85.416905,PM10,40,64,48
India,Odisha,Paradeep,"Nua Sandhakuda, Paradeep - OSPCB",16-09-2026 14:00:00,20.258828,86.665185,SO2,12,18,17
India,Odisha,Rairangpur,"Divisional Forest Office, Rairangpur - OSPCB",16-09-2026 14:00:00,22.265816,86.174829,PM10,48,80,62
India,Odisha,Rourkela,"Fertilizer Township, Rourkela - OSPCB",16-09-2026 14:00:00,22.18972222,84.86277778,PM10,40,51,43
India,Odisha,Rourkela,"Raghunathpali, Rourkela - OSPCB",16-09-2026 14:00:00,22.220833,84.809444,PM2.5,13,57,34
India,Odisha,Rourkela,"Raghunathpali, Rourkela - OSPCB",16-09-2026 14:00:00,22.220833,84.809444,NO2,9,29,20
India,Odisha,Rourkela,"Raghunathpali, Rourkela - OSPCB",16-09-2026 14:00:00,22.220833,84.809444,NH3,4,8,7
India,Odisha,Rourkela,"Raghunathpali, Rourkela - OSPCB",16-09-2026 14:00:00,22.220833,84.809444,CO,34,76,52
India,Odisha,Rourkela,"Sector-2, Rourkela - OSPCB",16-09-2026 14:00:00,22.245,84.88111111,CO,11,11,11
India,Puducherry,Puducherry,"Jawahar Nagar, Puducherry - PPCC",16-09-2026 14:00:00,11.9309,79.8027,NH3,1,22,3
India,Puducherry,Puducherry,"Jawahar Nagar, Puducherry - PPCC",16-09-2026 14:00:00,11.9309,79.8027,OZONE,16,91,55
India,Punjab,Amritsar,"Golden Temple, Amritsar - PPCB",16-09-2026 14:00:00,31.62,74.876512,PM2.5,66,138,90
India,Punjab,Amritsar,"Golden Temple, Amritsar - PPCB",16-09-2026 14:00:00,31.62,74.876512,NH3,6,16,7
India,Punjab,Bathinda,"Hardev Nagar, Bathinda - PPCB",16-09-2026 14:00:00,30.233011,74.907758,NO2,27,30,28
India,Punjab,Bathinda,"Hardev Nagar, Bathinda - PPCB",16-09-2026 14:00:00,30.233011,74.907758,SO2,9,24,15
India,Punjab,Bathinda,"Hardev Nagar, Bathinda - PPCB",16-09-2026 14:00:00,30.233011,74.907758,CO,15,27,23
India,Punjab,Jalandhar,"Civil Line, Jalandhar - PPCB",16-09-2026 14:00:00,31.321907,75.578914,NH3,3,5,3
India,Punjab,Khanna,"Kalal Majra, Khanna - PPCB",16-09-2026 14:00:00,30.736056,76.209694,OZONE,20,46,30
India,Punjab,Mandi Gobindgarh,"RIMT University, Mandi Gobindgarh - PPCB",16-09-2026 14:00:00,30.649961,76.331442,NH3,5,5,5
India,Punjab,Patiala,"Model Town, Patiala - PPCB",16-09-2026 14:00:00,30.349388,76.366642,PM2.5,25,46,35
India,Punjab,Rupnagar,"Ratanpura, Rupnagar - Ambuja Cements",16-09-2026 14:00:00,31.0325454,76.5623046,PM10,8,70,30
India,Rajasthan,Ajmer,"Civil Lines,  Ajmer - RSPCB",16-09-2026 14:00:00,26.470859,74.646594,CO,17,42,30
India,Rajasthan,Ajmer,"Civil Lines,  Ajmer - RSPCB",16-09-2026 14:00:00,26.470859,74.646594,OZONE,10,12,12
India,Rajasthan,Alwar,"Moti Doongri, Alwar - RSPCB",16-09-2026 14:00:00,27.554793,76.611536,NH3,7,9,8
India,Maharashtra,Pune,"Hadapsar, Pune - IITM",16-09-2026 14:00:00,18.501793,73.927532,SO2,NA,NA,NA
India,Maharashtra,Pune,"Katraj Dairy, Pune - MPCB",16-09-2026 14:00:00,18.45445,73.854155,PM2.5,9,83,25
India,Maharashtra,Pune,"Katraj Dairy, Pune - MPCB",16-09-2026 14:00:00,18.45445,73.854155,PM10,16,131,43
India,Maharashtra,Pune,"Katraj Dairy, Pune - MPCB",16-09-2026 14:00:00,18.45445,73.854155,SO2,2,3,3
India,Maharashtra,Pune,"Mhada Colony, Pune - IITM",16-09-2026 14:00:00,18.57304,73.927715,NH3,NA,NA,NA
India,Maharashtra,Pune,"Dhankawadi, Pune - IITM",16-09-2026 14:00:00,18.459883,73.852193,PM2.5,11,37,21
India,Maharashtra,Pune,"Dhankawadi, Pune - IITM",16-09-2026 14:00:00,18.459883,73.852193,CO,29,81,57
India,Maharashtra,Sangli,"Vijay Nagar, Sangli - MPCB",16-09-2026 14:00:00,16.5038,74.3623,OZONE,4,18,13
India,Maharashtra,Satara,"Koyana Nagar, Satara - MPCB",16-09-2026 14:00:00,17.696651,74.003387,PM2.5,4,90,32
India,Maharashtra,Satara,"Koyana Nagar, Satara - MPCB",16-09-2026 14:00:00,17.696651,74.003387,NO2,0,11,4
India,Maharashtra,Satara,"Koyana Nagar, Satara - MPCB",16-09-2026 14:00:00,17.696651,74.003387,SO2,4,6,5
India,Maharashtra,Solapur,"Dnyaneshwar Nagar, Solapur - MPCB",16-09-2026 14:00:00,17.6336264,75.9132495,PM10,30,67,44
India,Maharashtra,Thane,"Upvan Fort, Thane - MPCB",16-09-2026 14:00:00,19.222279,72.957979,OZONE,4,23,10
India,Maharashtra,Ulhasnagar,"Sidhi Vinayak Nagar, Ulhasnagar - MPCB",16-09-2026 14:00:00,19.235581,73.159121,PM2.5,39,55,47
India,Maharashtra,Ulhasnagar,"Sidhi Vinayak Nagar, Ulhasnagar - MPCB",16-09-2026 14:00:00,19.235581,73.159121,NH3,2,3,2
India,Maharashtra,Ulhasnagar,"Sidhi Vinayak Nagar, Ulhasnagar - MPCB",16-09-2026 14:00:00,19.235581,73.159121,SO2,1,29,10
India,Maharashtra,Ulhasnagar,"Vithalwadi, Ulhasnagar - MPCB",16-09-2026 14:00:00,19.2307571,73.155192,PM2.5,5,30,15
India,Maharashtra,Nagpur,"Ambazari, Nagpur - MPCB",16-09-2026 14:00:00,21.121801,79.04952,NH3,1,2,2
India,Maharashtra,Nanded,"Sneh Nagar, Nanded - MPCB",16-09-2026 14:00:00,19.173852,77.296291,NO2,18,74,41
India,Maharashtra,Nashik,"Gangapur Road, Nashik - MPCB",16-09-2026 14:00:00,20.0073285,73.7762427,PM2.5,6,32,19
India,Maharashtra,Nashik,"Gangapur Road, Nashik - MPCB",16-09-2026 14:00:00,20.0073285,73.7762427,SO2,0,104,8
India,Maharashtra,Nashik,"Gangapur Road, Nashik - MPCB",16-09-2026 14:00:00,20.0073285,73.7762427,OZONE,1,20,12
India,Maharashtra,Nashik,"Pandav Nagari, Nashik - MPCB",16-09-2026 14:00:00,19.9591346,73.7788008,PM10,NA,NA,NA
India,Maharashtra,Nashik,"MIDC Ambad, Nashik - MPCB",16-09-2026 14:00:00,19.95022,73.73148,SO2,2,4,3
India,Maharashtra,Navi Mumbai,"Sector-2E Kalamboli, Navi Mumbai - MPCB",16-09-2026 14:00:00,19.02579,73.10297,NO2,2,8,5
India,Maharashtra,Navi Mumbai,"Sector-2E Kalamboli, Navi Mumbai - MPCB",16-09-2026 14:00:00,19.02579,73.10297,NH3,3,13,8
India,Maharashtra,Navi Mumbai,"Sanpada, Navi Mumbai - MPCB",16-09-2026 14:00:00,19.0575752,73.0151367,NH3,1,7,2
India,Maharashtra,Navi Mumbai,"Sanpada, Navi Mumbai - MPCB",16-09-2026 14:00:00,19.0575752,73.0151367,CO,17,33,22
India,Maharashtra,Navi Mumbai,"Mahape, Navi Mumbai - MPCB",16-09-2026 14:00:00,19.1135051,73.008978,PM2.5,1,19,11
India,Maharashtra,Navi Mumbai,"Mahape, Navi Mumbai - MPCB",16-09-2026 14:00:00,19.1135051,73.008978,CO,22,22,22
India,Maharashtra,Navi Mumbai,"Mahape, Navi Mumbai - MPCB",16-09-2026 14:00:00,19.1135051,73.008978,OZONE,10,10,10
India,Maharashtra,Parbhani,"Masoom Colony, Parbhani - MPCB",16-09-2026 14:00:00,19.265594,76.761463,NO2,NA,NA,NA
India,Rajasthan,Alwar,"Vigyan Nagar, Alwar - RSPCB",16-09-2026 14:00:00,27.598796,76.63861,CO,47,72,56
India,Rajasthan,Alwar,"Vigyan Nagar, Alwar - RSPCB",16-09-2026 14:00:00,27.598796,76.63861,OZONE,2,38,21
India,Rajasthan,Baran,"Bamboliya, Baran - RSPCB",16-09-2026 14:00:00,25.106006,76.469948,PM2.5,7,18,12
India,Rajasthan,Baran,"Bamboliya, Baran - RSPCB",16-09-2026 14:00:00,25.106006,76.469948,PM10,16,57,33
India,Rajasthan,Baran,"Bamboliya, Baran - RSPCB",16-09-2026 14:00:00,25.106006,76.469948,OZONE,1,24,17
India,Rajasthan,Barmer,"Railway Colony, Barmer - RSPCB",16-09-2026 14:00:00,25.747299,71.393989,PM2.5,2,35,22
India,Rajasthan,Barmer,"Railway Colony, Barmer - RSPCB",16-09-2026 14:00:00,25.747299,71.393989,PM10,10,91,58
India,Rajasthan,Bharatpur,"Krishna Nagar, Bharatpur - RSPCB",16-09-2026 14:00:00,27.215415,77.50873,NH3,2,9,5
India,Rajasthan,Bhilwara,"Pratap Nagar, Bhilwara - RSPCB",16-09-2026 14:00:00,25.339605,74.618883,PM2.5,20,68,44
India,Rajasthan,Bhiwadi,"Vasundhara Nagar_UIT, Bhiwadi - RSPCB",16-09-2026 14:00:00,28.207266,76.829265,OZONE,30,30,30
India,Rajasthan,Bhiwadi,"RIICO Ind. Area III, Bhiwadi - RSPCB",16-09-2026 14:00:00,28.194909,76.862296,NO2,22,56,34
India,Rajasthan,Bhiwadi,"RIICO Ind. Area III, Bhiwadi - RSPCB",16-09-2026 14:00:00,28.194909,76.862296,NH3,5,14,8
India,Rajasthan,Bikaner,"MM Ground, Bikaner - RSPCB",16-09-2026 14:00:00,28.018792,73.292658,PM10,20,147,70
India,Rajasthan,Jaipur,"Adarsh Nagar, Jaipur - RSPCB",16-09-2026 14:00:00,26.902909,75.836858,NH3,3,7,5
India,Rajasthan,Jaipur,"Mansarovar Sector-12, Jaipur - RSPCB",16-09-2026 14:00:00,26.843698,75.766894,PM2.5,15,65,36
India,Rajasthan,Jaipur,"Mansarovar Sector-12, Jaipur - RSPCB",16-09-2026 14:00:00,26.843698,75.766894,NH3,1,4,2
India,Rajasthan,Jaipur,"Sector-2 Murlipura, Jaipur - RSPCB",16-09-2026 14:00:00,26.960669,75.771817,PM2.5,12,55,29
India,Rajasthan,Jaipur,"RIICO Sitapura, Jaipur - RSPCB",16-09-2026 14:00:00,26.786682,75.827928,PM2.5,12,55,32
India,Rajasthan,Jaisalmer,"Sadar Bazar, Jaisalmer - RSPCB",16-09-2026 14:00:00,26.912329,70.909168,PM2.5,10,40,25
India,Rajasthan,Jaisalmer,"Sadar Bazar, Jaisalmer - RSPCB",16-09-2026 14:00:00,26.912329,70.909168,NH3,7,16,11
India,Rajasthan,Jaisalmer,"Sadar Bazar, Jaisalmer - RSPCB",16-09-2026 14:00:00,26.912329,70.909168,CO,8,12,10
India,Rajasthan,Jalore,"Mudtra Sili, Jalore - RSPCB",16-09-2026 14:00:00,25.344694,72.626208,PM10,20,49,32
India,Rajasthan,Jalore,"Mudtra Sili, Jalore - RSPCB",16-09-2026 14:00:00,25.344694,72.626208,NO2,5,12,8
India,Rajasthan,Jalore,"Mudtra Sili, Jalore - RSPCB",16-09-2026 14:00:00,25.344694,72.626208,SO2,2,4,3
India,Maharashtra,Parbhani,"Masoom Colony, Parbhani - MPCB",16-09-2026 14:00:00,19.265594,76.761463,NH3,NA,NA,NA
India,Maharashtra,Pimpri-Chinchwad,"Gavalinagar, Pimpri Chinchwad - MPCB",16-09-2026 14:00:00,18.63673,73.82487,OZONE,2,16,11
India,Maharashtra,Pimpri-Chinchwad,"Park Street Wakad, Pimpri Chinchwad - MPCB",16-09-2026 14:00:00,18.59051,73.77946,OZONE,1,20,12
India,Maharashtra,Pimpri-Chinchwad,"Thergaon, Pimpri Chinchwad - MPCB",16-09-2026 14:00:00,18.616318,73.765797,SO2,0,3,1
India,Maharashtra,Pimpri-Chinchwad,"Thergaon, Pimpri Chinchwad - MPCB",16-09-2026 14:00:00,18.616318,73.765797,CO,10,59,30
India,Maharashtra,Pune,"Panchawati_Pashan, Pune - IITM",16-09-2026 14:00:00,18.536457,73.805454,NO2,2,8,5
India,Maharashtra,Pune,"Savitribai Phule Pune University, Pune - MPCB",16-09-2026 14:00:00,18.547056,73.826908,OZONE,3,20,14
India,Maharashtra,Pune,"Hadapsar, Pune - IITM",16-09-2026 14:00:00,18.501793,73.927532,PM2.5,13,49,31
India,Rajasthan,Bundi,"New Colony, Bundi - RSPCB",16-09-2026 14:00:00,25.435774,75.644272,PM2.5,7,45,33
India,Rajasthan,Chittorgarh,"Shastri Nagar, Chittorgarh - RSPCB",16-09-2026 14:00:00,24.892047,74.623527,PM10,NA,NA,NA
India,Rajasthan,Chittorgarh,"Shastri Nagar, Chittorgarh - RSPCB",16-09-2026 14:00:00,24.892047,74.623527,OZONE,21,54,37
India,Rajasthan,Churu,"Subash Chowk, Churu - RSPCB",16-09-2026 14:00:00,28.296139,74.961696,NH3,4,7,5
India,Rajasthan,Dungarpur,"Bhoiwada, Dungarpur - RSPCB",16-09-2026 14:00:00,23.837789,73.714926,SO2,2,5,4
India,Rajasthan,Hanumangarh,"Housing Board, Hanumangarh - RSPCB",16-09-2026 14:00:00,29.61075,74.283608,NO2,2,10,6
India,Rajasthan,Hanumangarh,"Housing Board, Hanumangarh - RSPCB",16-09-2026 14:00:00,29.61075,74.283608,OZONE,18,67,45
India,Uttar Pradesh,Meerut,"Pallavpuram Phase 2, Meerut - UPPCB",16-09-2026 14:00:00,29.06351,77.709723,PM2.5,51,164,97
India,Uttar Pradesh,Meerut,"Pallavpuram Phase 2, Meerut - UPPCB",16-09-2026 14:00:00,29.06351,77.709723,NO2,17,59,31
India,Uttar Pradesh,Meerut,"Pallavpuram Phase 2, Meerut - UPPCB",16-09-2026 14:00:00,29.06351,77.709723,NH3,6,9,7
India,Uttar Pradesh,Meerut,"Pallavpuram Phase 2, Meerut - UPPCB",16-09-2026 14:00:00,29.06351,77.709723,OZONE,13,65,42
India,Uttar Pradesh,Meerut,"Ganga Nagar, Meerut - UPPCB",16-09-2026 14:00:00,28.999264,77.7590354,NO2,22,38,30
India,Uttar Pradesh,Meerut,"Jai Bhim Nagar, Meerut - UPPCB",16-09-2026 14:00:00,28.9535882,77.7622941,NO2,6,38,20
India,Uttar Pradesh,Meerut,"Jai Bhim Nagar, Meerut - UPPCB",16-09-2026 14:00:00,28.9535882,77.7622941,NH3,4,14,11
India,Uttar Pradesh,Modinagar,"SRM University, Modinagar - UPPCB",16-09-2026 14:00:00,28.798171,77.540243,NH3,3,4,4
India,Uttar Pradesh,Modinagar,"SRM University, Modinagar - UPPCB",16-09-2026 14:00:00,28.798171,77.540243,SO2,13,22,14
India,Uttar Pradesh,Modinagar,"SRM University, Modinagar - UPPCB",16-09-2026 14:00:00,28.798171,77.540243,OZONE,2,254,106
India,Uttar Pradesh,Moradabad,"Eco Herbal Park, Moradabad - UPPCB",16-09-2026 14:00:00,28.840739,78.697531,PM10,44,110,77
India,Uttar Pradesh,Moradabad,"Eco Herbal Park, Moradabad - UPPCB",16-09-2026 14:00:00,28.840739,78.697531,OZONE,9,39,26
India,Uttar Pradesh,Moradabad,"Kashiram Nagar, Moradabad - UPPCB",16-09-2026 14:00:00,28.849399,78.742362,NH3,4,4,4
India,Uttar Pradesh,Moradabad,"Kashiram Nagar, Moradabad - UPPCB",16-09-2026 14:00:00,28.849399,78.742362,SO2,24,39,29
India,Uttar Pradesh,Moradabad,"Kashiram Nagar, Moradabad - UPPCB",16-09-2026 14:00:00,28.849399,78.742362,OZONE,14,18,17
India,Uttar Pradesh,Moradabad,"Employment Office, Moradabad - UPPCB",16-09-2026 14:00:00,28.88528,78.7388,PM2.5,32,98,72
India,Uttar Pradesh,Moradabad,"Employment Office, Moradabad - UPPCB",16-09-2026 14:00:00,28.88528,78.7388,NO2,23,24,23
India,Uttar Pradesh,Moradabad,"Buddhi Vihar, Moradabad - UPPCB",16-09-2026 14:00:00,28.83526,78.7446,NO2,28,29,29
India,Uttar Pradesh,Moradabad,"Buddhi Vihar, Moradabad - UPPCB",16-09-2026 14:00:00,28.83526,78.7446,NH3,5,5,5
India,Uttar Pradesh,Moradabad,"Jigar Colony, Moradabad - UPPCB",16-09-2026 14:00:00,28.856664,78.772638,NO2,24,25,25
India,Uttar Pradesh,Moradabad,"Jigar Colony, Moradabad - UPPCB",16-09-2026 14:00:00,28.856664,78.772638,SO2,31,60,44
India,Uttar Pradesh,Moradabad,"Jigar Colony, Moradabad - UPPCB",16-09-2026 14:00:00,28.856664,78.772638,OZONE,22,45,27
India,Uttar Pradesh,Muzaffarnagar,"New Mandi, Muzaffarnagar - UPPCB",16-09-2026 14:00:00,29.4723508,77.7194031,OZONE,4,82,42
India,Uttar Pradesh,Kanpur,"Nehru Nagar, Kanpur - UPPCB",16-09-2026 14:00:00,26.4703136,80.3229863,OZONE,5,52,33
India,Uttar Pradesh,Khora,"Prashant Garden, Khora - UPPCB",16-09-2026 14:00:00,28.61119,77.34206,OZONE,NA,NA,NA
India,Uttar Pradesh,Khurja,"Kalindi Kunj, Khurja - UPPCB",16-09-2026 14:00:00,28.2348927,77.8683002,PM2.5,25,69,39
India,Uttar Pradesh,Khurja,"Kalindi Kunj, Khurja - UPPCB",16-09-2026 14:00:00,28.2348927,77.8683002,PM10,49,138,73
India,Uttar Pradesh,Khurja,"Kalindi Kunj, Khurja - UPPCB",16-09-2026 14:00:00,28.2348927,77.8683002,NH3,1,1,1
India,Uttar Pradesh,Khurja,"Kalindi Kunj, Khurja - UPPCB",16-09-2026 14:00:00,28.2348927,77.8683002,SO2,10,11,11
India,Uttar Pradesh,Lucknow,"B R Ambedkar University, Lucknow - UPPCB",16-09-2026 14:00:00,26.766433,80.927299,PM10,12,63,37
India,Uttar Pradesh,Lucknow,"B R Ambedkar University, Lucknow - UPPCB",16-09-2026 14:00:00,26.766433,80.927299,SO2,29,38,32
India,Uttar Pradesh,Lucknow,"Kendriya Vidyalaya, Lucknow - CPCB",16-09-2026 14:00:00,26.906111,80.948222,PM10,44,105,75
India,Uttar Pradesh,Lucknow,"Kendriya Vidyalaya, Lucknow - CPCB",16-09-2026 14:00:00,26.906111,80.948222,NO2,24,43,32
India,Uttar Pradesh,Lucknow,"Kendriya Vidyalaya, Lucknow - CPCB",16-09-2026 14:00:00,26.906111,80.948222,OZONE,7,75,36
India,Uttar Pradesh,Lucknow,"Lalbagh, Lucknow - CPCB",16-09-2026 14:00:00,26.8458805,80.9365541,NH3,14,24,19
India,Uttar Pradesh,Lucknow,"Lalbagh, Lucknow - CPCB",16-09-2026 14:00:00,26.8458805,80.9365541,SO2,1,10,5
India,Uttar Pradesh,Lucknow,"Lalbagh, Lucknow - CPCB",16-09-2026 14:00:00,26.8458805,80.9365541,OZONE,18,92,55
India,Uttar Pradesh,Lucknow,"Gomti Nagar, Lucknow - UPPCB",16-09-2026 14:00:00,26.86812,81.005119,PM2.5,28,221,65
India,Uttar Pradesh,Lucknow,"Gomti Nagar, Lucknow - UPPCB",16-09-2026 14:00:00,26.86812,81.005119,NH3,NA,NA,NA
India,Uttar Pradesh,Lucknow,"Talkatora District Industries Center, Lucknow - CPCB",16-09-2026 14:00:00,26.83399722,80.8917361,PM2.5,25,69,50
India,Uttar Pradesh,Lucknow,"Talkatora District Industries Center, Lucknow - CPCB",16-09-2026 14:00:00,26.83399722,80.8917361,CO,5,111,37
India,Uttar Pradesh,Lucknow,"Kukrail Picnic Spot-1, Lucknow - UPPCB",16-09-2026 14:00:00,26.90723,80.98579,SO2,29,33,31
India,Uttar Pradesh,Mathura,"Pali Dungra, Mathura - UPPCB",16-09-2026 14:00:00,27.410954,77.550619,NH3,1,1,1
India,Uttar Pradesh,Mathura,"Pali Dungra, Mathura - UPPCB",16-09-2026 14:00:00,27.410954,77.550619,SO2,NA,NA,NA
India,Uttar Pradesh,Mathura,"Pali Dungra, Mathura - UPPCB",16-09-2026 14:00:00,27.410954,77.550619,CO,1,9,4
India,Rajasthan,Rajsamand,"Dhoinda, Rajsamand - RSPCB",16-09-2026 14:00:00,25.03636,73.883502,SO2,0,7,3
India,Rajasthan,Sawai Madhopur,"Sahu Nagar, Sawai Madhopur - RSPCB",16-09-2026 14:00:00,26.031443,76.359327,PM10,52,120,72
India,Rajasthan,Sawai Madhopur,"Sahu Nagar, Sawai Madhopur - RSPCB",16-09-2026 14:00:00,26.031443,76.359327,SO2,2,11,6
India,Rajasthan,Sawai Madhopur,"Sahu Nagar, Sawai Madhopur - RSPCB",16-09-2026 14:00:00,26.031443,76.359327,CO,28,37,31
India,Rajasthan,Sikar,"Radhakishan Pura, Sikar - RSPCB",16-09-2026 14:00:00,27.608912,75.153302,PM10,NA,NA,NA
India,Rajasthan,Sikar,"Radhakishan Pura, Sikar - RSPCB",16-09-2026 14:00:00,27.608912,75.153302,SO2,3,5,4
India,Rajasthan,Sirohi,"Vedhaynath Colony, Sirohi - RSPCB",16-09-2026 14:00:00,24.885261,72.857549,PM2.5,8,57,31
India,Rajasthan,Sri Ganganagar,"Old City, Sri Ganganagar - RSPCB",16-09-2026 14:00:00,29.931624,73.864511,NO2,22,61,38
India,Rajasthan,Sri Ganganagar,"Old City, Sri Ganganagar - RSPCB",16-09-2026 14:00:00,29.931624,73.864511,OZONE,9,44,34
India,Rajasthan,Tonk,"Shastri Nagar, Tonk - RSPCB",16-09-2026 14:00:00,26.159933,75.780517,SO2,0,5,1
India,Rajasthan,Udaipur,"Ashok Nagar, Udaipur - RSPCB",16-09-2026 14:00:00,24.5886166,73.6321397,PM2.5,28,67,49
India,Rajasthan,Udaipur,"Ashok Nagar, Udaipur - RSPCB",16-09-2026 14:00:00,24.5886166,73.6321397,PM10,58,88,74
India,Sikkim,Gangtok,"Zero Point GICI, Gangtok - SSPCB",16-09-2026 14:00:00,27.33853,88.614099,PM10,9,23,15
India,Tamil Nadu,Chennai,"Manali Village, Chennai - TNPCB",16-09-2026 14:00:00,13.1662,80.2584,OZONE,137,354,275
India,Tamil Nadu,Chennai,"Manali, Chennai - CPCB",16-09-2026 14:00:00,13.164544,80.26285,NO2,10,11,10
India,Tamil Nadu,Chennai,"Manali, Chennai - CPCB",16-09-2026 14:00:00,13.164544,80.26285,SO2,4,5,4
India,Tamil Nadu,Chennai,"Manali, Chennai - CPCB",16-09-2026 14:00:00,13.164544,80.26285,CO,20,56,35
India,Tamil Nadu,Chennai,"Velachery Res. Area, Chennai - CPCB",16-09-2026 14:00:00,13.0052189,80.2398125,NO2,10,18,11
India,Tamil Nadu,Chennai,"Velachery Res. Area, Chennai - CPCB",16-09-2026 14:00:00,13.0052189,80.2398125,SO2,5,9,7
India,Telangana,Hyderabad,"Kompally Municipal Office, Hyderabad - TSPCB",16-09-2026 14:00:00,17.544899,78.486949,NO2,14,17,14
India,Telangana,Hyderabad,"Kompally Municipal Office, Hyderabad - TSPCB",16-09-2026 14:00:00,17.544899,78.486949,OZONE,10,24,12
India,Telangana,Hyderabad,"Ramachandrapuram, Hyderabad - TSPCB",16-09-2026 14:00:00,17.528544,78.286195,CO,21,34,27
India,Telangana,Hyderabad,"Zoo Park, Hyderabad - TSPCB",16-09-2026 14:00:00,17.349694,78.451437,CO,2,31,19
India,Telangana,Hyderabad,"Zoo Park, Hyderabad - TSPCB",16-09-2026 14:00:00,17.349694,78.451437,OZONE,2,3,3
India,Telangana,Hyderabad,"ECIL Kapra, Hyderabad - TSPCB",16-09-2026 14:00:00,17.470431,78.566959,SO2,4,15,7
India,Telangana,Hyderabad,"Kokapet, Hyderabad - TSPCB",16-09-2026 14:00:00,17.393559,78.339194,PM2.5,29,50,38
India,Telangana,Hyderabad,"Kokapet, Hyderabad - TSPCB",16-09-2026 14:00:00,17.393559,78.339194,NO2,11,15,13
India,Telangana,Hyderabad,"Bollaram Industrial Area, Hyderabad - TSPCB",16-09-2026 14:00:00,17.518,78.383,NO2,20,39,26
India,Telangana,Hyderabad,"Bollaram Industrial Area, Hyderabad - TSPCB",16-09-2026 14:00:00,17.518,78.383,OZONE,25,27,26
India,Telangana,Hyderabad,"Central University, Hyderabad - TSPCB",16-09-2026 14:00:00,17.460103,78.334361,SO2,1,13,6
India,Telangana,Hyderabad,"IITH Kandi, Hyderabad - TSPCB",16-09-2026 14:00:00,17.585705,78.126199,NO2,11,13,12
India,Telangana,Hyderabad,"IITH Kandi, Hyderabad - TSPCB",16-09-2026 14:00:00,17.585705,78.126199,CO,20,33,26
India,Telangana,Hyderabad,"Nacharam_TSIIC IALA, Hyderabad - TSPCB",16-09-2026 14:00:00,17.429398,78.569354,PM2.5,35,49,40
India,Telangana,Hyderabad,"Nacharam_TSIIC IALA, Hyderabad - TSPCB",16-09-2026 14:00:00,17.429398,78.569354,NO2,11,17,13
India,Telangana,Hyderabad,"Nacharam_TSIIC IALA, Hyderabad - TSPCB",16-09-2026 14:00:00,17.429398,78.569354,CO,20,30,26
India,Uttar Pradesh,Agra,"Sector-3B Avas Vikas Colony, Agra - UPPCB",16-09-2026 14:00:00,27.19412,77.96237,OZONE,12,19,15
India,Uttar Pradesh,Baghpat,"Sardar Patel Inter College, Baghpat - UPPCB",16-09-2026 14:00:00,28.964949,77.278761,PM2.5,35,123,64
India,Uttar Pradesh,Bareilly,"Civil Lines, Bareilly - UPPCB",16-09-2026 14:00:00,28.359581,79.414455,NO2,8,9,8
India,Uttar Pradesh,Bareilly,"Civil Lines, Bareilly - UPPCB",16-09-2026 14:00:00,28.359581,79.414455,CO,33,35,34
India,Uttar Pradesh,Bareilly,"Rajendra Nagar, Bareilly - UPPCB",16-09-2026 14:00:00,28.38910936,79.42963708,NO2,9,10,9
India,Uttar Pradesh,Bareilly,"Rajendra Nagar, Bareilly - UPPCB",16-09-2026 14:00:00,28.38910936,79.42963708,NH3,1,1,1
India,Uttar Pradesh,Bareilly,"Rajendra Nagar, Bareilly - UPPCB",16-09-2026 14:00:00,28.38910936,79.42963708,CO,18,20,19
India,Uttar Pradesh,Bulandshahr,"Yamunapuram, Bulandshahr - UPPCB",16-09-2026 14:00:00,28.406963,77.849831,NH3,7,12,9
India,Uttar Pradesh,Firozabad,"Nagla Bhau, Firozabad - UPPCB",16-09-2026 14:00:00,27.168897,78.37696,PM10,NA,NA,NA
India,Uttar Pradesh,Gajraula,"Rajanpur, Gajraula - UPPCB",16-09-2026 14:00:00,28.829109,78.248796,NH3,0,5,1
India,Uttar Pradesh,Ghaziabad,"Govindpuram, Ghaziabad - UPPCB",16-09-2026 14:00:00,28.694528,77.494705,OZONE,5,114,46
India,Uttar Pradesh,Ghaziabad,"Ved Vihar-Loni, Ghaziabad - UPPCB",16-09-2026 14:00:00,28.739153,77.273668,NO2,26,67,37
India,Uttar Pradesh,Ghaziabad,"Ved Vihar-Loni, Ghaziabad - UPPCB",16-09-2026 14:00:00,28.739153,77.273668,SO2,7,9,8
India,Uttar Pradesh,Ghaziabad,"Ved Vihar-Loni, Ghaziabad - UPPCB",16-09-2026 14:00:00,28.739153,77.273668,CO,85,98,92
India,Uttar Pradesh,Ghaziabad,"Wave City, Ghaziabad - UPPCB",16-09-2026 14:00:00,28.646675,77.489049,NO2,20,40,25
India,Uttar Pradesh,Ghaziabad,"Wave City, Ghaziabad - UPPCB",16-09-2026 14:00:00,28.646675,77.489049,NH3,NA,NA,NA
India,Uttar Pradesh,Ghaziabad,"Vasundhara, Ghaziabad - UPPCB",16-09-2026 14:00:00,28.6603346,77.3572563,NO2,26,66,44
India,Uttar Pradesh,Ghaziabad,"Sanjay Nagar, Ghaziabad - UPPCB",16-09-2026 14:00:00,28.685382,77.453839,NO2,16,46,32
India,Uttar Pradesh,Ghaziabad,"Sanjay Nagar, Ghaziabad - UPPCB",16-09-2026 14:00:00,28.685382,77.453839,SO2,6,28,12
India,Uttar Pradesh,Gorakhpur,"Madan Mohan Malaviya University of Technology, Gorakhpur - UPPCB",16-09-2026 14:00:00,26.730136,83.433859,NO2,11,12,11
India,Uttar Pradesh,Greater Noida,"Knowledge Park - V, Greater Noida - UPPCB",16-09-2026 14:00:00,28.557054,77.453663,PM2.5,46,161,74
India,Uttar Pradesh,Greater Noida,"Knowledge Park - III, Greater Noida - UPPCB",16-09-2026 14:00:00,28.47272,77.482,PM2.5,38,135,66
India,Uttar Pradesh,Hapur,"Anand Vihar, Hapur - UPPCB",16-09-2026 14:00:00,28.725645,77.749675,SO2,13,20,16
India,Uttar Pradesh,Jhansi,"Shivaji Nagar, Jhansi - UPPCB",16-09-2026 14:00:00,25.4547,78.6039,PM2.5,25,155,50
India,Uttar Pradesh,Jhansi,"Shivaji Nagar, Jhansi - UPPCB",16-09-2026 14:00:00,25.4547,78.6039,CO,6,19,12
India,Uttar Pradesh,Kanpur,"FTI Kidwai Nagar, Kanpur - UPPCB",16-09-2026 14:00:00,26.428282,80.327067,CO,31,32,31
India,Telangana,Hyderabad,"ICRISAT Patancheru, Hyderabad - TSPCB",16-09-2026 14:00:00,17.5184,78.278777,SO2,5,10,8
India,Telangana,Hyderabad,"IDA Pashamylaram, Hyderabad - TSPCB",16-09-2026 14:00:00,17.5316895,78.218939,NH3,1,2,2
India,Telangana,Hyderabad,"IDA Pashamylaram, Hyderabad - TSPCB",16-09-2026 14:00:00,17.5316895,78.218939,SO2,8,11,10
India,Telangana,Hyderabad,"Sanathnagar, Hyderabad - TSPCB",16-09-2026 14:00:00,17.4559458,78.4332152,PM10,NA,NA,NA
India,Telangana,Hyderabad,"Somajiguda, Hyderabad - TSPCB",16-09-2026 14:00:00,17.417094,78.457437,PM10,48,63,54
India,Telangana,Hyderabad,"Somajiguda, Hyderabad - TSPCB",16-09-2026 14:00:00,17.417094,78.457437,OZONE,15,29,21
India,Uttar Pradesh,Agra,"Sanjay Palace, Agra - UPPCB",16-09-2026 14:00:00,27.19865833,78.00598056,PM10,22,109,59
India,Uttar Pradesh,Agra,"Sanjay Palace, Agra - UPPCB",16-09-2026 14:00:00,27.19865833,78.00598056,NO2,15,16,15
India,Uttar Pradesh,Agra,"Sanjay Palace, Agra - UPPCB",16-09-2026 14:00:00,27.19865833,78.00598056,NH3,NA,NA,NA
India,Uttar Pradesh,Agra,"Shahjahan Garden, Agra - UPPCB",16-09-2026 14:00:00,27.169338,78.03582,PM10,29,41,36
India,Uttar Pradesh,Agra,"Manoharpur, Agra - UPPCB",16-09-2026 14:00:00,27.23711,78.01936,SO2,14,78,60
India,Uttar Pradesh,Agra,"Shastripuram, Agra - UPPCB",16-09-2026 14:00:00,27.19862,77.92066,NO2,58,59,58
India,Rajasthan,Jodhpur,"Collectorate, Jodhpur - RSPCB",16-09-2026 14:00:00,26.268249,73.0193853,NO2,17,27,21
India,Rajasthan,Jodhpur,"Collectorate, Jodhpur - RSPCB",16-09-2026 14:00:00,26.268249,73.0193853,NH3,1,8,5
India,Rajasthan,Jodhpur,"Collectorate, Jodhpur - RSPCB",16-09-2026 14:00:00,26.268249,73.0193853,SO2,1,11,6
India,Rajasthan,Jodhpur,"Jhalamand, Jodhpur - RSPCB",16-09-2026 14:00:00,26.215415,73.070156,OZONE,9,21,14
India,Rajasthan,Jodhpur,"Samrat Ashok Udhyan, Jodhpur - RSPCB",16-09-2026 14:00:00,26.253384,72.976571,PM2.5,8,35,19
India,Rajasthan,Jodhpur,"Mandor, Jodhpur - RSPCB",16-09-2026 14:00:00,26.358805,73.047444,PM10,18,57,33
India,Rajasthan,Jodhpur,"Mandor, Jodhpur - RSPCB",16-09-2026 14:00:00,26.358805,73.047444,CO,3,16,10
India,Rajasthan,Jodhpur,"Mandor, Jodhpur - RSPCB",16-09-2026 14:00:00,26.358805,73.047444,OZONE,17,41,31
India,Rajasthan,Karauli,"Satyawati Vihar, Karauli - RSPCB",16-09-2026 14:00:00,26.506177,77.025989,PM10,NA,NA,NA
India,Rajasthan,Khairthal,"New Anaj Mandi, Khairthal - RSPCB",16-09-2026 14:00:00,27.8015617,76.6365217,NH3,2,7,3
India,Rajasthan,Khairthal,"New Anaj Mandi, Khairthal - RSPCB",16-09-2026 14:00:00,27.8015617,76.6365217,OZONE,37,69,49
India,Rajasthan,Kota,"Nayapura, Kota - RSPCB",16-09-2026 14:00:00,25.196024,75.855668,PM10,23,69,46
India,Rajasthan,Kota,"Nayapura, Kota - RSPCB",16-09-2026 14:00:00,25.196024,75.855668,OZONE,10,52,23
India,Rajasthan,Kota,"Shrinath Puram, Kota - RSPCB",16-09-2026 14:00:00,25.14389,75.821256,NH3,2,7,4
India,Rajasthan,Kota,"Shrinath Puram, Kota - RSPCB",16-09-2026 14:00:00,25.14389,75.821256,OZONE,3,11,6
India,Rajasthan,Kota,"Dhanmandi, Kota - RSPCB",16-09-2026 14:00:00,25.16409,75.858137,PM2.5,2,42,23
India,Rajasthan,Kota,"Dhanmandi, Kota - RSPCB",16-09-2026 14:00:00,25.16409,75.858137,NH3,1,2,2
India,Rajasthan,Kota,"Dhanmandi, Kota - RSPCB",16-09-2026 14:00:00,25.16409,75.858137,SO2,1,17,4
India,Rajasthan,Kota,"Dhanmandi, Kota - RSPCB",16-09-2026 14:00:00,25.16409,75.858137,OZONE,20,41,31
India,Rajasthan,Pali,"Indira Colony Vistar, Pali - RSPCB",16-09-2026 14:00:00,25.771061,73.340227,PM2.5,56,133,80
India,Rajasthan,Pali,"Indira Colony Vistar, Pali - RSPCB",16-09-2026 14:00:00,25.771061,73.340227,PM10,78,114,98
India,Rajasthan,Pali,"Indira Colony Vistar, Pali - RSPCB",16-09-2026 14:00:00,25.771061,73.340227,CO,22,43,33
India,Rajasthan,Pali,"Indira Colony Vistar, Pali - RSPCB",16-09-2026 14:00:00,25.771061,73.340227,OZONE,13,64,33
India,Rajasthan,Pratapgarh,"Pragati Nagar, Pratapgarh - RSPCB",16-09-2026 14:00:00,24.041198,74.780702,NO2,4,12,8
India,Rajasthan,Rajsamand,"Dhoinda, Rajsamand - RSPCB",16-09-2026 14:00:00,25.03636,73.883502,PM10,23,62,42
India,Uttar Pradesh,Noida,"Sector - 62, Noida - IITM",16-09-2026 14:00:00,28.6245479,77.3577104,PM10,52,131,84
India,Uttar Pradesh,Noida,"Sector - 62, Noida - IITM",16-09-2026 14:00:00,28.6245479,77.3577104,NO2,0,24,10
India,Uttar Pradesh,Noida,"Sector - 125, Noida - UPPCB",16-09-2026 14:00:00,28.5447608,77.3231257,PM2.5,15,345,101
India,Uttar Pradesh,Noida,"Sector - 125, Noida - UPPCB",16-09-2026 14:00:00,28.5447608,77.3231257,PM10,92,500,207
India,Uttar Pradesh,Noida,"Sector - 125, Noida - UPPCB",16-09-2026 14:00:00,28.5447608,77.3231257,NO2,16,17,17
India,Uttar Pradesh,Noida,"Sector - 125, Noida - UPPCB",16-09-2026 14:00:00,28.5447608,77.3231257,OZONE,13,24,16
India,Uttar Pradesh,Noida,"Sector-1, Noida - UPPCB",16-09-2026 14:00:00,28.5898,77.3101,PM10,28,137,96
India,Uttar Pradesh,Noida,"Sector-1, Noida - UPPCB",16-09-2026 14:00:00,28.5898,77.3101,CO,50,101,72
India,Uttar Pradesh,Noida,"Sector-116, Noida - UPPCB",16-09-2026 14:00:00,28.56923,77.393848,PM2.5,82,287,120
India,Uttar Pradesh,Prayagraj,"Nagar Nigam, Prayagraj - UPPCB",16-09-2026 14:00:00,25.44919916,81.82735986,SO2,24,62,30
India,Uttar Pradesh,Prayagraj,"Motilal Nehru NIT, Prayagraj - UPPCB",16-09-2026 14:00:00,25.494,81.863,PM2.5,5,25,15
India,Uttar Pradesh,Raebareli," Indira Nagar, Raebareli - NTPC Unchahar",16-09-2026 14:00:00,26.207781,81.245571,OZONE,7,35,22
India,Uttar Pradesh,Shamli,"New Tehsil, Shamli - UPPCB",16-09-2026 14:00:00,29.4603683,77.3410291,SO2,1,3,2
India,Uttar Pradesh,Varanasi,"Maldahiya, Varanasi - UPPCB",16-09-2026 14:00:00,25.32393,82.99687,PM10,32,131,92
India,Uttar Pradesh,Varanasi,"Ardhali Bazar, Varanasi - UPPCB",16-09-2026 14:00:00,25.3505986,82.9083074,PM10,46,107,78
India,Uttar Pradesh,Varanasi,"IESD Banaras Hindu University, Varanasi - UPPCB",16-09-2026 14:00:00,25.262326,82.995408,PM10,25,95,60
India,Uttar Pradesh,Vrindavan,"Omex Eternity, Vrindavan - UPPCB",16-09-2026 14:00:00,27.571409,77.655757,PM2.5,23,75,38
India,Uttarakhand,Dehradun,"Doon University, Dehradun - UKPCB",16-09-2026 14:00:00,30.269444,78.044167,NO2,1,4,2
India,Uttarakhand,Dehradun,"Doon University, Dehradun - UKPCB",16-09-2026 14:00:00,30.269444,78.044167,SO2,0,1,1
India,Uttarakhand,Dehradun,"Doon University, Dehradun - UKPCB",16-09-2026 14:00:00,30.269444,78.044167,CO,12,17,14
India,Uttarakhand,Kashipur,"Govt. Girls Inter College, Kashipur - UKPCB",16-09-2026 14:00:00,29.2124114,78.9611753,PM2.5,NA,NA,NA
India,Uttarakhand,Kashipur,"Govt. Girls Inter College, Kashipur - UKPCB",16-09-2026 14:00:00,29.2124114,78.9611753,CO,7,16,13
India,West Bengal,Asansol,"Mahabir Colliery, Asansol - WBPCB",16-09-2026 14:00:00,23.618183,87.105718,CO,58,81,66
India,West Bengal,Asansol,"Asansol Court Area, Asansol - WBPCB",16-09-2026 14:00:00,23.685297,86.945968,OZONE,30,30,30
India,West Bengal,Barrackpore,"SVSPA Campus, Barrackpore - WBPCB",16-09-2026 14:00:00,22.7605581,88.3617589,PM10,44,97,63
India,West Bengal,Barrackpore,"SVSPA Campus, Barrackpore - WBPCB",16-09-2026 14:00:00,22.7605581,88.3617589,NH3,5,8,7
India,West Bengal,Durgapur,"Mahishkapur Road_B-Zone, Durgapur - WBPCB",16-09-2026 14:00:00,23.567923,87.306843,NH3,1,1,1
India,West Bengal,Durgapur,"Womens College_City Center, Durgapur - WBPCB",16-09-2026 14:00:00,23.549395,87.300496,CO,34,85,61
India,West Bengal,Haldia,"Priyambada Housing Estate, Haldia - WBPCB",16-09-2026 14:00:00,22.06047,88.109737,PM2.5,12,32,20
India,West Bengal,Haldia,"Priyambada Housing Estate, Haldia - WBPCB",16-09-2026 14:00:00,22.06047,88.109737,NH3,4,11,8
India,West Bengal,Haldia,"Priyambada Housing Estate, Haldia - WBPCB",16-09-2026 14:00:00,22.06047,88.109737,SO2,12,13,12
India,West Bengal,Howrah,"Ghusuri, Howrah - WBPCB",16-09-2026 14:00:00,22.611968,88.347422,NO2,21,37,26
India,West Bengal,Howrah,"Belur Math, Howrah - WBPCB",16-09-2026 14:00:00,22.629801,88.352017,PM10,65,137,106
India,West Bengal,Howrah,"Belur Math, Howrah - WBPCB",16-09-2026 14:00:00,22.629801,88.352017,NO2,31,65,48
India,West Bengal,Howrah,"Belur Math, Howrah - WBPCB",16-09-2026 14:00:00,22.629801,88.352017,CO,15,24,17
India,West Bengal,Howrah,"Dasnagar, Howrah - WBPCB",16-09-2026 14:00:00,22.6025571,88.3105664,NH3,1,9,2
India,West Bengal,Howrah,"Dasnagar, Howrah - WBPCB",16-09-2026 14:00:00,22.6025571,88.3105664,SO2,9,11,10
India,West Bengal,Howrah,"Dasnagar, Howrah - WBPCB",16-09-2026 14:00:00,22.6025571,88.3105664,OZONE,12,52,31
India,West Bengal,Howrah,"Padmapukur, Howrah - WBPCB",16-09-2026 14:00:00,22.5687319,88.2797276,PM10,40,133,66
India,West Bengal,Howrah,"Padmapukur, Howrah - WBPCB",16-09-2026 14:00:00,22.5687319,88.2797276,NH3,3,11,7
India,West Bengal,Howrah,"Botanical Garden, Howrah - WBPCB",16-09-2026 14:00:00,22.554954,88.292568,PM2.5,21,204,69
India,West Bengal,Howrah,"Botanical Garden, Howrah - WBPCB",16-09-2026 14:00:00,22.554954,88.292568,NH3,1,4,2
India,West Bengal,Kolkata,"Rabindra Bharati University, Kolkata - WBPCB",16-09-2026 14:00:00,22.627847,88.380669,NO2,22,77,44
India,West Bengal,Kolkata,"Fort William, Kolkata - WBPCB",16-09-2026 14:00:00,22.55664,88.342674,NO2,11,43,21
India,West Bengal,Kolkata,"Fort William, Kolkata - WBPCB",16-09-2026 14:00:00,22.55664,88.342674,SO2,5,6,5
India,West Bengal,Kolkata,"Fort William, Kolkata - WBPCB",16-09-2026 14:00:00,22.55664,88.342674,CO,13,18,15
India,West Bengal,Kolkata,"Ballygunge, Kolkata - WBPCB",16-09-2026 14:00:00,22.5367507,88.3638022,NO2,22,85,31
India,West Bengal,Kolkata,"Ballygunge, Kolkata - WBPCB",16-09-2026 14:00:00,22.5367507,88.3638022,NH3,7,9,7
India,West Bengal,Kolkata,"Victoria, Kolkata - WBPCB",16-09-2026 14:00:00,22.5448082,88.3403691,PM10,31,48,40
India,West Bengal,Kolkata,"Victoria, Kolkata - WBPCB",16-09-2026 14:00:00,22.5448082,88.3403691,NH3,5,8,5
India,West Bengal,Kolkata,"Victoria, Kolkata - WBPCB",16-09-2026 14:00:00,22.5448082,88.3403691,SO2,1,9,5
India,West Bengal,Kolkata,"Bidhannagar, Kolkata - WBPCB",16-09-2026 14:00:00,22.58157048,88.41002457,SO2,6,10,8
India,West Bengal,Kolkata,"Bidhannagar, Kolkata - WBPCB",16-09-2026 14:00:00,22.58157048,88.41002457,OZONE,28,60,47
India,Bihar,Patna,"IGSC Planetarium Complex, Patna - BSPCB",16-09-2026 14:00:00,25.610369,85.132568,OZONE,46,67,61
India,Bihar,Patna,"Rajbansi Nagar, Patna - BSPCB",16-09-2026 14:00:00,25.599486,85.113666,NO2,28,33,30
India,Bihar,Patna,"Rajbansi Nagar, Patna - BSPCB",16-09-2026 14:00:00,25.599486,85.113666,OZONE,26,28,27
India,Bihar,Purnia,"Mariam Nagar, Purnia - BSPCB",16-09-2026 14:00:00,25.366336,87.117468,PM2.5,NA,NA,NA
India,Bihar,Rajgir,"Dangi Tola, Rajgir - BSPCB",16-09-2026 14:00:00,25.0328,85.41948,NO2,12,15,14
India,Bihar,Rajgir,"Dangi Tola, Rajgir - BSPCB",16-09-2026 14:00:00,25.0328,85.41948,OZONE,3,36,13
India,Bihar,Saharsa,"Police Line, Saharsa - BSPCB",16-09-2026 14:00:00,25.892357,86.590325,CO,32,47,41
India,Bihar,Samastipur,"DM Office_Kasipur, Samastipur - BSPCB",16-09-2026 14:00:00,25.859655,85.77944,NO2,NA,NA,NA
India,Bihar,Samastipur,"DM Office_Kasipur, Samastipur - BSPCB",16-09-2026 14:00:00,25.859655,85.77944,SO2,NA,NA,NA
India,Bihar,Sasaram,"Dada Peer, Sasaram - BSPCB",16-09-2026 14:00:00,24.952822,84.002396,SO2,4,10,7
India,Bihar,Sasaram,"Dada Peer, Sasaram - BSPCB",16-09-2026 14:00:00,24.952822,84.002396,CO,15,30,22
India,Chandigarh,Chandigarh,"Sector-25, Chandigarh - CPCC",16-09-2026 14:00:00,30.751462,76.762879,NH3,7,12,9
India,Chandigarh,Chandigarh,"Sector-53, Chandigarh - CPCC",16-09-2026 14:00:00,30.719859,76.738637,PM2.5,NA,NA,NA
India,Chandigarh,Chandigarh,"Sector-53, Chandigarh - CPCC",16-09-2026 14:00:00,30.719859,76.738637,NO2,NA,NA,NA
India,Chandigarh,Chandigarh,"Sector-53, Chandigarh - CPCC",16-09-2026 14:00:00,30.719859,76.738637,CO,23,28,25
India,Chandigarh,Chandigarh,"Sector 22, Chandigarh - CPCC",16-09-2026 14:00:00,30.735567,76.775714,PM10,22,77,38
India,Andhra Pradesh,Tirupati,"Vaikuntapuram, Tirupati - APPCB",16-09-2026 14:00:00,13.615387,79.40923,PM2.5,NA,NA,NA
India,Andhra Pradesh,Tirupati,"Vaikuntapuram, Tirupati - APPCB",16-09-2026 14:00:00,13.615387,79.40923,NO2,NA,NA,NA
India,Andhra Pradesh,Tirupati,"Vaikuntapuram, Tirupati - APPCB",16-09-2026 14:00:00,13.615387,79.40923,OZONE,33,47,40
India,Andhra Pradesh,Vijayawada,"HB Colony, Vijayawada - APPCB",16-09-2026 14:00:00,16.536107,80.594233,PM2.5,45,65,50
India,Andhra Pradesh,Vijayawada,"HB Colony, Vijayawada - APPCB",16-09-2026 14:00:00,16.536107,80.594233,PM10,49,66,54
India,Andhra Pradesh,Vijayawada,"HB Colony, Vijayawada - APPCB",16-09-2026 14:00:00,16.536107,80.594233,SO2,10,20,12
India,Andhra Pradesh,Vijayawada,"Rajiv Gandhi Park, Vijayawada - APPCB",16-09-2026 14:00:00,16.509717,80.612222,NO2,20,35,31
India,Andhra Pradesh,Vijayawada,"Rajiv Gandhi Park, Vijayawada - APPCB",16-09-2026 14:00:00,16.509717,80.612222,NH3,4,9,7
India,Andhra Pradesh,Visakhapatnam,"GVM Corporation, Visakhapatnam - APPCB",16-09-2026 14:00:00,17.72,83.3,PM2.5,26,138,58
India,Andhra Pradesh,Visakhapatnam,"GVM Corporation, Visakhapatnam - APPCB",16-09-2026 14:00:00,17.72,83.3,NH3,2,3,2
India,Arunachal Pradesh,Naharlagun,"Naharlagun, Naharlagun - APSPCB",16-09-2026 14:00:00,27.103358,93.679645,PM2.5,7,45,22
India,Arunachal Pradesh,Naharlagun,"Naharlagun, Naharlagun - APSPCB",16-09-2026 14:00:00,27.103358,93.679645,CO,8,11,9
India,Arunachal Pradesh,Naharlagun,"Naharlagun, Naharlagun - APSPCB",16-09-2026 14:00:00,27.103358,93.679645,OZONE,7,7,7
India,Assam,Byrnihat,"Central Academy for SFS, Byrnihat - PCBA",16-09-2026 14:00:00,26.071318,91.87488,PM2.5,68,207,91
India,Assam,Byrnihat,"Central Academy for SFS, Byrnihat - PCBA",16-09-2026 14:00:00,26.071318,91.87488,NO2,5,9,8
India,Assam,Byrnihat,"Central Academy for SFS, Byrnihat - PCBA",16-09-2026 14:00:00,26.071318,91.87488,SO2,7,32,28
India,Andhra Pradesh,Guntur,"Rajendra Nagar North, Guntur - APPCB",16-09-2026 14:00:00,16.316553,80.413302,OZONE,16,53,28
India,Andhra Pradesh,Kadapa,"Yerramukkapalli, Kadapa - APPCB",16-09-2026 14:00:00,14.465052,78.824187,PM2.5,57,71,61
India,Andhra Pradesh,Kadapa,"Yerramukkapalli, Kadapa - APPCB",16-09-2026 14:00:00,14.465052,78.824187,PM10,55,70,60
India,Andhra Pradesh,Kadapa,"Yerramukkapalli, Kadapa - APPCB",16-09-2026 14:00:00,14.465052,78.824187,CO,20,24,22
India,Andhra Pradesh,Kakinada,"Rama Rao Peta, Kakinada - APPCB",16-09-2026 14:00:00,16.962488,82.229513,SO2,10,12,11
India,Andhra Pradesh,Kurnool,"Sita Rama Nagar, Kurnool - APPCB",16-09-2026 14:00:00,15.83411,78.028546,PM2.5,36,69,51
India,Andhra Pradesh,Kurnool,"Sita Rama Nagar, Kurnool - APPCB",16-09-2026 14:00:00,15.83411,78.028546,PM10,37,65,50
India,Andhra Pradesh,Kurnool,"Sita Rama Nagar, Kurnool - APPCB",16-09-2026 14:00:00,15.83411,78.028546,CO,9,13,11
India,Andhra Pradesh,Nellore,"Ambedkar Nagar, Nellore - APPCB ",16-09-2026 14:00:00,14.438164,79.966814,SO2,11,19,12
India,Andhra Pradesh,Nellore,"Ambedkar Nagar, Nellore - APPCB ",16-09-2026 14:00:00,14.438164,79.966814,CO,34,37,36
India,Andhra Pradesh,Nellore,"Ambedkar Nagar, Nellore - APPCB ",16-09-2026 14:00:00,14.438164,79.966814,OZONE,41,56,50
India,Andhra Pradesh,Rajamahendravaram,"Anand Kala Kshetram, Rajamahendravaram - APPCB",16-09-2026 14:00:00,16.9872867,81.7363176,NO2,3,19,9
India,Andhra Pradesh,Rajamahendravaram,"Anand Kala Kshetram, Rajamahendravaram - APPCB",16-09-2026 14:00:00,16.9872867,81.7363176,NH3,2,3,2
India,Andhra Pradesh,Rajamahendravaram,"Anand Kala Kshetram, Rajamahendravaram - APPCB",16-09-2026 14:00:00,16.9872867,81.7363176,SO2,2,10,5
India,Chandigarh,Chandigarh,"Sector 22, Chandigarh - CPCC",16-09-2026 14:00:00,30.735567,76.775714,NO2,5,26,12
India,Chandigarh,Chandigarh,"Sector 22, Chandigarh - CPCC",16-09-2026 14:00:00,30.735567,76.775714,NH3,12,30,24
India,Chhattisgarh,Bhilai,"Hathkhoj, Bhilai - CECB",16-09-2026 14:00:00,21.224231,81.40835,PM10,28,84,58
India,Chhattisgarh,Bhilai,"Civic Center, Bhilai - Bhilai Steel Plant",16-09-2026 14:00:00,21.185571,81.343175,CO,20,21,21
India,Chhattisgarh,Bhilai,"Civic Center, Bhilai - Bhilai Steel Plant",16-09-2026 14:00:00,21.185571,81.343175,OZONE,11,12,11
India,Chhattisgarh,Bhilai,"32Bungalows, Bhilai - CECB",16-09-2026 14:00:00,21.194815,81.31477,PM2.5,17,40,30
India,Chhattisgarh,Bhilai,"32Bungalows, Bhilai - CECB",16-09-2026 14:00:00,21.194815,81.31477,NO2,4,21,9
India,Chhattisgarh,Bilaspur,"Mangala, Bilaspur - NTPC",16-09-2026 14:00:00,22.08815,82.13737,PM2.5,25,59,37
India,Chhattisgarh,Bilaspur,"Mangala, Bilaspur - NTPC",16-09-2026 14:00:00,22.08815,82.13737,NH3,NA,NA,NA
India,Chhattisgarh,Bilaspur,"Mangala, Bilaspur - NTPC",16-09-2026 14:00:00,22.08815,82.13737,SO2,12,21,16
India,Chhattisgarh,Kunjemura,"OP Jindal School, Kunjemura - CECB",16-09-2026 14:00:00,22.12665,83.483212,NO2,4,40,12
India,Chhattisgarh,Kunjemura,"OP Jindal School, Kunjemura - CECB",16-09-2026 14:00:00,22.12665,83.483212,SO2,7,21,15
India,Chhattisgarh,Kunjemura,"OP Jindal School, Kunjemura - CECB",16-09-2026 14:00:00,22.12665,83.483212,OZONE,3,5,4
India,Chhattisgarh,Milupara,"Govt. Higher Secondary School, Milupara - CECB",16-09-2026 14:00:00,22.1910172,83.5197009,PM2.5,NA,NA,NA
India,Bihar,Kishanganj,"SDM Office_Khagra, Kishanganj - BSPCB",16-09-2026 14:00:00,26.0881305,87.93840336,NO2,7,8,8
India,Bihar,Munger,"Town Hall, Munger - BSPCB",16-09-2026 14:00:00,25.376776,86.471523,NO2,11,13,12
India,Bihar,Munger,"Town Hall, Munger - BSPCB",16-09-2026 14:00:00,25.376776,86.471523,CO,34,36,35
India,Bihar,Muzaffarpur,"MIT-Daudpur Kothi, Muzaffarpur - BSPCB",16-09-2026 14:00:00,26.1403345,85.3650192,PM10,25,43,33
India,Bihar,Muzaffarpur,"MIT-Daudpur Kothi, Muzaffarpur - BSPCB",16-09-2026 14:00:00,26.1403345,85.3650192,NO2,2,4,3
India,Bihar,Muzaffarpur,"Buddha Colony, Muzaffarpur - BSPCB",16-09-2026 14:00:00,26.11442,85.39813,NO2,9,28,16
India,Bihar,Muzaffarpur,"Buddha Colony, Muzaffarpur - BSPCB",16-09-2026 14:00:00,26.11442,85.39813,NH3,11,16,13
India,Bihar,Patna,"Samanpura, Patna - BSPCB",16-09-2026 14:00:00,25.596727,85.085624,OZONE,23,25,24
India,Bihar,Patna,"Muradpur, Patna - BSPCB",16-09-2026 14:00:00,25.619651,85.147382,CO,42,52,47
India,Bihar,Patna,"DRM Office Danapur, Patna - BSPCB",16-09-2026 14:00:00,25.586562,85.043586,NO2,21,25,23
India,Bihar,Patna,"Govt. High School Shikarpur, Patna - BSPCB",16-09-2026 14:00:00,25.592539,85.227158,NO2,5,7,6
India,Bihar,Patna,"Govt. High School Shikarpur, Patna - BSPCB",16-09-2026 14:00:00,25.592539,85.227158,SO2,12,13,13
India,Assam,Nagaon,"Christianpatty, Nagaon - PCBA",16-09-2026 14:00:00,26.349082,92.68449,OZONE,7,11,8
India,Assam,Nalbari,"Bata Chowk, Nalbari - PCBA",16-09-2026 14:00:00,26.446912,91.439057,PM2.5,22,117,54
India,Assam,Nalbari,"Bata Chowk, Nalbari - PCBA",16-09-2026 14:00:00,26.446912,91.439057,SO2,8,8,8
India,Assam,Nalbari,"Bata Chowk, Nalbari - PCBA",16-09-2026 14:00:00,26.446912,91.439057,OZONE,19,19,19
India,Assam,Silchar,"Tarapur, Silchar - PCBA",16-09-2026 14:00:00,24.82827,92.79525,NH3,1,1,1
India,Bihar,Araria,"Kharahiya Basti, Araria - BSPCB",16-09-2026 14:00:00,26.146529,87.454184,NH3,4,5,4
India,Bihar,Araria,"Kharahiya Basti, Araria - BSPCB",16-09-2026 14:00:00,26.146529,87.454184,CO,25,33,29
India,Bihar,Begusarai,"Lohiyanagar, Begusarai - BSPCB",16-09-2026 14:00:00,25.42742023,86.13886079,PM2.5,32,97,55
India,Bihar,Begusarai,"Lohiyanagar, Begusarai - BSPCB",16-09-2026 14:00:00,25.42742023,86.13886079,NH3,2,3,3
India,Bihar,Bettiah,"Kamalnath Nagar, Bettiah - BSPCB",16-09-2026 14:00:00,26.80365,84.51954,PM2.5,NA,NA,NA
India,Bihar,Bhagalpur,"Mayaganj, Bhagalpur - BSPCB",16-09-2026 14:00:00,25.265194,87.012947,PM10,21,37,22
India,Bihar,Bhagalpur,"Mayaganj, Bhagalpur - BSPCB",16-09-2026 14:00:00,25.265194,87.012947,NO2,19,22,21
India,Assam,Byrnihat,"Central Academy for SFS, Byrnihat - PCBA",16-09-2026 14:00:00,26.071318,91.87488,OZONE,16,33,20
India,Assam,Guwahati,"LGBI Airport, Guwahati - PCBA",16-09-2026 14:00:00,26.10887,91.589544,PM2.5,18,68,37
India,Assam,Guwahati,"LGBI Airport, Guwahati - PCBA",16-09-2026 14:00:00,26.10887,91.589544,PM10,14,55,29
India,Assam,Guwahati,"LGBI Airport, Guwahati - PCBA",16-09-2026 14:00:00,26.10887,91.589544,NO2,14,45,15
India,Assam,Guwahati,"LGBI Airport, Guwahati - PCBA",16-09-2026 14:00:00,26.10887,91.589544,CO,29,34,31
India,Assam,Guwahati,"Pan Bazaar, Guwahati - PCBA",16-09-2026 14:00:00,26.1875,91.744194,NO2,1,2,2
India,Assam,Guwahati,"Pan Bazaar, Guwahati - PCBA",16-09-2026 14:00:00,26.1875,91.744194,OZONE,11,22,18
India,Assam,Guwahati,"Railway Colony, Guwahati - PCBA",16-09-2026 14:00:00,26.181742,91.78063,PM10,18,66,47
India,Bihar,Bhagalpur,"DM Office_Kachari Chowk, Bhagalpur - BSPCB",16-09-2026 14:00:00,25.251013,86.989001,SO2,15,27,22
India,Bihar,Bihar Sharif,"D M Colony, Bihar Sharif - BSPCB",16-09-2026 14:00:00,25.204762,85.51496,PM2.5,NA,NA,NA
India,Bihar,Gaya,"Collectorate, Gaya - BSPCB",16-09-2026 14:00:00,24.7955,84.9994,PM2.5,43,271,137
India,Bihar,Gaya,"Collectorate, Gaya - BSPCB",16-09-2026 14:00:00,24.7955,84.9994,NH3,NA,NA,NA
India,Bihar,Gaya,"Collectorate, Gaya - BSPCB",16-09-2026 14:00:00,24.7955,84.9994,SO2,7,7,7
India,Bihar,Hajipur,"Industrial Area, Hajipur - BSPCB",16-09-2026 14:00:00,25.697189,85.2459,OZONE,19,71,45
India,Andhra Pradesh,Chittoor,"Gangineni Cheruvu, Chittoor - APPCB",16-09-2026 14:00:00,13.20488,79.097889,PM10,NA,NA,NA
India,Andhra Pradesh,Chittoor,"Gangineni Cheruvu, Chittoor - APPCB",16-09-2026 14:00:00,13.20488,79.097889,SO2,NA,NA,NA
India,Andhra Pradesh,Eluru,"District Court, Eluru - APPCB",16-09-2026 14:00:00,16.711754,81.092095,PM10,44,59,51
India,Andhra Pradesh,Eluru,"District Court, Eluru - APPCB",16-09-2026 14:00:00,16.711754,81.092095,NO2,17,62,35
India,Andhra Pradesh,Eluru,"District Court, Eluru - APPCB",16-09-2026 14:00:00,16.711754,81.092095,OZONE,11,28,18
India,Andhra Pradesh,Guntur,"Rajendra Nagar North, Guntur - APPCB",16-09-2026 14:00:00,16.316553,80.413302,NO2,21,48,31
India,Andhra Pradesh,Amaravati,"Secretariat, Amaravati - APPCB",16-09-2026 14:00:00,16.5150833,80.5181667,NO2,13,37,24
India,Andhra Pradesh,Amaravati,"Secretariat, Amaravati - APPCB",16-09-2026 14:00:00,16.5150833,80.5181667,NH3,4,6,5
India,Andhra Pradesh,Anantapur,"Gulzarpet, Anantapur - APPCB",16-09-2026 14:00:00,14.675886,77.593027,PM2.5,36,64,47
India,Andhra Pradesh,Anantapur,"Gulzarpet, Anantapur - APPCB",16-09-2026 14:00:00,14.675886,77.593027,NH3,4,7,5
India,Gujarat,Gandhinagar,"GIFT City, Gandhinagar - IITM",16-09-2026 14:00:00,23.163798,72.677768,PM2.5,15,87,47
India,Gujarat,Gandhinagar,"GIFT City, Gandhinagar - IITM",16-09-2026 14:00:00,23.163798,72.677768,NO2,14,21,16
India,Gujarat,Gandhinagar,"GIFT City, Gandhinagar - IITM",16-09-2026 14:00:00,23.163798,72.677768,SO2,2,6,4
India,Gujarat,Gandhinagar,"GIFT City, Gandhinagar - IITM",16-09-2026 14:00:00,23.163798,72.677768,CO,21,39,30
India,Gujarat,Gandhinagar,"GIFT City, Gandhinagar - IITM",16-09-2026 14:00:00,23.163798,72.677768,OZONE,4,8,6
India,Gujarat,Gandhinagar,"IIPHG Lekawada, Gandhinagar - IITM",16-09-2026 14:00:00,23.243639,72.68994,NH3,5,6,5
India,Gujarat,Gandhinagar,"IIPHG Lekawada, Gandhinagar - IITM",16-09-2026 14:00:00,23.243639,72.68994,CO,18,23,21
India,Gujarat,Mehsana,"Sadanand Nagar, Mehsana - Nexteng Enviro",16-09-2026 14:00:00,23.59315,72.372792,SO2,14,15,14
India,Gujarat,Mehsana,"Sadanand Nagar, Mehsana - Nexteng Enviro",16-09-2026 14:00:00,23.59315,72.372792,OZONE,9,10,10
India,Gujarat,Nandesari,"GIDC, Nandesari - Nandesari Ind. Association",16-09-2026 14:00:00,22.410802,73.097923,NO2,NA,NA,NA
India,Gujarat,Rajkot,"Mavdi, Rajkot - Nexteng Enviro ",16-09-2026 14:00:00,22.248853,70.776774,CO,27,30,28
India,Gujarat,Surat,"Science Center, Surat - SMC",16-09-2026 14:00:00,21.170046,72.795405,PM10,15,55,30
India,Gujarat,Surat,"Science Center, Surat - SMC",16-09-2026 14:00:00,21.170046,72.795405,NO2,2,9,5
India,Gujarat,Surat,"Science Center, Surat - SMC",16-09-2026 14:00:00,21.170046,72.795405,SO2,15,19,17
India,Gujarat,Surat,"Katargam, Surat - Nexteng Enviro",16-09-2026 14:00:00,21.217779,72.834787,PM10,44,158,96
India,Gujarat,Surat,"Katargam, Surat - Nexteng Enviro",16-09-2026 14:00:00,21.217779,72.834787,NH3,1,1,1
India,Gujarat,Vadodara,"Bapunagar, Vadodara - Nexteng Enviro",16-09-2026 14:00:00,22.320153,73.216285,PM2.5,11,55,37
India,Gujarat,Vadodara,"Bapunagar, Vadodara - Nexteng Enviro",16-09-2026 14:00:00,22.320153,73.216285,CO,82,83,83
India,Delhi,Delhi,"Mandir Marg, Delhi - DPCC",16-09-2026 14:00:00,28.636429,77.201067,NO2,6,35,16
India,Delhi,Delhi,"Mandir Marg, Delhi - DPCC",16-09-2026 14:00:00,28.636429,77.201067,SO2,36,48,45
India,Delhi,Delhi,"Pusa, Delhi - DPCC",16-09-2026 14:00:00,28.639652,77.146275,CO,79,104,93
India,Delhi,Delhi,"Sirifort, Delhi - CPCB",16-09-2026 14:00:00,28.5504249,77.2159377,NH3,8,12,10
India,Delhi,Delhi,"Sirifort, Delhi - CPCB",16-09-2026 14:00:00,28.5504249,77.2159377,SO2,31,44,34
India,Delhi,Delhi,"Sirifort, Delhi - CPCB",16-09-2026 14:00:00,28.5504249,77.2159377,OZONE,15,19,17
India,Delhi,Delhi,"Chandni Chowk, Delhi - IITM",16-09-2026 14:00:00,28.656756,77.227234,NH3,4,19,8
India,Delhi,Delhi,"Pusa, Delhi - IITM",16-09-2026 14:00:00,28.63611,77.173332,PM10,40,146,83
India,Delhi,Delhi,"Pusa, Delhi - IITM",16-09-2026 14:00:00,28.63611,77.173332,OZONE,15,217,105
India,Delhi,Delhi,"IIT Delhi, Delhi - IITM",16-09-2026 14:00:00,28.54246,77.191651,SO2,NA,NA,NA
India,Delhi,Delhi,"IGNOU_Maidan Garhi, Delhi - DPCC",16-09-2026 14:00:00,28.493624,77.201159,NH3,0,7,2
India,Delhi,Delhi,"IGNOU_Maidan Garhi, Delhi - DPCC",16-09-2026 14:00:00,28.493624,77.201159,OZONE,4,12,8
India,Delhi,Delhi,"Commonwealth Sports Complex, Delhi - DPCC",16-09-2026 14:00:00,28.615828,77.271992,CO,61,65,64
India,Delhi,Delhi,"Talkatora Garden, Delhi - DPCC",16-09-2026 14:00:00,28.62181,77.1944633,NO2,9,37,20
India,Delhi,Delhi,"Talkatora Garden, Delhi - DPCC",16-09-2026 14:00:00,28.62181,77.1944633,SO2,1,2,1
India,Delhi,Delhi,"NSIT Dwarka, Delhi - CPCB",16-09-2026 14:00:00,28.60909,77.0325413,PM2.5,21,74,38
India,Delhi,Delhi,"NSIT Dwarka, Delhi - CPCB",16-09-2026 14:00:00,28.60909,77.0325413,SO2,11,17,14
India,Gujarat,Vapi,"Phase-1 GIDC, Vapi - GPCB",16-09-2026 14:00:00,20.362421,72.918013,SO2,NA,NA,NA
India,Gujarat,Vatva,"Phase-4 GIDC, Vatva - GPCB",16-09-2026 14:00:00,22.969611,72.6435,NH3,5,5,5
India,Gujarat,Vatva,"Phase-4 GIDC, Vatva - GPCB",16-09-2026 14:00:00,22.969611,72.6435,SO2,2,45,15
India,Gujarat,Vatva,"Phase-4 GIDC, Vatva - GPCB",16-09-2026 14:00:00,22.969611,72.6435,OZONE,9,22,16
India,Haryana,Bahadurgarh,"Arya Nagar, Bahadurgarh - HSPCB",16-09-2026 14:00:00,28.6701,76.9254,PM2.5,47,126,79
India,Haryana,Bahadurgarh,"Arya Nagar, Bahadurgarh - HSPCB",16-09-2026 14:00:00,28.6701,76.9254,OZONE,13,44,26
India,Haryana,Ballabgarh,"Nathu Colony, Ballabgarh - HSPCB",16-09-2026 14:00:00,28.3419248,77.319699,PM10,NA,NA,NA
India,Haryana,Ballabgarh,"Nathu Colony, Ballabgarh - HSPCB",16-09-2026 14:00:00,28.3419248,77.319699,NH3,4,5,5
India,Haryana,Bhiwani,"H.B. Colony, Bhiwani - HSPCB",16-09-2026 14:00:00,28.806223,76.141105,PM10,45,74,60
India,Haryana,Bhiwani,"H.B. Colony, Bhiwani - HSPCB",16-09-2026 14:00:00,28.806223,76.141105,CO,47,48,48
India,Haryana,Charkhi Dadri,"Mini Secretariat, Charkhi Dadri - HSPCB",16-09-2026 14:00:00,28.593883,76.270653,NH3,5,9,6
India,Haryana,Charkhi Dadri,"Mini Secretariat, Charkhi Dadri - HSPCB",16-09-2026 14:00:00,28.593883,76.270653,SO2,7,9,8
India,Haryana,Dharuhera,"Municipal Corporation Office, Dharuhera -  HSPCB",16-09-2026 14:00:00,28.2068,76.7997,NH3,5,9,6
India,Haryana,Dharuhera,"Municipal Corporation Office, Dharuhera -  HSPCB",16-09-2026 14:00:00,28.2068,76.7997,OZONE,7,32,19
India,Gujarat,Ahmedabad,"SAC ISRO Bopal, Ahmedabad - IITM",16-09-2026 14:00:00,23.041137,72.456691,OZONE,16,28,22
India,Gujarat,Ahmedabad,"Maninagar, Ahmedabad - GPCB",16-09-2026 14:00:00,23.002657,72.591912,NH3,NA,NA,NA
India,Gujarat,Ahmedabad,"Raikhad, Ahmedabad - IITM",16-09-2026 14:00:00,23.020509,72.579261,PM10,29,61,43
India,Gujarat,Ahmedabad,"SAC ISRO Satellite, Ahmedabad - IITM",16-09-2026 14:00:00,23.023389,72.515201,NH3,2,2,2
India,Gujarat,Ahmedabad,"Rakhial, Ahmedabad - IITM",16-09-2026 14:00:00,23.016834,72.625775,NH3,NA,NA,NA
India,Gujarat,Ahmedabad,"Rakhial, Ahmedabad - IITM",16-09-2026 14:00:00,23.016834,72.625775,CO,31,66,45
India,Gujarat,Ahmedabad,"Gyaspur, Ahmedabad - IITM",16-09-2026 14:00:00,22.977134,72.553024,NO2,28,45,35
India,Gujarat,Ahmedabad,"Gyaspur, Ahmedabad - IITM",16-09-2026 14:00:00,22.977134,72.553024,CO,37,47,40
India,Gujarat,Ahmedabad,"SVPI Airport Hansol, Ahmedabad - IITM",16-09-2026 14:00:00,23.076793,72.627874,PM10,32,59,43
India,Gujarat,Ankleshwar,"GIDC, Ankleshwar - GPCB",16-09-2026 14:00:00,21.613267,73.010555,PM2.5,39,73,50
India,Gujarat,Ankleshwar,"GIDC, Ankleshwar - GPCB",16-09-2026 14:00:00,21.613267,73.010555,NH3,5,6,6
India,Gujarat,Bhavnagar,"Vidhyanagar, Bhavnagar - Nexteng Enviro",16-09-2026 14:00:00,21.755417,72.139056,NH3,3,6,6
India,Delhi,Delhi,"Bawana, Delhi - DPCC",16-09-2026 14:00:00,28.7762,77.051074,SO2,13,14,13
India,Delhi,Delhi,"Okhla Phase-2, Delhi - DPCC",16-09-2026 14:00:00,28.530785,77.271255,PM2.5,32,95,58
India,Delhi,Delhi,"Okhla Phase-2, Delhi - DPCC",16-09-2026 14:00:00,28.530785,77.271255,PM10,59,163,101
India,Delhi,Delhi,"Okhla Phase-2, Delhi - DPCC",16-09-2026 14:00:00,28.530785,77.271255,NO2,11,62,33
India,Delhi,Delhi,"Vivek Vihar, Delhi - DPCC",16-09-2026 14:00:00,28.672342,77.31526,NO2,31,71,46
India,Delhi,Delhi,"Jahangirpuri, Delhi - DPCC",16-09-2026 14:00:00,28.73282,77.170633,NO2,16,45,28
India,Delhi,Delhi,"IHBAS, Dilshad Garden, Delhi - CPCB",16-09-2026 14:00:00,28.6811736,77.3025234,NO2,49,52,51
India,Delhi,Delhi,"IHBAS, Dilshad Garden, Delhi - CPCB",16-09-2026 14:00:00,28.6811736,77.3025234,SO2,7,19,14
India,Delhi,Delhi,"Sri Aurobindo Marg, Delhi - DPCC",16-09-2026 14:00:00,28.531346,77.190156,NH3,4,5,5
India,Delhi,Delhi,"Sri Aurobindo Marg, Delhi - DPCC",16-09-2026 14:00:00,28.531346,77.190156,CO,39,48,43
India,Delhi,Delhi,"Nehru Nagar, Delhi - DPCC",16-09-2026 14:00:00,28.56789,77.250515,NH3,4,12,6
India,Delhi,Delhi,"Nehru Nagar, Delhi - DPCC",16-09-2026 14:00:00,28.56789,77.250515,OZONE,10,83,33
India,Delhi,Delhi,"Patparganj, Delhi - DPCC",16-09-2026 14:00:00,28.623763,77.287209,NH3,6,8,7
India,Chhattisgarh,Raipur,"Bhatagaon New ISBT, Raipur - CECB",16-09-2026 14:00:00,21.219665,81.630094,NH3,2,2,2
India,Chhattisgarh,Raipur,"Bhatagaon New ISBT, Raipur - CECB",16-09-2026 14:00:00,21.219665,81.630094,SO2,2,5,3
India,Chhattisgarh,Raipur,"AIIMS, Raipur - CECB",16-09-2026 14:00:00,21.258815,81.578979,NH3,NA,NA,NA
India,Chhattisgarh,Raipur,"Siltara Phase-II, Raipur - CECB",16-09-2026 14:00:00,21.371751,81.664929,NO2,6,35,19
India,Chhattisgarh,Tumidih,"OP Jindal Industrial Park, Tumidih - CECB",16-09-2026 14:00:00,22.06631475,83.33820077,PM2.5,NA,NA,NA
India,Chhattisgarh,Tumidih,"OP Jindal Industrial Park, Tumidih - CECB",16-09-2026 14:00:00,22.06631475,83.33820077,NO2,NA,NA,NA
India,Chhattisgarh,Tumidih,"OP Jindal Industrial Park, Tumidih - CECB",16-09-2026 14:00:00,22.06631475,83.33820077,CO,24,24,24
India,Chhattisgarh,Tumidih,"OP Jindal Industrial Park, Tumidih - CECB",16-09-2026 14:00:00,22.06631475,83.33820077,OZONE,8,8,8
India,Delhi,Delhi,"Wazirpur, Delhi - DPCC",16-09-2026 14:00:00,28.699793,77.165453,PM10,95,318,164
India,Delhi,Delhi,"Cantonment Area, Delhi - DPCC",16-09-2026 14:00:00,28.594169,77.1251,PM10,5,78,44
India,Delhi,Delhi,"Major Dhyan Chand National Stadium, Delhi - DPCC",16-09-2026 14:00:00,28.611281,77.237738,PM2.5,2,67,25
India,Delhi,Delhi,"Major Dhyan Chand National Stadium, Delhi - DPCC",16-09-2026 14:00:00,28.611281,77.237738,CO,43,56,50
India,Delhi,Delhi,"Aya Nagar, Delhi - IITM",16-09-2026 14:00:00,28.4706914,77.1099364,CO,23,36,30
India,Delhi,Delhi,"CRRI Mathura Road, Delhi - IITM",16-09-2026 14:00:00,28.5512005,77.2735737,SO2,NA,NA,NA
India,Delhi,Delhi,"Burari Crossing, Delhi - IITM",16-09-2026 14:00:00,28.7256504,77.2011573,PM2.5,20,104,66
India,Delhi,Delhi,"Burari Crossing, Delhi - IITM",16-09-2026 14:00:00,28.7256504,77.2011573,OZONE,19,168,65
India,Delhi,Delhi,"IMD Lodhi Road, Delhi - IITM",16-09-2026 14:00:00,28.5918245,77.2273074,PM2.5,21,122,59
India,Delhi,Delhi,"IMD Lodhi Road, Delhi - IITM",16-09-2026 14:00:00,28.5918245,77.2273074,PM10,40,114,81
India,Delhi,Delhi,"IMD Lodhi Road, Delhi - IITM",16-09-2026 14:00:00,28.5918245,77.2273074,SO2,NA,NA,NA
India,Delhi,Delhi,"JNU, Delhi - DPCC",16-09-2026 14:00:00,28.540721,77.168544,PM2.5,28,91,53
India,Delhi,Delhi,"ITO, Delhi - CPCB",16-09-2026 14:00:00,28.628624,77.24106,NO2,16,102,60
India,Delhi,Delhi,"North Campus, DU, Delhi - IITM",16-09-2026 14:00:00,28.6573814,77.1585447,OZONE,27,171,87
India,Gujarat,Ahmedabad,"Chandkheda, Ahmedabad - IITM",16-09-2026 14:00:00,23.107969,72.574648,PM2.5,24,69,41
India,Delhi,Delhi,"Najafgarh, Delhi - DPCC",16-09-2026 14:00:00,28.570173,76.933762,CO,29,29,29
India,Delhi,Delhi,"Mundka, Delhi - DPCC",16-09-2026 14:00:00,28.684678,77.076574,NO2,29,99,78
India,Delhi,Delhi,"Mundka, Delhi - DPCC",16-09-2026 14:00:00,28.684678,77.076574,NH3,5,8,6
India,Delhi,Delhi,"NSUT Jaffarpur, Delhi - DPCC",16-09-2026 14:00:00,28.594004,76.909423,NO2,6,42,21
India,Delhi,Delhi,"Ashok Vihar, Delhi - DPCC",16-09-2026 14:00:00,28.695381,77.181665,NO2,14,51,31
India,Delhi,Delhi,"Anand Vihar, Delhi - DPCC",16-09-2026 14:00:00,28.647622,77.315809,SO2,13,135,28
India,Delhi,Delhi,"Anand Vihar, Delhi - DPCC",16-09-2026 14:00:00,28.647622,77.315809,OZONE,2,12,5
India,Delhi,Delhi,"DTU, Delhi - CPCB",16-09-2026 14:00:00,28.7500499,77.1112615,PM2.5,47,223,87
India,Delhi,Delhi,"DTU, Delhi - CPCB",16-09-2026 14:00:00,28.7500499,77.1112615,PM10,52,172,105
India,Delhi,Delhi,"DTU, Delhi - CPCB",16-09-2026 14:00:00,28.7500499,77.1112615,NH3,4,13,9
India,Delhi,Delhi,"Dwarka-Sector 8, Delhi - DPCC ",16-09-2026 14:00:00,28.5710274,77.0719006,PM10,51,190,102
India,Delhi,Delhi,"Dwarka-Sector 8, Delhi - DPCC ",16-09-2026 14:00:00,28.5710274,77.0719006,SO2,11,17,15
India,Haryana,Faridabad,"Sector 30, Faridabad - HSPCB",16-09-2026 14:00:00,28.4417,77.3217,CO,25,28,26
India,Haryana,Fatehabad,"Huda Sector, Fatehabad - HSPCB",16-09-2026 14:00:00,29.503664,75.467934,SO2,13,25,20
India,Haryana,Gurugram,"NISE Gwal Pahari, Gurugram - IITM",16-09-2026 14:00:00,28.422681,77.148944,CO,39,41,40
India,Haryana,Gurugram,"NISE Gwal Pahari, Gurugram - IITM",16-09-2026 14:00:00,28.422681,77.148944,OZONE,7,66,35
India,Haryana,Gurugram,"Sector-51, Gurugram - HSPCB",16-09-2026 14:00:00,28.4227,77.0667,PM2.5,14,90,38
India,Haryana,Gurugram,"Sector-51, Gurugram - HSPCB",16-09-2026 14:00:00,28.4227,77.0667,SO2,7,10,8
India,Haryana,Gurugram,"Vikas Sadan, Gurugram - HSPCB",16-09-2026 14:00:00,28.4501238,77.0263051,PM2.5,45,156,73
India,Haryana,Gurugram,"Vikas Sadan, Gurugram - HSPCB",16-09-2026 14:00:00,28.4501238,77.0263051,OZONE,5,11,8
India,Haryana,Gurugram,"Teri Gram, Gurugram - HSPCB",16-09-2026 14:00:00,28.4275,77.1465,PM10,72,118,94
India,Haryana,Gurugram,"Teri Gram, Gurugram - HSPCB",16-09-2026 14:00:00,28.4275,77.1465,NH3,9,17,12
India,Madhya Pradesh,Jabalpur,"Marhatal, Jabalpur - MPPCB",16-09-2026 14:00:00,23.168606,79.932247,PM10,8,36,20
India,Madhya Pradesh,Jabalpur,"Marhatal, Jabalpur - MPPCB",16-09-2026 14:00:00,23.168606,79.932247,SO2,10,13,11
India,Madhya Pradesh,Jabalpur,"Govindh Bhavan Colony, Jabalpur - JMC",16-09-2026 14:00:00,23.163174,79.973061,PM10,12,35,20
India,Madhya Pradesh,Jabalpur,"Govindh Bhavan Colony, Jabalpur - JMC",16-09-2026 14:00:00,23.163174,79.973061,NH3,3,6,4
India,Madhya Pradesh,Jabalpur,"Govindh Bhavan Colony, Jabalpur - JMC",16-09-2026 14:00:00,23.163174,79.973061,OZONE,7,43,26
India,Madhya Pradesh,Jabalpur,"Suhagi, Jabalpur - JMC",16-09-2026 14:00:00,23.218135,79.95777,NO2,37,60,45
India,Madhya Pradesh,Jabalpur,"Suhagi, Jabalpur - JMC",16-09-2026 14:00:00,23.218135,79.95777,SO2,5,8,7
India,Madhya Pradesh,Katni,"Gole Bazar, Katni - MPPCB",16-09-2026 14:00:00,23.50016,80.23284,PM2.5,10,52,28
India,Madhya Pradesh,Maihar,"Sahilara, Maihar - KJS Cements",16-09-2026 14:00:00,24.2613009,80.7231783,PM2.5,41,43,42
India,Madhya Pradesh,Maihar,"Sahilara, Maihar - KJS Cements",16-09-2026 14:00:00,24.2613009,80.7231783,NO2,33,61,49
India,Madhya Pradesh,Maihar,"Sahilara, Maihar - KJS Cements",16-09-2026 14:00:00,24.2613009,80.7231783,OZONE,NA,NA,NA
India,Madhya Pradesh,Mandideep,"Sector-D Industrial Area, Mandideep - MPPCB",16-09-2026 14:00:00,23.10844,77.511428,PM2.5,19,178,47
India,Madhya Pradesh,Mandideep,"Sector-D Industrial Area, Mandideep - MPPCB",16-09-2026 14:00:00,23.10844,77.511428,NH3,3,5,4
India,Madhya Pradesh,Mandideep,"Sector-D Industrial Area, Mandideep - MPPCB",16-09-2026 14:00:00,23.10844,77.511428,CO,12,24,17
India,Madhya Pradesh,Pithampur,"Sector-2 Industrial Area, Pithampur - MPPCB",16-09-2026 14:00:00,22.624758,75.675238,OZONE,28,46,32
India,Madhya Pradesh,Ratlam,"Shasthri Nagar, Ratlam - IPCA Lab",16-09-2026 14:00:00,23.331731,75.045981,NO2,38,51,42
India,Madhya Pradesh,Ratlam,"Shasthri Nagar, Ratlam - IPCA Lab",16-09-2026 14:00:00,23.331731,75.045981,SO2,10,11,10
India,Madhya Pradesh,Sagar,"Civil Lines, Sagar - MPPCB",16-09-2026 14:00:00,23.838586,78.759431,OZONE,33,45,39
India,Madhya Pradesh,Satna,"Bandhavgar Colony, Satna - Birla Cement",16-09-2026 14:00:00,24.58434363,80.8549414,PM10,69,72,70
India,Madhya Pradesh,Singrauli,"Suryakiran Bhawan NCL, Singrauli - MPPCB",16-09-2026 14:00:00,24.10897,82.64558,CO,20,25,23
India,Madhya Pradesh,Ujjain,"Mahashweta Nagar, Ujjain - MPPCB",16-09-2026 14:00:00,23.1633321,75.800225,OZONE,19,41,35
India,Maharashtra,Akola,"Ramdaspeth, Akola - MPCB",16-09-2026 14:00:00,20.719516,77.000253,PM2.5,13,69,40
India,Maharashtra,Ambernath,"Chinchpada, Ambernath - MPCB",16-09-2026 14:00:00,19.215784,73.199781,OZONE,2,15,9
India,Maharashtra,Amravati,"Shri Shivaji Science College, Amravati - MPCB",16-09-2026 14:00:00,20.939198,77.765701,PM10,33,96,56
India,Maharashtra,Amravati,"Shri Shivaji Science College, Amravati - MPCB",16-09-2026 14:00:00,20.939198,77.765701,NH3,2,9,4
India,Maharashtra,Amravati,"Shri Shivaji Science College, Amravati - MPCB",16-09-2026 14:00:00,20.939198,77.765701,SO2,5,8,6
India,Maharashtra,Amravati,"Shivneri Colony, Amravati - MPCB",16-09-2026 14:00:00,20.9402359,77.7895248,NH3,2,2,2
India,Maharashtra,Amravati,"Shivneri Colony, Amravati - MPCB",16-09-2026 14:00:00,20.9402359,77.7895248,CO,8,18,13
India,Maharashtra,Aurangabad,"MIDC Chilkalthana, Aurangabad - MPCB",16-09-2026 14:00:00,19.87562,75.38731,NH3,6,6,6
India,Maharashtra,Aurangabad,"More Chowk Waluj, Aurangabad - MPCB",16-09-2026 14:00:00,19.8389439,75.244448,PM10,11,45,25
India,Himachal Pradesh,Baddi,"HIMUDA Complex Phase-1, Baddi - HPPCB",16-09-2026 14:00:00,30.943887,76.801991,NH3,2,3,2
India,Jammu and Kashmir,Srinagar,"Rajbagh, Srinagar - JKPCC",16-09-2026 14:00:00,34.066206,74.81982,PM2.5,19,40,30
India,Jammu and Kashmir,Srinagar,"Rajbagh, Srinagar - JKPCC",16-09-2026 14:00:00,34.066206,74.81982,SO2,3,4,3
India,Jammu and Kashmir,Srinagar,"Rajbagh, Srinagar - JKPCC",16-09-2026 14:00:00,34.066206,74.81982,CO,13,18,16
India,Jammu and Kashmir,Srinagar,"Rajbagh, Srinagar - JKPCC",16-09-2026 14:00:00,34.066206,74.81982,OZONE,1,6,2
India,Jharkhand,Dhanbad,"Sardar Patel Nagar, Dhanbad - JSPCB",16-09-2026 14:00:00,23.80569,86.44268,NH3,NA,NA,NA
India,Jharkhand,Dhanbad,"Sardar Patel Nagar, Dhanbad - JSPCB",16-09-2026 14:00:00,23.80569,86.44268,OZONE,14,61,35
India,Karnataka,Bengaluru,"Hombegowda Nagar, Bengaluru - KSPCB",16-09-2026 14:00:00,12.938539,77.5901,PM10,6,89,41
India,Karnataka,Bengaluru,"Hebbal, Bengaluru - KSPCB",16-09-2026 14:00:00,13.029152,77.585901,NH3,2,2,2
India,Karnataka,Bengaluru,"Hebbal, Bengaluru - KSPCB",16-09-2026 14:00:00,13.029152,77.585901,OZONE,1,6,2
India,Karnataka,Bengaluru,"Peenya, Bengaluru - CPCB",16-09-2026 14:00:00,13.0270199,77.494094,PM2.5,1,34,13
India,Karnataka,Bengaluru,"Shivapura_Peenya, Bengaluru - KSPCB",16-09-2026 14:00:00,13.0246342,77.5080115,PM2.5,35,60,40
India,Karnataka,Bengaluru,"Shivapura_Peenya, Bengaluru - KSPCB",16-09-2026 14:00:00,13.0246342,77.5080115,CO,24,25,25
India,Madhya Pradesh,Bhopal,"Idgah Hills, Bhopal - MPPCB",16-09-2026 14:00:00,23.264759,77.381568,SO2,6,8,7
India,Madhya Pradesh,Damoh,"Shrivastav Colony, Damoh - MPPCB",16-09-2026 14:00:00,23.81748678,79.446246,PM10,0,52,17
India,Madhya Pradesh,Dewas,"Bhopal Chauraha, Dewas - MPPCB",16-09-2026 14:00:00,22.9682591,76.064118,OZONE,21,84,38
India,Madhya Pradesh,Gwalior,"Maharaj Bada, Gwalior - MPPCB",16-09-2026 14:00:00,26.200388,78.147714,NH3,4,7,5
India,Madhya Pradesh,Gwalior,"Maharaj Bada, Gwalior - MPPCB",16-09-2026 14:00:00,26.200388,78.147714,SO2,0,20,8
India,Madhya Pradesh,Gwalior,"Deen Dayal Nagar, Gwalior - MPPCB",16-09-2026 14:00:00,26.259242,78.216432,OZONE,16,31,23
India,Madhya Pradesh,Indore,"Regional Park, Indore - IMC",16-09-2026 14:00:00,22.678,75.8559,PM2.5,7,35,17
India,Madhya Pradesh,Indore,"Regional Park, Indore - IMC",16-09-2026 14:00:00,22.678,75.8559,PM10,5,26,16
India,Madhya Pradesh,Indore,"Chhoti Gwaltoli, Indore - MPPCB",16-09-2026 14:00:00,22.431,75.5213,SO2,16,20,18
India,Madhya Pradesh,Indore,"Residency Area, Indore - IMC",16-09-2026 14:00:00,22.7084,75.8815,PM10,16,51,29
India,Haryana,Narnaul,"Shastri Nagar, Narnaul - HSPCB",16-09-2026 14:00:00,28.060249,76.113115,NH3,5,12,8
India,Haryana,Palwal,"Shyam Nagar, Palwal - HSPCB",16-09-2026 14:00:00,28.1485564,77.3320667,PM2.5,2,52,24
India,Haryana,Palwal,"Shyam Nagar, Palwal - HSPCB",16-09-2026 14:00:00,28.1485564,77.3320667,OZONE,10,10,10
India,Haryana,Panchgaon,"Amity University, Panchgaon - IITM",16-09-2026 14:00:00,28.3153,76.9143,CO,NA,NA,NA
India,Haryana,Panchgaon,"Amity University, Panchgaon - IITM",16-09-2026 14:00:00,28.3153,76.9143,OZONE,4,25,16
India,Haryana,Panipat,"Sector-18, Panipat - HSPCB",16-09-2026 14:00:00,29.432304,76.972765,CO,9,28,25
India,Haryana,Rohtak,"MD University, Rohtak - HSPCB",16-09-2026 14:00:00,28.52123,76.37138,CO,35,41,37
India,Haryana,Rohtak,"MD University, Rohtak - HSPCB",16-09-2026 14:00:00,28.52123,76.37138,OZONE,14,43,25
India,Haryana,Sonipat,"Murthal, Sonipat - HSPCB",16-09-2026 14:00:00,29.0272,77.0621,PM10,55,117,80
India,Haryana,Yamuna Nagar,"Gobind Pura, Yamuna Nagar - HSPCB",16-09-2026 14:00:00,30.1480566,77.2893471,SO2,10,15,11
India,Karnataka,Chamarajanagar,"Urban, Chamarajanagar - KSPCB",16-09-2026 14:00:00,11.55358,76.55521,PM10,35,57,44
India,Karnataka,Chamarajanagar,"Urban, Chamarajanagar - KSPCB",16-09-2026 14:00:00,11.55358,76.55521,NO2,14,35,26
India,Karnataka,Chikkaballapur,"Chikkaballapur Rural, Chikkaballapur - KSPCB",16-09-2026 14:00:00,13.428828,77.731418,NH3,1,1,1
India,Karnataka,Chikkaballapur,"Chikkaballapur Rural, Chikkaballapur - KSPCB",16-09-2026 14:00:00,13.428828,77.731418,CO,10,22,15
India,Karnataka,Dharwad,"Kalabhavan, Dharwad - KSPCB",16-09-2026 14:00:00,15.459706,75.008381,PM10,69,79,74
India,Karnataka,Gadag,"Panchal Nagar, Gadag - KSPCB",16-09-2026 14:00:00,15.411456,75.638133,PM2.5,36,40,38
India,Karnataka,Gadag,"Panchal Nagar, Gadag - KSPCB",16-09-2026 14:00:00,15.411456,75.638133,OZONE,15,17,16
India,Karnataka,Kalaburagi,"Mahatma Basaveswar Colony, Kalaburgi - KSPCB",16-09-2026 14:00:00,17.336318,76.847397,PM2.5,10,36,28
India,Karnataka,Kalaburagi,"Mahatma Basaveswar Colony, Kalaburgi - KSPCB",16-09-2026 14:00:00,17.336318,76.847397,NH3,2,3,2
India,Karnataka,Kalaburagi,"Mahatma Basaveswar Colony, Kalaburgi - KSPCB",16-09-2026 14:00:00,17.336318,76.847397,OZONE,13,17,14
India,Karnataka,Mysuru,"Hebbal 1st Stage, Mysuru - KSPCB",16-09-2026 14:00:00,12.21041,76.37376,OZONE,22,74,38
India,Karnataka,Ramanagara,"Vijay Nagar, Ramanagara - KSPCB",16-09-2026 14:00:00,12.733409,77.298051,PM2.5,2,49,19
India,Karnataka,Ramanagara,"Vijay Nagar, Ramanagara - KSPCB",16-09-2026 14:00:00,12.733409,77.298051,PM10,4,78,34
India,Karnataka,Shivamogga,"Vinoba Nagara, Shivamogga - KSPCB",16-09-2026 14:00:00,13.94,75.555917,PM10,52,53,52
India,Karnataka,Yadgir,"Collector Office, Yadgir - KSPCB",16-09-2026 14:00:00,16.7602,77.1428,OZONE,11,35,23
India,Kerala,Thiruvananthapuram,"Plammoodu, Thiruvananthapuram - Kerala PCB",16-09-2026 14:00:00,8.5149093,76.9435879,SO2,13,22,18
India,Kerala,Thiruvananthapuram,"Plammoodu, Thiruvananthapuram - Kerala PCB",16-09-2026 14:00:00,8.5149093,76.9435879,CO,8,28,13
India,Kerala,Thiruvananthapuram,"Kariavattom, Thiruvananthapuram - Kerala PCB",16-09-2026 14:00:00,8.5637,76.8865,PM10,40,500,104
India,Ladakh,Leh,"Skara Yokma, Leh - LPCC",16-09-2026 14:00:00,34.147096,77.55709,PM2.5,1,26,11
India,Ladakh,Leh,"Skara Yokma, Leh - LPCC",16-09-2026 14:00:00,34.147096,77.55709,NO2,NA,NA,NA
India,Ladakh,Leh,"Skara Yokma, Leh - LPCC",16-09-2026 14:00:00,34.147096,77.55709,NH3,NA,NA,NA
India,Ladakh,Leh,"Skara Yokma, Leh - LPCC",16-09-2026 14:00:00,34.147096,77.55709,OZONE,305,323,312
India,Madhya Pradesh,Bhopal,"T T Nagar, Bhopal - MPPCB",16-09-2026 14:00:00,23.233584,77.400574,PM10,29,55,40
India,Madhya Pradesh,Bhopal,"T T Nagar, Bhopal - MPPCB",16-09-2026 14:00:00,23.233584,77.400574,OZONE,20,33,27
India,Haryana,Jind,"Police Lines, Jind - HSPCB",16-09-2026 14:00:00,29.307814,76.337619,OZONE,7,12,10
India,Haryana,Karnal,"Sector-12, Karnal - HSPCB",16-09-2026 14:00:00,29.6953,77.0027,NO2,9,21,15
India,Haryana,Kurukshetra,"Sector-7, Kurukshetra - HSPCB",16-09-2026 14:00:00,29.966942,76.875879,NO2,7,10,8
India,Haryana,Kurukshetra,"Sector-7, Kurukshetra - HSPCB",16-09-2026 14:00:00,29.966942,76.875879,NH3,5,6,6
India,Maharashtra,Nagpur,"Opp GPO Civil Lines, Nagpur - MPCB",16-09-2026 14:00:00,21.152875,79.0517531,OZONE,10,28,17
India,Maharashtra,Nagpur,"Ambazari, Nagpur - MPCB",16-09-2026 14:00:00,21.121801,79.04952,CO,10,20,14
India,Maharashtra,Nanded,"Sneh Nagar, Nanded - MPCB",16-09-2026 14:00:00,19.173852,77.296291,PM2.5,NA,NA,NA
India,Maharashtra,Nanded,"Sneh Nagar, Nanded - MPCB",16-09-2026 14:00:00,19.173852,77.296291,PM10,NA,NA,NA
India,Maharashtra,Nanded,"Sneh Nagar, Nanded - MPCB",16-09-2026 14:00:00,19.173852,77.296291,NH3,4,8,6
India,Maharashtra,Nashik,"Gangapur Road, Nashik - MPCB",16-09-2026 14:00:00,20.0073285,73.7762427,NH3,3,3,3
India,Maharashtra,Nashik,"Gangapur Road, Nashik - MPCB",16-09-2026 14:00:00,20.0073285,73.7762427,CO,1,22,15
India,Maharashtra,Nashik,"Pandav Nagari, Nashik - MPCB",16-09-2026 14:00:00,19.9591346,73.7788008,NO2,NA,NA,NA
India,Maharashtra,Nashik,"Pandav Nagari, Nashik - MPCB",16-09-2026 14:00:00,19.9591346,73.7788008,NH3,NA,NA,NA
India,Maharashtra,Nashik,"Pandav Nagari, Nashik - MPCB",16-09-2026 14:00:00,19.9591346,73.7788008,CO,1,18,10
India,Maharashtra,Nashik,"Hirawadi, Nashik - MPCB",16-09-2026 14:00:00,20.021503,73.813844,PM10,24,53,39
India,Maharashtra,Nashik,"Hirawadi, Nashik - MPCB",16-09-2026 14:00:00,20.021503,73.813844,SO2,8,108,16
India,Maharashtra,Nashik,"Hirawadi, Nashik - MPCB",16-09-2026 14:00:00,20.021503,73.813844,CO,27,36,31
India,Maharashtra,Nashik,"MIDC Ambad, Nashik - MPCB",16-09-2026 14:00:00,19.95022,73.73148,CO,14,16,14
India,Maharashtra,Navi Mumbai,"Nerul, Navi Mumbai - MPCB",16-09-2026 14:00:00,19.008751,73.01662,OZONE,NA,NA,NA
India,Maharashtra,Navi Mumbai,"Tondare-Taloja, Navi Mumbai - MPCB",16-09-2026 14:00:00,19.063,73.1209,PM2.5,14,52,28
India,Maharashtra,Navi Mumbai,"Tondare-Taloja, Navi Mumbai - MPCB",16-09-2026 14:00:00,19.063,73.1209,NH3,3,6,5
India,Maharashtra,Navi Mumbai,"Tondare-Taloja, Navi Mumbai - MPCB",16-09-2026 14:00:00,19.063,73.1209,SO2,0,6,2
India,Maharashtra,Navi Mumbai,"Sector-2E Kalamboli, Navi Mumbai - MPCB",16-09-2026 14:00:00,19.02579,73.10297,PM2.5,14,41,23
India,Maharashtra,Navi Mumbai,"Sector-2E Kalamboli, Navi Mumbai - MPCB",16-09-2026 14:00:00,19.02579,73.10297,CO,13,16,14
India,Maharashtra,Dombivli,"Kalu Nagar, Dombivli - MPCB",16-09-2026 14:00:00,19.2268427,73.0788456,PM10,6,29,13
India,Maharashtra,Dombivli,"Kalu Nagar, Dombivli - MPCB",16-09-2026 14:00:00,19.2268427,73.0788456,SO2,23,61,28
India,Maharashtra,Dombivli,"Kalu Nagar, Dombivli - MPCB",16-09-2026 14:00:00,19.2268427,73.0788456,CO,14,94,30
India,Maharashtra,Hingoli,"Ashta Vinayak Nagar, Hingoli - MPCB",16-09-2026 14:00:00,19.710842,77.151824,SO2,3,6,5
India,Maharashtra,Jalna,"Old MIDC, Jalna - MPCB",16-09-2026 14:00:00,19.854616,75.905894,SO2,5,8,6
India,Maharashtra,Jalna,"Old MIDC, Jalna - MPCB",16-09-2026 14:00:00,19.854616,75.905894,OZONE,40,114,82
India,Maharashtra,Kalyan,"Pimpleshwar Mandir, Kalyan - MPCB",16-09-2026 14:00:00,19.192056,72.9585188,PM2.5,13,75,36
India,Maharashtra,Kalyan,"Pimpleshwar Mandir, Kalyan - MPCB",16-09-2026 14:00:00,19.192056,72.9585188,PM10,NA,NA,NA
India,Maharashtra,Kolhapur,"Shivaji University, Kolhapur - MPCB",16-09-2026 14:00:00,16.6870449,74.2505872,SO2,0,1,0
India,Maharashtra,Kolhapur,"Sinchan Bhavan, Kolhapur - MPCB",16-09-2026 14:00:00,16.7143745,74.2426398,PM2.5,11,25,16
India,Maharashtra,Kolhapur,"Sinchan Bhavan, Kolhapur - MPCB",16-09-2026 14:00:00,16.7143745,74.2426398,OZONE,4,20,15
India,Maharashtra,Latur,"Sawe Wadi, Latur - MPCB",16-09-2026 14:00:00,18.39963,76.57452,SO2,3,6,5
India,Maharashtra,Latur,"Sawe Wadi, Latur - MPCB",16-09-2026 14:00:00,18.39963,76.57452,OZONE,8,35,23
India,Maharashtra,Mahad,"Kamble Tarf Birwadi, Mahad - MPCB",16-09-2026 14:00:00,18.1023399,73.4783687,PM2.5,23,73,42
India,Maharashtra,Mahad,"Kamble Tarf Birwadi, Mahad - MPCB",16-09-2026 14:00:00,18.1023399,73.4783687,CO,16,35,27
India,Maharashtra,Malegaon,"Mahesh Nagar, Malegaon - MPCB",16-09-2026 14:00:00,20.555712,74.529236,PM10,35,81,60
India,Maharashtra,Malegaon,"Mahesh Nagar, Malegaon - MPCB",16-09-2026 14:00:00,20.555712,74.529236,SO2,2,5,4
India,Maharashtra,Malegaon,"Mahesh Nagar, Malegaon - MPCB",16-09-2026 14:00:00,20.555712,74.529236,CO,1,5,3
India,Maharashtra,Pimpri-Chinchwad,"Park Street Wakad, Pimpri Chinchwad - MPCB",16-09-2026 14:00:00,18.59051,73.77946,NO2,8,21,14
India,Maharashtra,Pimpri-Chinchwad,"Park Street Wakad, Pimpri Chinchwad - MPCB",16-09-2026 14:00:00,18.59051,73.77946,CO,9,29,18
India,Maharashtra,Pimpri-Chinchwad,"Thergaon, Pimpri Chinchwad - MPCB",16-09-2026 14:00:00,18.616318,73.765797,PM2.5,7,50,22
India,Maharashtra,Pimpri-Chinchwad,"Thergaon, Pimpri Chinchwad - MPCB",16-09-2026 14:00:00,18.616318,73.765797,NO2,14,46,26
India,Maharashtra,Pimpri-Chinchwad,"Savta Mali Nagar, Pimpri-Chinchwad - IITM",16-09-2026 14:00:00,18.614767,73.799516,NO2,16,36,22
India,Maharashtra,Pimpri-Chinchwad,"Savta Mali Nagar, Pimpri-Chinchwad - IITM",16-09-2026 14:00:00,18.614767,73.799516,NH3,NA,NA,NA
India,Maharashtra,Pune,"Panchawati_Pashan, Pune - IITM",16-09-2026 14:00:00,18.536457,73.805454,PM10,24,48,35
India,Maharashtra,Pune,"Hadapsar, Pune - IITM",16-09-2026 14:00:00,18.501793,73.927532,PM10,22,61,37
India,Maharashtra,Pune,"Hadapsar, Pune - IITM",16-09-2026 14:00:00,18.501793,73.927532,CO,28,86,54
India,Maharashtra,Pune,"Katraj Dairy, Pune - MPCB",16-09-2026 14:00:00,18.45445,73.854155,CO,18,36,27
India,Maharashtra,Pune,"Katraj Dairy, Pune - MPCB",16-09-2026 14:00:00,18.45445,73.854155,OZONE,10,10,10
India,Maharashtra,Pune,"Revenue Colony-Shivajinagar, Pune - IITM",16-09-2026 14:00:00,18.530085,73.849598,PM2.5,10,48,25
India,Maharashtra,Pune,"Revenue Colony-Shivajinagar, Pune - IITM",16-09-2026 14:00:00,18.530085,73.849598,NO2,13,34,20
India,Maharashtra,Pune,"Revenue Colony-Shivajinagar, Pune - IITM",16-09-2026 14:00:00,18.530085,73.849598,NH3,NA,NA,NA
India,Maharashtra,Pune,"Revenue Colony-Shivajinagar, Pune - IITM",16-09-2026 14:00:00,18.530085,73.849598,CO,70,91,81
India,Maharashtra,Pune,"Mhada Colony, Pune - IITM",16-09-2026 14:00:00,18.57304,73.927715,PM2.5,10,67,29
India,Maharashtra,Pune,"Dhankawadi, Pune - IITM",16-09-2026 14:00:00,18.459883,73.852193,PM10,27,87,52
India,Maharashtra,Pune,"Dhankawadi, Pune - IITM",16-09-2026 14:00:00,18.459883,73.852193,NH3,NA,NA,NA
India,Maharashtra,Mira-Bhayandar,"Bhayandar West, Mira-Bhayandar - MPCB",16-09-2026 14:00:00,19.296481,72.840923,SO2,NA,NA,NA
India,Maharashtra,Mumbai,"Sion, Mumbai - MPCB",16-09-2026 14:00:00,19.047,72.8746,NO2,103,126,117
India,Maharashtra,Mumbai,"Sion, Mumbai - MPCB",16-09-2026 14:00:00,19.047,72.8746,NH3,1,1,1
India,Maharashtra,Mumbai,"Chhatrapati Shivaji Intl. Airport (T2), Mumbai - MPCB",16-09-2026 14:00:00,19.10078,72.87462,NO2,13,14,13
India,Maharashtra,Mumbai,"Mulund West, Mumbai - MPCB",16-09-2026 14:00:00,19.175,72.9419,NH3,4,5,5
India,Maharashtra,Mumbai,"Bandra Kurla Complex, Mumbai - MPCB",16-09-2026 14:00:00,19.065931,72.862131,PM2.5,13,46,29
India,Maharashtra,Mumbai,"Shivaji Nagar, Mumbai - BMC",16-09-2026 14:00:00,19.060498,72.923356,SO2,0,6,4
India,Maharashtra,Mumbai,"Shivaji Nagar, Mumbai - BMC",16-09-2026 14:00:00,19.060498,72.923356,OZONE,10,14,11
India,Maharashtra,Mumbai,"Sewri, Mumbai - BMC",16-09-2026 14:00:00,19.000084,72.85673,OZONE,3,20,10
India,Maharashtra,Mumbai,"Khindipada-Bhandup West, Mumbai - IITM",16-09-2026 14:00:00,19.1653323,72.922099,PM10,7,53,25
India,Maharashtra,Mumbai,"Khindipada-Bhandup West, Mumbai - IITM",16-09-2026 14:00:00,19.1653323,72.922099,CO,30,45,34
India,Maharashtra,Mumbai,"Kandivali West, Mumbai - BMC",16-09-2026 14:00:00,19.215859,72.831718,NO2,11,35,23
India,Maharashtra,Mumbai,"Chakala-Andheri East, Mumbai - IITM",16-09-2026 14:00:00,19.11074,72.86084,SO2,1,5,2
India,Maharashtra,Mumbai,"Kurla, Mumbai - MPCB",16-09-2026 14:00:00,19.0863,72.8888,PM10,9,63,22
India,Maharashtra,Mumbai,"Kurla, Mumbai - MPCB",16-09-2026 14:00:00,19.0863,72.8888,CO,25,25,25
India,Maharashtra,Mumbai,"Kurla, Mumbai - MPCB",16-09-2026 14:00:00,19.0863,72.8888,OZONE,28,29,29
India,Maharashtra,Mumbai,"Bandra Kurla Complex, Mumbai - IITM",16-09-2026 14:00:00,19.053536,72.84643,OZONE,17,18,18
India,Maharashtra,Mumbai,"Byculla, Mumbai - BMC",16-09-2026 14:00:00,18.9767,72.838,PM10,16,57,28
India,Maharashtra,Mumbai,"Byculla, Mumbai - BMC",16-09-2026 14:00:00,18.9767,72.838,NH3,3,8,5
India,Maharashtra,Mumbai,"Byculla, Mumbai - BMC",16-09-2026 14:00:00,18.9767,72.838,SO2,NA,NA,NA
India,Maharashtra,Mumbai,"Byculla, Mumbai - BMC",16-09-2026 14:00:00,18.9767,72.838,CO,18,45,25
India,Maharashtra,Mumbai,"Kherwadi_Bandra East, Mumbai - MPCB",16-09-2026 14:00:00,19.0632143,72.8456324,PM2.5,8,38,21
India,Maharashtra,Mumbai,"Kherwadi_Bandra East, Mumbai - MPCB",16-09-2026 14:00:00,19.0632143,72.8456324,SO2,2,7,5
India,Maharashtra,Mumbai,"Kherwadi_Bandra East, Mumbai - MPCB",16-09-2026 14:00:00,19.0632143,72.8456324,CO,5,43,19
India,Maharashtra,Mumbai,"Borivali East, Mumbai - IITM",16-09-2026 14:00:00,19.23241,72.86895,NH3,2,3,2
India,Maharashtra,Mumbai,"Siddharth Nagar-Worli, Mumbai - IITM",16-09-2026 14:00:00,19.000083,72.813993,OZONE,29,37,34
India,Maharashtra,Mumbai,"Worli, Mumbai - MPCB",16-09-2026 14:00:00,18.9936162,72.8128113,OZONE,1,8,4
India,Maharashtra,Mumbai,"Mazgaon, Mumbai - IITM",16-09-2026 14:00:00,18.96702,72.84214,NO2,16,25,21
India,Maharashtra,Mumbai,"Mazgaon, Mumbai - IITM",16-09-2026 14:00:00,18.96702,72.84214,SO2,7,11,10
India,Maharashtra,Mumbai,"Mazgaon, Mumbai - IITM",16-09-2026 14:00:00,18.96702,72.84214,OZONE,9,26,14
India,Maharashtra,Mumbai,"Ghatkopar, Mumbai - BMC",16-09-2026 14:00:00,19.083694,72.920967,NH3,7,19,11
India,Maharashtra,Mumbai,"Ghatkopar, Mumbai - BMC",16-09-2026 14:00:00,19.083694,72.920967,CO,24,41,30
India,Maharashtra,Mumbai,"Powai, Mumbai - MPCB",16-09-2026 14:00:00,19.1375,72.915056,PM2.5,NA,NA,NA
India,Maharashtra,Mumbai,"Powai, Mumbai - MPCB",16-09-2026 14:00:00,19.1375,72.915056,PM10,NA,NA,NA
India,Maharashtra,Mumbai,"Powai, Mumbai - MPCB",16-09-2026 14:00:00,19.1375,72.915056,NO2,6,7,6
India,Maharashtra,Mumbai,"Powai, Mumbai - MPCB",16-09-2026 14:00:00,19.1375,72.915056,SO2,10,11,10
India,Maharashtra,Mumbai,"Mindspace-Malad West, Mumbai - MPCB",16-09-2026 14:00:00,19.1878657,72.8304069,PM2.5,3,26,10
India,Maharashtra,Mumbai,"Mindspace-Malad West, Mumbai - MPCB",16-09-2026 14:00:00,19.1878657,72.8304069,OZONE,18,18,18
India,Maharashtra,Mumbai,"Borivali East, Mumbai - MPCB",16-09-2026 14:00:00,19.2243333,72.8658113,PM10,8,40,21
India,Maharashtra,Mumbai,"Borivali East, Mumbai - MPCB",16-09-2026 14:00:00,19.2243333,72.8658113,NH3,2,2,2
India,Maharashtra,Mumbai,"Borivali East, Mumbai - MPCB",16-09-2026 14:00:00,19.2243333,72.8658113,CO,6,8,7
India,Maharashtra,Nagpur,"Ram Nagar, Nagpur - MPCB",16-09-2026 14:00:00,21.143383,79.048912,PM10,29,85,55
India,Maharashtra,Nagpur,"Mahal, Nagpur - MPCB",16-09-2026 14:00:00,21.14472,79.107595,PM2.5,32,66,50
India,Maharashtra,Nagpur,"Mahal, Nagpur - MPCB",16-09-2026 14:00:00,21.14472,79.107595,NO2,10,31,18
India,Maharashtra,Nagpur,"Mahal, Nagpur - MPCB",16-09-2026 14:00:00,21.14472,79.107595,NH3,2,8,4
India,Maharashtra,Nagpur,"Mahal, Nagpur - MPCB",16-09-2026 14:00:00,21.14472,79.107595,SO2,1,61,25
India,Maharashtra,Nagpur,"Opp GPO Civil Lines, Nagpur - MPCB",16-09-2026 14:00:00,21.152875,79.0517531,NO2,12,51,27
India,Maharashtra,Nagpur,"Opp GPO Civil Lines, Nagpur - MPCB",16-09-2026 14:00:00,21.152875,79.0517531,SO2,1,13,4
India,Maharashtra,Aurangabad,"More Chowk Waluj, Aurangabad - MPCB",16-09-2026 14:00:00,19.8389439,75.244448,NH3,6,8,7
India,Maharashtra,Aurangabad,"Rachnakar Colony, Aurangabad - MPCB",16-09-2026 14:00:00,19.863756,75.321188,OZONE,9,10,9
India,Maharashtra,Badlapur,"Katrap, Badlapur - MPCB",16-09-2026 14:00:00,19.16485,73.23409,PM2.5,17,20,18
India,Maharashtra,Badlapur,"Katrap, Badlapur - MPCB",16-09-2026 14:00:00,19.16485,73.23409,SO2,1,7,1
India,Maharashtra,Beed,"Bir, Beed - MPCB",16-09-2026 14:00:00,18.988474,75.753873,NO2,8,76,22
India,Maharashtra,Bhiwandi,"Gokul Nagar, Bhiwandi - MPCB",16-09-2026 14:00:00,19.309073,73.057223,PM2.5,25,29,27
India,Maharashtra,Boisar,"Khaira, Boisar - MPCB",16-09-2026 14:00:00,19.786089,72.757971,SO2,3,3,3
India,Maharashtra,Boisar,"Khaira, Boisar - MPCB",16-09-2026 14:00:00,19.786089,72.757971,CO,6,52,23
India,Maharashtra,Chandrapur,"MIDC Khutala, Chandrapur - MPCB",16-09-2026 14:00:00,19.9775302,79.2337086,NO2,16,28,22
India,Maharashtra,Chandrapur,"MIDC Khutala, Chandrapur - MPCB",16-09-2026 14:00:00,19.9775302,79.2337086,NH3,1,4,3
India,Maharashtra,Chandrapur,"MIDC Khutala, Chandrapur - MPCB",16-09-2026 14:00:00,19.9775302,79.2337086,SO2,2,24,7
India,Maharashtra,Chandrapur,"MIDC Khutala, Chandrapur - MPCB",16-09-2026 14:00:00,19.9775302,79.2337086,CO,38,41,40
India,Maharashtra,Dhule,"Deopur, Dhule - MPCB",16-09-2026 14:00:00,20.918946,74.776388,PM10,23,58,37
India,Maharashtra,Dhule,"Deopur, Dhule - MPCB",16-09-2026 14:00:00,20.918946,74.776388,NO2,5,33,14
India,Maharashtra,Sangli,"Vijay Nagar, Sangli - MPCB",16-09-2026 14:00:00,16.5038,74.3623,NO2,1,6,4
India,Maharashtra,Sangli,"Vijay Nagar, Sangli - MPCB",16-09-2026 14:00:00,16.5038,74.3623,SO2,2,8,6
India,Maharashtra,Sangli,"Vijay Nagar, Sangli - MPCB",16-09-2026 14:00:00,16.5038,74.3623,CO,11,16,13
India,Maharashtra,Satara,"Koyana Nagar, Satara - MPCB",16-09-2026 14:00:00,17.696651,74.003387,OZONE,14,23,20
India,Maharashtra,Solapur,"Ratandeep Housing Society, Solapur - MPCB",16-09-2026 14:00:00,17.65439,75.90649,SO2,0,3,1
India,Maharashtra,Solapur,"Dnyaneshwar Nagar, Solapur - MPCB",16-09-2026 14:00:00,17.6336264,75.9132495,OZONE,9,20,15
India,Maharashtra,Ulhasnagar,"Sidhi Vinayak Nagar, Ulhasnagar - MPCB",16-09-2026 14:00:00,19.235581,73.159121,PM10,42,59,50
India,Maharashtra,Ulhasnagar,"Sidhi Vinayak Nagar, Ulhasnagar - MPCB",16-09-2026 14:00:00,19.235581,73.159121,NO2,9,12,11
India,Maharashtra,Virar,"Bolinj, Virar - MPCB",16-09-2026 14:00:00,19.445821,72.7988231,NH3,6,8,6
India,Meghalaya,Byrnihat,"15th Mile-Nongthymmai, Byrnihat -Meghalaya PCB",16-09-2026 14:00:00,26.079047,91.875185,PM10,NA,NA,NA
India,Maharashtra,Navi Mumbai,"Sanpada, Navi Mumbai - MPCB",16-09-2026 14:00:00,19.0575752,73.0151367,PM2.5,7,21,10
India,Maharashtra,Navi Mumbai,"Sanpada, Navi Mumbai - MPCB",16-09-2026 14:00:00,19.0575752,73.0151367,SO2,3,5,3
India,Maharashtra,Parbhani,"Masoom Colony, Parbhani - MPCB",16-09-2026 14:00:00,19.265594,76.761463,SO2,NA,NA,NA
India,Maharashtra,Parbhani,"Masoom Colony, Parbhani - MPCB",16-09-2026 14:00:00,19.265594,76.761463,OZONE,10,10,10
India,Maharashtra,Pimpri-Chinchwad,"Gavalinagar, Pimpri Chinchwad - MPCB",16-09-2026 14:00:00,18.63673,73.82487,CO,7,27,14
India,Rajasthan,Bhilwara,"Pratap Nagar, Bhilwara - RSPCB",16-09-2026 14:00:00,25.339605,74.618883,OZONE,19,68,41
India,Rajasthan,Bhiwadi,"Vasundhara Nagar_UIT, Bhiwadi - RSPCB",16-09-2026 14:00:00,28.207266,76.829265,PM10,40,159,92
India,Rajasthan,Bhiwadi,"RIICO Ind. Area III, Bhiwadi - RSPCB",16-09-2026 14:00:00,28.194909,76.862296,PM2.5,33,151,81
India,Rajasthan,Bhiwadi,"RIICO Ind. Area III, Bhiwadi - RSPCB",16-09-2026 14:00:00,28.194909,76.862296,SO2,10,19,13
India,Rajasthan,Bikaner,"MM Ground, Bikaner - RSPCB",16-09-2026 14:00:00,28.018792,73.292658,NO2,7,76,21
India,Rajasthan,Bikaner,"MM Ground, Bikaner - RSPCB",16-09-2026 14:00:00,28.018792,73.292658,NH3,7,10,8
India,Rajasthan,Bikaner,"MM Ground, Bikaner - RSPCB",16-09-2026 14:00:00,28.018792,73.292658,OZONE,11,61,41
India,Rajasthan,Bundi,"New Colony, Bundi - RSPCB",16-09-2026 14:00:00,25.435774,75.644272,OZONE,12,49,30
India,Rajasthan,Chittorgarh,"Shastri Nagar, Chittorgarh - RSPCB",16-09-2026 14:00:00,24.892047,74.623527,PM2.5,NA,NA,NA
India,Rajasthan,Chittorgarh,"Shastri Nagar, Chittorgarh - RSPCB",16-09-2026 14:00:00,24.892047,74.623527,NO2,NA,NA,NA
India,Rajasthan,Chittorgarh,"Shastri Nagar, Chittorgarh - RSPCB",16-09-2026 14:00:00,24.892047,74.623527,NH3,6,9,7
India,Rajasthan,Churu,"Subash Chowk, Churu - RSPCB",16-09-2026 14:00:00,28.296139,74.961696,PM2.5,3,38,18
India,Rajasthan,Churu,"Subash Chowk, Churu - RSPCB",16-09-2026 14:00:00,28.296139,74.961696,PM10,33,108,58
India,Rajasthan,Churu,"Subash Chowk, Churu - RSPCB",16-09-2026 14:00:00,28.296139,74.961696,SO2,2,8,4
India,Rajasthan,Churu,"Subash Chowk, Churu - RSPCB",16-09-2026 14:00:00,28.296139,74.961696,CO,2,7,4
India,Rajasthan,Dausa,"Khatikan Mohalla, Dausa - RSPCB",16-09-2026 14:00:00,26.895552,76.334753,PM10,47,296,104
India,Rajasthan,Dausa,"Khatikan Mohalla, Dausa - RSPCB",16-09-2026 14:00:00,26.895552,76.334753,NO2,7,37,22
India,Rajasthan,Dausa,"Khatikan Mohalla, Dausa - RSPCB",16-09-2026 14:00:00,26.895552,76.334753,NH3,5,15,7
India,Odisha,Brajrajnagar,"GM Office, Brajrajnagar - OSPCB",16-09-2026 14:00:00,21.8004996,83.8396977,NO2,17,30,22
India,Odisha,Brajrajnagar,"GM Office, Brajrajnagar - OSPCB",16-09-2026 14:00:00,21.8004996,83.8396977,OZONE,44,45,44
India,Odisha,Byasanagar,"Ferro Chrome Colony, Byasanagar - OSPCB",16-09-2026 14:00:00,20.94185,86.1151,PM2.5,37,157,74
India,Odisha,Byasanagar,"Ferro Chrome Colony, Byasanagar - OSPCB",16-09-2026 14:00:00,20.94185,86.1151,NH3,1,3,1
India,Odisha,Byasanagar,"Ferro Chrome Colony, Byasanagar - OSPCB",16-09-2026 14:00:00,20.94185,86.1151,CO,42,56,45
India,Odisha,Cuttack,"CDA Area, Cuttack - OSPCB",16-09-2026 14:00:00,20.48891,85.84768,PM2.5,40,187,90
India,Odisha,Cuttack,"CDA Area, Cuttack - OSPCB",16-09-2026 14:00:00,20.48891,85.84768,SO2,6,65,23
India,Odisha,Keonjhar,"Jagamohanpur, Keonjhar - OSPCB",16-09-2026 14:00:00,21.6439,85.599355,PM2.5,12,81,39
India,Odisha,Keonjhar,"Jagamohanpur, Keonjhar - OSPCB",16-09-2026 14:00:00,21.6439,85.599355,NO2,15,21,17
India,Odisha,Keonjhar,"Jagamohanpur, Keonjhar - OSPCB",16-09-2026 14:00:00,21.6439,85.599355,SO2,20,48,26
India,Odisha,Nayagarh,"Dabuna, Nayagarh - OSPCB",16-09-2026 14:00:00,21.847279,85.416905,NO2,6,8,7
India,Odisha,Paradeep,"Nua Sandhakuda, Paradeep - OSPCB",16-09-2026 14:00:00,20.258828,86.665185,NH3,7,9,7
India,Odisha,Rairangpur,"Divisional Forest Office, Rairangpur - OSPCB",16-09-2026 14:00:00,22.265816,86.174829,NH3,NA,NA,NA
India,Odisha,Rairangpur,"Divisional Forest Office, Rairangpur - OSPCB",16-09-2026 14:00:00,22.265816,86.174829,CO,18,33,25
India,Odisha,Rourkela,"Fertilizer Township, Rourkela - OSPCB",16-09-2026 14:00:00,22.18972222,84.86277778,CO,16,25,21
India,Rajasthan,Jaipur,"Mansarovar Sector-12, Jaipur - RSPCB",16-09-2026 14:00:00,26.843698,75.766894,NO2,11,37,19
India,Rajasthan,Jaipur,"Mansarovar Sector-12, Jaipur - RSPCB",16-09-2026 14:00:00,26.843698,75.766894,SO2,3,4,4
India,Rajasthan,Jaipur,"Mansarovar Sector-12, Jaipur - RSPCB",16-09-2026 14:00:00,26.843698,75.766894,OZONE,16,91,55
India,Rajasthan,Jaipur,"Police Commissionerate, Jaipur - RSPCB",16-09-2026 14:00:00,26.9164092,75.7994901,PM2.5,30,47,37
India,Rajasthan,Jaipur,"Police Commissionerate, Jaipur - RSPCB",16-09-2026 14:00:00,26.9164092,75.7994901,PM10,24,66,44
India,Rajasthan,Jaipur,"Police Commissionerate, Jaipur - RSPCB",16-09-2026 14:00:00,26.9164092,75.7994901,NH3,1,5,3
India,Rajasthan,Jaipur,"Police Commissionerate, Jaipur - RSPCB",16-09-2026 14:00:00,26.9164092,75.7994901,OZONE,30,44,37
India,Rajasthan,Jaipur,"Sector-2 Murlipura, Jaipur - RSPCB",16-09-2026 14:00:00,26.960669,75.771817,PM10,20,98,51
India,Rajasthan,Jaipur,"Sector-2 Murlipura, Jaipur - RSPCB",16-09-2026 14:00:00,26.960669,75.771817,NH3,2,8,4
India,Rajasthan,Jaipur,"Sector-2 Murlipura, Jaipur - RSPCB",16-09-2026 14:00:00,26.960669,75.771817,CO,35,57,45
India,Rajasthan,Jaisalmer,"Sadar Bazar, Jaisalmer - RSPCB",16-09-2026 14:00:00,26.912329,70.909168,PM10,24,91,48
India,Rajasthan,Jalore,"Mudtra Sili, Jalore - RSPCB",16-09-2026 14:00:00,25.344694,72.626208,NH3,4,8,5
India,Rajasthan,Jhalawar,"Rajlaxmi Nagar, Jhalawar - RSPCB",16-09-2026 14:00:00,24.588397,76.172782,PM10,16,109,51
India,Rajasthan,Jhalawar,"Rajlaxmi Nagar, Jhalawar - RSPCB",16-09-2026 14:00:00,24.588397,76.172782,SO2,7,13,9
India,Rajasthan,Jhalawar,"Rajlaxmi Nagar, Jhalawar - RSPCB",16-09-2026 14:00:00,24.588397,76.172782,OZONE,28,47,31
India,Rajasthan,Jhunjhunu,"Indra Nagar, Jhunjhunu - RSPCB",16-09-2026 14:00:00,28.108988,75.386577,CO,17,23,20
India,Odisha,Rourkela,"Sector-2, Rourkela - OSPCB",16-09-2026 14:00:00,22.245,84.88111111,OZONE,NA,NA,NA
India,Odisha,Tensa,"Barsua Iron Ore Mines, Tensa - OSPCB",16-09-2026 14:00:00,21.869985,85.167016,CO,45,46,46
India,Punjab,Amritsar,"Golden Temple, Amritsar - PPCB",16-09-2026 14:00:00,31.62,74.876512,PM10,71,109,89
India,Punjab,Bathinda,"Hardev Nagar, Bathinda - PPCB",16-09-2026 14:00:00,30.233011,74.907758,PM10,44,112,82
India,Punjab,Jalandhar,"Civil Line, Jalandhar - PPCB",16-09-2026 14:00:00,31.321907,75.578914,NO2,48,52,49
India,Punjab,Jalandhar,"Civil Line, Jalandhar - PPCB",16-09-2026 14:00:00,31.321907,75.578914,SO2,11,13,12
India,Punjab,Khanna,"Kalal Majra, Khanna - PPCB",16-09-2026 14:00:00,30.736056,76.209694,PM2.5,6,500,166
India,Punjab,Khanna,"Kalal Majra, Khanna - PPCB",16-09-2026 14:00:00,30.736056,76.209694,NO2,12,26,19
India,Punjab,Khanna,"Kalal Majra, Khanna - PPCB",16-09-2026 14:00:00,30.736056,76.209694,CO,55,89,68
India,Punjab,Mandi Gobindgarh,"RIMT University, Mandi Gobindgarh - PPCB",16-09-2026 14:00:00,30.649961,76.331442,PM2.5,71,274,124
India,Punjab,Mandi Gobindgarh,"RIMT University, Mandi Gobindgarh - PPCB",16-09-2026 14:00:00,30.649961,76.331442,PM10,94,199,138
India,Punjab,Patiala,"Model Town, Patiala - PPCB",16-09-2026 14:00:00,30.349388,76.366642,PM10,46,76,61
India,Punjab,Patiala,"Model Town, Patiala - PPCB",16-09-2026 14:00:00,30.349388,76.366642,NO2,8,21,14
India,Meghalaya,Byrnihat,"15th Mile-Nongthymmai, Byrnihat -Meghalaya PCB",16-09-2026 14:00:00,26.079047,91.875185,OZONE,NA,NA,NA
India,Meghalaya,Shillong,"Lumpyngngad, Shillong - Meghalaya PCB",16-09-2026 14:00:00,25.5586,91.8985,NO2,0,1,0
India,Meghalaya,Shillong,"Lumpyngngad, Shillong - Meghalaya PCB",16-09-2026 14:00:00,25.5586,91.8985,CO,11,15,13
India,Odisha,Balasore,"Kalidaspur, Balasore - OSPCB",16-09-2026 14:00:00,21.51161,86.89088,NH3,3,4,4
India,Odisha,Balasore,"Kalidaspur, Balasore - OSPCB",16-09-2026 14:00:00,21.51161,86.89088,OZONE,26,80,61
India,Odisha,Barbil,"Forest Office, Barbil - OSPCB",16-09-2026 14:00:00,22.1166054,85.3945546,NO2,7,40,15
India,Odisha,Barbil,"Forest Office, Barbil - OSPCB",16-09-2026 14:00:00,22.1166054,85.3945546,SO2,9,56,21
India,Odisha,Baripada,"Meher Colony, Baripada - OSPCB",16-09-2026 14:00:00,21.941841,86.728318,PM10,21,65,37
India,Odisha,Baripada,"Meher Colony, Baripada - OSPCB",16-09-2026 14:00:00,21.941841,86.728318,NH3,0,3,2
India,Odisha,Baripada,"Meher Colony, Baripada - OSPCB",16-09-2026 14:00:00,21.941841,86.728318,OZONE,36,54,41
India,Odisha,Bhubaneswar,"Lingraj Mandir, Bhubaneswar - OSPCB",16-09-2026 14:00:00,20.24079,85.836784,PM2.5,23,172,71
India,Odisha,Bhubaneswar,"Patia, Bhubaneswar - OSPCB",16-09-2026 14:00:00,20.34652,85.8163,NO2,5,29,15
India,Rajasthan,Jodhpur,"Jhalamand, Jodhpur - RSPCB",16-09-2026 14:00:00,26.215415,73.070156,PM2.5,2,33,19
India,Rajasthan,Jodhpur,"Jhalamand, Jodhpur - RSPCB",16-09-2026 14:00:00,26.215415,73.070156,NO2,12,31,15
India,Rajasthan,Jodhpur,"Jhalamand, Jodhpur - RSPCB",16-09-2026 14:00:00,26.215415,73.070156,NH3,7,12,9
India,Rajasthan,Jodhpur,"Samrat Ashok Udhyan, Jodhpur - RSPCB",16-09-2026 14:00:00,26.253384,72.976571,PM10,14,81,32
India,Rajasthan,Jodhpur,"Samrat Ashok Udhyan, Jodhpur - RSPCB",16-09-2026 14:00:00,26.253384,72.976571,NO2,4,29,8
India,Rajasthan,Jodhpur,"Mandor, Jodhpur - RSPCB",16-09-2026 14:00:00,26.358805,73.047444,SO2,4,11,6
India,Rajasthan,Jodhpur,"Digari Kalan, Jodhpur - RSPCB",16-09-2026 14:00:00,26.29581,73.082283,NH3,8,10,9
India,Rajasthan,Jodhpur,"Digari Kalan, Jodhpur - RSPCB",16-09-2026 14:00:00,26.29581,73.082283,SO2,7,8,8
India,Rajasthan,Jodhpur,"Digari Kalan, Jodhpur - RSPCB",16-09-2026 14:00:00,26.29581,73.082283,CO,14,20,17
India,Rajasthan,Khairthal,"New Anaj Mandi, Khairthal - RSPCB",16-09-2026 14:00:00,27.8015617,76.6365217,PM10,95,120,107
India,Rajasthan,Khairthal,"New Anaj Mandi, Khairthal - RSPCB",16-09-2026 14:00:00,27.8015617,76.6365217,CO,70,98,78
India,Rajasthan,Kota,"Nayapura, Kota - RSPCB",16-09-2026 14:00:00,25.196024,75.855668,PM2.5,17,42,29
India,Punjab,Patiala,"Model Town, Patiala - PPCB",16-09-2026 14:00:00,30.349388,76.366642,OZONE,11,25,16
India,Rajasthan,Alwar,"Moti Doongri, Alwar - RSPCB",16-09-2026 14:00:00,27.554793,76.611536,PM2.5,39,162,73
India,Rajasthan,Alwar,"Moti Doongri, Alwar - RSPCB",16-09-2026 14:00:00,27.554793,76.611536,PM10,84,132,100
India,Rajasthan,Baran,"Bamboliya, Baran - RSPCB",16-09-2026 14:00:00,25.106006,76.469948,SO2,3,6,5
India,Rajasthan,Barmer,"Railway Colony, Barmer - RSPCB",16-09-2026 14:00:00,25.747299,71.393989,SO2,4,6,5
India,Rajasthan,Barmer,"Railway Colony, Barmer - RSPCB",16-09-2026 14:00:00,25.747299,71.393989,CO,41,51,47
India,Rajasthan,Kota,"Nayapura, Kota - RSPCB",16-09-2026 14:00:00,25.196024,75.855668,NH3,3,6,4
India,Rajasthan,Kota,"Nayapura, Kota - RSPCB",16-09-2026 14:00:00,25.196024,75.855668,SO2,3,5,4
India,Rajasthan,Kota,"Dhanmandi, Kota - RSPCB",16-09-2026 14:00:00,25.16409,75.858137,PM10,18,54,35
India,Rajasthan,Nagaur,"Karni Colony, Nagaur - RSPCB",16-09-2026 14:00:00,27.213494,73.734444,PM2.5,5,27,15
India,Rajasthan,Nagaur,"Karni Colony, Nagaur - RSPCB",16-09-2026 14:00:00,27.213494,73.734444,PM10,18,84,49
India,Rajasthan,Nagaur,"Karni Colony, Nagaur - RSPCB",16-09-2026 14:00:00,27.213494,73.734444,CO,14,22,17
India,Rajasthan,Nagaur,"Karni Colony, Nagaur - RSPCB",16-09-2026 14:00:00,27.213494,73.734444,OZONE,47,71,61
India,Rajasthan,Dungarpur,"Bhoiwada, Dungarpur - RSPCB",16-09-2026 14:00:00,23.837789,73.714926,OZONE,11,29,18
India,Rajasthan,Hanumangarh,"Housing Board, Hanumangarh - RSPCB",16-09-2026 14:00:00,29.61075,74.283608,SO2,3,6,5
India,Rajasthan,Jaipur,"Shastri Nagar, Jaipur - RSPCB",16-09-2026 14:00:00,26.9502929,75.730943,NO2,25,59,35
India,Rajasthan,Jaipur,"Shastri Nagar, Jaipur - RSPCB",16-09-2026 14:00:00,26.9502929,75.730943,SO2,0,41,15
India,Uttar Pradesh,Kanpur,"Nehru Nagar, Kanpur - UPPCB",16-09-2026 14:00:00,26.4703136,80.3229863,PM2.5,25,73,42
India,Uttar Pradesh,Kanpur,"Nehru Nagar, Kanpur - UPPCB",16-09-2026 14:00:00,26.4703136,80.3229863,PM10,23,66,38
India,Uttar Pradesh,Kanpur,"Nehru Nagar, Kanpur - UPPCB",16-09-2026 14:00:00,26.4703136,80.3229863,NO2,44,49,47
India,Uttar Pradesh,Kanpur,"Nehru Nagar, Kanpur - UPPCB",16-09-2026 14:00:00,26.4703136,80.3229863,SO2,11,12,11
India,Uttar Pradesh,Kanpur,"Nehru Nagar, Kanpur - UPPCB",16-09-2026 14:00:00,26.4703136,80.3229863,CO,48,50,49
India,Uttar Pradesh,Khora,"Prashant Garden, Khora - UPPCB",16-09-2026 14:00:00,28.61119,77.34206,PM10,71,124,101
India,Uttar Pradesh,Khora,"Prashant Garden, Khora - UPPCB",16-09-2026 14:00:00,28.61119,77.34206,NO2,NA,NA,NA
India,Uttar Pradesh,Khora,"Prashant Garden, Khora - UPPCB",16-09-2026 14:00:00,28.61119,77.34206,NH3,NA,NA,NA
India,Uttar Pradesh,Khora,"Prashant Garden, Khora - UPPCB",16-09-2026 14:00:00,28.61119,77.34206,SO2,NA,NA,NA
India,Uttar Pradesh,Khora,"Prashant Garden, Khora - UPPCB",16-09-2026 14:00:00,28.61119,77.34206,CO,NA,NA,NA
India,Uttar Pradesh,Khurja,"Kalindi Kunj, Khurja - UPPCB",16-09-2026 14:00:00,28.2348927,77.8683002,CO,14,82,43
India,Uttar Pradesh,Lucknow,"B R Ambedkar University, Lucknow - UPPCB",16-09-2026 14:00:00,26.766433,80.927299,NH3,3,3,3
India,Uttar Pradesh,Lucknow,"Kendriya Vidyalaya, Lucknow - CPCB",16-09-2026 14:00:00,26.906111,80.948222,PM2.5,23,94,62
India,Uttar Pradesh,Lucknow,"Lalbagh, Lucknow - CPCB",16-09-2026 14:00:00,26.8458805,80.9365541,PM10,58,106,80
India,Uttar Pradesh,Lucknow,"Talkatora District Industries Center, Lucknow - CPCB",16-09-2026 14:00:00,26.83399722,80.8917361,NO2,19,29,23
India,Uttar Pradesh,Lucknow,"Kukrail Picnic Spot-1, Lucknow - UPPCB",16-09-2026 14:00:00,26.90723,80.98579,PM2.5,27,53,38
India,Uttar Pradesh,Bulandshahr,"Yamunapuram, Bulandshahr - UPPCB",16-09-2026 14:00:00,28.406963,77.849831,PM2.5,30,73,45
India,Uttar Pradesh,Bulandshahr,"Yamunapuram, Bulandshahr - UPPCB",16-09-2026 14:00:00,28.406963,77.849831,PM10,77,155,102
India,Uttar Pradesh,Bulandshahr,"Yamunapuram, Bulandshahr - UPPCB",16-09-2026 14:00:00,28.406963,77.849831,NO2,5,29,19
India,Uttar Pradesh,Bulandshahr,"Yamunapuram, Bulandshahr - UPPCB",16-09-2026 14:00:00,28.406963,77.849831,CO,28,45,35
India,Uttar Pradesh,Bulandshahr,"Yamunapuram, Bulandshahr - UPPCB",16-09-2026 14:00:00,28.406963,77.849831,OZONE,7,88,44
India,Uttar Pradesh,Fatehpur Sikri,"Dadupura, Fatehpur Sikri - UPPCB",16-09-2026 14:00:00,27.097694,77.671335,SO2,10,11,11
India,Uttar Pradesh,Firozabad,"Nagla Bhau, Firozabad - UPPCB",16-09-2026 14:00:00,27.168897,78.37696,NO2,15,17,17
India,Uttar Pradesh,Firozabad,"Nagla Bhau, Firozabad - UPPCB",16-09-2026 14:00:00,27.168897,78.37696,SO2,14,55,30
India,Uttar Pradesh,Firozabad,"Vibhab Nagar, Firozabad - UPPCB",16-09-2026 14:00:00,27.1594,78.3953,PM10,19,73,46
India,Uttar Pradesh,Firozabad,"Vibhab Nagar, Firozabad - UPPCB",16-09-2026 14:00:00,27.1594,78.3953,NO2,14,15,15
India,Uttar Pradesh,Firozabad,"Vibhab Nagar, Firozabad - UPPCB",16-09-2026 14:00:00,27.1594,78.3953,SO2,5,8,7
India,Uttar Pradesh,Firozabad,"Vibhab Nagar, Firozabad - UPPCB",16-09-2026 14:00:00,27.1594,78.3953,CO,25,37,33
India,Uttar Pradesh,Gajraula,"Rajanpur, Gajraula - UPPCB",16-09-2026 14:00:00,28.829109,78.248796,PM10,70,122,95
India,Uttar Pradesh,Ghaziabad,"Govindpuram, Ghaziabad - UPPCB",16-09-2026 14:00:00,28.694528,77.494705,PM2.5,8,61,29
India,Uttar Pradesh,Ghaziabad,"Govindpuram, Ghaziabad - UPPCB",16-09-2026 14:00:00,28.694528,77.494705,PM10,8,59,28
India,Uttar Pradesh,Ghaziabad,"Govindpuram, Ghaziabad - UPPCB",16-09-2026 14:00:00,28.694528,77.494705,NO2,37,80,57
India,Uttar Pradesh,Ghaziabad,"Govindpuram, Ghaziabad - UPPCB",16-09-2026 14:00:00,28.694528,77.494705,CO,34,48,39
India,Uttar Pradesh,Mathura,"Pali Dungra, Mathura - UPPCB",16-09-2026 14:00:00,27.410954,77.550619,PM10,42,58,49
India,Uttar Pradesh,Mathura,"Pali Dungra, Mathura - UPPCB",16-09-2026 14:00:00,27.410954,77.550619,OZONE,4,8,6
India,Uttar Pradesh,Meerut,"Pallavpuram Phase 2, Meerut - UPPCB",16-09-2026 14:00:00,29.06351,77.709723,PM10,73,136,97
India,Uttar Pradesh,Meerut,"Ganga Nagar, Meerut - UPPCB",16-09-2026 14:00:00,28.999264,77.7590354,NH3,6,9,7
India,Uttar Pradesh,Meerut,"Ganga Nagar, Meerut - UPPCB",16-09-2026 14:00:00,28.999264,77.7590354,SO2,10,33,23
India,Uttar Pradesh,Meerut,"MIET College, Meerut - UPPCB",16-09-2026 14:00:00,28.972677,77.641018,NH3,1,8,4
India,Uttar Pradesh,Meerut,"MIET College, Meerut - UPPCB",16-09-2026 14:00:00,28.972677,77.641018,SO2,2,3,3
India,Uttar Pradesh,Meerut,"Jai Bhim Nagar, Meerut - UPPCB",16-09-2026 14:00:00,28.9535882,77.7622941,SO2,6,10,9
India,Uttar Pradesh,Meerut,"Jai Bhim Nagar, Meerut - UPPCB",16-09-2026 14:00:00,28.9535882,77.7622941,CO,1,36,16
India,Uttar Pradesh,Modinagar,"SRM University, Modinagar - UPPCB",16-09-2026 14:00:00,28.798171,77.540243,PM2.5,55,101,78
India,Uttar Pradesh,Modinagar,"SRM University, Modinagar - UPPCB",16-09-2026 14:00:00,28.798171,77.540243,NO2,13,50,27
India,Uttar Pradesh,Modinagar,"SRM University, Modinagar - UPPCB",16-09-2026 14:00:00,28.798171,77.540243,CO,16,31,22
India,Uttar Pradesh,Moradabad,"Eco Herbal Park, Moradabad - UPPCB",16-09-2026 14:00:00,28.840739,78.697531,PM2.5,41,115,72
India,Uttar Pradesh,Moradabad,"Eco Herbal Park, Moradabad - UPPCB",16-09-2026 14:00:00,28.840739,78.697531,CO,17,25,22
India,Rajasthan,Pratapgarh,"Pragati Nagar, Pratapgarh - RSPCB",16-09-2026 14:00:00,24.041198,74.780702,CO,7,16,12
India,Rajasthan,Rajsamand,"Dhoinda, Rajsamand - RSPCB",16-09-2026 14:00:00,25.03636,73.883502,PM2.5,3,75,33
India,Rajasthan,Rajsamand,"Dhoinda, Rajsamand - RSPCB",16-09-2026 14:00:00,25.03636,73.883502,CO,7,12,9
India,Rajasthan,Sawai Madhopur,"Sahu Nagar, Sawai Madhopur - RSPCB",16-09-2026 14:00:00,26.031443,76.359327,NO2,10,31,16
India,Rajasthan,Sawai Madhopur,"Sahu Nagar, Sawai Madhopur - RSPCB",16-09-2026 14:00:00,26.031443,76.359327,NH3,1,3,2
India,Rajasthan,Sikar,"Radhakishan Pura, Sikar - RSPCB",16-09-2026 14:00:00,27.608912,75.153302,PM2.5,NA,NA,NA
India,Uttar Pradesh,Greater Noida,"Knowledge Park - V, Greater Noida - UPPCB",16-09-2026 14:00:00,28.557054,77.453663,NH3,6,8,7
India,Uttar Pradesh,Greater Noida,"Knowledge Park - V, Greater Noida - UPPCB",16-09-2026 14:00:00,28.557054,77.453663,SO2,3,9,6
India,Uttar Pradesh,Greater Noida,"Knowledge Park - III, Greater Noida - UPPCB",16-09-2026 14:00:00,28.47272,77.482,SO2,9,13,11
India,Uttar Pradesh,Jhansi,"Shivaji Nagar, Jhansi - UPPCB",16-09-2026 14:00:00,25.4547,78.6039,NO2,6,6,6
India,Uttar Pradesh,Kanpur,"NSI Kalyanpur, Kanpur - UPPCB",16-09-2026 14:00:00,26.509954,80.249612,PM10,24,75,56
India,Uttar Pradesh,Kanpur,"NSI Kalyanpur, Kanpur - UPPCB",16-09-2026 14:00:00,26.509954,80.249612,SO2,22,30,26
India,Uttar Pradesh,Kanpur,"Nehru Nagar, Kanpur - UPPCB",16-09-2026 14:00:00,26.4703136,80.3229863,PM2.5,25,73,42
India,Uttar Pradesh,Kanpur,"Nehru Nagar, Kanpur - UPPCB",16-09-2026 14:00:00,26.4703136,80.3229863,PM10,23,66,38
India,Uttar Pradesh,Kanpur,"Nehru Nagar, Kanpur - UPPCB",16-09-2026 14:00:00,26.4703136,80.3229863,NO2,44,49,47
India,Rajasthan,Jhunjhunu,"Indra Nagar, Jhunjhunu - RSPCB",16-09-2026 14:00:00,28.108988,75.386577,CO,17,23,20
India,Rajasthan,Jodhpur,"Jhalamand, Jodhpur - RSPCB",16-09-2026 14:00:00,26.215415,73.070156,PM2.5,2,33,19
India,Rajasthan,Jodhpur,"Jhalamand, Jodhpur - RSPCB",16-09-2026 14:00:00,26.215415,73.070156,NO2,12,31,15
India,Rajasthan,Jodhpur,"Jhalamand, Jodhpur - RSPCB",16-09-2026 14:00:00,26.215415,73.070156,NH3,7,12,9
India,Rajasthan,Jodhpur,"Samrat Ashok Udhyan, Jodhpur - RSPCB",16-09-2026 14:00:00,26.253384,72.976571,PM10,14,81,32
India,Rajasthan,Jodhpur,"Samrat Ashok Udhyan, Jodhpur - RSPCB",16-09-2026 14:00:00,26.253384,72.976571,NO2,4,29,8
India,Rajasthan,Jodhpur,"Mandor, Jodhpur - RSPCB",16-09-2026 14:00:00,26.358805,73.047444,SO2,4,11,6
India,Rajasthan,Jodhpur,"Digari Kalan, Jodhpur - RSPCB",16-09-2026 14:00:00,26.29581,73.082283,NH3,8,10,9
India,Rajasthan,Jodhpur,"Digari Kalan, Jodhpur - RSPCB",16-09-2026 14:00:00,26.29581,73.082283,SO2,7,8,8
India,Rajasthan,Jodhpur,"Digari Kalan, Jodhpur - RSPCB",16-09-2026 14:00:00,26.29581,73.082283,CO,14,20,17
India,Rajasthan,Khairthal,"New Anaj Mandi, Khairthal - RSPCB",16-09-2026 14:00:00,27.8015617,76.6365217,PM10,95,120,107
India,Rajasthan,Khairthal,"New Anaj Mandi, Khairthal - RSPCB",16-09-2026 14:00:00,27.8015617,76.6365217,CO,70,98,78
India,Rajasthan,Kota,"Nayapura, Kota - RSPCB",16-09-2026 14:00:00,25.196024,75.855668,PM2.5,17,42,29
India,Rajasthan,Kota,"Nayapura, Kota - RSPCB",16-09-2026 14:00:00,25.196024,75.855668,NH3,3,6,4
India,Rajasthan,Kota,"Nayapura, Kota - RSPCB",16-09-2026 14:00:00,25.196024,75.855668,SO2,3,5,4
India,Rajasthan,Sawai Madhopur,"Sahu Nagar, Sawai Madhopur - RSPCB",16-09-2026 14:00:00,26.031443,76.359327,NO2,10,31,16
India,Rajasthan,Sawai Madhopur,"Sahu Nagar, Sawai Madhopur - RSPCB",16-09-2026 14:00:00,26.031443,76.359327,NH3,1,3,2
India,Rajasthan,Sikar,"Radhakishan Pura, Sikar - RSPCB",16-09-2026 14:00:00,27.608912,75.153302,PM2.5,NA,NA,NA
India,Rajasthan,Sikar,"Radhakishan Pura, Sikar - RSPCB",16-09-2026 14:00:00,27.608912,75.153302,NO2,5,15,10
India,Rajasthan,Sirohi,"Vedhaynath Colony, Sirohi - RSPCB",16-09-2026 14:00:00,24.885261,72.857549,PM10,22,50,33
India,Rajasthan,Sirohi,"Vedhaynath Colony, Sirohi - RSPCB",16-09-2026 14:00:00,24.885261,72.857549,CO,8,14,11
India,Rajasthan,Sri Ganganagar,"Old City, Sri Ganganagar - RSPCB",16-09-2026 14:00:00,29.931624,73.864511,PM10,59,241,112
India,Rajasthan,Sri Ganganagar,"Old City, Sri Ganganagar - RSPCB",16-09-2026 14:00:00,29.931624,73.864511,NH3,10,14,12
India,Rajasthan,Sri Ganganagar,"Old City, Sri Ganganagar - RSPCB",16-09-2026 14:00:00,29.931624,73.864511,CO,47,60,54
India,Rajasthan,Udaipur,"Ashok Nagar, Udaipur - RSPCB",16-09-2026 14:00:00,24.5886166,73.6321397,NH3,2,5,4
India,Rajasthan,Udaipur,"Ashok Nagar, Udaipur - RSPCB",16-09-2026 14:00:00,24.5886166,73.6321397,OZONE,7,27,15
India,Tamil Nadu,Chennai,"Manali Village, Chennai - TNPCB",16-09-2026 14:00:00,13.1662,80.2584,PM10,16,46,32
India,Tamil Nadu,Chennai,"Manali, Chennai - CPCB",16-09-2026 14:00:00,13.164544,80.26285,OZONE,9,17,11
India,Telangana,Hyderabad,"IDA Pashamylaram, Hyderabad - TSPCB",16-09-2026 14:00:00,17.5316895,78.218939,NO2,9,12,11
India,Telangana,Hyderabad,"Somajiguda, Hyderabad - TSPCB",16-09-2026 14:00:00,17.417094,78.457437,PM2.5,45,56,49
India,Telangana,Hyderabad,"Somajiguda, Hyderabad - TSPCB",16-09-2026 14:00:00,17.417094,78.457437,SO2,10,18,13
India,Tripura,Agartala,"Bardowali, Agartala - Tripura SPCB",16-09-2026 14:00:00,23.8175497,91.2726974,SO2,14,16,16
India,Uttar Pradesh,Agra,"Sanjay Palace, Agra - UPPCB",16-09-2026 14:00:00,27.19865833,78.00598056,CO,29,34,32
India,Uttar Pradesh,Agra,"Sanjay Palace, Agra - UPPCB",16-09-2026 14:00:00,27.19865833,78.00598056,OZONE,5,9,7
India,Uttar Pradesh,Agra,"Shahjahan Garden, Agra - UPPCB",16-09-2026 14:00:00,27.169338,78.03582,OZONE,1,2,1
India,Uttar Pradesh,Agra,"Rohta, Agra - UPPCB",16-09-2026 14:00:00,27.106972,78.000111,PM2.5,15,36,25
India,Uttar Pradesh,Agra,"Rohta, Agra - UPPCB",16-09-2026 14:00:00,27.106972,78.000111,NH3,6,6,6
India,Uttar Pradesh,Agra,"Rohta, Agra - UPPCB",16-09-2026 14:00:00,27.106972,78.000111,CO,31,35,32
India,Uttar Pradesh,Agra,"Manoharpur, Agra - UPPCB",16-09-2026 14:00:00,27.23711,78.01936,PM10,6,90,70
India,Uttar Pradesh,Agra,"Manoharpur, Agra - UPPCB",16-09-2026 14:00:00,27.23711,78.01936,NH3,2,2,2
India,Rajasthan,Kota,"Dhanmandi, Kota - RSPCB",16-09-2026 14:00:00,25.16409,75.858137,PM10,18,54,35
India,Rajasthan,Nagaur,"Karni Colony, Nagaur - RSPCB",16-09-2026 14:00:00,27.213494,73.734444,PM2.5,5,27,15
India,Rajasthan,Nagaur,"Karni Colony, Nagaur - RSPCB",16-09-2026 14:00:00,27.213494,73.734444,PM10,18,84,49
India,Rajasthan,Nagaur,"Karni Colony, Nagaur - RSPCB",16-09-2026 14:00:00,27.213494,73.734444,CO,14,22,17
India,Rajasthan,Nagaur,"Karni Colony, Nagaur - RSPCB",16-09-2026 14:00:00,27.213494,73.734444,OZONE,47,71,61
India,Rajasthan,Pratapgarh,"Pragati Nagar, Pratapgarh - RSPCB",16-09-2026 14:00:00,24.041198,74.780702,CO,7,16,12
India,Rajasthan,Rajsamand,"Dhoinda, Rajsamand - RSPCB",16-09-2026 14:00:00,25.03636,73.883502,PM2.5,3,75,33
India,Rajasthan,Rajsamand,"Dhoinda, Rajsamand - RSPCB",16-09-2026 14:00:00,25.03636,73.883502,CO,7,12,9
India,Uttar Pradesh,Noida,"Sector - 62, Noida - IITM",16-09-2026 14:00:00,28.6245479,77.3577104,SO2,NA,NA,NA
India,Uttar Pradesh,Noida,"Sector - 62, Noida - IITM",16-09-2026 14:00:00,28.6245479,77.3577104,OZONE,14,32,20
India,Uttar Pradesh,Noida,"Sector-1, Noida - UPPCB",16-09-2026 14:00:00,28.5898,77.3101,PM2.5,7,120,55
India,Uttar Pradesh,Noida,"Sector-1, Noida - UPPCB",16-09-2026 14:00:00,28.5898,77.3101,NH3,6,19,9
India,Uttar Pradesh,Noida,"Sector-1, Noida - UPPCB",16-09-2026 14:00:00,28.5898,77.3101,SO2,5,13,6
India,Uttar Pradesh,Noida,"Sector-1, Noida - UPPCB",16-09-2026 14:00:00,28.5898,77.3101,OZONE,13,97,36
India,Uttar Pradesh,Prayagraj,"Nagar Nigam, Prayagraj - UPPCB",16-09-2026 14:00:00,25.44919916,81.82735986,NO2,5,6,5
India,Uttar Pradesh,Raebareli," Indira Nagar, Raebareli - NTPC Unchahar",16-09-2026 14:00:00,26.207781,81.245571,PM10,60,98,82
India,Uttar Pradesh,Raebareli," Indira Nagar, Raebareli - NTPC Unchahar",16-09-2026 14:00:00,26.207781,81.245571,SO2,14,15,15
India,Uttar Pradesh,Raebareli,"Anand Nagar, Raebareli - UPPCB",16-09-2026 14:00:00,26.219512,81.237648,NO2,5,43,14
India,Uttar Pradesh,Raebareli,"Anand Nagar, Raebareli - UPPCB",16-09-2026 14:00:00,26.219512,81.237648,SO2,13,13,13
India,Uttar Pradesh,Raebareli,"Anand Nagar, Raebareli - UPPCB",16-09-2026 14:00:00,26.219512,81.237648,OZONE,49,71,60
India,Uttar Pradesh,Shamli,"New Tehsil, Shamli - UPPCB",16-09-2026 14:00:00,29.4603683,77.3410291,PM2.5,37,78,59
India,Uttar Pradesh,Shamli,"New Tehsil, Shamli - UPPCB",16-09-2026 14:00:00,29.4603683,77.3410291,NO2,8,23,12
India,Uttar Pradesh,Shamli,"New Tehsil, Shamli - UPPCB",16-09-2026 14:00:00,29.4603683,77.3410291,CO,36,98,73
India,Uttar Pradesh,Shamli,"New Tehsil, Shamli - UPPCB",16-09-2026 14:00:00,29.4603683,77.3410291,OZONE,17,19,18
India,Uttar Pradesh,Varanasi,"Maldahiya, Varanasi - UPPCB",16-09-2026 14:00:00,25.32393,82.99687,NH3,0,0,0
India,Uttar Pradesh,Varanasi,"Ardhali Bazar, Varanasi - UPPCB",16-09-2026 14:00:00,25.3505986,82.9083074,NO2,19,23,22
India,Uttar Pradesh,Varanasi,"IESD Banaras Hindu University, Varanasi - UPPCB",16-09-2026 14:00:00,25.262326,82.995408,NO2,2,2,2
India,Uttar Pradesh,Vrindavan,"Omex Eternity, Vrindavan - UPPCB",16-09-2026 14:00:00,27.571409,77.655757,OZONE,15,16,16
India,Uttar Pradesh,Vrindavan," Chhatikara, Vrindavan - UPPCB",16-09-2026 14:00:00,27.57194,77.62346,NO2,0,6,2
India,Uttar Pradesh,Vrindavan," Chhatikara, Vrindavan - UPPCB",16-09-2026 14:00:00,27.57194,77.62346,OZONE,21,58,41
India,Uttarakhand,Dehradun,"Doon University, Dehradun - UKPCB",16-09-2026 14:00:00,30.269444,78.044167,OZONE,2,29,15
India,Uttarakhand,Kashipur,"Govt. Girls Inter College, Kashipur - UKPCB",16-09-2026 14:00:00,29.2124114,78.9611753,NO2,NA,NA,NA
India,Uttarakhand,Kashipur,"Govt. Girls Inter College, Kashipur - UKPCB",16-09-2026 14:00:00,29.2124114,78.9611753,NH3,NA,NA,NA
India,West Bengal,Asansol,"Mahabir Colliery, Asansol - WBPCB",16-09-2026 14:00:00,23.618183,87.105718,SO2,6,10,7
India,West Bengal,Asansol,"Asansol Court Area, Asansol - WBPCB",16-09-2026 14:00:00,23.685297,86.945968,NO2,NA,NA,NA
India,West Bengal,Asansol,"Asansol Court Area, Asansol - WBPCB",16-09-2026 14:00:00,23.685297,86.945968,SO2,NA,NA,NA
India,West Bengal,Asansol,"Evelyn Lodge, Asansol - WBPCB",16-09-2026 14:00:00,23.697936,86.944395,PM10,25,95,55
India,West Bengal,Asansol,"Evelyn Lodge, Asansol - WBPCB",16-09-2026 14:00:00,23.697936,86.944395,SO2,77,78,78
India,West Bengal,Asansol,"Evelyn Lodge, Asansol - WBPCB",16-09-2026 14:00:00,23.697936,86.944395,OZONE,4,48,28
India,West Bengal,Barrackpore,"SVSPA Campus, Barrackpore - WBPCB",16-09-2026 14:00:00,22.7605581,88.3617589,CO,32,41,36
India,West Bengal,Durgapur,"PCBL Residential Complex, Durgapur - WBPCB",16-09-2026 14:00:00,23.508764,87.35444,NO2,44,81,65
India,West Bengal,Durgapur,"PCBL Residential Complex, Durgapur - WBPCB",16-09-2026 14:00:00,23.508764,87.35444,OZONE,5,6,6
India,West Bengal,Howrah,"Belur Math, Howrah - WBPCB",16-09-2026 14:00:00,22.629801,88.352017,PM2.5,43,123,65
India,West Bengal,Howrah,"Belur Math, Howrah - WBPCB",16-09-2026 14:00:00,22.629801,88.352017,NH3,3,4,3
India,West Bengal,Howrah,"Belur Math, Howrah - WBPCB",16-09-2026 14:00:00,22.629801,88.352017,OZONE,8,9,9
India,West Bengal,Howrah,"Padmapukur, Howrah - WBPCB",16-09-2026 14:00:00,22.5687319,88.2797276,NO2,15,51,29
India,West Bengal,Howrah,"Padmapukur, Howrah - WBPCB",16-09-2026 14:00:00,22.5687319,88.2797276,OZONE,13,22,17
India,West Bengal,Howrah,"Botanical Garden, Howrah - WBPCB",16-09-2026 14:00:00,22.554954,88.292568,SO2,2,9,8
India,West Bengal,Howrah,"Botanical Garden, Howrah - WBPCB",16-09-2026 14:00:00,22.554954,88.292568,CO,14,16,15
India,West Bengal,Kolkata,"Rabindra Bharati University, Kolkata - WBPCB",16-09-2026 14:00:00,22.627847,88.380669,PM10,66,134,91
India,West Bengal,Kolkata,"Fort William, Kolkata - WBPCB",16-09-2026 14:00:00,22.55664,88.342674,PM2.5,23,55,36
India,West Bengal,Kolkata,"Fort William, Kolkata - WBPCB",16-09-2026 14:00:00,22.55664,88.342674,OZONE,53,81,71
India,West Bengal,Kolkata,"Ballygunge, Kolkata - WBPCB",16-09-2026 14:00:00,22.5367507,88.3638022,SO2,2,10,8
India,West Bengal,Kolkata,"Victoria, Kolkata - WBPCB",16-09-2026 14:00:00,22.5448082,88.3403691,PM2.5,26,50,35
India,West Bengal,Kolkata,"Rabindra Sarobar, Kolkata - WBPCB",16-09-2026 14:00:00,22.51106,88.35142,PM2.5,22,33,26
India,West Bengal,Kolkata,"Rabindra Sarobar, Kolkata - WBPCB",16-09-2026 14:00:00,22.51106,88.35142,NO2,21,122,45
India,West Bengal,Kolkata,"Rabindra Sarobar, Kolkata - WBPCB",16-09-2026 14:00:00,22.51106,88.35142,SO2,6,8,7
India,Bihar,Gaya,"SFTI Kusdihra, Gaya - BSPCB",16-09-2026 14:00:00,24.762518,84.982348,OZONE,8,40,25
India,Bihar,Hajipur,"Industrial Area, Hajipur - BSPCB",16-09-2026 14:00:00,25.697189,85.2459,NH3,12,16,15
India,Bihar,Katihar,"Mirchaibari, Katihar - BSPCB",16-09-2026 14:00:00,25.560083,87.553265,OZONE,22,42,28
India,Bihar,Kishanganj,"SDM Office_Khagra, Kishanganj - BSPCB",16-09-2026 14:00:00,26.0881305,87.93840336,PM2.5,47,77,60
India,Bihar,Kishanganj,"SDM Office_Khagra, Kishanganj - BSPCB",16-09-2026 14:00:00,26.0881305,87.93840336,OZONE,32,33,32
India,Bihar,Manguraha,"Forest Rest House, Manguraha - BSPCB",16-09-2026 14:00:00,27.308328,84.531742,PM10,NA,NA,NA
India,Bihar,Manguraha,"Forest Rest House, Manguraha - BSPCB",16-09-2026 14:00:00,27.308328,84.531742,OZONE,117,117,117
India,Bihar,Motihari,"Gandak Colony, Motihari - BSPCB",16-09-2026 14:00:00,26.63086,84.90051,NO2,2,3,3
India,Bihar,Motihari,"Gandak Colony, Motihari - BSPCB",16-09-2026 14:00:00,26.63086,84.90051,SO2,2,3,3
India,Bihar,Munger,"Town Hall, Munger - BSPCB",16-09-2026 14:00:00,25.376776,86.471523,PM2.5,5,77,30
India,Bihar,Muzaffarpur,"Buddha Colony, Muzaffarpur - BSPCB",16-09-2026 14:00:00,26.11442,85.39813,CO,15,22,18
India,Bihar,Patna,"Samanpura, Patna - BSPCB",16-09-2026 14:00:00,25.596727,85.085624,PM2.5,NA,NA,NA
India,Bihar,Patna,"Samanpura, Patna - BSPCB",16-09-2026 14:00:00,25.596727,85.085624,PM10,69,143,96
India,Bihar,Patna,"Samanpura, Patna - BSPCB",16-09-2026 14:00:00,25.596727,85.085624,NO2,23,24,24
India,Bihar,Patna,"Samanpura, Patna - BSPCB",16-09-2026 14:00:00,25.596727,85.085624,NH3,4,6,5
India,Bihar,Patna,"Samanpura, Patna - BSPCB",16-09-2026 14:00:00,25.596727,85.085624,SO2,3,4,3
India,Bihar,Patna,"Muradpur, Patna - BSPCB",16-09-2026 14:00:00,25.619651,85.147382,PM10,14,93,75
India,Bihar,Patna,"Muradpur, Patna - BSPCB",16-09-2026 14:00:00,25.619651,85.147382,OZONE,9,79,40
India,Bihar,Patna,"DRM Office Danapur, Patna - BSPCB",16-09-2026 14:00:00,25.586562,85.043586,NH3,8,9,9
India,Bihar,Patna,"DRM Office Danapur, Patna - BSPCB",16-09-2026 14:00:00,25.586562,85.043586,CO,32,38,36
India,Bihar,Patna,"DRM Office Danapur, Patna - BSPCB",16-09-2026 14:00:00,25.586562,85.043586,OZONE,20,35,27
India,Bihar,Patna,"Govt. High School Shikarpur, Patna - BSPCB",16-09-2026 14:00:00,25.592539,85.227158,CO,31,37,33
India,Bihar,Patna,"IGSC Planetarium Complex, Patna - BSPCB",16-09-2026 14:00:00,25.610369,85.132568,NO2,5,7,6
India,Bihar,Patna,"IGSC Planetarium Complex, Patna - BSPCB",16-09-2026 14:00:00,25.610369,85.132568,NH3,NA,NA,NA
India,Bihar,Patna,"IGSC Planetarium Complex, Patna - BSPCB",16-09-2026 14:00:00,25.610369,85.132568,CO,12,17,16
India,Bihar,Patna,"Rajbansi Nagar, Patna - BSPCB",16-09-2026 14:00:00,25.599486,85.113666,PM2.5,33,51,41
India,Bihar,Patna,"Rajbansi Nagar, Patna - BSPCB",16-09-2026 14:00:00,25.599486,85.113666,SO2,8,15,9
India,Bihar,Purnia,"Mariam Nagar, Purnia - BSPCB",16-09-2026 14:00:00,25.366336,87.117468,NO2,17,19,18
India,Bihar,Rajgir,"Dangi Tola, Rajgir - BSPCB",16-09-2026 14:00:00,25.0328,85.41948,CO,38,55,45
India,Bihar,Saharsa,"Police Line, Saharsa - BSPCB",16-09-2026 14:00:00,25.892357,86.590325,NH3,4,4,4
India,Bihar,Saharsa,"Police Line, Saharsa - BSPCB",16-09-2026 14:00:00,25.892357,86.590325,OZONE,9,18,12
India,Bihar,Sasaram,"Dada Peer, Sasaram - BSPCB",16-09-2026 14:00:00,24.952822,84.002396,NH3,NA,NA,NA
India,Chandigarh,Chandigarh,"Sector-25, Chandigarh - CPCC",16-09-2026 14:00:00,30.751462,76.762879,PM2.5,30,62,44
India,Chandigarh,Chandigarh,"Sector 22, Chandigarh - CPCC",16-09-2026 14:00:00,30.735567,76.775714,OZONE,5,35,21
India,Chhattisgarh,Bhilai,"Hathkhoj, Bhilai - CECB",16-09-2026 14:00:00,21.224231,81.40835,PM2.5,21,68,50
India,Chhattisgarh,Bhilai,"Hathkhoj, Bhilai - CECB",16-09-2026 14:00:00,21.224231,81.40835,OZONE,3,26,17
India,Chhattisgarh,Bhilai,"Civic Center, Bhilai - Bhilai Steel Plant",16-09-2026 14:00:00,21.185571,81.343175,PM10,11,41,24
India,Chhattisgarh,Bhilai,"32Bungalows, Bhilai - CECB",16-09-2026 14:00:00,21.194815,81.31477,SO2,2,28,7
India,Chhattisgarh,Bhilai,"32Bungalows, Bhilai - CECB",16-09-2026 14:00:00,21.194815,81.31477,CO,11,14,12
India,Chhattisgarh,Bhilai,"32Bungalows, Bhilai - CECB",16-09-2026 14:00:00,21.194815,81.31477,OZONE,2,33,20
India,Chhattisgarh,Bilaspur,"Mangala, Bilaspur - NTPC",16-09-2026 14:00:00,22.08815,82.13737,OZONE,NA,NA,NA
India,Chhattisgarh,Chhal,"Nawapara SECL Colony, Chhal - CECB",16-09-2026 14:00:00,22.118125,83.140608,PM2.5,NA,NA,NA
India,Chhattisgarh,Chhal,"Nawapara SECL Colony, Chhal - CECB",16-09-2026 14:00:00,22.118125,83.140608,SO2,0,62,9
India,Chhattisgarh,Korba,"Urja Nagar, Korba - CECB",16-09-2026 14:00:00,22.348441,82.549611,PM10,39,166,90
India,Chhattisgarh,Korba,"Urja Nagar, Korba - CECB",16-09-2026 14:00:00,22.348441,82.549611,SO2,3,17,10
India,Chhattisgarh,Korba,"Urja Nagar, Korba - CECB",16-09-2026 14:00:00,22.348441,82.549611,OZONE,5,5,5
India,Bihar,Begusarai,"Lohiyanagar, Begusarai - BSPCB",16-09-2026 14:00:00,25.42742023,86.13886079,CO,48,65,57
India,Bihar,Bettiah,"Kamalnath Nagar, Bettiah - BSPCB",16-09-2026 14:00:00,26.80365,84.51954,PM10,NA,NA,NA
India,Bihar,Bettiah,"Kamalnath Nagar, Bettiah - BSPCB",16-09-2026 14:00:00,26.80365,84.51954,SO2,NA,NA,NA
India,Bihar,Bettiah,"Kamalnath Nagar, Bettiah - BSPCB",16-09-2026 14:00:00,26.80365,84.51954,CO,24,51,35
India,Bihar,Bettiah,"Kamalnath Nagar, Bettiah - BSPCB",16-09-2026 14:00:00,26.80365,84.51954,OZONE,8,24,16
India,Bihar,Bhagalpur,"DM Office_Kachari Chowk, Bhagalpur - BSPCB",16-09-2026 14:00:00,25.251013,86.989001,NH3,4,4,4
India,Bihar,Bhagalpur,"DM Office_Kachari Chowk, Bhagalpur - BSPCB",16-09-2026 14:00:00,25.251013,86.989001,OZONE,17,21,19
India,Bihar,Bihar Sharif,"D M Colony, Bihar Sharif - BSPCB",16-09-2026 14:00:00,25.204762,85.51496,PM10,NA,NA,NA
India,Bihar,Bihar Sharif,"D M Colony, Bihar Sharif - BSPCB",16-09-2026 14:00:00,25.204762,85.51496,OZONE,1,2,2
India,Bihar,Gaya,"Kareemganj, Gaya - BSPCB",16-09-2026 14:00:00,24.792403,84.992416,NH3,0,3,1
India,Bihar,Gaya,"Kareemganj, Gaya - BSPCB",16-09-2026 14:00:00,24.792403,84.992416,CO,33,61,43
India,Bihar,Gaya,"Collectorate, Gaya - BSPCB",16-09-2026 14:00:00,24.7955,84.9994,OZONE,27,29,28
India,Andhra Pradesh,Rajamahendravaram,"Anand Kala Kshetram, Rajamahendravaram - APPCB",16-09-2026 14:00:00,16.9872867,81.7363176,CO,15,28,23
India,Andhra Pradesh,Tirumala,"Toll Gate, Tirumala - APPCB",16-09-2026 14:00:00,13.67,79.35,PM10,23,76,44
India,Andhra Pradesh,Tirumala,"Toll Gate, Tirumala - APPCB",16-09-2026 14:00:00,13.67,79.35,NO2,46,84,66
India,Andhra Pradesh,Tirupati,"Vaikuntapuram, Tirupati - APPCB",16-09-2026 14:00:00,13.615387,79.40923,NH3,NA,NA,NA
India,Andhra Pradesh,Vijayawada,"HB Colony, Vijayawada - APPCB",16-09-2026 14:00:00,16.536107,80.594233,NO2,16,30,19
India,Andhra Pradesh,Vijayawada,"HB Colony, Vijayawada - APPCB",16-09-2026 14:00:00,16.536107,80.594233,CO,33,46,40
India,Andhra Pradesh,Vijayawada,"Rajiv Gandhi Park, Vijayawada - APPCB",16-09-2026 14:00:00,16.509717,80.612222,OZONE,15,41,30
India,Arunachal Pradesh,Naharlagun,"Naharlagun, Naharlagun - APSPCB",16-09-2026 14:00:00,27.103358,93.679645,SO2,11,12,12
India,Andhra Pradesh,Guntur,"Rajendra Nagar North, Guntur - APPCB",16-09-2026 14:00:00,16.316553,80.413302,SO2,7,24,11
India,Andhra Pradesh,Kakinada,"Rama Rao Peta, Kakinada - APPCB",16-09-2026 14:00:00,16.962488,82.229513,PM10,11,49,33
India,Andhra Pradesh,Kakinada,"Rama Rao Peta, Kakinada - APPCB",16-09-2026 14:00:00,16.962488,82.229513,NO2,15,49,27
India,Andhra Pradesh,Kakinada,"Rama Rao Peta, Kakinada - APPCB",16-09-2026 14:00:00,16.962488,82.229513,NH3,2,6,4
India,Andhra Pradesh,Kakinada,"Rama Rao Peta, Kakinada - APPCB",16-09-2026 14:00:00,16.962488,82.229513,CO,19,36,28
India,Andhra Pradesh,Machilipatnam,"Srinivas Nagar Colony, Machilipatnam - APPCB",16-09-2026 14:00:00,16.186555,81.13219,PM2.5,52,61,55
India,Andhra Pradesh,Machilipatnam,"Srinivas Nagar Colony, Machilipatnam - APPCB",16-09-2026 14:00:00,16.186555,81.13219,OZONE,31,46,36
India,Andhra Pradesh,Nellore,"Ambedkar Nagar, Nellore - APPCB ",16-09-2026 14:00:00,14.438164,79.966814,NH3,5,8,7
India,Assam,Guwahati,"IITG, Guwahati - PCBA",16-09-2026 14:00:00,26.2028636,91.70046436,PM2.5,7,39,18
India,Assam,Guwahati,"IITG, Guwahati - PCBA",16-09-2026 14:00:00,26.2028636,91.70046436,OZONE,2,31,18
India,Assam,Nagaon,"Christianpatty, Nagaon - PCBA",16-09-2026 14:00:00,26.349082,92.68449,NH3,4,4,4
India,Assam,Nalbari,"Bata Chowk, Nalbari - PCBA",16-09-2026 14:00:00,26.446912,91.439057,NO2,13,15,14
India,Assam,Nalbari,"Bata Chowk, Nalbari - PCBA",16-09-2026 14:00:00,26.446912,91.439057,CO,21,22,22
India,Assam,Silchar,"Tarapur, Silchar - PCBA",16-09-2026 14:00:00,24.82827,92.79525,PM2.5,27,77,44
India,Assam,Silchar,"Tarapur, Silchar - PCBA",16-09-2026 14:00:00,24.82827,92.79525,SO2,4,6,5
India,Assam,Sivasagar,"Girls College, Sivasagar - PCBA",16-09-2026 14:00:00,26.987634,94.636574,PM2.5,12,53,26
India,Andhra Pradesh,Anantapur,"Gulzarpet, Anantapur - APPCB",16-09-2026 14:00:00,14.675886,77.593027,OZONE,20,49,33
India,Andhra Pradesh,Eluru,"District Court, Eluru - APPCB",16-09-2026 14:00:00,16.711754,81.092095,SO2,8,16,13
India,Assam,Guwahati,"Pan Bazaar, Guwahati - PCBA",16-09-2026 14:00:00,26.1875,91.744194,NH3,1,1,1
India,Assam,Guwahati,"Railway Colony, Guwahati - PCBA",16-09-2026 14:00:00,26.181742,91.78063,NO2,3,3,3
India,Andhra Pradesh,Amaravati,"Secretariat, Amaravati - APPCB",16-09-2026 14:00:00,16.5150833,80.5181667,PM2.5,18,56,32
India,Andhra Pradesh,Amaravati,"Secretariat, Amaravati - APPCB",16-09-2026 14:00:00,16.5150833,80.5181667,PM10,56,119,79
India,Chhattisgarh,Korba,"Rampur, Korba - CECB",16-09-2026 14:00:00,22.368195,82.746431,NO2,10,35,18
India,Chhattisgarh,Korba,"Rampur, Korba - CECB",16-09-2026 14:00:00,22.368195,82.746431,CO,10,31,18
India,Chhattisgarh,Kunjemura,"OP Jindal School, Kunjemura - CECB",16-09-2026 14:00:00,22.12665,83.483212,PM2.5,17,40,27
India,Chhattisgarh,Kunjemura,"OP Jindal School, Kunjemura - CECB",16-09-2026 14:00:00,22.12665,83.483212,CO,19,46,27
India,Chhattisgarh,Milupara,"Govt. Higher Secondary School, Milupara - CECB",16-09-2026 14:00:00,22.1910172,83.5197009,NH3,NA,NA,NA
India,Chhattisgarh,Raipur,"Krishak Nagar, Raipur - CECB",16-09-2026 14:00:00,21.237755,81.705301,NH3,2,10,3
India,Chhattisgarh,Raipur,"Krishak Nagar, Raipur - CECB",16-09-2026 14:00:00,21.237755,81.705301,CO,20,25,23
India,Chhattisgarh,Raipur,"Bhatagaon New ISBT, Raipur - CECB",16-09-2026 14:00:00,21.219665,81.630094,PM2.5,23,43,33
India,Chhattisgarh,Raipur,"Bhatagaon New ISBT, Raipur - CECB",16-09-2026 14:00:00,21.219665,81.630094,NO2,14,42,23
India,Chhattisgarh,Raipur,"Bhatagaon New ISBT, Raipur - CECB",16-09-2026 14:00:00,21.219665,81.630094,OZONE,1,6,3
India,Chhattisgarh,Raipur,"AIIMS, Raipur - CECB",16-09-2026 14:00:00,21.258815,81.578979,NO2,NA,NA,NA
India,Chhattisgarh,Raipur,"AIIMS, Raipur - CECB",16-09-2026 14:00:00,21.258815,81.578979,SO2,NA,NA,NA
India,Chhattisgarh,Raipur,"Siltara Phase-II, Raipur - CECB",16-09-2026 14:00:00,21.371751,81.664929,PM10,22,114,48
India,Chhattisgarh,Raipur,"Siltara Phase-II, Raipur - CECB",16-09-2026 14:00:00,21.371751,81.664929,SO2,0,37,11
India,Chhattisgarh,Tumidih,"OP Jindal Industrial Park, Tumidih - CECB",16-09-2026 14:00:00,22.06631475,83.33820077,SO2,NA,NA,NA
India,Delhi,Delhi,"Wazirpur, Delhi - DPCC",16-09-2026 14:00:00,28.699793,77.165453,PM2.5,27,260,96
India,Delhi,Delhi,"Narela, Delhi - DPCC",16-09-2026 14:00:00,28.822836,77.101981,CO,40,52,46
India,Delhi,Delhi,"Cantonment Area, Delhi - DPCC",16-09-2026 14:00:00,28.594169,77.1251,PM2.5,5,51,24
India,Delhi,Delhi,"Cantonment Area, Delhi - DPCC",16-09-2026 14:00:00,28.594169,77.1251,NO2,4,20,10
India,Delhi,Delhi,"NSIT Dwarka, Delhi - CPCB",16-09-2026 14:00:00,28.60909,77.0325413,NH3,4,16,9
India,Delhi,Delhi,"NSIT Dwarka, Delhi - CPCB",16-09-2026 14:00:00,28.60909,77.0325413,CO,26,42,36
India,Delhi,Delhi,"Aya Nagar, Delhi - IITM",16-09-2026 14:00:00,28.4706914,77.1099364,NO2,2,27,17
India,Delhi,Delhi,"Aya Nagar, Delhi - IITM",16-09-2026 14:00:00,28.4706914,77.1099364,NH3,NA,NA,NA
India,Delhi,Delhi,"CRRI Mathura Road, Delhi - IITM",16-09-2026 14:00:00,28.5512005,77.2735737,PM10,30,96,58
India,Delhi,Delhi,"Burari Crossing, Delhi - IITM",16-09-2026 14:00:00,28.7256504,77.2011573,NH3,NA,NA,NA
India,Delhi,Delhi,"Burari Crossing, Delhi - IITM",16-09-2026 14:00:00,28.7256504,77.2011573,CO,11,23,17
India,Delhi,Delhi,"IMD Lodhi Road, Delhi - IITM",16-09-2026 14:00:00,28.5918245,77.2273074,OZONE,4,132,65
India,Delhi,Delhi,"JNU, Delhi - DPCC",16-09-2026 14:00:00,28.540721,77.168544,PM10,25,93,61
India,Delhi,Delhi,"ITO, Delhi - CPCB",16-09-2026 14:00:00,28.628624,77.24106,PM10,40,101,71
India,Delhi,Delhi,"ITO, Delhi - CPCB",16-09-2026 14:00:00,28.628624,77.24106,NH3,4,7,5
India,Delhi,Delhi,"ITO, Delhi - CPCB",16-09-2026 14:00:00,28.628624,77.24106,OZONE,4,66,30
India,Delhi,Delhi,"R K Puram, Delhi - DPCC",16-09-2026 14:00:00,28.563262,77.186937,NH3,3,5,4
India,Delhi,Delhi,"R K Puram, Delhi - DPCC",16-09-2026 14:00:00,28.563262,77.186937,OZONE,1,64,35
India,Delhi,Delhi,"North Campus, DU, Delhi - IITM",16-09-2026 14:00:00,28.6573814,77.1585447,PM2.5,20,259,80
India,Delhi,Delhi,"North Campus, DU, Delhi - IITM",16-09-2026 14:00:00,28.6573814,77.1585447,NH3,NA,NA,NA
India,Delhi,Delhi,"North Campus, DU, Delhi - IITM",16-09-2026 14:00:00,28.6573814,77.1585447,CO,71,97,82
India,Delhi,Delhi,"Alipur, Delhi - DPCC",16-09-2026 14:00:00,28.815329,77.15301,PM2.5,38,103,67
India,Delhi,Delhi,"Alipur, Delhi - DPCC",16-09-2026 14:00:00,28.815329,77.15301,NO2,18,77,55
India,Delhi,Delhi,"Alipur, Delhi - DPCC",16-09-2026 14:00:00,28.815329,77.15301,SO2,5,8,6
India,Delhi,Delhi,"Major Dhyan Chand National Stadium, Delhi - DPCC",16-09-2026 14:00:00,28.611281,77.237738,NO2,13,85,40
India,Delhi,Delhi,"Major Dhyan Chand National Stadium, Delhi - DPCC",16-09-2026 14:00:00,28.611281,77.237738,OZONE,3,36,19
India,Delhi,Delhi,"Sonia Vihar, Delhi - DPCC",16-09-2026 14:00:00,28.710508,77.249485,SO2,7,20,12
India,Delhi,Delhi,"Sonia Vihar, Delhi - DPCC",16-09-2026 14:00:00,28.710508,77.249485,CO,50,102,68
India,Delhi,Delhi,"Sonia Vihar, Delhi - DPCC",16-09-2026 14:00:00,28.710508,77.249485,OZONE,9,27,14
India,Delhi,Delhi,"Bawana, Delhi - DPCC",16-09-2026 14:00:00,28.7762,77.051074,NH3,7,9,8
India,Delhi,Delhi,"Bawana, Delhi - DPCC",16-09-2026 14:00:00,28.7762,77.051074,OZONE,14,17,16
India,Delhi,Delhi,"Okhla Phase-2, Delhi - DPCC",16-09-2026 14:00:00,28.530785,77.271255,OZONE,4,40,18
India,Delhi,Delhi,"Vivek Vihar, Delhi - DPCC",16-09-2026 14:00:00,28.672342,77.31526,PM10,45,144,96
India,Delhi,Delhi,"Vivek Vihar, Delhi - DPCC",16-09-2026 14:00:00,28.672342,77.31526,OZONE,10,33,21
India,Delhi,Delhi,"Jahangirpuri, Delhi - DPCC",16-09-2026 14:00:00,28.73282,77.170633,PM2.5,3,167,81
India,Delhi,Delhi,"Jahangirpuri, Delhi - DPCC",16-09-2026 14:00:00,28.73282,77.170633,NH3,9,11,10
India,Delhi,Delhi,"Jahangirpuri, Delhi - DPCC",16-09-2026 14:00:00,28.73282,77.170633,SO2,8,17,13
India,Delhi,Delhi,"Sri Aurobindo Marg, Delhi - DPCC",16-09-2026 14:00:00,28.531346,77.190156,SO2,10,14,12
India,Delhi,Delhi,"Nehru Nagar, Delhi - DPCC",16-09-2026 14:00:00,28.56789,77.250515,PM2.5,7,310,64
India,Delhi,Delhi,"Nehru Nagar, Delhi - DPCC",16-09-2026 14:00:00,28.56789,77.250515,SO2,4,108,11
India,Delhi,Delhi,"Patparganj, Delhi - DPCC",16-09-2026 14:00:00,28.623763,77.287209,PM10,48,129,89
India,Gujarat,Ahmedabad,"Chandkheda, Ahmedabad - IITM",16-09-2026 14:00:00,23.107969,72.574648,OZONE,1,11,7
India,Gujarat,Ahmedabad,"SAC ISRO Bopal, Ahmedabad - IITM",16-09-2026 14:00:00,23.041137,72.456691,PM2.5,4,50,21
India,Gujarat,Ahmedabad,"SAC ISRO Bopal, Ahmedabad - IITM",16-09-2026 14:00:00,23.041137,72.456691,PM10,4,63,28
India,Gujarat,Ahmedabad,"Maninagar, Ahmedabad - GPCB",16-09-2026 14:00:00,23.002657,72.591912,PM2.5,6,87,45
India,Gujarat,Ahmedabad,"Raikhad, Ahmedabad - IITM",16-09-2026 14:00:00,23.020509,72.579261,CO,39,49,42
India,Gujarat,Ahmedabad,"SAC ISRO Satellite, Ahmedabad - IITM",16-09-2026 14:00:00,23.023389,72.515201,PM2.5,13,23,17
India,Gujarat,Ahmedabad,"SAC ISRO Satellite, Ahmedabad - IITM",16-09-2026 14:00:00,23.023389,72.515201,NO2,23,30,27
India,Gujarat,Ahmedabad,"SAC ISRO Satellite, Ahmedabad - IITM",16-09-2026 14:00:00,23.023389,72.515201,CO,37,51,43
India,Gujarat,Ahmedabad,"Rakhial, Ahmedabad - IITM",16-09-2026 14:00:00,23.016834,72.625775,SO2,6,13,9
India,Gujarat,Ahmedabad,"Gyaspur, Ahmedabad - IITM",16-09-2026 14:00:00,22.977134,72.553024,OZONE,17,21,19
India,Gujarat,Ahmedabad,"SVPI Airport Hansol, Ahmedabad - IITM",16-09-2026 14:00:00,23.076793,72.627874,NH3,3,5,4
India,Gujarat,Ahmedabad,"SVPI Airport Hansol, Ahmedabad - IITM",16-09-2026 14:00:00,23.076793,72.627874,SO2,3,4,4
India,Gujarat,Ahmedabad,"SVPI Airport Hansol, Ahmedabad - IITM",16-09-2026 14:00:00,23.076793,72.627874,CO,20,28,25
India,Gujarat,Ankleshwar,"GIDC, Ankleshwar - GPCB",16-09-2026 14:00:00,21.613267,73.010555,PM10,47,69,57
India,Gujarat,Ankleshwar,"GIDC, Ankleshwar - GPCB",16-09-2026 14:00:00,21.613267,73.010555,OZONE,22,54,37
India,Delhi,Delhi,"Shadipur, Delhi - CPCB",16-09-2026 14:00:00,28.6514781,77.1473105,PM10,39,133,78
India,Delhi,Delhi,"Shadipur, Delhi - CPCB",16-09-2026 14:00:00,28.6514781,77.1473105,NH3,5,8,6
India,Delhi,Delhi,"Shadipur, Delhi - CPCB",16-09-2026 14:00:00,28.6514781,77.1473105,CO,46,46,46
India,Delhi,Delhi,"Mandir Marg, Delhi - DPCC",16-09-2026 14:00:00,28.636429,77.201067,PM10,46,133,78
India,Delhi,Delhi,"Pusa, Delhi - DPCC",16-09-2026 14:00:00,28.639652,77.146275,OZONE,0,12,9
India,Delhi,Delhi,"Sirifort, Delhi - CPCB",16-09-2026 14:00:00,28.5504249,77.2159377,NO2,31,36,33
India,Delhi,Delhi,"Sirifort, Delhi - CPCB",16-09-2026 14:00:00,28.5504249,77.2159377,CO,21,28,25
India,Delhi,Delhi,"Chandni Chowk, Delhi - IITM",16-09-2026 14:00:00,28.656756,77.227234,CO,54,64,60
India,Delhi,Delhi,"IIT Delhi, Delhi - IITM",16-09-2026 14:00:00,28.54246,77.191651,NO2,3,51,20
India,Delhi,Delhi,"IGNOU_Maidan Garhi, Delhi - DPCC",16-09-2026 14:00:00,28.493624,77.201159,PM2.5,12,28,21
India,Delhi,Delhi,"IGNOU_Maidan Garhi, Delhi - DPCC",16-09-2026 14:00:00,28.493624,77.201159,PM10,50,105,69
India,Delhi,Delhi,"IGNOU_Maidan Garhi, Delhi - DPCC",16-09-2026 14:00:00,28.493624,77.201159,SO2,6,8,7
India,Delhi,Delhi,"Commonwealth Sports Complex, Delhi - DPCC",16-09-2026 14:00:00,28.615828,77.271992,SO2,NA,NA,NA
India,Delhi,Delhi,"Talkatora Garden, Delhi - DPCC",16-09-2026 14:00:00,28.62181,77.1944633,PM10,39,93,66
India,Delhi,Delhi,"Talkatora Garden, Delhi - DPCC",16-09-2026 14:00:00,28.62181,77.1944633,CO,59,75,68
India,Delhi,Delhi,"Jawaharlal Nehru Stadium, Delhi - DPCC",16-09-2026 14:00:00,28.58028,77.233829,NH3,6,6,6
India,Delhi,Delhi,"Jawaharlal Nehru Stadium, Delhi - DPCC",16-09-2026 14:00:00,28.58028,77.233829,SO2,52,60,55
India,Delhi,Delhi,"Jawaharlal Nehru Stadium, Delhi - DPCC",16-09-2026 14:00:00,28.58028,77.233829,OZONE,16,69,38
India,Delhi,Delhi,"Najafgarh, Delhi - DPCC",16-09-2026 14:00:00,28.570173,76.933762,PM2.5,5,77,30
India,Delhi,Delhi,"Mundka, Delhi - DPCC",16-09-2026 14:00:00,28.684678,77.076574,PM2.5,13,133,65
India,Delhi,Delhi,"Mundka, Delhi - DPCC",16-09-2026 14:00:00,28.684678,77.076574,CO,39,52,45
India,Delhi,Delhi,"NSUT Jaffarpur, Delhi - DPCC",16-09-2026 14:00:00,28.594004,76.909423,PM2.5,39,195,79
India,Delhi,Delhi,"Anand Vihar, Delhi - DPCC",16-09-2026 14:00:00,28.647622,77.315809,NH3,3,5,4
India,Delhi,Delhi,"Punjabi Bagh, Delhi - DPCC",16-09-2026 14:00:00,28.674045,77.131023,PM2.5,32,183,70
India,Delhi,Delhi,"Punjabi Bagh, Delhi - DPCC",16-09-2026 14:00:00,28.674045,77.131023,OZONE,7,35,18
India,Delhi,Delhi,"DTU, Delhi - CPCB",16-09-2026 14:00:00,28.7500499,77.1112615,NO2,17,30,24
India,Delhi,Delhi,"DTU, Delhi - CPCB",16-09-2026 14:00:00,28.7500499,77.1112615,SO2,32,34,33
India,Delhi,Delhi,"Dwarka-Sector 8, Delhi - DPCC ",16-09-2026 14:00:00,28.5710274,77.0719006,CO,14,20,17
India,Delhi,Delhi,"Dr. Karni Singh Shooting Range, Delhi - DPCC",16-09-2026 14:00:00,28.498571,77.26484,PM10,40,129,74
India,Gujarat,Gandhinagar,"Sector-10, Gandhinagar - GPCB",16-09-2026 14:00:00,23.221714,72.654328,PM2.5,13,59,29
India,Gujarat,Gandhinagar,"GIFT City, Gandhinagar - IITM",16-09-2026 14:00:00,23.163798,72.677768,PM10,26,59,42
India,Gujarat,Gandhinagar,"IIPHG Lekawada, Gandhinagar - IITM",16-09-2026 14:00:00,23.243639,72.68994,NO2,7,14,10
India,Gujarat,Mehsana,"Sadanand Nagar, Mehsana - Nexteng Enviro",16-09-2026 14:00:00,23.59315,72.372792,CO,43,44,43
India,Gujarat,Nandesari,"GIDC, Nandesari - Nandesari Ind. Association",16-09-2026 14:00:00,22.410802,73.097923,PM10,39,81,56
India,Gujarat,Rajkot,"Mavdi, Rajkot - Nexteng Enviro ",16-09-2026 14:00:00,22.248853,70.776774,PM10,20,119,70
India,Gujarat,Surat,"Science Center, Surat - SMC",16-09-2026 14:00:00,21.170046,72.795405,OZONE,NA,NA,NA
India,Gujarat,Surat,"Katargam, Surat - Nexteng Enviro",16-09-2026 14:00:00,21.217779,72.834787,SO2,9,14,11
India,Gujarat,Vadodara,"Bapunagar, Vadodara - Nexteng Enviro",16-09-2026 14:00:00,22.320153,73.216285,OZONE,2,4,3
India,Haryana,Ambala,"Patti Mehar, Ambala - HSPCB",16-09-2026 14:00:00,30.379589,76.778328,SO2,31,96,64
India,Haryana,Bahadurgarh,"Arya Nagar, Bahadurgarh - HSPCB",16-09-2026 14:00:00,28.6701,76.9254,NO2,23,30,26
India,Haryana,Bahadurgarh,"Arya Nagar, Bahadurgarh - HSPCB",16-09-2026 14:00:00,28.6701,76.9254,SO2,6,8,7
India,Haryana,Charkhi Dadri,"Mini Secretariat, Charkhi Dadri - HSPCB",16-09-2026 14:00:00,28.593883,76.270653,PM2.5,45,210,104
India,Haryana,Charkhi Dadri,"Mini Secretariat, Charkhi Dadri - HSPCB",16-09-2026 14:00:00,28.593883,76.270653,NO2,9,28,15
India,Haryana,Dharuhera,"Municipal Corporation Office, Dharuhera -  HSPCB",16-09-2026 14:00:00,28.2068,76.7997,NO2,9,29,21
India,Haryana,Faridabad,"Sector 30, Faridabad - HSPCB",16-09-2026 14:00:00,28.4417,77.3217,PM2.5,52,55,52
India,Haryana,Faridabad,"Sector 30, Faridabad - HSPCB",16-09-2026 14:00:00,28.4417,77.3217,PM10,86,116,98
India,Haryana,Faridabad,"Sector 11, Faridabad - HSPCB",16-09-2026 14:00:00,28.376058,77.315741,PM2.5,44,304,117
India,Haryana,Faridabad,"Sector 11, Faridabad - HSPCB",16-09-2026 14:00:00,28.376058,77.315741,NH3,6,6,6
India,Haryana,Fatehabad,"Huda Sector, Fatehabad - HSPCB",16-09-2026 14:00:00,29.503664,75.467934,PM10,99,115,106
India,Haryana,Gurugram,"Sector-51, Gurugram - HSPCB",16-09-2026 14:00:00,28.4227,77.0667,NO2,17,51,30
India,Haryana,Gurugram,"Sector-51, Gurugram - HSPCB",16-09-2026 14:00:00,28.4227,77.0667,OZONE,17,59,36
India,Haryana,Hisar,"Urban Estate-II, Hisar - HSPCB",16-09-2026 14:00:00,29.14056,75.744941,PM2.5,NA,NA,NA
India,Haryana,Hisar,"Urban Estate-II, Hisar - HSPCB",16-09-2026 14:00:00,29.14056,75.744941,NO2,NA,NA,NA
India,Haryana,Hisar,"Urban Estate-II, Hisar - HSPCB",16-09-2026 14:00:00,29.14056,75.744941,CO,16,22,19
India,Madhya Pradesh,Satna,"Bandhavgar Colony, Satna - Birla Cement",16-09-2026 14:00:00,24.58434363,80.8549414,NO2,12,13,13
India,Madhya Pradesh,Satna,"Bandhavgar Colony, Satna - Birla Cement",16-09-2026 14:00:00,24.58434363,80.8549414,NH3,NA,NA,NA
India,Madhya Pradesh,Ujjain,"Mahashweta Nagar, Ujjain - MPPCB",16-09-2026 14:00:00,23.1633321,75.800225,PM10,20,87,56
India,Madhya Pradesh,Ujjain,"Mahashweta Nagar, Ujjain - MPPCB",16-09-2026 14:00:00,23.1633321,75.800225,NO2,6,27,14
India,Madhya Pradesh,Ujjain,"Mahashweta Nagar, Ujjain - MPPCB",16-09-2026 14:00:00,23.1633321,75.800225,SO2,3,6,4
India,Madhya Pradesh,Ujjain,"Mahashweta Nagar, Ujjain - MPPCB",16-09-2026 14:00:00,23.1633321,75.800225,CO,13,17,15
India,Maharashtra,Akola,"Ramdaspeth, Akola - MPCB",16-09-2026 14:00:00,20.719516,77.000253,NO2,21,31,27
India,Maharashtra,Akola,"Ramdaspeth, Akola - MPCB",16-09-2026 14:00:00,20.719516,77.000253,SO2,1,9,4
India,Maharashtra,Ambernath,"Chinchpada, Ambernath - MPCB",16-09-2026 14:00:00,19.215784,73.199781,PM10,31,141,60
India,Maharashtra,Ambernath,"Chinchpada, Ambernath - MPCB",16-09-2026 14:00:00,19.215784,73.199781,NO2,14,43,23
India,Maharashtra,Ambernath,"Chinchpada, Ambernath - MPCB",16-09-2026 14:00:00,19.215784,73.199781,NH3,2,3,2
India,Maharashtra,Amravati,"Shri Shivaji Science College, Amravati - MPCB",16-09-2026 14:00:00,20.939198,77.765701,NO2,2,62,16
India,Maharashtra,Amravati,"Shivneri Colony, Amravati - MPCB",16-09-2026 14:00:00,20.9402359,77.7895248,PM2.5,12,32,23
India,Maharashtra,Amravati,"Shivneri Colony, Amravati - MPCB",16-09-2026 14:00:00,20.9402359,77.7895248,PM10,22,42,32
India,Maharashtra,Aurangabad,"MIDC Chilkalthana, Aurangabad - MPCB",16-09-2026 14:00:00,19.87562,75.38731,CO,27,30,29
India,Maharashtra,Aurangabad,"Rachnakar Colony, Aurangabad - MPCB",16-09-2026 14:00:00,19.863756,75.321188,PM10,31,102,55
India,Maharashtra,Aurangabad,"Rachnakar Colony, Aurangabad - MPCB",16-09-2026 14:00:00,19.863756,75.321188,NO2,10,69,22
India,Karnataka,Bengaluru,"Silk Board, Bengaluru - KSPCB",16-09-2026 14:00:00,12.917348,77.622813,NH3,2,2,2
India,Karnataka,Chamarajanagar,"Urban, Chamarajanagar - KSPCB",16-09-2026 14:00:00,11.55358,76.55521,CO,17,23,20
India,Karnataka,Chikkaballapur,"Chikkaballapur Rural, Chikkaballapur - KSPCB",16-09-2026 14:00:00,13.428828,77.731418,PM10,7,90,45
India,Karnataka,Chikkaballapur,"Chikkaballapur Rural, Chikkaballapur - KSPCB",16-09-2026 14:00:00,13.428828,77.731418,SO2,9,19,13
India,Karnataka,Chikkaballapur,"Chikkaballapur Rural, Chikkaballapur - KSPCB",16-09-2026 14:00:00,13.428828,77.731418,OZONE,19,19,19
India,Karnataka,Chikkamagaluru,"Kalyana Nagara, Chikkamagaluru - KSPCB",16-09-2026 14:00:00,13.328028,75.797056,PM10,51,56,53
India,Karnataka,Chikkamagaluru,"Kalyana Nagara, Chikkamagaluru - KSPCB",16-09-2026 14:00:00,13.328028,75.797056,NH3,2,2,2
India,Karnataka,Chikkamagaluru,"Kalyana Nagara, Chikkamagaluru - KSPCB",16-09-2026 14:00:00,13.328028,75.797056,SO2,0,61,5
India,Karnataka,Chikkamagaluru,"Kalyana Nagara, Chikkamagaluru - KSPCB",16-09-2026 14:00:00,13.328028,75.797056,OZONE,45,46,46
India,Karnataka,Dharwad,"Kalabhavan, Dharwad - KSPCB",16-09-2026 14:00:00,15.459706,75.008381,PM2.5,46,52,49
India,Karnataka,Dharwad,"Kalabhavan, Dharwad - KSPCB",16-09-2026 14:00:00,15.459706,75.008381,OZONE,31,32,31
India,Karnataka,Gadag,"Panchal Nagar, Gadag - KSPCB",16-09-2026 14:00:00,15.411456,75.638133,NO2,21,26,23
India,Karnataka,Gadag,"Panchal Nagar, Gadag - KSPCB",16-09-2026 14:00:00,15.411456,75.638133,NH3,3,7,5
India,Karnataka,Gadag,"Panchal Nagar, Gadag - KSPCB",16-09-2026 14:00:00,15.411456,75.638133,SO2,27,36,34
India,Karnataka,Gadag,"Panchal Nagar, Gadag - KSPCB",16-09-2026 14:00:00,15.411456,75.638133,CO,57,69,61
India,Karnataka,Hubballi,"Lingaraj Nagar, Hubballi - KSPCB",16-09-2026 14:00:00,15.3714823,75.1160168,PM2.5,34,67,42
India,Karnataka,Hubballi,"Lingaraj Nagar, Hubballi - KSPCB",16-09-2026 14:00:00,15.3714823,75.1160168,NO2,7,13,12
India,Karnataka,Madikeri,"Stuart Hill, Madikeri - KSPCB",16-09-2026 14:00:00,12.415911,75.73505,NO2,2,3,2
India,Madhya Pradesh,Jabalpur,"Marhatal, Jabalpur - MPPCB",16-09-2026 14:00:00,23.168606,79.932247,PM2.5,10,34,20
India,Madhya Pradesh,Jabalpur,"Marhatal, Jabalpur - MPPCB",16-09-2026 14:00:00,23.168606,79.932247,CO,26,104,57
India,Madhya Pradesh,Jabalpur,"Govindh Bhavan Colony, Jabalpur - JMC",16-09-2026 14:00:00,23.163174,79.973061,CO,6,11,9
India,Madhya Pradesh,Jabalpur,"Suhagi, Jabalpur - JMC",16-09-2026 14:00:00,23.218135,79.95777,PM2.5,20,37,28
India,Madhya Pradesh,Jabalpur,"Suhagi, Jabalpur - JMC",16-09-2026 14:00:00,23.218135,79.95777,PM10,18,60,36
India,Madhya Pradesh,Katni,"Gole Bazar, Katni - MPPCB",16-09-2026 14:00:00,23.50016,80.23284,PM10,32,105,57
India,Madhya Pradesh,Katni,"Gole Bazar, Katni - MPPCB",16-09-2026 14:00:00,23.50016,80.23284,NH3,2,3,2
India,Madhya Pradesh,Katni,"Gole Bazar, Katni - MPPCB",16-09-2026 14:00:00,23.50016,80.23284,CO,21,33,26
India,Madhya Pradesh,Maihar,"Sahilara, Maihar - KJS Cements",16-09-2026 14:00:00,24.2613009,80.7231783,SO2,11,12,12
India,Madhya Pradesh,Mandideep,"Sector-D Industrial Area, Mandideep - MPPCB",16-09-2026 14:00:00,23.10844,77.511428,NO2,34,62,42
India,Madhya Pradesh,Mandideep,"Sector-D Industrial Area, Mandideep - MPPCB",16-09-2026 14:00:00,23.10844,77.511428,SO2,5,105,24
India,Madhya Pradesh,Pithampur,"Sector-2 Industrial Area, Pithampur - MPPCB",16-09-2026 14:00:00,22.624758,75.675238,PM2.5,43,185,104
India,Madhya Pradesh,Pithampur,"Sector-2 Industrial Area, Pithampur - MPPCB",16-09-2026 14:00:00,22.624758,75.675238,NH3,7,9,8
India,Madhya Pradesh,Pithampur,"Sector-2 Industrial Area, Pithampur - MPPCB",16-09-2026 14:00:00,22.624758,75.675238,SO2,25,51,30
India,Madhya Pradesh,Ratlam,"Shasthri Nagar, Ratlam - IPCA Lab",16-09-2026 14:00:00,23.331731,75.045981,CO,NA,NA,NA
India,Madhya Pradesh,Sagar,"Civil Lines, Sagar - MPPCB",16-09-2026 14:00:00,23.838586,78.759431,CO,28,33,31
India,Himachal Pradesh,Baddi,"HIMUDA Complex Phase-1, Baddi - HPPCB",16-09-2026 14:00:00,30.943887,76.801991,PM10,NA,NA,NA
India,Himachal Pradesh,Baddi,"HIMUDA Complex Phase-1, Baddi - HPPCB",16-09-2026 14:00:00,30.943887,76.801991,NO2,1,21,9
India,Himachal Pradesh,Baddi,"HIMUDA Complex Phase-1, Baddi - HPPCB",16-09-2026 14:00:00,30.943887,76.801991,OZONE,23,94,55
India,Jammu and Kashmir,Srinagar,"Rajbagh, Srinagar - JKPCC",16-09-2026 14:00:00,34.066206,74.81982,NO2,19,20,19
India,Jammu and Kashmir,Srinagar,"Rajbagh, Srinagar - JKPCC",16-09-2026 14:00:00,34.066206,74.81982,NH3,9,9,9
India,Jharkhand,Jorapokhar,"Tata Stadium, Jorapokhar - JSPCB",16-09-2026 14:00:00,23.707909,86.41467,NO2,8,8,8
India,Jharkhand,Jorapokhar,"Tata Stadium, Jorapokhar - JSPCB",16-09-2026 14:00:00,23.707909,86.41467,CO,38,41,39
India,Karnataka,Bengaluru,"Hebbal, Bengaluru - KSPCB",16-09-2026 14:00:00,13.029152,77.585901,NO2,19,24,21
India,Karnataka,Bengaluru,"Hebbal, Bengaluru - KSPCB",16-09-2026 14:00:00,13.029152,77.585901,SO2,NA,NA,NA
India,Karnataka,Bengaluru,"Shivapura_Peenya, Bengaluru - KSPCB",16-09-2026 14:00:00,13.0246342,77.5080115,NO2,39,41,40
India,Karnataka,Bengaluru,"Shivapura_Peenya, Bengaluru - KSPCB",16-09-2026 14:00:00,13.0246342,77.5080115,OZONE,24,25,25
India,Karnataka,Bengaluru,"Jayanagar 5th Block, Bengaluru - KSPCB",16-09-2026 14:00:00,12.920984,77.584908,PM2.5,NA,NA,NA
India,Karnataka,Bengaluru,"Jayanagar 5th Block, Bengaluru - KSPCB",16-09-2026 14:00:00,12.920984,77.584908,NO2,NA,NA,NA
India,Karnataka,Mysuru,"Hebbal 1st Stage, Mysuru - KSPCB",16-09-2026 14:00:00,12.21041,76.37376,PM2.5,14,49,30
India,Karnataka,Ramanagara,"Vijay Nagar, Ramanagara - KSPCB",16-09-2026 14:00:00,12.733409,77.298051,NH3,NA,NA,NA
India,Karnataka,Shivamogga,"Vinoba Nagara, Shivamogga - KSPCB",16-09-2026 14:00:00,13.94,75.555917,PM2.5,35,36,36
India,Karnataka,Shivamogga,"Vinoba Nagara, Shivamogga - KSPCB",16-09-2026 14:00:00,13.94,75.555917,NO2,25,26,25
India,Karnataka,Shivamogga,"Vinoba Nagara, Shivamogga - KSPCB",16-09-2026 14:00:00,13.94,75.555917,NH3,2,2,2
India,Karnataka,Yadgir,"Collector Office, Yadgir - KSPCB",16-09-2026 14:00:00,16.7602,77.1428,NO2,1,3,2
India,Karnataka,Yadgir,"Collector Office, Yadgir - KSPCB",16-09-2026 14:00:00,16.7602,77.1428,NH3,0,1,1
India,Kerala,Eloor,"Udyogamandal, Eloor - Kerala PCB",16-09-2026 14:00:00,10.073232,76.302765,NO2,6,6,6
India,Kerala,Thiruvananthapuram,"Kariavattom, Thiruvananthapuram - Kerala PCB",16-09-2026 14:00:00,8.5637,76.8865,SO2,3,7,6
India,Kerala,Thiruvananthapuram,"Kariavattom, Thiruvananthapuram - Kerala PCB",16-09-2026 14:00:00,8.5637,76.8865,OZONE,30,31,31
India,Kerala,Thrissur,"Corporation Ground, Thrissur - Kerala PCB",16-09-2026 14:00:00,10.5324,76.2159,PM2.5,45,61,53
India,Kerala,Thrissur,"Corporation Ground, Thrissur - Kerala PCB",16-09-2026 14:00:00,10.5324,76.2159,NH3,0,0,0
India,Madhya Pradesh,Bhopal,"Idgah Hills, Bhopal - MPPCB",16-09-2026 14:00:00,23.264759,77.381568,NH3,2,3,3
India,Madhya Pradesh,Dewas,"Bhopal Chauraha, Dewas - MPPCB",16-09-2026 14:00:00,22.9682591,76.064118,NO2,53,107,71
India,Madhya Pradesh,Dewas,"Bhopal Chauraha, Dewas - MPPCB",16-09-2026 14:00:00,22.9682591,76.064118,SO2,19,48,33
India,Madhya Pradesh,Dewas,"Bhopal Chauraha, Dewas - MPPCB",16-09-2026 14:00:00,22.9682591,76.064118,CO,15,27,18
India,Madhya Pradesh,Gwalior,"Maharaj Bada, Gwalior - MPPCB",16-09-2026 14:00:00,26.200388,78.147714,PM10,14,60,32
India,Madhya Pradesh,Gwalior,"Maharaj Bada, Gwalior - MPPCB",16-09-2026 14:00:00,26.200388,78.147714,CO,33,54,46
India,Madhya Pradesh,Gwalior,"City Center, Gwalior - MPPCB",16-09-2026 14:00:00,26.203442,78.193251,PM10,23,49,31
India,Madhya Pradesh,Gwalior,"City Center, Gwalior - MPPCB",16-09-2026 14:00:00,26.203442,78.193251,NO2,29,49,39
India,Madhya Pradesh,Gwalior,"Deen Dayal Nagar, Gwalior - MPPCB",16-09-2026 14:00:00,26.259242,78.216432,PM10,14,91,40
India,Madhya Pradesh,Gwalior,"Deen Dayal Nagar, Gwalior - MPPCB",16-09-2026 14:00:00,26.259242,78.216432,CO,2,59,28
India,Madhya Pradesh,Indore,"Chhoti Gwaltoli, Indore - MPPCB",16-09-2026 14:00:00,22.431,75.5213,OZONE,3,40,27
India,Madhya Pradesh,Indore,"Residency Area, Indore - IMC",16-09-2026 14:00:00,22.7084,75.8815,NH3,0,0,0
India,Haryana,Manesar,"Sector-2 IMT, Manesar - HSPCB",16-09-2026 14:00:00,28.360699,76.93609,NH3,6,15,11
India,Haryana,Narnaul,"Shastri Nagar, Narnaul - HSPCB",16-09-2026 14:00:00,28.060249,76.113115,PM2.5,42,71,55
India,Haryana,Narnaul,"Shastri Nagar, Narnaul - HSPCB",16-09-2026 14:00:00,28.060249,76.113115,OZONE,11,61,40
India,Haryana,Panchkula,"Sector-6, Panchkula - HSPCB ",16-09-2026 14:00:00,30.7057778,76.8531805555555,PM2.5,44,77,58
India,Haryana,Panchkula,"Sector-6, Panchkula - HSPCB ",16-09-2026 14:00:00,30.7057778,76.8531805555555,NH3,NA,NA,NA
India,Haryana,Panchkula,"Sector-6, Panchkula - HSPCB ",16-09-2026 14:00:00,30.7057778,76.8531805555555,SO2,10,13,11
India,Haryana,Panipat,"Sector-18, Panipat - HSPCB",16-09-2026 14:00:00,29.432304,76.972765,NH3,7,12,10
India,Haryana,Rohtak,"MD University, Rohtak - HSPCB",16-09-2026 14:00:00,28.52123,76.37138,NH3,NA,NA,NA
India,Haryana,Sonipat,"Murthal, Sonipat - HSPCB",16-09-2026 14:00:00,29.0272,77.0621,SO2,56,61,58
India,Haryana,Sonipat,"Murthal, Sonipat - HSPCB",16-09-2026 14:00:00,29.0272,77.0621,OZONE,49,51,50
India,Haryana,Jind,"Police Lines, Jind - HSPCB",16-09-2026 14:00:00,29.307814,76.337619,CO,3,8,6
India,Haryana,Kaithal,"Rishi Nagar, Kaithal - HSPCB",16-09-2026 14:00:00,29.8006,76.4155,PM2.5,66,313,113
India,Haryana,Kaithal,"Rishi Nagar, Kaithal - HSPCB",16-09-2026 14:00:00,29.8006,76.4155,PM10,81,230,119
India,Haryana,Kaithal,"Rishi Nagar, Kaithal - HSPCB",16-09-2026 14:00:00,29.8006,76.4155,NH3,5,6,5
India,Haryana,Kaithal,"Rishi Nagar, Kaithal - HSPCB",16-09-2026 14:00:00,29.8006,76.4155,SO2,30,33,31
India,Haryana,Kaithal,"Rishi Nagar, Kaithal - HSPCB",16-09-2026 14:00:00,29.8006,76.4155,CO,17,24,20
India,Haryana,Karnal,"Sector-12, Karnal - HSPCB",16-09-2026 14:00:00,29.6953,77.0027,SO2,12,13,13
India,Haryana,Karnal,"Sector-12, Karnal - HSPCB",16-09-2026 14:00:00,29.6953,77.0027,CO,41,52,46
India,Haryana,Kurukshetra,"Sector-7, Kurukshetra - HSPCB",16-09-2026 14:00:00,29.966942,76.875879,SO2,3,10,6
India,Madhya Pradesh,Bhopal,"T T Nagar, Bhopal - MPPCB",16-09-2026 14:00:00,23.233584,77.400574,NO2,9,17,13
India,Madhya Pradesh,Bhopal,"T T Nagar, Bhopal - MPPCB",16-09-2026 14:00:00,23.233584,77.400574,NH3,5,6,6
India,Madhya Pradesh,Bhopal,"T T Nagar, Bhopal - MPPCB",16-09-2026 14:00:00,23.233584,77.400574,SO2,20,26,23
India,Madhya Pradesh,Bhopal,"Paryavaran Parisar, Bhopal - MPPCB",16-09-2026 14:00:00,23.210494,77.425409,NO2,9,23,13
India,Maharashtra,Pune,"Hadapsar, Pune - IITM",16-09-2026 14:00:00,18.501793,73.927532,OZONE,11,28,18
India,Maharashtra,Pune,"Katraj Dairy, Pune - MPCB",16-09-2026 14:00:00,18.45445,73.854155,NO2,9,13,11
India,Maharashtra,Pune,"Revenue Colony-Shivajinagar, Pune - IITM",16-09-2026 14:00:00,18.530085,73.849598,PM10,40,68,53
India,Maharashtra,Pune,"Mhada Colony, Pune - IITM",16-09-2026 14:00:00,18.57304,73.927715,NO2,7,20,11
India,Maharashtra,Pune,"Mhada Colony, Pune - IITM",16-09-2026 14:00:00,18.57304,73.927715,CO,24,35,30
India,Maharashtra,Pune,"Dhankawadi, Pune - IITM",16-09-2026 14:00:00,18.459883,73.852193,SO2,NA,NA,NA
India,Maharashtra,Pune,"Dhankawadi, Pune - IITM",16-09-2026 14:00:00,18.459883,73.852193,OZONE,1,10,6
India,Maharashtra,Sangli,"Vijay Nagar, Sangli - MPCB",16-09-2026 14:00:00,16.5038,74.3623,PM10,22,38,31
India,Maharashtra,Sangli,"Vijay Nagar, Sangli - MPCB",16-09-2026 14:00:00,16.5038,74.3623,NH3,0,2,1
India,Maharashtra,Satara,"Koyana Nagar, Satara - MPCB",16-09-2026 14:00:00,17.696651,74.003387,NH3,0,2,1
India,Maharashtra,Satara,"Koyana Nagar, Satara - MPCB",16-09-2026 14:00:00,17.696651,74.003387,CO,13,22,15
India,Maharashtra,Solapur,"Ratandeep Housing Society, Solapur - MPCB",16-09-2026 14:00:00,17.65439,75.90649,NO2,5,52,20
India,Maharashtra,Solapur,"Ratandeep Housing Society, Solapur - MPCB",16-09-2026 14:00:00,17.65439,75.90649,CO,18,27,21
India,Maharashtra,Solapur,"Dnyaneshwar Nagar, Solapur - MPCB",16-09-2026 14:00:00,17.6336264,75.9132495,PM2.5,15,31,23
India,Maharashtra,Thane,"Kasarvadavali, Thane - MPCB",16-09-2026 14:00:00,19.26777,72.97182,NO2,NA,NA,NA
India,Maharashtra,Thane,"Kasarvadavali, Thane - MPCB",16-09-2026 14:00:00,19.26777,72.97182,SO2,5,6,5
India,Maharashtra,Thane,"Kasarvadavali, Thane - MPCB",16-09-2026 14:00:00,19.26777,72.97182,CO,43,55,47
India,Maharashtra,Thane,"Kasarvadavali, Thane - MPCB",16-09-2026 14:00:00,19.26777,72.97182,OZONE,2,20,8
India,Maharashtra,Thane,"Upvan Fort, Thane - MPCB",16-09-2026 14:00:00,19.222279,72.957979,NH3,1,9,3
India,Maharashtra,Thane,"Upvan Fort, Thane - MPCB",16-09-2026 14:00:00,19.222279,72.957979,CO,4,29,15
India,Maharashtra,Ulhasnagar,"Vithalwadi, Ulhasnagar - MPCB",16-09-2026 14:00:00,19.2307571,73.155192,NO2,4,9,7
India,Maharashtra,Ulhasnagar,"Vithalwadi, Ulhasnagar - MPCB",16-09-2026 14:00:00,19.2307571,73.155192,CO,9,12,10
India,Maharashtra,Virar,"Bolinj, Virar - MPCB",16-09-2026 14:00:00,19.445821,72.7988231,PM2.5,9,40,20
India,Maharashtra,Virar,"Bolinj, Virar - MPCB",16-09-2026 14:00:00,19.445821,72.7988231,PM10,14,59,31
India,Meghalaya,Byrnihat,"15th Mile-Nongthymmai, Byrnihat -Meghalaya PCB",16-09-2026 14:00:00,26.079047,91.875185,PM2.5,NA,NA,NA
India,Meghalaya,Byrnihat,"15th Mile-Nongthymmai, Byrnihat -Meghalaya PCB",16-09-2026 14:00:00,26.079047,91.875185,SO2,3,11,6
India,Meghalaya,Shillong,"Lumpyngngad, Shillong - Meghalaya PCB",16-09-2026 14:00:00,25.5586,91.8985,PM10,NA,NA,NA
India,Mizoram,Aizawl,"Sikulpuikawn, Aizawl - Mizoram PCB",16-09-2026 14:00:00,23.7176342,92.7192841,PM2.5,NA,NA,NA
India,Mizoram,Aizawl,"Sikulpuikawn, Aizawl - Mizoram PCB",16-09-2026 14:00:00,23.7176342,92.7192841,NO2,1,1,1
India,Maharashtra,Pimpri-Chinchwad,"Bhosari, Pune - IITM",16-09-2026 14:00:00,18.640051,73.848956,NO2,18,32,25
India,Maharashtra,Pimpri-Chinchwad,"Bhosari, Pune - IITM",16-09-2026 14:00:00,18.640051,73.848956,OZONE,3,25,18
India,Maharashtra,Pimpri-Chinchwad,"Gavalinagar, Pimpri Chinchwad - MPCB",16-09-2026 14:00:00,18.63673,73.82487,NO2,7,27,13
India,Maharashtra,Pimpri-Chinchwad,"Gavalinagar, Pimpri Chinchwad - MPCB",16-09-2026 14:00:00,18.63673,73.82487,SO2,1,2,2
India,Maharashtra,Pimpri-Chinchwad,"Bhumkar Nagar, Pune - IITM",16-09-2026 14:00:00,18.60577,73.749976,PM10,19,101,48
India,Maharashtra,Pimpri-Chinchwad,"Bhumkar Nagar, Pune - IITM",16-09-2026 14:00:00,18.60577,73.749976,NO2,16,25,20
India,Maharashtra,Pimpri-Chinchwad,"Bhumkar Nagar, Pune - IITM",16-09-2026 14:00:00,18.60577,73.749976,NH3,NA,NA,NA
India,Maharashtra,Pimpri-Chinchwad,"Park Street Wakad, Pimpri Chinchwad - MPCB",16-09-2026 14:00:00,18.59051,73.77946,PM10,13,45,31
India,Maharashtra,Pimpri-Chinchwad,"Savta Mali Nagar, Pimpri-Chinchwad - IITM",16-09-2026 14:00:00,18.614767,73.799516,PM10,16,50,37
India,Maharashtra,Pune,"Panchawati_Pashan, Pune - IITM",16-09-2026 14:00:00,18.536457,73.805454,PM2.5,17,44,26
India,Maharashtra,Pune,"Panchawati_Pashan, Pune - IITM",16-09-2026 14:00:00,18.536457,73.805454,SO2,NA,NA,NA
India,Maharashtra,Pune,"Panchawati_Pashan, Pune - IITM",16-09-2026 14:00:00,18.536457,73.805454,OZONE,6,19,13
India,Maharashtra,Pune,"Savitribai Phule Pune University, Pune - MPCB",16-09-2026 14:00:00,18.547056,73.826908,CO,31,41,34
India,Maharashtra,Jalgaon,"Prabhat Colony, Jalgaon - MPCB",16-09-2026 14:00:00,21.001264,75.565602,PM2.5,24,81,43
India,Maharashtra,Jalgaon,"Prabhat Colony, Jalgaon - MPCB",16-09-2026 14:00:00,21.001264,75.565602,NH3,2,3,3
India,Maharashtra,Kalyan,"Pimpleshwar Mandir, Kalyan - MPCB",16-09-2026 14:00:00,19.192056,72.9585188,SO2,12,16,14
India,Maharashtra,Kalyan,"Pimpleshwar Mandir, Kalyan - MPCB",16-09-2026 14:00:00,19.192056,72.9585188,OZONE,29,36,33
India,Maharashtra,Kolhapur,"Sinchan Bhavan, Kolhapur - MPCB",16-09-2026 14:00:00,16.7143745,74.2426398,PM10,24,39,29
India,Maharashtra,Kolhapur,"Sinchan Bhavan, Kolhapur - MPCB",16-09-2026 14:00:00,16.7143745,74.2426398,NO2,4,13,8
India,Maharashtra,Kolhapur,"Sinchan Bhavan, Kolhapur - MPCB",16-09-2026 14:00:00,16.7143745,74.2426398,CO,10,19,14
India,Maharashtra,Mahad,"Kamble Tarf Birwadi, Mahad - MPCB",16-09-2026 14:00:00,18.1023399,73.4783687,PM10,38,95,59
India,Maharashtra,Mahad,"Kamble Tarf Birwadi, Mahad - MPCB",16-09-2026 14:00:00,18.1023399,73.4783687,NO2,6,33,17
India,Maharashtra,Malegaon,"Mahesh Nagar, Malegaon - MPCB",16-09-2026 14:00:00,20.555712,74.529236,OZONE,15,31,23
India,Maharashtra,Mira-Bhayandar,"Bhayandar West, Mira-Bhayandar - MPCB",16-09-2026 14:00:00,19.296481,72.840923,NH3,NA,NA,NA
India,Maharashtra,Mumbai,"Sion, Mumbai - MPCB",16-09-2026 14:00:00,19.047,72.8746,OZONE,NA,NA,NA
India,Maharashtra,Mumbai,"Kherwadi_Bandra East, Mumbai - MPCB",16-09-2026 14:00:00,19.0632143,72.8456324,PM10,33,77,55
India,Maharashtra,Mumbai,"Kherwadi_Bandra East, Mumbai - MPCB",16-09-2026 14:00:00,19.0632143,72.8456324,NO2,3,8,5
India,Maharashtra,Mumbai,"Kherwadi_Bandra East, Mumbai - MPCB",16-09-2026 14:00:00,19.0632143,72.8456324,OZONE,7,73,41
India,Maharashtra,Mumbai,"Borivali East, Mumbai - IITM",16-09-2026 14:00:00,19.23241,72.86895,NO2,7,18,12
India,Maharashtra,Mumbai,"Worli, Mumbai - MPCB",16-09-2026 14:00:00,18.9936162,72.8128113,CO,40,56,44
India,Maharashtra,Mumbai,"Ghatkopar, Mumbai - BMC",16-09-2026 14:00:00,19.083694,72.920967,PM2.5,26,58,41
India,Maharashtra,Mumbai,"Ghatkopar, Mumbai - BMC",16-09-2026 14:00:00,19.083694,72.920967,PM10,23,41,32
India,Maharashtra,Mumbai,"Ghatkopar, Mumbai - BMC",16-09-2026 14:00:00,19.083694,72.920967,NO2,9,45,21
India,Maharashtra,Mumbai,"Ghatkopar, Mumbai - BMC",16-09-2026 14:00:00,19.083694,72.920967,OZONE,3,4,3
India,Maharashtra,Mumbai,"Powai, Mumbai - MPCB",16-09-2026 14:00:00,19.1375,72.915056,NH3,NA,NA,NA
India,Maharashtra,Mumbai,"Mindspace-Malad West, Mumbai - MPCB",16-09-2026 14:00:00,19.1878657,72.8304069,SO2,4,4,4
India,Maharashtra,Mumbai,"Chembur, Mumbai - MPCB",16-09-2026 14:00:00,19.0364585,72.8954371,NO2,NA,NA,NA
India,Maharashtra,Mumbai,"Chembur, Mumbai - MPCB",16-09-2026 14:00:00,19.0364585,72.8954371,NH3,NA,NA,NA
India,Maharashtra,Mumbai,"Chembur, Mumbai - MPCB",16-09-2026 14:00:00,19.0364585,72.8954371,CO,19,56,31
India,Maharashtra,Beed,"Bir, Beed - MPCB",16-09-2026 14:00:00,18.988474,75.753873,NH3,3,4,3
India,Maharashtra,Beed,"Bir, Beed - MPCB",16-09-2026 14:00:00,18.988474,75.753873,SO2,5,10,7
India,Maharashtra,Belapur,"CBD Belapur, Belapur - MPCB",16-09-2026 14:00:00,19.0243902,73.0406721,NO2,6,34,23
India,Maharashtra,Belapur,"CBD Belapur, Belapur - MPCB",16-09-2026 14:00:00,19.0243902,73.0406721,NH3,1,4,2
India,Maharashtra,Belapur,"CBD Belapur, Belapur - MPCB",16-09-2026 14:00:00,19.0243902,73.0406721,CO,28,42,36
India,Maharashtra,Bhiwandi,"Gokul Nagar, Bhiwandi - MPCB",16-09-2026 14:00:00,19.309073,73.057223,SO2,3,4,3
India,Maharashtra,Boisar,"Khaira, Boisar - MPCB",16-09-2026 14:00:00,19.786089,72.757971,PM10,22,39,29
India,Maharashtra,Chandrapur,"Chauhan Colony, Chandrapur - MPCB",16-09-2026 14:00:00,19.9629,79.298714,NO2,14,18,15
India,Maharashtra,Chandrapur,"Chauhan Colony, Chandrapur - MPCB",16-09-2026 14:00:00,19.9629,79.298714,CO,28,36,32
India,Maharashtra,Dhule,"Deopur, Dhule - MPCB",16-09-2026 14:00:00,20.918946,74.776388,CO,19,24,21
India,Maharashtra,Dombivli,"Kalu Nagar, Dombivli - MPCB",16-09-2026 14:00:00,19.2268427,73.0788456,NH3,1,2,2
India,Maharashtra,Hingoli,"Ashta Vinayak Nagar, Hingoli - MPCB",16-09-2026 14:00:00,19.710842,77.151824,NH3,1,3,2
India,Maharashtra,Mumbai,"Deonar, Mumbai - IITM",16-09-2026 14:00:00,19.04946,72.923,PM10,17,45,27
India,Maharashtra,Mumbai,"Deonar, Mumbai - IITM",16-09-2026 14:00:00,19.04946,72.923,CO,29,75,49
India,Maharashtra,Mumbai,"Deonar, Mumbai - IITM",16-09-2026 14:00:00,19.04946,72.923,OZONE,4,17,12
India,Maharashtra,Mumbai,"Malad West, Mumbai - IITM",16-09-2026 14:00:00,19.19709,72.82204,PM2.5,3,40,19
India,Maharashtra,Mumbai,"Malad West, Mumbai - IITM",16-09-2026 14:00:00,19.19709,72.82204,PM10,8,64,29
India,Maharashtra,Mumbai,"Malad West, Mumbai - IITM",16-09-2026 14:00:00,19.19709,72.82204,NO2,13,23,17
India,Maharashtra,Nagpur,"Ram Nagar, Nagpur - MPCB",16-09-2026 14:00:00,21.143383,79.048912,PM2.5,29,58,43
India,Maharashtra,Nagpur,"Ram Nagar, Nagpur - MPCB",16-09-2026 14:00:00,21.143383,79.048912,NH3,2,3,2
India,Maharashtra,Nagpur,"Ram Nagar, Nagpur - MPCB",16-09-2026 14:00:00,21.143383,79.048912,CO,13,20,16
India,Maharashtra,Nagpur,"Ram Nagar, Nagpur - MPCB",16-09-2026 14:00:00,21.143383,79.048912,OZONE,8,41,27
India,Maharashtra,Nagpur,"Ambazari, Nagpur - MPCB",16-09-2026 14:00:00,21.121801,79.04952,NO2,2,39,14
India,Maharashtra,Nagpur,"Ambazari, Nagpur - MPCB",16-09-2026 14:00:00,21.121801,79.04952,OZONE,4,30,19
India,Maharashtra,Nanded,"Sneh Nagar, Nanded - MPCB",16-09-2026 14:00:00,19.173852,77.296291,CO,21,27,22
India,Maharashtra,Nanded,"Sneh Nagar, Nanded - MPCB",16-09-2026 14:00:00,19.173852,77.296291,OZONE,5,64,31
India,Maharashtra,Nashik,"Hirawadi, Nashik - MPCB",16-09-2026 14:00:00,20.021503,73.813844,NO2,2,17,4
India,Maharashtra,Navi Mumbai,"Kopripada-Vashi, Navi Mumbai - MPCB",16-09-2026 14:00:00,19.090337,73.014232,NO2,6,13,10
India,Maharashtra,Navi Mumbai,"Kopripada-Vashi, Navi Mumbai - MPCB",16-09-2026 14:00:00,19.090337,73.014232,NH3,0,2,1
India,Maharashtra,Navi Mumbai,"Nerul, Navi Mumbai - MPCB",16-09-2026 14:00:00,19.008751,73.01662,SO2,NA,NA,NA
India,Maharashtra,Navi Mumbai,"Nerul, Navi Mumbai - MPCB",16-09-2026 14:00:00,19.008751,73.01662,CO,NA,NA,NA
India,Maharashtra,Navi Mumbai,"Tondare-Taloja, Navi Mumbai - MPCB",16-09-2026 14:00:00,19.063,73.1209,PM10,36,81,50
India,Maharashtra,Navi Mumbai,"Sector-2E Kalamboli, Navi Mumbai - MPCB",16-09-2026 14:00:00,19.02579,73.10297,OZONE,7,12,10
India,Maharashtra,Navi Mumbai,"Sanpada, Navi Mumbai - MPCB",16-09-2026 14:00:00,19.0575752,73.0151367,PM10,18,51,29
India,Maharashtra,Navi Mumbai,"Mahape, Navi Mumbai - MPCB",16-09-2026 14:00:00,19.1135051,73.008978,NH3,1,1,1
India,Maharashtra,Parbhani,"Masoom Colony, Parbhani - MPCB",16-09-2026 14:00:00,19.265594,76.761463,CO,10,12,11
India,Maharashtra,Mumbai,"Mulund West, Mumbai - MPCB",16-09-2026 14:00:00,19.175,72.9419,SO2,NA,NA,NA
India,Maharashtra,Mumbai,"Mulund West, Mumbai - MPCB",16-09-2026 14:00:00,19.175,72.9419,CO,10,10,10
India,Maharashtra,Mumbai,"Shivaji Nagar, Mumbai - BMC",16-09-2026 14:00:00,19.060498,72.923356,PM2.5,11,52,28
India,Maharashtra,Mumbai,"Shivaji Nagar, Mumbai - BMC",16-09-2026 14:00:00,19.060498,72.923356,PM10,33,67,51
India,Maharashtra,Mumbai,"Sewri, Mumbai - BMC",16-09-2026 14:00:00,19.000084,72.85673,PM10,35,40,38
India,Maharashtra,Mumbai,"Khindipada-Bhandup West, Mumbai - IITM",16-09-2026 14:00:00,19.1653323,72.922099,PM2.5,2,32,12
India,Maharashtra,Mumbai,"Khindipada-Bhandup West, Mumbai - IITM",16-09-2026 14:00:00,19.1653323,72.922099,NO2,20,29,25
India,Maharashtra,Mumbai,"Khindipada-Bhandup West, Mumbai - IITM",16-09-2026 14:00:00,19.1653323,72.922099,OZONE,2,49,26
India,Maharashtra,Mumbai,"Chakala-Andheri East, Mumbai - IITM",16-09-2026 14:00:00,19.11074,72.86084,PM2.5,3,12,6
India,Maharashtra,Mumbai,"Kurla, Mumbai - MPCB",16-09-2026 14:00:00,19.0863,72.8888,NO2,9,9,9
India,Maharashtra,Mumbai,"Kurla, Mumbai - MPCB",16-09-2026 14:00:00,19.0863,72.8888,SO2,29,29,29
India,Odisha,Nayagarh,"Dabuna, Nayagarh - OSPCB",16-09-2026 14:00:00,21.847279,85.416905,CO,17,21,19
India,Odisha,Paradeep,"Nua Sandhakuda, Paradeep - OSPCB",16-09-2026 14:00:00,20.258828,86.665185,PM10,23,65,45
India,Odisha,Paradeep,"Nua Sandhakuda, Paradeep - OSPCB",16-09-2026 14:00:00,20.258828,86.665185,NO2,15,36,19
India,Odisha,Paradeep,"Nua Sandhakuda, Paradeep - OSPCB",16-09-2026 14:00:00,20.258828,86.665185,CO,80,81,81
India,Odisha,Rairangpur,"Divisional Forest Office, Rairangpur - OSPCB",16-09-2026 14:00:00,22.265816,86.174829,NO2,NA,NA,NA
India,Odisha,Rourkela,"Fertilizer Township, Rourkela - OSPCB",16-09-2026 14:00:00,22.18972222,84.86277778,PM2.5,20,64,33
India,Odisha,Rourkela,"Raghunathpali, Rourkela - OSPCB",16-09-2026 14:00:00,22.220833,84.809444,SO2,3,7,5
India,Odisha,Rourkela,"Raghunathpali, Rourkela - OSPCB",16-09-2026 14:00:00,22.220833,84.809444,OZONE,2,14,10
India,Odisha,Rourkela,"Sector-2, Rourkela - OSPCB",16-09-2026 14:00:00,22.245,84.88111111,PM10,34,34,34
India,Odisha,Rourkela,"Sector-2, Rourkela - OSPCB",16-09-2026 14:00:00,22.245,84.88111111,NH3,NA,NA,NA
India,Odisha,Rourkela,"Sector-2, Rourkela - OSPCB",16-09-2026 14:00:00,22.245,84.88111111,SO2,NA,NA,NA
India,Odisha,Tensa,"Barsua Iron Ore Mines, Tensa - OSPCB",16-09-2026 14:00:00,21.869985,85.167016,PM2.5,21,43,33
India,Odisha,Tensa,"Barsua Iron Ore Mines, Tensa - OSPCB",16-09-2026 14:00:00,21.869985,85.167016,PM10,NA,NA,NA
India,Odisha,Tensa,"Barsua Iron Ore Mines, Tensa - OSPCB",16-09-2026 14:00:00,21.869985,85.167016,NO2,NA,NA,NA
India,Puducherry,Puducherry,"Jawahar Nagar, Puducherry - PPCC",16-09-2026 14:00:00,11.9309,79.8027,PM10,16,75,36
India,Puducherry,Puducherry,"Jawahar Nagar, Puducherry - PPCC",16-09-2026 14:00:00,11.9309,79.8027,NO2,2,27,9
India,Punjab,Amritsar,"Golden Temple, Amritsar - PPCB",16-09-2026 14:00:00,31.62,74.876512,CO,21,23,22
India,Punjab,Amritsar,"Golden Temple, Amritsar - PPCB",16-09-2026 14:00:00,31.62,74.876512,OZONE,26,36,33
India,Punjab,Jalandhar,"Civil Line, Jalandhar - PPCB",16-09-2026 14:00:00,31.321907,75.578914,PM2.5,46,96,73
India,Odisha,Angul,"Hakimapada, Angul - OSPCB",16-09-2026 14:00:00,20.832874,85.104082,OZONE,6,78,45
India,Odisha,Barbil,"Forest Office, Barbil - OSPCB",16-09-2026 14:00:00,22.1166054,85.3945546,PM2.5,33,311,80
India,Odisha,Barbil,"Forest Office, Barbil - OSPCB",16-09-2026 14:00:00,22.1166054,85.3945546,NH3,1,2,2
India,Odisha,Barbil,"Forest Office, Barbil - OSPCB",16-09-2026 14:00:00,22.1166054,85.3945546,CO,19,88,56
India,Odisha,Baripada,"Meher Colony, Baripada - OSPCB",16-09-2026 14:00:00,21.941841,86.728318,CO,15,21,18
India,Odisha,Bhubaneswar,"Lingraj Mandir, Bhubaneswar - OSPCB",16-09-2026 14:00:00,20.24079,85.836784,NH3,2,5,3
India,Odisha,Bhubaneswar,"Lingraj Mandir, Bhubaneswar - OSPCB",16-09-2026 14:00:00,20.24079,85.836784,SO2,3,15,10
India,Odisha,Bhubaneswar,"Lingraj Mandir, Bhubaneswar - OSPCB",16-09-2026 14:00:00,20.24079,85.836784,CO,6,79,56
India,Odisha,Bhubaneswar,"Patia, Bhubaneswar - OSPCB",16-09-2026 14:00:00,20.34652,85.8163,OZONE,8,94,50
India,Odisha,Bileipada,"Tata Township, Bileipada - OSPCB",16-09-2026 14:00:00,22.06156703,85.47409613,OZONE,17,18,17
India,Odisha,Brajrajnagar,"GM Office, Brajrajnagar - OSPCB",16-09-2026 14:00:00,21.8004996,83.8396977,PM2.5,0,163,60
India,Odisha,Brajrajnagar,"GM Office, Brajrajnagar - OSPCB",16-09-2026 14:00:00,21.8004996,83.8396977,NH3,4,4,4
India,Odisha,Brajrajnagar,"GM Office, Brajrajnagar - OSPCB",16-09-2026 14:00:00,21.8004996,83.8396977,SO2,17,18,17
India,Odisha,Brajrajnagar,"GM Office, Brajrajnagar - OSPCB",16-09-2026 14:00:00,21.8004996,83.8396977,CO,38,51,43
India,Odisha,Byasanagar,"Ferro Chrome Colony, Byasanagar - OSPCB",16-09-2026 14:00:00,20.94185,86.1151,OZONE,13,92,55
India,Odisha,Cuttack,"CDA Area, Cuttack - OSPCB",16-09-2026 14:00:00,20.48891,85.84768,NO2,10,24,16
India,Odisha,Cuttack,"CDA Area, Cuttack - OSPCB",16-09-2026 14:00:00,20.48891,85.84768,NH3,5,9,7
India,Odisha,Keonjhar,"Jagamohanpur, Keonjhar - OSPCB",16-09-2026 14:00:00,21.6439,85.599355,CO,42,43,43
India,Rajasthan,Jaipur,"Shastri Nagar, Jaipur - RSPCB",16-09-2026 14:00:00,26.9502929,75.730943,NH3,7,13,10
India,Rajasthan,Jaipur,"Adarsh Nagar, Jaipur - RSPCB",16-09-2026 14:00:00,26.902909,75.836858,PM2.5,29,77,48
India,Rajasthan,Jaipur,"Mansarovar Sector-12, Jaipur - RSPCB",16-09-2026 14:00:00,26.843698,75.766894,PM10,24,112,63
India,Rajasthan,Jaipur,"Police Commissionerate, Jaipur - RSPCB",16-09-2026 14:00:00,26.9164092,75.7994901,NO2,53,76,64
India,Rajasthan,Jaipur,"Police Commissionerate, Jaipur - RSPCB",16-09-2026 14:00:00,26.9164092,75.7994901,CO,22,71,45
India,Rajasthan,Jaipur,"Sector-2 Murlipura, Jaipur - RSPCB",16-09-2026 14:00:00,26.960669,75.771817,OZONE,4,30,14
India,Rajasthan,Jaipur,"RIICO Sitapura, Jaipur - RSPCB",16-09-2026 14:00:00,26.786682,75.827928,OZONE,19,74,42
India,Rajasthan,Jaisalmer,"Sadar Bazar, Jaisalmer - RSPCB",16-09-2026 14:00:00,26.912329,70.909168,NO2,40,60,47
India,Rajasthan,Jaisalmer,"Sadar Bazar, Jaisalmer - RSPCB",16-09-2026 14:00:00,26.912329,70.909168,SO2,1,7,3
India,Rajasthan,Jalore,"Mudtra Sili, Jalore - RSPCB",16-09-2026 14:00:00,25.344694,72.626208,PM2.5,7,33,22
India,Rajasthan,Jalore,"Mudtra Sili, Jalore - RSPCB",16-09-2026 14:00:00,25.344694,72.626208,OZONE,5,49,23
India,Punjab,Patiala,"Model Town, Patiala - PPCB",16-09-2026 14:00:00,30.349388,76.366642,NH3,3,9,5
India,Punjab,Rupnagar,"Ratanpura, Rupnagar - Ambuja Cements",16-09-2026 14:00:00,31.0325454,76.5623046,PM2.5,7,63,27
India,Punjab,Rupnagar,"Ratanpura, Rupnagar - Ambuja Cements",16-09-2026 14:00:00,31.0325454,76.5623046,NO2,8,47,26
India,Punjab,Rupnagar,"Ratanpura, Rupnagar - Ambuja Cements",16-09-2026 14:00:00,31.0325454,76.5623046,CO,56,60,58
India,Rajasthan,Ajmer,"Civil Lines,  Ajmer - RSPCB",16-09-2026 14:00:00,26.470859,74.646594,PM10,30,94,49
India,Rajasthan,Alwar,"Moti Doongri, Alwar - RSPCB",16-09-2026 14:00:00,27.554793,76.611536,CO,91,102,98
India,Rajasthan,Alwar,"Moti Doongri, Alwar - RSPCB",16-09-2026 14:00:00,27.554793,76.611536,OZONE,22,81,48
India,Rajasthan,Banswara,"Rati Talai, Banswara - RSPCB",16-09-2026 14:00:00,23.55519,74.44001,SO2,7,27,9
India,Rajasthan,Banswara,"Rati Talai, Banswara - RSPCB",16-09-2026 14:00:00,23.55519,74.44001,OZONE,21,41,29
India,Rajasthan,Baran,"Bamboliya, Baran - RSPCB",16-09-2026 14:00:00,25.106006,76.469948,NO2,5,15,8
India,Rajasthan,Baran,"Bamboliya, Baran - RSPCB",16-09-2026 14:00:00,25.106006,76.469948,NH3,4,5,5
India,Rajasthan,Baran,"Bamboliya, Baran - RSPCB",16-09-2026 14:00:00,25.106006,76.469948,CO,19,25,23
India,Rajasthan,Barmer,"Railway Colony, Barmer - RSPCB",16-09-2026 14:00:00,25.747299,71.393989,NO2,4,14,8
India,Rajasthan,Bharatpur,"Krishna Nagar, Bharatpur - RSPCB",16-09-2026 14:00:00,27.215415,77.50873,NO2,6,20,10
India,Rajasthan,Bharatpur,"Krishna Nagar, Bharatpur - RSPCB",16-09-2026 14:00:00,27.215415,77.50873,SO2,2,4,3
India,Rajasthan,Bhilwara,"Pratap Nagar, Bhilwara - RSPCB",16-09-2026 14:00:00,25.339605,74.618883,PM10,18,64,43
India,Rajasthan,Bhilwara,"Pratap Nagar, Bhilwara - RSPCB",16-09-2026 14:00:00,25.339605,74.618883,SO2,0,15,8
India,Rajasthan,Bhiwadi,"Vasundhara Nagar_UIT, Bhiwadi - RSPCB",16-09-2026 14:00:00,28.207266,76.829265,NO2,10,74,19
India,Rajasthan,Bhiwadi,"RIICO Ind. Area III, Bhiwadi - RSPCB",16-09-2026 14:00:00,28.194909,76.862296,CO,30,43,36
India,Rajasthan,Bikaner,"MM Ground, Bikaner - RSPCB",16-09-2026 14:00:00,28.018792,73.292658,CO,38,89,64
India,Rajasthan,Bundi,"New Colony, Bundi - RSPCB",16-09-2026 14:00:00,25.435774,75.644272,NO2,15,36,22
India,Rajasthan,Chittorgarh,"Shastri Nagar, Chittorgarh - RSPCB",16-09-2026 14:00:00,24.892047,74.623527,SO2,2,9,4
India,Rajasthan,Jodhpur,"Collectorate, Jodhpur - RSPCB",16-09-2026 14:00:00,26.268249,73.0193853,PM10,31,81,54
India,Rajasthan,Jodhpur,"Jhalamand, Jodhpur - RSPCB",16-09-2026 14:00:00,26.215415,73.070156,SO2,3,5,3
India,Rajasthan,Jodhpur,"Samrat Ashok Udhyan, Jodhpur - RSPCB",16-09-2026 14:00:00,26.253384,72.976571,OZONE,15,54,32
India,Rajasthan,Jodhpur,"Mandor, Jodhpur - RSPCB",16-09-2026 14:00:00,26.358805,73.047444,NO2,3,24,11
India,Rajasthan,Jodhpur,"Mandor, Jodhpur - RSPCB",16-09-2026 14:00:00,26.358805,73.047444,NH3,3,17,8
India,Rajasthan,Karauli,"Satyawati Vihar, Karauli - RSPCB",16-09-2026 14:00:00,26.506177,77.025989,PM2.5,NA,NA,NA
India,Rajasthan,Khairthal,"New Anaj Mandi, Khairthal - RSPCB",16-09-2026 14:00:00,27.8015617,76.6365217,NO2,28,42,33
India,Rajasthan,Dausa,"Khatikan Mohalla, Dausa - RSPCB",16-09-2026 14:00:00,26.895552,76.334753,OZONE,8,20,14
India,Rajasthan,Dungarpur,"Bhoiwada, Dungarpur - RSPCB",16-09-2026 14:00:00,23.837789,73.714926,PM2.5,22,63,44
India,Rajasthan,Hanumangarh,"Housing Board, Hanumangarh - RSPCB",16-09-2026 14:00:00,29.61075,74.283608,PM10,43,108,71
India,Rajasthan,Hanumangarh,"Housing Board, Hanumangarh - RSPCB",16-09-2026 14:00:00,29.61075,74.283608,NH3,4,4,4
India,Rajasthan,Hanumangarh,"Housing Board, Hanumangarh - RSPCB",16-09-2026 14:00:00,29.61075,74.283608,CO,23,35,28
India,Rajasthan,Jaipur,"Shastri Nagar, Jaipur - RSPCB",16-09-2026 14:00:00,26.9502929,75.730943,PM2.5,29,62,46
India,Rajasthan,Pratapgarh,"Pragati Nagar, Pratapgarh - RSPCB",16-09-2026 14:00:00,24.041198,74.780702,PM2.5,5,27,16
India,Rajasthan,Pratapgarh,"Pragati Nagar, Pratapgarh - RSPCB",16-09-2026 14:00:00,24.041198,74.780702,NH3,4,5,4
India,Rajasthan,Pratapgarh,"Pragati Nagar, Pratapgarh - RSPCB",16-09-2026 14:00:00,24.041198,74.780702,OZONE,16,34,26
India,Rajasthan,Sikar,"Radhakishan Pura, Sikar - RSPCB",16-09-2026 14:00:00,27.608912,75.153302,OZONE,20,49,36
India,Rajasthan,Sirohi,"Vedhaynath Colony, Sirohi - RSPCB",16-09-2026 14:00:00,24.885261,72.857549,OZONE,29,49,40
India,Rajasthan,Sri Ganganagar,"Old City, Sri Ganganagar - RSPCB",16-09-2026 14:00:00,29.931624,73.864511,SO2,1,6,3
India,Rajasthan,Kota,"Shrinath Puram, Kota - RSPCB",16-09-2026 14:00:00,25.14389,75.821256,PM2.5,20,53,37
India,Rajasthan,Kota,"Shrinath Puram, Kota - RSPCB",16-09-2026 14:00:00,25.14389,75.821256,NO2,2,24,9
India,Rajasthan,Kota,"Shrinath Puram, Kota - RSPCB",16-09-2026 14:00:00,25.14389,75.821256,SO2,6,8,7
India,Rajasthan,Kota,"Dhanmandi, Kota - RSPCB",16-09-2026 14:00:00,25.16409,75.858137,CO,7,9,8
India,Rajasthan,Pali,"Indira Colony Vistar, Pali - RSPCB",16-09-2026 14:00:00,25.771061,73.340227,NH3,3,11,7
India,Tripura,Agartala,"Bardowali, Agartala - Tripura SPCB",16-09-2026 14:00:00,23.8175497,91.2726974,PM2.5,24,103,64
India,Tripura,Agartala,"Bardowali, Agartala - Tripura SPCB",16-09-2026 14:00:00,23.8175497,91.2726974,NO2,13,13,13
India,Tripura,Agartala,"Bardowali, Agartala - Tripura SPCB",16-09-2026 14:00:00,23.8175497,91.2726974,OZONE,1,7,3
India,Uttar Pradesh,Agra,"Shahjahan Garden, Agra - UPPCB",16-09-2026 14:00:00,27.169338,78.03582,PM2.5,20,28,24
India,Uttar Pradesh,Agra,"Shahjahan Garden, Agra - UPPCB",16-09-2026 14:00:00,27.169338,78.03582,NO2,25,29,27
India,Uttar Pradesh,Agra,"Rohta, Agra - UPPCB",16-09-2026 14:00:00,27.106972,78.000111,PM10,18,54,33
India,Uttar Pradesh,Agra,"Manoharpur, Agra - UPPCB",16-09-2026 14:00:00,27.23711,78.01936,PM2.5,9,103,89
India,Uttar Pradesh,Agra,"Manoharpur, Agra - UPPCB",16-09-2026 14:00:00,27.23711,78.01936,CO,20,21,21
India,Uttar Pradesh,Agra,"Manoharpur, Agra - UPPCB",16-09-2026 14:00:00,27.23711,78.01936,OZONE,6,6,6
India,Uttar Pradesh,Agra,"Shastripuram, Agra - UPPCB",16-09-2026 14:00:00,27.19862,77.92066,PM2.5,13,47,31
India,Uttar Pradesh,Agra,"Shastripuram, Agra - UPPCB",16-09-2026 14:00:00,27.19862,77.92066,SO2,NA,NA,NA
India,Uttar Pradesh,Agra,"Shastripuram, Agra - UPPCB",16-09-2026 14:00:00,27.19862,77.92066,CO,41,51,45
India,Uttar Pradesh,Agra,"Sector-3B Avas Vikas Colony, Agra - UPPCB",16-09-2026 14:00:00,27.19412,77.96237,PM2.5,23,47,35
India,Uttar Pradesh,Agra,"Sector-3B Avas Vikas Colony, Agra - UPPCB",16-09-2026 14:00:00,27.19412,77.96237,NH3,4,5,5
India,Uttar Pradesh,Agra,"Sector-3B Avas Vikas Colony, Agra - UPPCB",16-09-2026 14:00:00,27.19412,77.96237,CO,38,41,40
India,Uttar Pradesh,Baghpat,"Sardar Patel Inter College, Baghpat - UPPCB",16-09-2026 14:00:00,28.964949,77.278761,PM10,80,202,120
India,Uttar Pradesh,Baghpat,"Sardar Patel Inter College, Baghpat - UPPCB",16-09-2026 14:00:00,28.964949,77.278761,NO2,15,52,28
India,Uttar Pradesh,Baghpat,"Sardar Patel Inter College, Baghpat - UPPCB",16-09-2026 14:00:00,28.964949,77.278761,NH3,2,5,3
India,Uttar Pradesh,Baghpat,"Sardar Patel Inter College, Baghpat - UPPCB",16-09-2026 14:00:00,28.964949,77.278761,SO2,10,20,15
India,Uttar Pradesh,Ghaziabad,"Vasundhara, Ghaziabad - UPPCB",16-09-2026 14:00:00,28.6603346,77.3572563,PM10,50,146,110
India,Uttar Pradesh,Ghaziabad,"Vasundhara, Ghaziabad - UPPCB",16-09-2026 14:00:00,28.6603346,77.3572563,NH3,3,13,5
India,Uttar Pradesh,Ghaziabad,"Sanjay Nagar, Ghaziabad - UPPCB",16-09-2026 14:00:00,28.685382,77.453839,PM2.5,41,310,76
India,Uttar Pradesh,Gorakhpur,"Madan Mohan Malaviya University of Technology, Gorakhpur - UPPCB",16-09-2026 14:00:00,26.730136,83.433859,PM2.5,NA,NA,NA
India,Uttar Pradesh,Gorakhpur,"Madan Mohan Malaviya University of Technology, Gorakhpur - UPPCB",16-09-2026 14:00:00,26.730136,83.433859,NH3,1,1,1
India,Uttar Pradesh,Greater Noida,"Knowledge Park - V, Greater Noida - UPPCB",16-09-2026 14:00:00,28.557054,77.453663,NO2,23,80,42
India,Uttar Pradesh,Greater Noida,"Knowledge Park - III, Greater Noida - UPPCB",16-09-2026 14:00:00,28.47272,77.482,NO2,8,60,23
India,Uttar Pradesh,Greater Noida,"Knowledge Park - III, Greater Noida - UPPCB",16-09-2026 14:00:00,28.47272,77.482,CO,33,40,37
India,Uttar Pradesh,Greater Noida,"Knowledge Park - III, Greater Noida - UPPCB",16-09-2026 14:00:00,28.47272,77.482,OZONE,20,107,56
India,Uttar Pradesh,Hapur,"Anand Vihar, Hapur - UPPCB",16-09-2026 14:00:00,28.725645,77.749675,PM2.5,46,118,72
India,Uttar Pradesh,Hapur,"Anand Vihar, Hapur - UPPCB",16-09-2026 14:00:00,28.725645,77.749675,PM10,45,113,73
India,Uttar Pradesh,Hapur,"Anand Vihar, Hapur - UPPCB",16-09-2026 14:00:00,28.725645,77.749675,NO2,2,19,17
India,Uttar Pradesh,Jhansi,"Shivaji Nagar, Jhansi - UPPCB",16-09-2026 14:00:00,25.4547,78.6039,SO2,22,33,26
India,Uttar Pradesh,Kanpur,"FTI Kidwai Nagar, Kanpur - UPPCB",16-09-2026 14:00:00,26.428282,80.327067,PM2.5,15,144,42
India,Uttar Pradesh,Kanpur,"FTI Kidwai Nagar, Kanpur - UPPCB",16-09-2026 14:00:00,26.428282,80.327067,PM10,23,152,57
India,Uttar Pradesh,Kanpur,"NSI Kalyanpur, Kanpur - UPPCB",16-09-2026 14:00:00,26.509954,80.249612,PM2.5,16,50,35
India,Uttar Pradesh,Kanpur,"NSI Kalyanpur, Kanpur - UPPCB",16-09-2026 14:00:00,26.509954,80.249612,OZONE,18,20,19
India,Uttar Pradesh,Khora,"Prashant Garden, Khora - UPPCB",16-09-2026 14:00:00,28.61119,77.34206,PM2.5,76,189,128
India,Uttar Pradesh,Khurja,"Kalindi Kunj, Khurja - UPPCB",16-09-2026 14:00:00,28.2348927,77.8683002,NO2,12,13,12
India,Uttar Pradesh,Lucknow,"B R Ambedkar University, Lucknow - UPPCB",16-09-2026 14:00:00,26.766433,80.927299,PM2.5,2,26,17
India,Uttar Pradesh,Lucknow,"B R Ambedkar University, Lucknow - UPPCB",16-09-2026 14:00:00,26.766433,80.927299,OZONE,11,68,33
India,Uttar Pradesh,Lucknow,"Kendriya Vidyalaya, Lucknow - CPCB",16-09-2026 14:00:00,26.906111,80.948222,SO2,1,8,6
India,Uttar Pradesh,Lucknow,"Lalbagh, Lucknow - CPCB",16-09-2026 14:00:00,26.8458805,80.9365541,PM2.5,17,94,60
India,Uttar Pradesh,Lucknow,"Gomti Nagar, Lucknow - UPPCB",16-09-2026 14:00:00,26.86812,81.005119,PM10,27,123,54
India,Uttar Pradesh,Lucknow,"Gomti Nagar, Lucknow - UPPCB",16-09-2026 14:00:00,26.86812,81.005119,NO2,9,11,10
India,Uttar Pradesh,Lucknow,"Gomti Nagar, Lucknow - UPPCB",16-09-2026 14:00:00,26.86812,81.005119,SO2,11,11,11
India,Uttar Pradesh,Lucknow,"Gomti Nagar, Lucknow - UPPCB",16-09-2026 14:00:00,26.86812,81.005119,OZONE,39,47,44
India,Uttar Pradesh,Lucknow,"Talkatora District Industries Center, Lucknow - CPCB",16-09-2026 14:00:00,26.83399722,80.8917361,PM10,36,68,50
India,Uttar Pradesh,Lucknow,"Talkatora District Industries Center, Lucknow - CPCB",16-09-2026 14:00:00,26.83399722,80.8917361,NH3,5,24,17
India,Uttar Pradesh,Lucknow,"Talkatora District Industries Center, Lucknow - CPCB",16-09-2026 14:00:00,26.83399722,80.8917361,SO2,2,23,8
India,Uttar Pradesh,Lucknow,"Kukrail Picnic Spot-1, Lucknow - UPPCB",16-09-2026 14:00:00,26.90723,80.98579,NO2,31,32,32
India,Uttar Pradesh,Lucknow,"Kukrail Picnic Spot-1, Lucknow - UPPCB",16-09-2026 14:00:00,26.90723,80.98579,NH3,6,6,6
India,Uttar Pradesh,Bareilly,"Civil Lines, Bareilly - UPPCB",16-09-2026 14:00:00,28.359581,79.414455,SO2,47,78,61
India,Uttar Pradesh,Bareilly,"Rajendra Nagar, Bareilly - UPPCB",16-09-2026 14:00:00,28.38910936,79.42963708,PM2.5,43,89,69
India,Uttar Pradesh,Bareilly,"Rajendra Nagar, Bareilly - UPPCB",16-09-2026 14:00:00,28.38910936,79.42963708,OZONE,2,35,10
India,Uttar Pradesh,Fatehpur Sikri,"Dadupura, Fatehpur Sikri - UPPCB",16-09-2026 14:00:00,27.097694,77.671335,NH3,2,2,2
India,Uttar Pradesh,Fatehpur Sikri,"Dadupura, Fatehpur Sikri - UPPCB",16-09-2026 14:00:00,27.097694,77.671335,CO,14,17,15
India,Uttar Pradesh,Fatehpur Sikri,"Dadupura, Fatehpur Sikri - UPPCB",16-09-2026 14:00:00,27.097694,77.671335,OZONE,12,30,24
India,Uttar Pradesh,Firozabad,"Nagla Bhau, Firozabad - UPPCB",16-09-2026 14:00:00,27.168897,78.37696,PM2.5,NA,NA,NA
India,Uttar Pradesh,Firozabad,"Nagla Bhau, Firozabad - UPPCB",16-09-2026 14:00:00,27.168897,78.37696,NH3,2,2,2
India,Uttar Pradesh,Firozabad,"Nagla Bhau, Firozabad - UPPCB",16-09-2026 14:00:00,27.168897,78.37696,CO,19,44,31
India,Uttar Pradesh,Firozabad,"Nagla Bhau, Firozabad - UPPCB",16-09-2026 14:00:00,27.168897,78.37696,OZONE,8,24,14
India,Uttar Pradesh,Firozabad,"Vibhab Nagar, Firozabad - UPPCB",16-09-2026 14:00:00,27.1594,78.3953,PM2.5,13,50,32
India,Uttar Pradesh,Gajraula,"Rajanpur, Gajraula - UPPCB",16-09-2026 14:00:00,28.829109,78.248796,NO2,3,59,25
India,Uttar Pradesh,Ghaziabad,"Indirapuram, Ghaziabad - UPPCB",16-09-2026 14:00:00,28.646233,77.358075,NH3,2,6,4
India,Uttar Pradesh,Ghaziabad,"Indirapuram, Ghaziabad - UPPCB",16-09-2026 14:00:00,28.646233,77.358075,SO2,15,20,17
India,Uttar Pradesh,Ghaziabad,"Indirapuram, Ghaziabad - UPPCB",16-09-2026 14:00:00,28.646233,77.358075,CO,22,28,25
India,Uttar Pradesh,Ghaziabad,"Wave City, Ghaziabad - UPPCB",16-09-2026 14:00:00,28.646675,77.489049,PM10,NA,NA,NA
India,Telangana,Hyderabad,"Zoo Park, Hyderabad - TSPCB",16-09-2026 14:00:00,17.349694,78.451437,NO2,2,4,3
India,Telangana,Hyderabad,"Zoo Park, Hyderabad - TSPCB",16-09-2026 14:00:00,17.349694,78.451437,NH3,2,2,2
India,Telangana,Hyderabad,"ECIL Kapra, Hyderabad - TSPCB",16-09-2026 14:00:00,17.470431,78.566959,NH3,2,5,3
India,Telangana,Hyderabad,"Kokapet, Hyderabad - TSPCB",16-09-2026 14:00:00,17.393559,78.339194,PM10,43,65,53
India,Telangana,Hyderabad,"New Malakpet, Hyderabad - TSPCB",16-09-2026 14:00:00,17.37206,78.50864,PM2.5,36,145,70
India,Telangana,Hyderabad,"Bollaram Industrial Area, Hyderabad - TSPCB",16-09-2026 14:00:00,17.518,78.383,PM2.5,18,68,38
India,Telangana,Hyderabad,"Bollaram Industrial Area, Hyderabad - TSPCB",16-09-2026 14:00:00,17.518,78.383,SO2,12,22,15
India,Telangana,Hyderabad,"Central University, Hyderabad - TSPCB",16-09-2026 14:00:00,17.460103,78.334361,PM2.5,16,42,27
India,Telangana,Hyderabad,"IITH Kandi, Hyderabad - TSPCB",16-09-2026 14:00:00,17.585705,78.126199,PM2.5,29,46,35
India,Telangana,Hyderabad,"IITH Kandi, Hyderabad - TSPCB",16-09-2026 14:00:00,17.585705,78.126199,OZONE,19,27,23
India,Telangana,Hyderabad,"Nacharam_TSIIC IALA, Hyderabad - TSPCB",16-09-2026 14:00:00,17.429398,78.569354,PM10,59,70,63
India,Telangana,Hyderabad,"IDA Pashamylaram, Hyderabad - TSPCB",16-09-2026 14:00:00,17.5316895,78.218939,OZONE,7,11,9
India,Telangana,Hyderabad,"Sanathnagar, Hyderabad - TSPCB",16-09-2026 14:00:00,17.4559458,78.4332152,NH3,NA,NA,NA
India,Telangana,Hyderabad,"Sanathnagar, Hyderabad - TSPCB",16-09-2026 14:00:00,17.4559458,78.4332152,CO,36,48,42
India,Telangana,Hyderabad,"Sanathnagar, Hyderabad - TSPCB",16-09-2026 14:00:00,17.4559458,78.4332152,OZONE,12,15,14
India,Uttar Pradesh,Moradabad,"Employment Office, Moradabad - UPPCB",16-09-2026 14:00:00,28.88528,78.7388,PM10,49,88,68
India,Uttar Pradesh,Moradabad,"Employment Office, Moradabad - UPPCB",16-09-2026 14:00:00,28.88528,78.7388,NH3,3,3,3
India,Uttar Pradesh,Moradabad,"Employment Office, Moradabad - UPPCB",16-09-2026 14:00:00,28.88528,78.7388,OZONE,2,19,8
India,Uttar Pradesh,Muzaffarnagar,"New Mandi, Muzaffarnagar - UPPCB",16-09-2026 14:00:00,29.4723508,77.7194031,PM2.5,42,259,95
India,Uttar Pradesh,Noida,"Sector - 62, Noida - IITM",16-09-2026 14:00:00,28.6245479,77.3577104,NH3,NA,NA,NA
India,Uttar Pradesh,Noida,"Sector - 62, Noida - IITM",16-09-2026 14:00:00,28.6245479,77.3577104,CO,22,33,27
India,Uttar Pradesh,Noida,"Sector-116, Noida - UPPCB",16-09-2026 14:00:00,28.56923,77.393848,NO2,13,93,46
India,Uttar Pradesh,Noida,"Sector-116, Noida - UPPCB",16-09-2026 14:00:00,28.56923,77.393848,SO2,8,17,12
India,Uttar Pradesh,Prayagraj,"Nagar Nigam, Prayagraj - UPPCB",16-09-2026 14:00:00,25.44919916,81.82735986,PM2.5,5,29,16
India,Uttar Pradesh,Prayagraj,"Nagar Nigam, Prayagraj - UPPCB",16-09-2026 14:00:00,25.44919916,81.82735986,NH3,3,5,4
India,Uttar Pradesh,Prayagraj,"Nagar Nigam, Prayagraj - UPPCB",16-09-2026 14:00:00,25.44919916,81.82735986,CO,12,14,13
India,Uttar Pradesh,Prayagraj,"Motilal Nehru NIT, Prayagraj - UPPCB",16-09-2026 14:00:00,25.494,81.863,PM10,13,46,29
India,Uttar Pradesh,Prayagraj,"Motilal Nehru NIT, Prayagraj - UPPCB",16-09-2026 14:00:00,25.494,81.863,NH3,8,8,8
India,Uttar Pradesh,Prayagraj,"Jhunsi, Prayagraj - UPPCB",16-09-2026 14:00:00,25.425602,81.917152,PM2.5,4,49,22
India,Uttar Pradesh,Mathura,"Pali Dungra, Mathura - UPPCB",16-09-2026 14:00:00,27.410954,77.550619,NO2,4,5,5
India,Uttar Pradesh,Meerut,"Pallavpuram Phase 2, Meerut - UPPCB",16-09-2026 14:00:00,29.06351,77.709723,CO,14,19,16
India,Uttar Pradesh,Meerut,"Ganga Nagar, Meerut - UPPCB",16-09-2026 14:00:00,28.999264,77.7590354,PM10,32,112,74
India,Uttar Pradesh,Meerut,"MIET College, Meerut - UPPCB",16-09-2026 14:00:00,28.972677,77.641018,PM2.5,87,186,136
India,Uttar Pradesh,Meerut,"MIET College, Meerut - UPPCB",16-09-2026 14:00:00,28.972677,77.641018,OZONE,6,93,45
India,Uttar Pradesh,Meerut,"Jai Bhim Nagar, Meerut - UPPCB",16-09-2026 14:00:00,28.9535882,77.7622941,OZONE,5,83,35
India,Uttar Pradesh,Moradabad,"Eco Herbal Park, Moradabad - UPPCB",16-09-2026 14:00:00,28.840739,78.697531,SO2,9,15,12
India,Uttar Pradesh,Moradabad,"Kashiram Nagar, Moradabad - UPPCB",16-09-2026 14:00:00,28.849399,78.742362,NO2,24,25,25
India,Uttar Pradesh,Moradabad,"Transport Nagar, Moradabad - UPPCB",16-09-2026 14:00:00,28.802625,78.753728,PM10,70,137,103
India,Uttar Pradesh,Moradabad,"Transport Nagar, Moradabad - UPPCB",16-09-2026 14:00:00,28.802625,78.753728,NO2,24,25,24
India,Uttar Pradesh,Moradabad,"Transport Nagar, Moradabad - UPPCB",16-09-2026 14:00:00,28.802625,78.753728,SO2,21,22,21
India,Uttar Pradesh,Moradabad,"Transport Nagar, Moradabad - UPPCB",16-09-2026 14:00:00,28.802625,78.753728,CO,52,65,58
India,Uttar Pradesh,Prayagraj,"Jhunsi, Prayagraj - UPPCB",16-09-2026 14:00:00,25.425602,81.917152,NO2,6,6,6
India,Uttar Pradesh,Prayagraj,"Jhunsi, Prayagraj - UPPCB",16-09-2026 14:00:00,25.425602,81.917152,NH3,6,6,6
India,Uttar Pradesh,Prayagraj,"Jhunsi, Prayagraj - UPPCB",16-09-2026 14:00:00,25.425602,81.917152,SO2,9,35,17
India,Uttar Pradesh,Prayagraj,"Jhunsi, Prayagraj - UPPCB",16-09-2026 14:00:00,25.425602,81.917152,OZONE,39,74,51
India,Uttar Pradesh,Raebareli,"Anand Nagar, Raebareli - UPPCB",16-09-2026 14:00:00,26.219512,81.237648,PM2.5,25,43,35
India,Uttar Pradesh,Raebareli,"Anand Nagar, Raebareli - UPPCB",16-09-2026 14:00:00,26.219512,81.237648,NH3,NA,NA,NA
India,Uttar Pradesh,Shamli,"New Tehsil, Shamli - UPPCB",16-09-2026 14:00:00,29.4603683,77.3410291,PM10,51,105,82
India,Uttar Pradesh,Varanasi,"Maldahiya, Varanasi - UPPCB",16-09-2026 14:00:00,25.32393,82.99687,CO,9,13,12
India,Uttar Pradesh,Varanasi,"IESD Banaras Hindu University, Varanasi - UPPCB",16-09-2026 14:00:00,25.262326,82.995408,PM2.5,9,84,40
India,Uttar Pradesh,Varanasi,"IESD Banaras Hindu University, Varanasi - UPPCB",16-09-2026 14:00:00,25.262326,82.995408,NH3,0,0,0
India,Rajasthan,Tonk,"Shastri Nagar, Tonk - RSPCB",16-09-2026 14:00:00,26.159933,75.780517,OZONE,33,63,49
India,Sikkim,Gangtok,"Zero Point GICI, Gangtok - SSPCB",16-09-2026 14:00:00,27.33853,88.614099,NO2,7,11,8
India,Sikkim,Gangtok,"Zero Point GICI, Gangtok - SSPCB",16-09-2026 14:00:00,27.33853,88.614099,NH3,1,21,2
India,Sikkim,Gangtok,"Zero Point GICI, Gangtok - SSPCB",16-09-2026 14:00:00,27.33853,88.614099,OZONE,1,2,1
India,Tamil Nadu,Chennai,"Manali, Chennai - CPCB",16-09-2026 14:00:00,13.164544,80.26285,PM2.5,18,53,33
India,Tamil Nadu,Chennai,"Manali, Chennai - CPCB",16-09-2026 14:00:00,13.164544,80.26285,PM10,38,104,65
India,Telangana,Hyderabad,"Kompally Municipal Office, Hyderabad - TSPCB",16-09-2026 14:00:00,17.544899,78.486949,PM10,59,65,63
India,Telangana,Hyderabad,"Ramachandrapuram, Hyderabad - TSPCB",16-09-2026 14:00:00,17.528544,78.286195,NH3,3,4,3
India,Uttar Pradesh,Vrindavan,"Omex Eternity, Vrindavan - UPPCB",16-09-2026 14:00:00,27.571409,77.655757,CO,6,8,8
India,Uttar Pradesh,Vrindavan," Chhatikara, Vrindavan - UPPCB",16-09-2026 14:00:00,27.57194,77.62346,NH3,3,5,3
India,Uttarakhand,Dehradun,"Doon University, Dehradun - UKPCB",16-09-2026 14:00:00,30.269444,78.044167,PM2.5,2,47,31
India,Uttarakhand,Dehradun,"Doon University, Dehradun - UKPCB",16-09-2026 14:00:00,30.269444,78.044167,NH3,NA,NA,NA
India,Uttarakhand,Kashipur,"Govt. Girls Inter College, Kashipur - UKPCB",16-09-2026 14:00:00,29.2124114,78.9611753,OZONE,8,10,10
India,West Bengal,Asansol,"Mahabir Colliery, Asansol - WBPCB",16-09-2026 14:00:00,23.618183,87.105718,NO2,1,9,4
India,West Bengal,Asansol,"Mahabir Colliery, Asansol - WBPCB",16-09-2026 14:00:00,23.618183,87.105718,NH3,2,2,2
India,West Bengal,Asansol,"Evelyn Lodge, Asansol - WBPCB",16-09-2026 14:00:00,23.697936,86.944395,NH3,4,5,5
India,West Bengal,Barrackpore,"SVSPA Campus, Barrackpore - WBPCB",16-09-2026 14:00:00,22.7605581,88.3617589,OZONE,2,32,13
India,West Bengal,Durgapur,"PCBL Residential Complex, Durgapur - WBPCB",16-09-2026 14:00:00,23.508764,87.35444,CO,43,63,52
India,West Bengal,Durgapur,"Mahishkapur Road_B-Zone, Durgapur - WBPCB",16-09-2026 14:00:00,23.567923,87.306843,SO2,1,2,1
India,West Bengal,Durgapur,"Mahishkapur Road_B-Zone, Durgapur - WBPCB",16-09-2026 14:00:00,23.567923,87.306843,CO,52,80,65
India,West Bengal,Durgapur,"Mahishkapur Road_B-Zone, Durgapur - WBPCB",16-09-2026 14:00:00,23.567923,87.306843,OZONE,9,51,27
India,West Bengal,Haldia,"Priyambada Housing Estate, Haldia - WBPCB",16-09-2026 14:00:00,22.06047,88.109737,PM10,21,46,33
India,West Bengal,Haldia,"Priyambada Housing Estate, Haldia - WBPCB",16-09-2026 14:00:00,22.06047,88.109737,CO,20,24,23
India,West Bengal,Howrah,"Dasnagar, Howrah - WBPCB",16-09-2026 14:00:00,22.6025571,88.3105664,PM2.5,12,267,86
India,West Bengal,Howrah,"Dasnagar, Howrah - WBPCB",16-09-2026 14:00:00,22.6025571,88.3105664,PM10,29,136,76
India,West Bengal,Howrah,"Dasnagar, Howrah - WBPCB",16-09-2026 14:00:00,22.6025571,88.3105664,CO,36,41,39
India,West Bengal,Howrah,"Padmapukur, Howrah - WBPCB",16-09-2026 14:00:00,22.5687319,88.2797276,SO2,5,13,8
India,West Bengal,Howrah,"Botanical Garden, Howrah - WBPCB",16-09-2026 14:00:00,22.554954,88.292568,PM10,23,169,62
India,West Bengal,Howrah,"Botanical Garden, Howrah - WBPCB",16-09-2026 14:00:00,22.554954,88.292568,NO2,8,38,13
India,West Bengal,Kolkata,"Rabindra Bharati University, Kolkata - WBPCB",16-09-2026 14:00:00,22.627847,88.380669,PM2.5,34,115,61
India,West Bengal,Kolkata,"Rabindra Bharati University, Kolkata - WBPCB",16-09-2026 14:00:00,22.627847,88.380669,SO2,7,10,9
India,West Bengal,Kolkata,"Fort William, Kolkata - WBPCB",16-09-2026 14:00:00,22.55664,88.342674,NH3,7,8,7
India,West Bengal,Kolkata,"Jadavpur, Kolkata - WBPCB",16-09-2026 14:00:00,22.49929,88.36917,PM2.5,40,98,53
India,West Bengal,Kolkata,"Ballygunge, Kolkata - WBPCB",16-09-2026 14:00:00,22.5367507,88.3638022,PM10,37,68,50
India,West Bengal,Kolkata,"Victoria, Kolkata - WBPCB",16-09-2026 14:00:00,22.5448082,88.3403691,OZONE,14,35,20
India,West Bengal,Kolkata,"Rabindra Sarobar, Kolkata - WBPCB",16-09-2026 14:00:00,22.51106,88.35142,NH3,6,13,8
India,West Bengal,Kolkata,"Rabindra Sarobar, Kolkata - WBPCB",16-09-2026 14:00:00,22.51106,88.35142,CO,22,27,23
India,West Bengal,Kolkata,"Bidhannagar, Kolkata - WBPCB",16-09-2026 14:00:00,22.58157048,88.41002457,CO,22,23,23
India,Bihar,Samastipur,"DM Office_Kasipur, Samastipur - BSPCB",16-09-2026 14:00:00,25.859655,85.77944,CO,1,1,1
India,Bihar,Samastipur,"DM Office_Kasipur, Samastipur - BSPCB",16-09-2026 14:00:00,25.859655,85.77944,OZONE,8,15,11
India,Bihar,Sasaram,"Dada Peer, Sasaram - BSPCB",16-09-2026 14:00:00,24.952822,84.002396,PM10,1,50,16
India,Chandigarh,Chandigarh,"Sector-53, Chandigarh - CPCC",16-09-2026 14:00:00,30.719859,76.738637,NH3,NA,NA,NA
India,Chandigarh,Chandigarh,"Sector 22, Chandigarh - CPCC",16-09-2026 14:00:00,30.735567,76.775714,PM2.5,20,62,41
India,Chhattisgarh,Bhilai,"Hathkhoj, Bhilai - CECB",16-09-2026 14:00:00,21.224231,81.40835,NH3,4,14,9
India,Chhattisgarh,Bhilai,"Civic Center, Bhilai - Bhilai Steel Plant",16-09-2026 14:00:00,21.185571,81.343175,NH3,1,1,1
India,Chhattisgarh,Bhilai,"Civic Center, Bhilai - Bhilai Steel Plant",16-09-2026 14:00:00,21.185571,81.343175,SO2,8,12,10
India,Chhattisgarh,Bilaspur,"Mangala, Bilaspur - NTPC",16-09-2026 14:00:00,22.08815,82.13737,PM10,34,103,63
India,Chhattisgarh,Bilaspur,"Mangala, Bilaspur - NTPC",16-09-2026 14:00:00,22.08815,82.13737,NO2,14,25,20
India,Chhattisgarh,Bilaspur,"Mangala, Bilaspur - NTPC",16-09-2026 14:00:00,22.08815,82.13737,CO,19,36,27
India,Chhattisgarh,Chhal,"Nawapara SECL Colony, Chhal - CECB",16-09-2026 14:00:00,22.118125,83.140608,PM10,38,110,76
India,Chhattisgarh,Chhal,"Nawapara SECL Colony, Chhal - CECB",16-09-2026 14:00:00,22.118125,83.140608,NO2,4,16,7
India,Chhattisgarh,Korba,"Urja Nagar, Korba - CECB",16-09-2026 14:00:00,22.348441,82.549611,NH3,1,1,1
India,Assam,Nagaon,"Christianpatty, Nagaon - PCBA",16-09-2026 14:00:00,26.349082,92.68449,CO,13,21,15
India,Assam,Silchar,"Tarapur, Silchar - PCBA",16-09-2026 14:00:00,24.82827,92.79525,PM10,47,64,53
India,Assam,Silchar,"Tarapur, Silchar - PCBA",16-09-2026 14:00:00,24.82827,92.79525,NO2,14,20,19
India,Assam,Silchar,"Tarapur, Silchar - PCBA",16-09-2026 14:00:00,24.82827,92.79525,CO,30,43,37
India,Assam,Sivasagar,"Girls College, Sivasagar - PCBA",16-09-2026 14:00:00,26.987634,94.636574,NO2,10,15,12
India,Bihar,Araria,"Kharahiya Basti, Araria - BSPCB",16-09-2026 14:00:00,26.146529,87.454184,OZONE,37,40,38
India,Bihar,Arrah,"New DM Office, Arrah - BSPCB",16-09-2026 14:00:00,25.5626095,84.663264,SO2,5,6,5
India,Bihar,Begusarai,"Lohiyanagar, Begusarai - BSPCB",16-09-2026 14:00:00,25.42742023,86.13886079,NO2,7,11,9
India,Bihar,Bettiah,"Kamalnath Nagar, Bettiah - BSPCB",16-09-2026 14:00:00,26.80365,84.51954,NO2,NA,NA,NA
India,Bihar,Bettiah,"Kamalnath Nagar, Bettiah - BSPCB",16-09-2026 14:00:00,26.80365,84.51954,NH3,NA,NA,NA
India,Bihar,Bhagalpur,"Mayaganj, Bhagalpur - BSPCB",16-09-2026 14:00:00,25.265194,87.012947,OZONE,11,34,19
India,Bihar,Bhagalpur,"DM Office_Kachari Chowk, Bhagalpur - BSPCB",16-09-2026 14:00:00,25.251013,86.989001,PM10,29,277,61
India,Bihar,Bhagalpur,"DM Office_Kachari Chowk, Bhagalpur - BSPCB",16-09-2026 14:00:00,25.251013,86.989001,NO2,18,24,21
India,Bihar,Bhagalpur,"DM Office_Kachari Chowk, Bhagalpur - BSPCB",16-09-2026 14:00:00,25.251013,86.989001,CO,26,32,29
India,Bihar,Gaya,"Kareemganj, Gaya - BSPCB",16-09-2026 14:00:00,24.792403,84.992416,NO2,1,18,5
India,Bihar,Gaya,"SFTI Kusdihra, Gaya - BSPCB",16-09-2026 14:00:00,24.762518,84.982348,NO2,19,31,24
India,Bihar,Hajipur,"Industrial Area, Hajipur - BSPCB",16-09-2026 14:00:00,25.697189,85.2459,CO,21,37,30
India,Bihar,Katihar,"Mirchaibari, Katihar - BSPCB",16-09-2026 14:00:00,25.560083,87.553265,NO2,NA,NA,NA
India,Bihar,Kishanganj,"SDM Office_Khagra, Kishanganj - BSPCB",16-09-2026 14:00:00,26.0881305,87.93840336,PM10,36,59,46
India,Bihar,Manguraha,"Forest Rest House, Manguraha - BSPCB",16-09-2026 14:00:00,27.308328,84.531742,PM2.5,NA,NA,NA
India,Bihar,Manguraha,"Forest Rest House, Manguraha - BSPCB",16-09-2026 14:00:00,27.308328,84.531742,NO2,NA,NA,NA
India,Bihar,Manguraha,"Forest Rest House, Manguraha - BSPCB",16-09-2026 14:00:00,27.308328,84.531742,NH3,NA,NA,NA
India,Bihar,Manguraha,"Forest Rest House, Manguraha - BSPCB",16-09-2026 14:00:00,27.308328,84.531742,CO,NA,NA,NA
India,Bihar,Motihari,"Gandak Colony, Motihari - BSPCB",16-09-2026 14:00:00,26.63086,84.90051,NH3,1,1,1
India,Bihar,Motihari,"Gandak Colony, Motihari - BSPCB",16-09-2026 14:00:00,26.63086,84.90051,CO,10,13,11
India,Bihar,Motihari,"Gandak Colony, Motihari - BSPCB",16-09-2026 14:00:00,26.63086,84.90051,OZONE,54,58,56
India,Bihar,Munger,"Town Hall, Munger - BSPCB",16-09-2026 14:00:00,25.376776,86.471523,NH3,2,3,3
India,Bihar,Munger,"Town Hall, Munger - BSPCB",16-09-2026 14:00:00,25.376776,86.471523,SO2,70,80,74
India,Delhi,Delhi,"Sonia Vihar, Delhi - DPCC",16-09-2026 14:00:00,28.710508,77.249485,NH3,12,18,15
India,Delhi,Delhi,"Bawana, Delhi - DPCC",16-09-2026 14:00:00,28.7762,77.051074,PM2.5,13,335,86
India,Delhi,Delhi,"Bawana, Delhi - DPCC",16-09-2026 14:00:00,28.7762,77.051074,NO2,2,17,8
India,Delhi,Delhi,"Okhla Phase-2, Delhi - DPCC",16-09-2026 14:00:00,28.530785,77.271255,NH3,2,9,5
India,Delhi,Delhi,"Okhla Phase-2, Delhi - DPCC",16-09-2026 14:00:00,28.530785,77.271255,CO,59,76,67
India,Delhi,Delhi,"Rohini, Delhi - DPCC",16-09-2026 14:00:00,28.732528,77.11992,NO2,1,11,6
India,Delhi,Delhi,"Rohini, Delhi - DPCC",16-09-2026 14:00:00,28.732528,77.11992,NH3,3,5,4
India,Delhi,Delhi,"Rohini, Delhi - DPCC",16-09-2026 14:00:00,28.732528,77.11992,SO2,8,12,10
India,Delhi,Delhi,"Rohini, Delhi - DPCC",16-09-2026 14:00:00,28.732528,77.11992,CO,33,51,43
India,Delhi,Delhi,"Vivek Vihar, Delhi - DPCC",16-09-2026 14:00:00,28.672342,77.31526,NH3,5,6,5
India,Delhi,Delhi,"Vivek Vihar, Delhi - DPCC",16-09-2026 14:00:00,28.672342,77.31526,CO,62,77,69
India,Delhi,Delhi,"Jahangirpuri, Delhi - DPCC",16-09-2026 14:00:00,28.73282,77.170633,OZONE,11,18,14
India,Delhi,Delhi,"Nehru Nagar, Delhi - DPCC",16-09-2026 14:00:00,28.56789,77.250515,PM10,56,285,122
India,Delhi,Delhi,"Nehru Nagar, Delhi - DPCC",16-09-2026 14:00:00,28.56789,77.250515,NO2,18,82,43
India,Delhi,Delhi,"Najafgarh, Delhi - DPCC",16-09-2026 14:00:00,28.570173,76.933762,PM10,29,119,60
India,Delhi,Delhi,"Najafgarh, Delhi - DPCC",16-09-2026 14:00:00,28.570173,76.933762,NH3,5,6,6
India,Bihar,Munger,"Town Hall, Munger - BSPCB",16-09-2026 14:00:00,25.376776,86.471523,OZONE,13,15,14
India,Bihar,Muzaffarpur,"MIT-Daudpur Kothi, Muzaffarpur - BSPCB",16-09-2026 14:00:00,26.1403345,85.3650192,NH3,1,1,1
India,Bihar,Muzaffarpur,"MIT-Daudpur Kothi, Muzaffarpur - BSPCB",16-09-2026 14:00:00,26.1403345,85.3650192,SO2,19,26,22
India,Bihar,Muzaffarpur,"MIT-Daudpur Kothi, Muzaffarpur - BSPCB",16-09-2026 14:00:00,26.1403345,85.3650192,CO,5,22,16
India,Bihar,Muzaffarpur,"MIT-Daudpur Kothi, Muzaffarpur - BSPCB",16-09-2026 14:00:00,26.1403345,85.3650192,OZONE,14,57,39
India,Bihar,Muzaffarpur,"Buddha Colony, Muzaffarpur - BSPCB",16-09-2026 14:00:00,26.11442,85.39813,PM2.5,23,92,48
India,Bihar,Patna,"Muradpur, Patna - BSPCB",16-09-2026 14:00:00,25.619651,85.147382,SO2,8,9,9
India,Bihar,Patna,"IGSC Planetarium Complex, Patna - BSPCB",16-09-2026 14:00:00,25.610369,85.132568,PM2.5,43,298,107
India,Bihar,Patna,"IGSC Planetarium Complex, Patna - BSPCB",16-09-2026 14:00:00,25.610369,85.132568,PM10,NA,NA,NA
India,Bihar,Patna,"Rajbansi Nagar, Patna - BSPCB",16-09-2026 14:00:00,25.599486,85.113666,PM10,36,73,55
India,Bihar,Saharsa,"Police Line, Saharsa - BSPCB",16-09-2026 14:00:00,25.892357,86.590325,PM10,31,139,67
India,Bihar,Saharsa,"Police Line, Saharsa - BSPCB",16-09-2026 14:00:00,25.892357,86.590325,NO2,7,8,7
India,Chhattisgarh,Korba,"Rampur, Korba - CECB",16-09-2026 14:00:00,22.368195,82.746431,NH3,1,1,1
India,Chhattisgarh,Kunjemura,"OP Jindal School, Kunjemura - CECB",16-09-2026 14:00:00,22.12665,83.483212,NH3,2,2,2
India,Chhattisgarh,Milupara,"Govt. Higher Secondary School, Milupara - CECB",16-09-2026 14:00:00,22.1910172,83.5197009,PM10,NA,NA,NA
India,Chhattisgarh,Raipur,"Krishak Nagar, Raipur - CECB",16-09-2026 14:00:00,21.237755,81.705301,PM10,12,57,40
India,Chhattisgarh,Raipur,"Krishak Nagar, Raipur - CECB",16-09-2026 14:00:00,21.237755,81.705301,NO2,5,25,9
India,Chhattisgarh,Raipur,"Krishak Nagar, Raipur - CECB",16-09-2026 14:00:00,21.237755,81.705301,OZONE,1,28,12
India,Delhi,Delhi,"Wazirpur, Delhi - DPCC",16-09-2026 14:00:00,28.699793,77.165453,NO2,22,65,44
India,Delhi,Delhi,"Wazirpur, Delhi - DPCC",16-09-2026 14:00:00,28.699793,77.165453,OZONE,8,9,8
India,Delhi,Delhi,"Narela, Delhi - DPCC",16-09-2026 14:00:00,28.822836,77.101981,PM10,56,136,100
India,Delhi,Delhi,"Major Dhyan Chand National Stadium, Delhi - DPCC",16-09-2026 14:00:00,28.611281,77.237738,PM10,23,100,61
India,Delhi,Delhi,"Major Dhyan Chand National Stadium, Delhi - DPCC",16-09-2026 14:00:00,28.611281,77.237738,NH3,5,8,6
India,Andhra Pradesh,Tirumala,"Toll Gate, Tirumala - APPCB",16-09-2026 14:00:00,13.67,79.35,NH3,3,5,4
India,Andhra Pradesh,Tirumala,"Toll Gate, Tirumala - APPCB",16-09-2026 14:00:00,13.67,79.35,OZONE,12,33,24
India,Andhra Pradesh,Tirupati,"Vaikuntapuram, Tirupati - APPCB",16-09-2026 14:00:00,13.615387,79.40923,SO2,NA,NA,NA
India,Andhra Pradesh,Vijayawada,"Rajiv Nagar, Vijayawada - APPCB",16-09-2026 14:00:00,16.554731,80.64911,PM10,53,75,60
India,Andhra Pradesh,Vijayawada,"Rajiv Nagar, Vijayawada - APPCB",16-09-2026 14:00:00,16.554731,80.64911,SO2,6,13,8
India,Andhra Pradesh,Vijayawada,"Rajiv Nagar, Vijayawada - APPCB",16-09-2026 14:00:00,16.554731,80.64911,CO,22,37,31
India,Andhra Pradesh,Vijayawada,"Rajiv Nagar, Vijayawada - APPCB",16-09-2026 14:00:00,16.554731,80.64911,OZONE,17,29,23
India,Andhra Pradesh,Vijayawada,"Rajiv Gandhi Park, Vijayawada - APPCB",16-09-2026 14:00:00,16.509717,80.612222,SO2,9,21,12
India,Andhra Pradesh,Vijayawada,"Rajiv Gandhi Park, Vijayawada - APPCB",16-09-2026 14:00:00,16.509717,80.612222,CO,25,38,30
India,Andhra Pradesh,Visakhapatnam,"GVM Corporation, Visakhapatnam - APPCB",16-09-2026 14:00:00,17.72,83.3,CO,10,33,19
India,Arunachal Pradesh,Naharlagun,"Naharlagun, Naharlagun - APSPCB",16-09-2026 14:00:00,27.103358,93.679645,PM10,9,49,25
India,Andhra Pradesh,Kadapa,"Yerramukkapalli, Kadapa - APPCB",16-09-2026 14:00:00,14.465052,78.824187,SO2,9,17,11
India,Andhra Pradesh,Kakinada,"Rama Rao Peta, Kakinada - APPCB",16-09-2026 14:00:00,16.962488,82.229513,PM2.5,NA,NA,NA
India,Andhra Pradesh,Kurnool,"Sita Rama Nagar, Kurnool - APPCB",16-09-2026 14:00:00,15.83411,78.028546,SO2,10,14,11
India,Andhra Pradesh,Machilipatnam,"Srinivas Nagar Colony, Machilipatnam - APPCB",16-09-2026 14:00:00,16.186555,81.13219,NH3,3,5,4
India,Andhra Pradesh,Machilipatnam,"Srinivas Nagar Colony, Machilipatnam - APPCB",16-09-2026 14:00:00,16.186555,81.13219,CO,16,36,26
India,Andhra Pradesh,Rajamahendravaram,"Anand Kala Kshetram, Rajamahendravaram - APPCB",16-09-2026 14:00:00,16.9872867,81.7363176,PM2.5,14,51,29
India,Andhra Pradesh,Tirumala,"Toll Gate, Tirumala - APPCB",16-09-2026 14:00:00,13.67,79.35,PM2.5,26,83,45
India,Andhra Pradesh,Amaravati,"Secretariat, Amaravati - APPCB",16-09-2026 14:00:00,16.5150833,80.5181667,OZONE,7,49,21
India,Andhra Pradesh,Anantapur,"Gulzarpet, Anantapur - APPCB",16-09-2026 14:00:00,14.675886,77.593027,NO2,16,28,18
India,Andhra Pradesh,Anantapur,"Gulzarpet, Anantapur - APPCB",16-09-2026 14:00:00,14.675886,77.593027,SO2,11,16,12
India,Andhra Pradesh,Chittoor,"Gangineni Cheruvu, Chittoor - APPCB",16-09-2026 14:00:00,13.20488,79.097889,CO,15,22,18
India,Andhra Pradesh,Chittoor,"Gangineni Cheruvu, Chittoor - APPCB",16-09-2026 14:00:00,13.20488,79.097889,OZONE,44,58,49
India,Andhra Pradesh,Eluru,"District Court, Eluru - APPCB",16-09-2026 14:00:00,16.711754,81.092095,PM2.5,42,60,49
India,Andhra Pradesh,Guntur,"Rajendra Nagar North, Guntur - APPCB",16-09-2026 14:00:00,16.316553,80.413302,PM10,39,117,55
India,Assam,Guwahati,"LGBI Airport, Guwahati - PCBA",16-09-2026 14:00:00,26.10887,91.589544,OZONE,10,13,12
India,Assam,Guwahati,"Pan Bazaar, Guwahati - PCBA",16-09-2026 14:00:00,26.1875,91.744194,PM2.5,0,3,1
India,Assam,Guwahati,"Pan Bazaar, Guwahati - PCBA",16-09-2026 14:00:00,26.1875,91.744194,CO,11,15,13
India,Assam,Guwahati,"Railway Colony, Guwahati - PCBA",16-09-2026 14:00:00,26.181742,91.78063,PM2.5,5,60,46
India,Assam,Guwahati,"Railway Colony, Guwahati - PCBA",16-09-2026 14:00:00,26.181742,91.78063,SO2,4,9,6
India,Assam,Guwahati,"Railway Colony, Guwahati - PCBA",16-09-2026 14:00:00,26.181742,91.78063,CO,12,14,13
India,Assam,Guwahati,"IITG, Guwahati - PCBA",16-09-2026 14:00:00,26.2028636,91.70046436,PM10,6,33,17
India,Assam,Guwahati,"IITG, Guwahati - PCBA",16-09-2026 14:00:00,26.2028636,91.70046436,NO2,1,3,2
India,Assam,Guwahati,"IITG, Guwahati - PCBA",16-09-2026 14:00:00,26.2028636,91.70046436,CO,75,80,77
India,Haryana,Palwal,"Shyam Nagar, Palwal - HSPCB",16-09-2026 14:00:00,28.1485564,77.3320667,PM10,29,80,46
India,Haryana,Palwal,"Shyam Nagar, Palwal - HSPCB",16-09-2026 14:00:00,28.1485564,77.3320667,NO2,23,24,24
India,Haryana,Palwal,"Shyam Nagar, Palwal - HSPCB",16-09-2026 14:00:00,28.1485564,77.3320667,NH3,6,6,6
India,Haryana,Panchgaon,"Amity University, Panchgaon - IITM",16-09-2026 14:00:00,28.3153,76.9143,NO2,28,53,36
India,Haryana,Panchgaon,"Amity University, Panchgaon - IITM",16-09-2026 14:00:00,28.3153,76.9143,SO2,7,21,13
India,Haryana,Panchkula,"Sector-6, Panchkula - HSPCB ",16-09-2026 14:00:00,30.7057778,76.8531805555555,CO,18,21,19
India,Haryana,Panipat,"Sector-18, Panipat - HSPCB",16-09-2026 14:00:00,29.432304,76.972765,PM2.5,55,469,265
India,Haryana,Panipat,"Sector-18, Panipat - HSPCB",16-09-2026 14:00:00,29.432304,76.972765,NO2,5,9,7
India,Haryana,Rohtak,"MD University, Rohtak - HSPCB",16-09-2026 14:00:00,28.52123,76.37138,NO2,8,12,10
India,Haryana,Sirsa,"F-Block, Sirsa - HSPCB",16-09-2026 14:00:00,29.5364,75.0158,NH3,13,14,14
India,Haryana,Sonipat,"Murthal, Sonipat - HSPCB",16-09-2026 14:00:00,29.0272,77.0621,CO,35,74,57
India,Haryana,Yamuna Nagar,"Gobind Pura, Yamuna Nagar - HSPCB",16-09-2026 14:00:00,30.1480566,77.2893471,PM10,73,127,99
India,Haryana,Yamuna Nagar,"Gobind Pura, Yamuna Nagar - HSPCB",16-09-2026 14:00:00,30.1480566,77.2893471,NH3,1,6,4
India,Himachal Pradesh,Baddi,"HIMUDA Complex Phase-1, Baddi - HPPCB",16-09-2026 14:00:00,30.943887,76.801991,PM2.5,20,77,47
India,Himachal Pradesh,Baddi,"HIMUDA Complex Phase-1, Baddi - HPPCB",16-09-2026 14:00:00,30.943887,76.801991,SO2,0,3,1
India,Jammu and Kashmir,Srinagar,"Rajbagh, Srinagar - JKPCC",16-09-2026 14:00:00,34.066206,74.81982,PM10,30,62,48
India,Jharkhand,Dhanbad,"Sardar Patel Nagar, Dhanbad - JSPCB",16-09-2026 14:00:00,23.80569,86.44268,NO2,95,197,104
India,Jharkhand,Dhanbad,"Sardar Patel Nagar, Dhanbad - JSPCB",16-09-2026 14:00:00,23.80569,86.44268,SO2,NA,NA,NA
India,Jharkhand,Dhanbad,"Sardar Patel Nagar, Dhanbad - JSPCB",16-09-2026 14:00:00,23.80569,86.44268,CO,NA,NA,NA
India,Jharkhand,Jorapokhar,"Tata Stadium, Jorapokhar - JSPCB",16-09-2026 14:00:00,23.707909,86.41467,PM2.5,56,162,65
India,Delhi,Delhi,"Chandni Chowk, Delhi - IITM",16-09-2026 14:00:00,28.656756,77.227234,SO2,3,17,11
India,Delhi,Delhi,"Pusa, Delhi - IITM",16-09-2026 14:00:00,28.63611,77.173332,PM2.5,28,181,86
India,Delhi,Delhi,"Pusa, Delhi - IITM",16-09-2026 14:00:00,28.63611,77.173332,CO,28,41,34
India,Delhi,Delhi,"IIT Delhi, Delhi - IITM",16-09-2026 14:00:00,28.54246,77.191651,PM2.5,29,92,58
India,Delhi,Delhi,"IGNOU_Maidan Garhi, Delhi - DPCC",16-09-2026 14:00:00,28.493624,77.201159,CO,54,61,57
India,Delhi,Delhi,"Commonwealth Sports Complex, Delhi - DPCC",16-09-2026 14:00:00,28.615828,77.271992,PM2.5,48,112,66
India,Delhi,Delhi,"Commonwealth Sports Complex, Delhi - DPCC",16-09-2026 14:00:00,28.615828,77.271992,NH3,0,2,1
India,Delhi,Delhi,"Talkatora Garden, Delhi - DPCC",16-09-2026 14:00:00,28.62181,77.1944633,PM2.5,37,90,65
India,Delhi,Delhi,"NSIT Dwarka, Delhi - CPCB",16-09-2026 14:00:00,28.60909,77.0325413,PM10,35,93,57
India,Delhi,Delhi,"Aya Nagar, Delhi - IITM",16-09-2026 14:00:00,28.4706914,77.1099364,PM2.5,26,86,52
India,Delhi,Delhi,"Aya Nagar, Delhi - IITM",16-09-2026 14:00:00,28.4706914,77.1099364,OZONE,2,62,35
India,Delhi,Delhi,"CRRI Mathura Road, Delhi - IITM",16-09-2026 14:00:00,28.5512005,77.2735737,NO2,0,61,31
India,Delhi,Delhi,"Burari Crossing, Delhi - IITM",16-09-2026 14:00:00,28.7256504,77.2011573,NO2,4,108,39
India,Delhi,Delhi,"Burari Crossing, Delhi - IITM",16-09-2026 14:00:00,28.7256504,77.2011573,SO2,NA,NA,NA
India,Delhi,Delhi,"IMD Lodhi Road, Delhi - IITM",16-09-2026 14:00:00,28.5918245,77.2273074,NH3,NA,NA,NA
India,Delhi,Delhi,"JNU, Delhi - DPCC",16-09-2026 14:00:00,28.540721,77.168544,NO2,5,40,21
India,Delhi,Delhi,"JNU, Delhi - DPCC",16-09-2026 14:00:00,28.540721,77.168544,CO,48,61,53
India,Delhi,Delhi,"ITO, Delhi - CPCB",16-09-2026 14:00:00,28.628624,77.24106,PM2.5,32,76,52
India,Gujarat,Ahmedabad,"SVPI Airport Hansol, Ahmedabad - IITM",16-09-2026 14:00:00,23.076793,72.627874,PM2.5,21,40,30
India,Gujarat,Ankleshwar,"GIDC, Ankleshwar - GPCB",16-09-2026 14:00:00,21.613267,73.010555,CO,39,63,51
India,Gujarat,Bhavnagar,"Vidhyanagar, Bhavnagar - Nexteng Enviro",16-09-2026 14:00:00,21.755417,72.139056,PM10,13,41,26
India,Gujarat,Bhavnagar,"Vidhyanagar, Bhavnagar - Nexteng Enviro",16-09-2026 14:00:00,21.755417,72.139056,NO2,25,50,44
India,Gujarat,Bhavnagar,"Vidhyanagar, Bhavnagar - Nexteng Enviro",16-09-2026 14:00:00,21.755417,72.139056,CO,63,65,64
India,Gujarat,Gandhinagar,"Sector-10, Gandhinagar - GPCB",16-09-2026 14:00:00,23.221714,72.654328,NO2,5,6,6
India,Gujarat,Gandhinagar,"Sector-10, Gandhinagar - GPCB",16-09-2026 14:00:00,23.221714,72.654328,CO,15,17,16
India,Gujarat,Gandhinagar,"IIPHG Lekawada, Gandhinagar - IITM",16-09-2026 14:00:00,23.243639,72.68994,OZONE,1,5,3
India,Gujarat,Mehsana,"Sadanand Nagar, Mehsana - Nexteng Enviro",16-09-2026 14:00:00,23.59315,72.372792,NO2,5,8,7
India,Gujarat,Rajkot,"Mavdi, Rajkot - Nexteng Enviro ",16-09-2026 14:00:00,22.248853,70.776774,PM2.5,10,43,26
India,Gujarat,Rajkot,"Mavdi, Rajkot - Nexteng Enviro ",16-09-2026 14:00:00,22.248853,70.776774,NH3,0,1,1
India,Gujarat,Rajkot,"Mavdi, Rajkot - Nexteng Enviro ",16-09-2026 14:00:00,22.248853,70.776774,SO2,13,17,15
India,Gujarat,Rajkot,"Mavdi, Rajkot - Nexteng Enviro ",16-09-2026 14:00:00,22.248853,70.776774,OZONE,15,25,20
India,Gujarat,Surat,"Science Center, Surat - SMC",16-09-2026 14:00:00,21.170046,72.795405,PM2.5,3,48,23
India,Gujarat,Surat,"Science Center, Surat - SMC",16-09-2026 14:00:00,21.170046,72.795405,NH3,NA,NA,NA
India,Gujarat,Surat,"Science Center, Surat - SMC",16-09-2026 14:00:00,21.170046,72.795405,CO,41,57,51
India,Gujarat,Surat,"Katargam, Surat - Nexteng Enviro",16-09-2026 14:00:00,21.217779,72.834787,CO,31,36,33
India,Gujarat,Surat,"Katargam, Surat - Nexteng Enviro",16-09-2026 14:00:00,21.217779,72.834787,OZONE,12,15,13
India,Jharkhand,Jorapokhar,"Tata Stadium, Jorapokhar - JSPCB",16-09-2026 14:00:00,23.707909,86.41467,OZONE,14,56,26
India,Karnataka,Bengaluru,"Hombegowda Nagar, Bengaluru - KSPCB",16-09-2026 14:00:00,12.938539,77.5901,PM2.5,7,45,27
India,Karnataka,Bengaluru,"Hombegowda Nagar, Bengaluru - KSPCB",16-09-2026 14:00:00,12.938539,77.5901,SO2,3,9,6
India,Karnataka,Bengaluru,"Hombegowda Nagar, Bengaluru - KSPCB",16-09-2026 14:00:00,12.938539,77.5901,OZONE,14,46,29
India,Karnataka,Bengaluru,"Hebbal, Bengaluru - KSPCB",16-09-2026 14:00:00,13.029152,77.585901,CO,21,56,37
India,Karnataka,Bengaluru,"Peenya, Bengaluru - CPCB",16-09-2026 14:00:00,13.0270199,77.494094,NO2,21,24,23
India,Karnataka,Bengaluru,"Peenya, Bengaluru - CPCB",16-09-2026 14:00:00,13.0270199,77.494094,SO2,6,19,12
India,Karnataka,Bengaluru,"Peenya, Bengaluru - CPCB",16-09-2026 14:00:00,13.0270199,77.494094,OZONE,21,22,21
India,Karnataka,Bengaluru,"Jayanagar 5th Block, Bengaluru - KSPCB",16-09-2026 14:00:00,12.920984,77.584908,CO,6,10,8
India,Karnataka,Bengaluru,"Bapuji Nagar, Bengaluru - KSPCB",16-09-2026 14:00:00,12.951913,77.539784,CO,22,40,34
India,Karnataka,Chamarajanagar,"Urban, Chamarajanagar - KSPCB",16-09-2026 14:00:00,11.55358,76.55521,OZONE,26,29,28
India,Karnataka,Chikkaballapur,"Chikkaballapur Rural, Chikkaballapur - KSPCB",16-09-2026 14:00:00,13.428828,77.731418,PM2.5,10,45,30
India,Karnataka,Chikkaballapur,"Chikkaballapur Rural, Chikkaballapur - KSPCB",16-09-2026 14:00:00,13.428828,77.731418,NO2,3,5,3
India,Karnataka,Chikkamagaluru,"Kalyana Nagara, Chikkamagaluru - KSPCB",16-09-2026 14:00:00,13.328028,75.797056,CO,11,54,22
India,Karnataka,Dharwad,"Kalabhavan, Dharwad - KSPCB",16-09-2026 14:00:00,15.459706,75.008381,NH3,5,7,6
India,Karnataka,Dharwad,"Kalabhavan, Dharwad - KSPCB",16-09-2026 14:00:00,15.459706,75.008381,CO,44,50,47
India,Haryana,Faridabad,"Sector 30, Faridabad - HSPCB",16-09-2026 14:00:00,28.4417,77.3217,SO2,2,2,2
India,Haryana,Faridabad,"Sector 30, Faridabad - HSPCB",16-09-2026 14:00:00,28.4417,77.3217,OZONE,14,16,15
India,Haryana,Faridabad,"Sector 11, Faridabad - HSPCB",16-09-2026 14:00:00,28.376058,77.315741,NO2,30,33,31
India,Haryana,Faridabad,"New Industrial Town, Faridabad - HSPCB",16-09-2026 14:00:00,28.39072,77.30059,PM2.5,NA,NA,NA
India,Haryana,Faridabad,"New Industrial Town, Faridabad - HSPCB",16-09-2026 14:00:00,28.39072,77.30059,CO,20,22,21
India,Haryana,Fatehabad,"Huda Sector, Fatehabad - HSPCB",16-09-2026 14:00:00,29.503664,75.467934,PM2.5,73,98,83
India,Haryana,Fatehabad,"Huda Sector, Fatehabad - HSPCB",16-09-2026 14:00:00,29.503664,75.467934,NH3,13,15,14
India,Haryana,Fatehabad,"Huda Sector, Fatehabad - HSPCB",16-09-2026 14:00:00,29.503664,75.467934,OZONE,83,118,99
India,Haryana,Gurugram,"NISE Gwal Pahari, Gurugram - IITM",16-09-2026 14:00:00,28.422681,77.148944,PM2.5,35,78,55
India,Haryana,Gurugram,"NISE Gwal Pahari, Gurugram - IITM",16-09-2026 14:00:00,28.422681,77.148944,NO2,14,42,21
India,Haryana,Gurugram,"NISE Gwal Pahari, Gurugram - IITM",16-09-2026 14:00:00,28.422681,77.148944,SO2,NA,NA,NA
India,Haryana,Gurugram,"Sector-51, Gurugram - HSPCB",16-09-2026 14:00:00,28.4227,77.0667,PM10,17,106,45
India,Haryana,Gurugram,"Sector-51, Gurugram - HSPCB",16-09-2026 14:00:00,28.4227,77.0667,CO,9,21,14
India,Haryana,Gurugram,"Vikas Sadan, Gurugram - HSPCB",16-09-2026 14:00:00,28.4501238,77.0263051,PM10,34,98,55
India,Haryana,Gurugram,"Vikas Sadan, Gurugram - HSPCB",16-09-2026 14:00:00,28.4501238,77.0263051,NH3,NA,NA,NA
India,Haryana,Gurugram,"Teri Gram, Gurugram - HSPCB",16-09-2026 14:00:00,28.4275,77.1465,PM2.5,69,143,94
India,Haryana,Hisar,"Urban Estate-II, Hisar - HSPCB",16-09-2026 14:00:00,29.14056,75.744941,OZONE,32,35,33
India,Delhi,Delhi,"Mundka, Delhi - DPCC",16-09-2026 14:00:00,28.684678,77.076574,PM10,95,199,143
India,Delhi,Delhi,"Punjabi Bagh, Delhi - DPCC",16-09-2026 14:00:00,28.674045,77.131023,PM10,56,168,106
India,Delhi,Delhi,"Punjabi Bagh, Delhi - DPCC",16-09-2026 14:00:00,28.674045,77.131023,SO2,21,29,25
India,Delhi,Delhi,"Dwarka-Sector 8, Delhi - DPCC ",16-09-2026 14:00:00,28.5710274,77.0719006,NH3,3,7,5
India,Haryana,Hisar,"Urban Estate-II, Hisar - HSPCB",16-09-2026 14:00:00,29.14056,75.744941,OZONE,32,35,33
India,Haryana,Karnal,"Sector-12, Karnal - HSPCB",16-09-2026 14:00:00,29.6953,77.0027,PM2.5,32,77,46
India,Haryana,Karnal,"Sector-12, Karnal - HSPCB",16-09-2026 14:00:00,29.6953,77.0027,OZONE,11,12,12
India,Haryana,Kurukshetra,"Sector-7, Kurukshetra - HSPCB",16-09-2026 14:00:00,29.966942,76.875879,PM2.5,60,78,69
India,Haryana,Sonipat,"Murthal, Sonipat - HSPCB",16-09-2026 14:00:00,29.0272,77.0621,CO,35,74,57
India,Haryana,Yamuna Nagar,"Gobind Pura, Yamuna Nagar - HSPCB",16-09-2026 14:00:00,30.1480566,77.2893471,PM10,73,127,99
India,Haryana,Yamuna Nagar,"Gobind Pura, Yamuna Nagar - HSPCB",16-09-2026 14:00:00,30.1480566,77.2893471,NH3,1,6,4
India,Himachal Pradesh,Baddi,"HIMUDA Complex Phase-1, Baddi - HPPCB",16-09-2026 14:00:00,30.943887,76.801991,PM2.5,20,77,47
India,Himachal Pradesh,Baddi,"HIMUDA Complex Phase-1, Baddi - HPPCB",16-09-2026 14:00:00,30.943887,76.801991,SO2,0,3,1
India,Jammu and Kashmir,Srinagar,"Rajbagh, Srinagar - JKPCC",16-09-2026 14:00:00,34.066206,74.81982,PM10,30,62,48
India,Jharkhand,Dhanbad,"Sardar Patel Nagar, Dhanbad - JSPCB",16-09-2026 14:00:00,23.80569,86.44268,NO2,95,197,104
India,Jharkhand,Dhanbad,"Sardar Patel Nagar, Dhanbad - JSPCB",16-09-2026 14:00:00,23.80569,86.44268,SO2,NA,NA,NA
India,Jharkhand,Dhanbad,"Sardar Patel Nagar, Dhanbad - JSPCB",16-09-2026 14:00:00,23.80569,86.44268,CO,NA,NA,NA
India,Jharkhand,Jorapokhar,"Tata Stadium, Jorapokhar - JSPCB",16-09-2026 14:00:00,23.707909,86.41467,PM2.5,56,162,65
India,Jharkhand,Jorapokhar,"Tata Stadium, Jorapokhar - JSPCB",16-09-2026 14:00:00,23.707909,86.41467,OZONE,14,56,26
India,Karnataka,Bengaluru,"Hombegowda Nagar, Bengaluru - KSPCB",16-09-2026 14:00:00,12.938539,77.5901,PM2.5,7,45,27
India,Karnataka,Bengaluru,"Hombegowda Nagar, Bengaluru - KSPCB",16-09-2026 14:00:00,12.938539,77.5901,SO2,3,9,6
India,Karnataka,Bengaluru,"Hombegowda Nagar, Bengaluru - KSPCB",16-09-2026 14:00:00,12.938539,77.5901,OZONE,14,46,29
India,Karnataka,Bengaluru,"Hebbal, Bengaluru - KSPCB",16-09-2026 14:00:00,13.029152,77.585901,CO,21,56,37
India,Karnataka,Bengaluru,"Peenya, Bengaluru - CPCB",16-09-2026 14:00:00,13.0270199,77.494094,NO2,21,24,23
India,Karnataka,Bengaluru,"Peenya, Bengaluru - CPCB",16-09-2026 14:00:00,13.0270199,77.494094,SO2,6,19,12
India,Karnataka,Bengaluru,"Peenya, Bengaluru - CPCB",16-09-2026 14:00:00,13.0270199,77.494094,OZONE,21,22,21
India,Maharashtra,Aurangabad,"Rachnakar Colony, Aurangabad - MPCB",16-09-2026 14:00:00,19.863756,75.321188,NH3,1,2,1
India,Maharashtra,Badlapur,"Katrap, Badlapur - MPCB",16-09-2026 14:00:00,19.16485,73.23409,NO2,18,20,19
India,Maharashtra,Beed,"Bir, Beed - MPCB",16-09-2026 14:00:00,18.988474,75.753873,PM2.5,7,48,19
India,Maharashtra,Belapur,"CBD Belapur, Belapur - MPCB",16-09-2026 14:00:00,19.0243902,73.0406721,PM2.5,10,45,28
India,Maharashtra,Belapur,"CBD Belapur, Belapur - MPCB",16-09-2026 14:00:00,19.0243902,73.0406721,PM10,15,65,41
India,Maharashtra,Bhiwandi,"Gokul Nagar, Bhiwandi - MPCB",16-09-2026 14:00:00,19.309073,73.057223,NH3,7,18,11
India,Maharashtra,Bhiwandi,"Gokul Nagar, Bhiwandi - MPCB",16-09-2026 14:00:00,19.309073,73.057223,CO,20,29,24
India,Maharashtra,Bhiwandi,"Gokul Nagar, Bhiwandi - MPCB",16-09-2026 14:00:00,19.309073,73.057223,OZONE,24,43,32
India,Maharashtra,Boisar,"Khaira, Boisar - MPCB",16-09-2026 14:00:00,19.786089,72.757971,NO2,22,23,22
India,Maharashtra,Boisar,"Khaira, Boisar - MPCB",16-09-2026 14:00:00,19.786089,72.757971,NH3,5,5,5
India,Maharashtra,Chandrapur,"Chauhan Colony, Chandrapur - MPCB",16-09-2026 14:00:00,19.9629,79.298714,PM2.5,28,88,53
India,Maharashtra,Chandrapur,"MIDC Khutala, Chandrapur - MPCB",16-09-2026 14:00:00,19.9775302,79.2337086,PM2.5,33,39,38
India,Maharashtra,Dhule,"Deopur, Dhule - MPCB",16-09-2026 14:00:00,20.918946,74.776388,SO2,1,6,3
India,Maharashtra,Dhule,"Deopur, Dhule - MPCB",16-09-2026 14:00:00,20.918946,74.776388,OZONE,12,34,22
India,Maharashtra,Dombivli,"Kalu Nagar, Dombivli - MPCB",16-09-2026 14:00:00,19.2268427,73.0788456,PM2.5,3,22,9
India,Maharashtra,Hingoli,"Ashta Vinayak Nagar, Hingoli - MPCB",16-09-2026 14:00:00,19.710842,77.151824,PM2.5,20,50,33
India,Karnataka,Bengaluru,"Jayanagar 5th Block, Bengaluru - KSPCB",16-09-2026 14:00:00,12.920984,77.584908,CO,6,10,8
India,Karnataka,Bengaluru,"Bapuji Nagar, Bengaluru - KSPCB",16-09-2026 14:00:00,12.951913,77.539784,CO,22,40,34
India,Karnataka,Chamarajanagar,"Urban, Chamarajanagar - KSPCB",16-09-2026 14:00:00,11.55358,76.55521,OZONE,26,29,28
India,Karnataka,Chikkaballapur,"Chikkaballapur Rural, Chikkaballapur - KSPCB",16-09-2026 14:00:00,13.428828,77.731418,PM2.5,10,45,30
India,Karnataka,Chikkaballapur,"Chikkaballapur Rural, Chikkaballapur - KSPCB",16-09-2026 14:00:00,13.428828,77.731418,NO2,3,5,3
India,Karnataka,Chikkamagaluru,"Kalyana Nagara, Chikkamagaluru - KSPCB",16-09-2026 14:00:00,13.328028,75.797056,CO,11,54,22
India,Karnataka,Dharwad,"Kalabhavan, Dharwad - KSPCB",16-09-2026 14:00:00,15.459706,75.008381,NH3,5,7,6
India,Karnataka,Dharwad,"Kalabhavan, Dharwad - KSPCB",16-09-2026 14:00:00,15.459706,75.008381,CO,44,50,47
India,Karnataka,Gadag,"Panchal Nagar, Gadag - KSPCB",16-09-2026 14:00:00,15.411456,75.638133,PM10,34,39,37
India,Karnataka,Hubballi,"Lingaraj Nagar, Hubballi - KSPCB",16-09-2026 14:00:00,15.3714823,75.1160168,NH3,1,3,3
India,Karnataka,Kalaburagi,"Mahatma Basaveswar Colony, Kalaburgi - KSPCB",16-09-2026 14:00:00,17.336318,76.847397,NO2,10,17,13
India,Karnataka,Kalaburagi,"Mahatma Basaveswar Colony, Kalaburgi - KSPCB",16-09-2026 14:00:00,17.336318,76.847397,CO,29,37,34
India,Karnataka,Madikeri,"Stuart Hill, Madikeri - KSPCB",16-09-2026 14:00:00,12.415911,75.73505,NH3,1,1,1
India,Haryana,Manesar,"Sector-2 IMT, Manesar - HSPCB",16-09-2026 14:00:00,28.360699,76.93609,NO2,16,72,30
India,Haryana,Manesar,"Sector-2 IMT, Manesar - HSPCB",16-09-2026 14:00:00,28.360699,76.93609,SO2,3,19,9
India,Haryana,Manesar,"Sector-2 IMT, Manesar - HSPCB",16-09-2026 14:00:00,28.360699,76.93609,OZONE,7,40,25
India,Haryana,Narnaul,"Shastri Nagar, Narnaul - HSPCB",16-09-2026 14:00:00,28.060249,76.113115,PM10,70,102,86
India,Haryana,Palwal,"Shyam Nagar, Palwal - HSPCB",16-09-2026 14:00:00,28.1485564,77.3320667,PM10,29,80,46
India,Haryana,Palwal,"Shyam Nagar, Palwal - HSPCB",16-09-2026 14:00:00,28.1485564,77.3320667,NO2,23,24,24
India,Haryana,Palwal,"Shyam Nagar, Palwal - HSPCB",16-09-2026 14:00:00,28.1485564,77.3320667,NH3,6,6,6
India,Haryana,Panchgaon,"Amity University, Panchgaon - IITM",16-09-2026 14:00:00,28.3153,76.9143,NO2,28,53,36
India,Haryana,Panchgaon,"Amity University, Panchgaon - IITM",16-09-2026 14:00:00,28.3153,76.9143,SO2,7,21,13
India,Haryana,Panchkula,"Sector-6, Panchkula - HSPCB ",16-09-2026 14:00:00,30.7057778,76.8531805555555,CO,18,21,19
India,Haryana,Panipat,"Sector-18, Panipat - HSPCB",16-09-2026 14:00:00,29.432304,76.972765,PM2.5,55,469,265
India,Haryana,Panipat,"Sector-18, Panipat - HSPCB",16-09-2026 14:00:00,29.432304,76.972765,NO2,5,9,7
India,Haryana,Rohtak,"MD University, Rohtak - HSPCB",16-09-2026 14:00:00,28.52123,76.37138,NO2,8,12,10
India,Haryana,Sirsa,"F-Block, Sirsa - HSPCB",16-09-2026 14:00:00,29.5364,75.0158,NH3,13,14,14
India,Madhya Pradesh,Satna,"Bandhavgar Colony, Satna - Birla Cement",16-09-2026 14:00:00,24.58434363,80.8549414,SO2,NA,NA,NA
India,Madhya Pradesh,Singrauli,"Suryakiran Bhawan NCL, Singrauli - MPPCB",16-09-2026 14:00:00,24.10897,82.64558,PM2.5,NA,NA,NA
India,Madhya Pradesh,Singrauli,"Suryakiran Bhawan NCL, Singrauli - MPPCB",16-09-2026 14:00:00,24.10897,82.64558,NO2,NA,NA,NA
India,Maharashtra,Ahmednagar,"Tarakpur, Ahmednagar - MPCB",16-09-2026 14:00:00,19.10122,74.73339,NH3,0,1,1
India,Maharashtra,Akola,"Ramdaspeth, Akola - MPCB",16-09-2026 14:00:00,20.719516,77.000253,CO,9,14,12
India,Maharashtra,Ambernath,"Chinchpada, Ambernath - MPCB",16-09-2026 14:00:00,19.215784,73.199781,SO2,21,29,25
India,Maharashtra,Amravati,"Shri Shivaji Science College, Amravati - MPCB",16-09-2026 14:00:00,20.939198,77.765701,CO,25,31,27
India,Maharashtra,Amravati,"Shivneri Colony, Amravati - MPCB",16-09-2026 14:00:00,20.9402359,77.7895248,NO2,3,17,8
India,Maharashtra,Amravati,"Shivneri Colony, Amravati - MPCB",16-09-2026 14:00:00,20.9402359,77.7895248,SO2,2,4,3
India,Maharashtra,Aurangabad,"MIDC Chilkalthana, Aurangabad - MPCB",16-09-2026 14:00:00,19.87562,75.38731,PM10,44,46,44
India,Maharashtra,Aurangabad,"MIDC Chilkalthana, Aurangabad - MPCB",16-09-2026 14:00:00,19.87562,75.38731,NO2,NA,NA,NA
India,Maharashtra,Aurangabad,"More Chowk Waluj, Aurangabad - MPCB",16-09-2026 14:00:00,19.8389439,75.244448,NO2,7,12,10
India,Karnataka,Mysuru,"Hebbal 1st Stage, Mysuru - KSPCB",16-09-2026 14:00:00,12.21041,76.37376,PM10,24,106,62
India,Karnataka,Mysuru,"Hebbal 1st Stage, Mysuru - KSPCB",16-09-2026 14:00:00,12.21041,76.37376,NO2,11,28,18
India,Karnataka,Mysuru,"Hebbal 1st Stage, Mysuru - KSPCB",16-09-2026 14:00:00,12.21041,76.37376,NH3,3,6,4
India,Karnataka,Mysuru,"Hebbal 1st Stage, Mysuru - KSPCB",16-09-2026 14:00:00,12.21041,76.37376,CO,4,26,14
India,Karnataka,Ramanagara,"Vijay Nagar, Ramanagara - KSPCB",16-09-2026 14:00:00,12.733409,77.298051,NO2,NA,NA,NA
India,Karnataka,Ramanagara,"Vijay Nagar, Ramanagara - KSPCB",16-09-2026 14:00:00,12.733409,77.298051,CO,27,36,31
India,Karnataka,Ramanagara,"Vijay Nagar, Ramanagara - KSPCB",16-09-2026 14:00:00,12.733409,77.298051,OZONE,19,34,25
India,Karnataka,Shivamogga,"Vinoba Nagara, Shivamogga - KSPCB",16-09-2026 14:00:00,13.94,75.555917,CO,8,13,10
India,Kerala,Eloor,"Udyogamandal, Eloor - Kerala PCB",16-09-2026 14:00:00,10.073232,76.302765,CO,90,110,99
India,Kerala,Thiruvananthapuram,"Plammoodu, Thiruvananthapuram - Kerala PCB",16-09-2026 14:00:00,8.5149093,76.9435879,PM2.5,24,37,29
India,Kerala,Thrissur,"Corporation Ground, Thrissur - Kerala PCB",16-09-2026 14:00:00,10.5324,76.2159,PM10,45,61,53
India,Madhya Pradesh,Bhopal,"Paryavaran Parisar, Bhopal - MPPCB",16-09-2026 14:00:00,23.210494,77.425409,OZONE,16,39,27
India,Madhya Pradesh,Bhopal,"Idgah Hills, Bhopal - MPPCB",16-09-2026 14:00:00,23.264759,77.381568,NO2,7,25,13
India,Madhya Pradesh,Dewas,"Bhopal Chauraha, Dewas - MPPCB",16-09-2026 14:00:00,22.9682591,76.064118,PM2.5,31,163,63
India,Madhya Pradesh,Dewas,"Bhopal Chauraha, Dewas - MPPCB",16-09-2026 14:00:00,22.9682591,76.064118,PM10,54,166,92
India,Madhya Pradesh,Gwalior,"City Center, Gwalior - MPPCB",16-09-2026 14:00:00,26.203442,78.193251,NH3,1,2,2
India,Madhya Pradesh,Gwalior,"City Center, Gwalior - MPPCB",16-09-2026 14:00:00,26.203442,78.193251,CO,22,45,39
India,Madhya Pradesh,Gwalior,"Deen Dayal Nagar, Gwalior - MPPCB",16-09-2026 14:00:00,26.259242,78.216432,NO2,35,56,45
India,Madhya Pradesh,Indore,"Residency Area, Indore - IMC",16-09-2026 14:00:00,22.7084,75.8815,PM2.5,13,39,23
India,Madhya Pradesh,Jabalpur,"Marhatal, Jabalpur - MPPCB",16-09-2026 14:00:00,23.168606,79.932247,NH3,1,1,1
India,Madhya Pradesh,Jabalpur,"Govindh Bhavan Colony, Jabalpur - JMC",16-09-2026 14:00:00,23.163174,79.973061,PM2.5,8,33,16
India,Madhya Pradesh,Jabalpur,"Govindh Bhavan Colony, Jabalpur - JMC",16-09-2026 14:00:00,23.163174,79.973061,NO2,3,14,10
India,Madhya Pradesh,Jabalpur,"Suhagi, Jabalpur - JMC",16-09-2026 14:00:00,23.218135,79.95777,NH3,6,6,6
India,Madhya Pradesh,Jabalpur,"Suhagi, Jabalpur - JMC",16-09-2026 14:00:00,23.218135,79.95777,CO,31,46,36
India,Madhya Pradesh,Ratlam,"Shasthri Nagar, Ratlam - IPCA Lab",16-09-2026 14:00:00,23.331731,75.045981,PM2.5,0,40,16
India,Madhya Pradesh,Sagar,"Civil Lines, Sagar - MPPCB",16-09-2026 14:00:00,23.838586,78.759431,PM10,14,142,54
India,Kerala,Thrissur,"Corporation Ground, Thrissur - Kerala PCB",16-09-2026 14:00:00,10.5324,76.2159,SO2,0,1,1
India,Kerala,Thrissur,"Corporation Ground, Thrissur - Kerala PCB",16-09-2026 14:00:00,10.5324,76.2159,OZONE,30,31,30
India,Ladakh,Leh,"Skara Yokma, Leh - LPCC",16-09-2026 14:00:00,34.147096,77.55709,CO,192,194,193
India,Maharashtra,Nashik,"Pandav Nagari, Nashik - MPCB",16-09-2026 14:00:00,19.9591346,73.7788008,SO2,NA,NA,NA
India,Maharashtra,Nashik,"Hirawadi, Nashik - MPCB",16-09-2026 14:00:00,20.021503,73.813844,PM2.5,12,46,25
India,Maharashtra,Nashik,"Hirawadi, Nashik - MPCB",16-09-2026 14:00:00,20.021503,73.813844,NH3,2,8,3
India,Maharashtra,Nashik,"MIDC Ambad, Nashik - MPCB",16-09-2026 14:00:00,19.95022,73.73148,PM10,30,81,55
India,Maharashtra,Nashik,"MIDC Ambad, Nashik - MPCB",16-09-2026 14:00:00,19.95022,73.73148,NH3,0,3,3
India,Maharashtra,Nashik,"MIDC Ambad, Nashik - MPCB",16-09-2026 14:00:00,19.95022,73.73148,OZONE,6,9,8
India,Maharashtra,Navi Mumbai,"Kopripada-Vashi, Navi Mumbai - MPCB",16-09-2026 14:00:00,19.090337,73.014232,PM2.5,10,41,24
India,Maharashtra,Navi Mumbai,"Kopripada-Vashi, Navi Mumbai - MPCB",16-09-2026 14:00:00,19.090337,73.014232,PM10,27,49,35
India,Maharashtra,Navi Mumbai,"Kopripada-Vashi, Navi Mumbai - MPCB",16-09-2026 14:00:00,19.090337,73.014232,SO2,0,3,1
India,Maharashtra,Navi Mumbai,"Nerul, Navi Mumbai - MPCB",16-09-2026 14:00:00,19.008751,73.01662,PM2.5,NA,NA,NA
India,Maharashtra,Navi Mumbai,"Nerul, Navi Mumbai - MPCB",16-09-2026 14:00:00,19.008751,73.01662,PM10,NA,NA,NA
India,Maharashtra,Navi Mumbai,"Tondare-Taloja, Navi Mumbai - MPCB",16-09-2026 14:00:00,19.063,73.1209,CO,21,27,24
India,Maharashtra,Navi Mumbai,"Sector-2E Kalamboli, Navi Mumbai - MPCB",16-09-2026 14:00:00,19.02579,73.10297,PM10,21,38,28
India,Maharashtra,Navi Mumbai,"Sector-2E Kalamboli, Navi Mumbai - MPCB",16-09-2026 14:00:00,19.02579,73.10297,SO2,2,6,5
India,Maharashtra,Navi Mumbai,"Mahape, Navi Mumbai - MPCB",16-09-2026 14:00:00,19.1135051,73.008978,PM10,20,53,37
India,Maharashtra,Navi Mumbai,"Mahape, Navi Mumbai - MPCB",16-09-2026 14:00:00,19.1135051,73.008978,NO2,42,44,43
India,Maharashtra,Parbhani,"Masoom Colony, Parbhani - MPCB",16-09-2026 14:00:00,19.265594,76.761463,PM10,60,111,82
India,Maharashtra,Hingoli,"Ashta Vinayak Nagar, Hingoli - MPCB",16-09-2026 14:00:00,19.710842,77.151824,CO,11,21,15
India,Maharashtra,Jalgaon,"Prabhat Colony, Jalgaon - MPCB",16-09-2026 14:00:00,21.001264,75.565602,OZONE,5,37,24
India,Maharashtra,Jalna,"Old MIDC, Jalna - MPCB",16-09-2026 14:00:00,19.854616,75.905894,PM2.5,16,55,35
India,Maharashtra,Jalna,"Old MIDC, Jalna - MPCB",16-09-2026 14:00:00,19.854616,75.905894,PM10,39,84,59
India,Maharashtra,Kolhapur,"Sinchan Bhavan, Kolhapur - MPCB",16-09-2026 14:00:00,16.7143745,74.2426398,SO2,0,2,1
India,Maharashtra,Latur,"Sawe Wadi, Latur - MPCB",16-09-2026 14:00:00,18.39963,76.57452,PM2.5,15,42,24
India,Maharashtra,Latur,"Sawe Wadi, Latur - MPCB",16-09-2026 14:00:00,18.39963,76.57452,CO,10,17,14
India,Maharashtra,Mahad,"Kamble Tarf Birwadi, Mahad - MPCB",16-09-2026 14:00:00,18.1023399,73.4783687,NH3,5,5,5
India,Maharashtra,Mahad,"Kamble Tarf Birwadi, Mahad - MPCB",16-09-2026 14:00:00,18.1023399,73.4783687,SO2,8,66,20
India,Maharashtra,Malegaon,"Mahesh Nagar, Malegaon - MPCB",16-09-2026 14:00:00,20.555712,74.529236,PM2.5,17,62,41
India,Maharashtra,Mira-Bhayandar,"Bhayandar West, Mira-Bhayandar - MPCB",16-09-2026 14:00:00,19.296481,72.840923,PM10,NA,NA,NA
India,Maharashtra,Mira-Bhayandar,"Bhayandar West, Mira-Bhayandar - MPCB",16-09-2026 14:00:00,19.296481,72.840923,NO2,NA,NA,NA
India,Maharashtra,Mira-Bhayandar,"Bhayandar West, Mira-Bhayandar - MPCB",16-09-2026 14:00:00,19.296481,72.840923,CO,10,25,15
India,Maharashtra,Mumbai,"Sion, Mumbai - MPCB",16-09-2026 14:00:00,19.047,72.8746,PM2.5,5,20,11
India,Maharashtra,Mumbai,"Sion, Mumbai - MPCB",16-09-2026 14:00:00,19.047,72.8746,CO,18,20,19
India,Maharashtra,Mumbai,"Kherwadi_Bandra East, Mumbai - MPCB",16-09-2026 14:00:00,19.0632143,72.8456324,NH3,5,5,5
India,Maharashtra,Mumbai,"Borivali East, Mumbai - IITM",16-09-2026 14:00:00,19.23241,72.86895,PM10,35,60,46
India,Maharashtra,Mumbai,"Borivali East, Mumbai - IITM",16-09-2026 14:00:00,19.23241,72.86895,SO2,NA,NA,NA
India,Maharashtra,Mumbai,"Borivali East, Mumbai - IITM",16-09-2026 14:00:00,19.23241,72.86895,OZONE,12,33,18
India,Maharashtra,Mumbai,"Siddharth Nagar-Worli, Mumbai - IITM",16-09-2026 14:00:00,19.000083,72.813993,PM2.5,11,15,13
India,Maharashtra,Mumbai,"Siddharth Nagar-Worli, Mumbai - IITM",16-09-2026 14:00:00,19.000083,72.813993,PM10,17,52,38
India,Maharashtra,Mumbai,"Siddharth Nagar-Worli, Mumbai - IITM",16-09-2026 14:00:00,19.000083,72.813993,SO2,NA,NA,NA
India,Maharashtra,Mumbai,"Worli, Mumbai - MPCB",16-09-2026 14:00:00,18.9936162,72.8128113,SO2,1,20,10
India,Maharashtra,Mumbai,"Mazgaon, Mumbai - IITM",16-09-2026 14:00:00,18.96702,72.84214,PM2.5,13,44,19
India,Maharashtra,Mumbai,"Mazgaon, Mumbai - IITM",16-09-2026 14:00:00,18.96702,72.84214,CO,29,56,39
India,Maharashtra,Mumbai,"Mindspace-Malad West, Mumbai - MPCB",16-09-2026 14:00:00,19.1878657,72.8304069,PM10,4,39,16
India,Maharashtra,Mumbai,"Mindspace-Malad West, Mumbai - MPCB",16-09-2026 14:00:00,19.1878657,72.8304069,NH3,7,8,8
India,Maharashtra,Mumbai,"Chembur, Mumbai - MPCB",16-09-2026 14:00:00,19.0364585,72.8954371,PM10,NA,NA,NA
India,Maharashtra,Thane,"Kasarvadavali, Thane - MPCB",16-09-2026 14:00:00,19.26777,72.97182,NH3,0,1,0
India,Maharashtra,Ulhasnagar,"Sidhi Vinayak Nagar, Ulhasnagar - MPCB",16-09-2026 14:00:00,19.235581,73.159121,OZONE,1,13,5
India,Maharashtra,Virar,"Bolinj, Virar - MPCB",16-09-2026 14:00:00,19.445821,72.7988231,NO2,4,24,16
India,Maharashtra,Virar,"Bolinj, Virar - MPCB",16-09-2026 14:00:00,19.445821,72.7988231,OZONE,43,46,45
India,Meghalaya,Byrnihat,"15th Mile-Nongthymmai, Byrnihat -Meghalaya PCB",16-09-2026 14:00:00,26.079047,91.875185,NH3,0,1,0
India,Meghalaya,Byrnihat,"15th Mile-Nongthymmai, Byrnihat -Meghalaya PCB",16-09-2026 14:00:00,26.079047,91.875185,CO,NA,NA,NA
India,Meghalaya,Shillong,"Lumpyngngad, Shillong - Meghalaya PCB",16-09-2026 14:00:00,25.5586,91.8985,NH3,0,0,0
India,Mizoram,Aizawl,"Sikulpuikawn, Aizawl - Mizoram PCB",16-09-2026 14:00:00,23.7176342,92.7192841,PM10,10,44,24
India,Nagaland,Kohima,"PWD Junction, Kohima - NPCB",16-09-2026 14:00:00,25.6635413,94.0989878,SO2,53,65,61
India,Maharashtra,Pimpri-Chinchwad,"Bhosari, Pune - IITM",16-09-2026 14:00:00,18.640051,73.848956,PM2.5,13,35,22
India,Maharashtra,Pimpri-Chinchwad,"Bhosari, Pune - IITM",16-09-2026 14:00:00,18.640051,73.848956,PM10,22,54,41
India,Maharashtra,Pimpri-Chinchwad,"Bhosari, Pune - IITM",16-09-2026 14:00:00,18.640051,73.848956,SO2,NA,NA,NA
India,Maharashtra,Pimpri-Chinchwad,"Gavalinagar, Pimpri Chinchwad - MPCB",16-09-2026 14:00:00,18.63673,73.82487,PM10,15,42,30
India,Maharashtra,Pimpri-Chinchwad,"Bhumkar Nagar, Pune - IITM",16-09-2026 14:00:00,18.60577,73.749976,PM2.5,7,81,23
India,Maharashtra,Pimpri-Chinchwad,"Bhumkar Nagar, Pune - IITM",16-09-2026 14:00:00,18.60577,73.749976,CO,28,102,48
India,Maharashtra,Pimpri-Chinchwad,"Park Street Wakad, Pimpri Chinchwad - MPCB",16-09-2026 14:00:00,18.59051,73.77946,NH3,2,3,3
India,Maharashtra,Pimpri-Chinchwad,"Savta Mali Nagar, Pimpri-Chinchwad - IITM",16-09-2026 14:00:00,18.614767,73.799516,SO2,NA,NA,NA
India,Maharashtra,Pimpri-Chinchwad,"Savta Mali Nagar, Pimpri-Chinchwad - IITM",16-09-2026 14:00:00,18.614767,73.799516,OZONE,1,18,11
India,Maharashtra,Pune,"Savitribai Phule Pune University, Pune - MPCB",16-09-2026 14:00:00,18.547056,73.826908,PM10,21,40,30
India,Maharashtra,Pune,"Savitribai Phule Pune University, Pune - MPCB",16-09-2026 14:00:00,18.547056,73.826908,NH3,NA,NA,NA
India,Odisha,Angul,"Hakimapada, Angul - OSPCB",16-09-2026 14:00:00,20.832874,85.104082,NH3,2,5,2
India,Odisha,Angul,"Hakimapada, Angul - OSPCB",16-09-2026 14:00:00,20.832874,85.104082,SO2,7,35,13
India,Odisha,Balasore,"Kalidaspur, Balasore - OSPCB",16-09-2026 14:00:00,21.51161,86.89088,SO2,7,12,9
India,Odisha,Balasore,"Kalidaspur, Balasore - OSPCB",16-09-2026 14:00:00,21.51161,86.89088,CO,44,54,50
India,Odisha,Bhubaneswar,"Lingraj Mandir, Bhubaneswar - OSPCB",16-09-2026 14:00:00,20.24079,85.836784,NO2,7,32,17
India,Odisha,Bhubaneswar,"Patia, Bhubaneswar - OSPCB",16-09-2026 14:00:00,20.34652,85.8163,NH3,3,8,5
India,Odisha,Bileipada,"Tata Township, Bileipada - OSPCB",16-09-2026 14:00:00,22.06156703,85.47409613,PM10,48,143,102
India,Odisha,Brajrajnagar,"GM Office, Brajrajnagar - OSPCB",16-09-2026 14:00:00,21.8004996,83.8396977,PM10,0,156,71
India,Odisha,Byasanagar,"Ferro Chrome Colony, Byasanagar - OSPCB",16-09-2026 14:00:00,20.94185,86.1151,SO2,5,11,7
India,Maharashtra,Mumbai,"Chembur, Mumbai - MPCB",16-09-2026 14:00:00,19.0364585,72.8954371,SO2,NA,NA,NA
India,Maharashtra,Mumbai,"Borivali East, Mumbai - MPCB",16-09-2026 14:00:00,19.2243333,72.8658113,PM2.5,2,25,10
India,Maharashtra,Mumbai,"Borivali East, Mumbai - MPCB",16-09-2026 14:00:00,19.2243333,72.8658113,SO2,15,19,17
India,Maharashtra,Mumbai,"Borivali East, Mumbai - MPCB",16-09-2026 14:00:00,19.2243333,72.8658113,OZONE,NA,NA,NA
India,Maharashtra,Mumbai,"Deonar, Mumbai - IITM",16-09-2026 14:00:00,19.04946,72.923,PM2.5,12,41,19
India,Maharashtra,Mumbai,"Malad West, Mumbai - IITM",16-09-2026 14:00:00,19.19709,72.82204,OZONE,3,11,5
India,Maharashtra,Nagpur,"Opp GPO Civil Lines, Nagpur - MPCB",16-09-2026 14:00:00,21.152875,79.0517531,PM10,27,105,57
India,Maharashtra,Nagpur,"Opp GPO Civil Lines, Nagpur - MPCB",16-09-2026 14:00:00,21.152875,79.0517531,CO,23,68,39
India,Maharashtra,Nagpur,"Ambazari, Nagpur - MPCB",16-09-2026 14:00:00,21.121801,79.04952,PM2.5,22,85,51
India,Maharashtra,Nashik,"Gangapur Road, Nashik - MPCB",16-09-2026 14:00:00,20.0073285,73.7762427,PM10,16,57,30
India,Maharashtra,Pune,"Mhada Colony, Pune - IITM",16-09-2026 14:00:00,18.57304,73.927715,PM10,33,54,45
India,Maharashtra,Pune,"Dhankawadi, Pune - IITM",16-09-2026 14:00:00,18.459883,73.852193,NO2,11,14,13
India,Maharashtra,Sangli,"Vijay Nagar, Sangli - MPCB",16-09-2026 14:00:00,16.5038,74.3623,PM2.5,19,46,32
India,Maharashtra,Satara,"Koyana Nagar, Satara - MPCB",16-09-2026 14:00:00,17.696651,74.003387,PM10,4,117,68
India,Maharashtra,Solapur,"Ratandeep Housing Society, Solapur - MPCB",16-09-2026 14:00:00,17.65439,75.90649,PM2.5,23,69,42
India,Maharashtra,Solapur,"Ratandeep Housing Society, Solapur - MPCB",16-09-2026 14:00:00,17.65439,75.90649,PM10,31,74,44
India,Maharashtra,Solapur,"Ratandeep Housing Society, Solapur - MPCB",16-09-2026 14:00:00,17.65439,75.90649,NH3,2,13,4
India,Maharashtra,Thane,"Kasarvadavali, Thane - MPCB",16-09-2026 14:00:00,19.26777,72.97182,PM2.5,15,38,28
India,Maharashtra,Mumbai,"Chhatrapati Shivaji Intl. Airport (T2), Mumbai - MPCB",16-09-2026 14:00:00,19.10078,72.87462,PM2.5,7,36,19
India,Maharashtra,Mumbai,"Mulund West, Mumbai - MPCB",16-09-2026 14:00:00,19.175,72.9419,PM10,NA,NA,NA
India,Maharashtra,Mumbai,"Sewri, Mumbai - BMC",16-09-2026 14:00:00,19.000084,72.85673,PM2.5,20,31,26
India,Maharashtra,Mumbai,"Sewri, Mumbai - BMC",16-09-2026 14:00:00,19.000084,72.85673,SO2,1,13,5
India,Maharashtra,Mumbai,"Khindipada-Bhandup West, Mumbai - IITM",16-09-2026 14:00:00,19.1653323,72.922099,SO2,0,14,7
India,Maharashtra,Mumbai,"Kandivali West, Mumbai - BMC",16-09-2026 14:00:00,19.215859,72.831718,NH3,NA,NA,NA
India,Maharashtra,Mumbai,"Kandivali West, Mumbai - BMC",16-09-2026 14:00:00,19.215859,72.831718,SO2,0,4,2
India,Rajasthan,Tonk,"Shastri Nagar, Tonk - RSPCB",16-09-2026 14:00:00,26.159933,75.780517,NH3,4,13,6
India,Rajasthan,Udaipur,"Ashok Nagar, Udaipur - RSPCB",16-09-2026 14:00:00,24.5886166,73.6321397,SO2,4,11,7
India,Rajasthan,Udaipur,"Ashok Nagar, Udaipur - RSPCB",16-09-2026 14:00:00,24.5886166,73.6321397,CO,16,34,23
India,Sikkim,Gangtok,"Zero Point GICI, Gangtok - SSPCB",16-09-2026 14:00:00,27.33853,88.614099,PM2.5,9,29,19
India,Tamil Nadu,Chennai,"Manali Village, Chennai - TNPCB",16-09-2026 14:00:00,13.1662,80.2584,PM2.5,10,46,29
India,Tamil Nadu,Chennai,"Manali Village, Chennai - TNPCB",16-09-2026 14:00:00,13.1662,80.2584,NO2,1,20,17
India,Tamil Nadu,Chennai,"Manali Village, Chennai - TNPCB",16-09-2026 14:00:00,13.1662,80.2584,NH3,1,7,2
India,Tamil Nadu,Chennai,"Manali Village, Chennai - TNPCB",16-09-2026 14:00:00,13.1662,80.2584,CO,40,44,42
India,Tamil Nadu,Chennai,"Manali, Chennai - CPCB",16-09-2026 14:00:00,13.164544,80.26285,NH3,6,7,6
India,Tamil Nadu,Chennai,"Velachery Res. Area, Chennai - CPCB",16-09-2026 14:00:00,13.0052189,80.2398125,PM10,55,453,111
India,Tamil Nadu,Chennai,"Velachery Res. Area, Chennai - CPCB",16-09-2026 14:00:00,13.0052189,80.2398125,CO,NA,NA,NA
India,Tamil Nadu,Chennai,"Velachery Res. Area, Chennai - CPCB",16-09-2026 14:00:00,13.0052189,80.2398125,OZONE,8,14,11
India,Tamil Nadu,Cuddalore,"Semmandalam, Cuddalore - TNPCB",16-09-2026 14:00:00,11.7637683,79.7499835,NO2,NA,NA,NA
India,Telangana,Hyderabad,"Kompally Municipal Office, Hyderabad - TSPCB",16-09-2026 14:00:00,17.544899,78.486949,PM2.5,30,38,33
India,Telangana,Hyderabad,"Kompally Municipal Office, Hyderabad - TSPCB",16-09-2026 14:00:00,17.544899,78.486949,SO2,3,11,6
India,Telangana,Hyderabad,"Ramachandrapuram, Hyderabad - TSPCB",16-09-2026 14:00:00,17.528544,78.286195,NO2,12,15,15
India,Telangana,Hyderabad,"Ramachandrapuram, Hyderabad - TSPCB",16-09-2026 14:00:00,17.528544,78.286195,SO2,12,18,14
India,Odisha,Nayagarh,"Dabuna, Nayagarh - OSPCB",16-09-2026 14:00:00,21.847279,85.416905,NH3,5,8,6
India,Odisha,Nayagarh,"Dabuna, Nayagarh - OSPCB",16-09-2026 14:00:00,21.847279,85.416905,OZONE,11,12,12
India,Odisha,Paradeep,"Nua Sandhakuda, Paradeep - OSPCB",16-09-2026 14:00:00,20.258828,86.665185,PM2.5,17,41,31
India,Odisha,Rairangpur,"Divisional Forest Office, Rairangpur - OSPCB",16-09-2026 14:00:00,22.265816,86.174829,PM2.5,28,76,41
India,Odisha,Rairangpur,"Divisional Forest Office, Rairangpur - OSPCB",16-09-2026 14:00:00,22.265816,86.174829,SO2,6,11,9
India,Odisha,Rairangpur,"Divisional Forest Office, Rairangpur - OSPCB",16-09-2026 14:00:00,22.265816,86.174829,OZONE,1,20,12
India,Odisha,Rourkela,"Fertilizer Township, Rourkela - OSPCB",16-09-2026 14:00:00,22.18972222,84.86277778,NO2,11,11,11
India,Odisha,Rourkela,"Fertilizer Township, Rourkela - OSPCB",16-09-2026 14:00:00,22.18972222,84.86277778,SO2,11,11,11
India,Odisha,Rourkela,"Raghunathpali, Rourkela - OSPCB",16-09-2026 14:00:00,22.220833,84.809444,PM10,15,44,29
India,Odisha,Rourkela,"Sector-2, Rourkela - OSPCB",16-09-2026 14:00:00,22.245,84.88111111,NO2,14,14,14
India,Odisha,Tensa,"Barsua Iron Ore Mines, Tensa - OSPCB",16-09-2026 14:00:00,21.869985,85.167016,SO2,NA,NA,NA
India,Odisha,Tensa,"Barsua Iron Ore Mines, Tensa - OSPCB",16-09-2026 14:00:00,21.869985,85.167016,OZONE,4,5,4
India,Puducherry,Puducherry,"Jawahar Nagar, Puducherry - PPCC",16-09-2026 14:00:00,11.9309,79.8027,PM2.5,10,105,35
India,Puducherry,Puducherry,"Jawahar Nagar, Puducherry - PPCC",16-09-2026 14:00:00,11.9309,79.8027,SO2,5,13,9
India,Punjab,Bathinda,"Hardev Nagar, Bathinda - PPCB",16-09-2026 14:00:00,30.233011,74.907758,NH3,NA,NA,NA
India,Rajasthan,Jhalawar,"Rajlaxmi Nagar, Jhalawar - RSPCB",16-09-2026 14:00:00,24.588397,76.172782,NO2,23,47,32
India,Rajasthan,Jhalawar,"Rajlaxmi Nagar, Jhalawar - RSPCB",16-09-2026 14:00:00,24.588397,76.172782,NH3,3,28,10
India,Rajasthan,Jhalawar,"Rajlaxmi Nagar, Jhalawar - RSPCB",16-09-2026 14:00:00,24.588397,76.172782,CO,45,68,53
India,Rajasthan,Jhunjhunu,"Indra Nagar, Jhunjhunu - RSPCB",16-09-2026 14:00:00,28.108988,75.386577,PM2.5,7,48,22
India,Rajasthan,Jhunjhunu,"Indra Nagar, Jhunjhunu - RSPCB",16-09-2026 14:00:00,28.108988,75.386577,PM10,24,113,57
India,Rajasthan,Jhunjhunu,"Indra Nagar, Jhunjhunu - RSPCB",16-09-2026 14:00:00,28.108988,75.386577,NO2,4,45,13
India,Rajasthan,Jhunjhunu,"Indra Nagar, Jhunjhunu - RSPCB",16-09-2026 14:00:00,28.108988,75.386577,NH3,3,8,5
India,Rajasthan,Jhunjhunu,"Indra Nagar, Jhunjhunu - RSPCB",16-09-2026 14:00:00,28.108988,75.386577,OZONE,23,80,57
India,Rajasthan,Jodhpur,"Collectorate, Jodhpur - RSPCB",16-09-2026 14:00:00,26.268249,73.0193853,PM2.5,26,54,39
India,Rajasthan,Jodhpur,"Jhalamand, Jodhpur - RSPCB",16-09-2026 14:00:00,26.215415,73.070156,CO,41,47,43
India,Rajasthan,Jodhpur,"Samrat Ashok Udhyan, Jodhpur - RSPCB",16-09-2026 14:00:00,26.253384,72.976571,NH3,4,6,5
India,Rajasthan,Jodhpur,"Samrat Ashok Udhyan, Jodhpur - RSPCB",16-09-2026 14:00:00,26.253384,72.976571,CO,12,16,13
India,Rajasthan,Jodhpur,"Digari Kalan, Jodhpur - RSPCB",16-09-2026 14:00:00,26.29581,73.082283,PM2.5,13,40,22
India,Rajasthan,Jodhpur,"Digari Kalan, Jodhpur - RSPCB",16-09-2026 14:00:00,26.29581,73.082283,PM10,19,72,37
India,Rajasthan,Khairthal,"New Anaj Mandi, Khairthal - RSPCB",16-09-2026 14:00:00,27.8015617,76.6365217,PM2.5,37,89,59
India,Rajasthan,Khairthal,"New Anaj Mandi, Khairthal - RSPCB",16-09-2026 14:00:00,27.8015617,76.6365217,SO2,1,2,1
India,Punjab,Khanna,"Kalal Majra, Khanna - PPCB",16-09-2026 14:00:00,30.736056,76.209694,PM10,5,500,145
India,Punjab,Khanna,"Kalal Majra, Khanna - PPCB",16-09-2026 14:00:00,30.736056,76.209694,NH3,4,10,6
India,Punjab,Mandi Gobindgarh,"RIMT University, Mandi Gobindgarh - PPCB",16-09-2026 14:00:00,30.649961,76.331442,NO2,24,25,24
India,Punjab,Mandi Gobindgarh,"RIMT University, Mandi Gobindgarh - PPCB",16-09-2026 14:00:00,30.649961,76.331442,CO,39,72,51
India,Punjab,Mandi Gobindgarh,"RIMT University, Mandi Gobindgarh - PPCB",16-09-2026 14:00:00,30.649961,76.331442,OZONE,32,82,57
India,Punjab,Patiala,"Model Town, Patiala - PPCB",16-09-2026 14:00:00,30.349388,76.366642,SO2,18,32,24
India,Punjab,Rupnagar,"Ratanpura, Rupnagar - Ambuja Cements",16-09-2026 14:00:00,31.0325454,76.5623046,SO2,6,14,11
India,Rajasthan,Alwar,"Moti Doongri, Alwar - RSPCB",16-09-2026 14:00:00,27.554793,76.611536,NO2,34,74,48
India,Rajasthan,Alwar,"Moti Doongri, Alwar - RSPCB",16-09-2026 14:00:00,27.554793,76.611536,SO2,14,37,26
India,Rajasthan,Alwar,"Vigyan Nagar, Alwar - RSPCB",16-09-2026 14:00:00,27.598796,76.63861,PM2.5,22,58,38
India,Rajasthan,Alwar,"Vigyan Nagar, Alwar - RSPCB",16-09-2026 14:00:00,27.598796,76.63861,PM10,77,115,92
India,Rajasthan,Banswara,"Rati Talai, Banswara - RSPCB",16-09-2026 14:00:00,23.55519,74.44001,PM10,36,104,53
India,Rajasthan,Banswara,"Rati Talai, Banswara - RSPCB",16-09-2026 14:00:00,23.55519,74.44001,NO2,21,42,28
India,Rajasthan,Barmer,"Railway Colony, Barmer - RSPCB",16-09-2026 14:00:00,25.747299,71.393989,NH3,2,6,4
India,Rajasthan,Barmer,"Railway Colony, Barmer - RSPCB",16-09-2026 14:00:00,25.747299,71.393989,OZONE,15,57,34
India,Rajasthan,Bharatpur,"Krishna Nagar, Bharatpur - RSPCB",16-09-2026 14:00:00,27.215415,77.50873,PM2.5,13,23,19
India,Rajasthan,Bharatpur,"Krishna Nagar, Bharatpur - RSPCB",16-09-2026 14:00:00,27.215415,77.50873,PM10,14,34,26
India,Rajasthan,Bharatpur,"Krishna Nagar, Bharatpur - RSPCB",16-09-2026 14:00:00,27.215415,77.50873,CO,19,24,23
India,Rajasthan,Bhilwara,"Pratap Nagar, Bhilwara - RSPCB",16-09-2026 14:00:00,25.339605,74.618883,NO2,13,22,16
India,Rajasthan,Bhilwara,"Pratap Nagar, Bhilwara - RSPCB",16-09-2026 14:00:00,25.339605,74.618883,CO,1,16,7
India,Rajasthan,Bhiwadi,"Vasundhara Nagar_UIT, Bhiwadi - RSPCB",16-09-2026 14:00:00,28.207266,76.829265,CO,37,76,58
India,Rajasthan,Bhiwadi,"RIICO Ind. Area III, Bhiwadi - RSPCB",16-09-2026 14:00:00,28.194909,76.862296,PM10,54,129,94
India,Rajasthan,Bikaner,"MM Ground, Bikaner - RSPCB",16-09-2026 14:00:00,28.018792,73.292658,PM2.5,10,53,27
India,Rajasthan,Bundi,"New Colony, Bundi - RSPCB",16-09-2026 14:00:00,25.435774,75.644272,NH3,4,6,5
India,Rajasthan,Bundi,"New Colony, Bundi - RSPCB",16-09-2026 14:00:00,25.435774,75.644272,SO2,4,10,6
India,Rajasthan,Rajsamand,"Dhoinda, Rajsamand - RSPCB",16-09-2026 14:00:00,25.03636,73.883502,NO2,0,10,4
India,Rajasthan,Rajsamand,"Dhoinda, Rajsamand - RSPCB",16-09-2026 14:00:00,25.03636,73.883502,OZONE,9,45,25
India,Rajasthan,Sawai Madhopur,"Sahu Nagar, Sawai Madhopur - RSPCB",16-09-2026 14:00:00,26.031443,76.359327,OZONE,23,69,49
India,Rajasthan,Sikar,"Radhakishan Pura, Sikar - RSPCB",16-09-2026 14:00:00,27.608912,75.153302,NH3,14,19,17
India,Rajasthan,Sikar,"Radhakishan Pura, Sikar - RSPCB",16-09-2026 14:00:00,27.608912,75.153302,CO,18,24,21
India,Rajasthan,Sirohi,"Vedhaynath Colony, Sirohi - RSPCB",16-09-2026 14:00:00,24.885261,72.857549,NH3,2,4,3
India,Rajasthan,Tonk,"Shastri Nagar, Tonk - RSPCB",16-09-2026 14:00:00,26.159933,75.780517,PM2.5,13,48,33
India,Rajasthan,Tonk,"Shastri Nagar, Tonk - RSPCB",16-09-2026 14:00:00,26.159933,75.780517,PM10,43,145,81
India,Rajasthan,Jaipur,"Shastri Nagar, Jaipur - RSPCB",16-09-2026 14:00:00,26.9502929,75.730943,OZONE,15,57,35
India,Rajasthan,Jaipur,"Adarsh Nagar, Jaipur - RSPCB",16-09-2026 14:00:00,26.902909,75.836858,SO2,15,34,23
India,Rajasthan,Jaipur,"Adarsh Nagar, Jaipur - RSPCB",16-09-2026 14:00:00,26.902909,75.836858,CO,31,65,42
India,Rajasthan,Jaipur,"RIICO Sitapura, Jaipur - RSPCB",16-09-2026 14:00:00,26.786682,75.827928,PM10,20,108,55
India,Rajasthan,Jaipur,"RIICO Sitapura, Jaipur - RSPCB",16-09-2026 14:00:00,26.786682,75.827928,NO2,26,73,42
India,Rajasthan,Jaipur,"RIICO Sitapura, Jaipur - RSPCB",16-09-2026 14:00:00,26.786682,75.827928,SO2,5,6,5
India,Rajasthan,Jaisalmer,"Sadar Bazar, Jaisalmer - RSPCB",16-09-2026 14:00:00,26.912329,70.909168,OZONE,46,56,52
India,Rajasthan,Dausa,"Khatikan Mohalla, Dausa - RSPCB",16-09-2026 14:00:00,26.895552,76.334753,SO2,1,7,2
India,Rajasthan,Dungarpur,"Bhoiwada, Dungarpur - RSPCB",16-09-2026 14:00:00,23.837789,73.714926,NO2,6,12,9
India,Rajasthan,Dungarpur,"Bhoiwada, Dungarpur - RSPCB",16-09-2026 14:00:00,23.837789,73.714926,CO,16,19,17
India,Rajasthan,Hanumangarh,"Housing Board, Hanumangarh - RSPCB",16-09-2026 14:00:00,29.61075,74.283608,PM2.5,34,91,70
India,Rajasthan,Jaipur,"Shastri Nagar, Jaipur - RSPCB",16-09-2026 14:00:00,26.9502929,75.730943,PM10,38,88,56
India,Rajasthan,Kota,"Nayapura, Kota - RSPCB",16-09-2026 14:00:00,25.196024,75.855668,CO,11,17,14
India,Rajasthan,Kota,"Shrinath Puram, Kota - RSPCB",16-09-2026 14:00:00,25.14389,75.821256,PM10,24,63,41
India,Rajasthan,Kota,"Dhanmandi, Kota - RSPCB",16-09-2026 14:00:00,25.16409,75.858137,NO2,11,47,21
India,Rajasthan,Nagaur,"Karni Colony, Nagaur - RSPCB",16-09-2026 14:00:00,27.213494,73.734444,NO2,4,11,6
India,Telangana,Hyderabad,"Somajiguda, Hyderabad - TSPCB",16-09-2026 14:00:00,17.417094,78.457437,NO2,12,20,14
India,Telangana,Hyderabad,"Somajiguda, Hyderabad - TSPCB",16-09-2026 14:00:00,17.417094,78.457437,NH3,4,5,4
India,Telangana,Hyderabad,"Somajiguda, Hyderabad - TSPCB",16-09-2026 14:00:00,17.417094,78.457437,CO,10,27,17
India,Tripura,Agartala,"Bardowali, Agartala - Tripura SPCB",16-09-2026 14:00:00,23.8175497,91.2726974,NH3,NA,NA,NA
India,Tripura,Agartala,"Bardowali, Agartala - Tripura SPCB",16-09-2026 14:00:00,23.8175497,91.2726974,CO,24,32,28
India,Uttar Pradesh,Agra,"Sanjay Palace, Agra - UPPCB",16-09-2026 14:00:00,27.19865833,78.00598056,PM2.5,7,43,24
India,Uttar Pradesh,Agra,"Sanjay Palace, Agra - UPPCB",16-09-2026 14:00:00,27.19865833,78.00598056,SO2,16,20,17
India,Uttar Pradesh,Agra,"Rohta, Agra - UPPCB",16-09-2026 14:00:00,27.106972,78.000111,SO2,17,30,20
India,Uttar Pradesh,Agra,"Manoharpur, Agra - UPPCB",16-09-2026 14:00:00,27.23711,78.01936,NO2,31,44,32
India,Uttar Pradesh,Agra,"Shastripuram, Agra - UPPCB",16-09-2026 14:00:00,27.19862,77.92066,PM10,10,39,26
India,Uttar Pradesh,Agra,"Shastripuram, Agra - UPPCB",16-09-2026 14:00:00,27.19862,77.92066,NH3,3,3,3
India,Uttar Pradesh,Agra,"Sector-3B Avas Vikas Colony, Agra - UPPCB",16-09-2026 14:00:00,27.19412,77.96237,NO2,35,35,35
India,Uttar Pradesh,Agra,"Sector-3B Avas Vikas Colony, Agra - UPPCB",16-09-2026 14:00:00,27.19412,77.96237,SO2,26,27,26
India,Uttar Pradesh,Baghpat,"Sardar Patel Inter College, Baghpat - UPPCB",16-09-2026 14:00:00,28.964949,77.278761,CO,6,32,24
India,Uttar Pradesh,Prayagraj,"Motilal Nehru NIT, Prayagraj - UPPCB",16-09-2026 14:00:00,25.494,81.863,OZONE,8,22,14
India,Uttar Pradesh,Prayagraj,"Jhunsi, Prayagraj - UPPCB",16-09-2026 14:00:00,25.425602,81.917152,CO,11,18,14
India,Uttar Pradesh,Raebareli," Indira Nagar, Raebareli - NTPC Unchahar",16-09-2026 14:00:00,26.207781,81.245571,PM2.5,28,45,37
India,Uttar Pradesh,Raebareli," Indira Nagar, Raebareli - NTPC Unchahar",16-09-2026 14:00:00,26.207781,81.245571,NH3,8,15,11
India,Uttar Pradesh,Raebareli," Indira Nagar, Raebareli - NTPC Unchahar",16-09-2026 14:00:00,26.207781,81.245571,CO,52,56,54
India,Uttar Pradesh,Raebareli,"Anand Nagar, Raebareli - UPPCB",16-09-2026 14:00:00,26.219512,81.237648,CO,49,83,66
India,Uttar Pradesh,Varanasi,"Maldahiya, Varanasi - UPPCB",16-09-2026 14:00:00,25.32393,82.99687,NO2,2,4,3
India,Uttar Pradesh,Varanasi,"Maldahiya, Varanasi - UPPCB",16-09-2026 14:00:00,25.32393,82.99687,OZONE,5,7,6
India,Uttar Pradesh,Varanasi,"Ardhali Bazar, Varanasi - UPPCB",16-09-2026 14:00:00,25.3505986,82.9083074,NH3,NA,NA,NA
India,Uttar Pradesh,Varanasi,"Bhelupur, Varanasi - UPPCB",16-09-2026 14:00:00,25.301778,82.996789,PM2.5,25,376,96
India,Uttar Pradesh,Varanasi,"Bhelupur, Varanasi - UPPCB",16-09-2026 14:00:00,25.301778,82.996789,PM10,29,389,104
India,Uttar Pradesh,Varanasi,"Bhelupur, Varanasi - UPPCB",16-09-2026 14:00:00,25.301778,82.996789,NH3,1,1,1
India,Uttar Pradesh,Varanasi,"Bhelupur, Varanasi - UPPCB",16-09-2026 14:00:00,25.301778,82.996789,SO2,31,47,33
India,Uttar Pradesh,Varanasi,"Bhelupur, Varanasi - UPPCB",16-09-2026 14:00:00,25.301778,82.996789,CO,3,11,6
India,Uttar Pradesh,Varanasi,"Bhelupur, Varanasi - UPPCB",16-09-2026 14:00:00,25.301778,82.996789,OZONE,9,11,9
India,Uttar Pradesh,Moradabad,"Transport Nagar, Moradabad - UPPCB",16-09-2026 14:00:00,28.802625,78.753728,OZONE,2,4,3
India,Uttar Pradesh,Moradabad,"Employment Office, Moradabad - UPPCB",16-09-2026 14:00:00,28.88528,78.7388,SO2,35,39,36
India,Uttar Pradesh,Moradabad,"Buddhi Vihar, Moradabad - UPPCB",16-09-2026 14:00:00,28.83526,78.7446,CO,12,16,14
India,Uttar Pradesh,Moradabad,"Jigar Colony, Moradabad - UPPCB",16-09-2026 14:00:00,28.856664,78.772638,CO,39,40,40
India,Uttar Pradesh,Muzaffarnagar,"New Mandi, Muzaffarnagar - UPPCB",16-09-2026 14:00:00,29.4723508,77.7194031,PM10,55,195,104
India,Uttar Pradesh,Noida,"Sector - 125, Noida - UPPCB",16-09-2026 14:00:00,28.5447608,77.3231257,NH3,3,3,3
India,Uttar Pradesh,Noida,"Sector - 125, Noida - UPPCB",16-09-2026 14:00:00,28.5447608,77.3231257,SO2,7,12,9
India,Uttar Pradesh,Noida,"Sector - 125, Noida - UPPCB",16-09-2026 14:00:00,28.5447608,77.3231257,CO,17,33,22
India,Uttar Pradesh,Noida,"Sector-116, Noida - UPPCB",16-09-2026 14:00:00,28.56923,77.393848,CO,7,44,23
India,Uttar Pradesh,Noida,"Sector-116, Noida - UPPCB",16-09-2026 14:00:00,28.56923,77.393848,OZONE,9,298,99
India,Uttar Pradesh,Prayagraj,"Nagar Nigam, Prayagraj - UPPCB",16-09-2026 14:00:00,25.44919916,81.82735986,PM10,32,123,70
India,Uttar Pradesh,Prayagraj,"Nagar Nigam, Prayagraj - UPPCB",16-09-2026 14:00:00,25.44919916,81.82735986,OZONE,10,16,12
India,Uttar Pradesh,Prayagraj,"Motilal Nehru NIT, Prayagraj - UPPCB",16-09-2026 14:00:00,25.494,81.863,SO2,21,26,23
India,Telangana,Hyderabad,"ECIL Kapra, Hyderabad - TSPCB",16-09-2026 14:00:00,17.470431,78.566959,NO2,12,15,14
India,Telangana,Hyderabad,"ECIL Kapra, Hyderabad - TSPCB",16-09-2026 14:00:00,17.470431,78.566959,CO,19,26,22
India,Telangana,Hyderabad,"New Malakpet, Hyderabad - TSPCB",16-09-2026 14:00:00,17.37206,78.50864,NH3,2,7,3
India,Telangana,Hyderabad,"Central University, Hyderabad - TSPCB",16-09-2026 14:00:00,17.460103,78.334361,NO2,24,55,32
India,Telangana,Hyderabad,"Central University, Hyderabad - TSPCB",16-09-2026 14:00:00,17.460103,78.334361,NH3,0,1,1
India,Telangana,Hyderabad,"Central University, Hyderabad - TSPCB",16-09-2026 14:00:00,17.460103,78.334361,CO,14,21,18
India,Telangana,Hyderabad,"Nacharam_TSIIC IALA, Hyderabad - TSPCB",16-09-2026 14:00:00,17.429398,78.569354,NH3,3,5,4
India,Telangana,Hyderabad,"Nacharam_TSIIC IALA, Hyderabad - TSPCB",16-09-2026 14:00:00,17.429398,78.569354,SO2,9,19,12
India,Telangana,Hyderabad,"ICRISAT Patancheru, Hyderabad - TSPCB",16-09-2026 14:00:00,17.5184,78.278777,CO,18,53,38
India,Telangana,Hyderabad,"ICRISAT Patancheru, Hyderabad - TSPCB",16-09-2026 14:00:00,17.5184,78.278777,OZONE,21,63,46
India,Telangana,Hyderabad,"IDA Pashamylaram, Hyderabad - TSPCB",16-09-2026 14:00:00,17.5316895,78.218939,PM2.5,20,95,47
India,Telangana,Hyderabad,"IDA Pashamylaram, Hyderabad - TSPCB",16-09-2026 14:00:00,17.5316895,78.218939,PM10,20,91,45
India,Telangana,Hyderabad,"Sanathnagar, Hyderabad - TSPCB",16-09-2026 14:00:00,17.4559458,78.4332152,PM2.5,20,61,35
India,Telangana,Hyderabad,"Sanathnagar, Hyderabad - TSPCB",16-09-2026 14:00:00,17.4559458,78.4332152,NO2,28,34,31
India,Telangana,Hyderabad,"Sanathnagar, Hyderabad - TSPCB",16-09-2026 14:00:00,17.4559458,78.4332152,SO2,2,16,10
India,Uttar Pradesh,Bareilly,"Civil Lines, Bareilly - UPPCB",16-09-2026 14:00:00,28.359581,79.414455,PM2.5,29,44,36
India,Uttar Pradesh,Bareilly,"Civil Lines, Bareilly - UPPCB",16-09-2026 14:00:00,28.359581,79.414455,PM10,28,43,36
India,Uttar Pradesh,Bareilly,"Civil Lines, Bareilly - UPPCB",16-09-2026 14:00:00,28.359581,79.414455,OZONE,0,3,2
India,Uttar Pradesh,Bareilly,"Rajendra Nagar, Bareilly - UPPCB",16-09-2026 14:00:00,28.38910936,79.42963708,SO2,10,11,11
India,Uttar Pradesh,Fatehpur Sikri,"Dadupura, Fatehpur Sikri - UPPCB",16-09-2026 14:00:00,27.097694,77.671335,PM2.5,NA,NA,NA
India,Uttar Pradesh,Fatehpur Sikri,"Dadupura, Fatehpur Sikri - UPPCB",16-09-2026 14:00:00,27.097694,77.671335,NO2,7,8,7
India,Uttar Pradesh,Firozabad,"Vibhab Nagar, Firozabad - UPPCB",16-09-2026 14:00:00,27.1594,78.3953,NH3,6,7,7
India,Uttar Pradesh,Firozabad,"Vibhab Nagar, Firozabad - UPPCB",16-09-2026 14:00:00,27.1594,78.3953,OZONE,1,1,1
India,Uttar Pradesh,Gajraula,"Rajanpur, Gajraula - UPPCB",16-09-2026 14:00:00,28.829109,78.248796,SO2,9,12,10
India,Uttar Pradesh,Ghaziabad,"Indirapuram, Ghaziabad - UPPCB",16-09-2026 14:00:00,28.646233,77.358075,PM10,42,103,72
India,Uttar Pradesh,Ghaziabad,"Govindpuram, Ghaziabad - UPPCB",16-09-2026 14:00:00,28.694528,77.494705,NH3,0,3,1
India,Uttar Pradesh,Ghaziabad,"Ved Vihar-Loni, Ghaziabad - UPPCB",16-09-2026 14:00:00,28.739153,77.273668,PM2.5,39,285,107
India,Uttar Pradesh,Vrindavan,"Omex Eternity, Vrindavan - UPPCB",16-09-2026 14:00:00,27.571409,77.655757,NO2,27,27,27
India,Uttar Pradesh,Vrindavan,"Omex Eternity, Vrindavan - UPPCB",16-09-2026 14:00:00,27.571409,77.655757,SO2,8,20,10
India,Uttar Pradesh,Vrindavan," Chhatikara, Vrindavan - UPPCB",16-09-2026 14:00:00,27.57194,77.62346,PM10,38,85,55
India,Uttar Pradesh,Vrindavan," Chhatikara, Vrindavan - UPPCB",16-09-2026 14:00:00,27.57194,77.62346,CO,140,142,141
India,Uttarakhand,Kashipur,"Govt. Girls Inter College, Kashipur - UKPCB",16-09-2026 14:00:00,29.2124114,78.9611753,PM10,NA,NA,NA
India,West Bengal,Asansol,"Mahabir Colliery, Asansol - WBPCB",16-09-2026 14:00:00,23.618183,87.105718,PM2.5,15,76,53
India,West Bengal,Asansol,"Mahabir Colliery, Asansol - WBPCB",16-09-2026 14:00:00,23.618183,87.105718,PM10,13,69,55
India,West Bengal,Asansol,"Mahabir Colliery, Asansol - WBPCB",16-09-2026 14:00:00,23.618183,87.105718,OZONE,8,22,14
India,West Bengal,Asansol,"Asansol Court Area, Asansol - WBPCB",16-09-2026 14:00:00,23.685297,86.945968,PM2.5,NA,NA,NA
India,West Bengal,Asansol,"Asansol Court Area, Asansol - WBPCB",16-09-2026 14:00:00,23.685297,86.945968,PM10,NA,NA,NA
India,West Bengal,Asansol,"Asansol Court Area, Asansol - WBPCB",16-09-2026 14:00:00,23.685297,86.945968,NH3,NA,NA,NA
India,West Bengal,Asansol,"Asansol Court Area, Asansol - WBPCB",16-09-2026 14:00:00,23.685297,86.945968,CO,7,7,7
India,West Bengal,Asansol,"Evelyn Lodge, Asansol - WBPCB",16-09-2026 14:00:00,23.697936,86.944395,PM2.5,18,76,43
India,Uttar Pradesh,Meerut,"Pallavpuram Phase 2, Meerut - UPPCB",16-09-2026 14:00:00,29.06351,77.709723,SO2,8,70,29
India,Uttar Pradesh,Meerut,"Ganga Nagar, Meerut - UPPCB",16-09-2026 14:00:00,28.999264,77.7590354,PM2.5,40,97,63
India,Uttar Pradesh,Meerut,"Ganga Nagar, Meerut - UPPCB",16-09-2026 14:00:00,28.999264,77.7590354,CO,45,70,54
India,Uttar Pradesh,Meerut,"MIET College, Meerut - UPPCB",16-09-2026 14:00:00,28.972677,77.641018,PM10,80,121,104
India,Uttar Pradesh,Meerut,"MIET College, Meerut - UPPCB",16-09-2026 14:00:00,28.972677,77.641018,NO2,19,69,41
India,Uttar Pradesh,Meerut,"MIET College, Meerut - UPPCB",16-09-2026 14:00:00,28.972677,77.641018,CO,39,68,60
India,Uttar Pradesh,Meerut,"Jai Bhim Nagar, Meerut - UPPCB",16-09-2026 14:00:00,28.9535882,77.7622941,PM2.5,5,142,52
India,Uttar Pradesh,Meerut,"Jai Bhim Nagar, Meerut - UPPCB",16-09-2026 14:00:00,28.9535882,77.7622941,PM10,29,130,72
India,Uttar Pradesh,Moradabad,"Eco Herbal Park, Moradabad - UPPCB",16-09-2026 14:00:00,28.840739,78.697531,NH3,6,7,6
India,Uttar Pradesh,Moradabad,"Kashiram Nagar, Moradabad - UPPCB",16-09-2026 14:00:00,28.849399,78.742362,CO,34,43,38
India,Uttar Pradesh,Moradabad,"Transport Nagar, Moradabad - UPPCB",16-09-2026 14:00:00,28.802625,78.753728,PM2.5,49,313,89
India,Uttar Pradesh,Moradabad,"Transport Nagar, Moradabad - UPPCB",16-09-2026 14:00:00,28.802625,78.753728,NH3,5,6,5
India,Uttar Pradesh,Ghaziabad,"Ved Vihar-Loni, Ghaziabad - UPPCB",16-09-2026 14:00:00,28.739153,77.273668,OZONE,3,45,22
India,Uttar Pradesh,Ghaziabad,"Wave City, Ghaziabad - UPPCB",16-09-2026 14:00:00,28.646675,77.489049,OZONE,1,47,18
India,Uttar Pradesh,Ghaziabad,"Sanjay Nagar, Ghaziabad - UPPCB",16-09-2026 14:00:00,28.685382,77.453839,NH3,4,43,11
India,Uttar Pradesh,Ghaziabad,"Sanjay Nagar, Ghaziabad - UPPCB",16-09-2026 14:00:00,28.685382,77.453839,CO,33,60,44
India,Uttar Pradesh,Gorakhpur,"Madan Mohan Malaviya University of Technology, Gorakhpur - UPPCB",16-09-2026 14:00:00,26.730136,83.433859,PM10,NA,NA,NA
India,Uttar Pradesh,Greater Noida,"Knowledge Park - V, Greater Noida - UPPCB",16-09-2026 14:00:00,28.557054,77.453663,CO,9,14,11
India,Uttar Pradesh,Greater Noida,"Knowledge Park - V, Greater Noida - UPPCB",16-09-2026 14:00:00,28.557054,77.453663,OZONE,3,82,33
India,Uttar Pradesh,Hapur,"Anand Vihar, Hapur - UPPCB",16-09-2026 14:00:00,28.725645,77.749675,CO,2,54,35
India,Uttar Pradesh,Kanpur,"FTI Kidwai Nagar, Kanpur - UPPCB",16-09-2026 14:00:00,26.428282,80.327067,NO2,26,27,27
India,Uttar Pradesh,Kanpur,"FTI Kidwai Nagar, Kanpur - UPPCB",16-09-2026 14:00:00,26.428282,80.327067,NH3,3,3,3
India,Uttar Pradesh,Kanpur,"NSI Kalyanpur, Kanpur - UPPCB",16-09-2026 14:00:00,26.509954,80.249612,NO2,31,32,32
India,Uttar Pradesh,Kanpur,"NSI Kalyanpur, Kanpur - UPPCB",16-09-2026 14:00:00,26.509954,80.249612,NH3,2,2,2
India,Uttar Pradesh,Lucknow,"B R Ambedkar University, Lucknow - UPPCB",16-09-2026 14:00:00,26.766433,80.927299,NO2,11,12,12
India,Uttar Pradesh,Lucknow,"Kendriya Vidyalaya, Lucknow - CPCB",16-09-2026 14:00:00,26.906111,80.948222,NH3,11,21,16
India,Uttar Pradesh,Lucknow,"Kendriya Vidyalaya, Lucknow - CPCB",16-09-2026 14:00:00,26.906111,80.948222,CO,16,51,31
India,Uttar Pradesh,Lucknow,"Lalbagh, Lucknow - CPCB",16-09-2026 14:00:00,26.8458805,80.9365541,CO,19,48,30
India,Uttar Pradesh,Lucknow,"Kukrail Picnic Spot-1, Lucknow - UPPCB",16-09-2026 14:00:00,26.90723,80.98579,PM10,39,62,48
India,West Bengal,Asansol,"Evelyn Lodge, Asansol - WBPCB",16-09-2026 14:00:00,23.697936,86.944395,CO,15,32,23
India,West Bengal,Barrackpore,"SVSPA Campus, Barrackpore - WBPCB",16-09-2026 14:00:00,22.7605581,88.3617589,PM2.5,35,66,49
India,West Bengal,Durgapur,"PCBL Residential Complex, Durgapur - WBPCB",16-09-2026 14:00:00,23.508764,87.35444,PM10,30,109,64
India,West Bengal,Durgapur,"PCBL Residential Complex, Durgapur - WBPCB",16-09-2026 14:00:00,23.508764,87.35444,NH3,4,9,6
India,West Bengal,Durgapur,"Womens College_City Center, Durgapur - WBPCB",16-09-2026 14:00:00,23.549395,87.300496,PM2.5,31,80,52
India,West Bengal,Haldia,"Priyambada Housing Estate, Haldia - WBPCB",16-09-2026 14:00:00,22.06047,88.109737,NO2,9,31,15
India,West Bengal,Haldia,"Priyambada Housing Estate, Haldia - WBPCB",16-09-2026 14:00:00,22.06047,88.109737,OZONE,12,19,16
India,West Bengal,Howrah,"Ghusuri, Howrah - WBPCB",16-09-2026 14:00:00,22.611968,88.347422,PM10,38,136,75
India,West Bengal,Howrah,"Ghusuri, Howrah - WBPCB",16-09-2026 14:00:00,22.611968,88.347422,OZONE,18,24,20
India,West Bengal,Howrah,"Belur Math, Howrah - WBPCB",16-09-2026 14:00:00,22.629801,88.352017,SO2,7,59,10
India,West Bengal,Howrah,"Padmapukur, Howrah - WBPCB",16-09-2026 14:00:00,22.5687319,88.2797276,PM2.5,12,52,25
India,West Bengal,Howrah,"Padmapukur, Howrah - WBPCB",16-09-2026 14:00:00,22.5687319,88.2797276,CO,50,89,61
India,West Bengal,Kolkata,"Rabindra Bharati University, Kolkata - WBPCB",16-09-2026 14:00:00,22.627847,88.380669,NH3,6,34,12
India,West Bengal,Kolkata,"Fort William, Kolkata - WBPCB",16-09-2026 14:00:00,22.55664,88.342674,PM10,25,57,38
India,West Bengal,Kolkata,"Jadavpur, Kolkata - WBPCB",16-09-2026 14:00:00,22.49929,88.36917,NO2,17,125,44
India,West Bengal,Kolkata,"Jadavpur, Kolkata - WBPCB",16-09-2026 14:00:00,22.49929,88.36917,SO2,5,10,7
India,West Bengal,Kolkata,"Jadavpur, Kolkata - WBPCB",16-09-2026 14:00:00,22.49929,88.36917,OZONE,11,31,15
India,West Bengal,Kolkata,"Ballygunge, Kolkata - WBPCB",16-09-2026 14:00:00,22.5367507,88.3638022,CO,14,20,17
India,West Bengal,Kolkata,"Victoria, Kolkata - WBPCB",16-09-2026 14:00:00,22.5448082,88.3403691,NO2,17,38,34
India,West Bengal,Kolkata,"Rabindra Sarobar, Kolkata - WBPCB",16-09-2026 14:00:00,22.51106,88.35142,PM10,25,39,32
India,West Bengal,Kolkata,"Bidhannagar, Kolkata - WBPCB",16-09-2026 14:00:00,22.58157048,88.41002457,NH3,5,6,5
