country,state,city,station,last_update,latitude,longitude,pollutant_id,min_value,max_value,avg_value
India,Chandigarh,Chandigarh,"Sector-53, Chandigarh - CPCC",09-09-2026 14:00:00,30.719859,76.738637,PM2.5,NA,NA,NA
India,Chandigarh,Chandigarh,"Sector-53, Chandigarh - CPCC",09-09-2026 14:00:00,30.719859,76.738637,PM10,NA,NA,NA
India,Chandigarh,Chandigarh,"Sector-53, Chandigarh - CPCC",09-09-2026 14:00:00,30.719859,76.738637,NH3,NA,NA,NA
India,Chandigarh,Chandigarh,"Sector 22, Chandigarh - CPCC",09-09-2026 14:00:00,30.735567,76.775714,PM2.5,20,52,38
India,Chandigarh,Chandigarh,"Sector 22, Chandigarh - CPCC",09-09-2026 14:00:00,30.735567,76.775714,SO2,4,7,5
India,Chandigarh,Chandigarh,"Sector 22, Chandigarh - CPCC",09-09-2026 14:00:00,30.735567,76.775714,OZONE,9,26,17
India,Chandigarh,Chandigarh,"Sector-25, Chandigarh - CPCC",09-09-2026 14:00:00,30.751462,76.762879,NO2,4,45,10
India,Chandigarh,Chandigarh,"Sector-25, Chandigarh - CPCC",09-09-2026 14:00:00,30.751462,76.762879,CO,23,28,26
India,Chandigarh,Chandigarh,"Sector-25, Chandigarh - CPCC",09-09-2026 14:00:00,30.751462,76.762879,OZONE,6,35,20
India,Chhattisgarh,Bhilai,"Civic Center, Bhilai - Bhilai Steel Plant",09-09-2026 14:00:00,21.185571,81.343175,PM10,18,54,27
India,Chhattisgarh,Bhilai,"Civic Center, Bhilai - Bhilai Steel Plant",09-09-2026 14:00:00,21.185571,81.343175,SO2,8,12,10
India,Chhattisgarh,Bhilai,"Civic Center, Bhilai - Bhilai Steel Plant",09-09-2026 14:00:00,21.185571,81.343175,CO,20,21,20
India,Chhattisgarh,Bhilai,"Civic Center, Bhilai - Bhilai Steel Plant",09-09-2026 14:00:00,21.185571,81.343175,OZONE,11,12,12
India,Chhattisgarh,Bhilai,"Hathkhoj, Bhilai - CECB",09-09-2026 14:00:00,21.224231,81.40835,PM10,43,104,59
India,Chhattisgarh,Bhilai,"Hathkhoj, Bhilai - CECB",09-09-2026 14:00:00,21.224231,81.40835,NO2,8,58,31
India,Chhattisgarh,Bhilai,"Hathkhoj, Bhilai - CECB",09-09-2026 14:00:00,21.224231,81.40835,NH3,4,18,11
India,Chhattisgarh,Bhilai,"Hathkhoj, Bhilai - CECB",09-09-2026 14:00:00,21.224231,81.40835,OZONE,6,16,12
India,Chhattisgarh,Bilaspur,"Mangala, Bilaspur - NTPC",09-09-2026 14:00:00,22.08815,82.13737,CO,14,28,22
India,Chhattisgarh,Chhal,"Nawapara SECL Colony, Chhal - CECB",09-09-2026 14:00:00,22.118125,83.140608,NH3,2,2,2
India,Bihar,Patna,"Muradpur, Patna - BSPCB",09-09-2026 14:00:00,25.619651,85.147382,NH3,4,5,5
India,Bihar,Patna,"Muradpur, Patna - BSPCB",09-09-2026 14:00:00,25.619651,85.147382,CO,47,55,51
India,Bihar,Patna,"DRM Office Danapur, Patna - BSPCB",09-09-2026 14:00:00,25.586562,85.043586,PM2.5,23,51,37
India,Bihar,Patna,"DRM Office Danapur, Patna - BSPCB",09-09-2026 14:00:00,25.586562,85.043586,CO,28,43,35
India,Bihar,Patna,"DRM Office Danapur, Patna - BSPCB",09-09-2026 14:00:00,25.586562,85.043586,OZONE,16,52,32
India,Bihar,Patna,"IGSC Planetarium Complex, Patna - BSPCB",09-09-2026 14:00:00,25.610369,85.132568,NH3,NA,NA,NA
India,Bihar,Purnia,"Mariam Nagar, Purnia - BSPCB",09-09-2026 14:00:00,25.366336,87.117468,PM2.5,55,55,55
India,Bihar,Purnia,"Mariam Nagar, Purnia - BSPCB",09-09-2026 14:00:00,25.366336,87.117468,NH3,4,4,4
India,Bihar,Purnia,"Mariam Nagar, Purnia - BSPCB",09-09-2026 14:00:00,25.366336,87.117468,OZONE,19,54,30
India,Bihar,Rajgir,"Dangi Tola, Rajgir - BSPCB",09-09-2026 14:00:00,25.0328,85.41948,PM2.5,22,70,29
India,Bihar,Saharsa,"Police Line, Saharsa - BSPCB",09-09-2026 14:00:00,25.892357,86.590325,PM10,28,143,60
India,Bihar,Saharsa,"Police Line, Saharsa - BSPCB",09-09-2026 14:00:00,25.892357,86.590325,NH3,4,4,4
India,Bihar,Sasaram,"Dada Peer, Sasaram - BSPCB",09-09-2026 14:00:00,24.952822,84.002396,SO2,4,6,5
India,Andhra Pradesh,Tirupati,"Vaikuntapuram, Tirupati - APPCB",09-09-2026 14:00:00,13.615387,79.40923,NH3,5,6,5
India,Andhra Pradesh,Vijayawada,"Rajiv Gandhi Park, Vijayawada - APPCB",09-09-2026 14:00:00,16.509717,80.612222,PM2.5,51,73,63
India,Andhra Pradesh,Vijayawada,"HB Colony, Vijayawada - APPCB",09-09-2026 14:00:00,16.536107,80.594233,PM2.5,54,75,59
India,Andhra Pradesh,Vijayawada,"HB Colony, Vijayawada - APPCB",09-09-2026 14:00:00,16.536107,80.594233,NH3,4,6,5
India,Andhra Pradesh,Vijayawada,"HB Colony, Vijayawada - APPCB",09-09-2026 14:00:00,16.536107,80.594233,CO,31,37,33
India,Andhra Pradesh,Vijayawada,"Rajiv Nagar, Vijayawada - APPCB",09-09-2026 14:00:00,16.554731,80.64911,PM10,56,78,61
India,Andhra Pradesh,Vijayawada,"Rajiv Nagar, Vijayawada - APPCB",09-09-2026 14:00:00,16.554731,80.64911,NO2,15,25,19
India,Andhra Pradesh,Vijayawada,"Rajiv Nagar, Vijayawada - APPCB",09-09-2026 14:00:00,16.554731,80.64911,SO2,9,17,14
India,Andhra Pradesh,Visakhapatnam,"GVM Corporation, Visakhapatnam - APPCB",09-09-2026 14:00:00,17.72,83.3,OZONE,1,107,48
India,Arunachal Pradesh,Naharlagun,"Naharlagun, Naharlagun - APSPCB",09-09-2026 14:00:00,27.103358,93.679645,OZONE,7,7,7
India,Delhi,Delhi,"Okhla Phase-2, Delhi - DPCC",09-09-2026 14:00:00,28.530785,77.271255,NO2,15,54,31
India,Delhi,Delhi,"Okhla Phase-2, Delhi - DPCC",09-09-2026 14:00:00,28.530785,77.271255,CO,28,32,30
India,Delhi,Delhi,"Sirifort, Delhi - CPCB",09-09-2026 14:00:00,28.5504249,77.2159377,NH3,5,10,8
India,Delhi,Delhi,"Pusa, Delhi - DPCC",09-09-2026 14:00:00,28.639652,77.146275,PM2.5,20,133,56
India,Delhi,Delhi,"Mandir Marg, Delhi - DPCC",09-09-2026 14:00:00,28.636429,77.201067,PM2.5,5,70,33
India,Delhi,Delhi,"Shadipur, Delhi - CPCB",09-09-2026 14:00:00,28.6514781,77.1473105,PM10,77,162,111
India,Delhi,Delhi,"Shadipur, Delhi - CPCB",09-09-2026 14:00:00,28.6514781,77.1473105,OZONE,9,11,10
India,Delhi,Delhi,"ITO, Delhi - CPCB",09-09-2026 14:00:00,28.628624,77.24106,PM2.5,28,85,46
India,Delhi,Delhi,"ITO, Delhi - CPCB",09-09-2026 14:00:00,28.628624,77.24106,NH3,3,8,5
India,Delhi,Delhi,"ITO, Delhi - CPCB",09-09-2026 14:00:00,28.628624,77.24106,SO2,11,39,22
India,Delhi,Delhi,"R K Puram, Delhi - DPCC",09-09-2026 14:00:00,28.563262,77.186937,PM2.5,NA,NA,NA
India,Delhi,Delhi,"R K Puram, Delhi - DPCC",09-09-2026 14:00:00,28.563262,77.186937,NH3,NA,NA,NA
India,Bihar,Arrah,"New DM Office, Arrah - BSPCB",09-09-2026 14:00:00,25.5626095,84.663264,PM2.5,NA,NA,NA
India,Bihar,Begusarai,"Lohiyanagar, Begusarai - BSPCB",09-09-2026 14:00:00,25.42742023,86.13886079,NO2,7,11,9
India,Bihar,Bettiah,"Kamalnath Nagar, Bettiah - BSPCB",09-09-2026 14:00:00,26.80365,84.51954,SO2,19,24,21
India,Bihar,Bihar Sharif,"D M Colony, Bihar Sharif - BSPCB",09-09-2026 14:00:00,25.204762,85.51496,CO,12,12,12
India,Bihar,Buxar,"Charitra Van, Buxar - BSPCB",09-09-2026 14:00:00,25.56752,83.966379,PM10,NA,NA,NA
India,Bihar,Buxar,"Charitra Van, Buxar - BSPCB",09-09-2026 14:00:00,25.56752,83.966379,NO2,1,10,7
India,Bihar,Gaya,"SFTI Kusdihra, Gaya - BSPCB",09-09-2026 14:00:00,24.762518,84.982348,PM10,24,51,35
India,Bihar,Gaya,"Collectorate, Gaya - BSPCB",09-09-2026 14:00:00,24.7955,84.9994,CO,11,12,11
India,Bihar,Gaya,"Collectorate, Gaya - BSPCB",09-09-2026 14:00:00,24.7955,84.9994,OZONE,27,30,28
India,Assam,Guwahati,"Railway Colony, Guwahati - PCBA",09-09-2026 14:00:00,26.181742,91.78063,PM10,19,91,52
India,Assam,Guwahati,"Railway Colony, Guwahati - PCBA",09-09-2026 14:00:00,26.181742,91.78063,NO2,3,4,3
India,Assam,Guwahati,"Railway Colony, Guwahati - PCBA",09-09-2026 14:00:00,26.181742,91.78063,SO2,8,22,15
India,Assam,Guwahati,"Railway Colony, Guwahati - PCBA",09-09-2026 14:00:00,26.181742,91.78063,CO,11,13,12
India,Assam,Guwahati,"Railway Colony, Guwahati - PCBA",09-09-2026 14:00:00,26.181742,91.78063,OZONE,9,24,13
India,Assam,Guwahati,"IITG, Guwahati - PCBA",09-09-2026 14:00:00,26.2028636,91.70046436,PM2.5,6,34,23
India,Assam,Guwahati,"IITG, Guwahati - PCBA",09-09-2026 14:00:00,26.2028636,91.70046436,OZONE,4,25,15
India,Assam,Guwahati,"Pan Bazaar, Guwahati - PCBA",09-09-2026 14:00:00,26.1875,91.744194,PM2.5,NA,NA,NA
India,Assam,Guwahati,"Pan Bazaar, Guwahati - PCBA",09-09-2026 14:00:00,26.1875,91.744194,CO,10,13,11
India,Assam,Nagaon,"Christianpatty, Nagaon - PCBA",09-09-2026 14:00:00,26.349082,92.68449,NO2,1,1,1
India,Assam,Sivasagar,"Girls College, Sivasagar - PCBA",09-09-2026 14:00:00,26.987634,94.636574,SO2,6,9,8
India,Chhattisgarh,Korba,"Rampur, Korba - CECB",09-09-2026 14:00:00,22.368195,82.746431,NH3,1,1,1
India,Chhattisgarh,Korba,"Rampur, Korba - CECB",09-09-2026 14:00:00,22.368195,82.746431,CO,6,16,10
India,Chhattisgarh,Kunjemura,"OP Jindal School, Kunjemura - CECB",09-09-2026 14:00:00,22.12665,83.483212,NO2,5,25,12
India,Chhattisgarh,Raipur,"AIIMS, Raipur - CECB",09-09-2026 14:00:00,21.258815,81.578979,NH3,2,2,2
India,Chhattisgarh,Raipur,"AIIMS, Raipur - CECB",09-09-2026 14:00:00,21.258815,81.578979,CO,16,21,19
India,Chhattisgarh,Raipur,"Krishak Nagar, Raipur - CECB",09-09-2026 14:00:00,21.237755,81.705301,PM2.5,22,41,32
India,Chhattisgarh,Raipur,"Krishak Nagar, Raipur - CECB",09-09-2026 14:00:00,21.237755,81.705301,NO2,6,18,10
India,Chhattisgarh,Raipur,"Krishak Nagar, Raipur - CECB",09-09-2026 14:00:00,21.237755,81.705301,OZONE,2,10,5
India,Chhattisgarh,Raipur,"Bhatagaon New ISBT, Raipur - CECB",09-09-2026 14:00:00,21.219665,81.630094,PM2.5,13,38,25
India,Chhattisgarh,Raipur,"Bhatagaon New ISBT, Raipur - CECB",09-09-2026 14:00:00,21.219665,81.630094,CO,14,21,19
India,Andhra Pradesh,Amaravati,"Secretariat, Amaravati - APPCB",09-09-2026 14:00:00,16.5150833,80.5181667,SO2,1,21,8
India,Andhra Pradesh,Amaravati,"Secretariat, Amaravati - APPCB",09-09-2026 14:00:00,16.5150833,80.5181667,CO,14,24,20
India,Andhra Pradesh,Anantapur,"Gulzarpet, Anantapur - APPCB",09-09-2026 14:00:00,14.675886,77.593027,PM2.5,45,74,59
India,Andhra Pradesh,Anantapur,"Gulzarpet, Anantapur - APPCB",09-09-2026 14:00:00,14.675886,77.593027,CO,21,32,26
India,Andhra Pradesh,Anantapur,"Gulzarpet, Anantapur - APPCB",09-09-2026 14:00:00,14.675886,77.593027,OZONE,13,47,26
India,Andhra Pradesh,Chittoor,"Gangineni Cheruvu, Chittoor - APPCB",09-09-2026 14:00:00,13.20488,79.097889,PM10,NA,NA,NA
India,Andhra Pradesh,Eluru,"District Court, Eluru - APPCB",09-09-2026 14:00:00,16.711754,81.092095,NH3,3,6,4
India,Andhra Pradesh,Guntur,"Rajendra Nagar North, Guntur - APPCB",09-09-2026 14:00:00,16.316553,80.413302,PM10,51,82,62
India,Bihar,Katihar,"Mirchaibari, Katihar - BSPCB",09-09-2026 14:00:00,25.560083,87.553265,NH3,1,1,1
India,Bihar,Motihari,"Gandak Colony, Motihari - BSPCB",09-09-2026 14:00:00,26.63086,84.90051,NO2,NA,NA,NA
India,Bihar,Motihari,"Gandak Colony, Motihari - BSPCB",09-09-2026 14:00:00,26.63086,84.90051,NH3,NA,NA,NA
India,Bihar,Munger,"Town Hall, Munger - BSPCB",09-09-2026 14:00:00,25.376776,86.471523,CO,34,40,36
India,Bihar,Muzaffarpur,"Buddha Colony, Muzaffarpur - BSPCB",09-09-2026 14:00:00,26.11442,85.39813,PM2.5,19,52,38
India,Bihar,Muzaffarpur,"Buddha Colony, Muzaffarpur - BSPCB",09-09-2026 14:00:00,26.11442,85.39813,PM10,28,70,49
India,Bihar,Patna,"Rajbansi Nagar, Patna - BSPCB",09-09-2026 14:00:00,25.599486,85.113666,PM10,19,51,36
India,Andhra Pradesh,Kakinada,"Rama Rao Peta, Kakinada - APPCB",09-09-2026 14:00:00,16.962488,82.229513,PM2.5,0,74,23
India,Andhra Pradesh,Kakinada,"Rama Rao Peta, Kakinada - APPCB",09-09-2026 14:00:00,16.962488,82.229513,OZONE,8,71,45
India,Andhra Pradesh,Kurnool,"Sita Rama Nagar, Kurnool - APPCB",09-09-2026 14:00:00,15.83411,78.028546,OZONE,12,39,24
India,Andhra Pradesh,Machilipatnam,"Srinivas Nagar Colony, Machilipatnam - APPCB",09-09-2026 14:00:00,16.186555,81.13219,PM2.5,38,51,41
India,Andhra Pradesh,Nellore,"Ambedkar Nagar, Nellore - APPCB ",09-09-2026 14:00:00,14.438164,79.966814,NH3,6,8,6
India,Delhi,Delhi,"DTU, Delhi - CPCB",09-09-2026 14:00:00,28.7500499,77.1112615,OZONE,10,21,15
India,Delhi,Delhi,"Anand Vihar, Delhi - DPCC",09-09-2026 14:00:00,28.647622,77.315809,OZONE,10,24,17
India,Delhi,Delhi,"Talkatora Garden, Delhi - DPCC",09-09-2026 14:00:00,28.62181,77.1944633,PM10,67,120,98
India,Delhi,Delhi,"Talkatora Garden, Delhi - DPCC",09-09-2026 14:00:00,28.62181,77.1944633,CO,45,53,50
India,Delhi,Delhi,"Alipur, Delhi - DPCC",09-09-2026 14:00:00,28.815329,77.15301,NH3,3,7,4
India,Delhi,Delhi,"Ashok Vihar, Delhi - DPCC",09-09-2026 14:00:00,28.695381,77.181665,PM2.5,18,133,64
India,Delhi,Delhi,"Ashok Vihar, Delhi - DPCC",09-09-2026 14:00:00,28.695381,77.181665,CO,34,38,37
India,Delhi,Delhi,"Mundka, Delhi - DPCC",09-09-2026 14:00:00,28.684678,77.076574,PM2.5,22,103,49
India,Delhi,Delhi,"Mundka, Delhi - DPCC",09-09-2026 14:00:00,28.684678,77.076574,PM10,107,299,157
India,Delhi,Delhi,"Mundka, Delhi - DPCC",09-09-2026 14:00:00,28.684678,77.076574,OZONE,NA,NA,NA
India,Delhi,Delhi,"Wazirpur, Delhi - DPCC",09-09-2026 14:00:00,28.699793,77.165453,PM2.5,38,113,71
India,Delhi,Delhi,"Wazirpur, Delhi - DPCC",09-09-2026 14:00:00,28.699793,77.165453,PM10,130,369,208
India,Delhi,Delhi,"Wazirpur, Delhi - DPCC",09-09-2026 14:00:00,28.699793,77.165453,CO,42,47,45
India,Delhi,Delhi,"Najafgarh, Delhi - DPCC",09-09-2026 14:00:00,28.570173,76.933762,PM2.5,3,78,29
India,Delhi,Delhi,"Najafgarh, Delhi - DPCC",09-09-2026 14:00:00,28.570173,76.933762,PM10,42,134,96
India,Delhi,Delhi,"JNU, Delhi - DPCC",09-09-2026 14:00:00,28.540721,77.168544,NH3,0,11,2
India,Delhi,Delhi,"R K Puram, Delhi - DPCC",09-09-2026 14:00:00,28.563262,77.186937,OZONE,3,51,22
India,Delhi,Delhi,"NSUT Jaffarpur, Delhi - DPCC",09-09-2026 14:00:00,28.594004,76.909423,PM10,71,147,106
India,Delhi,Delhi,"North Campus, DU, Delhi - IITM",09-09-2026 14:00:00,28.6573814,77.1585447,OZONE,30,86,57
India,Delhi,Delhi,"IIT Delhi, Delhi - IITM",09-09-2026 14:00:00,28.54246,77.191651,PM2.5,35,87,57
India,Delhi,Delhi,"IIT Delhi, Delhi - IITM",09-09-2026 14:00:00,28.54246,77.191651,PM10,114,237,165
India,Delhi,Delhi,"IIT Delhi, Delhi - IITM",09-09-2026 14:00:00,28.54246,77.191651,NO2,7,41,21
India,Delhi,Delhi,"Commonwealth Sports Complex, Delhi - DPCC",09-09-2026 14:00:00,28.615828,77.271992,CO,45,51,47
India,Delhi,Delhi,"Dr. Karni Singh Shooting Range, Delhi - DPCC",09-09-2026 14:00:00,28.498571,77.26484,NO2,7,61,24
India,Delhi,Delhi,"Dr. Karni Singh Shooting Range, Delhi - DPCC",09-09-2026 14:00:00,28.498571,77.26484,CO,18,22,20
India,Delhi,Delhi,"Dr. Karni Singh Shooting Range, Delhi - DPCC",09-09-2026 14:00:00,28.498571,77.26484,OZONE,10,29,19
India,Delhi,Delhi,"Dwarka-Sector 8, Delhi - DPCC ",09-09-2026 14:00:00,28.5710274,77.0719006,NO2,18,62,33
India,Delhi,Delhi,"Dwarka-Sector 8, Delhi - DPCC ",09-09-2026 14:00:00,28.5710274,77.0719006,CO,8,13,11
India,Delhi,Delhi,"DTU, Delhi - CPCB",09-09-2026 14:00:00,28.7500499,77.1112615,NH3,3,11,8
India,Delhi,Delhi,"IHBAS, Dilshad Garden, Delhi - CPCB",09-09-2026 14:00:00,28.6811736,77.3025234,SO2,9,23,17
India,Delhi,Delhi,"IHBAS, Dilshad Garden, Delhi - CPCB",09-09-2026 14:00:00,28.6811736,77.3025234,CO,122,123,122
India,Delhi,Delhi,"IHBAS, Dilshad Garden, Delhi - CPCB",09-09-2026 14:00:00,28.6811736,77.3025234,OZONE,8,26,15
India,Delhi,Delhi,"Jahangirpuri, Delhi - DPCC",09-09-2026 14:00:00,28.73282,77.170633,PM2.5,12,95,41
India,Delhi,Delhi,"Jahangirpuri, Delhi - DPCC",09-09-2026 14:00:00,28.73282,77.170633,NH3,10,12,10
India,Delhi,Delhi,"Vivek Vihar, Delhi - DPCC",09-09-2026 14:00:00,28.672342,77.31526,NO2,24,61,39
India,Delhi,Delhi,"Vivek Vihar, Delhi - DPCC",09-09-2026 14:00:00,28.672342,77.31526,SO2,4,10,7
India,Delhi,Delhi,"Vivek Vihar, Delhi - DPCC",09-09-2026 14:00:00,28.672342,77.31526,CO,48,55,52
India,Delhi,Delhi,"Vivek Vihar, Delhi - DPCC",09-09-2026 14:00:00,28.672342,77.31526,OZONE,8,17,14
India,Delhi,Delhi,"Rohini, Delhi - DPCC",09-09-2026 14:00:00,28.732528,77.11992,NO2,0,11,4
India,Delhi,Delhi,"Bawana, Delhi - DPCC",09-09-2026 14:00:00,28.7762,77.051074,PM2.5,98,324,229
India,Delhi,Delhi,"Aya Nagar, Delhi - IITM",09-09-2026 14:00:00,28.4706914,77.1099364,PM2.5,19,93,55
India,Delhi,Delhi,"Aya Nagar, Delhi - IITM",09-09-2026 14:00:00,28.4706914,77.1099364,PM10,36,124,93
India,Delhi,Delhi,"Aya Nagar, Delhi - IITM",09-09-2026 14:00:00,28.4706914,77.1099364,SO2,NA,NA,NA
India,Delhi,Delhi,"Sonia Vihar, Delhi - DPCC",09-09-2026 14:00:00,28.710508,77.249485,PM10,107,199,138
India,Gujarat,Mehsana,"Sadanand Nagar, Mehsana - Nexteng Enviro",09-09-2026 14:00:00,23.59315,72.372792,NO2,3,5,4
India,Gujarat,Mehsana,"Sadanand Nagar, Mehsana - Nexteng Enviro",09-09-2026 14:00:00,23.59315,72.372792,OZONE,9,10,10
India,Gujarat,Nandesari,"GIDC, Nandesari - Nandesari Ind. Association",09-09-2026 14:00:00,22.410802,73.097923,NH3,NA,NA,NA
India,Gujarat,Nandesari,"GIDC, Nandesari - Nandesari Ind. Association",09-09-2026 14:00:00,22.410802,73.097923,CO,16,70,37
India,Gujarat,Rajkot,"Mavdi, Rajkot - Nexteng Enviro ",09-09-2026 14:00:00,22.248853,70.776774,NH3,0,1,1
India,Gujarat,Rajkot,"Mavdi, Rajkot - Nexteng Enviro ",09-09-2026 14:00:00,22.248853,70.776774,SO2,9,14,12
India,Gujarat,Surat,"Science Center, Surat - SMC",09-09-2026 14:00:00,21.170046,72.795405,PM2.5,NA,NA,NA
India,Gujarat,Vadodara,"Bapunagar, Vadodara - Nexteng Enviro",09-09-2026 14:00:00,22.320153,73.216285,PM2.5,23,88,44
India,Gujarat,Vadodara,"Bapunagar, Vadodara - Nexteng Enviro",09-09-2026 14:00:00,22.320153,73.216285,PM10,36,111,64
India,Gujarat,Vadodara,"Bapunagar, Vadodara - Nexteng Enviro",09-09-2026 14:00:00,22.320153,73.216285,SO2,8,9,8
India,Gujarat,Vatva,"Phase-4 GIDC, Vatva - GPCB",09-09-2026 14:00:00,22.969611,72.6435,NO2,18,19,19
India,Haryana,Bahadurgarh,"Arya Nagar, Bahadurgarh - HSPCB",09-09-2026 14:00:00,28.6701,76.9254,NO2,25,31,27
India,Delhi,Delhi,"Major Dhyan Chand National Stadium, Delhi - DPCC",09-09-2026 14:00:00,28.611281,77.237738,OZONE,4,21,13
India,Delhi,Delhi,"IGNOU_Maidan Garhi, Delhi - DPCC",09-09-2026 14:00:00,28.493624,77.201159,SO2,6,7,6
India,Delhi,Delhi,"IGI Airport (T3), Delhi - IITM",09-09-2026 14:00:00,28.5627763,77.1180053,NO2,54,173,96
India,Delhi,Delhi,"IGI Airport (T3), Delhi - IITM",09-09-2026 14:00:00,28.5627763,77.1180053,CO,14,30,23
India,Delhi,Delhi,"Pusa, Delhi - IITM",09-09-2026 14:00:00,28.63611,77.173332,OZONE,29,122,78
India,Delhi,Delhi,"Chandni Chowk, Delhi - IITM",09-09-2026 14:00:00,28.656756,77.227234,NO2,13,32,20
India,Delhi,Delhi,"Chandni Chowk, Delhi - IITM",09-09-2026 14:00:00,28.656756,77.227234,CO,49,55,51
India,Gujarat,Ahmedabad,"Chandkheda, Ahmedabad - IITM",09-09-2026 14:00:00,23.107969,72.574648,PM10,56,111,79
India,Gujarat,Ahmedabad,"Raikhad, Ahmedabad - IITM",09-09-2026 14:00:00,23.020509,72.579261,CO,19,31,27
India,Gujarat,Ahmedabad,"SAC ISRO Bopal, Ahmedabad - IITM",09-09-2026 14:00:00,23.041137,72.456691,PM10,35,73,49
India,Gujarat,Ahmedabad,"SAC ISRO Bopal, Ahmedabad - IITM",09-09-2026 14:00:00,23.041137,72.456691,NO2,NA,NA,NA
India,Gujarat,Ahmedabad,"Gyaspur, Ahmedabad - IITM",09-09-2026 14:00:00,22.977134,72.553024,NH3,4,9,5
India,Gujarat,Ahmedabad,"Gyaspur, Ahmedabad - IITM",09-09-2026 14:00:00,22.977134,72.553024,SO2,11,58,24
India,Gujarat,Ahmedabad,"Gyaspur, Ahmedabad - IITM",09-09-2026 14:00:00,22.977134,72.553024,CO,52,67,61
India,Gujarat,Ahmedabad,"Rakhial, Ahmedabad - IITM",09-09-2026 14:00:00,23.016834,72.625775,PM2.5,30,61,42
India,Gujarat,Ahmedabad,"Rakhial, Ahmedabad - IITM",09-09-2026 14:00:00,23.016834,72.625775,OZONE,5,6,5
India,Gujarat,Ankleshwar,"GIDC, Ankleshwar - GPCB",09-09-2026 14:00:00,21.613267,73.010555,NH3,5,7,7
India,Gujarat,Ankleshwar,"GIDC, Ankleshwar - GPCB",09-09-2026 14:00:00,21.613267,73.010555,SO2,18,24,23
India,Gujarat,Ankleshwar,"GIDC, Ankleshwar - GPCB",09-09-2026 14:00:00,21.613267,73.010555,CO,33,41,37
India,Gujarat,Bhavnagar,"Vidhyanagar, Bhavnagar - Nexteng Enviro",09-09-2026 14:00:00,21.755417,72.139056,NH3,5,6,5
India,Gujarat,Bhavnagar,"Vidhyanagar, Bhavnagar - Nexteng Enviro",09-09-2026 14:00:00,21.755417,72.139056,OZONE,12,25,17
India,Gujarat,Gandhinagar,"IIPHG Lekawada, Gandhinagar - IITM",09-09-2026 14:00:00,23.243639,72.68994,SO2,1,3,3
India,Gujarat,Gandhinagar,"IIPHG Lekawada, Gandhinagar - IITM",09-09-2026 14:00:00,23.243639,72.68994,CO,17,25,21
India,Gujarat,Gandhinagar,"GIFT City, Gandhinagar - IITM",09-09-2026 14:00:00,23.163798,72.677768,NO2,15,54,27
India,Haryana,Ballabgarh,"Nathu Colony, Ballabgarh - HSPCB",09-09-2026 14:00:00,28.3419248,77.319699,SO2,1,4,2
India,Haryana,Bhiwani,"H.B. Colony, Bhiwani - HSPCB",09-09-2026 14:00:00,28.806223,76.141105,NH3,11,12,11
India,Haryana,Charkhi Dadri,"Mini Secretariat, Charkhi Dadri - HSPCB",09-09-2026 14:00:00,28.593883,76.270653,SO2,7,9,8
India,Haryana,Charkhi Dadri,"Mini Secretariat, Charkhi Dadri - HSPCB",09-09-2026 14:00:00,28.593883,76.270653,OZONE,11,39,29
India,Haryana,Faridabad,"Sector 30, Faridabad - HSPCB",09-09-2026 14:00:00,28.4417,77.3217,PM2.5,45,152,86
India,Haryana,Faridabad,"Sector 30, Faridabad - HSPCB",09-09-2026 14:00:00,28.4417,77.3217,NH3,6,7,7
India,Haryana,Faridabad,"Sector 30, Faridabad - HSPCB",09-09-2026 14:00:00,28.4417,77.3217,SO2,2,3,2
India,Haryana,Faridabad,"Sector 30, Faridabad - HSPCB",09-09-2026 14:00:00,28.4417,77.3217,CO,24,32,27
India,Haryana,Faridabad,"New Industrial Town, Faridabad - HSPCB",09-09-2026 14:00:00,28.39072,77.30059,PM10,100,173,148
India,Haryana,Fatehabad,"Huda Sector, Fatehabad - HSPCB",09-09-2026 14:00:00,29.503664,75.467934,PM10,103,124,115
India,Haryana,Gurugram,"NISE Gwal Pahari, Gurugram - IITM",09-09-2026 14:00:00,28.422681,77.148944,PM10,83,153,123
India,Haryana,Gurugram,"NISE Gwal Pahari, Gurugram - IITM",09-09-2026 14:00:00,28.422681,77.148944,NO2,13,34,23
India,Haryana,Gurugram,"Sector-51, Gurugram - HSPCB",09-09-2026 14:00:00,28.4227,77.0667,SO2,6,9,8
India,Haryana,Gurugram,"Vikas Sadan, Gurugram - HSPCB",09-09-2026 14:00:00,28.4501238,77.0263051,SO2,2,26,16
India,Delhi,Delhi,"IMD Lodhi Road, Delhi - IITM",09-09-2026 14:00:00,28.5918245,77.2273074,OZONE,15,81,49
India,Delhi,Delhi,"Burari Crossing, Delhi - IITM",09-09-2026 14:00:00,28.7256504,77.2011573,NO2,1,204,61
India,Delhi,Delhi,"Burari Crossing, Delhi - IITM",09-09-2026 14:00:00,28.7256504,77.2011573,NH3,NA,NA,NA
India,Delhi,Delhi,"Burari Crossing, Delhi - IITM",09-09-2026 14:00:00,28.7256504,77.2011573,CO,3,8,6
India,Delhi,Delhi,"Patparganj, Delhi - DPCC",09-09-2026 14:00:00,28.623763,77.287209,NH3,7,8,8
India,Delhi,Delhi,"Patparganj, Delhi - DPCC",09-09-2026 14:00:00,28.623763,77.287209,SO2,0,6,3
India,Delhi,Delhi,"Sri Aurobindo Marg, Delhi - DPCC",09-09-2026 14:00:00,28.531346,77.190156,NO2,7,17,12
India,Delhi,Delhi,"Sri Aurobindo Marg, Delhi - DPCC",09-09-2026 14:00:00,28.531346,77.190156,CO,26,39,34
India,Haryana,Jind,"Police Lines, Jind - HSPCB",09-09-2026 14:00:00,29.307814,76.337619,SO2,27,30,28
India,Haryana,Karnal,"Sector-12, Karnal - HSPCB",09-09-2026 14:00:00,29.6953,77.0027,NO2,9,22,15
India,Haryana,Karnal,"Sector-12, Karnal - HSPCB",09-09-2026 14:00:00,29.6953,77.0027,NH3,6,12,8
India,Haryana,Karnal,"Sector-12, Karnal - HSPCB",09-09-2026 14:00:00,29.6953,77.0027,OZONE,11,14,12
India,Haryana,Kurukshetra,"Sector-7, Kurukshetra - HSPCB",09-09-2026 14:00:00,29.966942,76.875879,NH3,4,5,5
India,Haryana,Kurukshetra,"Sector-7, Kurukshetra - HSPCB",09-09-2026 14:00:00,29.966942,76.875879,SO2,4,12,7
India,Haryana,Kurukshetra,"Sector-7, Kurukshetra - HSPCB",09-09-2026 14:00:00,29.966942,76.875879,CO,11,18,14
India,Haryana,Kurukshetra,"Sector-7, Kurukshetra - HSPCB",09-09-2026 14:00:00,29.966942,76.875879,OZONE,17,25,21
India,Haryana,Manesar,"Sector-2 IMT, Manesar - HSPCB",09-09-2026 14:00:00,28.360699,76.93609,SO2,7,42,15
India,Haryana,Manesar,"Sector-2 IMT, Manesar - HSPCB",09-09-2026 14:00:00,28.360699,76.93609,CO,7,16,11
India,Haryana,Manesar,"Sector-2 IMT, Manesar - HSPCB",09-09-2026 14:00:00,28.360699,76.93609,OZONE,8,37,24
India,Haryana,Narnaul,"Shastri Nagar, Narnaul - HSPCB",09-09-2026 14:00:00,28.060249,76.113115,NH3,4,11,7
India,Haryana,Palwal,"Shyam Nagar, Palwal - HSPCB",09-09-2026 14:00:00,28.1485564,77.3320667,NH3,6,6,6
India,Haryana,Panchgaon,"Amity University, Panchgaon - IITM",09-09-2026 14:00:00,28.3153,76.9143,NO2,29,70,47
India,Haryana,Panchgaon,"Amity University, Panchgaon - IITM",09-09-2026 14:00:00,28.3153,76.9143,SO2,4,27,15
India,Haryana,Panipat,"Sector-18, Panipat - HSPCB",09-09-2026 14:00:00,29.432304,76.972765,CO,26,28,27
India,Haryana,Panipat,"Sector-18, Panipat - HSPCB",09-09-2026 14:00:00,29.432304,76.972765,OZONE,41,43,42
India,Haryana,Rohtak,"MD University, Rohtak - HSPCB",09-09-2026 14:00:00,28.52123,76.37138,PM10,72,96,79
India,Haryana,Sirsa,"F-Block, Sirsa - HSPCB",09-09-2026 14:00:00,29.5364,75.0158,PM2.5,35,67,47
India,Haryana,Sirsa,"F-Block, Sirsa - HSPCB",09-09-2026 14:00:00,29.5364,75.0158,SO2,32,53,39
India,Madhya Pradesh,Indore,"Regional Park, Indore - IMC",09-09-2026 14:00:00,22.678,75.8559,CO,NA,NA,NA
India,Madhya Pradesh,Jabalpur,"Govindh Bhavan Colony, Jabalpur - JMC",09-09-2026 14:00:00,23.163174,79.973061,PM10,26,84,43
India,Madhya Pradesh,Jabalpur,"Govindh Bhavan Colony, Jabalpur - JMC",09-09-2026 14:00:00,23.163174,79.973061,NH3,4,6,5
India,Madhya Pradesh,Jabalpur,"Marhatal, Jabalpur - MPPCB",09-09-2026 14:00:00,23.168606,79.932247,NO2,26,78,33
India,Madhya Pradesh,Jabalpur,"Marhatal, Jabalpur - MPPCB",09-09-2026 14:00:00,23.168606,79.932247,NH3,1,5,4
India,Madhya Pradesh,Jabalpur,"Marhatal, Jabalpur - MPPCB",09-09-2026 14:00:00,23.168606,79.932247,OZONE,23,45,34
India,Madhya Pradesh,Jabalpur,"Suhagi, Jabalpur - JMC",09-09-2026 14:00:00,23.218135,79.95777,PM2.5,25,48,35
India,Madhya Pradesh,Katni,"Gole Bazar, Katni - MPPCB",09-09-2026 14:00:00,23.50016,80.23284,PM10,57,195,96
India,Madhya Pradesh,Katni,"Gole Bazar, Katni - MPPCB",09-09-2026 14:00:00,23.50016,80.23284,OZONE,12,39,28
India,Madhya Pradesh,Mandideep,"Sector-D Industrial Area, Mandideep - MPPCB",09-09-2026 14:00:00,23.10844,77.511428,SO2,3,10,6
India,Madhya Pradesh,Pithampur,"Sector-2 Industrial Area, Pithampur - MPPCB",09-09-2026 14:00:00,22.624758,75.675238,PM10,78,183,113
India,Madhya Pradesh,Pithampur,"Sector-2 Industrial Area, Pithampur - MPPCB",09-09-2026 14:00:00,22.624758,75.675238,NH3,7,9,8
India,Madhya Pradesh,Ratlam,"Shasthri Nagar, Ratlam - IPCA Lab",09-09-2026 14:00:00,23.331731,75.045981,PM10,27,57,43
India,Madhya Pradesh,Ratlam,"Shasthri Nagar, Ratlam - IPCA Lab",09-09-2026 14:00:00,23.331731,75.045981,NO2,40,57,46
India,Madhya Pradesh,Sagar,"Civil Lines, Sagar - MPPCB",09-09-2026 14:00:00,23.838586,78.759431,NH3,2,2,2
India,Madhya Pradesh,Sagar,"Civil Lines, Sagar - MPPCB",09-09-2026 14:00:00,23.838586,78.759431,SO2,5,7,6
India,Madhya Pradesh,Satna,"Bandhavgar Colony, Satna - Birla Cement",09-09-2026 14:00:00,24.58434363,80.8549414,PM10,70,71,70
India,Madhya Pradesh,Satna,"Bandhavgar Colony, Satna - Birla Cement",09-09-2026 14:00:00,24.58434363,80.8549414,NH3,NA,NA,NA
India,Jharkhand,Jorapokhar,"Tata Stadium, Jorapokhar - JSPCB",09-09-2026 14:00:00,23.707909,86.41467,PM2.5,44,47,45
India,Karnataka,Bengaluru,"Silk Board, Bengaluru - KSPCB",09-09-2026 14:00:00,12.917348,77.622813,OZONE,11,16,13
India,Karnataka,Bengaluru,"Bapuji Nagar, Bengaluru - KSPCB",09-09-2026 14:00:00,12.951913,77.539784,PM10,39,108,61
India,Karnataka,Bengaluru,"Bapuji Nagar, Bengaluru - KSPCB",09-09-2026 14:00:00,12.951913,77.539784,NO2,18,19,19
India,Karnataka,Bengaluru,"Bapuji Nagar, Bengaluru - KSPCB",09-09-2026 14:00:00,12.951913,77.539784,NH3,4,4,4
India,Karnataka,Bengaluru,"Jigani, Bengaluru - KSPCB",09-09-2026 14:00:00,12.7816279,77.6299145,NH3,4,4,4
India,Karnataka,Bengaluru,"Jigani, Bengaluru - KSPCB",09-09-2026 14:00:00,12.7816279,77.6299145,SO2,14,14,14
India,Karnataka,Bengaluru,"Peenya, Bengaluru - CPCB",09-09-2026 14:00:00,13.0270199,77.494094,NH3,2,115,61
India,Karnataka,Bengaluru,"Peenya, Bengaluru - CPCB",09-09-2026 14:00:00,13.0270199,77.494094,SO2,4,21,8
India,Karnataka,Bengaluru,"Peenya, Bengaluru - CPCB",09-09-2026 14:00:00,13.0270199,77.494094,CO,21,38,34
India,Karnataka,Bengaluru,"Jayanagar 5th Block, Bengaluru - KSPCB",09-09-2026 14:00:00,12.920984,77.584908,PM2.5,15,69,32
India,Karnataka,Bengaluru,"Hebbal, Bengaluru - KSPCB",09-09-2026 14:00:00,13.029152,77.585901,PM2.5,15,50,26
India,Karnataka,Bengaluru,"Hebbal, Bengaluru - KSPCB",09-09-2026 14:00:00,13.029152,77.585901,NH3,2,2,2
India,Karnataka,Bengaluru,"Hebbal, Bengaluru - KSPCB",09-09-2026 14:00:00,13.029152,77.585901,CO,19,45,34
India,Karnataka,Bengaluru,"Hebbal, Bengaluru - KSPCB",09-09-2026 14:00:00,13.029152,77.585901,OZONE,0,2,1
India,Karnataka,Bengaluru,"Hombegowda Nagar, Bengaluru - KSPCB",09-09-2026 14:00:00,12.938539,77.5901,PM10,19,75,43
India,Karnataka,Bengaluru,"Hombegowda Nagar, Bengaluru - KSPCB",09-09-2026 14:00:00,12.938539,77.5901,NO2,5,51,15
India,Karnataka,Bengaluru,"Kasturi Nagar, Bengaluru - KSPCB",09-09-2026 14:00:00,13.003872,77.664217,PM2.5,71,74,73
India,Karnataka,Bengaluru,"Kasturi Nagar, Bengaluru - KSPCB",09-09-2026 14:00:00,13.003872,77.664217,NH3,3,4,3
India,Karnataka,Chamarajanagar,"Urban, Chamarajanagar - KSPCB",09-09-2026 14:00:00,11.55358,76.55521,PM10,30,49,43
India,Madhya Pradesh,Bhopal,"Idgah Hills, Bhopal - MPPCB",09-09-2026 14:00:00,23.264759,77.381568,SO2,5,7,5
India,Madhya Pradesh,Bhopal,"Idgah Hills, Bhopal - MPPCB",09-09-2026 14:00:00,23.264759,77.381568,OZONE,23,33,29
India,Madhya Pradesh,Bhopal,"T T Nagar, Bhopal - MPPCB",09-09-2026 14:00:00,23.233584,77.400574,NH3,6,6,6
India,Madhya Pradesh,Damoh,"Shrivastav Colony, Damoh - MPPCB",09-09-2026 14:00:00,23.81748678,79.446246,PM10,NA,NA,NA
India,Madhya Pradesh,Damoh,"Shrivastav Colony, Damoh - MPPCB",09-09-2026 14:00:00,23.81748678,79.446246,NO2,5,6,6
India,Madhya Pradesh,Damoh,"Shrivastav Colony, Damoh - MPPCB",09-09-2026 14:00:00,23.81748678,79.446246,CO,12,20,15
India,Madhya Pradesh,Gwalior,"City Center, Gwalior - MPPCB",09-09-2026 14:00:00,26.203442,78.193251,PM10,43,65,51
India,Madhya Pradesh,Gwalior,"City Center, Gwalior - MPPCB",09-09-2026 14:00:00,26.203442,78.193251,NH3,1,2,2
India,Madhya Pradesh,Gwalior,"Maharaj Bada, Gwalior - MPPCB",09-09-2026 14:00:00,26.200388,78.147714,CO,34,60,49
India,Madhya Pradesh,Gwalior,"Deen Dayal Nagar, Gwalior - MPPCB",09-09-2026 14:00:00,26.259242,78.216432,CO,20,49,34
India,Madhya Pradesh,Indore,"Residency Area, Indore - IMC",09-09-2026 14:00:00,22.7084,75.8815,SO2,3,12,6
India,Madhya Pradesh,Indore,"Regional Park, Indore - IMC",09-09-2026 14:00:00,22.678,75.8559,PM2.5,14,48,32
India,Karnataka,Yadgir,"Collector Office, Yadgir - KSPCB",09-09-2026 14:00:00,16.7602,77.1428,PM2.5,NA,NA,NA
India,Karnataka,Yadgir,"Collector Office, Yadgir - KSPCB",09-09-2026 14:00:00,16.7602,77.1428,NH3,NA,NA,NA
India,Kerala,Eloor,"Udyogamandal, Eloor - Kerala PCB",09-09-2026 14:00:00,10.073232,76.302765,NO2,6,7,6
India,Kerala,Kannur,"Thavakkara, Kannur - Kerala PCB",09-09-2026 14:00:00,11.875,75.3732,NH3,NA,NA,NA
India,Kerala,Kannur,"Thavakkara, Kannur - Kerala PCB",09-09-2026 14:00:00,11.875,75.3732,SO2,NA,NA,NA
India,Kerala,Thiruvananthapuram,"Plammoodu, Thiruvananthapuram - Kerala PCB",09-09-2026 14:00:00,8.5149093,76.9435879,CO,5,16,8
India,Kerala,Thiruvananthapuram,"Kariavattom, Thiruvananthapuram - Kerala PCB",09-09-2026 14:00:00,8.5637,76.8865,PM10,32,97,62
India,Kerala,Thrissur,"Corporation Ground, Thrissur - Kerala PCB",09-09-2026 14:00:00,10.5324,76.2159,PM10,41,58,50
India,Madhya Pradesh,Bhopal,"Paryavaran Parisar, Bhopal - MPPCB",09-09-2026 14:00:00,23.210494,77.425409,NO2,7,15,10
India,Madhya Pradesh,Bhopal,"Paryavaran Parisar, Bhopal - MPPCB",09-09-2026 14:00:00,23.210494,77.425409,SO2,4,7,5
India,Karnataka,Chikkaballapur,"Chikkaballapur Rural, Chikkaballapur - KSPCB",09-09-2026 14:00:00,13.428828,77.731418,PM10,20,109,54
India,Karnataka,Chikkaballapur,"Chikkaballapur Rural, Chikkaballapur - KSPCB",09-09-2026 14:00:00,13.428828,77.731418,NO2,3,5,4
India,Karnataka,Chikkaballapur,"Chikkaballapur Rural, Chikkaballapur - KSPCB",09-09-2026 14:00:00,13.428828,77.731418,NH3,1,1,1
India,Karnataka,Chikkamagaluru,"Kalyana Nagara, Chikkamagaluru - KSPCB",09-09-2026 14:00:00,13.328028,75.797056,PM10,48,63,59
India,Karnataka,Chikkamagaluru,"Kalyana Nagara, Chikkamagaluru - KSPCB",09-09-2026 14:00:00,13.328028,75.797056,OZONE,28,46,34
India,Karnataka,Dharwad,"Kalabhavan, Dharwad - KSPCB",09-09-2026 14:00:00,15.459706,75.008381,PM2.5,45,49,47
India,Karnataka,Gadag,"Panchal Nagar, Gadag - KSPCB",09-09-2026 14:00:00,15.411456,75.638133,CO,60,79,67
India,Karnataka,Gadag,"Panchal Nagar, Gadag - KSPCB",09-09-2026 14:00:00,15.411456,75.638133,OZONE,15,16,15
India,Karnataka,Hubballi,"Lingaraj Nagar, Hubballi - KSPCB",09-09-2026 14:00:00,15.3714823,75.1160168,PM2.5,33,39,36
India,Karnataka,Hubballi,"Lingaraj Nagar, Hubballi - KSPCB",09-09-2026 14:00:00,15.3714823,75.1160168,PM10,53,57,55
India,Karnataka,Hubballi,"Lingaraj Nagar, Hubballi - KSPCB",09-09-2026 14:00:00,15.3714823,75.1160168,NO2,7,14,13
India,Madhya Pradesh,Singrauli,"Suryakiran Bhawan NCL, Singrauli - MPPCB",09-09-2026 14:00:00,24.10897,82.64558,NO2,12,20,17
India,Madhya Pradesh,Singrauli,"Suryakiran Bhawan NCL, Singrauli - MPPCB",09-09-2026 14:00:00,24.10897,82.64558,SO2,13,66,56
India,Madhya Pradesh,Ujjain,"Mahashweta Nagar, Ujjain - MPPCB",09-09-2026 14:00:00,23.1633321,75.800225,NO2,9,32,17
India,Madhya Pradesh,Ujjain,"Mahashweta Nagar, Ujjain - MPPCB",09-09-2026 14:00:00,23.1633321,75.800225,SO2,0,4,2
India,Maharashtra,Ahmednagar,"Tarakpur, Ahmednagar - MPCB",09-09-2026 14:00:00,19.10122,74.73339,SO2,7,13,9
India,Maharashtra,Akola,"Ramdaspeth, Akola - MPCB",09-09-2026 14:00:00,20.719516,77.000253,SO2,3,9,6
India,Maharashtra,Akola,"Ramdaspeth, Akola - MPCB",09-09-2026 14:00:00,20.719516,77.000253,CO,22,26,25
India,Maharashtra,Ambernath,"Chinchpada, Ambernath - MPCB",09-09-2026 14:00:00,19.215784,73.199781,NH3,2,4,3
India,Maharashtra,Ambernath,"Chinchpada, Ambernath - MPCB",09-09-2026 14:00:00,19.215784,73.199781,SO2,22,34,28
India,Maharashtra,Amravati,"Shivneri Colony, Amravati - MPCB",09-09-2026 14:00:00,20.9402359,77.7895248,NH3,2,2,2
India,Haryana,Sonipat,"Murthal, Sonipat - HSPCB",09-09-2026 14:00:00,29.0272,77.0621,SO2,48,51,49
India,Haryana,Sonipat,"Murthal, Sonipat - HSPCB",09-09-2026 14:00:00,29.0272,77.0621,OZONE,49,52,50
India,Haryana,Yamuna Nagar,"Gobind Pura, Yamuna Nagar - HSPCB",09-09-2026 14:00:00,30.1480566,77.2893471,NH3,1,6,4
India,Himachal Pradesh,Baddi,"HIMUDA Complex Phase-1, Baddi - HPPCB",09-09-2026 14:00:00,30.943887,76.801991,PM10,68,431,173
India,Jammu and Kashmir,Pampore,"Khrew, Pampore - JKPCC",09-09-2026 14:00:00,34.031606,75.009712,NH3,NA,NA,NA
India,Jammu and Kashmir,Pampore,"Khrew, Pampore - JKPCC",09-09-2026 14:00:00,34.031606,75.009712,SO2,NA,NA,NA
India,Jammu and Kashmir,Srinagar,"Rajbagh, Srinagar - JKPCC",09-09-2026 14:00:00,34.066206,74.81982,PM2.5,21,38,28
India,Jammu and Kashmir,Srinagar,"Rajbagh, Srinagar - JKPCC",09-09-2026 14:00:00,34.066206,74.81982,NO2,19,20,19
India,Jammu and Kashmir,Srinagar,"Khunmoh, Srinagar - JKPCC",09-09-2026 14:00:00,34.06313,74.96017,PM2.5,2,16,6
India,Karnataka,Kalaburagi,"Mahatma Basaveswar Colony, Kalaburgi - KSPCB",09-09-2026 14:00:00,17.336318,76.847397,CO,30,39,32
India,Karnataka,Madikeri,"Stuart Hill, Madikeri - KSPCB",09-09-2026 14:00:00,12.415911,75.73505,PM2.5,21,41,28
India,Karnataka,Madikeri,"Stuart Hill, Madikeri - KSPCB",09-09-2026 14:00:00,12.415911,75.73505,PM10,23,35,27
India,Karnataka,Mysuru,"Hebbal 1st Stage, Mysuru - KSPCB",09-09-2026 14:00:00,12.21041,76.37376,PM2.5,13,68,29
India,Karnataka,Ramanagara,"Vijay Nagar, Ramanagara - KSPCB",09-09-2026 14:00:00,12.733409,77.298051,SO2,16,21,18
India,Karnataka,Shivamogga,"Vinoba Nagara, Shivamogga - KSPCB",09-09-2026 14:00:00,13.94,75.555917,PM10,40,63,44
India,Karnataka,Shivamogga,"Vinoba Nagara, Shivamogga - KSPCB",09-09-2026 14:00:00,13.94,75.555917,CO,5,24,13
India,Maharashtra,Nanded,"Sneh Nagar, Nanded - MPCB",09-09-2026 14:00:00,19.173852,77.296291,NO2,5,9,7
India,Maharashtra,Nashik,"Pandav Nagari, Nashik - MPCB",09-09-2026 14:00:00,19.9591346,73.7788008,NH3,1,3,2
India,Maharashtra,Nashik,"Pandav Nagari, Nashik - MPCB",09-09-2026 14:00:00,19.9591346,73.7788008,SO2,0,4,2
India,Maharashtra,Nashik,"Gangapur Road, Nashik - MPCB",09-09-2026 14:00:00,20.0073285,73.7762427,PM10,12,49,30
India,Maharashtra,Nashik,"Gangapur Road, Nashik - MPCB",09-09-2026 14:00:00,20.0073285,73.7762427,NO2,5,5,5
India,Maharashtra,Nashik,"Gangapur Road, Nashik - MPCB",09-09-2026 14:00:00,20.0073285,73.7762427,NH3,3,3,3
India,Maharashtra,Nashik,"Gangapur Road, Nashik - MPCB",09-09-2026 14:00:00,20.0073285,73.7762427,CO,26,27,26
India,Maharashtra,Nashik,"Hirawadi, Nashik - MPCB",09-09-2026 14:00:00,20.021503,73.813844,PM2.5,12,72,30
India,Maharashtra,Nashik,"MIDC Ambad, Nashik - MPCB",09-09-2026 14:00:00,19.95022,73.73148,PM2.5,20,43,30
India,Maharashtra,Navi Mumbai,"Sanpada, Navi Mumbai - MPCB",09-09-2026 14:00:00,19.0575752,73.0151367,NO2,4,14,9
India,Maharashtra,Navi Mumbai,"Sanpada, Navi Mumbai - MPCB",09-09-2026 14:00:00,19.0575752,73.0151367,CO,10,36,18
India,Maharashtra,Navi Mumbai,"Sector-2E Kalamboli, Navi Mumbai - MPCB",09-09-2026 14:00:00,19.02579,73.10297,NO2,1,11,7
India,Maharashtra,Navi Mumbai,"Sector-2E Kalamboli, Navi Mumbai - MPCB",09-09-2026 14:00:00,19.02579,73.10297,NH3,6,19,10
India,Maharashtra,Navi Mumbai,"Sector-2E Kalamboli, Navi Mumbai - MPCB",09-09-2026 14:00:00,19.02579,73.10297,OZONE,10,13,11
India,Maharashtra,Navi Mumbai,"Nerul, Navi Mumbai - MPCB",09-09-2026 14:00:00,19.008751,73.01662,NH3,0,0,0
India,Maharashtra,Navi Mumbai,"Nerul, Navi Mumbai - MPCB",09-09-2026 14:00:00,19.008751,73.01662,CO,NA,NA,NA
India,Maharashtra,Navi Mumbai,"Nerul, Navi Mumbai - MPCB",09-09-2026 14:00:00,19.008751,73.01662,OZONE,NA,NA,NA
India,Maharashtra,Navi Mumbai,"Mahape, Navi Mumbai - MPCB",09-09-2026 14:00:00,19.1135051,73.008978,SO2,NA,NA,NA
India,Maharashtra,Navi Mumbai,"Mahape, Navi Mumbai - MPCB",09-09-2026 14:00:00,19.1135051,73.008978,OZONE,9,11,10
India,Maharashtra,Navi Mumbai,"Kopripada-Vashi, Navi Mumbai - MPCB",09-09-2026 14:00:00,19.090337,73.014232,NO2,0,10,6
India,Maharashtra,Navi Mumbai,"Kopripada-Vashi, Navi Mumbai - MPCB",09-09-2026 14:00:00,19.090337,73.014232,OZONE,5,9,7
India,Maharashtra,Malegaon,"Mahesh Nagar, Malegaon - MPCB",09-09-2026 14:00:00,20.555712,74.529236,OZONE,29,32,30
India,Maharashtra,Mira-Bhayandar,"Bhayandar West, Mira-Bhayandar - MPCB",09-09-2026 14:00:00,19.296481,72.840923,PM10,5,42,28
India,Maharashtra,Mumbai,"Kherwadi_Bandra East, Mumbai - MPCB",09-09-2026 14:00:00,19.0632143,72.8456324,NO2,3,7,5
India,Maharashtra,Mumbai,"Kherwadi_Bandra East, Mumbai - MPCB",09-09-2026 14:00:00,19.0632143,72.8456324,SO2,2,6,4
India,Maharashtra,Mumbai,"Byculla, Mumbai - BMC",09-09-2026 14:00:00,18.9767,72.838,PM2.5,8,15,12
India,Maharashtra,Mumbai,"Byculla, Mumbai - BMC",09-09-2026 14:00:00,18.9767,72.838,NH3,2,3,2
India,Maharashtra,Mumbai,"Chhatrapati Shivaji Intl. Airport (T2), Mumbai - MPCB",09-09-2026 14:00:00,19.10078,72.87462,PM10,25,41,32
India,Maharashtra,Mumbai,"Chhatrapati Shivaji Intl. Airport (T2), Mumbai - MPCB",09-09-2026 14:00:00,19.10078,72.87462,NH3,1,1,1
India,Maharashtra,Mumbai,"Chhatrapati Shivaji Intl. Airport (T2), Mumbai - MPCB",09-09-2026 14:00:00,19.10078,72.87462,SO2,7,8,7
India,Maharashtra,Mumbai,"Bandra Kurla Complex, Mumbai - IITM",09-09-2026 14:00:00,19.053536,72.84643,PM10,NA,NA,NA
India,Maharashtra,Mumbai,"Bandra Kurla Complex, Mumbai - IITM",09-09-2026 14:00:00,19.053536,72.84643,NO2,NA,NA,NA
India,Maharashtra,Mumbai,"Borivali East, Mumbai - IITM",09-09-2026 14:00:00,19.23241,72.86895,PM2.5,NA,NA,NA
India,Maharashtra,Mumbai,"Borivali East, Mumbai - IITM",09-09-2026 14:00:00,19.23241,72.86895,NH3,2,4,3
India,Maharashtra,Mumbai,"Borivali East, Mumbai - IITM",09-09-2026 14:00:00,19.23241,72.86895,CO,23,32,26
India,Maharashtra,Mumbai,"Borivali East, Mumbai - MPCB",09-09-2026 14:00:00,19.2243333,72.8658113,SO2,16,19,18
India,Maharashtra,Mumbai,"Khindipada-Bhandup West, Mumbai - IITM",09-09-2026 14:00:00,19.1653323,72.922099,PM2.5,3,42,9
India,Maharashtra,Mumbai,"Khindipada-Bhandup West, Mumbai - IITM",09-09-2026 14:00:00,19.1653323,72.922099,NH3,1,2,1
India,Maharashtra,Mumbai,"Khindipada-Bhandup West, Mumbai - IITM",09-09-2026 14:00:00,19.1653323,72.922099,CO,28,36,32
India,Maharashtra,Mumbai,"Shivaji Nagar, Mumbai - BMC",09-09-2026 14:00:00,19.060498,72.923356,PM2.5,13,39,23
India,Maharashtra,Mumbai,"Shivaji Nagar, Mumbai - BMC",09-09-2026 14:00:00,19.060498,72.923356,SO2,2,10,6
India,Maharashtra,Mumbai,"Mindspace-Malad West, Mumbai - MPCB",09-09-2026 14:00:00,19.1878657,72.8304069,NO2,18,19,18
India,Maharashtra,Mumbai,"Worli, Mumbai - MPCB",09-09-2026 14:00:00,18.9936162,72.8128113,PM2.5,NA,NA,NA
India,Maharashtra,Mumbai,"Worli, Mumbai - MPCB",09-09-2026 14:00:00,18.9936162,72.8128113,NO2,5,13,9
India,Maharashtra,Mumbai,"Worli, Mumbai - MPCB",09-09-2026 14:00:00,18.9936162,72.8128113,NH3,0,0,0
India,Maharashtra,Mumbai,"Navy Nagar-Colaba, Mumbai - IITM",09-09-2026 14:00:00,18.897756,72.81332,PM2.5,13,32,23
India,Maharashtra,Mumbai,"Navy Nagar-Colaba, Mumbai - IITM",09-09-2026 14:00:00,18.897756,72.81332,SO2,0,6,2
India,Maharashtra,Mumbai,"Navy Nagar-Colaba, Mumbai - IITM",09-09-2026 14:00:00,18.897756,72.81332,CO,12,18,16
India,Maharashtra,Mumbai,"Sewri, Mumbai - BMC",09-09-2026 14:00:00,19.000084,72.85673,PM2.5,13,32,23
India,Maharashtra,Mumbai,"Sion, Mumbai - MPCB",09-09-2026 14:00:00,19.047,72.8746,NO2,51,77,62
India,Maharashtra,Mumbai,"Sion, Mumbai - MPCB",09-09-2026 14:00:00,19.047,72.8746,NH3,1,1,1
India,Maharashtra,Mumbai,"Sion, Mumbai - MPCB",09-09-2026 14:00:00,19.047,72.8746,CO,17,20,18
India,Maharashtra,Mumbai,"Malad West, Mumbai - IITM",09-09-2026 14:00:00,19.19709,72.82204,NH3,1,3,2
India,Maharashtra,Mumbai,"Kurla, Mumbai - MPCB",09-09-2026 14:00:00,19.0863,72.8888,PM10,26,101,52
India,Maharashtra,Mumbai,"Kurla, Mumbai - MPCB",09-09-2026 14:00:00,19.0863,72.8888,NO2,9,9,9
India,Maharashtra,Mumbai,"Ghatkopar, Mumbai - BMC",09-09-2026 14:00:00,19.083694,72.920967,PM10,33,51,43
India,Maharashtra,Mumbai,"Ghatkopar, Mumbai - BMC",09-09-2026 14:00:00,19.083694,72.920967,OZONE,3,4,4
India,Maharashtra,Mumbai,"Siddharth Nagar-Worli, Mumbai - IITM",09-09-2026 14:00:00,19.000083,72.813993,PM2.5,10,15,12
India,Maharashtra,Mumbai,"Siddharth Nagar-Worli, Mumbai - IITM",09-09-2026 14:00:00,19.000083,72.813993,NH3,1,1,1
India,Maharashtra,Mumbai,"Powai, Mumbai - MPCB",09-09-2026 14:00:00,19.1375,72.915056,NO2,5,7,6
India,Maharashtra,Mumbai,"Powai, Mumbai - MPCB",09-09-2026 14:00:00,19.1375,72.915056,OZONE,NA,NA,NA
India,Maharashtra,Mumbai,"Deonar, Mumbai - IITM",09-09-2026 14:00:00,19.04946,72.923,PM2.5,NA,NA,NA
India,Maharashtra,Mumbai,"Deonar, Mumbai - IITM",09-09-2026 14:00:00,19.04946,72.923,NH3,5,7,7
India,Maharashtra,Mumbai,"Chembur, Mumbai - MPCB",09-09-2026 14:00:00,19.0364585,72.8954371,NO2,5,13,8
India,Maharashtra,Mumbai,"Chembur, Mumbai - MPCB",09-09-2026 14:00:00,19.0364585,72.8954371,SO2,1,3,2
India,Maharashtra,Amravati,"Shri Shivaji Science College, Amravati - MPCB",09-09-2026 14:00:00,20.939198,77.765701,SO2,6,8,7
India,Maharashtra,Amravati,"Shri Shivaji Science College, Amravati - MPCB",09-09-2026 14:00:00,20.939198,77.765701,CO,22,25,23
India,Maharashtra,Aurangabad,"Rachnakar Colony, Aurangabad - MPCB",09-09-2026 14:00:00,19.863756,75.321188,PM10,26,76,62
India,Maharashtra,Aurangabad,"Rachnakar Colony, Aurangabad - MPCB",09-09-2026 14:00:00,19.863756,75.321188,CO,23,35,31
India,Maharashtra,Aurangabad,"Rachnakar Colony, Aurangabad - MPCB",09-09-2026 14:00:00,19.863756,75.321188,OZONE,9,10,10
India,Maharashtra,Aurangabad,"More Chowk Waluj, Aurangabad - MPCB",09-09-2026 14:00:00,19.8389439,75.244448,PM2.5,22,98,39
India,Maharashtra,Aurangabad,"More Chowk Waluj, Aurangabad - MPCB",09-09-2026 14:00:00,19.8389439,75.244448,OZONE,15,29,23
India,Maharashtra,Aurangabad,"MIDC Chilkalthana, Aurangabad - MPCB",09-09-2026 14:00:00,19.87562,75.38731,OZONE,9,34,16
India,Maharashtra,Badlapur,"Katrap, Badlapur - MPCB",09-09-2026 14:00:00,19.16485,73.23409,NO2,18,19,19
India,Maharashtra,Badlapur,"Katrap, Badlapur - MPCB",09-09-2026 14:00:00,19.16485,73.23409,OZONE,23,23,23
India,Maharashtra,Beed,"Bir, Beed - MPCB",09-09-2026 14:00:00,18.988474,75.753873,PM10,26,57,42
India,Maharashtra,Beed,"Bir, Beed - MPCB",09-09-2026 14:00:00,18.988474,75.753873,NO2,7,42,16
India,Maharashtra,Belapur,"CBD Belapur, Belapur - MPCB",09-09-2026 14:00:00,19.0243902,73.0406721,PM2.5,23,54,38
India,Maharashtra,Belapur,"CBD Belapur, Belapur - MPCB",09-09-2026 14:00:00,19.0243902,73.0406721,NH3,0,7,3
India,Maharashtra,Belapur,"CBD Belapur, Belapur - MPCB",09-09-2026 14:00:00,19.0243902,73.0406721,CO,34,45,39
India,Maharashtra,Bhiwandi,"Gokul Nagar, Bhiwandi - MPCB",09-09-2026 14:00:00,19.309073,73.057223,PM10,43,49,45
India,Maharashtra,Bhiwandi,"Gokul Nagar, Bhiwandi - MPCB",09-09-2026 14:00:00,19.309073,73.057223,OZONE,26,37,30
India,Maharashtra,Chandrapur,"Chauhan Colony, Chandrapur - MPCB",09-09-2026 14:00:00,19.9629,79.298714,CO,28,34,30
India,Maharashtra,Mumbai,"Bandra Kurla Complex, Mumbai - MPCB",09-09-2026 14:00:00,19.065931,72.862131,SO2,2,9,3
India,Maharashtra,Mumbai,"Bandra Kurla Complex, Mumbai - MPCB",09-09-2026 14:00:00,19.065931,72.862131,CO,24,27,25
India,Maharashtra,Nagpur,"Mahal, Nagpur - MPCB",09-09-2026 14:00:00,21.14472,79.107595,PM2.5,29,59,45
India,Maharashtra,Nagpur,"Mahal, Nagpur - MPCB",09-09-2026 14:00:00,21.14472,79.107595,NH3,2,8,4
India,Maharashtra,Nagpur,"Mahal, Nagpur - MPCB",09-09-2026 14:00:00,21.14472,79.107595,CO,2,28,16
India,Maharashtra,Nagpur,"Mahal, Nagpur - MPCB",09-09-2026 14:00:00,21.14472,79.107595,OZONE,19,40,31
India,Maharashtra,Nagpur,"Ram Nagar, Nagpur - MPCB",09-09-2026 14:00:00,21.143383,79.048912,NO2,5,22,11
India,Maharashtra,Nagpur,"Ram Nagar, Nagpur - MPCB",09-09-2026 14:00:00,21.143383,79.048912,OZONE,21,49,31
India,Maharashtra,Nagpur,"Ambazari, Nagpur - MPCB",09-09-2026 14:00:00,21.121801,79.04952,PM2.5,34,55,45
India,Maharashtra,Nagpur,"Ambazari, Nagpur - MPCB",09-09-2026 14:00:00,21.121801,79.04952,NO2,7,30,13
India,Maharashtra,Kalyan,"Pimpleshwar Mandir, Kalyan - MPCB",09-09-2026 14:00:00,19.192056,72.9585188,PM2.5,NA,NA,NA
India,Maharashtra,Kalyan,"Pimpleshwar Mandir, Kalyan - MPCB",09-09-2026 14:00:00,19.192056,72.9585188,SO2,9,17,12
India,Maharashtra,Kalyan,"Khadakpada, Kalyan - MPCB",09-09-2026 14:00:00,19.25292,73.142019,SO2,NA,NA,NA
India,Maharashtra,Kolhapur,"Sinchan Bhavan, Kolhapur - MPCB",09-09-2026 14:00:00,16.7143745,74.2426398,SO2,0,3,1
India,Maharashtra,Kolhapur,"Shivaji University, Kolhapur - MPCB",09-09-2026 14:00:00,16.6870449,74.2505872,PM2.5,10,32,21
India,Maharashtra,Kolhapur,"Shivaji University, Kolhapur - MPCB",09-09-2026 14:00:00,16.6870449,74.2505872,CO,14,22,18
India,Maharashtra,Latur,"Sawe Wadi, Latur - MPCB",09-09-2026 14:00:00,18.39963,76.57452,NO2,4,10,6
India,Maharashtra,Latur,"Sawe Wadi, Latur - MPCB",09-09-2026 14:00:00,18.39963,76.57452,OZONE,15,30,23
India,Maharashtra,Dombivli,"Kalu Nagar, Dombivli - MPCB",09-09-2026 14:00:00,19.2268427,73.0788456,CO,6,76,25
India,Maharashtra,Jalgaon,"Prabhat Colony, Jalgaon - MPCB",09-09-2026 14:00:00,21.001264,75.565602,PM10,27,48,39
India,Maharashtra,Solapur,"Dnyaneshwar Nagar, Solapur - MPCB",09-09-2026 14:00:00,17.6336264,75.9132495,PM2.5,3,36,21
India,Maharashtra,Solapur,"Ratandeep Housing Society, Solapur - MPCB",09-09-2026 14:00:00,17.65439,75.90649,OZONE,9,38,25
India,Maharashtra,Thane,"Kasarvadavali, Thane - MPCB",09-09-2026 14:00:00,19.26777,72.97182,NH3,0,1,0
India,Maharashtra,Thane,"Upvan Fort, Thane - MPCB",09-09-2026 14:00:00,19.222279,72.957979,PM2.5,20,40,29
India,Maharashtra,Thane,"Upvan Fort, Thane - MPCB",09-09-2026 14:00:00,19.222279,72.957979,SO2,0,5,2
India,Maharashtra,Ulhasnagar,"Sidhi Vinayak Nagar, Ulhasnagar - MPCB",09-09-2026 14:00:00,19.235581,73.159121,PM2.5,14,41,27
India,Maharashtra,Ulhasnagar,"Sidhi Vinayak Nagar, Ulhasnagar - MPCB",09-09-2026 14:00:00,19.235581,73.159121,NO2,1,11,9
India,Maharashtra,Ulhasnagar,"Vithalwadi, Ulhasnagar - MPCB",09-09-2026 14:00:00,19.2307571,73.155192,NH3,6,7,7
India,Maharashtra,Virar,"Bolinj, Virar - MPCB",09-09-2026 14:00:00,19.445821,72.7988231,PM2.5,12,63,25
India,Maharashtra,Virar,"Bolinj, Virar - MPCB",09-09-2026 14:00:00,19.445821,72.7988231,NH3,4,9,5
India,Meghalaya,Byrnihat,"15th Mile-Nongthymmai, Byrnihat -Meghalaya PCB",09-09-2026 14:00:00,26.079047,91.875185,NH3,0,1,0
India,Mizoram,Aizawl,"Sikulpuikawn, Aizawl - Mizoram PCB",09-09-2026 14:00:00,23.7176342,92.7192841,NH3,0,0,0
India,Nagaland,Kohima,"PWD Junction, Kohima - NPCB",09-09-2026 14:00:00,25.6635413,94.0989878,PM10,6,40,16
India,Nagaland,Kohima,"PWD Junction, Kohima - NPCB",09-09-2026 14:00:00,25.6635413,94.0989878,NO2,1,4,4
India,Odisha,Angul,"Hakimapada, Angul - OSPCB",09-09-2026 14:00:00,20.832874,85.104082,OZONE,38,117,65
India,Odisha,Balasore,"Kalidaspur, Balasore - OSPCB",09-09-2026 14:00:00,21.51161,86.89088,NH3,3,4,3
India,Odisha,Balasore,"Kalidaspur, Balasore - OSPCB",09-09-2026 14:00:00,21.51161,86.89088,CO,45,53,49
India,Odisha,Baripada,"Meher Colony, Baripada - OSPCB",09-09-2026 14:00:00,21.941841,86.728318,CO,5,33,17
India,Odisha,Bhubaneswar,"Patia, Bhubaneswar - OSPCB",09-09-2026 14:00:00,20.34652,85.8163,PM2.5,22,95,49
India,Odisha,Bhubaneswar,"Patia, Bhubaneswar - OSPCB",09-09-2026 14:00:00,20.34652,85.8163,NH3,3,10,6
India,Odisha,Bhubaneswar,"Lingraj Mandir, Bhubaneswar - OSPCB",09-09-2026 14:00:00,20.24079,85.836784,NO2,8,33,18
India,Odisha,Bhubaneswar,"Lingraj Mandir, Bhubaneswar - OSPCB",09-09-2026 14:00:00,20.24079,85.836784,CO,35,84,62
India,Odisha,Bileipada,"Tata Township, Bileipada - OSPCB",09-09-2026 14:00:00,22.06156703,85.47409613,PM10,43,170,90
India,Odisha,Bileipada,"Tata Township, Bileipada - OSPCB",09-09-2026 14:00:00,22.06156703,85.47409613,NO2,15,17,16
India,Odisha,Bileipada,"Tata Township, Bileipada - OSPCB",09-09-2026 14:00:00,22.06156703,85.47409613,SO2,5,6,6
India,Odisha,Bileipada,"Tata Township, Bileipada - OSPCB",09-09-2026 14:00:00,22.06156703,85.47409613,CO,33,34,34
India,Odisha,Bileipada,"Tata Township, Bileipada - OSPCB",09-09-2026 14:00:00,22.06156703,85.47409613,OZONE,16,18,17
India,Odisha,Brajrajnagar,"GM Office, Brajrajnagar - OSPCB",09-09-2026 14:00:00,21.8004996,83.8396977,PM10,35,468,147
India,Odisha,Brajrajnagar,"GM Office, Brajrajnagar - OSPCB",09-09-2026 14:00:00,21.8004996,83.8396977,CO,36,46,41
India,Odisha,Cuttack,"CDA Area, Cuttack - OSPCB",09-09-2026 14:00:00,20.48891,85.84768,PM10,56,157,100
India,Maharashtra,Parbhani,"Masoom Colony, Parbhani - MPCB",09-09-2026 14:00:00,19.265594,76.761463,PM2.5,3,67,38
India,Maharashtra,Parbhani,"Masoom Colony, Parbhani - MPCB",09-09-2026 14:00:00,19.265594,76.761463,NH3,2,3,3
India,Maharashtra,Parbhani,"Masoom Colony, Parbhani - MPCB",09-09-2026 14:00:00,19.265594,76.761463,SO2,0,1,1
India,Maharashtra,Pimpri-Chinchwad,"Gavalinagar, Pimpri Chinchwad - MPCB",09-09-2026 14:00:00,18.63673,73.82487,PM2.5,21,44,33
India,Maharashtra,Pimpri-Chinchwad,"Gavalinagar, Pimpri Chinchwad - MPCB",09-09-2026 14:00:00,18.63673,73.82487,PM10,28,51,40
India,Maharashtra,Pimpri-Chinchwad,"Savta Mali Nagar, Pimpri-Chinchwad - IITM",09-09-2026 14:00:00,18.614767,73.799516,NH3,NA,NA,NA
India,Maharashtra,Pimpri-Chinchwad,"Transport Nagar-Nigdi, Pune - IITM",09-09-2026 14:00:00,18.664282,73.763966,PM2.5,18,67,35
India,Maharashtra,Pimpri-Chinchwad,"Transport Nagar-Nigdi, Pune - IITM",09-09-2026 14:00:00,18.664282,73.763966,NH3,NA,NA,NA
India,Maharashtra,Pimpri-Chinchwad,"Transport Nagar-Nigdi, Pune - IITM",09-09-2026 14:00:00,18.664282,73.763966,SO2,NA,NA,NA
India,Maharashtra,Pimpri-Chinchwad,"Bhosari, Pune - IITM",09-09-2026 14:00:00,18.640051,73.848956,CO,27,33,31
India,Maharashtra,Pimpri-Chinchwad,"Park Street Wakad, Pimpri Chinchwad - MPCB",09-09-2026 14:00:00,18.59051,73.77946,CO,13,32,20
India,Maharashtra,Pimpri-Chinchwad,"Thergaon, Pimpri Chinchwad - MPCB",09-09-2026 14:00:00,18.616318,73.765797,NO2,16,33,22
India,Maharashtra,Pimpri-Chinchwad,"Bhumkar Nagar, Pune - IITM",09-09-2026 14:00:00,18.60577,73.749976,PM2.5,11,37,21
India,Maharashtra,Pune,"Dhankawadi, Pune - IITM",09-09-2026 14:00:00,18.459883,73.852193,PM2.5,13,52,29
India,Odisha,Rourkela,"Raghunathpali, Rourkela - OSPCB",09-09-2026 14:00:00,22.220833,84.809444,SO2,NA,NA,NA
India,Odisha,Rourkela,"Raghunathpali, Rourkela - OSPCB",09-09-2026 14:00:00,22.220833,84.809444,OZONE,2,11,8
India,Puducherry,Puducherry,"Jawahar Nagar, Puducherry - PPCC",09-09-2026 14:00:00,11.9309,79.8027,PM2.5,10,55,25
India,Puducherry,Puducherry,"Jawahar Nagar, Puducherry - PPCC",09-09-2026 14:00:00,11.9309,79.8027,PM10,26,80,44
India,Puducherry,Puducherry,"Jawahar Nagar, Puducherry - PPCC",09-09-2026 14:00:00,11.9309,79.8027,OZONE,6,99,43
India,Punjab,Amritsar,"Golden Temple, Amritsar - PPCB",09-09-2026 14:00:00,31.62,74.876512,NO2,18,23,21
India,Punjab,Bathinda,"Hardev Nagar, Bathinda - PPCB",09-09-2026 14:00:00,30.233011,74.907758,PM2.5,16,67,37
India,Punjab,Bathinda,"Hardev Nagar, Bathinda - PPCB",09-09-2026 14:00:00,30.233011,74.907758,NO2,27,32,30
India,Punjab,Bathinda,"Hardev Nagar, Bathinda - PPCB",09-09-2026 14:00:00,30.233011,74.907758,CO,14,26,23
India,Punjab,Khanna,"Kalal Majra, Khanna - PPCB",09-09-2026 14:00:00,30.736056,76.209694,NH3,4,10,6
India,Punjab,Patiala,"Model Town, Patiala - PPCB",09-09-2026 14:00:00,30.349388,76.366642,PM2.5,22,95,36
India,Punjab,Patiala,"Model Town, Patiala - PPCB",09-09-2026 14:00:00,30.349388,76.366642,PM10,26,40,33
India,Punjab,Rupnagar,"Ratanpura, Rupnagar - Ambuja Cements",09-09-2026 14:00:00,31.0325454,76.5623046,PM10,8,71,38
India,Rajasthan,Hanumangarh,"Housing Board, Hanumangarh - RSPCB",09-09-2026 14:00:00,29.61075,74.283608,PM2.5,7,227,32
India,Rajasthan,Hanumangarh,"Housing Board, Hanumangarh - RSPCB",09-09-2026 14:00:00,29.61075,74.283608,NH3,5,8,5
India,Rajasthan,Hanumangarh,"Housing Board, Hanumangarh - RSPCB",09-09-2026 14:00:00,29.61075,74.283608,CO,14,16,15
India,Rajasthan,Jaipur,"Police Commissionerate, Jaipur - RSPCB",09-09-2026 14:00:00,26.9164092,75.7994901,NH3,2,13,7
India,Rajasthan,Jaipur,"Police Commissionerate, Jaipur - RSPCB",09-09-2026 14:00:00,26.9164092,75.7994901,OZONE,30,37,33
India,Rajasthan,Jaipur,"RIICO Sitapura, Jaipur - RSPCB",09-09-2026 14:00:00,26.786682,75.827928,PM2.5,18,93,45
India,Rajasthan,Jaipur,"Mansarovar Sector-12, Jaipur - RSPCB",09-09-2026 14:00:00,26.843698,75.766894,NO2,6,27,13
India,Rajasthan,Jaipur,"Shastri Nagar, Jaipur - RSPCB",09-09-2026 14:00:00,26.9502929,75.730943,PM10,70,105,87
India,Rajasthan,Jaipur,"Shastri Nagar, Jaipur - RSPCB",09-09-2026 14:00:00,26.9502929,75.730943,NO2,18,36,27
India,Rajasthan,Jaipur,"Shastri Nagar, Jaipur - RSPCB",09-09-2026 14:00:00,26.9502929,75.730943,SO2,14,40,25
India,Rajasthan,Jaipur,"Shastri Nagar, Jaipur - RSPCB",09-09-2026 14:00:00,26.9502929,75.730943,CO,17,38,24
India,Rajasthan,Jalore,"Mudtra Sili, Jalore - RSPCB",09-09-2026 14:00:00,25.344694,72.626208,PM2.5,3,38,22
India,Rajasthan,Bhilwara,"Pratap Nagar, Bhilwara - RSPCB",09-09-2026 14:00:00,25.339605,74.618883,NH3,3,10,8
India,Rajasthan,Bhiwadi,"Vasundhara Nagar_UIT, Bhiwadi - RSPCB",09-09-2026 14:00:00,28.207266,76.829265,NH3,7,13,10
India,Rajasthan,Bhiwadi,"RIICO Ind. Area III, Bhiwadi - RSPCB",09-09-2026 14:00:00,28.194909,76.862296,PM10,6,187,129
India,Rajasthan,Bhiwadi,"RIICO Ind. Area III, Bhiwadi - RSPCB",09-09-2026 14:00:00,28.194909,76.862296,NO2,29,72,45
India,Rajasthan,Bhiwadi,"RIICO Ind. Area III, Bhiwadi - RSPCB",09-09-2026 14:00:00,28.194909,76.862296,SO2,8,23,13
India,Rajasthan,Bhiwadi,"RIICO Ind. Area III, Bhiwadi - RSPCB",09-09-2026 14:00:00,28.194909,76.862296,CO,28,49,38
India,Rajasthan,Bikaner,"MM Ground, Bikaner - RSPCB",09-09-2026 14:00:00,28.018792,73.292658,NO2,4,20,10
India,Rajasthan,Bundi,"New Colony, Bundi - RSPCB",09-09-2026 14:00:00,25.435774,75.644272,NH3,NA,NA,NA
India,Rajasthan,Chittorgarh,"Shastri Nagar, Chittorgarh - RSPCB",09-09-2026 14:00:00,24.892047,74.623527,PM10,65,97,78
India,Rajasthan,Dausa,"Khatikan Mohalla, Dausa - RSPCB",09-09-2026 14:00:00,26.895552,76.334753,NH3,NA,NA,NA
India,Rajasthan,Dausa,"Khatikan Mohalla, Dausa - RSPCB",09-09-2026 14:00:00,26.895552,76.334753,SO2,1,9,2
India,Maharashtra,Pune,"Dhankawadi, Pune - IITM",09-09-2026 14:00:00,18.459883,73.852193,NO2,10,16,13
India,Maharashtra,Pune,"Dhankawadi, Pune - IITM",09-09-2026 14:00:00,18.459883,73.852193,NH3,NA,NA,NA
India,Maharashtra,Pune,"Panchawati_Pashan, Pune - IITM",09-09-2026 14:00:00,18.536457,73.805454,OZONE,NA,NA,NA
India,Maharashtra,Pune,"Mhada Colony, Pune - IITM",09-09-2026 14:00:00,18.57304,73.927715,NH3,NA,NA,NA
India,Maharashtra,Pune,"Revenue Colony-Shivajinagar, Pune - IITM",09-09-2026 14:00:00,18.530085,73.849598,PM2.5,13,55,35
India,Maharashtra,Pune,"Revenue Colony-Shivajinagar, Pune - IITM",09-09-2026 14:00:00,18.530085,73.849598,PM10,57,108,83
India,Maharashtra,Pune,"Hadapsar, Pune - IITM",09-09-2026 14:00:00,18.501793,73.927532,PM10,25,109,62
India,Maharashtra,Pune,"Hadapsar, Pune - IITM",09-09-2026 14:00:00,18.501793,73.927532,NH3,NA,NA,NA
India,Maharashtra,Pune,"Hadapsar, Pune - IITM",09-09-2026 14:00:00,18.501793,73.927532,CO,28,100,66
India,Maharashtra,Sangli,"Vijay Nagar, Sangli - MPCB",09-09-2026 14:00:00,16.5038,74.3623,PM10,24,43,35
India,Maharashtra,Sangli,"Vijay Nagar, Sangli - MPCB",09-09-2026 14:00:00,16.5038,74.3623,NO2,1,10,5
India,Maharashtra,Sangli,"Vijay Nagar, Sangli - MPCB",09-09-2026 14:00:00,16.5038,74.3623,NH3,0,3,2
India,Maharashtra,Sangli,"Vijay Nagar, Sangli - MPCB",09-09-2026 14:00:00,16.5038,74.3623,OZONE,4,9,7
India,Odisha,Keonjhar,"Jagamohanpur, Keonjhar - OSPCB",09-09-2026 14:00:00,21.6439,85.599355,NH3,2,2,2
India,Odisha,Nayagarh,"Dabuna, Nayagarh - OSPCB",09-09-2026 14:00:00,21.847279,85.416905,NH3,5,8,6
India,Odisha,Paradeep,"Nua Sandhakuda, Paradeep - OSPCB",09-09-2026 14:00:00,20.258828,86.665185,PM2.5,28,47,36
India,Odisha,Paradeep,"Nua Sandhakuda, Paradeep - OSPCB",09-09-2026 14:00:00,20.258828,86.665185,NO2,12,17,13
India,Odisha,Rairangpur,"Divisional Forest Office, Rairangpur - OSPCB",09-09-2026 14:00:00,22.265816,86.174829,CO,17,22,20
India,Odisha,Rourkela,"Sector-2, Rourkela - OSPCB",09-09-2026 14:00:00,22.245,84.88111111,CO,10,10,10
India,Odisha,Rourkela,"Fertilizer Township, Rourkela - OSPCB",09-09-2026 14:00:00,22.18972222,84.86277778,NO2,NA,NA,NA
India,Odisha,Rourkela,"Fertilizer Township, Rourkela - OSPCB",09-09-2026 14:00:00,22.18972222,84.86277778,OZONE,NA,NA,NA
India,Rajasthan,Alwar,"Vigyan Nagar, Alwar - RSPCB",09-09-2026 14:00:00,27.598796,76.63861,NO2,8,24,11
India,Rajasthan,Alwar,"Moti Doongri, Alwar - RSPCB",09-09-2026 14:00:00,27.554793,76.611536,PM10,92,117,106
India,Rajasthan,Alwar,"Moti Doongri, Alwar - RSPCB",09-09-2026 14:00:00,27.554793,76.611536,CO,59,86,69
India,Rajasthan,Baran,"Bamboliya, Baran - RSPCB",09-09-2026 14:00:00,25.106006,76.469948,SO2,3,5,4
India,Rajasthan,Barmer,"Railway Colony, Barmer - RSPCB",09-09-2026 14:00:00,25.747299,71.393989,CO,45,53,50
India,Rajasthan,Bharatpur,"Krishna Nagar, Bharatpur - RSPCB",09-09-2026 14:00:00,27.215415,77.50873,SO2,4,6,5
India,Rajasthan,Bhilwara,"Pratap Nagar, Bhilwara - RSPCB",09-09-2026 14:00:00,25.339605,74.618883,NO2,10,23,17
India,Rajasthan,Pratapgarh,"Pragati Nagar, Pratapgarh - RSPCB",09-09-2026 14:00:00,24.041198,74.780702,PM2.5,18,65,36
India,Rajasthan,Pratapgarh,"Pragati Nagar, Pratapgarh - RSPCB",09-09-2026 14:00:00,24.041198,74.780702,NO2,7,25,10
India,Rajasthan,Pratapgarh,"Pragati Nagar, Pratapgarh - RSPCB",09-09-2026 14:00:00,24.041198,74.780702,OZONE,18,57,39
India,Rajasthan,Rajsamand,"Dhoinda, Rajsamand - RSPCB",09-09-2026 14:00:00,25.03636,73.883502,NO2,5,19,11
India,Rajasthan,Rajsamand,"Dhoinda, Rajsamand - RSPCB",09-09-2026 14:00:00,25.03636,73.883502,NH3,5,9,8
India,Rajasthan,Sawai Madhopur,"Sahu Nagar, Sawai Madhopur - RSPCB",09-09-2026 14:00:00,26.031443,76.359327,PM2.5,6,78,47
India,Rajasthan,Sawai Madhopur,"Sahu Nagar, Sawai Madhopur - RSPCB",09-09-2026 14:00:00,26.031443,76.359327,PM10,74,147,106
India,Rajasthan,Sirohi,"Vedhaynath Colony, Sirohi - RSPCB",09-09-2026 14:00:00,24.885261,72.857549,NH3,3,4,3
India,Rajasthan,Sri Ganganagar,"Old City, Sri Ganganagar - RSPCB",09-09-2026 14:00:00,29.931624,73.864511,SO2,2,7,4
India,Rajasthan,Tonk,"Shastri Nagar, Tonk - RSPCB",09-09-2026 14:00:00,26.159933,75.780517,CO,86,133,116
India,Rajasthan,Udaipur,"Ashok Nagar, Udaipur - RSPCB",09-09-2026 14:00:00,24.5886166,73.6321397,PM10,64,115,91
India,Rajasthan,Udaipur,"Ashok Nagar, Udaipur - RSPCB",09-09-2026 14:00:00,24.5886166,73.6321397,NO2,13,27,20
India,Sikkim,Gangtok,"Zero Point GICI, Gangtok - SSPCB",09-09-2026 14:00:00,27.33853,88.614099,NH3,1,7,1
India,Sikkim,Gangtok,"Zero Point GICI, Gangtok - SSPCB",09-09-2026 14:00:00,27.33853,88.614099,OZONE,1,3,2
India,Tamil Nadu,Chennai,"Perungudi, Chennai - TNPCB",09-09-2026 14:00:00,12.9533,80.2357,PM2.5,NA,NA,NA
India,Tamil Nadu,Chennai,"Perungudi, Chennai - TNPCB",09-09-2026 14:00:00,12.9533,80.2357,PM10,NA,NA,NA
India,Tamil Nadu,Chennai,"Perungudi, Chennai - TNPCB",09-09-2026 14:00:00,12.9533,80.2357,SO2,2,7,4
India,Tamil Nadu,Chennai,"Perungudi, Chennai - TNPCB",09-09-2026 14:00:00,12.9533,80.2357,OZONE,1,4,2
India,Tamil Nadu,Chennai,"Kodungaiyur, Chennai - TNPCB",09-09-2026 14:00:00,13.1278,80.2642,PM2.5,25,86,56
India,Tamil Nadu,Chennai,"Kodungaiyur, Chennai - TNPCB",09-09-2026 14:00:00,13.1278,80.2642,NO2,11,15,14
India,Tamil Nadu,Chennai,"Royapuram, Chennai - TNPCB",09-09-2026 14:00:00,13.1036,80.2909,SO2,4,6,5
India,Tamil Nadu,Chennai,"Royapuram, Chennai - TNPCB",09-09-2026 14:00:00,13.1036,80.2909,CO,47,56,51
India,Tamil Nadu,Chennai,"Manali, Chennai - CPCB",09-09-2026 14:00:00,13.164544,80.26285,NO2,9,12,10
India,Tamil Nadu,Chennai,"Manali Village, Chennai - TNPCB",09-09-2026 14:00:00,13.1662,80.2584,PM2.5,5,58,40
India,Tamil Nadu,Chennai,"Manali Village, Chennai - TNPCB",09-09-2026 14:00:00,13.1662,80.2584,NH3,1,2,2
India,Tamil Nadu,Coimbatore,"SIDCO Kurichi, Coimbatore - TNPCB",09-09-2026 14:00:00,10.942451,76.978996,OZONE,19,20,20
India,Tamil Nadu,Cuddalore,"Semmandalam, Cuddalore - TNPCB",09-09-2026 14:00:00,11.7637683,79.7499835,SO2,NA,NA,NA
India,Tamil Nadu,Cuddalore,"Semmandalam, Cuddalore - TNPCB",09-09-2026 14:00:00,11.7637683,79.7499835,OZONE,2,2,2
India,Tamil Nadu,Thoothukudi,"Meelavittan, Thoothukudi - TNPCB",09-09-2026 14:00:00,8.816428,78.099039,PM2.5,NA,NA,NA
India,Tamil Nadu,Thoothukudi,"Meelavittan, Thoothukudi - TNPCB",09-09-2026 14:00:00,8.816428,78.099039,NH3,NA,NA,NA
India,Tamil Nadu,Thoothukudi,"Meelavittan, Thoothukudi - TNPCB",09-09-2026 14:00:00,8.816428,78.099039,CO,19,35,28
India,Telangana,Hyderabad,"ICRISAT Patancheru, Hyderabad - TSPCB",09-09-2026 14:00:00,17.5184,78.278777,PM2.5,8,57,26
India,Telangana,Hyderabad,"IITH Kandi, Hyderabad - TSPCB",09-09-2026 14:00:00,17.585705,78.126199,PM2.5,34,52,40
India,Uttar Pradesh,Ghaziabad,"Vasundhara, Ghaziabad - UPPCB",09-09-2026 14:00:00,28.6603346,77.3572563,PM10,91,294,160
India,Uttar Pradesh,Ghaziabad,"Vasundhara, Ghaziabad - UPPCB",09-09-2026 14:00:00,28.6603346,77.3572563,NO2,29,112,51
India,Uttar Pradesh,Ghaziabad,"Vasundhara, Ghaziabad - UPPCB",09-09-2026 14:00:00,28.6603346,77.3572563,CO,29,36,33
India,Uttar Pradesh,Ghaziabad,"Indirapuram, Ghaziabad - UPPCB",09-09-2026 14:00:00,28.646233,77.358075,SO2,NA,NA,NA
India,Uttar Pradesh,Ghaziabad,"Govindpuram, Ghaziabad - UPPCB",09-09-2026 14:00:00,28.694528,77.494705,PM2.5,7,18,10
India,Uttar Pradesh,Ghaziabad,"Sanjay Nagar, Ghaziabad - UPPCB",09-09-2026 14:00:00,28.685382,77.453839,SO2,2,9,4
India,Uttar Pradesh,Ghaziabad,"Loni, Ghaziabad - UPPCB",09-09-2026 14:00:00,28.757294,77.278792,SO2,12,24,17
India,Uttar Pradesh,Ghaziabad,"Wave City, Ghaziabad - UPPCB",09-09-2026 14:00:00,28.646675,77.489049,CO,78,95,87
India,Uttar Pradesh,Ghaziabad,"Wave City, Ghaziabad - UPPCB",09-09-2026 14:00:00,28.646675,77.489049,OZONE,1,17,9
India,Uttar Pradesh,Ghaziabad,"Ved Vihar-Loni, Ghaziabad - UPPCB",09-09-2026 14:00:00,28.739153,77.273668,CO,76,90,83
India,Uttar Pradesh,Greater Noida,"Knowledge Park - V, Greater Noida - UPPCB",09-09-2026 14:00:00,28.557054,77.453663,OZONE,3,43,20
India,Uttar Pradesh,Greater Noida,"Knowledge Park - III, Greater Noida - UPPCB",09-09-2026 14:00:00,28.47272,77.482,PM10,81,500,191
India,Uttar Pradesh,Baghpat,"Sardar Patel Inter College, Baghpat - UPPCB",09-09-2026 14:00:00,28.964949,77.278761,CO,37,52,42
India,Uttar Pradesh,Bareilly,"Civil Lines, Bareilly - UPPCB",09-09-2026 14:00:00,28.359581,79.414455,PM2.5,29,47,38
India,Uttar Pradesh,Bareilly,"Rajendra Nagar, Bareilly - UPPCB",09-09-2026 14:00:00,28.38910936,79.42963708,PM10,NA,NA,NA
India,Uttar Pradesh,Bulandshahr,"Yamunapuram, Bulandshahr - UPPCB",09-09-2026 14:00:00,28.406963,77.849831,PM2.5,44,144,79
India,Uttar Pradesh,Fatehpur Sikri,"Dadupura, Fatehpur Sikri - UPPCB",09-09-2026 14:00:00,27.097694,77.671335,NH3,2,2,2
India,Uttar Pradesh,Fatehpur Sikri,"Dadupura, Fatehpur Sikri - UPPCB",09-09-2026 14:00:00,27.097694,77.671335,CO,12,17,14
India,Uttar Pradesh,Firozabad,"Vibhab Nagar, Firozabad - UPPCB",09-09-2026 14:00:00,27.1594,78.3953,PM2.5,21,36,31
India,Uttar Pradesh,Firozabad,"Nagla Bhau, Firozabad - UPPCB",09-09-2026 14:00:00,27.168897,78.37696,PM10,NA,NA,NA
India,Uttar Pradesh,Firozabad,"Nagla Bhau, Firozabad - UPPCB",09-09-2026 14:00:00,27.168897,78.37696,CO,8,21,16
India,Uttar Pradesh,Gajraula,"Rajanpur, Gajraula - UPPCB",09-09-2026 14:00:00,28.829109,78.248796,OZONE,0,17,8
India,Telangana,Hyderabad,"Kompally Municipal Office, Hyderabad - TSPCB",09-09-2026 14:00:00,17.544899,78.486949,NO2,13,16,13
India,Telangana,Hyderabad,"Kompally Municipal Office, Hyderabad - TSPCB",09-09-2026 14:00:00,17.544899,78.486949,NH3,2,4,2
India,Uttar Pradesh,Agra,"Rohta, Agra - UPPCB",09-09-2026 14:00:00,27.106972,78.000111,PM2.5,22,52,36
India,Uttar Pradesh,Agra,"Rohta, Agra - UPPCB",09-09-2026 14:00:00,27.106972,78.000111,PM10,46,158,79
India,Uttar Pradesh,Agra,"Rohta, Agra - UPPCB",09-09-2026 14:00:00,27.106972,78.000111,SO2,15,25,17
India,Uttar Pradesh,Agra,"Shahjahan Garden, Agra - UPPCB",09-09-2026 14:00:00,27.169338,78.03582,PM10,37,49,42
India,Uttar Pradesh,Agra,"Sanjay Palace, Agra - UPPCB",09-09-2026 14:00:00,27.19865833,78.00598056,PM10,35,145,98
India,Uttar Pradesh,Agra,"Sanjay Palace, Agra - UPPCB",09-09-2026 14:00:00,27.19865833,78.00598056,CO,35,37,36
India,Uttar Pradesh,Baghpat,"Sardar Patel Inter College, Baghpat - UPPCB",09-09-2026 14:00:00,28.964949,77.278761,PM2.5,25,89,44
India,Uttar Pradesh,Baghpat,"Sardar Patel Inter College, Baghpat - UPPCB",09-09-2026 14:00:00,28.964949,77.278761,NO2,22,71,34
India,Uttar Pradesh,Baghpat,"Sardar Patel Inter College, Baghpat - UPPCB",09-09-2026 14:00:00,28.964949,77.278761,NH3,2,6,3
India,Uttar Pradesh,Hapur,"Anand Vihar, Hapur - UPPCB",09-09-2026 14:00:00,28.725645,77.749675,PM2.5,54,242,109
India,Uttar Pradesh,Jhansi,"Shivaji Nagar, Jhansi - UPPCB",09-09-2026 14:00:00,25.4547,78.6039,OZONE,5,9,6
India,Uttar Pradesh,Kanpur,"NSI Kalyanpur, Kanpur - UPPCB",09-09-2026 14:00:00,26.509954,80.249612,CO,12,13,12
India,Uttar Pradesh,Kanpur,"FTI Kidwai Nagar, Kanpur - UPPCB",09-09-2026 14:00:00,26.428282,80.327067,PM2.5,37,100,59
India,Uttar Pradesh,Kanpur,"FTI Kidwai Nagar, Kanpur - UPPCB",09-09-2026 14:00:00,26.428282,80.327067,NO2,26,27,27
India,Uttar Pradesh,Kanpur,"FTI Kidwai Nagar, Kanpur - UPPCB",09-09-2026 14:00:00,26.428282,80.327067,OZONE,10,10,10
India,Uttar Pradesh,Kanpur,"Nehru Nagar, Kanpur - UPPCB",09-09-2026 14:00:00,26.4703136,80.3229863,PM2.5,22,93,53
India,Uttar Pradesh,Khora,"Prashant Garden, Khora - UPPCB",09-09-2026 14:00:00,28.61119,77.34206,PM2.5,82,163,116
India,Uttar Pradesh,Khora,"Prashant Garden, Khora - UPPCB",09-09-2026 14:00:00,28.61119,77.34206,OZONE,14,16,15
India,Uttar Pradesh,Lucknow,"Gomti Nagar, Lucknow - UPPCB",09-09-2026 14:00:00,26.86812,81.005119,SO2,11,11,11
India,Rajasthan,Khairthal,"New Anaj Mandi, Khairthal - RSPCB",09-09-2026 14:00:00,27.8015617,76.6365217,NH3,2,3,3
India,Rajasthan,Khairthal,"New Anaj Mandi, Khairthal - RSPCB",09-09-2026 14:00:00,27.8015617,76.6365217,CO,79,94,88
India,Rajasthan,Kota,"Shrinath Puram, Kota - RSPCB",09-09-2026 14:00:00,25.14389,75.821256,NO2,3,21,10
India,Rajasthan,Kota,"Shrinath Puram, Kota - RSPCB",09-09-2026 14:00:00,25.14389,75.821256,SO2,4,8,6
India,Rajasthan,Kota,"Shrinath Puram, Kota - RSPCB",09-09-2026 14:00:00,25.14389,75.821256,OZONE,11,19,14
India,Rajasthan,Kota,"Dhanmandi, Kota - RSPCB",09-09-2026 14:00:00,25.16409,75.858137,CO,13,16,15
India,Rajasthan,Kota,"Nayapura, Kota - RSPCB",09-09-2026 14:00:00,25.196024,75.855668,NO2,7,34,17
India,Rajasthan,Nagaur,"Karni Colony, Nagaur - RSPCB",09-09-2026 14:00:00,27.213494,73.734444,NO2,4,17,7
India,Rajasthan,Pali,"Indira Colony Vistar, Pali - RSPCB",09-09-2026 14:00:00,25.771061,73.340227,PM2.5,55,85,63
India,Rajasthan,Pali,"Indira Colony Vistar, Pali - RSPCB",09-09-2026 14:00:00,25.771061,73.340227,NH3,4,10,6
India,Telangana,Hyderabad,"Nacharam_TSIIC IALA, Hyderabad - TSPCB",09-09-2026 14:00:00,17.429398,78.569354,PM2.5,NA,NA,NA
India,Telangana,Hyderabad,"Nacharam_TSIIC IALA, Hyderabad - TSPCB",09-09-2026 14:00:00,17.429398,78.569354,NO2,NA,NA,NA
India,Telangana,Hyderabad,"Ramachandrapuram, Hyderabad - TSPCB",09-09-2026 14:00:00,17.528544,78.286195,PM2.5,27,41,32
India,Telangana,Hyderabad,"Central University, Hyderabad - TSPCB",09-09-2026 14:00:00,17.460103,78.334361,PM2.5,15,36,24
India,Telangana,Hyderabad,"Central University, Hyderabad - TSPCB",09-09-2026 14:00:00,17.460103,78.334361,OZONE,8,12,11
India,Telangana,Hyderabad,"Somajiguda, Hyderabad - TSPCB",09-09-2026 14:00:00,17.417094,78.457437,PM10,72,117,91
India,Telangana,Hyderabad,"Somajiguda, Hyderabad - TSPCB",09-09-2026 14:00:00,17.417094,78.457437,NO2,17,20,19
India,Telangana,Hyderabad,"Sanathnagar, Hyderabad - TSPCB",09-09-2026 14:00:00,17.4559458,78.4332152,OZONE,12,16,14
India,Rajasthan,Jhunjhunu,"Indra Nagar, Jhunjhunu - RSPCB",09-09-2026 14:00:00,28.108988,75.386577,OZONE,25,54,41
India,Rajasthan,Jodhpur,"Samrat Ashok Udhyan, Jodhpur - RSPCB",09-09-2026 14:00:00,26.253384,72.976571,OZONE,19,38,28
India,Rajasthan,Jodhpur,"Collectorate, Jodhpur - RSPCB",09-09-2026 14:00:00,26.268249,73.0193853,OZONE,19,23,21
India,Rajasthan,Jodhpur,"Jhalamand, Jodhpur - RSPCB",09-09-2026 14:00:00,26.215415,73.070156,PM2.5,13,52,27
India,Rajasthan,Jodhpur,"Mandor, Jodhpur - RSPCB",09-09-2026 14:00:00,26.358805,73.047444,PM2.5,12,45,23
India,Rajasthan,Jodhpur,"Mandor, Jodhpur - RSPCB",09-09-2026 14:00:00,26.358805,73.047444,NO2,3,10,6
India,Uttar Pradesh,Lucknow,"B R Ambedkar University, Lucknow - UPPCB",09-09-2026 14:00:00,26.766433,80.927299,NO2,11,12,12
India,Uttar Pradesh,Mathura,"Pali Dungra, Mathura - UPPCB",09-09-2026 14:00:00,27.410954,77.550619,NO2,4,6,5
India,Uttar Pradesh,Mathura,"Pali Dungra, Mathura - UPPCB",09-09-2026 14:00:00,27.410954,77.550619,NH3,1,2,1
India,Uttar Pradesh,Meerut,"Pallavpuram Phase 2, Meerut - UPPCB",09-09-2026 14:00:00,29.06351,77.709723,NH3,6,8,7
India,Uttar Pradesh,Meerut,"Jai Bhim Nagar, Meerut - UPPCB",09-09-2026 14:00:00,28.9535882,77.7622941,PM10,78,168,114
India,Uttar Pradesh,Meerut,"Jai Bhim Nagar, Meerut - UPPCB",09-09-2026 14:00:00,28.9535882,77.7622941,NO2,11,45,24
India,Uttar Pradesh,Meerut,"Jai Bhim Nagar, Meerut - UPPCB",09-09-2026 14:00:00,28.9535882,77.7622941,CO,10,11,11
India,Uttar Pradesh,Meerut,"Jai Bhim Nagar, Meerut - UPPCB",09-09-2026 14:00:00,28.9535882,77.7622941,OZONE,15,73,44
India,Uttar Pradesh,Modinagar,"SRM University, Modinagar - UPPCB",09-09-2026 14:00:00,28.798171,77.540243,NO2,17,52,27
India,Uttar Pradesh,Modinagar,"SRM University, Modinagar - UPPCB",09-09-2026 14:00:00,28.798171,77.540243,SO2,17,18,17
India,Uttar Pradesh,Modinagar,"SRM University, Modinagar - UPPCB",09-09-2026 14:00:00,28.798171,77.540243,OZONE,1,35,18
India,Uttar Pradesh,Moradabad,"Employment Office, Moradabad - UPPCB",09-09-2026 14:00:00,28.88528,78.7388,CO,11,13,12
India,Uttar Pradesh,Moradabad,"Jigar Colony, Moradabad - UPPCB",09-09-2026 14:00:00,28.856664,78.772638,PM10,68,107,84
India,Uttar Pradesh,Moradabad,"Transport Nagar, Moradabad - UPPCB",09-09-2026 14:00:00,28.802625,78.753728,PM10,99,137,116
India,Uttar Pradesh,Moradabad,"Kashiram Nagar, Moradabad - UPPCB",09-09-2026 14:00:00,28.849399,78.742362,PM2.5,11,122,69
India,Uttar Pradesh,Moradabad,"Kashiram Nagar, Moradabad - UPPCB",09-09-2026 14:00:00,28.849399,78.742362,PM10,7,112,76
India,Uttar Pradesh,Moradabad,"Kashiram Nagar, Moradabad - UPPCB",09-09-2026 14:00:00,28.849399,78.742362,NO2,24,25,25
India,Uttar Pradesh,Moradabad,"Kashiram Nagar, Moradabad - UPPCB",09-09-2026 14:00:00,28.849399,78.742362,CO,36,48,41
India,Uttar Pradesh,Moradabad,"Kashiram Nagar, Moradabad - UPPCB",09-09-2026 14:00:00,28.849399,78.742362,OZONE,14,39,23
India,Uttar Pradesh,Moradabad,"Eco Herbal Park, Moradabad - UPPCB",09-09-2026 14:00:00,28.840739,78.697531,PM10,29,118,83
India,Uttar Pradesh,Moradabad,"Eco Herbal Park, Moradabad - UPPCB",09-09-2026 14:00:00,28.840739,78.697531,NH3,6,7,7
India,Uttar Pradesh,Moradabad,"Eco Herbal Park, Moradabad - UPPCB",09-09-2026 14:00:00,28.840739,78.697531,SO2,9,14,12
India,Uttar Pradesh,Moradabad,"Buddhi Vihar, Moradabad - UPPCB",09-09-2026 14:00:00,28.83526,78.7446,NH3,5,5,5
India,Uttar Pradesh,Noida,"Sector - 62, Noida - IITM",09-09-2026 14:00:00,28.6245479,77.3577104,PM2.5,51,141,79
India,Uttar Pradesh,Noida,"Sector - 62, Noida - IITM",09-09-2026 14:00:00,28.6245479,77.3577104,OZONE,13,24,18
India,Uttar Pradesh,Noida,"Sector-116, Noida - UPPCB",09-09-2026 14:00:00,28.56923,77.393848,PM10,120,240,172
India,Uttar Pradesh,Noida,"Sector-116, Noida - UPPCB",09-09-2026 14:00:00,28.56923,77.393848,NO2,20,84,47
India,Uttar Pradesh,Prayagraj,"Motilal Nehru NIT, Prayagraj - UPPCB",09-09-2026 14:00:00,25.494,81.863,CO,4,12,8
India,Uttar Pradesh,Prayagraj,"Nagar Nigam, Prayagraj - UPPCB",09-09-2026 14:00:00,25.44919916,81.82735986,SO2,35,75,66
India,Uttar Pradesh,Shamli,"New Tehsil, Shamli - UPPCB",09-09-2026 14:00:00,29.4603683,77.3410291,SO2,1,3,2
India,Uttar Pradesh,Shamli,"New Tehsil, Shamli - UPPCB",09-09-2026 14:00:00,29.4603683,77.3410291,OZONE,17,18,17
India,Uttar Pradesh,Varanasi,"Bhelupur, Varanasi - UPPCB",09-09-2026 14:00:00,25.301778,82.996789,PM2.5,NA,NA,NA
India,Uttar Pradesh,Varanasi,"Bhelupur, Varanasi - UPPCB",09-09-2026 14:00:00,25.301778,82.996789,NO2,8,8,8
India,Uttar Pradesh,Varanasi,"Bhelupur, Varanasi - UPPCB",09-09-2026 14:00:00,25.301778,82.996789,NH3,1,1,1
India,Uttar Pradesh,Varanasi,"Bhelupur, Varanasi - UPPCB",09-09-2026 14:00:00,25.301778,82.996789,CO,9,12,10
India,Uttar Pradesh,Varanasi,"IESD Banaras Hindu University, Varanasi - UPPCB",09-09-2026 14:00:00,25.262326,82.995408,PM2.5,4,63,29
India,Uttar Pradesh,Varanasi,"IESD Banaras Hindu University, Varanasi - UPPCB",09-09-2026 14:00:00,25.262326,82.995408,NO2,2,2,2
India,Uttar Pradesh,Varanasi,"IESD Banaras Hindu University, Varanasi - UPPCB",09-09-2026 14:00:00,25.262326,82.995408,SO2,19,54,27
India,Uttar Pradesh,Varanasi,"Maldahiya, Varanasi - UPPCB",09-09-2026 14:00:00,25.32393,82.99687,SO2,30,32,30
India,Uttar Pradesh,Varanasi,"Ardhali Bazar, Varanasi - UPPCB",09-09-2026 14:00:00,25.3505986,82.9083074,NO2,21,23,22
India,Uttar Pradesh,Vrindavan," Chhatikara, Vrindavan - UPPCB",09-09-2026 14:00:00,27.57194,77.62346,PM10,76,132,99
India,Uttarakhand,Dehradun,"Doon University, Dehradun - UKPCB",09-09-2026 14:00:00,30.269444,78.044167,PM2.5,13,126,67
India,Uttarakhand,Dehradun,"Doon University, Dehradun - UKPCB",09-09-2026 14:00:00,30.269444,78.044167,PM10,65,149,95
India,Uttarakhand,Dehradun,"Doon University, Dehradun - UKPCB",09-09-2026 14:00:00,30.269444,78.044167,NH3,NA,NA,NA
India,Uttarakhand,Kashipur,"Govt. Girls Inter College, Kashipur - UKPCB",09-09-2026 14:00:00,29.2124114,78.9611753,SO2,NA,NA,NA
India,Uttarakhand,Rishikesh,"Shivaji Nagar, Rishikesh - UKPCB",09-09-2026 14:00:00,30.075911,78.2859547,NO2,6,6,6
India,West Bengal,Asansol,"Asansol Court Area, Asansol - WBPCB",09-09-2026 14:00:00,23.685297,86.945968,PM10,37,94,52
India,West Bengal,Asansol,"Trivenidevi Bhalotia College, Asansol - WBPCB",09-09-2026 14:00:00,23.616515,87.119133,SO2,34,39,35
India,West Bengal,Asansol,"Mahabir Colliery, Asansol - WBPCB",09-09-2026 14:00:00,23.618183,87.105718,PM2.5,18,96,49
India,West Bengal,Asansol,"Mahabir Colliery, Asansol - WBPCB",09-09-2026 14:00:00,23.618183,87.105718,PM10,29,84,47
India,West Bengal,Asansol,"Mahabir Colliery, Asansol - WBPCB",09-09-2026 14:00:00,23.618183,87.105718,NO2,1,15,5
India,West Bengal,Asansol,"Mahabir Colliery, Asansol - WBPCB",09-09-2026 14:00:00,23.618183,87.105718,NH3,0,6,4
India,West Bengal,Asansol,"Mahabir Colliery, Asansol - WBPCB",09-09-2026 14:00:00,23.618183,87.105718,OZONE,9,20,14
India,West Bengal,Asansol,"Evelyn Lodge, Asansol - WBPCB",09-09-2026 14:00:00,23.697936,86.944395,NO2,7,33,16
India,West Bengal,Barrackpore,"SVSPA Campus, Barrackpore - WBPCB",09-09-2026 14:00:00,22.7605581,88.3617589,PM2.5,29,58,39
India,West Bengal,Barrackpore,"SVSPA Campus, Barrackpore - WBPCB",09-09-2026 14:00:00,22.7605581,88.3617589,NO2,7,27,15
India,West Bengal,Barrackpore,"SVSPA Campus, Barrackpore - WBPCB",09-09-2026 14:00:00,22.7605581,88.3617589,OZONE,4,18,12
India,West Bengal,Durgapur,"Mahishkapur Road_B-Zone, Durgapur - WBPCB",09-09-2026 14:00:00,23.567923,87.306843,PM10,30,104,61
India,West Bengal,Durgapur,"Mahishkapur Road_B-Zone, Durgapur - WBPCB",09-09-2026 14:00:00,23.567923,87.306843,NO2,4,34,16
India,West Bengal,Durgapur,"Mahishkapur Road_B-Zone, Durgapur - WBPCB",09-09-2026 14:00:00,23.567923,87.306843,SO2,1,8,2
India,West Bengal,Durgapur,"Mahishkapur Road_B-Zone, Durgapur - WBPCB",09-09-2026 14:00:00,23.567923,87.306843,CO,48,61,53
India,West Bengal,Durgapur,"Mahishkapur Road_B-Zone, Durgapur - WBPCB",09-09-2026 14:00:00,23.567923,87.306843,OZONE,9,54,30
India,West Bengal,Durgapur,"Womens College_City Center, Durgapur - WBPCB",09-09-2026 14:00:00,23.549395,87.300496,CO,27,49,36
India,West Bengal,Haldia,"Priyambada Housing Estate, Haldia - WBPCB",09-09-2026 14:00:00,22.06047,88.109737,NH3,5,18,11
India,West Bengal,Howrah,"Ghusuri, Howrah - WBPCB",09-09-2026 14:00:00,22.611968,88.347422,CO,24,37,29
India,West Bengal,Howrah,"Padmapukur, Howrah - WBPCB",09-09-2026 14:00:00,22.5687319,88.2797276,PM2.5,16,41,27
India,West Bengal,Howrah,"Padmapukur, Howrah - WBPCB",09-09-2026 14:00:00,22.5687319,88.2797276,SO2,4,8,6
India,West Bengal,Howrah,"Padmapukur, Howrah - WBPCB",09-09-2026 14:00:00,22.5687319,88.2797276,OZONE,10,31,21
India,West Bengal,Howrah,"Dasnagar, Howrah - WBPCB",09-09-2026 14:00:00,22.6025571,88.3105664,NH3,1,6,2
India,West Bengal,Howrah,"Dasnagar, Howrah - WBPCB",09-09-2026 14:00:00,22.6025571,88.3105664,CO,49,60,53
India,West Bengal,Kolkata,"Victoria, Kolkata - WBPCB",09-09-2026 14:00:00,22.5448082,88.3403691,PM2.5,29,55,39
India,West Bengal,Kolkata,"Victoria, Kolkata - WBPCB",09-09-2026 14:00:00,22.5448082,88.3403691,PM10,27,54,36
India,West Bengal,Kolkata,"Victoria, Kolkata - WBPCB",09-09-2026 14:00:00,22.5448082,88.3403691,NH3,5,6,5
India,West Bengal,Kolkata,"Ballygunge, Kolkata - WBPCB",09-09-2026 14:00:00,22.5367507,88.3638022,NH3,7,8,7
India,West Bengal,Kolkata,"Ballygunge, Kolkata - WBPCB",09-09-2026 14:00:00,22.5367507,88.3638022,SO2,4,10,7
India,West Bengal,Kolkata,"Ballygunge, Kolkata - WBPCB",09-09-2026 14:00:00,22.5367507,88.3638022,OZONE,15,18,16
India,West Bengal,Kolkata,"Rabindra Sarobar, Kolkata - WBPCB",09-09-2026 14:00:00,22.51106,88.35142,NH3,5,9,8
India,West Bengal,Kolkata,"Rabindra Sarobar, Kolkata - WBPCB",09-09-2026 14:00:00,22.51106,88.35142,CO,16,23,20
India,West Bengal,Kolkata,"Jadavpur, Kolkata - WBPCB",09-09-2026 14:00:00,22.49929,88.36917,SO2,5,7,6
India,West Bengal,Kolkata,"Rabindra Bharati University, Kolkata - WBPCB",09-09-2026 14:00:00,22.627847,88.380669,PM2.5,33,89,50
India,West Bengal,Kolkata,"Rabindra Bharati University, Kolkata - WBPCB",09-09-2026 14:00:00,22.627847,88.380669,NH3,5,20,10
India,West Bengal,Kolkata,"Rabindra Bharati University, Kolkata - WBPCB",09-09-2026 14:00:00,22.627847,88.380669,CO,32,36,34
India,West Bengal,Kolkata,"Fort William, Kolkata - WBPCB",09-09-2026 14:00:00,22.55664,88.342674,SO2,5,6,5
India,West Bengal,Kolkata,"Bidhannagar, Kolkata - WBPCB",09-09-2026 14:00:00,22.58157048,88.41002457,PM2.5,23,63,42
India,West Bengal,Kolkata,"Bidhannagar, Kolkata - WBPCB",09-09-2026 14:00:00,22.58157048,88.41002457,OZONE,18,52,35
India,West Bengal,Siliguri,"Ward-32 Bapupara, Siliguri - WBPCB",09-09-2026 14:00:00,26.6879226,88.4152495,PM10,26,41,33
India,Bihar,Begusarai,"Lohiyanagar, Begusarai - BSPCB",09-09-2026 14:00:00,25.42742023,86.13886079,PM2.5,37,140,90
India,Bihar,Begusarai,"Lohiyanagar, Begusarai - BSPCB",09-09-2026 14:00:00,25.42742023,86.13886079,NH3,2,3,2
India,Bihar,Begusarai,"Lohiyanagar, Begusarai - BSPCB",09-09-2026 14:00:00,25.42742023,86.13886079,SO2,17,20,19
India,Bihar,Bettiah,"Kamalnath Nagar, Bettiah - BSPCB",09-09-2026 14:00:00,26.80365,84.51954,NH3,2,4,3
India,Bihar,Bettiah,"Kamalnath Nagar, Bettiah - BSPCB",09-09-2026 14:00:00,26.80365,84.51954,OZONE,9,16,14
India,Bihar,Bhagalpur,"Mayaganj, Bhagalpur - BSPCB",09-09-2026 14:00:00,25.265194,87.012947,NH3,4,4,4
India,Bihar,Bihar Sharif,"D M Colony, Bihar Sharif - BSPCB",09-09-2026 14:00:00,25.204762,85.51496,PM10,13,138,56
India,Bihar,Bihar Sharif,"D M Colony, Bihar Sharif - BSPCB",09-09-2026 14:00:00,25.204762,85.51496,NO2,9,10,9
India,Bihar,Bihar Sharif,"D M Colony, Bihar Sharif - BSPCB",09-09-2026 14:00:00,25.204762,85.51496,OZONE,1,2,2
India,Bihar,Buxar,"Charitra Van, Buxar - BSPCB",09-09-2026 14:00:00,25.56752,83.966379,OZONE,NA,NA,NA
India,Bihar,Chhapra,"Darshan Nagar, Chhapra - BSPCB",09-09-2026 14:00:00,25.7808257,84.7446768,PM2.5,89,96,92
India,Bihar,Chhapra,"Darshan Nagar, Chhapra - BSPCB",09-09-2026 14:00:00,25.7808257,84.7446768,NO2,0,1,1
India,Bihar,Chhapra,"Darshan Nagar, Chhapra - BSPCB",09-09-2026 14:00:00,25.7808257,84.7446768,NH3,0,1,0
India,Bihar,Gaya,"SFTI Kusdihra, Gaya - BSPCB",09-09-2026 14:00:00,24.762518,84.982348,PM2.5,19,46,29
India,Bihar,Gaya,"SFTI Kusdihra, Gaya - BSPCB",09-09-2026 14:00:00,24.762518,84.982348,NH3,5,7,6
India,Bihar,Gaya,"SFTI Kusdihra, Gaya - BSPCB",09-09-2026 14:00:00,24.762518,84.982348,SO2,8,12,10
India,Bihar,Gaya,"Collectorate, Gaya - BSPCB",09-09-2026 14:00:00,24.7955,84.9994,PM10,NA,NA,NA
India,Bihar,Hajipur,"Industrial Area, Hajipur - BSPCB",09-09-2026 14:00:00,25.697189,85.2459,SO2,3,6,5
India,Bihar,Hajipur,"Industrial Area, Hajipur - BSPCB",09-09-2026 14:00:00,25.697189,85.2459,CO,20,36,27
India,Bihar,Hajipur,"Industrial Area, Hajipur - BSPCB",09-09-2026 14:00:00,25.697189,85.2459,OZONE,24,60,44
India,Bihar,Katihar,"Mirchaibari, Katihar - BSPCB",09-09-2026 14:00:00,25.560083,87.553265,SO2,15,24,20
India,Bihar,Kishanganj,"SDM Office_Khagra, Kishanganj - BSPCB",09-09-2026 14:00:00,26.0881305,87.93840336,PM2.5,37,83,51
India,Bihar,Kishanganj,"SDM Office_Khagra, Kishanganj - BSPCB",09-09-2026 14:00:00,26.0881305,87.93840336,NH3,3,3,3
India,Bihar,Motihari,"Gandak Colony, Motihari - BSPCB",09-09-2026 14:00:00,26.63086,84.90051,SO2,NA,NA,NA
India,Bihar,Munger,"Town Hall, Munger - BSPCB",09-09-2026 14:00:00,25.376776,86.471523,PM10,7,451,116
India,Bihar,Munger,"Town Hall, Munger - BSPCB",09-09-2026 14:00:00,25.376776,86.471523,NO2,11,13,12
India,Bihar,Munger,"Town Hall, Munger - BSPCB",09-09-2026 14:00:00,25.376776,86.471523,OZONE,14,16,14
India,Bihar,Muzaffarpur,"MIT-Daudpur Kothi, Muzaffarpur - BSPCB",09-09-2026 14:00:00,26.1403345,85.3650192,PM2.5,22,44,26
India,Bihar,Muzaffarpur,"MIT-Daudpur Kothi, Muzaffarpur - BSPCB",09-09-2026 14:00:00,26.1403345,85.3650192,NH3,1,1,1
India,Bihar,Muzaffarpur,"MIT-Daudpur Kothi, Muzaffarpur - BSPCB",09-09-2026 14:00:00,26.1403345,85.3650192,SO2,10,23,16
India,Bihar,Muzaffarpur,"Buddha Colony, Muzaffarpur - BSPCB",09-09-2026 14:00:00,26.11442,85.39813,NO2,12,72,22
India,Bihar,Muzaffarpur,"Buddha Colony, Muzaffarpur - BSPCB",09-09-2026 14:00:00,26.11442,85.39813,OZONE,13,35,25
India,Bihar,Patna,"Govt. High School Shikarpur, Patna - BSPCB",09-09-2026 14:00:00,25.592539,85.227158,PM10,50,93,72
India,Bihar,Patna,"Rajbansi Nagar, Patna - BSPCB",09-09-2026 14:00:00,25.599486,85.113666,NH3,2,3,3
India,Bihar,Patna,"Rajbansi Nagar, Patna - BSPCB",09-09-2026 14:00:00,25.599486,85.113666,OZONE,27,28,28
India,Assam,Byrnihat,"Central Academy for SFS, Byrnihat - PCBA",09-09-2026 14:00:00,26.071318,91.87488,CO,43,62,54
India,Assam,Guwahati,"LGBI Airport, Guwahati - PCBA",09-09-2026 14:00:00,26.10887,91.589544,PM10,12,59,34
India,Assam,Guwahati,"Railway Colony, Guwahati - PCBA",09-09-2026 14:00:00,26.181742,91.78063,NH3,1,1,1
India,Assam,Nalbari,"Bata Chowk, Nalbari - PCBA",09-09-2026 14:00:00,26.446912,91.439057,PM10,20,84,54
India,Assam,Nalbari,"Bata Chowk, Nalbari - PCBA",09-09-2026 14:00:00,26.446912,91.439057,NO2,13,15,14
India,Assam,Nalbari,"Bata Chowk, Nalbari - PCBA",09-09-2026 14:00:00,26.446912,91.439057,SO2,5,8,8
India,Assam,Nalbari,"Bata Chowk, Nalbari - PCBA",09-09-2026 14:00:00,26.446912,91.439057,OZONE,18,18,18
India,Assam,Silchar,"Tarapur, Silchar - PCBA",09-09-2026 14:00:00,24.82827,92.79525,NO2,18,20,19
India,Assam,Sivasagar,"Girls College, Sivasagar - PCBA",09-09-2026 14:00:00,26.987634,94.636574,NH3,2,4,3
India,Bihar,Araria,"Kharahiya Basti, Araria - BSPCB",09-09-2026 14:00:00,26.146529,87.454184,PM2.5,28,133,51
India,Bihar,Araria,"Kharahiya Basti, Araria - BSPCB",09-09-2026 14:00:00,26.146529,87.454184,NH3,3,5,4
India,Bihar,Araria,"Kharahiya Basti, Araria - BSPCB",09-09-2026 14:00:00,26.146529,87.454184,CO,14,32,23
India,Bihar,Arrah,"New DM Office, Arrah - BSPCB",09-09-2026 14:00:00,25.5626095,84.663264,NO2,5,10,7
India,Bihar,Arrah,"New DM Office, Arrah - BSPCB",09-09-2026 14:00:00,25.5626095,84.663264,NH3,1,2,2
India,Bihar,Arrah,"New DM Office, Arrah - BSPCB",09-09-2026 14:00:00,25.5626095,84.663264,SO2,4,6,5
India,Chandigarh,Chandigarh,"Sector 22, Chandigarh - CPCC",09-09-2026 14:00:00,30.735567,76.775714,NO2,1,4,2
India,Chandigarh,Chandigarh,"Sector 22, Chandigarh - CPCC",09-09-2026 14:00:00,30.735567,76.775714,NH3,3,7,5
India,Chandigarh,Chandigarh,"Sector-25, Chandigarh - CPCC",09-09-2026 14:00:00,30.751462,76.762879,PM2.5,19,51,28
India,Chandigarh,Chandigarh,"Sector-25, Chandigarh - CPCC",09-09-2026 14:00:00,30.751462,76.762879,PM10,42,114,73
India,Chandigarh,Chandigarh,"Sector-25, Chandigarh - CPCC",09-09-2026 14:00:00,30.751462,76.762879,SO2,4,10,7
India,Chhattisgarh,Bhilai,"Civic Center, Bhilai - Bhilai Steel Plant",09-09-2026 14:00:00,21.185571,81.343175,PM2.5,5,41,17
India,Chhattisgarh,Bhilai,"Civic Center, Bhilai - Bhilai Steel Plant",09-09-2026 14:00:00,21.185571,81.343175,NO2,15,16,16
India,Chhattisgarh,Bhilai,"32Bungalows, Bhilai - CECB",09-09-2026 14:00:00,21.194815,81.31477,PM2.5,15,35,25
India,Chhattisgarh,Bhilai,"32Bungalows, Bhilai - CECB",09-09-2026 14:00:00,21.194815,81.31477,PM10,24,109,55
India,Chhattisgarh,Bhilai,"32Bungalows, Bhilai - CECB",09-09-2026 14:00:00,21.194815,81.31477,SO2,2,13,5
India,Chhattisgarh,Bhilai,"32Bungalows, Bhilai - CECB",09-09-2026 14:00:00,21.194815,81.31477,OZONE,10,22,18
India,Chhattisgarh,Bhilai,"Hathkhoj, Bhilai - CECB",09-09-2026 14:00:00,21.224231,81.40835,SO2,2,31,12
India,Chhattisgarh,Chhal,"Nawapara SECL Colony, Chhal - CECB",09-09-2026 14:00:00,22.118125,83.140608,PM10,37,75,55
India,Chhattisgarh,Chhal,"Nawapara SECL Colony, Chhal - CECB",09-09-2026 14:00:00,22.118125,83.140608,NO2,5,12,7
India,Chhattisgarh,Chhal,"Nawapara SECL Colony, Chhal - CECB",09-09-2026 14:00:00,22.118125,83.140608,SO2,5,53,13
India,Chhattisgarh,Korba,"Rampur, Korba - CECB",09-09-2026 14:00:00,22.368195,82.746431,PM10,25,75,45
India,Bihar,Patna,"Muradpur, Patna - BSPCB",09-09-2026 14:00:00,25.619651,85.147382,SO2,7,9,9
India,Bihar,Patna,"DRM Office Danapur, Patna - BSPCB",09-09-2026 14:00:00,25.586562,85.043586,NH3,8,9,9
India,Bihar,Patna,"IGSC Planetarium Complex, Patna - BSPCB",09-09-2026 14:00:00,25.610369,85.132568,PM10,NA,NA,NA
India,Bihar,Patna,"IGSC Planetarium Complex, Patna - BSPCB",09-09-2026 14:00:00,25.610369,85.132568,NO2,3,103,36
India,Bihar,Patna,"IGSC Planetarium Complex, Patna - BSPCB",09-09-2026 14:00:00,25.610369,85.132568,OZONE,41,68,58
India,Bihar,Purnia,"Mariam Nagar, Purnia - BSPCB",09-09-2026 14:00:00,25.366336,87.117468,CO,56,57,56
India,Bihar,Rajgir,"Dangi Tola, Rajgir - BSPCB",09-09-2026 14:00:00,25.0328,85.41948,PM10,17,55,23
India,Bihar,Rajgir,"Dangi Tola, Rajgir - BSPCB",09-09-2026 14:00:00,25.0328,85.41948,NO2,13,15,14
India,Bihar,Rajgir,"Dangi Tola, Rajgir - BSPCB",09-09-2026 14:00:00,25.0328,85.41948,SO2,3,3,3
India,Bihar,Rajgir,"Dangi Tola, Rajgir - BSPCB",09-09-2026 14:00:00,25.0328,85.41948,CO,35,56,43
India,Bihar,Rajgir,"Dangi Tola, Rajgir - BSPCB",09-09-2026 14:00:00,25.0328,85.41948,OZONE,5,54,21
India,Bihar,Samastipur,"DM Office_Kasipur, Samastipur - BSPCB",09-09-2026 14:00:00,25.859655,85.77944,PM2.5,7,492,86
India,Bihar,Sasaram,"Dada Peer, Sasaram - BSPCB",09-09-2026 14:00:00,24.952822,84.002396,PM2.5,13,355,182
India,Chandigarh,Chandigarh,"Sector-53, Chandigarh - CPCC",09-09-2026 14:00:00,30.719859,76.738637,NO2,NA,NA,NA
India,Delhi,Delhi,"Cantonment Area, Delhi - DPCC",09-09-2026 14:00:00,28.594169,77.1251,PM2.5,7,35,22
India,Delhi,Delhi,"Narela, Delhi - DPCC",09-09-2026 14:00:00,28.822836,77.101981,SO2,7,11,9
India,Delhi,Delhi,"Narela, Delhi - DPCC",09-09-2026 14:00:00,28.822836,77.101981,OZONE,25,38,31
India,Delhi,Delhi,"Sirifort, Delhi - CPCB",09-09-2026 14:00:00,28.5504249,77.2159377,PM10,89,239,132
India,Delhi,Delhi,"Sirifort, Delhi - CPCB",09-09-2026 14:00:00,28.5504249,77.2159377,OZONE,15,19,16
India,Delhi,Delhi,"Pusa, Delhi - DPCC",09-09-2026 14:00:00,28.639652,77.146275,PM10,108,395,171
India,Delhi,Delhi,"Pusa, Delhi - DPCC",09-09-2026 14:00:00,28.639652,77.146275,OZONE,9,14,11
India,Delhi,Delhi,"Mandir Marg, Delhi - DPCC",09-09-2026 14:00:00,28.636429,77.201067,NO2,13,38,22
India,Delhi,Delhi,"Mandir Marg, Delhi - DPCC",09-09-2026 14:00:00,28.636429,77.201067,NH3,8,9,9
India,Delhi,Delhi,"Mandir Marg, Delhi - DPCC",09-09-2026 14:00:00,28.636429,77.201067,CO,41,46,45
India,Delhi,Delhi,"Shadipur, Delhi - CPCB",09-09-2026 14:00:00,28.6514781,77.1473105,NH3,7,12,9
India,Delhi,Delhi,"ITO, Delhi - CPCB",09-09-2026 14:00:00,28.628624,77.24106,NO2,24,125,62
India,Delhi,Delhi,"R K Puram, Delhi - DPCC",09-09-2026 14:00:00,28.563262,77.186937,CO,51,56,54
India,Chhattisgarh,Kunjemura,"OP Jindal School, Kunjemura - CECB",09-09-2026 14:00:00,22.12665,83.483212,PM2.5,18,53,37
India,Chhattisgarh,Kunjemura,"OP Jindal School, Kunjemura - CECB",09-09-2026 14:00:00,22.12665,83.483212,NH3,2,2,2
India,Chhattisgarh,Milupara,"Govt. Higher Secondary School, Milupara - CECB",09-09-2026 14:00:00,22.1910172,83.5197009,PM10,15,156,42
India,Chhattisgarh,Milupara,"Govt. Higher Secondary School, Milupara - CECB",09-09-2026 14:00:00,22.1910172,83.5197009,SO2,13,15,13
India,Chhattisgarh,Raipur,"AIIMS, Raipur - CECB",09-09-2026 14:00:00,21.258815,81.578979,PM2.5,21,40,29
India,Chhattisgarh,Raipur,"AIIMS, Raipur - CECB",09-09-2026 14:00:00,21.258815,81.578979,PM10,31,56,43
India,Chhattisgarh,Raipur,"AIIMS, Raipur - CECB",09-09-2026 14:00:00,21.258815,81.578979,SO2,3,7,4
India,Chhattisgarh,Raipur,"AIIMS, Raipur - CECB",09-09-2026 14:00:00,21.258815,81.578979,OZONE,5,6,6
India,Chhattisgarh,Raipur,"Siltara Phase-II, Raipur - CECB",09-09-2026 14:00:00,21.371751,81.664929,PM2.5,27,43,36
India,Chhattisgarh,Raipur,"Siltara Phase-II, Raipur - CECB",09-09-2026 14:00:00,21.371751,81.664929,CO,17,17,17
India,Chhattisgarh,Tumidih,"OP Jindal Industrial Park, Tumidih - CECB",09-09-2026 14:00:00,22.06631475,83.33820077,PM2.5,21,43,32
India,Chhattisgarh,Tumidih,"OP Jindal Industrial Park, Tumidih - CECB",09-09-2026 14:00:00,22.06631475,83.33820077,NH3,1,2,1
India,Andhra Pradesh,Amaravati,"Secretariat, Amaravati - APPCB",09-09-2026 14:00:00,16.5150833,80.5181667,NH3,3,5,4
India,Andhra Pradesh,Anantapur,"Gulzarpet, Anantapur - APPCB",09-09-2026 14:00:00,14.675886,77.593027,PM10,50,82,64
India,Andhra Pradesh,Chittoor,"Gangineni Cheruvu, Chittoor - APPCB",09-09-2026 14:00:00,13.20488,79.097889,NH3,NA,NA,NA
India,Andhra Pradesh,Chittoor,"Gangineni Cheruvu, Chittoor - APPCB",09-09-2026 14:00:00,13.20488,79.097889,OZONE,39,61,45
India,Andhra Pradesh,Guntur,"Rajendra Nagar North, Guntur - APPCB",09-09-2026 14:00:00,16.316553,80.413302,PM2.5,46,73,56
India,Andhra Pradesh,Guntur,"Rajendra Nagar North, Guntur - APPCB",09-09-2026 14:00:00,16.316553,80.413302,SO2,9,21,12
India,Andhra Pradesh,Guntur,"Rajendra Nagar North, Guntur - APPCB",09-09-2026 14:00:00,16.316553,80.413302,CO,18,28,22
India,Andhra Pradesh,Kadapa,"Yerramukkapalli, Kadapa - APPCB",09-09-2026 14:00:00,14.465052,78.824187,PM2.5,53,71,67
India,Andhra Pradesh,Kadapa,"Yerramukkapalli, Kadapa - APPCB",09-09-2026 14:00:00,14.465052,78.824187,PM10,54,65,61
India,Andhra Pradesh,Kadapa,"Yerramukkapalli, Kadapa - APPCB",09-09-2026 14:00:00,14.465052,78.824187,NO2,15,22,21
India,Andhra Pradesh,Kadapa,"Yerramukkapalli, Kadapa - APPCB",09-09-2026 14:00:00,14.465052,78.824187,NH3,1,3,3
India,Andhra Pradesh,Tirupati,"Vaikuntapuram, Tirupati - APPCB",09-09-2026 14:00:00,13.615387,79.40923,SO2,14,22,16
India,Andhra Pradesh,Tirupati,"Vaikuntapuram, Tirupati - APPCB",09-09-2026 14:00:00,13.615387,79.40923,CO,22,34,30
India,Andhra Pradesh,Tirupati,"Vaikuntapuram, Tirupati - APPCB",09-09-2026 14:00:00,13.615387,79.40923,OZONE,29,38,31
India,Andhra Pradesh,Vijayawada,"Rajiv Gandhi Park, Vijayawada - APPCB",09-09-2026 14:00:00,16.509717,80.612222,PM10,56,80,69
India,Andhra Pradesh,Vijayawada,"Rajiv Nagar, Vijayawada - APPCB",09-09-2026 14:00:00,16.554731,80.64911,PM2.5,52,71,56
India,Arunachal Pradesh,Naharlagun,"Naharlagun, Naharlagun - APSPCB",09-09-2026 14:00:00,27.103358,93.679645,NH3,1,1,1
India,Assam,Byrnihat,"Central Academy for SFS, Byrnihat - PCBA",09-09-2026 14:00:00,26.071318,91.87488,SO2,18,32,30
India,Andhra Pradesh,Kakinada,"Rama Rao Peta, Kakinada - APPCB",09-09-2026 14:00:00,16.962488,82.229513,NO2,17,46,28
India,Andhra Pradesh,Machilipatnam,"Srinivas Nagar Colony, Machilipatnam - APPCB",09-09-2026 14:00:00,16.186555,81.13219,PM10,45,63,49
India,Andhra Pradesh,Machilipatnam,"Srinivas Nagar Colony, Machilipatnam - APPCB",09-09-2026 14:00:00,16.186555,81.13219,NH3,3,3,3
India,Andhra Pradesh,Nellore,"Ambedkar Nagar, Nellore - APPCB ",09-09-2026 14:00:00,14.438164,79.966814,OZONE,45,56,48
India,Andhra Pradesh,Tirumala,"Toll Gate, Tirumala - APPCB",09-09-2026 14:00:00,13.67,79.35,NO2,NA,NA,NA
India,Andhra Pradesh,Tirupati,"Vaikuntapuram, Tirupati - APPCB",09-09-2026 14:00:00,13.615387,79.40923,PM10,78,88,84
India,Gujarat,Mehsana,"Sadanand Nagar, Mehsana - Nexteng Enviro",09-09-2026 14:00:00,23.59315,72.372792,NH3,1,1,1
India,Gujarat,Nandesari,"GIDC, Nandesari - Nandesari Ind. Association",09-09-2026 14:00:00,22.410802,73.097923,PM2.5,19,78,47
India,Gujarat,Nandesari,"GIDC, Nandesari - Nandesari Ind. Association",09-09-2026 14:00:00,22.410802,73.097923,NO2,NA,NA,NA
India,Gujarat,Rajkot,"Mavdi, Rajkot - Nexteng Enviro ",09-09-2026 14:00:00,22.248853,70.776774,CO,27,30,28
India,Gujarat,Surat,"Katargam, Surat - Nexteng Enviro",09-09-2026 14:00:00,21.217779,72.834787,PM2.5,9,67,33
India,Gujarat,Surat,"Katargam, Surat - Nexteng Enviro",09-09-2026 14:00:00,21.217779,72.834787,NH3,1,1,1
India,Gujarat,Vadodara,"Bapunagar, Vadodara - Nexteng Enviro",09-09-2026 14:00:00,22.320153,73.216285,NO2,11,14,12
India,Gujarat,Vapi,"Phase-1 GIDC, Vapi - GPCB",09-09-2026 14:00:00,20.362421,72.918013,NO2,13,21,16
India,Gujarat,Vatva,"Phase-4 GIDC, Vatva - GPCB",09-09-2026 14:00:00,22.969611,72.6435,PM2.5,31,327,98
India,Gujarat,Vatva,"Phase-4 GIDC, Vatva - GPCB",09-09-2026 14:00:00,22.969611,72.6435,PM10,102,137,114
India,Gujarat,Vatva,"Phase-4 GIDC, Vatva - GPCB",09-09-2026 14:00:00,22.969611,72.6435,NH3,5,5,5
India,Haryana,Ambala,"Patti Mehar, Ambala - HSPCB",09-09-2026 14:00:00,30.379589,76.778328,PM2.5,64,145,91
India,Haryana,Bahadurgarh,"Arya Nagar, Bahadurgarh - HSPCB",09-09-2026 14:00:00,28.6701,76.9254,PM10,80,126,99
India,Haryana,Bahadurgarh,"Arya Nagar, Bahadurgarh - HSPCB",09-09-2026 14:00:00,28.6701,76.9254,CO,25,28,27
India,Haryana,Ballabgarh,"Nathu Colony, Ballabgarh - HSPCB",09-09-2026 14:00:00,28.3419248,77.319699,NO2,19,21,20
India,Haryana,Ballabgarh,"Nathu Colony, Ballabgarh - HSPCB",09-09-2026 14:00:00,28.3419248,77.319699,NH3,4,5,5
India,Delhi,Delhi,"NSIT Dwarka, Delhi - CPCB",09-09-2026 14:00:00,28.60909,77.0325413,PM2.5,24,57,38
India,Delhi,Delhi,"NSIT Dwarka, Delhi - CPCB",09-09-2026 14:00:00,28.60909,77.0325413,NO2,26,69,44
India,Delhi,Delhi,"NSIT Dwarka, Delhi - CPCB",09-09-2026 14:00:00,28.60909,77.0325413,CO,1,11,6
India,Delhi,Delhi,"IGNOU_Maidan Garhi, Delhi - DPCC",09-09-2026 14:00:00,28.493624,77.201159,NO2,5,28,10
India,Delhi,Delhi,"IGNOU_Maidan Garhi, Delhi - DPCC",09-09-2026 14:00:00,28.493624,77.201159,OZONE,5,9,7
India,Delhi,Delhi,"Pusa, Delhi - IITM",09-09-2026 14:00:00,28.63611,77.173332,PM10,77,129,109
India,Delhi,Delhi,"Pusa, Delhi - IITM",09-09-2026 14:00:00,28.63611,77.173332,SO2,NA,NA,NA
India,Delhi,Delhi,"Chandni Chowk, Delhi - IITM",09-09-2026 14:00:00,28.656756,77.227234,OZONE,6,21,12
India,Gujarat,Ahmedabad,"Chandkheda, Ahmedabad - IITM",09-09-2026 14:00:00,23.107969,72.574648,OZONE,3,14,8
India,Gujarat,Ahmedabad,"Raikhad, Ahmedabad - IITM",09-09-2026 14:00:00,23.020509,72.579261,SO2,9,60,20
India,Gujarat,Ahmedabad,"SAC ISRO Bopal, Ahmedabad - IITM",09-09-2026 14:00:00,23.041137,72.456691,SO2,3,3,3
India,Gujarat,Ahmedabad,"SAC ISRO Bopal, Ahmedabad - IITM",09-09-2026 14:00:00,23.041137,72.456691,CO,21,31,28
India,Gujarat,Ahmedabad,"SVPI Airport Hansol, Ahmedabad - IITM",09-09-2026 14:00:00,23.076793,72.627874,PM2.5,14,51,29
India,Gujarat,Ahmedabad,"SVPI Airport Hansol, Ahmedabad - IITM",09-09-2026 14:00:00,23.076793,72.627874,NH3,2,4,3
India,Gujarat,Ahmedabad,"Maninagar, Ahmedabad - GPCB",09-09-2026 14:00:00,23.002657,72.591912,PM10,44,413,102
India,Haryana,Faridabad,"Sector 11, Faridabad - HSPCB",09-09-2026 14:00:00,28.376058,77.315741,NH3,8,9,9
India,Haryana,Faridabad,"Sector 11, Faridabad - HSPCB",09-09-2026 14:00:00,28.376058,77.315741,OZONE,15,17,16
India,Haryana,Faridabad,"New Industrial Town, Faridabad - HSPCB",09-09-2026 14:00:00,28.39072,77.30059,PM2.5,51,116,69
India,Haryana,Faridabad,"New Industrial Town, Faridabad - HSPCB",09-09-2026 14:00:00,28.39072,77.30059,NH3,10,12,11
India,Haryana,Fatehabad,"Huda Sector, Fatehabad - HSPCB",09-09-2026 14:00:00,29.503664,75.467934,PM2.5,79,128,102
India,Haryana,Gurugram,"NISE Gwal Pahari, Gurugram - IITM",09-09-2026 14:00:00,28.422681,77.148944,OZONE,16,38,28
India,Haryana,Gurugram,"Teri Gram, Gurugram - HSPCB",09-09-2026 14:00:00,28.4275,77.1465,NH3,9,18,12
India,Haryana,Gurugram,"Sector-51, Gurugram - HSPCB",09-09-2026 14:00:00,28.4227,77.0667,PM2.5,34,86,53
India,Haryana,Gurugram,"Sector-51, Gurugram - HSPCB",09-09-2026 14:00:00,28.4227,77.0667,NO2,19,67,38
India,Haryana,Hisar,"Urban Estate-II, Hisar - HSPCB",09-09-2026 14:00:00,29.14056,75.744941,PM2.5,47,99,64
India,Haryana,Hisar,"Urban Estate-II, Hisar - HSPCB",09-09-2026 14:00:00,29.14056,75.744941,NH3,10,11,10
India,Haryana,Kaithal,"Rishi Nagar, Kaithal - HSPCB",09-09-2026 14:00:00,29.8006,76.4155,PM2.5,65,170,106
India,Delhi,Delhi,"IHBAS, Dilshad Garden, Delhi - CPCB",09-09-2026 14:00:00,28.6811736,77.3025234,NO2,45,54,50
India,Delhi,Delhi,"Vivek Vihar, Delhi - DPCC",09-09-2026 14:00:00,28.672342,77.31526,NH3,4,7,5
India,Delhi,Delhi,"Rohini, Delhi - DPCC",09-09-2026 14:00:00,28.732528,77.11992,PM10,111,194,151
India,Delhi,Delhi,"Rohini, Delhi - DPCC",09-09-2026 14:00:00,28.732528,77.11992,SO2,9,12,10
India,Delhi,Delhi,"Bawana, Delhi - DPCC",09-09-2026 14:00:00,28.7762,77.051074,PM10,72,143,109
India,Delhi,Delhi,"Bawana, Delhi - DPCC",09-09-2026 14:00:00,28.7762,77.051074,NO2,3,13,8
India,Delhi,Delhi,"Bawana, Delhi - DPCC",09-09-2026 14:00:00,28.7762,77.051074,SO2,8,9,9
India,Delhi,Delhi,"Bawana, Delhi - DPCC",09-09-2026 14:00:00,28.7762,77.051074,OZONE,15,17,16
India,Delhi,Delhi,"Aya Nagar, Delhi - IITM",09-09-2026 14:00:00,28.4706914,77.1099364,NO2,15,51,26
India,Delhi,Delhi,"Major Dhyan Chand National Stadium, Delhi - DPCC",09-09-2026 14:00:00,28.611281,77.237738,PM2.5,2,73,29
India,Delhi,Delhi,"Major Dhyan Chand National Stadium, Delhi - DPCC",09-09-2026 14:00:00,28.611281,77.237738,PM10,64,145,108
India,Delhi,Delhi,"Major Dhyan Chand National Stadium, Delhi - DPCC",09-09-2026 14:00:00,28.611281,77.237738,NO2,22,99,50
India,Delhi,Delhi,"Talkatora Garden, Delhi - DPCC",09-09-2026 14:00:00,28.62181,77.1944633,NO2,10,47,22
India,Delhi,Delhi,"Ashok Vihar, Delhi - DPCC",09-09-2026 14:00:00,28.695381,77.181665,PM10,113,184,137
India,Delhi,Delhi,"Mundka, Delhi - DPCC",09-09-2026 14:00:00,28.684678,77.076574,NH3,4,7,6
India,Delhi,Delhi,"Wazirpur, Delhi - DPCC",09-09-2026 14:00:00,28.699793,77.165453,NO2,34,72,50
India,Delhi,Delhi,"Najafgarh, Delhi - DPCC",09-09-2026 14:00:00,28.570173,76.933762,NH3,4,6,5
India,Delhi,Delhi,"Najafgarh, Delhi - DPCC",09-09-2026 14:00:00,28.570173,76.933762,OZONE,14,27,20
India,Delhi,Delhi,"JNU, Delhi - DPCC",09-09-2026 14:00:00,28.540721,77.168544,SO2,4,5,5
India,Delhi,Delhi,"IMD Lodhi Road, Delhi - IITM",09-09-2026 14:00:00,28.5918245,77.2273074,CO,10,14,12
India,Gujarat,Ahmedabad,"Gyaspur, Ahmedabad - IITM",09-09-2026 14:00:00,22.977134,72.553024,OZONE,11,12,12
India,Gujarat,Ahmedabad,"SAC ISRO Satellite, Ahmedabad - IITM",09-09-2026 14:00:00,23.023389,72.515201,PM2.5,28,96,46
India,Gujarat,Ahmedabad,"SAC ISRO Satellite, Ahmedabad - IITM",09-09-2026 14:00:00,23.023389,72.515201,CO,40,62,49
India,Gujarat,Ahmedabad,"SAC ISRO Satellite, Ahmedabad - IITM",09-09-2026 14:00:00,23.023389,72.515201,OZONE,3,6,5
India,Gujarat,Ankleshwar,"GIDC, Ankleshwar - GPCB",09-09-2026 14:00:00,21.613267,73.010555,PM10,43,85,60
India,Gujarat,Ankleshwar,"GIDC, Ankleshwar - GPCB",09-09-2026 14:00:00,21.613267,73.010555,OZONE,29,54,39
India,Gujarat,Gandhinagar,"Sector-10, Gandhinagar - GPCB",09-09-2026 14:00:00,23.221714,72.654328,PM10,32,89,58
India,Gujarat,Gandhinagar,"Sector-10, Gandhinagar - GPCB",09-09-2026 14:00:00,23.221714,72.654328,NO2,6,7,7
India,Delhi,Delhi,"NSUT Jaffarpur, Delhi - DPCC",09-09-2026 14:00:00,28.594004,76.909423,NH3,1,4,3
India,Delhi,Delhi,"North Campus, DU, Delhi - IITM",09-09-2026 14:00:00,28.6573814,77.1585447,PM10,106,149,127
India,Delhi,Delhi,"North Campus, DU, Delhi - IITM",09-09-2026 14:00:00,28.6573814,77.1585447,NO2,52,184,98
India,Delhi,Delhi,"North Campus, DU, Delhi - IITM",09-09-2026 14:00:00,28.6573814,77.1585447,SO2,NA,NA,NA
India,Delhi,Delhi,"Commonwealth Sports Complex, Delhi - DPCC",09-09-2026 14:00:00,28.615828,77.271992,NH3,0,3,2
India,Delhi,Delhi,"Dwarka-Sector 8, Delhi - DPCC ",09-09-2026 14:00:00,28.5710274,77.0719006,OZONE,13,24,18
India,Delhi,Delhi,"DTU, Delhi - CPCB",09-09-2026 14:00:00,28.7500499,77.1112615,CO,2,10,6
India,Delhi,Delhi,"Jawaharlal Nehru Stadium, Delhi - DPCC",09-09-2026 14:00:00,28.58028,77.233829,NH3,5,6,6
India,Delhi,Delhi,"Jawaharlal Nehru Stadium, Delhi - DPCC",09-09-2026 14:00:00,28.58028,77.233829,SO2,25,39,33
India,Delhi,Delhi,"Patparganj, Delhi - DPCC",09-09-2026 14:00:00,28.623763,77.287209,PM2.5,2,87,40
India,Delhi,Delhi,"Nehru Nagar, Delhi - DPCC",09-09-2026 14:00:00,28.56789,77.250515,PM2.5,18,362,85
India,Delhi,Delhi,"Nehru Nagar, Delhi - DPCC",09-09-2026 14:00:00,28.56789,77.250515,NH3,5,10,7
India,Delhi,Delhi,"Sri Aurobindo Marg, Delhi - DPCC",09-09-2026 14:00:00,28.531346,77.190156,SO2,47,51,49
India,Delhi,Delhi,"Sri Aurobindo Marg, Delhi - DPCC",09-09-2026 14:00:00,28.531346,77.190156,OZONE,8,28,18
India,Haryana,Bhiwani,"H.B. Colony, Bhiwani - HSPCB",09-09-2026 14:00:00,28.806223,76.141105,CO,24,48,39
India,Haryana,Charkhi Dadri,"Mini Secretariat, Charkhi Dadri - HSPCB",09-09-2026 14:00:00,28.593883,76.270653,PM10,36,111,75
India,Haryana,Charkhi Dadri,"Mini Secretariat, Charkhi Dadri - HSPCB",09-09-2026 14:00:00,28.593883,76.270653,NH3,5,8,6
India,Haryana,Dharuhera,"Municipal Corporation Office, Dharuhera -  HSPCB",09-09-2026 14:00:00,28.2068,76.7997,NO2,15,70,47
India,Haryana,Kaithal,"Rishi Nagar, Kaithal - HSPCB",09-09-2026 14:00:00,29.8006,76.4155,NH3,4,6,5
India,Haryana,Kaithal,"Rishi Nagar, Kaithal - HSPCB",09-09-2026 14:00:00,29.8006,76.4155,SO2,30,33,31
India,Haryana,Karnal,"Sector-12, Karnal - HSPCB",09-09-2026 14:00:00,29.6953,77.0027,PM10,15,103,56
India,Haryana,Karnal,"Sector-12, Karnal - HSPCB",09-09-2026 14:00:00,29.6953,77.0027,SO2,12,13,13
India,Haryana,Manesar,"Sector-2 IMT, Manesar - HSPCB",09-09-2026 14:00:00,28.360699,76.93609,PM2.5,39,359,135
India,Haryana,Manesar,"Sector-2 IMT, Manesar - HSPCB",09-09-2026 14:00:00,28.360699,76.93609,PM10,36,252,104
India,Haryana,Manesar,"Sector-2 IMT, Manesar - HSPCB",09-09-2026 14:00:00,28.360699,76.93609,NO2,17,76,31
India,Haryana,Narnaul,"Shastri Nagar, Narnaul - HSPCB",09-09-2026 14:00:00,28.060249,76.113115,PM2.5,55,88,72
India,Haryana,Narnaul,"Shastri Nagar, Narnaul - HSPCB",09-09-2026 14:00:00,28.060249,76.113115,NO2,19,89,49
India,Haryana,Narnaul,"Shastri Nagar, Narnaul - HSPCB",09-09-2026 14:00:00,28.060249,76.113115,SO2,5,18,10
India,Haryana,Narnaul,"Shastri Nagar, Narnaul - HSPCB",09-09-2026 14:00:00,28.060249,76.113115,OZONE,11,62,40
India,Haryana,Palwal,"Shyam Nagar, Palwal - HSPCB",09-09-2026 14:00:00,28.1485564,77.3320667,OZONE,9,10,10
India,Haryana,Panchgaon,"Amity University, Panchgaon - IITM",09-09-2026 14:00:00,28.3153,76.9143,PM2.5,3,408,128
India,Haryana,Panchkula,"Sector-6, Panchkula - HSPCB ",09-09-2026 14:00:00,30.7057778,76.8531805555555,NO2,28,31,29
India,Haryana,Rohtak,"MD University, Rohtak - HSPCB",09-09-2026 14:00:00,28.52123,76.37138,PM2.5,44,64,50
India,Haryana,Rohtak,"MD University, Rohtak - HSPCB",09-09-2026 14:00:00,28.52123,76.37138,NO2,8,11,10
India,Haryana,Rohtak,"MD University, Rohtak - HSPCB",09-09-2026 14:00:00,28.52123,76.37138,SO2,10,12,11
India,Haryana,Sirsa,"F-Block, Sirsa - HSPCB",09-09-2026 14:00:00,29.5364,75.0158,NH3,11,15,14
India,Haryana,Sirsa,"F-Block, Sirsa - HSPCB",09-09-2026 14:00:00,29.5364,75.0158,CO,76,97,86
India,Haryana,Sirsa,"F-Block, Sirsa - HSPCB",09-09-2026 14:00:00,29.5364,75.0158,OZONE,23,76,45
India,Madhya Pradesh,Bhopal,"T T Nagar, Bhopal - MPPCB",09-09-2026 14:00:00,23.233584,77.400574,PM10,54,117,89
India,Madhya Pradesh,Bhopal,"T T Nagar, Bhopal - MPPCB",09-09-2026 14:00:00,23.233584,77.400574,OZONE,26,37,32
India,Madhya Pradesh,Damoh,"Shrivastav Colony, Damoh - MPPCB",09-09-2026 14:00:00,23.81748678,79.446246,NH3,NA,NA,NA
India,Madhya Pradesh,Damoh,"Shrivastav Colony, Damoh - MPPCB",09-09-2026 14:00:00,23.81748678,79.446246,OZONE,NA,NA,NA
India,Madhya Pradesh,Dewas,"Bhopal Chauraha, Dewas - MPPCB",09-09-2026 14:00:00,22.9682591,76.064118,PM10,53,80,70
India,Madhya Pradesh,Gwalior,"City Center, Gwalior - MPPCB",09-09-2026 14:00:00,26.203442,78.193251,PM2.5,42,58,51
India,Madhya Pradesh,Gwalior,"City Center, Gwalior - MPPCB",09-09-2026 14:00:00,26.203442,78.193251,SO2,11,41,27
India,Madhya Pradesh,Gwalior,"Maharaj Bada, Gwalior - MPPCB",09-09-2026 14:00:00,26.200388,78.147714,PM10,23,84,48
India,Madhya Pradesh,Gwalior,"Maharaj Bada, Gwalior - MPPCB",09-09-2026 14:00:00,26.200388,78.147714,NH3,2,5,3
India,Madhya Pradesh,Indore,"Chhoti Gwaltoli, Indore - MPPCB",09-09-2026 14:00:00,22.431,75.5213,NH3,6,9,8
India,Madhya Pradesh,Indore,"Chhoti Gwaltoli, Indore - MPPCB",09-09-2026 14:00:00,22.431,75.5213,OZONE,4,34,18
India,Madhya Pradesh,Indore,"Residency Area, Indore - IMC",09-09-2026 14:00:00,22.7084,75.8815,NH3,0,0,0
India,Madhya Pradesh,Indore,"Residency Area, Indore - IMC",09-09-2026 14:00:00,22.7084,75.8815,CO,2,3,2
India,Madhya Pradesh,Indore,"Airport Area, Indore - IMC",09-09-2026 14:00:00,22.7289,75.8076,PM10,44,136,61
India,Madhya Pradesh,Indore,"Airport Area, Indore - IMC",09-09-2026 14:00:00,22.7289,75.8076,CO,38,54,45
India,Madhya Pradesh,Indore,"Airport Area, Indore - IMC",09-09-2026 14:00:00,22.7289,75.8076,OZONE,5,10,7
India,Madhya Pradesh,Indore,"Regional Park, Indore - IMC",09-09-2026 14:00:00,22.678,75.8559,SO2,43,64,49
India,Jharkhand,Jorapokhar,"Tata Stadium, Jorapokhar - JSPCB",09-09-2026 14:00:00,23.707909,86.41467,PM10,35,405,100
India,Jharkhand,Jorapokhar,"Tata Stadium, Jorapokhar - JSPCB",09-09-2026 14:00:00,23.707909,86.41467,NH3,3,3,3
India,Jharkhand,Jorapokhar,"Tata Stadium, Jorapokhar - JSPCB",09-09-2026 14:00:00,23.707909,86.41467,SO2,21,21,21
India,Jharkhand,Jorapokhar,"Tata Stadium, Jorapokhar - JSPCB",09-09-2026 14:00:00,23.707909,86.41467,CO,39,41,39
India,Karnataka,Bengaluru,"Bapuji Nagar, Bengaluru - KSPCB",09-09-2026 14:00:00,12.951913,77.539784,SO2,7,28,20
India,Karnataka,Bengaluru,"Peenya, Bengaluru - CPCB",09-09-2026 14:00:00,13.0270199,77.494094,NO2,6,427,254
India,Karnataka,Bengaluru,"Jayanagar 5th Block, Bengaluru - KSPCB",09-09-2026 14:00:00,12.920984,77.584908,CO,5,16,10
India,Karnataka,Bengaluru,"Hebbal, Bengaluru - KSPCB",09-09-2026 14:00:00,13.029152,77.585901,PM10,23,76,40
India,Karnataka,Bengaluru,"Hebbal, Bengaluru - KSPCB",09-09-2026 14:00:00,13.029152,77.585901,NO2,18,22,20
India,Karnataka,Bengaluru,"Hombegowda Nagar, Bengaluru - KSPCB",09-09-2026 14:00:00,12.938539,77.5901,PM2.5,13,31,21
India,Karnataka,Bengaluru,"Kasturi Nagar, Bengaluru - KSPCB",09-09-2026 14:00:00,13.003872,77.664217,PM10,67,70,69
India,Karnataka,Bengaluru,"Kasturi Nagar, Bengaluru - KSPCB",09-09-2026 14:00:00,13.003872,77.664217,NO2,36,39,38
India,Karnataka,Bengaluru,"Kasturi Nagar, Bengaluru - KSPCB",09-09-2026 14:00:00,13.003872,77.664217,SO2,11,12,11
India,Karnataka,Chamarajanagar,"Urban, Chamarajanagar - KSPCB",09-09-2026 14:00:00,11.55358,76.55521,SO2,3,8,4
India,Karnataka,Chamarajanagar,"Urban, Chamarajanagar - KSPCB",09-09-2026 14:00:00,11.55358,76.55521,CO,15,25,21
India,Karnataka,Chamarajanagar,"Urban, Chamarajanagar - KSPCB",09-09-2026 14:00:00,11.55358,76.55521,OZONE,15,30,23
India,Madhya Pradesh,Jabalpur,"Govindh Bhavan Colony, Jabalpur - JMC",09-09-2026 14:00:00,23.163174,79.973061,CO,23,32,27
India,Madhya Pradesh,Jabalpur,"Marhatal, Jabalpur - MPPCB",09-09-2026 14:00:00,23.168606,79.932247,SO2,11,13,11
India,Madhya Pradesh,Jabalpur,"Suhagi, Jabalpur - JMC",09-09-2026 14:00:00,23.218135,79.95777,PM10,28,88,54
India,Madhya Pradesh,Jabalpur,"Suhagi, Jabalpur - JMC",09-09-2026 14:00:00,23.218135,79.95777,NO2,36,53,42
India,Madhya Pradesh,Katni,"Gole Bazar, Katni - MPPCB",09-09-2026 14:00:00,23.50016,80.23284,PM2.5,35,109,51
India,Madhya Pradesh,Mandideep,"Sector-D Industrial Area, Mandideep - MPPCB",09-09-2026 14:00:00,23.10844,77.511428,CO,14,36,20
India,Madhya Pradesh,Pithampur,"Sector-2 Industrial Area, Pithampur - MPPCB",09-09-2026 14:00:00,22.624758,75.675238,PM2.5,79,293,130
India,Madhya Pradesh,Ratlam,"Shasthri Nagar, Ratlam - IPCA Lab",09-09-2026 14:00:00,23.331731,75.045981,NH3,NA,NA,NA
India,Madhya Pradesh,Sagar,"Civil Lines, Sagar - MPPCB",09-09-2026 14:00:00,23.838586,78.759431,NO2,7,17,11
India,Madhya Pradesh,Satna,"Bandhavgar Colony, Satna - Birla Cement",09-09-2026 14:00:00,24.58434363,80.8549414,OZONE,15,60,25
India,Madhya Pradesh,Singrauli,"Suryakiran Bhawan NCL, Singrauli - MPPCB",09-09-2026 14:00:00,24.10897,82.64558,PM10,15,92,67
India,Madhya Pradesh,Singrauli,"Suryakiran Bhawan NCL, Singrauli - MPPCB",09-09-2026 14:00:00,24.10897,82.64558,CO,28,39,32
India,Karnataka,Yadgir,"Collector Office, Yadgir - KSPCB",09-09-2026 14:00:00,16.7602,77.1428,CO,14,17,15
India,Kerala,Eloor,"Udyogamandal, Eloor - Kerala PCB",09-09-2026 14:00:00,10.073232,76.302765,NH3,0,0,0
India,Kerala,Kannur,"Thavakkara, Kannur - Kerala PCB",09-09-2026 14:00:00,11.875,75.3732,OZONE,28,31,30
India,Kerala,Thiruvananthapuram,"Plammoodu, Thiruvananthapuram - Kerala PCB",09-09-2026 14:00:00,8.5149093,76.9435879,PM2.5,17,37,24
India,Kerala,Thiruvananthapuram,"Kariavattom, Thiruvananthapuram - Kerala PCB",09-09-2026 14:00:00,8.5637,76.8865,NO2,6,7,6
India,Madhya Pradesh,Bhopal,"Paryavaran Parisar, Bhopal - MPPCB",09-09-2026 14:00:00,23.210494,77.425409,PM2.5,27,77,51
India,Madhya Pradesh,Bhopal,"Paryavaran Parisar, Bhopal - MPPCB",09-09-2026 14:00:00,23.210494,77.425409,NH3,2,2,2
India,Madhya Pradesh,Bhopal,"Paryavaran Parisar, Bhopal - MPPCB",09-09-2026 14:00:00,23.210494,77.425409,CO,12,16,14
India,Madhya Pradesh,Bhopal,"Idgah Hills, Bhopal - MPPCB",09-09-2026 14:00:00,23.264759,77.381568,PM10,47,84,60
India,Madhya Pradesh,Ujjain,"Mahashweta Nagar, Ujjain - MPPCB",09-09-2026 14:00:00,23.1633321,75.800225,PM2.5,49,91,70
India,Madhya Pradesh,Ujjain,"Mahashweta Nagar, Ujjain - MPPCB",09-09-2026 14:00:00,23.1633321,75.800225,CO,13,17,14
India,Madhya Pradesh,Ujjain,"Mahashweta Nagar, Ujjain - MPPCB",09-09-2026 14:00:00,23.1633321,75.800225,OZONE,28,59,44
India,Maharashtra,Ahmednagar,"Tarakpur, Ahmednagar - MPCB",09-09-2026 14:00:00,19.10122,74.73339,PM2.5,4,16,10
India,Maharashtra,Ahmednagar,"Tarakpur, Ahmednagar - MPCB",09-09-2026 14:00:00,19.10122,74.73339,NO2,4,19,9
India,Maharashtra,Akola,"Ramdaspeth, Akola - MPCB",09-09-2026 14:00:00,20.719516,77.000253,NH3,6,9,8
India,Maharashtra,Ambernath,"Chinchpada, Ambernath - MPCB",09-09-2026 14:00:00,19.215784,73.199781,PM10,25,143,80
India,Maharashtra,Ambernath,"Chinchpada, Ambernath - MPCB",09-09-2026 14:00:00,19.215784,73.199781,NO2,11,44,24
India,Maharashtra,Ambernath,"Chinchpada, Ambernath - MPCB",09-09-2026 14:00:00,19.215784,73.199781,OZONE,0,15,8
India,Maharashtra,Amravati,"Shivneri Colony, Amravati - MPCB",09-09-2026 14:00:00,20.9402359,77.7895248,SO2,3,5,4
India,Karnataka,Kalaburagi,"Mahatma Basaveswar Colony, Kalaburgi - KSPCB",09-09-2026 14:00:00,17.336318,76.847397,SO2,3,4,3
India,Karnataka,Karwar,"KHB Colony, Karwar - KSPCB",09-09-2026 14:00:00,14.816666,74.141003,PM10,5,31,15
India,Karnataka,Mysuru,"Hebbal 1st Stage, Mysuru - KSPCB",09-09-2026 14:00:00,12.21041,76.37376,PM10,29,95,59
India,Karnataka,Mysuru,"Hebbal 1st Stage, Mysuru - KSPCB",09-09-2026 14:00:00,12.21041,76.37376,OZONE,6,55,25
India,Karnataka,Ramanagara,"Vijay Nagar, Ramanagara - KSPCB",09-09-2026 14:00:00,12.733409,77.298051,PM2.5,4,31,18
India,Karnataka,Ramanagara,"Vijay Nagar, Ramanagara - KSPCB",09-09-2026 14:00:00,12.733409,77.298051,OZONE,15,30,23
India,Karnataka,Shivamogga,"Vinoba Nagara, Shivamogga - KSPCB",09-09-2026 14:00:00,13.94,75.555917,NH3,3,4,3
India,Karnataka,Vijayapura,"Ibrahimpur, Vijayapura - KSPCB",09-09-2026 14:00:00,16.802639,75.722694,NO2,11,12,11
India,Karnataka,Vijayapura,"Ibrahimpur, Vijayapura - KSPCB",09-09-2026 14:00:00,16.802639,75.722694,SO2,3,6,3
India,Karnataka,Chikkaballapur,"Chikkaballapur Rural, Chikkaballapur - KSPCB",09-09-2026 14:00:00,13.428828,77.731418,OZONE,19,19,19
India,Karnataka,Chikkamagaluru,"Kalyana Nagara, Chikkamagaluru - KSPCB",09-09-2026 14:00:00,13.328028,75.797056,NO2,15,27,17
India,Karnataka,Chikkamagaluru,"Kalyana Nagara, Chikkamagaluru - KSPCB",09-09-2026 14:00:00,13.328028,75.797056,NH3,2,3,2
India,Karnataka,Dharwad,"Kalabhavan, Dharwad - KSPCB",09-09-2026 14:00:00,15.459706,75.008381,NO2,22,25,22
India,Karnataka,Gadag,"Panchal Nagar, Gadag - KSPCB",09-09-2026 14:00:00,15.411456,75.638133,NH3,3,8,5
India,Karnataka,Hubballi,"Lingaraj Nagar, Hubballi - KSPCB",09-09-2026 14:00:00,15.3714823,75.1160168,NH3,1,3,3
India,Karnataka,Hubballi,"Lingaraj Nagar, Hubballi - KSPCB",09-09-2026 14:00:00,15.3714823,75.1160168,CO,14,17,15
India,Haryana,Sonipat,"Murthal, Sonipat - HSPCB",09-09-2026 14:00:00,29.0272,77.0621,CO,48,69,59
India,Haryana,Yamuna Nagar,"Gobind Pura, Yamuna Nagar - HSPCB",09-09-2026 14:00:00,30.1480566,77.2893471,SO2,9,15,12
India,Himachal Pradesh,Baddi,"HIMUDA Complex Phase-1, Baddi - HPPCB",09-09-2026 14:00:00,30.943887,76.801991,SO2,14,120,50
India,Jammu and Kashmir,Pampore,"Khrew, Pampore - JKPCC",09-09-2026 14:00:00,34.031606,75.009712,CO,NA,NA,NA
India,Jammu and Kashmir,Srinagar,"Rajbagh, Srinagar - JKPCC",09-09-2026 14:00:00,34.066206,74.81982,CO,11,19,14
India,Maharashtra,Nanded,"Sneh Nagar, Nanded - MPCB",09-09-2026 14:00:00,19.173852,77.296291,NH3,1,4,2
India,Maharashtra,Nanded,"Sneh Nagar, Nanded - MPCB",09-09-2026 14:00:00,19.173852,77.296291,CO,20,25,23
India,Maharashtra,Nashik,"Pandav Nagari, Nashik - MPCB",09-09-2026 14:00:00,19.9591346,73.7788008,OZONE,3,15,9
India,Maharashtra,Nashik,"Gangapur Road, Nashik - MPCB",09-09-2026 14:00:00,20.0073285,73.7762427,OZONE,19,20,19
India,Maharashtra,Nashik,"Hirawadi, Nashik - MPCB",09-09-2026 14:00:00,20.021503,73.813844,PM10,25,103,49
India,Maharashtra,Nashik,"Hirawadi, Nashik - MPCB",09-09-2026 14:00:00,20.021503,73.813844,NO2,0,5,3
India,Maharashtra,Nashik,"MIDC Ambad, Nashik - MPCB",09-09-2026 14:00:00,19.95022,73.73148,PM10,37,80,57
India,Maharashtra,Nashik,"MIDC Ambad, Nashik - MPCB",09-09-2026 14:00:00,19.95022,73.73148,CO,14,16,15
India,Maharashtra,Navi Mumbai,"Sanpada, Navi Mumbai - MPCB",09-09-2026 14:00:00,19.0575752,73.0151367,PM10,17,84,53
India,Maharashtra,Navi Mumbai,"Tondare-Taloja, Navi Mumbai - MPCB",09-09-2026 14:00:00,19.063,73.1209,PM2.5,22,74,43
India,Maharashtra,Navi Mumbai,"Tondare-Taloja, Navi Mumbai - MPCB",09-09-2026 14:00:00,19.063,73.1209,OZONE,19,20,20
India,Maharashtra,Navi Mumbai,"Sector-2E Kalamboli, Navi Mumbai - MPCB",09-09-2026 14:00:00,19.02579,73.10297,PM2.5,1,54,33
India,Maharashtra,Navi Mumbai,"Nerul, Navi Mumbai - MPCB",09-09-2026 14:00:00,19.008751,73.01662,SO2,NA,NA,NA
India,Maharashtra,Navi Mumbai,"Mahape, Navi Mumbai - MPCB",09-09-2026 14:00:00,19.1135051,73.008978,NO2,NA,NA,NA
India,Maharashtra,Mira-Bhayandar,"Bhayandar West, Mira-Bhayandar - MPCB",09-09-2026 14:00:00,19.296481,72.840923,NO2,3,10,5
India,Maharashtra,Mira-Bhayandar,"Bhayandar West, Mira-Bhayandar - MPCB",09-09-2026 14:00:00,19.296481,72.840923,NH3,1,15,3
India,Maharashtra,Mira-Bhayandar,"Bhayandar West, Mira-Bhayandar - MPCB",09-09-2026 14:00:00,19.296481,72.840923,OZONE,2,8,5
India,Maharashtra,Mumbai,"Kherwadi_Bandra East, Mumbai - MPCB",09-09-2026 14:00:00,19.0632143,72.8456324,PM2.5,21,57,30
India,Maharashtra,Mumbai,"Kherwadi_Bandra East, Mumbai - MPCB",09-09-2026 14:00:00,19.0632143,72.8456324,NH3,5,5,5
India,Maharashtra,Mumbai,"Kherwadi_Bandra East, Mumbai - MPCB",09-09-2026 14:00:00,19.0632143,72.8456324,CO,28,32,30
India,Maharashtra,Mumbai,"Chhatrapati Shivaji Intl. Airport (T2), Mumbai - MPCB",09-09-2026 14:00:00,19.10078,72.87462,PM2.5,23,35,28
India,Maharashtra,Mumbai,"Bandra Kurla Complex, Mumbai - IITM",09-09-2026 14:00:00,19.053536,72.84643,PM2.5,NA,NA,NA
India,Maharashtra,Mumbai,"Borivali East, Mumbai - MPCB",09-09-2026 14:00:00,19.2243333,72.8658113,CO,7,7,7
India,Maharashtra,Mumbai,"Khindipada-Bhandup West, Mumbai - IITM",09-09-2026 14:00:00,19.1653323,72.922099,PM10,13,49,29
India,Maharashtra,Mumbai,"Khindipada-Bhandup West, Mumbai - IITM",09-09-2026 14:00:00,19.1653323,72.922099,NO2,5,13,11
India,Maharashtra,Mumbai,"Shivaji Nagar, Mumbai - BMC",09-09-2026 14:00:00,19.060498,72.923356,NO2,7,11,9
India,Maharashtra,Mumbai,"Shivaji Nagar, Mumbai - BMC",09-09-2026 14:00:00,19.060498,72.923356,CO,9,38,17
India,Maharashtra,Mumbai,"Mindspace-Malad West, Mumbai - MPCB",09-09-2026 14:00:00,19.1878657,72.8304069,PM2.5,5,29,13
India,Maharashtra,Mumbai,"Mindspace-Malad West, Mumbai - MPCB",09-09-2026 14:00:00,19.1878657,72.8304069,NH3,7,8,8
India,Maharashtra,Mumbai,"Navy Nagar-Colaba, Mumbai - IITM",09-09-2026 14:00:00,18.897756,72.81332,OZONE,12,21,17
India,Maharashtra,Mumbai,"Sewri, Mumbai - BMC",09-09-2026 14:00:00,19.000084,72.85673,NH3,2,6,4
India,Maharashtra,Mumbai,"Sewri, Mumbai - BMC",09-09-2026 14:00:00,19.000084,72.85673,SO2,0,14,4
India,Maharashtra,Mumbai,"Sion, Mumbai - MPCB",09-09-2026 14:00:00,19.047,72.8746,OZONE,NA,NA,NA
India,Maharashtra,Mumbai,"Kandivali West, Mumbai - BMC",09-09-2026 14:00:00,19.215859,72.831718,NH3,5,5,5
India,Maharashtra,Mumbai,"Mazgaon, Mumbai - IITM",09-09-2026 14:00:00,18.96702,72.84214,PM10,28,60,41
India,Maharashtra,Mumbai,"Mazgaon, Mumbai - IITM",09-09-2026 14:00:00,18.96702,72.84214,NO2,15,40,24
India,Maharashtra,Mumbai,"Mazgaon, Mumbai - IITM",09-09-2026 14:00:00,18.96702,72.84214,OZONE,10,15,12
India,Maharashtra,Mumbai,"Chakala-Andheri East, Mumbai - IITM",09-09-2026 14:00:00,19.11074,72.86084,CO,9,28,19
India,Maharashtra,Beed,"Bir, Beed - MPCB",09-09-2026 14:00:00,18.988474,75.753873,NH3,3,4,3
India,Maharashtra,Beed,"Bir, Beed - MPCB",09-09-2026 14:00:00,18.988474,75.753873,SO2,5,11,7
India,Maharashtra,Beed,"Bir, Beed - MPCB",09-09-2026 14:00:00,18.988474,75.753873,OZONE,4,17,12
India,Maharashtra,Belapur,"CBD Belapur, Belapur - MPCB",09-09-2026 14:00:00,19.0243902,73.0406721,OZONE,9,15,11
India,Maharashtra,Chandrapur,"MIDC Khutala, Chandrapur - MPCB",09-09-2026 14:00:00,19.9775302,79.2337086,SO2,1,20,4
India,Maharashtra,Chandrapur,"MIDC Khutala, Chandrapur - MPCB",09-09-2026 14:00:00,19.9775302,79.2337086,CO,38,41,39
India,Maharashtra,Chandrapur,"Chauhan Colony, Chandrapur - MPCB",09-09-2026 14:00:00,19.9629,79.298714,PM2.5,33,102,67
India,Maharashtra,Chandrapur,"Chauhan Colony, Chandrapur - MPCB",09-09-2026 14:00:00,19.9629,79.298714,SO2,11,19,14
India,Maharashtra,Chandrapur,"Chauhan Colony, Chandrapur - MPCB",09-09-2026 14:00:00,19.9629,79.298714,OZONE,2,8,6
India,Maharashtra,Dhule,"Deopur, Dhule - MPCB",09-09-2026 14:00:00,20.918946,74.776388,PM2.5,17,43,32
India,Maharashtra,Dhule,"Deopur, Dhule - MPCB",09-09-2026 14:00:00,20.918946,74.776388,PM10,29,77,56
India,Maharashtra,Dhule,"Deopur, Dhule - MPCB",09-09-2026 14:00:00,20.918946,74.776388,NH3,2,2,2
India,Maharashtra,Dhule,"Deopur, Dhule - MPCB",09-09-2026 14:00:00,20.918946,74.776388,SO2,0,5,3
India,Maharashtra,Nagpur,"Mahal, Nagpur - MPCB",09-09-2026 14:00:00,21.14472,79.107595,SO2,6,24,13
India,Maharashtra,Nagpur,"Opp GPO Civil Lines, Nagpur - MPCB",09-09-2026 14:00:00,21.152875,79.0517531,NO2,12,59,26
India,Maharashtra,Nagpur,"Opp GPO Civil Lines, Nagpur - MPCB",09-09-2026 14:00:00,21.152875,79.0517531,SO2,2,11,6
India,Maharashtra,Nagpur,"Opp GPO Civil Lines, Nagpur - MPCB",09-09-2026 14:00:00,21.152875,79.0517531,OZONE,20,30,23
India,Maharashtra,Nagpur,"Ram Nagar, Nagpur - MPCB",09-09-2026 14:00:00,21.143383,79.048912,CO,13,15,14
India,Maharashtra,Nagpur,"Ambazari, Nagpur - MPCB",09-09-2026 14:00:00,21.121801,79.04952,PM10,47,68,57
India,Maharashtra,Nagpur,"Ambazari, Nagpur - MPCB",09-09-2026 14:00:00,21.121801,79.04952,NH3,3,3,3
India,Maharashtra,Nagpur,"Ambazari, Nagpur - MPCB",09-09-2026 14:00:00,21.121801,79.04952,SO2,5,7,7
India,Maharashtra,Nagpur,"Ambazari, Nagpur - MPCB",09-09-2026 14:00:00,21.121801,79.04952,CO,11,18,13
India,Maharashtra,Nagpur,"Ambazari, Nagpur - MPCB",09-09-2026 14:00:00,21.121801,79.04952,OZONE,14,32,22
India,Maharashtra,Dombivli,"Kalu Nagar, Dombivli - MPCB",09-09-2026 14:00:00,19.2268427,73.0788456,NH3,0,2,2
India,Maharashtra,Hingoli,"Ashta Vinayak Nagar, Hingoli - MPCB",09-09-2026 14:00:00,19.710842,77.151824,NO2,3,16,7
India,Maharashtra,Hingoli,"Ashta Vinayak Nagar, Hingoli - MPCB",09-09-2026 14:00:00,19.710842,77.151824,OZONE,13,37,25
India,Maharashtra,Jalgaon,"Prabhat Colony, Jalgaon - MPCB",09-09-2026 14:00:00,21.001264,75.565602,PM2.5,27,66,45
India,Maharashtra,Jalgaon,"Prabhat Colony, Jalgaon - MPCB",09-09-2026 14:00:00,21.001264,75.565602,SO2,2,6,4
India,Maharashtra,Jalna,"Old MIDC, Jalna - MPCB",09-09-2026 14:00:00,19.854616,75.905894,NH3,NA,NA,NA
India,Maharashtra,Jalna,"Old MIDC, Jalna - MPCB",09-09-2026 14:00:00,19.854616,75.905894,SO2,NA,NA,NA
India,Maharashtra,Jalna,"Old MIDC, Jalna - MPCB",09-09-2026 14:00:00,19.854616,75.905894,CO,25,32,28
India,Maharashtra,Kalyan,"Pimpleshwar Mandir, Kalyan - MPCB",09-09-2026 14:00:00,19.192056,72.9585188,CO,40,40,40
India,Maharashtra,Kalyan,"Pimpleshwar Mandir, Kalyan - MPCB",09-09-2026 14:00:00,19.192056,72.9585188,OZONE,11,18,13
India,Maharashtra,Kalyan,"Khadakpada, Kalyan - MPCB",09-09-2026 14:00:00,19.25292,73.142019,NH3,NA,NA,NA
India,Maharashtra,Latur,"Sawe Wadi, Latur - MPCB",09-09-2026 14:00:00,18.39963,76.57452,PM10,22,55,35
India,Maharashtra,Mahad,"Kamble Tarf Birwadi, Mahad - MPCB",09-09-2026 14:00:00,18.1023399,73.4783687,PM10,32,107,53
India,Maharashtra,Mahad,"Kamble Tarf Birwadi, Mahad - MPCB",09-09-2026 14:00:00,18.1023399,73.4783687,CO,19,32,29
India,Maharashtra,Malegaon,"Mahesh Nagar, Malegaon - MPCB",09-09-2026 14:00:00,20.555712,74.529236,PM10,37,93,69
India,Maharashtra,Amravati,"Shri Shivaji Science College, Amravati - MPCB",09-09-2026 14:00:00,20.939198,77.765701,PM2.5,23,50,33
India,Maharashtra,Amravati,"Shri Shivaji Science College, Amravati - MPCB",09-09-2026 14:00:00,20.939198,77.765701,OZONE,11,103,38
India,Maharashtra,Aurangabad,"Rachnakar Colony, Aurangabad - MPCB",09-09-2026 14:00:00,19.863756,75.321188,NH3,1,2,1
India,Maharashtra,Aurangabad,"Rachnakar Colony, Aurangabad - MPCB",09-09-2026 14:00:00,19.863756,75.321188,SO2,1,2,1
India,Maharashtra,Aurangabad,"MIDC Chilkalthana, Aurangabad - MPCB",09-09-2026 14:00:00,19.87562,75.38731,PM10,43,45,44
India,Maharashtra,Aurangabad,"MIDC Chilkalthana, Aurangabad - MPCB",09-09-2026 14:00:00,19.87562,75.38731,CO,11,45,28
India,Maharashtra,Badlapur,"Katrap, Badlapur - MPCB",09-09-2026 14:00:00,19.16485,73.23409,PM2.5,17,18,18
India,Maharashtra,Mumbai,"Ghatkopar, Mumbai - BMC",09-09-2026 14:00:00,19.083694,72.920967,CO,19,26,21
India,Maharashtra,Mumbai,"Siddharth Nagar-Worli, Mumbai - IITM",09-09-2026 14:00:00,19.000083,72.813993,NO2,11,17,13
India,Maharashtra,Mumbai,"Powai, Mumbai - MPCB",09-09-2026 14:00:00,19.1375,72.915056,PM10,NA,NA,NA
India,Maharashtra,Mumbai,"Powai, Mumbai - MPCB",09-09-2026 14:00:00,19.1375,72.915056,SO2,11,12,11
India,Maharashtra,Mumbai,"Deonar, Mumbai - IITM",09-09-2026 14:00:00,19.04946,72.923,NO2,4,12,7
India,Maharashtra,Mumbai,"Chembur, Mumbai - MPCB",09-09-2026 14:00:00,19.0364585,72.8954371,PM2.5,10,21,15
India,Maharashtra,Mumbai,"Chembur, Mumbai - MPCB",09-09-2026 14:00:00,19.0364585,72.8954371,CO,12,19,14
India,Maharashtra,Solapur,"Ratandeep Housing Society, Solapur - MPCB",09-09-2026 14:00:00,17.65439,75.90649,PM10,26,53,43
India,Maharashtra,Solapur,"Ratandeep Housing Society, Solapur - MPCB",09-09-2026 14:00:00,17.65439,75.90649,NO2,10,38,19
India,Maharashtra,Solapur,"Ratandeep Housing Society, Solapur - MPCB",09-09-2026 14:00:00,17.65439,75.90649,NH3,2,7,4
India,Maharashtra,Solapur,"Ratandeep Housing Society, Solapur - MPCB",09-09-2026 14:00:00,17.65439,75.90649,CO,17,21,19
India,Maharashtra,Thane,"Upvan Fort, Thane - MPCB",09-09-2026 14:00:00,19.222279,72.957979,NO2,2,22,5
India,Maharashtra,Thane,"Upvan Fort, Thane - MPCB",09-09-2026 14:00:00,19.222279,72.957979,OZONE,2,12,7
India,Maharashtra,Ulhasnagar,"Sidhi Vinayak Nagar, Ulhasnagar - MPCB",09-09-2026 14:00:00,19.235581,73.159121,PM10,15,44,28
India,Maharashtra,Ulhasnagar,"Sidhi Vinayak Nagar, Ulhasnagar - MPCB",09-09-2026 14:00:00,19.235581,73.159121,NH3,1,3,2
India,Maharashtra,Ulhasnagar,"Sidhi Vinayak Nagar, Ulhasnagar - MPCB",09-09-2026 14:00:00,19.235581,73.159121,OZONE,1,14,6
India,Maharashtra,Ulhasnagar,"Vithalwadi, Ulhasnagar - MPCB",09-09-2026 14:00:00,19.2307571,73.155192,PM2.5,7,52,20
India,Maharashtra,Ulhasnagar,"Vithalwadi, Ulhasnagar - MPCB",09-09-2026 14:00:00,19.2307571,73.155192,OZONE,4,9,6
India,Maharashtra,Virar,"Bolinj, Virar - MPCB",09-09-2026 14:00:00,19.445821,72.7988231,PM10,18,94,37
India,Maharashtra,Virar,"Bolinj, Virar - MPCB",09-09-2026 14:00:00,19.445821,72.7988231,SO2,3,15,6
India,Meghalaya,Byrnihat,"15th Mile-Nongthymmai, Byrnihat -Meghalaya PCB",09-09-2026 14:00:00,26.079047,91.875185,PM2.5,NA,NA,NA
India,Meghalaya,Shillong,"Lumpyngngad, Shillong - Meghalaya PCB",09-09-2026 14:00:00,25.5586,91.8985,NO2,0,1,0
India,Meghalaya,Shillong,"Lumpyngngad, Shillong - Meghalaya PCB",09-09-2026 14:00:00,25.5586,91.8985,CO,11,24,15
India,Mizoram,Aizawl,"Sikulpuikawn, Aizawl - Mizoram PCB",09-09-2026 14:00:00,23.7176342,92.7192841,PM10,2,31,14
India,Mizoram,Aizawl,"Sikulpuikawn, Aizawl - Mizoram PCB",09-09-2026 14:00:00,23.7176342,92.7192841,NO2,1,1,1
India,Odisha,Talcher,"Talcher Coalfields,Talcher - OSPCB",09-09-2026 14:00:00,20.9360711,85.1707021,PM10,76,174,109
India,Odisha,Talcher,"Talcher Coalfields,Talcher - OSPCB",09-09-2026 14:00:00,20.9360711,85.1707021,NH3,4,7,6
India,Odisha,Talcher,"Talcher Coalfields,Talcher - OSPCB",09-09-2026 14:00:00,20.9360711,85.1707021,SO2,24,42,32
India,Odisha,Tensa,"Barsua Iron Ore Mines, Tensa - OSPCB",09-09-2026 14:00:00,21.869985,85.167016,PM2.5,13,38,26
India,Odisha,Tensa,"Barsua Iron Ore Mines, Tensa - OSPCB",09-09-2026 14:00:00,21.869985,85.167016,OZONE,12,14,13
India,Puducherry,Puducherry,"Jawahar Nagar, Puducherry - PPCC",09-09-2026 14:00:00,11.9309,79.8027,NO2,4,33,11
India,Puducherry,Puducherry,"Jawahar Nagar, Puducherry - PPCC",09-09-2026 14:00:00,11.9309,79.8027,CO,19,36,27
India,Punjab,Amritsar,"Golden Temple, Amritsar - PPCB",09-09-2026 14:00:00,31.62,74.876512,NH3,7,7,7
India,Punjab,Amritsar,"Golden Temple, Amritsar - PPCB",09-09-2026 14:00:00,31.62,74.876512,SO2,8,103,17
India,Punjab,Bathinda,"Hardev Nagar, Bathinda - PPCB",09-09-2026 14:00:00,30.233011,74.907758,PM10,40,88,60
India,Punjab,Bathinda,"Hardev Nagar, Bathinda - PPCB",09-09-2026 14:00:00,30.233011,74.907758,SO2,9,24,15
India,Punjab,Khanna,"Kalal Majra, Khanna - PPCB",09-09-2026 14:00:00,30.736056,76.209694,PM10,49,88,71
India,Punjab,Mandi Gobindgarh,"RIMT University, Mandi Gobindgarh - PPCB",09-09-2026 14:00:00,30.649961,76.331442,SO2,8,16,12
India,Punjab,Mandi Gobindgarh,"RIMT University, Mandi Gobindgarh - PPCB",09-09-2026 14:00:00,30.649961,76.331442,CO,39,66,51
India,Punjab,Rupnagar,"Ratanpura, Rupnagar - Ambuja Cements",09-09-2026 14:00:00,31.0325454,76.5623046,NO2,9,46,26
India,Rajasthan,Ajmer,"Civil Lines,  Ajmer - RSPCB",09-09-2026 14:00:00,26.470859,74.646594,PM2.5,44,86,62
India,Rajasthan,Jaipur,"Police Commissionerate, Jaipur - RSPCB",09-09-2026 14:00:00,26.9164092,75.7994901,PM2.5,37,87,62
India,Rajasthan,Jaipur,"Police Commissionerate, Jaipur - RSPCB",09-09-2026 14:00:00,26.9164092,75.7994901,SO2,6,20,11
India,Rajasthan,Jaipur,"RIICO Sitapura, Jaipur - RSPCB",09-09-2026 14:00:00,26.786682,75.827928,NO2,25,69,38
India,Rajasthan,Jaipur,"RIICO Sitapura, Jaipur - RSPCB",09-09-2026 14:00:00,26.786682,75.827928,OZONE,48,57,54
India,Rajasthan,Jaipur,"Mansarovar Sector-12, Jaipur - RSPCB",09-09-2026 14:00:00,26.843698,75.766894,PM2.5,NA,NA,NA
India,Rajasthan,Jaipur,"Mansarovar Sector-12, Jaipur - RSPCB",09-09-2026 14:00:00,26.843698,75.766894,NH3,2,4,3
India,Rajasthan,Jaipur,"Sector-2 Murlipura, Jaipur - RSPCB",09-09-2026 14:00:00,26.960669,75.771817,PM10,48,122,80
India,Rajasthan,Jaipur,"Sector-2 Murlipura, Jaipur - RSPCB",09-09-2026 14:00:00,26.960669,75.771817,CO,26,74,54
India,Rajasthan,Jaipur,"Sector-2 Murlipura, Jaipur - RSPCB",09-09-2026 14:00:00,26.960669,75.771817,OZONE,4,18,11
India,Rajasthan,Jaipur,"Adarsh Nagar, Jaipur - RSPCB",09-09-2026 14:00:00,26.902909,75.836858,PM2.5,4,74,42
India,Rajasthan,Jaipur,"Adarsh Nagar, Jaipur - RSPCB",09-09-2026 14:00:00,26.902909,75.836858,NH3,5,7,6
India,Rajasthan,Jaipur,"Adarsh Nagar, Jaipur - RSPCB",09-09-2026 14:00:00,26.902909,75.836858,CO,27,45,36
India,Rajasthan,Jaipur,"Shastri Nagar, Jaipur - RSPCB",09-09-2026 14:00:00,26.9502929,75.730943,NH3,7,12,8
India,Rajasthan,Jaisalmer,"Sadar Bazar, Jaisalmer - RSPCB",09-09-2026 14:00:00,26.912329,70.909168,PM10,42,108,70
India,Rajasthan,Jaisalmer,"Sadar Bazar, Jaisalmer - RSPCB",09-09-2026 14:00:00,26.912329,70.909168,NH3,9,40,16
India,Rajasthan,Jalore,"Mudtra Sili, Jalore - RSPCB",09-09-2026 14:00:00,25.344694,72.626208,PM10,41,112,69
India,Rajasthan,Jalore,"Mudtra Sili, Jalore - RSPCB",09-09-2026 14:00:00,25.344694,72.626208,SO2,1,6,4
India,Maharashtra,Pune,"Katraj Dairy, Pune - MPCB",09-09-2026 14:00:00,18.45445,73.854155,PM10,45,74,49
India,Maharashtra,Pune,"Katraj Dairy, Pune - MPCB",09-09-2026 14:00:00,18.45445,73.854155,NH3,1,1,1
India,Maharashtra,Pune,"Katraj Dairy, Pune - MPCB",09-09-2026 14:00:00,18.45445,73.854155,SO2,2,3,3
India,Maharashtra,Pune,"Panchawati_Pashan, Pune - IITM",09-09-2026 14:00:00,18.536457,73.805454,CO,12,42,29
India,Maharashtra,Pune,"Mhada Colony, Pune - IITM",09-09-2026 14:00:00,18.57304,73.927715,SO2,NA,NA,NA
India,Maharashtra,Pune,"Mhada Colony, Pune - IITM",09-09-2026 14:00:00,18.57304,73.927715,OZONE,8,19,12
India,Maharashtra,Pune,"Revenue Colony-Shivajinagar, Pune - IITM",09-09-2026 14:00:00,18.530085,73.849598,NH3,NA,NA,NA
India,Maharashtra,Pune,"Hadapsar, Pune - IITM",09-09-2026 14:00:00,18.501793,73.927532,NO2,8,48,26
India,Maharashtra,Pune,"Hadapsar, Pune - IITM",09-09-2026 14:00:00,18.501793,73.927532,OZONE,9,37,19
India,Maharashtra,Sangli,"Vijay Nagar, Sangli - MPCB",09-09-2026 14:00:00,16.5038,74.3623,CO,1,7,5
India,Maharashtra,Satara,"Koyana Nagar, Satara - MPCB",09-09-2026 14:00:00,17.696651,74.003387,PM2.5,17,125,40
India,Maharashtra,Satara,"Koyana Nagar, Satara - MPCB",09-09-2026 14:00:00,17.696651,74.003387,PM10,19,111,76
India,Maharashtra,Satara,"Koyana Nagar, Satara - MPCB",09-09-2026 14:00:00,17.696651,74.003387,SO2,2,6,5
India,Maharashtra,Solapur,"Dnyaneshwar Nagar, Solapur - MPCB",09-09-2026 14:00:00,17.6336264,75.9132495,PM10,21,66,43
India,Maharashtra,Solapur,"Dnyaneshwar Nagar, Solapur - MPCB",09-09-2026 14:00:00,17.6336264,75.9132495,NO2,5,15,7
India,Odisha,Barbil,"Forest Office, Barbil - OSPCB",09-09-2026 14:00:00,22.1166054,85.3945546,PM2.5,17,123,60
India,Odisha,Barbil,"Forest Office, Barbil - OSPCB",09-09-2026 14:00:00,22.1166054,85.3945546,SO2,7,50,14
India,Odisha,Baripada,"Meher Colony, Baripada - OSPCB",09-09-2026 14:00:00,21.941841,86.728318,NO2,0,49,21
India,Odisha,Baripada,"Meher Colony, Baripada - OSPCB",09-09-2026 14:00:00,21.941841,86.728318,SO2,6,8,7
India,Odisha,Bhubaneswar,"Patia, Bhubaneswar - OSPCB",09-09-2026 14:00:00,20.34652,85.8163,SO2,4,56,12
India,Odisha,Bhubaneswar,"Patia, Bhubaneswar - OSPCB",09-09-2026 14:00:00,20.34652,85.8163,CO,28,136,72
India,Odisha,Bhubaneswar,"Lingraj Mandir, Bhubaneswar - OSPCB",09-09-2026 14:00:00,20.24079,85.836784,NH3,2,6,4
India,Odisha,Bhubaneswar,"Lingraj Mandir, Bhubaneswar - OSPCB",09-09-2026 14:00:00,20.24079,85.836784,OZONE,10,71,33
India,Odisha,Brajrajnagar,"GM Office, Brajrajnagar - OSPCB",09-09-2026 14:00:00,21.8004996,83.8396977,NH3,4,4,4
India,Odisha,Byasanagar,"Ferro Chrome Colony, Byasanagar - OSPCB",09-09-2026 14:00:00,20.94185,86.1151,PM10,44,117,72
India,Odisha,Byasanagar,"Ferro Chrome Colony, Byasanagar - OSPCB",09-09-2026 14:00:00,20.94185,86.1151,NO2,7,25,14
India,Odisha,Byasanagar,"Ferro Chrome Colony, Byasanagar - OSPCB",09-09-2026 14:00:00,20.94185,86.1151,NH3,1,2,2
India,Odisha,Byasanagar,"Ferro Chrome Colony, Byasanagar - OSPCB",09-09-2026 14:00:00,20.94185,86.1151,CO,39,66,48
India,Odisha,Cuttack,"CDA Area, Cuttack - OSPCB",09-09-2026 14:00:00,20.48891,85.84768,NO2,10,43,22
India,Maharashtra,Pimpri-Chinchwad,"Gavalinagar, Pimpri Chinchwad - MPCB",09-09-2026 14:00:00,18.63673,73.82487,NH3,2,3,2
India,Maharashtra,Pimpri-Chinchwad,"Gavalinagar, Pimpri Chinchwad - MPCB",09-09-2026 14:00:00,18.63673,73.82487,SO2,1,1,1
India,Maharashtra,Pimpri-Chinchwad,"Gavalinagar, Pimpri Chinchwad - MPCB",09-09-2026 14:00:00,18.63673,73.82487,CO,7,16,10
India,Maharashtra,Pimpri-Chinchwad,"Transport Nagar-Nigdi, Pune - IITM",09-09-2026 14:00:00,18.664282,73.763966,NO2,22,37,30
India,Maharashtra,Pimpri-Chinchwad,"Transport Nagar-Nigdi, Pune - IITM",09-09-2026 14:00:00,18.664282,73.763966,OZONE,2,32,14
India,Maharashtra,Pimpri-Chinchwad,"Bhosari, Pune - IITM",09-09-2026 14:00:00,18.640051,73.848956,NO2,21,44,32
India,Maharashtra,Pimpri-Chinchwad,"Bhosari, Pune - IITM",09-09-2026 14:00:00,18.640051,73.848956,NH3,NA,NA,NA
India,Maharashtra,Pimpri-Chinchwad,"Park Street Wakad, Pimpri Chinchwad - MPCB",09-09-2026 14:00:00,18.59051,73.77946,PM2.5,16,43,25
India,Maharashtra,Pimpri-Chinchwad,"Park Street Wakad, Pimpri Chinchwad - MPCB",09-09-2026 14:00:00,18.59051,73.77946,PM10,25,67,38
India,Maharashtra,Pune,"Savitribai Phule Pune University, Pune - MPCB",09-09-2026 14:00:00,18.547056,73.826908,PM2.5,17,28,22
India,Maharashtra,Pune,"Savitribai Phule Pune University, Pune - MPCB",09-09-2026 14:00:00,18.547056,73.826908,OZONE,3,42,18
India,Maharashtra,Pune,"Dhankawadi, Pune - IITM",09-09-2026 14:00:00,18.459883,73.852193,PM10,42,100,69
India,Odisha,Nayagarh,"Dabuna, Nayagarh - OSPCB",09-09-2026 14:00:00,21.847279,85.416905,PM10,20,122,66
India,Odisha,Nayagarh,"Dabuna, Nayagarh - OSPCB",09-09-2026 14:00:00,21.847279,85.416905,NO2,6,8,7
India,Odisha,Nayagarh,"Dabuna, Nayagarh - OSPCB",09-09-2026 14:00:00,21.847279,85.416905,OZONE,13,14,13
India,Odisha,Paradeep,"Nua Sandhakuda, Paradeep - OSPCB",09-09-2026 14:00:00,20.258828,86.665185,NH3,5,6,5
India,Odisha,Paradeep,"Nua Sandhakuda, Paradeep - OSPCB",09-09-2026 14:00:00,20.258828,86.665185,OZONE,37,41,39
India,Odisha,Rourkela,"Sector-2, Rourkela - OSPCB",09-09-2026 14:00:00,22.245,84.88111111,PM2.5,38,43,38
India,Odisha,Rourkela,"Sector-2, Rourkela - OSPCB",09-09-2026 14:00:00,22.245,84.88111111,PM10,31,33,32
India,Odisha,Rourkela,"Sector-2, Rourkela - OSPCB",09-09-2026 14:00:00,22.245,84.88111111,OZONE,NA,NA,NA
India,Odisha,Rourkela,"Fertilizer Township, Rourkela - OSPCB",09-09-2026 14:00:00,22.18972222,84.86277778,PM10,40,61,42
India,Odisha,Rourkela,"Fertilizer Township, Rourkela - OSPCB",09-09-2026 14:00:00,22.18972222,84.86277778,NH3,NA,NA,NA
India,Odisha,Rourkela,"Raghunathpali, Rourkela - OSPCB",09-09-2026 14:00:00,22.220833,84.809444,PM10,44,87,64
India,Odisha,Rourkela,"Raghunathpali, Rourkela - OSPCB",09-09-2026 14:00:00,22.220833,84.809444,NH3,1,1,1
India,Odisha,Rourkela,"Raghunathpali, Rourkela - OSPCB",09-09-2026 14:00:00,22.220833,84.809444,CO,40,87,52
India,Rajasthan,Ajmer,"Civil Lines,  Ajmer - RSPCB",09-09-2026 14:00:00,26.470859,74.646594,NO2,17,19,18
India,Rajasthan,Ajmer,"Civil Lines,  Ajmer - RSPCB",09-09-2026 14:00:00,26.470859,74.646594,NH3,5,6,6
India,Rajasthan,Ajmer,"Civil Lines,  Ajmer - RSPCB",09-09-2026 14:00:00,26.470859,74.646594,OZONE,12,13,12
India,Rajasthan,Alwar,"Moti Doongri, Alwar - RSPCB",09-09-2026 14:00:00,27.554793,76.611536,NO2,38,89,69
India,Rajasthan,Alwar,"Moti Doongri, Alwar - RSPCB",09-09-2026 14:00:00,27.554793,76.611536,OZONE,24,44,35
India,Rajasthan,Banswara,"Rati Talai, Banswara - RSPCB",09-09-2026 14:00:00,23.55519,74.44001,PM10,56,94,76
India,Rajasthan,Baran,"Bamboliya, Baran - RSPCB",09-09-2026 14:00:00,25.106006,76.469948,PM2.5,15,47,24
India,Rajasthan,Baran,"Bamboliya, Baran - RSPCB",09-09-2026 14:00:00,25.106006,76.469948,NO2,17,23,19
India,Rajasthan,Bharatpur,"Krishna Nagar, Bharatpur - RSPCB",09-09-2026 14:00:00,27.215415,77.50873,NO2,4,15,9
India,Rajasthan,Bhiwadi,"RIICO Ind. Area III, Bhiwadi - RSPCB",09-09-2026 14:00:00,28.194909,76.862296,NH3,7,20,12
India,Rajasthan,Bikaner,"MM Ground, Bikaner - RSPCB",09-09-2026 14:00:00,28.018792,73.292658,NH3,3,5,4
India,Rajasthan,Bikaner,"MM Ground, Bikaner - RSPCB",09-09-2026 14:00:00,28.018792,73.292658,CO,19,65,39
India,Rajasthan,Bikaner,"MM Ground, Bikaner - RSPCB",09-09-2026 14:00:00,28.018792,73.292658,OZONE,23,44,34
India,Rajasthan,Bundi,"New Colony, Bundi - RSPCB",09-09-2026 14:00:00,25.435774,75.644272,PM10,NA,NA,NA
India,Rajasthan,Bundi,"New Colony, Bundi - RSPCB",09-09-2026 14:00:00,25.435774,75.644272,NO2,NA,NA,NA
India,Rajasthan,Bundi,"New Colony, Bundi - RSPCB",09-09-2026 14:00:00,25.435774,75.644272,CO,9,10,9
India,Rajasthan,Bundi,"New Colony, Bundi - RSPCB",09-09-2026 14:00:00,25.435774,75.644272,OZONE,53,54,54
India,Rajasthan,Dholpur,"Raja Ganj, Dholpur - RSPCB",09-09-2026 14:00:00,26.699557,77.898881,SO2,1,6,3
India,Rajasthan,Dholpur,"Raja Ganj, Dholpur - RSPCB",09-09-2026 14:00:00,26.699557,77.898881,OZONE,11,22,16
India,Uttar Pradesh,Hapur,"Anand Vihar, Hapur - UPPCB",09-09-2026 14:00:00,28.725645,77.749675,CO,26,71,35
India,Uttar Pradesh,Hapur,"Anand Vihar, Hapur - UPPCB",09-09-2026 14:00:00,28.725645,77.749675,OZONE,6,33,20
India,Uttar Pradesh,Jhansi,"Shivaji Nagar, Jhansi - UPPCB",09-09-2026 14:00:00,25.4547,78.6039,NO2,3,6,6
India,Uttar Pradesh,Kanpur,"NSI Kalyanpur, Kanpur - UPPCB",09-09-2026 14:00:00,26.509954,80.249612,PM2.5,37,117,60
India,Uttar Pradesh,Kanpur,"NSI Kalyanpur, Kanpur - UPPCB",09-09-2026 14:00:00,26.509954,80.249612,SO2,24,26,25
India,Uttar Pradesh,Kanpur,"NSI Kalyanpur, Kanpur - UPPCB",09-09-2026 14:00:00,26.509954,80.249612,OZONE,20,21,21
India,Uttar Pradesh,Kanpur,"FTI Kidwai Nagar, Kanpur - UPPCB",09-09-2026 14:00:00,26.428282,80.327067,NH3,3,3,3
India,Uttar Pradesh,Kanpur,"FTI Kidwai Nagar, Kanpur - UPPCB",09-09-2026 14:00:00,26.428282,80.327067,SO2,6,40,25
India,Uttar Pradesh,Kanpur,"Nehru Nagar, Kanpur - UPPCB",09-09-2026 14:00:00,26.4703136,80.3229863,CO,47,50,49
India,Uttar Pradesh,Khora,"Prashant Garden, Khora - UPPCB",09-09-2026 14:00:00,28.61119,77.34206,SO2,0,1,0
India,Uttar Pradesh,Lucknow,"Gomti Nagar, Lucknow - UPPCB",09-09-2026 14:00:00,26.86812,81.005119,PM10,27,116,79
India,Uttar Pradesh,Lucknow,"Kukrail Picnic Spot-1, Lucknow - UPPCB",09-09-2026 14:00:00,26.90723,80.98579,PM10,30,108,63
India,Uttar Pradesh,Lucknow,"Kukrail Picnic Spot-1, Lucknow - UPPCB",09-09-2026 14:00:00,26.90723,80.98579,CO,12,15,14
India,Uttar Pradesh,Lucknow,"Talkatora District Industries Center, Lucknow - CPCB",09-09-2026 14:00:00,26.83399722,80.8917361,PM2.5,16,59,42
India,Uttar Pradesh,Lucknow,"Kendriya Vidyalaya, Lucknow - CPCB",09-09-2026 14:00:00,26.906111,80.948222,PM2.5,24,89,62
India,Uttar Pradesh,Lucknow,"Kendriya Vidyalaya, Lucknow - CPCB",09-09-2026 14:00:00,26.906111,80.948222,CO,32,61,48
India,Uttar Pradesh,Lucknow,"Kendriya Vidyalaya, Lucknow - CPCB",09-09-2026 14:00:00,26.906111,80.948222,OZONE,19,72,56
India,Uttar Pradesh,Lucknow,"Lalbagh, Lucknow - CPCB",09-09-2026 14:00:00,26.8458805,80.9365541,PM2.5,8,58,38
India,Uttar Pradesh,Ghaziabad,"Govindpuram, Ghaziabad - UPPCB",09-09-2026 14:00:00,28.694528,77.494705,PM10,7,17,10
India,Uttar Pradesh,Ghaziabad,"Govindpuram, Ghaziabad - UPPCB",09-09-2026 14:00:00,28.694528,77.494705,NO2,34,129,53
India,Uttar Pradesh,Ghaziabad,"Govindpuram, Ghaziabad - UPPCB",09-09-2026 14:00:00,28.694528,77.494705,SO2,2,9,4
India,Uttar Pradesh,Ghaziabad,"Govindpuram, Ghaziabad - UPPCB",09-09-2026 14:00:00,28.694528,77.494705,OZONE,3,50,30
India,Uttar Pradesh,Ghaziabad,"Sanjay Nagar, Ghaziabad - UPPCB",09-09-2026 14:00:00,28.685382,77.453839,PM10,124,177,147
India,Uttar Pradesh,Ghaziabad,"Loni, Ghaziabad - UPPCB",09-09-2026 14:00:00,28.757294,77.278792,PM2.5,NA,NA,NA
India,Uttar Pradesh,Ghaziabad,"Loni, Ghaziabad - UPPCB",09-09-2026 14:00:00,28.757294,77.278792,OZONE,7,19,11
India,Uttar Pradesh,Ghaziabad,"Wave City, Ghaziabad - UPPCB",09-09-2026 14:00:00,28.646675,77.489049,PM2.5,NA,NA,NA
India,Uttar Pradesh,Ghaziabad,"Wave City, Ghaziabad - UPPCB",09-09-2026 14:00:00,28.646675,77.489049,PM10,NA,NA,NA
India,Uttar Pradesh,Ghaziabad,"Wave City, Ghaziabad - UPPCB",09-09-2026 14:00:00,28.646675,77.489049,NH3,NA,NA,NA
India,Uttar Pradesh,Ghaziabad,"Wave City, Ghaziabad - UPPCB",09-09-2026 14:00:00,28.646675,77.489049,SO2,1,3,2
India,Uttar Pradesh,Ghaziabad,"Ved Vihar-Loni, Ghaziabad - UPPCB",09-09-2026 14:00:00,28.739153,77.273668,PM2.5,83,165,118
India,Uttar Pradesh,Ghaziabad,"Ved Vihar-Loni, Ghaziabad - UPPCB",09-09-2026 14:00:00,28.739153,77.273668,PM10,99,139,120
India,Uttar Pradesh,Gorakhpur,"Madan Mohan Malaviya University of Technology, Gorakhpur - UPPCB",09-09-2026 14:00:00,26.730136,83.433859,PM10,14,110,68
India,Uttar Pradesh,Gorakhpur,"Madan Mohan Malaviya University of Technology, Gorakhpur - UPPCB",09-09-2026 14:00:00,26.730136,83.433859,NO2,10,12,11
India,Uttar Pradesh,Greater Noida,"Knowledge Park - V, Greater Noida - UPPCB",09-09-2026 14:00:00,28.557054,77.453663,PM2.5,51,190,83
India,Uttar Pradesh,Greater Noida,"Knowledge Park - V, Greater Noida - UPPCB",09-09-2026 14:00:00,28.557054,77.453663,PM10,137,420,218
India,Uttar Pradesh,Greater Noida,"Knowledge Park - V, Greater Noida - UPPCB",09-09-2026 14:00:00,28.557054,77.453663,SO2,4,12,7
India,Uttar Pradesh,Greater Noida,"Knowledge Park - III, Greater Noida - UPPCB",09-09-2026 14:00:00,28.47272,77.482,NO2,13,79,44
India,Tamil Nadu,Chennai,"Royapuram, Chennai - TNPCB",09-09-2026 14:00:00,13.1036,80.2909,PM2.5,39,52,46
India,Tamil Nadu,Chennai,"Manali Village, Chennai - TNPCB",09-09-2026 14:00:00,13.1662,80.2584,PM10,30,94,55
India,Tamil Nadu,Chennai,"Manali Village, Chennai - TNPCB",09-09-2026 14:00:00,13.1662,80.2584,CO,49,52,51
India,Tamil Nadu,Chennai,"Velachery Res. Area, Chennai - CPCB",09-09-2026 14:00:00,13.0052189,80.2398125,OZONE,8,14,11
India,Tamil Nadu,Chennai,"Arumbakkam, Chennai - TNPCB",09-09-2026 14:00:00,13.0664,80.2112,NH3,2,3,2
India,Tamil Nadu,Chennai,"Arumbakkam, Chennai - TNPCB",09-09-2026 14:00:00,13.0664,80.2112,CO,NA,NA,NA
India,Tamil Nadu,Coimbatore,"SIDCO Kurichi, Coimbatore - TNPCB",09-09-2026 14:00:00,10.942451,76.978996,PM2.5,NA,NA,NA
India,Tamil Nadu,Coimbatore,"SIDCO Kurichi, Coimbatore - TNPCB",09-09-2026 14:00:00,10.942451,76.978996,SO2,27,29,28
India,Tamil Nadu,Cuddalore,"Semmandalam, Cuddalore - TNPCB",09-09-2026 14:00:00,11.7637683,79.7499835,PM2.5,NA,NA,NA
India,Tamil Nadu,Gummidipoondi,"Anthoni Pillai Nagar, Gummidipoondi - TNPCB",09-09-2026 14:00:00,13.4127,80.1081,NH3,5,9,8
India,Tamil Nadu,Thoothukudi,"Meelavittan, Thoothukudi - TNPCB",09-09-2026 14:00:00,8.816428,78.099039,PM10,55,79,65
India,Telangana,Hyderabad,"ICRISAT Patancheru, Hyderabad - TSPCB",09-09-2026 14:00:00,17.5184,78.278777,PM10,42,123,69
India,Telangana,Hyderabad,"ICRISAT Patancheru, Hyderabad - TSPCB",09-09-2026 14:00:00,17.5184,78.278777,CO,21,45,34
India,Telangana,Hyderabad,"ICRISAT Patancheru, Hyderabad - TSPCB",09-09-2026 14:00:00,17.5184,78.278777,OZONE,35,76,58
India,Telangana,Hyderabad,"Nacharam_TSIIC IALA, Hyderabad - TSPCB",09-09-2026 14:00:00,17.429398,78.569354,PM10,NA,NA,NA
India,Rajasthan,Jalore,"Mudtra Sili, Jalore - RSPCB",09-09-2026 14:00:00,25.344694,72.626208,CO,14,19,17
India,Rajasthan,Jhalawar,"Rajlaxmi Nagar, Jhalawar - RSPCB",09-09-2026 14:00:00,24.588397,76.172782,NO2,19,31,22
India,Rajasthan,Jhunjhunu,"Indra Nagar, Jhunjhunu - RSPCB",09-09-2026 14:00:00,28.108988,75.386577,PM10,59,102,77
India,Rajasthan,Jhunjhunu,"Indra Nagar, Jhunjhunu - RSPCB",09-09-2026 14:00:00,28.108988,75.386577,NH3,3,7,5
India,Rajasthan,Jhunjhunu,"Indra Nagar, Jhunjhunu - RSPCB",09-09-2026 14:00:00,28.108988,75.386577,SO2,4,5,4
India,Rajasthan,Jodhpur,"Samrat Ashok Udhyan, Jodhpur - RSPCB",09-09-2026 14:00:00,26.253384,72.976571,PM10,44,103,66
India,Rajasthan,Jodhpur,"Jhalamand, Jodhpur - RSPCB",09-09-2026 14:00:00,26.215415,73.070156,PM10,45,106,64
India,Rajasthan,Jodhpur,"Jhalamand, Jodhpur - RSPCB",09-09-2026 14:00:00,26.215415,73.070156,NH3,2,4,3
India,Rajasthan,Jodhpur,"Mandor, Jodhpur - RSPCB",09-09-2026 14:00:00,26.358805,73.047444,NH3,3,4,3
India,Rajasthan,Jodhpur,"Mandor, Jodhpur - RSPCB",09-09-2026 14:00:00,26.358805,73.047444,SO2,5,8,6
India,Rajasthan,Jodhpur,"Mandor, Jodhpur - RSPCB",09-09-2026 14:00:00,26.358805,73.047444,CO,8,12,10
India,Rajasthan,Karauli,"Satyawati Vihar, Karauli - RSPCB",09-09-2026 14:00:00,26.506177,77.025989,PM2.5,25,45,33
India,Rajasthan,Karauli,"Satyawati Vihar, Karauli - RSPCB",09-09-2026 14:00:00,26.506177,77.025989,OZONE,8,48,32
India,Rajasthan,Khairthal,"New Anaj Mandi, Khairthal - RSPCB",09-09-2026 14:00:00,27.8015617,76.6365217,PM2.5,55,89,68
India,Rajasthan,Khairthal,"New Anaj Mandi, Khairthal - RSPCB",09-09-2026 14:00:00,27.8015617,76.6365217,SO2,1,1,1
India,Rajasthan,Pratapgarh,"Pragati Nagar, Pratapgarh - RSPCB",09-09-2026 14:00:00,24.041198,74.780702,PM10,57,109,79
India,Rajasthan,Pratapgarh,"Pragati Nagar, Pratapgarh - RSPCB",09-09-2026 14:00:00,24.041198,74.780702,SO2,1,2,2
India,Rajasthan,Rajsamand,"Dhoinda, Rajsamand - RSPCB",09-09-2026 14:00:00,25.03636,73.883502,OZONE,26,46,34
India,Rajasthan,Sikar,"Radhakishan Pura, Sikar - RSPCB",09-09-2026 14:00:00,27.608912,75.153302,PM2.5,47,80,60
India,Rajasthan,Sirohi,"Vedhaynath Colony, Sirohi - RSPCB",09-09-2026 14:00:00,24.885261,72.857549,PM10,32,92,60
India,Rajasthan,Sirohi,"Vedhaynath Colony, Sirohi - RSPCB",09-09-2026 14:00:00,24.885261,72.857549,OZONE,14,49,31
India,Rajasthan,Sri Ganganagar,"Old City, Sri Ganganagar - RSPCB",09-09-2026 14:00:00,29.931624,73.864511,NH3,10,15,11
India,Rajasthan,Udaipur,"Ashok Nagar, Udaipur - RSPCB",09-09-2026 14:00:00,24.5886166,73.6321397,SO2,6,9,7
India,Rajasthan,Udaipur,"Ashok Nagar, Udaipur - RSPCB",09-09-2026 14:00:00,24.5886166,73.6321397,CO,8,27,14
India,Sikkim,Gangtok,"Zero Point GICI, Gangtok - SSPCB",09-09-2026 14:00:00,27.33853,88.614099,NO2,7,9,8
India,Sikkim,Gangtok,"Zero Point GICI, Gangtok - SSPCB",09-09-2026 14:00:00,27.33853,88.614099,CO,3,7,5
India,Tamil Nadu,Chennai,"Kodungaiyur, Chennai - TNPCB",09-09-2026 14:00:00,13.1278,80.2642,SO2,5,7,6
India,Telangana,Hyderabad,"Nacharam_TSIIC IALA, Hyderabad - TSPCB",09-09-2026 14:00:00,17.429398,78.569354,SO2,NA,NA,NA
India,Telangana,Hyderabad,"Nacharam_TSIIC IALA, Hyderabad - TSPCB",09-09-2026 14:00:00,17.429398,78.569354,OZONE,10,26,22
India,Telangana,Hyderabad,"Ramachandrapuram, Hyderabad - TSPCB",09-09-2026 14:00:00,17.528544,78.286195,NO2,11,15,13
India,Telangana,Hyderabad,"Central University, Hyderabad - TSPCB",09-09-2026 14:00:00,17.460103,78.334361,NO2,6,29,20
India,Telangana,Hyderabad,"IDA Pashamylaram, Hyderabad - TSPCB",09-09-2026 14:00:00,17.5316895,78.218939,PM2.5,22,129,55
India,Telangana,Hyderabad,"IDA Pashamylaram, Hyderabad - TSPCB",09-09-2026 14:00:00,17.5316895,78.218939,PM10,42,135,79
India,Telangana,Hyderabad,"Zoo Park, Hyderabad - TSPCB",09-09-2026 14:00:00,17.349694,78.451437,PM10,23,80,41
India,Telangana,Hyderabad,"Zoo Park, Hyderabad - TSPCB",09-09-2026 14:00:00,17.349694,78.451437,SO2,1,1,1
India,Telangana,Hyderabad,"Zoo Park, Hyderabad - TSPCB",09-09-2026 14:00:00,17.349694,78.451437,CO,14,40,29
India,Telangana,Hyderabad,"Somajiguda, Hyderabad - TSPCB",09-09-2026 14:00:00,17.417094,78.457437,OZONE,23,25,24
India,Telangana,Hyderabad,"Sanathnagar, Hyderabad - TSPCB",09-09-2026 14:00:00,17.4559458,78.4332152,NO2,27,36,32
India,Telangana,Hyderabad,"Bollaram Industrial Area, Hyderabad - TSPCB",09-09-2026 14:00:00,17.518,78.383,NO2,18,29,23
India,Telangana,Hyderabad,"Bollaram Industrial Area, Hyderabad - TSPCB",09-09-2026 14:00:00,17.518,78.383,CO,46,69,57
India,Uttar Pradesh,Bareilly,"Civil Lines, Bareilly - UPPCB",09-09-2026 14:00:00,28.359581,79.414455,NH3,0,0,0
India,Uttar Pradesh,Bulandshahr,"Yamunapuram, Bulandshahr - UPPCB",09-09-2026 14:00:00,28.406963,77.849831,OZONE,3,109,50
India,Uttar Pradesh,Fatehpur Sikri,"Dadupura, Fatehpur Sikri - UPPCB",09-09-2026 14:00:00,27.097694,77.671335,NO2,7,8,8
India,Uttar Pradesh,Fatehpur Sikri,"Dadupura, Fatehpur Sikri - UPPCB",09-09-2026 14:00:00,27.097694,77.671335,OZONE,16,35,28
India,Uttar Pradesh,Firozabad,"Vibhab Nagar, Firozabad - UPPCB",09-09-2026 14:00:00,27.1594,78.3953,CO,28,33,32
India,Uttar Pradesh,Firozabad,"Vibhab Nagar, Firozabad - UPPCB",09-09-2026 14:00:00,27.1594,78.3953,OZONE,1,1,1
India,Uttar Pradesh,Firozabad,"Nagla Bhau, Firozabad - UPPCB",09-09-2026 14:00:00,27.168897,78.37696,OZONE,4,9,7
India,Uttar Pradesh,Gajraula,"Rajanpur, Gajraula - UPPCB",09-09-2026 14:00:00,28.829109,78.248796,PM10,114,151,133
India,Uttar Pradesh,Gajraula,"Rajanpur, Gajraula - UPPCB",09-09-2026 14:00:00,28.829109,78.248796,NO2,16,78,45
India,Uttar Pradesh,Gajraula,"Rajanpur, Gajraula - UPPCB",09-09-2026 14:00:00,28.829109,78.248796,SO2,12,16,14
India,Uttar Pradesh,Ghaziabad,"Vasundhara, Ghaziabad - UPPCB",09-09-2026 14:00:00,28.6603346,77.3572563,SO2,5,95,20
India,Telangana,Hyderabad,"Kompally Municipal Office, Hyderabad - TSPCB",09-09-2026 14:00:00,17.544899,78.486949,SO2,3,44,7
India,Telangana,Hyderabad,"Kokapet, Hyderabad - TSPCB",09-09-2026 14:00:00,17.393559,78.339194,SO2,6,11,8
India,Telangana,Hyderabad,"Kokapet, Hyderabad - TSPCB",09-09-2026 14:00:00,17.393559,78.339194,OZONE,13,28,20
India,Uttar Pradesh,Agra,"Manoharpur, Agra - UPPCB",09-09-2026 14:00:00,27.23711,78.01936,NH3,2,2,2
India,Uttar Pradesh,Agra,"Rohta, Agra - UPPCB",09-09-2026 14:00:00,27.106972,78.000111,NO2,16,16,16
India,Uttar Pradesh,Agra,"Rohta, Agra - UPPCB",09-09-2026 14:00:00,27.106972,78.000111,NH3,6,6,6
India,Uttar Pradesh,Agra,"Rohta, Agra - UPPCB",09-09-2026 14:00:00,27.106972,78.000111,OZONE,14,16,15
India,Uttar Pradesh,Agra,"Shastripuram, Agra - UPPCB",09-09-2026 14:00:00,27.19862,77.92066,SO2,NA,NA,NA
India,Uttar Pradesh,Agra,"Sector-3B Avas Vikas Colony, Agra - UPPCB",09-09-2026 14:00:00,27.19412,77.96237,NO2,35,35,35
India,Uttar Pradesh,Agra,"Sanjay Palace, Agra - UPPCB",09-09-2026 14:00:00,27.19865833,78.00598056,PM2.5,5,93,31
India,Uttar Pradesh,Agra,"Sanjay Palace, Agra - UPPCB",09-09-2026 14:00:00,27.19865833,78.00598056,SO2,17,18,18
India,Rajasthan,Kota,"Shrinath Puram, Kota - RSPCB",09-09-2026 14:00:00,25.14389,75.821256,PM10,64,96,75
India,Rajasthan,Kota,"Nayapura, Kota - RSPCB",09-09-2026 14:00:00,25.196024,75.855668,PM10,60,161,94
India,Rajasthan,Kota,"Nayapura, Kota - RSPCB",09-09-2026 14:00:00,25.196024,75.855668,NH3,NA,NA,NA
India,Rajasthan,Kota,"Nayapura, Kota - RSPCB",09-09-2026 14:00:00,25.196024,75.855668,SO2,2,4,3
India,Rajasthan,Kota,"Nayapura, Kota - RSPCB",09-09-2026 14:00:00,25.196024,75.855668,CO,19,27,22
India,Rajasthan,Nagaur,"Karni Colony, Nagaur - RSPCB",09-09-2026 14:00:00,27.213494,73.734444,PM2.5,15,65,32
India,Uttar Pradesh,Lucknow,"Lalbagh, Lucknow - CPCB",09-09-2026 14:00:00,26.8458805,80.9365541,NO2,20,30,23
India,Uttar Pradesh,Lucknow,"B R Ambedkar University, Lucknow - UPPCB",09-09-2026 14:00:00,26.766433,80.927299,PM10,18,74,51
India,Uttar Pradesh,Lucknow,"B R Ambedkar University, Lucknow - UPPCB",09-09-2026 14:00:00,26.766433,80.927299,SO2,28,37,31
India,Uttar Pradesh,Mathura,"Pali Dungra, Mathura - UPPCB",09-09-2026 14:00:00,27.410954,77.550619,SO2,11,13,12
India,Uttar Pradesh,Meerut,"MIET College, Meerut - UPPCB",09-09-2026 14:00:00,28.972677,77.641018,OZONE,7,79,44
India,Uttar Pradesh,Meerut,"Ganga Nagar, Meerut - UPPCB",09-09-2026 14:00:00,28.999264,77.7590354,PM10,98,146,126
India,Uttar Pradesh,Meerut,"Ganga Nagar, Meerut - UPPCB",09-09-2026 14:00:00,28.999264,77.7590354,NO2,32,55,47
India,Uttar Pradesh,Meerut,"Ganga Nagar, Meerut - UPPCB",09-09-2026 14:00:00,28.999264,77.7590354,NH3,8,13,9
India,Uttar Pradesh,Moradabad,"Employment Office, Moradabad - UPPCB",09-09-2026 14:00:00,28.88528,78.7388,PM2.5,55,79,65
India,Uttar Pradesh,Moradabad,"Employment Office, Moradabad - UPPCB",09-09-2026 14:00:00,28.88528,78.7388,NO2,23,24,23
India,Uttar Pradesh,Moradabad,"Jigar Colony, Moradabad - UPPCB",09-09-2026 14:00:00,28.856664,78.772638,NO2,24,25,25
India,Uttar Pradesh,Moradabad,"Transport Nagar, Moradabad - UPPCB",09-09-2026 14:00:00,28.802625,78.753728,NH3,5,5,5
India,Uttar Pradesh,Moradabad,"Eco Herbal Park, Moradabad - UPPCB",09-09-2026 14:00:00,28.840739,78.697531,NO2,15,32,23
India,Uttar Pradesh,Moradabad,"Eco Herbal Park, Moradabad - UPPCB",09-09-2026 14:00:00,28.840739,78.697531,CO,18,23,21
India,Uttar Pradesh,Moradabad,"Buddhi Vihar, Moradabad - UPPCB",09-09-2026 14:00:00,28.83526,78.7446,PM10,78,121,101
India,Uttar Pradesh,Moradabad,"Buddhi Vihar, Moradabad - UPPCB",09-09-2026 14:00:00,28.83526,78.7446,NO2,28,29,29
India,Uttar Pradesh,Moradabad,"Buddhi Vihar, Moradabad - UPPCB",09-09-2026 14:00:00,28.83526,78.7446,SO2,33,35,35
India,Uttar Pradesh,Muzaffarnagar,"New Mandi, Muzaffarnagar - UPPCB",09-09-2026 14:00:00,29.4723508,77.7194031,NO2,20,45,28
India,Uttar Pradesh,Noida,"Sector-1, Noida - UPPCB",09-09-2026 14:00:00,28.5898,77.3101,NH3,NA,NA,NA
India,Uttar Pradesh,Noida,"Sector-1, Noida - UPPCB",09-09-2026 14:00:00,28.5898,77.3101,SO2,NA,NA,NA
India,Uttar Pradesh,Noida,"Sector - 125, Noida - UPPCB",09-09-2026 14:00:00,28.5447608,77.3231257,NO2,16,18,17
India,Uttar Pradesh,Noida,"Sector - 125, Noida - UPPCB",09-09-2026 14:00:00,28.5447608,77.3231257,SO2,7,13,10
India,Uttar Pradesh,Noida,"Sector - 125, Noida - UPPCB",09-09-2026 14:00:00,28.5447608,77.3231257,CO,6,14,9
India,Uttar Pradesh,Noida,"Sector - 125, Noida - UPPCB",09-09-2026 14:00:00,28.5447608,77.3231257,OZONE,13,17,15
India,Uttar Pradesh,Noida,"Sector - 62, Noida - IITM",09-09-2026 14:00:00,28.6245479,77.3577104,CO,18,28,24
India,Uttar Pradesh,Prayagraj,"Jhunsi, Prayagraj - UPPCB",09-09-2026 14:00:00,25.425602,81.917152,PM2.5,6,65,22
India,Uttar Pradesh,Prayagraj,"Jhunsi, Prayagraj - UPPCB",09-09-2026 14:00:00,25.425602,81.917152,NH3,6,6,6
India,Uttar Pradesh,Prayagraj,"Jhunsi, Prayagraj - UPPCB",09-09-2026 14:00:00,25.425602,81.917152,CO,7,34,18
India,Uttar Pradesh,Prayagraj,"Motilal Nehru NIT, Prayagraj - UPPCB",09-09-2026 14:00:00,25.494,81.863,NO2,12,12,12
India,Uttar Pradesh,Prayagraj,"Motilal Nehru NIT, Prayagraj - UPPCB",09-09-2026 14:00:00,25.494,81.863,SO2,12,16,13
India,Uttar Pradesh,Raebareli," Indira Nagar, Raebareli - NTPC Unchahar",09-09-2026 14:00:00,26.207781,81.245571,PM2.5,28,44,36
India,Uttar Pradesh,Raebareli," Indira Nagar, Raebareli - NTPC Unchahar",09-09-2026 14:00:00,26.207781,81.245571,SO2,NA,NA,NA
India,Uttar Pradesh,Shamli,"New Tehsil, Shamli - UPPCB",09-09-2026 14:00:00,29.4603683,77.3410291,PM10,94,127,110
India,Uttar Pradesh,Varanasi,"IESD Banaras Hindu University, Varanasi - UPPCB",09-09-2026 14:00:00,25.262326,82.995408,NH3,0,0,0
India,Uttar Pradesh,Varanasi,"Maldahiya, Varanasi - UPPCB",09-09-2026 14:00:00,25.32393,82.99687,NH3,0,0,0
India,Uttar Pradesh,Varanasi,"Ardhali Bazar, Varanasi - UPPCB",09-09-2026 14:00:00,25.3505986,82.9083074,NH3,NA,NA,NA
India,Uttar Pradesh,Varanasi,"Ardhali Bazar, Varanasi - UPPCB",09-09-2026 14:00:00,25.3505986,82.9083074,SO2,5,6,5
India,Uttar Pradesh,Varanasi,"Ardhali Bazar, Varanasi - UPPCB",09-09-2026 14:00:00,25.3505986,82.9083074,OZONE,8,17,12
India,Uttar Pradesh,Vrindavan," Chhatikara, Vrindavan - UPPCB",09-09-2026 14:00:00,27.57194,77.62346,NO2,0,19,10
India,Uttar Pradesh,Vrindavan," Chhatikara, Vrindavan - UPPCB",09-09-2026 14:00:00,27.57194,77.62346,SO2,16,36,30
India,Uttar Pradesh,Vrindavan,"Omex Eternity, Vrindavan - UPPCB",09-09-2026 14:00:00,27.571409,77.655757,PM10,28,126,56
India,Uttar Pradesh,Vrindavan,"Omex Eternity, Vrindavan - UPPCB",09-09-2026 14:00:00,27.571409,77.655757,SO2,27,42,30
India,Uttar Pradesh,Vrindavan,"Omex Eternity, Vrindavan - UPPCB",09-09-2026 14:00:00,27.571409,77.655757,CO,3,14,7
India,Uttar Pradesh,Vrindavan,"Omex Eternity, Vrindavan - UPPCB",09-09-2026 14:00:00,27.571409,77.655757,OZONE,16,16,16
India,Uttarakhand,Dehradun,"Doon University, Dehradun - UKPCB",09-09-2026 14:00:00,30.269444,78.044167,SO2,1,1,1
India,Uttarakhand,Kashipur,"Govt. Girls Inter College, Kashipur - UKPCB",09-09-2026 14:00:00,29.2124114,78.9611753,NO2,NA,NA,NA
India,Uttarakhand,Kashipur,"Govt. Girls Inter College, Kashipur - UKPCB",09-09-2026 14:00:00,29.2124114,78.9611753,CO,7,12,10
India,West Bengal,Asansol,"Asansol Court Area, Asansol - WBPCB",09-09-2026 14:00:00,23.685297,86.945968,NH3,2,10,5
India,West Bengal,Asansol,"Trivenidevi Bhalotia College, Asansol - WBPCB",09-09-2026 14:00:00,23.616515,87.119133,NO2,4,19,9
India,West Bengal,Asansol,"Trivenidevi Bhalotia College, Asansol - WBPCB",09-09-2026 14:00:00,23.616515,87.119133,OZONE,5,20,8
India,West Bengal,Asansol,"Mahabir Colliery, Asansol - WBPCB",09-09-2026 14:00:00,23.618183,87.105718,CO,39,53,45
India,West Bengal,Barrackpore,"SVSPA Campus, Barrackpore - WBPCB",09-09-2026 14:00:00,22.7605581,88.3617589,PM10,37,72,50
India,West Bengal,Barrackpore,"SVSPA Campus, Barrackpore - WBPCB",09-09-2026 14:00:00,22.7605581,88.3617589,SO2,13,14,13
India,West Bengal,Durgapur,"Womens College_City Center, Durgapur - WBPCB",09-09-2026 14:00:00,23.549395,87.300496,PM2.5,23,76,51
India,West Bengal,Durgapur,"Womens College_City Center, Durgapur - WBPCB",09-09-2026 14:00:00,23.549395,87.300496,NH3,2,12,4
India,West Bengal,Durgapur,"Womens College_City Center, Durgapur - WBPCB",09-09-2026 14:00:00,23.549395,87.300496,SO2,12,12,12
India,West Bengal,Durgapur,"PCBL Residential Complex, Durgapur - WBPCB",09-09-2026 14:00:00,23.508764,87.35444,CO,53,67,62
India,West Bengal,Haldia,"Priyambada Housing Estate, Haldia - WBPCB",09-09-2026 14:00:00,22.06047,88.109737,PM10,20,70,37
India,West Bengal,Haldia,"Priyambada Housing Estate, Haldia - WBPCB",09-09-2026 14:00:00,22.06047,88.109737,NO2,12,58,22
India,West Bengal,Haldia,"Priyambada Housing Estate, Haldia - WBPCB",09-09-2026 14:00:00,22.06047,88.109737,SO2,12,13,12
India,West Bengal,Haldia,"Priyambada Housing Estate, Haldia - WBPCB",09-09-2026 14:00:00,22.06047,88.109737,CO,28,41,36
India,West Bengal,Howrah,"Botanical Garden, Howrah - WBPCB",09-09-2026 14:00:00,22.554954,88.292568,SO2,4,5,5
India,West Bengal,Howrah,"Ghusuri, Howrah - WBPCB",09-09-2026 14:00:00,22.611968,88.347422,SO2,6,14,10
India,West Bengal,Howrah,"Ghusuri, Howrah - WBPCB",09-09-2026 14:00:00,22.611968,88.347422,OZONE,19,24,22
India,West Bengal,Howrah,"Padmapukur, Howrah - WBPCB",09-09-2026 14:00:00,22.5687319,88.2797276,PM10,31,114,65
India,West Bengal,Howrah,"Padmapukur, Howrah - WBPCB",09-09-2026 14:00:00,22.5687319,88.2797276,CO,50,87,60
India,West Bengal,Howrah,"Dasnagar, Howrah - WBPCB",09-09-2026 14:00:00,22.6025571,88.3105664,PM2.5,35,108,69
India,West Bengal,Howrah,"Dasnagar, Howrah - WBPCB",09-09-2026 14:00:00,22.6025571,88.3105664,SO2,3,4,3
India,West Bengal,Howrah,"Belur Math, Howrah - WBPCB",09-09-2026 14:00:00,22.629801,88.352017,NO2,18,108,41
India,West Bengal,Howrah,"Belur Math, Howrah - WBPCB",09-09-2026 14:00:00,22.629801,88.352017,SO2,5,10,8
India,West Bengal,Kolkata,"Rabindra Sarobar, Kolkata - WBPCB",09-09-2026 14:00:00,22.51106,88.35142,PM10,25,43,34
India,West Bengal,Kolkata,"Rabindra Sarobar, Kolkata - WBPCB",09-09-2026 14:00:00,22.51106,88.35142,SO2,6,8,7
India,West Bengal,Kolkata,"Jadavpur, Kolkata - WBPCB",09-09-2026 14:00:00,22.49929,88.36917,NO2,21,80,45
India,West Bengal,Kolkata,"Jadavpur, Kolkata - WBPCB",09-09-2026 14:00:00,22.49929,88.36917,NH3,12,13,12
India,West Bengal,Siliguri,"Ward-32 Bapupara, Siliguri - WBPCB",09-09-2026 14:00:00,26.6879226,88.4152495,PM2.5,15,35,26
India,West Bengal,Siliguri,"Ward-32 Bapupara, Siliguri - WBPCB",09-09-2026 14:00:00,26.6879226,88.4152495,NO2,15,20,17
India,West Bengal,Siliguri,"Ward-32 Bapupara, Siliguri - WBPCB",09-09-2026 14:00:00,26.6879226,88.4152495,NH3,8,8,8
India,West Bengal,Siliguri,"Ward-32 Bapupara, Siliguri - WBPCB",09-09-2026 14:00:00,26.6879226,88.4152495,SO2,14,16,15
India,Assam,Guwahati,"Pan Bazaar, Guwahati - PCBA",09-09-2026 14:00:00,26.1875,91.744194,NO2,1,3,2
India,Assam,Guwahati,"Pan Bazaar, Guwahati - PCBA",09-09-2026 14:00:00,26.1875,91.744194,NH3,1,1,1
India,Assam,Nagaon,"Christianpatty, Nagaon - PCBA",09-09-2026 14:00:00,26.349082,92.68449,PM10,39,83,57
India,Assam,Nagaon,"Christianpatty, Nagaon - PCBA",09-09-2026 14:00:00,26.349082,92.68449,NH3,4,4,4
India,Assam,Nagaon,"Christianpatty, Nagaon - PCBA",09-09-2026 14:00:00,26.349082,92.68449,SO2,9,15,12
India,Assam,Nagaon,"Christianpatty, Nagaon - PCBA",09-09-2026 14:00:00,26.349082,92.68449,CO,10,22,18
India,Assam,Nagaon,"Christianpatty, Nagaon - PCBA",09-09-2026 14:00:00,26.349082,92.68449,OZONE,8,11,10
India,Assam,Nalbari,"Bata Chowk, Nalbari - PCBA",09-09-2026 14:00:00,26.446912,91.439057,NH3,5,6,6
India,Assam,Silchar,"Tarapur, Silchar - PCBA",09-09-2026 14:00:00,24.82827,92.79525,SO2,3,6,4
India,Assam,Sivasagar,"Girls College, Sivasagar - PCBA",09-09-2026 14:00:00,26.987634,94.636574,PM10,27,43,34
India,Assam,Sivasagar,"Girls College, Sivasagar - PCBA",09-09-2026 14:00:00,26.987634,94.636574,OZONE,31,59,48
India,Bihar,Araria,"Kharahiya Basti, Araria - BSPCB",09-09-2026 14:00:00,26.146529,87.454184,PM10,34,123,58
India,Bihar,Araria,"Kharahiya Basti, Araria - BSPCB",09-09-2026 14:00:00,26.146529,87.454184,OZONE,32,48,37
India,Bihar,Arrah,"New DM Office, Arrah - BSPCB",09-09-2026 14:00:00,25.5626095,84.663264,OZONE,6,11,8
India,Bihar,Begusarai,"Lohiyanagar, Begusarai - BSPCB",09-09-2026 14:00:00,25.42742023,86.13886079,PM10,72,186,138
India,Bihar,Bettiah,"Kamalnath Nagar, Bettiah - BSPCB",09-09-2026 14:00:00,26.80365,84.51954,NO2,16,34,25
India,Bihar,Bettiah,"Kamalnath Nagar, Bettiah - BSPCB",09-09-2026 14:00:00,26.80365,84.51954,CO,20,34,28
India,Bihar,Bhagalpur,"Mayaganj, Bhagalpur - BSPCB",09-09-2026 14:00:00,25.265194,87.012947,PM2.5,13,387,113
India,Chhattisgarh,Korba,"Rampur, Korba - CECB",09-09-2026 14:00:00,22.368195,82.746431,PM2.5,12,36,23
India,Chhattisgarh,Korba,"Rampur, Korba - CECB",09-09-2026 14:00:00,22.368195,82.746431,SO2,7,74,21
India,Chhattisgarh,Korba,"Urja Nagar, Korba - CECB",09-09-2026 14:00:00,22.348441,82.549611,CO,12,17,15
India,Chhattisgarh,Kunjemura,"OP Jindal School, Kunjemura - CECB",09-09-2026 14:00:00,22.12665,83.483212,PM10,42,213,100
India,Chhattisgarh,Kunjemura,"OP Jindal School, Kunjemura - CECB",09-09-2026 14:00:00,22.12665,83.483212,SO2,4,20,13
India,Chhattisgarh,Kunjemura,"OP Jindal School, Kunjemura - CECB",09-09-2026 14:00:00,22.12665,83.483212,OZONE,2,6,4
India,Chhattisgarh,Milupara,"Govt. Higher Secondary School, Milupara - CECB",09-09-2026 14:00:00,22.1910172,83.5197009,NH3,1,2,1
India,Chhattisgarh,Milupara,"Govt. Higher Secondary School, Milupara - CECB",09-09-2026 14:00:00,22.1910172,83.5197009,CO,10,41,17
India,Chhattisgarh,Milupara,"Govt. Higher Secondary School, Milupara - CECB",09-09-2026 14:00:00,22.1910172,83.5197009,OZONE,36,39,38
India,Chhattisgarh,Raipur,"AIIMS, Raipur - CECB",09-09-2026 14:00:00,21.258815,81.578979,NO2,0,17,3
India,Chhattisgarh,Raipur,"Krishak Nagar, Raipur - CECB",09-09-2026 14:00:00,21.237755,81.705301,PM10,34,65,53
India,Chhattisgarh,Raipur,"Krishak Nagar, Raipur - CECB",09-09-2026 14:00:00,21.237755,81.705301,CO,11,12,12
India,Chhattisgarh,Raipur,"Siltara Phase-II, Raipur - CECB",09-09-2026 14:00:00,21.371751,81.664929,NO2,7,25,16
India,Chhattisgarh,Raipur,"Siltara Phase-II, Raipur - CECB",09-09-2026 14:00:00,21.371751,81.664929,NH3,2,2,2
India,Chhattisgarh,Raipur,"Siltara Phase-II, Raipur - CECB",09-09-2026 14:00:00,21.371751,81.664929,SO2,1,49,15
India,Chhattisgarh,Raipur,"Bhatagaon New ISBT, Raipur - CECB",09-09-2026 14:00:00,21.219665,81.630094,PM10,28,88,51
India,Andhra Pradesh,Rajamahendravaram,"Anand Kala Kshetram, Rajamahendravaram - APPCB",09-09-2026 14:00:00,16.9872867,81.7363176,PM10,36,105,62
India,Andhra Pradesh,Rajamahendravaram,"Anand Kala Kshetram, Rajamahendravaram - APPCB",09-09-2026 14:00:00,16.9872867,81.7363176,NO2,4,14,8
India,Andhra Pradesh,Rajamahendravaram,"Anand Kala Kshetram, Rajamahendravaram - APPCB",09-09-2026 14:00:00,16.9872867,81.7363176,SO2,2,7,5
India,Andhra Pradesh,Rajamahendravaram,"Anand Kala Kshetram, Rajamahendravaram - APPCB",09-09-2026 14:00:00,16.9872867,81.7363176,CO,21,26,23
India,Andhra Pradesh,Tirumala,"Toll Gate, Tirumala - APPCB",09-09-2026 14:00:00,13.67,79.35,NH3,NA,NA,NA
India,Andhra Pradesh,Tirupati,"Vaikuntapuram, Tirupati - APPCB",09-09-2026 14:00:00,13.615387,79.40923,PM2.5,58,66,63
India,Andhra Pradesh,Vijayawada,"Rajiv Gandhi Park, Vijayawada - APPCB",09-09-2026 14:00:00,16.509717,80.612222,NO2,16,43,32
India,Andhra Pradesh,Vijayawada,"HB Colony, Vijayawada - APPCB",09-09-2026 14:00:00,16.536107,80.594233,NO2,19,26,20
India,Andhra Pradesh,Vijayawada,"Rajiv Nagar, Vijayawada - APPCB",09-09-2026 14:00:00,16.554731,80.64911,CO,28,37,32
India,Andhra Pradesh,Vijayawada,"Rajiv Nagar, Vijayawada - APPCB",09-09-2026 14:00:00,16.554731,80.64911,OZONE,13,26,18
India,Andhra Pradesh,Visakhapatnam,"GVM Corporation, Visakhapatnam - APPCB",09-09-2026 14:00:00,17.72,83.3,SO2,5,29,14
India,Arunachal Pradesh,Naharlagun,"Naharlagun, Naharlagun - APSPCB",09-09-2026 14:00:00,27.103358,93.679645,PM2.5,21,91,50
India,Bihar,Bihar Sharif,"D M Colony, Bihar Sharif - BSPCB",09-09-2026 14:00:00,25.204762,85.51496,PM2.5,8,107,38
India,Bihar,Bihar Sharif,"D M Colony, Bihar Sharif - BSPCB",09-09-2026 14:00:00,25.204762,85.51496,SO2,11,14,13
India,Bihar,Buxar,"Charitra Van, Buxar - BSPCB",09-09-2026 14:00:00,25.56752,83.966379,PM2.5,NA,NA,NA
India,Bihar,Buxar,"Charitra Van, Buxar - BSPCB",09-09-2026 14:00:00,25.56752,83.966379,SO2,17,31,23
India,Bihar,Gaya,"SFTI Kusdihra, Gaya - BSPCB",09-09-2026 14:00:00,24.762518,84.982348,NO2,16,29,24
India,Bihar,Gaya,"Collectorate, Gaya - BSPCB",09-09-2026 14:00:00,24.7955,84.9994,NH3,NA,NA,NA
India,Bihar,Gaya,"Collectorate, Gaya - BSPCB",09-09-2026 14:00:00,24.7955,84.9994,SO2,7,8,7
India,Bihar,Gaya,"Kareemganj, Gaya - BSPCB",09-09-2026 14:00:00,24.792403,84.992416,SO2,42,47,45
India,Bihar,Hajipur,"Industrial Area, Hajipur - BSPCB",09-09-2026 14:00:00,25.697189,85.2459,PM10,40,63,50
India,Bihar,Katihar,"Mirchaibari, Katihar - BSPCB",09-09-2026 14:00:00,25.560083,87.553265,NO2,2,2,2
India,Bihar,Kishanganj,"SDM Office_Khagra, Kishanganj - BSPCB",09-09-2026 14:00:00,26.0881305,87.93840336,PM10,31,64,41
India,Bihar,Patna,"Muradpur, Patna - BSPCB",09-09-2026 14:00:00,25.619651,85.147382,NO2,3,4,3
India,Bihar,Patna,"Muradpur, Patna - BSPCB",09-09-2026 14:00:00,25.619651,85.147382,OZONE,9,30,16
India,Bihar,Patna,"DRM Office Danapur, Patna - BSPCB",09-09-2026 14:00:00,25.586562,85.043586,PM10,39,155,90
India,Bihar,Patna,"DRM Office Danapur, Patna - BSPCB",09-09-2026 14:00:00,25.586562,85.043586,NO2,19,28,23
India,Bihar,Patna,"IGSC Planetarium Complex, Patna - BSPCB",09-09-2026 14:00:00,25.610369,85.132568,CO,7,17,14
India,Bihar,Purnia,"Mariam Nagar, Purnia - BSPCB",09-09-2026 14:00:00,25.366336,87.117468,NO2,17,19,18
India,Bihar,Saharsa,"Police Line, Saharsa - BSPCB",09-09-2026 14:00:00,25.892357,86.590325,SO2,15,19,17
India,Bihar,Saharsa,"Police Line, Saharsa - BSPCB",09-09-2026 14:00:00,25.892357,86.590325,OZONE,12,41,19
India,Bihar,Sasaram,"Dada Peer, Sasaram - BSPCB",09-09-2026 14:00:00,24.952822,84.002396,PM10,11,221,95
India,Bihar,Sasaram,"Dada Peer, Sasaram - BSPCB",09-09-2026 14:00:00,24.952822,84.002396,NH3,2,4,3
India,Bihar,Sasaram,"Dada Peer, Sasaram - BSPCB",09-09-2026 14:00:00,24.952822,84.002396,CO,11,16,13
India,Bihar,Motihari,"Gandak Colony, Motihari - BSPCB",09-09-2026 14:00:00,26.63086,84.90051,CO,11,13,13
India,Bihar,Munger,"Town Hall, Munger - BSPCB",09-09-2026 14:00:00,25.376776,86.471523,NH3,3,3,3
India,Bihar,Munger,"Town Hall, Munger - BSPCB",09-09-2026 14:00:00,25.376776,86.471523,SO2,68,82,74
India,Bihar,Muzaffarpur,"MIT-Daudpur Kothi, Muzaffarpur - BSPCB",09-09-2026 14:00:00,26.1403345,85.3650192,PM10,31,46,34
India,Bihar,Muzaffarpur,"MIT-Daudpur Kothi, Muzaffarpur - BSPCB",09-09-2026 14:00:00,26.1403345,85.3650192,CO,9,22,16
India,Bihar,Muzaffarpur,"MIT-Daudpur Kothi, Muzaffarpur - BSPCB",09-09-2026 14:00:00,26.1403345,85.3650192,OZONE,52,64,58
India,Bihar,Muzaffarpur,"Buddha Colony, Muzaffarpur - BSPCB",09-09-2026 14:00:00,26.11442,85.39813,NH3,11,16,13
India,Bihar,Muzaffarpur,"Buddha Colony, Muzaffarpur - BSPCB",09-09-2026 14:00:00,26.11442,85.39813,CO,14,19,17
India,Bihar,Patna,"Govt. High School Shikarpur, Patna - BSPCB",09-09-2026 14:00:00,25.592539,85.227158,NO2,5,7,6
India,Bihar,Patna,"Rajbansi Nagar, Patna - BSPCB",09-09-2026 14:00:00,25.599486,85.113666,NO2,28,33,30
India,Arunachal Pradesh,Naharlagun,"Naharlagun, Naharlagun - APSPCB",09-09-2026 14:00:00,27.103358,93.679645,PM10,23,101,55
India,Arunachal Pradesh,Naharlagun,"Naharlagun, Naharlagun - APSPCB",09-09-2026 14:00:00,27.103358,93.679645,NO2,8,11,9
India,Arunachal Pradesh,Naharlagun,"Naharlagun, Naharlagun - APSPCB",09-09-2026 14:00:00,27.103358,93.679645,CO,10,13,11
India,Assam,Byrnihat,"Central Academy for SFS, Byrnihat - PCBA",09-09-2026 14:00:00,26.071318,91.87488,OZONE,16,19,18
India,Assam,Guwahati,"LGBI Airport, Guwahati - PCBA",09-09-2026 14:00:00,26.10887,91.589544,PM2.5,17,73,44
India,Assam,Guwahati,"IITG, Guwahati - PCBA",09-09-2026 14:00:00,26.2028636,91.70046436,NH3,1,1,1
India,Assam,Guwahati,"IITG, Guwahati - PCBA",09-09-2026 14:00:00,26.2028636,91.70046436,CO,72,76,74
India,Chandigarh,Chandigarh,"Sector 22, Chandigarh - CPCC",09-09-2026 14:00:00,30.735567,76.775714,PM10,25,73,45
India,Chhattisgarh,Bhilai,"Civic Center, Bhilai - Bhilai Steel Plant",09-09-2026 14:00:00,21.185571,81.343175,NH3,1,2,1
India,Chhattisgarh,Bhilai,"Hathkhoj, Bhilai - CECB",09-09-2026 14:00:00,21.224231,81.40835,CO,12,28,17
India,Chhattisgarh,Bilaspur,"Mangala, Bilaspur - NTPC",09-09-2026 14:00:00,22.08815,82.13737,PM2.5,22,44,33
India,Chhattisgarh,Bilaspur,"Mangala, Bilaspur - NTPC",09-09-2026 14:00:00,22.08815,82.13737,PM10,32,58,44
India,Chhattisgarh,Chhal,"Nawapara SECL Colony, Chhal - CECB",09-09-2026 14:00:00,22.118125,83.140608,PM2.5,40,71,57
India,Andhra Pradesh,Amaravati,"Secretariat, Amaravati - APPCB",09-09-2026 14:00:00,16.5150833,80.5181667,PM2.5,15,46,28
India,Andhra Pradesh,Amaravati,"Secretariat, Amaravati - APPCB",09-09-2026 14:00:00,16.5150833,80.5181667,OZONE,3,36,24
India,Andhra Pradesh,Anantapur,"Gulzarpet, Anantapur - APPCB",09-09-2026 14:00:00,14.675886,77.593027,NO2,16,29,19
India,Andhra Pradesh,Chittoor,"Gangineni Cheruvu, Chittoor - APPCB",09-09-2026 14:00:00,13.20488,79.097889,PM2.5,NA,NA,NA
India,Andhra Pradesh,Eluru,"District Court, Eluru - APPCB",09-09-2026 14:00:00,16.711754,81.092095,PM2.5,46,63,49
India,Andhra Pradesh,Eluru,"District Court, Eluru - APPCB",09-09-2026 14:00:00,16.711754,81.092095,NO2,15,27,20
India,Andhra Pradesh,Kakinada,"Rama Rao Peta, Kakinada - APPCB",09-09-2026 14:00:00,16.962488,82.229513,NH3,2,13,7
India,Andhra Pradesh,Kurnool,"Sita Rama Nagar, Kurnool - APPCB",09-09-2026 14:00:00,15.83411,78.028546,PM10,25,55,40
India,Andhra Pradesh,Kurnool,"Sita Rama Nagar, Kurnool - APPCB",09-09-2026 14:00:00,15.83411,78.028546,NH3,5,5,5
India,Andhra Pradesh,Kurnool,"Sita Rama Nagar, Kurnool - APPCB",09-09-2026 14:00:00,15.83411,78.028546,CO,11,16,13
India,Andhra Pradesh,Machilipatnam,"Srinivas Nagar Colony, Machilipatnam - APPCB",09-09-2026 14:00:00,16.186555,81.13219,NO2,22,36,27
India,Delhi,Delhi,"IGI Airport (T3), Delhi - IITM",09-09-2026 14:00:00,28.5627763,77.1180053,OZONE,37,77,57
India,Delhi,Delhi,"Pusa, Delhi - IITM",09-09-2026 14:00:00,28.63611,77.173332,CO,14,19,17
India,Delhi,Delhi,"Chandni Chowk, Delhi - IITM",09-09-2026 14:00:00,28.656756,77.227234,NH3,2,18,11
India,Gujarat,Ahmedabad,"Chandkheda, Ahmedabad - IITM",09-09-2026 14:00:00,23.107969,72.574648,PM2.5,25,88,50
India,Gujarat,Ahmedabad,"Chandkheda, Ahmedabad - IITM",09-09-2026 14:00:00,23.107969,72.574648,SO2,9,15,12
India,Gujarat,Ahmedabad,"Raikhad, Ahmedabad - IITM",09-09-2026 14:00:00,23.020509,72.579261,NH3,2,3,2
India,Gujarat,Ahmedabad,"SAC ISRO Bopal, Ahmedabad - IITM",09-09-2026 14:00:00,23.041137,72.456691,PM2.5,29,63,42
India,Gujarat,Ahmedabad,"SAC ISRO Bopal, Ahmedabad - IITM",09-09-2026 14:00:00,23.041137,72.456691,NH3,NA,NA,NA
India,Gujarat,Ahmedabad,"SAC ISRO Bopal, Ahmedabad - IITM",09-09-2026 14:00:00,23.041137,72.456691,OZONE,18,26,22
India,Gujarat,Ahmedabad,"SVPI Airport Hansol, Ahmedabad - IITM",09-09-2026 14:00:00,23.076793,72.627874,NO2,10,33,19
India,Gujarat,Ahmedabad,"SVPI Airport Hansol, Ahmedabad - IITM",09-09-2026 14:00:00,23.076793,72.627874,SO2,6,50,16
India,Gujarat,Ahmedabad,"SVPI Airport Hansol, Ahmedabad - IITM",09-09-2026 14:00:00,23.076793,72.627874,OZONE,5,16,9
India,Gujarat,Ahmedabad,"Gyaspur, Ahmedabad - IITM",09-09-2026 14:00:00,22.977134,72.553024,PM2.5,28,84,46
India,Gujarat,Ahmedabad,"Gyaspur, Ahmedabad - IITM",09-09-2026 14:00:00,22.977134,72.553024,PM10,58,176,96
India,Gujarat,Ahmedabad,"SAC ISRO Satellite, Ahmedabad - IITM",09-09-2026 14:00:00,23.023389,72.515201,NH3,1,2,1
India,Gujarat,Ahmedabad,"SAC ISRO Satellite, Ahmedabad - IITM",09-09-2026 14:00:00,23.023389,72.515201,SO2,2,5,3
India,Gujarat,Ahmedabad,"Rakhial, Ahmedabad - IITM",09-09-2026 14:00:00,23.016834,72.625775,PM10,57,94,78
India,Gujarat,Ahmedabad,"Rakhial, Ahmedabad - IITM",09-09-2026 14:00:00,23.016834,72.625775,NH3,2,3,3
India,Gujarat,Rajkot,"Mavdi, Rajkot - Nexteng Enviro ",09-09-2026 14:00:00,22.248853,70.776774,PM10,NA,NA,NA
India,Gujarat,Rajkot,"Mavdi, Rajkot - Nexteng Enviro ",09-09-2026 14:00:00,22.248853,70.776774,OZONE,3,17,10
India,Gujarat,Surat,"Science Center, Surat - SMC",09-09-2026 14:00:00,21.170046,72.795405,PM10,15,52,32
India,Gujarat,Surat,"Science Center, Surat - SMC",09-09-2026 14:00:00,21.170046,72.795405,NO2,1,9,5
India,Gujarat,Surat,"Science Center, Surat - SMC",09-09-2026 14:00:00,21.170046,72.795405,NH3,NA,NA,NA
India,Gujarat,Surat,"Science Center, Surat - SMC",09-09-2026 14:00:00,21.170046,72.795405,SO2,15,19,16
India,Gujarat,Surat,"Science Center, Surat - SMC",09-09-2026 14:00:00,21.170046,72.795405,CO,24,40,33
India,Gujarat,Surat,"Science Center, Surat - SMC",09-09-2026 14:00:00,21.170046,72.795405,OZONE,NA,NA,NA
India,Gujarat,Vatva,"Phase-4 GIDC, Vatva - GPCB",09-09-2026 14:00:00,22.969611,72.6435,SO2,0,24,10
India,Gujarat,Vatva,"Phase-4 GIDC, Vatva - GPCB",09-09-2026 14:00:00,22.969611,72.6435,OZONE,9,27,19
India,Haryana,Ambala,"Patti Mehar, Ambala - HSPCB",09-09-2026 14:00:00,30.379589,76.778328,NO2,5,7,7
India,Haryana,Ambala,"Patti Mehar, Ambala - HSPCB",09-09-2026 14:00:00,30.379589,76.778328,CO,27,40,35
India,Haryana,Bahadurgarh,"Arya Nagar, Bahadurgarh - HSPCB",09-09-2026 14:00:00,28.6701,76.9254,OZONE,13,45,26
India,Haryana,Ballabgarh,"Nathu Colony, Ballabgarh - HSPCB",09-09-2026 14:00:00,28.3419248,77.319699,OZONE,6,25,16
India,Haryana,Bhiwani,"H.B. Colony, Bhiwani - HSPCB",09-09-2026 14:00:00,28.806223,76.141105,PM10,60,105,88
India,Haryana,Bhiwani,"H.B. Colony, Bhiwani - HSPCB",09-09-2026 14:00:00,28.806223,76.141105,NO2,17,19,18
India,Delhi,Delhi,"Jahangirpuri, Delhi - DPCC",09-09-2026 14:00:00,28.73282,77.170633,SO2,8,46,36
India,Delhi,Delhi,"Rohini, Delhi - DPCC",09-09-2026 14:00:00,28.732528,77.11992,PM2.5,37,183,82
India,Delhi,Delhi,"Rohini, Delhi - DPCC",09-09-2026 14:00:00,28.732528,77.11992,NH3,2,5,3
India,Delhi,Delhi,"Bawana, Delhi - DPCC",09-09-2026 14:00:00,28.7762,77.051074,NH3,4,5,5
India,Delhi,Delhi,"Bawana, Delhi - DPCC",09-09-2026 14:00:00,28.7762,77.051074,CO,36,40,38
India,Delhi,Delhi,"CRRI Mathura Road, Delhi - IITM",09-09-2026 14:00:00,28.5512005,77.2735737,NH3,NA,NA,NA
India,Delhi,Delhi,"CRRI Mathura Road, Delhi - IITM",09-09-2026 14:00:00,28.5512005,77.2735737,CO,38,54,42
India,Delhi,Delhi,"Sonia Vihar, Delhi - DPCC",09-09-2026 14:00:00,28.710508,77.249485,PM2.5,13,85,59
India,Delhi,Delhi,"Sonia Vihar, Delhi - DPCC",09-09-2026 14:00:00,28.710508,77.249485,SO2,4,16,10
India,Delhi,Delhi,"Sonia Vihar, Delhi - DPCC",09-09-2026 14:00:00,28.710508,77.249485,CO,55,61,57
India,Delhi,Delhi,"Major Dhyan Chand National Stadium, Delhi - DPCC",09-09-2026 14:00:00,28.611281,77.237738,NH3,4,5,5
India,Delhi,Delhi,"NSIT Dwarka, Delhi - CPCB",09-09-2026 14:00:00,28.60909,77.0325413,NH3,4,12,7
India,Delhi,Delhi,"IGNOU_Maidan Garhi, Delhi - DPCC",09-09-2026 14:00:00,28.493624,77.201159,PM10,74,162,114
India,Delhi,Delhi,"IGI Airport (T3), Delhi - IITM",09-09-2026 14:00:00,28.5627763,77.1180053,PM10,79,206,120
India,Delhi,Delhi,"Mandir Marg, Delhi - DPCC",09-09-2026 14:00:00,28.636429,77.201067,SO2,4,10,8
India,Delhi,Delhi,"Mandir Marg, Delhi - DPCC",09-09-2026 14:00:00,28.636429,77.201067,OZONE,3,22,13
India,Delhi,Delhi,"Shadipur, Delhi - CPCB",09-09-2026 14:00:00,28.6514781,77.1473105,PM2.5,22,91,41
India,Delhi,Delhi,"Shadipur, Delhi - CPCB",09-09-2026 14:00:00,28.6514781,77.1473105,CO,12,53,40
India,Delhi,Delhi,"R K Puram, Delhi - DPCC",09-09-2026 14:00:00,28.563262,77.186937,NO2,NA,NA,NA
India,Delhi,Delhi,"Punjabi Bagh, Delhi - DPCC",09-09-2026 14:00:00,28.674045,77.131023,SO2,18,58,34
India,Delhi,Delhi,"NSUT Jaffarpur, Delhi - DPCC",09-09-2026 14:00:00,28.594004,76.909423,NO2,4,33,18
India,Delhi,Delhi,"NSUT Jaffarpur, Delhi - DPCC",09-09-2026 14:00:00,28.594004,76.909423,CO,40,45,43
India,Delhi,Delhi,"North Campus, DU, Delhi - IITM",09-09-2026 14:00:00,28.6573814,77.1585447,PM2.5,29,90,61
India,Delhi,Delhi,"North Campus, DU, Delhi - IITM",09-09-2026 14:00:00,28.6573814,77.1585447,NH3,NA,NA,NA
India,Delhi,Delhi,"IIT Delhi, Delhi - IITM",09-09-2026 14:00:00,28.54246,77.191651,OZONE,19,40,30
India,Delhi,Delhi,"Commonwealth Sports Complex, Delhi - DPCC",09-09-2026 14:00:00,28.615828,77.271992,PM2.5,39,95,66
India,Delhi,Delhi,"Commonwealth Sports Complex, Delhi - DPCC",09-09-2026 14:00:00,28.615828,77.271992,OZONE,5,79,45
India,Chhattisgarh,Tumidih,"OP Jindal Industrial Park, Tumidih - CECB",09-09-2026 14:00:00,22.06631475,83.33820077,CO,14,46,25
India,Delhi,Delhi,"Okhla Phase-2, Delhi - DPCC",09-09-2026 14:00:00,28.530785,77.271255,PM2.5,27,95,56
India,Delhi,Delhi,"Okhla Phase-2, Delhi - DPCC",09-09-2026 14:00:00,28.530785,77.271255,PM10,80,196,137
India,Delhi,Delhi,"Okhla Phase-2, Delhi - DPCC",09-09-2026 14:00:00,28.530785,77.271255,SO2,8,12,10
India,Delhi,Delhi,"Okhla Phase-2, Delhi - DPCC",09-09-2026 14:00:00,28.530785,77.271255,OZONE,7,27,16
India,Delhi,Delhi,"Cantonment Area, Delhi - DPCC",09-09-2026 14:00:00,28.594169,77.1251,NO2,5,16,8
India,Delhi,Delhi,"Cantonment Area, Delhi - DPCC",09-09-2026 14:00:00,28.594169,77.1251,CO,39,61,51
India,Delhi,Delhi,"Narela, Delhi - DPCC",09-09-2026 14:00:00,28.822836,77.101981,NH3,2,3,2
India,Delhi,Delhi,"Sirifort, Delhi - CPCB",09-09-2026 14:00:00,28.5504249,77.2159377,SO2,22,54,36
India,Delhi,Delhi,"Pusa, Delhi - DPCC",09-09-2026 14:00:00,28.639652,77.146275,NH3,1,11,5
India,Gujarat,Ankleshwar,"GIDC, Ankleshwar - GPCB",09-09-2026 14:00:00,21.613267,73.010555,NO2,27,33,32
India,Gujarat,Bhavnagar,"Vidhyanagar, Bhavnagar - Nexteng Enviro",09-09-2026 14:00:00,21.755417,72.139056,PM2.5,12,33,22
India,Gujarat,Bhavnagar,"Vidhyanagar, Bhavnagar - Nexteng Enviro",09-09-2026 14:00:00,21.755417,72.139056,SO2,6,8,7
India,Gujarat,Bhavnagar,"Vidhyanagar, Bhavnagar - Nexteng Enviro",09-09-2026 14:00:00,21.755417,72.139056,CO,63,63,63
India,Gujarat,Gandhinagar,"IIPHG Lekawada, Gandhinagar - IITM",09-09-2026 14:00:00,23.243639,72.68994,NO2,8,25,13
India,Gujarat,Nandesari,"GIDC, Nandesari - Nandesari Ind. Association",09-09-2026 14:00:00,22.410802,73.097923,SO2,3,19,5
India,Delhi,Delhi,"Patparganj, Delhi - DPCC",09-09-2026 14:00:00,28.623763,77.287209,OZONE,11,15,13
India,Delhi,Delhi,"Nehru Nagar, Delhi - DPCC",09-09-2026 14:00:00,28.56789,77.250515,NO2,16,63,36
India,Delhi,Delhi,"Nehru Nagar, Delhi - DPCC",09-09-2026 14:00:00,28.56789,77.250515,CO,49,53,51
India,Delhi,Delhi,"Sri Aurobindo Marg, Delhi - DPCC",09-09-2026 14:00:00,28.531346,77.190156,PM2.5,15,103,60
India,Delhi,Delhi,"IHBAS, Dilshad Garden, Delhi - CPCB",09-09-2026 14:00:00,28.6811736,77.3025234,NH3,3,6,5
India,Delhi,Delhi,"Jahangirpuri, Delhi - DPCC",09-09-2026 14:00:00,28.73282,77.170633,NO2,16,52,29
India,Delhi,Delhi,"Wazirpur, Delhi - DPCC",09-09-2026 14:00:00,28.699793,77.165453,OZONE,4,9,6
India,Delhi,Delhi,"Najafgarh, Delhi - DPCC",09-09-2026 14:00:00,28.570173,76.933762,SO2,15,18,16
India,Delhi,Delhi,"JNU, Delhi - DPCC",09-09-2026 14:00:00,28.540721,77.168544,PM10,63,141,100
India,Delhi,Delhi,"JNU, Delhi - DPCC",09-09-2026 14:00:00,28.540721,77.168544,CO,37,41,39
India,Delhi,Delhi,"Jawaharlal Nehru Stadium, Delhi - DPCC",09-09-2026 14:00:00,28.58028,77.233829,PM2.5,42,87,58
India,Delhi,Delhi,"Jawaharlal Nehru Stadium, Delhi - DPCC",09-09-2026 14:00:00,28.58028,77.233829,PM10,80,151,122
India,Delhi,Delhi,"Jawaharlal Nehru Stadium, Delhi - DPCC",09-09-2026 14:00:00,28.58028,77.233829,CO,62,66,65
India,Delhi,Delhi,"Anand Vihar, Delhi - DPCC",09-09-2026 14:00:00,28.647622,77.315809,NH3,5,8,7
India,Delhi,Delhi,"Alipur, Delhi - DPCC",09-09-2026 14:00:00,28.815329,77.15301,OZONE,6,21,13
India,Delhi,Delhi,"Ashok Vihar, Delhi - DPCC",09-09-2026 14:00:00,28.695381,77.181665,NH3,4,7,5
India,Delhi,Delhi,"Mundka, Delhi - DPCC",09-09-2026 14:00:00,28.684678,77.076574,SO2,2,13,7
India,Delhi,Delhi,"Mundka, Delhi - DPCC",09-09-2026 14:00:00,28.684678,77.076574,CO,28,41,36
India,Haryana,Faridabad,"Sector 11, Faridabad - HSPCB",09-09-2026 14:00:00,28.376058,77.315741,PM2.5,45,397,209
India,Haryana,Faridabad,"New Industrial Town, Faridabad - HSPCB",09-09-2026 14:00:00,28.39072,77.30059,NO2,24,26,25
India,Haryana,Faridabad,"New Industrial Town, Faridabad - HSPCB",09-09-2026 14:00:00,28.39072,77.30059,OZONE,14,14,14
India,Haryana,Fatehabad,"Huda Sector, Fatehabad - HSPCB",09-09-2026 14:00:00,29.503664,75.467934,CO,46,49,48
India,Haryana,Fatehabad,"Huda Sector, Fatehabad - HSPCB",09-09-2026 14:00:00,29.503664,75.467934,OZONE,33,50,41
India,Haryana,Gurugram,"NISE Gwal Pahari, Gurugram - IITM",09-09-2026 14:00:00,28.422681,77.148944,PM2.5,24,82,54
India,Haryana,Gurugram,"Vikas Sadan, Gurugram - HSPCB",09-09-2026 14:00:00,28.4501238,77.0263051,NH3,NA,NA,NA
India,Haryana,Hisar,"Urban Estate-II, Hisar - HSPCB",09-09-2026 14:00:00,29.14056,75.744941,NO2,24,28,26
India,Haryana,Hisar,"Urban Estate-II, Hisar - HSPCB",09-09-2026 14:00:00,29.14056,75.744941,CO,8,13,10
India,Haryana,Jind,"Police Lines, Jind - HSPCB",09-09-2026 14:00:00,29.307814,76.337619,PM2.5,97,177,119
India,Haryana,Jind,"Police Lines, Jind - HSPCB",09-09-2026 14:00:00,29.307814,76.337619,NH3,4,6,5
India,Karnataka,Ramanagara,"Vijay Nagar, Ramanagara - KSPCB",09-09-2026 14:00:00,12.733409,77.298051,NH3,NA,NA,NA
India,Karnataka,Shivamogga,"Vinoba Nagara, Shivamogga - KSPCB",09-09-2026 14:00:00,13.94,75.555917,SO2,2,6,3
India,Karnataka,Vijayapura,"Ibrahimpur, Vijayapura - KSPCB",09-09-2026 14:00:00,16.802639,75.722694,OZONE,16,16,16
India,Karnataka,Yadgir,"Collector Office, Yadgir - KSPCB",09-09-2026 14:00:00,16.7602,77.1428,PM10,NA,NA,NA
India,Karnataka,Yadgir,"Collector Office, Yadgir - KSPCB",09-09-2026 14:00:00,16.7602,77.1428,NO2,NA,NA,NA
India,Kerala,Eloor,"Udyogamandal, Eloor - Kerala PCB",09-09-2026 14:00:00,10.073232,76.302765,PM2.5,40,48,44
India,Kerala,Kannur,"Thavakkara, Kannur - Kerala PCB",09-09-2026 14:00:00,11.875,75.3732,PM2.5,NA,NA,NA
India,Kerala,Thiruvananthapuram,"Plammoodu, Thiruvananthapuram - Kerala PCB",09-09-2026 14:00:00,8.5149093,76.9435879,PM10,26,54,36
India,Kerala,Thiruvananthapuram,"Plammoodu, Thiruvananthapuram - Kerala PCB",09-09-2026 14:00:00,8.5149093,76.9435879,OZONE,12,21,16
India,Kerala,Thiruvananthapuram,"Kariavattom, Thiruvananthapuram - Kerala PCB",09-09-2026 14:00:00,8.5637,76.8865,SO2,4,5,4
India,Haryana,Kaithal,"Rishi Nagar, Kaithal - HSPCB",09-09-2026 14:00:00,29.8006,76.4155,PM10,80,143,116
India,Haryana,Kurukshetra,"Sector-7, Kurukshetra - HSPCB",09-09-2026 14:00:00,29.966942,76.875879,PM10,77,119,98
India,Haryana,Narnaul,"Shastri Nagar, Narnaul - HSPCB",09-09-2026 14:00:00,28.060249,76.113115,PM10,102,131,114
India,Haryana,Palwal,"Shyam Nagar, Palwal - HSPCB",09-09-2026 14:00:00,28.1485564,77.3320667,PM10,40,103,67
India,Haryana,Palwal,"Shyam Nagar, Palwal - HSPCB",09-09-2026 14:00:00,28.1485564,77.3320667,NO2,23,25,24
India,Haryana,Panchgaon,"Amity University, Panchgaon - IITM",09-09-2026 14:00:00,28.3153,76.9143,CO,NA,NA,NA
India,Haryana,Panchkula,"Sector-6, Panchkula - HSPCB ",09-09-2026 14:00:00,30.7057778,76.8531805555555,SO2,9,13,11
India,Haryana,Panchkula,"Sector-6, Panchkula - HSPCB ",09-09-2026 14:00:00,30.7057778,76.8531805555555,OZONE,35,56,46
India,Haryana,Panipat,"Sector-18, Panipat - HSPCB",09-09-2026 14:00:00,29.432304,76.972765,NH3,7,12,10
India,Jammu and Kashmir,Srinagar,"Rajbagh, Srinagar - JKPCC",09-09-2026 14:00:00,34.066206,74.81982,SO2,3,4,3
India,Jammu and Kashmir,Srinagar,"Rajbagh, Srinagar - JKPCC",09-09-2026 14:00:00,34.066206,74.81982,OZONE,1,3,2
India,Karnataka,Bengaluru,"Silk Board, Bengaluru - KSPCB",09-09-2026 14:00:00,12.917348,77.622813,PM2.5,33,321,102
India,Karnataka,Bengaluru,"Silk Board, Bengaluru - KSPCB",09-09-2026 14:00:00,12.917348,77.622813,NH3,2,2,2
India,Karnataka,Bengaluru,"Peenya, Bengaluru - CPCB",09-09-2026 14:00:00,13.0270199,77.494094,PM10,65,101,83
India,Karnataka,Bengaluru,"Jayanagar 5th Block, Bengaluru - KSPCB",09-09-2026 14:00:00,12.920984,77.584908,NH3,0,1,0
India,Karnataka,Bengaluru,"Shivapura_Peenya, Bengaluru - KSPCB",09-09-2026 14:00:00,13.0246342,77.5080115,NH3,3,3,3
India,Karnataka,Bengaluru,"Shivapura_Peenya, Bengaluru - KSPCB",09-09-2026 14:00:00,13.0246342,77.5080115,CO,NA,NA,NA
India,Karnataka,Bengaluru,"Shivapura_Peenya, Bengaluru - KSPCB",09-09-2026 14:00:00,13.0246342,77.5080115,OZONE,24,25,25
India,Karnataka,Bengaluru,"Hebbal, Bengaluru - KSPCB",09-09-2026 14:00:00,13.029152,77.585901,SO2,9,18,12
India,Karnataka,Kalaburagi,"Mahatma Basaveswar Colony, Kalaburgi - KSPCB",09-09-2026 14:00:00,17.336318,76.847397,NH3,2,3,2
India,Karnataka,Kalaburagi,"Mahatma Basaveswar Colony, Kalaburgi - KSPCB",09-09-2026 14:00:00,17.336318,76.847397,OZONE,9,13,13
India,Karnataka,Karwar,"KHB Colony, Karwar - KSPCB",09-09-2026 14:00:00,14.816666,74.141003,NH3,1,2,1
India,Karnataka,Karwar,"KHB Colony, Karwar - KSPCB",09-09-2026 14:00:00,14.816666,74.141003,OZONE,NA,NA,NA
India,Karnataka,Madikeri,"Stuart Hill, Madikeri - KSPCB",09-09-2026 14:00:00,12.415911,75.73505,SO2,7,8,7
India,Karnataka,Mysuru,"Hebbal 1st Stage, Mysuru - KSPCB",09-09-2026 14:00:00,12.21041,76.37376,NO2,12,33,18
India,Karnataka,Mysuru,"Hebbal 1st Stage, Mysuru - KSPCB",09-09-2026 14:00:00,12.21041,76.37376,NH3,3,7,4
India,Karnataka,Ramanagara,"Vijay Nagar, Ramanagara - KSPCB",09-09-2026 14:00:00,12.733409,77.298051,PM10,14,53,33
India,Karnataka,Bengaluru,"Hombegowda Nagar, Bengaluru - KSPCB",09-09-2026 14:00:00,12.938539,77.5901,NH3,1,1,1
India,Karnataka,Bengaluru,"Hombegowda Nagar, Bengaluru - KSPCB",09-09-2026 14:00:00,12.938539,77.5901,CO,18,22,20
India,Karnataka,Chikkamagaluru,"Kalyana Nagara, Chikkamagaluru - KSPCB",09-09-2026 14:00:00,13.328028,75.797056,SO2,0,76,7
India,Karnataka,Dharwad,"Kalabhavan, Dharwad - KSPCB",09-09-2026 14:00:00,15.459706,75.008381,NH3,6,7,6
India,Karnataka,Dharwad,"Kalabhavan, Dharwad - KSPCB",09-09-2026 14:00:00,15.459706,75.008381,CO,27,37,32
India,Karnataka,Dharwad,"Kalabhavan, Dharwad - KSPCB",09-09-2026 14:00:00,15.459706,75.008381,OZONE,28,29,29
India,Karnataka,Gadag,"Panchal Nagar, Gadag - KSPCB",09-09-2026 14:00:00,15.411456,75.638133,PM10,28,55,38
India,Karnataka,Gadag,"Panchal Nagar, Gadag - KSPCB",09-09-2026 14:00:00,15.411456,75.638133,NO2,22,27,24
India,Madhya Pradesh,Bhopal,"Idgah Hills, Bhopal - MPPCB",09-09-2026 14:00:00,23.264759,77.381568,NH3,3,4,3
India,Madhya Pradesh,Bhopal,"T T Nagar, Bhopal - MPPCB",09-09-2026 14:00:00,23.233584,77.400574,PM2.5,32,76,50
India,Madhya Pradesh,Bhopal,"T T Nagar, Bhopal - MPPCB",09-09-2026 14:00:00,23.233584,77.400574,NO2,9,21,14
India,Madhya Pradesh,Bhopal,"T T Nagar, Bhopal - MPPCB",09-09-2026 14:00:00,23.233584,77.400574,CO,4,9,7
India,Madhya Pradesh,Damoh,"Shrivastav Colony, Damoh - MPPCB",09-09-2026 14:00:00,23.81748678,79.446246,SO2,40,57,49
India,Madhya Pradesh,Gwalior,"City Center, Gwalior - MPPCB",09-09-2026 14:00:00,26.203442,78.193251,OZONE,48,72,61
India,Madhya Pradesh,Gwalior,"Maharaj Bada, Gwalior - MPPCB",09-09-2026 14:00:00,26.200388,78.147714,NO2,5,28,12
India,Haryana,Bhiwani,"H.B. Colony, Bhiwani - HSPCB",09-09-2026 14:00:00,28.806223,76.141105,SO2,12,13,12
India,Haryana,Charkhi Dadri,"Mini Secretariat, Charkhi Dadri - HSPCB",09-09-2026 14:00:00,28.593883,76.270653,NO2,9,22,15
India,Haryana,Charkhi Dadri,"Mini Secretariat, Charkhi Dadri - HSPCB",09-09-2026 14:00:00,28.593883,76.270653,CO,13,18,15
India,Haryana,Dharuhera,"Municipal Corporation Office, Dharuhera -  HSPCB",09-09-2026 14:00:00,28.2068,76.7997,PM10,49,89,63
India,Haryana,Dharuhera,"Municipal Corporation Office, Dharuhera -  HSPCB",09-09-2026 14:00:00,28.2068,76.7997,SO2,9,20,13
India,Haryana,Faridabad,"Sector 30, Faridabad - HSPCB",09-09-2026 14:00:00,28.4417,77.3217,PM10,54,103,87
India,Haryana,Faridabad,"Sector 30, Faridabad - HSPCB",09-09-2026 14:00:00,28.4417,77.3217,NO2,36,39,37
India,Haryana,Sirsa,"F-Block, Sirsa - HSPCB",09-09-2026 14:00:00,29.5364,75.0158,NO2,15,21,19
India,Himachal Pradesh,Baddi,"HIMUDA Complex Phase-1, Baddi - HPPCB",09-09-2026 14:00:00,30.943887,76.801991,PM2.5,12,263,106
India,Himachal Pradesh,Baddi,"HIMUDA Complex Phase-1, Baddi - HPPCB",09-09-2026 14:00:00,30.943887,76.801991,NO2,2,28,15
India,Himachal Pradesh,Baddi,"HIMUDA Complex Phase-1, Baddi - HPPCB",09-09-2026 14:00:00,30.943887,76.801991,OZONE,3,47,28
India,Jammu and Kashmir,Pampore,"Khrew, Pampore - JKPCC",09-09-2026 14:00:00,34.031606,75.009712,PM10,38,101,73
India,Jammu and Kashmir,Pampore,"Khrew, Pampore - JKPCC",09-09-2026 14:00:00,34.031606,75.009712,OZONE,NA,NA,NA
India,Maharashtra,Mumbai,"Shivaji Nagar, Mumbai - BMC",09-09-2026 14:00:00,19.060498,72.923356,OZONE,10,14,12
India,Maharashtra,Mumbai,"Mindspace-Malad West, Mumbai - MPCB",09-09-2026 14:00:00,19.1878657,72.8304069,SO2,4,4,4
India,Maharashtra,Mumbai,"Mindspace-Malad West, Mumbai - MPCB",09-09-2026 14:00:00,19.1878657,72.8304069,OZONE,18,18,18
India,Maharashtra,Mumbai,"Worli, Mumbai - MPCB",09-09-2026 14:00:00,18.9936162,72.8128113,PM10,27,68,44
India,Maharashtra,Mumbai,"Worli, Mumbai - MPCB",09-09-2026 14:00:00,18.9936162,72.8128113,SO2,2,18,12
India,Maharashtra,Mumbai,"Navy Nagar-Colaba, Mumbai - IITM",09-09-2026 14:00:00,18.897756,72.81332,PM10,19,51,36
India,Maharashtra,Mumbai,"Sewri, Mumbai - BMC",09-09-2026 14:00:00,19.000084,72.85673,CO,17,31,23
India,Maharashtra,Mumbai,"Sewri, Mumbai - BMC",09-09-2026 14:00:00,19.000084,72.85673,OZONE,0,16,9
India,Maharashtra,Mumbai,"Kandivali West, Mumbai - BMC",09-09-2026 14:00:00,19.215859,72.831718,NO2,4,9,6
India,Maharashtra,Mumbai,"Kandivali West, Mumbai - BMC",09-09-2026 14:00:00,19.215859,72.831718,SO2,0,3,1
India,Maharashtra,Mumbai,"Malad West, Mumbai - IITM",09-09-2026 14:00:00,19.19709,72.82204,NO2,5,11,8
India,Maharashtra,Mumbai,"Malad West, Mumbai - IITM",09-09-2026 14:00:00,19.19709,72.82204,SO2,4,12,6
India,Maharashtra,Mumbai,"Malad West, Mumbai - IITM",09-09-2026 14:00:00,19.19709,72.82204,OZONE,4,12,7
India,Maharashtra,Mumbai,"Mazgaon, Mumbai - IITM",09-09-2026 14:00:00,18.96702,72.84214,NH3,3,5,4
India,Maharashtra,Mumbai,"Chakala-Andheri East, Mumbai - IITM",09-09-2026 14:00:00,19.11074,72.86084,PM2.5,5,20,10
India,Madhya Pradesh,Gwalior,"Maharaj Bada, Gwalior - MPPCB",09-09-2026 14:00:00,26.200388,78.147714,OZONE,30,53,44
India,Madhya Pradesh,Gwalior,"Deen Dayal Nagar, Gwalior - MPPCB",09-09-2026 14:00:00,26.259242,78.216432,SO2,3,14,7
India,Madhya Pradesh,Indore,"Chhoti Gwaltoli, Indore - MPPCB",09-09-2026 14:00:00,22.431,75.5213,SO2,15,19,17
India,Madhya Pradesh,Indore,"Chhoti Gwaltoli, Indore - MPPCB",09-09-2026 14:00:00,22.431,75.5213,CO,20,28,24
India,Madhya Pradesh,Indore,"Residency Area, Indore - IMC",09-09-2026 14:00:00,22.7084,75.8815,PM2.5,32,53,41
India,Madhya Pradesh,Indore,"Airport Area, Indore - IMC",09-09-2026 14:00:00,22.7289,75.8076,NO2,19,21,21
India,Madhya Pradesh,Jabalpur,"Govindh Bhavan Colony, Jabalpur - JMC",09-09-2026 14:00:00,23.163174,79.973061,PM2.5,18,53,32
India,Madhya Pradesh,Jabalpur,"Govindh Bhavan Colony, Jabalpur - JMC",09-09-2026 14:00:00,23.163174,79.973061,NO2,9,16,12
India,Madhya Pradesh,Mandideep,"Sector-D Industrial Area, Mandideep - MPPCB",09-09-2026 14:00:00,23.10844,77.511428,PM2.5,48,115,74
India,Madhya Pradesh,Mandideep,"Sector-D Industrial Area, Mandideep - MPPCB",09-09-2026 14:00:00,23.10844,77.511428,PM10,58,119,96
India,Madhya Pradesh,Mandideep,"Sector-D Industrial Area, Mandideep - MPPCB",09-09-2026 14:00:00,23.10844,77.511428,NO2,36,59,43
India,Madhya Pradesh,Mandideep,"Sector-D Industrial Area, Mandideep - MPPCB",09-09-2026 14:00:00,23.10844,77.511428,OZONE,32,52,42
India,Madhya Pradesh,Pithampur,"Sector-2 Industrial Area, Pithampur - MPPCB",09-09-2026 14:00:00,22.624758,75.675238,OZONE,21,68,42
India,Madhya Pradesh,Satna,"Bandhavgar Colony, Satna - Birla Cement",09-09-2026 14:00:00,24.58434363,80.8549414,PM2.5,49,51,50
India,Madhya Pradesh,Satna,"Bandhavgar Colony, Satna - Birla Cement",09-09-2026 14:00:00,24.58434363,80.8549414,NO2,12,13,13
India,Madhya Pradesh,Satna,"Bandhavgar Colony, Satna - Birla Cement",09-09-2026 14:00:00,24.58434363,80.8549414,SO2,NA,NA,NA
India,Madhya Pradesh,Ujjain,"Mahashweta Nagar, Ujjain - MPPCB",09-09-2026 14:00:00,23.1633321,75.800225,PM10,55,109,75
India,Madhya Pradesh,Ujjain,"Mahashweta Nagar, Ujjain - MPPCB",09-09-2026 14:00:00,23.1633321,75.800225,NH3,3,13,9
India,Maharashtra,Ahmednagar,"Tarakpur, Ahmednagar - MPCB",09-09-2026 14:00:00,19.10122,74.73339,NH3,0,2,1
India,Maharashtra,Mumbai,"Bandra Kurla Complex, Mumbai - IITM",09-09-2026 14:00:00,19.053536,72.84643,NH3,NA,NA,NA
India,Maharashtra,Mumbai,"Bandra Kurla Complex, Mumbai - IITM",09-09-2026 14:00:00,19.053536,72.84643,SO2,NA,NA,NA
India,Maharashtra,Mumbai,"Bandra Kurla Complex, Mumbai - IITM",09-09-2026 14:00:00,19.053536,72.84643,CO,5,28,17
India,Maharashtra,Mumbai,"Borivali East, Mumbai - IITM",09-09-2026 14:00:00,19.23241,72.86895,NO2,4,18,9
India,Maharashtra,Mumbai,"Borivali East, Mumbai - IITM",09-09-2026 14:00:00,19.23241,72.86895,OZONE,11,27,19
India,Maharashtra,Mumbai,"Borivali East, Mumbai - MPCB",09-09-2026 14:00:00,19.2243333,72.8658113,PM10,14,26,19
India,Maharashtra,Mumbai,"Borivali East, Mumbai - MPCB",09-09-2026 14:00:00,19.2243333,72.8658113,OZONE,NA,NA,NA
India,Maharashtra,Mumbai,"Khindipada-Bhandup West, Mumbai - IITM",09-09-2026 14:00:00,19.1653323,72.922099,SO2,0,11,7
India,Maharashtra,Mumbai,"Khindipada-Bhandup West, Mumbai - IITM",09-09-2026 14:00:00,19.1653323,72.922099,OZONE,4,6,5
India,Maharashtra,Hingoli,"Ashta Vinayak Nagar, Hingoli - MPCB",09-09-2026 14:00:00,19.710842,77.151824,CO,9,22,15
India,Maharashtra,Jalgaon,"Prabhat Colony, Jalgaon - MPCB",09-09-2026 14:00:00,21.001264,75.565602,NO2,2,5,3
India,Maharashtra,Jalgaon,"Prabhat Colony, Jalgaon - MPCB",09-09-2026 14:00:00,21.001264,75.565602,CO,19,41,29
India,Maharashtra,Jalgaon,"Prabhat Colony, Jalgaon - MPCB",09-09-2026 14:00:00,21.001264,75.565602,OZONE,9,31,20
India,Maharashtra,Jalna,"Old MIDC, Jalna - MPCB",09-09-2026 14:00:00,19.854616,75.905894,PM10,NA,NA,NA
India,Maharashtra,Jalna,"Old MIDC, Jalna - MPCB",09-09-2026 14:00:00,19.854616,75.905894,OZONE,15,15,15
India,Maharashtra,Kalyan,"Pimpleshwar Mandir, Kalyan - MPCB",09-09-2026 14:00:00,19.192056,72.9585188,NO2,10,17,14
India,Maharashtra,Kalyan,"Pimpleshwar Mandir, Kalyan - MPCB",09-09-2026 14:00:00,19.192056,72.9585188,NH3,0,2,1
India,Maharashtra,Kolhapur,"Shivaji University, Kolhapur - MPCB",09-09-2026 14:00:00,16.6870449,74.2505872,PM10,22,53,38
India,Maharashtra,Kolhapur,"Shivaji University, Kolhapur - MPCB",09-09-2026 14:00:00,16.6870449,74.2505872,NO2,5,18,12
India,Maharashtra,Kolhapur,"Shivaji University, Kolhapur - MPCB",09-09-2026 14:00:00,16.6870449,74.2505872,NH3,3,4,3
India,Maharashtra,Latur,"Sawe Wadi, Latur - MPCB",09-09-2026 14:00:00,18.39963,76.57452,CO,1,11,6
India,Maharashtra,Mahad,"Kamble Tarf Birwadi, Mahad - MPCB",09-09-2026 14:00:00,18.1023399,73.4783687,NO2,5,43,18
India,Maharashtra,Mahad,"Kamble Tarf Birwadi, Mahad - MPCB",09-09-2026 14:00:00,18.1023399,73.4783687,NH3,5,5,5
India,Maharashtra,Malegaon,"Mahesh Nagar, Malegaon - MPCB",09-09-2026 14:00:00,20.555712,74.529236,SO2,0,8,2
India,Maharashtra,Belapur,"CBD Belapur, Belapur - MPCB",09-09-2026 14:00:00,19.0243902,73.0406721,PM10,33,79,55
India,Maharashtra,Bhiwandi,"Gokul Nagar, Bhiwandi - MPCB",09-09-2026 14:00:00,19.309073,73.057223,NO2,13,60,31
India,Maharashtra,Chandrapur,"MIDC Khutala, Chandrapur - MPCB",09-09-2026 14:00:00,19.9775302,79.2337086,PM2.5,33,39,38
India,Maharashtra,Chandrapur,"MIDC Khutala, Chandrapur - MPCB",09-09-2026 14:00:00,19.9775302,79.2337086,NH3,1,4,3
India,Maharashtra,Dombivli,"Kalu Nagar, Dombivli - MPCB",09-09-2026 14:00:00,19.2268427,73.0788456,PM2.5,3,25,13
India,Maharashtra,Dombivli,"Kalu Nagar, Dombivli - MPCB",09-09-2026 14:00:00,19.2268427,73.0788456,PM10,13,46,26
India,Maharashtra,Dombivli,"Kalu Nagar, Dombivli - MPCB",09-09-2026 14:00:00,19.2268427,73.0788456,OZONE,18,39,31
India,Maharashtra,Aurangabad,"Rachnakar Colony, Aurangabad - MPCB",09-09-2026 14:00:00,19.863756,75.321188,PM2.5,24,50,38
India,Maharashtra,Aurangabad,"More Chowk Waluj, Aurangabad - MPCB",09-09-2026 14:00:00,19.8389439,75.244448,NH3,6,8,7
India,Maharashtra,Aurangabad,"MIDC Chilkalthana, Aurangabad - MPCB",09-09-2026 14:00:00,19.87562,75.38731,NH3,6,6,6
India,Maharashtra,Badlapur,"Katrap, Badlapur - MPCB",09-09-2026 14:00:00,19.16485,73.23409,SO2,1,1,1
India,Maharashtra,Akola,"Ramdaspeth, Akola - MPCB",09-09-2026 14:00:00,20.719516,77.000253,OZONE,10,23,17
India,Maharashtra,Ambernath,"Chinchpada, Ambernath - MPCB",09-09-2026 14:00:00,19.215784,73.199781,PM2.5,17,63,36
India,Maharashtra,Amravati,"Shri Shivaji Science College, Amravati - MPCB",09-09-2026 14:00:00,20.939198,77.765701,NH3,2,3,2
India,Odisha,Nayagarh,"Dabuna, Nayagarh - OSPCB",09-09-2026 14:00:00,21.847279,85.416905,PM2.5,14,96,59
India,Odisha,Nayagarh,"Dabuna, Nayagarh - OSPCB",09-09-2026 14:00:00,21.847279,85.416905,SO2,19,19,19
India,Odisha,Paradeep,"Nua Sandhakuda, Paradeep - OSPCB",09-09-2026 14:00:00,20.258828,86.665185,PM10,30,71,49
India,Odisha,Paradeep,"Nua Sandhakuda, Paradeep - OSPCB",09-09-2026 14:00:00,20.258828,86.665185,CO,81,90,85
India,Odisha,Rairangpur,"Divisional Forest Office, Rairangpur - OSPCB",09-09-2026 14:00:00,22.265816,86.174829,PM2.5,21,55,26
India,Odisha,Rairangpur,"Divisional Forest Office, Rairangpur - OSPCB",09-09-2026 14:00:00,22.265816,86.174829,NH3,3,4,3
India,Odisha,Rairangpur,"Divisional Forest Office, Rairangpur - OSPCB",09-09-2026 14:00:00,22.265816,86.174829,OZONE,2,12,8
India,Odisha,Rourkela,"Sector-2, Rourkela - OSPCB",09-09-2026 14:00:00,22.245,84.88111111,SO2,NA,NA,NA
India,Odisha,Rourkela,"Fertilizer Township, Rourkela - OSPCB",09-09-2026 14:00:00,22.18972222,84.86277778,SO2,11,12,11
India,Odisha,Rourkela,"Fertilizer Township, Rourkela - OSPCB",09-09-2026 14:00:00,22.18972222,84.86277778,CO,10,27,21
India,Odisha,Rourkela,"Raghunathpali, Rourkela - OSPCB",09-09-2026 14:00:00,22.220833,84.809444,NO2,9,9,9
India,Odisha,Talcher,"Talcher Coalfields,Talcher - OSPCB",09-09-2026 14:00:00,20.9360711,85.1707021,PM2.5,14,308,85
India,Odisha,Talcher,"Talcher Coalfields,Talcher - OSPCB",09-09-2026 14:00:00,20.9360711,85.1707021,CO,1,8,5
India,Odisha,Talcher,"Talcher Coalfields,Talcher - OSPCB",09-09-2026 14:00:00,20.9360711,85.1707021,OZONE,11,40,19
India,Odisha,Tensa,"Barsua Iron Ore Mines, Tensa - OSPCB",09-09-2026 14:00:00,21.869985,85.167016,NH3,NA,NA,NA
India,Puducherry,Puducherry,"Jawahar Nagar, Puducherry - PPCC",09-09-2026 14:00:00,11.9309,79.8027,SO2,6,10,8
India,Punjab,Amritsar,"Golden Temple, Amritsar - PPCB",09-09-2026 14:00:00,31.62,74.876512,PM2.5,96,220,109
India,Maharashtra,Ulhasnagar,"Vithalwadi, Ulhasnagar - MPCB",09-09-2026 14:00:00,19.2307571,73.155192,PM10,NA,NA,NA
India,Maharashtra,Ulhasnagar,"Vithalwadi, Ulhasnagar - MPCB",09-09-2026 14:00:00,19.2307571,73.155192,SO2,7,13,9
India,Maharashtra,Virar,"Bolinj, Virar - MPCB",09-09-2026 14:00:00,19.445821,72.7988231,OZONE,7,47,20
India,Meghalaya,Byrnihat,"15th Mile-Nongthymmai, Byrnihat -Meghalaya PCB",09-09-2026 14:00:00,26.079047,91.875185,NO2,1,2,2
India,Meghalaya,Byrnihat,"15th Mile-Nongthymmai, Byrnihat -Meghalaya PCB",09-09-2026 14:00:00,26.079047,91.875185,CO,NA,NA,NA
India,Meghalaya,Shillong,"Lumpyngngad, Shillong - Meghalaya PCB",09-09-2026 14:00:00,25.5586,91.8985,PM2.5,NA,NA,NA
India,Meghalaya,Shillong,"Lumpyngngad, Shillong - Meghalaya PCB",09-09-2026 14:00:00,25.5586,91.8985,PM10,NA,NA,NA
India,Mizoram,Aizawl,"Sikulpuikawn, Aizawl - Mizoram PCB",09-09-2026 14:00:00,23.7176342,92.7192841,CO,3,3,3
India,Nagaland,Kohima,"PWD Junction, Kohima - NPCB",09-09-2026 14:00:00,25.6635413,94.0989878,PM2.5,1,43,18
India,Odisha,Angul,"Hakimapada, Angul - OSPCB",09-09-2026 14:00:00,20.832874,85.104082,PM2.5,8,57,33
India,Odisha,Angul,"Hakimapada, Angul - OSPCB",09-09-2026 14:00:00,20.832874,85.104082,NO2,6,42,11
India,Odisha,Balasore,"Kalidaspur, Balasore - OSPCB",09-09-2026 14:00:00,21.51161,86.89088,PM2.5,18,110,45
India,Maharashtra,Pimpri-Chinchwad,"Park Street Wakad, Pimpri Chinchwad - MPCB",09-09-2026 14:00:00,18.59051,73.77946,OZONE,1,36,14
India,Maharashtra,Pimpri-Chinchwad,"Thergaon, Pimpri Chinchwad - MPCB",09-09-2026 14:00:00,18.616318,73.765797,PM2.5,7,22,13
India,Maharashtra,Pimpri-Chinchwad,"Thergaon, Pimpri Chinchwad - MPCB",09-09-2026 14:00:00,18.616318,73.765797,SO2,1,3,2
India,Maharashtra,Pimpri-Chinchwad,"Bhumkar Nagar, Pune - IITM",09-09-2026 14:00:00,18.60577,73.749976,PM10,28,80,57
India,Maharashtra,Pimpri-Chinchwad,"Bhumkar Nagar, Pune - IITM",09-09-2026 14:00:00,18.60577,73.749976,NH3,NA,NA,NA
India,Maharashtra,Pune,"Savitribai Phule Pune University, Pune - MPCB",09-09-2026 14:00:00,18.547056,73.826908,NO2,1,12,9
India,Maharashtra,Pune,"Savitribai Phule Pune University, Pune - MPCB",09-09-2026 14:00:00,18.547056,73.826908,SO2,3,5,4
India,Maharashtra,Pune,"Savitribai Phule Pune University, Pune - MPCB",09-09-2026 14:00:00,18.547056,73.826908,CO,30,38,34
India,Maharashtra,Pune,"Dhankawadi, Pune - IITM",09-09-2026 14:00:00,18.459883,73.852193,CO,26,82,50
India,Maharashtra,Pune,"Panchawati_Pashan, Pune - IITM",09-09-2026 14:00:00,18.536457,73.805454,SO2,NA,NA,NA
India,Maharashtra,Pune,"Mhada Colony, Pune - IITM",09-09-2026 14:00:00,18.57304,73.927715,PM10,70,122,96
India,Maharashtra,Nanded,"Sneh Nagar, Nanded - MPCB",09-09-2026 14:00:00,19.173852,77.296291,PM10,30,68,50
India,Maharashtra,Nashik,"Hirawadi, Nashik - MPCB",09-09-2026 14:00:00,20.021503,73.813844,SO2,1,8,3
India,Maharashtra,Nashik,"MIDC Ambad, Nashik - MPCB",09-09-2026 14:00:00,19.95022,73.73148,NO2,2,9,5
India,Maharashtra,Nashik,"MIDC Ambad, Nashik - MPCB",09-09-2026 14:00:00,19.95022,73.73148,NH3,2,5,4
India,Maharashtra,Navi Mumbai,"Sanpada, Navi Mumbai - MPCB",09-09-2026 14:00:00,19.0575752,73.0151367,NH3,0,30,10
India,Maharashtra,Navi Mumbai,"Sanpada, Navi Mumbai - MPCB",09-09-2026 14:00:00,19.0575752,73.0151367,SO2,1,3,2
India,Maharashtra,Navi Mumbai,"Tondare-Taloja, Navi Mumbai - MPCB",09-09-2026 14:00:00,19.063,73.1209,SO2,0,3,1
India,Maharashtra,Navi Mumbai,"Sector-2E Kalamboli, Navi Mumbai - MPCB",09-09-2026 14:00:00,19.02579,73.10297,PM10,1,100,52
India,Maharashtra,Mumbai,"Chakala-Andheri East, Mumbai - IITM",09-09-2026 14:00:00,19.11074,72.86084,SO2,1,8,4
India,Maharashtra,Mumbai,"Chakala-Andheri East, Mumbai - IITM",09-09-2026 14:00:00,19.11074,72.86084,OZONE,4,10,7
India,Maharashtra,Mumbai,"Kurla, Mumbai - MPCB",09-09-2026 14:00:00,19.0863,72.8888,NH3,2,2,2
India,Maharashtra,Mumbai,"Kurla, Mumbai - MPCB",09-09-2026 14:00:00,19.0863,72.8888,SO2,29,29,29
India,Maharashtra,Mumbai,"Powai, Mumbai - MPCB",09-09-2026 14:00:00,19.1375,72.915056,PM2.5,NA,NA,NA
India,Maharashtra,Mumbai,"Powai, Mumbai - MPCB",09-09-2026 14:00:00,19.1375,72.915056,CO,NA,NA,NA
India,Maharashtra,Mumbai,"Deonar, Mumbai - IITM",09-09-2026 14:00:00,19.04946,72.923,PM10,24,58,45
India,Maharashtra,Mumbai,"Deonar, Mumbai - IITM",09-09-2026 14:00:00,19.04946,72.923,OZONE,4,12,8
India,Maharashtra,Mumbai,"Chembur, Mumbai - MPCB",09-09-2026 14:00:00,19.0364585,72.8954371,PM10,28,45,38
India,Maharashtra,Pune,"Revenue Colony-Shivajinagar, Pune - IITM",09-09-2026 14:00:00,18.530085,73.849598,SO2,4,21,11
India,Maharashtra,Pune,"Hadapsar, Pune - IITM",09-09-2026 14:00:00,18.501793,73.927532,PM2.5,16,87,47
India,Maharashtra,Sangli,"Vijay Nagar, Sangli - MPCB",09-09-2026 14:00:00,16.5038,74.3623,PM2.5,19,41,28
India,Maharashtra,Satara,"Koyana Nagar, Satara - MPCB",09-09-2026 14:00:00,17.696651,74.003387,NH3,0,2,1
India,Maharashtra,Satara,"Koyana Nagar, Satara - MPCB",09-09-2026 14:00:00,17.696651,74.003387,CO,13,16,15
India,Maharashtra,Satara,"Koyana Nagar, Satara - MPCB",09-09-2026 14:00:00,17.696651,74.003387,OZONE,20,31,25
India,Maharashtra,Thane,"Kasarvadavali, Thane - MPCB",09-09-2026 14:00:00,19.26777,72.97182,PM2.5,4,70,35
India,Maharashtra,Parbhani,"Masoom Colony, Parbhani - MPCB",09-09-2026 14:00:00,19.265594,76.761463,NO2,6,9,8
India,Maharashtra,Parbhani,"Masoom Colony, Parbhani - MPCB",09-09-2026 14:00:00,19.265594,76.761463,CO,8,12,11
India,Maharashtra,Parbhani,"Masoom Colony, Parbhani - MPCB",09-09-2026 14:00:00,19.265594,76.761463,OZONE,10,19,12
India,Maharashtra,Pimpri-Chinchwad,"Savta Mali Nagar, Pimpri-Chinchwad - IITM",09-09-2026 14:00:00,18.614767,73.799516,SO2,NA,NA,NA
India,Maharashtra,Pimpri-Chinchwad,"Transport Nagar-Nigdi, Pune - IITM",09-09-2026 14:00:00,18.664282,73.763966,PM10,42,91,61
India,Maharashtra,Pimpri-Chinchwad,"Bhosari, Pune - IITM",09-09-2026 14:00:00,18.640051,73.848956,PM2.5,13,46,30
India,Maharashtra,Pimpri-Chinchwad,"Bhosari, Pune - IITM",09-09-2026 14:00:00,18.640051,73.848956,PM10,39,89,72
India,Maharashtra,Mumbai,"Bandra Kurla Complex, Mumbai - MPCB",09-09-2026 14:00:00,19.065931,72.862131,NO2,1,14,4
India,Maharashtra,Mumbai,"Bandra Kurla Complex, Mumbai - MPCB",09-09-2026 14:00:00,19.065931,72.862131,NH3,NA,NA,NA
India,Maharashtra,Mumbai,"Bandra Kurla Complex, Mumbai - MPCB",09-09-2026 14:00:00,19.065931,72.862131,OZONE,9,15,11
India,Maharashtra,Nagpur,"Mahal, Nagpur - MPCB",09-09-2026 14:00:00,21.14472,79.107595,PM10,31,64,48
India,Maharashtra,Nagpur,"Opp GPO Civil Lines, Nagpur - MPCB",09-09-2026 14:00:00,21.152875,79.0517531,PM2.5,28,60,44
India,Maharashtra,Nagpur,"Opp GPO Civil Lines, Nagpur - MPCB",09-09-2026 14:00:00,21.152875,79.0517531,NH3,3,5,3
India,Maharashtra,Nagpur,"Ram Nagar, Nagpur - MPCB",09-09-2026 14:00:00,21.143383,79.048912,SO2,2,12,8
India,Odisha,Bhubaneswar,"Lingraj Mandir, Bhubaneswar - OSPCB",09-09-2026 14:00:00,20.24079,85.836784,PM10,40,114,79
India,Odisha,Bileipada,"Tata Township, Bileipada - OSPCB",09-09-2026 14:00:00,22.06156703,85.47409613,PM2.5,34,78,52
India,Odisha,Brajrajnagar,"GM Office, Brajrajnagar - OSPCB",09-09-2026 14:00:00,21.8004996,83.8396977,NO2,21,35,31
India,Odisha,Byasanagar,"Ferro Chrome Colony, Byasanagar - OSPCB",09-09-2026 14:00:00,20.94185,86.1151,SO2,7,18,11
India,Odisha,Keonjhar,"Jagamohanpur, Keonjhar - OSPCB",09-09-2026 14:00:00,21.6439,85.599355,PM2.5,20,147,55
India,Rajasthan,Dausa,"Khatikan Mohalla, Dausa - RSPCB",09-09-2026 14:00:00,26.895552,76.334753,PM10,73,181,117
India,Rajasthan,Dausa,"Khatikan Mohalla, Dausa - RSPCB",09-09-2026 14:00:00,26.895552,76.334753,CO,24,59,33
India,Rajasthan,Dausa,"Khatikan Mohalla, Dausa - RSPCB",09-09-2026 14:00:00,26.895552,76.334753,OZONE,20,31,24
India,Rajasthan,Dholpur,"Raja Ganj, Dholpur - RSPCB",09-09-2026 14:00:00,26.699557,77.898881,PM2.5,33,80,47
India,Rajasthan,Dholpur,"Raja Ganj, Dholpur - RSPCB",09-09-2026 14:00:00,26.699557,77.898881,NH3,3,13,6
India,Rajasthan,Dungarpur,"Bhoiwada, Dungarpur - RSPCB",09-09-2026 14:00:00,23.837789,73.714926,CO,14,19,17
India,Rajasthan,Hanumangarh,"Housing Board, Hanumangarh - RSPCB",09-09-2026 14:00:00,29.61075,74.283608,PM10,39,227,72
India,Rajasthan,Hanumangarh,"Housing Board, Hanumangarh - RSPCB",09-09-2026 14:00:00,29.61075,74.283608,OZONE,11,52,36
India,Rajasthan,Jaipur,"Police Commissionerate, Jaipur - RSPCB",09-09-2026 14:00:00,26.9164092,75.7994901,NO2,43,91,71
India,Rajasthan,Jaipur,"Mansarovar Sector-12, Jaipur - RSPCB",09-09-2026 14:00:00,26.843698,75.766894,SO2,2,6,4
India,Rajasthan,Jaipur,"Sector-2 Murlipura, Jaipur - RSPCB",09-09-2026 14:00:00,26.960669,75.771817,NO2,11,30,19
India,Rajasthan,Jaipur,"Sector-2 Murlipura, Jaipur - RSPCB",09-09-2026 14:00:00,26.960669,75.771817,NH3,5,8,6
India,Rajasthan,Jaipur,"Adarsh Nagar, Jaipur - RSPCB",09-09-2026 14:00:00,26.902909,75.836858,NO2,13,30,17
India,Rajasthan,Jaipur,"Shastri Nagar, Jaipur - RSPCB",09-09-2026 14:00:00,26.9502929,75.730943,PM2.5,44,92,68
India,Rajasthan,Sirohi,"Vedhaynath Colony, Sirohi - RSPCB",09-09-2026 14:00:00,24.885261,72.857549,SO2,2,7,5
India,Rajasthan,Sri Ganganagar,"Old City, Sri Ganganagar - RSPCB",09-09-2026 14:00:00,29.931624,73.864511,PM10,57,262,111
India,Rajasthan,Sri Ganganagar,"Old City, Sri Ganganagar - RSPCB",09-09-2026 14:00:00,29.931624,73.864511,NO2,25,59,36
India,Rajasthan,Sri Ganganagar,"Old City, Sri Ganganagar - RSPCB",09-09-2026 14:00:00,29.931624,73.864511,CO,16,26,21
India,Rajasthan,Tonk,"Shastri Nagar, Tonk - RSPCB",09-09-2026 14:00:00,26.159933,75.780517,PM2.5,43,73,56
India,Sikkim,Gangtok,"Zero Point GICI, Gangtok - SSPCB",09-09-2026 14:00:00,27.33853,88.614099,SO2,1,1,1
India,Tamil Nadu,Chennai,"Perungudi, Chennai - TNPCB",09-09-2026 14:00:00,12.9533,80.2357,CO,27,42,32
India,Tamil Nadu,Chennai,"Kodungaiyur, Chennai - TNPCB",09-09-2026 14:00:00,13.1278,80.2642,CO,26,32,29
India,Tamil Nadu,Chennai,"Royapuram, Chennai - TNPCB",09-09-2026 14:00:00,13.1036,80.2909,NO2,12,15,14
India,Tamil Nadu,Chennai,"Royapuram, Chennai - TNPCB",09-09-2026 14:00:00,13.1036,80.2909,NH3,4,5,4
India,Tamil Nadu,Chennai,"Manali, Chennai - CPCB",09-09-2026 14:00:00,13.164544,80.26285,SO2,4,7,5
India,Tamil Nadu,Chennai,"Velachery Res. Area, Chennai - CPCB",09-09-2026 14:00:00,13.0052189,80.2398125,NO2,10,11,11
India,Tamil Nadu,Chennai,"Velachery Res. Area, Chennai - CPCB",09-09-2026 14:00:00,13.0052189,80.2398125,NH3,2,3,2
India,Tamil Nadu,Coimbatore,"SIDCO Kurichi, Coimbatore - TNPCB",09-09-2026 14:00:00,10.942451,76.978996,NH3,1,1,1
India,Tamil Nadu,Gummidipoondi,"Anthoni Pillai Nagar, Gummidipoondi - TNPCB",09-09-2026 14:00:00,13.4127,80.1081,PM2.5,47,305,134
India,Tamil Nadu,Gummidipoondi,"Anthoni Pillai Nagar, Gummidipoondi - TNPCB",09-09-2026 14:00:00,13.4127,80.1081,PM10,68,188,122
India,Telangana,Hyderabad,"ICRISAT Patancheru, Hyderabad - TSPCB",09-09-2026 14:00:00,17.5184,78.278777,NO2,8,35,19
India,Telangana,Hyderabad,"IITH Kandi, Hyderabad - TSPCB",09-09-2026 14:00:00,17.585705,78.126199,CO,22,34,28
India,Telangana,Hyderabad,"Ramachandrapuram, Hyderabad - TSPCB",09-09-2026 14:00:00,17.528544,78.286195,PM10,50,68,57
India,Telangana,Hyderabad,"Ramachandrapuram, Hyderabad - TSPCB",09-09-2026 14:00:00,17.528544,78.286195,NH3,3,4,3
India,Telangana,Hyderabad,"Ramachandrapuram, Hyderabad - TSPCB",09-09-2026 14:00:00,17.528544,78.286195,SO2,6,13,7
India,Telangana,Hyderabad,"Ramachandrapuram, Hyderabad - TSPCB",09-09-2026 14:00:00,17.528544,78.286195,OZONE,18,24,21
India,Telangana,Hyderabad,"Central University, Hyderabad - TSPCB",09-09-2026 14:00:00,17.460103,78.334361,PM10,13,38,24
India,Rajasthan,Bharatpur,"Krishna Nagar, Bharatpur - RSPCB",09-09-2026 14:00:00,27.215415,77.50873,CO,16,23,20
India,Rajasthan,Bhilwara,"Pratap Nagar, Bhilwara - RSPCB",09-09-2026 14:00:00,25.339605,74.618883,PM10,71,140,102
India,Rajasthan,Bhilwara,"Pratap Nagar, Bhilwara - RSPCB",09-09-2026 14:00:00,25.339605,74.618883,CO,18,28,24
India,Rajasthan,Bhiwadi,"Vasundhara Nagar_UIT, Bhiwadi - RSPCB",09-09-2026 14:00:00,28.207266,76.829265,SO2,3,5,4
India,Rajasthan,Bhiwadi,"Vasundhara Nagar_UIT, Bhiwadi - RSPCB",09-09-2026 14:00:00,28.207266,76.829265,CO,14,25,18
India,Rajasthan,Bhiwadi,"RIICO Ind. Area III, Bhiwadi - RSPCB",09-09-2026 14:00:00,28.194909,76.862296,PM2.5,5,261,148
India,Rajasthan,Bhiwadi,"RIICO Ind. Area III, Bhiwadi - RSPCB",09-09-2026 14:00:00,28.194909,76.862296,OZONE,19,71,40
India,Rajasthan,Bundi,"New Colony, Bundi - RSPCB",09-09-2026 14:00:00,25.435774,75.644272,PM2.5,NA,NA,NA
India,Rajasthan,Chittorgarh,"Shastri Nagar, Chittorgarh - RSPCB",09-09-2026 14:00:00,24.892047,74.623527,CO,1,16,6
India,Rajasthan,Chittorgarh,"Shastri Nagar, Chittorgarh - RSPCB",09-09-2026 14:00:00,24.892047,74.623527,OZONE,35,75,57
India,Rajasthan,Dausa,"Khatikan Mohalla, Dausa - RSPCB",09-09-2026 14:00:00,26.895552,76.334753,PM2.5,20,147,44
India,Rajasthan,Jodhpur,"Jhalamand, Jodhpur - RSPCB",09-09-2026 14:00:00,26.215415,73.070156,CO,9,18,12
India,Rajasthan,Jodhpur,"Mandor, Jodhpur - RSPCB",09-09-2026 14:00:00,26.358805,73.047444,PM10,42,76,59
India,Rajasthan,Jodhpur,"Digari Kalan, Jodhpur - RSPCB",09-09-2026 14:00:00,26.29581,73.082283,NO2,10,29,16
India,Rajasthan,Jodhpur,"Digari Kalan, Jodhpur - RSPCB",09-09-2026 14:00:00,26.29581,73.082283,NH3,5,7,6
India,Rajasthan,Jodhpur,"Digari Kalan, Jodhpur - RSPCB",09-09-2026 14:00:00,26.29581,73.082283,CO,9,14,11
India,Rajasthan,Karauli,"Satyawati Vihar, Karauli - RSPCB",09-09-2026 14:00:00,26.506177,77.025989,PM10,45,79,59
India,Rajasthan,Karauli,"Satyawati Vihar, Karauli - RSPCB",09-09-2026 14:00:00,26.506177,77.025989,NO2,6,32,18
India,Rajasthan,Kota,"Shrinath Puram, Kota - RSPCB",09-09-2026 14:00:00,25.14389,75.821256,CO,34,46,39
India,Rajasthan,Kota,"Dhanmandi, Kota - RSPCB",09-09-2026 14:00:00,25.16409,75.858137,NO2,11,55,21
India,Rajasthan,Kota,"Nayapura, Kota - RSPCB",09-09-2026 14:00:00,25.196024,75.855668,PM2.5,28,83,46
India,Rajasthan,Ajmer,"Civil Lines,  Ajmer - RSPCB",09-09-2026 14:00:00,26.470859,74.646594,PM10,70,106,83
India,Rajasthan,Ajmer,"Civil Lines,  Ajmer - RSPCB",09-09-2026 14:00:00,26.470859,74.646594,SO2,2,19,9
India,Rajasthan,Alwar,"Moti Doongri, Alwar - RSPCB",09-09-2026 14:00:00,27.554793,76.611536,SO2,21,122,48
India,Rajasthan,Banswara,"Rati Talai, Banswara - RSPCB",09-09-2026 14:00:00,23.55519,74.44001,PM2.5,20,30,24
India,Rajasthan,Banswara,"Rati Talai, Banswara - RSPCB",09-09-2026 14:00:00,23.55519,74.44001,NO2,25,49,32
India,Rajasthan,Banswara,"Rati Talai, Banswara - RSPCB",09-09-2026 14:00:00,23.55519,74.44001,NH3,2,4,3
India,Rajasthan,Baran,"Bamboliya, Baran - RSPCB",09-09-2026 14:00:00,25.106006,76.469948,CO,25,48,41
India,Rajasthan,Bharatpur,"Krishna Nagar, Bharatpur - RSPCB",09-09-2026 14:00:00,27.215415,77.50873,PM10,25,56,39
India,Rajasthan,Bharatpur,"Krishna Nagar, Bharatpur - RSPCB",09-09-2026 14:00:00,27.215415,77.50873,NH3,4,10,6
India,Punjab,Amritsar,"Golden Temple, Amritsar - PPCB",09-09-2026 14:00:00,31.62,74.876512,CO,21,27,23
India,Punjab,Jalandhar,"Civil Line, Jalandhar - PPCB",09-09-2026 14:00:00,31.321907,75.578914,PM2.5,7,202,147
India,Punjab,Jalandhar,"Civil Line, Jalandhar - PPCB",09-09-2026 14:00:00,31.321907,75.578914,NO2,38,44,42
India,Punjab,Jalandhar,"Civil Line, Jalandhar - PPCB",09-09-2026 14:00:00,31.321907,75.578914,CO,13,64,37
India,Punjab,Jalandhar,"Civil Line, Jalandhar - PPCB",09-09-2026 14:00:00,31.321907,75.578914,OZONE,22,44,28
India,Punjab,Khanna,"Kalal Majra, Khanna - PPCB",09-09-2026 14:00:00,30.736056,76.209694,PM2.5,29,52,41
India,Punjab,Khanna,"Kalal Majra, Khanna - PPCB",09-09-2026 14:00:00,30.736056,76.209694,NO2,12,26,20
India,Punjab,Khanna,"Kalal Majra, Khanna - PPCB",09-09-2026 14:00:00,30.736056,76.209694,OZONE,20,38,27
India,Punjab,Patiala,"Model Town, Patiala - PPCB",09-09-2026 14:00:00,30.349388,76.366642,CO,16,28,24
India,Punjab,Patiala,"Model Town, Patiala - PPCB",09-09-2026 14:00:00,30.349388,76.366642,OZONE,12,31,18
India,Rajasthan,Jalore,"Mudtra Sili, Jalore - RSPCB",09-09-2026 14:00:00,25.344694,72.626208,NO2,4,12,7
India,Rajasthan,Jalore,"Mudtra Sili, Jalore - RSPCB",09-09-2026 14:00:00,25.344694,72.626208,NH3,2,3,2
India,Rajasthan,Jalore,"Mudtra Sili, Jalore - RSPCB",09-09-2026 14:00:00,25.344694,72.626208,OZONE,24,45,35
India,Rajasthan,Jhalawar,"Rajlaxmi Nagar, Jhalawar - RSPCB",09-09-2026 14:00:00,24.588397,76.172782,PM2.5,NA,NA,NA
India,Rajasthan,Jodhpur,"Samrat Ashok Udhyan, Jodhpur - RSPCB",09-09-2026 14:00:00,26.253384,72.976571,NO2,2,9,5
India,Rajasthan,Jodhpur,"Samrat Ashok Udhyan, Jodhpur - RSPCB",09-09-2026 14:00:00,26.253384,72.976571,NH3,4,5,5
India,Rajasthan,Pali,"Indira Colony Vistar, Pali - RSPCB",09-09-2026 14:00:00,25.771061,73.340227,NO2,12,22,17
India,Rajasthan,Pali,"Indira Colony Vistar, Pali - RSPCB",09-09-2026 14:00:00,25.771061,73.340227,SO2,8,14,11
India,Rajasthan,Pratapgarh,"Pragati Nagar, Pratapgarh - RSPCB",09-09-2026 14:00:00,24.041198,74.780702,NH3,5,6,5
India,Rajasthan,Pratapgarh,"Pragati Nagar, Pratapgarh - RSPCB",09-09-2026 14:00:00,24.041198,74.780702,CO,10,14,13
India,Rajasthan,Sikar,"Radhakishan Pura, Sikar - RSPCB",09-09-2026 14:00:00,27.608912,75.153302,NH3,12,20,14
India,Uttar Pradesh,Lucknow,"Talkatora District Industries Center, Lucknow - CPCB",09-09-2026 14:00:00,26.83399722,80.8917361,OZONE,12,71,42
India,Uttar Pradesh,Lucknow,"Kendriya Vidyalaya, Lucknow - CPCB",09-09-2026 14:00:00,26.906111,80.948222,NO2,24,39,29
India,Uttar Pradesh,Lucknow,"Kendriya Vidyalaya, Lucknow - CPCB",09-09-2026 14:00:00,26.906111,80.948222,SO2,5,10,7
India,Uttar Pradesh,Lucknow,"Lalbagh, Lucknow - CPCB",09-09-2026 14:00:00,26.8458805,80.9365541,NH3,9,17,14
India,Uttar Pradesh,Lucknow,"Lalbagh, Lucknow - CPCB",09-09-2026 14:00:00,26.8458805,80.9365541,SO2,4,12,7
India,Uttar Pradesh,Mathura,"Pali Dungra, Mathura - UPPCB",09-09-2026 14:00:00,27.410954,77.550619,OZONE,5,8,7
India,Uttar Pradesh,Meerut,"MIET College, Meerut - UPPCB",09-09-2026 14:00:00,28.972677,77.641018,PM2.5,98,188,150
India,Uttar Pradesh,Meerut,"MIET College, Meerut - UPPCB",09-09-2026 14:00:00,28.972677,77.641018,NO2,18,32,23
India,Uttar Pradesh,Meerut,"MIET College, Meerut - UPPCB",09-09-2026 14:00:00,28.972677,77.641018,CO,38,70,60
India,Uttar Pradesh,Meerut,"Pallavpuram Phase 2, Meerut - UPPCB",09-09-2026 14:00:00,29.06351,77.709723,SO2,16,32,24
India,Uttar Pradesh,Meerut,"Pallavpuram Phase 2, Meerut - UPPCB",09-09-2026 14:00:00,29.06351,77.709723,CO,31,52,42
India,Uttar Pradesh,Meerut,"Pallavpuram Phase 2, Meerut - UPPCB",09-09-2026 14:00:00,29.06351,77.709723,OZONE,20,80,46
India,Uttar Pradesh,Meerut,"Ganga Nagar, Meerut - UPPCB",09-09-2026 14:00:00,28.999264,77.7590354,PM2.5,43,89,72
India,Uttar Pradesh,Meerut,"Ganga Nagar, Meerut - UPPCB",09-09-2026 14:00:00,28.999264,77.7590354,CO,30,47,40
India,Uttar Pradesh,Meerut,"Jai Bhim Nagar, Meerut - UPPCB",09-09-2026 14:00:00,28.9535882,77.7622941,PM2.5,8,145,54
India,Uttar Pradesh,Meerut,"Jai Bhim Nagar, Meerut - UPPCB",09-09-2026 14:00:00,28.9535882,77.7622941,NH3,12,15,13
India,Uttar Pradesh,Modinagar,"SRM University, Modinagar - UPPCB",09-09-2026 14:00:00,28.798171,77.540243,PM10,86,127,102
India,Uttar Pradesh,Modinagar,"SRM University, Modinagar - UPPCB",09-09-2026 14:00:00,28.798171,77.540243,CO,10,25,14
India,Uttar Pradesh,Moradabad,"Employment Office, Moradabad - UPPCB",09-09-2026 14:00:00,28.88528,78.7388,PM10,68,93,80
India,Uttar Pradesh,Moradabad,"Employment Office, Moradabad - UPPCB",09-09-2026 14:00:00,28.88528,78.7388,SO2,35,38,36
India,Tripura,Agartala,"Bardowali, Agartala - Tripura SPCB",09-09-2026 14:00:00,23.8175497,91.2726974,PM2.5,23,78,54
India,Tripura,Agartala,"Bardowali, Agartala - Tripura SPCB",09-09-2026 14:00:00,23.8175497,91.2726974,NH3,NA,NA,NA
India,Uttar Pradesh,Agra,"Rohta, Agra - UPPCB",09-09-2026 14:00:00,27.106972,78.000111,CO,28,45,31
India,Uttar Pradesh,Agra,"Shastripuram, Agra - UPPCB",09-09-2026 14:00:00,27.19862,77.92066,PM10,24,45,34
India,Uttar Pradesh,Agra,"Sector-3B Avas Vikas Colony, Agra - UPPCB",09-09-2026 14:00:00,27.19412,77.96237,PM2.5,42,93,62
India,Uttar Pradesh,Agra,"Sector-3B Avas Vikas Colony, Agra - UPPCB",09-09-2026 14:00:00,27.19412,77.96237,PM10,58,121,87
India,Uttar Pradesh,Agra,"Shahjahan Garden, Agra - UPPCB",09-09-2026 14:00:00,27.169338,78.03582,NH3,1,1,1
India,Uttar Pradesh,Agra,"Sanjay Palace, Agra - UPPCB",09-09-2026 14:00:00,27.19865833,78.00598056,NO2,12,16,13
India,Uttar Pradesh,Agra,"Sanjay Palace, Agra - UPPCB",09-09-2026 14:00:00,27.19865833,78.00598056,NH3,NA,NA,NA
India,Uttar Pradesh,Moradabad,"Employment Office, Moradabad - UPPCB",09-09-2026 14:00:00,28.88528,78.7388,SO2,35,38,36
India,Uttar Pradesh,Moradabad,"Jigar Colony, Moradabad - UPPCB",09-09-2026 14:00:00,28.856664,78.772638,PM2.5,41,66,53
India,Uttar Pradesh,Moradabad,"Kashiram Nagar, Moradabad - UPPCB",09-09-2026 14:00:00,28.849399,78.742362,NH3,4,4,4
India,Uttar Pradesh,Moradabad,"Buddhi Vihar, Moradabad - UPPCB",09-09-2026 14:00:00,28.83526,78.7446,CO,5,27,15
India,Uttar Pradesh,Muzaffarnagar,"New Mandi, Muzaffarnagar - UPPCB",09-09-2026 14:00:00,29.4723508,77.7194031,PM2.5,46,104,68
India,Uttar Pradesh,Muzaffarnagar,"New Mandi, Muzaffarnagar - UPPCB",09-09-2026 14:00:00,29.4723508,77.7194031,PM10,95,133,113
India,Uttar Pradesh,Muzaffarnagar,"New Mandi, Muzaffarnagar - UPPCB",09-09-2026 14:00:00,29.4723508,77.7194031,NH3,1,3,2
India,Uttar Pradesh,Muzaffarnagar,"New Mandi, Muzaffarnagar - UPPCB",09-09-2026 14:00:00,29.4723508,77.7194031,SO2,1,67,22
India,Uttar Pradesh,Muzaffarnagar,"New Mandi, Muzaffarnagar - UPPCB",09-09-2026 14:00:00,29.4723508,77.7194031,CO,16,26,20
India,Telangana,Hyderabad,"Ramachandrapuram, Hyderabad - TSPCB",09-09-2026 14:00:00,17.528544,78.286195,PM10,50,68,57
India,Telangana,Hyderabad,"Ramachandrapuram, Hyderabad - TSPCB",09-09-2026 14:00:00,17.528544,78.286195,NH3,3,4,3
India,Telangana,Hyderabad,"Ramachandrapuram, Hyderabad - TSPCB",09-09-2026 14:00:00,17.528544,78.286195,SO2,6,13,7
India,Telangana,Hyderabad,"Ramachandrapuram, Hyderabad - TSPCB",09-09-2026 14:00:00,17.528544,78.286195,OZONE,18,24,21
India,Telangana,Hyderabad,"Central University, Hyderabad - TSPCB",09-09-2026 14:00:00,17.460103,78.334361,PM10,13,38,24
India,Telangana,Hyderabad,"Zoo Park, Hyderabad - TSPCB",09-09-2026 14:00:00,17.349694,78.451437,NO2,3,4,3
India,Telangana,Hyderabad,"Somajiguda, Hyderabad - TSPCB",09-09-2026 14:00:00,17.417094,78.457437,NH3,4,5,4
India,Telangana,Hyderabad,"Somajiguda, Hyderabad - TSPCB",09-09-2026 14:00:00,17.417094,78.457437,SO2,10,12,11
India,Telangana,Hyderabad,"ECIL Kapra, Hyderabad - TSPCB",09-09-2026 14:00:00,17.470431,78.566959,PM2.5,44,57,48
India,Telangana,Hyderabad,"ECIL Kapra, Hyderabad - TSPCB",09-09-2026 14:00:00,17.470431,78.566959,NO2,12,16,13
India,Telangana,Hyderabad,"Sanathnagar, Hyderabad - TSPCB",09-09-2026 14:00:00,17.4559458,78.4332152,NH3,NA,NA,NA
India,Telangana,Hyderabad,"Sanathnagar, Hyderabad - TSPCB",09-09-2026 14:00:00,17.4559458,78.4332152,SO2,8,23,13
India,Telangana,Hyderabad,"Bollaram Industrial Area, Hyderabad - TSPCB",09-09-2026 14:00:00,17.518,78.383,NH3,4,7,5
India,Telangana,Hyderabad,"Kompally Municipal Office, Hyderabad - TSPCB",09-09-2026 14:00:00,17.544899,78.486949,PM2.5,21,48,32
India,Telangana,Hyderabad,"Kompally Municipal Office, Hyderabad - TSPCB",09-09-2026 14:00:00,17.544899,78.486949,OZONE,11,28,14
India,Telangana,Hyderabad,"Kokapet, Hyderabad - TSPCB",09-09-2026 14:00:00,17.393559,78.339194,PM10,40,69,50
India,Uttar Pradesh,Ghaziabad,"Govindpuram, Ghaziabad - UPPCB",09-09-2026 14:00:00,28.694528,77.494705,CO,25,34,29
India,Uttar Pradesh,Ghaziabad,"Sanjay Nagar, Ghaziabad - UPPCB",09-09-2026 14:00:00,28.685382,77.453839,PM2.5,38,125,59
India,Uttar Pradesh,Ghaziabad,"Sanjay Nagar, Ghaziabad - UPPCB",09-09-2026 14:00:00,28.685382,77.453839,CO,27,35,30
India,Uttar Pradesh,Ghaziabad,"Loni, Ghaziabad - UPPCB",09-09-2026 14:00:00,28.757294,77.278792,PM10,NA,NA,NA
India,Uttar Pradesh,Ghaziabad,"Wave City, Ghaziabad - UPPCB",09-09-2026 14:00:00,28.646675,77.489049,NO2,15,27,19
India,Uttar Pradesh,Ghaziabad,"Ved Vihar-Loni, Ghaziabad - UPPCB",09-09-2026 14:00:00,28.739153,77.273668,NO2,20,53,32
India,Uttar Pradesh,Gorakhpur,"Madan Mohan Malaviya University of Technology, Gorakhpur - UPPCB",09-09-2026 14:00:00,26.730136,83.433859,PM2.5,18,205,100
India,Uttar Pradesh,Gorakhpur,"Madan Mohan Malaviya University of Technology, Gorakhpur - UPPCB",09-09-2026 14:00:00,26.730136,83.433859,NH3,1,1,1
India,Uttar Pradesh,Gorakhpur,"Madan Mohan Malaviya University of Technology, Gorakhpur - UPPCB",09-09-2026 14:00:00,26.730136,83.433859,CO,4,7,6
India,Uttar Pradesh,Gorakhpur,"Madan Mohan Malaviya University of Technology, Gorakhpur - UPPCB",09-09-2026 14:00:00,26.730136,83.433859,OZONE,NA,NA,NA
India,Uttar Pradesh,Hapur,"Anand Vihar, Hapur - UPPCB",09-09-2026 14:00:00,28.725645,77.749675,NO2,1,36,15
India,Uttar Pradesh,Hapur,"Anand Vihar, Hapur - UPPCB",09-09-2026 14:00:00,28.725645,77.749675,NH3,0,5,2
India,Uttar Pradesh,Jhansi,"Shivaji Nagar, Jhansi - UPPCB",09-09-2026 14:00:00,25.4547,78.6039,PM10,61,111,77
India,Uttar Pradesh,Jhansi,"Shivaji Nagar, Jhansi - UPPCB",09-09-2026 14:00:00,25.4547,78.6039,NH3,3,4,4
India,Tamil Nadu,Chennai,"Perungudi, Chennai - TNPCB",09-09-2026 14:00:00,12.9533,80.2357,CO,27,42,32
India,Tamil Nadu,Chennai,"Kodungaiyur, Chennai - TNPCB",09-09-2026 14:00:00,13.1278,80.2642,CO,26,32,29
India,Tamil Nadu,Chennai,"Royapuram, Chennai - TNPCB",09-09-2026 14:00:00,13.1036,80.2909,NO2,12,15,14
India,Tamil Nadu,Chennai,"Royapuram, Chennai - TNPCB",09-09-2026 14:00:00,13.1036,80.2909,NH3,4,5,4
India,Tamil Nadu,Chennai,"Manali, Chennai - CPCB",09-09-2026 14:00:00,13.164544,80.26285,SO2,4,7,5
India,Tamil Nadu,Chennai,"Velachery Res. Area, Chennai - CPCB",09-09-2026 14:00:00,13.0052189,80.2398125,NO2,10,11,11
India,Tamil Nadu,Chennai,"Velachery Res. Area, Chennai - CPCB",09-09-2026 14:00:00,13.0052189,80.2398125,NH3,2,3,2
India,Tamil Nadu,Coimbatore,"SIDCO Kurichi, Coimbatore - TNPCB",09-09-2026 14:00:00,10.942451,76.978996,NH3,1,1,1
India,Tamil Nadu,Gummidipoondi,"Anthoni Pillai Nagar, Gummidipoondi - TNPCB",09-09-2026 14:00:00,13.4127,80.1081,PM2.5,47,305,134
India,Tamil Nadu,Gummidipoondi,"Anthoni Pillai Nagar, Gummidipoondi - TNPCB",09-09-2026 14:00:00,13.4127,80.1081,PM10,68,188,122
India,Telangana,Hyderabad,"ICRISAT Patancheru, Hyderabad - TSPCB",09-09-2026 14:00:00,17.5184,78.278777,NO2,8,35,19
India,Telangana,Hyderabad,"IITH Kandi, Hyderabad - TSPCB",09-09-2026 14:00:00,17.585705,78.126199,CO,22,34,28
India,Uttar Pradesh,Muzaffarnagar,"New Mandi, Muzaffarnagar - UPPCB",09-09-2026 14:00:00,29.4723508,77.7194031,OZONE,11,64,33
India,Uttar Pradesh,Noida,"Sector-1, Noida - UPPCB",09-09-2026 14:00:00,28.5898,77.3101,PM10,107,194,151
India,Uttar Pradesh,Noida,"Sector-1, Noida - UPPCB",09-09-2026 14:00:00,28.5898,77.3101,CO,31,32,32
India,Uttar Pradesh,Noida,"Sector-1, Noida - UPPCB",09-09-2026 14:00:00,28.5898,77.3101,OZONE,61,93,81
India,Uttar Pradesh,Noida,"Sector - 62, Noida - IITM",09-09-2026 14:00:00,28.6245479,77.3577104,SO2,NA,NA,NA
India,Uttar Pradesh,Noida,"Sector-116, Noida - UPPCB",09-09-2026 14:00:00,28.56923,77.393848,SO2,11,16,14
India,Uttar Pradesh,Prayagraj,"Jhunsi, Prayagraj - UPPCB",09-09-2026 14:00:00,25.425602,81.917152,NO2,6,6,6
India,Uttar Pradesh,Prayagraj,"Jhunsi, Prayagraj - UPPCB",09-09-2026 14:00:00,25.425602,81.917152,OZONE,31,72,52
India,Uttar Pradesh,Prayagraj,"Motilal Nehru NIT, Prayagraj - UPPCB",09-09-2026 14:00:00,25.494,81.863,OZONE,14,22,18
India,Uttar Pradesh,Prayagraj,"Nagar Nigam, Prayagraj - UPPCB",09-09-2026 14:00:00,25.44919916,81.82735986,PM2.5,5,39,17
India,Uttar Pradesh,Prayagraj,"Nagar Nigam, Prayagraj - UPPCB",09-09-2026 14:00:00,25.44919916,81.82735986,NO2,5,5,5
India,Uttar Pradesh,Raebareli," Indira Nagar, Raebareli - NTPC Unchahar",09-09-2026 14:00:00,26.207781,81.245571,PM10,61,98,82
India,Uttar Pradesh,Shamli,"New Tehsil, Shamli - UPPCB",09-09-2026 14:00:00,29.4603683,77.3410291,NO2,10,17,13
India,Uttar Pradesh,Shamli,"New Tehsil, Shamli - UPPCB",09-09-2026 14:00:00,29.4603683,77.3410291,NH3,1,1,1
India,Uttar Pradesh,Varanasi,"Bhelupur, Varanasi - UPPCB",09-09-2026 14:00:00,25.301778,82.996789,OZONE,8,13,10
India,Uttar Pradesh,Varanasi,"Ardhali Bazar, Varanasi - UPPCB",09-09-2026 14:00:00,25.3505986,82.9083074,PM2.5,23,54,36
India,Uttar Pradesh,Firozabad,"Vibhab Nagar, Firozabad - UPPCB",09-09-2026 14:00:00,27.1594,78.3953,SO2,5,7,7
India,Uttar Pradesh,Ghaziabad,"Indirapuram, Ghaziabad - UPPCB",09-09-2026 14:00:00,28.646233,77.358075,PM10,34,160,70
India,Uttar Pradesh,Ghaziabad,"Indirapuram, Ghaziabad - UPPCB",09-09-2026 14:00:00,28.646233,77.358075,OZONE,26,37,31
India,Uttar Pradesh,Vrindavan," Chhatikara, Vrindavan - UPPCB",09-09-2026 14:00:00,27.57194,77.62346,PM2.5,19,107,50
India,Uttar Pradesh,Vrindavan," Chhatikara, Vrindavan - UPPCB",09-09-2026 14:00:00,27.57194,77.62346,OZONE,24,55,40
India,Uttar Pradesh,Vrindavan,"Omex Eternity, Vrindavan - UPPCB",09-09-2026 14:00:00,27.571409,77.655757,NO2,27,27,27
India,Uttar Pradesh,Vrindavan,"Omex Eternity, Vrindavan - UPPCB",09-09-2026 14:00:00,27.571409,77.655757,NH3,7,9,8
India,Uttarakhand,Dehradun,"Doon University, Dehradun - UKPCB",09-09-2026 14:00:00,30.269444,78.044167,CO,17,26,22
India,Uttarakhand,Dehradun,"Doon University, Dehradun - UKPCB",09-09-2026 14:00:00,30.269444,78.044167,OZONE,2,39,26
India,Uttarakhand,Kashipur,"Govt. Girls Inter College, Kashipur - UKPCB",09-09-2026 14:00:00,29.2124114,78.9611753,PM2.5,NA,NA,NA
India,Uttarakhand,Kashipur,"Govt. Girls Inter College, Kashipur - UKPCB",09-09-2026 14:00:00,29.2124114,78.9611753,NH3,NA,NA,NA
India,Uttarakhand,Kashipur,"Govt. Girls Inter College, Kashipur - UKPCB",09-09-2026 14:00:00,29.2124114,78.9611753,OZONE,3,11,6
India,Uttarakhand,Rishikesh,"Shivaji Nagar, Rishikesh - UKPCB",09-09-2026 14:00:00,30.075911,78.2859547,NH3,6,6,6
India,Uttarakhand,Rishikesh,"Shivaji Nagar, Rishikesh - UKPCB",09-09-2026 14:00:00,30.075911,78.2859547,CO,37,37,37
India,West Bengal,Asansol,"Asansol Court Area, Asansol - WBPCB",09-09-2026 14:00:00,23.685297,86.945968,NO2,29,48,36
India,West Bengal,Asansol,"Trivenidevi Bhalotia College, Asansol - WBPCB",09-09-2026 14:00:00,23.616515,87.119133,PM10,19,55,28
India,West Bengal,Asansol,"Trivenidevi Bhalotia College, Asansol - WBPCB",09-09-2026 14:00:00,23.616515,87.119133,CO,27,31,29
India,West Bengal,Asansol,"Evelyn Lodge, Asansol - WBPCB",09-09-2026 14:00:00,23.697936,86.944395,CO,34,64,51
India,West Bengal,Durgapur,"Womens College_City Center, Durgapur - WBPCB",09-09-2026 14:00:00,23.549395,87.300496,NO2,24,43,32
India,West Bengal,Durgapur,"PCBL Residential Complex, Durgapur - WBPCB",09-09-2026 14:00:00,23.508764,87.35444,PM2.5,6,62,43
India,West Bengal,Durgapur,"PCBL Residential Complex, Durgapur - WBPCB",09-09-2026 14:00:00,23.508764,87.35444,NO2,36,78,59
India,West Bengal,Haldia,"Priyambada Housing Estate, Haldia - WBPCB",09-09-2026 14:00:00,22.06047,88.109737,PM2.5,18,73,37
India,West Bengal,Howrah,"Botanical Garden, Howrah - WBPCB",09-09-2026 14:00:00,22.554954,88.292568,NO2,5,82,10
India,West Bengal,Howrah,"Botanical Garden, Howrah - WBPCB",09-09-2026 14:00:00,22.554954,88.292568,OZONE,18,74,52
India,West Bengal,Howrah,"Padmapukur, Howrah - WBPCB",09-09-2026 14:00:00,22.5687319,88.2797276,NO2,15,52,29
India,West Bengal,Howrah,"Padmapukur, Howrah - WBPCB",09-09-2026 14:00:00,22.5687319,88.2797276,NH3,3,11,7
India,West Bengal,Howrah,"Dasnagar, Howrah - WBPCB",09-09-2026 14:00:00,22.6025571,88.3105664,PM10,39,91,65
India,West Bengal,Howrah,"Dasnagar, Howrah - WBPCB",09-09-2026 14:00:00,22.6025571,88.3105664,OZONE,4,72,44
India,West Bengal,Howrah,"Belur Math, Howrah - WBPCB",09-09-2026 14:00:00,22.629801,88.352017,PM2.5,38,86,51
India,West Bengal,Howrah,"Belur Math, Howrah - WBPCB",09-09-2026 14:00:00,22.629801,88.352017,PM10,47,82,58
India,West Bengal,Kolkata,"Victoria, Kolkata - WBPCB",09-09-2026 14:00:00,22.5448082,88.3403691,CO,28,39,35
India,West Bengal,Kolkata,"Victoria, Kolkata - WBPCB",09-09-2026 14:00:00,22.5448082,88.3403691,OZONE,14,35,20
India,West Bengal,Kolkata,"Ballygunge, Kolkata - WBPCB",09-09-2026 14:00:00,22.5367507,88.3638022,PM10,35,115,59
India,West Bengal,Kolkata,"Ballygunge, Kolkata - WBPCB",09-09-2026 14:00:00,22.5367507,88.3638022,CO,27,34,31
India,West Bengal,Kolkata,"Jadavpur, Kolkata - WBPCB",09-09-2026 14:00:00,22.49929,88.36917,PM2.5,36,72,53
India,West Bengal,Kolkata,"Jadavpur, Kolkata - WBPCB",09-09-2026 14:00:00,22.49929,88.36917,CO,19,38,32
India,West Bengal,Kolkata,"Rabindra Bharati University, Kolkata - WBPCB",09-09-2026 14:00:00,22.627847,88.380669,PM10,54,101,72
India,West Bengal,Kolkata,"Rabindra Bharati University, Kolkata - WBPCB",09-09-2026 14:00:00,22.627847,88.380669,NO2,20,69,39
India,West Bengal,Kolkata,"Rabindra Bharati University, Kolkata - WBPCB",09-09-2026 14:00:00,22.627847,88.380669,SO2,8,10,9
India,West Bengal,Kolkata,"Bidhannagar, Kolkata - WBPCB",09-09-2026 14:00:00,22.58157048,88.41002457,PM10,36,64,48
India,West Bengal,Kolkata,"Bidhannagar, Kolkata - WBPCB",09-09-2026 14:00:00,22.58157048,88.41002457,SO2,6,10,8
India,West Bengal,Kolkata,"Bidhannagar, Kolkata - WBPCB",09-09-2026 14:00:00,22.58157048,88.41002457,CO,23,29,26
India,West Bengal,Siliguri,"Ward-32 Bapupara, Siliguri - WBPCB",09-09-2026 14:00:00,26.6879226,88.4152495,OZONE,20,21,20
India,Assam,Nalbari,"Bata Chowk, Nalbari - PCBA",09-09-2026 14:00:00,26.446912,91.439057,PM2.5,28,128,75
India,Assam,Nalbari,"Bata Chowk, Nalbari - PCBA",09-09-2026 14:00:00,26.446912,91.439057,CO,21,23,22
India,Assam,Silchar,"Tarapur, Silchar - PCBA",09-09-2026 14:00:00,24.82827,92.79525,PM10,38,79,58
India,Assam,Sivasagar,"Girls College, Sivasagar - PCBA",09-09-2026 14:00:00,26.987634,94.636574,NO2,9,16,12
India,Bihar,Araria,"Kharahiya Basti, Araria - BSPCB",09-09-2026 14:00:00,26.146529,87.454184,NO2,8,19,14
India,Bihar,Arrah,"New DM Office, Arrah - BSPCB",09-09-2026 14:00:00,25.5626095,84.663264,PM10,NA,NA,NA
India,Bihar,Arrah,"New DM Office, Arrah - BSPCB",09-09-2026 14:00:00,25.5626095,84.663264,CO,46,65,56
India,Bihar,Bettiah,"Kamalnath Nagar, Bettiah - BSPCB",09-09-2026 14:00:00,26.80365,84.51954,PM10,20,23,21
India,Bihar,Bhagalpur,"Mayaganj, Bhagalpur - BSPCB",09-09-2026 14:00:00,25.265194,87.012947,NO2,20,22,22
India,Bihar,Bhagalpur,"Mayaganj, Bhagalpur - BSPCB",09-09-2026 14:00:00,25.265194,87.012947,SO2,11,39,24
India,Bihar,Bhagalpur,"Mayaganj, Bhagalpur - BSPCB",09-09-2026 14:00:00,25.265194,87.012947,OZONE,9,33,17
India,Bihar,Bihar Sharif,"D M Colony, Bihar Sharif - BSPCB",09-09-2026 14:00:00,25.204762,85.51496,NH3,3,3,3
India,Bihar,Chhapra,"Darshan Nagar, Chhapra - BSPCB",09-09-2026 14:00:00,25.7808257,84.7446768,CO,83,94,87
India,Bihar,Gaya,"SFTI Kusdihra, Gaya - BSPCB",09-09-2026 14:00:00,24.762518,84.982348,OZONE,6,31,21
India,Bihar,Gaya,"Collectorate, Gaya - BSPCB",09-09-2026 14:00:00,24.7955,84.9994,PM2.5,5,256,86
India,Bihar,Gaya,"Collectorate, Gaya - BSPCB",09-09-2026 14:00:00,24.7955,84.9994,NO2,7,12,9
India,Bihar,Gaya,"Kareemganj, Gaya - BSPCB",09-09-2026 14:00:00,24.792403,84.992416,PM2.5,3,163,49
India,Bihar,Gaya,"Kareemganj, Gaya - BSPCB",09-09-2026 14:00:00,24.792403,84.992416,OZONE,11,44,26
India,Bihar,Katihar,"Mirchaibari, Katihar - BSPCB",09-09-2026 14:00:00,25.560083,87.553265,CO,79,98,88
India,Bihar,Katihar,"Mirchaibari, Katihar - BSPCB",09-09-2026 14:00:00,25.560083,87.553265,OZONE,10,60,30
India,Bihar,Kishanganj,"SDM Office_Khagra, Kishanganj - BSPCB",09-09-2026 14:00:00,26.0881305,87.93840336,NO2,7,8,8
India,Bihar,Kishanganj,"SDM Office_Khagra, Kishanganj - BSPCB",09-09-2026 14:00:00,26.0881305,87.93840336,SO2,4,7,6
India,Bihar,Motihari,"Gandak Colony, Motihari - BSPCB",09-09-2026 14:00:00,26.63086,84.90051,OZONE,51,57,55
India,Bihar,Munger,"Town Hall, Munger - BSPCB",09-09-2026 14:00:00,25.376776,86.471523,PM2.5,3,332,65
India,Chhattisgarh,Korba,"Urja Nagar, Korba - CECB",09-09-2026 14:00:00,22.348441,82.549611,NO2,3,5,4
India,Chhattisgarh,Korba,"Urja Nagar, Korba - CECB",09-09-2026 14:00:00,22.348441,82.549611,NH3,1,1,1
India,Chhattisgarh,Korba,"Urja Nagar, Korba - CECB",09-09-2026 14:00:00,22.348441,82.549611,SO2,8,18,10
India,Chhattisgarh,Korba,"Urja Nagar, Korba - CECB",09-09-2026 14:00:00,22.348441,82.549611,OZONE,5,5,5
India,Chhattisgarh,Raipur,"Krishak Nagar, Raipur - CECB",09-09-2026 14:00:00,21.237755,81.705301,SO2,4,10,8
India,Chhattisgarh,Raipur,"Siltara Phase-II, Raipur - CECB",09-09-2026 14:00:00,21.371751,81.664929,OZONE,3,5,4
India,Chhattisgarh,Raipur,"Bhatagaon New ISBT, Raipur - CECB",09-09-2026 14:00:00,21.219665,81.630094,NO2,11,47,21
India,Chhattisgarh,Raipur,"Bhatagaon New ISBT, Raipur - CECB",09-09-2026 14:00:00,21.219665,81.630094,NH3,2,2,2
India,Chhattisgarh,Raipur,"Bhatagaon New ISBT, Raipur - CECB",09-09-2026 14:00:00,21.219665,81.630094,SO2,2,4,3
India,Chhattisgarh,Raipur,"Bhatagaon New ISBT, Raipur - CECB",09-09-2026 14:00:00,21.219665,81.630094,OZONE,4,9,6
India,Chhattisgarh,Tumidih,"OP Jindal Industrial Park, Tumidih - CECB",09-09-2026 14:00:00,22.06631475,83.33820077,NO2,12,31,20
India,Chhattisgarh,Tumidih,"OP Jindal Industrial Park, Tumidih - CECB",09-09-2026 14:00:00,22.06631475,83.33820077,OZONE,5,10,7
India,Delhi,Delhi,"Cantonment Area, Delhi - DPCC",09-09-2026 14:00:00,28.594169,77.1251,PM10,28,193,87
India,Andhra Pradesh,Amaravati,"Secretariat, Amaravati - APPCB",09-09-2026 14:00:00,16.5150833,80.5181667,PM10,46,126,87
India,Andhra Pradesh,Amaravati,"Secretariat, Amaravati - APPCB",09-09-2026 14:00:00,16.5150833,80.5181667,NO2,14,63,38
India,Andhra Pradesh,Anantapur,"Gulzarpet, Anantapur - APPCB",09-09-2026 14:00:00,14.675886,77.593027,SO2,11,19,13
India,Andhra Pradesh,Chittoor,"Gangineni Cheruvu, Chittoor - APPCB",09-09-2026 14:00:00,13.20488,79.097889,CO,12,16,14
India,Andhra Pradesh,Eluru,"District Court, Eluru - APPCB",09-09-2026 14:00:00,16.711754,81.092095,PM10,50,66,53
India,Andhra Pradesh,Eluru,"District Court, Eluru - APPCB",09-09-2026 14:00:00,16.711754,81.092095,CO,11,19,14
India,Andhra Pradesh,Eluru,"District Court, Eluru - APPCB",09-09-2026 14:00:00,16.711754,81.092095,OZONE,3,45,29
India,Andhra Pradesh,Guntur,"Rajendra Nagar North, Guntur - APPCB",09-09-2026 14:00:00,16.316553,80.413302,NO2,31,73,44
India,Andhra Pradesh,Guntur,"Rajendra Nagar North, Guntur - APPCB",09-09-2026 14:00:00,16.316553,80.413302,NH3,6,15,9
India,Chandigarh,Chandigarh,"Sector-25, Chandigarh - CPCC",09-09-2026 14:00:00,30.751462,76.762879,NH3,9,16,11
India,Chhattisgarh,Bhilai,"32Bungalows, Bhilai - CECB",09-09-2026 14:00:00,21.194815,81.31477,NO2,2,27,10
India,Chhattisgarh,Bhilai,"32Bungalows, Bhilai - CECB",09-09-2026 14:00:00,21.194815,81.31477,NH3,2,5,4
India,Chhattisgarh,Bhilai,"Hathkhoj, Bhilai - CECB",09-09-2026 14:00:00,21.224231,81.40835,PM2.5,27,67,43
India,Chhattisgarh,Bilaspur,"Mangala, Bilaspur - NTPC",09-09-2026 14:00:00,22.08815,82.13737,NO2,19,28,22
India,Chhattisgarh,Bilaspur,"Mangala, Bilaspur - NTPC",09-09-2026 14:00:00,22.08815,82.13737,NH3,NA,NA,NA
India,Chhattisgarh,Bilaspur,"Mangala, Bilaspur - NTPC",09-09-2026 14:00:00,22.08815,82.13737,OZONE,NA,NA,NA
India,Chhattisgarh,Korba,"Rampur, Korba - CECB",09-09-2026 14:00:00,22.368195,82.746431,NO2,8,47,16
India,Chhattisgarh,Korba,"Urja Nagar, Korba - CECB",09-09-2026 14:00:00,22.348441,82.549611,PM2.5,14,36,23
India,Andhra Pradesh,Tirumala,"Toll Gate, Tirumala - APPCB",09-09-2026 14:00:00,13.67,79.35,PM10,NA,NA,NA
India,Andhra Pradesh,Tirumala,"Toll Gate, Tirumala - APPCB",09-09-2026 14:00:00,13.67,79.35,SO2,NA,NA,NA
India,Andhra Pradesh,Tirumala,"Toll Gate, Tirumala - APPCB",09-09-2026 14:00:00,13.67,79.35,CO,12,24,18
India,Andhra Pradesh,Tirumala,"Toll Gate, Tirumala - APPCB",09-09-2026 14:00:00,13.67,79.35,OZONE,12,14,13
India,Andhra Pradesh,Vijayawada,"Rajiv Gandhi Park, Vijayawada - APPCB",09-09-2026 14:00:00,16.509717,80.612222,SO2,11,17,13
India,Andhra Pradesh,Vijayawada,"HB Colony, Vijayawada - APPCB",09-09-2026 14:00:00,16.536107,80.594233,SO2,12,21,17
India,Andhra Pradesh,Visakhapatnam,"GVM Corporation, Visakhapatnam - APPCB",09-09-2026 14:00:00,17.72,83.3,PM2.5,21,100,59
India,Andhra Pradesh,Visakhapatnam,"GVM Corporation, Visakhapatnam - APPCB",09-09-2026 14:00:00,17.72,83.3,PM10,55,170,108
India,Andhra Pradesh,Visakhapatnam,"GVM Corporation, Visakhapatnam - APPCB",09-09-2026 14:00:00,17.72,83.3,NO2,18,101,61
India,Andhra Pradesh,Visakhapatnam,"GVM Corporation, Visakhapatnam - APPCB",09-09-2026 14:00:00,17.72,83.3,CO,2,33,16
India,Andhra Pradesh,Kakinada,"Rama Rao Peta, Kakinada - APPCB",09-09-2026 14:00:00,16.962488,82.229513,PM10,39,62,48
India,Andhra Pradesh,Kakinada,"Rama Rao Peta, Kakinada - APPCB",09-09-2026 14:00:00,16.962488,82.229513,SO2,10,13,11
India,Andhra Pradesh,Kakinada,"Rama Rao Peta, Kakinada - APPCB",09-09-2026 14:00:00,16.962488,82.229513,CO,18,27,23
India,Andhra Pradesh,Machilipatnam,"Srinivas Nagar Colony, Machilipatnam - APPCB",09-09-2026 14:00:00,16.186555,81.13219,SO2,6,17,13
India,Andhra Pradesh,Machilipatnam,"Srinivas Nagar Colony, Machilipatnam - APPCB",09-09-2026 14:00:00,16.186555,81.13219,CO,12,21,16
India,Andhra Pradesh,Machilipatnam,"Srinivas Nagar Colony, Machilipatnam - APPCB",09-09-2026 14:00:00,16.186555,81.13219,OZONE,12,43,28
India,Andhra Pradesh,Nellore,"Ambedkar Nagar, Nellore - APPCB ",09-09-2026 14:00:00,14.438164,79.966814,PM10,61,88,75
India,Andhra Pradesh,Nellore,"Ambedkar Nagar, Nellore - APPCB ",09-09-2026 14:00:00,14.438164,79.966814,NO2,28,32,30
India,Andhra Pradesh,Nellore,"Ambedkar Nagar, Nellore - APPCB ",09-09-2026 14:00:00,14.438164,79.966814,SO2,10,19,17
India,Bihar,Patna,"Govt. High School Shikarpur, Patna - BSPCB",09-09-2026 14:00:00,25.592539,85.227158,PM2.5,38,45,41
India,Bihar,Patna,"Govt. High School Shikarpur, Patna - BSPCB",09-09-2026 14:00:00,25.592539,85.227158,NH3,6,6,6
India,Bihar,Patna,"Govt. High School Shikarpur, Patna - BSPCB",09-09-2026 14:00:00,25.592539,85.227158,OZONE,34,79,59
India,Bihar,Patna,"Rajbansi Nagar, Patna - BSPCB",09-09-2026 14:00:00,25.599486,85.113666,PM2.5,18,41,28
India,Bihar,Patna,"Rajbansi Nagar, Patna - BSPCB",09-09-2026 14:00:00,25.599486,85.113666,SO2,3,13,6
India,Bihar,Patna,"Rajbansi Nagar, Patna - BSPCB",09-09-2026 14:00:00,25.599486,85.113666,CO,13,46,28
India,Bihar,Patna,"Muradpur, Patna - BSPCB",09-09-2026 14:00:00,25.619651,85.147382,PM10,NA,NA,NA
India,Bihar,Patna,"IGSC Planetarium Complex, Patna - BSPCB",09-09-2026 14:00:00,25.610369,85.132568,PM2.5,NA,NA,NA
India,Bihar,Patna,"IGSC Planetarium Complex, Patna - BSPCB",09-09-2026 14:00:00,25.610369,85.132568,SO2,4,25,13
India,Bihar,Purnia,"Mariam Nagar, Purnia - BSPCB",09-09-2026 14:00:00,25.366336,87.117468,PM10,38,38,38
India,Bihar,Purnia,"Mariam Nagar, Purnia - BSPCB",09-09-2026 14:00:00,25.366336,87.117468,SO2,16,16,16
India,Bihar,Saharsa,"Police Line, Saharsa - BSPCB",09-09-2026 14:00:00,25.892357,86.590325,PM2.5,NA,NA,NA
India,Bihar,Samastipur,"DM Office_Kasipur, Samastipur - BSPCB",09-09-2026 14:00:00,25.859655,85.77944,PM10,6,438,66
India,Bihar,Samastipur,"DM Office_Kasipur, Samastipur - BSPCB",09-09-2026 14:00:00,25.859655,85.77944,NO2,8,9,8
India,Bihar,Samastipur,"DM Office_Kasipur, Samastipur - BSPCB",09-09-2026 14:00:00,25.859655,85.77944,SO2,11,15,12
India,Bihar,Sasaram,"Dada Peer, Sasaram - BSPCB",09-09-2026 14:00:00,24.952822,84.002396,NO2,2,4,2
India,Assam,Byrnihat,"Central Academy for SFS, Byrnihat - PCBA",09-09-2026 14:00:00,26.071318,91.87488,NO2,6,10,8
India,Assam,Guwahati,"LGBI Airport, Guwahati - PCBA",09-09-2026 14:00:00,26.10887,91.589544,NO2,14,122,19
India,Assam,Guwahati,"LGBI Airport, Guwahati - PCBA",09-09-2026 14:00:00,26.10887,91.589544,CO,5,48,36
India,Assam,Guwahati,"LGBI Airport, Guwahati - PCBA",09-09-2026 14:00:00,26.10887,91.589544,OZONE,10,12,11
India,Assam,Guwahati,"IITG, Guwahati - PCBA",09-09-2026 14:00:00,26.2028636,91.70046436,NO2,1,4,2
India,Gujarat,Gandhinagar,"GIFT City, Gandhinagar - IITM",09-09-2026 14:00:00,23.163798,72.677768,PM2.5,20,70,42
India,Gujarat,Gandhinagar,"GIFT City, Gandhinagar - IITM",09-09-2026 14:00:00,23.163798,72.677768,PM10,57,131,86
India,Gujarat,Gandhinagar,"GIFT City, Gandhinagar - IITM",09-09-2026 14:00:00,23.163798,72.677768,SO2,2,17,8
India,Gujarat,Gandhinagar,"Sector-10, Gandhinagar - GPCB",09-09-2026 14:00:00,23.221714,72.654328,PM2.5,23,56,38
India,Gujarat,Gandhinagar,"Sector-10, Gandhinagar - GPCB",09-09-2026 14:00:00,23.221714,72.654328,SO2,4,6,6
India,Gujarat,Gandhinagar,"Sector-10, Gandhinagar - GPCB",09-09-2026 14:00:00,23.221714,72.654328,OZONE,6,24,14
India,Gujarat,Mehsana,"Sadanand Nagar, Mehsana - Nexteng Enviro",09-09-2026 14:00:00,23.59315,72.372792,SO2,14,15,14
India,Gujarat,Mehsana,"Sadanand Nagar, Mehsana - Nexteng Enviro",09-09-2026 14:00:00,23.59315,72.372792,CO,40,41,40
India,Gujarat,Nandesari,"GIDC, Nandesari - Nandesari Ind. Association",09-09-2026 14:00:00,22.410802,73.097923,PM10,30,71,50
India,Gujarat,Nandesari,"GIDC, Nandesari - Nandesari Ind. Association",09-09-2026 14:00:00,22.410802,73.097923,OZONE,NA,NA,NA
India,Gujarat,Rajkot,"Mavdi, Rajkot - Nexteng Enviro ",09-09-2026 14:00:00,22.248853,70.776774,NO2,4,14,8
India,Gujarat,Surat,"Katargam, Surat - Nexteng Enviro",09-09-2026 14:00:00,21.217779,72.834787,PM10,27,90,44
India,Gujarat,Surat,"Katargam, Surat - Nexteng Enviro",09-09-2026 14:00:00,21.217779,72.834787,CO,28,32,30
India,Gujarat,Surat,"Katargam, Surat - Nexteng Enviro",09-09-2026 14:00:00,21.217779,72.834787,OZONE,12,16,14
India,Gujarat,Vadodara,"Bapunagar, Vadodara - Nexteng Enviro",09-09-2026 14:00:00,22.320153,73.216285,NH3,2,2,2
India,Gujarat,Vadodara,"Bapunagar, Vadodara - Nexteng Enviro",09-09-2026 14:00:00,22.320153,73.216285,CO,79,80,80
India,Gujarat,Vadodara,"Bapunagar, Vadodara - Nexteng Enviro",09-09-2026 14:00:00,22.320153,73.216285,OZONE,3,4,3
India,Gujarat,Vapi,"Phase-1 GIDC, Vapi - GPCB",09-09-2026 14:00:00,20.362421,72.918013,PM2.5,42,71,53
India,Gujarat,Vapi,"Phase-1 GIDC, Vapi - GPCB",09-09-2026 14:00:00,20.362421,72.918013,PM10,48,94,67
India,Gujarat,Vapi,"Phase-1 GIDC, Vapi - GPCB",09-09-2026 14:00:00,20.362421,72.918013,OZONE,4,24,13
India,Delhi,Delhi,"Sonia Vihar, Delhi - DPCC",09-09-2026 14:00:00,28.710508,77.249485,NH3,11,13,11
India,Delhi,Delhi,"Major Dhyan Chand National Stadium, Delhi - DPCC",09-09-2026 14:00:00,28.611281,77.237738,SO2,2,7,4
India,Delhi,Delhi,"Major Dhyan Chand National Stadium, Delhi - DPCC",09-09-2026 14:00:00,28.611281,77.237738,CO,36,39,38
India,Delhi,Delhi,"NSIT Dwarka, Delhi - CPCB",09-09-2026 14:00:00,28.60909,77.0325413,SO2,11,16,14
India,Delhi,Delhi,"IGNOU_Maidan Garhi, Delhi - DPCC",09-09-2026 14:00:00,28.493624,77.201159,NH3,2,9,4
India,Delhi,Delhi,"IGNOU_Maidan Garhi, Delhi - DPCC",09-09-2026 14:00:00,28.493624,77.201159,CO,46,67,56
India,Delhi,Delhi,"IGI Airport (T3), Delhi - IITM",09-09-2026 14:00:00,28.5627763,77.1180053,NH3,NA,NA,NA
India,Delhi,Delhi,"Pusa, Delhi - IITM",09-09-2026 14:00:00,28.63611,77.173332,NO2,7,182,55
India,Delhi,Delhi,"Pusa, Delhi - IITM",09-09-2026 14:00:00,28.63611,77.173332,NH3,NA,NA,NA
India,Delhi,Delhi,"Chandni Chowk, Delhi - IITM",09-09-2026 14:00:00,28.656756,77.227234,PM2.5,24,97,62
India,Delhi,Delhi,"Chandni Chowk, Delhi - IITM",09-09-2026 14:00:00,28.656756,77.227234,PM10,114,228,161
India,Delhi,Delhi,"Chandni Chowk, Delhi - IITM",09-09-2026 14:00:00,28.656756,77.227234,SO2,14,22,19
India,Gujarat,Ahmedabad,"Chandkheda, Ahmedabad - IITM",09-09-2026 14:00:00,23.107969,72.574648,NH3,3,4,4
India,Gujarat,Ahmedabad,"Chandkheda, Ahmedabad - IITM",09-09-2026 14:00:00,23.107969,72.574648,CO,36,50,42
India,Gujarat,Ahmedabad,"Raikhad, Ahmedabad - IITM",09-09-2026 14:00:00,23.020509,72.579261,PM2.5,18,67,37
India,Gujarat,Ahmedabad,"Raikhad, Ahmedabad - IITM",09-09-2026 14:00:00,23.020509,72.579261,PM10,52,104,73
India,Gujarat,Ahmedabad,"Raikhad, Ahmedabad - IITM",09-09-2026 14:00:00,23.020509,72.579261,NO2,9,32,15
India,Gujarat,Ahmedabad,"Raikhad, Ahmedabad - IITM",09-09-2026 14:00:00,23.020509,72.579261,OZONE,3,11,5
India,Delhi,Delhi,"Punjabi Bagh, Delhi - DPCC",09-09-2026 14:00:00,28.674045,77.131023,NO2,21,61,33
India,Delhi,Delhi,"Punjabi Bagh, Delhi - DPCC",09-09-2026 14:00:00,28.674045,77.131023,NH3,2,3,2
India,Delhi,Delhi,"Punjabi Bagh, Delhi - DPCC",09-09-2026 14:00:00,28.674045,77.131023,CO,32,45,40
India,Delhi,Delhi,"NSUT Jaffarpur, Delhi - DPCC",09-09-2026 14:00:00,28.594004,76.909423,OZONE,1,14,7
India,Delhi,Delhi,"North Campus, DU, Delhi - IITM",09-09-2026 14:00:00,28.6573814,77.1585447,CO,49,55,52
India,Delhi,Delhi,"IIT Delhi, Delhi - IITM",09-09-2026 14:00:00,28.54246,77.191651,CO,13,18,15
India,Delhi,Delhi,"Commonwealth Sports Complex, Delhi - DPCC",09-09-2026 14:00:00,28.615828,77.271992,PM10,68,148,107
India,Delhi,Delhi,"Commonwealth Sports Complex, Delhi - DPCC",09-09-2026 14:00:00,28.615828,77.271992,NO2,6,46,22
India,Delhi,Delhi,"Dr. Karni Singh Shooting Range, Delhi - DPCC",09-09-2026 14:00:00,28.498571,77.26484,PM10,74,191,127
India,Delhi,Delhi,"Dr. Karni Singh Shooting Range, Delhi - DPCC",09-09-2026 14:00:00,28.498571,77.26484,SO2,3,8,5
India,Delhi,Delhi,"Dwarka-Sector 8, Delhi - DPCC ",09-09-2026 14:00:00,28.5710274,77.0719006,PM10,78,239,160
India,Delhi,Delhi,"DTU, Delhi - CPCB",09-09-2026 14:00:00,28.7500499,77.1112615,NO2,14,36,24
India,Delhi,Delhi,"Cantonment Area, Delhi - DPCC",09-09-2026 14:00:00,28.594169,77.1251,SO2,4,6,5
India,Delhi,Delhi,"Cantonment Area, Delhi - DPCC",09-09-2026 14:00:00,28.594169,77.1251,OZONE,8,9,9
India,Delhi,Delhi,"Narela, Delhi - DPCC",09-09-2026 14:00:00,28.822836,77.101981,PM2.5,19,108,55
India,Delhi,Delhi,"Narela, Delhi - DPCC",09-09-2026 14:00:00,28.822836,77.101981,PM10,85,159,124
India,Delhi,Delhi,"Narela, Delhi - DPCC",09-09-2026 14:00:00,28.822836,77.101981,CO,40,47,44
India,Delhi,Delhi,"Sirifort, Delhi - CPCB",09-09-2026 14:00:00,28.5504249,77.2159377,CO,12,26,16
India,Delhi,Delhi,"Pusa, Delhi - DPCC",09-09-2026 14:00:00,28.639652,77.146275,SO2,6,28,15
India,Delhi,Delhi,"Shadipur, Delhi - CPCB",09-09-2026 14:00:00,28.6514781,77.1473105,NO2,21,78,64
India,Delhi,Delhi,"ITO, Delhi - CPCB",09-09-2026 14:00:00,28.628624,77.24106,PM10,75,163,116
India,Delhi,Delhi,"ITO, Delhi - CPCB",09-09-2026 14:00:00,28.628624,77.24106,CO,21,43,36
India,Delhi,Delhi,"ITO, Delhi - CPCB",09-09-2026 14:00:00,28.628624,77.24106,OZONE,20,44,30
India,Delhi,Delhi,"R K Puram, Delhi - DPCC",09-09-2026 14:00:00,28.563262,77.186937,PM10,NA,NA,NA
India,Delhi,Delhi,"Punjabi Bagh, Delhi - DPCC",09-09-2026 14:00:00,28.674045,77.131023,PM2.5,18,103,62
India,Delhi,Delhi,"Anand Vihar, Delhi - DPCC",09-09-2026 14:00:00,28.647622,77.315809,CO,43,70,60
India,Delhi,Delhi,"Talkatora Garden, Delhi - DPCC",09-09-2026 14:00:00,28.62181,77.1944633,PM2.5,40,76,57
India,Delhi,Delhi,"Talkatora Garden, Delhi - DPCC",09-09-2026 14:00:00,28.62181,77.1944633,NH3,0,3,1
India,Delhi,Delhi,"Talkatora Garden, Delhi - DPCC",09-09-2026 14:00:00,28.62181,77.1944633,SO2,0,2,1
India,Delhi,Delhi,"Alipur, Delhi - DPCC",09-09-2026 14:00:00,28.815329,77.15301,PM10,101,216,127
India,Delhi,Delhi,"Alipur, Delhi - DPCC",09-09-2026 14:00:00,28.815329,77.15301,NO2,23,52,34
India,Delhi,Delhi,"Alipur, Delhi - DPCC",09-09-2026 14:00:00,28.815329,77.15301,SO2,6,11,9
India,Delhi,Delhi,"Alipur, Delhi - DPCC",09-09-2026 14:00:00,28.815329,77.15301,CO,22,30,25
India,Delhi,Delhi,"Wazirpur, Delhi - DPCC",09-09-2026 14:00:00,28.699793,77.165453,NH3,5,10,7
India,Delhi,Delhi,"JNU, Delhi - DPCC",09-09-2026 14:00:00,28.540721,77.168544,PM2.5,38,89,57
India,Delhi,Delhi,"JNU, Delhi - DPCC",09-09-2026 14:00:00,28.540721,77.168544,OZONE,12,23,18
India,Delhi,Delhi,"IMD Lodhi Road, Delhi - IITM",09-09-2026 14:00:00,28.5918245,77.2273074,NO2,4,32,14
India,Delhi,Delhi,"IMD Lodhi Road, Delhi - IITM",09-09-2026 14:00:00,28.5918245,77.2273074,NH3,NA,NA,NA
India,Delhi,Delhi,"Burari Crossing, Delhi - IITM",09-09-2026 14:00:00,28.7256504,77.2011573,SO2,NA,NA,NA
India,Delhi,Delhi,"Burari Crossing, Delhi - IITM",09-09-2026 14:00:00,28.7256504,77.2011573,OZONE,18,44,31
India,Delhi,Delhi,"Patparganj, Delhi - DPCC",09-09-2026 14:00:00,28.623763,77.287209,PM10,103,166,133
India,Delhi,Delhi,"Patparganj, Delhi - DPCC",09-09-2026 14:00:00,28.623763,77.287209,NO2,15,71,38
India,Delhi,Delhi,"Nehru Nagar, Delhi - DPCC",09-09-2026 14:00:00,28.56789,77.250515,SO2,1,108,13
India,Delhi,Delhi,"Nehru Nagar, Delhi - DPCC",09-09-2026 14:00:00,28.56789,77.250515,OZONE,8,51,30
India,Delhi,Delhi,"Sri Aurobindo Marg, Delhi - DPCC",09-09-2026 14:00:00,28.531346,77.190156,NH3,1,1,1
India,Haryana,Bahadurgarh,"Arya Nagar, Bahadurgarh - HSPCB",09-09-2026 14:00:00,28.6701,76.9254,SO2,6,7,7
India,Haryana,Ballabgarh,"Nathu Colony, Ballabgarh - HSPCB",09-09-2026 14:00:00,28.3419248,77.319699,PM2.5,32,248,109
India,Haryana,Ballabgarh,"Nathu Colony, Ballabgarh - HSPCB",09-09-2026 14:00:00,28.3419248,77.319699,PM10,101,222,152
India,Haryana,Bhiwani,"H.B. Colony, Bhiwani - HSPCB",09-09-2026 14:00:00,28.806223,76.141105,OZONE,12,148,42
India,Haryana,Charkhi Dadri,"Mini Secretariat, Charkhi Dadri - HSPCB",09-09-2026 14:00:00,28.593883,76.270653,PM2.5,45,193,105
India,Haryana,Dharuhera,"Municipal Corporation Office, Dharuhera -  HSPCB",09-09-2026 14:00:00,28.2068,76.7997,PM2.5,52,93,67
India,Haryana,Dharuhera,"Municipal Corporation Office, Dharuhera -  HSPCB",09-09-2026 14:00:00,28.2068,76.7997,OZONE,10,48,39
India,Gujarat,Ahmedabad,"Maninagar, Ahmedabad - GPCB",09-09-2026 14:00:00,23.002657,72.591912,NH3,NA,NA,NA
India,Gujarat,Ahmedabad,"Maninagar, Ahmedabad - GPCB",09-09-2026 14:00:00,23.002657,72.591912,SO2,NA,NA,NA
India,Gujarat,Ahmedabad,"Maninagar, Ahmedabad - GPCB",09-09-2026 14:00:00,23.002657,72.591912,CO,9,40,22
India,Gujarat,Ahmedabad,"Maninagar, Ahmedabad - GPCB",09-09-2026 14:00:00,23.002657,72.591912,OZONE,20,60,40
India,Gujarat,Ahmedabad,"SAC ISRO Satellite, Ahmedabad - IITM",09-09-2026 14:00:00,23.023389,72.515201,NO2,16,22,18
India,Gujarat,Bhavnagar,"Vidhyanagar, Bhavnagar - Nexteng Enviro",09-09-2026 14:00:00,21.755417,72.139056,NO2,40,50,45
India,Gujarat,Gandhinagar,"IIPHG Lekawada, Gandhinagar - IITM",09-09-2026 14:00:00,23.243639,72.68994,PM2.5,31,73,52
India,Gujarat,Gandhinagar,"IIPHG Lekawada, Gandhinagar - IITM",09-09-2026 14:00:00,23.243639,72.68994,NH3,4,7,5
India,Delhi,Delhi,"IHBAS, Dilshad Garden, Delhi - CPCB",09-09-2026 14:00:00,28.6811736,77.3025234,PM2.5,65,94,79
India,Delhi,Delhi,"Jahangirpuri, Delhi - DPCC",09-09-2026 14:00:00,28.73282,77.170633,PM10,101,238,149
India,Delhi,Delhi,"Vivek Vihar, Delhi - DPCC",09-09-2026 14:00:00,28.672342,77.31526,PM10,105,181,131
India,Delhi,Delhi,"CRRI Mathura Road, Delhi - IITM",09-09-2026 14:00:00,28.5512005,77.2735737,PM10,30,187,117
India,Delhi,Delhi,"CRRI Mathura Road, Delhi - IITM",09-09-2026 14:00:00,28.5512005,77.2735737,NO2,0,38,18
India,Delhi,Delhi,"CRRI Mathura Road, Delhi - IITM",09-09-2026 14:00:00,28.5512005,77.2735737,OZONE,14,43,27
India,Delhi,Delhi,"Aya Nagar, Delhi - IITM",09-09-2026 14:00:00,28.4706914,77.1099364,CO,12,25,18
India,Haryana,Gurugram,"Vikas Sadan, Gurugram - HSPCB",09-09-2026 14:00:00,28.4501238,77.0263051,CO,34,109,78
India,Haryana,Hisar,"Urban Estate-II, Hisar - HSPCB",09-09-2026 14:00:00,29.14056,75.744941,SO2,15,16,16
India,Haryana,Hisar,"Urban Estate-II, Hisar - HSPCB",09-09-2026 14:00:00,29.14056,75.744941,OZONE,32,34,33
India,Haryana,Jind,"Police Lines, Jind - HSPCB",09-09-2026 14:00:00,29.307814,76.337619,PM10,64,91,72
India,Haryana,Jind,"Police Lines, Jind - HSPCB",09-09-2026 14:00:00,29.307814,76.337619,NO2,12,14,13
India,Haryana,Kaithal,"Rishi Nagar, Kaithal - HSPCB",09-09-2026 14:00:00,29.8006,76.4155,NO2,20,24,22
India,Haryana,Kaithal,"Rishi Nagar, Kaithal - HSPCB",09-09-2026 14:00:00,29.8006,76.4155,OZONE,8,19,15
India,Haryana,Karnal,"Sector-12, Karnal - HSPCB",09-09-2026 14:00:00,29.6953,77.0027,CO,40,62,53
India,Haryana,Kurukshetra,"Sector-7, Kurukshetra - HSPCB",09-09-2026 14:00:00,29.966942,76.875879,PM2.5,59,83,70
India,Haryana,Manesar,"Sector-2 IMT, Manesar - HSPCB",09-09-2026 14:00:00,28.360699,76.93609,NH3,7,15,12
India,Haryana,Palwal,"Shyam Nagar, Palwal - HSPCB",09-09-2026 14:00:00,28.1485564,77.3320667,SO2,2,33,18
India,Haryana,Panchgaon,"Amity University, Panchgaon - IITM",09-09-2026 14:00:00,28.3153,76.9143,PM10,3,374,105
India,Haryana,Panchgaon,"Amity University, Panchgaon - IITM",09-09-2026 14:00:00,28.3153,76.9143,NH3,8,15,11
India,Haryana,Panchgaon,"Amity University, Panchgaon - IITM",09-09-2026 14:00:00,28.3153,76.9143,OZONE,8,50,31
India,Haryana,Panchkula,"Sector-6, Panchkula - HSPCB ",09-09-2026 14:00:00,30.7057778,76.8531805555555,PM2.5,20,52,32
India,Haryana,Panchkula,"Sector-6, Panchkula - HSPCB ",09-09-2026 14:00:00,30.7057778,76.8531805555555,PM10,NA,NA,NA
India,Haryana,Panchkula,"Sector-6, Panchkula - HSPCB ",09-09-2026 14:00:00,30.7057778,76.8531805555555,CO,19,21,20
India,Madhya Pradesh,Gwalior,"Deen Dayal Nagar, Gwalior - MPPCB",09-09-2026 14:00:00,26.259242,78.216432,PM10,45,147,81
India,Madhya Pradesh,Gwalior,"Deen Dayal Nagar, Gwalior - MPPCB",09-09-2026 14:00:00,26.259242,78.216432,NO2,28,51,41
India,Madhya Pradesh,Gwalior,"Deen Dayal Nagar, Gwalior - MPPCB",09-09-2026 14:00:00,26.259242,78.216432,OZONE,10,31,21
India,Madhya Pradesh,Indore,"Chhoti Gwaltoli, Indore - MPPCB",09-09-2026 14:00:00,22.431,75.5213,NO2,44,94,70
India,Madhya Pradesh,Indore,"Regional Park, Indore - IMC",09-09-2026 14:00:00,22.678,75.8559,NO2,1,10,5
India,Madhya Pradesh,Indore,"Regional Park, Indore - IMC",09-09-2026 14:00:00,22.678,75.8559,NH3,0,34,4
India,Madhya Pradesh,Indore,"Regional Park, Indore - IMC",09-09-2026 14:00:00,22.678,75.8559,OZONE,4,7,5
India,Madhya Pradesh,Jabalpur,"Govindh Bhavan Colony, Jabalpur - JMC",09-09-2026 14:00:00,23.163174,79.973061,SO2,1,6,3
India,Madhya Pradesh,Jabalpur,"Marhatal, Jabalpur - MPPCB",09-09-2026 14:00:00,23.168606,79.932247,PM2.5,18,35,27
India,Madhya Pradesh,Jabalpur,"Marhatal, Jabalpur - MPPCB",09-09-2026 14:00:00,23.168606,79.932247,CO,57,122,77
India,Madhya Pradesh,Jabalpur,"Suhagi, Jabalpur - JMC",09-09-2026 14:00:00,23.218135,79.95777,NH3,6,6,6
India,Madhya Pradesh,Jabalpur,"Suhagi, Jabalpur - JMC",09-09-2026 14:00:00,23.218135,79.95777,SO2,6,8,7
India,Madhya Pradesh,Jabalpur,"Suhagi, Jabalpur - JMC",09-09-2026 14:00:00,23.218135,79.95777,CO,34,40,36
India,Madhya Pradesh,Katni,"Gole Bazar, Katni - MPPCB",09-09-2026 14:00:00,23.50016,80.23284,SO2,12,54,32
India,Madhya Pradesh,Mandideep,"Sector-D Industrial Area, Mandideep - MPPCB",09-09-2026 14:00:00,23.10844,77.511428,NH3,2,3,2
India,Haryana,Panipat,"Sector-18, Panipat - HSPCB",09-09-2026 14:00:00,29.432304,76.972765,SO2,35,67,49
India,Haryana,Rohtak,"MD University, Rohtak - HSPCB",09-09-2026 14:00:00,28.52123,76.37138,NH3,NA,NA,NA
India,Haryana,Rohtak,"MD University, Rohtak - HSPCB",09-09-2026 14:00:00,28.52123,76.37138,OZONE,13,45,26
India,Haryana,Sirsa,"F-Block, Sirsa - HSPCB",09-09-2026 14:00:00,29.5364,75.0158,PM10,86,134,113
India,Haryana,Sonipat,"Murthal, Sonipat - HSPCB",09-09-2026 14:00:00,29.0272,77.0621,PM2.5,10,316,142
India,Haryana,Sonipat,"Murthal, Sonipat - HSPCB",09-09-2026 14:00:00,29.0272,77.0621,PM10,11,197,102
India,Haryana,Sonipat,"Murthal, Sonipat - HSPCB",09-09-2026 14:00:00,29.0272,77.0621,NO2,6,8,7
India,Haryana,Yamuna Nagar,"Gobind Pura, Yamuna Nagar - HSPCB",09-09-2026 14:00:00,30.1480566,77.2893471,PM2.5,91,170,113
India,Haryana,Yamuna Nagar,"Gobind Pura, Yamuna Nagar - HSPCB",09-09-2026 14:00:00,30.1480566,77.2893471,NO2,11,21,16
India,Himachal Pradesh,Baddi,"HIMUDA Complex Phase-1, Baddi - HPPCB",09-09-2026 14:00:00,30.943887,76.801991,NH3,2,5,3
India,Himachal Pradesh,Baddi,"HIMUDA Complex Phase-1, Baddi - HPPCB",09-09-2026 14:00:00,30.943887,76.801991,CO,107,116,110
India,Jammu and Kashmir,Pampore,"Khrew, Pampore - JKPCC",09-09-2026 14:00:00,34.031606,75.009712,NO2,1,2,1
India,Jammu and Kashmir,Srinagar,"Rajbagh, Srinagar - JKPCC",09-09-2026 14:00:00,34.066206,74.81982,PM10,32,59,44
India,Karnataka,Ramanagara,"Vijay Nagar, Ramanagara - KSPCB",09-09-2026 14:00:00,12.733409,77.298051,NO2,NA,NA,NA
India,Karnataka,Shivamogga,"Vinoba Nagara, Shivamogga - KSPCB",09-09-2026 14:00:00,13.94,75.555917,PM2.5,25,47,28
India,Karnataka,Shivamogga,"Vinoba Nagara, Shivamogga - KSPCB",09-09-2026 14:00:00,13.94,75.555917,OZONE,38,48,41
India,Karnataka,Vijayapura,"Ibrahimpur, Vijayapura - KSPCB",09-09-2026 14:00:00,16.802639,75.722694,PM2.5,26,27,27
India,Karnataka,Vijayapura,"Ibrahimpur, Vijayapura - KSPCB",09-09-2026 14:00:00,16.802639,75.722694,PM10,42,43,43
India,Kerala,Eloor,"Udyogamandal, Eloor - Kerala PCB",09-09-2026 14:00:00,10.073232,76.302765,PM10,53,61,56
India,Kerala,Eloor,"Udyogamandal, Eloor - Kerala PCB",09-09-2026 14:00:00,10.073232,76.302765,SO2,1,1,1
India,Kerala,Eloor,"Udyogamandal, Eloor - Kerala PCB",09-09-2026 14:00:00,10.073232,76.302765,CO,26,31,28
India,Kerala,Kannur,"Thavakkara, Kannur - Kerala PCB",09-09-2026 14:00:00,11.875,75.3732,PM10,NA,NA,NA
India,Kerala,Kannur,"Thavakkara, Kannur - Kerala PCB",09-09-2026 14:00:00,11.875,75.3732,CO,14,14,14
India,Kerala,Thiruvananthapuram,"Plammoodu, Thiruvananthapuram - Kerala PCB",09-09-2026 14:00:00,8.5149093,76.9435879,NO2,2,5,4
India,Kerala,Thiruvananthapuram,"Plammoodu, Thiruvananthapuram - Kerala PCB",09-09-2026 14:00:00,8.5149093,76.9435879,NH3,1,1,1
India,Kerala,Thiruvananthapuram,"Plammoodu, Thiruvananthapuram - Kerala PCB",09-09-2026 14:00:00,8.5149093,76.9435879,SO2,13,20,16
India,Kerala,Thiruvananthapuram,"Kariavattom, Thiruvananthapuram - Kerala PCB",09-09-2026 14:00:00,8.5637,76.8865,PM2.5,48,54,51
India,Jammu and Kashmir,Srinagar,"Rajbagh, Srinagar - JKPCC",09-09-2026 14:00:00,34.066206,74.81982,NH3,9,9,9
India,Jammu and Kashmir,Srinagar,"Khunmoh, Srinagar - JKPCC",09-09-2026 14:00:00,34.06313,74.96017,NH3,NA,NA,NA
India,Jammu and Kashmir,Srinagar,"Khunmoh, Srinagar - JKPCC",09-09-2026 14:00:00,34.06313,74.96017,SO2,2,5,3
India,Jammu and Kashmir,Srinagar,"Khunmoh, Srinagar - JKPCC",09-09-2026 14:00:00,34.06313,74.96017,CO,NA,NA,NA
India,Jharkhand,Jorapokhar,"Tata Stadium, Jorapokhar - JSPCB",09-09-2026 14:00:00,23.707909,86.41467,OZONE,13,56,22
India,Karnataka,Bengaluru,"Silk Board, Bengaluru - KSPCB",09-09-2026 14:00:00,12.917348,77.622813,PM10,49,322,126
India,Karnataka,Bengaluru,"Silk Board, Bengaluru - KSPCB",09-09-2026 14:00:00,12.917348,77.622813,NO2,16,18,17
India,Karnataka,Bengaluru,"Jigani, Bengaluru - KSPCB",09-09-2026 14:00:00,12.7816279,77.6299145,NO2,21,22,22
India,Karnataka,Bengaluru,"Jigani, Bengaluru - KSPCB",09-09-2026 14:00:00,12.7816279,77.6299145,OZONE,18,18,18
India,Karnataka,Bengaluru,"Jayanagar 5th Block, Bengaluru - KSPCB",09-09-2026 14:00:00,12.920984,77.584908,NO2,8,23,13
India,Karnataka,Bengaluru,"Jayanagar 5th Block, Bengaluru - KSPCB",09-09-2026 14:00:00,12.920984,77.584908,SO2,5,17,8
India,Karnataka,Bengaluru,"Shivapura_Peenya, Bengaluru - KSPCB",09-09-2026 14:00:00,13.0246342,77.5080115,PM2.5,35,42,37
India,Karnataka,Bengaluru,"Shivapura_Peenya, Bengaluru - KSPCB",09-09-2026 14:00:00,13.0246342,77.5080115,PM10,NA,NA,NA
India,Karnataka,Bengaluru,"Shivapura_Peenya, Bengaluru - KSPCB",09-09-2026 14:00:00,13.0246342,77.5080115,SO2,3,7,5
India,Haryana,Faridabad,"Sector 11, Faridabad - HSPCB",09-09-2026 14:00:00,28.376058,77.315741,NO2,30,33,31
India,Haryana,Faridabad,"Sector 11, Faridabad - HSPCB",09-09-2026 14:00:00,28.376058,77.315741,SO2,5,13,8
India,Haryana,Faridabad,"Sector 11, Faridabad - HSPCB",09-09-2026 14:00:00,28.376058,77.315741,CO,39,61,52
India,Haryana,Fatehabad,"Huda Sector, Fatehabad - HSPCB",09-09-2026 14:00:00,29.503664,75.467934,NO2,17,20,19
India,Haryana,Gurugram,"NISE Gwal Pahari, Gurugram - IITM",09-09-2026 14:00:00,28.422681,77.148944,NH3,NA,NA,NA
India,Haryana,Gurugram,"NISE Gwal Pahari, Gurugram - IITM",09-09-2026 14:00:00,28.422681,77.148944,CO,27,36,31
India,Haryana,Gurugram,"Teri Gram, Gurugram - HSPCB",09-09-2026 14:00:00,28.4275,77.1465,PM2.5,35,207,91
India,Haryana,Gurugram,"Teri Gram, Gurugram - HSPCB",09-09-2026 14:00:00,28.4275,77.1465,PM10,37,141,86
India,Haryana,Gurugram,"Teri Gram, Gurugram - HSPCB",09-09-2026 14:00:00,28.4275,77.1465,NO2,31,66,46
India,Haryana,Gurugram,"Teri Gram, Gurugram - HSPCB",09-09-2026 14:00:00,28.4275,77.1465,SO2,4,11,7
India,Haryana,Gurugram,"Teri Gram, Gurugram - HSPCB",09-09-2026 14:00:00,28.4275,77.1465,CO,11,22,16
India,Haryana,Gurugram,"Sector-51, Gurugram - HSPCB",09-09-2026 14:00:00,28.4227,77.0667,PM10,29,102,48
India,Haryana,Gurugram,"Sector-51, Gurugram - HSPCB",09-09-2026 14:00:00,28.4227,77.0667,NH3,7,22,13
India,Haryana,Gurugram,"Vikas Sadan, Gurugram - HSPCB",09-09-2026 14:00:00,28.4501238,77.0263051,PM10,50,174,94
India,Haryana,Gurugram,"Vikas Sadan, Gurugram - HSPCB",09-09-2026 14:00:00,28.4501238,77.0263051,NO2,1,13,5
India,Karnataka,Bengaluru,"Hombegowda Nagar, Bengaluru - KSPCB",09-09-2026 14:00:00,12.938539,77.5901,SO2,3,10,6
India,Karnataka,Bengaluru,"Hombegowda Nagar, Bengaluru - KSPCB",09-09-2026 14:00:00,12.938539,77.5901,OZONE,19,38,28
India,Karnataka,Chamarajanagar,"Urban, Chamarajanagar - KSPCB",09-09-2026 14:00:00,11.55358,76.55521,PM2.5,16,36,28
India,Karnataka,Chikkaballapur,"Chikkaballapur Rural, Chikkaballapur - KSPCB",09-09-2026 14:00:00,13.428828,77.731418,PM2.5,4,27,14
India,Karnataka,Chikkamagaluru,"Kalyana Nagara, Chikkamagaluru - KSPCB",09-09-2026 14:00:00,13.328028,75.797056,PM2.5,33,43,42
India,Karnataka,Dharwad,"Kalabhavan, Dharwad - KSPCB",09-09-2026 14:00:00,15.459706,75.008381,PM10,60,66,63
India,Karnataka,Gadag,"Panchal Nagar, Gadag - KSPCB",09-09-2026 14:00:00,15.411456,75.638133,SO2,29,36,32
India,Kerala,Thiruvananthapuram,"Kariavattom, Thiruvananthapuram - Kerala PCB",09-09-2026 14:00:00,8.5637,76.8865,OZONE,30,31,31
India,Kerala,Thrissur,"Corporation Ground, Thrissur - Kerala PCB",09-09-2026 14:00:00,10.5324,76.2159,OZONE,31,32,32
India,Madhya Pradesh,Bhopal,"Paryavaran Parisar, Bhopal - MPPCB",09-09-2026 14:00:00,23.210494,77.425409,OZONE,22,41,28
India,Madhya Pradesh,Bhopal,"Idgah Hills, Bhopal - MPPCB",09-09-2026 14:00:00,23.264759,77.381568,NO2,9,24,16
India,Madhya Pradesh,Dewas,"Bhopal Chauraha, Dewas - MPPCB",09-09-2026 14:00:00,22.9682591,76.064118,NO2,54,78,67
India,Madhya Pradesh,Dewas,"Bhopal Chauraha, Dewas - MPPCB",09-09-2026 14:00:00,22.9682591,76.064118,CO,16,25,20
India,Karnataka,Hubballi,"Lingaraj Nagar, Hubballi - KSPCB",09-09-2026 14:00:00,15.3714823,75.1160168,SO2,2,5,2
India,Karnataka,Hubballi,"Lingaraj Nagar, Hubballi - KSPCB",09-09-2026 14:00:00,15.3714823,75.1160168,OZONE,25,29,26
India,Karnataka,Kalaburagi,"Mahatma Basaveswar Colony, Kalaburgi - KSPCB",09-09-2026 14:00:00,17.336318,76.847397,PM10,15,49,34
India,Karnataka,Kalaburagi,"Mahatma Basaveswar Colony, Kalaburgi - KSPCB",09-09-2026 14:00:00,17.336318,76.847397,NO2,10,17,13
India,Karnataka,Karwar,"KHB Colony, Karwar - KSPCB",09-09-2026 14:00:00,14.816666,74.141003,NO2,9,12,10
India,Karnataka,Madikeri,"Stuart Hill, Madikeri - KSPCB",09-09-2026 14:00:00,12.415911,75.73505,NH3,1,1,1
India,Karnataka,Madikeri,"Stuart Hill, Madikeri - KSPCB",09-09-2026 14:00:00,12.415911,75.73505,CO,9,13,10
India,Maharashtra,Mumbai,"Sion, Mumbai - MPCB",09-09-2026 14:00:00,19.047,72.8746,PM10,7,17,12
India,Maharashtra,Mumbai,"Kandivali West, Mumbai - BMC",09-09-2026 14:00:00,19.215859,72.831718,PM2.5,19,31,24
India,Maharashtra,Mumbai,"Kandivali West, Mumbai - BMC",09-09-2026 14:00:00,19.215859,72.831718,PM10,20,34,26
India,Maharashtra,Mumbai,"Kandivali West, Mumbai - BMC",09-09-2026 14:00:00,19.215859,72.831718,CO,8,15,11
India,Maharashtra,Mumbai,"Malad West, Mumbai - IITM",09-09-2026 14:00:00,19.19709,72.82204,PM2.5,3,19,9
India,Maharashtra,Mumbai,"Malad West, Mumbai - IITM",09-09-2026 14:00:00,19.19709,72.82204,PM10,10,42,25
India,Maharashtra,Mumbai,"Mazgaon, Mumbai - IITM",09-09-2026 14:00:00,18.96702,72.84214,PM2.5,11,19,14
India,Maharashtra,Mumbai,"Mazgaon, Mumbai - IITM",09-09-2026 14:00:00,18.96702,72.84214,SO2,6,11,9
India,Maharashtra,Mumbai,"Chakala-Andheri East, Mumbai - IITM",09-09-2026 14:00:00,19.11074,72.86084,PM10,18,61,38
India,Maharashtra,Mumbai,"Chakala-Andheri East, Mumbai - IITM",09-09-2026 14:00:00,19.11074,72.86084,NH3,2,3,3
India,Maharashtra,Mumbai,"Kurla, Mumbai - MPCB",09-09-2026 14:00:00,19.0863,72.8888,PM2.5,22,87,45
India,Maharashtra,Mumbai,"Kurla, Mumbai - MPCB",09-09-2026 14:00:00,19.0863,72.8888,CO,25,25,25
India,Maharashtra,Mumbai,"Ghatkopar, Mumbai - BMC",09-09-2026 14:00:00,19.083694,72.920967,PM2.5,19,41,29
India,Maharashtra,Mumbai,"Ghatkopar, Mumbai - BMC",09-09-2026 14:00:00,19.083694,72.920967,NO2,NA,NA,NA
India,Maharashtra,Mumbai,"Ghatkopar, Mumbai - BMC",09-09-2026 14:00:00,19.083694,72.920967,NH3,4,20,9
India,Maharashtra,Mumbai,"Ghatkopar, Mumbai - BMC",09-09-2026 14:00:00,19.083694,72.920967,SO2,0,3,1
India,Maharashtra,Kolhapur,"Shivaji University, Kolhapur - MPCB",09-09-2026 14:00:00,16.6870449,74.2505872,SO2,0,1,1
India,Maharashtra,Kolhapur,"Shivaji University, Kolhapur - MPCB",09-09-2026 14:00:00,16.6870449,74.2505872,OZONE,6,16,10
India,Maharashtra,Mahad,"Kamble Tarf Birwadi, Mahad - MPCB",09-09-2026 14:00:00,18.1023399,73.4783687,PM2.5,23,114,47
India,Maharashtra,Mahad,"Kamble Tarf Birwadi, Mahad - MPCB",09-09-2026 14:00:00,18.1023399,73.4783687,OZONE,9,10,9
India,Maharashtra,Malegaon,"Mahesh Nagar, Malegaon - MPCB",09-09-2026 14:00:00,20.555712,74.529236,PM2.5,22,62,38
India,Maharashtra,Malegaon,"Mahesh Nagar, Malegaon - MPCB",09-09-2026 14:00:00,20.555712,74.529236,NH3,1,1,1
India,Maharashtra,Malegaon,"Mahesh Nagar, Malegaon - MPCB",09-09-2026 14:00:00,20.555712,74.529236,CO,10,14,12
India,Maharashtra,Mumbai,"Kherwadi_Bandra East, Mumbai - MPCB",09-09-2026 14:00:00,19.0632143,72.8456324,OZONE,15,21,18
India,Maharashtra,Mumbai,"Byculla, Mumbai - BMC",09-09-2026 14:00:00,18.9767,72.838,NO2,8,18,11
India,Maharashtra,Mumbai,"Byculla, Mumbai - BMC",09-09-2026 14:00:00,18.9767,72.838,OZONE,1,9,4
India,Madhya Pradesh,Pithampur,"Sector-2 Industrial Area, Pithampur - MPPCB",09-09-2026 14:00:00,22.624758,75.675238,SO2,29,43,33
India,Madhya Pradesh,Pithampur,"Sector-2 Industrial Area, Pithampur - MPPCB",09-09-2026 14:00:00,22.624758,75.675238,CO,20,88,35
India,Madhya Pradesh,Ratlam,"Shasthri Nagar, Ratlam - IPCA Lab",09-09-2026 14:00:00,23.331731,75.045981,PM2.5,26,64,42
India,Madhya Pradesh,Sagar,"Civil Lines, Sagar - MPPCB",09-09-2026 14:00:00,23.838586,78.759431,PM2.5,32,69,46
India,Madhya Pradesh,Sagar,"Civil Lines, Sagar - MPPCB",09-09-2026 14:00:00,23.838586,78.759431,CO,28,32,30
India,Madhya Pradesh,Singrauli,"Suryakiran Bhawan NCL, Singrauli - MPPCB",09-09-2026 14:00:00,24.10897,82.64558,PM2.5,3,63,39
India,Madhya Pradesh,Singrauli,"Suryakiran Bhawan NCL, Singrauli - MPPCB",09-09-2026 14:00:00,24.10897,82.64558,NH3,2,3,3
India,Maharashtra,Ahmednagar,"Tarakpur, Ahmednagar - MPCB",09-09-2026 14:00:00,19.10122,74.73339,CO,1,8,4
India,Maharashtra,Jalna,"Old MIDC, Jalna - MPCB",09-09-2026 14:00:00,19.854616,75.905894,PM2.5,NA,NA,NA
India,Maharashtra,Jalna,"Old MIDC, Jalna - MPCB",09-09-2026 14:00:00,19.854616,75.905894,NO2,NA,NA,NA
India,Maharashtra,Kalyan,"Pimpleshwar Mandir, Kalyan - MPCB",09-09-2026 14:00:00,19.192056,72.9585188,PM10,NA,NA,NA
India,Maharashtra,Kalyan,"Khadakpada, Kalyan - MPCB",09-09-2026 14:00:00,19.25292,73.142019,PM2.5,NA,NA,NA
India,Maharashtra,Kalyan,"Khadakpada, Kalyan - MPCB",09-09-2026 14:00:00,19.25292,73.142019,PM10,NA,NA,NA
India,Maharashtra,Kalyan,"Khadakpada, Kalyan - MPCB",09-09-2026 14:00:00,19.25292,73.142019,NO2,NA,NA,NA
India,Maharashtra,Kalyan,"Khadakpada, Kalyan - MPCB",09-09-2026 14:00:00,19.25292,73.142019,CO,NA,NA,NA
India,Maharashtra,Kolhapur,"Sinchan Bhavan, Kolhapur - MPCB",09-09-2026 14:00:00,16.7143745,74.2426398,PM2.5,10,19,13
India,Maharashtra,Kolhapur,"Sinchan Bhavan, Kolhapur - MPCB",09-09-2026 14:00:00,16.7143745,74.2426398,PM10,17,26,20
India,Maharashtra,Kolhapur,"Sinchan Bhavan, Kolhapur - MPCB",09-09-2026 14:00:00,16.7143745,74.2426398,NO2,4,13,7
India,Maharashtra,Kolhapur,"Sinchan Bhavan, Kolhapur - MPCB",09-09-2026 14:00:00,16.7143745,74.2426398,NH3,0,3,1
India,Maharashtra,Belapur,"CBD Belapur, Belapur - MPCB",09-09-2026 14:00:00,19.0243902,73.0406721,SO2,1,12,7
India,Maharashtra,Bhiwandi,"Gokul Nagar, Bhiwandi - MPCB",09-09-2026 14:00:00,19.309073,73.057223,PM2.5,25,30,27
India,Maharashtra,Chandrapur,"Chauhan Colony, Chandrapur - MPCB",09-09-2026 14:00:00,19.9629,79.298714,PM10,47,135,89
India,Maharashtra,Chandrapur,"Chauhan Colony, Chandrapur - MPCB",09-09-2026 14:00:00,19.9629,79.298714,NO2,13,36,21
India,Maharashtra,Dhule,"Deopur, Dhule - MPCB",09-09-2026 14:00:00,20.918946,74.776388,NO2,4,31,10
India,Maharashtra,Dombivli,"Kalu Nagar, Dombivli - MPCB",09-09-2026 14:00:00,19.2268427,73.0788456,SO2,23,54,26
India,Maharashtra,Hingoli,"Ashta Vinayak Nagar, Hingoli - MPCB",09-09-2026 14:00:00,19.710842,77.151824,PM2.5,33,71,46
India,Maharashtra,Mumbai,"Borivali East, Mumbai - IITM",09-09-2026 14:00:00,19.23241,72.86895,PM10,NA,NA,NA
India,Maharashtra,Mumbai,"Borivali East, Mumbai - IITM",09-09-2026 14:00:00,19.23241,72.86895,SO2,NA,NA,NA
India,Maharashtra,Mumbai,"Borivali East, Mumbai - MPCB",09-09-2026 14:00:00,19.2243333,72.8658113,PM2.5,5,15,9
India,Maharashtra,Mumbai,"Borivali East, Mumbai - MPCB",09-09-2026 14:00:00,19.2243333,72.8658113,NO2,10,10,10
India,Maharashtra,Mumbai,"Shivaji Nagar, Mumbai - BMC",09-09-2026 14:00:00,19.060498,72.923356,NH3,2,9,4
India,Maharashtra,Mumbai,"Mindspace-Malad West, Mumbai - MPCB",09-09-2026 14:00:00,19.1878657,72.8304069,CO,14,15,15
India,Maharashtra,Mumbai,"Worli, Mumbai - MPCB",09-09-2026 14:00:00,18.9936162,72.8128113,CO,30,43,36
India,Maharashtra,Mumbai,"Worli, Mumbai - MPCB",09-09-2026 14:00:00,18.9936162,72.8128113,OZONE,3,7,5
India,Maharashtra,Amravati,"Shivneri Colony, Amravati - MPCB",09-09-2026 14:00:00,20.9402359,77.7895248,PM2.5,20,55,32
India,Maharashtra,Amravati,"Shivneri Colony, Amravati - MPCB",09-09-2026 14:00:00,20.9402359,77.7895248,NO2,4,18,7
India,Maharashtra,Amravati,"Shivneri Colony, Amravati - MPCB",09-09-2026 14:00:00,20.9402359,77.7895248,OZONE,10,42,24
India,Maharashtra,Amravati,"Shri Shivaji Science College, Amravati - MPCB",09-09-2026 14:00:00,20.939198,77.765701,PM10,41,79,57
India,Maharashtra,Aurangabad,"Rachnakar Colony, Aurangabad - MPCB",09-09-2026 14:00:00,19.863756,75.321188,NO2,7,23,13
India,Maharashtra,Mumbai,"Siddharth Nagar-Worli, Mumbai - IITM",09-09-2026 14:00:00,19.000083,72.813993,SO2,NA,NA,NA
India,Maharashtra,Mumbai,"Deonar, Mumbai - IITM",09-09-2026 14:00:00,19.04946,72.923,SO2,1,5,3
India,Maharashtra,Mumbai,"Deonar, Mumbai - IITM",09-09-2026 14:00:00,19.04946,72.923,CO,13,35,23
India,Maharashtra,Mumbai,"Chembur, Mumbai - MPCB",09-09-2026 14:00:00,19.0364585,72.8954371,OZONE,4,10,6
India,Maharashtra,Mumbai,"Bandra Kurla Complex, Mumbai - MPCB",09-09-2026 14:00:00,19.065931,72.862131,PM2.5,20,61,32
India,Maharashtra,Aurangabad,"More Chowk Waluj, Aurangabad - MPCB",09-09-2026 14:00:00,19.8389439,75.244448,PM10,24,102,42
India,Maharashtra,Aurangabad,"More Chowk Waluj, Aurangabad - MPCB",09-09-2026 14:00:00,19.8389439,75.244448,CO,20,67,40
India,Maharashtra,Badlapur,"Katrap, Badlapur - MPCB",09-09-2026 14:00:00,19.16485,73.23409,PM10,32,33,32
India,Maharashtra,Badlapur,"Katrap, Badlapur - MPCB",09-09-2026 14:00:00,19.16485,73.23409,CO,45,46,45
India,Maharashtra,Beed,"Bir, Beed - MPCB",09-09-2026 14:00:00,18.988474,75.753873,PM2.5,15,40,24
India,Maharashtra,Virar,"Bolinj, Virar - MPCB",09-09-2026 14:00:00,19.445821,72.7988231,NO2,1,13,4
India,Maharashtra,Virar,"Bolinj, Virar - MPCB",09-09-2026 14:00:00,19.445821,72.7988231,CO,10,97,45
India,Meghalaya,Byrnihat,"15th Mile-Nongthymmai, Byrnihat -Meghalaya PCB",09-09-2026 14:00:00,26.079047,91.875185,PM10,NA,NA,NA
India,Meghalaya,Byrnihat,"15th Mile-Nongthymmai, Byrnihat -Meghalaya PCB",09-09-2026 14:00:00,26.079047,91.875185,SO2,1,6,4
India,Meghalaya,Shillong,"Lumpyngngad, Shillong - Meghalaya PCB",09-09-2026 14:00:00,25.5586,91.8985,NH3,0,0,0
India,Meghalaya,Shillong,"Lumpyngngad, Shillong - Meghalaya PCB",09-09-2026 14:00:00,25.5586,91.8985,SO2,12,15,13
India,Meghalaya,Shillong,"Lumpyngngad, Shillong - Meghalaya PCB",09-09-2026 14:00:00,25.5586,91.8985,OZONE,20,27,25
India,Mizoram,Aizawl,"Sikulpuikawn, Aizawl - Mizoram PCB",09-09-2026 14:00:00,23.7176342,92.7192841,PM2.5,NA,NA,NA
India,Mizoram,Aizawl,"Sikulpuikawn, Aizawl - Mizoram PCB",09-09-2026 14:00:00,23.7176342,92.7192841,OZONE,0,2,1
India,Nagaland,Kohima,"PWD Junction, Kohima - NPCB",09-09-2026 14:00:00,25.6635413,94.0989878,NH3,0,1,1
India,Odisha,Angul,"Hakimapada, Angul - OSPCB",09-09-2026 14:00:00,20.832874,85.104082,PM10,30,110,73
India,Odisha,Balasore,"Kalidaspur, Balasore - OSPCB",09-09-2026 14:00:00,21.51161,86.89088,PM10,27,106,47
India,Odisha,Balasore,"Kalidaspur, Balasore - OSPCB",09-09-2026 14:00:00,21.51161,86.89088,NO2,2,14,8
India,Odisha,Barbil,"Forest Office, Barbil - OSPCB",09-09-2026 14:00:00,22.1166054,85.3945546,OZONE,15,51,34
India,Odisha,Baripada,"Meher Colony, Baripada - OSPCB",09-09-2026 14:00:00,21.941841,86.728318,PM2.5,9,61,25
India,Odisha,Baripada,"Meher Colony, Baripada - OSPCB",09-09-2026 14:00:00,21.941841,86.728318,NH3,0,2,1
India,Odisha,Bhubaneswar,"Patia, Bhubaneswar - OSPCB",09-09-2026 14:00:00,20.34652,85.8163,PM10,36,151,78
India,Odisha,Bhubaneswar,"Patia, Bhubaneswar - OSPCB",09-09-2026 14:00:00,20.34652,85.8163,NO2,3,36,13
India,Odisha,Nayagarh,"Dabuna, Nayagarh - OSPCB",09-09-2026 14:00:00,21.847279,85.416905,CO,13,18,16
India,Odisha,Paradeep,"Nua Sandhakuda, Paradeep - OSPCB",09-09-2026 14:00:00,20.258828,86.665185,SO2,32,46,35
India,Odisha,Rairangpur,"Divisional Forest Office, Rairangpur - OSPCB",09-09-2026 14:00:00,22.265816,86.174829,PM10,26,62,39
India,Odisha,Rourkela,"Sector-2, Rourkela - OSPCB",09-09-2026 14:00:00,22.245,84.88111111,NO2,14,14,14
India,Odisha,Rourkela,"Sector-2, Rourkela - OSPCB",09-09-2026 14:00:00,22.245,84.88111111,NH3,NA,NA,NA
India,Odisha,Rourkela,"Fertilizer Township, Rourkela - OSPCB",09-09-2026 14:00:00,22.18972222,84.86277778,PM2.5,23,51,33
India,Odisha,Rourkela,"Raghunathpali, Rourkela - OSPCB",09-09-2026 14:00:00,22.220833,84.809444,PM2.5,22,71,38
India,Odisha,Talcher,"Talcher Coalfields,Talcher - OSPCB",09-09-2026 14:00:00,20.9360711,85.1707021,NO2,12,100,68
India,Odisha,Tensa,"Barsua Iron Ore Mines, Tensa - OSPCB",09-09-2026 14:00:00,21.869985,85.167016,PM10,42,76,59
India,Odisha,Tensa,"Barsua Iron Ore Mines, Tensa - OSPCB",09-09-2026 14:00:00,21.869985,85.167016,NO2,NA,NA,NA
India,Odisha,Tensa,"Barsua Iron Ore Mines, Tensa - OSPCB",09-09-2026 14:00:00,21.869985,85.167016,SO2,1,46,25
India,Odisha,Tensa,"Barsua Iron Ore Mines, Tensa - OSPCB",09-09-2026 14:00:00,21.869985,85.167016,CO,39,54,50
India,Puducherry,Puducherry,"Jawahar Nagar, Puducherry - PPCC",09-09-2026 14:00:00,11.9309,79.8027,NH3,1,3,2
India,Punjab,Amritsar,"Golden Temple, Amritsar - PPCB",09-09-2026 14:00:00,31.62,74.876512,OZONE,16,37,30
India,Maharashtra,Navi Mumbai,"Mahape, Navi Mumbai - MPCB",09-09-2026 14:00:00,19.1135051,73.008978,CO,28,29,28
India,Maharashtra,Navi Mumbai,"Kopripada-Vashi, Navi Mumbai - MPCB",09-09-2026 14:00:00,19.090337,73.014232,PM2.5,13,192,52
India,Maharashtra,Navi Mumbai,"Kopripada-Vashi, Navi Mumbai - MPCB",09-09-2026 14:00:00,19.090337,73.014232,PM10,38,140,78
India,Maharashtra,Navi Mumbai,"Kopripada-Vashi, Navi Mumbai - MPCB",09-09-2026 14:00:00,19.090337,73.014232,NH3,1,9,3
India,Maharashtra,Navi Mumbai,"Kopripada-Vashi, Navi Mumbai - MPCB",09-09-2026 14:00:00,19.090337,73.014232,CO,16,60,33
India,Maharashtra,Parbhani,"Masoom Colony, Parbhani - MPCB",09-09-2026 14:00:00,19.265594,76.761463,PM10,5,96,54
India,Maharashtra,Pimpri-Chinchwad,"Gavalinagar, Pimpri Chinchwad - MPCB",09-09-2026 14:00:00,18.63673,73.82487,NO2,7,24,14
India,Maharashtra,Pimpri-Chinchwad,"Gavalinagar, Pimpri Chinchwad - MPCB",09-09-2026 14:00:00,18.63673,73.82487,OZONE,1,30,13
India,Maharashtra,Pimpri-Chinchwad,"Savta Mali Nagar, Pimpri-Chinchwad - IITM",09-09-2026 14:00:00,18.614767,73.799516,PM2.5,13,65,30
India,Maharashtra,Pimpri-Chinchwad,"Park Street Wakad, Pimpri Chinchwad - MPCB",09-09-2026 14:00:00,18.59051,73.77946,SO2,1,2,2
India,Maharashtra,Pimpri-Chinchwad,"Thergaon, Pimpri Chinchwad - MPCB",09-09-2026 14:00:00,18.616318,73.765797,PM10,32,48,40
India,Maharashtra,Nashik,"Pandav Nagari, Nashik - MPCB",09-09-2026 14:00:00,19.9591346,73.7788008,PM2.5,10,36,27
India,Maharashtra,Nashik,"Hirawadi, Nashik - MPCB",09-09-2026 14:00:00,20.021503,73.813844,NH3,1,2,2
India,Maharashtra,Nashik,"Hirawadi, Nashik - MPCB",09-09-2026 14:00:00,20.021503,73.813844,CO,10,20,14
India,Maharashtra,Nashik,"MIDC Ambad, Nashik - MPCB",09-09-2026 14:00:00,19.95022,73.73148,SO2,1,4,2
India,Maharashtra,Nashik,"MIDC Ambad, Nashik - MPCB",09-09-2026 14:00:00,19.95022,73.73148,OZONE,2,16,10
India,Maharashtra,Navi Mumbai,"Tondare-Taloja, Navi Mumbai - MPCB",09-09-2026 14:00:00,19.063,73.1209,PM10,32,114,64
India,Maharashtra,Navi Mumbai,"Tondare-Taloja, Navi Mumbai - MPCB",09-09-2026 14:00:00,19.063,73.1209,NO2,5,17,12
India,Maharashtra,Navi Mumbai,"Tondare-Taloja, Navi Mumbai - MPCB",09-09-2026 14:00:00,19.063,73.1209,CO,14,47,34
India,Maharashtra,Navi Mumbai,"Nerul, Navi Mumbai - MPCB",09-09-2026 14:00:00,19.008751,73.01662,PM10,NA,NA,NA
India,Maharashtra,Navi Mumbai,"Nerul, Navi Mumbai - MPCB",09-09-2026 14:00:00,19.008751,73.01662,NO2,4,4,4
India,Maharashtra,Navi Mumbai,"Mahape, Navi Mumbai - MPCB",09-09-2026 14:00:00,19.1135051,73.008978,PM2.5,NA,NA,NA
India,Maharashtra,Navi Mumbai,"Mahape, Navi Mumbai - MPCB",09-09-2026 14:00:00,19.1135051,73.008978,NH3,NA,NA,NA
India,Odisha,Bhubaneswar,"Patia, Bhubaneswar - OSPCB",09-09-2026 14:00:00,20.34652,85.8163,OZONE,11,85,41
India,Odisha,Brajrajnagar,"GM Office, Brajrajnagar - OSPCB",09-09-2026 14:00:00,21.8004996,83.8396977,SO2,15,19,18
India,Odisha,Byasanagar,"Ferro Chrome Colony, Byasanagar - OSPCB",09-09-2026 14:00:00,20.94185,86.1151,OZONE,14,47,33
India,Odisha,Cuttack,"CDA Area, Cuttack - OSPCB",09-09-2026 14:00:00,20.48891,85.84768,PM2.5,32,137,68
India,Odisha,Cuttack,"CDA Area, Cuttack - OSPCB",09-09-2026 14:00:00,20.48891,85.84768,SO2,9,103,20
India,Odisha,Cuttack,"CDA Area, Cuttack - OSPCB",09-09-2026 14:00:00,20.48891,85.84768,CO,16,157,71
India,Odisha,Cuttack,"CDA Area, Cuttack - OSPCB",09-09-2026 14:00:00,20.48891,85.84768,OZONE,14,111,49
India,Odisha,Keonjhar,"Jagamohanpur, Keonjhar - OSPCB",09-09-2026 14:00:00,21.6439,85.599355,PM10,48,99,72
India,Odisha,Keonjhar,"Jagamohanpur, Keonjhar - OSPCB",09-09-2026 14:00:00,21.6439,85.599355,NO2,15,19,17
India,Odisha,Keonjhar,"Jagamohanpur, Keonjhar - OSPCB",09-09-2026 14:00:00,21.6439,85.599355,SO2,22,38,27
India,Odisha,Keonjhar,"Jagamohanpur, Keonjhar - OSPCB",09-09-2026 14:00:00,21.6439,85.599355,CO,41,44,43
India,Maharashtra,Pimpri-Chinchwad,"Bhumkar Nagar, Pune - IITM",09-09-2026 14:00:00,18.60577,73.749976,NO2,17,23,21
India,Maharashtra,Pimpri-Chinchwad,"Bhumkar Nagar, Pune - IITM",09-09-2026 14:00:00,18.60577,73.749976,SO2,NA,NA,NA
India,Maharashtra,Pimpri-Chinchwad,"Bhumkar Nagar, Pune - IITM",09-09-2026 14:00:00,18.60577,73.749976,OZONE,4,27,12
India,Maharashtra,Pune,"Katraj Dairy, Pune - MPCB",09-09-2026 14:00:00,18.45445,73.854155,PM2.5,11,42,15
India,Maharashtra,Pune,"Katraj Dairy, Pune - MPCB",09-09-2026 14:00:00,18.45445,73.854155,NO2,9,13,11
India,Maharashtra,Pune,"Katraj Dairy, Pune - MPCB",09-09-2026 14:00:00,18.45445,73.854155,CO,21,36,31
India,Maharashtra,Pune,"Katraj Dairy, Pune - MPCB",09-09-2026 14:00:00,18.45445,73.854155,OZONE,10,10,10
India,Maharashtra,Pune,"Panchawati_Pashan, Pune - IITM",09-09-2026 14:00:00,18.536457,73.805454,PM2.5,21,43,31
India,Maharashtra,Pune,"Panchawati_Pashan, Pune - IITM",09-09-2026 14:00:00,18.536457,73.805454,NO2,8,25,12
India,Maharashtra,Pune,"Mhada Colony, Pune - IITM",09-09-2026 14:00:00,18.57304,73.927715,NO2,16,44,33
India,Maharashtra,Pune,"Revenue Colony-Shivajinagar, Pune - IITM",09-09-2026 14:00:00,18.530085,73.849598,CO,71,99,84
India,Punjab,Bathinda,"Hardev Nagar, Bathinda - PPCB",09-09-2026 14:00:00,30.233011,74.907758,OZONE,NA,NA,NA
India,Punjab,Jalandhar,"Civil Line, Jalandhar - PPCB",09-09-2026 14:00:00,31.321907,75.578914,PM10,6,122,102
India,Punjab,Jalandhar,"Civil Line, Jalandhar - PPCB",09-09-2026 14:00:00,31.321907,75.578914,NH3,5,6,6
India,Punjab,Jalandhar,"Civil Line, Jalandhar - PPCB",09-09-2026 14:00:00,31.321907,75.578914,SO2,15,16,16
India,Punjab,Khanna,"Kalal Majra, Khanna - PPCB",09-09-2026 14:00:00,30.736056,76.209694,SO2,6,16,10
India,Punjab,Mandi Gobindgarh,"RIMT University, Mandi Gobindgarh - PPCB",09-09-2026 14:00:00,30.649961,76.331442,PM10,110,184,148
India,Punjab,Mandi Gobindgarh,"RIMT University, Mandi Gobindgarh - PPCB",09-09-2026 14:00:00,30.649961,76.331442,NO2,24,25,25
India,Punjab,Mandi Gobindgarh,"RIMT University, Mandi Gobindgarh - PPCB",09-09-2026 14:00:00,30.649961,76.331442,NH3,5,5,5
India,Punjab,Patiala,"Model Town, Patiala - PPCB",09-09-2026 14:00:00,30.349388,76.366642,SO2,6,14,10
India,Maharashtra,Sangli,"Vijay Nagar, Sangli - MPCB",09-09-2026 14:00:00,16.5038,74.3623,SO2,2,8,5
India,Maharashtra,Satara,"Koyana Nagar, Satara - MPCB",09-09-2026 14:00:00,17.696651,74.003387,NO2,4,13,9
India,Maharashtra,Solapur,"Dnyaneshwar Nagar, Solapur - MPCB",09-09-2026 14:00:00,17.6336264,75.9132495,SO2,0,2,1
India,Maharashtra,Thane,"Kasarvadavali, Thane - MPCB",09-09-2026 14:00:00,19.26777,72.97182,PM10,67,112,82
India,Maharashtra,Thane,"Kasarvadavali, Thane - MPCB",09-09-2026 14:00:00,19.26777,72.97182,NO2,5,24,11
India,Maharashtra,Thane,"Kasarvadavali, Thane - MPCB",09-09-2026 14:00:00,19.26777,72.97182,OZONE,8,29,14
India,Maharashtra,Thane,"Upvan Fort, Thane - MPCB",09-09-2026 14:00:00,19.222279,72.957979,PM10,17,74,31
India,Maharashtra,Thane,"Upvan Fort, Thane - MPCB",09-09-2026 14:00:00,19.222279,72.957979,NH3,0,10,2
India,Maharashtra,Nagpur,"Opp GPO Civil Lines, Nagpur - MPCB",09-09-2026 14:00:00,21.152875,79.0517531,PM10,36,225,76
India,Maharashtra,Nagpur,"Opp GPO Civil Lines, Nagpur - MPCB",09-09-2026 14:00:00,21.152875,79.0517531,CO,11,30,16
India,Maharashtra,Nagpur,"Ram Nagar, Nagpur - MPCB",09-09-2026 14:00:00,21.143383,79.048912,PM2.5,33,77,59
India,Tamil Nadu,Cuddalore,"Semmandalam, Cuddalore - TNPCB",09-09-2026 14:00:00,11.7637683,79.7499835,NH3,NA,NA,NA
India,Tamil Nadu,Cuddalore,"Semmandalam, Cuddalore - TNPCB",09-09-2026 14:00:00,11.7637683,79.7499835,CO,NA,NA,NA
India,Tamil Nadu,Gummidipoondi,"Anthoni Pillai Nagar, Gummidipoondi - TNPCB",09-09-2026 14:00:00,13.4127,80.1081,NO2,3,12,9
India,Tamil Nadu,Gummidipoondi,"Anthoni Pillai Nagar, Gummidipoondi - TNPCB",09-09-2026 14:00:00,13.4127,80.1081,SO2,0,23,9
India,Tamil Nadu,Gummidipoondi,"Anthoni Pillai Nagar, Gummidipoondi - TNPCB",09-09-2026 14:00:00,13.4127,80.1081,OZONE,NA,NA,NA
India,Tamil Nadu,Thoothukudi,"Meelavittan, Thoothukudi - TNPCB",09-09-2026 14:00:00,8.816428,78.099039,SO2,4,18,12
India,Tamil Nadu,Thoothukudi,"Meelavittan, Thoothukudi - TNPCB",09-09-2026 14:00:00,8.816428,78.099039,OZONE,27,33,30
India,Telangana,Hyderabad,"ICRISAT Patancheru, Hyderabad - TSPCB",09-09-2026 14:00:00,17.5184,78.278777,SO2,5,11,8
India,Telangana,Hyderabad,"IITH Kandi, Hyderabad - TSPCB",09-09-2026 14:00:00,17.585705,78.126199,PM10,57,72,61
India,Telangana,Hyderabad,"IITH Kandi, Hyderabad - TSPCB",09-09-2026 14:00:00,17.585705,78.126199,NH3,4,5,4
India,Telangana,Hyderabad,"IITH Kandi, Hyderabad - TSPCB",09-09-2026 14:00:00,17.585705,78.126199,OZONE,17,26,21
India,Telangana,Hyderabad,"Ramachandrapuram, Hyderabad - TSPCB",09-09-2026 14:00:00,17.528544,78.286195,CO,15,25,20
India,Telangana,Hyderabad,"Central University, Hyderabad - TSPCB",09-09-2026 14:00:00,17.460103,78.334361,CO,13,22,17
India,Telangana,Hyderabad,"IDA Pashamylaram, Hyderabad - TSPCB",09-09-2026 14:00:00,17.5316895,78.218939,NH3,1,1,1
India,Telangana,Hyderabad,"IDA Pashamylaram, Hyderabad - TSPCB",09-09-2026 14:00:00,17.5316895,78.218939,SO2,9,11,10
India,Telangana,Hyderabad,"IDA Pashamylaram, Hyderabad - TSPCB",09-09-2026 14:00:00,17.5316895,78.218939,CO,10,19,15
India,Telangana,Hyderabad,"Somajiguda, Hyderabad - TSPCB",09-09-2026 14:00:00,17.417094,78.457437,PM2.5,72,115,87
India,Telangana,Hyderabad,"Somajiguda, Hyderabad - TSPCB",09-09-2026 14:00:00,17.417094,78.457437,CO,10,32,23
India,Rajasthan,Tonk,"Shastri Nagar, Tonk - RSPCB",09-09-2026 14:00:00,26.159933,75.780517,NO2,5,17,9
India,Rajasthan,Udaipur,"Ashok Nagar, Udaipur - RSPCB",09-09-2026 14:00:00,24.5886166,73.6321397,OZONE,2,3,2
India,Sikkim,Gangtok,"Zero Point GICI, Gangtok - SSPCB",09-09-2026 14:00:00,27.33853,88.614099,PM2.5,12,32,20
India,Sikkim,Gangtok,"Zero Point GICI, Gangtok - SSPCB",09-09-2026 14:00:00,27.33853,88.614099,PM10,8,29,18
India,Tamil Nadu,Chennai,"Royapuram, Chennai - TNPCB",09-09-2026 14:00:00,13.1036,80.2909,OZONE,29,33,31
India,Tamil Nadu,Chennai,"Manali, Chennai - CPCB",09-09-2026 14:00:00,13.164544,80.26285,PM2.5,9,77,28
India,Tamil Nadu,Chennai,"Manali, Chennai - CPCB",09-09-2026 14:00:00,13.164544,80.26285,NH3,6,7,6
India,Tamil Nadu,Chennai,"Manali, Chennai - CPCB",09-09-2026 14:00:00,13.164544,80.26285,CO,11,32,20
India,Tamil Nadu,Chennai,"Manali, Chennai - CPCB",09-09-2026 14:00:00,13.164544,80.26285,OZONE,9,14,11
India,Tamil Nadu,Chennai,"Manali Village, Chennai - TNPCB",09-09-2026 14:00:00,13.1662,80.2584,NO2,16,22,18
India,Tamil Nadu,Chennai,"Manali Village, Chennai - TNPCB",09-09-2026 14:00:00,13.1662,80.2584,OZONE,NA,NA,NA
India,Tamil Nadu,Chennai,"Velachery Res. Area, Chennai - CPCB",09-09-2026 14:00:00,13.0052189,80.2398125,PM10,57,144,84
India,Tamil Nadu,Chennai,"Arumbakkam, Chennai - TNPCB",09-09-2026 14:00:00,13.0664,80.2112,PM2.5,19,64,40
India,Tamil Nadu,Chennai,"Arumbakkam, Chennai - TNPCB",09-09-2026 14:00:00,13.0664,80.2112,NO2,8,27,16
India,Tamil Nadu,Chennai,"Arumbakkam, Chennai - TNPCB",09-09-2026 14:00:00,13.0664,80.2112,SO2,0,3,2
India,Tamil Nadu,Coimbatore,"SIDCO Kurichi, Coimbatore - TNPCB",09-09-2026 14:00:00,10.942451,76.978996,CO,42,45,44
India,Punjab,Rupnagar,"Ratanpura, Rupnagar - Ambuja Cements",09-09-2026 14:00:00,31.0325454,76.5623046,CO,52,58,54
India,Punjab,Rupnagar,"Ratanpura, Rupnagar - Ambuja Cements",09-09-2026 14:00:00,31.0325454,76.5623046,OZONE,NA,NA,NA
India,Rajasthan,Ajmer,"Civil Lines,  Ajmer - RSPCB",09-09-2026 14:00:00,26.470859,74.646594,CO,25,56,41
India,Rajasthan,Alwar,"Vigyan Nagar, Alwar - RSPCB",09-09-2026 14:00:00,27.598796,76.63861,PM10,111,140,122
India,Rajasthan,Alwar,"Vigyan Nagar, Alwar - RSPCB",09-09-2026 14:00:00,27.598796,76.63861,SO2,6,7,7
India,Rajasthan,Alwar,"Vigyan Nagar, Alwar - RSPCB",09-09-2026 14:00:00,27.598796,76.63861,CO,46,48,47
India,Rajasthan,Alwar,"Vigyan Nagar, Alwar - RSPCB",09-09-2026 14:00:00,27.598796,76.63861,OZONE,31,47,37
India,Rajasthan,Alwar,"Moti Doongri, Alwar - RSPCB",09-09-2026 14:00:00,27.554793,76.611536,NH3,8,17,12
India,Rajasthan,Banswara,"Rati Talai, Banswara - RSPCB",09-09-2026 14:00:00,23.55519,74.44001,OZONE,27,42,33
India,Rajasthan,Baran,"Bamboliya, Baran - RSPCB",09-09-2026 14:00:00,25.106006,76.469948,PM10,38,109,60
India,Rajasthan,Barmer,"Railway Colony, Barmer - RSPCB",09-09-2026 14:00:00,25.747299,71.393989,PM2.5,2,50,17
India,Rajasthan,Barmer,"Railway Colony, Barmer - RSPCB",09-09-2026 14:00:00,25.747299,71.393989,PM10,32,94,58
India,Rajasthan,Barmer,"Railway Colony, Barmer - RSPCB",09-09-2026 14:00:00,25.747299,71.393989,NO2,1,13,5
India,Rajasthan,Barmer,"Railway Colony, Barmer - RSPCB",09-09-2026 14:00:00,25.747299,71.393989,OZONE,9,45,30
India,Rajasthan,Bhilwara,"Pratap Nagar, Bhilwara - RSPCB",09-09-2026 14:00:00,25.339605,74.618883,PM2.5,32,97,60
India,Rajasthan,Dungarpur,"Bhoiwada, Dungarpur - RSPCB",09-09-2026 14:00:00,23.837789,73.714926,PM2.5,22,70,39
India,Rajasthan,Dungarpur,"Bhoiwada, Dungarpur - RSPCB",09-09-2026 14:00:00,23.837789,73.714926,OZONE,10,36,23
India,Rajasthan,Hanumangarh,"Housing Board, Hanumangarh - RSPCB",09-09-2026 14:00:00,29.61075,74.283608,NO2,2,19,5
India,Rajasthan,Hanumangarh,"Housing Board, Hanumangarh - RSPCB",09-09-2026 14:00:00,29.61075,74.283608,SO2,9,13,10
India,Rajasthan,Jaipur,"Police Commissionerate, Jaipur - RSPCB",09-09-2026 14:00:00,26.9164092,75.7994901,PM10,67,110,87
India,Rajasthan,Jaipur,"RIICO Sitapura, Jaipur - RSPCB",09-09-2026 14:00:00,26.786682,75.827928,PM10,79,178,111
India,Rajasthan,Jaipur,"RIICO Sitapura, Jaipur - RSPCB",09-09-2026 14:00:00,26.786682,75.827928,NH3,3,5,4
India,Rajasthan,Jaipur,"RIICO Sitapura, Jaipur - RSPCB",09-09-2026 14:00:00,26.786682,75.827928,SO2,1,3,1
India,Rajasthan,Jaipur,"RIICO Sitapura, Jaipur - RSPCB",09-09-2026 14:00:00,26.786682,75.827928,CO,40,54,48
India,Rajasthan,Jaipur,"Mansarovar Sector-12, Jaipur - RSPCB",09-09-2026 14:00:00,26.843698,75.766894,PM10,63,148,104
India,Rajasthan,Jaipur,"Mansarovar Sector-12, Jaipur - RSPCB",09-09-2026 14:00:00,26.843698,75.766894,OZONE,22,67,45
India,Rajasthan,Jaipur,"Shastri Nagar, Jaipur - RSPCB",09-09-2026 14:00:00,26.9502929,75.730943,OZONE,23,33,28
India,Rajasthan,Jaisalmer,"Sadar Bazar, Jaisalmer - RSPCB",09-09-2026 14:00:00,26.912329,70.909168,SO2,2,5,4
India,Rajasthan,Jaisalmer,"Sadar Bazar, Jaisalmer - RSPCB",09-09-2026 14:00:00,26.912329,70.909168,CO,6,8,7
India,Rajasthan,Jaisalmer,"Sadar Bazar, Jaisalmer - RSPCB",09-09-2026 14:00:00,26.912329,70.909168,OZONE,26,37,30
India,Rajasthan,Jodhpur,"Digari Kalan, Jodhpur - RSPCB",09-09-2026 14:00:00,26.29581,73.082283,PM2.5,5,35,21
India,Rajasthan,Jodhpur,"Digari Kalan, Jodhpur - RSPCB",09-09-2026 14:00:00,26.29581,73.082283,SO2,6,7,7
India,Rajasthan,Jodhpur,"Digari Kalan, Jodhpur - RSPCB",09-09-2026 14:00:00,26.29581,73.082283,OZONE,29,66,46
India,Rajasthan,Karauli,"Satyawati Vihar, Karauli - RSPCB",09-09-2026 14:00:00,26.506177,77.025989,NH3,5,12,8
India,Rajasthan,Karauli,"Satyawati Vihar, Karauli - RSPCB",09-09-2026 14:00:00,26.506177,77.025989,SO2,2,9,6
India,Rajasthan,Karauli,"Satyawati Vihar, Karauli - RSPCB",09-09-2026 14:00:00,26.506177,77.025989,CO,1,16,12
India,Rajasthan,Kota,"Shrinath Puram, Kota - RSPCB",09-09-2026 14:00:00,25.14389,75.821256,NH3,0,8,5
India,Rajasthan,Kota,"Dhanmandi, Kota - RSPCB",09-09-2026 14:00:00,25.16409,75.858137,PM10,47,93,69
India,Rajasthan,Kota,"Dhanmandi, Kota - RSPCB",09-09-2026 14:00:00,25.16409,75.858137,NH3,1,3,2
India,Rajasthan,Kota,"Dhanmandi, Kota - RSPCB",09-09-2026 14:00:00,25.16409,75.858137,SO2,6,101,15
India,Rajasthan,Kota,"Dhanmandi, Kota - RSPCB",09-09-2026 14:00:00,25.16409,75.858137,OZONE,30,56,41
India,Rajasthan,Kota,"Nayapura, Kota - RSPCB",09-09-2026 14:00:00,25.196024,75.855668,OZONE,24,63,44
India,Rajasthan,Nagaur,"Karni Colony, Nagaur - RSPCB",09-09-2026 14:00:00,27.213494,73.734444,PM10,66,127,99
India,Rajasthan,Nagaur,"Karni Colony, Nagaur - RSPCB",09-09-2026 14:00:00,27.213494,73.734444,NH3,3,4,4
India,Rajasthan,Nagaur,"Karni Colony, Nagaur - RSPCB",09-09-2026 14:00:00,27.213494,73.734444,SO2,2,6,3
India,Rajasthan,Nagaur,"Karni Colony, Nagaur - RSPCB",09-09-2026 14:00:00,27.213494,73.734444,CO,12,30,18
India,Telangana,Hyderabad,"ECIL Kapra, Hyderabad - TSPCB",09-09-2026 14:00:00,17.470431,78.566959,CO,14,80,30
India,Telangana,Hyderabad,"ECIL Kapra, Hyderabad - TSPCB",09-09-2026 14:00:00,17.470431,78.566959,OZONE,14,27,18
India,Telangana,Hyderabad,"Sanathnagar, Hyderabad - TSPCB",09-09-2026 14:00:00,17.4559458,78.4332152,PM2.5,15,65,28
India,Telangana,Hyderabad,"Sanathnagar, Hyderabad - TSPCB",09-09-2026 14:00:00,17.4559458,78.4332152,CO,32,38,36
India,Telangana,Hyderabad,"Bollaram Industrial Area, Hyderabad - TSPCB",09-09-2026 14:00:00,17.518,78.383,PM2.5,15,62,31
India,Telangana,Hyderabad,"Kompally Municipal Office, Hyderabad - TSPCB",09-09-2026 14:00:00,17.544899,78.486949,PM10,52,100,66
India,Telangana,Hyderabad,"Kokapet, Hyderabad - TSPCB",09-09-2026 14:00:00,17.393559,78.339194,PM2.5,30,51,38
India,Telangana,Hyderabad,"Kokapet, Hyderabad - TSPCB",09-09-2026 14:00:00,17.393559,78.339194,CO,18,32,24
India,Tripura,Agartala,"Bardowali, Agartala - Tripura SPCB",09-09-2026 14:00:00,23.8175497,91.2726974,SO2,12,15,14
India,Uttar Pradesh,Agra,"Manoharpur, Agra - UPPCB",09-09-2026 14:00:00,27.23711,78.01936,PM2.5,9,155,114
India,Uttar Pradesh,Agra,"Manoharpur, Agra - UPPCB",09-09-2026 14:00:00,27.23711,78.01936,NO2,31,43,32
India,Uttar Pradesh,Agra,"Manoharpur, Agra - UPPCB",09-09-2026 14:00:00,27.23711,78.01936,SO2,14,85,50
India,Uttar Pradesh,Agra,"Manoharpur, Agra - UPPCB",09-09-2026 14:00:00,27.23711,78.01936,CO,20,20,20
India,Rajasthan,Pali,"Indira Colony Vistar, Pali - RSPCB",09-09-2026 14:00:00,25.771061,73.340227,PM10,89,123,112
India,Rajasthan,Pali,"Indira Colony Vistar, Pali - RSPCB",09-09-2026 14:00:00,25.771061,73.340227,CO,5,32,18
India,Rajasthan,Rajsamand,"Dhoinda, Rajsamand - RSPCB",09-09-2026 14:00:00,25.03636,73.883502,PM2.5,3,72,40
India,Rajasthan,Rajsamand,"Dhoinda, Rajsamand - RSPCB",09-09-2026 14:00:00,25.03636,73.883502,SO2,1,6,5
India,Rajasthan,Sawai Madhopur,"Sahu Nagar, Sawai Madhopur - RSPCB",09-09-2026 14:00:00,26.031443,76.359327,NO2,9,32,16
India,Rajasthan,Sawai Madhopur,"Sahu Nagar, Sawai Madhopur - RSPCB",09-09-2026 14:00:00,26.031443,76.359327,NH3,2,5,3
India,Rajasthan,Sawai Madhopur,"Sahu Nagar, Sawai Madhopur - RSPCB",09-09-2026 14:00:00,26.031443,76.359327,CO,23,34,29
India,Rajasthan,Sawai Madhopur,"Sahu Nagar, Sawai Madhopur - RSPCB",09-09-2026 14:00:00,26.031443,76.359327,OZONE,19,46,35
India,Rajasthan,Sikar,"Radhakishan Pura, Sikar - RSPCB",09-09-2026 14:00:00,27.608912,75.153302,PM10,100,148,122
India,Rajasthan,Sirohi,"Vedhaynath Colony, Sirohi - RSPCB",09-09-2026 14:00:00,24.885261,72.857549,NO2,3,18,8
India,Rajasthan,Sri Ganganagar,"Old City, Sri Ganganagar - RSPCB",09-09-2026 14:00:00,29.931624,73.864511,PM2.5,25,120,46
India,Rajasthan,Sri Ganganagar,"Old City, Sri Ganganagar - RSPCB",09-09-2026 14:00:00,29.931624,73.864511,OZONE,19,25,22
India,Rajasthan,Bhilwara,"Pratap Nagar, Bhilwara - RSPCB",09-09-2026 14:00:00,25.339605,74.618883,SO2,4,12,8
India,Rajasthan,Bhiwadi,"Vasundhara Nagar_UIT, Bhiwadi - RSPCB",09-09-2026 14:00:00,28.207266,76.829265,PM2.5,47,240,83
India,Rajasthan,Bhiwadi,"Vasundhara Nagar_UIT, Bhiwadi - RSPCB",09-09-2026 14:00:00,28.207266,76.829265,PM10,80,404,148
India,Rajasthan,Bhiwadi,"Vasundhara Nagar_UIT, Bhiwadi - RSPCB",09-09-2026 14:00:00,28.207266,76.829265,NO2,9,63,19
India,Rajasthan,Bikaner,"MM Ground, Bikaner - RSPCB",09-09-2026 14:00:00,28.018792,73.292658,PM2.5,15,43,25
India,Rajasthan,Bundi,"New Colony, Bundi - RSPCB",09-09-2026 14:00:00,25.435774,75.644272,SO2,NA,NA,NA
India,Rajasthan,Chittorgarh,"Shastri Nagar, Chittorgarh - RSPCB",09-09-2026 14:00:00,24.892047,74.623527,NO2,3,18,9
India,Rajasthan,Chittorgarh,"Shastri Nagar, Chittorgarh - RSPCB",09-09-2026 14:00:00,24.892047,74.623527,NH3,6,10,8
India,Rajasthan,Chittorgarh,"Shastri Nagar, Chittorgarh - RSPCB",09-09-2026 14:00:00,24.892047,74.623527,SO2,6,14,8
India,Rajasthan,Dholpur,"Raja Ganj, Dholpur - RSPCB",09-09-2026 14:00:00,26.699557,77.898881,NO2,2,15,7
India,Rajasthan,Dholpur,"Raja Ganj, Dholpur - RSPCB",09-09-2026 14:00:00,26.699557,77.898881,CO,26,35,31
India,Rajasthan,Jhalawar,"Rajlaxmi Nagar, Jhalawar - RSPCB",09-09-2026 14:00:00,24.588397,76.172782,PM10,39,78,56
India,Rajasthan,Jhalawar,"Rajlaxmi Nagar, Jhalawar - RSPCB",09-09-2026 14:00:00,24.588397,76.172782,SO2,8,11,9
India,Rajasthan,Jhalawar,"Rajlaxmi Nagar, Jhalawar - RSPCB",09-09-2026 14:00:00,24.588397,76.172782,CO,28,34,30
India,Rajasthan,Jodhpur,"Collectorate, Jodhpur - RSPCB",09-09-2026 14:00:00,26.268249,73.0193853,PM2.5,31,58,40
India,Rajasthan,Jodhpur,"Collectorate, Jodhpur - RSPCB",09-09-2026 14:00:00,26.268249,73.0193853,NO2,16,23,19
India,Rajasthan,Jodhpur,"Collectorate, Jodhpur - RSPCB",09-09-2026 14:00:00,26.268249,73.0193853,NH3,1,8,5
India,Rajasthan,Jodhpur,"Jhalamand, Jodhpur - RSPCB",09-09-2026 14:00:00,26.215415,73.070156,NO2,6,40,14
India,Uttar Pradesh,Agra,"Shastripuram, Agra - UPPCB",09-09-2026 14:00:00,27.19862,77.92066,CO,42,44,43
India,Uttar Pradesh,Agra,"Sector-3B Avas Vikas Colony, Agra - UPPCB",09-09-2026 14:00:00,27.19412,77.96237,SO2,26,27,26
India,Uttar Pradesh,Agra,"Sector-3B Avas Vikas Colony, Agra - UPPCB",09-09-2026 14:00:00,27.19412,77.96237,CO,38,40,39
India,Uttar Pradesh,Agra,"Sector-3B Avas Vikas Colony, Agra - UPPCB",09-09-2026 14:00:00,27.19412,77.96237,OZONE,12,14,13
India,Uttar Pradesh,Agra,"Shahjahan Garden, Agra - UPPCB",09-09-2026 14:00:00,27.169338,78.03582,PM2.5,25,32,28
India,Uttar Pradesh,Agra,"Shahjahan Garden, Agra - UPPCB",09-09-2026 14:00:00,27.169338,78.03582,SO2,66,76,71
India,Uttar Pradesh,Agra,"Shahjahan Garden, Agra - UPPCB",09-09-2026 14:00:00,27.169338,78.03582,CO,19,59,36
India,Uttar Pradesh,Agra,"Shahjahan Garden, Agra - UPPCB",09-09-2026 14:00:00,27.169338,78.03582,OZONE,1,1,1
India,Uttar Pradesh,Baghpat,"Sardar Patel Inter College, Baghpat - UPPCB",09-09-2026 14:00:00,28.964949,77.278761,PM10,56,166,93
India,Uttar Pradesh,Baghpat,"Sardar Patel Inter College, Baghpat - UPPCB",09-09-2026 14:00:00,28.964949,77.278761,OZONE,9,48,31
India,Uttar Pradesh,Bareilly,"Civil Lines, Bareilly - UPPCB",09-09-2026 14:00:00,28.359581,79.414455,PM10,31,53,39
India,Uttar Pradesh,Bareilly,"Civil Lines, Bareilly - UPPCB",09-09-2026 14:00:00,28.359581,79.414455,CO,37,45,40
India,Uttar Pradesh,Bareilly,"Rajendra Nagar, Bareilly - UPPCB",09-09-2026 14:00:00,28.38910936,79.42963708,PM2.5,NA,NA,NA
India,Uttar Pradesh,Bareilly,"Rajendra Nagar, Bareilly - UPPCB",09-09-2026 14:00:00,28.38910936,79.42963708,NO2,NA,NA,NA
India,Uttar Pradesh,Bareilly,"Rajendra Nagar, Bareilly - UPPCB",09-09-2026 14:00:00,28.38910936,79.42963708,CO,18,19,19
India,Uttar Pradesh,Fatehpur Sikri,"Dadupura, Fatehpur Sikri - UPPCB",09-09-2026 14:00:00,27.097694,77.671335,PM2.5,31,55,40
India,Uttar Pradesh,Fatehpur Sikri,"Dadupura, Fatehpur Sikri - UPPCB",09-09-2026 14:00:00,27.097694,77.671335,SO2,10,11,11
India,Uttar Pradesh,Firozabad,"Vibhab Nagar, Firozabad - UPPCB",09-09-2026 14:00:00,27.1594,78.3953,PM10,30,52,44
India,Uttar Pradesh,Firozabad,"Vibhab Nagar, Firozabad - UPPCB",09-09-2026 14:00:00,27.1594,78.3953,NH3,6,7,7
India,Uttar Pradesh,Firozabad,"Nagla Bhau, Firozabad - UPPCB",09-09-2026 14:00:00,27.168897,78.37696,NH3,2,2,2
India,Uttar Pradesh,Firozabad,"Nagla Bhau, Firozabad - UPPCB",09-09-2026 14:00:00,27.168897,78.37696,SO2,11,46,22
India,Uttar Pradesh,Gajraula,"Rajanpur, Gajraula - UPPCB",09-09-2026 14:00:00,28.829109,78.248796,PM2.5,79,175,122
India,Uttar Pradesh,Kanpur,"Nehru Nagar, Kanpur - UPPCB",09-09-2026 14:00:00,26.4703136,80.3229863,PM10,20,84,47
India,Uttar Pradesh,Khora,"Prashant Garden, Khora - UPPCB",09-09-2026 14:00:00,28.61119,77.34206,NH3,5,6,5
India,Uttar Pradesh,Khurja,"Kalindi Kunj, Khurja - UPPCB",09-09-2026 14:00:00,28.2348927,77.8683002,PM10,51,114,91
India,Uttar Pradesh,Khurja,"Kalindi Kunj, Khurja - UPPCB",09-09-2026 14:00:00,28.2348927,77.8683002,NH3,1,1,1
India,Uttar Pradesh,Lucknow,"Gomti Nagar, Lucknow - UPPCB",09-09-2026 14:00:00,26.86812,81.005119,PM2.5,30,222,121
India,Uttar Pradesh,Lucknow,"Gomti Nagar, Lucknow - UPPCB",09-09-2026 14:00:00,26.86812,81.005119,NH3,NA,NA,NA
India,Uttar Pradesh,Lucknow,"Gomti Nagar, Lucknow - UPPCB",09-09-2026 14:00:00,26.86812,81.005119,CO,37,42,41
India,Uttar Pradesh,Lucknow,"Kukrail Picnic Spot-1, Lucknow - UPPCB",09-09-2026 14:00:00,26.90723,80.98579,OZONE,10,10,10
India,Uttar Pradesh,Lucknow,"Talkatora District Industries Center, Lucknow - CPCB",09-09-2026 14:00:00,26.83399722,80.8917361,CO,92,103,96
India,Uttar Pradesh,Lucknow,"Kendriya Vidyalaya, Lucknow - CPCB",09-09-2026 14:00:00,26.906111,80.948222,NH3,8,17,13
India,Uttar Pradesh,Lucknow,"Lalbagh, Lucknow - CPCB",09-09-2026 14:00:00,26.8458805,80.9365541,CO,6,54,32
India,Uttar Pradesh,Lucknow,"Lalbagh, Lucknow - CPCB",09-09-2026 14:00:00,26.8458805,80.9365541,OZONE,34,45,39
India,Uttar Pradesh,Lucknow,"B R Ambedkar University, Lucknow - UPPCB",09-09-2026 14:00:00,26.766433,80.927299,NH3,3,3,3
India,Uttar Pradesh,Meerut,"MIET College, Meerut - UPPCB",09-09-2026 14:00:00,28.972677,77.641018,SO2,2,3,3
India,Uttar Pradesh,Ghaziabad,"Sanjay Nagar, Ghaziabad - UPPCB",09-09-2026 14:00:00,28.685382,77.453839,OZONE,20,54,35
India,Uttar Pradesh,Ghaziabad,"Loni, Ghaziabad - UPPCB",09-09-2026 14:00:00,28.757294,77.278792,NH3,NA,NA,NA
India,Uttar Pradesh,Ghaziabad,"Ved Vihar-Loni, Ghaziabad - UPPCB",09-09-2026 14:00:00,28.739153,77.273668,NH3,3,20,10
India,Uttar Pradesh,Greater Noida,"Knowledge Park - V, Greater Noida - UPPCB",09-09-2026 14:00:00,28.557054,77.453663,NO2,27,65,47
India,Uttar Pradesh,Greater Noida,"Knowledge Park - V, Greater Noida - UPPCB",09-09-2026 14:00:00,28.557054,77.453663,NH3,8,9,9
India,Uttar Pradesh,Greater Noida,"Knowledge Park - V, Greater Noida - UPPCB",09-09-2026 14:00:00,28.557054,77.453663,CO,8,19,12
India,Uttar Pradesh,Greater Noida,"Knowledge Park - III, Greater Noida - UPPCB",09-09-2026 14:00:00,28.47272,77.482,PM2.5,34,300,93
India,Uttar Pradesh,Greater Noida,"Knowledge Park - III, Greater Noida - UPPCB",09-09-2026 14:00:00,28.47272,77.482,OZONE,10,59,31
India,Uttar Pradesh,Hapur,"Anand Vihar, Hapur - UPPCB",09-09-2026 14:00:00,28.725645,77.749675,PM10,88,183,120
India,Uttar Pradesh,Hapur,"Anand Vihar, Hapur - UPPCB",09-09-2026 14:00:00,28.725645,77.749675,SO2,6,27,15
India,Uttar Pradesh,Jhansi,"Shivaji Nagar, Jhansi - UPPCB",09-09-2026 14:00:00,25.4547,78.6039,SO2,20,31,25
India,Uttar Pradesh,Jhansi,"Shivaji Nagar, Jhansi - UPPCB",09-09-2026 14:00:00,25.4547,78.6039,CO,4,37,13
India,Uttar Pradesh,Kanpur,"NSI Kalyanpur, Kanpur - UPPCB",09-09-2026 14:00:00,26.509954,80.249612,PM10,51,111,83
India,Uttar Pradesh,Kanpur,"NSI Kalyanpur, Kanpur - UPPCB",09-09-2026 14:00:00,26.509954,80.249612,NO2,31,32,31
India,Uttar Pradesh,Kanpur,"FTI Kidwai Nagar, Kanpur - UPPCB",09-09-2026 14:00:00,26.428282,80.327067,PM10,54,131,84
India,Uttar Pradesh,Meerut,"Pallavpuram Phase 2, Meerut - UPPCB",09-09-2026 14:00:00,29.06351,77.709723,PM2.5,70,161,118
India,Uttar Pradesh,Meerut,"Ganga Nagar, Meerut - UPPCB",09-09-2026 14:00:00,28.999264,77.7590354,OZONE,24,78,50
India,Uttar Pradesh,Meerut,"Jai Bhim Nagar, Meerut - UPPCB",09-09-2026 14:00:00,28.9535882,77.7622941,SO2,6,10,8
India,Uttar Pradesh,Modinagar,"SRM University, Modinagar - UPPCB",09-09-2026 14:00:00,28.798171,77.540243,PM2.5,54,147,86
India,Uttar Pradesh,Moradabad,"Employment Office, Moradabad - UPPCB",09-09-2026 14:00:00,28.88528,78.7388,NH3,3,3,3
India,Uttar Pradesh,Moradabad,"Employment Office, Moradabad - UPPCB",09-09-2026 14:00:00,28.88528,78.7388,OZONE,19,23,20
India,Uttar Pradesh,Moradabad,"Jigar Colony, Moradabad - UPPCB",09-09-2026 14:00:00,28.856664,78.772638,NH3,6,6,6
India,Uttar Pradesh,Moradabad,"Transport Nagar, Moradabad - UPPCB",09-09-2026 14:00:00,28.802625,78.753728,SO2,21,22,22
India,Uttar Pradesh,Moradabad,"Transport Nagar, Moradabad - UPPCB",09-09-2026 14:00:00,28.802625,78.753728,OZONE,2,305,62
India,Uttar Pradesh,Moradabad,"Eco Herbal Park, Moradabad - UPPCB",09-09-2026 14:00:00,28.840739,78.697531,PM2.5,28,136,79
India,Uttar Pradesh,Moradabad,"Eco Herbal Park, Moradabad - UPPCB",09-09-2026 14:00:00,28.840739,78.697531,OZONE,10,52,28
India,Uttar Pradesh,Moradabad,"Buddhi Vihar, Moradabad - UPPCB",09-09-2026 14:00:00,28.83526,78.7446,PM2.5,42,74,57
India,Uttar Pradesh,Moradabad,"Buddhi Vihar, Moradabad - UPPCB",09-09-2026 14:00:00,28.83526,78.7446,OZONE,30,40,34
India,Uttar Pradesh,Prayagraj,"Motilal Nehru NIT, Prayagraj - UPPCB",09-09-2026 14:00:00,25.494,81.863,PM2.5,8,30,18
India,Uttar Pradesh,Prayagraj,"Motilal Nehru NIT, Prayagraj - UPPCB",09-09-2026 14:00:00,25.494,81.863,PM10,16,53,34
India,Uttar Pradesh,Prayagraj,"Motilal Nehru NIT, Prayagraj - UPPCB",09-09-2026 14:00:00,25.494,81.863,NH3,8,8,8
India,Uttar Pradesh,Prayagraj,"Nagar Nigam, Prayagraj - UPPCB",09-09-2026 14:00:00,25.44919916,81.82735986,PM10,27,174,72
India,Uttar Pradesh,Prayagraj,"Nagar Nigam, Prayagraj - UPPCB",09-09-2026 14:00:00,25.44919916,81.82735986,NH3,5,8,6
India,Uttar Pradesh,Raebareli,"Anand Nagar, Raebareli - UPPCB",09-09-2026 14:00:00,26.219512,81.237648,PM2.5,25,42,35
India,Uttar Pradesh,Raebareli,"Anand Nagar, Raebareli - UPPCB",09-09-2026 14:00:00,26.219512,81.237648,NH3,NA,NA,NA
India,Uttar Pradesh,Raebareli,"Anand Nagar, Raebareli - UPPCB",09-09-2026 14:00:00,26.219512,81.237648,SO2,13,13,13
India,Uttar Pradesh,Raebareli,"Anand Nagar, Raebareli - UPPCB",09-09-2026 14:00:00,26.219512,81.237648,CO,48,83,66
India,Uttar Pradesh,Raebareli,"Anand Nagar, Raebareli - UPPCB",09-09-2026 14:00:00,26.219512,81.237648,OZONE,49,70,60
India,Uttar Pradesh,Raebareli," Indira Nagar, Raebareli - NTPC Unchahar",09-09-2026 14:00:00,26.207781,81.245571,NO2,17,34,24
India,Uttar Pradesh,Raebareli," Indira Nagar, Raebareli - NTPC Unchahar",09-09-2026 14:00:00,26.207781,81.245571,CO,36,39,38
India,Uttar Pradesh,Raebareli," Indira Nagar, Raebareli - NTPC Unchahar",09-09-2026 14:00:00,26.207781,81.245571,OZONE,7,35,22
India,West Bengal,Asansol,"Asansol Court Area, Asansol - WBPCB",09-09-2026 14:00:00,23.685297,86.945968,SO2,10,18,13
India,West Bengal,Asansol,"Asansol Court Area, Asansol - WBPCB",09-09-2026 14:00:00,23.685297,86.945968,CO,25,94,51
India,West Bengal,Asansol,"Mahabir Colliery, Asansol - WBPCB",09-09-2026 14:00:00,23.618183,87.105718,SO2,9,17,10
India,West Bengal,Asansol,"Evelyn Lodge, Asansol - WBPCB",09-09-2026 14:00:00,23.697936,86.944395,PM10,30,79,46
India,West Bengal,Asansol,"Evelyn Lodge, Asansol - WBPCB",09-09-2026 14:00:00,23.697936,86.944395,NH3,4,5,5
India,West Bengal,Asansol,"Evelyn Lodge, Asansol - WBPCB",09-09-2026 14:00:00,23.697936,86.944395,OZONE,5,48,31
India,West Bengal,Barrackpore,"SVSPA Campus, Barrackpore - WBPCB",09-09-2026 14:00:00,22.7605581,88.3617589,CO,36,38,37
India,West Bengal,Durgapur,"Womens College_City Center, Durgapur - WBPCB",09-09-2026 14:00:00,23.549395,87.300496,OZONE,19,20,19
India,West Bengal,Howrah,"Botanical Garden, Howrah - WBPCB",09-09-2026 14:00:00,22.554954,88.292568,PM2.5,2,76,49
India,Uttar Pradesh,Gajraula,"Rajanpur, Gajraula - UPPCB",09-09-2026 14:00:00,28.829109,78.248796,NH3,0,9,3
India,Uttar Pradesh,Ghaziabad,"Vasundhara, Ghaziabad - UPPCB",09-09-2026 14:00:00,28.6603346,77.3572563,PM2.5,25,234,83
India,Uttar Pradesh,Ghaziabad,"Vasundhara, Ghaziabad - UPPCB",09-09-2026 14:00:00,28.6603346,77.3572563,NH3,4,8,6
India,Uttar Pradesh,Ghaziabad,"Vasundhara, Ghaziabad - UPPCB",09-09-2026 14:00:00,28.6603346,77.3572563,OZONE,38,72,46
India,Uttar Pradesh,Ghaziabad,"Indirapuram, Ghaziabad - UPPCB",09-09-2026 14:00:00,28.646233,77.358075,PM2.5,32,253,73
India,Uttar Pradesh,Ghaziabad,"Indirapuram, Ghaziabad - UPPCB",09-09-2026 14:00:00,28.646233,77.358075,NO2,19,63,36
India,Uttar Pradesh,Ghaziabad,"Indirapuram, Ghaziabad - UPPCB",09-09-2026 14:00:00,28.646233,77.358075,NH3,2,6,4
India,Uttar Pradesh,Ghaziabad,"Indirapuram, Ghaziabad - UPPCB",09-09-2026 14:00:00,28.646233,77.358075,CO,24,34,31
India,Uttar Pradesh,Ghaziabad,"Sanjay Nagar, Ghaziabad - UPPCB",09-09-2026 14:00:00,28.685382,77.453839,NO2,28,72,50
India,Uttar Pradesh,Ghaziabad,"Sanjay Nagar, Ghaziabad - UPPCB",09-09-2026 14:00:00,28.685382,77.453839,NH3,5,10,7
India,Uttar Pradesh,Shamli,"New Tehsil, Shamli - UPPCB",09-09-2026 14:00:00,29.4603683,77.3410291,CO,80,101,94
India,Uttar Pradesh,Varanasi,"IESD Banaras Hindu University, Varanasi - UPPCB",09-09-2026 14:00:00,25.262326,82.995408,PM10,12,65,34
India,Uttar Pradesh,Varanasi,"IESD Banaras Hindu University, Varanasi - UPPCB",09-09-2026 14:00:00,25.262326,82.995408,OZONE,1,4,3
India,Uttar Pradesh,Varanasi,"Maldahiya, Varanasi - UPPCB",09-09-2026 14:00:00,25.32393,82.99687,PM10,30,73,52
India,Uttar Pradesh,Varanasi,"Maldahiya, Varanasi - UPPCB",09-09-2026 14:00:00,25.32393,82.99687,CO,10,15,12
India,Uttar Pradesh,Varanasi,"Ardhali Bazar, Varanasi - UPPCB",09-09-2026 14:00:00,25.3505986,82.9083074,CO,14,14,14
India,Uttar Pradesh,Vrindavan," Chhatikara, Vrindavan - UPPCB",09-09-2026 14:00:00,27.57194,77.62346,NH3,3,5,3
India,Uttar Pradesh,Noida,"Sector-1, Noida - UPPCB",09-09-2026 14:00:00,28.5898,77.3101,NO2,NA,NA,NA
India,Uttar Pradesh,Noida,"Sector - 125, Noida - UPPCB",09-09-2026 14:00:00,28.5447608,77.3231257,PM2.5,12,196,62
India,Uttar Pradesh,Noida,"Sector - 62, Noida - IITM",09-09-2026 14:00:00,28.6245479,77.3577104,PM10,102,179,128
India,Uttar Pradesh,Noida,"Sector-116, Noida - UPPCB",09-09-2026 14:00:00,28.56923,77.393848,PM2.5,67,231,122
India,Uttar Pradesh,Noida,"Sector-116, Noida - UPPCB",09-09-2026 14:00:00,28.56923,77.393848,NH3,3,14,8
India,West Bengal,Howrah,"Botanical Garden, Howrah - WBPCB",09-09-2026 14:00:00,22.554954,88.292568,PM10,36,95,60
India,West Bengal,Howrah,"Ghusuri, Howrah - WBPCB",09-09-2026 14:00:00,22.611968,88.347422,PM2.5,39,91,64
India,West Bengal,Howrah,"Ghusuri, Howrah - WBPCB",09-09-2026 14:00:00,22.611968,88.347422,NH3,2,7,3
India,West Bengal,Howrah,"Belur Math, Howrah - WBPCB",09-09-2026 14:00:00,22.629801,88.352017,CO,13,23,17
India,West Bengal,Kolkata,"Victoria, Kolkata - WBPCB",09-09-2026 14:00:00,22.5448082,88.3403691,NO2,33,40,35
India,West Bengal,Kolkata,"Rabindra Sarobar, Kolkata - WBPCB",09-09-2026 14:00:00,22.51106,88.35142,OZONE,8,31,21
India,West Bengal,Kolkata,"Jadavpur, Kolkata - WBPCB",09-09-2026 14:00:00,22.49929,88.36917,OZONE,11,16,13
India,West Bengal,Kolkata,"Rabindra Bharati University, Kolkata - WBPCB",09-09-2026 14:00:00,22.627847,88.380669,OZONE,35,58,43
India,West Bengal,Kolkata,"Fort William, Kolkata - WBPCB",09-09-2026 14:00:00,22.55664,88.342674,PM2.5,29,65,45
India,West Bengal,Kolkata,"Fort William, Kolkata - WBPCB",09-09-2026 14:00:00,22.55664,88.342674,PM10,31,69,48
India,West Bengal,Kolkata,"Fort William, Kolkata - WBPCB",09-09-2026 14:00:00,22.55664,88.342674,NO2,14,32,22
India,West Bengal,Kolkata,"Fort William, Kolkata - WBPCB",09-09-2026 14:00:00,22.55664,88.342674,NH3,7,8,7
India,West Bengal,Kolkata,"Bidhannagar, Kolkata - WBPCB",09-09-2026 14:00:00,22.58157048,88.41002457,NH3,5,7,6
India,West Bengal,Siliguri,"Ward-32 Bapupara, Siliguri - WBPCB",09-09-2026 14:00:00,26.6879226,88.4152495,CO,18,40,28
India,Andhra Pradesh,Nellore,"Ambedkar Nagar, Nellore - APPCB ",09-09-2026 14:00:00,14.438164,79.966814,CO,31,38,35
India,Andhra Pradesh,Rajamahendravaram,"Anand Kala Kshetram, Rajamahendravaram - APPCB",09-09-2026 14:00:00,16.9872867,81.7363176,PM2.5,16,80,38
India,Andhra Pradesh,Rajamahendravaram,"Anand Kala Kshetram, Rajamahendravaram - APPCB",09-09-2026 14:00:00,16.9872867,81.7363176,NH3,2,3,3
India,Andhra Pradesh,Rajamahendravaram,"Anand Kala Kshetram, Rajamahendravaram - APPCB",09-09-2026 14:00:00,16.9872867,81.7363176,OZONE,17,74,48
India,Andhra Pradesh,Tirumala,"Toll Gate, Tirumala - APPCB",09-09-2026 14:00:00,13.67,79.35,PM2.5,NA,NA,NA
India,Andhra Pradesh,Tirupati,"Vaikuntapuram, Tirupati - APPCB",09-09-2026 14:00:00,13.615387,79.40923,NO2,25,30,28
India,Andhra Pradesh,Vijayawada,"Rajiv Gandhi Park, Vijayawada - APPCB",09-09-2026 14:00:00,16.509717,80.612222,NH3,6,8,7
India,Andhra Pradesh,Vijayawada,"Rajiv Gandhi Park, Vijayawada - APPCB",09-09-2026 14:00:00,16.509717,80.612222,CO,31,43,36
India,Andhra Pradesh,Vijayawada,"Rajiv Gandhi Park, Vijayawada - APPCB",09-09-2026 14:00:00,16.509717,80.612222,OZONE,14,16,15
India,Andhra Pradesh,Vijayawada,"HB Colony, Vijayawada - APPCB",09-09-2026 14:00:00,16.536107,80.594233,PM10,55,78,63
India,Andhra Pradesh,Vijayawada,"HB Colony, Vijayawada - APPCB",09-09-2026 14:00:00,16.536107,80.594233,OZONE,14,24,18
India,Andhra Pradesh,Vijayawada,"Rajiv Nagar, Vijayawada - APPCB",09-09-2026 14:00:00,16.554731,80.64911,NH3,4,6,5
India,Andhra Pradesh,Visakhapatnam,"GVM Corporation, Visakhapatnam - APPCB",09-09-2026 14:00:00,17.72,83.3,NH3,2,3,2
India,Arunachal Pradesh,Naharlagun,"Naharlagun, Naharlagun - APSPCB",09-09-2026 14:00:00,27.103358,93.679645,SO2,12,15,12
India,Assam,Byrnihat,"Central Academy for SFS, Byrnihat - PCBA",09-09-2026 14:00:00,26.071318,91.87488,PM2.5,74,247,92
India,Bihar,Gaya,"Kareemganj, Gaya - BSPCB",09-09-2026 14:00:00,24.792403,84.992416,PM10,6,254,96
India,Bihar,Gaya,"Kareemganj, Gaya - BSPCB",09-09-2026 14:00:00,24.792403,84.992416,NO2,NA,NA,NA
India,Bihar,Gaya,"Kareemganj, Gaya - BSPCB",09-09-2026 14:00:00,24.792403,84.992416,NH3,0,2,1
India,Bihar,Gaya,"Kareemganj, Gaya - BSPCB",09-09-2026 14:00:00,24.792403,84.992416,CO,1,44,23
India,Bihar,Hajipur,"Industrial Area, Hajipur - BSPCB",09-09-2026 14:00:00,25.697189,85.2459,PM2.5,24,67,44
India,Bihar,Hajipur,"Industrial Area, Hajipur - BSPCB",09-09-2026 14:00:00,25.697189,85.2459,NO2,13,28,21
India,Bihar,Hajipur,"Industrial Area, Hajipur - BSPCB",09-09-2026 14:00:00,25.697189,85.2459,NH3,12,15,14
India,Bihar,Katihar,"Mirchaibari, Katihar - BSPCB",09-09-2026 14:00:00,25.560083,87.553265,PM2.5,32,58,43
India,Bihar,Katihar,"Mirchaibari, Katihar - BSPCB",09-09-2026 14:00:00,25.560083,87.553265,PM10,32,60,44
India,Bihar,Kishanganj,"SDM Office_Khagra, Kishanganj - BSPCB",09-09-2026 14:00:00,26.0881305,87.93840336,CO,37,44,41
India,Bihar,Kishanganj,"SDM Office_Khagra, Kishanganj - BSPCB",09-09-2026 14:00:00,26.0881305,87.93840336,OZONE,32,35,33
India,Bihar,Motihari,"Gandak Colony, Motihari - BSPCB",09-09-2026 14:00:00,26.63086,84.90051,PM2.5,NA,NA,NA
India,Bihar,Motihari,"Gandak Colony, Motihari - BSPCB",09-09-2026 14:00:00,26.63086,84.90051,PM10,NA,NA,NA
India,Bihar,Muzaffarpur,"MIT-Daudpur Kothi, Muzaffarpur - BSPCB",09-09-2026 14:00:00,26.1403345,85.3650192,NO2,1,6,4
India,Bihar,Muzaffarpur,"Buddha Colony, Muzaffarpur - BSPCB",09-09-2026 14:00:00,26.11442,85.39813,SO2,4,7,5
India,Bihar,Patna,"Govt. High School Shikarpur, Patna - BSPCB",09-09-2026 14:00:00,25.592539,85.227158,SO2,12,14,13
India,Bihar,Patna,"Govt. High School Shikarpur, Patna - BSPCB",09-09-2026 14:00:00,25.592539,85.227158,CO,33,39,37
India,Assam,Sivasagar,"Girls College, Sivasagar - PCBA",09-09-2026 14:00:00,26.987634,94.636574,PM2.5,24,53,36
India,Assam,Sivasagar,"Girls College, Sivasagar - PCBA",09-09-2026 14:00:00,26.987634,94.636574,CO,14,20,16
India,Bihar,Araria,"Kharahiya Basti, Araria - BSPCB",09-09-2026 14:00:00,26.146529,87.454184,SO2,14,27,19
India,Bihar,Begusarai,"Lohiyanagar, Begusarai - BSPCB",09-09-2026 14:00:00,25.42742023,86.13886079,CO,52,72,60
India,Bihar,Begusarai,"Lohiyanagar, Begusarai - BSPCB",09-09-2026 14:00:00,25.42742023,86.13886079,OZONE,27,60,36
India,Bihar,Bettiah,"Kamalnath Nagar, Bettiah - BSPCB",09-09-2026 14:00:00,26.80365,84.51954,PM2.5,22,26,23
India,Bihar,Bhagalpur,"Mayaganj, Bhagalpur - BSPCB",09-09-2026 14:00:00,25.265194,87.012947,PM10,21,259,72
India,Bihar,Bhagalpur,"Mayaganj, Bhagalpur - BSPCB",09-09-2026 14:00:00,25.265194,87.012947,CO,2,4,3
India,Bihar,Buxar,"Charitra Van, Buxar - BSPCB",09-09-2026 14:00:00,25.56752,83.966379,NH3,3,3,3
India,Bihar,Buxar,"Charitra Van, Buxar - BSPCB",09-09-2026 14:00:00,25.56752,83.966379,CO,20,39,32
India,Bihar,Chhapra,"Darshan Nagar, Chhapra - BSPCB",09-09-2026 14:00:00,25.7808257,84.7446768,PM10,110,116,112
India,Bihar,Chhapra,"Darshan Nagar, Chhapra - BSPCB",09-09-2026 14:00:00,25.7808257,84.7446768,SO2,27,30,28
India,Bihar,Chhapra,"Darshan Nagar, Chhapra - BSPCB",09-09-2026 14:00:00,25.7808257,84.7446768,OZONE,0,3,2
India,Bihar,Gaya,"SFTI Kusdihra, Gaya - BSPCB",09-09-2026 14:00:00,24.762518,84.982348,CO,24,30,26
India,Assam,Byrnihat,"Central Academy for SFS, Byrnihat - PCBA",09-09-2026 14:00:00,26.071318,91.87488,PM10,69,141,81
India,Assam,Byrnihat,"Central Academy for SFS, Byrnihat - PCBA",09-09-2026 14:00:00,26.071318,91.87488,NH3,4,5,4
India,Assam,Guwahati,"LGBI Airport, Guwahati - PCBA",09-09-2026 14:00:00,26.10887,91.589544,NH3,4,70,7
India,Assam,Guwahati,"LGBI Airport, Guwahati - PCBA",09-09-2026 14:00:00,26.10887,91.589544,SO2,10,14,12
India,Assam,Guwahati,"Railway Colony, Guwahati - PCBA",09-09-2026 14:00:00,26.181742,91.78063,PM2.5,16,108,63
India,Assam,Guwahati,"IITG, Guwahati - PCBA",09-09-2026 14:00:00,26.2028636,91.70046436,PM10,6,23,17
India,Assam,Guwahati,"IITG, Guwahati - PCBA",09-09-2026 14:00:00,26.2028636,91.70046436,SO2,32,33,33
India,Assam,Guwahati,"Pan Bazaar, Guwahati - PCBA",09-09-2026 14:00:00,26.1875,91.744194,PM10,NA,NA,NA
India,Assam,Guwahati,"Pan Bazaar, Guwahati - PCBA",09-09-2026 14:00:00,26.1875,91.744194,SO2,31,37,34
India,Assam,Guwahati,"Pan Bazaar, Guwahati - PCBA",09-09-2026 14:00:00,26.1875,91.744194,OZONE,13,18,16
India,Assam,Nagaon,"Christianpatty, Nagaon - PCBA",09-09-2026 14:00:00,26.349082,92.68449,PM2.5,46,90,63
India,Assam,Silchar,"Tarapur, Silchar - PCBA",09-09-2026 14:00:00,24.82827,92.79525,PM2.5,28,54,39
India,Assam,Silchar,"Tarapur, Silchar - PCBA",09-09-2026 14:00:00,24.82827,92.79525,NH3,1,1,1
India,Assam,Silchar,"Tarapur, Silchar - PCBA",09-09-2026 14:00:00,24.82827,92.79525,CO,30,50,41
India,Assam,Silchar,"Tarapur, Silchar - PCBA",09-09-2026 14:00:00,24.82827,92.79525,OZONE,5,8,6
India,Chhattisgarh,Chhal,"Nawapara SECL Colony, Chhal - CECB",09-09-2026 14:00:00,22.118125,83.140608,CO,15,34,23
India,Chhattisgarh,Chhal,"Nawapara SECL Colony, Chhal - CECB",09-09-2026 14:00:00,22.118125,83.140608,OZONE,33,40,35
India,Chhattisgarh,Korba,"Rampur, Korba - CECB",09-09-2026 14:00:00,22.368195,82.746431,OZONE,16,47,32
India,Chhattisgarh,Korba,"Urja Nagar, Korba - CECB",09-09-2026 14:00:00,22.348441,82.549611,PM10,19,50,34
India,Chhattisgarh,Kunjemura,"OP Jindal School, Kunjemura - CECB",09-09-2026 14:00:00,22.12665,83.483212,CO,16,34,23
India,Chhattisgarh,Milupara,"Govt. Higher Secondary School, Milupara - CECB",09-09-2026 14:00:00,22.1910172,83.5197009,PM2.5,9,228,35
India,Chhattisgarh,Milupara,"Govt. Higher Secondary School, Milupara - CECB",09-09-2026 14:00:00,22.1910172,83.5197009,NO2,8,47,19
India,Chhattisgarh,Raipur,"Krishak Nagar, Raipur - CECB",09-09-2026 14:00:00,21.237755,81.705301,NH3,2,2,2
India,Chhattisgarh,Raipur,"Siltara Phase-II, Raipur - CECB",09-09-2026 14:00:00,21.371751,81.664929,PM10,54,115,80
India,Chhattisgarh,Tumidih,"OP Jindal Industrial Park, Tumidih - CECB",09-09-2026 14:00:00,22.06631475,83.33820077,PM10,20,74,40
India,Chhattisgarh,Tumidih,"OP Jindal Industrial Park, Tumidih - CECB",09-09-2026 14:00:00,22.06631475,83.33820077,SO2,5,5,5
India,Delhi,Delhi,"Okhla Phase-2, Delhi - DPCC",09-09-2026 14:00:00,28.530785,77.271255,NH3,2,7,4
India,Delhi,Delhi,"Cantonment Area, Delhi - DPCC",09-09-2026 14:00:00,28.594169,77.1251,NH3,2,6,4
India,Delhi,Delhi,"Narela, Delhi - DPCC",09-09-2026 14:00:00,28.822836,77.101981,NO2,8,21,12
India,Delhi,Delhi,"Sirifort, Delhi - CPCB",09-09-2026 14:00:00,28.5504249,77.2159377,PM2.5,40,114,76
India,Delhi,Delhi,"Sirifort, Delhi - CPCB",09-09-2026 14:00:00,28.5504249,77.2159377,NO2,34,48,41
India,Delhi,Delhi,"Pusa, Delhi - DPCC",09-09-2026 14:00:00,28.639652,77.146275,NO2,13,68,36
India,Delhi,Delhi,"Pusa, Delhi - DPCC",09-09-2026 14:00:00,28.639652,77.146275,CO,60,93,77
India,Delhi,Delhi,"Mandir Marg, Delhi - DPCC",09-09-2026 14:00:00,28.636429,77.201067,PM10,64,137,111
India,Delhi,Delhi,"Shadipur, Delhi - CPCB",09-09-2026 14:00:00,28.6514781,77.1473105,SO2,5,29,14
India,Delhi,Delhi,"R K Puram, Delhi - DPCC",09-09-2026 14:00:00,28.563262,77.186937,SO2,NA,NA,NA
India,Bihar,Patna,"Muradpur, Patna - BSPCB",09-09-2026 14:00:00,25.619651,85.147382,PM2.5,NA,NA,NA
India,Bihar,Patna,"DRM Office Danapur, Patna - BSPCB",09-09-2026 14:00:00,25.586562,85.043586,SO2,5,7,6
India,Bihar,Rajgir,"Dangi Tola, Rajgir - BSPCB",09-09-2026 14:00:00,25.0328,85.41948,NH3,3,3,3
India,Bihar,Saharsa,"Police Line, Saharsa - BSPCB",09-09-2026 14:00:00,25.892357,86.590325,NO2,6,11,7
India,Bihar,Saharsa,"Police Line, Saharsa - BSPCB",09-09-2026 14:00:00,25.892357,86.590325,CO,34,42,38
India,Bihar,Samastipur,"DM Office_Kasipur, Samastipur - BSPCB",09-09-2026 14:00:00,25.859655,85.77944,NH3,1,1,1
India,Bihar,Samastipur,"DM Office_Kasipur, Samastipur - BSPCB",09-09-2026 14:00:00,25.859655,85.77944,CO,NA,NA,NA
India,Bihar,Samastipur,"DM Office_Kasipur, Samastipur - BSPCB",09-09-2026 14:00:00,25.859655,85.77944,OZONE,6,7,6
India,Bihar,Sasaram,"Dada Peer, Sasaram - BSPCB",09-09-2026 14:00:00,24.952822,84.002396,OZONE,NA,NA,NA
India,Andhra Pradesh,Guntur,"Rajendra Nagar North, Guntur - APPCB",09-09-2026 14:00:00,16.316553,80.413302,OZONE,14,52,29
India,Andhra Pradesh,Kadapa,"Yerramukkapalli, Kadapa - APPCB",09-09-2026 14:00:00,14.465052,78.824187,SO2,9,18,15
India,Andhra Pradesh,Kadapa,"Yerramukkapalli, Kadapa - APPCB",09-09-2026 14:00:00,14.465052,78.824187,CO,17,25,21
India,Andhra Pradesh,Kadapa,"Yerramukkapalli, Kadapa - APPCB",09-09-2026 14:00:00,14.465052,78.824187,OZONE,41,49,46
India,Andhra Pradesh,Kurnool,"Sita Rama Nagar, Kurnool - APPCB",09-09-2026 14:00:00,15.83411,78.028546,PM2.5,22,58,39
India,Andhra Pradesh,Kurnool,"Sita Rama Nagar, Kurnool - APPCB",09-09-2026 14:00:00,15.83411,78.028546,NO2,25,37,28
India,Andhra Pradesh,Kurnool,"Sita Rama Nagar, Kurnool - APPCB",09-09-2026 14:00:00,15.83411,78.028546,SO2,10,11,11
India,Andhra Pradesh,Nellore,"Ambedkar Nagar, Nellore - APPCB ",09-09-2026 14:00:00,14.438164,79.966814,PM2.5,63,72,67
India,Chandigarh,Chandigarh,"Sector-53, Chandigarh - CPCC",09-09-2026 14:00:00,30.719859,76.738637,SO2,NA,NA,NA
India,Chandigarh,Chandigarh,"Sector-53, Chandigarh - CPCC",09-09-2026 14:00:00,30.719859,76.738637,CO,25,39,33
India,Chandigarh,Chandigarh,"Sector-53, Chandigarh - CPCC",09-09-2026 14:00:00,30.719859,76.738637,OZONE,11,38,24
India,Chandigarh,Chandigarh,"Sector 22, Chandigarh - CPCC",09-09-2026 14:00:00,30.735567,76.775714,CO,35,41,38
India,Chhattisgarh,Bhilai,"32Bungalows, Bhilai - CECB",09-09-2026 14:00:00,21.194815,81.31477,CO,11,15,13
India,Chhattisgarh,Bilaspur,"Mangala, Bilaspur - NTPC",09-09-2026 14:00:00,22.08815,82.13737,SO2,7,19,12
India,Andhra Pradesh,Anantapur,"Gulzarpet, Anantapur - APPCB",09-09-2026 14:00:00,14.675886,77.593027,NH3,3,6,4
India,Andhra Pradesh,Chittoor,"Gangineni Cheruvu, Chittoor - APPCB",09-09-2026 14:00:00,13.20488,79.097889,NO2,NA,NA,NA
India,Andhra Pradesh,Chittoor,"Gangineni Cheruvu, Chittoor - APPCB",09-09-2026 14:00:00,13.20488,79.097889,SO2,NA,NA,NA
India,Andhra Pradesh,Eluru,"District Court, Eluru - APPCB",09-09-2026 14:00:00,16.711754,81.092095,SO2,10,15,12
India,Delhi,Delhi,"Punjabi Bagh, Delhi - DPCC",09-09-2026 14:00:00,28.674045,77.131023,PM10,90,187,139
India,Delhi,Delhi,"Punjabi Bagh, Delhi - DPCC",09-09-2026 14:00:00,28.674045,77.131023,OZONE,19,33,26
India,Delhi,Delhi,"NSUT Jaffarpur, Delhi - DPCC",09-09-2026 14:00:00,28.594004,76.909423,PM2.5,30,117,64
India,Delhi,Delhi,"NSUT Jaffarpur, Delhi - DPCC",09-09-2026 14:00:00,28.594004,76.909423,SO2,1,3,2
India,Delhi,Delhi,"IIT Delhi, Delhi - IITM",09-09-2026 14:00:00,28.54246,77.191651,NH3,NA,NA,NA
India,Delhi,Delhi,"IIT Delhi, Delhi - IITM",09-09-2026 14:00:00,28.54246,77.191651,SO2,NA,NA,NA
India,Delhi,Delhi,"Commonwealth Sports Complex, Delhi - DPCC",09-09-2026 14:00:00,28.615828,77.271992,SO2,1,7,3
India,Delhi,Delhi,"Dr. Karni Singh Shooting Range, Delhi - DPCC",09-09-2026 14:00:00,28.498571,77.26484,PM2.5,18,98,55
India,Delhi,Delhi,"Dr. Karni Singh Shooting Range, Delhi - DPCC",09-09-2026 14:00:00,28.498571,77.26484,NH3,4,10,6
India,Delhi,Delhi,"Dwarka-Sector 8, Delhi - DPCC ",09-09-2026 14:00:00,28.5710274,77.0719006,PM2.5,15,77,42
India,Delhi,Delhi,"Dwarka-Sector 8, Delhi - DPCC ",09-09-2026 14:00:00,28.5710274,77.0719006,NH3,3,7,5
India,Delhi,Delhi,"Dwarka-Sector 8, Delhi - DPCC ",09-09-2026 14:00:00,28.5710274,77.0719006,SO2,15,22,19
India,Delhi,Delhi,"DTU, Delhi - CPCB",09-09-2026 14:00:00,28.7500499,77.1112615,PM2.5,38,130,65
India,Delhi,Delhi,"DTU, Delhi - CPCB",09-09-2026 14:00:00,28.7500499,77.1112615,PM10,96,178,117
India,Delhi,Delhi,"DTU, Delhi - CPCB",09-09-2026 14:00:00,28.7500499,77.1112615,SO2,32,33,33
India,Delhi,Delhi,"Anand Vihar, Delhi - DPCC",09-09-2026 14:00:00,28.647622,77.315809,PM2.5,25,103,55
India,Delhi,Delhi,"Anand Vihar, Delhi - DPCC",09-09-2026 14:00:00,28.647622,77.315809,PM10,40,133,86
India,Delhi,Delhi,"Anand Vihar, Delhi - DPCC",09-09-2026 14:00:00,28.647622,77.315809,NO2,20,67,38
India,Delhi,Delhi,"Anand Vihar, Delhi - DPCC",09-09-2026 14:00:00,28.647622,77.315809,SO2,15,33,27
India,Delhi,Delhi,"Talkatora Garden, Delhi - DPCC",09-09-2026 14:00:00,28.62181,77.1944633,OZONE,9,50,33
India,Delhi,Delhi,"Alipur, Delhi - DPCC",09-09-2026 14:00:00,28.815329,77.15301,PM2.5,22,95,56
India,Delhi,Delhi,"Ashok Vihar, Delhi - DPCC",09-09-2026 14:00:00,28.695381,77.181665,NO2,15,70,29
India,Delhi,Delhi,"Ashok Vihar, Delhi - DPCC",09-09-2026 14:00:00,28.695381,77.181665,SO2,32,39,36
India,Delhi,Delhi,"Ashok Vihar, Delhi - DPCC",09-09-2026 14:00:00,28.695381,77.181665,OZONE,5,6,6
India,Delhi,Delhi,"Mundka, Delhi - DPCC",09-09-2026 14:00:00,28.684678,77.076574,NO2,74,92,81
India,Delhi,Delhi,"Wazirpur, Delhi - DPCC",09-09-2026 14:00:00,28.699793,77.165453,SO2,25,29,27
India,Delhi,Delhi,"Najafgarh, Delhi - DPCC",09-09-2026 14:00:00,28.570173,76.933762,NO2,7,34,15
India,Delhi,Delhi,"Najafgarh, Delhi - DPCC",09-09-2026 14:00:00,28.570173,76.933762,CO,16,20,18
India,Delhi,Delhi,"JNU, Delhi - DPCC",09-09-2026 14:00:00,28.540721,77.168544,NO2,6,46,26
India,Delhi,Delhi,"IMD Lodhi Road, Delhi - IITM",09-09-2026 14:00:00,28.5918245,77.2273074,PM2.5,30,89,58
India,Delhi,Delhi,"IMD Lodhi Road, Delhi - IITM",09-09-2026 14:00:00,28.5918245,77.2273074,PM10,76,139,115
India,Delhi,Delhi,"IMD Lodhi Road, Delhi - IITM",09-09-2026 14:00:00,28.5918245,77.2273074,SO2,NA,NA,NA
India,Delhi,Delhi,"Burari Crossing, Delhi - IITM",09-09-2026 14:00:00,28.7256504,77.2011573,PM2.5,21,98,62
India,Delhi,Delhi,"Burari Crossing, Delhi - IITM",09-09-2026 14:00:00,28.7256504,77.2011573,PM10,86,157,119
India,Delhi,Delhi,"Jawaharlal Nehru Stadium, Delhi - DPCC",09-09-2026 14:00:00,28.58028,77.233829,NO2,7,46,15
India,Delhi,Delhi,"Jawaharlal Nehru Stadium, Delhi - DPCC",09-09-2026 14:00:00,28.58028,77.233829,OZONE,19,39,29
India,Delhi,Delhi,"Jahangirpuri, Delhi - DPCC",09-09-2026 14:00:00,28.73282,77.170633,CO,38,101,73
India,Delhi,Delhi,"Jahangirpuri, Delhi - DPCC",09-09-2026 14:00:00,28.73282,77.170633,OZONE,14,23,17
India,Delhi,Delhi,"Vivek Vihar, Delhi - DPCC",09-09-2026 14:00:00,28.672342,77.31526,PM2.5,34,82,51
India,Delhi,Delhi,"Rohini, Delhi - DPCC",09-09-2026 14:00:00,28.732528,77.11992,CO,27,33,30
India,Delhi,Delhi,"Rohini, Delhi - DPCC",09-09-2026 14:00:00,28.732528,77.11992,OZONE,12,18,15
India,Delhi,Delhi,"CRRI Mathura Road, Delhi - IITM",09-09-2026 14:00:00,28.5512005,77.2735737,PM2.5,37,118,72
India,Delhi,Delhi,"CRRI Mathura Road, Delhi - IITM",09-09-2026 14:00:00,28.5512005,77.2735737,SO2,NA,NA,NA
India,Delhi,Delhi,"Aya Nagar, Delhi - IITM",09-09-2026 14:00:00,28.4706914,77.1099364,NH3,NA,NA,NA
India,Delhi,Delhi,"Aya Nagar, Delhi - IITM",09-09-2026 14:00:00,28.4706914,77.1099364,OZONE,16,34,25
India,Delhi,Delhi,"Sonia Vihar, Delhi - DPCC",09-09-2026 14:00:00,28.710508,77.249485,NO2,17,38,27
India,Delhi,Delhi,"Sonia Vihar, Delhi - DPCC",09-09-2026 14:00:00,28.710508,77.249485,OZONE,12,22,15
India,Delhi,Delhi,"NSIT Dwarka, Delhi - CPCB",09-09-2026 14:00:00,28.60909,77.0325413,PM10,68,139,108
India,Delhi,Delhi,"NSIT Dwarka, Delhi - CPCB",09-09-2026 14:00:00,28.60909,77.0325413,OZONE,15,15,15
India,Delhi,Delhi,"IGNOU_Maidan Garhi, Delhi - DPCC",09-09-2026 14:00:00,28.493624,77.201159,PM2.5,4,41,24
India,Delhi,Delhi,"IGI Airport (T3), Delhi - IITM",09-09-2026 14:00:00,28.5627763,77.1180053,PM2.5,13,81,48
India,Delhi,Delhi,"IGI Airport (T3), Delhi - IITM",09-09-2026 14:00:00,28.5627763,77.1180053,SO2,NA,NA,NA
India,Delhi,Delhi,"Pusa, Delhi - IITM",09-09-2026 14:00:00,28.63611,77.173332,PM2.5,11,133,58
India,Gujarat,Bhavnagar,"Vidhyanagar, Bhavnagar - Nexteng Enviro",09-09-2026 14:00:00,21.755417,72.139056,PM10,16,66,37
India,Gujarat,Gandhinagar,"IIPHG Lekawada, Gandhinagar - IITM",09-09-2026 14:00:00,23.243639,72.68994,PM10,51,81,64
India,Gujarat,Gandhinagar,"IIPHG Lekawada, Gandhinagar - IITM",09-09-2026 14:00:00,23.243639,72.68994,OZONE,1,5,3
India,Delhi,Delhi,"Najafgarh, Delhi - DPCC",09-09-2026 14:00:00,28.570173,76.933762,CO,16,20,18
India,Delhi,Delhi,"JNU, Delhi - DPCC",09-09-2026 14:00:00,28.540721,77.168544,NO2,6,46,26
India,Delhi,Delhi,"Aya Nagar, Delhi - IITM",09-09-2026 14:00:00,28.4706914,77.1099364,NH3,NA,NA,NA
India,Delhi,Delhi,"Aya Nagar, Delhi - IITM",09-09-2026 14:00:00,28.4706914,77.1099364,OZONE,16,34,25
India,Delhi,Delhi,"Sonia Vihar, Delhi - DPCC",09-09-2026 14:00:00,28.710508,77.249485,NO2,17,38,27
India,Delhi,Delhi,"Sonia Vihar, Delhi - DPCC",09-09-2026 14:00:00,28.710508,77.249485,OZONE,12,22,15
India,Delhi,Delhi,"NSIT Dwarka, Delhi - CPCB",09-09-2026 14:00:00,28.60909,77.0325413,PM10,68,139,108
India,Delhi,Delhi,"NSIT Dwarka, Delhi - CPCB",09-09-2026 14:00:00,28.60909,77.0325413,OZONE,15,15,15
India,Delhi,Delhi,"IGNOU_Maidan Garhi, Delhi - DPCC",09-09-2026 14:00:00,28.493624,77.201159,PM2.5,4,41,24
India,Delhi,Delhi,"IGI Airport (T3), Delhi - IITM",09-09-2026 14:00:00,28.5627763,77.1180053,PM2.5,13,81,48
India,Delhi,Delhi,"IGI Airport (T3), Delhi - IITM",09-09-2026 14:00:00,28.5627763,77.1180053,SO2,NA,NA,NA
India,Delhi,Delhi,"Pusa, Delhi - IITM",09-09-2026 14:00:00,28.63611,77.173332,PM2.5,11,133,58
India,Gujarat,Ahmedabad,"Chandkheda, Ahmedabad - IITM",09-09-2026 14:00:00,23.107969,72.574648,NO2,7,31,12
India,Delhi,Delhi,"IMD Lodhi Road, Delhi - IITM",09-09-2026 14:00:00,28.5918245,77.2273074,PM2.5,30,89,58
India,Delhi,Delhi,"IMD Lodhi Road, Delhi - IITM",09-09-2026 14:00:00,28.5918245,77.2273074,PM10,76,139,115
India,Delhi,Delhi,"IMD Lodhi Road, Delhi - IITM",09-09-2026 14:00:00,28.5918245,77.2273074,SO2,NA,NA,NA
India,Delhi,Delhi,"Burari Crossing, Delhi - IITM",09-09-2026 14:00:00,28.7256504,77.2011573,PM2.5,21,98,62
India,Delhi,Delhi,"Burari Crossing, Delhi - IITM",09-09-2026 14:00:00,28.7256504,77.2011573,PM10,86,157,119
India,Delhi,Delhi,"Jawaharlal Nehru Stadium, Delhi - DPCC",09-09-2026 14:00:00,28.58028,77.233829,NO2,7,46,15
India,Delhi,Delhi,"Jawaharlal Nehru Stadium, Delhi - DPCC",09-09-2026 14:00:00,28.58028,77.233829,OZONE,19,39,29
India,Delhi,Delhi,"Patparganj, Delhi - DPCC",09-09-2026 14:00:00,28.623763,77.287209,CO,28,36,29
India,Delhi,Delhi,"Nehru Nagar, Delhi - DPCC",09-09-2026 14:00:00,28.56789,77.250515,PM10,98,304,149
India,Delhi,Delhi,"Sri Aurobindo Marg, Delhi - DPCC",09-09-2026 14:00:00,28.531346,77.190156,PM10,83,169,111
India,Delhi,Delhi,"Cantonment Area, Delhi - DPCC",09-09-2026 14:00:00,28.594169,77.1251,NH3,2,6,4
India,Delhi,Delhi,"Narela, Delhi - DPCC",09-09-2026 14:00:00,28.822836,77.101981,NO2,8,21,12
India,Delhi,Delhi,"Sirifort, Delhi - CPCB",09-09-2026 14:00:00,28.5504249,77.2159377,PM2.5,40,114,76
India,Delhi,Delhi,"Sirifort, Delhi - CPCB",09-09-2026 14:00:00,28.5504249,77.2159377,NO2,34,48,41
India,Delhi,Delhi,"Pusa, Delhi - DPCC",09-09-2026 14:00:00,28.639652,77.146275,NO2,13,68,36
India,Delhi,Delhi,"Pusa, Delhi - DPCC",09-09-2026 14:00:00,28.639652,77.146275,CO,60,93,77
India,Delhi,Delhi,"Mandir Marg, Delhi - DPCC",09-09-2026 14:00:00,28.636429,77.201067,PM10,64,137,111
India,Delhi,Delhi,"Shadipur, Delhi - CPCB",09-09-2026 14:00:00,28.6514781,77.1473105,SO2,5,29,14
India,Delhi,Delhi,"R K Puram, Delhi - DPCC",09-09-2026 14:00:00,28.563262,77.186937,SO2,NA,NA,NA
India,Delhi,Delhi,"IHBAS, Dilshad Garden, Delhi - CPCB",09-09-2026 14:00:00,28.6811736,77.3025234,PM10,73,107,90
India,Delhi,Delhi,"Jahangirpuri, Delhi - DPCC",09-09-2026 14:00:00,28.73282,77.170633,CO,38,101,73
India,Delhi,Delhi,"Jahangirpuri, Delhi - DPCC",09-09-2026 14:00:00,28.73282,77.170633,OZONE,14,23,17
India,Delhi,Delhi,"Vivek Vihar, Delhi - DPCC",09-09-2026 14:00:00,28.672342,77.31526,PM2.5,34,82,51
India,Delhi,Delhi,"Rohini, Delhi - DPCC",09-09-2026 14:00:00,28.732528,77.11992,CO,27,33,30
India,Delhi,Delhi,"Rohini, Delhi - DPCC",09-09-2026 14:00:00,28.732528,77.11992,OZONE,12,18,15
India,Delhi,Delhi,"CRRI Mathura Road, Delhi - IITM",09-09-2026 14:00:00,28.5512005,77.2735737,PM2.5,37,118,72
India,Delhi,Delhi,"CRRI Mathura Road, Delhi - IITM",09-09-2026 14:00:00,28.5512005,77.2735737,SO2,NA,NA,NA
India,Kerala,Thiruvananthapuram,"Kariavattom, Thiruvananthapuram - Kerala PCB",09-09-2026 14:00:00,8.5637,76.8865,NH3,0,0,0
India,Kerala,Thiruvananthapuram,"Kariavattom, Thiruvananthapuram - Kerala PCB",09-09-2026 14:00:00,8.5637,76.8865,CO,20,23,22
India,Kerala,Thrissur,"Corporation Ground, Thrissur - Kerala PCB",09-09-2026 14:00:00,10.5324,76.2159,PM2.5,39,56,48
India,Kerala,Thrissur,"Corporation Ground, Thrissur - Kerala PCB",09-09-2026 14:00:00,10.5324,76.2159,NO2,7,9,8
India,Kerala,Thrissur,"Corporation Ground, Thrissur - Kerala PCB",09-09-2026 14:00:00,10.5324,76.2159,NH3,0,0,0
India,Kerala,Thrissur,"Corporation Ground, Thrissur - Kerala PCB",09-09-2026 14:00:00,10.5324,76.2159,SO2,0,0,0
India,Kerala,Thrissur,"Corporation Ground, Thrissur - Kerala PCB",09-09-2026 14:00:00,10.5324,76.2159,CO,13,17,15
India,Madhya Pradesh,Bhopal,"Paryavaran Parisar, Bhopal - MPPCB",09-09-2026 14:00:00,23.210494,77.425409,PM10,55,101,77
India,Madhya Pradesh,Bhopal,"Idgah Hills, Bhopal - MPPCB",09-09-2026 14:00:00,23.264759,77.381568,PM2.5,37,67,47
India,Madhya Pradesh,Bhopal,"Idgah Hills, Bhopal - MPPCB",09-09-2026 14:00:00,23.264759,77.381568,CO,10,30,21
India,Madhya Pradesh,Bhopal,"T T Nagar, Bhopal - MPPCB",09-09-2026 14:00:00,23.233584,77.400574,SO2,18,28,23
India,Madhya Pradesh,Damoh,"Shrivastav Colony, Damoh - MPPCB",09-09-2026 14:00:00,23.81748678,79.446246,PM2.5,NA,NA,NA
India,Madhya Pradesh,Dewas,"Bhopal Chauraha, Dewas - MPPCB",09-09-2026 14:00:00,22.9682591,76.064118,PM2.5,21,60,41
India,Madhya Pradesh,Dewas,"Bhopal Chauraha, Dewas - MPPCB",09-09-2026 14:00:00,22.9682591,76.064118,NH3,1,2,2
India,Madhya Pradesh,Dewas,"Bhopal Chauraha, Dewas - MPPCB",09-09-2026 14:00:00,22.9682591,76.064118,SO2,47,71,55
India,Madhya Pradesh,Dewas,"Bhopal Chauraha, Dewas - MPPCB",09-09-2026 14:00:00,22.9682591,76.064118,OZONE,26,134,52
India,Madhya Pradesh,Gwalior,"City Center, Gwalior - MPPCB",09-09-2026 14:00:00,26.203442,78.193251,NO2,20,51,36
India,Madhya Pradesh,Gwalior,"City Center, Gwalior - MPPCB",09-09-2026 14:00:00,26.203442,78.193251,CO,24,44,37
India,Madhya Pradesh,Gwalior,"Maharaj Bada, Gwalior - MPPCB",09-09-2026 14:00:00,26.200388,78.147714,PM2.5,13,75,38
India,Madhya Pradesh,Gwalior,"Maharaj Bada, Gwalior - MPPCB",09-09-2026 14:00:00,26.200388,78.147714,SO2,3,31,10
India,Madhya Pradesh,Gwalior,"Deen Dayal Nagar, Gwalior - MPPCB",09-09-2026 14:00:00,26.259242,78.216432,PM2.5,18,43,29
India,Madhya Pradesh,Gwalior,"Deen Dayal Nagar, Gwalior - MPPCB",09-09-2026 14:00:00,26.259242,78.216432,NH3,4,6,5
India,Madhya Pradesh,Indore,"Chhoti Gwaltoli, Indore - MPPCB",09-09-2026 14:00:00,22.431,75.5213,PM2.5,45,86,67
India,Madhya Pradesh,Indore,"Chhoti Gwaltoli, Indore - MPPCB",09-09-2026 14:00:00,22.431,75.5213,PM10,52,101,79
India,Madhya Pradesh,Indore,"Residency Area, Indore - IMC",09-09-2026 14:00:00,22.7084,75.8815,PM10,39,68,51
India,Madhya Pradesh,Indore,"Residency Area, Indore - IMC",09-09-2026 14:00:00,22.7084,75.8815,NO2,0,5,2
India,Madhya Pradesh,Indore,"Residency Area, Indore - IMC",09-09-2026 14:00:00,22.7084,75.8815,OZONE,5,9,6
India,Madhya Pradesh,Indore,"Airport Area, Indore - IMC",09-09-2026 14:00:00,22.7289,75.8076,PM2.5,41,313,75
India,Madhya Pradesh,Indore,"Airport Area, Indore - IMC",09-09-2026 14:00:00,22.7289,75.8076,NH3,0,0,0
India,Madhya Pradesh,Indore,"Airport Area, Indore - IMC",09-09-2026 14:00:00,22.7289,75.8076,SO2,9,11,10
India,Madhya Pradesh,Indore,"Regional Park, Indore - IMC",09-09-2026 14:00:00,22.678,75.8559,PM10,10,45,34
India,Madhya Pradesh,Jabalpur,"Govindh Bhavan Colony, Jabalpur - JMC",09-09-2026 14:00:00,23.163174,79.973061,OZONE,14,74,44
India,Madhya Pradesh,Jabalpur,"Marhatal, Jabalpur - MPPCB",09-09-2026 14:00:00,23.168606,79.932247,PM10,17,37,28
India,Madhya Pradesh,Jabalpur,"Suhagi, Jabalpur - JMC",09-09-2026 14:00:00,23.218135,79.95777,OZONE,22,52,36
India,Madhya Pradesh,Katni,"Gole Bazar, Katni - MPPCB",09-09-2026 14:00:00,23.50016,80.23284,NO2,11,19,14
India,Madhya Pradesh,Katni,"Gole Bazar, Katni - MPPCB",09-09-2026 14:00:00,23.50016,80.23284,NH3,3,4,4
India,Madhya Pradesh,Katni,"Gole Bazar, Katni - MPPCB",09-09-2026 14:00:00,23.50016,80.23284,CO,28,39,32
India,Jammu and Kashmir,Srinagar,"Khunmoh, Srinagar - JKPCC",09-09-2026 14:00:00,34.06313,74.96017,PM10,61,137,82
India,Jammu and Kashmir,Srinagar,"Khunmoh, Srinagar - JKPCC",09-09-2026 14:00:00,34.06313,74.96017,NO2,7,67,25
India,Jammu and Kashmir,Srinagar,"Khunmoh, Srinagar - JKPCC",09-09-2026 14:00:00,34.06313,74.96017,OZONE,NA,NA,NA
India,Jharkhand,Jorapokhar,"Tata Stadium, Jorapokhar - JSPCB",09-09-2026 14:00:00,23.707909,86.41467,NO2,8,8,8
India,Karnataka,Bengaluru,"Silk Board, Bengaluru - KSPCB",09-09-2026 14:00:00,12.917348,77.622813,SO2,19,24,21
India,Karnataka,Bengaluru,"Silk Board, Bengaluru - KSPCB",09-09-2026 14:00:00,12.917348,77.622813,CO,37,68,53
India,Karnataka,Bengaluru,"Bapuji Nagar, Bengaluru - KSPCB",09-09-2026 14:00:00,12.951913,77.539784,PM2.5,19,68,34
India,Karnataka,Bengaluru,"Bapuji Nagar, Bengaluru - KSPCB",09-09-2026 14:00:00,12.951913,77.539784,CO,9,32,24
India,Karnataka,Bengaluru,"Bapuji Nagar, Bengaluru - KSPCB",09-09-2026 14:00:00,12.951913,77.539784,OZONE,20,27,23
India,Karnataka,Bengaluru,"Jigani, Bengaluru - KSPCB",09-09-2026 14:00:00,12.7816279,77.6299145,PM2.5,NA,NA,NA
India,Karnataka,Bengaluru,"Jigani, Bengaluru - KSPCB",09-09-2026 14:00:00,12.7816279,77.6299145,PM10,NA,NA,NA
India,Karnataka,Bengaluru,"Jigani, Bengaluru - KSPCB",09-09-2026 14:00:00,12.7816279,77.6299145,CO,25,26,26
India,Karnataka,Bengaluru,"Peenya, Bengaluru - CPCB",09-09-2026 14:00:00,13.0270199,77.494094,PM2.5,NA,NA,NA
India,Karnataka,Bengaluru,"Peenya, Bengaluru - CPCB",09-09-2026 14:00:00,13.0270199,77.494094,OZONE,23,24,24
India,Karnataka,Bengaluru,"Jayanagar 5th Block, Bengaluru - KSPCB",09-09-2026 14:00:00,12.920984,77.584908,PM10,24,103,48
India,Karnataka,Bengaluru,"Jayanagar 5th Block, Bengaluru - KSPCB",09-09-2026 14:00:00,12.920984,77.584908,OZONE,6,48,29
India,Karnataka,Bengaluru,"Shivapura_Peenya, Bengaluru - KSPCB",09-09-2026 14:00:00,13.0246342,77.5080115,NO2,39,41,40
India,Haryana,Gurugram,"Vikas Sadan, Gurugram - HSPCB",09-09-2026 14:00:00,28.4501238,77.0263051,PM2.5,26,157,98
India,Haryana,Gurugram,"Vikas Sadan, Gurugram - HSPCB",09-09-2026 14:00:00,28.4501238,77.0263051,OZONE,11,41,24
India,Haryana,Hisar,"Urban Estate-II, Hisar - HSPCB",09-09-2026 14:00:00,29.14056,75.744941,PM10,73,127,105
India,Haryana,Jind,"Police Lines, Jind - HSPCB",09-09-2026 14:00:00,29.307814,76.337619,CO,4,9,6
India,Haryana,Jind,"Police Lines, Jind - HSPCB",09-09-2026 14:00:00,29.307814,76.337619,OZONE,8,13,10
India,Haryana,Kaithal,"Rishi Nagar, Kaithal - HSPCB",09-09-2026 14:00:00,29.8006,76.4155,CO,16,21,18
India,Haryana,Karnal,"Sector-12, Karnal - HSPCB",09-09-2026 14:00:00,29.6953,77.0027,PM2.5,13,94,50
India,Haryana,Kurukshetra,"Sector-7, Kurukshetra - HSPCB",09-09-2026 14:00:00,29.966942,76.875879,NO2,5,7,6
India,Haryana,Narnaul,"Shastri Nagar, Narnaul - HSPCB",09-09-2026 14:00:00,28.060249,76.113115,CO,15,18,16
India,Haryana,Palwal,"Shyam Nagar, Palwal - HSPCB",09-09-2026 14:00:00,28.1485564,77.3320667,PM2.5,18,63,33
India,Haryana,Palwal,"Shyam Nagar, Palwal - HSPCB",09-09-2026 14:00:00,28.1485564,77.3320667,CO,11,135,80
India,Haryana,Panchkula,"Sector-6, Panchkula - HSPCB ",09-09-2026 14:00:00,30.7057778,76.8531805555555,NH3,NA,NA,NA
India,Haryana,Panipat,"Sector-18, Panipat - HSPCB",09-09-2026 14:00:00,29.432304,76.972765,PM2.5,60,349,235
India,Haryana,Panipat,"Sector-18, Panipat - HSPCB",09-09-2026 14:00:00,29.432304,76.972765,PM10,49,200,129
India,Haryana,Panipat,"Sector-18, Panipat - HSPCB",09-09-2026 14:00:00,29.432304,76.972765,NO2,5,9,7
India,Haryana,Rohtak,"MD University, Rohtak - HSPCB",09-09-2026 14:00:00,28.52123,76.37138,CO,36,41,38
India,Haryana,Sonipat,"Murthal, Sonipat - HSPCB",09-09-2026 14:00:00,29.0272,77.0621,NH3,8,9,9
India,Haryana,Yamuna Nagar,"Gobind Pura, Yamuna Nagar - HSPCB",09-09-2026 14:00:00,30.1480566,77.2893471,PM10,87,123,103
India,Haryana,Yamuna Nagar,"Gobind Pura, Yamuna Nagar - HSPCB",09-09-2026 14:00:00,30.1480566,77.2893471,CO,49,53,51
India,Haryana,Yamuna Nagar,"Gobind Pura, Yamuna Nagar - HSPCB",09-09-2026 14:00:00,30.1480566,77.2893471,OZONE,8,65,57
India,Jammu and Kashmir,Pampore,"Khrew, Pampore - JKPCC",09-09-2026 14:00:00,34.031606,75.009712,PM2.5,27,71,52
India,Karnataka,Bengaluru,"Kasturi Nagar, Bengaluru - KSPCB",09-09-2026 14:00:00,13.003872,77.664217,CO,52,60,55
India,Karnataka,Bengaluru,"Kasturi Nagar, Bengaluru - KSPCB",09-09-2026 14:00:00,13.003872,77.664217,OZONE,19,20,19
India,Karnataka,Chamarajanagar,"Urban, Chamarajanagar - KSPCB",09-09-2026 14:00:00,11.55358,76.55521,NO2,15,35,27
India,Karnataka,Chamarajanagar,"Urban, Chamarajanagar - KSPCB",09-09-2026 14:00:00,11.55358,76.55521,NH3,1,3,2
India,Karnataka,Chikkaballapur,"Chikkaballapur Rural, Chikkaballapur - KSPCB",09-09-2026 14:00:00,13.428828,77.731418,SO2,14,19,17
India,Karnataka,Chikkaballapur,"Chikkaballapur Rural, Chikkaballapur - KSPCB",09-09-2026 14:00:00,13.428828,77.731418,CO,NA,NA,NA
India,Karnataka,Chikkamagaluru,"Kalyana Nagara, Chikkamagaluru - KSPCB",09-09-2026 14:00:00,13.328028,75.797056,CO,11,151,42
India,Karnataka,Dharwad,"Kalabhavan, Dharwad - KSPCB",09-09-2026 14:00:00,15.459706,75.008381,SO2,6,9,7
India,Karnataka,Gadag,"Panchal Nagar, Gadag - KSPCB",09-09-2026 14:00:00,15.411456,75.638133,PM2.5,29,57,40
India,Haryana,Faridabad,"Sector 11, Faridabad - HSPCB",09-09-2026 14:00:00,28.376058,77.315741,PM10,52,343,149
India,Haryana,Faridabad,"New Industrial Town, Faridabad - HSPCB",09-09-2026 14:00:00,28.39072,77.30059,SO2,1,101,10
India,Haryana,Faridabad,"New Industrial Town, Faridabad - HSPCB",09-09-2026 14:00:00,28.39072,77.30059,CO,12,21,17
India,Haryana,Fatehabad,"Huda Sector, Fatehabad - HSPCB",09-09-2026 14:00:00,29.503664,75.467934,NH3,13,15,14
India,Haryana,Fatehabad,"Huda Sector, Fatehabad - HSPCB",09-09-2026 14:00:00,29.503664,75.467934,SO2,2,8,5
India,Haryana,Gurugram,"NISE Gwal Pahari, Gurugram - IITM",09-09-2026 14:00:00,28.422681,77.148944,SO2,NA,NA,NA
India,Haryana,Gurugram,"Teri Gram, Gurugram - HSPCB",09-09-2026 14:00:00,28.4275,77.1465,OZONE,10,43,22
India,Haryana,Gurugram,"Sector-51, Gurugram - HSPCB",09-09-2026 14:00:00,28.4227,77.0667,CO,1,14,7
India,Haryana,Gurugram,"Sector-51, Gurugram - HSPCB",09-09-2026 14:00:00,28.4227,77.0667,OZONE,17,71,41
India,Karnataka,Ramanagara,"Vijay Nagar, Ramanagara - KSPCB",09-09-2026 14:00:00,12.733409,77.298051,CO,25,36,32
India,Karnataka,Shivamogga,"Vinoba Nagara, Shivamogga - KSPCB",09-09-2026 14:00:00,13.94,75.555917,NO2,20,34,25
India,Karnataka,Vijayapura,"Ibrahimpur, Vijayapura - KSPCB",09-09-2026 14:00:00,16.802639,75.722694,NH3,3,4,4
India,Karnataka,Vijayapura,"Ibrahimpur, Vijayapura - KSPCB",09-09-2026 14:00:00,16.802639,75.722694,CO,9,24,19
India,Karnataka,Yadgir,"Collector Office, Yadgir - KSPCB",09-09-2026 14:00:00,16.7602,77.1428,SO2,NA,NA,NA
India,Karnataka,Yadgir,"Collector Office, Yadgir - KSPCB",09-09-2026 14:00:00,16.7602,77.1428,OZONE,11,25,17
India,Kerala,Eloor,"Udyogamandal, Eloor - Kerala PCB",09-09-2026 14:00:00,10.073232,76.302765,OZONE,27,31,29
India,Kerala,Kannur,"Thavakkara, Kannur - Kerala PCB",09-09-2026 14:00:00,11.875,75.3732,NO2,NA,NA,NA
India,Karnataka,Kalaburagi,"Mahatma Basaveswar Colony, Kalaburgi - KSPCB",09-09-2026 14:00:00,17.336318,76.847397,PM2.5,9,35,25
India,Karnataka,Karwar,"KHB Colony, Karwar - KSPCB",09-09-2026 14:00:00,14.816666,74.141003,PM2.5,2,25,11
India,Karnataka,Karwar,"KHB Colony, Karwar - KSPCB",09-09-2026 14:00:00,14.816666,74.141003,SO2,NA,NA,NA
India,Karnataka,Karwar,"KHB Colony, Karwar - KSPCB",09-09-2026 14:00:00,14.816666,74.141003,CO,NA,NA,NA
India,Karnataka,Madikeri,"Stuart Hill, Madikeri - KSPCB",09-09-2026 14:00:00,12.415911,75.73505,NO2,2,2,2
India,Karnataka,Madikeri,"Stuart Hill, Madikeri - KSPCB",09-09-2026 14:00:00,12.415911,75.73505,OZONE,1,2,2
India,Karnataka,Mysuru,"Hebbal 1st Stage, Mysuru - KSPCB",09-09-2026 14:00:00,12.21041,76.37376,SO2,0,8,3
India,Karnataka,Mysuru,"Hebbal 1st Stage, Mysuru - KSPCB",09-09-2026 14:00:00,12.21041,76.37376,CO,4,26,12
India,Maharashtra,Kolhapur,"Sinchan Bhavan, Kolhapur - MPCB",09-09-2026 14:00:00,16.7143745,74.2426398,CO,8,14,11
India,Maharashtra,Kolhapur,"Sinchan Bhavan, Kolhapur - MPCB",09-09-2026 14:00:00,16.7143745,74.2426398,OZONE,1,33,18
India,Maharashtra,Latur,"Sawe Wadi, Latur - MPCB",09-09-2026 14:00:00,18.39963,76.57452,PM2.5,12,37,25
India,Maharashtra,Latur,"Sawe Wadi, Latur - MPCB",09-09-2026 14:00:00,18.39963,76.57452,NH3,1,3,2
India,Maharashtra,Latur,"Sawe Wadi, Latur - MPCB",09-09-2026 14:00:00,18.39963,76.57452,SO2,0,6,4
India,Maharashtra,Mahad,"Kamble Tarf Birwadi, Mahad - MPCB",09-09-2026 14:00:00,18.1023399,73.4783687,SO2,4,86,18
India,Maharashtra,Malegaon,"Mahesh Nagar, Malegaon - MPCB",09-09-2026 14:00:00,20.555712,74.529236,NO2,16,21,17
India,Maharashtra,Mira-Bhayandar,"Bhayandar West, Mira-Bhayandar - MPCB",09-09-2026 14:00:00,19.296481,72.840923,PM2.5,9,34,20
India,Maharashtra,Mira-Bhayandar,"Bhayandar West, Mira-Bhayandar - MPCB",09-09-2026 14:00:00,19.296481,72.840923,SO2,2,4,3
India,Maharashtra,Mira-Bhayandar,"Bhayandar West, Mira-Bhayandar - MPCB",09-09-2026 14:00:00,19.296481,72.840923,CO,11,22,14
India,Maharashtra,Mumbai,"Kherwadi_Bandra East, Mumbai - MPCB",09-09-2026 14:00:00,19.0632143,72.8456324,PM10,45,67,54
India,Maharashtra,Mumbai,"Byculla, Mumbai - BMC",09-09-2026 14:00:00,18.9767,72.838,PM10,9,27,17
India,Maharashtra,Mumbai,"Byculla, Mumbai - BMC",09-09-2026 14:00:00,18.9767,72.838,SO2,0,8,3
India,Maharashtra,Mumbai,"Byculla, Mumbai - BMC",09-09-2026 14:00:00,18.9767,72.838,CO,40,44,43
India,Madhya Pradesh,Pithampur,"Sector-2 Industrial Area, Pithampur - MPPCB",09-09-2026 14:00:00,22.624758,75.675238,NO2,10,37,19
India,Madhya Pradesh,Ratlam,"Shasthri Nagar, Ratlam - IPCA Lab",09-09-2026 14:00:00,23.331731,75.045981,SO2,10,11,11
India,Madhya Pradesh,Ratlam,"Shasthri Nagar, Ratlam - IPCA Lab",09-09-2026 14:00:00,23.331731,75.045981,CO,NA,NA,NA
India,Madhya Pradesh,Ratlam,"Shasthri Nagar, Ratlam - IPCA Lab",09-09-2026 14:00:00,23.331731,75.045981,OZONE,NA,NA,NA
India,Madhya Pradesh,Sagar,"Civil Lines, Sagar - MPPCB",09-09-2026 14:00:00,23.838586,78.759431,PM10,25,144,97
India,Madhya Pradesh,Sagar,"Civil Lines, Sagar - MPPCB",09-09-2026 14:00:00,23.838586,78.759431,OZONE,32,49,42
India,Madhya Pradesh,Satna,"Bandhavgar Colony, Satna - Birla Cement",09-09-2026 14:00:00,24.58434363,80.8549414,CO,14,20,16
India,Madhya Pradesh,Singrauli,"Suryakiran Bhawan NCL, Singrauli - MPPCB",09-09-2026 14:00:00,24.10897,82.64558,OZONE,31,36,33
India,Maharashtra,Ahmednagar,"Tarakpur, Ahmednagar - MPCB",09-09-2026 14:00:00,19.10122,74.73339,PM10,17,58,38
India,Maharashtra,Ahmednagar,"Tarakpur, Ahmednagar - MPCB",09-09-2026 14:00:00,19.10122,74.73339,OZONE,9,35,24
India,Maharashtra,Akola,"Ramdaspeth, Akola - MPCB",09-09-2026 14:00:00,20.719516,77.000253,PM2.5,23,35,30
India,Maharashtra,Akola,"Ramdaspeth, Akola - MPCB",09-09-2026 14:00:00,20.719516,77.000253,PM10,29,44,37
India,Maharashtra,Belapur,"CBD Belapur, Belapur - MPCB",09-09-2026 14:00:00,19.0243902,73.0406721,NO2,9,32,20
India,Maharashtra,Bhiwandi,"Gokul Nagar, Bhiwandi - MPCB",09-09-2026 14:00:00,19.309073,73.057223,NH3,5,23,12
India,Maharashtra,Bhiwandi,"Gokul Nagar, Bhiwandi - MPCB",09-09-2026 14:00:00,19.309073,73.057223,SO2,3,4,3
India,Maharashtra,Bhiwandi,"Gokul Nagar, Bhiwandi - MPCB",09-09-2026 14:00:00,19.309073,73.057223,CO,16,31,23
India,Maharashtra,Chandrapur,"MIDC Khutala, Chandrapur - MPCB",09-09-2026 14:00:00,19.9775302,79.2337086,PM10,56,152,94
India,Maharashtra,Chandrapur,"MIDC Khutala, Chandrapur - MPCB",09-09-2026 14:00:00,19.9775302,79.2337086,NO2,16,25,21
India,Maharashtra,Chandrapur,"MIDC Khutala, Chandrapur - MPCB",09-09-2026 14:00:00,19.9775302,79.2337086,OZONE,6,40,20
India,Maharashtra,Chandrapur,"Chauhan Colony, Chandrapur - MPCB",09-09-2026 14:00:00,19.9629,79.298714,NH3,1,2,1
India,Maharashtra,Dhule,"Deopur, Dhule - MPCB",09-09-2026 14:00:00,20.918946,74.776388,CO,1,21,7
India,Maharashtra,Dhule,"Deopur, Dhule - MPCB",09-09-2026 14:00:00,20.918946,74.776388,OZONE,13,15,14
India,Maharashtra,Dombivli,"Kalu Nagar, Dombivli - MPCB",09-09-2026 14:00:00,19.2268427,73.0788456,NO2,3,28,12
India,Maharashtra,Hingoli,"Ashta Vinayak Nagar, Hingoli - MPCB",09-09-2026 14:00:00,19.710842,77.151824,PM10,56,118,81
India,Maharashtra,Mumbai,"Navy Nagar-Colaba, Mumbai - IITM",09-09-2026 14:00:00,18.897756,72.81332,NO2,29,40,33
India,Maharashtra,Mumbai,"Navy Nagar-Colaba, Mumbai - IITM",09-09-2026 14:00:00,18.897756,72.81332,NH3,1,2,2
India,Maharashtra,Mumbai,"Sewri, Mumbai - BMC",09-09-2026 14:00:00,19.000084,72.85673,PM10,33,53,40
India,Maharashtra,Mumbai,"Sewri, Mumbai - BMC",09-09-2026 14:00:00,19.000084,72.85673,NO2,15,34,25
India,Maharashtra,Mumbai,"Sion, Mumbai - MPCB",09-09-2026 14:00:00,19.047,72.8746,PM2.5,5,12,8
India,Maharashtra,Mumbai,"Sion, Mumbai - MPCB",09-09-2026 14:00:00,19.047,72.8746,SO2,5,6,5
India,Maharashtra,Mumbai,"Kandivali West, Mumbai - BMC",09-09-2026 14:00:00,19.215859,72.831718,OZONE,13,21,16
India,Maharashtra,Mumbai,"Malad West, Mumbai - IITM",09-09-2026 14:00:00,19.19709,72.82204,CO,25,30,28
India,Maharashtra,Mumbai,"Mazgaon, Mumbai - IITM",09-09-2026 14:00:00,18.96702,72.84214,CO,32,43,36
India,Maharashtra,Mumbai,"Chakala-Andheri East, Mumbai - IITM",09-09-2026 14:00:00,19.11074,72.86084,NO2,9,12,10
India,Maharashtra,Mumbai,"Kurla, Mumbai - MPCB",09-09-2026 14:00:00,19.0863,72.8888,OZONE,28,29,28
India,Maharashtra,Mumbai,"Chhatrapati Shivaji Intl. Airport (T2), Mumbai - MPCB",09-09-2026 14:00:00,19.10078,72.87462,NO2,13,13,13
India,Maharashtra,Mumbai,"Chhatrapati Shivaji Intl. Airport (T2), Mumbai - MPCB",09-09-2026 14:00:00,19.10078,72.87462,CO,NA,NA,NA
India,Maharashtra,Mumbai,"Chhatrapati Shivaji Intl. Airport (T2), Mumbai - MPCB",09-09-2026 14:00:00,19.10078,72.87462,OZONE,NA,NA,NA
India,Maharashtra,Mumbai,"Bandra Kurla Complex, Mumbai - IITM",09-09-2026 14:00:00,19.053536,72.84643,OZONE,8,19,15
India,Maharashtra,Mumbai,"Borivali East, Mumbai - MPCB",09-09-2026 14:00:00,19.2243333,72.8658113,NH3,2,2,2
India,Maharashtra,Mumbai,"Shivaji Nagar, Mumbai - BMC",09-09-2026 14:00:00,19.060498,72.923356,PM10,50,90,65
India,Maharashtra,Mumbai,"Mindspace-Malad West, Mumbai - MPCB",09-09-2026 14:00:00,19.1878657,72.8304069,PM10,8,43,20
India,Maharashtra,Aurangabad,"More Chowk Waluj, Aurangabad - MPCB",09-09-2026 14:00:00,19.8389439,75.244448,NO2,8,12,10
India,Maharashtra,Aurangabad,"More Chowk Waluj, Aurangabad - MPCB",09-09-2026 14:00:00,19.8389439,75.244448,SO2,2,7,5
India,Maharashtra,Aurangabad,"MIDC Chilkalthana, Aurangabad - MPCB",09-09-2026 14:00:00,19.87562,75.38731,PM2.5,24,65,46
India,Maharashtra,Aurangabad,"MIDC Chilkalthana, Aurangabad - MPCB",09-09-2026 14:00:00,19.87562,75.38731,NO2,4,5,4
India,Maharashtra,Aurangabad,"MIDC Chilkalthana, Aurangabad - MPCB",09-09-2026 14:00:00,19.87562,75.38731,SO2,1,3,2
India,Maharashtra,Badlapur,"Katrap, Badlapur - MPCB",09-09-2026 14:00:00,19.16485,73.23409,NH3,NA,NA,NA
India,Maharashtra,Beed,"Bir, Beed - MPCB",09-09-2026 14:00:00,18.988474,75.753873,CO,10,18,14
India,Maharashtra,Mumbai,"Siddharth Nagar-Worli, Mumbai - IITM",09-09-2026 14:00:00,19.000083,72.813993,PM10,19,35,28
India,Maharashtra,Mumbai,"Siddharth Nagar-Worli, Mumbai - IITM",09-09-2026 14:00:00,19.000083,72.813993,CO,1,27,18
India,Maharashtra,Mumbai,"Siddharth Nagar-Worli, Mumbai - IITM",09-09-2026 14:00:00,19.000083,72.813993,OZONE,46,52,49
India,Maharashtra,Mumbai,"Powai, Mumbai - MPCB",09-09-2026 14:00:00,19.1375,72.915056,NH3,NA,NA,NA
India,Maharashtra,Mumbai,"Chembur, Mumbai - MPCB",09-09-2026 14:00:00,19.0364585,72.8954371,NH3,10,20,13
India,Maharashtra,Mumbai,"Bandra Kurla Complex, Mumbai - MPCB",09-09-2026 14:00:00,19.065931,72.862131,PM10,34,58,46
India,Maharashtra,Akola,"Ramdaspeth, Akola - MPCB",09-09-2026 14:00:00,20.719516,77.000253,NO2,16,23,19
India,Maharashtra,Ambernath,"Chinchpada, Ambernath - MPCB",09-09-2026 14:00:00,19.215784,73.199781,CO,5,17,10
India,Maharashtra,Amravati,"Shivneri Colony, Amravati - MPCB",09-09-2026 14:00:00,20.9402359,77.7895248,PM10,30,60,45
India,Maharashtra,Amravati,"Shivneri Colony, Amravati - MPCB",09-09-2026 14:00:00,20.9402359,77.7895248,CO,10,18,16
India,Maharashtra,Amravati,"Shri Shivaji Science College, Amravati - MPCB",09-09-2026 14:00:00,20.939198,77.765701,NO2,4,12,7
India,Maharashtra,Hingoli,"Ashta Vinayak Nagar, Hingoli - MPCB",09-09-2026 14:00:00,19.710842,77.151824,NH3,1,4,2
India,Maharashtra,Hingoli,"Ashta Vinayak Nagar, Hingoli - MPCB",09-09-2026 14:00:00,19.710842,77.151824,SO2,3,9,4
India,Maharashtra,Jalgaon,"Prabhat Colony, Jalgaon - MPCB",09-09-2026 14:00:00,21.001264,75.565602,NH3,1,2,1
India,Maharashtra,Kalyan,"Khadakpada, Kalyan - MPCB",09-09-2026 14:00:00,19.25292,73.142019,OZONE,8,8,8
India,Meghalaya,Byrnihat,"15th Mile-Nongthymmai, Byrnihat -Meghalaya PCB",09-09-2026 14:00:00,26.079047,91.875185,OZONE,NA,NA,NA
India,Mizoram,Aizawl,"Sikulpuikawn, Aizawl - Mizoram PCB",09-09-2026 14:00:00,23.7176342,92.7192841,SO2,14,15,14
India,Nagaland,Kohima,"PWD Junction, Kohima - NPCB",09-09-2026 14:00:00,25.6635413,94.0989878,SO2,56,77,65
India,Nagaland,Kohima,"PWD Junction, Kohima - NPCB",09-09-2026 14:00:00,25.6635413,94.0989878,CO,2,4,3
India,Nagaland,Kohima,"PWD Junction, Kohima - NPCB",09-09-2026 14:00:00,25.6635413,94.0989878,OZONE,0,3,1
India,Odisha,Angul,"Hakimapada, Angul - OSPCB",09-09-2026 14:00:00,20.832874,85.104082,NH3,2,6,2
India,Odisha,Angul,"Hakimapada, Angul - OSPCB",09-09-2026 14:00:00,20.832874,85.104082,SO2,6,45,12
India,Odisha,Angul,"Hakimapada, Angul - OSPCB",09-09-2026 14:00:00,20.832874,85.104082,CO,44,86,55
India,Odisha,Balasore,"Kalidaspur, Balasore - OSPCB",09-09-2026 14:00:00,21.51161,86.89088,SO2,6,78,17
India,Odisha,Balasore,"Kalidaspur, Balasore - OSPCB",09-09-2026 14:00:00,21.51161,86.89088,OZONE,9,60,31
India,Odisha,Barbil,"Forest Office, Barbil - OSPCB",09-09-2026 14:00:00,22.1166054,85.3945546,PM10,27,102,59
India,Odisha,Barbil,"Forest Office, Barbil - OSPCB",09-09-2026 14:00:00,22.1166054,85.3945546,NO2,5,36,10
India,Odisha,Barbil,"Forest Office, Barbil - OSPCB",09-09-2026 14:00:00,22.1166054,85.3945546,NH3,2,2,2
India,Odisha,Barbil,"Forest Office, Barbil - OSPCB",09-09-2026 14:00:00,22.1166054,85.3945546,CO,17,78,34
India,Odisha,Baripada,"Meher Colony, Baripada - OSPCB",09-09-2026 14:00:00,21.941841,86.728318,PM10,14,70,36
India,Odisha,Baripada,"Meher Colony, Baripada - OSPCB",09-09-2026 14:00:00,21.941841,86.728318,OZONE,31,74,43
India,Maharashtra,Nanded,"Sneh Nagar, Nanded - MPCB",09-09-2026 14:00:00,19.173852,77.296291,PM2.5,26,51,39
India,Maharashtra,Nanded,"Sneh Nagar, Nanded - MPCB",09-09-2026 14:00:00,19.173852,77.296291,SO2,7,7,7
India,Maharashtra,Nanded,"Sneh Nagar, Nanded - MPCB",09-09-2026 14:00:00,19.173852,77.296291,OZONE,10,48,30
India,Maharashtra,Nashik,"Pandav Nagari, Nashik - MPCB",09-09-2026 14:00:00,19.9591346,73.7788008,PM10,10,49,33
India,Maharashtra,Nashik,"Pandav Nagari, Nashik - MPCB",09-09-2026 14:00:00,19.9591346,73.7788008,NO2,3,6,4
India,Maharashtra,Nashik,"Pandav Nagari, Nashik - MPCB",09-09-2026 14:00:00,19.9591346,73.7788008,CO,9,18,13
India,Maharashtra,Nashik,"Gangapur Road, Nashik - MPCB",09-09-2026 14:00:00,20.0073285,73.7762427,PM2.5,11,26,17
India,Maharashtra,Nashik,"Gangapur Road, Nashik - MPCB",09-09-2026 14:00:00,20.0073285,73.7762427,SO2,1,3,2
India,Maharashtra,Nashik,"Hirawadi, Nashik - MPCB",09-09-2026 14:00:00,20.021503,73.813844,OZONE,7,24,13
India,Maharashtra,Navi Mumbai,"Sanpada, Navi Mumbai - MPCB",09-09-2026 14:00:00,19.0575752,73.0151367,PM2.5,9,42,23
India,Maharashtra,Navi Mumbai,"Sanpada, Navi Mumbai - MPCB",09-09-2026 14:00:00,19.0575752,73.0151367,OZONE,0,3,1
India,Maharashtra,Navi Mumbai,"Tondare-Taloja, Navi Mumbai - MPCB",09-09-2026 14:00:00,19.063,73.1209,NH3,1,10,6
India,Maharashtra,Navi Mumbai,"Sector-2E Kalamboli, Navi Mumbai - MPCB",09-09-2026 14:00:00,19.02579,73.10297,SO2,0,6,5
India,Maharashtra,Navi Mumbai,"Sector-2E Kalamboli, Navi Mumbai - MPCB",09-09-2026 14:00:00,19.02579,73.10297,CO,14,18,16
India,Maharashtra,Navi Mumbai,"Nerul, Navi Mumbai - MPCB",09-09-2026 14:00:00,19.008751,73.01662,PM2.5,NA,NA,NA
India,Maharashtra,Navi Mumbai,"Mahape, Navi Mumbai - MPCB",09-09-2026 14:00:00,19.1135051,73.008978,PM10,NA,NA,NA
India,Maharashtra,Pune,"Revenue Colony-Shivajinagar, Pune - IITM",09-09-2026 14:00:00,18.530085,73.849598,OZONE,5,29,13
India,Maharashtra,Pune,"Hadapsar, Pune - IITM",09-09-2026 14:00:00,18.501793,73.927532,SO2,NA,NA,NA
India,Maharashtra,Solapur,"Dnyaneshwar Nagar, Solapur - MPCB",09-09-2026 14:00:00,17.6336264,75.9132495,NH3,6,20,8
India,Maharashtra,Solapur,"Dnyaneshwar Nagar, Solapur - MPCB",09-09-2026 14:00:00,17.6336264,75.9132495,CO,10,17,13
India,Maharashtra,Solapur,"Dnyaneshwar Nagar, Solapur - MPCB",09-09-2026 14:00:00,17.6336264,75.9132495,OZONE,7,21,14
India,Maharashtra,Solapur,"Ratandeep Housing Society, Solapur - MPCB",09-09-2026 14:00:00,17.65439,75.90649,PM2.5,17,66,39
India,Maharashtra,Solapur,"Ratandeep Housing Society, Solapur - MPCB",09-09-2026 14:00:00,17.65439,75.90649,SO2,2,3,2
India,Maharashtra,Thane,"Kasarvadavali, Thane - MPCB",09-09-2026 14:00:00,19.26777,72.97182,SO2,0,2,0
India,Maharashtra,Thane,"Kasarvadavali, Thane - MPCB",09-09-2026 14:00:00,19.26777,72.97182,CO,38,62,49
India,Maharashtra,Thane,"Upvan Fort, Thane - MPCB",09-09-2026 14:00:00,19.222279,72.957979,CO,3,39,17
India,Maharashtra,Ulhasnagar,"Sidhi Vinayak Nagar, Ulhasnagar - MPCB",09-09-2026 14:00:00,19.235581,73.159121,SO2,0,27,11
India,Maharashtra,Ulhasnagar,"Sidhi Vinayak Nagar, Ulhasnagar - MPCB",09-09-2026 14:00:00,19.235581,73.159121,CO,11,12,12
India,Maharashtra,Ulhasnagar,"Vithalwadi, Ulhasnagar - MPCB",09-09-2026 14:00:00,19.2307571,73.155192,NO2,5,9,7
India,Maharashtra,Ulhasnagar,"Vithalwadi, Ulhasnagar - MPCB",09-09-2026 14:00:00,19.2307571,73.155192,CO,9,16,12
India,Maharashtra,Pimpri-Chinchwad,"Thergaon, Pimpri Chinchwad - MPCB",09-09-2026 14:00:00,18.616318,73.765797,NH3,2,4,3
India,Maharashtra,Pimpri-Chinchwad,"Thergaon, Pimpri Chinchwad - MPCB",09-09-2026 14:00:00,18.616318,73.765797,CO,16,24,20
India,Maharashtra,Pimpri-Chinchwad,"Thergaon, Pimpri Chinchwad - MPCB",09-09-2026 14:00:00,18.616318,73.765797,OZONE,3,33,14
India,Maharashtra,Pimpri-Chinchwad,"Bhumkar Nagar, Pune - IITM",09-09-2026 14:00:00,18.60577,73.749976,CO,17,42,28
India,Maharashtra,Pune,"Savitribai Phule Pune University, Pune - MPCB",09-09-2026 14:00:00,18.547056,73.826908,PM10,35,55,45
India,Maharashtra,Pune,"Savitribai Phule Pune University, Pune - MPCB",09-09-2026 14:00:00,18.547056,73.826908,NH3,2,7,3
India,Maharashtra,Pune,"Dhankawadi, Pune - IITM",09-09-2026 14:00:00,18.459883,73.852193,SO2,NA,NA,NA
India,Maharashtra,Pune,"Dhankawadi, Pune - IITM",09-09-2026 14:00:00,18.459883,73.852193,OZONE,3,17,10
India,Maharashtra,Pune,"Panchawati_Pashan, Pune - IITM",09-09-2026 14:00:00,18.536457,73.805454,PM10,37,73,56
India,Maharashtra,Pune,"Panchawati_Pashan, Pune - IITM",09-09-2026 14:00:00,18.536457,73.805454,NH3,NA,NA,NA
India,Maharashtra,Pune,"Mhada Colony, Pune - IITM",09-09-2026 14:00:00,18.57304,73.927715,PM2.5,31,55,43
India,Maharashtra,Pune,"Mhada Colony, Pune - IITM",09-09-2026 14:00:00,18.57304,73.927715,CO,2,2,2
India,Maharashtra,Pune,"Revenue Colony-Shivajinagar, Pune - IITM",09-09-2026 14:00:00,18.530085,73.849598,NO2,18,35,24
India,Maharashtra,Navi Mumbai,"Kopripada-Vashi, Navi Mumbai - MPCB",09-09-2026 14:00:00,19.090337,73.014232,SO2,NA,NA,NA
India,Maharashtra,Pimpri-Chinchwad,"Savta Mali Nagar, Pimpri-Chinchwad - IITM",09-09-2026 14:00:00,18.614767,73.799516,PM10,33,77,53
India,Maharashtra,Pimpri-Chinchwad,"Savta Mali Nagar, Pimpri-Chinchwad - IITM",09-09-2026 14:00:00,18.614767,73.799516,NO2,19,40,26
India,Maharashtra,Pimpri-Chinchwad,"Savta Mali Nagar, Pimpri-Chinchwad - IITM",09-09-2026 14:00:00,18.614767,73.799516,CO,26,37,30
India,Maharashtra,Pimpri-Chinchwad,"Savta Mali Nagar, Pimpri-Chinchwad - IITM",09-09-2026 14:00:00,18.614767,73.799516,OZONE,1,39,21
India,Maharashtra,Pimpri-Chinchwad,"Transport Nagar-Nigdi, Pune - IITM",09-09-2026 14:00:00,18.664282,73.763966,CO,45,53,50
India,Maharashtra,Pimpri-Chinchwad,"Bhosari, Pune - IITM",09-09-2026 14:00:00,18.640051,73.848956,SO2,NA,NA,NA
India,Maharashtra,Pimpri-Chinchwad,"Bhosari, Pune - IITM",09-09-2026 14:00:00,18.640051,73.848956,OZONE,2,41,17
India,Maharashtra,Pimpri-Chinchwad,"Park Street Wakad, Pimpri Chinchwad - MPCB",09-09-2026 14:00:00,18.59051,73.77946,NO2,17,31,22
India,Maharashtra,Pimpri-Chinchwad,"Park Street Wakad, Pimpri Chinchwad - MPCB",09-09-2026 14:00:00,18.59051,73.77946,NH3,2,3,3
India,Odisha,Bhubaneswar,"Lingraj Mandir, Bhubaneswar - OSPCB",09-09-2026 14:00:00,20.24079,85.836784,PM2.5,23,97,50
India,Odisha,Bhubaneswar,"Lingraj Mandir, Bhubaneswar - OSPCB",09-09-2026 14:00:00,20.24079,85.836784,SO2,7,28,10
India,Odisha,Bileipada,"Tata Township, Bileipada - OSPCB",09-09-2026 14:00:00,22.06156703,85.47409613,NH3,5,5,5
India,Odisha,Brajrajnagar,"GM Office, Brajrajnagar - OSPCB",09-09-2026 14:00:00,21.8004996,83.8396977,PM2.5,25,412,146
India,Odisha,Brajrajnagar,"GM Office, Brajrajnagar - OSPCB",09-09-2026 14:00:00,21.8004996,83.8396977,OZONE,43,44,44
India,Odisha,Byasanagar,"Ferro Chrome Colony, Byasanagar - OSPCB",09-09-2026 14:00:00,20.94185,86.1151,PM2.5,45,177,74
India,Odisha,Cuttack,"CDA Area, Cuttack - OSPCB",09-09-2026 14:00:00,20.48891,85.84768,NH3,6,14,9
India,Odisha,Keonjhar,"Jagamohanpur, Keonjhar - OSPCB",09-09-2026 14:00:00,21.6439,85.599355,OZONE,9,18,13
India,Punjab,Bathinda,"Hardev Nagar, Bathinda - PPCB",09-09-2026 14:00:00,30.233011,74.907758,NH3,NA,NA,NA
India,Punjab,Khanna,"Kalal Majra, Khanna - PPCB",09-09-2026 14:00:00,30.736056,76.209694,CO,40,76,62
India,Punjab,Mandi Gobindgarh,"RIMT University, Mandi Gobindgarh - PPCB",09-09-2026 14:00:00,30.649961,76.331442,PM2.5,63,309,137
India,Punjab,Mandi Gobindgarh,"RIMT University, Mandi Gobindgarh - PPCB",09-09-2026 14:00:00,30.649961,76.331442,OZONE,32,82,56
India,Punjab,Patiala,"Model Town, Patiala - PPCB",09-09-2026 14:00:00,30.349388,76.366642,NO2,7,22,14
India,Punjab,Patiala,"Model Town, Patiala - PPCB",09-09-2026 14:00:00,30.349388,76.366642,NH3,3,9,5
India,Punjab,Rupnagar,"Ratanpura, Rupnagar - Ambuja Cements",09-09-2026 14:00:00,31.0325454,76.5623046,PM2.5,7,64,34
India,Punjab,Rupnagar,"Ratanpura, Rupnagar - Ambuja Cements",09-09-2026 14:00:00,31.0325454,76.5623046,NH3,NA,NA,NA
India,Odisha,Rairangpur,"Divisional Forest Office, Rairangpur - OSPCB",09-09-2026 14:00:00,22.265816,86.174829,NO2,6,7,6
India,Odisha,Rairangpur,"Divisional Forest Office, Rairangpur - OSPCB",09-09-2026 14:00:00,22.265816,86.174829,SO2,7,10,8
India,Punjab,Amritsar,"Golden Temple, Amritsar - PPCB",09-09-2026 14:00:00,31.62,74.876512,PM10,90,134,97
India,Maharashtra,Nagpur,"Mahal, Nagpur - MPCB",09-09-2026 14:00:00,21.14472,79.107595,NO2,7,31,14
India,Maharashtra,Nagpur,"Ram Nagar, Nagpur - MPCB",09-09-2026 14:00:00,21.143383,79.048912,PM10,52,75,64
India,Maharashtra,Nagpur,"Ram Nagar, Nagpur - MPCB",09-09-2026 14:00:00,21.143383,79.048912,NH3,3,5,3
India,Rajasthan,Tonk,"Shastri Nagar, Tonk - RSPCB",09-09-2026 14:00:00,26.159933,75.780517,PM10,82,155,116
India,Rajasthan,Tonk,"Shastri Nagar, Tonk - RSPCB",09-09-2026 14:00:00,26.159933,75.780517,NH3,3,5,4
India,Rajasthan,Tonk,"Shastri Nagar, Tonk - RSPCB",09-09-2026 14:00:00,26.159933,75.780517,SO2,2,5,2
India,Rajasthan,Tonk,"Shastri Nagar, Tonk - RSPCB",09-09-2026 14:00:00,26.159933,75.780517,OZONE,29,61,48
India,Rajasthan,Udaipur,"Ashok Nagar, Udaipur - RSPCB",09-09-2026 14:00:00,24.5886166,73.6321397,PM2.5,22,88,50
India,Rajasthan,Udaipur,"Ashok Nagar, Udaipur - RSPCB",09-09-2026 14:00:00,24.5886166,73.6321397,NH3,3,5,4
India,Tamil Nadu,Chennai,"Perungudi, Chennai - TNPCB",09-09-2026 14:00:00,12.9533,80.2357,NO2,4,12,8
India,Tamil Nadu,Chennai,"Perungudi, Chennai - TNPCB",09-09-2026 14:00:00,12.9533,80.2357,NH3,0,1,0
India,Tamil Nadu,Chennai,"Kodungaiyur, Chennai - TNPCB",09-09-2026 14:00:00,13.1278,80.2642,PM10,41,115,71
India,Tamil Nadu,Chennai,"Kodungaiyur, Chennai - TNPCB",09-09-2026 14:00:00,13.1278,80.2642,NH3,3,6,4
India,Tamil Nadu,Chennai,"Kodungaiyur, Chennai - TNPCB",09-09-2026 14:00:00,13.1278,80.2642,OZONE,28,32,31
India,Tamil Nadu,Chennai,"Royapuram, Chennai - TNPCB",09-09-2026 14:00:00,13.1036,80.2909,PM10,51,67,60
India,Tamil Nadu,Chennai,"Manali, Chennai - CPCB",09-09-2026 14:00:00,13.164544,80.26285,PM10,15,386,94
India,Tamil Nadu,Chennai,"Manali Village, Chennai - TNPCB",09-09-2026 14:00:00,13.1662,80.2584,SO2,11,13,12
India,Tamil Nadu,Chennai,"Velachery Res. Area, Chennai - CPCB",09-09-2026 14:00:00,13.0052189,80.2398125,PM2.5,46,46,46
India,Tamil Nadu,Chennai,"Velachery Res. Area, Chennai - CPCB",09-09-2026 14:00:00,13.0052189,80.2398125,SO2,3,8,5
India,Tamil Nadu,Chennai,"Velachery Res. Area, Chennai - CPCB",09-09-2026 14:00:00,13.0052189,80.2398125,CO,NA,NA,NA
India,Tamil Nadu,Chennai,"Arumbakkam, Chennai - TNPCB",09-09-2026 14:00:00,13.0664,80.2112,PM10,66,500,123
India,Tamil Nadu,Chennai,"Arumbakkam, Chennai - TNPCB",09-09-2026 14:00:00,13.0664,80.2112,OZONE,NA,NA,NA
India,Tamil Nadu,Coimbatore,"SIDCO Kurichi, Coimbatore - TNPCB",09-09-2026 14:00:00,10.942451,76.978996,PM10,1,27,15
India,Tamil Nadu,Coimbatore,"SIDCO Kurichi, Coimbatore - TNPCB",09-09-2026 14:00:00,10.942451,76.978996,NO2,22,22,22
India,Telangana,Hyderabad,"ECIL Kapra, Hyderabad - TSPCB",09-09-2026 14:00:00,17.470431,78.566959,PM10,67,100,73
India,Telangana,Hyderabad,"ECIL Kapra, Hyderabad - TSPCB",09-09-2026 14:00:00,17.470431,78.566959,NH3,2,4,3
India,Telangana,Hyderabad,"ECIL Kapra, Hyderabad - TSPCB",09-09-2026 14:00:00,17.470431,78.566959,SO2,5,56,16
India,Telangana,Hyderabad,"Sanathnagar, Hyderabad - TSPCB",09-09-2026 14:00:00,17.4559458,78.4332152,PM10,NA,NA,NA
India,Telangana,Hyderabad,"Bollaram Industrial Area, Hyderabad - TSPCB",09-09-2026 14:00:00,17.518,78.383,PM10,19,75,38
India,Telangana,Hyderabad,"Bollaram Industrial Area, Hyderabad - TSPCB",09-09-2026 14:00:00,17.518,78.383,SO2,10,16,13
India,Telangana,Hyderabad,"Bollaram Industrial Area, Hyderabad - TSPCB",09-09-2026 14:00:00,17.518,78.383,OZONE,25,26,26
India,Telangana,Hyderabad,"Kompally Municipal Office, Hyderabad - TSPCB",09-09-2026 14:00:00,17.544899,78.486949,CO,13,95,27
India,Telangana,Hyderabad,"Kokapet, Hyderabad - TSPCB",09-09-2026 14:00:00,17.393559,78.339194,NO2,11,15,12
India,Telangana,Hyderabad,"Kokapet, Hyderabad - TSPCB",09-09-2026 14:00:00,17.393559,78.339194,NH3,2,3,2
India,Tripura,Agartala,"Bardowali, Agartala - Tripura SPCB",09-09-2026 14:00:00,23.8175497,91.2726974,PM10,26,139,81
India,Tripura,Agartala,"Bardowali, Agartala - Tripura SPCB",09-09-2026 14:00:00,23.8175497,91.2726974,NO2,13,14,13
India,Tripura,Agartala,"Bardowali, Agartala - Tripura SPCB",09-09-2026 14:00:00,23.8175497,91.2726974,CO,25,34,28
India,Tripura,Agartala,"Bardowali, Agartala - Tripura SPCB",09-09-2026 14:00:00,23.8175497,91.2726974,OZONE,1,5,3
India,Uttar Pradesh,Agra,"Manoharpur, Agra - UPPCB",09-09-2026 14:00:00,27.23711,78.01936,PM10,7,99,81
India,Uttar Pradesh,Agra,"Manoharpur, Agra - UPPCB",09-09-2026 14:00:00,27.23711,78.01936,OZONE,6,27,9
India,Uttar Pradesh,Agra,"Shastripuram, Agra - UPPCB",09-09-2026 14:00:00,27.19862,77.92066,PM2.5,29,54,41
India,Tamil Nadu,Cuddalore,"Semmandalam, Cuddalore - TNPCB",09-09-2026 14:00:00,11.7637683,79.7499835,PM10,NA,NA,NA
India,Tamil Nadu,Cuddalore,"Semmandalam, Cuddalore - TNPCB",09-09-2026 14:00:00,11.7637683,79.7499835,NO2,NA,NA,NA
India,Tamil Nadu,Gummidipoondi,"Anthoni Pillai Nagar, Gummidipoondi - TNPCB",09-09-2026 14:00:00,13.4127,80.1081,CO,NA,NA,NA
India,Tamil Nadu,Thoothukudi,"Meelavittan, Thoothukudi - TNPCB",09-09-2026 14:00:00,8.816428,78.099039,NO2,12,19,16
India,Telangana,Hyderabad,"ICRISAT Patancheru, Hyderabad - TSPCB",09-09-2026 14:00:00,17.5184,78.278777,NH3,1,2,2
India,Telangana,Hyderabad,"IITH Kandi, Hyderabad - TSPCB",09-09-2026 14:00:00,17.585705,78.126199,NO2,14,17,16
India,Telangana,Hyderabad,"IITH Kandi, Hyderabad - TSPCB",09-09-2026 14:00:00,17.585705,78.126199,SO2,9,17,12
India,Telangana,Hyderabad,"Nacharam_TSIIC IALA, Hyderabad - TSPCB",09-09-2026 14:00:00,17.429398,78.569354,NH3,NA,NA,NA
India,Telangana,Hyderabad,"Nacharam_TSIIC IALA, Hyderabad - TSPCB",09-09-2026 14:00:00,17.429398,78.569354,CO,27,34,32
India,Telangana,Hyderabad,"Central University, Hyderabad - TSPCB",09-09-2026 14:00:00,17.460103,78.334361,NH3,1,4,3
India,Telangana,Hyderabad,"Central University, Hyderabad - TSPCB",09-09-2026 14:00:00,17.460103,78.334361,SO2,2,10,7
India,Telangana,Hyderabad,"IDA Pashamylaram, Hyderabad - TSPCB",09-09-2026 14:00:00,17.5316895,78.218939,NO2,16,20,18
India,Telangana,Hyderabad,"IDA Pashamylaram, Hyderabad - TSPCB",09-09-2026 14:00:00,17.5316895,78.218939,OZONE,6,10,8
India,Telangana,Hyderabad,"Zoo Park, Hyderabad - TSPCB",09-09-2026 14:00:00,17.349694,78.451437,PM2.5,20,70,36
India,Telangana,Hyderabad,"Zoo Park, Hyderabad - TSPCB",09-09-2026 14:00:00,17.349694,78.451437,NH3,2,2,2
India,Telangana,Hyderabad,"Zoo Park, Hyderabad - TSPCB",09-09-2026 14:00:00,17.349694,78.451437,OZONE,3,3,3
India,Punjab,Rupnagar,"Ratanpura, Rupnagar - Ambuja Cements",09-09-2026 14:00:00,31.0325454,76.5623046,SO2,7,14,11
India,Rajasthan,Alwar,"Vigyan Nagar, Alwar - RSPCB",09-09-2026 14:00:00,27.598796,76.63861,PM2.5,29,71,40
India,Rajasthan,Alwar,"Vigyan Nagar, Alwar - RSPCB",09-09-2026 14:00:00,27.598796,76.63861,NH3,12,20,17
India,Rajasthan,Alwar,"Moti Doongri, Alwar - RSPCB",09-09-2026 14:00:00,27.554793,76.611536,PM2.5,51,106,78
India,Rajasthan,Banswara,"Rati Talai, Banswara - RSPCB",09-09-2026 14:00:00,23.55519,74.44001,SO2,4,19,7
India,Rajasthan,Banswara,"Rati Talai, Banswara - RSPCB",09-09-2026 14:00:00,23.55519,74.44001,CO,14,49,23
India,Rajasthan,Baran,"Bamboliya, Baran - RSPCB",09-09-2026 14:00:00,25.106006,76.469948,NH3,5,7,6
India,Rajasthan,Baran,"Bamboliya, Baran - RSPCB",09-09-2026 14:00:00,25.106006,76.469948,OZONE,10,49,25
India,Rajasthan,Barmer,"Railway Colony, Barmer - RSPCB",09-09-2026 14:00:00,25.747299,71.393989,NH3,3,10,4
India,Rajasthan,Barmer,"Railway Colony, Barmer - RSPCB",09-09-2026 14:00:00,25.747299,71.393989,SO2,1,8,5
India,Rajasthan,Bharatpur,"Krishna Nagar, Bharatpur - RSPCB",09-09-2026 14:00:00,27.215415,77.50873,PM2.5,18,37,27
India,Rajasthan,Bharatpur,"Krishna Nagar, Bharatpur - RSPCB",09-09-2026 14:00:00,27.215415,77.50873,OZONE,42,73,59
India,Rajasthan,Dungarpur,"Bhoiwada, Dungarpur - RSPCB",09-09-2026 14:00:00,23.837789,73.714926,PM10,35,113,70
India,Rajasthan,Dungarpur,"Bhoiwada, Dungarpur - RSPCB",09-09-2026 14:00:00,23.837789,73.714926,NO2,7,13,9
India,Rajasthan,Dungarpur,"Bhoiwada, Dungarpur - RSPCB",09-09-2026 14:00:00,23.837789,73.714926,NH3,10,15,11
India,Rajasthan,Dungarpur,"Bhoiwada, Dungarpur - RSPCB",09-09-2026 14:00:00,23.837789,73.714926,SO2,1,6,3
India,Rajasthan,Jaipur,"Police Commissionerate, Jaipur - RSPCB",09-09-2026 14:00:00,26.9164092,75.7994901,CO,24,72,45
India,Rajasthan,Jaipur,"Mansarovar Sector-12, Jaipur - RSPCB",09-09-2026 14:00:00,26.843698,75.766894,CO,68,74,71
India,Rajasthan,Jaipur,"Sector-2 Murlipura, Jaipur - RSPCB",09-09-2026 14:00:00,26.960669,75.771817,PM2.5,28,73,45
India,Rajasthan,Jaipur,"Sector-2 Murlipura, Jaipur - RSPCB",09-09-2026 14:00:00,26.960669,75.771817,SO2,5,11,6
India,Rajasthan,Jaipur,"Adarsh Nagar, Jaipur - RSPCB",09-09-2026 14:00:00,26.902909,75.836858,PM10,46,99,81
India,Rajasthan,Jaipur,"Adarsh Nagar, Jaipur - RSPCB",09-09-2026 14:00:00,26.902909,75.836858,SO2,15,29,23
India,Rajasthan,Jaipur,"Adarsh Nagar, Jaipur - RSPCB",09-09-2026 14:00:00,26.902909,75.836858,OZONE,23,36,29
India,Rajasthan,Jaisalmer,"Sadar Bazar, Jaisalmer - RSPCB",09-09-2026 14:00:00,26.912329,70.909168,PM2.5,15,40,22
India,Rajasthan,Jaisalmer,"Sadar Bazar, Jaisalmer - RSPCB",09-09-2026 14:00:00,26.912329,70.909168,NO2,31,50,42
India,Rajasthan,Jhalawar,"Rajlaxmi Nagar, Jhalawar - RSPCB",09-09-2026 14:00:00,24.588397,76.172782,NH3,3,9,4
India,Rajasthan,Jhalawar,"Rajlaxmi Nagar, Jhalawar - RSPCB",09-09-2026 14:00:00,24.588397,76.172782,OZONE,17,48,35
India,Rajasthan,Jhunjhunu,"Indra Nagar, Jhunjhunu - RSPCB",09-09-2026 14:00:00,28.108988,75.386577,PM2.5,23,39,29
India,Rajasthan,Jhunjhunu,"Indra Nagar, Jhunjhunu - RSPCB",09-09-2026 14:00:00,28.108988,75.386577,NO2,2,8,4
India,Rajasthan,Jhunjhunu,"Indra Nagar, Jhunjhunu - RSPCB",09-09-2026 14:00:00,28.108988,75.386577,CO,10,13,11
India,Rajasthan,Jodhpur,"Samrat Ashok Udhyan, Jodhpur - RSPCB",09-09-2026 14:00:00,26.253384,72.976571,PM2.5,10,42,27
India,Rajasthan,Jodhpur,"Samrat Ashok Udhyan, Jodhpur - RSPCB",09-09-2026 14:00:00,26.253384,72.976571,SO2,1,6,3
India,Rajasthan,Jodhpur,"Samrat Ashok Udhyan, Jodhpur - RSPCB",09-09-2026 14:00:00,26.253384,72.976571,CO,8,13,10
India,Rajasthan,Jodhpur,"Collectorate, Jodhpur - RSPCB",09-09-2026 14:00:00,26.268249,73.0193853,PM10,43,92,59
India,Rajasthan,Jodhpur,"Collectorate, Jodhpur - RSPCB",09-09-2026 14:00:00,26.268249,73.0193853,SO2,1,19,8
India,Rajasthan,Jodhpur,"Collectorate, Jodhpur - RSPCB",09-09-2026 14:00:00,26.268249,73.0193853,CO,10,60,38
India,Rajasthan,Jodhpur,"Jhalamand, Jodhpur - RSPCB",09-09-2026 14:00:00,26.215415,73.070156,SO2,1,3,2
India,Rajasthan,Jodhpur,"Jhalamand, Jodhpur - RSPCB",09-09-2026 14:00:00,26.215415,73.070156,OZONE,6,17,11
India,Rajasthan,Nagaur,"Karni Colony, Nagaur - RSPCB",09-09-2026 14:00:00,27.213494,73.734444,OZONE,21,62,39
India,Rajasthan,Pali,"Indira Colony Vistar, Pali - RSPCB",09-09-2026 14:00:00,25.771061,73.340227,OZONE,12,63,33
India,Rajasthan,Rajsamand,"Dhoinda, Rajsamand - RSPCB",09-09-2026 14:00:00,25.03636,73.883502,PM10,29,80,62
India,Rajasthan,Rajsamand,"Dhoinda, Rajsamand - RSPCB",09-09-2026 14:00:00,25.03636,73.883502,CO,19,26,24
India,Rajasthan,Sawai Madhopur,"Sahu Nagar, Sawai Madhopur - RSPCB",09-09-2026 14:00:00,26.031443,76.359327,SO2,2,11,7
India,Rajasthan,Sikar,"Radhakishan Pura, Sikar - RSPCB",09-09-2026 14:00:00,27.608912,75.153302,NO2,7,20,11
India,Rajasthan,Sikar,"Radhakishan Pura, Sikar - RSPCB",09-09-2026 14:00:00,27.608912,75.153302,SO2,2,5,4
India,Rajasthan,Sikar,"Radhakishan Pura, Sikar - RSPCB",09-09-2026 14:00:00,27.608912,75.153302,CO,17,21,20
India,Rajasthan,Sikar,"Radhakishan Pura, Sikar - RSPCB",09-09-2026 14:00:00,27.608912,75.153302,OZONE,18,32,26
India,Rajasthan,Sirohi,"Vedhaynath Colony, Sirohi - RSPCB",09-09-2026 14:00:00,24.885261,72.857549,PM2.5,13,37,24
India,Rajasthan,Sirohi,"Vedhaynath Colony, Sirohi - RSPCB",09-09-2026 14:00:00,24.885261,72.857549,CO,6,25,19
India,Rajasthan,Bhilwara,"Pratap Nagar, Bhilwara - RSPCB",09-09-2026 14:00:00,25.339605,74.618883,OZONE,29,50,34
India,Rajasthan,Bhiwadi,"Vasundhara Nagar_UIT, Bhiwadi - RSPCB",09-09-2026 14:00:00,28.207266,76.829265,OZONE,29,34,31
India,Rajasthan,Bikaner,"MM Ground, Bikaner - RSPCB",09-09-2026 14:00:00,28.018792,73.292658,PM10,45,124,81
India,Rajasthan,Bikaner,"MM Ground, Bikaner - RSPCB",09-09-2026 14:00:00,28.018792,73.292658,SO2,4,9,6
India,Rajasthan,Chittorgarh,"Shastri Nagar, Chittorgarh - RSPCB",09-09-2026 14:00:00,24.892047,74.623527,PM2.5,40,85,55
India,Rajasthan,Dausa,"Khatikan Mohalla, Dausa - RSPCB",09-09-2026 14:00:00,26.895552,76.334753,NO2,14,78,34
India,Rajasthan,Dholpur,"Raja Ganj, Dholpur - RSPCB",09-09-2026 14:00:00,26.699557,77.898881,PM10,37,91,53
India,Rajasthan,Jodhpur,"Mandor, Jodhpur - RSPCB",09-09-2026 14:00:00,26.358805,73.047444,OZONE,43,79,61
India,Rajasthan,Jodhpur,"Digari Kalan, Jodhpur - RSPCB",09-09-2026 14:00:00,26.29581,73.082283,PM10,34,109,56
India,Rajasthan,Khairthal,"New Anaj Mandi, Khairthal - RSPCB",09-09-2026 14:00:00,27.8015617,76.6365217,PM10,118,148,127
India,Rajasthan,Khairthal,"New Anaj Mandi, Khairthal - RSPCB",09-09-2026 14:00:00,27.8015617,76.6365217,NO2,26,44,31
India,Rajasthan,Khairthal,"New Anaj Mandi, Khairthal - RSPCB",09-09-2026 14:00:00,27.8015617,76.6365217,OZONE,33,46,40
India,Rajasthan,Kota,"Shrinath Puram, Kota - RSPCB",09-09-2026 14:00:00,25.14389,75.821256,PM2.5,49,80,60
India,Rajasthan,Kota,"Dhanmandi, Kota - RSPCB",09-09-2026 14:00:00,25.16409,75.858137,PM2.5,12,53,30
India,Uttar Pradesh,Kanpur,"Nehru Nagar, Kanpur - UPPCB",09-09-2026 14:00:00,26.4703136,80.3229863,NO2,44,48,46
India,Uttar Pradesh,Kanpur,"Nehru Nagar, Kanpur - UPPCB",09-09-2026 14:00:00,26.4703136,80.3229863,NH3,NA,NA,NA
India,Uttar Pradesh,Kanpur,"Nehru Nagar, Kanpur - UPPCB",09-09-2026 14:00:00,26.4703136,80.3229863,SO2,10,12,11
India,Uttar Pradesh,Kanpur,"Nehru Nagar, Kanpur - UPPCB",09-09-2026 14:00:00,26.4703136,80.3229863,OZONE,3,49,32
India,Uttar Pradesh,Khora,"Prashant Garden, Khora - UPPCB",09-09-2026 14:00:00,28.61119,77.34206,PM10,77,115,98
India,Uttar Pradesh,Khurja,"Kalindi Kunj, Khurja - UPPCB",09-09-2026 14:00:00,28.2348927,77.8683002,PM2.5,19,75,45
India,Uttar Pradesh,Khurja,"Kalindi Kunj, Khurja - UPPCB",09-09-2026 14:00:00,28.2348927,77.8683002,SO2,9,11,10
India,Uttar Pradesh,Khurja,"Kalindi Kunj, Khurja - UPPCB",09-09-2026 14:00:00,28.2348927,77.8683002,CO,38,54,46
India,Uttar Pradesh,Lucknow,"Gomti Nagar, Lucknow - UPPCB",09-09-2026 14:00:00,26.86812,81.005119,NO2,9,10,9
India,Uttar Pradesh,Lucknow,"Kukrail Picnic Spot-1, Lucknow - UPPCB",09-09-2026 14:00:00,26.90723,80.98579,PM2.5,19,65,41
India,Uttar Pradesh,Lucknow,"Kukrail Picnic Spot-1, Lucknow - UPPCB",09-09-2026 14:00:00,26.90723,80.98579,NH3,6,6,6
India,Uttar Pradesh,Lucknow,"Talkatora District Industries Center, Lucknow - CPCB",09-09-2026 14:00:00,26.83399722,80.8917361,PM10,22,75,53
India,Uttar Pradesh,Lucknow,"Talkatora District Industries Center, Lucknow - CPCB",09-09-2026 14:00:00,26.83399722,80.8917361,NO2,18,29,22
India,Uttar Pradesh,Lucknow,"Talkatora District Industries Center, Lucknow - CPCB",09-09-2026 14:00:00,26.83399722,80.8917361,NH3,11,17,14
India,Uttar Pradesh,Lucknow,"Kendriya Vidyalaya, Lucknow - CPCB",09-09-2026 14:00:00,26.906111,80.948222,PM10,44,100,80
India,Uttar Pradesh,Lucknow,"Lalbagh, Lucknow - CPCB",09-09-2026 14:00:00,26.8458805,80.9365541,PM10,10,103,73
India,Uttar Pradesh,Lucknow,"B R Ambedkar University, Lucknow - UPPCB",09-09-2026 14:00:00,26.766433,80.927299,PM2.5,14,56,38
India,Uttar Pradesh,Lucknow,"B R Ambedkar University, Lucknow - UPPCB",09-09-2026 14:00:00,26.766433,80.927299,CO,23,25,24
India,Uttar Pradesh,Lucknow,"B R Ambedkar University, Lucknow - UPPCB",09-09-2026 14:00:00,26.766433,80.927299,OZONE,11,36,21
India,Uttar Pradesh,Mathura,"Pali Dungra, Mathura - UPPCB",09-09-2026 14:00:00,27.410954,77.550619,PM2.5,20,41,36
India,Uttar Pradesh,Mathura,"Pali Dungra, Mathura - UPPCB",09-09-2026 14:00:00,27.410954,77.550619,PM10,67,112,87
India,Uttar Pradesh,Mathura,"Pali Dungra, Mathura - UPPCB",09-09-2026 14:00:00,27.410954,77.550619,CO,6,9,8
India,Uttar Pradesh,Meerut,"MIET College, Meerut - UPPCB",09-09-2026 14:00:00,28.972677,77.641018,PM10,91,122,110
India,Uttar Pradesh,Shamli,"New Tehsil, Shamli - UPPCB",09-09-2026 14:00:00,29.4603683,77.3410291,PM2.5,67,102,84
India,Uttar Pradesh,Varanasi,"Bhelupur, Varanasi - UPPCB",09-09-2026 14:00:00,25.301778,82.996789,PM10,NA,NA,NA
India,Uttar Pradesh,Varanasi,"Bhelupur, Varanasi - UPPCB",09-09-2026 14:00:00,25.301778,82.996789,SO2,30,32,31
India,Uttar Pradesh,Varanasi,"IESD Banaras Hindu University, Varanasi - UPPCB",09-09-2026 14:00:00,25.262326,82.995408,CO,2,3,3
India,Uttar Pradesh,Varanasi,"Maldahiya, Varanasi - UPPCB",09-09-2026 14:00:00,25.32393,82.99687,PM2.5,7,70,20
India,Uttar Pradesh,Varanasi,"Maldahiya, Varanasi - UPPCB",09-09-2026 14:00:00,25.32393,82.99687,NO2,2,4,3
India,Uttar Pradesh,Varanasi,"Maldahiya, Varanasi - UPPCB",09-09-2026 14:00:00,25.32393,82.99687,OZONE,4,4,4
India,Uttar Pradesh,Varanasi,"Ardhali Bazar, Varanasi - UPPCB",09-09-2026 14:00:00,25.3505986,82.9083074,PM10,33,74,50
India,Uttar Pradesh,Vrindavan," Chhatikara, Vrindavan - UPPCB",09-09-2026 14:00:00,27.57194,77.62346,CO,131,135,133
India,Uttar Pradesh,Vrindavan,"Omex Eternity, Vrindavan - UPPCB",09-09-2026 14:00:00,27.571409,77.655757,PM2.5,28,221,69
India,Uttarakhand,Dehradun,"Doon University, Dehradun - UKPCB",09-09-2026 14:00:00,30.269444,78.044167,NO2,2,5,3
India,Uttarakhand,Kashipur,"Govt. Girls Inter College, Kashipur - UKPCB",09-09-2026 14:00:00,29.2124114,78.9611753,PM10,NA,NA,NA
India,Uttarakhand,Rishikesh,"Shivaji Nagar, Rishikesh - UKPCB",09-09-2026 14:00:00,30.075911,78.2859547,PM2.5,2,2,2
India,Uttarakhand,Rishikesh,"Shivaji Nagar, Rishikesh - UKPCB",09-09-2026 14:00:00,30.075911,78.2859547,PM10,20,20,20
India,Uttarakhand,Rishikesh,"Shivaji Nagar, Rishikesh - UKPCB",09-09-2026 14:00:00,30.075911,78.2859547,SO2,1,1,1
India,Uttarakhand,Rishikesh,"Shivaji Nagar, Rishikesh - UKPCB",09-09-2026 14:00:00,30.075911,78.2859547,OZONE,34,34,34
India,West Bengal,Asansol,"Asansol Court Area, Asansol - WBPCB",09-09-2026 14:00:00,23.685297,86.945968,PM2.5,29,74,46
India,West Bengal,Asansol,"Asansol Court Area, Asansol - WBPCB",09-09-2026 14:00:00,23.685297,86.945968,OZONE,13,31,21
India,West Bengal,Asansol,"Trivenidevi Bhalotia College, Asansol - WBPCB",09-09-2026 14:00:00,23.616515,87.119133,PM2.5,17,62,32
India,West Bengal,Asansol,"Trivenidevi Bhalotia College, Asansol - WBPCB",09-09-2026 14:00:00,23.616515,87.119133,NH3,6,7,7
India,West Bengal,Asansol,"Evelyn Lodge, Asansol - WBPCB",09-09-2026 14:00:00,23.697936,86.944395,PM2.5,15,60,34
India,West Bengal,Asansol,"Evelyn Lodge, Asansol - WBPCB",09-09-2026 14:00:00,23.697936,86.944395,SO2,77,78,77
India,West Bengal,Barrackpore,"SVSPA Campus, Barrackpore - WBPCB",09-09-2026 14:00:00,22.7605581,88.3617589,NH3,6,8,7
India,West Bengal,Durgapur,"Mahishkapur Road_B-Zone, Durgapur - WBPCB",09-09-2026 14:00:00,23.567923,87.306843,PM2.5,18,85,42
India,West Bengal,Durgapur,"Mahishkapur Road_B-Zone, Durgapur - WBPCB",09-09-2026 14:00:00,23.567923,87.306843,NH3,1,1,1
India,West Bengal,Durgapur,"Womens College_City Center, Durgapur - WBPCB",09-09-2026 14:00:00,23.549395,87.300496,PM10,57,70,63
India,West Bengal,Durgapur,"PCBL Residential Complex, Durgapur - WBPCB",09-09-2026 14:00:00,23.508764,87.35444,PM10,15,68,50
India,West Bengal,Durgapur,"PCBL Residential Complex, Durgapur - WBPCB",09-09-2026 14:00:00,23.508764,87.35444,NH3,2,8,4
India,West Bengal,Durgapur,"PCBL Residential Complex, Durgapur - WBPCB",09-09-2026 14:00:00,23.508764,87.35444,SO2,12,13,12
India,West Bengal,Durgapur,"PCBL Residential Complex, Durgapur - WBPCB",09-09-2026 14:00:00,23.508764,87.35444,OZONE,6,6,6
India,Uttar Pradesh,Agra,"Shastripuram, Agra - UPPCB",09-09-2026 14:00:00,27.19862,77.92066,NO2,58,59,58
India,Uttar Pradesh,Agra,"Shastripuram, Agra - UPPCB",09-09-2026 14:00:00,27.19862,77.92066,NH3,3,3,3
India,Uttar Pradesh,Agra,"Shastripuram, Agra - UPPCB",09-09-2026 14:00:00,27.19862,77.92066,OZONE,25,45,37
India,Uttar Pradesh,Agra,"Sector-3B Avas Vikas Colony, Agra - UPPCB",09-09-2026 14:00:00,27.19412,77.96237,NH3,5,6,5
India,Uttar Pradesh,Agra,"Shahjahan Garden, Agra - UPPCB",09-09-2026 14:00:00,27.169338,78.03582,NO2,23,26,24
India,Uttar Pradesh,Baghpat,"Sardar Patel Inter College, Baghpat - UPPCB",09-09-2026 14:00:00,28.964949,77.278761,SO2,10,33,20
India,Uttar Pradesh,Bareilly,"Civil Lines, Bareilly - UPPCB",09-09-2026 14:00:00,28.359581,79.414455,NO2,8,9,8
India,Uttar Pradesh,Bareilly,"Rajendra Nagar, Bareilly - UPPCB",09-09-2026 14:00:00,28.38910936,79.42963708,NH3,NA,NA,NA
India,Uttar Pradesh,Bulandshahr,"Yamunapuram, Bulandshahr - UPPCB",09-09-2026 14:00:00,28.406963,77.849831,NH3,6,10,7
India,Uttar Pradesh,Bulandshahr,"Yamunapuram, Bulandshahr - UPPCB",09-09-2026 14:00:00,28.406963,77.849831,SO2,4,13,8
India,Uttar Pradesh,Firozabad,"Vibhab Nagar, Firozabad - UPPCB",09-09-2026 14:00:00,27.1594,78.3953,NO2,14,15,15
India,Uttar Pradesh,Firozabad,"Nagla Bhau, Firozabad - UPPCB",09-09-2026 14:00:00,27.168897,78.37696,PM2.5,NA,NA,NA
India,Uttar Pradesh,Firozabad,"Nagla Bhau, Firozabad - UPPCB",09-09-2026 14:00:00,27.168897,78.37696,NO2,17,17,17
India,Uttar Pradesh,Meerut,"MIET College, Meerut - UPPCB",09-09-2026 14:00:00,28.972677,77.641018,NH3,1,8,3
India,Uttar Pradesh,Meerut,"Pallavpuram Phase 2, Meerut - UPPCB",09-09-2026 14:00:00,29.06351,77.709723,PM10,112,157,134
India,Uttar Pradesh,Meerut,"Pallavpuram Phase 2, Meerut - UPPCB",09-09-2026 14:00:00,29.06351,77.709723,NO2,18,42,31
India,Uttar Pradesh,Meerut,"Ganga Nagar, Meerut - UPPCB",09-09-2026 14:00:00,28.999264,77.7590354,SO2,18,26,22
India,Uttar Pradesh,Modinagar,"SRM University, Modinagar - UPPCB",09-09-2026 14:00:00,28.798171,77.540243,NH3,4,4,4
India,Uttar Pradesh,Moradabad,"Jigar Colony, Moradabad - UPPCB",09-09-2026 14:00:00,28.856664,78.772638,SO2,28,47,45
India,Uttar Pradesh,Moradabad,"Jigar Colony, Moradabad - UPPCB",09-09-2026 14:00:00,28.856664,78.772638,CO,39,40,40
India,Uttar Pradesh,Moradabad,"Jigar Colony, Moradabad - UPPCB",09-09-2026 14:00:00,28.856664,78.772638,OZONE,21,35,25
India,Uttar Pradesh,Moradabad,"Transport Nagar, Moradabad - UPPCB",09-09-2026 14:00:00,28.802625,78.753728,PM2.5,47,150,83
India,Uttar Pradesh,Moradabad,"Transport Nagar, Moradabad - UPPCB",09-09-2026 14:00:00,28.802625,78.753728,NO2,24,25,24
India,Uttar Pradesh,Moradabad,"Transport Nagar, Moradabad - UPPCB",09-09-2026 14:00:00,28.802625,78.753728,CO,20,35,23
India,Uttar Pradesh,Moradabad,"Kashiram Nagar, Moradabad - UPPCB",09-09-2026 14:00:00,28.849399,78.742362,SO2,27,52,37
India,Uttar Pradesh,Ghaziabad,"Loni, Ghaziabad - UPPCB",09-09-2026 14:00:00,28.757294,77.278792,NO2,NA,NA,NA
India,Uttar Pradesh,Ghaziabad,"Loni, Ghaziabad - UPPCB",09-09-2026 14:00:00,28.757294,77.278792,CO,13,70,41
India,Uttar Pradesh,Ghaziabad,"Ved Vihar-Loni, Ghaziabad - UPPCB",09-09-2026 14:00:00,28.739153,77.273668,SO2,6,8,6
India,Uttar Pradesh,Ghaziabad,"Ved Vihar-Loni, Ghaziabad - UPPCB",09-09-2026 14:00:00,28.739153,77.273668,OZONE,4,18,11
India,Uttar Pradesh,Gorakhpur,"Madan Mohan Malaviya University of Technology, Gorakhpur - UPPCB",09-09-2026 14:00:00,26.730136,83.433859,SO2,48,51,50
India,Uttar Pradesh,Greater Noida,"Knowledge Park - III, Greater Noida - UPPCB",09-09-2026 14:00:00,28.47272,77.482,NH3,6,8,7
India,Uttar Pradesh,Greater Noida,"Knowledge Park - III, Greater Noida - UPPCB",09-09-2026 14:00:00,28.47272,77.482,SO2,7,12,9
India,Uttar Pradesh,Greater Noida,"Knowledge Park - III, Greater Noida - UPPCB",09-09-2026 14:00:00,28.47272,77.482,CO,16,19,17
India,Uttar Pradesh,Jhansi,"Shivaji Nagar, Jhansi - UPPCB",09-09-2026 14:00:00,25.4547,78.6039,PM2.5,35,82,53
India,Uttar Pradesh,Kanpur,"NSI Kalyanpur, Kanpur - UPPCB",09-09-2026 14:00:00,26.509954,80.249612,NH3,2,2,2
India,Uttar Pradesh,Noida,"Sector-116, Noida - UPPCB",09-09-2026 14:00:00,28.56923,77.393848,CO,5,49,27
India,Uttar Pradesh,Noida,"Sector-116, Noida - UPPCB",09-09-2026 14:00:00,28.56923,77.393848,OZONE,9,80,40
India,Uttar Pradesh,Prayagraj,"Jhunsi, Prayagraj - UPPCB",09-09-2026 14:00:00,25.425602,81.917152,PM10,10,71,29
India,Uttar Pradesh,Prayagraj,"Jhunsi, Prayagraj - UPPCB",09-09-2026 14:00:00,25.425602,81.917152,SO2,22,100,61
India,Uttar Pradesh,Prayagraj,"Nagar Nigam, Prayagraj - UPPCB",09-09-2026 14:00:00,25.44919916,81.82735986,CO,13,18,16
India,Uttar Pradesh,Prayagraj,"Nagar Nigam, Prayagraj - UPPCB",09-09-2026 14:00:00,25.44919916,81.82735986,OZONE,13,18,15
India,Uttar Pradesh,Raebareli,"Anand Nagar, Raebareli - UPPCB",09-09-2026 14:00:00,26.219512,81.237648,PM10,48,91,73
India,Uttar Pradesh,Raebareli,"Anand Nagar, Raebareli - UPPCB",09-09-2026 14:00:00,26.219512,81.237648,NO2,6,22,10
India,Uttar Pradesh,Raebareli," Indira Nagar, Raebareli - NTPC Unchahar",09-09-2026 14:00:00,26.207781,81.245571,NH3,8,15,11
India,Uttar Pradesh,Noida,"Sector-1, Noida - UPPCB",09-09-2026 14:00:00,28.5898,77.3101,PM2.5,33,287,72
India,Uttar Pradesh,Noida,"Sector - 125, Noida - UPPCB",09-09-2026 14:00:00,28.5447608,77.3231257,PM10,83,419,183
India,Uttar Pradesh,Noida,"Sector - 125, Noida - UPPCB",09-09-2026 14:00:00,28.5447608,77.3231257,NH3,3,3,3
India,Uttar Pradesh,Noida,"Sector - 62, Noida - IITM",09-09-2026 14:00:00,28.6245479,77.3577104,NO2,NA,NA,NA
India,Uttar Pradesh,Noida,"Sector - 62, Noida - IITM",09-09-2026 14:00:00,28.6245479,77.3577104,NH3,NA,NA,NA
India,Uttar Pradesh,Gajraula,"Rajanpur, Gajraula - UPPCB",09-09-2026 14:00:00,28.829109,78.248796,CO,70,79,74
India,Uttar Pradesh,Ghaziabad,"Govindpuram, Ghaziabad - UPPCB",09-09-2026 14:00:00,28.694528,77.494705,NH3,NA,NA,NA
India,West Bengal,Haldia,"Priyambada Housing Estate, Haldia - WBPCB",09-09-2026 14:00:00,22.06047,88.109737,OZONE,14,19,17
India,West Bengal,Howrah,"Botanical Garden, Howrah - WBPCB",09-09-2026 14:00:00,22.554954,88.292568,NH3,2,12,2
India,West Bengal,Howrah,"Botanical Garden, Howrah - WBPCB",09-09-2026 14:00:00,22.554954,88.292568,CO,20,25,23
India,West Bengal,Howrah,"Ghusuri, Howrah - WBPCB",09-09-2026 14:00:00,22.611968,88.347422,PM10,57,122,83
India,West Bengal,Howrah,"Ghusuri, Howrah - WBPCB",09-09-2026 14:00:00,22.611968,88.347422,NO2,37,152,59
India,West Bengal,Howrah,"Dasnagar, Howrah - WBPCB",09-09-2026 14:00:00,22.6025571,88.3105664,NO2,4,16,8
India,West Bengal,Howrah,"Belur Math, Howrah - WBPCB",09-09-2026 14:00:00,22.629801,88.352017,NH3,1,6,4
India,West Bengal,Howrah,"Belur Math, Howrah - WBPCB",09-09-2026 14:00:00,22.629801,88.352017,OZONE,8,11,10
India,West Bengal,Kolkata,"Victoria, Kolkata - WBPCB",09-09-2026 14:00:00,22.5448082,88.3403691,SO2,0,13,6
India,West Bengal,Kolkata,"Ballygunge, Kolkata - WBPCB",09-09-2026 14:00:00,22.5367507,88.3638022,PM2.5,24,77,41
India,West Bengal,Kolkata,"Ballygunge, Kolkata - WBPCB",09-09-2026 14:00:00,22.5367507,88.3638022,NO2,21,34,29
India,West Bengal,Kolkata,"Rabindra Sarobar, Kolkata - WBPCB",09-09-2026 14:00:00,22.51106,88.35142,PM2.5,21,41,30
India,West Bengal,Kolkata,"Rabindra Sarobar, Kolkata - WBPCB",09-09-2026 14:00:00,22.51106,88.35142,NO2,17,67,47
India,West Bengal,Kolkata,"Jadavpur, Kolkata - WBPCB",09-09-2026 14:00:00,22.49929,88.36917,PM10,36,83,58
India,West Bengal,Kolkata,"Fort William, Kolkata - WBPCB",09-09-2026 14:00:00,22.55664,88.342674,CO,21,28,25
India,West Bengal,Kolkata,"Fort William, Kolkata - WBPCB",09-09-2026 14:00:00,22.55664,88.342674,OZONE,51,81,65
India,West Bengal,Kolkata,"Bidhannagar, Kolkata - WBPCB",09-09-2026 14:00:00,22.58157048,88.41002457,NO2,9,17,12
