country,state,city,station,last_update,latitude,longitude,pollutant_id,min_value,max_value,avg_value
India,Andhra Pradesh,Vijayawada,"HB Colony, Vijayawada - APPCB",30-07-2026 05:00:00,16.536107,80.594233,SO2,7,19,11
India,Andhra Pradesh,Vijayawada,"Rajiv Gandhi Park, Vijayawada - APPCB",30-07-2026 05:00:00,16.509717,80.612222,NO2,18,39,26
India,Andhra Pradesh,Vijayawada,"Rajiv Gandhi Park, Vijayawada - APPCB",30-07-2026 05:00:00,16.509717,80.612222,NH3,4,8,6
India,Andhra Pradesh,Vijayawada,"Rajiv Nagar, Vijayawada - APPCB",30-07-2026 05:00:00,16.554731,80.64911,PM2.5,54,70,58
India,Andhra Pradesh,Vijayawada,"Rajiv Nagar, Vijayawada - APPCB",30-07-2026 05:00:00,16.554731,80.64911,PM10,54,69,59
India,Andhra Pradesh,Visakhapatnam,"GVM Corporation, Visakhapatnam - APPCB",30-07-2026 05:00:00,17.72,83.3,PM2.5,18,86,52
India,Arunachal Pradesh,Naharlagun,"Naharlagun, Naharlagun - APSPCB",30-07-2026 05:00:00,27.103358,93.679645,PM2.5,NA,NA,NA
India,Arunachal Pradesh,Naharlagun,"Naharlagun, Naharlagun - APSPCB",30-07-2026 05:00:00,27.103358,93.679645,OZONE,7,7,7
India,Bihar,Gaya,"Collectorate, Gaya - BSPCB",30-07-2026 05:00:00,24.7955,84.9994,PM10,NA,NA,NA
India,Bihar,Gaya,"Collectorate, Gaya - BSPCB",30-07-2026 05:00:00,24.7955,84.9994,NH3,NA,NA,NA
India,Bihar,Gaya,"Kareemganj, Gaya - BSPCB",30-07-2026 05:00:00,24.792403,84.992416,NO2,11,13,12
India,Bihar,Hajipur,"Industrial Area, Hajipur - BSPCB",30-07-2026 05:00:00,25.697189,85.2459,PM10,24,46,32
India,Bihar,Katihar,"Mirchaibari, Katihar - BSPCB",30-07-2026 05:00:00,25.560083,87.553265,SO2,17,23,20
India,Bihar,Katihar,"Mirchaibari, Katihar - BSPCB",30-07-2026 05:00:00,25.560083,87.553265,OZONE,12,59,24
India,Bihar,Kishanganj,"SDM Office_Khagra, Kishanganj - BSPCB",30-07-2026 05:00:00,26.0881305,87.93840336,PM10,34,66,42
India,Bihar,Kishanganj,"SDM Office_Khagra, Kishanganj - BSPCB",30-07-2026 05:00:00,26.0881305,87.93840336,NO2,7,8,7
India,Assam,Guwahati,"IITG, Guwahati - PCBA",30-07-2026 05:00:00,26.2028636,91.70046436,OZONE,3,11,9
India,Assam,Guwahati,"LGBI Airport, Guwahati - PCBA",30-07-2026 05:00:00,26.10887,91.589544,NO2,13,18,15
India,Assam,Guwahati,"LGBI Airport, Guwahati - PCBA",30-07-2026 05:00:00,26.10887,91.589544,CO,23,32,29
India,Assam,Guwahati,"Railway Colony, Guwahati - PCBA",30-07-2026 05:00:00,26.181742,91.78063,NO2,2,8,3
India,Assam,Nagaon,"Christianpatty, Nagaon - PCBA",30-07-2026 05:00:00,26.349082,92.68449,PM10,31,66,45
India,Assam,Nagaon,"Christianpatty, Nagaon - PCBA",30-07-2026 05:00:00,26.349082,92.68449,NH3,1,1,1
India,Assam,Silchar,"Tarapur, Silchar - PCBA",30-07-2026 05:00:00,24.82827,92.79525,CO,11,30,18
India,Bihar,Araria,"Kharahiya Basti, Araria - BSPCB",30-07-2026 05:00:00,26.146529,87.454184,OZONE,39,39,39
India,Bihar,Arrah,"New DM Office, Arrah - BSPCB",30-07-2026 05:00:00,25.5626095,84.663264,PM2.5,2,297,38
India,Bihar,Aurangabad,"Gurdeo Nagar, Aurangabad - BSPCB",30-07-2026 05:00:00,24.75746,84.366208,NO2,7,8,8
India,Bihar,Aurangabad,"Gurdeo Nagar, Aurangabad - BSPCB",30-07-2026 05:00:00,24.75746,84.366208,CO,101,103,102
India,Bihar,Begusarai,"Lohiyanagar, Begusarai - BSPCB",30-07-2026 05:00:00,25.42742023,86.13886079,NO2,6,12,8
India,Bihar,Begusarai,"Lohiyanagar, Begusarai - BSPCB",30-07-2026 05:00:00,25.42742023,86.13886079,CO,10,11,11
India,Bihar,Begusarai,"Lohiyanagar, Begusarai - BSPCB",30-07-2026 05:00:00,25.42742023,86.13886079,OZONE,23,26,25
India,Andhra Pradesh,Kakinada,"Rama Rao Peta, Kakinada - APPCB",30-07-2026 05:00:00,16.962488,82.229513,SO2,10,14,11
India,Andhra Pradesh,Kakinada,"Rama Rao Peta, Kakinada - APPCB",30-07-2026 05:00:00,16.962488,82.229513,OZONE,17,25,21
India,Andhra Pradesh,Machilipatnam,"Srinivas Nagar Colony, Machilipatnam - APPCB",30-07-2026 05:00:00,16.186555,81.13219,NO2,13,39,22
India,Andhra Pradesh,Machilipatnam,"Srinivas Nagar Colony, Machilipatnam - APPCB",30-07-2026 05:00:00,16.186555,81.13219,NH3,2,4,3
India,Andhra Pradesh,Srikakulam,"Chinna Bharatham Colony, Srikakulam - APPCB",30-07-2026 05:00:00,18.292191,83.897173,OZONE,13,24,20
India,Bihar,Bettiah,"Kamalnath Nagar, Bettiah - BSPCB",30-07-2026 05:00:00,26.80365,84.51954,SO2,10,14,13
India,Bihar,Bhagalpur,"Mayaganj, Bhagalpur - BSPCB",30-07-2026 05:00:00,25.265194,87.012947,PM10,21,107,40
India,Bihar,Bhagalpur,"Mayaganj, Bhagalpur - BSPCB",30-07-2026 05:00:00,25.265194,87.012947,NO2,7,8,7
India,Bihar,Bhagalpur,"Mayaganj, Bhagalpur - BSPCB",30-07-2026 05:00:00,25.265194,87.012947,NH3,2,3,3
India,Bihar,Bhagalpur,"Mayaganj, Bhagalpur - BSPCB",30-07-2026 05:00:00,25.265194,87.012947,SO2,16,28,24
India,Andhra Pradesh,Anantapur,"Gulzarpet, Anantapur - APPCB",30-07-2026 05:00:00,14.675886,77.593027,OZONE,22,22,22
India,Andhra Pradesh,Chittoor,"Gangineni Cheruvu, Chittoor - APPCB",30-07-2026 05:00:00,13.20488,79.097889,PM10,61,71,65
India,Andhra Pradesh,Chittoor,"Gangineni Cheruvu, Chittoor - APPCB",30-07-2026 05:00:00,13.20488,79.097889,SO2,16,25,20
India,Andhra Pradesh,Chittoor,"Gangineni Cheruvu, Chittoor - APPCB",30-07-2026 05:00:00,13.20488,79.097889,OZONE,28,31,29
India,Andhra Pradesh,Guntur,"Rajendra Nagar North, Guntur - APPCB",30-07-2026 05:00:00,16.316553,80.413302,OZONE,27,27,27
India,Andhra Pradesh,Kakinada,"Rama Rao Peta, Kakinada - APPCB",30-07-2026 05:00:00,16.962488,82.229513,NH3,4,4,4
India,Bihar,Bihar Sharif,"D M Colony, Bihar Sharif - BSPCB",30-07-2026 05:00:00,25.204762,85.51496,SO2,5,7,6
India,Bihar,Chhapra,"Darshan Nagar, Chhapra - BSPCB",30-07-2026 05:00:00,25.7808257,84.7446768,SO2,20,22,21
India,Andhra Pradesh,Amaravati,"Secretariat, Amaravati - APPCB",30-07-2026 05:00:00,16.5150833,80.5181667,NH3,3,4,3
India,Bihar,Purnia,"Mariam Nagar, Purnia - BSPCB",30-07-2026 05:00:00,25.366336,87.117468,OZONE,21,51,28
India,Bihar,Saharsa,"Police Line, Saharsa - BSPCB",30-07-2026 05:00:00,25.892357,86.590325,NH3,4,4,4
India,Bihar,Saharsa,"Police Line, Saharsa - BSPCB",30-07-2026 05:00:00,25.892357,86.590325,CO,35,40,38
India,Bihar,Samastipur,"DM Office_Kasipur, Samastipur - BSPCB",30-07-2026 05:00:00,25.859655,85.77944,PM2.5,3,123,34
India,Bihar,Samastipur,"DM Office_Kasipur, Samastipur - BSPCB",30-07-2026 05:00:00,25.859655,85.77944,SO2,10,13,12
India,Chandigarh,Chandigarh,"Sector-53, Chandigarh - CPCC",30-07-2026 05:00:00,30.719859,76.738637,SO2,6,9,8
India,Chandigarh,Chandigarh,"Sector 22, Chandigarh - CPCC",30-07-2026 05:00:00,30.735567,76.775714,NH3,10,33,18
India,Chandigarh,Chandigarh,"Sector 22, Chandigarh - CPCC",30-07-2026 05:00:00,30.735567,76.775714,SO2,4,6,5
India,Chandigarh,Chandigarh,"Sector-25, Chandigarh - CPCC",30-07-2026 05:00:00,30.751462,76.762879,PM10,27,50,34
India,Chhattisgarh,Bhilai,"Hathkhoj, Bhilai - CECB",30-07-2026 05:00:00,21.224231,81.40835,CO,9,18,14
India,Chhattisgarh,Bilaspur,"Mangala, Bilaspur - NTPC",30-07-2026 05:00:00,22.08815,82.13737,SO2,7,13,9
India,Chhattisgarh,Chhal,"Nawapara SECL Colony, Chhal - CECB",30-07-2026 05:00:00,22.118125,83.140608,OZONE,31,39,35
India,Chhattisgarh,Korba,"Rampur, Korba - CECB",30-07-2026 05:00:00,22.368195,82.746431,CO,5,8,6
India,Chhattisgarh,Kunjemura,"OP Jindal School, Kunjemura - CECB",30-07-2026 05:00:00,22.12665,83.483212,NH3,2,2,2
India,Chhattisgarh,Milupara,"Govt. Higher Secondary School, Milupara - CECB",30-07-2026 05:00:00,22.1910172,83.5197009,NH3,NA,NA,NA
India,Chhattisgarh,Milupara,"Govt. Higher Secondary School, Milupara - CECB",30-07-2026 05:00:00,22.1910172,83.5197009,SO2,NA,NA,NA
India,Chhattisgarh,Milupara,"Govt. Higher Secondary School, Milupara - CECB",30-07-2026 05:00:00,22.1910172,83.5197009,OZONE,2,2,2
India,Chhattisgarh,Raipur,"Krishak Nagar, Raipur - CECB",30-07-2026 05:00:00,21.237755,81.705301,PM10,5,41,20
India,Chhattisgarh,Raipur,"Siltara Phase-II, Raipur - CECB",30-07-2026 05:00:00,21.371751,81.664929,NO2,12,42,21
India,Chhattisgarh,Raipur,"Siltara Phase-II, Raipur - CECB",30-07-2026 05:00:00,21.371751,81.664929,SO2,0,30,7
India,Chhattisgarh,Raipur,"Bhatagaon New ISBT, Raipur - CECB",30-07-2026 05:00:00,21.219665,81.630094,PM10,1,500,65
India,Chhattisgarh,Tumidih,"OP Jindal Industrial Park, Tumidih - CECB",30-07-2026 05:00:00,22.06631475,83.33820077,PM2.5,6,17,12
India,Bihar,Motihari,"Gandak Colony, Motihari - BSPCB",30-07-2026 05:00:00,26.63086,84.90051,NO2,2,3,3
India,Bihar,Munger,"Town Hall, Munger - BSPCB",30-07-2026 05:00:00,25.376776,86.471523,NH3,2,3,3
India,Bihar,Munger,"Town Hall, Munger - BSPCB",30-07-2026 05:00:00,25.376776,86.471523,SO2,NA,NA,NA
India,Bihar,Munger,"Town Hall, Munger - BSPCB",30-07-2026 05:00:00,25.376776,86.471523,OZONE,16,137,45
India,Bihar,Muzaffarpur,"Buddha Colony, Muzaffarpur - BSPCB",30-07-2026 05:00:00,26.11442,85.39813,CO,15,20,16
India,Bihar,Patna,"Rajbansi Nagar, Patna - BSPCB",30-07-2026 05:00:00,25.599486,85.113666,PM10,19,32,25
India,Bihar,Patna,"Rajbansi Nagar, Patna - BSPCB",30-07-2026 05:00:00,25.599486,85.113666,NH3,2,3,3
India,Bihar,Patna,"Rajbansi Nagar, Patna - BSPCB",30-07-2026 05:00:00,25.599486,85.113666,OZONE,27,29,28
India,Chhattisgarh,Tumidih,"OP Jindal Industrial Park, Tumidih - CECB",30-07-2026 05:00:00,22.06631475,83.33820077,OZONE,38,38,38
India,Delhi,Delhi,"ITO, Delhi - CPCB",30-07-2026 05:00:00,28.628624,77.24106,CO,30,103,69
India,Delhi,Delhi,"Punjabi Bagh, Delhi - DPCC",30-07-2026 05:00:00,28.674045,77.131023,PM2.5,10,240,113
India,Delhi,Delhi,"Punjabi Bagh, Delhi - DPCC",30-07-2026 05:00:00,28.674045,77.131023,PM10,69,155,119
India,Delhi,Delhi,"Punjabi Bagh, Delhi - DPCC",30-07-2026 05:00:00,28.674045,77.131023,SO2,28,52,42
India,Delhi,Delhi,"Punjabi Bagh, Delhi - DPCC",30-07-2026 05:00:00,28.674045,77.131023,OZONE,1,98,44
India,Delhi,Delhi,"Shadipur, Delhi - CPCB",30-07-2026 05:00:00,28.6514781,77.1473105,PM10,35,89,62
India,Chandigarh,Chandigarh,"Sector-25, Chandigarh - CPCC",30-07-2026 05:00:00,30.751462,76.762879,OZONE,17,23,21
India,Chhattisgarh,Bhilai,"Civic Center, Bhilai - Bhilai Steel Plant",30-07-2026 05:00:00,21.185571,81.343175,PM2.5,1,12,5
India,Chhattisgarh,Bhilai,"Civic Center, Bhilai - Bhilai Steel Plant",30-07-2026 05:00:00,21.185571,81.343175,NO2,15,16,16
India,Chhattisgarh,Bhilai,"Civic Center, Bhilai - Bhilai Steel Plant",30-07-2026 05:00:00,21.185571,81.343175,OZONE,11,12,12
India,Chhattisgarh,Bhilai,"32Bungalows, Bhilai - CECB",30-07-2026 05:00:00,21.194815,81.31477,SO2,3,6,4
India,Chhattisgarh,Bhilai,"32Bungalows, Bhilai - CECB",30-07-2026 05:00:00,21.194815,81.31477,CO,9,15,12
India,Bihar,Patna,"DRM Office Danapur, Patna - BSPCB",30-07-2026 05:00:00,25.586562,85.043586,NO2,20,25,23
India,Bihar,Patna,"Muradpur, Patna - BSPCB",30-07-2026 05:00:00,25.619651,85.147382,SO2,8,9,9
India,Bihar,Patna,"Govt. High School Shikarpur, Patna - BSPCB",30-07-2026 05:00:00,25.592539,85.227158,OZONE,20,43,29
India,Bihar,Purnia,"Mariam Nagar, Purnia - BSPCB",30-07-2026 05:00:00,25.366336,87.117468,SO2,16,17,17
India,Chhattisgarh,Bhilai,"Hathkhoj, Bhilai - CECB",30-07-2026 05:00:00,21.224231,81.40835,PM10,8,36,21
India,Chhattisgarh,Bhilai,"Hathkhoj, Bhilai - CECB",30-07-2026 05:00:00,21.224231,81.40835,NH3,5,13,8
India,Chhattisgarh,Bhilai,"Hathkhoj, Bhilai - CECB",30-07-2026 05:00:00,21.224231,81.40835,SO2,8,32,14
India,Bihar,Manguraha,"Forest Rest House, Manguraha - BSPCB",30-07-2026 05:00:00,27.308328,84.531742,NH3,0,1,1
India,Gujarat,Ahmedabad,"SVPI Airport Hansol, Ahmedabad - IITM",30-07-2026 05:00:00,23.076793,72.627874,CO,35,78,52
India,Gujarat,Ahmedabad,"Rakhial, Ahmedabad - IITM",30-07-2026 05:00:00,23.016834,72.625775,PM10,77,198,127
India,Gujarat,Ahmedabad,"Rakhial, Ahmedabad - IITM",30-07-2026 05:00:00,23.016834,72.625775,NO2,22,129,38
India,Gujarat,Ahmedabad,"Rakhial, Ahmedabad - IITM",30-07-2026 05:00:00,23.016834,72.625775,CO,27,113,64
India,Gujarat,Ahmedabad,"Chandkheda, Ahmedabad - IITM",30-07-2026 05:00:00,23.107969,72.574648,PM10,81,137,111
India,Gujarat,Ahmedabad,"Chandkheda, Ahmedabad - IITM",30-07-2026 05:00:00,23.107969,72.574648,NO2,5,28,11
India,Gujarat,Ahmedabad,"Chandkheda, Ahmedabad - IITM",30-07-2026 05:00:00,23.107969,72.574648,NH3,6,11,9
India,Gujarat,Ahmedabad,"Chandkheda, Ahmedabad - IITM",30-07-2026 05:00:00,23.107969,72.574648,SO2,4,12,8
India,Gujarat,Ahmedabad,"Maninagar, Ahmedabad - GPCB",30-07-2026 05:00:00,23.002657,72.591912,PM10,79,126,99
India,Gujarat,Ahmedabad,"Maninagar, Ahmedabad - GPCB",30-07-2026 05:00:00,23.002657,72.591912,SO2,25,44,32
India,Gujarat,Ahmedabad,"SAC ISRO Satellite, Ahmedabad - IITM",30-07-2026 05:00:00,23.023389,72.515201,PM2.5,67,157,95
India,Gujarat,Ahmedabad,"Raikhad, Ahmedabad - IITM",30-07-2026 05:00:00,23.020509,72.579261,NH3,1,30,4
India,Gujarat,Ankleshwar,"GIDC, Ankleshwar - GPCB",30-07-2026 05:00:00,21.613267,73.010555,CO,42,52,46
India,Gujarat,Bhavnagar,"Vidhyanagar, Bhavnagar - Nexteng Enviro",30-07-2026 05:00:00,21.755417,72.139056,OZONE,9,16,14
India,Delhi,Delhi,"Dr. Karni Singh Shooting Range, Delhi - DPCC",30-07-2026 05:00:00,28.498571,77.26484,NO2,12,55,23
India,Delhi,Delhi,"Dr. Karni Singh Shooting Range, Delhi - DPCC",30-07-2026 05:00:00,28.498571,77.26484,SO2,5,7,7
India,Delhi,Delhi,"Dwarka-Sector 8, Delhi - DPCC ",30-07-2026 05:00:00,28.5710274,77.0719006,PM10,61,190,136
India,Delhi,Delhi,"DTU, Delhi - CPCB",30-07-2026 05:00:00,28.7500499,77.1112615,PM2.5,83,290,136
India,Delhi,Delhi,"Anand Vihar, Delhi - DPCC",30-07-2026 05:00:00,28.647622,77.315809,PM2.5,83,183,138
India,Delhi,Delhi,"Anand Vihar, Delhi - DPCC",30-07-2026 05:00:00,28.647622,77.315809,NH3,7,10,8
India,Delhi,Delhi,"Ashok Vihar, Delhi - DPCC",30-07-2026 05:00:00,28.695381,77.181665,PM2.5,80,244,151
India,Delhi,Delhi,"Ashok Vihar, Delhi - DPCC",30-07-2026 05:00:00,28.695381,77.181665,CO,35,90,62
India,Delhi,Delhi,"Mundka, Delhi - DPCC",30-07-2026 05:00:00,28.684678,77.076574,SO2,3,13,9
India,Delhi,Delhi,"Wazirpur, Delhi - DPCC",30-07-2026 05:00:00,28.699793,77.165453,PM2.5,32,382,201
India,Delhi,Delhi,"Najafgarh, Delhi - DPCC",30-07-2026 05:00:00,28.570173,76.933762,NH3,7,12,9
India,Delhi,Delhi,"Okhla Phase-2, Delhi - DPCC",30-07-2026 05:00:00,28.530785,77.271255,PM10,45,172,99
India,Delhi,Delhi,"Okhla Phase-2, Delhi - DPCC",30-07-2026 05:00:00,28.530785,77.271255,CO,1,2,1
India,Delhi,Delhi,"Bawana, Delhi - DPCC",30-07-2026 05:00:00,28.7762,77.051074,PM2.5,3,351,156
India,Delhi,Delhi,"Bawana, Delhi - DPCC",30-07-2026 05:00:00,28.7762,77.051074,NO2,5,18,11
India,Delhi,Delhi,"Bawana, Delhi - DPCC",30-07-2026 05:00:00,28.7762,77.051074,OZONE,4,6,6
India,Delhi,Delhi,"Sonia Vihar, Delhi - DPCC",30-07-2026 05:00:00,28.710508,77.249485,PM2.5,57,307,146
India,Delhi,Delhi,"Sonia Vihar, Delhi - DPCC",30-07-2026 05:00:00,28.710508,77.249485,SO2,1,11,6
India,Delhi,Delhi,"Major Dhyan Chand National Stadium, Delhi - DPCC",30-07-2026 05:00:00,28.611281,77.237738,PM10,60,125,93
India,Delhi,Delhi,"Cantonment Area, Delhi - DPCC",30-07-2026 05:00:00,28.594169,77.1251,PM2.5,3,45,23
India,Delhi,Delhi,"Narela, Delhi - DPCC",30-07-2026 05:00:00,28.822836,77.101981,PM10,79,195,124
India,Delhi,Delhi,"Narela, Delhi - DPCC",30-07-2026 05:00:00,28.822836,77.101981,OZONE,4,15,10
India,Delhi,Delhi,"CRRI Mathura Road, Delhi - IITM",30-07-2026 05:00:00,28.5512005,77.2735737,PM2.5,18,86,52
India,Delhi,Delhi,"CRRI Mathura Road, Delhi - IITM",30-07-2026 05:00:00,28.5512005,77.2735737,PM10,21,170,87
India,Delhi,Delhi,"CRRI Mathura Road, Delhi - IITM",30-07-2026 05:00:00,28.5512005,77.2735737,NH3,NA,NA,NA
India,Delhi,Delhi,"Burari Crossing, Delhi - IITM",30-07-2026 05:00:00,28.7256504,77.2011573,NO2,14,69,30
India,Delhi,Delhi,"IMD Lodhi Road, Delhi - IITM",30-07-2026 05:00:00,28.5918245,77.2273074,CO,13,49,33
India,Delhi,Delhi,"JNU, Delhi - DPCC",30-07-2026 05:00:00,28.540721,77.168544,PM2.5,6,96,57
India,Delhi,Delhi,"JNU, Delhi - DPCC",30-07-2026 05:00:00,28.540721,77.168544,PM10,5,114,68
India,Delhi,Delhi,"Alipur, Delhi - DPCC",30-07-2026 05:00:00,28.815329,77.15301,PM10,114,183,148
India,Delhi,Delhi,"Jawaharlal Nehru Stadium, Delhi - DPCC",30-07-2026 05:00:00,28.58028,77.233829,PM10,47,141,96
India,Delhi,Delhi,"Jawaharlal Nehru Stadium, Delhi - DPCC",30-07-2026 05:00:00,28.58028,77.233829,NH3,16,19,17
India,Delhi,Delhi,"Patparganj, Delhi - DPCC",30-07-2026 05:00:00,28.623763,77.287209,NO2,19,72,37
India,Delhi,Delhi,"Nehru Nagar, Delhi - DPCC",30-07-2026 05:00:00,28.56789,77.250515,NH3,6,12,8
India,Delhi,Delhi,"Sri Aurobindo Marg, Delhi - DPCC",30-07-2026 05:00:00,28.531346,77.190156,NO2,9,23,17
India,Delhi,Delhi,"Sri Aurobindo Marg, Delhi - DPCC",30-07-2026 05:00:00,28.531346,77.190156,SO2,7,60,34
India,Delhi,Delhi,"Jahangirpuri, Delhi - DPCC",30-07-2026 05:00:00,28.73282,77.170633,CO,43,90,70
India,Delhi,Delhi,"Pusa, Delhi - DPCC",30-07-2026 05:00:00,28.639652,77.146275,SO2,5,14,9
India,Delhi,Delhi,"Pusa, Delhi - DPCC",30-07-2026 05:00:00,28.639652,77.146275,CO,25,87,64
India,Delhi,Delhi,"Sirifort, Delhi - CPCB",30-07-2026 05:00:00,28.5504249,77.2159377,CO,37,78,62
India,Delhi,Delhi,"Chandni Chowk, Delhi - IITM",30-07-2026 05:00:00,28.656756,77.227234,PM2.5,80,160,106
India,Delhi,Delhi,"Pusa, Delhi - IITM",30-07-2026 05:00:00,28.63611,77.173332,SO2,NA,NA,NA
India,Delhi,Delhi,"IGI Airport (T3), Delhi - IITM",30-07-2026 05:00:00,28.5627763,77.1180053,PM2.5,0,95,46
India,Delhi,Delhi,"IGNOU_Maidan Garhi, Delhi - DPCC",30-07-2026 05:00:00,28.493624,77.201159,PM10,32,99,61
India,Delhi,Delhi,"IGNOU_Maidan Garhi, Delhi - DPCC",30-07-2026 05:00:00,28.493624,77.201159,SO2,5,6,5
India,Delhi,Delhi,"Commonwealth Sports Complex, Delhi - DPCC",30-07-2026 05:00:00,28.615828,77.271992,CO,45,71,58
India,Gujarat,Gandhinagar,"Sector-10, Gandhinagar - GPCB",30-07-2026 05:00:00,23.221714,72.654328,PM2.5,28,91,64
India,Gujarat,Gandhinagar,"Sector-10, Gandhinagar - GPCB",30-07-2026 05:00:00,23.221714,72.654328,OZONE,4,6,5
India,Gujarat,Gandhinagar,"IIPHG Lekawada, Gandhinagar - IITM",30-07-2026 05:00:00,23.243639,72.68994,SO2,2,3,2
India,Gujarat,Gandhinagar,"GIFT City, Gandhinagar - IITM",30-07-2026 05:00:00,23.163798,72.677768,PM2.5,32,142,67
India,Delhi,Delhi,"Talkatora Garden, Delhi - DPCC",30-07-2026 05:00:00,28.62181,77.1944633,PM10,NA,NA,NA
India,Delhi,Delhi,"Talkatora Garden, Delhi - DPCC",30-07-2026 05:00:00,28.62181,77.1944633,NO2,20,51,34
India,Delhi,Delhi,"Talkatora Garden, Delhi - DPCC",30-07-2026 05:00:00,28.62181,77.1944633,OZONE,0,1,1
India,Delhi,Delhi,"Aya Nagar, Delhi - IITM",30-07-2026 05:00:00,28.4706914,77.1099364,PM2.5,22,89,51
India,Delhi,Delhi,"Aya Nagar, Delhi - IITM",30-07-2026 05:00:00,28.4706914,77.1099364,NH3,NA,NA,NA
India,Jammu and Kashmir,Srinagar,"Rajbagh, Srinagar - JKPCC",30-07-2026 05:00:00,34.066206,74.81982,SO2,3,4,3
India,Jammu and Kashmir,Srinagar,"Rajbagh, Srinagar - JKPCC",30-07-2026 05:00:00,34.066206,74.81982,CO,14,17,15
India,Jharkhand,Dhanbad,"Sardar Patel Nagar, Dhanbad - JSPCB",30-07-2026 05:00:00,23.80569,86.44268,PM10,8,115,52
India,Jharkhand,Dhanbad,"Sardar Patel Nagar, Dhanbad - JSPCB",30-07-2026 05:00:00,23.80569,86.44268,SO2,NA,NA,NA
India,Jharkhand,Jorapokhar,"Tata Stadium, Jorapokhar - JSPCB",30-07-2026 05:00:00,23.707909,86.41467,PM2.5,52,74,63
India,Jharkhand,Jorapokhar,"Tata Stadium, Jorapokhar - JSPCB",30-07-2026 05:00:00,23.707909,86.41467,NH3,3,3,3
India,Jharkhand,Jorapokhar,"Tata Stadium, Jorapokhar - JSPCB",30-07-2026 05:00:00,23.707909,86.41467,OZONE,3,4,4
India,Karnataka,Bagalkot,"Vidayagiri, Bagalkot - KSPCB",30-07-2026 05:00:00,16.172806,75.659694,PM10,51,52,51
India,Karnataka,Bagalkot,"Vidayagiri, Bagalkot - KSPCB",30-07-2026 05:00:00,16.172806,75.659694,NH3,1,1,1
India,Karnataka,Bengaluru,"Bapuji Nagar, Bengaluru - KSPCB",30-07-2026 05:00:00,12.951913,77.539784,SO2,21,45,32
India,Karnataka,Bengaluru,"Bapuji Nagar, Bengaluru - KSPCB",30-07-2026 05:00:00,12.951913,77.539784,OZONE,22,27,25
India,Karnataka,Bengaluru,"Sanegurava Halli, Bengaluru - KSPCB",30-07-2026 05:00:00,12.990328,77.5431385,PM2.5,NA,NA,NA
India,Karnataka,Bengaluru,"Sanegurava Halli, Bengaluru - KSPCB",30-07-2026 05:00:00,12.990328,77.5431385,NO2,18,19,18
India,Karnataka,Bengaluru,"BTM Layout, Bengaluru - CPCB",30-07-2026 05:00:00,12.9135218,77.5950804,NO2,26,27,27
India,Haryana,Karnal,"Sector-12, Karnal - HSPCB",30-07-2026 05:00:00,29.6953,77.0027,SO2,12,13,13
India,Haryana,Karnal,"Sector-12, Karnal - HSPCB",30-07-2026 05:00:00,29.6953,77.0027,CO,36,62,50
India,Haryana,Kurukshetra,"Sector-7, Kurukshetra - HSPCB",30-07-2026 05:00:00,29.966942,76.875879,CO,19,37,26
India,Haryana,Mandikhera,"General Hospital, Mandikhera(Nuh) - HSPCB",30-07-2026 05:00:00,27.9002,76.9938,PM2.5,49,53,51
India,Haryana,Mandikhera,"General Hospital, Mandikhera(Nuh) - HSPCB",30-07-2026 05:00:00,27.9002,76.9938,NH3,7,9,8
India,Haryana,Manesar,"Sector-2 IMT, Manesar - HSPCB",30-07-2026 05:00:00,28.360699,76.93609,PM2.5,48,139,77
India,Haryana,Manesar,"Sector-2 IMT, Manesar - HSPCB",30-07-2026 05:00:00,28.360699,76.93609,NH3,6,13,10
India,Haryana,Manesar,"Sector-2 IMT, Manesar - HSPCB",30-07-2026 05:00:00,28.360699,76.93609,SO2,5,29,11
India,Haryana,Narnaul,"Shastri Nagar, Narnaul - HSPCB",30-07-2026 05:00:00,28.060249,76.113115,PM10,18,147,85
India,Haryana,Narnaul,"Shastri Nagar, Narnaul - HSPCB",30-07-2026 05:00:00,28.060249,76.113115,OZONE,9,11,10
India,Haryana,Palwal,"Shyam Nagar, Palwal - HSPCB",30-07-2026 05:00:00,28.1485564,77.3320667,OZONE,2,11,5
India,Haryana,Panchgaon,"Amity University, Panchgaon - IITM",30-07-2026 05:00:00,28.3153,76.9143,PM2.5,23,83,43
India,Haryana,Panchgaon,"Amity University, Panchgaon - IITM",30-07-2026 05:00:00,28.3153,76.9143,CO,28,43,37
India,Haryana,Rohtak,"MD University, Rohtak - HSPCB",30-07-2026 05:00:00,28.52123,76.37138,PM2.5,43,63,54
India,Haryana,Rohtak,"MD University, Rohtak - HSPCB",30-07-2026 05:00:00,28.52123,76.37138,NH3,NA,NA,NA
India,Haryana,Rohtak,"MD University, Rohtak - HSPCB",30-07-2026 05:00:00,28.52123,76.37138,OZONE,2,20,14
India,Haryana,Sirsa,"F-Block, Sirsa - HSPCB",30-07-2026 05:00:00,29.5364,75.0158,PM2.5,9,39,29
India,Haryana,Sirsa,"F-Block, Sirsa - HSPCB",30-07-2026 05:00:00,29.5364,75.0158,PM10,23,101,75
India,Haryana,Yamuna Nagar,"Gobind Pura, Yamuna Nagar - HSPCB",30-07-2026 05:00:00,30.1480566,77.2893471,NO2,11,31,21
India,Haryana,Yamuna Nagar,"Gobind Pura, Yamuna Nagar - HSPCB",30-07-2026 05:00:00,30.1480566,77.2893471,SO2,10,15,11
India,Haryana,Yamuna Nagar,"Gobind Pura, Yamuna Nagar - HSPCB",30-07-2026 05:00:00,30.1480566,77.2893471,CO,29,52,40
India,Himachal Pradesh,Baddi,"HIMUDA Complex Phase-1, Baddi - HPPCB",30-07-2026 05:00:00,30.943887,76.801991,PM2.5,2,97,43
India,Gujarat,Vatva,"Phase-4 GIDC, Vatva - GPCB",30-07-2026 05:00:00,22.969611,72.6435,SO2,NA,NA,NA
India,Gujarat,Vatva,"Phase-4 GIDC, Vatva - GPCB",30-07-2026 05:00:00,22.969611,72.6435,OZONE,11,11,11
India,Haryana,Bahadurgarh,"Arya Nagar, Bahadurgarh - HSPCB",30-07-2026 05:00:00,28.6701,76.9254,NO2,20,25,23
India,Haryana,Bahadurgarh,"Arya Nagar, Bahadurgarh - HSPCB",30-07-2026 05:00:00,28.6701,76.9254,NH3,11,11,11
India,Haryana,Bahadurgarh,"Arya Nagar, Bahadurgarh - HSPCB",30-07-2026 05:00:00,28.6701,76.9254,SO2,8,11,9
India,Haryana,Ballabgarh,"Nathu Colony, Ballabgarh - HSPCB",30-07-2026 05:00:00,28.3419248,77.319699,CO,6,15,10
India,Haryana,Charkhi Dadri,"Mini Secretariat, Charkhi Dadri - HSPCB",30-07-2026 05:00:00,28.593883,76.270653,SO2,7,9,8
India,Haryana,Dharuhera,"Municipal Corporation Office, Dharuhera -  HSPCB",30-07-2026 05:00:00,28.2068,76.7997,CO,78,82,81
India,Haryana,Faridabad,"New Industrial Town, Faridabad - HSPCB",30-07-2026 05:00:00,28.39072,77.30059,SO2,5,15,10
India,Gujarat,Mehsana,"Sadanand Nagar, Mehsana - Nexteng Enviro",30-07-2026 05:00:00,23.59315,72.372792,OZONE,10,11,10
India,Gujarat,Nandesari,"GIDC, Nandesari - Nandesari Ind. Association",30-07-2026 05:00:00,22.410802,73.097923,NH3,NA,NA,NA
India,Gujarat,Rajkot,"Mavdi, Rajkot - Nexteng Enviro ",30-07-2026 05:00:00,22.248853,70.776774,NH3,0,0,0
India,Gujarat,Rajkot,"Mavdi, Rajkot - Nexteng Enviro ",30-07-2026 05:00:00,22.248853,70.776774,OZONE,8,12,10
India,Gujarat,Surat,"Katargam, Surat - Nexteng Enviro",30-07-2026 05:00:00,21.217779,72.834787,PM2.5,5,53,25
India,Gujarat,Surat,"Katargam, Surat - Nexteng Enviro",30-07-2026 05:00:00,21.217779,72.834787,PM10,74,138,98
India,Gujarat,Surat,"Katargam, Surat - Nexteng Enviro",30-07-2026 05:00:00,21.217779,72.834787,CO,41,47,43
India,Gujarat,Vadodara,"Bapunagar, Vadodara - Nexteng Enviro",30-07-2026 05:00:00,22.320153,73.216285,PM10,58,115,92
India,Haryana,Gurugram,"NISE Gwal Pahari, Gurugram - IITM",30-07-2026 05:00:00,28.422681,77.148944,OZONE,8,11,9
India,Haryana,Gurugram,"Sector-51, Gurugram - HSPCB",30-07-2026 05:00:00,28.4227,77.0667,SO2,NA,NA,NA
India,Haryana,Hisar,"Urban Estate-II, Hisar - HSPCB",30-07-2026 05:00:00,29.14056,75.744941,PM10,18,81,64
India,Haryana,Hisar,"Urban Estate-II, Hisar - HSPCB",30-07-2026 05:00:00,29.14056,75.744941,NH3,12,29,16
India,Haryana,Kaithal,"Rishi Nagar, Kaithal - HSPCB",30-07-2026 05:00:00,29.8006,76.4155,PM2.5,16,141,48
India,Haryana,Kaithal,"Rishi Nagar, Kaithal - HSPCB",30-07-2026 05:00:00,29.8006,76.4155,NO2,19,26,23
India,Haryana,Kaithal,"Rishi Nagar, Kaithal - HSPCB",30-07-2026 05:00:00,29.8006,76.4155,CO,16,22,19
India,Haryana,Karnal,"Sector-12, Karnal - HSPCB",30-07-2026 05:00:00,29.6953,77.0027,NH3,6,12,8
India,Himachal Pradesh,Baddi,"HIMUDA Complex Phase-1, Baddi - HPPCB",30-07-2026 05:00:00,30.943887,76.801991,CO,56,104,87
India,Jammu and Kashmir,Pampore,"Khrew, Pampore - JKPCC",30-07-2026 05:00:00,34.031606,75.009712,PM2.5,19,196,62
India,Jammu and Kashmir,Pampore,"Khrew, Pampore - JKPCC",30-07-2026 05:00:00,34.031606,75.009712,CO,NA,NA,NA
India,Jammu and Kashmir,Srinagar,"Khunmoh, Srinagar - JKPCC",30-07-2026 05:00:00,34.06313,74.96017,PM10,39,83,60
India,Jammu and Kashmir,Srinagar,"Khunmoh, Srinagar - JKPCC",30-07-2026 05:00:00,34.06313,74.96017,NH3,NA,NA,NA
India,Jammu and Kashmir,Srinagar,"Khunmoh, Srinagar - JKPCC",30-07-2026 05:00:00,34.06313,74.96017,CO,NA,NA,NA
India,Jammu and Kashmir,Srinagar,"Khunmoh, Srinagar - JKPCC",30-07-2026 05:00:00,34.06313,74.96017,OZONE,NA,NA,NA
India,Haryana,Faridabad,"Sector 30, Faridabad - HSPCB",30-07-2026 05:00:00,28.4417,77.3217,PM10,48,52,50
India,Haryana,Faridabad,"Sector 30, Faridabad - HSPCB",30-07-2026 05:00:00,28.4417,77.3217,NH3,6,7,7
India,Haryana,Fatehabad,"Huda Sector, Fatehabad - HSPCB",30-07-2026 05:00:00,29.503664,75.467934,PM10,94,135,116
India,Haryana,Fatehabad,"Huda Sector, Fatehabad - HSPCB",30-07-2026 05:00:00,29.503664,75.467934,NO2,17,20,19
India,Haryana,Gurugram,"Teri Gram, Gurugram - HSPCB",30-07-2026 05:00:00,28.4275,77.1465,SO2,7,21,12
India,Haryana,Gurugram,"Vikas Sadan, Gurugram - HSPCB",30-07-2026 05:00:00,28.4501238,77.0263051,CO,17,65,41
India,Karnataka,Bengaluru,"Hebbal, Bengaluru - KSPCB",30-07-2026 05:00:00,13.029152,77.585901,CO,45,53,49
India,Karnataka,Bengaluru,"Jayanagar 5th Block, Bengaluru - KSPCB",30-07-2026 05:00:00,12.920984,77.584908,PM2.5,20,46,35
India,Karnataka,Bengaluru,"Hombegowda Nagar, Bengaluru - KSPCB",30-07-2026 05:00:00,12.938539,77.5901,PM2.5,8,41,28
India,Karnataka,Bengaluru,"Hombegowda Nagar, Bengaluru - KSPCB",30-07-2026 05:00:00,12.938539,77.5901,NO2,8,28,17
India,Madhya Pradesh,Ujjain,"Mahashweta Nagar, Ujjain - MPPCB",30-07-2026 05:00:00,23.1633321,75.800225,CO,26,29,28
India,Maharashtra,Ahmednagar,"Tarakpur, Ahmednagar - MPCB",30-07-2026 05:00:00,19.10122,74.73339,NO2,2,14,6
India,Maharashtra,Ambernath,"Chinchpada, Ambernath - MPCB",30-07-2026 05:00:00,19.215784,73.199781,PM2.5,16,65,44
India,Maharashtra,Ambernath,"Chinchpada, Ambernath - MPCB",30-07-2026 05:00:00,19.215784,73.199781,CO,5,17,9
India,Maharashtra,Amravati,"Shri Shivaji Science College, Amravati - MPCB",30-07-2026 05:00:00,20.939198,77.765701,NO2,0,11,4
India,Maharashtra,Amravati,"Shivneri Colony, Amravati - MPCB",30-07-2026 05:00:00,20.9402359,77.7895248,NH3,2,2,2
India,Maharashtra,Amravati,"Shivneri Colony, Amravati - MPCB",30-07-2026 05:00:00,20.9402359,77.7895248,SO2,4,8,5
India,Maharashtra,Amravati,"Shivneri Colony, Amravati - MPCB",30-07-2026 05:00:00,20.9402359,77.7895248,OZONE,9,11,11
India,Maharashtra,Aurangabad,"More Chowk Waluj, Aurangabad - MPCB",30-07-2026 05:00:00,19.8389439,75.244448,NO2,8,12,10
India,Maharashtra,Aurangabad,"More Chowk Waluj, Aurangabad - MPCB",30-07-2026 05:00:00,19.8389439,75.244448,SO2,28,37,30
India,Maharashtra,Aurangabad,"More Chowk Waluj, Aurangabad - MPCB",30-07-2026 05:00:00,19.8389439,75.244448,OZONE,7,19,13
India,Maharashtra,Aurangabad,"Rachnakar Colony, Aurangabad - MPCB",30-07-2026 05:00:00,19.863756,75.321188,PM10,37,79,57
India,Maharashtra,Aurangabad,"Rachnakar Colony, Aurangabad - MPCB",30-07-2026 05:00:00,19.863756,75.321188,SO2,4,6,5
India,Maharashtra,Badlapur,"Katrap, Badlapur - MPCB",30-07-2026 05:00:00,19.16485,73.23409,PM2.5,17,18,18
India,Madhya Pradesh,Katni,"Gole Bazar, Katni - MPPCB",30-07-2026 05:00:00,23.50016,80.23284,CO,2,22,15
India,Madhya Pradesh,Katni,"Gole Bazar, Katni - MPPCB",30-07-2026 05:00:00,23.50016,80.23284,OZONE,19,27,25
India,Madhya Pradesh,Maihar,"Sahilara, Maihar - KJS Cements",30-07-2026 05:00:00,24.2613009,80.7231783,PM10,3,168,55
India,Madhya Pradesh,Maihar,"Sahilara, Maihar - KJS Cements",30-07-2026 05:00:00,24.2613009,80.7231783,SO2,11,12,11
India,Madhya Pradesh,Mandideep,"Sector-D Industrial Area, Mandideep - MPPCB",30-07-2026 05:00:00,23.10844,77.511428,PM2.5,38,113,78
India,Madhya Pradesh,Mandideep,"Sector-D Industrial Area, Mandideep - MPPCB",30-07-2026 05:00:00,23.10844,77.511428,SO2,4,12,6
India,Madhya Pradesh,Pithampur,"Sector-2 Industrial Area, Pithampur - MPPCB",30-07-2026 05:00:00,22.624758,75.675238,NO2,7,16,10
India,Madhya Pradesh,Pithampur,"Sector-2 Industrial Area, Pithampur - MPPCB",30-07-2026 05:00:00,22.624758,75.675238,SO2,20,25,21
India,Madhya Pradesh,Sagar,"Civil Lines, Sagar - MPPCB",30-07-2026 05:00:00,23.838586,78.759431,PM2.5,2,48,22
India,Madhya Pradesh,Sagar,"Civil Lines, Sagar - MPPCB",30-07-2026 05:00:00,23.838586,78.759431,NH3,3,4,3
India,Madhya Pradesh,Sagar,"Civil Lines, Sagar - MPPCB",30-07-2026 05:00:00,23.838586,78.759431,OZONE,38,55,47
India,Madhya Pradesh,Satna,"Bandhavgar Colony, Satna - Birla Cement",30-07-2026 05:00:00,24.58434363,80.8549414,PM2.5,49,51,50
India,Madhya Pradesh,Ujjain,"Mahashweta Nagar, Ujjain - MPPCB",30-07-2026 05:00:00,23.1633321,75.800225,NO2,4,14,8
India,Karnataka,Chikkaballapur,"Chikkaballapur Rural, Chikkaballapur - KSPCB",30-07-2026 05:00:00,13.428828,77.731418,CO,6,12,8
India,Karnataka,Chikkamagaluru,"Kalyana Nagara, Chikkamagaluru - KSPCB",30-07-2026 05:00:00,13.328028,75.797056,NO2,17,21,21
India,Karnataka,Chikkamagaluru,"Kalyana Nagara, Chikkamagaluru - KSPCB",30-07-2026 05:00:00,13.328028,75.797056,SO2,1,4,2
India,Karnataka,Chikkamagaluru,"Kalyana Nagara, Chikkamagaluru - KSPCB",30-07-2026 05:00:00,13.328028,75.797056,OZONE,12,12,12
India,Karnataka,Hubballi,"Lingaraj Nagar, Hubballi - KSPCB",30-07-2026 05:00:00,15.3714823,75.1160168,NO2,7,10,9
India,Karnataka,Kalaburagi,"Mahatma Basaveswar Colony, Kalaburgi - KSPCB",30-07-2026 05:00:00,17.336318,76.847397,NO2,10,17,12
India,Karnataka,Kalaburagi,"Mahatma Basaveswar Colony, Kalaburgi - KSPCB",30-07-2026 05:00:00,17.336318,76.847397,NH3,2,3,2
India,Karnataka,Karwar,"KHB Colony, Karwar - KSPCB",30-07-2026 05:00:00,14.816666,74.141003,CO,32,35,33
India,Karnataka,Koppal,"Diwator Nagar, Koppal - KSPCB",30-07-2026 05:00:00,15.34763,76.181767,PM2.5,NA,NA,NA
India,Karnataka,Koppal,"Diwator Nagar, Koppal - KSPCB",30-07-2026 05:00:00,15.34763,76.181767,PM10,NA,NA,NA
India,Karnataka,Koppal,"Diwator Nagar, Koppal - KSPCB",30-07-2026 05:00:00,15.34763,76.181767,CO,18,31,25
India,Karnataka,Mangalore,"Kadri, Mangalore - KSPCB",30-07-2026 05:00:00,12.88925,74.853,OZONE,37,37,37
India,Karnataka,Ramanagara,"Vijay Nagar, Ramanagara - KSPCB",30-07-2026 05:00:00,12.733409,77.298051,OZONE,12,28,18
India,Karnataka,Tumakuru,"Thimmalapura, Tumakuru - KSPCB",30-07-2026 05:00:00,13.377516,77.099072,PM10,59,67,62
India,Karnataka,Vijayapura,"Ibrahimpur, Vijayapura - KSPCB",30-07-2026 05:00:00,16.802639,75.722694,SO2,3,6,3
India,Karnataka,Yadgir,"Collector Office, Yadgir - KSPCB",30-07-2026 05:00:00,16.7602,77.1428,NH3,NA,NA,NA
India,Kerala,Kannur,"Thavakkara, Kannur - Kerala PCB",30-07-2026 05:00:00,11.875,75.3732,PM2.5,32,37,34
India,Kerala,Kannur,"Thavakkara, Kannur - Kerala PCB",30-07-2026 05:00:00,11.875,75.3732,PM10,41,47,44
India,Kerala,Kannur,"Thavakkara, Kannur - Kerala PCB",30-07-2026 05:00:00,11.875,75.3732,NO2,11,12,11
India,Kerala,Thiruvananthapuram,"Plammoodu, Thiruvananthapuram - Kerala PCB",30-07-2026 05:00:00,8.5149093,76.9435879,NO2,2,4,3
India,Madhya Pradesh,Bhopal,"Idgah Hills, Bhopal - MPPCB",30-07-2026 05:00:00,23.264759,77.381568,OZONE,12,26,19
India,Madhya Pradesh,Damoh,"Shrivastav Colony, Damoh - MPPCB",30-07-2026 05:00:00,23.81748678,79.446246,CO,21,23,22
India,Madhya Pradesh,Gwalior,"Deen Dayal Nagar, Gwalior - MPPCB",30-07-2026 05:00:00,26.259242,78.216432,PM10,22,102,47
India,Madhya Pradesh,Gwalior,"Deen Dayal Nagar, Gwalior - MPPCB",30-07-2026 05:00:00,26.259242,78.216432,NH3,5,8,6
India,Madhya Pradesh,Gwalior,"Maharaj Bada, Gwalior - MPPCB",30-07-2026 05:00:00,26.200388,78.147714,NO2,3,43,19
India,Madhya Pradesh,Gwalior,"Maharaj Bada, Gwalior - MPPCB",30-07-2026 05:00:00,26.200388,78.147714,OZONE,33,49,38
India,Kerala,Thrissur,"Corporation Ground, Thrissur - Kerala PCB",30-07-2026 05:00:00,10.5324,76.2159,SO2,0,1,0
India,Madhya Pradesh,Bhopal,"T T Nagar, Bhopal - MPPCB",30-07-2026 05:00:00,23.233584,77.400574,SO2,16,20,18
India,Madhya Pradesh,Bhopal,"T T Nagar, Bhopal - MPPCB",30-07-2026 05:00:00,23.233584,77.400574,OZONE,15,23,19
India,Madhya Pradesh,Bhopal,"Idgah Hills, Bhopal - MPPCB",30-07-2026 05:00:00,23.264759,77.381568,PM10,30,61,46
India,Madhya Pradesh,Jabalpur,"Marhatal, Jabalpur - MPPCB",30-07-2026 05:00:00,23.168606,79.932247,NO2,13,47,21
India,Madhya Pradesh,Jabalpur,"Marhatal, Jabalpur - MPPCB",30-07-2026 05:00:00,23.168606,79.932247,CO,25,77,41
India,Madhya Pradesh,Jabalpur,"Suhagi, Jabalpur - JMC",30-07-2026 05:00:00,23.218135,79.95777,PM2.5,NA,NA,NA
India,Madhya Pradesh,Jabalpur,"Gupteshwar, Jabalpur - JMC",30-07-2026 05:00:00,23.142888,79.916147,NH3,4,4,4
India,Madhya Pradesh,Indore,"Airport Area, Indore - IMC",30-07-2026 05:00:00,22.7289,75.8076,SO2,8,11,10
India,Madhya Pradesh,Indore,"Airport Area, Indore - IMC",30-07-2026 05:00:00,22.7289,75.8076,OZONE,5,6,5
India,Madhya Pradesh,Indore,"Maguda Nagar, Indore - IMC",30-07-2026 05:00:00,22.7524,75.8872,OZONE,11,11,11
India,Madhya Pradesh,Indore,"Chhoti Gwaltoli, Indore - MPPCB",30-07-2026 05:00:00,22.431,75.5213,OZONE,18,31,24
India,Karnataka,Chamarajanagar,"Urban, Chamarajanagar - KSPCB",30-07-2026 05:00:00,11.55358,76.55521,NO2,14,35,24
India,Karnataka,Chamarajanagar,"Urban, Chamarajanagar - KSPCB",30-07-2026 05:00:00,11.55358,76.55521,SO2,2,5,4
India,Karnataka,Chikkaballapur,"Chikkaballapur Rural, Chikkaballapur - KSPCB",30-07-2026 05:00:00,13.428828,77.731418,PM2.5,7,26,16
India,Karnataka,Chikkaballapur,"Chikkaballapur Rural, Chikkaballapur - KSPCB",30-07-2026 05:00:00,13.428828,77.731418,NO2,2,5,3
India,Maharashtra,Kalyan,"Khadakpada, Kalyan - MPCB",30-07-2026 05:00:00,19.25292,73.142019,CO,NA,NA,NA
India,Maharashtra,Kalyan,"Khadakpada, Kalyan - MPCB",30-07-2026 05:00:00,19.25292,73.142019,OZONE,8,8,8
India,Maharashtra,Kalyan,"Pimpleshwar Mandir, Kalyan - MPCB",30-07-2026 05:00:00,19.192056,72.9585188,PM10,47,63,52
India,Maharashtra,Kolhapur,"Shivaji University, Kolhapur - MPCB",30-07-2026 05:00:00,16.6870449,74.2505872,PM2.5,8,28,19
India,Maharashtra,Kolhapur,"Sinchan Bhavan, Kolhapur - MPCB",30-07-2026 05:00:00,16.7143745,74.2426398,CO,6,9,7
India,Maharashtra,Latur,"Sawe Wadi, Latur - MPCB",30-07-2026 05:00:00,18.39963,76.57452,NH3,2,10,4
India,Maharashtra,Latur,"Sawe Wadi, Latur - MPCB",30-07-2026 05:00:00,18.39963,76.57452,SO2,3,6,4
India,Maharashtra,Mahad,"Kamble Tarf Birwadi, Mahad - MPCB",30-07-2026 05:00:00,18.1023399,73.4783687,SO2,4,7,5
India,Maharashtra,Mahad,"Kamble Tarf Birwadi, Mahad - MPCB",30-07-2026 05:00:00,18.1023399,73.4783687,CO,31,36,34
India,Maharashtra,Mahad,"Kamble Tarf Birwadi, Mahad - MPCB",30-07-2026 05:00:00,18.1023399,73.4783687,OZONE,5,21,12
India,Maharashtra,Mira-Bhayandar,"Bhayandar West, Mira-Bhayandar - MPCB",30-07-2026 05:00:00,19.296481,72.840923,NH3,1,2,1
India,Maharashtra,Mira-Bhayandar,"Bhayandar West, Mira-Bhayandar - MPCB",30-07-2026 05:00:00,19.296481,72.840923,OZONE,8,14,10
India,Maharashtra,Mumbai,"Kherwadi_Bandra East, Mumbai - MPCB",30-07-2026 05:00:00,19.0632143,72.8456324,PM2.5,20,48,34
India,Maharashtra,Mumbai,"Kherwadi_Bandra East, Mumbai - MPCB",30-07-2026 05:00:00,19.0632143,72.8456324,PM10,50,68,58
India,Maharashtra,Chandrapur,"Chauhan Colony, Chandrapur - MPCB",30-07-2026 05:00:00,19.9629,79.298714,NH3,0,1,1
India,Maharashtra,Chandrapur,"Chauhan Colony, Chandrapur - MPCB",30-07-2026 05:00:00,19.9629,79.298714,SO2,13,19,16
India,Maharashtra,Chandrapur,"Chauhan Colony, Chandrapur - MPCB",30-07-2026 05:00:00,19.9629,79.298714,CO,29,34,32
India,Maharashtra,Hingoli,"Ashta Vinayak Nagar, Hingoli - MPCB",30-07-2026 05:00:00,19.710842,77.151824,PM2.5,20,68,41
India,Maharashtra,Jalna,"Old MIDC, Jalna - MPCB",30-07-2026 05:00:00,19.854616,75.905894,PM10,26,48,32
India,Maharashtra,Belapur,"CBD Belapur, Belapur - MPCB",30-07-2026 05:00:00,19.0243902,73.0406721,PM2.5,36,75,55
India,Maharashtra,Bhiwandi,"Gokul Nagar, Bhiwandi - MPCB",30-07-2026 05:00:00,19.309073,73.057223,OZONE,14,16,15
India,Maharashtra,Boisar,"Khaira, Boisar - MPCB",30-07-2026 05:00:00,19.786089,72.757971,PM2.5,40,66,53
India,Maharashtra,Boisar,"Khaira, Boisar - MPCB",30-07-2026 05:00:00,19.786089,72.757971,SO2,1,7,4
India,Maharashtra,Boisar,"Khaira, Boisar - MPCB",30-07-2026 05:00:00,19.786089,72.757971,CO,14,24,20
India,Maharashtra,Mumbai,"Siddharth Nagar-Worli, Mumbai - IITM",30-07-2026 05:00:00,19.000083,72.813993,OZONE,8,9,9
India,Maharashtra,Mumbai,"Chakala-Andheri East, Mumbai - IITM",30-07-2026 05:00:00,19.11074,72.86084,PM2.5,16,35,28
India,Maharashtra,Mumbai,"Chakala-Andheri East, Mumbai - IITM",30-07-2026 05:00:00,19.11074,72.86084,SO2,0,12,2
India,Maharashtra,Mumbai,"Kherwadi_Bandra East, Mumbai - MPCB",30-07-2026 05:00:00,19.0632143,72.8456324,SO2,1,3,2
India,Maharashtra,Mumbai,"Kherwadi_Bandra East, Mumbai - MPCB",30-07-2026 05:00:00,19.0632143,72.8456324,OZONE,4,20,8
India,Maharashtra,Mumbai,"Mazgaon, Mumbai - IITM",30-07-2026 05:00:00,18.96702,72.84214,PM2.5,24,56,38
India,Maharashtra,Mumbai,"Worli, Mumbai - MPCB",30-07-2026 05:00:00,18.9936162,72.8128113,SO2,3,7,4
India,Maharashtra,Mumbai,"Worli, Mumbai - MPCB",30-07-2026 05:00:00,18.9936162,72.8128113,OZONE,7,11,9
India,Maharashtra,Mumbai,"Bandra Kurla Complex, Mumbai - IITM",30-07-2026 05:00:00,19.053536,72.84643,PM2.5,27,53,39
India,Maharashtra,Mumbai,"Byculla, Mumbai - BMC",30-07-2026 05:00:00,18.9767,72.838,SO2,5,11,7
India,Maharashtra,Mumbai,"Borivali East, Mumbai - IITM",30-07-2026 05:00:00,19.23241,72.86895,PM2.5,28,71,44
India,Maharashtra,Mumbai,"Chembur, Mumbai - MPCB",30-07-2026 05:00:00,19.0364585,72.8954371,PM2.5,15,26,21
India,Maharashtra,Mumbai,"Chembur, Mumbai - MPCB",30-07-2026 05:00:00,19.0364585,72.8954371,CO,20,27,24
India,Maharashtra,Mumbai,"Deonar, Mumbai - IITM",30-07-2026 05:00:00,19.04946,72.923,CO,33,48,40
India,Maharashtra,Mumbai,"Powai, Mumbai - MPCB",30-07-2026 05:00:00,19.1375,72.915056,SO2,13,22,14
India,Maharashtra,Mumbai,"Powai, Mumbai - MPCB",30-07-2026 05:00:00,19.1375,72.915056,CO,NA,NA,NA
India,Maharashtra,Nagpur,"Opp GPO Civil Lines, Nagpur - MPCB",30-07-2026 05:00:00,21.152875,79.0517531,PM10,14,46,28
India,Maharashtra,Nagpur,"Ambazari, Nagpur - MPCB",30-07-2026 05:00:00,21.121801,79.04952,NO2,3,14,8
India,Maharashtra,Nagpur,"Ambazari, Nagpur - MPCB",30-07-2026 05:00:00,21.121801,79.04952,OZONE,14,22,19
India,Maharashtra,Nagpur,"Ram Nagar, Nagpur - MPCB",30-07-2026 05:00:00,21.143383,79.048912,PM2.5,8,61,26
India,Maharashtra,Nagpur,"Mahal, Nagpur - MPCB",30-07-2026 05:00:00,21.14472,79.107595,NH3,1,4,2
India,Maharashtra,Nagpur,"Mahal, Nagpur - MPCB",30-07-2026 05:00:00,21.14472,79.107595,CO,9,30,15
India,Maharashtra,Nagpur,"Mahal, Nagpur - MPCB",30-07-2026 05:00:00,21.14472,79.107595,OZONE,5,12,9
India,Maharashtra,Nanded,"Sneh Nagar, Nanded - MPCB",30-07-2026 05:00:00,19.173852,77.296291,PM10,25,47,34
India,Maharashtra,Nashik,"Gangapur Road, Nashik - MPCB",30-07-2026 05:00:00,20.0073285,73.7762427,PM10,28,114,59
India,Maharashtra,Thane,"Upvan Fort, Thane - MPCB",30-07-2026 05:00:00,19.222279,72.957979,CO,NA,NA,NA
India,Maharashtra,Ulhasnagar,"Sidhi Vinayak Nagar, Ulhasnagar - MPCB",30-07-2026 05:00:00,19.235581,73.159121,CO,6,33,15
India,Maharashtra,Ulhasnagar,"Sidhi Vinayak Nagar, Ulhasnagar - MPCB",30-07-2026 05:00:00,19.235581,73.159121,OZONE,13,15,14
India,Meghalaya,Byrnihat,"15th Mile-Nongthymmai, Byrnihat -Meghalaya PCB",30-07-2026 05:00:00,26.079047,91.875185,NO2,NA,NA,NA
India,Meghalaya,Byrnihat,"15th Mile-Nongthymmai, Byrnihat -Meghalaya PCB",30-07-2026 05:00:00,26.079047,91.875185,NH3,0,1,0
India,Meghalaya,Byrnihat,"15th Mile-Nongthymmai, Byrnihat -Meghalaya PCB",30-07-2026 05:00:00,26.079047,91.875185,SO2,0,4,1
India,Meghalaya,Byrnihat,"15th Mile-Nongthymmai, Byrnihat -Meghalaya PCB",30-07-2026 05:00:00,26.079047,91.875185,OZONE,NA,NA,NA
India,Meghalaya,Shillong,"JN Stadium, Shillong - Meghalaya PCB",30-07-2026 05:00:00,25.5803419,91.8942571,PM10,8,36,19
India,Meghalaya,Shillong,"JN Stadium, Shillong - Meghalaya PCB",30-07-2026 05:00:00,25.5803419,91.8942571,NO2,1,6,3
India,Nagaland,Kohima,"PWD Junction, Kohima - NPCB",30-07-2026 05:00:00,25.6635413,94.0989878,OZONE,NA,NA,NA
India,Odisha,Angul,"Hakimapada, Angul - OSPCB",30-07-2026 05:00:00,20.832874,85.104082,NO2,3,6,4
India,Maharashtra,Parbhani,"Masoom Colony, Parbhani - MPCB",30-07-2026 05:00:00,19.265594,76.761463,NH3,3,5,4
India,Maharashtra,Pimpri-Chinchwad,"Park Street Wakad, Pimpri Chinchwad - MPCB",30-07-2026 05:00:00,18.59051,73.77946,PM10,21,41,32
India,Maharashtra,Pimpri-Chinchwad,"Park Street Wakad, Pimpri Chinchwad - MPCB",30-07-2026 05:00:00,18.59051,73.77946,NO2,7,26,13
India,Maharashtra,Pimpri-Chinchwad,"Transport Nagar-Nigdi, Pune - IITM",30-07-2026 05:00:00,18.664282,73.763966,NO2,21,37,26
India,Maharashtra,Pimpri-Chinchwad,"Transport Nagar-Nigdi, Pune - IITM",30-07-2026 05:00:00,18.664282,73.763966,CO,68,74,71
India,Maharashtra,Pimpri-Chinchwad,"Transport Nagar-Nigdi, Pune - IITM",30-07-2026 05:00:00,18.664282,73.763966,OZONE,14,17,15
India,Maharashtra,Pimpri-Chinchwad,"Gavalinagar, Pimpri Chinchwad - MPCB",30-07-2026 05:00:00,18.63673,73.82487,PM10,32,66,50
India,Maharashtra,Pimpri-Chinchwad,"Gavalinagar, Pimpri Chinchwad - MPCB",30-07-2026 05:00:00,18.63673,73.82487,NH3,0,12,3
India,Maharashtra,Pimpri-Chinchwad,"Bhosari, Pune - IITM",30-07-2026 05:00:00,18.640051,73.848956,PM2.5,23,42,30
India,Maharashtra,Pune,"Mhada Colony, Pune - IITM",30-07-2026 05:00:00,18.57304,73.927715,NO2,17,39,28
India,Maharashtra,Pune,"Mhada Colony, Pune - IITM",30-07-2026 05:00:00,18.57304,73.927715,SO2,NA,NA,NA
India,Maharashtra,Pune,"Dhankawadi, Pune - IITM",30-07-2026 05:00:00,18.459883,73.852193,PM2.5,16,36,25
India,Maharashtra,Pune,"Dhankawadi, Pune - IITM",30-07-2026 05:00:00,18.459883,73.852193,NH3,NA,NA,NA
India,Maharashtra,Pune,"Panchawati_Pashan, Pune - IITM",30-07-2026 05:00:00,18.536457,73.805454,NH3,NA,NA,NA
India,Maharashtra,Pune,"Panchawati_Pashan, Pune - IITM",30-07-2026 05:00:00,18.536457,73.805454,CO,37,53,45
India,Maharashtra,Pune,"Katraj Dairy, Pune - MPCB",30-07-2026 05:00:00,18.45445,73.854155,PM2.5,19,40,31
India,Maharashtra,Sangli,"Vijay Nagar, Sangli - MPCB",30-07-2026 05:00:00,16.5038,74.3623,OZONE,20,23,21
India,Maharashtra,Satara,"Koyana Nagar, Satara - MPCB",30-07-2026 05:00:00,17.696651,74.003387,PM2.5,2,304,52
India,Maharashtra,Solapur,"Dnyaneshwar Nagar, Solapur - MPCB",30-07-2026 05:00:00,17.6336264,75.9132495,NO2,3,12,7
India,Maharashtra,Thane,"Kasarvadavali, Thane - MPCB",30-07-2026 05:00:00,19.26777,72.97182,PM2.5,39,100,55
India,Maharashtra,Thane,"Kasarvadavali, Thane - MPCB",30-07-2026 05:00:00,19.26777,72.97182,SO2,2,5,4
India,Maharashtra,Thane,"Kasarvadavali, Thane - MPCB",30-07-2026 05:00:00,19.26777,72.97182,CO,16,26,18
India,Maharashtra,Thane,"Upvan Fort, Thane - MPCB",30-07-2026 05:00:00,19.222279,72.957979,PM2.5,21,41,27
India,Maharashtra,Nashik,"Pandav Nagari, Nashik - MPCB",30-07-2026 05:00:00,19.9591346,73.7788008,NO2,3,5,4
India,Maharashtra,Navi Mumbai,"Sanpada, Navi Mumbai - MPCB",30-07-2026 05:00:00,19.0575752,73.0151367,CO,5,11,8
India,Maharashtra,Navi Mumbai,"Nerul, Navi Mumbai - MPCB",30-07-2026 05:00:00,19.008751,73.01662,CO,NA,NA,NA
India,Maharashtra,Navi Mumbai,"Nerul, Navi Mumbai - MPCB",30-07-2026 05:00:00,19.008751,73.01662,OZONE,NA,NA,NA
India,Maharashtra,Mumbai,"Bandra Kurla Complex, Mumbai - MPCB",30-07-2026 05:00:00,19.065931,72.862131,OZONE,5,39,16
India,Maharashtra,Mumbai,"Navy Nagar-Colaba, Mumbai - IITM",30-07-2026 05:00:00,18.897756,72.81332,OZONE,24,27,25
India,Maharashtra,Mumbai,"Sewri, Mumbai - BMC",30-07-2026 05:00:00,19.000084,72.85673,CO,NA,NA,NA
India,Maharashtra,Mumbai,"Sewri, Mumbai - BMC",30-07-2026 05:00:00,19.000084,72.85673,OZONE,NA,NA,NA
India,Maharashtra,Mumbai,"Sion, Mumbai - MPCB",30-07-2026 05:00:00,19.047,72.8746,SO2,NA,NA,NA
India,Maharashtra,Navi Mumbai,"Mahape, Navi Mumbai - MPCB",30-07-2026 05:00:00,19.1135051,73.008978,PM2.5,17,47,28
India,Maharashtra,Navi Mumbai,"Mahape, Navi Mumbai - MPCB",30-07-2026 05:00:00,19.1135051,73.008978,OZONE,7,10,9
India,Odisha,Angul,"Hakimapada, Angul - OSPCB",30-07-2026 05:00:00,20.832874,85.104082,OZONE,0,6,3
India,Odisha,Balasore,"Kalidaspur, Balasore - OSPCB",30-07-2026 05:00:00,21.51161,86.89088,PM2.5,2,40,17
India,Odisha,Balasore,"Kalidaspur, Balasore - OSPCB",30-07-2026 05:00:00,21.51161,86.89088,SO2,3,5,4
India,Odisha,Barbil,"Forest Office, Barbil - OSPCB",30-07-2026 05:00:00,22.1166054,85.3945546,CO,11,14,12
India,Odisha,Baripada,"Meher Colony, Baripada - OSPCB",30-07-2026 05:00:00,21.941841,86.728318,NO2,0,22,7
India,Odisha,Bhubaneswar,"Lingraj Mandir, Bhubaneswar - OSPCB",30-07-2026 05:00:00,20.24079,85.836784,SO2,7,10,9
India,Odisha,Bhubaneswar,"Patia, Bhubaneswar - OSPCB",30-07-2026 05:00:00,20.34652,85.8163,PM10,38,74,56
India,Odisha,Bhubaneswar,"Patia, Bhubaneswar - OSPCB",30-07-2026 05:00:00,20.34652,85.8163,NO2,5,8,7
India,Odisha,Bhubaneswar,"Patia, Bhubaneswar - OSPCB",30-07-2026 05:00:00,20.34652,85.8163,OZONE,30,51,38
India,Odisha,Bileipada,"Tata Township, Bileipada - OSPCB",30-07-2026 05:00:00,22.06156703,85.47409613,NO2,13,14,13
India,Odisha,Bileipada,"Tata Township, Bileipada - OSPCB",30-07-2026 05:00:00,22.06156703,85.47409613,OZONE,17,18,17
India,Odisha,Brajrajnagar,"GM Office, Brajrajnagar - OSPCB",30-07-2026 05:00:00,21.8004996,83.8396977,PM10,2,22,11
India,Punjab,Patiala,"Model Town, Patiala - PPCB",30-07-2026 05:00:00,30.349388,76.366642,CO,23,34,27
India,Punjab,Rupnagar,"Ratanpura, Rupnagar - Ambuja Cements",30-07-2026 05:00:00,31.0325454,76.5623046,NH3,NA,NA,NA
India,Punjab,Rupnagar,"Ratanpura, Rupnagar - Ambuja Cements",30-07-2026 05:00:00,31.0325454,76.5623046,CO,51,56,53
India,Rajasthan,Alwar,"Moti Doongri, Alwar - RSPCB",30-07-2026 05:00:00,27.554793,76.611536,PM10,82,99,92
India,Rajasthan,Alwar,"Moti Doongri, Alwar - RSPCB",30-07-2026 05:00:00,27.554793,76.611536,NH3,8,12,9
India,Rajasthan,Alwar,"Vigyan Nagar, Alwar - RSPCB",30-07-2026 05:00:00,27.598796,76.63861,CO,46,65,53
India,Rajasthan,Banswara,"Rati Talai, Banswara - RSPCB",30-07-2026 05:00:00,23.55519,74.44001,PM2.5,59,408,207
India,Rajasthan,Baran,"Bamboliya, Baran - RSPCB",30-07-2026 05:00:00,25.106006,76.469948,NH3,NA,NA,NA
India,Rajasthan,Baran,"Bamboliya, Baran - RSPCB",30-07-2026 05:00:00,25.106006,76.469948,CO,43,54,48
India,Rajasthan,Baran,"Bamboliya, Baran - RSPCB",30-07-2026 05:00:00,25.106006,76.469948,OZONE,27,58,36
India,Rajasthan,Barmer,"Railway Colony, Barmer - RSPCB",30-07-2026 05:00:00,25.747299,71.393989,PM10,64,103,86
India,Rajasthan,Barmer,"Railway Colony, Barmer - RSPCB",30-07-2026 05:00:00,25.747299,71.393989,SO2,2,4,3
India,Odisha,Byasanagar,"Ferro Chrome Colony, Byasanagar - OSPCB",30-07-2026 05:00:00,20.94185,86.1151,OZONE,27,52,37
India,Odisha,Cuttack,"CDA Area, Cuttack - OSPCB",30-07-2026 05:00:00,20.48891,85.84768,PM10,8,72,50
India,Odisha,Cuttack,"CDA Area, Cuttack - OSPCB",30-07-2026 05:00:00,20.48891,85.84768,NO2,7,19,12
India,Odisha,Keonjhar,"Jagamohanpur, Keonjhar - OSPCB",30-07-2026 05:00:00,21.6439,85.599355,PM2.5,14,28,21
India,Odisha,Keonjhar,"Jagamohanpur, Keonjhar - OSPCB",30-07-2026 05:00:00,21.6439,85.599355,OZONE,10,13,11
India,Odisha,Rairangpur,"Divisional Forest Office, Rairangpur - OSPCB",30-07-2026 05:00:00,22.265816,86.174829,CO,6,23,12
India,Odisha,Rourkela,"Raghunathpali, Rourkela - OSPCB",30-07-2026 05:00:00,22.220833,84.809444,NO2,15,15,15
India,Odisha,Rourkela,"Raghunathpali, Rourkela - OSPCB",30-07-2026 05:00:00,22.220833,84.809444,OZONE,5,6,6
India,Odisha,Rourkela,"Sector-2, Rourkela - OSPCB",30-07-2026 05:00:00,22.245,84.88111111,NO2,11,11,11
India,Odisha,Rourkela,"Sector-2, Rourkela - OSPCB",30-07-2026 05:00:00,22.245,84.88111111,OZONE,NA,NA,NA
India,Odisha,Rourkela,"Fertilizer Township, Rourkela - OSPCB",30-07-2026 05:00:00,22.18972222,84.86277778,SO2,8,13,11
India,Rajasthan,Bhiwadi,"Vasundhara Nagar_UIT, Bhiwadi - RSPCB",30-07-2026 05:00:00,28.207266,76.829265,PM2.5,26,146,65
India,Rajasthan,Bhiwadi,"Vasundhara Nagar_UIT, Bhiwadi - RSPCB",30-07-2026 05:00:00,28.207266,76.829265,PM10,39,157,94
India,Rajasthan,Bhiwadi,"Vasundhara Nagar_UIT, Bhiwadi - RSPCB",30-07-2026 05:00:00,28.207266,76.829265,NO2,12,56,23
India,Rajasthan,Bhiwadi,"Vasundhara Nagar_UIT, Bhiwadi - RSPCB",30-07-2026 05:00:00,28.207266,76.829265,NH3,6,16,9
India,Rajasthan,Bhiwadi,"Vasundhara Nagar_UIT, Bhiwadi - RSPCB",30-07-2026 05:00:00,28.207266,76.829265,OZONE,0,51,17
India,Rajasthan,Bikaner,"MM Ground, Bikaner - RSPCB",30-07-2026 05:00:00,28.018792,73.292658,SO2,1,4,3
India,Rajasthan,Bikaner,"MM Ground, Bikaner - RSPCB",30-07-2026 05:00:00,28.018792,73.292658,OZONE,17,49,29
India,Rajasthan,Bundi,"New Colony, Bundi - RSPCB",30-07-2026 05:00:00,25.435774,75.644272,NH3,5,8,6
India,Rajasthan,Bundi,"New Colony, Bundi - RSPCB",30-07-2026 05:00:00,25.435774,75.644272,SO2,4,7,6
India,Rajasthan,Chittorgarh,"Shastri Nagar, Chittorgarh - RSPCB",30-07-2026 05:00:00,24.892047,74.623527,CO,3,19,13
India,Rajasthan,Chittorgarh,"Shastri Nagar, Chittorgarh - RSPCB",30-07-2026 05:00:00,24.892047,74.623527,OZONE,5,31,20
India,Rajasthan,Hanumangarh,"Housing Board, Hanumangarh - RSPCB",30-07-2026 05:00:00,29.61075,74.283608,SO2,3,5,4
India,Rajasthan,Hanumangarh,"Housing Board, Hanumangarh - RSPCB",30-07-2026 05:00:00,29.61075,74.283608,OZONE,28,41,32
India,Rajasthan,Jaipur,"Police Commissionerate, Jaipur - RSPCB",30-07-2026 05:00:00,26.9164092,75.7994901,PM2.5,40,109,75
India,Rajasthan,Jaipur,"Police Commissionerate, Jaipur - RSPCB",30-07-2026 05:00:00,26.9164092,75.7994901,CO,33,63,47
India,Rajasthan,Jaipur,"Police Commissionerate, Jaipur - RSPCB",30-07-2026 05:00:00,26.9164092,75.7994901,OZONE,27,29,28
India,Rajasthan,Jaipur,"Mansarovar Sector-12, Jaipur - RSPCB",30-07-2026 05:00:00,26.843698,75.766894,PM2.5,18,62,41
India,Rajasthan,Jaipur,"Adarsh Nagar, Jaipur - RSPCB",30-07-2026 05:00:00,26.902909,75.836858,OZONE,13,15,14
India,Odisha,Rourkela,"Fertilizer Township, Rourkela - OSPCB",30-07-2026 05:00:00,22.18972222,84.86277778,OZONE,NA,NA,NA
India,Odisha,Suakati,"OMC Colony, Suakati - OSPCB",30-07-2026 05:00:00,21.606865,85.510538,PM10,24,65,41
India,Odisha,Talcher,"Talcher Coalfields,Talcher - OSPCB",30-07-2026 05:00:00,20.9360711,85.1707021,SO2,2,93,39
India,Odisha,Tensa,"Barsua Iron Ore Mines, Tensa - OSPCB",30-07-2026 05:00:00,21.869985,85.167016,NH3,NA,NA,NA
India,Odisha,Tensa,"Barsua Iron Ore Mines, Tensa - OSPCB",30-07-2026 05:00:00,21.869985,85.167016,CO,15,33,24
India,Rajasthan,Bharatpur,"Krishna Nagar, Bharatpur - RSPCB",30-07-2026 05:00:00,27.215415,77.50873,PM10,13,68,32
India,Rajasthan,Bharatpur,"Krishna Nagar, Bharatpur - RSPCB",30-07-2026 05:00:00,27.215415,77.50873,NH3,9,17,13
India,Rajasthan,Bharatpur,"Krishna Nagar, Bharatpur - RSPCB",30-07-2026 05:00:00,27.215415,77.50873,CO,8,12,11
India,Rajasthan,Bhilwara,"Pratap Nagar, Bhilwara - RSPCB",30-07-2026 05:00:00,25.339605,74.618883,PM10,22,412,168
India,Rajasthan,Bhilwara,"Pratap Nagar, Bhilwara - RSPCB",30-07-2026 05:00:00,25.339605,74.618883,NH3,NA,NA,NA
India,Rajasthan,Churu,"Subash Chowk, Churu - RSPCB",30-07-2026 05:00:00,28.296139,74.961696,CO,22,27,25
India,Rajasthan,Dausa,"Khatikan Mohalla, Dausa - RSPCB",30-07-2026 05:00:00,26.895552,76.334753,OZONE,8,19,12
India,Rajasthan,Dungarpur,"Bhoiwada, Dungarpur - RSPCB",30-07-2026 05:00:00,23.837789,73.714926,PM2.5,25,107,67
India,Rajasthan,Dungarpur,"Bhoiwada, Dungarpur - RSPCB",30-07-2026 05:00:00,23.837789,73.714926,CO,12,14,13
India,Punjab,Jalandhar,"Civil Line, Jalandhar - PPCB",30-07-2026 05:00:00,31.321907,75.578914,PM2.5,29,42,35
India,Punjab,Jalandhar,"Civil Line, Jalandhar - PPCB",30-07-2026 05:00:00,31.321907,75.578914,NO2,33,43,39
India,Punjab,Khanna,"Kalal Majra, Khanna - PPCB",30-07-2026 05:00:00,30.736056,76.209694,NO2,26,31,28
India,Punjab,Khanna,"Kalal Majra, Khanna - PPCB",30-07-2026 05:00:00,30.736056,76.209694,OZONE,19,30,23
India,Tamil Nadu,Coimbatore,"SIDCO Kurichi, Coimbatore - TNPCB",30-07-2026 05:00:00,10.942451,76.978996,SO2,24,28,26
India,Tamil Nadu,Cuddalore,"Semmandalam, Cuddalore - TNPCB",30-07-2026 05:00:00,11.7637683,79.7499835,PM10,NA,NA,NA
India,Tamil Nadu,Cuddalore,"Semmandalam, Cuddalore - TNPCB",30-07-2026 05:00:00,11.7637683,79.7499835,CO,NA,NA,NA
India,Tamil Nadu,Cuddalore,"Kudikadu, Cuddalore - TNPCB",30-07-2026 05:00:00,11.6829898,79.7532099,PM10,NA,NA,NA
India,Tamil Nadu,Cuddalore,"Kudikadu, Cuddalore - TNPCB",30-07-2026 05:00:00,11.6829898,79.7532099,NO2,NA,NA,NA
India,Tamil Nadu,Gummidipoondi,"Anthoni Pillai Nagar, Gummidipoondi - TNPCB",30-07-2026 05:00:00,13.4127,80.1081,PM10,54,142,95
India,Tamil Nadu,Gummidipoondi,"Anthoni Pillai Nagar, Gummidipoondi - TNPCB",30-07-2026 05:00:00,13.4127,80.1081,NO2,14,32,20
India,Tamil Nadu,Gummidipoondi,"Anthoni Pillai Nagar, Gummidipoondi - TNPCB",30-07-2026 05:00:00,13.4127,80.1081,SO2,7,29,19
India,Tamil Nadu,Gummidipoondi,"Anthoni Pillai Nagar, Gummidipoondi - TNPCB",30-07-2026 05:00:00,13.4127,80.1081,OZONE,NA,NA,NA
India,Tamil Nadu,Thoothukudi,"Meelavittan, Thoothukudi - TNPCB",30-07-2026 05:00:00,8.816428,78.099039,PM10,57,76,65
India,Tamil Nadu,Thoothukudi,"Meelavittan, Thoothukudi - TNPCB",30-07-2026 05:00:00,8.816428,78.099039,NO2,11,19,16
India,Telangana,Hyderabad,"Kokapet, Hyderabad - TSPCB",30-07-2026 05:00:00,17.393559,78.339194,PM10,36,51,43
India,Telangana,Hyderabad,"ECIL Kapra, Hyderabad - TSPCB",30-07-2026 05:00:00,17.470431,78.566959,NH3,3,4,3
India,Telangana,Hyderabad,"ECIL Kapra, Hyderabad - TSPCB",30-07-2026 05:00:00,17.470431,78.566959,SO2,NA,NA,NA
India,Telangana,Hyderabad,"ECIL Kapra, Hyderabad - TSPCB",30-07-2026 05:00:00,17.470431,78.566959,OZONE,11,20,14
India,Telangana,Hyderabad,"Somajiguda, Hyderabad - TSPCB",30-07-2026 05:00:00,17.417094,78.457437,NO2,11,14,12
India,Telangana,Hyderabad,"Kompally Municipal Office, Hyderabad - TSPCB",30-07-2026 05:00:00,17.544899,78.486949,PM10,46,59,53
India,Telangana,Hyderabad,"Kompally Municipal Office, Hyderabad - TSPCB",30-07-2026 05:00:00,17.544899,78.486949,SO2,3,7,5
India,Telangana,Hyderabad,"Kompally Municipal Office, Hyderabad - TSPCB",30-07-2026 05:00:00,17.544899,78.486949,CO,11,14,12
India,Rajasthan,Jaisalmer,"Sadar Bazar, Jaisalmer - RSPCB",30-07-2026 05:00:00,26.912329,70.909168,CO,10,19,13
India,Rajasthan,Jalore,"Mudtra Sili, Jalore - RSPCB",30-07-2026 05:00:00,25.344694,72.626208,PM2.5,32,53,44
India,Rajasthan,Jodhpur,"Digari Kalan, Jodhpur - RSPCB",30-07-2026 05:00:00,26.29581,73.082283,NH3,5,8,7
India,Rajasthan,Jodhpur,"Samrat Ashok Udhyan, Jodhpur - RSPCB",30-07-2026 05:00:00,26.253384,72.976571,PM10,75,105,88
India,Rajasthan,Jodhpur,"Samrat Ashok Udhyan, Jodhpur - RSPCB",30-07-2026 05:00:00,26.253384,72.976571,NO2,2,7,4
India,Rajasthan,Jodhpur,"Collectorate, Jodhpur - RSPCB",30-07-2026 05:00:00,26.268249,73.0193853,CO,5,107,33
India,Rajasthan,Jodhpur,"Collectorate, Jodhpur - RSPCB",30-07-2026 05:00:00,26.268249,73.0193853,OZONE,18,27,22
India,Rajasthan,Jodhpur,"Jhalamand, Jodhpur - RSPCB",30-07-2026 05:00:00,26.215415,73.070156,CO,10,14,13
India,Rajasthan,Jodhpur,"Jhalamand, Jodhpur - RSPCB",30-07-2026 05:00:00,26.215415,73.070156,OZONE,8,14,12
India,Rajasthan,Karauli,"Satyawati Vihar, Karauli - RSPCB",30-07-2026 05:00:00,26.506177,77.025989,SO2,6,19,13
India,Rajasthan,Kota,"Nayapura, Kota - RSPCB",30-07-2026 05:00:00,25.196024,75.855668,PM10,17,77,39
India,Sikkim,Gangtok,"Zero Point GICI, Gangtok - SSPCB",30-07-2026 05:00:00,27.33853,88.614099,NO2,7,8,8
India,Sikkim,Gangtok,"Zero Point GICI, Gangtok - SSPCB",30-07-2026 05:00:00,27.33853,88.614099,SO2,1,1,1
India,Tamil Nadu,Chennai,"Royapuram, Chennai - TNPCB",30-07-2026 05:00:00,13.1036,80.2909,PM2.5,15,62,41
India,Tamil Nadu,Chennai,"Royapuram, Chennai - TNPCB",30-07-2026 05:00:00,13.1036,80.2909,CO,25,34,29
India,Tamil Nadu,Chennai,"Velachery Res. Area, Chennai - CPCB",30-07-2026 05:00:00,13.0052189,80.2398125,PM2.5,31,68,35
India,Tamil Nadu,Chennai,"Velachery Res. Area, Chennai - CPCB",30-07-2026 05:00:00,13.0052189,80.2398125,CO,NA,NA,NA
India,Tamil Nadu,Chennai,"Manali Village, Chennai - TNPCB",30-07-2026 05:00:00,13.1662,80.2584,NH3,1,4,3
India,Tamil Nadu,Chennai,"Kodungaiyur, Chennai - TNPCB",30-07-2026 05:00:00,13.1278,80.2642,NO2,9,17,14
India,Tamil Nadu,Chennai,"Perungudi, Chennai - TNPCB",30-07-2026 05:00:00,12.9533,80.2357,PM10,40,363,145
India,Tamil Nadu,Chennai,"Perungudi, Chennai - TNPCB",30-07-2026 05:00:00,12.9533,80.2357,NH3,0,1,0
India,Telangana,Hyderabad,"Sanathnagar, Hyderabad - TSPCB",30-07-2026 05:00:00,17.4559458,78.4332152,PM2.5,7,50,24
India,Telangana,Hyderabad,"Sanathnagar, Hyderabad - TSPCB",30-07-2026 05:00:00,17.4559458,78.4332152,NO2,31,100,46
India,Telangana,Hyderabad,"Sanathnagar, Hyderabad - TSPCB",30-07-2026 05:00:00,17.4559458,78.4332152,SO2,1,18,7
India,Telangana,Hyderabad,"Zoo Park, Hyderabad - TSPCB",30-07-2026 05:00:00,17.349694,78.451437,NO2,7,9,8
India,Telangana,Hyderabad,"Nacharam_TSIIC IALA, Hyderabad - TSPCB",30-07-2026 05:00:00,17.429398,78.569354,PM2.5,33,48,36
India,Telangana,Hyderabad,"Nacharam_TSIIC IALA, Hyderabad - TSPCB",30-07-2026 05:00:00,17.429398,78.569354,CO,32,32,32
India,Telangana,Hyderabad,"Central University, Hyderabad - TSPCB",30-07-2026 05:00:00,17.460103,78.334361,CO,5,6,5
India,Telangana,Hyderabad,"IDA Pashamylaram, Hyderabad - TSPCB",30-07-2026 05:00:00,17.5316895,78.218939,PM2.5,2,29,17
India,Telangana,Hyderabad,"IITH Kandi, Hyderabad - TSPCB",30-07-2026 05:00:00,17.585705,78.126199,NO2,10,15,11
India,Tripura,Agartala,"Bardowali, Agartala - Tripura SPCB",30-07-2026 05:00:00,23.8175497,91.2726974,PM2.5,15,43,31
India,Rajasthan,Sri Ganganagar,"Old City, Sri Ganganagar - RSPCB",30-07-2026 05:00:00,29.931624,73.864511,CO,9,21,15
India,Rajasthan,Tonk,"Shastri Nagar, Tonk - RSPCB",30-07-2026 05:00:00,26.159933,75.780517,OZONE,2,92,23
India,Rajasthan,Udaipur,"Ashok Nagar, Udaipur - RSPCB",30-07-2026 05:00:00,24.5886166,73.6321397,PM10,73,116,94
India,Rajasthan,Udaipur,"Ashok Nagar, Udaipur - RSPCB",30-07-2026 05:00:00,24.5886166,73.6321397,NO2,18,66,36
India,Rajasthan,Udaipur,"Ashok Nagar, Udaipur - RSPCB",30-07-2026 05:00:00,24.5886166,73.6321397,SO2,1,36,12
India,Rajasthan,Sawai Madhopur,"Sahu Nagar, Sawai Madhopur - RSPCB",30-07-2026 05:00:00,26.031443,76.359327,CO,2,5,4
India,Rajasthan,Sikar,"Radhakishan Pura, Sikar - RSPCB",30-07-2026 05:00:00,27.608912,75.153302,PM2.5,18,62,46
India,Rajasthan,Sikar,"Radhakishan Pura, Sikar - RSPCB",30-07-2026 05:00:00,27.608912,75.153302,NH3,NA,NA,NA
India,Rajasthan,Sirohi,"Vedhaynath Colony, Sirohi - RSPCB",30-07-2026 05:00:00,24.885261,72.857549,PM2.5,37,67,52
India,Rajasthan,Sirohi,"Vedhaynath Colony, Sirohi - RSPCB",30-07-2026 05:00:00,24.885261,72.857549,CO,7,13,9
India,Rajasthan,Pali,"Indira Colony Vistar, Pali - RSPCB",30-07-2026 05:00:00,25.771061,73.340227,SO2,9,20,14
India,Rajasthan,Pratapgarh,"Pragati Nagar, Pratapgarh - RSPCB",30-07-2026 05:00:00,24.041198,74.780702,PM2.5,25,57,45
India,Rajasthan,Pratapgarh,"Pragati Nagar, Pratapgarh - RSPCB",30-07-2026 05:00:00,24.041198,74.780702,OZONE,31,36,34
India,Rajasthan,Sawai Madhopur,"Sahu Nagar, Sawai Madhopur - RSPCB",30-07-2026 05:00:00,26.031443,76.359327,PM2.5,12,74,37
India,Rajasthan,Kota,"Shrinath Puram, Kota - RSPCB",30-07-2026 05:00:00,25.14389,75.821256,NH3,9,16,10
India,Uttar Pradesh,Jhansi,"Shivaji Nagar, Jhansi - UPPCB",30-07-2026 05:00:00,25.4547,78.6039,PM10,26,58,42
India,Uttar Pradesh,Kanpur,"NSI Kalyanpur, Kanpur - UPPCB",30-07-2026 05:00:00,26.509954,80.249612,PM2.5,9,23,16
India,Uttar Pradesh,Kanpur,"NSI Kalyanpur, Kanpur - UPPCB",30-07-2026 05:00:00,26.509954,80.249612,PM10,25,41,34
India,Uttar Pradesh,Kanpur,"NSI Kalyanpur, Kanpur - UPPCB",30-07-2026 05:00:00,26.509954,80.249612,OZONE,20,21,20
India,Uttar Pradesh,Kanpur,"Nehru Nagar, Kanpur - UPPCB",30-07-2026 05:00:00,26.4703136,80.3229863,PM10,23,93,44
India,Uttar Pradesh,Kanpur,"FTI Kidwai Nagar, Kanpur - UPPCB",30-07-2026 05:00:00,26.428282,80.327067,PM2.5,14,96,38
India,Uttar Pradesh,Kanpur,"FTI Kidwai Nagar, Kanpur - UPPCB",30-07-2026 05:00:00,26.428282,80.327067,NO2,26,27,27
India,Uttar Pradesh,Kanpur,"FTI Kidwai Nagar, Kanpur - UPPCB",30-07-2026 05:00:00,26.428282,80.327067,CO,32,36,34
India,Uttar Pradesh,Khora,"Prashant Garden, Khora - UPPCB",30-07-2026 05:00:00,28.61119,77.34206,PM10,62,140,95
India,Uttar Pradesh,Khora,"Prashant Garden, Khora - UPPCB",30-07-2026 05:00:00,28.61119,77.34206,NO2,29,42,35
India,Uttar Pradesh,Khurja,"Kalindi Kunj, Khurja - UPPCB",30-07-2026 05:00:00,28.2348927,77.8683002,NH3,1,1,1
India,Uttar Pradesh,Khurja,"Kalindi Kunj, Khurja - UPPCB",30-07-2026 05:00:00,28.2348927,77.8683002,SO2,10,11,10
India,Uttar Pradesh,Lucknow,"Gomti Nagar, Lucknow - UPPCB",30-07-2026 05:00:00,26.86812,81.005119,SO2,14,15,14
India,Uttar Pradesh,Lucknow,"Kukrail Picnic Spot-1, Lucknow - UPPCB",30-07-2026 05:00:00,26.90723,80.98579,NH3,6,6,6
India,Uttar Pradesh,Lucknow,"Kukrail Picnic Spot-1, Lucknow - UPPCB",30-07-2026 05:00:00,26.90723,80.98579,OZONE,9,9,9
India,Tripura,Agartala,"Bardowali, Agartala - Tripura SPCB",30-07-2026 05:00:00,23.8175497,91.2726974,CO,22,31,25
India,Uttar Pradesh,Agra,"Shastripuram, Agra - UPPCB",30-07-2026 05:00:00,27.19862,77.92066,NH3,3,3,3
India,Uttar Pradesh,Agra,"Shahjahan Garden, Agra - UPPCB",30-07-2026 05:00:00,27.169338,78.03582,NH3,1,1,1
India,Uttar Pradesh,Agra,"Shahjahan Garden, Agra - UPPCB",30-07-2026 05:00:00,27.169338,78.03582,OZONE,11,57,27
India,Uttar Pradesh,Agra,"Sanjay Palace, Agra - UPPCB",30-07-2026 05:00:00,27.19865833,78.00598056,PM2.5,4,68,32
India,Uttar Pradesh,Agra,"Sanjay Palace, Agra - UPPCB",30-07-2026 05:00:00,27.19865833,78.00598056,SO2,2,2,2
India,Uttar Pradesh,Agra,"Rohta, Agra - UPPCB",30-07-2026 05:00:00,27.106972,78.000111,SO2,8,17,12
India,Uttar Pradesh,Baghpat,"Sardar Patel Inter College, Baghpat - UPPCB",30-07-2026 05:00:00,28.964949,77.278761,SO2,9,13,11
India,Uttar Pradesh,Bareilly,"Rajendra Nagar, Bareilly - UPPCB",30-07-2026 05:00:00,28.38910936,79.42963708,NO2,8,12,9
India,Uttar Pradesh,Bareilly,"Rajendra Nagar, Bareilly - UPPCB",30-07-2026 05:00:00,28.38910936,79.42963708,NH3,1,2,1
India,Uttar Pradesh,Bareilly,"Civil Lines, Bareilly - UPPCB",30-07-2026 05:00:00,28.359581,79.414455,PM10,25,40,32
India,Uttar Pradesh,Lucknow,"B R Ambedkar University, Lucknow - UPPCB",30-07-2026 05:00:00,26.766433,80.927299,PM2.5,29,68,44
India,Uttar Pradesh,Lucknow,"B R Ambedkar University, Lucknow - UPPCB",30-07-2026 05:00:00,26.766433,80.927299,NH3,3,3,3
India,Uttar Pradesh,Lucknow,"Kendriya Vidyalaya, Lucknow - CPCB",30-07-2026 05:00:00,26.906111,80.948222,PM2.5,12,69,41
India,Uttar Pradesh,Lucknow,"Kendriya Vidyalaya, Lucknow - CPCB",30-07-2026 05:00:00,26.906111,80.948222,NO2,23,34,30
India,Uttar Pradesh,Lucknow,"Kendriya Vidyalaya, Lucknow - CPCB",30-07-2026 05:00:00,26.906111,80.948222,CO,40,88,64
India,Uttar Pradesh,Lucknow,"Talkatora District Industries Center, Lucknow - CPCB",30-07-2026 05:00:00,26.83399722,80.8917361,OZONE,10,20,13
India,Uttar Pradesh,Mathura,"Pali Dungra, Mathura - UPPCB",30-07-2026 05:00:00,27.410954,77.550619,PM2.5,55,114,74
India,Uttar Pradesh,Mathura,"Pali Dungra, Mathura - UPPCB",30-07-2026 05:00:00,27.410954,77.550619,PM10,49,69,57
India,Uttar Pradesh,Meerut,"Pallavpuram Phase 2, Meerut - UPPCB",30-07-2026 05:00:00,29.06351,77.709723,PM2.5,57,156,94
India,Uttar Pradesh,Meerut,"Ganga Nagar, Meerut - UPPCB",30-07-2026 05:00:00,28.999264,77.7590354,NO2,27,42,34
India,Uttar Pradesh,Meerut,"Ganga Nagar, Meerut - UPPCB",30-07-2026 05:00:00,28.999264,77.7590354,NH3,8,10,9
India,Uttar Pradesh,Meerut,"Jai Bhim Nagar, Meerut - UPPCB",30-07-2026 05:00:00,28.9535882,77.7622941,NH3,4,8,6
India,Uttar Pradesh,Meerut,"MIET College, Meerut - UPPCB",30-07-2026 05:00:00,28.972677,77.641018,PM10,103,156,122
India,Uttar Pradesh,Meerut,"MIET College, Meerut - UPPCB",30-07-2026 05:00:00,28.972677,77.641018,CO,33,61,44
India,Uttar Pradesh,Modinagar,"SRM University, Modinagar - UPPCB",30-07-2026 05:00:00,28.798171,77.540243,NO2,14,34,20
India,Uttar Pradesh,Moradabad,"Jigar Colony, Moradabad - UPPCB",30-07-2026 05:00:00,28.856664,78.772638,PM10,35,93,57
India,Uttar Pradesh,Moradabad,"Jigar Colony, Moradabad - UPPCB",30-07-2026 05:00:00,28.856664,78.772638,NH3,6,6,6
India,Uttar Pradesh,Moradabad,"Kashiram Nagar, Moradabad - UPPCB",30-07-2026 05:00:00,28.849399,78.742362,CO,33,42,36
India,Uttar Pradesh,Moradabad,"Kashiram Nagar, Moradabad - UPPCB",30-07-2026 05:00:00,28.849399,78.742362,OZONE,13,21,17
India,Uttar Pradesh,Moradabad,"Employment Office, Moradabad - UPPCB",30-07-2026 05:00:00,28.88528,78.7388,PM10,43,87,60
India,Uttar Pradesh,Moradabad,"Eco Herbal Park, Moradabad - UPPCB",30-07-2026 05:00:00,28.840739,78.697531,NH3,6,11,8
India,Uttar Pradesh,Moradabad,"Eco Herbal Park, Moradabad - UPPCB",30-07-2026 05:00:00,28.840739,78.697531,CO,12,17,14
India,Uttar Pradesh,Bareilly,"Civil Lines, Bareilly - UPPCB",30-07-2026 05:00:00,28.359581,79.414455,CO,27,41,34
India,Uttar Pradesh,Bulandshahr,"Yamunapuram, Bulandshahr - UPPCB",30-07-2026 05:00:00,28.406963,77.849831,NO2,3,41,13
India,Uttar Pradesh,Bulandshahr,"Yamunapuram, Bulandshahr - UPPCB",30-07-2026 05:00:00,28.406963,77.849831,NH3,5,31,14
India,Uttar Pradesh,Bulandshahr,"Yamunapuram, Bulandshahr - UPPCB",30-07-2026 05:00:00,28.406963,77.849831,SO2,5,29,16
India,Uttar Pradesh,Fatehpur Sikri,"Dadupura, Fatehpur Sikri - UPPCB",30-07-2026 05:00:00,27.097694,77.671335,CO,20,34,26
India,Uttar Pradesh,Fatehpur Sikri,"Dadupura, Fatehpur Sikri - UPPCB",30-07-2026 05:00:00,27.097694,77.671335,OZONE,6,11,7
India,Uttar Pradesh,Firozabad,"Vibhab Nagar, Firozabad - UPPCB",30-07-2026 05:00:00,27.1594,78.3953,NH3,6,7,7
India,Uttar Pradesh,Firozabad,"Vibhab Nagar, Firozabad - UPPCB",30-07-2026 05:00:00,27.1594,78.3953,SO2,4,9,8
India,Uttar Pradesh,Firozabad,"Nagla Bhau, Firozabad - UPPCB",30-07-2026 05:00:00,27.168897,78.37696,PM10,9,54,34
India,Uttar Pradesh,Firozabad,"Nagla Bhau, Firozabad - UPPCB",30-07-2026 05:00:00,27.168897,78.37696,NH3,2,2,2
India,Uttar Pradesh,Ghaziabad,"Indirapuram, Ghaziabad - UPPCB",30-07-2026 05:00:00,28.646233,77.358075,NO2,28,87,49
India,Uttar Pradesh,Moradabad,"Transport Nagar, Moradabad - UPPCB",30-07-2026 05:00:00,28.802625,78.753728,PM10,28,112,55
India,Uttar Pradesh,Muzaffarnagar,"New Mandi, Muzaffarnagar - UPPCB",30-07-2026 05:00:00,29.4723508,77.7194031,OZONE,8,17,12
India,Uttar Pradesh,Noida,"Sector-116, Noida - UPPCB",30-07-2026 05:00:00,28.56923,77.393848,PM2.5,50,205,110
India,Uttar Pradesh,Noida,"Sector-116, Noida - UPPCB",30-07-2026 05:00:00,28.56923,77.393848,SO2,2,21,13
India,Uttar Pradesh,Noida,"Sector-1, Noida - UPPCB",30-07-2026 05:00:00,28.5898,77.3101,PM2.5,16,90,55
India,Uttar Pradesh,Gorakhpur,"Madan Mohan Malaviya University of Technology, Gorakhpur - UPPCB",30-07-2026 05:00:00,26.730136,83.433859,CO,6,6,6
India,Uttar Pradesh,Greater Noida,"Knowledge Park - III, Greater Noida - UPPCB",30-07-2026 05:00:00,28.47272,77.482,PM2.5,24,144,50
India,Uttar Pradesh,Greater Noida,"Knowledge Park - III, Greater Noida - UPPCB",30-07-2026 05:00:00,28.47272,77.482,NO2,10,73,26
India,Uttar Pradesh,Greater Noida,"Knowledge Park - III, Greater Noida - UPPCB",30-07-2026 05:00:00,28.47272,77.482,SO2,3,7,5
India,Uttar Pradesh,Greater Noida,"Knowledge Park - III, Greater Noida - UPPCB",30-07-2026 05:00:00,28.47272,77.482,OZONE,8,14,11
India,Uttar Pradesh,Greater Noida,"Knowledge Park - V, Greater Noida - UPPCB",30-07-2026 05:00:00,28.557054,77.453663,PM2.5,30,135,70
India,Uttar Pradesh,Noida,"Sector - 125, Noida - UPPCB",30-07-2026 05:00:00,28.5447608,77.3231257,PM10,37,259,108
India,Uttar Pradesh,Prayagraj,"Nagar Nigam, Prayagraj - UPPCB",30-07-2026 05:00:00,25.44919916,81.82735986,PM10,9,34,19
India,Uttar Pradesh,Prayagraj,"Nagar Nigam, Prayagraj - UPPCB",30-07-2026 05:00:00,25.44919916,81.82735986,NO2,5,5,5
India,Uttar Pradesh,Prayagraj,"Nagar Nigam, Prayagraj - UPPCB",30-07-2026 05:00:00,25.44919916,81.82735986,NH3,12,15,13
India,Uttar Pradesh,Prayagraj,"Motilal Nehru NIT, Prayagraj - UPPCB",30-07-2026 05:00:00,25.494,81.863,PM2.5,8,27,21
India,Uttar Pradesh,Prayagraj,"Motilal Nehru NIT, Prayagraj - UPPCB",30-07-2026 05:00:00,25.494,81.863,PM10,57,327,144
India,Uttar Pradesh,Shamli,"New Tehsil, Shamli - UPPCB",30-07-2026 05:00:00,29.4603683,77.3410291,PM2.5,18,67,41
India,Uttar Pradesh,Varanasi,"Maldahiya, Varanasi - UPPCB",30-07-2026 05:00:00,25.32393,82.99687,NO2,2,4,3
India,Uttar Pradesh,Varanasi,"Bhelupur, Varanasi - UPPCB",30-07-2026 05:00:00,25.301778,82.996789,CO,4,9,5
India,Uttar Pradesh,Varanasi,"Bhelupur, Varanasi - UPPCB",30-07-2026 05:00:00,25.301778,82.996789,OZONE,7,9,8
India,Uttar Pradesh,Varanasi,"Ardhali Bazar, Varanasi - UPPCB",30-07-2026 05:00:00,25.3505986,82.9083074,PM2.5,21,53,36
India,Uttar Pradesh,Varanasi,"Ardhali Bazar, Varanasi - UPPCB",30-07-2026 05:00:00,25.3505986,82.9083074,NH3,NA,NA,NA
India,Uttar Pradesh,Varanasi,"Ardhali Bazar, Varanasi - UPPCB",30-07-2026 05:00:00,25.3505986,82.9083074,CO,17,17,17
India,Uttar Pradesh,Vrindavan,"Omex Eternity, Vrindavan - UPPCB",30-07-2026 05:00:00,27.571409,77.655757,PM2.5,1,102,27
India,Uttar Pradesh,Vrindavan,"Omex Eternity, Vrindavan - UPPCB",30-07-2026 05:00:00,27.571409,77.655757,NO2,26,27,27
India,Uttar Pradesh,Vrindavan,"Omex Eternity, Vrindavan - UPPCB",30-07-2026 05:00:00,27.571409,77.655757,OZONE,16,16,16
India,Uttarakhand,Dehradun,"Doon University, Dehradun - UKPCB",30-07-2026 05:00:00,30.269444,78.044167,PM10,11,53,37
India,Uttarakhand,Dehradun,"Doon University, Dehradun - UKPCB",30-07-2026 05:00:00,30.269444,78.044167,NO2,0,4,2
India,Uttarakhand,Dehradun,"Doon University, Dehradun - UKPCB",30-07-2026 05:00:00,30.269444,78.044167,NH3,NA,NA,NA
India,Uttarakhand,Dehradun,"Doon University, Dehradun - UKPCB",30-07-2026 05:00:00,30.269444,78.044167,OZONE,0,4,1
India,Uttarakhand,Kashipur,"Govt. Girls Inter College, Kashipur - UKPCB",30-07-2026 05:00:00,29.2124114,78.9611753,PM2.5,NA,NA,NA
India,Uttarakhand,Kashipur,"Govt. Girls Inter College, Kashipur - UKPCB",30-07-2026 05:00:00,29.2124114,78.9611753,NH3,NA,NA,NA
India,Uttarakhand,Rishikesh,"Shivaji Nagar, Rishikesh - UKPCB",30-07-2026 05:00:00,30.075911,78.2859547,NH3,3,3,3
India,Uttarakhand,Rishikesh,"Shivaji Nagar, Rishikesh - UKPCB",30-07-2026 05:00:00,30.075911,78.2859547,OZONE,31,31,31
India,West Bengal,Asansol,"Evelyn Lodge, Asansol - WBPCB",30-07-2026 05:00:00,23.697936,86.944395,PM10,23,46,33
India,West Bengal,Asansol,"Evelyn Lodge, Asansol - WBPCB",30-07-2026 05:00:00,23.697936,86.944395,NO2,12,23,16
India,West Bengal,Asansol,"Evelyn Lodge, Asansol - WBPCB",30-07-2026 05:00:00,23.697936,86.944395,SO2,75,76,76
India,West Bengal,Asansol,"Evelyn Lodge, Asansol - WBPCB",30-07-2026 05:00:00,23.697936,86.944395,CO,21,32,27
India,West Bengal,Asansol,"Mahabir Colliery, Asansol - WBPCB",30-07-2026 05:00:00,23.618183,87.105718,PM10,29,70,39
India,West Bengal,Asansol,"Asansol Court Area, Asansol - WBPCB",30-07-2026 05:00:00,23.685297,86.945968,PM2.5,17,36,27
India,West Bengal,Asansol,"Trivenidevi Bhalotia College, Asansol - WBPCB",30-07-2026 05:00:00,23.616515,87.119133,PM2.5,8,75,29
India,West Bengal,Asansol,"Trivenidevi Bhalotia College, Asansol - WBPCB",30-07-2026 05:00:00,23.616515,87.119133,NO2,4,12,8
India,West Bengal,Durgapur,"Mahishkapur Road_B-Zone, Durgapur - WBPCB",30-07-2026 05:00:00,23.567923,87.306843,PM10,6,25,18
India,West Bengal,Durgapur,"Mahishkapur Road_B-Zone, Durgapur - WBPCB",30-07-2026 05:00:00,23.567923,87.306843,NO2,2,8,4
India,West Bengal,Durgapur,"Mahishkapur Road_B-Zone, Durgapur - WBPCB",30-07-2026 05:00:00,23.567923,87.306843,NH3,0,1,0
India,West Bengal,Durgapur,"PCBL Residential Complex, Durgapur - WBPCB",30-07-2026 05:00:00,23.508764,87.35444,NO2,46,60,53
India,West Bengal,Haldia,"Priyambada Housing Estate, Haldia - WBPCB",30-07-2026 05:00:00,22.06047,88.109737,PM2.5,15,41,21
India,West Bengal,Haldia,"Priyambada Housing Estate, Haldia - WBPCB",30-07-2026 05:00:00,22.06047,88.109737,NO2,6,14,10
India,West Bengal,Haldia,"Priyambada Housing Estate, Haldia - WBPCB",30-07-2026 05:00:00,22.06047,88.109737,NH3,3,5,4
India,West Bengal,Howrah,"Dasnagar, Howrah - WBPCB",30-07-2026 05:00:00,22.6025571,88.3105664,PM10,12,71,35
India,West Bengal,Howrah,"Botanical Garden, Howrah - WBPCB",30-07-2026 05:00:00,22.554954,88.292568,NO2,10,25,19
India,West Bengal,Howrah,"Botanical Garden, Howrah - WBPCB",30-07-2026 05:00:00,22.554954,88.292568,NH3,1,2,1
India,West Bengal,Howrah,"Botanical Garden, Howrah - WBPCB",30-07-2026 05:00:00,22.554954,88.292568,CO,7,14,11
India,West Bengal,Howrah,"Ghusuri, Howrah - WBPCB",30-07-2026 05:00:00,22.611968,88.347422,NO2,36,58,47
India,West Bengal,Kolkata,"Fort William, Kolkata - WBPCB",30-07-2026 05:00:00,22.55664,88.342674,SO2,5,6,5
India,West Bengal,Kolkata,"Fort William, Kolkata - WBPCB",30-07-2026 05:00:00,22.55664,88.342674,CO,11,21,15
India,West Bengal,Kolkata,"Ballygunge, Kolkata - WBPCB",30-07-2026 05:00:00,22.5367507,88.3638022,NH3,6,7,7
India,West Bengal,Kolkata,"Jadavpur, Kolkata - WBPCB",30-07-2026 05:00:00,22.49929,88.36917,NO2,13,116,28
India,West Bengal,Kolkata,"Victoria, Kolkata - WBPCB",30-07-2026 05:00:00,22.5448082,88.3403691,NO2,19,31,23
India,West Bengal,Kolkata,"Victoria, Kolkata - WBPCB",30-07-2026 05:00:00,22.5448082,88.3403691,NH3,6,8,8
India,West Bengal,Kolkata,"Victoria, Kolkata - WBPCB",30-07-2026 05:00:00,22.5448082,88.3403691,OZONE,10,16,12
India,West Bengal,Kolkata,"Bidhannagar, Kolkata - WBPCB",30-07-2026 05:00:00,22.58157048,88.41002457,PM2.5,21,46,31
India,West Bengal,Kolkata,"Bidhannagar, Kolkata - WBPCB",30-07-2026 05:00:00,22.58157048,88.41002457,NH3,5,6,5
India,West Bengal,Siliguri,"Ward-32 Bapupara, Siliguri - WBPCB",30-07-2026 05:00:00,26.6879226,88.4152495,PM2.5,13,28,19
India,Assam,Guwahati,"IITG, Guwahati - PCBA",30-07-2026 05:00:00,26.2028636,91.70046436,PM10,NA,NA,NA
India,Assam,Guwahati,"IITG, Guwahati - PCBA",30-07-2026 05:00:00,26.2028636,91.70046436,NH3,5,5,5
India,Assam,Guwahati,"IITG, Guwahati - PCBA",30-07-2026 05:00:00,26.2028636,91.70046436,SO2,31,33,32
India,Assam,Guwahati,"LGBI Airport, Guwahati - PCBA",30-07-2026 05:00:00,26.10887,91.589544,PM2.5,25,76,55
India,Assam,Guwahati,"LGBI Airport, Guwahati - PCBA",30-07-2026 05:00:00,26.10887,91.589544,NH3,2,21,5
India,Assam,Guwahati,"Pan Bazaar, Guwahati - PCBA",30-07-2026 05:00:00,26.1875,91.744194,PM2.5,NA,NA,NA
India,Assam,Guwahati,"Pan Bazaar, Guwahati - PCBA",30-07-2026 05:00:00,26.1875,91.744194,PM10,NA,NA,NA
India,Assam,Guwahati,"Pan Bazaar, Guwahati - PCBA",30-07-2026 05:00:00,26.1875,91.744194,NO2,0,1,0
India,Assam,Guwahati,"Pan Bazaar, Guwahati - PCBA",30-07-2026 05:00:00,26.1875,91.744194,OZONE,12,15,13
India,Assam,Guwahati,"Railway Colony, Guwahati - PCBA",30-07-2026 05:00:00,26.181742,91.78063,PM2.5,2,44,22
India,Assam,Guwahati,"Railway Colony, Guwahati - PCBA",30-07-2026 05:00:00,26.181742,91.78063,NH3,1,1,1
India,Assam,Guwahati,"Railway Colony, Guwahati - PCBA",30-07-2026 05:00:00,26.181742,91.78063,SO2,40,50,44
India,Assam,Guwahati,"Railway Colony, Guwahati - PCBA",30-07-2026 05:00:00,26.181742,91.78063,CO,3,19,11
India,Andhra Pradesh,Machilipatnam,"Srinivas Nagar Colony, Machilipatnam - APPCB",30-07-2026 05:00:00,16.186555,81.13219,OZONE,18,18,18
India,Andhra Pradesh,Nellore,"Ambedkar Nagar, Nellore - APPCB ",30-07-2026 05:00:00,14.438164,79.966814,SO2,9,20,14
India,Andhra Pradesh,Nellore,"Ambedkar Nagar, Nellore - APPCB ",30-07-2026 05:00:00,14.438164,79.966814,CO,32,32,32
India,Andhra Pradesh,Nellore,"Ambedkar Nagar, Nellore - APPCB ",30-07-2026 05:00:00,14.438164,79.966814,OZONE,22,28,25
India,Andhra Pradesh,Rajamahendravaram,"Anand Kala Kshetram, Rajamahendravaram - APPCB",30-07-2026 05:00:00,16.9872867,81.7363176,SO2,5,6,5
India,Andhra Pradesh,Srikakulam,"Chinna Bharatham Colony, Srikakulam - APPCB",30-07-2026 05:00:00,18.292191,83.897173,NO2,12,51,28
India,Assam,Silchar,"Tarapur, Silchar - PCBA",30-07-2026 05:00:00,24.82827,92.79525,NO2,17,19,18
India,Assam,Silchar,"Tarapur, Silchar - PCBA",30-07-2026 05:00:00,24.82827,92.79525,SO2,5,7,6
India,Bihar,Araria,"Kharahiya Basti, Araria - BSPCB",30-07-2026 05:00:00,26.146529,87.454184,SO2,21,22,21
India,Bihar,Arrah,"New DM Office, Arrah - BSPCB",30-07-2026 05:00:00,25.5626095,84.663264,PM10,2,187,36
India,Bihar,Aurangabad,"Gurdeo Nagar, Aurangabad - BSPCB",30-07-2026 05:00:00,24.75746,84.366208,NH3,1,2,2
India,Bihar,Bettiah,"Kamalnath Nagar, Bettiah - BSPCB",30-07-2026 05:00:00,26.80365,84.51954,NO2,24,31,27
India,Bihar,Gaya,"SFTI Kusdihra, Gaya - BSPCB",30-07-2026 05:00:00,24.762518,84.982348,PM10,18,41,31
India,Bihar,Gaya,"SFTI Kusdihra, Gaya - BSPCB",30-07-2026 05:00:00,24.762518,84.982348,NO2,21,28,26
India,Bihar,Gaya,"SFTI Kusdihra, Gaya - BSPCB",30-07-2026 05:00:00,24.762518,84.982348,OZONE,11,21,15
India,Bihar,Gaya,"Kareemganj, Gaya - BSPCB",30-07-2026 05:00:00,24.792403,84.992416,NH3,0,1,1
India,Bihar,Hajipur,"Industrial Area, Hajipur - BSPCB",30-07-2026 05:00:00,25.697189,85.2459,OZONE,16,33,24
India,Bihar,Kishanganj,"SDM Office_Khagra, Kishanganj - BSPCB",30-07-2026 05:00:00,26.0881305,87.93840336,SO2,6,11,8
India,Bihar,Kishanganj,"SDM Office_Khagra, Kishanganj - BSPCB",30-07-2026 05:00:00,26.0881305,87.93840336,CO,13,14,14
India,Andhra Pradesh,Tirumala,"Toll Gate, Tirumala - APPCB",30-07-2026 05:00:00,13.67,79.35,PM10,36,149,56
India,Andhra Pradesh,Tirumala,"Toll Gate, Tirumala - APPCB",30-07-2026 05:00:00,13.67,79.35,OZONE,13,15,14
India,Andhra Pradesh,Vijayawada,"Rajiv Gandhi Park, Vijayawada - APPCB",30-07-2026 05:00:00,16.509717,80.612222,SO2,11,17,14
India,Andhra Pradesh,Vijayawada,"Rajiv Nagar, Vijayawada - APPCB",30-07-2026 05:00:00,16.554731,80.64911,OZONE,27,27,27
India,Andhra Pradesh,Visakhapatnam,"GVM Corporation, Visakhapatnam - APPCB",30-07-2026 05:00:00,17.72,83.3,NO2,26,68,43
India,Andhra Pradesh,Visakhapatnam,"GVM Corporation, Visakhapatnam - APPCB",30-07-2026 05:00:00,17.72,83.3,CO,14,43,25
India,Andhra Pradesh,Visakhapatnam,"GVM Corporation, Visakhapatnam - APPCB",30-07-2026 05:00:00,17.72,83.3,OZONE,8,14,11
India,Bihar,Bihar Sharif,"D M Colony, Bihar Sharif - BSPCB",30-07-2026 05:00:00,25.204762,85.51496,PM2.5,NA,NA,NA
India,Bihar,Bihar Sharif,"D M Colony, Bihar Sharif - BSPCB",30-07-2026 05:00:00,25.204762,85.51496,PM10,NA,NA,NA
India,Bihar,Bihar Sharif,"D M Colony, Bihar Sharif - BSPCB",30-07-2026 05:00:00,25.204762,85.51496,CO,102,105,104
India,Bihar,Buxar,"Charitra Van, Buxar - BSPCB",30-07-2026 05:00:00,25.56752,83.966379,PM10,NA,NA,NA
India,Bihar,Buxar,"Charitra Van, Buxar - BSPCB",30-07-2026 05:00:00,25.56752,83.966379,NH3,3,3,3
India,Bihar,Buxar,"Charitra Van, Buxar - BSPCB",30-07-2026 05:00:00,25.56752,83.966379,SO2,25,29,28
India,Bihar,Chhapra,"Darshan Nagar, Chhapra - BSPCB",30-07-2026 05:00:00,25.7808257,84.7446768,PM10,69,71,70
India,Bihar,Chhapra,"Darshan Nagar, Chhapra - BSPCB",30-07-2026 05:00:00,25.7808257,84.7446768,OZONE,2,3,2
India,Andhra Pradesh,Eluru,"District Court, Eluru - APPCB",30-07-2026 05:00:00,16.711754,81.092095,PM10,48,70,57
India,Andhra Pradesh,Eluru,"District Court, Eluru - APPCB",30-07-2026 05:00:00,16.711754,81.092095,NO2,10,32,17
India,Andhra Pradesh,Guntur,"Rajendra Nagar North, Guntur - APPCB",30-07-2026 05:00:00,16.316553,80.413302,PM2.5,41,74,48
India,Andhra Pradesh,Kadapa,"Yerramukkapalli, Kadapa - APPCB",30-07-2026 05:00:00,14.465052,78.824187,PM10,NA,NA,NA
India,Andhra Pradesh,Kadapa,"Yerramukkapalli, Kadapa - APPCB",30-07-2026 05:00:00,14.465052,78.824187,NH3,NA,NA,NA
India,Andhra Pradesh,Anantapur,"Gulzarpet, Anantapur - APPCB",30-07-2026 05:00:00,14.675886,77.593027,PM10,49,76,65
India,Andhra Pradesh,Anantapur,"Gulzarpet, Anantapur - APPCB",30-07-2026 05:00:00,14.675886,77.593027,NO2,15,24,18
India,Andhra Pradesh,Anantapur,"Gulzarpet, Anantapur - APPCB",30-07-2026 05:00:00,14.675886,77.593027,SO2,12,18,13
India,Andhra Pradesh,Chittoor,"Gangineni Cheruvu, Chittoor - APPCB",30-07-2026 05:00:00,13.20488,79.097889,PM2.5,58,73,62
India,Andhra Pradesh,Amaravati,"Secretariat, Amaravati - APPCB",30-07-2026 05:00:00,16.5150833,80.5181667,NO2,10,25,17
India,Bihar,Bhagalpur,"Mayaganj, Bhagalpur - BSPCB",30-07-2026 05:00:00,25.265194,87.012947,CO,21,37,31
India,Bihar,Muzaffarpur,"Muzaffarpur Collectorate, Muzaffarpur - BSPCB",30-07-2026 05:00:00,26.1209,85.3647,CO,20,20,20
India,Bihar,Muzaffarpur,"Muzaffarpur Collectorate, Muzaffarpur - BSPCB",30-07-2026 05:00:00,26.1209,85.3647,OZONE,6,6,6
India,Bihar,Muzaffarpur,"Buddha Colony, Muzaffarpur - BSPCB",30-07-2026 05:00:00,26.11442,85.39813,PM2.5,20,49,31
India,Bihar,Muzaffarpur,"Buddha Colony, Muzaffarpur - BSPCB",30-07-2026 05:00:00,26.11442,85.39813,PM10,18,42,30
India,Bihar,Muzaffarpur,"Buddha Colony, Muzaffarpur - BSPCB",30-07-2026 05:00:00,26.11442,85.39813,NH3,6,12,9
India,Bihar,Muzaffarpur,"Buddha Colony, Muzaffarpur - BSPCB",30-07-2026 05:00:00,26.11442,85.39813,OZONE,20,27,24
India,Bihar,Muzaffarpur,"MIT-Daudpur Kothi, Muzaffarpur - BSPCB",30-07-2026 05:00:00,26.1403345,85.3650192,NO2,4,9,6
India,Bihar,Muzaffarpur,"MIT-Daudpur Kothi, Muzaffarpur - BSPCB",30-07-2026 05:00:00,26.1403345,85.3650192,OZONE,20,21,20
India,Bihar,Patna,"IGSC Planetarium Complex, Patna - BSPCB",30-07-2026 05:00:00,25.610369,85.132568,PM2.5,13,76,35
India,Bihar,Patna,"IGSC Planetarium Complex, Patna - BSPCB",30-07-2026 05:00:00,25.610369,85.132568,NO2,2,2,2
India,Bihar,Patna,"IGSC Planetarium Complex, Patna - BSPCB",30-07-2026 05:00:00,25.610369,85.132568,NH3,NA,NA,NA
India,Bihar,Patna,"IGSC Planetarium Complex, Patna - BSPCB",30-07-2026 05:00:00,25.610369,85.132568,SO2,17,22,20
India,Bihar,Patna,"Rajbansi Nagar, Patna - BSPCB",30-07-2026 05:00:00,25.599486,85.113666,SO2,1,14,8
India,Chhattisgarh,Bilaspur,"Mangala, Bilaspur - NTPC",30-07-2026 05:00:00,22.08815,82.13737,NH3,NA,NA,NA
India,Chhattisgarh,Bilaspur,"Mangala, Bilaspur - NTPC",30-07-2026 05:00:00,22.08815,82.13737,CO,18,28,23
India,Chhattisgarh,Chhal,"Nawapara SECL Colony, Chhal - CECB",30-07-2026 05:00:00,22.118125,83.140608,PM2.5,20,36,28
India,Chhattisgarh,Chhal,"Nawapara SECL Colony, Chhal - CECB",30-07-2026 05:00:00,22.118125,83.140608,PM10,23,64,42
India,Chhattisgarh,Chhal,"Nawapara SECL Colony, Chhal - CECB",30-07-2026 05:00:00,22.118125,83.140608,SO2,4,10,7
India,Chhattisgarh,Korba,"Urja Nagar, Korba - CECB",30-07-2026 05:00:00,22.348441,82.549611,NO2,4,6,5
India,Chhattisgarh,Korba,"Urja Nagar, Korba - CECB",30-07-2026 05:00:00,22.348441,82.549611,NH3,1,1,1
India,Chhattisgarh,Korba,"Urja Nagar, Korba - CECB",30-07-2026 05:00:00,22.348441,82.549611,OZONE,5,5,5
India,Chhattisgarh,Korba,"Rampur, Korba - CECB",30-07-2026 05:00:00,22.368195,82.746431,PM2.5,4,15,5
India,Chhattisgarh,Korba,"Rampur, Korba - CECB",30-07-2026 05:00:00,22.368195,82.746431,PM10,3,12,7
India,Chhattisgarh,Korba,"Rampur, Korba - CECB",30-07-2026 05:00:00,22.368195,82.746431,NH3,1,1,1
India,Bihar,Purnia,"Mariam Nagar, Purnia - BSPCB",30-07-2026 05:00:00,25.366336,87.117468,NO2,3,11,6
India,Bihar,Rajgir,"Dangi Tola, Rajgir - BSPCB",30-07-2026 05:00:00,25.0328,85.41948,PM2.5,25,55,39
India,Bihar,Rajgir,"Dangi Tola, Rajgir - BSPCB",30-07-2026 05:00:00,25.0328,85.41948,NH3,3,3,3
India,Bihar,Samastipur,"DM Office_Kasipur, Samastipur - BSPCB",30-07-2026 05:00:00,25.859655,85.77944,PM10,1,102,30
India,Bihar,Samastipur,"DM Office_Kasipur, Samastipur - BSPCB",30-07-2026 05:00:00,25.859655,85.77944,NH3,1,1,1
India,Chandigarh,Chandigarh,"Sector-53, Chandigarh - CPCC",30-07-2026 05:00:00,30.719859,76.738637,PM2.5,5,22,12
India,Chandigarh,Chandigarh,"Sector-53, Chandigarh - CPCC",30-07-2026 05:00:00,30.719859,76.738637,PM10,NA,NA,NA
India,Chandigarh,Chandigarh,"Sector 22, Chandigarh - CPCC",30-07-2026 05:00:00,30.735567,76.775714,PM10,9,39,22
India,Bihar,Patna,"DRM Office Danapur, Patna - BSPCB",30-07-2026 05:00:00,25.586562,85.043586,PM2.5,23,42,33
India,Bihar,Patna,"DRM Office Danapur, Patna - BSPCB",30-07-2026 05:00:00,25.586562,85.043586,SO2,6,7,6
India,Bihar,Patna,"Muradpur, Patna - BSPCB",30-07-2026 05:00:00,25.619651,85.147382,PM2.5,28,64,50
India,Bihar,Patna,"Muradpur, Patna - BSPCB",30-07-2026 05:00:00,25.619651,85.147382,PM10,42,75,61
India,Bihar,Patna,"Muradpur, Patna - BSPCB",30-07-2026 05:00:00,25.619651,85.147382,NO2,5,5,5
India,Bihar,Patna,"Muradpur, Patna - BSPCB",30-07-2026 05:00:00,25.619651,85.147382,CO,47,55,51
India,Bihar,Patna,"Samanpura, Patna - BSPCB",30-07-2026 05:00:00,25.596727,85.085624,PM2.5,58,141,78
India,Bihar,Patna,"Samanpura, Patna - BSPCB",30-07-2026 05:00:00,25.596727,85.085624,PM10,68,100,88
India,Chhattisgarh,Kunjemura,"OP Jindal School, Kunjemura - CECB",30-07-2026 05:00:00,22.12665,83.483212,NO2,9,23,14
India,Chhattisgarh,Milupara,"Govt. Higher Secondary School, Milupara - CECB",30-07-2026 05:00:00,22.1910172,83.5197009,PM2.5,NA,NA,NA
India,Chhattisgarh,Milupara,"Govt. Higher Secondary School, Milupara - CECB",30-07-2026 05:00:00,22.1910172,83.5197009,PM10,NA,NA,NA
India,Chhattisgarh,Milupara,"Govt. Higher Secondary School, Milupara - CECB",30-07-2026 05:00:00,22.1910172,83.5197009,NO2,NA,NA,NA
India,Chhattisgarh,Raipur,"Krishak Nagar, Raipur - CECB",30-07-2026 05:00:00,21.237755,81.705301,PM2.5,5,29,15
India,Chandigarh,Chandigarh,"Sector 22, Chandigarh - CPCC",30-07-2026 05:00:00,30.735567,76.775714,OZONE,2,6,4
India,Chandigarh,Chandigarh,"Sector-25, Chandigarh - CPCC",30-07-2026 05:00:00,30.751462,76.762879,CO,16,37,25
India,Chhattisgarh,Bhilai,"Civic Center, Bhilai - Bhilai Steel Plant",30-07-2026 05:00:00,21.185571,81.343175,NH3,1,2,1
India,Bihar,Kishanganj,"SDM Office_Khagra, Kishanganj - BSPCB",30-07-2026 05:00:00,26.0881305,87.93840336,OZONE,32,33,33
India,Bihar,Manguraha,"Forest Rest House, Manguraha - BSPCB",30-07-2026 05:00:00,27.308328,84.531742,OZONE,29,35,32
India,Chhattisgarh,Bhilai,"32Bungalows, Bhilai - CECB",30-07-2026 05:00:00,21.194815,81.31477,NH3,5,7,6
India,Delhi,Delhi,"Najafgarh, Delhi - DPCC",30-07-2026 05:00:00,28.570173,76.933762,CO,32,42,37
India,Delhi,Delhi,"Najafgarh, Delhi - DPCC",30-07-2026 05:00:00,28.570173,76.933762,OZONE,12,18,13
India,Delhi,Delhi,"Jawaharlal Nehru Stadium, Delhi - DPCC",30-07-2026 05:00:00,28.58028,77.233829,SO2,7,14,10
India,Delhi,Delhi,"Jawaharlal Nehru Stadium, Delhi - DPCC",30-07-2026 05:00:00,28.58028,77.233829,OZONE,19,21,20
India,Delhi,Delhi,"Patparganj, Delhi - DPCC",30-07-2026 05:00:00,28.623763,77.287209,NH3,7,9,8
India,Delhi,Delhi,"Patparganj, Delhi - DPCC",30-07-2026 05:00:00,28.623763,77.287209,CO,23,97,53
India,Delhi,Delhi,"Nehru Nagar, Delhi - DPCC",30-07-2026 05:00:00,28.56789,77.250515,PM10,83,190,126
India,Delhi,Delhi,"Sri Aurobindo Marg, Delhi - DPCC",30-07-2026 05:00:00,28.531346,77.190156,OZONE,5,10,7
India,Delhi,Delhi,"IHBAS, Dilshad Garden, Delhi - CPCB",30-07-2026 05:00:00,28.6811736,77.3025234,NH3,6,7,6
India,Delhi,Delhi,"Jahangirpuri, Delhi - DPCC",30-07-2026 05:00:00,28.73282,77.170633,PM2.5,55,352,222
India,Delhi,Delhi,"Jahangirpuri, Delhi - DPCC",30-07-2026 05:00:00,28.73282,77.170633,NH3,10,12,11
India,Delhi,Delhi,"Vivek Vihar, Delhi - DPCC",30-07-2026 05:00:00,28.672342,77.31526,PM10,75,177,119
India,Delhi,Delhi,"Vivek Vihar, Delhi - DPCC",30-07-2026 05:00:00,28.672342,77.31526,NO2,33,83,55
India,Delhi,Delhi,"Vivek Vihar, Delhi - DPCC",30-07-2026 05:00:00,28.672342,77.31526,NH3,8,9,8
India,Delhi,Delhi,"Vivek Vihar, Delhi - DPCC",30-07-2026 05:00:00,28.672342,77.31526,CO,8,69,35
India,Delhi,Delhi,"Vivek Vihar, Delhi - DPCC",30-07-2026 05:00:00,28.672342,77.31526,OZONE,16,31,24
India,Delhi,Delhi,"CRRI Mathura Road, Delhi - IITM",30-07-2026 05:00:00,28.5512005,77.2735737,SO2,NA,NA,NA
India,Delhi,Delhi,"Burari Crossing, Delhi - IITM",30-07-2026 05:00:00,28.7256504,77.2011573,PM2.5,50,285,92
India,Delhi,Delhi,"Burari Crossing, Delhi - IITM",30-07-2026 05:00:00,28.7256504,77.2011573,PM10,62,195,104
India,Delhi,Delhi,"Burari Crossing, Delhi - IITM",30-07-2026 05:00:00,28.7256504,77.2011573,SO2,NA,NA,NA
India,Delhi,Delhi,"Burari Crossing, Delhi - IITM",30-07-2026 05:00:00,28.7256504,77.2011573,CO,26,65,46
India,Delhi,Delhi,"IMD Lodhi Road, Delhi - IITM",30-07-2026 05:00:00,28.5918245,77.2273074,SO2,NA,NA,NA
India,Delhi,Delhi,"IMD Lodhi Road, Delhi - IITM",30-07-2026 05:00:00,28.5918245,77.2273074,OZONE,7,15,11
India,Delhi,Delhi,"JNU, Delhi - DPCC",30-07-2026 05:00:00,28.540721,77.168544,NH3,NA,NA,NA
India,Delhi,Delhi,"JNU, Delhi - DPCC",30-07-2026 05:00:00,28.540721,77.168544,SO2,1,2,1
India,Delhi,Delhi,"JNU, Delhi - DPCC",30-07-2026 05:00:00,28.540721,77.168544,OZONE,12,14,13
India,Delhi,Delhi,"Alipur, Delhi - DPCC",30-07-2026 05:00:00,28.815329,77.15301,NO2,46,86,59
India,Delhi,Delhi,"North Campus, DU, Delhi - IITM",30-07-2026 05:00:00,28.6573814,77.1585447,NO2,26,34,31
India,Delhi,Delhi,"R K Puram, Delhi - DPCC",30-07-2026 05:00:00,28.563262,77.186937,PM2.5,28,120,58
India,Delhi,Delhi,"R K Puram, Delhi - DPCC",30-07-2026 05:00:00,28.563262,77.186937,NH3,1,3,1
India,Delhi,Delhi,"R K Puram, Delhi - DPCC",30-07-2026 05:00:00,28.563262,77.186937,OZONE,14,14,14
India,Delhi,Delhi,"IIT Delhi, Delhi - IITM",30-07-2026 05:00:00,28.54246,77.191651,PM10,65,152,114
India,Delhi,Delhi,"IIT Delhi, Delhi - IITM",30-07-2026 05:00:00,28.54246,77.191651,SO2,NA,NA,NA
India,Delhi,Delhi,"Dwarka-Sector 8, Delhi - DPCC ",30-07-2026 05:00:00,28.5710274,77.0719006,CO,34,65,48
India,Delhi,Delhi,"DTU, Delhi - CPCB",30-07-2026 05:00:00,28.7500499,77.1112615,SO2,31,40,36
India,Delhi,Delhi,"Ashok Vihar, Delhi - DPCC",30-07-2026 05:00:00,28.695381,77.181665,NH3,0,17,6
India,Delhi,Delhi,"Ashok Vihar, Delhi - DPCC",30-07-2026 05:00:00,28.695381,77.181665,OZONE,16,19,18
India,Delhi,Delhi,"Wazirpur, Delhi - DPCC",30-07-2026 05:00:00,28.699793,77.165453,PM10,147,336,216
India,Delhi,Delhi,"Wazirpur, Delhi - DPCC",30-07-2026 05:00:00,28.699793,77.165453,NO2,19,227,53
India,Delhi,Delhi,"Najafgarh, Delhi - DPCC",30-07-2026 05:00:00,28.570173,76.933762,PM2.5,5,140,63
India,Delhi,Delhi,"Rohini, Delhi - DPCC",30-07-2026 05:00:00,28.732528,77.11992,NH3,6,16,11
India,Delhi,Delhi,"Rohini, Delhi - DPCC",30-07-2026 05:00:00,28.732528,77.11992,CO,46,97,72
India,Delhi,Delhi,"Okhla Phase-2, Delhi - DPCC",30-07-2026 05:00:00,28.530785,77.271255,SO2,5,10,7
India,Delhi,Delhi,"Bawana, Delhi - DPCC",30-07-2026 05:00:00,28.7762,77.051074,NH3,3,11,5
India,Delhi,Delhi,"Sonia Vihar, Delhi - DPCC",30-07-2026 05:00:00,28.710508,77.249485,PM10,86,157,121
India,Delhi,Delhi,"Sonia Vihar, Delhi - DPCC",30-07-2026 05:00:00,28.710508,77.249485,NO2,2,82,43
India,Delhi,Delhi,"Major Dhyan Chand National Stadium, Delhi - DPCC",30-07-2026 05:00:00,28.611281,77.237738,NO2,30,75,48
India,Delhi,Delhi,"Major Dhyan Chand National Stadium, Delhi - DPCC",30-07-2026 05:00:00,28.611281,77.237738,CO,12,87,53
India,Delhi,Delhi,"Cantonment Area, Delhi - DPCC",30-07-2026 05:00:00,28.594169,77.1251,NO2,8,24,16
India,Delhi,Delhi,"Cantonment Area, Delhi - DPCC",30-07-2026 05:00:00,28.594169,77.1251,SO2,1,3,2
India,Delhi,Delhi,"Sirifort, Delhi - CPCB",30-07-2026 05:00:00,28.5504249,77.2159377,OZONE,19,21,20
India,Delhi,Delhi,"Chandni Chowk, Delhi - IITM",30-07-2026 05:00:00,28.656756,77.227234,PM10,90,183,125
India,Delhi,Delhi,"Chandni Chowk, Delhi - IITM",30-07-2026 05:00:00,28.656756,77.227234,OZONE,11,82,34
India,Delhi,Delhi,"Pusa, Delhi - IITM",30-07-2026 05:00:00,28.63611,77.173332,PM2.5,31,136,61
India,Delhi,Delhi,"Pusa, Delhi - IITM",30-07-2026 05:00:00,28.63611,77.173332,PM10,41,122,86
India,Delhi,Delhi,"IGI Airport (T3), Delhi - IITM",30-07-2026 05:00:00,28.5627763,77.1180053,NO2,34,122,64
India,Delhi,Delhi,"IGI Airport (T3), Delhi - IITM",30-07-2026 05:00:00,28.5627763,77.1180053,SO2,NA,NA,NA
India,Delhi,Delhi,"IGI Airport (T3), Delhi - IITM",30-07-2026 05:00:00,28.5627763,77.1180053,CO,41,64,50
India,Delhi,Delhi,"IGI Airport (T3), Delhi - IITM",30-07-2026 05:00:00,28.5627763,77.1180053,OZONE,26,56,35
India,Chhattisgarh,Raipur,"Siltara Phase-II, Raipur - CECB",30-07-2026 05:00:00,21.371751,81.664929,NH3,2,2,2
India,Chhattisgarh,Raipur,"Siltara Phase-II, Raipur - CECB",30-07-2026 05:00:00,21.371751,81.664929,OZONE,3,5,5
India,Chhattisgarh,Raipur,"AIIMS, Raipur - CECB",30-07-2026 05:00:00,21.258815,81.578979,NH3,4,4,4
India,Chhattisgarh,Tumidih,"OP Jindal Industrial Park, Tumidih - CECB",30-07-2026 05:00:00,22.06631475,83.33820077,NO2,7,43,21
India,Delhi,Delhi,"ITO, Delhi - CPCB",30-07-2026 05:00:00,28.628624,77.24106,OZONE,15,22,17
India,Delhi,Delhi,"NSUT Jaffarpur, Delhi - DPCC",30-07-2026 05:00:00,28.594004,76.909423,NH3,1,9,4
India,Delhi,Delhi,"NSUT Jaffarpur, Delhi - DPCC",30-07-2026 05:00:00,28.594004,76.909423,CO,66,86,74
India,Delhi,Delhi,"Shadipur, Delhi - CPCB",30-07-2026 05:00:00,28.6514781,77.1473105,NH3,6,11,8
India,Delhi,Delhi,"Mandir Marg, Delhi - DPCC",30-07-2026 05:00:00,28.636429,77.201067,PM10,75,125,105
India,Delhi,Delhi,"Pusa, Delhi - DPCC",30-07-2026 05:00:00,28.639652,77.146275,NO2,26,77,44
India,Delhi,Delhi,"Commonwealth Sports Complex, Delhi - DPCC",30-07-2026 05:00:00,28.615828,77.271992,NH3,0,1,0
India,Delhi,Delhi,"Commonwealth Sports Complex, Delhi - DPCC",30-07-2026 05:00:00,28.615828,77.271992,SO2,5,8,6
India,Delhi,Delhi,"Commonwealth Sports Complex, Delhi - DPCC",30-07-2026 05:00:00,28.615828,77.271992,OZONE,4,9,7
India,Delhi,Delhi,"Aya Nagar, Delhi - IITM",30-07-2026 05:00:00,28.4706914,77.1099364,PM10,41,134,78
India,Delhi,Delhi,"Aya Nagar, Delhi - IITM",30-07-2026 05:00:00,28.4706914,77.1099364,CO,35,45,41
India,Haryana,Bhiwani,"H.B. Colony, Bhiwani - HSPCB",30-07-2026 05:00:00,28.806223,76.141105,PM10,5,91,52
India,Haryana,Bhiwani,"H.B. Colony, Bhiwani - HSPCB",30-07-2026 05:00:00,28.806223,76.141105,NO2,7,10,8
India,Haryana,Bhiwani,"H.B. Colony, Bhiwani - HSPCB",30-07-2026 05:00:00,28.806223,76.141105,CO,11,24,20
India,Haryana,Bhiwani,"H.B. Colony, Bhiwani - HSPCB",30-07-2026 05:00:00,28.806223,76.141105,OZONE,7,19,14
India,Haryana,Charkhi Dadri,"Mini Secretariat, Charkhi Dadri - HSPCB",30-07-2026 05:00:00,28.593883,76.270653,PM10,37,194,79
India,Haryana,Charkhi Dadri,"Mini Secretariat, Charkhi Dadri - HSPCB",30-07-2026 05:00:00,28.593883,76.270653,NO2,9,26,15
India,Haryana,Charkhi Dadri,"Mini Secretariat, Charkhi Dadri - HSPCB",30-07-2026 05:00:00,28.593883,76.270653,OZONE,18,21,19
India,Haryana,Dharuhera,"Municipal Corporation Office, Dharuhera -  HSPCB",30-07-2026 05:00:00,28.2068,76.7997,PM10,57,114,91
India,Haryana,Dharuhera,"Municipal Corporation Office, Dharuhera -  HSPCB",30-07-2026 05:00:00,28.2068,76.7997,SO2,6,15,10
India,Haryana,Faridabad,"Sector 11, Faridabad - HSPCB",30-07-2026 05:00:00,28.376058,77.315741,PM2.5,23,322,139
India,Haryana,Faridabad,"Sector 11, Faridabad - HSPCB",30-07-2026 05:00:00,28.376058,77.315741,NH3,8,9,9
India,Haryana,Faridabad,"Sector 11, Faridabad - HSPCB",30-07-2026 05:00:00,28.376058,77.315741,CO,56,89,71
India,Haryana,Faridabad,"Sector 11, Faridabad - HSPCB",30-07-2026 05:00:00,28.376058,77.315741,OZONE,16,17,16
India,Haryana,Faridabad,"Sector 30, Faridabad - HSPCB",30-07-2026 05:00:00,28.4417,77.3217,PM2.5,28,29,29
India,Haryana,Gurugram,"Teri Gram, Gurugram - HSPCB",30-07-2026 05:00:00,28.4275,77.1465,PM2.5,46,450,173
India,Haryana,Gurugram,"Teri Gram, Gurugram - HSPCB",30-07-2026 05:00:00,28.4275,77.1465,NH3,4,10,5
India,Haryana,Mandikhera,"General Hospital, Mandikhera(Nuh) - HSPCB",30-07-2026 05:00:00,27.9002,76.9938,CO,32,33,33
India,Haryana,Manesar,"Sector-2 IMT, Manesar - HSPCB",30-07-2026 05:00:00,28.360699,76.93609,CO,21,50,32
India,Haryana,Manesar,"Sector-2 IMT, Manesar - HSPCB",30-07-2026 05:00:00,28.360699,76.93609,OZONE,5,11,7
India,Haryana,Narnaul,"Shastri Nagar, Narnaul - HSPCB",30-07-2026 05:00:00,28.060249,76.113115,CO,20,23,22
India,Haryana,Palwal,"Shyam Nagar, Palwal - HSPCB",30-07-2026 05:00:00,28.1485564,77.3320667,PM10,53,86,77
India,Haryana,Palwal,"Shyam Nagar, Palwal - HSPCB",30-07-2026 05:00:00,28.1485564,77.3320667,NH3,6,10,9
India,Haryana,Panchgaon,"Amity University, Panchgaon - IITM",30-07-2026 05:00:00,28.3153,76.9143,PM10,20,71,39
India,Haryana,Panchgaon,"Amity University, Panchgaon - IITM",30-07-2026 05:00:00,28.3153,76.9143,NO2,0,5,2
India,Haryana,Panchgaon,"Amity University, Panchgaon - IITM",30-07-2026 05:00:00,28.3153,76.9143,OZONE,3,14,7
India,Haryana,Panchkula,"Sector-6, Panchkula - HSPCB ",30-07-2026 05:00:00,30.7057778,76.8531805555555,PM10,NA,NA,NA
India,Haryana,Panipat,"Sector-18, Panipat - HSPCB",30-07-2026 05:00:00,29.432304,76.972765,NH3,NA,NA,NA
India,Delhi,Delhi,"Narela, Delhi - DPCC",30-07-2026 05:00:00,28.822836,77.101981,PM2.5,40,170,86
India,Delhi,Delhi,"Narela, Delhi - DPCC",30-07-2026 05:00:00,28.822836,77.101981,NO2,5,53,21
India,Delhi,Delhi,"Narela, Delhi - DPCC",30-07-2026 05:00:00,28.822836,77.101981,CO,23,53,37
India,Gujarat,Ahmedabad,"SVPI Airport Hansol, Ahmedabad - IITM",30-07-2026 05:00:00,23.076793,72.627874,NH3,1,2,2
India,Gujarat,Ahmedabad,"Rakhial, Ahmedabad - IITM",30-07-2026 05:00:00,23.016834,72.625775,PM2.5,NA,NA,NA
India,Gujarat,Ahmedabad,"Maninagar, Ahmedabad - GPCB",30-07-2026 05:00:00,23.002657,72.591912,CO,52,108,94
India,Gujarat,Ahmedabad,"Gyaspur, Ahmedabad - IITM",30-07-2026 05:00:00,22.977134,72.553024,NO2,21,35,28
India,Gujarat,Ahmedabad,"Gyaspur, Ahmedabad - IITM",30-07-2026 05:00:00,22.977134,72.553024,OZONE,5,8,7
India,Gujarat,Ahmedabad,"SAC ISRO Satellite, Ahmedabad - IITM",30-07-2026 05:00:00,23.023389,72.515201,NO2,8,11,9
India,Gujarat,Ahmedabad,"SAC ISRO Satellite, Ahmedabad - IITM",30-07-2026 05:00:00,23.023389,72.515201,NH3,1,3,2
India,Gujarat,Ahmedabad,"SAC ISRO Satellite, Ahmedabad - IITM",30-07-2026 05:00:00,23.023389,72.515201,OZONE,12,30,22
India,Gujarat,Ahmedabad,"Raikhad, Ahmedabad - IITM",30-07-2026 05:00:00,23.020509,72.579261,CO,34,79,48
India,Gujarat,Vadodara,"Bapunagar, Vadodara - Nexteng Enviro",30-07-2026 05:00:00,22.320153,73.216285,NO2,12,21,15
India,Gujarat,Vadodara,"Bapunagar, Vadodara - Nexteng Enviro",30-07-2026 05:00:00,22.320153,73.216285,SO2,8,10,9
India,Gujarat,Vapi,"Phase-1 GIDC, Vapi - GPCB",30-07-2026 05:00:00,20.362421,72.918013,CO,NA,NA,NA
India,Gujarat,Vatva,"Phase-4 GIDC, Vatva - GPCB",30-07-2026 05:00:00,22.969611,72.6435,NO2,23,40,31
India,Gujarat,Vatva,"Phase-4 GIDC, Vatva - GPCB",30-07-2026 05:00:00,22.969611,72.6435,CO,30,56,40
India,Haryana,Ambala,"Patti Mehar, Ambala - HSPCB",30-07-2026 05:00:00,30.379589,76.778328,SO2,22,69,51
India,Haryana,Ambala,"Patti Mehar, Ambala - HSPCB",30-07-2026 05:00:00,30.379589,76.778328,OZONE,28,73,45
India,Haryana,Bahadurgarh,"Arya Nagar, Bahadurgarh - HSPCB",30-07-2026 05:00:00,28.6701,76.9254,CO,25,28,27
India,Haryana,Ballabgarh,"Nathu Colony, Ballabgarh - HSPCB",30-07-2026 05:00:00,28.3419248,77.319699,SO2,2,4,3
India,Haryana,Ballabgarh,"Nathu Colony, Ballabgarh - HSPCB",30-07-2026 05:00:00,28.3419248,77.319699,OZONE,5,36,18
India,Gujarat,Gandhinagar,"GIFT City, Gandhinagar - IITM",30-07-2026 05:00:00,23.163798,72.677768,NH3,1,2,1
India,Gujarat,Gandhinagar,"GIFT City, Gandhinagar - IITM",30-07-2026 05:00:00,23.163798,72.677768,OZONE,4,8,6
India,Gujarat,Mehsana,"Sadanand Nagar, Mehsana - Nexteng Enviro",30-07-2026 05:00:00,23.59315,72.372792,PM2.5,37,168,80
India,Gujarat,Mehsana,"Sadanand Nagar, Mehsana - Nexteng Enviro",30-07-2026 05:00:00,23.59315,72.372792,CO,45,48,47
India,Gujarat,Nandesari,"GIDC, Nandesari - Nandesari Ind. Association",30-07-2026 05:00:00,22.410802,73.097923,PM10,42,106,71
India,Gujarat,Rajkot,"Mavdi, Rajkot - Nexteng Enviro ",30-07-2026 05:00:00,22.248853,70.776774,PM2.5,31,60,46
India,Gujarat,Rajkot,"Mavdi, Rajkot - Nexteng Enviro ",30-07-2026 05:00:00,22.248853,70.776774,PM10,51,80,64
India,Gujarat,Rajkot,"Mavdi, Rajkot - Nexteng Enviro ",30-07-2026 05:00:00,22.248853,70.776774,SO2,9,12,11
India,Haryana,Gurugram,"Sector-51, Gurugram - HSPCB",30-07-2026 05:00:00,28.4227,77.0667,NO2,NA,NA,NA
India,Haryana,Gurugram,"Sector-51, Gurugram - HSPCB",30-07-2026 05:00:00,28.4227,77.0667,NH3,NA,NA,NA
India,Haryana,Gurugram,"Sector-51, Gurugram - HSPCB",30-07-2026 05:00:00,28.4227,77.0667,CO,34,40,37
India,Haryana,Hisar,"Urban Estate-II, Hisar - HSPCB",30-07-2026 05:00:00,29.14056,75.744941,NO2,29,72,40
India,Haryana,Hisar,"Urban Estate-II, Hisar - HSPCB",30-07-2026 05:00:00,29.14056,75.744941,OZONE,48,48,48
India,Haryana,Kaithal,"Rishi Nagar, Kaithal - HSPCB",30-07-2026 05:00:00,29.8006,76.4155,PM10,20,129,56
India,Haryana,Kaithal,"Rishi Nagar, Kaithal - HSPCB",30-07-2026 05:00:00,29.8006,76.4155,OZONE,9,15,12
India,Haryana,Kurukshetra,"Sector-7, Kurukshetra - HSPCB",30-07-2026 05:00:00,29.966942,76.875879,SO2,1,13,6
India,Haryana,Gurugram,"Vikas Sadan, Gurugram - HSPCB",30-07-2026 05:00:00,28.4501238,77.0263051,PM10,59,257,123
India,Haryana,Gurugram,"Vikas Sadan, Gurugram - HSPCB",30-07-2026 05:00:00,28.4501238,77.0263051,NO2,2,17,7
India,Haryana,Gurugram,"NISE Gwal Pahari, Gurugram - IITM",30-07-2026 05:00:00,28.422681,77.148944,PM2.5,12,111,61
India,Haryana,Gurugram,"NISE Gwal Pahari, Gurugram - IITM",30-07-2026 05:00:00,28.422681,77.148944,CO,65,74,69
India,Haryana,Gurugram,"Sector-51, Gurugram - HSPCB",30-07-2026 05:00:00,28.4227,77.0667,PM2.5,NA,NA,NA
India,Gujarat,Gandhinagar,"Sector-10, Gandhinagar - GPCB",30-07-2026 05:00:00,23.221714,72.654328,NH3,1,1,1
India,Gujarat,Gandhinagar,"IIPHG Lekawada, Gandhinagar - IITM",30-07-2026 05:00:00,23.243639,72.68994,OZONE,2,2,2
India,Gujarat,Gandhinagar,"GIFT City, Gandhinagar - IITM",30-07-2026 05:00:00,23.163798,72.677768,PM10,88,157,122
India,Gujarat,Ankleshwar,"GIDC, Ankleshwar - GPCB",30-07-2026 05:00:00,21.613267,73.010555,PM2.5,32,54,42
India,Gujarat,Bhavnagar,"Vidhyanagar, Bhavnagar - Nexteng Enviro",30-07-2026 05:00:00,21.755417,72.139056,PM10,31,57,42
India,Gujarat,Bhavnagar,"Vidhyanagar, Bhavnagar - Nexteng Enviro",30-07-2026 05:00:00,21.755417,72.139056,NO2,40,47,43
India,Karnataka,Bagalkot,"Vidayagiri, Bagalkot - KSPCB",30-07-2026 05:00:00,16.172806,75.659694,OZONE,18,18,18
India,Karnataka,Bengaluru,"Bapuji Nagar, Bengaluru - KSPCB",30-07-2026 05:00:00,12.951913,77.539784,PM2.5,15,37,25
India,Karnataka,Bengaluru,"Bapuji Nagar, Bengaluru - KSPCB",30-07-2026 05:00:00,12.951913,77.539784,NH3,3,3,3
India,Karnataka,Bengaluru,"Jigani, Bengaluru - KSPCB",30-07-2026 05:00:00,12.7816279,77.6299145,NH3,4,4,4
India,Karnataka,Bengaluru,"Jigani, Bengaluru - KSPCB",30-07-2026 05:00:00,12.7816279,77.6299145,OZONE,24,25,24
India,Karnataka,Bengaluru,"BTM Layout, Bengaluru - CPCB",30-07-2026 05:00:00,12.9135218,77.5950804,OZONE,23,24,23
India,Karnataka,Bengaluru,"Hebbal, Bengaluru - KSPCB",30-07-2026 05:00:00,13.029152,77.585901,PM10,25,75,45
India,Karnataka,Bengaluru,"Hebbal, Bengaluru - KSPCB",30-07-2026 05:00:00,13.029152,77.585901,NH3,2,2,2
India,Karnataka,Bengaluru,"Jayanagar 5th Block, Bengaluru - KSPCB",30-07-2026 05:00:00,12.920984,77.584908,NO2,NA,NA,NA
India,Karnataka,Bengaluru,"Jayanagar 5th Block, Bengaluru - KSPCB",30-07-2026 05:00:00,12.920984,77.584908,SO2,NA,NA,NA
India,Karnataka,Bengaluru,"Jayanagar 5th Block, Bengaluru - KSPCB",30-07-2026 05:00:00,12.920984,77.584908,OZONE,37,50,40
India,Madhya Pradesh,Gwalior,"Deen Dayal Nagar, Gwalior - MPPCB",30-07-2026 05:00:00,26.259242,78.216432,CO,13,43,24
India,Madhya Pradesh,Gwalior,"Maharaj Bada, Gwalior - MPPCB",30-07-2026 05:00:00,26.200388,78.147714,PM2.5,25,70,50
India,Madhya Pradesh,Gwalior,"Maharaj Bada, Gwalior - MPPCB",30-07-2026 05:00:00,26.200388,78.147714,CO,21,96,46
India,Madhya Pradesh,Indore,"Regional Park, Indore - IMC",30-07-2026 05:00:00,22.678,75.8559,PM2.5,13,48,28
India,Madhya Pradesh,Indore,"Regional Park, Indore - IMC",30-07-2026 05:00:00,22.678,75.8559,CO,1,3,2
India,Madhya Pradesh,Indore,"Regional Park, Indore - IMC",30-07-2026 05:00:00,22.678,75.8559,OZONE,5,5,5
India,Madhya Pradesh,Indore,"Airport Area, Indore - IMC",30-07-2026 05:00:00,22.7289,75.8076,NO2,14,173,26
India,Madhya Pradesh,Indore,"Maguda Nagar, Indore - IMC",30-07-2026 05:00:00,22.7524,75.8872,PM2.5,2,52,25
India,Madhya Pradesh,Indore,"Maguda Nagar, Indore - IMC",30-07-2026 05:00:00,22.7524,75.8872,CO,38,40,39
India,Madhya Pradesh,Indore,"Chhoti Gwaltoli, Indore - MPPCB",30-07-2026 05:00:00,22.431,75.5213,SO2,7,22,16
India,Karnataka,Dharwad,"Kalabhavan, Dharwad - KSPCB",30-07-2026 05:00:00,15.459706,75.008381,PM10,58,100,79
India,Karnataka,Dharwad,"Kalabhavan, Dharwad - KSPCB",30-07-2026 05:00:00,15.459706,75.008381,NO2,23,27,26
India,Karnataka,Dharwad,"Kalabhavan, Dharwad - KSPCB",30-07-2026 05:00:00,15.459706,75.008381,SO2,6,9,7
India,Karnataka,Hubballi,"Lingaraj Nagar, Hubballi - KSPCB",30-07-2026 05:00:00,15.3714823,75.1160168,CO,12,17,14
India,Karnataka,Karwar,"KHB Colony, Karwar - KSPCB",30-07-2026 05:00:00,14.816666,74.141003,NH3,3,5,4
India,Karnataka,Koppal,"Diwator Nagar, Koppal - KSPCB",30-07-2026 05:00:00,15.34763,76.181767,OZONE,5,34,20
India,Karnataka,Mangalore,"Kadri, Mangalore - KSPCB",30-07-2026 05:00:00,12.88925,74.853,NH3,0,11,2
India,Karnataka,Mysuru,"Hebbal 1st Stage, Mysuru - KSPCB",30-07-2026 05:00:00,12.21041,76.37376,PM2.5,10,32,23
India,Karnataka,Mysuru,"Hebbal 1st Stage, Mysuru - KSPCB",30-07-2026 05:00:00,12.21041,76.37376,PM10,28,72,49
India,Madhya Pradesh,Bhopal,"Idgah Hills, Bhopal - MPPCB",30-07-2026 05:00:00,23.264759,77.381568,NO2,9,20,14
India,Madhya Pradesh,Bhopal,"Paryavaran Parisar, Bhopal - MPPCB",30-07-2026 05:00:00,23.210494,77.425409,PM10,17,86,48
India,Madhya Pradesh,Bhopal,"Paryavaran Parisar, Bhopal - MPPCB",30-07-2026 05:00:00,23.210494,77.425409,SO2,4,8,6
India,Madhya Pradesh,Damoh,"Shrivastav Colony, Damoh - MPPCB",30-07-2026 05:00:00,23.81748678,79.446246,PM2.5,3,35,18
India,Madhya Pradesh,Damoh,"Shrivastav Colony, Damoh - MPPCB",30-07-2026 05:00:00,23.81748678,79.446246,PM10,5,31,21
India,Madhya Pradesh,Dewas,"Bhopal Chauraha, Dewas - MPPCB",30-07-2026 05:00:00,22.9682591,76.064118,PM2.5,40,88,65
India,Madhya Pradesh,Dewas,"Bhopal Chauraha, Dewas - MPPCB",30-07-2026 05:00:00,22.9682591,76.064118,PM10,50,107,84
India,Madhya Pradesh,Dewas,"Bhopal Chauraha, Dewas - MPPCB",30-07-2026 05:00:00,22.9682591,76.064118,NH3,3,4,4
India,Madhya Pradesh,Dewas,"Bhopal Chauraha, Dewas - MPPCB",30-07-2026 05:00:00,22.9682591,76.064118,SO2,17,48,31
India,Madhya Pradesh,Gwalior,"Deen Dayal Nagar, Gwalior - MPPCB",30-07-2026 05:00:00,26.259242,78.216432,SO2,2,13,6
India,Karnataka,Tumakuru,"Thimmalapura, Tumakuru - KSPCB",30-07-2026 05:00:00,13.377516,77.099072,NH3,3,3,3
India,Karnataka,Tumakuru,"Thimmalapura, Tumakuru - KSPCB",30-07-2026 05:00:00,13.377516,77.099072,OZONE,26,28,27
India,Karnataka,Vijayapura,"Ibrahimpur, Vijayapura - KSPCB",30-07-2026 05:00:00,16.802639,75.722694,PM2.5,26,28,27
India,Karnataka,Vijayapura,"Ibrahimpur, Vijayapura - KSPCB",30-07-2026 05:00:00,16.802639,75.722694,PM10,42,43,43
India,Karnataka,Vijayapura,"Ibrahimpur, Vijayapura - KSPCB",30-07-2026 05:00:00,16.802639,75.722694,NH3,3,4,4
India,Karnataka,Vijayapura,"Ibrahimpur, Vijayapura - KSPCB",30-07-2026 05:00:00,16.802639,75.722694,CO,11,30,20
India,Kerala,Kannur,"Thavakkara, Kannur - Kerala PCB",30-07-2026 05:00:00,11.875,75.3732,SO2,0,0,0
India,Kerala,Thiruvananthapuram,"Plammoodu, Thiruvananthapuram - Kerala PCB",30-07-2026 05:00:00,8.5149093,76.9435879,NH3,1,1,1
India,Madhya Pradesh,Bhopal,"T T Nagar, Bhopal - MPPCB",30-07-2026 05:00:00,23.233584,77.400574,PM2.5,19,52,36
India,Karnataka,Bengaluru,"Hombegowda Nagar, Bengaluru - KSPCB",30-07-2026 05:00:00,12.938539,77.5901,CO,4,11,7
India,Karnataka,Chamarajanagar,"Urban, Chamarajanagar - KSPCB",30-07-2026 05:00:00,11.55358,76.55521,OZONE,21,27,25
India,Karnataka,Chikkaballapur,"Chikkaballapur Rural, Chikkaballapur - KSPCB",30-07-2026 05:00:00,13.428828,77.731418,NH3,1,1,1
India,Karnataka,Chikkaballapur,"Chikkaballapur Rural, Chikkaballapur - KSPCB",30-07-2026 05:00:00,13.428828,77.731418,SO2,10,18,15
India,Karnataka,Chikkaballapur,"Chikkaballapur Rural, Chikkaballapur - KSPCB",30-07-2026 05:00:00,13.428828,77.731418,OZONE,21,23,22
India,Karnataka,Chikkamagaluru,"Kalyana Nagara, Chikkamagaluru - KSPCB",30-07-2026 05:00:00,13.328028,75.797056,PM2.5,12,25,20
India,Karnataka,Chikkamagaluru,"Kalyana Nagara, Chikkamagaluru - KSPCB",30-07-2026 05:00:00,13.328028,75.797056,PM10,21,36,30
India,Jammu and Kashmir,Pampore,"Khrew, Pampore - JKPCC",30-07-2026 05:00:00,34.031606,75.009712,OZONE,NA,NA,NA
India,Jammu and Kashmir,Srinagar,"Rajbagh, Srinagar - JKPCC",30-07-2026 05:00:00,34.066206,74.81982,OZONE,1,1,1
India,Jharkhand,Dhanbad,"Sardar Patel Nagar, Dhanbad - JSPCB",30-07-2026 05:00:00,23.80569,86.44268,PM2.5,NA,NA,NA
India,Jharkhand,Dhanbad,"Sardar Patel Nagar, Dhanbad - JSPCB",30-07-2026 05:00:00,23.80569,86.44268,CO,3,12,8
India,Jharkhand,Jorapokhar,"Tata Stadium, Jorapokhar - JSPCB",30-07-2026 05:00:00,23.707909,86.41467,SO2,4,4,4
India,Karnataka,Bagalkot,"Vidayagiri, Bagalkot - KSPCB",30-07-2026 05:00:00,16.172806,75.659694,SO2,10,10,10
India,Haryana,Panipat,"Sector-18, Panipat - HSPCB",30-07-2026 05:00:00,29.432304,76.972765,OZONE,56,57,57
India,Haryana,Rohtak,"MD University, Rohtak - HSPCB",30-07-2026 05:00:00,28.52123,76.37138,NO2,8,10,9
India,Haryana,Sirsa,"F-Block, Sirsa - HSPCB",30-07-2026 05:00:00,29.5364,75.0158,NO2,19,22,20
India,Haryana,Sirsa,"F-Block, Sirsa - HSPCB",30-07-2026 05:00:00,29.5364,75.0158,NH3,13,14,13
India,Himachal Pradesh,Baddi,"HIMUDA Complex Phase-1, Baddi - HPPCB",30-07-2026 05:00:00,30.943887,76.801991,SO2,11,31,21
India,Madhya Pradesh,Indore,"Residency Area, Indore - IMC",30-07-2026 05:00:00,22.7084,75.8815,SO2,3,3,3
India,Madhya Pradesh,Jabalpur,"Suhagi, Jabalpur - JMC",30-07-2026 05:00:00,23.218135,79.95777,NH3,3,3,3
India,Madhya Pradesh,Jabalpur,"Suhagi, Jabalpur - JMC",30-07-2026 05:00:00,23.218135,79.95777,OZONE,21,41,31
India,Madhya Pradesh,Maihar,"Sahilara, Maihar - KJS Cements",30-07-2026 05:00:00,24.2613009,80.7231783,NO2,6,7,7
India,Madhya Pradesh,Mandideep,"Sector-D Industrial Area, Mandideep - MPPCB",30-07-2026 05:00:00,23.10844,77.511428,NH3,4,5,5
India,Madhya Pradesh,Pithampur,"Sector-2 Industrial Area, Pithampur - MPPCB",30-07-2026 05:00:00,22.624758,75.675238,PM2.5,45,106,75
India,Madhya Pradesh,Pithampur,"Sector-2 Industrial Area, Pithampur - MPPCB",30-07-2026 05:00:00,22.624758,75.675238,CO,24,25,24
India,Madhya Pradesh,Pithampur,"Sector-2 Industrial Area, Pithampur - MPPCB",30-07-2026 05:00:00,22.624758,75.675238,OZONE,32,42,37
India,Madhya Pradesh,Sagar,"Civil Lines, Sagar - MPPCB",30-07-2026 05:00:00,23.838586,78.759431,SO2,2,6,4
India,Madhya Pradesh,Singrauli,"Suryakiran Bhawan NCL, Singrauli - MPPCB",30-07-2026 05:00:00,24.10897,82.64558,NO2,27,54,40
India,Madhya Pradesh,Singrauli,"Suryakiran Bhawan NCL, Singrauli - MPPCB",30-07-2026 05:00:00,24.10897,82.64558,NH3,4,5,4
India,Madhya Pradesh,Singrauli,"Suryakiran Bhawan NCL, Singrauli - MPPCB",30-07-2026 05:00:00,24.10897,82.64558,SO2,28,75,49
India,Madhya Pradesh,Ujjain,"Mahashweta Nagar, Ujjain - MPPCB",30-07-2026 05:00:00,23.1633321,75.800225,PM2.5,33,116,67
India,Madhya Pradesh,Ujjain,"Mahashweta Nagar, Ujjain - MPPCB",30-07-2026 05:00:00,23.1633321,75.800225,PM10,32,90,67
India,Maharashtra,Ahmednagar,"Tarakpur, Ahmednagar - MPCB",30-07-2026 05:00:00,19.10122,74.73339,OZONE,8,21,14
India,Maharashtra,Akola,"Ramdaspeth, Akola - MPCB",30-07-2026 05:00:00,20.719516,77.000253,OZONE,5,7,6
India,Maharashtra,Ambernath,"Chinchpada, Ambernath - MPCB",30-07-2026 05:00:00,19.215784,73.199781,PM10,69,120,100
India,Maharashtra,Ambernath,"Chinchpada, Ambernath - MPCB",30-07-2026 05:00:00,19.215784,73.199781,SO2,1,5,3
India,Maharashtra,Ambernath,"Chinchpada, Ambernath - MPCB",30-07-2026 05:00:00,19.215784,73.199781,OZONE,3,8,5
India,Maharashtra,Badlapur,"Katrap, Badlapur - MPCB",30-07-2026 05:00:00,19.16485,73.23409,OZONE,6,8,7
India,Maharashtra,Belapur,"CBD Belapur, Belapur - MPCB",30-07-2026 05:00:00,19.0243902,73.0406721,OZONE,2,5,4
India,Maharashtra,Bhiwandi,"Gokul Nagar, Bhiwandi - MPCB",30-07-2026 05:00:00,19.309073,73.057223,PM10,NA,NA,NA
India,Maharashtra,Bhiwandi,"Gokul Nagar, Bhiwandi - MPCB",30-07-2026 05:00:00,19.309073,73.057223,NH3,2,2,2
India,Maharashtra,Chandrapur,"MIDC Khutala, Chandrapur - MPCB",30-07-2026 05:00:00,19.9775302,79.2337086,CO,36,41,39
India,Maharashtra,Chandrapur,"Chauhan Colony, Chandrapur - MPCB",30-07-2026 05:00:00,19.9629,79.298714,NO2,10,11,11
India,Maharashtra,Dhule,"Deopur, Dhule - MPCB",30-07-2026 05:00:00,20.918946,74.776388,NH3,1,2,2
India,Maharashtra,Dhule,"Deopur, Dhule - MPCB",30-07-2026 05:00:00,20.918946,74.776388,CO,6,13,8
India,Maharashtra,Kolhapur,"Shivaji University, Kolhapur - MPCB",30-07-2026 05:00:00,16.6870449,74.2505872,CO,7,28,16
India,Maharashtra,Kolhapur,"Sinchan Bhavan, Kolhapur - MPCB",30-07-2026 05:00:00,16.7143745,74.2426398,PM10,22,52,41
India,Maharashtra,Kolhapur,"Sinchan Bhavan, Kolhapur - MPCB",30-07-2026 05:00:00,16.7143745,74.2426398,NH3,NA,NA,NA
India,Maharashtra,Latur,"Sawe Wadi, Latur - MPCB",30-07-2026 05:00:00,18.39963,76.57452,NO2,6,33,13
India,Maharashtra,Mahad,"Kamble Tarf Birwadi, Mahad - MPCB",30-07-2026 05:00:00,18.1023399,73.4783687,PM2.5,17,53,31
India,Maharashtra,Mahad,"Kamble Tarf Birwadi, Mahad - MPCB",30-07-2026 05:00:00,18.1023399,73.4783687,NH3,3,3,3
India,Maharashtra,Amravati,"Shivneri Colony, Amravati - MPCB",30-07-2026 05:00:00,20.9402359,77.7895248,PM10,26,63,46
India,Maharashtra,Amravati,"Shivneri Colony, Amravati - MPCB",30-07-2026 05:00:00,20.9402359,77.7895248,NO2,3,10,6
India,Maharashtra,Amravati,"Shivneri Colony, Amravati - MPCB",30-07-2026 05:00:00,20.9402359,77.7895248,CO,9,16,12
India,Maharashtra,Aurangabad,"More Chowk Waluj, Aurangabad - MPCB",30-07-2026 05:00:00,19.8389439,75.244448,PM2.5,45,53,50
India,Maharashtra,Badlapur,"Katrap, Badlapur - MPCB",30-07-2026 05:00:00,19.16485,73.23409,PM10,12,13,13
India,Maharashtra,Mumbai,"Kherwadi_Bandra East, Mumbai - MPCB",30-07-2026 05:00:00,19.0632143,72.8456324,NH3,4,4,4
India,Maharashtra,Mumbai,"Kherwadi_Bandra East, Mumbai - MPCB",30-07-2026 05:00:00,19.0632143,72.8456324,CO,22,34,27
India,Maharashtra,Mumbai,"Mazgaon, Mumbai - IITM",30-07-2026 05:00:00,18.96702,72.84214,PM10,66,88,79
India,Maharashtra,Mumbai,"Mazgaon, Mumbai - IITM",30-07-2026 05:00:00,18.96702,72.84214,SO2,8,12,11
India,Maharashtra,Mumbai,"Malad West, Mumbai - IITM",30-07-2026 05:00:00,19.19709,72.82204,PM2.5,4,40,22
India,Maharashtra,Mumbai,"Chembur, Mumbai - MPCB",30-07-2026 05:00:00,19.0364585,72.8954371,NO2,11,24,18
India,Maharashtra,Mumbai,"Kandivali West, Mumbai - BMC",30-07-2026 05:00:00,19.215859,72.831718,PM2.5,18,38,28
India,Maharashtra,Mumbai,"Kandivali West, Mumbai - BMC",30-07-2026 05:00:00,19.215859,72.831718,PM10,20,41,30
India,Maharashtra,Mumbai,"Kandivali West, Mumbai - BMC",30-07-2026 05:00:00,19.215859,72.831718,NO2,7,20,14
India,Maharashtra,Mumbai,"Siddharth Nagar-Worli, Mumbai - IITM",30-07-2026 05:00:00,19.000083,72.813993,PM2.5,2,22,17
India,Maharashtra,Jalgaon,"Prabhat Colony, Jalgaon - MPCB",30-07-2026 05:00:00,21.001264,75.565602,NH3,0,2,1
India,Maharashtra,Kalyan,"Khadakpada, Kalyan - MPCB",30-07-2026 05:00:00,19.25292,73.142019,SO2,NA,NA,NA
India,Maharashtra,Mumbai,"Chakala-Andheri East, Mumbai - IITM",30-07-2026 05:00:00,19.11074,72.86084,PM10,41,77,63
India,Maharashtra,Mumbai,"Chakala-Andheri East, Mumbai - IITM",30-07-2026 05:00:00,19.11074,72.86084,NH3,1,2,1
India,Maharashtra,Mumbai,"Shivaji Nagar, Mumbai - BMC",30-07-2026 05:00:00,19.060498,72.923356,NH3,2,8,3
India,Maharashtra,Pimpri-Chinchwad,"Thergaon, Pimpri Chinchwad - MPCB",30-07-2026 05:00:00,18.616318,73.765797,PM2.5,9,31,18
India,Maharashtra,Pimpri-Chinchwad,"Gavalinagar, Pimpri Chinchwad - MPCB",30-07-2026 05:00:00,18.63673,73.82487,CO,7,14,11
India,Maharashtra,Pimpri-Chinchwad,"Bhosari, Pune - IITM",30-07-2026 05:00:00,18.640051,73.848956,NO2,14,37,25
India,Maharashtra,Pimpri-Chinchwad,"Bhosari, Pune - IITM",30-07-2026 05:00:00,18.640051,73.848956,NH3,NA,NA,NA
India,Maharashtra,Pimpri-Chinchwad,"Bhosari, Pune - IITM",30-07-2026 05:00:00,18.640051,73.848956,CO,16,26,20
India,Maharashtra,Pune,"Savitribai Phule Pune University, Pune - MPCB",30-07-2026 05:00:00,18.547056,73.826908,NH3,1,2,1
India,Maharashtra,Pune,"Savitribai Phule Pune University, Pune - MPCB",30-07-2026 05:00:00,18.547056,73.826908,SO2,1,7,4
India,Maharashtra,Pune,"Revenue Colony-Shivajinagar, Pune - IITM",30-07-2026 05:00:00,18.530085,73.849598,PM10,56,94,76
India,Maharashtra,Pune,"Revenue Colony-Shivajinagar, Pune - IITM",30-07-2026 05:00:00,18.530085,73.849598,NH3,NA,NA,NA
India,Maharashtra,Pune,"Revenue Colony-Shivajinagar, Pune - IITM",30-07-2026 05:00:00,18.530085,73.849598,CO,35,56,46
India,Maharashtra,Pune,"Mhada Colony, Pune - IITM",30-07-2026 05:00:00,18.57304,73.927715,PM2.5,24,59,45
India,Maharashtra,Pune,"Mhada Colony, Pune - IITM",30-07-2026 05:00:00,18.57304,73.927715,CO,30,54,39
India,Maharashtra,Pune,"Dhankawadi, Pune - IITM",30-07-2026 05:00:00,18.459883,73.852193,OZONE,9,20,14
India,Maharashtra,Pune,"Katraj Dairy, Pune - MPCB",30-07-2026 05:00:00,18.45445,73.854155,PM10,34,70,54
India,Maharashtra,Nagpur,"Ambazari, Nagpur - MPCB",30-07-2026 05:00:00,21.121801,79.04952,PM2.5,20,49,33
India,Maharashtra,Nagpur,"Ambazari, Nagpur - MPCB",30-07-2026 05:00:00,21.121801,79.04952,NH3,NA,NA,NA
India,Maharashtra,Nagpur,"Ambazari, Nagpur - MPCB",30-07-2026 05:00:00,21.121801,79.04952,SO2,3,7,5
India,Maharashtra,Nagpur,"Ram Nagar, Nagpur - MPCB",30-07-2026 05:00:00,21.143383,79.048912,SO2,0,1,1
India,Maharashtra,Nagpur,"Ram Nagar, Nagpur - MPCB",30-07-2026 05:00:00,21.143383,79.048912,CO,11,13,12
India,Maharashtra,Nagpur,"Mahal, Nagpur - MPCB",30-07-2026 05:00:00,21.14472,79.107595,PM2.5,21,44,33
India,Maharashtra,Nagpur,"Mahal, Nagpur - MPCB",30-07-2026 05:00:00,21.14472,79.107595,PM10,19,42,29
India,Maharashtra,Nanded,"Sneh Nagar, Nanded - MPCB",30-07-2026 05:00:00,19.173852,77.296291,SO2,3,11,4
India,Maharashtra,Nashik,"MIDC Ambad, Nashik - MPCB",30-07-2026 05:00:00,19.95022,73.73148,NO2,4,6,5
India,Maharashtra,Nashik,"Pandav Nagari, Nashik - MPCB",30-07-2026 05:00:00,19.9591346,73.7788008,PM2.5,8,34,21
India,Maharashtra,Navi Mumbai,"Sanpada, Navi Mumbai - MPCB",30-07-2026 05:00:00,19.0575752,73.0151367,PM10,47,70,61
India,Maharashtra,Pune,"Katraj Dairy, Pune - MPCB",30-07-2026 05:00:00,18.45445,73.854155,CO,18,43,30
India,Maharashtra,Sangli,"Vijay Nagar, Sangli - MPCB",30-07-2026 05:00:00,16.5038,74.3623,PM2.5,19,32,26
India,Maharashtra,Sangli,"Vijay Nagar, Sangli - MPCB",30-07-2026 05:00:00,16.5038,74.3623,PM10,33,57,43
India,Maharashtra,Satara,"Koyana Nagar, Satara - MPCB",30-07-2026 05:00:00,17.696651,74.003387,NH3,1,2,1
India,Maharashtra,Satara,"Koyana Nagar, Satara - MPCB",30-07-2026 05:00:00,17.696651,74.003387,OZONE,19,32,24
India,Maharashtra,Solapur,"Ratandeep Housing Society, Solapur - MPCB",30-07-2026 05:00:00,17.65439,75.90649,SO2,2,3,3
India,Maharashtra,Solapur,"Dnyaneshwar Nagar, Solapur - MPCB",30-07-2026 05:00:00,17.6336264,75.9132495,CO,4,9,5
India,Maharashtra,Navi Mumbai,"Tondare-Taloja, Navi Mumbai - MPCB",30-07-2026 05:00:00,19.063,73.1209,PM2.5,21,60,42
India,Maharashtra,Parbhani,"Masoom Colony, Parbhani - MPCB",30-07-2026 05:00:00,19.265594,76.761463,PM2.5,11,32,21
India,Maharashtra,Parbhani,"Masoom Colony, Parbhani - MPCB",30-07-2026 05:00:00,19.265594,76.761463,NO2,24,32,28
India,Maharashtra,Pimpri-Chinchwad,"Park Street Wakad, Pimpri Chinchwad - MPCB",30-07-2026 05:00:00,18.59051,73.77946,NH3,1,2,2
India,Maharashtra,Pimpri-Chinchwad,"Park Street Wakad, Pimpri Chinchwad - MPCB",30-07-2026 05:00:00,18.59051,73.77946,SO2,2,8,3
India,Maharashtra,Pimpri-Chinchwad,"Park Street Wakad, Pimpri Chinchwad - MPCB",30-07-2026 05:00:00,18.59051,73.77946,OZONE,13,15,14
India,Maharashtra,Pimpri-Chinchwad,"Transport Nagar-Nigdi, Pune - IITM",30-07-2026 05:00:00,18.664282,73.763966,PM2.5,21,55,38
India,Maharashtra,Mumbai,"Byculla, Mumbai - BMC",30-07-2026 05:00:00,18.9767,72.838,CO,29,34,32
India,Maharashtra,Mumbai,"Khindipada-Bhandup West, Mumbai - IITM",30-07-2026 05:00:00,19.1653323,72.922099,PM2.5,5,47,26
India,Maharashtra,Mumbai,"Khindipada-Bhandup West, Mumbai - IITM",30-07-2026 05:00:00,19.1653323,72.922099,SO2,6,14,12
India,Maharashtra,Mumbai,"Khindipada-Bhandup West, Mumbai - IITM",30-07-2026 05:00:00,19.1653323,72.922099,CO,16,27,22
India,Maharashtra,Mumbai,"Khindipada-Bhandup West, Mumbai - IITM",30-07-2026 05:00:00,19.1653323,72.922099,OZONE,10,19,15
India,Maharashtra,Mumbai,"Mindspace-Malad West, Mumbai - MPCB",30-07-2026 05:00:00,19.1878657,72.8304069,PM2.5,14,28,21
India,Maharashtra,Mumbai,"Borivali East, Mumbai - IITM",30-07-2026 05:00:00,19.23241,72.86895,NH3,1,2,1
India,Maharashtra,Mumbai,"Borivali East, Mumbai - IITM",30-07-2026 05:00:00,19.23241,72.86895,SO2,NA,NA,NA
India,Maharashtra,Mumbai,"Borivali East, Mumbai - IITM",30-07-2026 05:00:00,19.23241,72.86895,CO,31,44,37
India,Maharashtra,Mumbai,"Worli, Mumbai - MPCB",30-07-2026 05:00:00,18.9936162,72.8128113,PM10,68,112,95
India,Maharashtra,Mumbai,"Worli, Mumbai - MPCB",30-07-2026 05:00:00,18.9936162,72.8128113,CO,36,38,37
India,Maharashtra,Mumbai,"Bandra Kurla Complex, Mumbai - IITM",30-07-2026 05:00:00,19.053536,72.84643,NH3,1,6,2
India,Maharashtra,Navi Mumbai,"Sector-2E Kalamboli, Navi Mumbai - MPCB",30-07-2026 05:00:00,19.02579,73.10297,CO,11,19,14
India,Maharashtra,Navi Mumbai,"Nerul, Navi Mumbai - MPCB",30-07-2026 05:00:00,19.008751,73.01662,NH3,1,1,1
India,Maharashtra,Navi Mumbai,"Kopripada-Vashi, Navi Mumbai - MPCB",30-07-2026 05:00:00,19.090337,73.014232,NH3,4,6,5
India,Maharashtra,Navi Mumbai,"Kopripada-Vashi, Navi Mumbai - MPCB",30-07-2026 05:00:00,19.090337,73.014232,CO,21,44,30
India,Maharashtra,Mumbai,"Bandra Kurla Complex, Mumbai - MPCB",30-07-2026 05:00:00,19.065931,72.862131,SO2,2,3,3
India,Maharashtra,Mumbai,"Navy Nagar-Colaba, Mumbai - IITM",30-07-2026 05:00:00,18.897756,72.81332,CO,23,24,24
India,Maharashtra,Mumbai,"Sewri, Mumbai - BMC",30-07-2026 05:00:00,19.000084,72.85673,NO2,NA,NA,NA
India,Maharashtra,Mumbai,"Sion, Mumbai - MPCB",30-07-2026 05:00:00,19.047,72.8746,PM10,16,65,25
India,Maharashtra,Mumbai,"Powai, Mumbai - MPCB",30-07-2026 05:00:00,19.1375,72.915056,PM2.5,0,16,8
India,Maharashtra,Mumbai,"Kurla, Mumbai - MPCB",30-07-2026 05:00:00,19.0863,72.8888,PM10,51,114,84
India,Maharashtra,Ulhasnagar,"Sidhi Vinayak Nagar, Ulhasnagar - MPCB",30-07-2026 05:00:00,19.235581,73.159121,NO2,NA,NA,NA
India,Maharashtra,Ulhasnagar,"Vithalwadi, Ulhasnagar - MPCB",30-07-2026 05:00:00,19.2307571,73.155192,NO2,3,11,6
India,Maharashtra,Ulhasnagar,"Vithalwadi, Ulhasnagar - MPCB",30-07-2026 05:00:00,19.2307571,73.155192,NH3,0,1,1
India,Maharashtra,Ulhasnagar,"Vithalwadi, Ulhasnagar - MPCB",30-07-2026 05:00:00,19.2307571,73.155192,CO,14,26,18
India,Maharashtra,Virar,"Bolinj, Virar - MPCB",30-07-2026 05:00:00,19.445821,72.7988231,PM2.5,20,33,27
India,Meghalaya,Byrnihat,"15th Mile-Nongthymmai, Byrnihat -Meghalaya PCB",30-07-2026 05:00:00,26.079047,91.875185,PM10,12,178,64
India,Meghalaya,Shillong,"JN Stadium, Shillong - Meghalaya PCB",30-07-2026 05:00:00,25.5803419,91.8942571,CO,9,28,19
India,Meghalaya,Shillong,"JN Stadium, Shillong - Meghalaya PCB",30-07-2026 05:00:00,25.5803419,91.8942571,OZONE,7,11,9
India,Mizoram,Aizawl,"Sikulpuikawn, Aizawl - Mizoram PCB",30-07-2026 05:00:00,23.7176342,92.7192841,NH3,0,0,0
India,Mizoram,Aizawl,"Sikulpuikawn, Aizawl - Mizoram PCB",30-07-2026 05:00:00,23.7176342,92.7192841,CO,3,4,3
India,Nagaland,Kohima,"PWD Junction, Kohima - NPCB",30-07-2026 05:00:00,25.6635413,94.0989878,PM2.5,5,28,18
India,Nagaland,Kohima,"PWD Junction, Kohima - NPCB",30-07-2026 05:00:00,25.6635413,94.0989878,PM10,5,24,15
India,Nagaland,Kohima,"PWD Junction, Kohima - NPCB",30-07-2026 05:00:00,25.6635413,94.0989878,CO,3,6,5
India,Odisha,Angul,"Hakimapada, Angul - OSPCB",30-07-2026 05:00:00,20.832874,85.104082,PM2.5,3,78,17
India,Odisha,Barbil,"Forest Office, Barbil - OSPCB",30-07-2026 05:00:00,22.1166054,85.3945546,NH3,1,2,2
India,Odisha,Barbil,"Forest Office, Barbil - OSPCB",30-07-2026 05:00:00,22.1166054,85.3945546,OZONE,13,36,29
India,Odisha,Baripada,"Meher Colony, Baripada - OSPCB",30-07-2026 05:00:00,21.941841,86.728318,PM10,7,45,27
India,Odisha,Baripada,"Meher Colony, Baripada - OSPCB",30-07-2026 05:00:00,21.941841,86.728318,CO,7,24,14
India,Odisha,Bhubaneswar,"Lingraj Mandir, Bhubaneswar - OSPCB",30-07-2026 05:00:00,20.24079,85.836784,PM2.5,10,37,23
India,Odisha,Bhubaneswar,"Lingraj Mandir, Bhubaneswar - OSPCB",30-07-2026 05:00:00,20.24079,85.836784,NH3,1,10,2
India,Odisha,Bhubaneswar,"Patia, Bhubaneswar - OSPCB",30-07-2026 05:00:00,20.34652,85.8163,NH3,2,2,2
India,Odisha,Bhubaneswar,"Patia, Bhubaneswar - OSPCB",30-07-2026 05:00:00,20.34652,85.8163,CO,24,41,32
India,Odisha,Bileipada,"Tata Township, Bileipada - OSPCB",30-07-2026 05:00:00,22.06156703,85.47409613,PM2.5,18,33,22
India,Odisha,Bileipada,"Tata Township, Bileipada - OSPCB",30-07-2026 05:00:00,22.06156703,85.47409613,PM10,24,60,41
India,Odisha,Bileipada,"Tata Township, Bileipada - OSPCB",30-07-2026 05:00:00,22.06156703,85.47409613,CO,21,22,22
India,Odisha,Brajrajnagar,"GM Office, Brajrajnagar - OSPCB",30-07-2026 05:00:00,21.8004996,83.8396977,PM2.5,1,16,8
India,Odisha,Byasanagar,"Ferro Chrome Colony, Byasanagar - OSPCB",30-07-2026 05:00:00,20.94185,86.1151,PM2.5,10,65,32
India,Odisha,Byasanagar,"Ferro Chrome Colony, Byasanagar - OSPCB",30-07-2026 05:00:00,20.94185,86.1151,CO,37,39,38
India,Odisha,Keonjhar,"Jagamohanpur, Keonjhar - OSPCB",30-07-2026 05:00:00,21.6439,85.599355,PM10,22,43,33
India,Odisha,Rairangpur,"Divisional Forest Office, Rairangpur - OSPCB",30-07-2026 05:00:00,22.265816,86.174829,PM10,8,28,19
India,Odisha,Rairangpur,"Divisional Forest Office, Rairangpur - OSPCB",30-07-2026 05:00:00,22.265816,86.174829,OZONE,5,9,7
India,Odisha,Rourkela,"Raghunathpali, Rourkela - OSPCB",30-07-2026 05:00:00,22.220833,84.809444,SO2,2,6,4
India,Odisha,Rourkela,"Raghunathpali, Rourkela - OSPCB",30-07-2026 05:00:00,22.220833,84.809444,CO,12,97,34
India,Odisha,Rourkela,"Sector-2, Rourkela - OSPCB",30-07-2026 05:00:00,22.245,84.88111111,CO,11,11,11
India,Odisha,Suakati,"OMC Colony, Suakati - OSPCB",30-07-2026 05:00:00,21.606865,85.510538,PM2.5,13,29,21
India,Odisha,Talcher,"Talcher Coalfields,Talcher - OSPCB",30-07-2026 05:00:00,20.9360711,85.1707021,NO2,27,103,63
India,Odisha,Tensa,"Barsua Iron Ore Mines, Tensa - OSPCB",30-07-2026 05:00:00,21.869985,85.167016,PM2.5,8,9,8
India,Odisha,Tensa,"Barsua Iron Ore Mines, Tensa - OSPCB",30-07-2026 05:00:00,21.869985,85.167016,NO2,82,398,170
India,Odisha,Tensa,"Barsua Iron Ore Mines, Tensa - OSPCB",30-07-2026 05:00:00,21.869985,85.167016,SO2,2,31,18
India,Puducherry,Puducherry,"Jawahar Nagar, Puducherry - PPCC",30-07-2026 05:00:00,11.9309,79.8027,PM2.5,15,36,22
India,Puducherry,Puducherry,"Jawahar Nagar, Puducherry - PPCC",30-07-2026 05:00:00,11.9309,79.8027,NH3,2,7,4
India,Punjab,Amritsar,"Golden Temple, Amritsar - PPCB",30-07-2026 05:00:00,31.62,74.876512,SO2,11,19,14
India,Punjab,Amritsar,"Golden Temple, Amritsar - PPCB",30-07-2026 05:00:00,31.62,74.876512,OZONE,14,17,16
India,Punjab,Ludhiana,"Punjab Agricultural University, Ludhiana - PPCB",30-07-2026 05:00:00,30.9028,75.8086,PM2.5,33,70,44
India,Punjab,Ludhiana,"Punjab Agricultural University, Ludhiana - PPCB",30-07-2026 05:00:00,30.9028,75.8086,NO2,37,44,41
India,Punjab,Ludhiana,"Punjab Agricultural University, Ludhiana - PPCB",30-07-2026 05:00:00,30.9028,75.8086,OZONE,29,34,31
India,Punjab,Mandi Gobindgarh,"RIMT University, Mandi Gobindgarh - PPCB",30-07-2026 05:00:00,30.649961,76.331442,OZONE,36,37,37
India,Punjab,Patiala,"Model Town, Patiala - PPCB",30-07-2026 05:00:00,30.349388,76.366642,SO2,2,21,8
India,Punjab,Rupnagar,"Ratanpura, Rupnagar - Ambuja Cements",30-07-2026 05:00:00,31.0325454,76.5623046,PM2.5,NA,NA,NA
India,Rajasthan,Alwar,"Moti Doongri, Alwar - RSPCB",30-07-2026 05:00:00,27.554793,76.611536,PM2.5,49,156,84
India,Rajasthan,Alwar,"Vigyan Nagar, Alwar - RSPCB",30-07-2026 05:00:00,27.598796,76.63861,PM2.5,61,164,80
India,Rajasthan,Alwar,"Vigyan Nagar, Alwar - RSPCB",30-07-2026 05:00:00,27.598796,76.63861,NO2,9,19,13
India,Rajasthan,Baran,"Bamboliya, Baran - RSPCB",30-07-2026 05:00:00,25.106006,76.469948,PM2.5,3,20,10
India,Rajasthan,Barmer,"Railway Colony, Barmer - RSPCB",30-07-2026 05:00:00,25.747299,71.393989,PM2.5,32,67,45
India,Rajasthan,Barmer,"Railway Colony, Barmer - RSPCB",30-07-2026 05:00:00,25.747299,71.393989,NO2,2,13,6
India,Rajasthan,Bharatpur,"Krishna Nagar, Bharatpur - RSPCB",30-07-2026 05:00:00,27.215415,77.50873,OZONE,17,38,28
India,Rajasthan,Bhilwara,"Pratap Nagar, Bhilwara - RSPCB",30-07-2026 05:00:00,25.339605,74.618883,NO2,6,44,16
India,Rajasthan,Bhilwara,"Pratap Nagar, Bhilwara - RSPCB",30-07-2026 05:00:00,25.339605,74.618883,OZONE,25,35,29
India,Rajasthan,Bhiwadi,"RIICO Ind. Area III, Bhiwadi - RSPCB",30-07-2026 05:00:00,28.194909,76.862296,NH3,4,12,7
India,Rajasthan,Chittorgarh,"Shastri Nagar, Chittorgarh - RSPCB",30-07-2026 05:00:00,24.892047,74.623527,PM10,47,145,100
India,Rajasthan,Churu,"Subash Chowk, Churu - RSPCB",30-07-2026 05:00:00,28.296139,74.961696,PM10,22,125,87
India,Rajasthan,Churu,"Subash Chowk, Churu - RSPCB",30-07-2026 05:00:00,28.296139,74.961696,OZONE,4,54,16
India,Rajasthan,Dausa,"Khatikan Mohalla, Dausa - RSPCB",30-07-2026 05:00:00,26.895552,76.334753,NO2,8,47,23
India,Rajasthan,Bhiwadi,"RIICO Ind. Area III, Bhiwadi - RSPCB",30-07-2026 05:00:00,28.194909,76.862296,OZONE,5,8,7
India,Rajasthan,Bhiwadi,"Vasundhara Nagar_UIT, Bhiwadi - RSPCB",30-07-2026 05:00:00,28.207266,76.829265,SO2,4,8,6
India,Rajasthan,Jaipur,"Mansarovar Sector-12, Jaipur - RSPCB",30-07-2026 05:00:00,26.843698,75.766894,SO2,4,5,5
India,Rajasthan,Jaipur,"Mansarovar Sector-12, Jaipur - RSPCB",30-07-2026 05:00:00,26.843698,75.766894,OZONE,16,22,18
India,Rajasthan,Jaipur,"Adarsh Nagar, Jaipur - RSPCB",30-07-2026 05:00:00,26.902909,75.836858,NO2,37,77,50
India,Rajasthan,Jaipur,"Adarsh Nagar, Jaipur - RSPCB",30-07-2026 05:00:00,26.902909,75.836858,CO,42,107,82
India,Rajasthan,Jaisalmer,"Sadar Bazar, Jaisalmer - RSPCB",30-07-2026 05:00:00,26.912329,70.909168,PM2.5,28,62,41
India,Rajasthan,Jaisalmer,"Sadar Bazar, Jaisalmer - RSPCB",30-07-2026 05:00:00,26.912329,70.909168,PM10,55,230,94
India,Rajasthan,Jaisalmer,"Sadar Bazar, Jaisalmer - RSPCB",30-07-2026 05:00:00,26.912329,70.909168,OZONE,5,15,10
India,Rajasthan,Jalore,"Mudtra Sili, Jalore - RSPCB",30-07-2026 05:00:00,25.344694,72.626208,PM10,89,115,104
India,Rajasthan,Jalore,"Mudtra Sili, Jalore - RSPCB",30-07-2026 05:00:00,25.344694,72.626208,OZONE,14,36,24
India,Rajasthan,Jhalawar,"Rajlaxmi Nagar, Jhalawar - RSPCB",30-07-2026 05:00:00,24.588397,76.172782,PM2.5,22,83,36
India,Rajasthan,Jhunjhunu,"Indra Nagar, Jhunjhunu - RSPCB",30-07-2026 05:00:00,28.108988,75.386577,NH3,5,13,8
India,Rajasthan,Jhunjhunu,"Indra Nagar, Jhunjhunu - RSPCB",30-07-2026 05:00:00,28.108988,75.386577,OZONE,14,88,53
India,Rajasthan,Jodhpur,"Mandor, Jodhpur - RSPCB",30-07-2026 05:00:00,26.358805,73.047444,SO2,2,5,2
India,Rajasthan,Jodhpur,"Samrat Ashok Udhyan, Jodhpur - RSPCB",30-07-2026 05:00:00,26.253384,72.976571,PM2.5,25,48,36
India,Rajasthan,Jodhpur,"Samrat Ashok Udhyan, Jodhpur - RSPCB",30-07-2026 05:00:00,26.253384,72.976571,CO,8,14,10
India,Rajasthan,Jodhpur,"Collectorate, Jodhpur - RSPCB",30-07-2026 05:00:00,26.268249,73.0193853,PM10,83,118,102
India,Rajasthan,Jodhpur,"Jhalamand, Jodhpur - RSPCB",30-07-2026 05:00:00,26.215415,73.070156,PM2.5,42,60,49
India,Rajasthan,Jodhpur,"Jhalamand, Jodhpur - RSPCB",30-07-2026 05:00:00,26.215415,73.070156,PM10,103,169,122
India,Sikkim,Gangtok,"Zero Point GICI, Gangtok - SSPCB",30-07-2026 05:00:00,27.33853,88.614099,NH3,1,1,1
India,Tamil Nadu,Chennai,"Royapuram, Chennai - TNPCB",30-07-2026 05:00:00,13.1036,80.2909,NO2,12,15,14
India,Tamil Nadu,Chennai,"Royapuram, Chennai - TNPCB",30-07-2026 05:00:00,13.1036,80.2909,NH3,4,4,4
India,Tamil Nadu,Chennai,"Velachery Res. Area, Chennai - CPCB",30-07-2026 05:00:00,13.0052189,80.2398125,OZONE,6,8,7
India,Tamil Nadu,Chennai,"Manali, Chennai - CPCB",30-07-2026 05:00:00,13.164544,80.26285,NH3,6,7,6
India,Tamil Nadu,Chennai,"Manali, Chennai - CPCB",30-07-2026 05:00:00,13.164544,80.26285,SO2,6,113,23
India,Tamil Nadu,Chennai,"Arumbakkam, Chennai - TNPCB",30-07-2026 05:00:00,13.0664,80.2112,PM2.5,20,46,33
India,Tamil Nadu,Chennai,"Arumbakkam, Chennai - TNPCB",30-07-2026 05:00:00,13.0664,80.2112,NO2,11,22,17
India,Tamil Nadu,Chennai,"Arumbakkam, Chennai - TNPCB",30-07-2026 05:00:00,13.0664,80.2112,SO2,1,2,2
India,Tamil Nadu,Chennai,"Arumbakkam, Chennai - TNPCB",30-07-2026 05:00:00,13.0664,80.2112,CO,NA,NA,NA
India,Tamil Nadu,Chennai,"Arumbakkam, Chennai - TNPCB",30-07-2026 05:00:00,13.0664,80.2112,OZONE,NA,NA,NA
India,Tamil Nadu,Chennai,"Kodungaiyur, Chennai - TNPCB",30-07-2026 05:00:00,13.1278,80.2642,PM10,30,121,65
India,Tamil Nadu,Chennai,"Kodungaiyur, Chennai - TNPCB",30-07-2026 05:00:00,13.1278,80.2642,SO2,5,7,6
India,Tamil Nadu,Chennai,"Perungudi, Chennai - TNPCB",30-07-2026 05:00:00,12.9533,80.2357,PM2.5,2,53,14
India,Tamil Nadu,Coimbatore,"SIDCO Kurichi, Coimbatore - TNPCB",30-07-2026 05:00:00,10.942451,76.978996,PM10,NA,NA,NA
India,Tamil Nadu,Cuddalore,"Semmandalam, Cuddalore - TNPCB",30-07-2026 05:00:00,11.7637683,79.7499835,PM2.5,NA,NA,NA
India,Tamil Nadu,Cuddalore,"Semmandalam, Cuddalore - TNPCB",30-07-2026 05:00:00,11.7637683,79.7499835,NH3,NA,NA,NA
India,Tamil Nadu,Cuddalore,"Kudikadu, Cuddalore - TNPCB",30-07-2026 05:00:00,11.6829898,79.7532099,CO,NA,NA,NA
India,Telangana,Hyderabad,"Kokapet, Hyderabad - TSPCB",30-07-2026 05:00:00,17.393559,78.339194,SO2,5,9,7
India,Telangana,Hyderabad,"Kokapet, Hyderabad - TSPCB",30-07-2026 05:00:00,17.393559,78.339194,CO,17,23,19
India,Telangana,Hyderabad,"Kokapet, Hyderabad - TSPCB",30-07-2026 05:00:00,17.393559,78.339194,OZONE,12,15,13
India,Telangana,Hyderabad,"ECIL Kapra, Hyderabad - TSPCB",30-07-2026 05:00:00,17.470431,78.566959,CO,12,21,15
India,Telangana,Hyderabad,"Somajiguda, Hyderabad - TSPCB",30-07-2026 05:00:00,17.417094,78.457437,NH3,2,3,2
India,Rajasthan,Karauli,"Satyawati Vihar, Karauli - RSPCB",30-07-2026 05:00:00,26.506177,77.025989,NH3,5,9,8
India,Rajasthan,Karauli,"Satyawati Vihar, Karauli - RSPCB",30-07-2026 05:00:00,26.506177,77.025989,OZONE,3,5,4
India,Rajasthan,Kota,"Nayapura, Kota - RSPCB",30-07-2026 05:00:00,25.196024,75.855668,PM2.5,5,45,20
India,Rajasthan,Kota,"Dhanmandi, Kota - RSPCB",30-07-2026 05:00:00,25.16409,75.858137,PM2.5,2,40,17
India,Rajasthan,Kota,"Dhanmandi, Kota - RSPCB",30-07-2026 05:00:00,25.16409,75.858137,PM10,16,81,42
India,Rajasthan,Kota,"Dhanmandi, Kota - RSPCB",30-07-2026 05:00:00,25.16409,75.858137,NO2,10,44,27
India,Rajasthan,Kota,"Dhanmandi, Kota - RSPCB",30-07-2026 05:00:00,25.16409,75.858137,SO2,0,7,5
India,Rajasthan,Kota,"Shrinath Puram, Kota - RSPCB",30-07-2026 05:00:00,25.14389,75.821256,OZONE,8,14,10
India,Telangana,Hyderabad,"Kompally Municipal Office, Hyderabad - TSPCB",30-07-2026 05:00:00,17.544899,78.486949,OZONE,9,12,9
India,Telangana,Hyderabad,"Ramachandrapuram, Hyderabad - TSPCB",30-07-2026 05:00:00,17.528544,78.286195,PM2.5,27,40,34
India,Telangana,Hyderabad,"Ramachandrapuram, Hyderabad - TSPCB",30-07-2026 05:00:00,17.528544,78.286195,NO2,10,13,11
India,Telangana,Hyderabad,"Zoo Park, Hyderabad - TSPCB",30-07-2026 05:00:00,17.349694,78.451437,PM10,2,27,18
India,Telangana,Hyderabad,"Nacharam_TSIIC IALA, Hyderabad - TSPCB",30-07-2026 05:00:00,17.429398,78.569354,NO2,10,13,11
India,Telangana,Hyderabad,"Nacharam_TSIIC IALA, Hyderabad - TSPCB",30-07-2026 05:00:00,17.429398,78.569354,NH3,4,5,5
India,Rajasthan,Dausa,"Khatikan Mohalla, Dausa - RSPCB",30-07-2026 05:00:00,26.895552,76.334753,CO,27,43,32
India,Rajasthan,Dholpur,"Raja Ganj, Dholpur - RSPCB",30-07-2026 05:00:00,26.699557,77.898881,CO,24,27,25
India,Rajasthan,Hanumangarh,"Housing Board, Hanumangarh - RSPCB",30-07-2026 05:00:00,29.61075,74.283608,PM10,4,91,57
India,Rajasthan,Jaipur,"Sector-2 Murlipura, Jaipur - RSPCB",30-07-2026 05:00:00,26.960669,75.771817,PM10,42,500,175
India,Rajasthan,Jaipur,"Sector-2 Murlipura, Jaipur - RSPCB",30-07-2026 05:00:00,26.960669,75.771817,SO2,4,11,5
India,Rajasthan,Nagaur,"Karni Colony, Nagaur - RSPCB",30-07-2026 05:00:00,27.213494,73.734444,SO2,1,6,3
India,Rajasthan,Pali,"Indira Colony Vistar, Pali - RSPCB",30-07-2026 05:00:00,25.771061,73.340227,OZONE,7,10,9
India,Rajasthan,Rajsamand,"Dhoinda, Rajsamand - RSPCB",30-07-2026 05:00:00,25.03636,73.883502,OZONE,15,38,26
India,Rajasthan,Sawai Madhopur,"Sahu Nagar, Sawai Madhopur - RSPCB",30-07-2026 05:00:00,26.031443,76.359327,SO2,2,9,7
India,Rajasthan,Sawai Madhopur,"Sahu Nagar, Sawai Madhopur - RSPCB",30-07-2026 05:00:00,26.031443,76.359327,OZONE,6,15,11
India,Rajasthan,Sikar,"Radhakishan Pura, Sikar - RSPCB",30-07-2026 05:00:00,27.608912,75.153302,CO,15,19,16
India,Rajasthan,Tonk,"Shastri Nagar, Tonk - RSPCB",30-07-2026 05:00:00,26.159933,75.780517,NO2,NA,NA,NA
India,Rajasthan,Udaipur,"Ashok Nagar, Udaipur - RSPCB",30-07-2026 05:00:00,24.5886166,73.6321397,OZONE,7,16,12
India,Uttar Pradesh,Meerut,"Ganga Nagar, Meerut - UPPCB",30-07-2026 05:00:00,28.999264,77.7590354,PM2.5,32,94,63
India,Uttar Pradesh,Meerut,"Ganga Nagar, Meerut - UPPCB",30-07-2026 05:00:00,28.999264,77.7590354,SO2,24,28,26
India,Uttar Pradesh,Meerut,"Ganga Nagar, Meerut - UPPCB",30-07-2026 05:00:00,28.999264,77.7590354,OZONE,23,35,26
India,Uttar Pradesh,Meerut,"Jai Bhim Nagar, Meerut - UPPCB",30-07-2026 05:00:00,28.9535882,77.7622941,PM2.5,5,70,37
India,Uttar Pradesh,Meerut,"Jai Bhim Nagar, Meerut - UPPCB",30-07-2026 05:00:00,28.9535882,77.7622941,PM10,27,87,58
India,Uttar Pradesh,Meerut,"Jai Bhim Nagar, Meerut - UPPCB",30-07-2026 05:00:00,28.9535882,77.7622941,SO2,4,10,6
India,Uttar Pradesh,Meerut,"Jai Bhim Nagar, Meerut - UPPCB",30-07-2026 05:00:00,28.9535882,77.7622941,CO,34,44,39
India,Uttar Pradesh,Meerut,"MIET College, Meerut - UPPCB",30-07-2026 05:00:00,28.972677,77.641018,PM2.5,70,145,100
India,Uttar Pradesh,Meerut,"MIET College, Meerut - UPPCB",30-07-2026 05:00:00,28.972677,77.641018,SO2,3,5,4
India,Uttar Pradesh,Modinagar,"SRM University, Modinagar - UPPCB",30-07-2026 05:00:00,28.798171,77.540243,NH3,3,3,3
India,Uttar Pradesh,Moradabad,"Jigar Colony, Moradabad - UPPCB",30-07-2026 05:00:00,28.856664,78.772638,SO2,28,101,80
India,Uttar Pradesh,Moradabad,"Kashiram Nagar, Moradabad - UPPCB",30-07-2026 05:00:00,28.849399,78.742362,NH3,4,4,4
India,Uttar Pradesh,Moradabad,"Employment Office, Moradabad - UPPCB",30-07-2026 05:00:00,28.88528,78.7388,NO2,23,24,23
India,Uttar Pradesh,Moradabad,"Employment Office, Moradabad - UPPCB",30-07-2026 05:00:00,28.88528,78.7388,NH3,3,3,3
India,Uttar Pradesh,Moradabad,"Employment Office, Moradabad - UPPCB",30-07-2026 05:00:00,28.88528,78.7388,SO2,29,31,30
India,Uttar Pradesh,Moradabad,"Employment Office, Moradabad - UPPCB",30-07-2026 05:00:00,28.88528,78.7388,CO,16,19,17
India,Uttar Pradesh,Moradabad,"Eco Herbal Park, Moradabad - UPPCB",30-07-2026 05:00:00,28.840739,78.697531,NO2,17,33,24
India,Uttar Pradesh,Moradabad,"Eco Herbal Park, Moradabad - UPPCB",30-07-2026 05:00:00,28.840739,78.697531,SO2,8,14,11
India,Uttar Pradesh,Greater Noida,"Knowledge Park - V, Greater Noida - UPPCB",30-07-2026 05:00:00,28.557054,77.453663,NO2,17,38,24
India,Uttar Pradesh,Greater Noida,"Knowledge Park - V, Greater Noida - UPPCB",30-07-2026 05:00:00,28.557054,77.453663,NH3,4,5,5
India,Uttar Pradesh,Jhansi,"Shivaji Nagar, Jhansi - UPPCB",30-07-2026 05:00:00,25.4547,78.6039,NO2,6,6,6
India,Uttar Pradesh,Jhansi,"Shivaji Nagar, Jhansi - UPPCB",30-07-2026 05:00:00,25.4547,78.6039,NH3,4,4,4
India,Uttar Pradesh,Kanpur,"NSI Kalyanpur, Kanpur - UPPCB",30-07-2026 05:00:00,26.509954,80.249612,NH3,2,2,2
India,Uttar Pradesh,Kanpur,"NSI Kalyanpur, Kanpur - UPPCB",30-07-2026 05:00:00,26.509954,80.249612,CO,21,25,23
India,Uttar Pradesh,Kanpur,"Nehru Nagar, Kanpur - UPPCB",30-07-2026 05:00:00,26.4703136,80.3229863,NH3,NA,NA,NA
India,Uttar Pradesh,Kanpur,"Nehru Nagar, Kanpur - UPPCB",30-07-2026 05:00:00,26.4703136,80.3229863,SO2,10,12,11
India,Uttar Pradesh,Kanpur,"FTI Kidwai Nagar, Kanpur - UPPCB",30-07-2026 05:00:00,26.428282,80.327067,PM10,16,105,42
India,Uttar Pradesh,Kanpur,"FTI Kidwai Nagar, Kanpur - UPPCB",30-07-2026 05:00:00,26.428282,80.327067,NH3,3,3,3
India,Uttar Pradesh,Khora,"Prashant Garden, Khora - UPPCB",30-07-2026 05:00:00,28.61119,77.34206,CO,90,114,100
India,Uttar Pradesh,Khurja,"Kalindi Kunj, Khurja - UPPCB",30-07-2026 05:00:00,28.2348927,77.8683002,PM2.5,19,58,33
India,Uttar Pradesh,Lucknow,"Gomti Nagar, Lucknow - UPPCB",30-07-2026 05:00:00,26.86812,81.005119,NO2,9,10,10
India,Uttar Pradesh,Lucknow,"Lalbagh, Lucknow - CPCB",30-07-2026 05:00:00,26.8458805,80.9365541,CO,44,66,56
India,Uttar Pradesh,Lucknow,"Lalbagh, Lucknow - CPCB",30-07-2026 05:00:00,26.8458805,80.9365541,OZONE,26,32,29
India,Uttar Pradesh,Agra,"Sector-3B Avas Vikas Colony, Agra - UPPCB",30-07-2026 05:00:00,27.19412,77.96237,PM10,10,97,62
India,Uttar Pradesh,Agra,"Sector-3B Avas Vikas Colony, Agra - UPPCB",30-07-2026 05:00:00,27.19412,77.96237,NO2,35,36,35
India,Uttar Pradesh,Agra,"Sector-3B Avas Vikas Colony, Agra - UPPCB",30-07-2026 05:00:00,27.19412,77.96237,NH3,8,10,9
India,Uttar Pradesh,Agra,"Sector-3B Avas Vikas Colony, Agra - UPPCB",30-07-2026 05:00:00,27.19412,77.96237,CO,10,23,17
India,Uttar Pradesh,Agra,"Rohta, Agra - UPPCB",30-07-2026 05:00:00,27.106972,78.000111,NH3,7,7,7
India,Uttar Pradesh,Baghpat,"Sardar Patel Inter College, Baghpat - UPPCB",30-07-2026 05:00:00,28.964949,77.278761,NH3,2,3,2
India,Uttar Pradesh,Baghpat,"Sardar Patel Inter College, Baghpat - UPPCB",30-07-2026 05:00:00,28.964949,77.278761,OZONE,16,76,33
India,Uttar Pradesh,Bareilly,"Rajendra Nagar, Bareilly - UPPCB",30-07-2026 05:00:00,28.38910936,79.42963708,PM2.5,27,54,41
India,Uttar Pradesh,Bareilly,"Rajendra Nagar, Bareilly - UPPCB",30-07-2026 05:00:00,28.38910936,79.42963708,PM10,39,71,55
India,Uttar Pradesh,Bareilly,"Rajendra Nagar, Bareilly - UPPCB",30-07-2026 05:00:00,28.38910936,79.42963708,CO,25,28,26
India,Uttar Pradesh,Bareilly,"Civil Lines, Bareilly - UPPCB",30-07-2026 05:00:00,28.359581,79.414455,PM2.5,25,44,33
India,Uttar Pradesh,Bareilly,"Civil Lines, Bareilly - UPPCB",30-07-2026 05:00:00,28.359581,79.414455,NH3,0,8,3
India,Uttar Pradesh,Bulandshahr,"Yamunapuram, Bulandshahr - UPPCB",30-07-2026 05:00:00,28.406963,77.849831,PM10,38,103,57
India,Uttar Pradesh,Fatehpur Sikri,"Dadupura, Fatehpur Sikri - UPPCB",30-07-2026 05:00:00,27.097694,77.671335,PM10,28,29,28
India,Uttar Pradesh,Firozabad,"Vibhab Nagar, Firozabad - UPPCB",30-07-2026 05:00:00,27.1594,78.3953,PM10,23,51,34
India,Uttar Pradesh,Gajraula,"Rajanpur, Gajraula - UPPCB",30-07-2026 05:00:00,28.829109,78.248796,PM10,34,213,64
India,Uttar Pradesh,Gajraula,"Rajanpur, Gajraula - UPPCB",30-07-2026 05:00:00,28.829109,78.248796,NH3,1,3,2
India,Uttar Pradesh,Gajraula,"Rajanpur, Gajraula - UPPCB",30-07-2026 05:00:00,28.829109,78.248796,SO2,0,1,0
India,Uttar Pradesh,Gajraula,"Rajanpur, Gajraula - UPPCB",30-07-2026 05:00:00,28.829109,78.248796,CO,8,16,12
India,Uttar Pradesh,Gajraula,"Rajanpur, Gajraula - UPPCB",30-07-2026 05:00:00,28.829109,78.248796,OZONE,1,10,5
India,Uttar Pradesh,Ghaziabad,"Indirapuram, Ghaziabad - UPPCB",30-07-2026 05:00:00,28.646233,77.358075,PM2.5,42,143,82
India,Uttar Pradesh,Ghaziabad,"Indirapuram, Ghaziabad - UPPCB",30-07-2026 05:00:00,28.646233,77.358075,CO,41,70,54
India,Uttar Pradesh,Ghaziabad,"Vasundhara, Ghaziabad - UPPCB",30-07-2026 05:00:00,28.6603346,77.3572563,PM2.5,33,220,112
India,Uttar Pradesh,Ghaziabad,"Vasundhara, Ghaziabad - UPPCB",30-07-2026 05:00:00,28.6603346,77.3572563,NH3,7,9,8
India,Uttar Pradesh,Moradabad,"Buddhi Vihar, Moradabad - UPPCB",30-07-2026 05:00:00,28.83526,78.7446,NO2,28,29,29
India,Uttar Pradesh,Moradabad,"Transport Nagar, Moradabad - UPPCB",30-07-2026 05:00:00,28.802625,78.753728,PM2.5,23,148,52
India,Uttar Pradesh,Moradabad,"Transport Nagar, Moradabad - UPPCB",30-07-2026 05:00:00,28.802625,78.753728,NH3,5,5,5
India,Uttar Pradesh,Moradabad,"Transport Nagar, Moradabad - UPPCB",30-07-2026 05:00:00,28.802625,78.753728,CO,41,73,57
India,Uttar Pradesh,Muzaffarnagar,"New Mandi, Muzaffarnagar - UPPCB",30-07-2026 05:00:00,29.4723508,77.7194031,NH3,1,4,2
India,Uttar Pradesh,Noida,"Sector-116, Noida - UPPCB",30-07-2026 05:00:00,28.56923,77.393848,PM10,91,186,127
India,Uttar Pradesh,Noida,"Sector-116, Noida - UPPCB",30-07-2026 05:00:00,28.56923,77.393848,NO2,23,106,46
India,Uttar Pradesh,Noida,"Sector-116, Noida - UPPCB",30-07-2026 05:00:00,28.56923,77.393848,CO,14,31,23
India,Uttar Pradesh,Noida,"Sector-1, Noida - UPPCB",30-07-2026 05:00:00,28.5898,77.3101,SO2,10,13,11
India,Uttar Pradesh,Ghaziabad,"Sanjay Nagar, Ghaziabad - UPPCB",30-07-2026 05:00:00,28.685382,77.453839,CO,2,72,39
India,Uttar Pradesh,Ghaziabad,"Wave City, Ghaziabad - UPPCB",30-07-2026 05:00:00,28.646675,77.489049,PM2.5,NA,NA,NA
India,Uttar Pradesh,Ghaziabad,"Wave City, Ghaziabad - UPPCB",30-07-2026 05:00:00,28.646675,77.489049,PM10,NA,NA,NA
India,Uttar Pradesh,Ghaziabad,"Wave City, Ghaziabad - UPPCB",30-07-2026 05:00:00,28.646675,77.489049,OZONE,3,4,4
India,Uttar Pradesh,Gorakhpur,"Madan Mohan Malaviya University of Technology, Gorakhpur - UPPCB",30-07-2026 05:00:00,26.730136,83.433859,SO2,42,45,44
India,Uttar Pradesh,Greater Noida,"Knowledge Park - III, Greater Noida - UPPCB",30-07-2026 05:00:00,28.47272,77.482,NH3,8,15,10
India,Telangana,Hyderabad,"Central University, Hyderabad - TSPCB",30-07-2026 05:00:00,17.460103,78.334361,PM2.5,NA,NA,NA
India,Telangana,Hyderabad,"Central University, Hyderabad - TSPCB",30-07-2026 05:00:00,17.460103,78.334361,PM10,NA,NA,NA
India,Telangana,Hyderabad,"IDA Pashamylaram, Hyderabad - TSPCB",30-07-2026 05:00:00,17.5316895,78.218939,PM10,14,50,34
India,Telangana,Hyderabad,"IDA Pashamylaram, Hyderabad - TSPCB",30-07-2026 05:00:00,17.5316895,78.218939,NH3,0,2,1
India,Telangana,Hyderabad,"IDA Pashamylaram, Hyderabad - TSPCB",30-07-2026 05:00:00,17.5316895,78.218939,SO2,2,17,9
India,Telangana,Hyderabad,"IITH Kandi, Hyderabad - TSPCB",30-07-2026 05:00:00,17.585705,78.126199,PM2.5,31,49,39
India,Uttar Pradesh,Agra,"Shastripuram, Agra - UPPCB",30-07-2026 05:00:00,27.19862,77.92066,PM10,38,93,55
India,Uttar Pradesh,Noida,"Sector - 62, Noida - IITM",30-07-2026 05:00:00,28.6245479,77.3577104,SO2,NA,NA,NA
India,Uttar Pradesh,Noida,"Sector - 125, Noida - UPPCB",30-07-2026 05:00:00,28.5447608,77.3231257,PM2.5,20,245,85
India,Uttar Pradesh,Noida,"Sector - 125, Noida - UPPCB",30-07-2026 05:00:00,28.5447608,77.3231257,NO2,11,80,45
India,Uttar Pradesh,Noida,"Sector - 125, Noida - UPPCB",30-07-2026 05:00:00,28.5447608,77.3231257,NH3,3,8,6
India,Uttar Pradesh,Prayagraj,"Jhunsi, Prayagraj - UPPCB",30-07-2026 05:00:00,25.425602,81.917152,PM2.5,14,28,20
India,Uttar Pradesh,Prayagraj,"Jhunsi, Prayagraj - UPPCB",30-07-2026 05:00:00,25.425602,81.917152,NH3,5,6,6
India,Uttar Pradesh,Prayagraj,"Jhunsi, Prayagraj - UPPCB",30-07-2026 05:00:00,25.425602,81.917152,CO,7,17,11
India,Uttar Pradesh,Lucknow,"Kendriya Vidyalaya, Lucknow - CPCB",30-07-2026 05:00:00,26.906111,80.948222,NH3,9,18,14
India,Uttar Pradesh,Lucknow,"Talkatora District Industries Center, Lucknow - CPCB",30-07-2026 05:00:00,26.83399722,80.8917361,PM10,42,96,67
India,Uttar Pradesh,Lucknow,"Talkatora District Industries Center, Lucknow - CPCB",30-07-2026 05:00:00,26.83399722,80.8917361,CO,1,118,50
India,Uttar Pradesh,Meerut,"Pallavpuram Phase 2, Meerut - UPPCB",30-07-2026 05:00:00,29.06351,77.709723,CO,3,45,18
India,Uttar Pradesh,Prayagraj,"Nagar Nigam, Prayagraj - UPPCB",30-07-2026 05:00:00,25.44919916,81.82735986,SO2,13,70,41
India,Uttar Pradesh,Raebareli," Indira Nagar, Raebareli - NTPC Unchahar",30-07-2026 05:00:00,26.207781,81.245571,NH3,7,12,9
India,Uttar Pradesh,Raebareli," Indira Nagar, Raebareli - NTPC Unchahar",30-07-2026 05:00:00,26.207781,81.245571,CO,44,46,45
India,Uttar Pradesh,Shamli,"New Tehsil, Shamli - UPPCB",30-07-2026 05:00:00,29.4603683,77.3410291,CO,5,49,22
India,Uttar Pradesh,Varanasi,"IESD Banaras Hindu University, Varanasi - UPPCB",30-07-2026 05:00:00,25.262326,82.995408,PM10,22,51,37
India,Uttar Pradesh,Varanasi,"Bhelupur, Varanasi - UPPCB",30-07-2026 05:00:00,25.301778,82.996789,PM2.5,30,62,44
India,Uttar Pradesh,Varanasi,"Bhelupur, Varanasi - UPPCB",30-07-2026 05:00:00,25.301778,82.996789,NO2,8,8,8
India,Uttar Pradesh,Varanasi,"Bhelupur, Varanasi - UPPCB",30-07-2026 05:00:00,25.301778,82.996789,SO2,30,40,32
India,Uttar Pradesh,Varanasi,"Ardhali Bazar, Varanasi - UPPCB",30-07-2026 05:00:00,25.3505986,82.9083074,SO2,13,18,17
India,Uttarakhand,Dehradun,"Doon University, Dehradun - UKPCB",30-07-2026 05:00:00,30.269444,78.044167,PM2.5,0,61,33
India,Uttarakhand,Rishikesh,"Shivaji Nagar, Rishikesh - UKPCB",30-07-2026 05:00:00,30.075911,78.2859547,SO2,1,1,1
India,West Bengal,Asansol,"Evelyn Lodge, Asansol - WBPCB",30-07-2026 05:00:00,23.697936,86.944395,PM2.5,3,21,12
India,West Bengal,Asansol,"Evelyn Lodge, Asansol - WBPCB",30-07-2026 05:00:00,23.697936,86.944395,NH3,4,5,4
India,West Bengal,Asansol,"Mahabir Colliery, Asansol - WBPCB",30-07-2026 05:00:00,23.618183,87.105718,NH3,0,0,0
India,West Bengal,Asansol,"Mahabir Colliery, Asansol - WBPCB",30-07-2026 05:00:00,23.618183,87.105718,OZONE,8,10,9
India,West Bengal,Asansol,"Trivenidevi Bhalotia College, Asansol - WBPCB",30-07-2026 05:00:00,23.616515,87.119133,PM10,15,81,31
India,West Bengal,Asansol,"Trivenidevi Bhalotia College, Asansol - WBPCB",30-07-2026 05:00:00,23.616515,87.119133,CO,30,39,34
India,West Bengal,Barrackpore,"SVSPA Campus, Barrackpore - WBPCB",30-07-2026 05:00:00,22.7605581,88.3617589,NH3,6,8,7
India,West Bengal,Barrackpore,"SVSPA Campus, Barrackpore - WBPCB",30-07-2026 05:00:00,22.7605581,88.3617589,SO2,11,11,11
India,West Bengal,Durgapur,"PCBL Residential Complex, Durgapur - WBPCB",30-07-2026 05:00:00,23.508764,87.35444,PM2.5,13,49,27
India,West Bengal,Durgapur,"PCBL Residential Complex, Durgapur - WBPCB",30-07-2026 05:00:00,23.508764,87.35444,PM10,16,55,34
India,West Bengal,Durgapur,"PCBL Residential Complex, Durgapur - WBPCB",30-07-2026 05:00:00,23.508764,87.35444,CO,33,46,39
India,West Bengal,Haldia,"Priyambada Housing Estate, Haldia - WBPCB",30-07-2026 05:00:00,22.06047,88.109737,PM10,22,47,37
India,West Bengal,Haldia,"Priyambada Housing Estate, Haldia - WBPCB",30-07-2026 05:00:00,22.06047,88.109737,CO,23,26,25
India,West Bengal,Howrah,"Padmapukur, Howrah - WBPCB",30-07-2026 05:00:00,22.5687319,88.2797276,PM2.5,11,22,18
India,West Bengal,Howrah,"Padmapukur, Howrah - WBPCB",30-07-2026 05:00:00,22.5687319,88.2797276,PM10,14,45,27
India,West Bengal,Howrah,"Padmapukur, Howrah - WBPCB",30-07-2026 05:00:00,22.5687319,88.2797276,NO2,15,52,30
India,West Bengal,Howrah,"Padmapukur, Howrah - WBPCB",30-07-2026 05:00:00,22.5687319,88.2797276,SO2,2,9,5
India,West Bengal,Howrah,"Dasnagar, Howrah - WBPCB",30-07-2026 05:00:00,22.6025571,88.3105664,PM2.5,2,56,26
India,West Bengal,Howrah,"Belur Math, Howrah - WBPCB",30-07-2026 05:00:00,22.629801,88.352017,PM2.5,15,32,21
India,West Bengal,Howrah,"Belur Math, Howrah - WBPCB",30-07-2026 05:00:00,22.629801,88.352017,SO2,6,8,7
India,West Bengal,Howrah,"Belur Math, Howrah - WBPCB",30-07-2026 05:00:00,22.629801,88.352017,CO,8,14,10
India,West Bengal,Howrah,"Botanical Garden, Howrah - WBPCB",30-07-2026 05:00:00,22.554954,88.292568,PM10,20,56,36
India,West Bengal,Howrah,"Ghusuri, Howrah - WBPCB",30-07-2026 05:00:00,22.611968,88.347422,CO,14,26,19
India,West Bengal,Howrah,"Ghusuri, Howrah - WBPCB",30-07-2026 05:00:00,22.611968,88.347422,OZONE,18,22,20
India,West Bengal,Kolkata,"Fort William, Kolkata - WBPCB",30-07-2026 05:00:00,22.55664,88.342674,PM10,22,36,29
India,West Bengal,Kolkata,"Ballygunge, Kolkata - WBPCB",30-07-2026 05:00:00,22.5367507,88.3638022,PM10,30,51,38
India,West Bengal,Kolkata,"Rabindra Sarobar, Kolkata - WBPCB",30-07-2026 05:00:00,22.51106,88.35142,NO2,12,28,18
India,West Bengal,Kolkata,"Rabindra Sarobar, Kolkata - WBPCB",30-07-2026 05:00:00,22.51106,88.35142,SO2,6,7,6
India,West Bengal,Kolkata,"Jadavpur, Kolkata - WBPCB",30-07-2026 05:00:00,22.49929,88.36917,PM2.5,32,46,36
India,West Bengal,Kolkata,"Jadavpur, Kolkata - WBPCB",30-07-2026 05:00:00,22.49929,88.36917,NH3,12,21,14
India,West Bengal,Kolkata,"Jadavpur, Kolkata - WBPCB",30-07-2026 05:00:00,22.49929,88.36917,SO2,6,7,6
India,West Bengal,Kolkata,"Jadavpur, Kolkata - WBPCB",30-07-2026 05:00:00,22.49929,88.36917,OZONE,11,13,12
India,West Bengal,Kolkata,"Rabindra Bharati University, Kolkata - WBPCB",30-07-2026 05:00:00,22.627847,88.380669,PM10,27,51,37
India,West Bengal,Kolkata,"Rabindra Bharati University, Kolkata - WBPCB",30-07-2026 05:00:00,22.627847,88.380669,OZONE,28,103,48
India,West Bengal,Kolkata,"Victoria, Kolkata - WBPCB",30-07-2026 05:00:00,22.5448082,88.3403691,PM10,80,93,85
India,West Bengal,Kolkata,"Victoria, Kolkata - WBPCB",30-07-2026 05:00:00,22.5448082,88.3403691,SO2,9,24,16
India,West Bengal,Kolkata,"Bidhannagar, Kolkata - WBPCB",30-07-2026 05:00:00,22.58157048,88.41002457,PM10,30,46,36
India,West Bengal,Kolkata,"Bidhannagar, Kolkata - WBPCB",30-07-2026 05:00:00,22.58157048,88.41002457,SO2,5,9,7
India,West Bengal,Siliguri,"Ward-32 Bapupara, Siliguri - WBPCB",30-07-2026 05:00:00,26.6879226,88.4152495,PM10,22,42,33
India,West Bengal,Siliguri,"Ward-32 Bapupara, Siliguri - WBPCB",30-07-2026 05:00:00,26.6879226,88.4152495,NH3,13,16,15
India,West Bengal,Siliguri,"Ward-32 Bapupara, Siliguri - WBPCB",30-07-2026 05:00:00,26.6879226,88.4152495,SO2,12,14,13
India,West Bengal,Siliguri,"Ward-32 Bapupara, Siliguri - WBPCB",30-07-2026 05:00:00,26.6879226,88.4152495,CO,13,41,25
India,West Bengal,Siliguri,"Ward-32 Bapupara, Siliguri - WBPCB",30-07-2026 05:00:00,26.6879226,88.4152495,OZONE,23,26,25
India,Bihar,Bihar Sharif,"D M Colony, Bihar Sharif - BSPCB",30-07-2026 05:00:00,25.204762,85.51496,OZONE,2,3,2
India,Bihar,Buxar,"Charitra Van, Buxar - BSPCB",30-07-2026 05:00:00,25.56752,83.966379,PM2.5,NA,NA,NA
India,Bihar,Chhapra,"Darshan Nagar, Chhapra - BSPCB",30-07-2026 05:00:00,25.7808257,84.7446768,NO2,2,2,2
India,Bihar,Gaya,"SFTI Kusdihra, Gaya - BSPCB",30-07-2026 05:00:00,24.762518,84.982348,CO,18,30,22
India,Bihar,Gaya,"Collectorate, Gaya - BSPCB",30-07-2026 05:00:00,24.7955,84.9994,NO2,8,12,9
India,Bihar,Gaya,"Collectorate, Gaya - BSPCB",30-07-2026 05:00:00,24.7955,84.9994,CO,12,12,12
India,Bihar,Gaya,"Kareemganj, Gaya - BSPCB",30-07-2026 05:00:00,24.792403,84.992416,PM2.5,NA,NA,NA
India,Bihar,Gaya,"Kareemganj, Gaya - BSPCB",30-07-2026 05:00:00,24.792403,84.992416,SO2,37,44,40
India,Bihar,Gaya,"Kareemganj, Gaya - BSPCB",30-07-2026 05:00:00,24.792403,84.992416,CO,38,97,81
India,Bihar,Hajipur,"Industrial Area, Hajipur - BSPCB",30-07-2026 05:00:00,25.697189,85.2459,SO2,4,5,4
India,Bihar,Hajipur,"Industrial Area, Hajipur - BSPCB",30-07-2026 05:00:00,25.697189,85.2459,CO,28,34,32
India,Assam,Nagaon,"Christianpatty, Nagaon - PCBA",30-07-2026 05:00:00,26.349082,92.68449,SO2,1,15,10
India,Assam,Nagaon,"Christianpatty, Nagaon - PCBA",30-07-2026 05:00:00,26.349082,92.68449,CO,10,27,18
India,Assam,Silchar,"Tarapur, Silchar - PCBA",30-07-2026 05:00:00,24.82827,92.79525,PM10,46,58,51
India,Assam,Silchar,"Tarapur, Silchar - PCBA",30-07-2026 05:00:00,24.82827,92.79525,OZONE,2,3,2
India,Bihar,Araria,"Kharahiya Basti, Araria - BSPCB",30-07-2026 05:00:00,26.146529,87.454184,CO,12,13,12
India,Bihar,Aurangabad,"Gurdeo Nagar, Aurangabad - BSPCB",30-07-2026 05:00:00,24.75746,84.366208,OZONE,6,7,6
India,Bihar,Begusarai,"Lohiyanagar, Begusarai - BSPCB",30-07-2026 05:00:00,25.42742023,86.13886079,NH3,15,16,16
India,Bihar,Bettiah,"Kamalnath Nagar, Bettiah - BSPCB",30-07-2026 05:00:00,26.80365,84.51954,PM2.5,23,197,86
India,Andhra Pradesh,Nellore,"Ambedkar Nagar, Nellore - APPCB ",30-07-2026 05:00:00,14.438164,79.966814,PM2.5,34,76,57
India,Andhra Pradesh,Nellore,"Ambedkar Nagar, Nellore - APPCB ",30-07-2026 05:00:00,14.438164,79.966814,NH3,4,7,6
India,Andhra Pradesh,Rajamahendravaram,"Anand Kala Kshetram, Rajamahendravaram - APPCB",30-07-2026 05:00:00,16.9872867,81.7363176,PM2.5,2,37,20
India,Andhra Pradesh,Rajamahendravaram,"Anand Kala Kshetram, Rajamahendravaram - APPCB",30-07-2026 05:00:00,16.9872867,81.7363176,CO,7,17,12
India,Andhra Pradesh,Rajamahendravaram,"Anand Kala Kshetram, Rajamahendravaram - APPCB",30-07-2026 05:00:00,16.9872867,81.7363176,OZONE,4,88,28
India,Andhra Pradesh,Srikakulam,"Chinna Bharatham Colony, Srikakulam - APPCB",30-07-2026 05:00:00,18.292191,83.897173,PM2.5,1,49,31
India,Andhra Pradesh,Srikakulam,"Chinna Bharatham Colony, Srikakulam - APPCB",30-07-2026 05:00:00,18.292191,83.897173,NH3,2,3,2
India,Andhra Pradesh,Srikakulam,"Chinna Bharatham Colony, Srikakulam - APPCB",30-07-2026 05:00:00,18.292191,83.897173,SO2,17,29,20
India,Andhra Pradesh,Tirumala,"Toll Gate, Tirumala - APPCB",30-07-2026 05:00:00,13.67,79.35,CO,NA,NA,NA
India,Andhra Pradesh,Vijayawada,"HB Colony, Vijayawada - APPCB",30-07-2026 05:00:00,16.536107,80.594233,OZONE,12,12,12
India,Andhra Pradesh,Vijayawada,"Rajiv Gandhi Park, Vijayawada - APPCB",30-07-2026 05:00:00,16.509717,80.612222,CO,28,29,28
India,Andhra Pradesh,Vijayawada,"Rajiv Nagar, Vijayawada - APPCB",30-07-2026 05:00:00,16.554731,80.64911,NH3,4,5,4
India,Andhra Pradesh,Vijayawada,"Rajiv Nagar, Vijayawada - APPCB",30-07-2026 05:00:00,16.554731,80.64911,SO2,6,19,11
India,Andhra Pradesh,Vijayawada,"Rajiv Nagar, Vijayawada - APPCB",30-07-2026 05:00:00,16.554731,80.64911,CO,11,14,13
India,Andhra Pradesh,Visakhapatnam,"GVM Corporation, Visakhapatnam - APPCB",30-07-2026 05:00:00,17.72,83.3,SO2,7,34,20
India,Assam,Guwahati,"IITG, Guwahati - PCBA",30-07-2026 05:00:00,26.2028636,91.70046436,NO2,0,3,1
India,Assam,Guwahati,"LGBI Airport, Guwahati - PCBA",30-07-2026 05:00:00,26.10887,91.589544,PM10,19,60,44
India,Assam,Guwahati,"LGBI Airport, Guwahati - PCBA",30-07-2026 05:00:00,26.10887,91.589544,OZONE,33,38,36
India,Assam,Guwahati,"Railway Colony, Guwahati - PCBA",30-07-2026 05:00:00,26.181742,91.78063,OZONE,17,34,26
India,Assam,Nagaon,"Christianpatty, Nagaon - PCBA",30-07-2026 05:00:00,26.349082,92.68449,NO2,1,6,1
India,Andhra Pradesh,Amaravati,"Secretariat, Amaravati - APPCB",30-07-2026 05:00:00,16.5150833,80.5181667,PM2.5,3,28,17
India,Andhra Pradesh,Chittoor,"Gangineni Cheruvu, Chittoor - APPCB",30-07-2026 05:00:00,13.20488,79.097889,NO2,29,37,32
India,Andhra Pradesh,Chittoor,"Gangineni Cheruvu, Chittoor - APPCB",30-07-2026 05:00:00,13.20488,79.097889,NH3,6,7,6
India,Andhra Pradesh,Eluru,"District Court, Eluru - APPCB",30-07-2026 05:00:00,16.711754,81.092095,NH3,3,5,4
India,Andhra Pradesh,Kadapa,"Yerramukkapalli, Kadapa - APPCB",30-07-2026 05:00:00,14.465052,78.824187,SO2,NA,NA,NA
India,Andhra Pradesh,Kadapa,"Yerramukkapalli, Kadapa - APPCB",30-07-2026 05:00:00,14.465052,78.824187,CO,25,25,25
India,Andhra Pradesh,Kakinada,"Rama Rao Peta, Kakinada - APPCB",30-07-2026 05:00:00,16.962488,82.229513,PM10,41,75,59
India,Andhra Pradesh,Machilipatnam,"Srinivas Nagar Colony, Machilipatnam - APPCB",30-07-2026 05:00:00,16.186555,81.13219,PM10,37,70,49
India,Bihar,Bettiah,"Kamalnath Nagar, Bettiah - BSPCB",30-07-2026 05:00:00,26.80365,84.51954,CO,30,38,35
India,Bihar,Bhagalpur,"Mayaganj, Bhagalpur - BSPCB",30-07-2026 05:00:00,25.265194,87.012947,OZONE,3,50,27
India,Bihar,Bettiah,"Kamalnath Nagar, Bettiah - BSPCB",30-07-2026 05:00:00,26.80365,84.51954,NH3,3,3,3
India,Bihar,Manguraha,"Forest Rest House, Manguraha - BSPCB",30-07-2026 05:00:00,27.308328,84.531742,PM2.5,17,500,187
India,Bihar,Manguraha,"Forest Rest House, Manguraha - BSPCB",30-07-2026 05:00:00,27.308328,84.531742,NO2,12,16,14
India,Bihar,Manguraha,"Forest Rest House, Manguraha - BSPCB",30-07-2026 05:00:00,27.308328,84.531742,CO,31,37,34
India,Bihar,Motihari,"Gandak Colony, Motihari - BSPCB",30-07-2026 05:00:00,26.63086,84.90051,NH3,2,2,2
India,Bihar,Munger,"Town Hall, Munger - BSPCB",30-07-2026 05:00:00,25.376776,86.471523,PM2.5,NA,NA,NA
India,Bihar,Munger,"Town Hall, Munger - BSPCB",30-07-2026 05:00:00,25.376776,86.471523,NO2,NA,NA,NA
India,Bihar,Munger,"Town Hall, Munger - BSPCB",30-07-2026 05:00:00,25.376776,86.471523,CO,NA,NA,NA
India,Bihar,Muzaffarpur,"Muzaffarpur Collectorate, Muzaffarpur - BSPCB",30-07-2026 05:00:00,26.1209,85.3647,NO2,15,23,20
India,Bihar,Muzaffarpur,"Muzaffarpur Collectorate, Muzaffarpur - BSPCB",30-07-2026 05:00:00,26.1209,85.3647,NH3,NA,NA,NA
India,Bihar,Muzaffarpur,"Muzaffarpur Collectorate, Muzaffarpur - BSPCB",30-07-2026 05:00:00,26.1209,85.3647,SO2,4,6,5
India,Bihar,Muzaffarpur,"Buddha Colony, Muzaffarpur - BSPCB",30-07-2026 05:00:00,26.11442,85.39813,NO2,16,26,21
India,Bihar,Muzaffarpur,"MIT-Daudpur Kothi, Muzaffarpur - BSPCB",30-07-2026 05:00:00,26.1403345,85.3650192,SO2,11,20,16
India,Bihar,Patna,"Govt. High School Shikarpur, Patna - BSPCB",30-07-2026 05:00:00,25.592539,85.227158,NH3,6,7,6
India,Bihar,Patna,"Govt. High School Shikarpur, Patna - BSPCB",30-07-2026 05:00:00,25.592539,85.227158,SO2,12,13,13
India,Bihar,Patna,"Samanpura, Patna - BSPCB",30-07-2026 05:00:00,25.596727,85.085624,SO2,4,5,5
India,Bihar,Patna,"Samanpura, Patna - BSPCB",30-07-2026 05:00:00,25.596727,85.085624,CO,20,24,22
India,Bihar,Patna,"Samanpura, Patna - BSPCB",30-07-2026 05:00:00,25.596727,85.085624,OZONE,22,24,23
India,Bihar,Purnia,"Mariam Nagar, Purnia - BSPCB",30-07-2026 05:00:00,25.366336,87.117468,NH3,0,1,0
India,Bihar,Rajgir,"Dangi Tola, Rajgir - BSPCB",30-07-2026 05:00:00,25.0328,85.41948,PM10,18,52,34
India,Bihar,Rajgir,"Dangi Tola, Rajgir - BSPCB",30-07-2026 05:00:00,25.0328,85.41948,SO2,2,3,3
India,Bihar,Rajgir,"Dangi Tola, Rajgir - BSPCB",30-07-2026 05:00:00,25.0328,85.41948,CO,35,50,42
India,Bihar,Samastipur,"DM Office_Kasipur, Samastipur - BSPCB",30-07-2026 05:00:00,25.859655,85.77944,NO2,8,8,8
India,Chhattisgarh,Raipur,"Siltara Phase-II, Raipur - CECB",30-07-2026 05:00:00,21.371751,81.664929,PM10,1,109,39
India,Chhattisgarh,Raipur,"Bhatagaon New ISBT, Raipur - CECB",30-07-2026 05:00:00,21.219665,81.630094,SO2,2,4,3
India,Chhattisgarh,Raipur,"Bhatagaon New ISBT, Raipur - CECB",30-07-2026 05:00:00,21.219665,81.630094,CO,12,39,23
India,Chhattisgarh,Raipur,"AIIMS, Raipur - CECB",30-07-2026 05:00:00,21.258815,81.578979,PM10,5,48,28
India,Chhattisgarh,Raipur,"AIIMS, Raipur - CECB",30-07-2026 05:00:00,21.258815,81.578979,NO2,1,16,5
India,Chhattisgarh,Raipur,"AIIMS, Raipur - CECB",30-07-2026 05:00:00,21.258815,81.578979,OZONE,14,17,16
India,Chhattisgarh,Tumidih,"OP Jindal Industrial Park, Tumidih - CECB",30-07-2026 05:00:00,22.06631475,83.33820077,PM10,9,36,16
India,Chhattisgarh,Tumidih,"OP Jindal Industrial Park, Tumidih - CECB",30-07-2026 05:00:00,22.06631475,83.33820077,SO2,5,6,5
India,Delhi,Delhi,"ITO, Delhi - CPCB",30-07-2026 05:00:00,28.628624,77.24106,PM10,76,141,105
India,Bihar,Samastipur,"DM Office_Kasipur, Samastipur - BSPCB",30-07-2026 05:00:00,25.859655,85.77944,OZONE,5,7,6
India,Chandigarh,Chandigarh,"Sector-53, Chandigarh - CPCC",30-07-2026 05:00:00,30.719859,76.738637,NO2,15,91,37
India,Chandigarh,Chandigarh,"Sector 22, Chandigarh - CPCC",30-07-2026 05:00:00,30.735567,76.775714,NO2,4,29,11
India,Chandigarh,Chandigarh,"Sector 22, Chandigarh - CPCC",30-07-2026 05:00:00,30.735567,76.775714,CO,50,64,55
India,Chandigarh,Chandigarh,"Sector-25, Chandigarh - CPCC",30-07-2026 05:00:00,30.751462,76.762879,NO2,1,22,7
India,Bihar,Patna,"IGSC Planetarium Complex, Patna - BSPCB",30-07-2026 05:00:00,25.610369,85.132568,PM10,NA,NA,NA
India,Bihar,Patna,"Rajbansi Nagar, Patna - BSPCB",30-07-2026 05:00:00,25.599486,85.113666,NO2,28,34,31
India,Bihar,Patna,"DRM Office Danapur, Patna - BSPCB",30-07-2026 05:00:00,25.586562,85.043586,NH3,8,9,9
India,Bihar,Patna,"Govt. High School Shikarpur, Patna - BSPCB",30-07-2026 05:00:00,25.592539,85.227158,PM10,39,97,60
India,Chhattisgarh,Bilaspur,"Mangala, Bilaspur - NTPC",30-07-2026 05:00:00,22.08815,82.13737,PM2.5,10,24,15
India,Chhattisgarh,Bilaspur,"Mangala, Bilaspur - NTPC",30-07-2026 05:00:00,22.08815,82.13737,NO2,17,23,20
India,Chhattisgarh,Chhal,"Nawapara SECL Colony, Chhal - CECB",30-07-2026 05:00:00,22.118125,83.140608,NH3,3,3,3
India,Chhattisgarh,Korba,"Rampur, Korba - CECB",30-07-2026 05:00:00,22.368195,82.746431,NO2,2,13,7
India,Chhattisgarh,Kunjemura,"OP Jindal School, Kunjemura - CECB",30-07-2026 05:00:00,22.12665,83.483212,SO2,4,17,12
India,Chhattisgarh,Kunjemura,"OP Jindal School, Kunjemura - CECB",30-07-2026 05:00:00,22.12665,83.483212,CO,19,25,23
India,Chhattisgarh,Raipur,"Krishak Nagar, Raipur - CECB",30-07-2026 05:00:00,21.237755,81.705301,NH3,2,2,2
India,Chhattisgarh,Raipur,"Krishak Nagar, Raipur - CECB",30-07-2026 05:00:00,21.237755,81.705301,CO,4,13,8
India,Chhattisgarh,Bhilai,"Civic Center, Bhilai - Bhilai Steel Plant",30-07-2026 05:00:00,21.185571,81.343175,CO,19,28,23
India,Chhattisgarh,Bhilai,"32Bungalows, Bhilai - CECB",30-07-2026 05:00:00,21.194815,81.31477,PM10,5,17,11
India,Chhattisgarh,Bhilai,"32Bungalows, Bhilai - CECB",30-07-2026 05:00:00,21.194815,81.31477,NO2,6,22,10
India,Bihar,Katihar,"Mirchaibari, Katihar - BSPCB",30-07-2026 05:00:00,25.560083,87.553265,NO2,2,2,2
India,Bihar,Kishanganj,"SDM Office_Khagra, Kishanganj - BSPCB",30-07-2026 05:00:00,26.0881305,87.93840336,NH3,3,3,3
India,Delhi,Delhi,"North Campus, DU, Delhi - IITM",30-07-2026 05:00:00,28.6573814,77.1585447,NH3,NA,NA,NA
India,Delhi,Delhi,"North Campus, DU, Delhi - IITM",30-07-2026 05:00:00,28.6573814,77.1585447,CO,27,104,74
India,Delhi,Delhi,"R K Puram, Delhi - DPCC",30-07-2026 05:00:00,28.563262,77.186937,PM10,50,125,86
India,Delhi,Delhi,"R K Puram, Delhi - DPCC",30-07-2026 05:00:00,28.563262,77.186937,SO2,4,6,5
India,Delhi,Delhi,"IIT Delhi, Delhi - IITM",30-07-2026 05:00:00,28.54246,77.191651,NH3,NA,NA,NA
India,Delhi,Delhi,"IIT Delhi, Delhi - IITM",30-07-2026 05:00:00,28.54246,77.191651,CO,26,91,59
India,Delhi,Delhi,"Dr. Karni Singh Shooting Range, Delhi - DPCC",30-07-2026 05:00:00,28.498571,77.26484,CO,22,70,37
India,Delhi,Delhi,"DTU, Delhi - CPCB",30-07-2026 05:00:00,28.7500499,77.1112615,NO2,6,38,21
India,Delhi,Delhi,"Anand Vihar, Delhi - DPCC",30-07-2026 05:00:00,28.647622,77.315809,PM10,119,266,165
India,Delhi,Delhi,"Anand Vihar, Delhi - DPCC",30-07-2026 05:00:00,28.647622,77.315809,NO2,31,87,54
India,Delhi,Delhi,"Anand Vihar, Delhi - DPCC",30-07-2026 05:00:00,28.647622,77.315809,OZONE,4,6,5
India,Delhi,Delhi,"Ashok Vihar, Delhi - DPCC",30-07-2026 05:00:00,28.695381,77.181665,PM10,114,166,135
India,Delhi,Delhi,"IHBAS, Dilshad Garden, Delhi - CPCB",30-07-2026 05:00:00,28.6811736,77.3025234,OZONE,2,5,3
India,Delhi,Delhi,"Jahangirpuri, Delhi - DPCC",30-07-2026 05:00:00,28.73282,77.170633,PM10,134,334,180
India,Delhi,Delhi,"Jahangirpuri, Delhi - DPCC",30-07-2026 05:00:00,28.73282,77.170633,NO2,20,65,42
India,Delhi,Delhi,"Jahangirpuri, Delhi - DPCC",30-07-2026 05:00:00,28.73282,77.170633,SO2,6,14,10
India,Delhi,Delhi,"Rohini, Delhi - DPCC",30-07-2026 05:00:00,28.732528,77.11992,PM2.5,107,302,177
India,Delhi,Delhi,"Rohini, Delhi - DPCC",30-07-2026 05:00:00,28.732528,77.11992,OZONE,3,4,3
India,Delhi,Delhi,"Okhla Phase-2, Delhi - DPCC",30-07-2026 05:00:00,28.530785,77.271255,PM2.5,32,127,68
India,Delhi,Delhi,"Okhla Phase-2, Delhi - DPCC",30-07-2026 05:00:00,28.530785,77.271255,OZONE,5,8,6
India,Delhi,Delhi,"Bawana, Delhi - DPCC",30-07-2026 05:00:00,28.7762,77.051074,PM10,87,198,124
India,Delhi,Delhi,"Bawana, Delhi - DPCC",30-07-2026 05:00:00,28.7762,77.051074,CO,39,100,69
India,Delhi,Delhi,"Mundka, Delhi - DPCC",30-07-2026 05:00:00,28.684678,77.076574,NH3,9,14,12
India,Delhi,Delhi,"Mundka, Delhi - DPCC",30-07-2026 05:00:00,28.684678,77.076574,CO,51,87,76
India,Delhi,Delhi,"Wazirpur, Delhi - DPCC",30-07-2026 05:00:00,28.699793,77.165453,CO,58,103,86
India,Delhi,Delhi,"Najafgarh, Delhi - DPCC",30-07-2026 05:00:00,28.570173,76.933762,SO2,27,36,31
India,Delhi,Delhi,"Jawaharlal Nehru Stadium, Delhi - DPCC",30-07-2026 05:00:00,28.58028,77.233829,PM2.5,42,103,72
India,Delhi,Delhi,"Jawaharlal Nehru Stadium, Delhi - DPCC",30-07-2026 05:00:00,28.58028,77.233829,NO2,34,73,51
India,Delhi,Delhi,"Patparganj, Delhi - DPCC",30-07-2026 05:00:00,28.623763,77.287209,SO2,3,6,5
India,Delhi,Delhi,"Nehru Nagar, Delhi - DPCC",30-07-2026 05:00:00,28.56789,77.250515,NO2,25,85,48
India,Delhi,Delhi,"Nehru Nagar, Delhi - DPCC",30-07-2026 05:00:00,28.56789,77.250515,SO2,3,110,12
India,Delhi,Delhi,"ITO, Delhi - CPCB",30-07-2026 05:00:00,28.628624,77.24106,NH3,2,7,4
India,Delhi,Delhi,"NSUT Jaffarpur, Delhi - DPCC",30-07-2026 05:00:00,28.594004,76.909423,NO2,7,41,20
India,Delhi,Delhi,"NSUT Jaffarpur, Delhi - DPCC",30-07-2026 05:00:00,28.594004,76.909423,OZONE,10,41,18
India,Delhi,Delhi,"Shadipur, Delhi - CPCB",30-07-2026 05:00:00,28.6514781,77.1473105,PM2.5,38,83,59
India,Delhi,Delhi,"Shadipur, Delhi - CPCB",30-07-2026 05:00:00,28.6514781,77.1473105,NO2,21,46,35
India,Delhi,Delhi,"Pusa, Delhi - DPCC",30-07-2026 05:00:00,28.639652,77.146275,PM10,78,132,103
India,Delhi,Delhi,"IGNOU_Maidan Garhi, Delhi - DPCC",30-07-2026 05:00:00,28.493624,77.201159,NO2,6,18,11
India,Delhi,Delhi,"IGNOU_Maidan Garhi, Delhi - DPCC",30-07-2026 05:00:00,28.493624,77.201159,CO,36,44,41
India,Delhi,Delhi,"IGNOU_Maidan Garhi, Delhi - DPCC",30-07-2026 05:00:00,28.493624,77.201159,OZONE,6,8,7
India,Delhi,Delhi,"Commonwealth Sports Complex, Delhi - DPCC",30-07-2026 05:00:00,28.615828,77.271992,PM10,51,120,87
India,Delhi,Delhi,"CRRI Mathura Road, Delhi - IITM",30-07-2026 05:00:00,28.5512005,77.2735737,OZONE,4,6,5
India,Delhi,Delhi,"Burari Crossing, Delhi - IITM",30-07-2026 05:00:00,28.7256504,77.2011573,OZONE,9,21,12
India,Delhi,Delhi,"IMD Lodhi Road, Delhi - IITM",30-07-2026 05:00:00,28.5918245,77.2273074,PM10,49,122,86
India,Delhi,Delhi,"Pusa, Delhi - DPCC",30-07-2026 05:00:00,28.639652,77.146275,OZONE,8,10,9
India,Delhi,Delhi,"Sirifort, Delhi - CPCB",30-07-2026 05:00:00,28.5504249,77.2159377,NH3,3,7,5
India,Delhi,Delhi,"Sirifort, Delhi - CPCB",30-07-2026 05:00:00,28.5504249,77.2159377,SO2,20,28,23
India,Delhi,Delhi,"Chandni Chowk, Delhi - IITM",30-07-2026 05:00:00,28.656756,77.227234,CO,63,108,85
India,Delhi,Delhi,"Pusa, Delhi - IITM",30-07-2026 05:00:00,28.63611,77.173332,NH3,NA,NA,NA
India,Delhi,Delhi,"Pusa, Delhi - IITM",30-07-2026 05:00:00,28.63611,77.173332,CO,16,69,48
India,Delhi,Delhi,"Talkatora Garden, Delhi - DPCC",30-07-2026 05:00:00,28.62181,77.1944633,SO2,4,7,5
India,Delhi,Delhi,"Aya Nagar, Delhi - IITM",30-07-2026 05:00:00,28.4706914,77.1099364,OZONE,4,11,7
India,Haryana,Charkhi Dadri,"Mini Secretariat, Charkhi Dadri - HSPCB",30-07-2026 05:00:00,28.593883,76.270653,PM2.5,55,374,146
India,Haryana,Charkhi Dadri,"Mini Secretariat, Charkhi Dadri - HSPCB",30-07-2026 05:00:00,28.593883,76.270653,CO,9,25,16
India,Haryana,Dharuhera,"Municipal Corporation Office, Dharuhera -  HSPCB",30-07-2026 05:00:00,28.2068,76.7997,PM2.5,60,155,102
India,Haryana,Faridabad,"New Industrial Town, Faridabad - HSPCB",30-07-2026 05:00:00,28.39072,77.30059,PM10,71,110,96
India,Haryana,Faridabad,"New Industrial Town, Faridabad - HSPCB",30-07-2026 05:00:00,28.39072,77.30059,NO2,23,26,25
India,Haryana,Faridabad,"New Industrial Town, Faridabad - HSPCB",30-07-2026 05:00:00,28.39072,77.30059,CO,26,34,30
India,Haryana,Faridabad,"New Industrial Town, Faridabad - HSPCB",30-07-2026 05:00:00,28.39072,77.30059,OZONE,13,14,14
India,Haryana,Faridabad,"Sector 11, Faridabad - HSPCB",30-07-2026 05:00:00,28.376058,77.315741,NO2,29,33,31
India,Haryana,Faridabad,"Sector 30, Faridabad - HSPCB",30-07-2026 05:00:00,28.4417,77.3217,SO2,2,2,2
India,Haryana,Faridabad,"Sector 30, Faridabad - HSPCB",30-07-2026 05:00:00,28.4417,77.3217,CO,60,64,62
India,Haryana,Fatehabad,"Huda Sector, Fatehabad - HSPCB",30-07-2026 05:00:00,29.503664,75.467934,PM2.5,56,91,75
India,Haryana,Fatehabad,"Huda Sector, Fatehabad - HSPCB",30-07-2026 05:00:00,29.503664,75.467934,SO2,4,9,6
India,Haryana,Fatehabad,"Huda Sector, Fatehabad - HSPCB",30-07-2026 05:00:00,29.503664,75.467934,OZONE,41,53,46
India,Haryana,Gurugram,"Teri Gram, Gurugram - HSPCB",30-07-2026 05:00:00,28.4275,77.1465,NO2,22,55,35
India,Haryana,Gurugram,"Vikas Sadan, Gurugram - HSPCB",30-07-2026 05:00:00,28.4501238,77.0263051,NH3,NA,NA,NA
India,Gujarat,Ahmedabad,"Gyaspur, Ahmedabad - IITM",30-07-2026 05:00:00,22.977134,72.553024,PM2.5,NA,NA,NA
India,Gujarat,Ahmedabad,"Gyaspur, Ahmedabad - IITM",30-07-2026 05:00:00,22.977134,72.553024,CO,28,56,40
India,Gujarat,Ahmedabad,"SAC ISRO Satellite, Ahmedabad - IITM",30-07-2026 05:00:00,23.023389,72.515201,PM10,83,140,107
India,Gujarat,Ahmedabad,"Raikhad, Ahmedabad - IITM",30-07-2026 05:00:00,23.020509,72.579261,PM2.5,25,47,38
India,Gujarat,Ahmedabad,"Raikhad, Ahmedabad - IITM",30-07-2026 05:00:00,23.020509,72.579261,NO2,10,101,33
India,Gujarat,Ankleshwar,"GIDC, Ankleshwar - GPCB",30-07-2026 05:00:00,21.613267,73.010555,PM10,60,91,79
India,Gujarat,Ankleshwar,"GIDC, Ankleshwar - GPCB",30-07-2026 05:00:00,21.613267,73.010555,NH3,5,7,7
India,Gujarat,Ankleshwar,"GIDC, Ankleshwar - GPCB",30-07-2026 05:00:00,21.613267,73.010555,SO2,12,16,15
India,Gujarat,Bhavnagar,"Vidhyanagar, Bhavnagar - Nexteng Enviro",30-07-2026 05:00:00,21.755417,72.139056,PM2.5,36,61,49
India,Gujarat,Bhavnagar,"Vidhyanagar, Bhavnagar - Nexteng Enviro",30-07-2026 05:00:00,21.755417,72.139056,NH3,4,5,4
India,Gujarat,Bhavnagar,"Vidhyanagar, Bhavnagar - Nexteng Enviro",30-07-2026 05:00:00,21.755417,72.139056,CO,59,60,59
India,Delhi,Delhi,"Sonia Vihar, Delhi - DPCC",30-07-2026 05:00:00,28.710508,77.249485,CO,22,103,61
India,Delhi,Delhi,"Major Dhyan Chand National Stadium, Delhi - DPCC",30-07-2026 05:00:00,28.611281,77.237738,PM2.5,40,95,70
India,Delhi,Delhi,"Major Dhyan Chand National Stadium, Delhi - DPCC",30-07-2026 05:00:00,28.611281,77.237738,NH3,12,26,18
India,Delhi,Delhi,"Major Dhyan Chand National Stadium, Delhi - DPCC",30-07-2026 05:00:00,28.611281,77.237738,OZONE,13,13,13
India,Delhi,Delhi,"Cantonment Area, Delhi - DPCC",30-07-2026 05:00:00,28.594169,77.1251,CO,49,73,66
India,Delhi,Delhi,"Cantonment Area, Delhi - DPCC",30-07-2026 05:00:00,28.594169,77.1251,OZONE,1,4,3
India,Delhi,Delhi,"Narela, Delhi - DPCC",30-07-2026 05:00:00,28.822836,77.101981,NH3,5,19,10
India,Gujarat,Ahmedabad,"SVPI Airport Hansol, Ahmedabad - IITM",30-07-2026 05:00:00,23.076793,72.627874,NO2,21,74,38
India,Gujarat,Ahmedabad,"SVPI Airport Hansol, Ahmedabad - IITM",30-07-2026 05:00:00,23.076793,72.627874,SO2,3,4,3
India,Gujarat,Ahmedabad,"SVPI Airport Hansol, Ahmedabad - IITM",30-07-2026 05:00:00,23.076793,72.627874,OZONE,6,13,8
India,Gujarat,Vapi,"Phase-1 GIDC, Vapi - GPCB",30-07-2026 05:00:00,20.362421,72.918013,PM2.5,1,53,24
India,Gujarat,Vapi,"Phase-1 GIDC, Vapi - GPCB",30-07-2026 05:00:00,20.362421,72.918013,NO2,13,23,17
India,Gujarat,Vapi,"Phase-1 GIDC, Vapi - GPCB",30-07-2026 05:00:00,20.362421,72.918013,OZONE,5,11,6
India,Haryana,Bahadurgarh,"Arya Nagar, Bahadurgarh - HSPCB",30-07-2026 05:00:00,28.6701,76.9254,OZONE,33,44,39
India,Haryana,Ballabgarh,"Nathu Colony, Ballabgarh - HSPCB",30-07-2026 05:00:00,28.3419248,77.319699,PM10,37,74,52
India,Haryana,Bhiwani,"H.B. Colony, Bhiwani - HSPCB",30-07-2026 05:00:00,28.806223,76.141105,SO2,12,14,13
India,Haryana,Kaithal,"Rishi Nagar, Kaithal - HSPCB",30-07-2026 05:00:00,29.8006,76.4155,SO2,NA,NA,NA
India,Haryana,Karnal,"Sector-12, Karnal - HSPCB",30-07-2026 05:00:00,29.6953,77.0027,PM2.5,41,62,52
India,Haryana,Karnal,"Sector-12, Karnal - HSPCB",30-07-2026 05:00:00,29.6953,77.0027,PM10,46,70,58
India,Haryana,Karnal,"Sector-12, Karnal - HSPCB",30-07-2026 05:00:00,29.6953,77.0027,OZONE,10,26,21
India,Haryana,Kurukshetra,"Sector-7, Kurukshetra - HSPCB",30-07-2026 05:00:00,29.966942,76.875879,PM2.5,38,58,48
India,Haryana,Kurukshetra,"Sector-7, Kurukshetra - HSPCB",30-07-2026 05:00:00,29.966942,76.875879,PM10,39,75,52
India,Haryana,Kurukshetra,"Sector-7, Kurukshetra - HSPCB",30-07-2026 05:00:00,29.966942,76.875879,OZONE,12,88,32
India,Gujarat,Mehsana,"Sadanand Nagar, Mehsana - Nexteng Enviro",30-07-2026 05:00:00,23.59315,72.372792,PM10,51,117,94
India,Gujarat,Mehsana,"Sadanand Nagar, Mehsana - Nexteng Enviro",30-07-2026 05:00:00,23.59315,72.372792,NH3,0,0,0
India,Gujarat,Nandesari,"GIDC, Nandesari - Nandesari Ind. Association",30-07-2026 05:00:00,22.410802,73.097923,NO2,6,133,25
India,Gujarat,Nandesari,"GIDC, Nandesari - Nandesari Ind. Association",30-07-2026 05:00:00,22.410802,73.097923,SO2,3,3,3
India,Gujarat,Vadodara,"Bapunagar, Vadodara - Nexteng Enviro",30-07-2026 05:00:00,22.320153,73.216285,PM2.5,33,84,63
India,Gujarat,Gandhinagar,"IIPHG Lekawada, Gandhinagar - IITM",30-07-2026 05:00:00,23.243639,72.68994,NO2,5,14,7
India,Gujarat,Gandhinagar,"GIFT City, Gandhinagar - IITM",30-07-2026 05:00:00,23.163798,72.677768,NO2,9,19,11
India,Gujarat,Gandhinagar,"Sector-10, Gandhinagar - GPCB",30-07-2026 05:00:00,23.221714,72.654328,CO,24,26,25
India,Haryana,Gurugram,"NISE Gwal Pahari, Gurugram - IITM",30-07-2026 05:00:00,28.422681,77.148944,SO2,NA,NA,NA
India,Karnataka,Mysuru,"Hebbal 1st Stage, Mysuru - KSPCB",30-07-2026 05:00:00,12.21041,76.37376,OZONE,7,8,8
India,Karnataka,Ramanagara,"Vijay Nagar, Ramanagara - KSPCB",30-07-2026 05:00:00,12.733409,77.298051,PM2.5,25,41,33
India,Karnataka,Ramanagara,"Vijay Nagar, Ramanagara - KSPCB",30-07-2026 05:00:00,12.733409,77.298051,PM10,32,56,44
India,Karnataka,Ramanagara,"Vijay Nagar, Ramanagara - KSPCB",30-07-2026 05:00:00,12.733409,77.298051,NO2,NA,NA,NA
India,Karnataka,Vijayapura,"Ibrahimpur, Vijayapura - KSPCB",30-07-2026 05:00:00,16.802639,75.722694,NO2,11,12,11
India,Karnataka,Vijayapura,"Ibrahimpur, Vijayapura - KSPCB",30-07-2026 05:00:00,16.802639,75.722694,OZONE,16,16,16
India,Karnataka,Yadgir,"Collector Office, Yadgir - KSPCB",30-07-2026 05:00:00,16.7602,77.1428,CO,25,25,25
India,Kerala,Kannur,"Thavakkara, Kannur - Kerala PCB",30-07-2026 05:00:00,11.875,75.3732,NH3,1,1,1
India,Kerala,Kannur,"Thavakkara, Kannur - Kerala PCB",30-07-2026 05:00:00,11.875,75.3732,CO,12,14,13
India,Kerala,Kannur,"Thavakkara, Kannur - Kerala PCB",30-07-2026 05:00:00,11.875,75.3732,OZONE,27,28,27
India,Kerala,Thiruvananthapuram,"Plammoodu, Thiruvananthapuram - Kerala PCB",30-07-2026 05:00:00,8.5149093,76.9435879,PM10,22,42,29
India,Kerala,Thiruvananthapuram,"Kariavattom, Thiruvananthapuram - Kerala PCB",30-07-2026 05:00:00,8.5637,76.8865,PM2.5,31,36,33
India,Kerala,Thiruvananthapuram,"Kariavattom, Thiruvananthapuram - Kerala PCB",30-07-2026 05:00:00,8.5637,76.8865,NO2,6,7,6
India,Karnataka,Dharwad,"Kalabhavan, Dharwad - KSPCB",30-07-2026 05:00:00,15.459706,75.008381,NH3,6,7,7
India,Karnataka,Dharwad,"Kalabhavan, Dharwad - KSPCB",30-07-2026 05:00:00,15.459706,75.008381,OZONE,30,30,30
India,Karnataka,Hubballi,"Lingaraj Nagar, Hubballi - KSPCB",30-07-2026 05:00:00,15.3714823,75.1160168,PM2.5,28,32,31
India,Karnataka,Kalaburagi,"Mahatma Basaveswar Colony, Kalaburgi - KSPCB",30-07-2026 05:00:00,17.336318,76.847397,PM10,13,33,20
India,Karnataka,Kalaburagi,"Mahatma Basaveswar Colony, Kalaburgi - KSPCB",30-07-2026 05:00:00,17.336318,76.847397,SO2,3,5,4
India,Karnataka,Kalaburagi,"Mahatma Basaveswar Colony, Kalaburgi - KSPCB",30-07-2026 05:00:00,17.336318,76.847397,CO,31,57,41
India,Karnataka,Karwar,"KHB Colony, Karwar - KSPCB",30-07-2026 05:00:00,14.816666,74.141003,PM2.5,35,77,48
India,Karnataka,Karwar,"KHB Colony, Karwar - KSPCB",30-07-2026 05:00:00,14.816666,74.141003,NO2,20,28,25
India,Karnataka,Karwar,"KHB Colony, Karwar - KSPCB",30-07-2026 05:00:00,14.816666,74.141003,OZONE,18,18,18
India,Karnataka,Mangalore,"Kadri, Mangalore - KSPCB",30-07-2026 05:00:00,12.88925,74.853,PM2.5,41,66,51
India,Karnataka,Mangalore,"Kadri, Mangalore - KSPCB",30-07-2026 05:00:00,12.88925,74.853,PM10,51,81,63
India,Karnataka,Mangalore,"Kadri, Mangalore - KSPCB",30-07-2026 05:00:00,12.88925,74.853,NO2,0,11,2
India,Karnataka,Mysuru,"Hebbal 1st Stage, Mysuru - KSPCB",30-07-2026 05:00:00,12.21041,76.37376,NH3,3,7,5
India,Karnataka,Mysuru,"Hebbal 1st Stage, Mysuru - KSPCB",30-07-2026 05:00:00,12.21041,76.37376,SO2,0,5,2
India,Jharkhand,Jorapokhar,"Tata Stadium, Jorapokhar - JSPCB",30-07-2026 05:00:00,23.707909,86.41467,CO,38,40,39
India,Karnataka,Bagalkot,"Vidayagiri, Bagalkot - KSPCB",30-07-2026 05:00:00,16.172806,75.659694,NO2,10,10,10
India,Karnataka,Bengaluru,"Bapuji Nagar, Bengaluru - KSPCB",30-07-2026 05:00:00,12.951913,77.539784,NO2,25,27,26
India,Karnataka,Bengaluru,"Sanegurava Halli, Bengaluru - KSPCB",30-07-2026 05:00:00,12.990328,77.5431385,SO2,6,7,6
India,Karnataka,Bengaluru,"Sanegurava Halli, Bengaluru - KSPCB",30-07-2026 05:00:00,12.990328,77.5431385,CO,14,43,23
India,Karnataka,Bengaluru,"Jigani, Bengaluru - KSPCB",30-07-2026 05:00:00,12.7816279,77.6299145,NO2,22,24,23
India,Karnataka,Bengaluru,"Jigani, Bengaluru - KSPCB",30-07-2026 05:00:00,12.7816279,77.6299145,SO2,20,20,20
India,Karnataka,Bengaluru,"Hebbal, Bengaluru - KSPCB",30-07-2026 05:00:00,13.029152,77.585901,PM2.5,3,39,17
India,Karnataka,Bengaluru,"Hebbal, Bengaluru - KSPCB",30-07-2026 05:00:00,13.029152,77.585901,SO2,8,25,16
India,Karnataka,Bengaluru,"Jayanagar 5th Block, Bengaluru - KSPCB",30-07-2026 05:00:00,12.920984,77.584908,CO,3,24,14
India,Haryana,Panipat,"Sector-18, Panipat - HSPCB",30-07-2026 05:00:00,29.432304,76.972765,NO2,NA,NA,NA
India,Haryana,Rohtak,"MD University, Rohtak - HSPCB",30-07-2026 05:00:00,28.52123,76.37138,PM10,52,76,65
India,Haryana,Rohtak,"MD University, Rohtak - HSPCB",30-07-2026 05:00:00,28.52123,76.37138,SO2,8,13,11
India,Haryana,Yamuna Nagar,"Gobind Pura, Yamuna Nagar - HSPCB",30-07-2026 05:00:00,30.1480566,77.2893471,PM2.5,62,102,77
India,Haryana,Yamuna Nagar,"Gobind Pura, Yamuna Nagar - HSPCB",30-07-2026 05:00:00,30.1480566,77.2893471,PM10,74,114,92
India,Himachal Pradesh,Baddi,"HIMUDA Complex Phase-1, Baddi - HPPCB",30-07-2026 05:00:00,30.943887,76.801991,NH3,4,6,5
India,Himachal Pradesh,Baddi,"HIMUDA Complex Phase-1, Baddi - HPPCB",30-07-2026 05:00:00,30.943887,76.801991,OZONE,7,17,12
India,Jammu and Kashmir,Pampore,"Khrew, Pampore - JKPCC",30-07-2026 05:00:00,34.031606,75.009712,NO2,8,18,13
India,Kerala,Thiruvananthapuram,"Kariavattom, Thiruvananthapuram - Kerala PCB",30-07-2026 05:00:00,8.5637,76.8865,NH3,0,0,0
India,Kerala,Thiruvananthapuram,"Kariavattom, Thiruvananthapuram - Kerala PCB",30-07-2026 05:00:00,8.5637,76.8865,SO2,2,3,3
India,Kerala,Thrissur,"Corporation Ground, Thrissur - Kerala PCB",30-07-2026 05:00:00,10.5324,76.2159,PM2.5,33,50,40
India,Kerala,Thrissur,"Corporation Ground, Thrissur - Kerala PCB",30-07-2026 05:00:00,10.5324,76.2159,NO2,7,9,8
India,Kerala,Thrissur,"Corporation Ground, Thrissur - Kerala PCB",30-07-2026 05:00:00,10.5324,76.2159,CO,9,13,11
India,Madhya Pradesh,Bhopal,"T T Nagar, Bhopal - MPPCB",30-07-2026 05:00:00,23.233584,77.400574,PM10,27,103,61
India,Madhya Pradesh,Bhopal,"T T Nagar, Bhopal - MPPCB",30-07-2026 05:00:00,23.233584,77.400574,NO2,11,35,21
India,Madhya Pradesh,Bhopal,"Idgah Hills, Bhopal - MPPCB",30-07-2026 05:00:00,23.264759,77.381568,PM2.5,18,50,35
India,Haryana,Narnaul,"Shastri Nagar, Narnaul - HSPCB",30-07-2026 05:00:00,28.060249,76.113115,PM2.5,17,220,97
India,Haryana,Narnaul,"Shastri Nagar, Narnaul - HSPCB",30-07-2026 05:00:00,28.060249,76.113115,NH3,5,7,6
India,Haryana,Narnaul,"Shastri Nagar, Narnaul - HSPCB",30-07-2026 05:00:00,28.060249,76.113115,SO2,5,17,10
India,Haryana,Panchkula,"Sector-6, Panchkula - HSPCB ",30-07-2026 05:00:00,30.7057778,76.8531805555555,NO2,25,33,29
India,Haryana,Panchkula,"Sector-6, Panchkula - HSPCB ",30-07-2026 05:00:00,30.7057778,76.8531805555555,NH3,NA,NA,NA
India,Haryana,Panchkula,"Sector-6, Panchkula - HSPCB ",30-07-2026 05:00:00,30.7057778,76.8531805555555,SO2,10,13,11
India,Haryana,Panipat,"Sector-18, Panipat - HSPCB",30-07-2026 05:00:00,29.432304,76.972765,PM2.5,NA,NA,NA
India,Haryana,Panipat,"Sector-18, Panipat - HSPCB",30-07-2026 05:00:00,29.432304,76.972765,PM10,NA,NA,NA
India,Jammu and Kashmir,Srinagar,"Rajbagh, Srinagar - JKPCC",30-07-2026 05:00:00,34.066206,74.81982,PM2.5,18,37,27
India,Jammu and Kashmir,Srinagar,"Rajbagh, Srinagar - JKPCC",30-07-2026 05:00:00,34.066206,74.81982,NO2,19,20,19
India,Jammu and Kashmir,Srinagar,"Rajbagh, Srinagar - JKPCC",30-07-2026 05:00:00,34.066206,74.81982,NH3,9,9,9
India,Jharkhand,Dhanbad,"Sardar Patel Nagar, Dhanbad - JSPCB",30-07-2026 05:00:00,23.80569,86.44268,NH3,NA,NA,NA
India,Jharkhand,Dhanbad,"Sardar Patel Nagar, Dhanbad - JSPCB",30-07-2026 05:00:00,23.80569,86.44268,OZONE,19,33,27
India,Karnataka,Bengaluru,"Hombegowda Nagar, Bengaluru - KSPCB",30-07-2026 05:00:00,12.938539,77.5901,OZONE,5,7,6
India,Karnataka,Chamarajanagar,"Urban, Chamarajanagar - KSPCB",30-07-2026 05:00:00,11.55358,76.55521,CO,15,23,22
India,Karnataka,Chikkamagaluru,"Kalyana Nagara, Chikkamagaluru - KSPCB",30-07-2026 05:00:00,13.328028,75.797056,NH3,2,3,2
India,Karnataka,Bengaluru,"Hombegowda Nagar, Bengaluru - KSPCB",30-07-2026 05:00:00,12.938539,77.5901,NH3,1,1,1
India,Maharashtra,Hingoli,"Ashta Vinayak Nagar, Hingoli - MPCB",30-07-2026 05:00:00,19.710842,77.151824,SO2,3,6,5
India,Maharashtra,Jalgaon,"Prabhat Colony, Jalgaon - MPCB",30-07-2026 05:00:00,21.001264,75.565602,PM10,34,70,50
India,Maharashtra,Jalgaon,"Prabhat Colony, Jalgaon - MPCB",30-07-2026 05:00:00,21.001264,75.565602,SO2,0,5,2
India,Maharashtra,Jalgaon,"Prabhat Colony, Jalgaon - MPCB",30-07-2026 05:00:00,21.001264,75.565602,CO,15,45,27
India,Maharashtra,Jalna,"Old MIDC, Jalna - MPCB",30-07-2026 05:00:00,19.854616,75.905894,OZONE,21,27,24
India,Maharashtra,Kalyan,"Khadakpada, Kalyan - MPCB",30-07-2026 05:00:00,19.25292,73.142019,NO2,37,37,37
India,Maharashtra,Kalyan,"Khadakpada, Kalyan - MPCB",30-07-2026 05:00:00,19.25292,73.142019,NH3,1,1,1
India,Maharashtra,Kalyan,"Pimpleshwar Mandir, Kalyan - MPCB",30-07-2026 05:00:00,19.192056,72.9585188,SO2,9,13,11
India,Maharashtra,Kalyan,"Pimpleshwar Mandir, Kalyan - MPCB",30-07-2026 05:00:00,19.192056,72.9585188,CO,23,36,28
India,Maharashtra,Kalyan,"Pimpleshwar Mandir, Kalyan - MPCB",30-07-2026 05:00:00,19.192056,72.9585188,OZONE,12,14,13
India,Maharashtra,Kolhapur,"Shivaji University, Kolhapur - MPCB",30-07-2026 05:00:00,16.6870449,74.2505872,NH3,3,4,3
India,Maharashtra,Kolhapur,"Shivaji University, Kolhapur - MPCB",30-07-2026 05:00:00,16.6870449,74.2505872,SO2,0,2,1
India,Maharashtra,Belapur,"CBD Belapur, Belapur - MPCB",30-07-2026 05:00:00,19.0243902,73.0406721,NO2,16,32,20
India,Maharashtra,Belapur,"CBD Belapur, Belapur - MPCB",30-07-2026 05:00:00,19.0243902,73.0406721,SO2,7,12,10
India,Maharashtra,Belapur,"CBD Belapur, Belapur - MPCB",30-07-2026 05:00:00,19.0243902,73.0406721,CO,13,26,21
India,Maharashtra,Chandrapur,"MIDC Khutala, Chandrapur - MPCB",30-07-2026 05:00:00,19.9775302,79.2337086,PM10,26,159,71
India,Maharashtra,Chandrapur,"MIDC Khutala, Chandrapur - MPCB",30-07-2026 05:00:00,19.9775302,79.2337086,NH3,NA,NA,NA
India,Maharashtra,Chandrapur,"Chauhan Colony, Chandrapur - MPCB",30-07-2026 05:00:00,19.9629,79.298714,PM2.5,13,73,44
India,Maharashtra,Dhule,"Deopur, Dhule - MPCB",30-07-2026 05:00:00,20.918946,74.776388,NO2,3,17,7
India,Maharashtra,Dhule,"Deopur, Dhule - MPCB",30-07-2026 05:00:00,20.918946,74.776388,OZONE,6,22,12
India,Maharashtra,Dombivli,"Kalu Nagar, Dombivli - MPCB",30-07-2026 05:00:00,19.2268427,73.0788456,PM2.5,2,13,10
India,Maharashtra,Dombivli,"Kalu Nagar, Dombivli - MPCB",30-07-2026 05:00:00,19.2268427,73.0788456,PM10,17,32,23
India,Maharashtra,Dombivli,"Kalu Nagar, Dombivli - MPCB",30-07-2026 05:00:00,19.2268427,73.0788456,SO2,22,47,26
India,Maharashtra,Dombivli,"Kalu Nagar, Dombivli - MPCB",30-07-2026 05:00:00,19.2268427,73.0788456,OZONE,28,34,30
India,Madhya Pradesh,Katni,"Gole Bazar, Katni - MPPCB",30-07-2026 05:00:00,23.50016,80.23284,NH3,2,3,2
India,Madhya Pradesh,Maihar,"Sahilara, Maihar - KJS Cements",30-07-2026 05:00:00,24.2613009,80.7231783,OZONE,NA,NA,NA
India,Madhya Pradesh,Mandideep,"Sector-D Industrial Area, Mandideep - MPPCB",30-07-2026 05:00:00,23.10844,77.511428,CO,6,55,28
India,Madhya Pradesh,Mandideep,"Sector-D Industrial Area, Mandideep - MPPCB",30-07-2026 05:00:00,23.10844,77.511428,OZONE,13,85,26
India,Madhya Pradesh,Pithampur,"Sector-2 Industrial Area, Pithampur - MPPCB",30-07-2026 05:00:00,22.624758,75.675238,PM10,57,130,99
India,Madhya Pradesh,Sagar,"Civil Lines, Sagar - MPPCB",30-07-2026 05:00:00,23.838586,78.759431,PM10,8,69,31
India,Madhya Pradesh,Sagar,"Civil Lines, Sagar - MPPCB",30-07-2026 05:00:00,23.838586,78.759431,NO2,3,13,6
India,Madhya Pradesh,Sagar,"Civil Lines, Sagar - MPPCB",30-07-2026 05:00:00,23.838586,78.759431,CO,32,39,34
India,Madhya Pradesh,Satna,"Bandhavgar Colony, Satna - Birla Cement",30-07-2026 05:00:00,24.58434363,80.8549414,PM10,70,71,70
India,Madhya Pradesh,Gwalior,"Maharaj Bada, Gwalior - MPPCB",30-07-2026 05:00:00,26.200388,78.147714,SO2,10,31,17
India,Madhya Pradesh,Gwalior,"City Center, Gwalior - MPPCB",30-07-2026 05:00:00,26.203442,78.193251,PM10,25,40,35
India,Madhya Pradesh,Gwalior,"City Center, Gwalior - MPPCB",30-07-2026 05:00:00,26.203442,78.193251,NO2,28,60,48
India,Madhya Pradesh,Indore,"Regional Park, Indore - IMC",30-07-2026 05:00:00,22.678,75.8559,NH3,2,4,3
India,Madhya Pradesh,Indore,"Regional Park, Indore - IMC",30-07-2026 05:00:00,22.678,75.8559,SO2,37,39,38
India,Madhya Pradesh,Indore,"Airport Area, Indore - IMC",30-07-2026 05:00:00,22.7289,75.8076,NH3,0,6,0
India,Madhya Pradesh,Indore,"Maguda Nagar, Indore - IMC",30-07-2026 05:00:00,22.7524,75.8872,NH3,0,0,0
India,Madhya Pradesh,Indore,"Maguda Nagar, Indore - IMC",30-07-2026 05:00:00,22.7524,75.8872,SO2,17,18,18
India,Madhya Pradesh,Indore,"Chhoti Gwaltoli, Indore - MPPCB",30-07-2026 05:00:00,22.431,75.5213,NO2,22,53,44
India,Madhya Pradesh,Indore,"Chhoti Gwaltoli, Indore - MPPCB",30-07-2026 05:00:00,22.431,75.5213,NH3,6,13,8
India,Madhya Pradesh,Indore,"Chhoti Gwaltoli, Indore - MPPCB",30-07-2026 05:00:00,22.431,75.5213,CO,10,41,24
India,Maharashtra,Ahmednagar,"Tarakpur, Ahmednagar - MPCB",30-07-2026 05:00:00,19.10122,74.73339,SO2,8,15,12
India,Maharashtra,Ahmednagar,"Tarakpur, Ahmednagar - MPCB",30-07-2026 05:00:00,19.10122,74.73339,CO,1,9,4
India,Maharashtra,Akola,"Ramdaspeth, Akola - MPCB",30-07-2026 05:00:00,20.719516,77.000253,PM2.5,12,41,30
India,Maharashtra,Amravati,"Shri Shivaji Science College, Amravati - MPCB",30-07-2026 05:00:00,20.939198,77.765701,PM2.5,18,52,34
India,Maharashtra,Amravati,"Shri Shivaji Science College, Amravati - MPCB",30-07-2026 05:00:00,20.939198,77.765701,PM10,29,62,47
India,Maharashtra,Amravati,"Shri Shivaji Science College, Amravati - MPCB",30-07-2026 05:00:00,20.939198,77.765701,NH3,1,4,2
India,Maharashtra,Amravati,"Shivneri Colony, Amravati - MPCB",30-07-2026 05:00:00,20.9402359,77.7895248,PM2.5,13,49,31
India,Maharashtra,Aurangabad,"More Chowk Waluj, Aurangabad - MPCB",30-07-2026 05:00:00,19.8389439,75.244448,NH3,7,8,7
India,Madhya Pradesh,Indore,"Residency Area, Indore - IMC",30-07-2026 05:00:00,22.7084,75.8815,NO2,NA,NA,NA
India,Madhya Pradesh,Indore,"Residency Area, Indore - IMC",30-07-2026 05:00:00,22.7084,75.8815,NH3,0,0,0
India,Madhya Pradesh,Indore,"Residency Area, Indore - IMC",30-07-2026 05:00:00,22.7084,75.8815,OZONE,6,7,6
India,Madhya Pradesh,Jabalpur,"Marhatal, Jabalpur - MPPCB",30-07-2026 05:00:00,23.168606,79.932247,NH3,2,2,2
India,Madhya Pradesh,Jabalpur,"Marhatal, Jabalpur - MPPCB",30-07-2026 05:00:00,23.168606,79.932247,SO2,16,21,19
India,Madhya Pradesh,Jabalpur,"Marhatal, Jabalpur - MPPCB",30-07-2026 05:00:00,23.168606,79.932247,OZONE,26,50,39
India,Madhya Pradesh,Jabalpur,"Suhagi, Jabalpur - JMC",30-07-2026 05:00:00,23.218135,79.95777,PM10,50,85,58
India,Madhya Pradesh,Jabalpur,"Suhagi, Jabalpur - JMC",30-07-2026 05:00:00,23.218135,79.95777,CO,51,83,57
India,Madhya Pradesh,Bhopal,"Paryavaran Parisar, Bhopal - MPPCB",30-07-2026 05:00:00,23.210494,77.425409,PM2.5,10,47,25
India,Madhya Pradesh,Bhopal,"Paryavaran Parisar, Bhopal - MPPCB",30-07-2026 05:00:00,23.210494,77.425409,NH3,4,6,5
India,Madhya Pradesh,Bhopal,"Paryavaran Parisar, Bhopal - MPPCB",30-07-2026 05:00:00,23.210494,77.425409,OZONE,17,25,20
India,Madhya Pradesh,Damoh,"Shrivastav Colony, Damoh - MPPCB",30-07-2026 05:00:00,23.81748678,79.446246,NH3,NA,NA,NA
India,Madhya Pradesh,Gwalior,"Deen Dayal Nagar, Gwalior - MPPCB",30-07-2026 05:00:00,26.259242,78.216432,NO2,26,56,38
India,Maharashtra,Aurangabad,"MIDC Chilkalthana, Aurangabad - MPCB",30-07-2026 05:00:00,19.87562,75.38731,PM10,24,121,70
India,Maharashtra,Aurangabad,"MIDC Chilkalthana, Aurangabad - MPCB",30-07-2026 05:00:00,19.87562,75.38731,NH3,1,2,1
India,Maharashtra,Aurangabad,"Rachnakar Colony, Aurangabad - MPCB",30-07-2026 05:00:00,19.863756,75.321188,PM2.5,35,63,53
India,Maharashtra,Aurangabad,"Rachnakar Colony, Aurangabad - MPCB",30-07-2026 05:00:00,19.863756,75.321188,OZONE,7,9,8
India,Maharashtra,Badlapur,"Katrap, Badlapur - MPCB",30-07-2026 05:00:00,19.16485,73.23409,CO,32,38,34
India,Maharashtra,Mumbai,"Navy Nagar-Colaba, Mumbai - IITM",30-07-2026 05:00:00,18.897756,72.81332,PM2.5,29,63,41
India,Maharashtra,Mumbai,"Navy Nagar-Colaba, Mumbai - IITM",30-07-2026 05:00:00,18.897756,72.81332,PM10,82,116,96
India,Maharashtra,Mumbai,"Navy Nagar-Colaba, Mumbai - IITM",30-07-2026 05:00:00,18.897756,72.81332,NH3,3,4,4
India,Maharashtra,Mumbai,"Sion, Mumbai - MPCB",30-07-2026 05:00:00,19.047,72.8746,NH3,5,5,5
India,Maharashtra,Mumbai,"Sion, Mumbai - MPCB",30-07-2026 05:00:00,19.047,72.8746,CO,19,20,20
India,Maharashtra,Mumbai,"Sion, Mumbai - MPCB",30-07-2026 05:00:00,19.047,72.8746,OZONE,NA,NA,NA
India,Maharashtra,Mumbai,"Deonar, Mumbai - IITM",30-07-2026 05:00:00,19.04946,72.923,PM2.5,12,44,37
India,Maharashtra,Kolhapur,"Sinchan Bhavan, Kolhapur - MPCB",30-07-2026 05:00:00,16.7143745,74.2426398,NO2,4,17,12
India,Maharashtra,Latur,"Sawe Wadi, Latur - MPCB",30-07-2026 05:00:00,18.39963,76.57452,PM2.5,29,106,52
India,Maharashtra,Latur,"Sawe Wadi, Latur - MPCB",30-07-2026 05:00:00,18.39963,76.57452,PM10,42,99,61
India,Maharashtra,Mira-Bhayandar,"Bhayandar West, Mira-Bhayandar - MPCB",30-07-2026 05:00:00,19.296481,72.840923,PM2.5,28,48,37
India,Maharashtra,Mira-Bhayandar,"Bhayandar West, Mira-Bhayandar - MPCB",30-07-2026 05:00:00,19.296481,72.840923,NO2,2,4,3
India,Maharashtra,Mumbai,"Malad West, Mumbai - IITM",30-07-2026 05:00:00,19.19709,72.82204,NO2,23,46,30
India,Maharashtra,Mumbai,"Malad West, Mumbai - IITM",30-07-2026 05:00:00,19.19709,72.82204,NH3,3,5,3
India,Maharashtra,Mumbai,"Malad West, Mumbai - IITM",30-07-2026 05:00:00,19.19709,72.82204,CO,1,60,25
India,Maharashtra,Mumbai,"Malad West, Mumbai - IITM",30-07-2026 05:00:00,19.19709,72.82204,OZONE,24,25,25
India,Maharashtra,Mumbai,"Shivaji Nagar, Mumbai - BMC",30-07-2026 05:00:00,19.060498,72.923356,CO,11,36,18
India,Maharashtra,Mumbai,"Siddharth Nagar-Worli, Mumbai - IITM",30-07-2026 05:00:00,19.000083,72.813993,SO2,NA,NA,NA
India,Maharashtra,Mumbai,"Siddharth Nagar-Worli, Mumbai - IITM",30-07-2026 05:00:00,19.000083,72.813993,CO,2,27,11
India,Maharashtra,Mumbai,"Chakala-Andheri East, Mumbai - IITM",30-07-2026 05:00:00,19.11074,72.86084,OZONE,9,12,11
India,Maharashtra,Mumbai,"Worli, Mumbai - MPCB",30-07-2026 05:00:00,18.9936162,72.8128113,PM2.5,32,91,58
India,Maharashtra,Mumbai,"Bandra Kurla Complex, Mumbai - IITM",30-07-2026 05:00:00,19.053536,72.84643,PM10,72,101,90
India,Maharashtra,Mumbai,"Mindspace-Malad West, Mumbai - MPCB",30-07-2026 05:00:00,19.1878657,72.8304069,NO2,13,14,13
India,Maharashtra,Mumbai,"Borivali East, Mumbai - IITM",30-07-2026 05:00:00,19.23241,72.86895,PM10,61,95,76
India,Maharashtra,Mumbai,"Chembur, Mumbai - MPCB",30-07-2026 05:00:00,19.0364585,72.8954371,PM10,49,79,66
India,Maharashtra,Mumbai,"Chembur, Mumbai - MPCB",30-07-2026 05:00:00,19.0364585,72.8954371,NH3,17,24,20
India,Maharashtra,Mumbai,"Mazgaon, Mumbai - IITM",30-07-2026 05:00:00,18.96702,72.84214,NH3,3,4,4
India,Maharashtra,Mumbai,"Byculla, Mumbai - BMC",30-07-2026 05:00:00,18.9767,72.838,NO2,4,13,8
India,Maharashtra,Navi Mumbai,"Tondare-Taloja, Navi Mumbai - MPCB",30-07-2026 05:00:00,19.063,73.1209,OZONE,8,10,9
India,Maharashtra,Parbhani,"Masoom Colony, Parbhani - MPCB",30-07-2026 05:00:00,19.265594,76.761463,PM10,NA,NA,NA
India,Maharashtra,Pimpri-Chinchwad,"Park Street Wakad, Pimpri Chinchwad - MPCB",30-07-2026 05:00:00,18.59051,73.77946,PM2.5,12,24,18
India,Maharashtra,Pimpri-Chinchwad,"Transport Nagar-Nigdi, Pune - IITM",30-07-2026 05:00:00,18.664282,73.763966,NH3,NA,NA,NA
India,Maharashtra,Pimpri-Chinchwad,"Thergaon, Pimpri Chinchwad - MPCB",30-07-2026 05:00:00,18.616318,73.765797,NO2,4,17,8
India,Maharashtra,Pimpri-Chinchwad,"Thergaon, Pimpri Chinchwad - MPCB",30-07-2026 05:00:00,18.616318,73.765797,CO,11,23,15
India,Maharashtra,Pimpri-Chinchwad,"Gavalinagar, Pimpri Chinchwad - MPCB",30-07-2026 05:00:00,18.63673,73.82487,OZONE,8,10,9
India,Maharashtra,Pimpri-Chinchwad,"Bhosari, Pune - IITM",30-07-2026 05:00:00,18.640051,73.848956,SO2,NA,NA,NA
India,Maharashtra,Pune,"Savitribai Phule Pune University, Pune - MPCB",30-07-2026 05:00:00,18.547056,73.826908,NO2,NA,NA,NA
India,Maharashtra,Pune,"Savitribai Phule Pune University, Pune - MPCB",30-07-2026 05:00:00,18.547056,73.826908,CO,24,33,28
India,Maharashtra,Pune,"Revenue Colony-Shivajinagar, Pune - IITM",30-07-2026 05:00:00,18.530085,73.849598,PM2.5,16,41,27
India,Maharashtra,Nagpur,"Ambazari, Nagpur - MPCB",30-07-2026 05:00:00,21.121801,79.04952,CO,4,10,7
India,Maharashtra,Nanded,"Sneh Nagar, Nanded - MPCB",30-07-2026 05:00:00,19.173852,77.296291,NH3,3,5,4
India,Maharashtra,Nashik,"Gangapur Road, Nashik - MPCB",30-07-2026 05:00:00,20.0073285,73.7762427,PM2.5,26,140,60
India,Maharashtra,Nashik,"Gangapur Road, Nashik - MPCB",30-07-2026 05:00:00,20.0073285,73.7762427,NH3,3,3,3
India,Maharashtra,Nashik,"Gangapur Road, Nashik - MPCB",30-07-2026 05:00:00,20.0073285,73.7762427,SO2,2,8,6
India,Maharashtra,Nashik,"Gangapur Road, Nashik - MPCB",30-07-2026 05:00:00,20.0073285,73.7762427,CO,21,22,22
India,Maharashtra,Nashik,"MIDC Ambad, Nashik - MPCB",30-07-2026 05:00:00,19.95022,73.73148,CO,12,17,14
India,Maharashtra,Nashik,"Pandav Nagari, Nashik - MPCB",30-07-2026 05:00:00,19.9591346,73.7788008,PM10,19,49,34
India,Maharashtra,Nashik,"Pandav Nagari, Nashik - MPCB",30-07-2026 05:00:00,19.9591346,73.7788008,SO2,1,4,3
India,Maharashtra,Navi Mumbai,"Sanpada, Navi Mumbai - MPCB",30-07-2026 05:00:00,19.0575752,73.0151367,PM2.5,18,31,26
India,Maharashtra,Navi Mumbai,"Sanpada, Navi Mumbai - MPCB",30-07-2026 05:00:00,19.0575752,73.0151367,NO2,2,6,3
India,Maharashtra,Navi Mumbai,"Sanpada, Navi Mumbai - MPCB",30-07-2026 05:00:00,19.0575752,73.0151367,SO2,8,9,9
India,Maharashtra,Navi Mumbai,"Sector-2E Kalamboli, Navi Mumbai - MPCB",30-07-2026 05:00:00,19.02579,73.10297,NH3,3,8,6
India,Maharashtra,Ulhasnagar,"Sidhi Vinayak Nagar, Ulhasnagar - MPCB",30-07-2026 05:00:00,19.235581,73.159121,NH3,NA,NA,NA
India,Maharashtra,Virar,"Bolinj, Virar - MPCB",30-07-2026 05:00:00,19.445821,72.7988231,CO,7,12,9
India,Meghalaya,Byrnihat,"15th Mile-Nongthymmai, Byrnihat -Meghalaya PCB",30-07-2026 05:00:00,26.079047,91.875185,CO,2,3,3
India,Mizoram,Aizawl,"Sikulpuikawn, Aizawl - Mizoram PCB",30-07-2026 05:00:00,23.7176342,92.7192841,PM10,3,24,8
India,Mizoram,Aizawl,"Sikulpuikawn, Aizawl - Mizoram PCB",30-07-2026 05:00:00,23.7176342,92.7192841,SO2,14,15,14
India,Mizoram,Aizawl,"Sikulpuikawn, Aizawl - Mizoram PCB",30-07-2026 05:00:00,23.7176342,92.7192841,OZONE,6,7,6
India,Nagaland,Kohima,"PWD Junction, Kohima - NPCB",30-07-2026 05:00:00,25.6635413,94.0989878,NO2,3,4,3
India,Odisha,Angul,"Hakimapada, Angul - OSPCB",30-07-2026 05:00:00,20.832874,85.104082,PM10,9,133,52
India,Odisha,Angul,"Hakimapada, Angul - OSPCB",30-07-2026 05:00:00,20.832874,85.104082,SO2,4,12,8
India,Odisha,Angul,"Hakimapada, Angul - OSPCB",30-07-2026 05:00:00,20.832874,85.104082,CO,51,74,57
India,Odisha,Balasore,"Kalidaspur, Balasore - OSPCB",30-07-2026 05:00:00,21.51161,86.89088,PM10,10,45,32
India,Odisha,Balasore,"Kalidaspur, Balasore - OSPCB",30-07-2026 05:00:00,21.51161,86.89088,CO,32,35,34
India,Odisha,Barbil,"Forest Office, Barbil - OSPCB",30-07-2026 05:00:00,22.1166054,85.3945546,PM2.5,7,38,21
India,Odisha,Bhubaneswar,"Lingraj Mandir, Bhubaneswar - OSPCB",30-07-2026 05:00:00,20.24079,85.836784,NO2,4,12,8
India,Odisha,Bhubaneswar,"Lingraj Mandir, Bhubaneswar - OSPCB",30-07-2026 05:00:00,20.24079,85.836784,OZONE,14,39,27
India,Odisha,Bhubaneswar,"Patia, Bhubaneswar - OSPCB",30-07-2026 05:00:00,20.34652,85.8163,SO2,5,9,8
India,Odisha,Brajrajnagar,"GM Office, Brajrajnagar - OSPCB",30-07-2026 05:00:00,21.8004996,83.8396977,NH3,4,4,4
India,Odisha,Byasanagar,"Ferro Chrome Colony, Byasanagar - OSPCB",30-07-2026 05:00:00,20.94185,86.1151,PM10,11,78,36
India,Maharashtra,Pune,"Dhankawadi, Pune - IITM",30-07-2026 05:00:00,18.459883,73.852193,PM10,45,74,62
India,Maharashtra,Pune,"Dhankawadi, Pune - IITM",30-07-2026 05:00:00,18.459883,73.852193,SO2,NA,NA,NA
India,Maharashtra,Pune,"Panchawati_Pashan, Pune - IITM",30-07-2026 05:00:00,18.536457,73.805454,PM10,49,87,67
India,Maharashtra,Pune,"Katraj Dairy, Pune - MPCB",30-07-2026 05:00:00,18.45445,73.854155,SO2,2,3,3
India,Maharashtra,Pune,"Katraj Dairy, Pune - MPCB",30-07-2026 05:00:00,18.45445,73.854155,OZONE,10,18,11
India,Maharashtra,Satara,"Koyana Nagar, Satara - MPCB",30-07-2026 05:00:00,17.696651,74.003387,PM10,4,126,69
India,Maharashtra,Solapur,"Ratandeep Housing Society, Solapur - MPCB",30-07-2026 05:00:00,17.65439,75.90649,PM2.5,25,69,52
India,Maharashtra,Mumbai,"Deonar, Mumbai - IITM",30-07-2026 05:00:00,19.04946,72.923,PM10,96,134,121
India,Maharashtra,Mumbai,"Deonar, Mumbai - IITM",30-07-2026 05:00:00,19.04946,72.923,NH3,9,20,12
India,Maharashtra,Mumbai,"Deonar, Mumbai - IITM",30-07-2026 05:00:00,19.04946,72.923,SO2,0,8,5
India,Maharashtra,Mumbai,"Powai, Mumbai - MPCB",30-07-2026 05:00:00,19.1375,72.915056,NH3,NA,NA,NA
India,Maharashtra,Mumbai,"Powai, Mumbai - MPCB",30-07-2026 05:00:00,19.1375,72.915056,OZONE,NA,NA,NA
India,Maharashtra,Mumbai,"Kurla, Mumbai - MPCB",30-07-2026 05:00:00,19.0863,72.8888,SO2,29,29,29
India,Maharashtra,Mumbai,"Kurla, Mumbai - MPCB",30-07-2026 05:00:00,19.0863,72.8888,OZONE,28,28,28
India,Maharashtra,Nagpur,"Opp GPO Civil Lines, Nagpur - MPCB",30-07-2026 05:00:00,21.152875,79.0517531,PM2.5,17,43,28
India,Maharashtra,Nagpur,"Opp GPO Civil Lines, Nagpur - MPCB",30-07-2026 05:00:00,21.152875,79.0517531,SO2,3,6,4
India,Odisha,Cuttack,"CDA Area, Cuttack - OSPCB",30-07-2026 05:00:00,20.48891,85.84768,CO,31,51,39
India,Odisha,Keonjhar,"Jagamohanpur, Keonjhar - OSPCB",30-07-2026 05:00:00,21.6439,85.599355,NO2,13,16,14
India,Odisha,Rairangpur,"Divisional Forest Office, Rairangpur - OSPCB",30-07-2026 05:00:00,22.265816,86.174829,PM2.5,9,17,12
India,Odisha,Rairangpur,"Divisional Forest Office, Rairangpur - OSPCB",30-07-2026 05:00:00,22.265816,86.174829,SO2,5,12,9
India,Odisha,Rourkela,"Sector-2, Rourkela - OSPCB",30-07-2026 05:00:00,22.245,84.88111111,PM2.5,43,43,43
India,Odisha,Rourkela,"Fertilizer Township, Rourkela - OSPCB",30-07-2026 05:00:00,22.18972222,84.86277778,PM2.5,56,83,69
India,Maharashtra,Navi Mumbai,"Nerul, Navi Mumbai - MPCB",30-07-2026 05:00:00,19.008751,73.01662,PM10,NA,NA,NA
India,Maharashtra,Navi Mumbai,"Nerul, Navi Mumbai - MPCB",30-07-2026 05:00:00,19.008751,73.01662,SO2,NA,NA,NA
India,Maharashtra,Navi Mumbai,"Kopripada-Vashi, Navi Mumbai - MPCB",30-07-2026 05:00:00,19.090337,73.014232,SO2,0,1,1
India,Maharashtra,Navi Mumbai,"Mahape, Navi Mumbai - MPCB",30-07-2026 05:00:00,19.1135051,73.008978,NO2,42,44,43
India,Maharashtra,Navi Mumbai,"Mahape, Navi Mumbai - MPCB",30-07-2026 05:00:00,19.1135051,73.008978,NH3,1,1,1
India,Maharashtra,Navi Mumbai,"Tondare-Taloja, Navi Mumbai - MPCB",30-07-2026 05:00:00,19.063,73.1209,PM10,45,82,61
India,Maharashtra,Solapur,"Ratandeep Housing Society, Solapur - MPCB",30-07-2026 05:00:00,17.65439,75.90649,NO2,7,20,15
India,Maharashtra,Solapur,"Dnyaneshwar Nagar, Solapur - MPCB",30-07-2026 05:00:00,17.6336264,75.9132495,PM10,23,44,33
India,Maharashtra,Solapur,"Dnyaneshwar Nagar, Solapur - MPCB",30-07-2026 05:00:00,17.6336264,75.9132495,OZONE,50,51,50
India,Maharashtra,Thane,"Kasarvadavali, Thane - MPCB",30-07-2026 05:00:00,19.26777,72.97182,OZONE,16,16,16
India,Punjab,Mandi Gobindgarh,"RIMT University, Mandi Gobindgarh - PPCB",30-07-2026 05:00:00,30.649961,76.331442,PM10,52,110,83
India,Punjab,Mandi Gobindgarh,"RIMT University, Mandi Gobindgarh - PPCB",30-07-2026 05:00:00,30.649961,76.331442,NH3,5,5,5
India,Punjab,Mandi Gobindgarh,"RIMT University, Mandi Gobindgarh - PPCB",30-07-2026 05:00:00,30.649961,76.331442,SO2,7,123,33
India,Punjab,Patiala,"Model Town, Patiala - PPCB",30-07-2026 05:00:00,30.349388,76.366642,PM10,31,50,41
India,Punjab,Patiala,"Model Town, Patiala - PPCB",30-07-2026 05:00:00,30.349388,76.366642,OZONE,15,21,18
India,Punjab,Rupnagar,"Ratanpura, Rupnagar - Ambuja Cements",30-07-2026 05:00:00,31.0325454,76.5623046,NO2,9,45,26
India,Punjab,Rupnagar,"Ratanpura, Rupnagar - Ambuja Cements",30-07-2026 05:00:00,31.0325454,76.5623046,SO2,9,16,12
India,Rajasthan,Ajmer,"Civil Lines,  Ajmer - RSPCB",30-07-2026 05:00:00,26.470859,74.646594,PM2.5,49,90,68
India,Rajasthan,Ajmer,"Civil Lines,  Ajmer - RSPCB",30-07-2026 05:00:00,26.470859,74.646594,NO2,31,36,33
India,Rajasthan,Ajmer,"Civil Lines,  Ajmer - RSPCB",30-07-2026 05:00:00,26.470859,74.646594,SO2,4,14,9
India,Rajasthan,Ajmer,"Civil Lines,  Ajmer - RSPCB",30-07-2026 05:00:00,26.470859,74.646594,CO,19,33,27
India,Rajasthan,Ajmer,"Civil Lines,  Ajmer - RSPCB",30-07-2026 05:00:00,26.470859,74.646594,OZONE,6,7,6
India,Rajasthan,Alwar,"Moti Doongri, Alwar - RSPCB",30-07-2026 05:00:00,27.554793,76.611536,SO2,23,52,39
India,Rajasthan,Alwar,"Moti Doongri, Alwar - RSPCB",30-07-2026 05:00:00,27.554793,76.611536,CO,34,110,66
India,Rajasthan,Alwar,"Moti Doongri, Alwar - RSPCB",30-07-2026 05:00:00,27.554793,76.611536,OZONE,30,39,33
India,Rajasthan,Alwar,"Vigyan Nagar, Alwar - RSPCB",30-07-2026 05:00:00,27.598796,76.63861,PM10,73,119,96
India,Rajasthan,Banswara,"Rati Talai, Banswara - RSPCB",30-07-2026 05:00:00,23.55519,74.44001,OZONE,31,41,35
India,Rajasthan,Baran,"Bamboliya, Baran - RSPCB",30-07-2026 05:00:00,25.106006,76.469948,PM10,11,61,28
India,Rajasthan,Baran,"Bamboliya, Baran - RSPCB",30-07-2026 05:00:00,25.106006,76.469948,NO2,14,23,18
India,Rajasthan,Jaipur,"RIICO Sitapura, Jaipur - RSPCB",30-07-2026 05:00:00,26.786682,75.827928,PM10,22,111,68
India,Rajasthan,Jaipur,"RIICO Sitapura, Jaipur - RSPCB",30-07-2026 05:00:00,26.786682,75.827928,NO2,11,60,33
India,Rajasthan,Jaipur,"Sector-2 Murlipura, Jaipur - RSPCB",30-07-2026 05:00:00,26.960669,75.771817,NO2,14,64,29
India,Rajasthan,Jaipur,"Police Commissionerate, Jaipur - RSPCB",30-07-2026 05:00:00,26.9164092,75.7994901,NO2,13,32,19
India,Rajasthan,Jaipur,"Mansarovar Sector-12, Jaipur - RSPCB",30-07-2026 05:00:00,26.843698,75.766894,PM10,20,111,72
India,Rajasthan,Jaipur,"Mansarovar Sector-12, Jaipur - RSPCB",30-07-2026 05:00:00,26.843698,75.766894,NO2,17,79,43
India,Rajasthan,Jaipur,"Adarsh Nagar, Jaipur - RSPCB",30-07-2026 05:00:00,26.902909,75.836858,SO2,6,39,25
India,Rajasthan,Jaisalmer,"Sadar Bazar, Jaisalmer - RSPCB",30-07-2026 05:00:00,26.912329,70.909168,NO2,1,10,7
India,Rajasthan,Jalore,"Mudtra Sili, Jalore - RSPCB",30-07-2026 05:00:00,25.344694,72.626208,NO2,5,19,10
India,Rajasthan,Jalore,"Mudtra Sili, Jalore - RSPCB",30-07-2026 05:00:00,25.344694,72.626208,NH3,2,14,6
India,Rajasthan,Jhalawar,"Rajlaxmi Nagar, Jhalawar - RSPCB",30-07-2026 05:00:00,24.588397,76.172782,PM10,23,113,55
India,Rajasthan,Jhalawar,"Rajlaxmi Nagar, Jhalawar - RSPCB",30-07-2026 05:00:00,24.588397,76.172782,NH3,4,6,5
India,Rajasthan,Jhunjhunu,"Indra Nagar, Jhunjhunu - RSPCB",30-07-2026 05:00:00,28.108988,75.386577,PM10,18,121,73
India,Rajasthan,Jhunjhunu,"Indra Nagar, Jhunjhunu - RSPCB",30-07-2026 05:00:00,28.108988,75.386577,NO2,4,26,9
India,Rajasthan,Jhunjhunu,"Indra Nagar, Jhunjhunu - RSPCB",30-07-2026 05:00:00,28.108988,75.386577,SO2,2,3,2
India,Rajasthan,Jodhpur,"Digari Kalan, Jodhpur - RSPCB",30-07-2026 05:00:00,26.29581,73.082283,PM2.5,22,47,34
India,Rajasthan,Jodhpur,"Digari Kalan, Jodhpur - RSPCB",30-07-2026 05:00:00,26.29581,73.082283,PM10,81,156,112
India,Rajasthan,Jodhpur,"Digari Kalan, Jodhpur - RSPCB",30-07-2026 05:00:00,26.29581,73.082283,NO2,7,32,16
India,Rajasthan,Jodhpur,"Samrat Ashok Udhyan, Jodhpur - RSPCB",30-07-2026 05:00:00,26.253384,72.976571,SO2,3,5,4
India,Rajasthan,Jodhpur,"Collectorate, Jodhpur - RSPCB",30-07-2026 05:00:00,26.268249,73.0193853,NO2,15,20,17
India,Rajasthan,Karauli,"Satyawati Vihar, Karauli - RSPCB",30-07-2026 05:00:00,26.506177,77.025989,PM2.5,3,89,17
India,Rajasthan,Kota,"Nayapura, Kota - RSPCB",30-07-2026 05:00:00,25.196024,75.855668,CO,6,24,13
India,Odisha,Suakati,"OMC Colony, Suakati - OSPCB",30-07-2026 05:00:00,21.606865,85.510538,NO2,17,18,18
India,Odisha,Suakati,"OMC Colony, Suakati - OSPCB",30-07-2026 05:00:00,21.606865,85.510538,NH3,3,3,3
India,Odisha,Suakati,"OMC Colony, Suakati - OSPCB",30-07-2026 05:00:00,21.606865,85.510538,CO,NA,NA,NA
India,Odisha,Suakati,"OMC Colony, Suakati - OSPCB",30-07-2026 05:00:00,21.606865,85.510538,OZONE,15,18,17
India,Odisha,Talcher,"Talcher Coalfields,Talcher - OSPCB",30-07-2026 05:00:00,20.9360711,85.1707021,OZONE,17,19,17
India,Puducherry,Puducherry,"Jawahar Nagar, Puducherry - PPCC",30-07-2026 05:00:00,11.9309,79.8027,NO2,7,28,13
India,Puducherry,Puducherry,"Jawahar Nagar, Puducherry - PPCC",30-07-2026 05:00:00,11.9309,79.8027,SO2,3,11,7
India,Puducherry,Puducherry,"Jawahar Nagar, Puducherry - PPCC",30-07-2026 05:00:00,11.9309,79.8027,CO,14,20,17
India,Punjab,Amritsar,"Golden Temple, Amritsar - PPCB",30-07-2026 05:00:00,31.62,74.876512,PM10,44,100,69
India,Rajasthan,Dausa,"Khatikan Mohalla, Dausa - RSPCB",30-07-2026 05:00:00,26.895552,76.334753,PM2.5,22,93,47
India,Rajasthan,Dausa,"Khatikan Mohalla, Dausa - RSPCB",30-07-2026 05:00:00,26.895552,76.334753,PM10,33,170,77
India,Rajasthan,Dausa,"Khatikan Mohalla, Dausa - RSPCB",30-07-2026 05:00:00,26.895552,76.334753,NH3,7,26,13
India,Rajasthan,Dholpur,"Raja Ganj, Dholpur - RSPCB",30-07-2026 05:00:00,26.699557,77.898881,NH3,4,16,8
India,Rajasthan,Dholpur,"Raja Ganj, Dholpur - RSPCB",30-07-2026 05:00:00,26.699557,77.898881,OZONE,15,19,17
India,Rajasthan,Dungarpur,"Bhoiwada, Dungarpur - RSPCB",30-07-2026 05:00:00,23.837789,73.714926,PM10,34,124,85
India,Rajasthan,Dungarpur,"Bhoiwada, Dungarpur - RSPCB",30-07-2026 05:00:00,23.837789,73.714926,SO2,4,5,4
India,Rajasthan,Hanumangarh,"Housing Board, Hanumangarh - RSPCB",30-07-2026 05:00:00,29.61075,74.283608,PM2.5,3,57,34
India,Rajasthan,Bharatpur,"Krishna Nagar, Bharatpur - RSPCB",30-07-2026 05:00:00,27.215415,77.50873,NO2,7,26,14
India,Rajasthan,Bhilwara,"Pratap Nagar, Bhilwara - RSPCB",30-07-2026 05:00:00,25.339605,74.618883,SO2,4,13,7
India,Rajasthan,Bhilwara,"Pratap Nagar, Bhilwara - RSPCB",30-07-2026 05:00:00,25.339605,74.618883,CO,12,66,28
India,Rajasthan,Bhiwadi,"RIICO Ind. Area III, Bhiwadi - RSPCB",30-07-2026 05:00:00,28.194909,76.862296,PM10,78,146,106
India,Rajasthan,Bhiwadi,"RIICO Ind. Area III, Bhiwadi - RSPCB",30-07-2026 05:00:00,28.194909,76.862296,NO2,20,50,31
India,Rajasthan,Bhiwadi,"RIICO Ind. Area III, Bhiwadi - RSPCB",30-07-2026 05:00:00,28.194909,76.862296,SO2,9,15,13
India,Punjab,Bathinda,"Hardev Nagar, Bathinda - PPCB",30-07-2026 05:00:00,30.233011,74.907758,NO2,31,37,34
India,Punjab,Bathinda,"Hardev Nagar, Bathinda - PPCB",30-07-2026 05:00:00,30.233011,74.907758,NH3,NA,NA,NA
India,Punjab,Bathinda,"Hardev Nagar, Bathinda - PPCB",30-07-2026 05:00:00,30.233011,74.907758,SO2,9,25,15
India,Punjab,Jalandhar,"Civil Line, Jalandhar - PPCB",30-07-2026 05:00:00,31.321907,75.578914,SO2,15,17,16
India,Punjab,Khanna,"Kalal Majra, Khanna - PPCB",30-07-2026 05:00:00,30.736056,76.209694,NH3,7,7,7
India,Punjab,Khanna,"Kalal Majra, Khanna - PPCB",30-07-2026 05:00:00,30.736056,76.209694,CO,43,46,45
India,Rajasthan,Bikaner,"MM Ground, Bikaner - RSPCB",30-07-2026 05:00:00,28.018792,73.292658,CO,4,73,26
India,Rajasthan,Bundi,"New Colony, Bundi - RSPCB",30-07-2026 05:00:00,25.435774,75.644272,PM10,5,81,53
India,Rajasthan,Chittorgarh,"Shastri Nagar, Chittorgarh - RSPCB",30-07-2026 05:00:00,24.892047,74.623527,NO2,15,54,30
India,Rajasthan,Bhiwadi,"RIICO Ind. Area III, Bhiwadi - RSPCB",30-07-2026 05:00:00,28.194909,76.862296,CO,26,67,48
India,Tripura,Agartala,"Bardowali, Agartala - Tripura SPCB",30-07-2026 05:00:00,23.8175497,91.2726974,PM10,25,54,39
India,Tripura,Agartala,"Bardowali, Agartala - Tripura SPCB",30-07-2026 05:00:00,23.8175497,91.2726974,NO2,15,19,17
India,Tripura,Agartala,"Bardowali, Agartala - Tripura SPCB",30-07-2026 05:00:00,23.8175497,91.2726974,OZONE,6,9,7
India,Uttar Pradesh,Agra,"Shastripuram, Agra - UPPCB",30-07-2026 05:00:00,27.19862,77.92066,PM2.5,21,51,37
India,Uttar Pradesh,Agra,"Manoharpur, Agra - UPPCB",30-07-2026 05:00:00,27.23711,78.01936,PM2.5,75,107,90
India,Uttar Pradesh,Agra,"Manoharpur, Agra - UPPCB",30-07-2026 05:00:00,27.23711,78.01936,PM10,58,81,69
India,Uttar Pradesh,Agra,"Manoharpur, Agra - UPPCB",30-07-2026 05:00:00,27.23711,78.01936,OZONE,5,5,5
India,Uttar Pradesh,Agra,"Shahjahan Garden, Agra - UPPCB",30-07-2026 05:00:00,27.169338,78.03582,PM2.5,19,31,25
India,Uttar Pradesh,Agra,"Shahjahan Garden, Agra - UPPCB",30-07-2026 05:00:00,27.169338,78.03582,SO2,60,71,66
India,Uttar Pradesh,Agra,"Sanjay Palace, Agra - UPPCB",30-07-2026 05:00:00,27.19865833,78.00598056,NO2,7,11,9
India,Uttar Pradesh,Agra,"Sanjay Palace, Agra - UPPCB",30-07-2026 05:00:00,27.19865833,78.00598056,CO,30,33,32
India,Uttar Pradesh,Agra,"Sector-3B Avas Vikas Colony, Agra - UPPCB",30-07-2026 05:00:00,27.19412,77.96237,OZONE,13,15,14
India,Uttar Pradesh,Agra,"Rohta, Agra - UPPCB",30-07-2026 05:00:00,27.106972,78.000111,NO2,18,18,18
India,Uttar Pradesh,Agra,"Rohta, Agra - UPPCB",30-07-2026 05:00:00,27.106972,78.000111,OZONE,12,15,14
India,Uttar Pradesh,Baghpat,"Sardar Patel Inter College, Baghpat - UPPCB",30-07-2026 05:00:00,28.964949,77.278761,NO2,17,32,21
India,Sikkim,Gangtok,"Zero Point GICI, Gangtok - SSPCB",30-07-2026 05:00:00,27.33853,88.614099,PM2.5,NA,NA,NA
India,Sikkim,Gangtok,"Zero Point GICI, Gangtok - SSPCB",30-07-2026 05:00:00,27.33853,88.614099,PM10,NA,NA,NA
India,Tamil Nadu,Chennai,"Velachery Res. Area, Chennai - CPCB",30-07-2026 05:00:00,13.0052189,80.2398125,NO2,12,13,12
India,Tamil Nadu,Chennai,"Manali, Chennai - CPCB",30-07-2026 05:00:00,13.164544,80.26285,NO2,7,12,10
India,Tamil Nadu,Chennai,"Manali, Chennai - CPCB",30-07-2026 05:00:00,13.164544,80.26285,CO,11,25,20
India,Tamil Nadu,Chennai,"Manali Village, Chennai - TNPCB",30-07-2026 05:00:00,13.1662,80.2584,PM10,21,103,48
India,Tamil Nadu,Chennai,"Manali Village, Chennai - TNPCB",30-07-2026 05:00:00,13.1662,80.2584,NO2,7,19,14
India,Tamil Nadu,Chennai,"Kodungaiyur, Chennai - TNPCB",30-07-2026 05:00:00,13.1278,80.2642,PM2.5,29,84,46
India,Tamil Nadu,Chennai,"Kodungaiyur, Chennai - TNPCB",30-07-2026 05:00:00,13.1278,80.2642,CO,27,35,31
India,Tamil Nadu,Chennai,"Kodungaiyur, Chennai - TNPCB",30-07-2026 05:00:00,13.1278,80.2642,OZONE,29,38,32
India,Tamil Nadu,Chennai,"Perungudi, Chennai - TNPCB",30-07-2026 05:00:00,12.9533,80.2357,NO2,5,9,7
India,Tamil Nadu,Chennai,"Perungudi, Chennai - TNPCB",30-07-2026 05:00:00,12.9533,80.2357,SO2,2,9,5
India,Tamil Nadu,Chennai,"Perungudi, Chennai - TNPCB",30-07-2026 05:00:00,12.9533,80.2357,OZONE,0,1,1
India,Tamil Nadu,Coimbatore,"SIDCO Kurichi, Coimbatore - TNPCB",30-07-2026 05:00:00,10.942451,76.978996,NO2,22,23,22
India,Tamil Nadu,Coimbatore,"SIDCO Kurichi, Coimbatore - TNPCB",30-07-2026 05:00:00,10.942451,76.978996,CO,9,13,11
India,Tamil Nadu,Cuddalore,"Semmandalam, Cuddalore - TNPCB",30-07-2026 05:00:00,11.7637683,79.7499835,SO2,NA,NA,NA
India,Tamil Nadu,Thoothukudi,"Meelavittan, Thoothukudi - TNPCB",30-07-2026 05:00:00,8.816428,78.099039,CO,22,43,30
India,Telangana,Hyderabad,"Kokapet, Hyderabad - TSPCB",30-07-2026 05:00:00,17.393559,78.339194,PM2.5,28,44,37
India,Telangana,Hyderabad,"ECIL Kapra, Hyderabad - TSPCB",30-07-2026 05:00:00,17.470431,78.566959,PM2.5,31,37,35
India,Rajasthan,Sikar,"Radhakishan Pura, Sikar - RSPCB",30-07-2026 05:00:00,27.608912,75.153302,SO2,2,4,3
India,Rajasthan,Sirohi,"Vedhaynath Colony, Sirohi - RSPCB",30-07-2026 05:00:00,24.885261,72.857549,PM10,85,114,100
India,Rajasthan,Sirohi,"Vedhaynath Colony, Sirohi - RSPCB",30-07-2026 05:00:00,24.885261,72.857549,NH3,2,4,3
India,Rajasthan,Sirohi,"Vedhaynath Colony, Sirohi - RSPCB",30-07-2026 05:00:00,24.885261,72.857549,SO2,2,6,3
India,Rajasthan,Sri Ganganagar,"Old City, Sri Ganganagar - RSPCB",30-07-2026 05:00:00,29.931624,73.864511,NH3,2,6,4
India,Rajasthan,Sri Ganganagar,"Old City, Sri Ganganagar - RSPCB",30-07-2026 05:00:00,29.931624,73.864511,SO2,1,2,2
India,Rajasthan,Sri Ganganagar,"Old City, Sri Ganganagar - RSPCB",30-07-2026 05:00:00,29.931624,73.864511,OZONE,21,27,23
India,Rajasthan,Tonk,"Shastri Nagar, Tonk - RSPCB",30-07-2026 05:00:00,26.159933,75.780517,PM2.5,8,57,30
India,Rajasthan,Tonk,"Shastri Nagar, Tonk - RSPCB",30-07-2026 05:00:00,26.159933,75.780517,SO2,2,7,3
India,Telangana,Hyderabad,"Zoo Park, Hyderabad - TSPCB",30-07-2026 05:00:00,17.349694,78.451437,CO,36,77,61
India,Telangana,Hyderabad,"Nacharam_TSIIC IALA, Hyderabad - TSPCB",30-07-2026 05:00:00,17.429398,78.569354,SO2,10,16,12
India,Telangana,Hyderabad,"New Malakpet, Hyderabad - TSPCB",30-07-2026 05:00:00,17.37206,78.50864,PM2.5,27,41,34
India,Telangana,Hyderabad,"New Malakpet, Hyderabad - TSPCB",30-07-2026 05:00:00,17.37206,78.50864,PM10,44,53,46
India,Telangana,Hyderabad,"New Malakpet, Hyderabad - TSPCB",30-07-2026 05:00:00,17.37206,78.50864,NO2,11,14,12
India,Telangana,Hyderabad,"New Malakpet, Hyderabad - TSPCB",30-07-2026 05:00:00,17.37206,78.50864,CO,19,22,20
India,Telangana,Hyderabad,"IITH Kandi, Hyderabad - TSPCB",30-07-2026 05:00:00,17.585705,78.126199,NH3,2,3,3
India,Telangana,Hyderabad,"IITH Kandi, Hyderabad - TSPCB",30-07-2026 05:00:00,17.585705,78.126199,SO2,6,11,9
India,Rajasthan,Nagaur,"Karni Colony, Nagaur - RSPCB",30-07-2026 05:00:00,27.213494,73.734444,OZONE,12,22,18
India,Rajasthan,Pali,"Indira Colony Vistar, Pali - RSPCB",30-07-2026 05:00:00,25.771061,73.340227,PM10,85,203,144
India,Rajasthan,Pali,"Indira Colony Vistar, Pali - RSPCB",30-07-2026 05:00:00,25.771061,73.340227,NO2,15,25,18
India,Rajasthan,Pali,"Indira Colony Vistar, Pali - RSPCB",30-07-2026 05:00:00,25.771061,73.340227,CO,20,42,29
India,Rajasthan,Pratapgarh,"Pragati Nagar, Pratapgarh - RSPCB",30-07-2026 05:00:00,24.041198,74.780702,PM10,21,97,72
India,Rajasthan,Pratapgarh,"Pragati Nagar, Pratapgarh - RSPCB",30-07-2026 05:00:00,24.041198,74.780702,NO2,4,13,7
India,Rajasthan,Kota,"Dhanmandi, Kota - RSPCB",30-07-2026 05:00:00,25.16409,75.858137,OZONE,19,26,21
India,Rajasthan,Kota,"Shrinath Puram, Kota - RSPCB",30-07-2026 05:00:00,25.14389,75.821256,NO2,9,19,15
India,Rajasthan,Kota,"Shrinath Puram, Kota - RSPCB",30-07-2026 05:00:00,25.14389,75.821256,SO2,6,8,7
India,Rajasthan,Nagaur,"Karni Colony, Nagaur - RSPCB",30-07-2026 05:00:00,27.213494,73.734444,PM2.5,22,72,43
India,Rajasthan,Nagaur,"Karni Colony, Nagaur - RSPCB",30-07-2026 05:00:00,27.213494,73.734444,CO,9,14,12
India,Telangana,Hyderabad,"Kompally Municipal Office, Hyderabad - TSPCB",30-07-2026 05:00:00,17.544899,78.486949,NO2,11,14,12
India,Telangana,Hyderabad,"Ramachandrapuram, Hyderabad - TSPCB",30-07-2026 05:00:00,17.528544,78.286195,PM10,41,62,53
India,Telangana,Hyderabad,"Ramachandrapuram, Hyderabad - TSPCB",30-07-2026 05:00:00,17.528544,78.286195,CO,34,40,38
India,Telangana,Hyderabad,"Ramachandrapuram, Hyderabad - TSPCB",30-07-2026 05:00:00,17.528544,78.286195,OZONE,21,21,21
India,Rajasthan,Tonk,"Shastri Nagar, Tonk - RSPCB",30-07-2026 05:00:00,26.159933,75.780517,CO,27,41,32
India,Rajasthan,Udaipur,"Ashok Nagar, Udaipur - RSPCB",30-07-2026 05:00:00,24.5886166,73.6321397,PM2.5,36,208,87
India,Rajasthan,Udaipur,"Ashok Nagar, Udaipur - RSPCB",30-07-2026 05:00:00,24.5886166,73.6321397,CO,13,40,23
India,Uttar Pradesh,Greater Noida,"Knowledge Park - V, Greater Noida - UPPCB",30-07-2026 05:00:00,28.557054,77.453663,SO2,4,12,8
India,Uttar Pradesh,Greater Noida,"Knowledge Park - V, Greater Noida - UPPCB",30-07-2026 05:00:00,28.557054,77.453663,CO,6,16,10
India,Uttar Pradesh,Hapur,"Anand Vihar, Hapur - UPPCB",30-07-2026 05:00:00,28.725645,77.749675,PM2.5,23,86,56
India,Uttar Pradesh,Hapur,"Anand Vihar, Hapur - UPPCB",30-07-2026 05:00:00,28.725645,77.749675,NO2,9,35,21
India,Uttar Pradesh,Hapur,"Anand Vihar, Hapur - UPPCB",30-07-2026 05:00:00,28.725645,77.749675,NH3,16,56,24
India,Uttar Pradesh,Hapur,"Anand Vihar, Hapur - UPPCB",30-07-2026 05:00:00,28.725645,77.749675,CO,25,29,27
India,Uttar Pradesh,Hapur,"Anand Vihar, Hapur - UPPCB",30-07-2026 05:00:00,28.725645,77.749675,OZONE,10,11,11
India,Uttar Pradesh,Kanpur,"NSI Kalyanpur, Kanpur - UPPCB",30-07-2026 05:00:00,26.509954,80.249612,NO2,31,31,31
India,Uttar Pradesh,Kanpur,"Nehru Nagar, Kanpur - UPPCB",30-07-2026 05:00:00,26.4703136,80.3229863,PM2.5,25,107,49
India,Uttar Pradesh,Kanpur,"Nehru Nagar, Kanpur - UPPCB",30-07-2026 05:00:00,26.4703136,80.3229863,NO2,44,48,46
India,Uttar Pradesh,Khurja,"Kalindi Kunj, Khurja - UPPCB",30-07-2026 05:00:00,28.2348927,77.8683002,OZONE,10,11,10
India,Uttar Pradesh,Lucknow,"Gomti Nagar, Lucknow - UPPCB",30-07-2026 05:00:00,26.86812,81.005119,PM10,28,85,49
India,Uttar Pradesh,Lucknow,"Gomti Nagar, Lucknow - UPPCB",30-07-2026 05:00:00,26.86812,81.005119,NH3,NA,NA,NA
India,Uttar Pradesh,Moradabad,"Kashiram Nagar, Moradabad - UPPCB",30-07-2026 05:00:00,28.849399,78.742362,NO2,24,25,25
India,Uttar Pradesh,Moradabad,"Employment Office, Moradabad - UPPCB",30-07-2026 05:00:00,28.88528,78.7388,OZONE,16,103,56
India,Uttar Pradesh,Bulandshahr,"Yamunapuram, Bulandshahr - UPPCB",30-07-2026 05:00:00,28.406963,77.849831,CO,31,35,33
India,Uttar Pradesh,Meerut,"MIET College, Meerut - UPPCB",30-07-2026 05:00:00,28.972677,77.641018,NO2,23,65,37
India,Uttar Pradesh,Modinagar,"SRM University, Modinagar - UPPCB",30-07-2026 05:00:00,28.798171,77.540243,CO,21,30,25
India,Uttar Pradesh,Modinagar,"SRM University, Modinagar - UPPCB",30-07-2026 05:00:00,28.798171,77.540243,OZONE,0,4,2
India,Uttar Pradesh,Moradabad,"Jigar Colony, Moradabad - UPPCB",30-07-2026 05:00:00,28.856664,78.772638,OZONE,17,17,17
India,Uttar Pradesh,Moradabad,"Kashiram Nagar, Moradabad - UPPCB",30-07-2026 05:00:00,28.849399,78.742362,NO2,24,25,25
India,Uttar Pradesh,Moradabad,"Employment Office, Moradabad - UPPCB",30-07-2026 05:00:00,28.88528,78.7388,OZONE,16,103,56
India,Uttar Pradesh,Moradabad,"Buddhi Vihar, Moradabad - UPPCB",30-07-2026 05:00:00,28.83526,78.7446,PM10,36,119,67
India,Uttar Pradesh,Moradabad,"Buddhi Vihar, Moradabad - UPPCB",30-07-2026 05:00:00,28.83526,78.7446,SO2,25,25,25
India,Uttar Pradesh,Moradabad,"Buddhi Vihar, Moradabad - UPPCB",30-07-2026 05:00:00,28.83526,78.7446,CO,NA,NA,NA
India,Uttar Pradesh,Ghaziabad,"Sanjay Nagar, Ghaziabad - UPPCB",30-07-2026 05:00:00,28.685382,77.453839,NO2,1,49,20
India,Uttar Pradesh,Ghaziabad,"Sanjay Nagar, Ghaziabad - UPPCB",30-07-2026 05:00:00,28.685382,77.453839,NH3,2,6,4
India,Uttar Pradesh,Ghaziabad,"Sanjay Nagar, Ghaziabad - UPPCB",30-07-2026 05:00:00,28.685382,77.453839,OZONE,5,11,7
India,Uttar Pradesh,Ghaziabad,"Wave City, Ghaziabad - UPPCB",30-07-2026 05:00:00,28.646675,77.489049,NH3,NA,NA,NA
India,Uttar Pradesh,Ghaziabad,"Wave City, Ghaziabad - UPPCB",30-07-2026 05:00:00,28.646675,77.489049,SO2,0,3,1
India,Uttar Pradesh,Gorakhpur,"Madan Mohan Malaviya University of Technology, Gorakhpur - UPPCB",30-07-2026 05:00:00,26.730136,83.433859,NO2,11,12,11
India,Uttar Pradesh,Gorakhpur,"Madan Mohan Malaviya University of Technology, Gorakhpur - UPPCB",30-07-2026 05:00:00,26.730136,83.433859,NH3,1,1,1
India,Uttar Pradesh,Greater Noida,"Knowledge Park - III, Greater Noida - UPPCB",30-07-2026 05:00:00,28.47272,77.482,PM10,53,500,163
India,Uttar Pradesh,Greater Noida,"Knowledge Park - III, Greater Noida - UPPCB",30-07-2026 05:00:00,28.47272,77.482,CO,20,23,22
India,Telangana,Hyderabad,"IITH Kandi, Hyderabad - TSPCB",30-07-2026 05:00:00,17.585705,78.126199,NH3,2,3,3
India,Telangana,Hyderabad,"IITH Kandi, Hyderabad - TSPCB",30-07-2026 05:00:00,17.585705,78.126199,SO2,6,11,9
India,Tripura,Agartala,"Bardowali, Agartala - Tripura SPCB",30-07-2026 05:00:00,23.8175497,91.2726974,PM10,25,54,39
India,Tripura,Agartala,"Bardowali, Agartala - Tripura SPCB",30-07-2026 05:00:00,23.8175497,91.2726974,NO2,15,19,17
India,Tripura,Agartala,"Bardowali, Agartala - Tripura SPCB",30-07-2026 05:00:00,23.8175497,91.2726974,OZONE,6,9,7
India,Uttar Pradesh,Agra,"Shastripuram, Agra - UPPCB",30-07-2026 05:00:00,27.19862,77.92066,PM2.5,21,51,37
India,Uttar Pradesh,Agra,"Manoharpur, Agra - UPPCB",30-07-2026 05:00:00,27.23711,78.01936,PM2.5,75,107,90
India,Uttar Pradesh,Agra,"Manoharpur, Agra - UPPCB",30-07-2026 05:00:00,27.23711,78.01936,PM10,58,81,69
India,Uttar Pradesh,Moradabad,"Buddhi Vihar, Moradabad - UPPCB",30-07-2026 05:00:00,28.83526,78.7446,OZONE,19,23,21
India,Uttar Pradesh,Moradabad,"Transport Nagar, Moradabad - UPPCB",30-07-2026 05:00:00,28.802625,78.753728,NO2,24,24,24
India,Uttar Pradesh,Muzaffarnagar,"New Mandi, Muzaffarnagar - UPPCB",30-07-2026 05:00:00,29.4723508,77.7194031,PM2.5,25,133,60
India,Uttar Pradesh,Noida,"Sector-116, Noida - UPPCB",30-07-2026 05:00:00,28.56923,77.393848,OZONE,17,34,24
India,Uttar Pradesh,Noida,"Sector-1, Noida - UPPCB",30-07-2026 05:00:00,28.5898,77.3101,PM10,40,140,80
India,Uttar Pradesh,Noida,"Sector - 62, Noida - IITM",30-07-2026 05:00:00,28.6245479,77.3577104,PM2.5,42,130,70
India,Uttar Pradesh,Noida,"Sector - 62, Noida - IITM",30-07-2026 05:00:00,28.6245479,77.3577104,CO,24,53,34
India,Telangana,Hyderabad,"Ramachandrapuram, Hyderabad - TSPCB",30-07-2026 05:00:00,17.528544,78.286195,PM10,41,62,53
India,Telangana,Hyderabad,"Ramachandrapuram, Hyderabad - TSPCB",30-07-2026 05:00:00,17.528544,78.286195,CO,34,40,38
India,Telangana,Hyderabad,"Ramachandrapuram, Hyderabad - TSPCB",30-07-2026 05:00:00,17.528544,78.286195,OZONE,21,21,21
India,Telangana,Hyderabad,"Zoo Park, Hyderabad - TSPCB",30-07-2026 05:00:00,17.349694,78.451437,CO,36,77,61
India,Telangana,Hyderabad,"Nacharam_TSIIC IALA, Hyderabad - TSPCB",30-07-2026 05:00:00,17.429398,78.569354,SO2,10,16,12
India,Telangana,Hyderabad,"New Malakpet, Hyderabad - TSPCB",30-07-2026 05:00:00,17.37206,78.50864,PM2.5,27,41,34
India,Telangana,Hyderabad,"New Malakpet, Hyderabad - TSPCB",30-07-2026 05:00:00,17.37206,78.50864,PM10,44,53,46
India,Telangana,Hyderabad,"New Malakpet, Hyderabad - TSPCB",30-07-2026 05:00:00,17.37206,78.50864,NO2,11,14,12
India,Telangana,Hyderabad,"New Malakpet, Hyderabad - TSPCB",30-07-2026 05:00:00,17.37206,78.50864,CO,19,22,20
India,Uttar Pradesh,Lucknow,"Kendriya Vidyalaya, Lucknow - CPCB",30-07-2026 05:00:00,26.906111,80.948222,PM10,11,63,41
India,Uttar Pradesh,Lucknow,"Kendriya Vidyalaya, Lucknow - CPCB",30-07-2026 05:00:00,26.906111,80.948222,OZONE,20,23,22
India,Uttar Pradesh,Lucknow,"Talkatora District Industries Center, Lucknow - CPCB",30-07-2026 05:00:00,26.83399722,80.8917361,NO2,18,26,21
India,Uttar Pradesh,Mathura,"Pali Dungra, Mathura - UPPCB",30-07-2026 05:00:00,27.410954,77.550619,SO2,4,8,6
India,Uttar Pradesh,Meerut,"Pallavpuram Phase 2, Meerut - UPPCB",30-07-2026 05:00:00,29.06351,77.709723,PM10,61,115,87
India,Uttar Pradesh,Meerut,"Pallavpuram Phase 2, Meerut - UPPCB",30-07-2026 05:00:00,29.06351,77.709723,OZONE,16,30,21
India,Uttar Pradesh,Noida,"Sector - 125, Noida - UPPCB",30-07-2026 05:00:00,28.5447608,77.3231257,SO2,4,8,6
India,Uttar Pradesh,Prayagraj,"Jhunsi, Prayagraj - UPPCB",30-07-2026 05:00:00,25.425602,81.917152,NO2,5,6,6
India,Uttar Pradesh,Prayagraj,"Jhunsi, Prayagraj - UPPCB",30-07-2026 05:00:00,25.425602,81.917152,OZONE,27,31,30
India,Uttar Pradesh,Prayagraj,"Nagar Nigam, Prayagraj - UPPCB",30-07-2026 05:00:00,25.44919916,81.82735986,CO,12,18,15
India,Uttar Pradesh,Prayagraj,"Motilal Nehru NIT, Prayagraj - UPPCB",30-07-2026 05:00:00,25.494,81.863,NO2,12,12,12
India,Uttar Pradesh,Prayagraj,"Motilal Nehru NIT, Prayagraj - UPPCB",30-07-2026 05:00:00,25.494,81.863,SO2,6,51,29
India,Uttar Pradesh,Raebareli," Indira Nagar, Raebareli - NTPC Unchahar",30-07-2026 05:00:00,26.207781,81.245571,PM2.5,40,43,41
India,Uttar Pradesh,Raebareli," Indira Nagar, Raebareli - NTPC Unchahar",30-07-2026 05:00:00,26.207781,81.245571,NO2,15,24,19
India,Uttar Pradesh,Raebareli," Indira Nagar, Raebareli - NTPC Unchahar",30-07-2026 05:00:00,26.207781,81.245571,OZONE,13,19,16
India,Uttar Pradesh,Shamli,"New Tehsil, Shamli - UPPCB",30-07-2026 05:00:00,29.4603683,77.3410291,NO2,NA,NA,NA
India,Uttar Pradesh,Shamli,"New Tehsil, Shamli - UPPCB",30-07-2026 05:00:00,29.4603683,77.3410291,NH3,NA,NA,NA
India,Uttar Pradesh,Varanasi,"IESD Banaras Hindu University, Varanasi - UPPCB",30-07-2026 05:00:00,25.262326,82.995408,NO2,2,2,2
India,Uttar Pradesh,Varanasi,"IESD Banaras Hindu University, Varanasi - UPPCB",30-07-2026 05:00:00,25.262326,82.995408,NH3,4,7,5
India,Uttar Pradesh,Varanasi,"IESD Banaras Hindu University, Varanasi - UPPCB",30-07-2026 05:00:00,25.262326,82.995408,OZONE,8,8,8
India,Uttar Pradesh,Varanasi,"Maldahiya, Varanasi - UPPCB",30-07-2026 05:00:00,25.32393,82.99687,NH3,0,0,0
India,Uttar Pradesh,Varanasi,"Maldahiya, Varanasi - UPPCB",30-07-2026 05:00:00,25.32393,82.99687,SO2,30,30,30
India,Uttar Pradesh,Varanasi,"Maldahiya, Varanasi - UPPCB",30-07-2026 05:00:00,25.32393,82.99687,OZONE,4,4,4
India,Uttar Pradesh,Varanasi,"Bhelupur, Varanasi - UPPCB",30-07-2026 05:00:00,25.301778,82.996789,NH3,1,1,1
India,Uttar Pradesh,Varanasi,"Ardhali Bazar, Varanasi - UPPCB",30-07-2026 05:00:00,25.3505986,82.9083074,PM10,28,70,48
India,Uttar Pradesh,Vrindavan,"Omex Eternity, Vrindavan - UPPCB",30-07-2026 05:00:00,27.571409,77.655757,NH3,7,9,8
India,Uttar Pradesh,Vrindavan,"Omex Eternity, Vrindavan - UPPCB",30-07-2026 05:00:00,27.571409,77.655757,CO,8,10,9
India,Uttarakhand,Kashipur,"Govt. Girls Inter College, Kashipur - UKPCB",30-07-2026 05:00:00,29.2124114,78.9611753,PM10,NA,NA,NA
India,Uttarakhand,Kashipur,"Govt. Girls Inter College, Kashipur - UKPCB",30-07-2026 05:00:00,29.2124114,78.9611753,NO2,NA,NA,NA
India,Uttarakhand,Rishikesh,"Shivaji Nagar, Rishikesh - UKPCB",30-07-2026 05:00:00,30.075911,78.2859547,PM2.5,2,2,2
India,Uttarakhand,Rishikesh,"Shivaji Nagar, Rishikesh - UKPCB",30-07-2026 05:00:00,30.075911,78.2859547,NO2,7,7,7
India,West Bengal,Asansol,"Mahabir Colliery, Asansol - WBPCB",30-07-2026 05:00:00,23.618183,87.105718,PM2.5,13,64,33
India,West Bengal,Asansol,"Mahabir Colliery, Asansol - WBPCB",30-07-2026 05:00:00,23.618183,87.105718,NO2,2,2,2
India,West Bengal,Asansol,"Mahabir Colliery, Asansol - WBPCB",30-07-2026 05:00:00,23.618183,87.105718,CO,26,42,34
India,West Bengal,Asansol,"Asansol Court Area, Asansol - WBPCB",30-07-2026 05:00:00,23.685297,86.945968,NO2,29,37,34
India,West Bengal,Asansol,"Asansol Court Area, Asansol - WBPCB",30-07-2026 05:00:00,23.685297,86.945968,CO,31,50,38
India,West Bengal,Barrackpore,"SVSPA Campus, Barrackpore - WBPCB",30-07-2026 05:00:00,22.7605581,88.3617589,OZONE,3,5,4
India,West Bengal,Durgapur,"Mahishkapur Road_B-Zone, Durgapur - WBPCB",30-07-2026 05:00:00,23.567923,87.306843,SO2,13,13,13
India,West Bengal,Durgapur,"PCBL Residential Complex, Durgapur - WBPCB",30-07-2026 05:00:00,23.508764,87.35444,OZONE,3,4,3
India,West Bengal,Haldia,"Priyambada Housing Estate, Haldia - WBPCB",30-07-2026 05:00:00,22.06047,88.109737,SO2,5,22,9
India,West Bengal,Haldia,"Priyambada Housing Estate, Haldia - WBPCB",30-07-2026 05:00:00,22.06047,88.109737,OZONE,27,29,28
India,West Bengal,Howrah,"Padmapukur, Howrah - WBPCB",30-07-2026 05:00:00,22.5687319,88.2797276,NH3,3,11,8
India,West Bengal,Howrah,"Padmapukur, Howrah - WBPCB",30-07-2026 05:00:00,22.5687319,88.2797276,OZONE,16,22,19
India,West Bengal,Howrah,"Belur Math, Howrah - WBPCB",30-07-2026 05:00:00,22.629801,88.352017,PM10,28,42,35
India,West Bengal,Howrah,"Belur Math, Howrah - WBPCB",30-07-2026 05:00:00,22.629801,88.352017,OZONE,8,9,8
India,West Bengal,Howrah,"Botanical Garden, Howrah - WBPCB",30-07-2026 05:00:00,22.554954,88.292568,PM2.5,10,36,25
India,West Bengal,Howrah,"Botanical Garden, Howrah - WBPCB",30-07-2026 05:00:00,22.554954,88.292568,OZONE,1,2,2
India,West Bengal,Howrah,"Ghusuri, Howrah - WBPCB",30-07-2026 05:00:00,22.611968,88.347422,PM2.5,15,39,28
India,West Bengal,Howrah,"Ghusuri, Howrah - WBPCB",30-07-2026 05:00:00,22.611968,88.347422,NH3,3,4,3
India,West Bengal,Kolkata,"Fort William, Kolkata - WBPCB",30-07-2026 05:00:00,22.55664,88.342674,NO2,17,28,21
India,West Bengal,Kolkata,"Fort William, Kolkata - WBPCB",30-07-2026 05:00:00,22.55664,88.342674,NH3,9,10,9
India,West Bengal,Kolkata,"Fort William, Kolkata - WBPCB",30-07-2026 05:00:00,22.55664,88.342674,OZONE,7,8,7
India,West Bengal,Kolkata,"Ballygunge, Kolkata - WBPCB",30-07-2026 05:00:00,22.5367507,88.3638022,SO2,7,13,10
India,West Bengal,Kolkata,"Rabindra Sarobar, Kolkata - WBPCB",30-07-2026 05:00:00,22.51106,88.35142,CO,9,16,11
India,West Bengal,Kolkata,"Rabindra Sarobar, Kolkata - WBPCB",30-07-2026 05:00:00,22.51106,88.35142,OZONE,20,24,21
India,West Bengal,Kolkata,"Jadavpur, Kolkata - WBPCB",30-07-2026 05:00:00,22.49929,88.36917,CO,27,29,28
India,West Bengal,Kolkata,"Rabindra Bharati University, Kolkata - WBPCB",30-07-2026 05:00:00,22.627847,88.380669,PM2.5,16,39,26
India,West Bengal,Kolkata,"Rabindra Bharati University, Kolkata - WBPCB",30-07-2026 05:00:00,22.627847,88.380669,SO2,9,11,10
India,West Bengal,Kolkata,"Victoria, Kolkata - WBPCB",30-07-2026 05:00:00,22.5448082,88.3403691,CO,45,61,52
India,West Bengal,Kolkata,"Bidhannagar, Kolkata - WBPCB",30-07-2026 05:00:00,22.58157048,88.41002457,CO,33,38,35
India,West Bengal,Siliguri,"Ward-32 Bapupara, Siliguri - WBPCB",30-07-2026 05:00:00,26.6879226,88.4152495,NO2,102,125,115
India,Andhra Pradesh,Machilipatnam,"Srinivas Nagar Colony, Machilipatnam - APPCB",30-07-2026 05:00:00,16.186555,81.13219,CO,8,9,9
India,Andhra Pradesh,Nellore,"Ambedkar Nagar, Nellore - APPCB ",30-07-2026 05:00:00,14.438164,79.966814,PM10,55,80,68
India,Andhra Pradesh,Nellore,"Ambedkar Nagar, Nellore - APPCB ",30-07-2026 05:00:00,14.438164,79.966814,NO2,27,36,30
India,Andhra Pradesh,Rajamahendravaram,"Anand Kala Kshetram, Rajamahendravaram - APPCB",30-07-2026 05:00:00,16.9872867,81.7363176,PM10,6,50,31
India,Andhra Pradesh,Rajamahendravaram,"Anand Kala Kshetram, Rajamahendravaram - APPCB",30-07-2026 05:00:00,16.9872867,81.7363176,NO2,2,9,6
India,Andhra Pradesh,Srikakulam,"Chinna Bharatham Colony, Srikakulam - APPCB",30-07-2026 05:00:00,18.292191,83.897173,PM10,37,69,48
India,Andhra Pradesh,Srikakulam,"Chinna Bharatham Colony, Srikakulam - APPCB",30-07-2026 05:00:00,18.292191,83.897173,CO,4,16,8
India,Andhra Pradesh,Tirumala,"Toll Gate, Tirumala - APPCB",30-07-2026 05:00:00,13.67,79.35,NH3,2,3,2
India,Andhra Pradesh,Tirumala,"Toll Gate, Tirumala - APPCB",30-07-2026 05:00:00,13.67,79.35,SO2,2,7,5
India,Bihar,Araria,"Kharahiya Basti, Araria - BSPCB",30-07-2026 05:00:00,26.146529,87.454184,PM10,33,41,37
India,Bihar,Araria,"Kharahiya Basti, Araria - BSPCB",30-07-2026 05:00:00,26.146529,87.454184,NO2,10,17,13
India,Bihar,Araria,"Kharahiya Basti, Araria - BSPCB",30-07-2026 05:00:00,26.146529,87.454184,NH3,4,4,4
India,Bihar,Arrah,"New DM Office, Arrah - BSPCB",30-07-2026 05:00:00,25.5626095,84.663264,CO,50,64,55
India,Bihar,Arrah,"New DM Office, Arrah - BSPCB",30-07-2026 05:00:00,25.5626095,84.663264,OZONE,5,21,12
India,Bihar,Aurangabad,"Gurdeo Nagar, Aurangabad - BSPCB",30-07-2026 05:00:00,24.75746,84.366208,PM2.5,NA,NA,NA
India,Bihar,Aurangabad,"Gurdeo Nagar, Aurangabad - BSPCB",30-07-2026 05:00:00,24.75746,84.366208,SO2,1,34,12
India,Bihar,Begusarai,"Lohiyanagar, Begusarai - BSPCB",30-07-2026 05:00:00,25.42742023,86.13886079,PM10,2,267,79
India,Bihar,Begusarai,"Lohiyanagar, Begusarai - BSPCB",30-07-2026 05:00:00,25.42742023,86.13886079,SO2,14,22,18
India,Andhra Pradesh,Vijayawada,"HB Colony, Vijayawada - APPCB",30-07-2026 05:00:00,16.536107,80.594233,PM2.5,47,71,56
India,Andhra Pradesh,Vijayawada,"HB Colony, Vijayawada - APPCB",30-07-2026 05:00:00,16.536107,80.594233,NO2,11,26,16
India,Andhra Pradesh,Vijayawada,"Rajiv Gandhi Park, Vijayawada - APPCB",30-07-2026 05:00:00,16.509717,80.612222,PM10,39,88,57
India,Andhra Pradesh,Vijayawada,"Rajiv Nagar, Vijayawada - APPCB",30-07-2026 05:00:00,16.554731,80.64911,NO2,13,19,14
India,Andhra Pradesh,Visakhapatnam,"GVM Corporation, Visakhapatnam - APPCB",30-07-2026 05:00:00,17.72,83.3,PM10,45,152,93
India,Arunachal Pradesh,Naharlagun,"Naharlagun, Naharlagun - APSPCB",30-07-2026 05:00:00,27.103358,93.679645,PM10,NA,NA,NA
India,Andhra Pradesh,Eluru,"District Court, Eluru - APPCB",30-07-2026 05:00:00,16.711754,81.092095,CO,8,20,11
India,Andhra Pradesh,Guntur,"Rajendra Nagar North, Guntur - APPCB",30-07-2026 05:00:00,16.316553,80.413302,PM10,40,71,48
India,Andhra Pradesh,Guntur,"Rajendra Nagar North, Guntur - APPCB",30-07-2026 05:00:00,16.316553,80.413302,NH3,4,9,6
India,Andhra Pradesh,Guntur,"Rajendra Nagar North, Guntur - APPCB",30-07-2026 05:00:00,16.316553,80.413302,SO2,6,17,9
India,Andhra Pradesh,Kadapa,"Yerramukkapalli, Kadapa - APPCB",30-07-2026 05:00:00,14.465052,78.824187,PM2.5,NA,NA,NA
India,Andhra Pradesh,Kadapa,"Yerramukkapalli, Kadapa - APPCB",30-07-2026 05:00:00,14.465052,78.824187,NO2,NA,NA,NA
India,Andhra Pradesh,Kakinada,"Rama Rao Peta, Kakinada - APPCB",30-07-2026 05:00:00,16.962488,82.229513,PM2.5,3,61,26
India,Arunachal Pradesh,Naharlagun,"Naharlagun, Naharlagun - APSPCB",30-07-2026 05:00:00,27.103358,93.679645,CO,12,12,12
India,Assam,Guwahati,"Pan Bazaar, Guwahati - PCBA",30-07-2026 05:00:00,26.1875,91.744194,CO,13,28,22
India,Assam,Guwahati,"Railway Colony, Guwahati - PCBA",30-07-2026 05:00:00,26.181742,91.78063,PM10,10,32,19
India,Assam,Nagaon,"Christianpatty, Nagaon - PCBA",30-07-2026 05:00:00,26.349082,92.68449,PM2.5,38,73,52
India,Assam,Nagaon,"Christianpatty, Nagaon - PCBA",30-07-2026 05:00:00,26.349082,92.68449,OZONE,6,14,10
India,Bihar,Buxar,"Charitra Van, Buxar - BSPCB",30-07-2026 05:00:00,25.56752,83.966379,NO2,9,10,9
India,Bihar,Buxar,"Charitra Van, Buxar - BSPCB",30-07-2026 05:00:00,25.56752,83.966379,CO,23,28,25
India,Bihar,Chhapra,"Darshan Nagar, Chhapra - BSPCB",30-07-2026 05:00:00,25.7808257,84.7446768,PM2.5,60,63,62
India,Bihar,Chhapra,"Darshan Nagar, Chhapra - BSPCB",30-07-2026 05:00:00,25.7808257,84.7446768,NH3,2,4,3
India,Bihar,Gaya,"SFTI Kusdihra, Gaya - BSPCB",30-07-2026 05:00:00,24.762518,84.982348,PM2.5,20,40,28
India,Bihar,Gaya,"SFTI Kusdihra, Gaya - BSPCB",30-07-2026 05:00:00,24.762518,84.982348,NH3,4,6,5
India,Andhra Pradesh,Kakinada,"Rama Rao Peta, Kakinada - APPCB",30-07-2026 05:00:00,16.962488,82.229513,CO,4,17,8
India,Andhra Pradesh,Machilipatnam,"Srinivas Nagar Colony, Machilipatnam - APPCB",30-07-2026 05:00:00,16.186555,81.13219,PM2.5,38,70,50
India,Andhra Pradesh,Anantapur,"Gulzarpet, Anantapur - APPCB",30-07-2026 05:00:00,14.675886,77.593027,PM2.5,47,74,62
India,Andhra Pradesh,Anantapur,"Gulzarpet, Anantapur - APPCB",30-07-2026 05:00:00,14.675886,77.593027,CO,20,22,21
India,Andhra Pradesh,Eluru,"District Court, Eluru - APPCB",30-07-2026 05:00:00,16.711754,81.092095,PM2.5,48,70,56
India,Andhra Pradesh,Amaravati,"Secretariat, Amaravati - APPCB",30-07-2026 05:00:00,16.5150833,80.5181667,PM10,10,68,41
India,Andhra Pradesh,Amaravati,"Secretariat, Amaravati - APPCB",30-07-2026 05:00:00,16.5150833,80.5181667,OZONE,14,24,18
India,Bihar,Bettiah,"Kamalnath Nagar, Bettiah - BSPCB",30-07-2026 05:00:00,26.80365,84.51954,OZONE,21,24,22
India,Bihar,Motihari,"Gandak Colony, Motihari - BSPCB",30-07-2026 05:00:00,26.63086,84.90051,CO,10,14,12
India,Bihar,Munger,"Town Hall, Munger - BSPCB",30-07-2026 05:00:00,25.376776,86.471523,PM10,NA,NA,NA
India,Bihar,Muzaffarpur,"Muzaffarpur Collectorate, Muzaffarpur - BSPCB",30-07-2026 05:00:00,26.1209,85.3647,PM2.5,33,65,45
India,Bihar,Muzaffarpur,"Muzaffarpur Collectorate, Muzaffarpur - BSPCB",30-07-2026 05:00:00,26.1209,85.3647,PM10,NA,NA,NA
India,Bihar,Muzaffarpur,"MIT-Daudpur Kothi, Muzaffarpur - BSPCB",30-07-2026 05:00:00,26.1403345,85.3650192,PM2.5,22,44,30
India,Bihar,Muzaffarpur,"MIT-Daudpur Kothi, Muzaffarpur - BSPCB",30-07-2026 05:00:00,26.1403345,85.3650192,CO,9,14,12
India,Bihar,Patna,"IGSC Planetarium Complex, Patna - BSPCB",30-07-2026 05:00:00,25.610369,85.132568,CO,22,25,24
India,Bihar,Patna,"IGSC Planetarium Complex, Patna - BSPCB",30-07-2026 05:00:00,25.610369,85.132568,OZONE,60,61,60
India,Bihar,Patna,"Rajbansi Nagar, Patna - BSPCB",30-07-2026 05:00:00,25.599486,85.113666,PM2.5,8,33,21
India,Bihar,Patna,"Rajbansi Nagar, Patna - BSPCB",30-07-2026 05:00:00,25.599486,85.113666,CO,12,24,17
India,Bihar,Gaya,"Collectorate, Gaya - BSPCB",30-07-2026 05:00:00,24.7955,84.9994,SO2,7,7,7
India,Bihar,Gaya,"Kareemganj, Gaya - BSPCB",30-07-2026 05:00:00,24.792403,84.992416,PM10,6,85,37
India,Bihar,Gaya,"Kareemganj, Gaya - BSPCB",30-07-2026 05:00:00,24.792403,84.992416,OZONE,15,68,35
India,Bihar,Hajipur,"Industrial Area, Hajipur - BSPCB",30-07-2026 05:00:00,25.697189,85.2459,NO2,0,35,14
India,Bihar,Katihar,"Mirchaibari, Katihar - BSPCB",30-07-2026 05:00:00,25.560083,87.553265,PM2.5,17,35,29
India,Bihar,Katihar,"Mirchaibari, Katihar - BSPCB",30-07-2026 05:00:00,25.560083,87.553265,PM10,17,36,29
India,Bihar,Katihar,"Mirchaibari, Katihar - BSPCB",30-07-2026 05:00:00,25.560083,87.553265,CO,69,94,80
India,Bihar,Purnia,"Mariam Nagar, Purnia - BSPCB",30-07-2026 05:00:00,25.366336,87.117468,CO,57,59,58
India,Bihar,Rajgir,"Dangi Tola, Rajgir - BSPCB",30-07-2026 05:00:00,25.0328,85.41948,NO2,13,15,14
India,Bihar,Saharsa,"Police Line, Saharsa - BSPCB",30-07-2026 05:00:00,25.892357,86.590325,PM2.5,33,42,34
India,Chandigarh,Chandigarh,"Sector-53, Chandigarh - CPCC",30-07-2026 05:00:00,30.719859,76.738637,NH3,20,28,24
India,Chandigarh,Chandigarh,"Sector-53, Chandigarh - CPCC",30-07-2026 05:00:00,30.719859,76.738637,OZONE,4,14,9
India,Chhattisgarh,Bhilai,"Hathkhoj, Bhilai - CECB",30-07-2026 05:00:00,21.224231,81.40835,OZONE,10,16,12
India,Chhattisgarh,Korba,"Urja Nagar, Korba - CECB",30-07-2026 05:00:00,22.348441,82.549611,SO2,12,19,16
India,Chhattisgarh,Korba,"Urja Nagar, Korba - CECB",30-07-2026 05:00:00,22.348441,82.549611,CO,13,15,14
India,Chhattisgarh,Korba,"Rampur, Korba - CECB",30-07-2026 05:00:00,22.368195,82.746431,SO2,8,98,30
India,Chhattisgarh,Korba,"Rampur, Korba - CECB",30-07-2026 05:00:00,22.368195,82.746431,OZONE,5,6,5
India,Bihar,Patna,"DRM Office Danapur, Patna - BSPCB",30-07-2026 05:00:00,25.586562,85.043586,PM10,28,45,36
India,Bihar,Patna,"DRM Office Danapur, Patna - BSPCB",30-07-2026 05:00:00,25.586562,85.043586,OZONE,11,12,11
India,Bihar,Patna,"Govt. High School Shikarpur, Patna - BSPCB",30-07-2026 05:00:00,25.592539,85.227158,PM2.5,40,45,42
India,Bihar,Patna,"Govt. High School Shikarpur, Patna - BSPCB",30-07-2026 05:00:00,25.592539,85.227158,NO2,5,7,6
India,Bihar,Patna,"Govt. High School Shikarpur, Patna - BSPCB",30-07-2026 05:00:00,25.592539,85.227158,CO,31,39,33
India,Chandigarh,Chandigarh,"Sector-25, Chandigarh - CPCC",30-07-2026 05:00:00,30.751462,76.762879,PM2.5,17,44,33
India,Chandigarh,Chandigarh,"Sector-25, Chandigarh - CPCC",30-07-2026 05:00:00,30.751462,76.762879,SO2,5,9,8
India,Chhattisgarh,Bhilai,"Civic Center, Bhilai - Bhilai Steel Plant",30-07-2026 05:00:00,21.185571,81.343175,SO2,8,12,10
India,Bihar,Manguraha,"Forest Rest House, Manguraha - BSPCB",30-07-2026 05:00:00,27.308328,84.531742,PM10,NA,NA,NA
India,Bihar,Motihari,"Gandak Colony, Motihari - BSPCB",30-07-2026 05:00:00,26.63086,84.90051,SO2,2,3,3
India,Chhattisgarh,Bhilai,"32Bungalows, Bhilai - CECB",30-07-2026 05:00:00,21.194815,81.31477,PM2.5,3,15,8
India,Chhattisgarh,Bhilai,"Hathkhoj, Bhilai - CECB",30-07-2026 05:00:00,21.224231,81.40835,PM2.5,8,28,15
India,Chhattisgarh,Bhilai,"Hathkhoj, Bhilai - CECB",30-07-2026 05:00:00,21.224231,81.40835,NO2,7,39,17
India,Delhi,Delhi,"IIT Delhi, Delhi - IITM",30-07-2026 05:00:00,28.54246,77.191651,NO2,5,46,17
India,Delhi,Delhi,"IIT Delhi, Delhi - IITM",30-07-2026 05:00:00,28.54246,77.191651,OZONE,14,23,18
India,Delhi,Delhi,"Dr. Karni Singh Shooting Range, Delhi - DPCC",30-07-2026 05:00:00,28.498571,77.26484,PM2.5,15,88,52
India,Delhi,Delhi,"Dr. Karni Singh Shooting Range, Delhi - DPCC",30-07-2026 05:00:00,28.498571,77.26484,PM10,31,131,76
India,Delhi,Delhi,"Dr. Karni Singh Shooting Range, Delhi - DPCC",30-07-2026 05:00:00,28.498571,77.26484,NH3,6,8,7
India,Delhi,Delhi,"Dr. Karni Singh Shooting Range, Delhi - DPCC",30-07-2026 05:00:00,28.498571,77.26484,OZONE,8,11,10
India,Delhi,Delhi,"Dwarka-Sector 8, Delhi - DPCC ",30-07-2026 05:00:00,28.5710274,77.0719006,PM2.5,30,83,61
India,Delhi,Delhi,"Dwarka-Sector 8, Delhi - DPCC ",30-07-2026 05:00:00,28.5710274,77.0719006,NH3,7,14,10
India,Delhi,Delhi,"Dwarka-Sector 8, Delhi - DPCC ",30-07-2026 05:00:00,28.5710274,77.0719006,SO2,11,16,14
India,Delhi,Delhi,"Dwarka-Sector 8, Delhi - DPCC ",30-07-2026 05:00:00,28.5710274,77.0719006,OZONE,5,11,7
India,Delhi,Delhi,"DTU, Delhi - CPCB",30-07-2026 05:00:00,28.7500499,77.1112615,CO,36,71,55
India,Delhi,Delhi,"Anand Vihar, Delhi - DPCC",30-07-2026 05:00:00,28.647622,77.315809,CO,71,105,85
India,Delhi,Delhi,"Mundka, Delhi - DPCC",30-07-2026 05:00:00,28.684678,77.076574,PM2.5,30,167,89
India,Delhi,Delhi,"Mundka, Delhi - DPCC",30-07-2026 05:00:00,28.684678,77.076574,OZONE,2,5,3
India,Delhi,Delhi,"Wazirpur, Delhi - DPCC",30-07-2026 05:00:00,28.699793,77.165453,NH3,1,6,4
India,Delhi,Delhi,"Wazirpur, Delhi - DPCC",30-07-2026 05:00:00,28.699793,77.165453,OZONE,12,19,15
India,Delhi,Delhi,"Najafgarh, Delhi - DPCC",30-07-2026 05:00:00,28.570173,76.933762,PM10,39,139,84
India,Delhi,Delhi,"Najafgarh, Delhi - DPCC",30-07-2026 05:00:00,28.570173,76.933762,NO2,12,34,21
India,Delhi,Delhi,"Patparganj, Delhi - DPCC",30-07-2026 05:00:00,28.623763,77.287209,PM2.5,37,130,79
India,Delhi,Delhi,"Patparganj, Delhi - DPCC",30-07-2026 05:00:00,28.623763,77.287209,OZONE,1,6,3
India,Delhi,Delhi,"Nehru Nagar, Delhi - DPCC",30-07-2026 05:00:00,28.56789,77.250515,PM2.5,5,250,90
India,Delhi,Delhi,"Nehru Nagar, Delhi - DPCC",30-07-2026 05:00:00,28.56789,77.250515,CO,8,99,61
India,Delhi,Delhi,"Nehru Nagar, Delhi - DPCC",30-07-2026 05:00:00,28.56789,77.250515,OZONE,2,7,4
India,Delhi,Delhi,"Sri Aurobindo Marg, Delhi - DPCC",30-07-2026 05:00:00,28.531346,77.190156,PM2.5,28,67,49
India,Delhi,Delhi,"Sri Aurobindo Marg, Delhi - DPCC",30-07-2026 05:00:00,28.531346,77.190156,PM10,49,119,83
India,Delhi,Delhi,"Sri Aurobindo Marg, Delhi - DPCC",30-07-2026 05:00:00,28.531346,77.190156,NH3,2,6,3
India,Delhi,Delhi,"Sri Aurobindo Marg, Delhi - DPCC",30-07-2026 05:00:00,28.531346,77.190156,CO,34,87,63
India,Delhi,Delhi,"IHBAS, Dilshad Garden, Delhi - CPCB",30-07-2026 05:00:00,28.6811736,77.3025234,PM2.5,55,73,64
India,Delhi,Delhi,"Jahangirpuri, Delhi - DPCC",30-07-2026 05:00:00,28.73282,77.170633,OZONE,8,11,10
India,Delhi,Delhi,"Rohini, Delhi - DPCC",30-07-2026 05:00:00,28.732528,77.11992,PM10,109,188,142
India,Delhi,Delhi,"Rohini, Delhi - DPCC",30-07-2026 05:00:00,28.732528,77.11992,SO2,6,8,7
India,Chhattisgarh,Raipur,"Bhatagaon New ISBT, Raipur - CECB",30-07-2026 05:00:00,21.219665,81.630094,PM2.5,1,20,6
India,Chhattisgarh,Raipur,"Bhatagaon New ISBT, Raipur - CECB",30-07-2026 05:00:00,21.219665,81.630094,NO2,NA,NA,NA
India,Chhattisgarh,Raipur,"Bhatagaon New ISBT, Raipur - CECB",30-07-2026 05:00:00,21.219665,81.630094,NH3,2,2,2
India,Chhattisgarh,Raipur,"Bhatagaon New ISBT, Raipur - CECB",30-07-2026 05:00:00,21.219665,81.630094,OZONE,3,4,3
India,Chhattisgarh,Raipur,"AIIMS, Raipur - CECB",30-07-2026 05:00:00,21.258815,81.578979,PM2.5,4,50,20
India,Chhattisgarh,Raipur,"AIIMS, Raipur - CECB",30-07-2026 05:00:00,21.258815,81.578979,SO2,3,7,5
India,Chhattisgarh,Tumidih,"OP Jindal Industrial Park, Tumidih - CECB",30-07-2026 05:00:00,22.06631475,83.33820077,CO,14,28,21
India,Delhi,Delhi,"ITO, Delhi - CPCB",30-07-2026 05:00:00,28.628624,77.24106,PM2.5,66,146,99
India,Delhi,Delhi,"ITO, Delhi - CPCB",30-07-2026 05:00:00,28.628624,77.24106,SO2,0,10,5
India,Delhi,Delhi,"NSUT Jaffarpur, Delhi - DPCC",30-07-2026 05:00:00,28.594004,76.909423,PM10,35,112,72
India,Delhi,Delhi,"Punjabi Bagh, Delhi - DPCC",30-07-2026 05:00:00,28.674045,77.131023,NO2,25,60,39
India,Delhi,Delhi,"CRRI Mathura Road, Delhi - IITM",30-07-2026 05:00:00,28.5512005,77.2735737,NO2,11,56,26
India,Delhi,Delhi,"Burari Crossing, Delhi - IITM",30-07-2026 05:00:00,28.7256504,77.2011573,NH3,NA,NA,NA
India,Delhi,Delhi,"IMD Lodhi Road, Delhi - IITM",30-07-2026 05:00:00,28.5918245,77.2273074,PM2.5,29,135,68
India,Delhi,Delhi,"IMD Lodhi Road, Delhi - IITM",30-07-2026 05:00:00,28.5918245,77.2273074,NO2,3,40,16
India,Delhi,Delhi,"JNU, Delhi - DPCC",30-07-2026 05:00:00,28.540721,77.168544,CO,23,66,41
India,Delhi,Delhi,"Alipur, Delhi - DPCC",30-07-2026 05:00:00,28.815329,77.15301,PM2.5,45,167,98
India,Delhi,Delhi,"Alipur, Delhi - DPCC",30-07-2026 05:00:00,28.815329,77.15301,NH3,13,20,16
India,Delhi,Delhi,"Alipur, Delhi - DPCC",30-07-2026 05:00:00,28.815329,77.15301,CO,28,54,39
India,Delhi,Delhi,"Alipur, Delhi - DPCC",30-07-2026 05:00:00,28.815329,77.15301,OZONE,4,7,5
India,Delhi,Delhi,"North Campus, DU, Delhi - IITM",30-07-2026 05:00:00,28.6573814,77.1585447,PM10,34,163,109
India,Delhi,Delhi,"Shadipur, Delhi - CPCB",30-07-2026 05:00:00,28.6514781,77.1473105,OZONE,13,24,20
India,Delhi,Delhi,"Mandir Marg, Delhi - DPCC",30-07-2026 05:00:00,28.636429,77.201067,PM2.5,45,253,97
India,Delhi,Delhi,"Mandir Marg, Delhi - DPCC",30-07-2026 05:00:00,28.636429,77.201067,NO2,23,64,40
India,Delhi,Delhi,"Mandir Marg, Delhi - DPCC",30-07-2026 05:00:00,28.636429,77.201067,OZONE,6,6,6
India,Delhi,Delhi,"Pusa, Delhi - DPCC",30-07-2026 05:00:00,28.639652,77.146275,NH3,8,13,11
India,Delhi,Delhi,"Sirifort, Delhi - CPCB",30-07-2026 05:00:00,28.5504249,77.2159377,PM2.5,60,147,87
India,Chhattisgarh,Milupara,"Govt. Higher Secondary School, Milupara - CECB",30-07-2026 05:00:00,22.1910172,83.5197009,CO,7,11,9
India,Chhattisgarh,Raipur,"Krishak Nagar, Raipur - CECB",30-07-2026 05:00:00,21.237755,81.705301,NO2,2,24,9
India,Chhattisgarh,Raipur,"Krishak Nagar, Raipur - CECB",30-07-2026 05:00:00,21.237755,81.705301,SO2,2,7,6
India,Chhattisgarh,Raipur,"Krishak Nagar, Raipur - CECB",30-07-2026 05:00:00,21.237755,81.705301,OZONE,1,3,2
India,Delhi,Delhi,"Chandni Chowk, Delhi - IITM",30-07-2026 05:00:00,28.656756,77.227234,SO2,12,22,18
India,Delhi,Delhi,"Pusa, Delhi - IITM",30-07-2026 05:00:00,28.63611,77.173332,OZONE,15,18,17
India,Delhi,Delhi,"IGI Airport (T3), Delhi - IITM",30-07-2026 05:00:00,28.5627763,77.1180053,NH3,NA,NA,NA
India,Delhi,Delhi,"Talkatora Garden, Delhi - DPCC",30-07-2026 05:00:00,28.62181,77.1944633,CO,56,93,77
India,Delhi,Delhi,"Aya Nagar, Delhi - IITM",30-07-2026 05:00:00,28.4706914,77.1099364,NO2,0,34,18
India,Delhi,Delhi,"Aya Nagar, Delhi - IITM",30-07-2026 05:00:00,28.4706914,77.1099364,SO2,NA,NA,NA
India,Delhi,Delhi,"Talkatora Garden, Delhi - DPCC",30-07-2026 05:00:00,28.62181,77.1944633,PM2.5,NA,NA,NA
India,Gujarat,Surat,"Katargam, Surat - Nexteng Enviro",30-07-2026 05:00:00,21.217779,72.834787,NH3,1,1,1
India,Gujarat,Vadodara,"Bapunagar, Vadodara - Nexteng Enviro",30-07-2026 05:00:00,22.320153,73.216285,NH3,1,2,2
India,Gujarat,Vadodara,"Bapunagar, Vadodara - Nexteng Enviro",30-07-2026 05:00:00,22.320153,73.216285,CO,68,76,73
India,Gujarat,Vatva,"Phase-4 GIDC, Vatva - GPCB",30-07-2026 05:00:00,22.969611,72.6435,PM2.5,67,207,117
India,Haryana,Ambala,"Patti Mehar, Ambala - HSPCB",30-07-2026 05:00:00,30.379589,76.778328,PM2.5,43,66,53
India,Haryana,Ambala,"Patti Mehar, Ambala - HSPCB",30-07-2026 05:00:00,30.379589,76.778328,PM10,NA,NA,NA
India,Haryana,Ambala,"Patti Mehar, Ambala - HSPCB",30-07-2026 05:00:00,30.379589,76.778328,NO2,19,53,30
India,Haryana,Ambala,"Patti Mehar, Ambala - HSPCB",30-07-2026 05:00:00,30.379589,76.778328,NH3,2,12,7
India,Haryana,Ambala,"Patti Mehar, Ambala - HSPCB",30-07-2026 05:00:00,30.379589,76.778328,CO,52,60,55
India,Haryana,Bahadurgarh,"Arya Nagar, Bahadurgarh - HSPCB",30-07-2026 05:00:00,28.6701,76.9254,PM2.5,64,127,88
India,Haryana,Ballabgarh,"Nathu Colony, Ballabgarh - HSPCB",30-07-2026 05:00:00,28.3419248,77.319699,PM2.5,35,70,48
India,Haryana,Ballabgarh,"Nathu Colony, Ballabgarh - HSPCB",30-07-2026 05:00:00,28.3419248,77.319699,NO2,19,21,20
India,Delhi,Delhi,"Narela, Delhi - DPCC",30-07-2026 05:00:00,28.822836,77.101981,SO2,6,17,13
India,Gujarat,Ahmedabad,"SVPI Airport Hansol, Ahmedabad - IITM",30-07-2026 05:00:00,23.076793,72.627874,PM2.5,16,90,47
India,Gujarat,Ahmedabad,"Rakhial, Ahmedabad - IITM",30-07-2026 05:00:00,23.016834,72.625775,NH3,4,25,7
India,Gujarat,Ahmedabad,"Rakhial, Ahmedabad - IITM",30-07-2026 05:00:00,23.016834,72.625775,SO2,26,42,31
India,Gujarat,Ahmedabad,"Rakhial, Ahmedabad - IITM",30-07-2026 05:00:00,23.016834,72.625775,OZONE,8,10,9
India,Gujarat,Ahmedabad,"Chandkheda, Ahmedabad - IITM",30-07-2026 05:00:00,23.107969,72.574648,PM2.5,25,78,49
India,Gujarat,Ahmedabad,"Chandkheda, Ahmedabad - IITM",30-07-2026 05:00:00,23.107969,72.574648,OZONE,0,7,2
India,Gujarat,Ahmedabad,"Maninagar, Ahmedabad - GPCB",30-07-2026 05:00:00,23.002657,72.591912,PM2.5,38,122,66
India,Gujarat,Ahmedabad,"Maninagar, Ahmedabad - GPCB",30-07-2026 05:00:00,23.002657,72.591912,NH3,NA,NA,NA
India,Gujarat,Ahmedabad,"Gyaspur, Ahmedabad - IITM",30-07-2026 05:00:00,22.977134,72.553024,SO2,9,23,15
India,Gujarat,Ahmedabad,"Raikhad, Ahmedabad - IITM",30-07-2026 05:00:00,23.020509,72.579261,PM10,69,107,90
India,Gujarat,Ahmedabad,"Raikhad, Ahmedabad - IITM",30-07-2026 05:00:00,23.020509,72.579261,OZONE,11,12,11
India,Haryana,Mandikhera,"General Hospital, Mandikhera(Nuh) - HSPCB",30-07-2026 05:00:00,27.9002,76.9938,OZONE,47,49,48
India,Haryana,Manesar,"Sector-2 IMT, Manesar - HSPCB",30-07-2026 05:00:00,28.360699,76.93609,PM10,44,107,69
India,Haryana,Narnaul,"Shastri Nagar, Narnaul - HSPCB",30-07-2026 05:00:00,28.060249,76.113115,NO2,26,37,31
India,Haryana,Palwal,"Shyam Nagar, Palwal - HSPCB",30-07-2026 05:00:00,28.1485564,77.3320667,PM2.5,29,64,55
India,Haryana,Palwal,"Shyam Nagar, Palwal - HSPCB",30-07-2026 05:00:00,28.1485564,77.3320667,SO2,NA,NA,NA
India,Haryana,Panchgaon,"Amity University, Panchgaon - IITM",30-07-2026 05:00:00,28.3153,76.9143,SO2,1,29,8
India,Haryana,Panchkula,"Sector-6, Panchkula - HSPCB ",30-07-2026 05:00:00,30.7057778,76.8531805555555,PM2.5,21,56,38
India,Haryana,Panchkula,"Sector-6, Panchkula - HSPCB ",30-07-2026 05:00:00,30.7057778,76.8531805555555,CO,18,20,19
India,Haryana,Gurugram,"Sector-51, Gurugram - HSPCB",30-07-2026 05:00:00,28.4227,77.0667,PM10,NA,NA,NA
India,Haryana,Gurugram,"Sector-51, Gurugram - HSPCB",30-07-2026 05:00:00,28.4227,77.0667,OZONE,9,12,11
India,Haryana,Hisar,"Urban Estate-II, Hisar - HSPCB",30-07-2026 05:00:00,29.14056,75.744941,PM2.5,10,46,37
India,Haryana,Hisar,"Urban Estate-II, Hisar - HSPCB",30-07-2026 05:00:00,29.14056,75.744941,SO2,12,116,21
India,Haryana,Kaithal,"Rishi Nagar, Kaithal - HSPCB",30-07-2026 05:00:00,29.8006,76.4155,NH3,4,6,5
India,Haryana,Kurukshetra,"Sector-7, Kurukshetra - HSPCB",30-07-2026 05:00:00,29.966942,76.875879,NO2,14,21,18
India,Haryana,Kurukshetra,"Sector-7, Kurukshetra - HSPCB",30-07-2026 05:00:00,29.966942,76.875879,NH3,5,6,6
India,Haryana,Bhiwani,"H.B. Colony, Bhiwani - HSPCB",30-07-2026 05:00:00,28.806223,76.141105,PM2.5,5,111,61
India,Haryana,Bhiwani,"H.B. Colony, Bhiwani - HSPCB",30-07-2026 05:00:00,28.806223,76.141105,NH3,1,3,2
India,Haryana,Dharuhera,"Municipal Corporation Office, Dharuhera -  HSPCB",30-07-2026 05:00:00,28.2068,76.7997,NO2,10,59,37
India,Haryana,Faridabad,"New Industrial Town, Faridabad - HSPCB",30-07-2026 05:00:00,28.39072,77.30059,NH3,11,12,11
India,Haryana,Fatehabad,"Huda Sector, Fatehabad - HSPCB",30-07-2026 05:00:00,29.503664,75.467934,NH3,13,15,14
India,Gujarat,Gandhinagar,"GIFT City, Gandhinagar - IITM",30-07-2026 05:00:00,23.163798,72.677768,CO,20,46,29
India,Gujarat,Nandesari,"GIDC, Nandesari - Nandesari Ind. Association",30-07-2026 05:00:00,22.410802,73.097923,CO,23,61,39
India,Gujarat,Rajkot,"Mavdi, Rajkot - Nexteng Enviro ",30-07-2026 05:00:00,22.248853,70.776774,NO2,4,9,6
India,Gujarat,Rajkot,"Mavdi, Rajkot - Nexteng Enviro ",30-07-2026 05:00:00,22.248853,70.776774,CO,40,41,40
India,Gujarat,Surat,"Katargam, Surat - Nexteng Enviro",30-07-2026 05:00:00,21.217779,72.834787,NO2,5,51,25
India,Delhi,Delhi,"Okhla Phase-2, Delhi - DPCC",30-07-2026 05:00:00,28.530785,77.271255,NO2,19,64,34
India,Delhi,Delhi,"Okhla Phase-2, Delhi - DPCC",30-07-2026 05:00:00,28.530785,77.271255,NH3,8,29,14
India,Delhi,Delhi,"Bawana, Delhi - DPCC",30-07-2026 05:00:00,28.7762,77.051074,SO2,6,7,6
India,Delhi,Delhi,"Major Dhyan Chand National Stadium, Delhi - DPCC",30-07-2026 05:00:00,28.611281,77.237738,SO2,10,15,12
India,Delhi,Delhi,"Cantonment Area, Delhi - DPCC",30-07-2026 05:00:00,28.594169,77.1251,PM10,25,116,73
India,Haryana,Gurugram,"NISE Gwal Pahari, Gurugram - IITM",30-07-2026 05:00:00,28.422681,77.148944,PM10,22,131,71
India,Haryana,Gurugram,"NISE Gwal Pahari, Gurugram - IITM",30-07-2026 05:00:00,28.422681,77.148944,NO2,3,18,8
India,Gujarat,Gandhinagar,"Sector-10, Gandhinagar - GPCB",30-07-2026 05:00:00,23.221714,72.654328,PM10,25,140,89
India,Gujarat,Gandhinagar,"Sector-10, Gandhinagar - GPCB",30-07-2026 05:00:00,23.221714,72.654328,SO2,5,9,8
India,Madhya Pradesh,Jabalpur,"Marhatal, Jabalpur - MPPCB",30-07-2026 05:00:00,23.168606,79.932247,PM10,12,45,28
India,Madhya Pradesh,Jabalpur,"Suhagi, Jabalpur - JMC",30-07-2026 05:00:00,23.218135,79.95777,SO2,16,18,17
India,Madhya Pradesh,Jabalpur,"Gupteshwar, Jabalpur - JMC",30-07-2026 05:00:00,23.142888,79.916147,PM2.5,13,63,41
India,Madhya Pradesh,Jabalpur,"Gupteshwar, Jabalpur - JMC",30-07-2026 05:00:00,23.142888,79.916147,NO2,56,60,58
India,Madhya Pradesh,Jabalpur,"Gupteshwar, Jabalpur - JMC",30-07-2026 05:00:00,23.142888,79.916147,SO2,10,16,13
India,Madhya Pradesh,Jabalpur,"Gupteshwar, Jabalpur - JMC",30-07-2026 05:00:00,23.142888,79.916147,CO,43,59,49
India,Madhya Pradesh,Jabalpur,"Gupteshwar, Jabalpur - JMC",30-07-2026 05:00:00,23.142888,79.916147,OZONE,7,13,11
India,Madhya Pradesh,Katni,"Gole Bazar, Katni - MPPCB",30-07-2026 05:00:00,23.50016,80.23284,PM2.5,19,53,37
India,Madhya Pradesh,Maihar,"Sahilara, Maihar - KJS Cements",30-07-2026 05:00:00,24.2613009,80.7231783,NH3,NA,NA,NA
India,Madhya Pradesh,Maihar,"Sahilara, Maihar - KJS Cements",30-07-2026 05:00:00,24.2613009,80.7231783,CO,10,14,13
India,Madhya Pradesh,Mandideep,"Sector-D Industrial Area, Mandideep - MPPCB",30-07-2026 05:00:00,23.10844,77.511428,NO2,8,17,12
India,Madhya Pradesh,Pithampur,"Sector-2 Industrial Area, Pithampur - MPPCB",30-07-2026 05:00:00,22.624758,75.675238,NH3,7,8,7
India,Karnataka,Ramanagara,"Vijay Nagar, Ramanagara - KSPCB",30-07-2026 05:00:00,12.733409,77.298051,NH3,NA,NA,NA
India,Karnataka,Ramanagara,"Vijay Nagar, Ramanagara - KSPCB",30-07-2026 05:00:00,12.733409,77.298051,SO2,13,20,17
India,Karnataka,Ramanagara,"Vijay Nagar, Ramanagara - KSPCB",30-07-2026 05:00:00,12.733409,77.298051,CO,34,37,35
India,Karnataka,Tumakuru,"Thimmalapura, Tumakuru - KSPCB",30-07-2026 05:00:00,13.377516,77.099072,CO,53,54,54
India,Karnataka,Yadgir,"Collector Office, Yadgir - KSPCB",30-07-2026 05:00:00,16.7602,77.1428,PM10,13,56,36
India,Karnataka,Yadgir,"Collector Office, Yadgir - KSPCB",30-07-2026 05:00:00,16.7602,77.1428,SO2,12,19,15
India,Karnataka,Yadgir,"Collector Office, Yadgir - KSPCB",30-07-2026 05:00:00,16.7602,77.1428,OZONE,34,34,34
India,Kerala,Thiruvananthapuram,"Plammoodu, Thiruvananthapuram - Kerala PCB",30-07-2026 05:00:00,8.5149093,76.9435879,PM2.5,15,28,19
India,Kerala,Thiruvananthapuram,"Plammoodu, Thiruvananthapuram - Kerala PCB",30-07-2026 05:00:00,8.5149093,76.9435879,CO,4,9,6
India,Kerala,Thiruvananthapuram,"Plammoodu, Thiruvananthapuram - Kerala PCB",30-07-2026 05:00:00,8.5149093,76.9435879,OZONE,16,21,18
India,Kerala,Thrissur,"Corporation Ground, Thrissur - Kerala PCB",30-07-2026 05:00:00,10.5324,76.2159,PM10,41,55,47
India,Kerala,Thrissur,"Corporation Ground, Thrissur - Kerala PCB",30-07-2026 05:00:00,10.5324,76.2159,NH3,0,0,0
India,Kerala,Thrissur,"Corporation Ground, Thrissur - Kerala PCB",30-07-2026 05:00:00,10.5324,76.2159,OZONE,30,30,30
India,Madhya Pradesh,Gwalior,"City Center, Gwalior - MPPCB",30-07-2026 05:00:00,26.203442,78.193251,NH3,2,3,2
India,Madhya Pradesh,Gwalior,"City Center, Gwalior - MPPCB",30-07-2026 05:00:00,26.203442,78.193251,SO2,7,34,20
India,Madhya Pradesh,Gwalior,"City Center, Gwalior - MPPCB",30-07-2026 05:00:00,26.203442,78.193251,CO,5,46,16
India,Madhya Pradesh,Indore,"Airport Area, Indore - IMC",30-07-2026 05:00:00,22.7289,75.8076,PM2.5,35,68,56
India,Madhya Pradesh,Indore,"Airport Area, Indore - IMC",30-07-2026 05:00:00,22.7289,75.8076,PM10,31,57,49
India,Madhya Pradesh,Indore,"Airport Area, Indore - IMC",30-07-2026 05:00:00,22.7289,75.8076,CO,37,40,38
India,Madhya Pradesh,Indore,"Maguda Nagar, Indore - IMC",30-07-2026 05:00:00,22.7524,75.8872,PM10,12,41,31
India,Madhya Pradesh,Indore,"Maguda Nagar, Indore - IMC",30-07-2026 05:00:00,22.7524,75.8872,NO2,3,4,3
India,Madhya Pradesh,Indore,"Chhoti Gwaltoli, Indore - MPPCB",30-07-2026 05:00:00,22.431,75.5213,PM2.5,48,78,61
India,Madhya Pradesh,Indore,"Chhoti Gwaltoli, Indore - MPPCB",30-07-2026 05:00:00,22.431,75.5213,PM10,65,104,90
India,Haryana,Sirsa,"F-Block, Sirsa - HSPCB",30-07-2026 05:00:00,29.5364,75.0158,SO2,7,37,19
India,Haryana,Sirsa,"F-Block, Sirsa - HSPCB",30-07-2026 05:00:00,29.5364,75.0158,OZONE,12,43,27
India,Haryana,Yamuna Nagar,"Gobind Pura, Yamuna Nagar - HSPCB",30-07-2026 05:00:00,30.1480566,77.2893471,NH3,1,11,6
India,Haryana,Yamuna Nagar,"Gobind Pura, Yamuna Nagar - HSPCB",30-07-2026 05:00:00,30.1480566,77.2893471,OZONE,8,24,16
India,Himachal Pradesh,Baddi,"HIMUDA Complex Phase-1, Baddi - HPPCB",30-07-2026 05:00:00,30.943887,76.801991,PM10,64,175,108
India,Himachal Pradesh,Baddi,"HIMUDA Complex Phase-1, Baddi - HPPCB",30-07-2026 05:00:00,30.943887,76.801991,NO2,5,32,15
India,Jammu and Kashmir,Pampore,"Khrew, Pampore - JKPCC",30-07-2026 05:00:00,34.031606,75.009712,NH3,NA,NA,NA
India,Jammu and Kashmir,Pampore,"Khrew, Pampore - JKPCC",30-07-2026 05:00:00,34.031606,75.009712,SO2,NA,NA,NA
India,Madhya Pradesh,Bhopal,"Idgah Hills, Bhopal - MPPCB",30-07-2026 05:00:00,23.264759,77.381568,NH3,3,3,3
India,Madhya Pradesh,Damoh,"Shrivastav Colony, Damoh - MPPCB",30-07-2026 05:00:00,23.81748678,79.446246,NO2,NA,NA,NA
India,Madhya Pradesh,Damoh,"Shrivastav Colony, Damoh - MPPCB",30-07-2026 05:00:00,23.81748678,79.446246,OZONE,NA,NA,NA
India,Madhya Pradesh,Dewas,"Bhopal Chauraha, Dewas - MPPCB",30-07-2026 05:00:00,22.9682591,76.064118,NO2,36,54,47
India,Madhya Pradesh,Dewas,"Bhopal Chauraha, Dewas - MPPCB",30-07-2026 05:00:00,22.9682591,76.064118,CO,14,28,18
India,Madhya Pradesh,Gwalior,"Deen Dayal Nagar, Gwalior - MPPCB",30-07-2026 05:00:00,26.259242,78.216432,PM2.5,15,64,33
India,Madhya Pradesh,Gwalior,"Deen Dayal Nagar, Gwalior - MPPCB",30-07-2026 05:00:00,26.259242,78.216432,OZONE,24,58,38
India,Madhya Pradesh,Gwalior,"Maharaj Bada, Gwalior - MPPCB",30-07-2026 05:00:00,26.200388,78.147714,NH3,0,8,3
India,Karnataka,Hubballi,"Lingaraj Nagar, Hubballi - KSPCB",30-07-2026 05:00:00,15.3714823,75.1160168,NH3,1,2,2
India,Karnataka,Kalaburagi,"Mahatma Basaveswar Colony, Kalaburgi - KSPCB",30-07-2026 05:00:00,17.336318,76.847397,PM2.5,9,24,14
India,Karnataka,Karwar,"KHB Colony, Karwar - KSPCB",30-07-2026 05:00:00,14.816666,74.141003,SO2,18,26,24
India,Karnataka,Koppal,"Diwator Nagar, Koppal - KSPCB",30-07-2026 05:00:00,15.34763,76.181767,NO2,29,30,29
India,Karnataka,Mangalore,"Kadri, Mangalore - KSPCB",30-07-2026 05:00:00,12.88925,74.853,CO,NA,NA,NA
India,Karnataka,Mysuru,"Hebbal 1st Stage, Mysuru - KSPCB",30-07-2026 05:00:00,12.21041,76.37376,CO,4,21,11
India,Karnataka,Bengaluru,"Sanegurava Halli, Bengaluru - KSPCB",30-07-2026 05:00:00,12.990328,77.5431385,NH3,NA,NA,NA
India,Karnataka,Bengaluru,"Jigani, Bengaluru - KSPCB",30-07-2026 05:00:00,12.7816279,77.6299145,PM2.5,33,398,75
India,Karnataka,Bengaluru,"Jigani, Bengaluru - KSPCB",30-07-2026 05:00:00,12.7816279,77.6299145,PM10,46,500,112
India,Karnataka,Bengaluru,"BTM Layout, Bengaluru - CPCB",30-07-2026 05:00:00,12.9135218,77.5950804,PM2.5,NA,NA,NA
India,Karnataka,Bengaluru,"BTM Layout, Bengaluru - CPCB",30-07-2026 05:00:00,12.9135218,77.5950804,SO2,19,20,20
India,Karnataka,Bengaluru,"BTM Layout, Bengaluru - CPCB",30-07-2026 05:00:00,12.9135218,77.5950804,CO,NA,NA,NA
India,Karnataka,Bengaluru,"Hebbal, Bengaluru - KSPCB",30-07-2026 05:00:00,13.029152,77.585901,OZONE,0,2,1
India,Karnataka,Bengaluru,"Jayanagar 5th Block, Bengaluru - KSPCB",30-07-2026 05:00:00,12.920984,77.584908,NH3,NA,NA,NA
India,Karnataka,Bengaluru,"Hombegowda Nagar, Bengaluru - KSPCB",30-07-2026 05:00:00,12.938539,77.5901,SO2,5,10,7
India,Karnataka,Chamarajanagar,"Urban, Chamarajanagar - KSPCB",30-07-2026 05:00:00,11.55358,76.55521,PM10,34,49,42
India,Karnataka,Chikkaballapur,"Chikkaballapur Rural, Chikkaballapur - KSPCB",30-07-2026 05:00:00,13.428828,77.731418,PM10,29,139,61
India,Karnataka,Chikkamagaluru,"Kalyana Nagara, Chikkamagaluru - KSPCB",30-07-2026 05:00:00,13.328028,75.797056,CO,11,11,11
India,Karnataka,Dharwad,"Kalabhavan, Dharwad - KSPCB",30-07-2026 05:00:00,15.459706,75.008381,PM2.5,45,80,62
India,Jammu and Kashmir,Srinagar,"Khunmoh, Srinagar - JKPCC",30-07-2026 05:00:00,34.06313,74.96017,PM2.5,20,43,29
India,Jammu and Kashmir,Srinagar,"Khunmoh, Srinagar - JKPCC",30-07-2026 05:00:00,34.06313,74.96017,SO2,3,4,4
India,Jammu and Kashmir,Srinagar,"Rajbagh, Srinagar - JKPCC",30-07-2026 05:00:00,34.066206,74.81982,PM10,29,58,42
India,Karnataka,Bengaluru,"Bapuji Nagar, Bengaluru - KSPCB",30-07-2026 05:00:00,12.951913,77.539784,PM10,33,65,47
India,Madhya Pradesh,Satna,"Bandhavgar Colony, Satna - Birla Cement",30-07-2026 05:00:00,24.58434363,80.8549414,SO2,18,19,19
India,Madhya Pradesh,Satna,"Bandhavgar Colony, Satna - Birla Cement",30-07-2026 05:00:00,24.58434363,80.8549414,CO,13,14,13
India,Madhya Pradesh,Satna,"Bandhavgar Colony, Satna - Birla Cement",30-07-2026 05:00:00,24.58434363,80.8549414,OZONE,10,40,22
India,Madhya Pradesh,Singrauli,"Suryakiran Bhawan NCL, Singrauli - MPPCB",30-07-2026 05:00:00,24.10897,82.64558,CO,6,16,11
India,Madhya Pradesh,Ujjain,"Mahashweta Nagar, Ujjain - MPPCB",30-07-2026 05:00:00,23.1633321,75.800225,NH3,4,12,8
India,Madhya Pradesh,Ujjain,"Mahashweta Nagar, Ujjain - MPPCB",30-07-2026 05:00:00,23.1633321,75.800225,SO2,0,7,4
India,Madhya Pradesh,Ujjain,"Mahashweta Nagar, Ujjain - MPPCB",30-07-2026 05:00:00,23.1633321,75.800225,OZONE,39,54,46
India,Maharashtra,Ahmednagar,"Tarakpur, Ahmednagar - MPCB",30-07-2026 05:00:00,19.10122,74.73339,PM10,37,64,49
India,Maharashtra,Ahmednagar,"Tarakpur, Ahmednagar - MPCB",30-07-2026 05:00:00,19.10122,74.73339,NH3,3,11,6
India,Maharashtra,Akola,"Ramdaspeth, Akola - MPCB",30-07-2026 05:00:00,20.719516,77.000253,PM10,31,63,48
India,Maharashtra,Akola,"Ramdaspeth, Akola - MPCB",30-07-2026 05:00:00,20.719516,77.000253,NO2,8,16,10
India,Maharashtra,Akola,"Ramdaspeth, Akola - MPCB",30-07-2026 05:00:00,20.719516,77.000253,NH3,6,9,7
India,Maharashtra,Akola,"Ramdaspeth, Akola - MPCB",30-07-2026 05:00:00,20.719516,77.000253,SO2,4,8,6
India,Maharashtra,Ambernath,"Chinchpada, Ambernath - MPCB",30-07-2026 05:00:00,19.215784,73.199781,NH3,3,3,3
India,Maharashtra,Amravati,"Shri Shivaji Science College, Amravati - MPCB",30-07-2026 05:00:00,20.939198,77.765701,SO2,1,4,3
India,Maharashtra,Hingoli,"Ashta Vinayak Nagar, Hingoli - MPCB",30-07-2026 05:00:00,19.710842,77.151824,NO2,2,8,6
India,Maharashtra,Hingoli,"Ashta Vinayak Nagar, Hingoli - MPCB",30-07-2026 05:00:00,19.710842,77.151824,OZONE,15,25,20
India,Maharashtra,Jalgaon,"Prabhat Colony, Jalgaon - MPCB",30-07-2026 05:00:00,21.001264,75.565602,PM2.5,17,52,34
India,Maharashtra,Jalna,"Old MIDC, Jalna - MPCB",30-07-2026 05:00:00,19.854616,75.905894,PM2.5,18,35,23
India,Maharashtra,Jalna,"Old MIDC, Jalna - MPCB",30-07-2026 05:00:00,19.854616,75.905894,NO2,14,23,19
India,Maharashtra,Jalna,"Old MIDC, Jalna - MPCB",30-07-2026 05:00:00,19.854616,75.905894,NH3,3,5,4
India,Maharashtra,Jalna,"Old MIDC, Jalna - MPCB",30-07-2026 05:00:00,19.854616,75.905894,SO2,5,7,6
India,Maharashtra,Kalyan,"Khadakpada, Kalyan - MPCB",30-07-2026 05:00:00,19.25292,73.142019,PM2.5,42,72,55
India,Maharashtra,Kalyan,"Pimpleshwar Mandir, Kalyan - MPCB",30-07-2026 05:00:00,19.192056,72.9585188,PM2.5,28,81,59
India,Maharashtra,Kolhapur,"Shivaji University, Kolhapur - MPCB",30-07-2026 05:00:00,16.6870449,74.2505872,PM10,1,52,33
India,Maharashtra,Kolhapur,"Shivaji University, Kolhapur - MPCB",30-07-2026 05:00:00,16.6870449,74.2505872,NO2,2,18,11
India,Maharashtra,Badlapur,"Katrap, Badlapur - MPCB",30-07-2026 05:00:00,19.16485,73.23409,NO2,15,21,18
India,Maharashtra,Badlapur,"Katrap, Badlapur - MPCB",30-07-2026 05:00:00,19.16485,73.23409,NH3,1,7,5
India,Maharashtra,Badlapur,"Katrap, Badlapur - MPCB",30-07-2026 05:00:00,19.16485,73.23409,SO2,2,10,6
India,Maharashtra,Belapur,"CBD Belapur, Belapur - MPCB",30-07-2026 05:00:00,19.0243902,73.0406721,PM10,53,107,80
India,Maharashtra,Bhiwandi,"Gokul Nagar, Bhiwandi - MPCB",30-07-2026 05:00:00,19.309073,73.057223,NO2,7,8,7
India,Maharashtra,Boisar,"Khaira, Boisar - MPCB",30-07-2026 05:00:00,19.786089,72.757971,PM10,59,86,73
India,Maharashtra,Chandrapur,"MIDC Khutala, Chandrapur - MPCB",30-07-2026 05:00:00,19.9775302,79.2337086,NO2,NA,NA,NA
India,Maharashtra,Dhule,"Deopur, Dhule - MPCB",30-07-2026 05:00:00,20.918946,74.776388,PM10,47,89,68
India,Maharashtra,Dombivli,"Kalu Nagar, Dombivli - MPCB",30-07-2026 05:00:00,19.2268427,73.0788456,NO2,5,14,9
India,Maharashtra,Kolhapur,"Sinchan Bhavan, Kolhapur - MPCB",30-07-2026 05:00:00,16.7143745,74.2426398,SO2,0,1,0
India,Maharashtra,Kolhapur,"Sinchan Bhavan, Kolhapur - MPCB",30-07-2026 05:00:00,16.7143745,74.2426398,OZONE,19,25,21
India,Maharashtra,Latur,"Sawe Wadi, Latur - MPCB",30-07-2026 05:00:00,18.39963,76.57452,CO,8,15,11
India,Maharashtra,Mahad,"Kamble Tarf Birwadi, Mahad - MPCB",30-07-2026 05:00:00,18.1023399,73.4783687,NO2,5,14,7
India,Maharashtra,Mira-Bhayandar,"Bhayandar West, Mira-Bhayandar - MPCB",30-07-2026 05:00:00,19.296481,72.840923,CO,13,19,16
India,Maharashtra,Mumbai,"Kherwadi_Bandra East, Mumbai - MPCB",30-07-2026 05:00:00,19.0632143,72.8456324,NO2,3,5,4
India,Maharashtra,Mumbai,"Byculla, Mumbai - BMC",30-07-2026 05:00:00,18.9767,72.838,OZONE,8,12,9
India,Maharashtra,Mumbai,"Khindipada-Bhandup West, Mumbai - IITM",30-07-2026 05:00:00,19.1653323,72.922099,PM10,51,96,70
India,Maharashtra,Mumbai,"Khindipada-Bhandup West, Mumbai - IITM",30-07-2026 05:00:00,19.1653323,72.922099,NO2,4,7,6
India,Maharashtra,Mumbai,"Khindipada-Bhandup West, Mumbai - IITM",30-07-2026 05:00:00,19.1653323,72.922099,NH3,0,0,0
India,Maharashtra,Mumbai,"Mindspace-Malad West, Mumbai - MPCB",30-07-2026 05:00:00,19.1878657,72.8304069,PM10,33,45,39
India,Maharashtra,Mumbai,"Chembur, Mumbai - MPCB",30-07-2026 05:00:00,19.0364585,72.8954371,SO2,0,2,1
India,Maharashtra,Mumbai,"Kandivali West, Mumbai - BMC",30-07-2026 05:00:00,19.215859,72.831718,NH3,1,3,2
India,Maharashtra,Mumbai,"Kandivali West, Mumbai - BMC",30-07-2026 05:00:00,19.215859,72.831718,CO,9,20,13
India,Maharashtra,Mumbai,"Siddharth Nagar-Worli, Mumbai - IITM",30-07-2026 05:00:00,19.000083,72.813993,NO2,9,16,13
India,Maharashtra,Mumbai,"Mazgaon, Mumbai - IITM",30-07-2026 05:00:00,18.96702,72.84214,CO,26,43,33
India,Maharashtra,Mumbai,"Mazgaon, Mumbai - IITM",30-07-2026 05:00:00,18.96702,72.84214,OZONE,18,22,20
India,Maharashtra,Mumbai,"Malad West, Mumbai - IITM",30-07-2026 05:00:00,19.19709,72.82204,SO2,4,25,8
India,Maharashtra,Mumbai,"Shivaji Nagar, Mumbai - BMC",30-07-2026 05:00:00,19.060498,72.923356,PM10,35,56,48
India,Maharashtra,Mumbai,"Chakala-Andheri East, Mumbai - IITM",30-07-2026 05:00:00,19.11074,72.86084,NO2,5,7,6
India,Maharashtra,Mumbai,"Byculla, Mumbai - BMC",30-07-2026 05:00:00,18.9767,72.838,PM2.5,16,35,25
India,Maharashtra,Mumbai,"Byculla, Mumbai - BMC",30-07-2026 05:00:00,18.9767,72.838,PM10,27,51,39
India,Maharashtra,Aurangabad,"MIDC Chilkalthana, Aurangabad - MPCB",30-07-2026 05:00:00,19.87562,75.38731,NO2,8,13,11
India,Maharashtra,Aurangabad,"Rachnakar Colony, Aurangabad - MPCB",30-07-2026 05:00:00,19.863756,75.321188,NO2,7,17,12
India,Maharashtra,Aurangabad,"Rachnakar Colony, Aurangabad - MPCB",30-07-2026 05:00:00,19.863756,75.321188,CO,19,30,23
India,Maharashtra,Ulhasnagar,"Sidhi Vinayak Nagar, Ulhasnagar - MPCB",30-07-2026 05:00:00,19.235581,73.159121,PM10,36,80,61
India,Maharashtra,Ulhasnagar,"Vithalwadi, Ulhasnagar - MPCB",30-07-2026 05:00:00,19.2307571,73.155192,PM2.5,12,39,24
India,Maharashtra,Ulhasnagar,"Vithalwadi, Ulhasnagar - MPCB",30-07-2026 05:00:00,19.2307571,73.155192,SO2,NA,NA,NA
India,Maharashtra,Virar,"Bolinj, Virar - MPCB",30-07-2026 05:00:00,19.445821,72.7988231,NO2,9,21,15
India,Maharashtra,Virar,"Bolinj, Virar - MPCB",30-07-2026 05:00:00,19.445821,72.7988231,NH3,9,9,9
India,Maharashtra,Virar,"Bolinj, Virar - MPCB",30-07-2026 05:00:00,19.445821,72.7988231,SO2,2,2,2
India,Maharashtra,Virar,"Bolinj, Virar - MPCB",30-07-2026 05:00:00,19.445821,72.7988231,OZONE,22,23,23
India,Meghalaya,Byrnihat,"15th Mile-Nongthymmai, Byrnihat -Meghalaya PCB",30-07-2026 05:00:00,26.079047,91.875185,PM2.5,8,309,87
India,Meghalaya,Shillong,"JN Stadium, Shillong - Meghalaya PCB",30-07-2026 05:00:00,25.5803419,91.8942571,PM2.5,NA,NA,NA
India,Meghalaya,Shillong,"JN Stadium, Shillong - Meghalaya PCB",30-07-2026 05:00:00,25.5803419,91.8942571,NH3,2,13,7
India,Mizoram,Aizawl,"Sikulpuikawn, Aizawl - Mizoram PCB",30-07-2026 05:00:00,23.7176342,92.7192841,NO2,1,1,1
India,Nagaland,Kohima,"PWD Junction, Kohima - NPCB",30-07-2026 05:00:00,25.6635413,94.0989878,SO2,47,67,56
India,Odisha,Angul,"Hakimapada, Angul - OSPCB",30-07-2026 05:00:00,20.832874,85.104082,NH3,5,10,6
India,Odisha,Balasore,"Kalidaspur, Balasore - OSPCB",30-07-2026 05:00:00,21.51161,86.89088,NH3,3,4,4
India,Maharashtra,Nagpur,"Opp GPO Civil Lines, Nagpur - MPCB",30-07-2026 05:00:00,21.152875,79.0517531,NO2,15,16,16
India,Maharashtra,Nagpur,"Opp GPO Civil Lines, Nagpur - MPCB",30-07-2026 05:00:00,21.152875,79.0517531,CO,11,28,19
India,Maharashtra,Nagpur,"Opp GPO Civil Lines, Nagpur - MPCB",30-07-2026 05:00:00,21.152875,79.0517531,OZONE,8,14,11
India,Maharashtra,Nagpur,"Ram Nagar, Nagpur - MPCB",30-07-2026 05:00:00,21.143383,79.048912,PM10,21,56,40
India,Maharashtra,Nagpur,"Ram Nagar, Nagpur - MPCB",30-07-2026 05:00:00,21.143383,79.048912,NO2,4,7,5
India,Maharashtra,Nagpur,"Ram Nagar, Nagpur - MPCB",30-07-2026 05:00:00,21.143383,79.048912,OZONE,3,7,5
India,Maharashtra,Nanded,"Sneh Nagar, Nanded - MPCB",30-07-2026 05:00:00,19.173852,77.296291,PM2.5,11,32,18
India,Maharashtra,Nanded,"Sneh Nagar, Nanded - MPCB",30-07-2026 05:00:00,19.173852,77.296291,OZONE,13,25,16
India,Maharashtra,Nashik,"MIDC Ambad, Nashik - MPCB",30-07-2026 05:00:00,19.95022,73.73148,PM2.5,32,65,46
India,Maharashtra,Nashik,"MIDC Ambad, Nashik - MPCB",30-07-2026 05:00:00,19.95022,73.73148,SO2,0,3,1
India,Maharashtra,Nashik,"MIDC Ambad, Nashik - MPCB",30-07-2026 05:00:00,19.95022,73.73148,OZONE,11,15,13
India,Maharashtra,Nashik,"Pandav Nagari, Nashik - MPCB",30-07-2026 05:00:00,19.9591346,73.7788008,NH3,1,2,1
India,Maharashtra,Nashik,"Pandav Nagari, Nashik - MPCB",30-07-2026 05:00:00,19.9591346,73.7788008,CO,8,11,10
India,Maharashtra,Nashik,"Pandav Nagari, Nashik - MPCB",30-07-2026 05:00:00,19.9591346,73.7788008,OZONE,10,13,11
India,Maharashtra,Navi Mumbai,"Sanpada, Navi Mumbai - MPCB",30-07-2026 05:00:00,19.0575752,73.0151367,NH3,1,2,2
India,Maharashtra,Navi Mumbai,"Sector-2E Kalamboli, Navi Mumbai - MPCB",30-07-2026 05:00:00,19.02579,73.10297,NO2,6,12,9
India,Maharashtra,Pimpri-Chinchwad,"Thergaon, Pimpri Chinchwad - MPCB",30-07-2026 05:00:00,18.616318,73.765797,NH3,2,2,2
India,Maharashtra,Pimpri-Chinchwad,"Gavalinagar, Pimpri Chinchwad - MPCB",30-07-2026 05:00:00,18.63673,73.82487,PM2.5,15,38,27
India,Maharashtra,Pimpri-Chinchwad,"Gavalinagar, Pimpri Chinchwad - MPCB",30-07-2026 05:00:00,18.63673,73.82487,SO2,1,1,1
India,Maharashtra,Pimpri-Chinchwad,"Bhosari, Pune - IITM",30-07-2026 05:00:00,18.640051,73.848956,OZONE,11,18,15
India,Maharashtra,Pune,"Savitribai Phule Pune University, Pune - MPCB",30-07-2026 05:00:00,18.547056,73.826908,PM10,33,46,40
India,Maharashtra,Pune,"Mhada Colony, Pune - IITM",30-07-2026 05:00:00,18.57304,73.927715,PM10,54,105,81
India,Maharashtra,Pune,"Mhada Colony, Pune - IITM",30-07-2026 05:00:00,18.57304,73.927715,NH3,NA,NA,NA
India,Maharashtra,Pune,"Dhankawadi, Pune - IITM",30-07-2026 05:00:00,18.459883,73.852193,NO2,12,21,16
India,Maharashtra,Pune,"Panchawati_Pashan, Pune - IITM",30-07-2026 05:00:00,18.536457,73.805454,NO2,5,10,7
India,Maharashtra,Pune,"Panchawati_Pashan, Pune - IITM",30-07-2026 05:00:00,18.536457,73.805454,OZONE,4,6,5
India,Maharashtra,Pune,"Katraj Dairy, Pune - MPCB",30-07-2026 05:00:00,18.45445,73.854155,NO2,10,12,11
India,Maharashtra,Pune,"Katraj Dairy, Pune - MPCB",30-07-2026 05:00:00,18.45445,73.854155,NH3,1,1,1
India,Maharashtra,Sangli,"Vijay Nagar, Sangli - MPCB",30-07-2026 05:00:00,16.5038,74.3623,NH3,1,3,1
India,Maharashtra,Sangli,"Vijay Nagar, Sangli - MPCB",30-07-2026 05:00:00,16.5038,74.3623,SO2,4,6,4
India,Maharashtra,Sangli,"Vijay Nagar, Sangli - MPCB",30-07-2026 05:00:00,16.5038,74.3623,CO,7,11,9
India,Maharashtra,Satara,"Koyana Nagar, Satara - MPCB",30-07-2026 05:00:00,17.696651,74.003387,CO,12,17,14
India,Maharashtra,Solapur,"Ratandeep Housing Society, Solapur - MPCB",30-07-2026 05:00:00,17.65439,75.90649,PM10,40,76,56
India,Maharashtra,Solapur,"Ratandeep Housing Society, Solapur - MPCB",30-07-2026 05:00:00,17.65439,75.90649,CO,5,18,10
India,Maharashtra,Solapur,"Dnyaneshwar Nagar, Solapur - MPCB",30-07-2026 05:00:00,17.6336264,75.9132495,NH3,NA,NA,NA
India,Maharashtra,Thane,"Kasarvadavali, Thane - MPCB",30-07-2026 05:00:00,19.26777,72.97182,PM10,45,93,67
India,Maharashtra,Thane,"Kasarvadavali, Thane - MPCB",30-07-2026 05:00:00,19.26777,72.97182,NO2,7,10,8
India,Maharashtra,Thane,"Upvan Fort, Thane - MPCB",30-07-2026 05:00:00,19.222279,72.957979,PM10,43,60,53
India,Maharashtra,Thane,"Upvan Fort, Thane - MPCB",30-07-2026 05:00:00,19.222279,72.957979,NO2,2,3,3
India,Maharashtra,Thane,"Upvan Fort, Thane - MPCB",30-07-2026 05:00:00,19.222279,72.957979,NH3,5,6,5
India,Maharashtra,Thane,"Upvan Fort, Thane - MPCB",30-07-2026 05:00:00,19.222279,72.957979,OZONE,13,29,21
India,Maharashtra,Navi Mumbai,"Tondare-Taloja, Navi Mumbai - MPCB",30-07-2026 05:00:00,19.063,73.1209,NO2,8,12,10
India,Maharashtra,Navi Mumbai,"Tondare-Taloja, Navi Mumbai - MPCB",30-07-2026 05:00:00,19.063,73.1209,CO,27,31,29
India,Maharashtra,Parbhani,"Masoom Colony, Parbhani - MPCB",30-07-2026 05:00:00,19.265594,76.761463,SO2,0,3,2
India,Maharashtra,Pimpri-Chinchwad,"Park Street Wakad, Pimpri Chinchwad - MPCB",30-07-2026 05:00:00,18.59051,73.77946,CO,11,23,17
India,Maharashtra,Pimpri-Chinchwad,"Transport Nagar-Nigdi, Pune - IITM",30-07-2026 05:00:00,18.664282,73.763966,PM10,48,86,67
India,Maharashtra,Pimpri-Chinchwad,"Transport Nagar-Nigdi, Pune - IITM",30-07-2026 05:00:00,18.664282,73.763966,SO2,NA,NA,NA
India,Maharashtra,Navi Mumbai,"Nerul, Navi Mumbai - MPCB",30-07-2026 05:00:00,19.008751,73.01662,PM2.5,7,43,28
India,Maharashtra,Navi Mumbai,"Nerul, Navi Mumbai - MPCB",30-07-2026 05:00:00,19.008751,73.01662,NO2,7,7,7
India,Maharashtra,Navi Mumbai,"Kopripada-Vashi, Navi Mumbai - MPCB",30-07-2026 05:00:00,19.090337,73.014232,PM2.5,10,33,22
India,Maharashtra,Navi Mumbai,"Kopripada-Vashi, Navi Mumbai - MPCB",30-07-2026 05:00:00,19.090337,73.014232,PM10,52,75,64
India,Maharashtra,Navi Mumbai,"Kopripada-Vashi, Navi Mumbai - MPCB",30-07-2026 05:00:00,19.090337,73.014232,OZONE,37,52,45
India,Maharashtra,Navi Mumbai,"Mahape, Navi Mumbai - MPCB",30-07-2026 05:00:00,19.1135051,73.008978,PM10,54,94,71
India,Maharashtra,Navi Mumbai,"Mahape, Navi Mumbai - MPCB",30-07-2026 05:00:00,19.1135051,73.008978,SO2,16,17,16
India,Maharashtra,Navi Mumbai,"Mahape, Navi Mumbai - MPCB",30-07-2026 05:00:00,19.1135051,73.008978,CO,59,60,60
India,Maharashtra,Mumbai,"Borivali East, Mumbai - IITM",30-07-2026 05:00:00,19.23241,72.86895,OZONE,20,26,23
India,Maharashtra,Mumbai,"Worli, Mumbai - MPCB",30-07-2026 05:00:00,18.9936162,72.8128113,NO2,1,11,6
India,Maharashtra,Mumbai,"Worli, Mumbai - MPCB",30-07-2026 05:00:00,18.9936162,72.8128113,NH3,8,49,28
India,Maharashtra,Mumbai,"Bandra Kurla Complex, Mumbai - IITM",30-07-2026 05:00:00,19.053536,72.84643,NO2,3,17,5
India,Maharashtra,Mumbai,"Bandra Kurla Complex, Mumbai - IITM",30-07-2026 05:00:00,19.053536,72.84643,SO2,3,5,4
India,Maharashtra,Mumbai,"Bandra Kurla Complex, Mumbai - IITM",30-07-2026 05:00:00,19.053536,72.84643,CO,12,27,18
India,Maharashtra,Mumbai,"Bandra Kurla Complex, Mumbai - MPCB",30-07-2026 05:00:00,19.065931,72.862131,PM10,60,86,74
India,Maharashtra,Mumbai,"Navy Nagar-Colaba, Mumbai - IITM",30-07-2026 05:00:00,18.897756,72.81332,SO2,2,12,8
India,Maharashtra,Mumbai,"Sewri, Mumbai - BMC",30-07-2026 05:00:00,19.000084,72.85673,PM2.5,31,44,34
India,Maharashtra,Mumbai,"Sewri, Mumbai - BMC",30-07-2026 05:00:00,19.000084,72.85673,SO2,NA,NA,NA
India,Maharashtra,Mumbai,"Sion, Mumbai - MPCB",30-07-2026 05:00:00,19.047,72.8746,PM2.5,12,49,19
India,Maharashtra,Mumbai,"Sion, Mumbai - MPCB",30-07-2026 05:00:00,19.047,72.8746,NO2,NA,NA,NA
India,Maharashtra,Mumbai,"Deonar, Mumbai - IITM",30-07-2026 05:00:00,19.04946,72.923,NO2,2,11,6
India,Maharashtra,Mumbai,"Kurla, Mumbai - MPCB",30-07-2026 05:00:00,19.0863,72.8888,NH3,2,2,2
India,Rajasthan,Jaipur,"Adarsh Nagar, Jaipur - RSPCB",30-07-2026 05:00:00,26.902909,75.836858,PM2.5,24,85,51
India,Rajasthan,Jaipur,"Adarsh Nagar, Jaipur - RSPCB",30-07-2026 05:00:00,26.902909,75.836858,NH3,9,16,12
India,Rajasthan,Jaisalmer,"Sadar Bazar, Jaisalmer - RSPCB",30-07-2026 05:00:00,26.912329,70.909168,NH3,5,18,9
India,Rajasthan,Jaisalmer,"Sadar Bazar, Jaisalmer - RSPCB",30-07-2026 05:00:00,26.912329,70.909168,SO2,2,5,3
India,Rajasthan,Jalore,"Mudtra Sili, Jalore - RSPCB",30-07-2026 05:00:00,25.344694,72.626208,CO,14,28,18
India,Rajasthan,Jhalawar,"Rajlaxmi Nagar, Jhalawar - RSPCB",30-07-2026 05:00:00,24.588397,76.172782,NO2,18,39,26
India,Rajasthan,Jhalawar,"Rajlaxmi Nagar, Jhalawar - RSPCB",30-07-2026 05:00:00,24.588397,76.172782,CO,41,56,45
India,Rajasthan,Jodhpur,"Mandor, Jodhpur - RSPCB",30-07-2026 05:00:00,26.358805,73.047444,PM2.5,27,60,45
India,Rajasthan,Jodhpur,"Mandor, Jodhpur - RSPCB",30-07-2026 05:00:00,26.358805,73.047444,PM10,92,170,127
India,Rajasthan,Jodhpur,"Mandor, Jodhpur - RSPCB",30-07-2026 05:00:00,26.358805,73.047444,NO2,1,19,7
India,Rajasthan,Jodhpur,"Mandor, Jodhpur - RSPCB",30-07-2026 05:00:00,26.358805,73.047444,CO,5,9,7
India,Rajasthan,Jodhpur,"Digari Kalan, Jodhpur - RSPCB",30-07-2026 05:00:00,26.29581,73.082283,SO2,11,13,12
India,Rajasthan,Jodhpur,"Digari Kalan, Jodhpur - RSPCB",30-07-2026 05:00:00,26.29581,73.082283,CO,8,55,29
India,Rajasthan,Jodhpur,"Samrat Ashok Udhyan, Jodhpur - RSPCB",30-07-2026 05:00:00,26.253384,72.976571,OZONE,16,24,20
India,Rajasthan,Jodhpur,"Collectorate, Jodhpur - RSPCB",30-07-2026 05:00:00,26.268249,73.0193853,PM2.5,54,78,66
India,Rajasthan,Jodhpur,"Jhalamand, Jodhpur - RSPCB",30-07-2026 05:00:00,26.215415,73.070156,NH3,NA,NA,NA
India,Rajasthan,Jodhpur,"Jhalamand, Jodhpur - RSPCB",30-07-2026 05:00:00,26.215415,73.070156,SO2,3,4,4
India,Rajasthan,Karauli,"Satyawati Vihar, Karauli - RSPCB",30-07-2026 05:00:00,26.506177,77.025989,NO2,28,54,40
India,Rajasthan,Dungarpur,"Bhoiwada, Dungarpur - RSPCB",30-07-2026 05:00:00,23.837789,73.714926,NO2,10,13,11
India,Rajasthan,Dungarpur,"Bhoiwada, Dungarpur - RSPCB",30-07-2026 05:00:00,23.837789,73.714926,NH3,6,24,10
India,Rajasthan,Hanumangarh,"Housing Board, Hanumangarh - RSPCB",30-07-2026 05:00:00,29.61075,74.283608,NO2,4,12,7
India,Rajasthan,Hanumangarh,"Housing Board, Hanumangarh - RSPCB",30-07-2026 05:00:00,29.61075,74.283608,NH3,5,6,5
India,Rajasthan,Hanumangarh,"Housing Board, Hanumangarh - RSPCB",30-07-2026 05:00:00,29.61075,74.283608,CO,14,17,15
India,Rajasthan,Jaipur,"RIICO Sitapura, Jaipur - RSPCB",30-07-2026 05:00:00,26.786682,75.827928,SO2,2,9,5
India,Rajasthan,Jaipur,"RIICO Sitapura, Jaipur - RSPCB",30-07-2026 05:00:00,26.786682,75.827928,CO,26,82,50
India,Rajasthan,Jaipur,"Sector-2 Murlipura, Jaipur - RSPCB",30-07-2026 05:00:00,26.960669,75.771817,PM2.5,19,500,124
India,Rajasthan,Jaipur,"Sector-2 Murlipura, Jaipur - RSPCB",30-07-2026 05:00:00,26.960669,75.771817,NH3,6,67,16
India,Rajasthan,Jaipur,"Shastri Nagar, Jaipur - RSPCB",30-07-2026 05:00:00,26.9502929,75.730943,PM10,43,115,77
India,Rajasthan,Jaipur,"Shastri Nagar, Jaipur - RSPCB",30-07-2026 05:00:00,26.9502929,75.730943,NH3,2,18,11
India,Rajasthan,Jaipur,"Shastri Nagar, Jaipur - RSPCB",30-07-2026 05:00:00,26.9502929,75.730943,CO,31,94,67
India,Rajasthan,Jaipur,"Police Commissionerate, Jaipur - RSPCB",30-07-2026 05:00:00,26.9164092,75.7994901,PM10,38,113,78
India,Rajasthan,Jaipur,"Police Commissionerate, Jaipur - RSPCB",30-07-2026 05:00:00,26.9164092,75.7994901,NH3,32,61,48
India,Rajasthan,Jaipur,"Police Commissionerate, Jaipur - RSPCB",30-07-2026 05:00:00,26.9164092,75.7994901,SO2,5,59,22
India,Rajasthan,Jaipur,"Mansarovar Sector-12, Jaipur - RSPCB",30-07-2026 05:00:00,26.843698,75.766894,NH3,2,17,8
India,Rajasthan,Jaipur,"Mansarovar Sector-12, Jaipur - RSPCB",30-07-2026 05:00:00,26.843698,75.766894,CO,61,99,77
India,Odisha,Balasore,"Kalidaspur, Balasore - OSPCB",30-07-2026 05:00:00,21.51161,86.89088,OZONE,22,39,32
India,Odisha,Barbil,"Forest Office, Barbil - OSPCB",30-07-2026 05:00:00,22.1166054,85.3945546,PM10,18,42,28
India,Odisha,Barbil,"Forest Office, Barbil - OSPCB",30-07-2026 05:00:00,22.1166054,85.3945546,SO2,5,9,6
India,Odisha,Baripada,"Meher Colony, Baripada - OSPCB",30-07-2026 05:00:00,21.941841,86.728318,SO2,4,25,10
India,Odisha,Baripada,"Meher Colony, Baripada - OSPCB",30-07-2026 05:00:00,21.941841,86.728318,OZONE,32,39,35
India,Odisha,Bhubaneswar,"Lingraj Mandir, Bhubaneswar - OSPCB",30-07-2026 05:00:00,20.24079,85.836784,CO,33,49,43
India,Odisha,Bileipada,"Tata Township, Bileipada - OSPCB",30-07-2026 05:00:00,22.06156703,85.47409613,NH3,5,6,5
India,Odisha,Bileipada,"Tata Township, Bileipada - OSPCB",30-07-2026 05:00:00,22.06156703,85.47409613,SO2,9,9,9
India,Odisha,Brajrajnagar,"GM Office, Brajrajnagar - OSPCB",30-07-2026 05:00:00,21.8004996,83.8396977,NO2,28,36,31
India,Odisha,Brajrajnagar,"GM Office, Brajrajnagar - OSPCB",30-07-2026 05:00:00,21.8004996,83.8396977,CO,31,40,37
India,Odisha,Brajrajnagar,"GM Office, Brajrajnagar - OSPCB",30-07-2026 05:00:00,21.8004996,83.8396977,OZONE,41,42,42
India,Odisha,Byasanagar,"Ferro Chrome Colony, Byasanagar - OSPCB",30-07-2026 05:00:00,20.94185,86.1151,NO2,6,12,8
India,Odisha,Cuttack,"CDA Area, Cuttack - OSPCB",30-07-2026 05:00:00,20.48891,85.84768,NH3,1,7,3
India,Odisha,Cuttack,"CDA Area, Cuttack - OSPCB",30-07-2026 05:00:00,20.48891,85.84768,OZONE,30,51,39
India,Odisha,Keonjhar,"Jagamohanpur, Keonjhar - OSPCB",30-07-2026 05:00:00,21.6439,85.599355,SO2,12,14,13
India,Odisha,Rairangpur,"Divisional Forest Office, Rairangpur - OSPCB",30-07-2026 05:00:00,22.265816,86.174829,NH3,3,3,3
India,Odisha,Rourkela,"Raghunathpali, Rourkela - OSPCB",30-07-2026 05:00:00,22.220833,84.809444,PM2.5,NA,NA,NA
India,Odisha,Rourkela,"Raghunathpali, Rourkela - OSPCB",30-07-2026 05:00:00,22.220833,84.809444,PM10,NA,NA,NA
India,Odisha,Rourkela,"Sector-2, Rourkela - OSPCB",30-07-2026 05:00:00,22.245,84.88111111,PM10,27,27,27
India,Odisha,Rourkela,"Sector-2, Rourkela - OSPCB",30-07-2026 05:00:00,22.245,84.88111111,NH3,NA,NA,NA
India,Odisha,Rourkela,"Fertilizer Township, Rourkela - OSPCB",30-07-2026 05:00:00,22.18972222,84.86277778,PM10,56,66,59
India,Odisha,Rourkela,"Fertilizer Township, Rourkela - OSPCB",30-07-2026 05:00:00,22.18972222,84.86277778,NH3,NA,NA,NA
India,Odisha,Suakati,"OMC Colony, Suakati - OSPCB",30-07-2026 05:00:00,21.606865,85.510538,SO2,4,5,4
India,Odisha,Tensa,"Barsua Iron Ore Mines, Tensa - OSPCB",30-07-2026 05:00:00,21.869985,85.167016,PM10,14,28,17
India,Punjab,Ludhiana,"Punjab Agricultural University, Ludhiana - PPCB",30-07-2026 05:00:00,30.9028,75.8086,SO2,4,19,12
India,Punjab,Mandi Gobindgarh,"RIMT University, Mandi Gobindgarh - PPCB",30-07-2026 05:00:00,30.649961,76.331442,PM2.5,37,98,64
India,Punjab,Mandi Gobindgarh,"RIMT University, Mandi Gobindgarh - PPCB",30-07-2026 05:00:00,30.649961,76.331442,CO,41,42,41
India,Punjab,Patiala,"Model Town, Patiala - PPCB",30-07-2026 05:00:00,30.349388,76.366642,PM2.5,19,59,29
India,Punjab,Patiala,"Model Town, Patiala - PPCB",30-07-2026 05:00:00,30.349388,76.366642,NO2,16,19,18
India,Punjab,Rupnagar,"Ratanpura, Rupnagar - Ambuja Cements",30-07-2026 05:00:00,31.0325454,76.5623046,OZONE,NA,NA,NA
India,Rajasthan,Ajmer,"Civil Lines,  Ajmer - RSPCB",30-07-2026 05:00:00,26.470859,74.646594,PM10,82,127,106
India,Rajasthan,Ajmer,"Civil Lines,  Ajmer - RSPCB",30-07-2026 05:00:00,26.470859,74.646594,NH3,6,8,7
India,Rajasthan,Chittorgarh,"Shastri Nagar, Chittorgarh - RSPCB",30-07-2026 05:00:00,24.892047,74.623527,NH3,5,9,7
India,Rajasthan,Chittorgarh,"Shastri Nagar, Chittorgarh - RSPCB",30-07-2026 05:00:00,24.892047,74.623527,SO2,1,8,3
India,Rajasthan,Churu,"Subash Chowk, Churu - RSPCB",30-07-2026 05:00:00,28.296139,74.961696,PM2.5,3,110,40
India,Rajasthan,Churu,"Subash Chowk, Churu - RSPCB",30-07-2026 05:00:00,28.296139,74.961696,NO2,2,12,6
India,Rajasthan,Churu,"Subash Chowk, Churu - RSPCB",30-07-2026 05:00:00,28.296139,74.961696,SO2,5,6,5
India,Rajasthan,Dausa,"Khatikan Mohalla, Dausa - RSPCB",30-07-2026 05:00:00,26.895552,76.334753,SO2,1,6,2
India,Rajasthan,Dholpur,"Raja Ganj, Dholpur - RSPCB",30-07-2026 05:00:00,26.699557,77.898881,PM2.5,5,500,156
India,Rajasthan,Dholpur,"Raja Ganj, Dholpur - RSPCB",30-07-2026 05:00:00,26.699557,77.898881,PM10,21,310,120
India,Rajasthan,Dholpur,"Raja Ganj, Dholpur - RSPCB",30-07-2026 05:00:00,26.699557,77.898881,NO2,4,20,9
India,Punjab,Amritsar,"Golden Temple, Amritsar - PPCB",30-07-2026 05:00:00,31.62,74.876512,PM2.5,38,86,59
India,Punjab,Amritsar,"Golden Temple, Amritsar - PPCB",30-07-2026 05:00:00,31.62,74.876512,NO2,13,28,16
India,Punjab,Bathinda,"Hardev Nagar, Bathinda - PPCB",30-07-2026 05:00:00,30.233011,74.907758,CO,49,66,53
India,Punjab,Jalandhar,"Civil Line, Jalandhar - PPCB",30-07-2026 05:00:00,31.321907,75.578914,PM10,50,72,60
India,Punjab,Jalandhar,"Civil Line, Jalandhar - PPCB",30-07-2026 05:00:00,31.321907,75.578914,NH3,5,6,6
India,Punjab,Khanna,"Kalal Majra, Khanna - PPCB",30-07-2026 05:00:00,30.736056,76.209694,PM2.5,37,40,38
India,Punjab,Khanna,"Kalal Majra, Khanna - PPCB",30-07-2026 05:00:00,30.736056,76.209694,PM10,65,69,67
India,Rajasthan,Banswara,"Rati Talai, Banswara - RSPCB",30-07-2026 05:00:00,23.55519,74.44001,PM10,88,500,233
India,Rajasthan,Banswara,"Rati Talai, Banswara - RSPCB",30-07-2026 05:00:00,23.55519,74.44001,NO2,20,31,23
India,Rajasthan,Banswara,"Rati Talai, Banswara - RSPCB",30-07-2026 05:00:00,23.55519,74.44001,NH3,1,2,2
India,Rajasthan,Bharatpur,"Krishna Nagar, Bharatpur - RSPCB",30-07-2026 05:00:00,27.215415,77.50873,PM2.5,2,28,13
India,Rajasthan,Bikaner,"MM Ground, Bikaner - RSPCB",30-07-2026 05:00:00,28.018792,73.292658,NO2,6,53,18
India,Rajasthan,Bundi,"New Colony, Bundi - RSPCB",30-07-2026 05:00:00,25.435774,75.644272,NO2,14,36,23
India,Rajasthan,Bundi,"New Colony, Bundi - RSPCB",30-07-2026 05:00:00,25.435774,75.644272,CO,12,18,14
India,Rajasthan,Bundi,"New Colony, Bundi - RSPCB",30-07-2026 05:00:00,25.435774,75.644272,OZONE,17,29,24
India,Uttar Pradesh,Agra,"Manoharpur, Agra - UPPCB",30-07-2026 05:00:00,27.23711,78.01936,SO2,11,34,19
India,Uttar Pradesh,Agra,"Manoharpur, Agra - UPPCB",30-07-2026 05:00:00,27.23711,78.01936,CO,21,22,21
India,Uttar Pradesh,Agra,"Shahjahan Garden, Agra - UPPCB",30-07-2026 05:00:00,27.169338,78.03582,PM10,29,46,37
India,Uttar Pradesh,Agra,"Shahjahan Garden, Agra - UPPCB",30-07-2026 05:00:00,27.169338,78.03582,NO2,21,24,23
India,Uttar Pradesh,Agra,"Shahjahan Garden, Agra - UPPCB",30-07-2026 05:00:00,27.169338,78.03582,CO,21,21,21
India,Uttar Pradesh,Agra,"Sanjay Palace, Agra - UPPCB",30-07-2026 05:00:00,27.19865833,78.00598056,PM10,33,124,81
India,Uttar Pradesh,Agra,"Sanjay Palace, Agra - UPPCB",30-07-2026 05:00:00,27.19865833,78.00598056,OZONE,3,7,4
India,Uttar Pradesh,Agra,"Sector-3B Avas Vikas Colony, Agra - UPPCB",30-07-2026 05:00:00,27.19412,77.96237,PM2.5,7,69,44
India,Uttar Pradesh,Agra,"Sector-3B Avas Vikas Colony, Agra - UPPCB",30-07-2026 05:00:00,27.19412,77.96237,SO2,27,28,27
India,Uttar Pradesh,Baghpat,"Sardar Patel Inter College, Baghpat - UPPCB",30-07-2026 05:00:00,28.964949,77.278761,PM10,50,196,104
India,Uttar Pradesh,Baghpat,"Sardar Patel Inter College, Baghpat - UPPCB",30-07-2026 05:00:00,28.964949,77.278761,CO,17,20,19
India,Uttar Pradesh,Bareilly,"Rajendra Nagar, Bareilly - UPPCB",30-07-2026 05:00:00,28.38910936,79.42963708,SO2,4,8,6
India,Uttar Pradesh,Bareilly,"Rajendra Nagar, Bareilly - UPPCB",30-07-2026 05:00:00,28.38910936,79.42963708,OZONE,NA,NA,NA
India,Uttar Pradesh,Bareilly,"Civil Lines, Bareilly - UPPCB",30-07-2026 05:00:00,28.359581,79.414455,NO2,8,9,8
India,Uttar Pradesh,Bareilly,"Civil Lines, Bareilly - UPPCB",30-07-2026 05:00:00,28.359581,79.414455,SO2,25,52,41
India,Uttar Pradesh,Bareilly,"Civil Lines, Bareilly - UPPCB",30-07-2026 05:00:00,28.359581,79.414455,OZONE,5,82,34
India,Uttar Pradesh,Bulandshahr,"Yamunapuram, Bulandshahr - UPPCB",30-07-2026 05:00:00,28.406963,77.849831,PM2.5,20,56,36
India,Tamil Nadu,Cuddalore,"Kudikadu, Cuddalore - TNPCB",30-07-2026 05:00:00,11.6829898,79.7532099,PM2.5,6,42,21
India,Tamil Nadu,Gummidipoondi,"Anthoni Pillai Nagar, Gummidipoondi - TNPCB",30-07-2026 05:00:00,13.4127,80.1081,PM2.5,33,278,101
India,Tamil Nadu,Gummidipoondi,"Anthoni Pillai Nagar, Gummidipoondi - TNPCB",30-07-2026 05:00:00,13.4127,80.1081,NH3,0,1,1
India,Tamil Nadu,Gummidipoondi,"Anthoni Pillai Nagar, Gummidipoondi - TNPCB",30-07-2026 05:00:00,13.4127,80.1081,CO,NA,NA,NA
India,Tamil Nadu,Thoothukudi,"Meelavittan, Thoothukudi - TNPCB",30-07-2026 05:00:00,8.816428,78.099039,PM2.5,NA,NA,NA
India,Tamil Nadu,Thoothukudi,"Meelavittan, Thoothukudi - TNPCB",30-07-2026 05:00:00,8.816428,78.099039,SO2,5,17,11
India,Telangana,Hyderabad,"Somajiguda, Hyderabad - TSPCB",30-07-2026 05:00:00,17.417094,78.457437,PM10,47,57,50
India,Telangana,Hyderabad,"Somajiguda, Hyderabad - TSPCB",30-07-2026 05:00:00,17.417094,78.457437,SO2,12,14,13
India,Telangana,Hyderabad,"Somajiguda, Hyderabad - TSPCB",30-07-2026 05:00:00,17.417094,78.457437,CO,15,18,16
India,Telangana,Hyderabad,"Somajiguda, Hyderabad - TSPCB",30-07-2026 05:00:00,17.417094,78.457437,OZONE,14,15,14
India,Telangana,Hyderabad,"Kompally Municipal Office, Hyderabad - TSPCB",30-07-2026 05:00:00,17.544899,78.486949,PM2.5,26,38,31
India,Telangana,Hyderabad,"Kompally Municipal Office, Hyderabad - TSPCB",30-07-2026 05:00:00,17.544899,78.486949,NH3,2,3,2
India,Sikkim,Gangtok,"Zero Point GICI, Gangtok - SSPCB",30-07-2026 05:00:00,27.33853,88.614099,CO,4,40,14
India,Sikkim,Gangtok,"Zero Point GICI, Gangtok - SSPCB",30-07-2026 05:00:00,27.33853,88.614099,OZONE,1,2,1
India,Tamil Nadu,Chennai,"Royapuram, Chennai - TNPCB",30-07-2026 05:00:00,13.1036,80.2909,SO2,5,10,8
India,Tamil Nadu,Chennai,"Velachery Res. Area, Chennai - CPCB",30-07-2026 05:00:00,13.0052189,80.2398125,PM10,81,116,99
India,Tamil Nadu,Chennai,"Velachery Res. Area, Chennai - CPCB",30-07-2026 05:00:00,13.0052189,80.2398125,NH3,3,3,3
India,Tamil Nadu,Chennai,"Velachery Res. Area, Chennai - CPCB",30-07-2026 05:00:00,13.0052189,80.2398125,SO2,4,6,5
India,Tamil Nadu,Chennai,"Manali, Chennai - CPCB",30-07-2026 05:00:00,13.164544,80.26285,PM2.5,17,71,34
India,Tamil Nadu,Chennai,"Manali, Chennai - CPCB",30-07-2026 05:00:00,13.164544,80.26285,PM10,47,109,67
India,Tamil Nadu,Chennai,"Manali Village, Chennai - TNPCB",30-07-2026 05:00:00,13.1662,80.2584,SO2,11,15,14
India,Tamil Nadu,Chennai,"Manali Village, Chennai - TNPCB",30-07-2026 05:00:00,13.1662,80.2584,CO,25,30,28
India,Tamil Nadu,Chennai,"Kodungaiyur, Chennai - TNPCB",30-07-2026 05:00:00,13.1278,80.2642,NH3,4,6,5
India,Tamil Nadu,Chennai,"Perungudi, Chennai - TNPCB",30-07-2026 05:00:00,12.9533,80.2357,CO,38,48,41
India,Telangana,Hyderabad,"Central University, Hyderabad - TSPCB",30-07-2026 05:00:00,17.460103,78.334361,NH3,0,4,2
India,Telangana,Hyderabad,"Central University, Hyderabad - TSPCB",30-07-2026 05:00:00,17.460103,78.334361,SO2,1,9,6
India,Telangana,Hyderabad,"Central University, Hyderabad - TSPCB",30-07-2026 05:00:00,17.460103,78.334361,OZONE,9,12,11
India,Telangana,Hyderabad,"IITH Kandi, Hyderabad - TSPCB",30-07-2026 05:00:00,17.585705,78.126199,OZONE,22,23,22
India,Tripura,Agartala,"Bardowali, Agartala - Tripura SPCB",30-07-2026 05:00:00,23.8175497,91.2726974,NH3,0,0,0
India,Tripura,Agartala,"Bardowali, Agartala - Tripura SPCB",30-07-2026 05:00:00,23.8175497,91.2726974,SO2,10,11,11
India,Uttar Pradesh,Agra,"Shastripuram, Agra - UPPCB",30-07-2026 05:00:00,27.19862,77.92066,NO2,44,44,44
India,Uttar Pradesh,Agra,"Shastripuram, Agra - UPPCB",30-07-2026 05:00:00,27.19862,77.92066,CO,12,16,14
India,Uttar Pradesh,Agra,"Manoharpur, Agra - UPPCB",30-07-2026 05:00:00,27.23711,78.01936,NO2,29,35,30
India,Telangana,Hyderabad,"Sanathnagar, Hyderabad - TSPCB",30-07-2026 05:00:00,17.4559458,78.4332152,NH3,NA,NA,NA
India,Telangana,Hyderabad,"Sanathnagar, Hyderabad - TSPCB",30-07-2026 05:00:00,17.4559458,78.4332152,CO,28,52,41
India,Telangana,Hyderabad,"Sanathnagar, Hyderabad - TSPCB",30-07-2026 05:00:00,17.4559458,78.4332152,OZONE,17,21,18
India,Telangana,Hyderabad,"Zoo Park, Hyderabad - TSPCB",30-07-2026 05:00:00,17.349694,78.451437,PM2.5,2,23,16
India,Telangana,Hyderabad,"Zoo Park, Hyderabad - TSPCB",30-07-2026 05:00:00,17.349694,78.451437,SO2,1,2,2
India,Telangana,Hyderabad,"Zoo Park, Hyderabad - TSPCB",30-07-2026 05:00:00,17.349694,78.451437,OZONE,3,5,4
India,Telangana,Hyderabad,"Nacharam_TSIIC IALA, Hyderabad - TSPCB",30-07-2026 05:00:00,17.429398,78.569354,PM10,52,65,56
India,Telangana,Hyderabad,"Nacharam_TSIIC IALA, Hyderabad - TSPCB",30-07-2026 05:00:00,17.429398,78.569354,OZONE,19,20,20
India,Telangana,Hyderabad,"New Malakpet, Hyderabad - TSPCB",30-07-2026 05:00:00,17.37206,78.50864,NH3,1,3,2
India,Telangana,Hyderabad,"New Malakpet, Hyderabad - TSPCB",30-07-2026 05:00:00,17.37206,78.50864,SO2,6,10,8
India,Rajasthan,Sikar,"Radhakishan Pura, Sikar - RSPCB",30-07-2026 05:00:00,27.608912,75.153302,OZONE,19,22,20
India,Rajasthan,Sirohi,"Vedhaynath Colony, Sirohi - RSPCB",30-07-2026 05:00:00,24.885261,72.857549,OZONE,12,39,23
India,Rajasthan,Sri Ganganagar,"Old City, Sri Ganganagar - RSPCB",30-07-2026 05:00:00,29.931624,73.864511,PM2.5,22,57,41
India,Rajasthan,Sri Ganganagar,"Old City, Sri Ganganagar - RSPCB",30-07-2026 05:00:00,29.931624,73.864511,PM10,20,462,154
India,Rajasthan,Tonk,"Shastri Nagar, Tonk - RSPCB",30-07-2026 05:00:00,26.159933,75.780517,PM10,29,102,53
India,Rajasthan,Tonk,"Shastri Nagar, Tonk - RSPCB",30-07-2026 05:00:00,26.159933,75.780517,NH3,4,7,5
India,Rajasthan,Pali,"Indira Colony Vistar, Pali - RSPCB",30-07-2026 05:00:00,25.771061,73.340227,NH3,3,13,8
India,Rajasthan,Pratapgarh,"Pragati Nagar, Pratapgarh - RSPCB",30-07-2026 05:00:00,24.041198,74.780702,SO2,1,3,2
India,Rajasthan,Rajsamand,"Dhoinda, Rajsamand - RSPCB",30-07-2026 05:00:00,25.03636,73.883502,NH3,10,19,13
India,Rajasthan,Rajsamand,"Dhoinda, Rajsamand - RSPCB",30-07-2026 05:00:00,25.03636,73.883502,CO,7,23,13
India,Rajasthan,Sawai Madhopur,"Sahu Nagar, Sawai Madhopur - RSPCB",30-07-2026 05:00:00,26.031443,76.359327,PM10,20,86,47
India,Rajasthan,Kota,"Nayapura, Kota - RSPCB",30-07-2026 05:00:00,25.196024,75.855668,NO2,10,20,15
India,Rajasthan,Kota,"Nayapura, Kota - RSPCB",30-07-2026 05:00:00,25.196024,75.855668,SO2,6,16,10
India,Rajasthan,Kota,"Nayapura, Kota - RSPCB",30-07-2026 05:00:00,25.196024,75.855668,OZONE,26,28,26
India,Rajasthan,Kota,"Shrinath Puram, Kota - RSPCB",30-07-2026 05:00:00,25.14389,75.821256,PM10,28,86,55
India,Rajasthan,Kota,"Shrinath Puram, Kota - RSPCB",30-07-2026 05:00:00,25.14389,75.821256,CO,14,41,27
India,Rajasthan,Nagaur,"Karni Colony, Nagaur - RSPCB",30-07-2026 05:00:00,27.213494,73.734444,NO2,4,12,7
India,Rajasthan,Udaipur,"Ashok Nagar, Udaipur - RSPCB",30-07-2026 05:00:00,24.5886166,73.6321397,NH3,1,70,7
India,Uttar Pradesh,Greater Noida,"Knowledge Park - V, Greater Noida - UPPCB",30-07-2026 05:00:00,28.557054,77.453663,OZONE,NA,NA,NA
India,Uttar Pradesh,Jhansi,"Shivaji Nagar, Jhansi - UPPCB",30-07-2026 05:00:00,25.4547,78.6039,PM2.5,9,156,38
India,Uttar Pradesh,Jhansi,"Shivaji Nagar, Jhansi - UPPCB",30-07-2026 05:00:00,25.4547,78.6039,CO,6,10,8
India,Uttar Pradesh,Jhansi,"Shivaji Nagar, Jhansi - UPPCB",30-07-2026 05:00:00,25.4547,78.6039,OZONE,6,6,6
India,Uttar Pradesh,Kanpur,"NSI Kalyanpur, Kanpur - UPPCB",30-07-2026 05:00:00,26.509954,80.249612,SO2,22,28,26
India,Uttar Pradesh,Kanpur,"FTI Kidwai Nagar, Kanpur - UPPCB",30-07-2026 05:00:00,26.428282,80.327067,SO2,31,40,33
India,Uttar Pradesh,Kanpur,"FTI Kidwai Nagar, Kanpur - UPPCB",30-07-2026 05:00:00,26.428282,80.327067,OZONE,11,11,11
India,Uttar Pradesh,Khora,"Prashant Garden, Khora - UPPCB",30-07-2026 05:00:00,28.61119,77.34206,OZONE,4,5,4
India,Uttar Pradesh,Khurja,"Kalindi Kunj, Khurja - UPPCB",30-07-2026 05:00:00,28.2348927,77.8683002,CO,19,35,28
India,Uttar Pradesh,Lucknow,"Gomti Nagar, Lucknow - UPPCB",30-07-2026 05:00:00,26.86812,81.005119,PM2.5,26,94,51
India,Uttar Pradesh,Lucknow,"Lalbagh, Lucknow - CPCB",30-07-2026 05:00:00,26.8458805,80.9365541,PM10,27,80,63
India,Uttar Pradesh,Lucknow,"Lalbagh, Lucknow - CPCB",30-07-2026 05:00:00,26.8458805,80.9365541,NO2,20,30,24
India,Uttar Pradesh,Lucknow,"Kukrail Picnic Spot-1, Lucknow - UPPCB",30-07-2026 05:00:00,26.90723,80.98579,SO2,26,31,28
India,Uttar Pradesh,Lucknow,"Kukrail Picnic Spot-1, Lucknow - UPPCB",30-07-2026 05:00:00,26.90723,80.98579,CO,11,21,16
India,Uttar Pradesh,Fatehpur Sikri,"Dadupura, Fatehpur Sikri - UPPCB",30-07-2026 05:00:00,27.097694,77.671335,SO2,10,11,11
India,Uttar Pradesh,Firozabad,"Vibhab Nagar, Firozabad - UPPCB",30-07-2026 05:00:00,27.1594,78.3953,OZONE,1,1,1
India,Uttar Pradesh,Firozabad,"Nagla Bhau, Firozabad - UPPCB",30-07-2026 05:00:00,27.168897,78.37696,PM2.5,6,31,23
India,Uttar Pradesh,Firozabad,"Nagla Bhau, Firozabad - UPPCB",30-07-2026 05:00:00,27.168897,78.37696,CO,26,28,27
India,Uttar Pradesh,Firozabad,"Nagla Bhau, Firozabad - UPPCB",30-07-2026 05:00:00,27.168897,78.37696,OZONE,11,11,11
India,Uttar Pradesh,Ghaziabad,"Indirapuram, Ghaziabad - UPPCB",30-07-2026 05:00:00,28.646233,77.358075,PM10,75,179,128
India,Uttar Pradesh,Ghaziabad,"Indirapuram, Ghaziabad - UPPCB",30-07-2026 05:00:00,28.646233,77.358075,NH3,7,47,17
India,Uttar Pradesh,Ghaziabad,"Govindpuram, Ghaziabad - UPPCB",30-07-2026 05:00:00,28.694528,77.494705,PM2.5,8,27,15
India,Uttar Pradesh,Ghaziabad,"Govindpuram, Ghaziabad - UPPCB",30-07-2026 05:00:00,28.694528,77.494705,PM10,48,86,67
India,Uttar Pradesh,Ghaziabad,"Vasundhara, Ghaziabad - UPPCB",30-07-2026 05:00:00,28.6603346,77.3572563,PM10,77,178,122
India,Uttar Pradesh,Ghaziabad,"Vasundhara, Ghaziabad - UPPCB",30-07-2026 05:00:00,28.6603346,77.3572563,OZONE,5,29,14
India,Uttar Pradesh,Ghaziabad,"Loni, Ghaziabad - UPPCB",30-07-2026 05:00:00,28.757294,77.278792,PM2.5,NA,NA,NA
India,Uttar Pradesh,Ghaziabad,"Loni, Ghaziabad - UPPCB",30-07-2026 05:00:00,28.757294,77.278792,PM10,NA,NA,NA
India,Uttar Pradesh,Ghaziabad,"Loni, Ghaziabad - UPPCB",30-07-2026 05:00:00,28.757294,77.278792,NO2,2,68,35
India,Uttar Pradesh,Ghaziabad,"Loni, Ghaziabad - UPPCB",30-07-2026 05:00:00,28.757294,77.278792,CO,9,59,36
India,Uttar Pradesh,Meerut,"MIET College, Meerut - UPPCB",30-07-2026 05:00:00,28.972677,77.641018,OZONE,3,11,6
India,Uttar Pradesh,Modinagar,"SRM University, Modinagar - UPPCB",30-07-2026 05:00:00,28.798171,77.540243,SO2,4,5,4
India,Uttar Pradesh,Moradabad,"Jigar Colony, Moradabad - UPPCB",30-07-2026 05:00:00,28.856664,78.772638,NO2,24,25,24
India,Uttar Pradesh,Moradabad,"Kashiram Nagar, Moradabad - UPPCB",30-07-2026 05:00:00,28.849399,78.742362,PM2.5,17,48,31
India,Uttar Pradesh,Moradabad,"Kashiram Nagar, Moradabad - UPPCB",30-07-2026 05:00:00,28.849399,78.742362,PM10,31,101,64
India,Uttar Pradesh,Moradabad,"Kashiram Nagar, Moradabad - UPPCB",30-07-2026 05:00:00,28.849399,78.742362,SO2,16,48,30
India,Uttar Pradesh,Moradabad,"Employment Office, Moradabad - UPPCB",30-07-2026 05:00:00,28.88528,78.7388,PM2.5,42,121,69
India,Uttar Pradesh,Moradabad,"Eco Herbal Park, Moradabad - UPPCB",30-07-2026 05:00:00,28.840739,78.697531,PM10,41,114,74
India,Uttar Pradesh,Moradabad,"Eco Herbal Park, Moradabad - UPPCB",30-07-2026 05:00:00,28.840739,78.697531,OZONE,8,19,12
India,Uttar Pradesh,Moradabad,"Buddhi Vihar, Moradabad - UPPCB",30-07-2026 05:00:00,28.83526,78.7446,PM2.5,23,79,48
India,Uttar Pradesh,Moradabad,"Buddhi Vihar, Moradabad - UPPCB",30-07-2026 05:00:00,28.83526,78.7446,NH3,5,5,5
India,Uttarakhand,Kashipur,"Govt. Girls Inter College, Kashipur - UKPCB",30-07-2026 05:00:00,29.2124114,78.9611753,SO2,NA,NA,NA
India,Uttarakhand,Kashipur,"Govt. Girls Inter College, Kashipur - UKPCB",30-07-2026 05:00:00,29.2124114,78.9611753,CO,12,22,19
India,Uttarakhand,Kashipur,"Govt. Girls Inter College, Kashipur - UKPCB",30-07-2026 05:00:00,29.2124114,78.9611753,OZONE,NA,NA,NA
India,West Bengal,Asansol,"Mahabir Colliery, Asansol - WBPCB",30-07-2026 05:00:00,23.618183,87.105718,SO2,1,5,3
India,West Bengal,Asansol,"Asansol Court Area, Asansol - WBPCB",30-07-2026 05:00:00,23.685297,86.945968,PM10,19,53,31
India,West Bengal,Asansol,"Asansol Court Area, Asansol - WBPCB",30-07-2026 05:00:00,23.685297,86.945968,NH3,2,6,4
India,West Bengal,Asansol,"Asansol Court Area, Asansol - WBPCB",30-07-2026 05:00:00,23.685297,86.945968,OZONE,11,21,16
India,West Bengal,Barrackpore,"SVSPA Campus, Barrackpore - WBPCB",30-07-2026 05:00:00,22.7605581,88.3617589,PM2.5,18,36,26
India,West Bengal,Durgapur,"Mahishkapur Road_B-Zone, Durgapur - WBPCB",30-07-2026 05:00:00,23.567923,87.306843,PM2.5,3,21,9
India,West Bengal,Durgapur,"Mahishkapur Road_B-Zone, Durgapur - WBPCB",30-07-2026 05:00:00,23.567923,87.306843,CO,NA,NA,NA
India,Uttar Pradesh,Prayagraj,"Motilal Nehru NIT, Prayagraj - UPPCB",30-07-2026 05:00:00,25.494,81.863,OZONE,19,26,21
India,Uttar Pradesh,Raebareli," Indira Nagar, Raebareli - NTPC Unchahar",30-07-2026 05:00:00,26.207781,81.245571,SO2,13,15,14
India,Uttar Pradesh,Varanasi,"IESD Banaras Hindu University, Varanasi - UPPCB",30-07-2026 05:00:00,25.262326,82.995408,SO2,15,33,22
India,Uttar Pradesh,Varanasi,"Maldahiya, Varanasi - UPPCB",30-07-2026 05:00:00,25.32393,82.99687,PM10,46,81,64
India,Uttar Pradesh,Varanasi,"Bhelupur, Varanasi - UPPCB",30-07-2026 05:00:00,25.301778,82.996789,PM10,34,72,50
India,Uttar Pradesh,Varanasi,"Ardhali Bazar, Varanasi - UPPCB",30-07-2026 05:00:00,25.3505986,82.9083074,NO2,38,43,41
India,Uttar Pradesh,Vrindavan,"Omex Eternity, Vrindavan - UPPCB",30-07-2026 05:00:00,27.571409,77.655757,PM10,1,106,34
India,Uttar Pradesh,Lucknow,"B R Ambedkar University, Lucknow - UPPCB",30-07-2026 05:00:00,26.766433,80.927299,NO2,11,12,12
India,Uttar Pradesh,Lucknow,"B R Ambedkar University, Lucknow - UPPCB",30-07-2026 05:00:00,26.766433,80.927299,CO,22,26,25
India,Uttar Pradesh,Lucknow,"Kendriya Vidyalaya, Lucknow - CPCB",30-07-2026 05:00:00,26.906111,80.948222,SO2,0,10,6
India,Uttar Pradesh,Lucknow,"Talkatora District Industries Center, Lucknow - CPCB",30-07-2026 05:00:00,26.83399722,80.8917361,SO2,3,24,8
India,Uttar Pradesh,Mathura,"Pali Dungra, Mathura - UPPCB",30-07-2026 05:00:00,27.410954,77.550619,NH3,1,2,1
India,Uttar Pradesh,Mathura,"Pali Dungra, Mathura - UPPCB",30-07-2026 05:00:00,27.410954,77.550619,CO,1,34,16
India,Uttar Pradesh,Mathura,"Pali Dungra, Mathura - UPPCB",30-07-2026 05:00:00,27.410954,77.550619,OZONE,9,10,9
India,Uttar Pradesh,Meerut,"Pallavpuram Phase 2, Meerut - UPPCB",30-07-2026 05:00:00,29.06351,77.709723,NO2,18,58,29
India,Uttar Pradesh,Muzaffarnagar,"New Mandi, Muzaffarnagar - UPPCB",30-07-2026 05:00:00,29.4723508,77.7194031,PM10,20,144,66
India,Uttar Pradesh,Muzaffarnagar,"New Mandi, Muzaffarnagar - UPPCB",30-07-2026 05:00:00,29.4723508,77.7194031,NO2,13,50,24
India,Uttar Pradesh,Muzaffarnagar,"New Mandi, Muzaffarnagar - UPPCB",30-07-2026 05:00:00,29.4723508,77.7194031,SO2,5,48,18
India,Uttar Pradesh,Noida,"Sector-116, Noida - UPPCB",30-07-2026 05:00:00,28.56923,77.393848,NH3,14,22,17
India,Uttar Pradesh,Noida,"Sector-1, Noida - UPPCB",30-07-2026 05:00:00,28.5898,77.3101,NH3,12,18,14
India,Uttar Pradesh,Noida,"Sector - 62, Noida - IITM",30-07-2026 05:00:00,28.6245479,77.3577104,PM10,41,136,79
India,Uttar Pradesh,Ghaziabad,"Sanjay Nagar, Ghaziabad - UPPCB",30-07-2026 05:00:00,28.685382,77.453839,PM10,41,152,102
India,Uttar Pradesh,Ghaziabad,"Sanjay Nagar, Ghaziabad - UPPCB",30-07-2026 05:00:00,28.685382,77.453839,SO2,2,7,4
India,Uttar Pradesh,Ghaziabad,"Wave City, Ghaziabad - UPPCB",30-07-2026 05:00:00,28.646675,77.489049,NO2,NA,NA,NA
India,Uttar Pradesh,Ghaziabad,"Wave City, Ghaziabad - UPPCB",30-07-2026 05:00:00,28.646675,77.489049,CO,111,113,112
India,Uttar Pradesh,Gorakhpur,"Madan Mohan Malaviya University of Technology, Gorakhpur - UPPCB",30-07-2026 05:00:00,26.730136,83.433859,OZONE,39,45,42
India,Uttar Pradesh,Noida,"Sector - 125, Noida - UPPCB",30-07-2026 05:00:00,28.5447608,77.3231257,OZONE,16,28,20
India,Uttar Pradesh,Prayagraj,"Jhunsi, Prayagraj - UPPCB",30-07-2026 05:00:00,25.425602,81.917152,PM10,11,46,22
India,Uttar Pradesh,Prayagraj,"Nagar Nigam, Prayagraj - UPPCB",30-07-2026 05:00:00,25.44919916,81.82735986,OZONE,16,17,16
India,West Bengal,Durgapur,"PCBL Residential Complex, Durgapur - WBPCB",30-07-2026 05:00:00,23.508764,87.35444,NH3,7,11,10
India,West Bengal,Howrah,"Padmapukur, Howrah - WBPCB",30-07-2026 05:00:00,22.5687319,88.2797276,CO,56,60,57
India,West Bengal,Howrah,"Dasnagar, Howrah - WBPCB",30-07-2026 05:00:00,22.6025571,88.3105664,CO,37,49,43
India,West Bengal,Howrah,"Dasnagar, Howrah - WBPCB",30-07-2026 05:00:00,22.6025571,88.3105664,OZONE,35,43,40
India,West Bengal,Howrah,"Belur Math, Howrah - WBPCB",30-07-2026 05:00:00,22.629801,88.352017,NO2,13,33,20
India,West Bengal,Howrah,"Belur Math, Howrah - WBPCB",30-07-2026 05:00:00,22.629801,88.352017,NH3,4,5,4
India,West Bengal,Howrah,"Ghusuri, Howrah - WBPCB",30-07-2026 05:00:00,22.611968,88.347422,PM10,23,90,42
India,West Bengal,Howrah,"Ghusuri, Howrah - WBPCB",30-07-2026 05:00:00,22.611968,88.347422,SO2,6,8,7
India,West Bengal,Kolkata,"Fort William, Kolkata - WBPCB",30-07-2026 05:00:00,22.55664,88.342674,PM2.5,21,34,27
India,West Bengal,Kolkata,"Ballygunge, Kolkata - WBPCB",30-07-2026 05:00:00,22.5367507,88.3638022,PM2.5,11,23,18
India,West Bengal,Kolkata,"Ballygunge, Kolkata - WBPCB",30-07-2026 05:00:00,22.5367507,88.3638022,CO,14,23,17
India,West Bengal,Kolkata,"Ballygunge, Kolkata - WBPCB",30-07-2026 05:00:00,22.5367507,88.3638022,OZONE,15,24,19
India,West Bengal,Kolkata,"Rabindra Sarobar, Kolkata - WBPCB",30-07-2026 05:00:00,22.51106,88.35142,PM2.5,18,20,19
India,West Bengal,Kolkata,"Rabindra Sarobar, Kolkata - WBPCB",30-07-2026 05:00:00,22.51106,88.35142,PM10,19,31,22
India,West Bengal,Kolkata,"Rabindra Sarobar, Kolkata - WBPCB",30-07-2026 05:00:00,22.51106,88.35142,NH3,6,7,6
India,West Bengal,Kolkata,"Rabindra Bharati University, Kolkata - WBPCB",30-07-2026 05:00:00,22.627847,88.380669,NO2,18,40,30
India,West Bengal,Kolkata,"Victoria, Kolkata - WBPCB",30-07-2026 05:00:00,22.5448082,88.3403691,PM2.5,67,78,71
India,West Bengal,Kolkata,"Bidhannagar, Kolkata - WBPCB",30-07-2026 05:00:00,22.58157048,88.41002457,NO2,13,14,14
India,West Bengal,Kolkata,"Bidhannagar, Kolkata - WBPCB",30-07-2026 05:00:00,22.58157048,88.41002457,OZONE,19,33,25
India,Assam,Silchar,"Tarapur, Silchar - PCBA",30-07-2026 05:00:00,24.82827,92.79525,NH3,1,1,1
India,Bihar,Araria,"Kharahiya Basti, Araria - BSPCB",30-07-2026 05:00:00,26.146529,87.454184,PM2.5,43,52,48
India,Bihar,Arrah,"New DM Office, Arrah - BSPCB",30-07-2026 05:00:00,25.5626095,84.663264,NO2,6,8,7
India,Bihar,Arrah,"New DM Office, Arrah - BSPCB",30-07-2026 05:00:00,25.5626095,84.663264,NH3,2,2,2
India,Bihar,Arrah,"New DM Office, Arrah - BSPCB",30-07-2026 05:00:00,25.5626095,84.663264,SO2,5,5,5
India,Bihar,Aurangabad,"Gurdeo Nagar, Aurangabad - BSPCB",30-07-2026 05:00:00,24.75746,84.366208,PM10,NA,NA,NA
India,Bihar,Begusarai,"Lohiyanagar, Begusarai - BSPCB",30-07-2026 05:00:00,25.42742023,86.13886079,PM2.5,2,253,50
India,Bihar,Bettiah,"Kamalnath Nagar, Bettiah - BSPCB",30-07-2026 05:00:00,26.80365,84.51954,PM10,21,132,76
India,Andhra Pradesh,Vijayawada,"HB Colony, Vijayawada - APPCB",30-07-2026 05:00:00,16.536107,80.594233,PM10,49,72,56
India,Andhra Pradesh,Vijayawada,"HB Colony, Vijayawada - APPCB",30-07-2026 05:00:00,16.536107,80.594233,NH3,3,6,4
India,Andhra Pradesh,Vijayawada,"HB Colony, Vijayawada - APPCB",30-07-2026 05:00:00,16.536107,80.594233,CO,33,34,33
India,Andhra Pradesh,Vijayawada,"Rajiv Gandhi Park, Vijayawada - APPCB",30-07-2026 05:00:00,16.509717,80.612222,PM2.5,37,80,53
India,Andhra Pradesh,Vijayawada,"Rajiv Gandhi Park, Vijayawada - APPCB",30-07-2026 05:00:00,16.509717,80.612222,OZONE,22,22,22
India,Andhra Pradesh,Visakhapatnam,"GVM Corporation, Visakhapatnam - APPCB",30-07-2026 05:00:00,17.72,83.3,NH3,3,4,3
India,Arunachal Pradesh,Naharlagun,"Naharlagun, Naharlagun - APSPCB",30-07-2026 05:00:00,27.103358,93.679645,NO2,NA,NA,NA
India,Arunachal Pradesh,Naharlagun,"Naharlagun, Naharlagun - APSPCB",30-07-2026 05:00:00,27.103358,93.679645,NH3,NA,NA,NA
India,Arunachal Pradesh,Naharlagun,"Naharlagun, Naharlagun - APSPCB",30-07-2026 05:00:00,27.103358,93.679645,SO2,NA,NA,NA
India,Andhra Pradesh,Eluru,"District Court, Eluru - APPCB",30-07-2026 05:00:00,16.711754,81.092095,SO2,5,13,7
India,Andhra Pradesh,Eluru,"District Court, Eluru - APPCB",30-07-2026 05:00:00,16.711754,81.092095,OZONE,3,69,16
India,Andhra Pradesh,Guntur,"Rajendra Nagar North, Guntur - APPCB",30-07-2026 05:00:00,16.316553,80.413302,NO2,16,40,26
India,Andhra Pradesh,Guntur,"Rajendra Nagar North, Guntur - APPCB",30-07-2026 05:00:00,16.316553,80.413302,CO,10,23,13
India,Andhra Pradesh,Kadapa,"Yerramukkapalli, Kadapa - APPCB",30-07-2026 05:00:00,14.465052,78.824187,OZONE,34,34,34
India,Andhra Pradesh,Kakinada,"Rama Rao Peta, Kakinada - APPCB",30-07-2026 05:00:00,16.962488,82.229513,NO2,20,39,30
India,Bihar,Gaya,"Collectorate, Gaya - BSPCB",30-07-2026 05:00:00,24.7955,84.9994,PM2.5,2,301,94
India,Bihar,Gaya,"Collectorate, Gaya - BSPCB",30-07-2026 05:00:00,24.7955,84.9994,OZONE,28,29,29
India,Bihar,Hajipur,"Industrial Area, Hajipur - BSPCB",30-07-2026 05:00:00,25.697189,85.2459,PM2.5,19,53,34
India,Bihar,Hajipur,"Industrial Area, Hajipur - BSPCB",30-07-2026 05:00:00,25.697189,85.2459,NH3,12,18,15
India,Bihar,Katihar,"Mirchaibari, Katihar - BSPCB",30-07-2026 05:00:00,25.560083,87.553265,NH3,1,1,1
India,Bihar,Kishanganj,"SDM Office_Khagra, Kishanganj - BSPCB",30-07-2026 05:00:00,26.0881305,87.93840336,PM2.5,33,78,44
India,Assam,Guwahati,"IITG, Guwahati - PCBA",30-07-2026 05:00:00,26.2028636,91.70046436,PM2.5,14,500,150
India,Assam,Guwahati,"IITG, Guwahati - PCBA",30-07-2026 05:00:00,26.2028636,91.70046436,CO,4,11,8
India,Assam,Guwahati,"LGBI Airport, Guwahati - PCBA",30-07-2026 05:00:00,26.10887,91.589544,SO2,2,14,11
India,Assam,Guwahati,"Pan Bazaar, Guwahati - PCBA",30-07-2026 05:00:00,26.1875,91.744194,NH3,1,1,1
India,Assam,Guwahati,"Pan Bazaar, Guwahati - PCBA",30-07-2026 05:00:00,26.1875,91.744194,SO2,36,41,39
India,Assam,Silchar,"Tarapur, Silchar - PCBA",30-07-2026 05:00:00,24.82827,92.79525,PM2.5,41,42,42
India,Bihar,Bihar Sharif,"D M Colony, Bihar Sharif - BSPCB",30-07-2026 05:00:00,25.204762,85.51496,NO2,9,10,9
India,Bihar,Bihar Sharif,"D M Colony, Bihar Sharif - BSPCB",30-07-2026 05:00:00,25.204762,85.51496,NH3,3,3,3
India,Bihar,Buxar,"Charitra Van, Buxar - BSPCB",30-07-2026 05:00:00,25.56752,83.966379,OZONE,1,15,4
India,Bihar,Chhapra,"Darshan Nagar, Chhapra - BSPCB",30-07-2026 05:00:00,25.7808257,84.7446768,CO,81,89,83
India,Bihar,Gaya,"SFTI Kusdihra, Gaya - BSPCB",30-07-2026 05:00:00,24.762518,84.982348,SO2,6,10,9
India,Andhra Pradesh,Machilipatnam,"Srinivas Nagar Colony, Machilipatnam - APPCB",30-07-2026 05:00:00,16.186555,81.13219,SO2,13,24,16
India,Andhra Pradesh,Rajamahendravaram,"Anand Kala Kshetram, Rajamahendravaram - APPCB",30-07-2026 05:00:00,16.9872867,81.7363176,NH3,2,3,2
India,Andhra Pradesh,Tirumala,"Toll Gate, Tirumala - APPCB",30-07-2026 05:00:00,13.67,79.35,PM2.5,18,37,24
India,Andhra Pradesh,Tirumala,"Toll Gate, Tirumala - APPCB",30-07-2026 05:00:00,13.67,79.35,NO2,16,49,32
India,Andhra Pradesh,Anantapur,"Gulzarpet, Anantapur - APPCB",30-07-2026 05:00:00,14.675886,77.593027,NH3,3,5,4
India,Andhra Pradesh,Chittoor,"Gangineni Cheruvu, Chittoor - APPCB",30-07-2026 05:00:00,13.20488,79.097889,CO,13,17,15
India,Andhra Pradesh,Amaravati,"Secretariat, Amaravati - APPCB",30-07-2026 05:00:00,16.5150833,80.5181667,SO2,6,59,14
India,Andhra Pradesh,Amaravati,"Secretariat, Amaravati - APPCB",30-07-2026 05:00:00,16.5150833,80.5181667,CO,1,11,6
India,Bihar,Bhagalpur,"Mayaganj, Bhagalpur - BSPCB",30-07-2026 05:00:00,25.265194,87.012947,PM2.5,13,157,40
India,Bihar,Rajgir,"Dangi Tola, Rajgir - BSPCB",30-07-2026 05:00:00,25.0328,85.41948,OZONE,19,50,31
India,Bihar,Saharsa,"Police Line, Saharsa - BSPCB",30-07-2026 05:00:00,25.892357,86.590325,PM10,22,40,30
India,Bihar,Saharsa,"Police Line, Saharsa - BSPCB",30-07-2026 05:00:00,25.892357,86.590325,NO2,6,8,7
India,Bihar,Saharsa,"Police Line, Saharsa - BSPCB",30-07-2026 05:00:00,25.892357,86.590325,SO2,15,17,16
India,Bihar,Saharsa,"Police Line, Saharsa - BSPCB",30-07-2026 05:00:00,25.892357,86.590325,OZONE,12,24,17
India,Bihar,Samastipur,"DM Office_Kasipur, Samastipur - BSPCB",30-07-2026 05:00:00,25.859655,85.77944,CO,NA,NA,NA
India,Chandigarh,Chandigarh,"Sector-53, Chandigarh - CPCC",30-07-2026 05:00:00,30.719859,76.738637,CO,34,56,43
India,Chandigarh,Chandigarh,"Sector 22, Chandigarh - CPCC",30-07-2026 05:00:00,30.735567,76.775714,PM2.5,8,48,21
India,Chhattisgarh,Bilaspur,"Mangala, Bilaspur - NTPC",30-07-2026 05:00:00,22.08815,82.13737,PM10,0,25,15
India,Chhattisgarh,Bilaspur,"Mangala, Bilaspur - NTPC",30-07-2026 05:00:00,22.08815,82.13737,OZONE,NA,NA,NA
India,Chhattisgarh,Chhal,"Nawapara SECL Colony, Chhal - CECB",30-07-2026 05:00:00,22.118125,83.140608,NO2,3,23,9
India,Chhattisgarh,Chhal,"Nawapara SECL Colony, Chhal - CECB",30-07-2026 05:00:00,22.118125,83.140608,CO,15,20,17
India,Chhattisgarh,Korba,"Urja Nagar, Korba - CECB",30-07-2026 05:00:00,22.348441,82.549611,PM2.5,5,9,6
India,Chhattisgarh,Korba,"Urja Nagar, Korba - CECB",30-07-2026 05:00:00,22.348441,82.549611,PM10,11,28,16
India,Chhattisgarh,Kunjemura,"OP Jindal School, Kunjemura - CECB",30-07-2026 05:00:00,22.12665,83.483212,PM2.5,0,1,0
India,Chhattisgarh,Kunjemura,"OP Jindal School, Kunjemura - CECB",30-07-2026 05:00:00,22.12665,83.483212,PM10,2,6,4
India,Chhattisgarh,Raipur,"AIIMS, Raipur - CECB",30-07-2026 05:00:00,21.258815,81.578979,CO,24,35,30
India,Chhattisgarh,Tumidih,"OP Jindal Industrial Park, Tumidih - CECB",30-07-2026 05:00:00,22.06631475,83.33820077,NH3,1,2,2
India,Delhi,Delhi,"ITO, Delhi - CPCB",30-07-2026 05:00:00,28.628624,77.24106,NO2,15,105,59
India,Delhi,Delhi,"NSUT Jaffarpur, Delhi - DPCC",30-07-2026 05:00:00,28.594004,76.909423,PM2.5,34,134,82
India,Delhi,Delhi,"NSUT Jaffarpur, Delhi - DPCC",30-07-2026 05:00:00,28.594004,76.909423,SO2,5,7,6
India,Delhi,Delhi,"Punjabi Bagh, Delhi - DPCC",30-07-2026 05:00:00,28.674045,77.131023,NH3,3,7,5
India,Delhi,Delhi,"Punjabi Bagh, Delhi - DPCC",30-07-2026 05:00:00,28.674045,77.131023,CO,42,67,60
India,Bihar,Patna,"DRM Office Danapur, Patna - BSPCB",30-07-2026 05:00:00,25.586562,85.043586,CO,29,40,34
India,Bihar,Patna,"Muradpur, Patna - BSPCB",30-07-2026 05:00:00,25.619651,85.147382,NH3,4,5,5
India,Bihar,Patna,"Muradpur, Patna - BSPCB",30-07-2026 05:00:00,25.619651,85.147382,OZONE,15,22,18
India,Bihar,Patna,"Samanpura, Patna - BSPCB",30-07-2026 05:00:00,25.596727,85.085624,NO2,24,24,24
India,Bihar,Patna,"Samanpura, Patna - BSPCB",30-07-2026 05:00:00,25.596727,85.085624,NH3,4,5,5
India,Bihar,Purnia,"Mariam Nagar, Purnia - BSPCB",30-07-2026 05:00:00,25.366336,87.117468,PM2.5,12,48,25
India,Bihar,Purnia,"Mariam Nagar, Purnia - BSPCB",30-07-2026 05:00:00,25.366336,87.117468,PM10,10,36,20
India,Bihar,Manguraha,"Forest Rest House, Manguraha - BSPCB",30-07-2026 05:00:00,27.308328,84.531742,SO2,14,19,17
India,Bihar,Motihari,"Gandak Colony, Motihari - BSPCB",30-07-2026 05:00:00,26.63086,84.90051,PM2.5,30,62,43
India,Bihar,Motihari,"Gandak Colony, Motihari - BSPCB",30-07-2026 05:00:00,26.63086,84.90051,PM10,32,69,47
India,Bihar,Motihari,"Gandak Colony, Motihari - BSPCB",30-07-2026 05:00:00,26.63086,84.90051,OZONE,60,61,60
India,Chhattisgarh,Kunjemura,"OP Jindal School, Kunjemura - CECB",30-07-2026 05:00:00,22.12665,83.483212,OZONE,4,5,4
India,Chhattisgarh,Raipur,"Siltara Phase-II, Raipur - CECB",30-07-2026 05:00:00,21.371751,81.664929,PM2.5,NA,NA,NA
India,Chhattisgarh,Raipur,"Siltara Phase-II, Raipur - CECB",30-07-2026 05:00:00,21.371751,81.664929,CO,17,17,17
India,Bihar,Muzaffarpur,"Buddha Colony, Muzaffarpur - BSPCB",30-07-2026 05:00:00,26.11442,85.39813,SO2,2,23,9
India,Bihar,Muzaffarpur,"MIT-Daudpur Kothi, Muzaffarpur - BSPCB",30-07-2026 05:00:00,26.1403345,85.3650192,PM10,25,42,32
India,Bihar,Muzaffarpur,"MIT-Daudpur Kothi, Muzaffarpur - BSPCB",30-07-2026 05:00:00,26.1403345,85.3650192,NH3,1,1,1
India,Chandigarh,Chandigarh,"Sector-25, Chandigarh - CPCC",30-07-2026 05:00:00,30.751462,76.762879,NH3,11,13,12
India,Chhattisgarh,Bhilai,"Civic Center, Bhilai - Bhilai Steel Plant",30-07-2026 05:00:00,21.185571,81.343175,PM10,5,10,7
India,Chhattisgarh,Bhilai,"32Bungalows, Bhilai - CECB",30-07-2026 05:00:00,21.194815,81.31477,OZONE,12,21,15
India,Gujarat,Ahmedabad,"SVPI Airport Hansol, Ahmedabad - IITM",30-07-2026 05:00:00,23.076793,72.627874,PM10,62,164,101
India,Gujarat,Ahmedabad,"Chandkheda, Ahmedabad - IITM",30-07-2026 05:00:00,23.107969,72.574648,CO,NA,NA,NA
India,Gujarat,Ahmedabad,"Maninagar, Ahmedabad - GPCB",30-07-2026 05:00:00,23.002657,72.591912,NO2,58,60,59
India,Gujarat,Ahmedabad,"Maninagar, Ahmedabad - GPCB",30-07-2026 05:00:00,23.002657,72.591912,OZONE,18,26,20
India,Gujarat,Ahmedabad,"Gyaspur, Ahmedabad - IITM",30-07-2026 05:00:00,22.977134,72.553024,PM10,79,165,118
India,Gujarat,Ahmedabad,"Gyaspur, Ahmedabad - IITM",30-07-2026 05:00:00,22.977134,72.553024,NH3,14,25,21
India,Gujarat,Ahmedabad,"SAC ISRO Satellite, Ahmedabad - IITM",30-07-2026 05:00:00,23.023389,72.515201,SO2,1,5,3
India,Gujarat,Ahmedabad,"SAC ISRO Satellite, Ahmedabad - IITM",30-07-2026 05:00:00,23.023389,72.515201,CO,3,34,13
India,Gujarat,Ahmedabad,"Raikhad, Ahmedabad - IITM",30-07-2026 05:00:00,23.020509,72.579261,SO2,14,18,16
India,Gujarat,Ankleshwar,"GIDC, Ankleshwar - GPCB",30-07-2026 05:00:00,21.613267,73.010555,NO2,24,28,27
India,Gujarat,Ankleshwar,"GIDC, Ankleshwar - GPCB",30-07-2026 05:00:00,21.613267,73.010555,OZONE,23,27,25
India,Delhi,Delhi,"CRRI Mathura Road, Delhi - IITM",30-07-2026 05:00:00,28.5512005,77.2735737,CO,42,107,72
India,Delhi,Delhi,"IMD Lodhi Road, Delhi - IITM",30-07-2026 05:00:00,28.5918245,77.2273074,NH3,NA,NA,NA
India,Delhi,Delhi,"JNU, Delhi - DPCC",30-07-2026 05:00:00,28.540721,77.168544,NO2,12,57,25
India,Delhi,Delhi,"Alipur, Delhi - DPCC",30-07-2026 05:00:00,28.815329,77.15301,SO2,3,6,5
India,Delhi,Delhi,"North Campus, DU, Delhi - IITM",30-07-2026 05:00:00,28.6573814,77.1585447,PM2.5,21,206,95
India,Delhi,Delhi,"North Campus, DU, Delhi - IITM",30-07-2026 05:00:00,28.6573814,77.1585447,SO2,NA,NA,NA
India,Delhi,Delhi,"North Campus, DU, Delhi - IITM",30-07-2026 05:00:00,28.6573814,77.1585447,OZONE,5,9,6
India,Delhi,Delhi,"R K Puram, Delhi - DPCC",30-07-2026 05:00:00,28.563262,77.186937,NO2,19,81,41
India,Delhi,Delhi,"R K Puram, Delhi - DPCC",30-07-2026 05:00:00,28.563262,77.186937,CO,14,83,50
India,Delhi,Delhi,"IIT Delhi, Delhi - IITM",30-07-2026 05:00:00,28.54246,77.191651,PM2.5,10,88,57
India,Delhi,Delhi,"Dwarka-Sector 8, Delhi - DPCC ",30-07-2026 05:00:00,28.5710274,77.0719006,NO2,25,94,49
India,Delhi,Delhi,"DTU, Delhi - CPCB",30-07-2026 05:00:00,28.7500499,77.1112615,PM10,69,171,98
India,Delhi,Delhi,"DTU, Delhi - CPCB",30-07-2026 05:00:00,28.7500499,77.1112615,NH3,6,12,9
India,Delhi,Delhi,"DTU, Delhi - CPCB",30-07-2026 05:00:00,28.7500499,77.1112615,OZONE,3,7,4
India,Delhi,Delhi,"Anand Vihar, Delhi - DPCC",30-07-2026 05:00:00,28.647622,77.315809,SO2,5,21,12
India,Delhi,Delhi,"Ashok Vihar, Delhi - DPCC",30-07-2026 05:00:00,28.695381,77.181665,NO2,26,70,43
India,Delhi,Delhi,"Ashok Vihar, Delhi - DPCC",30-07-2026 05:00:00,28.695381,77.181665,SO2,6,17,12
India,Delhi,Delhi,"Mundka, Delhi - DPCC",30-07-2026 05:00:00,28.684678,77.076574,PM10,52,224,137
India,Delhi,Delhi,"Mundka, Delhi - DPCC",30-07-2026 05:00:00,28.684678,77.076574,NO2,92,125,108
India,Delhi,Delhi,"Wazirpur, Delhi - DPCC",30-07-2026 05:00:00,28.699793,77.165453,SO2,5,12,8
India,Delhi,Delhi,"Jawaharlal Nehru Stadium, Delhi - DPCC",30-07-2026 05:00:00,28.58028,77.233829,CO,13,91,54
India,Delhi,Delhi,"Patparganj, Delhi - DPCC",30-07-2026 05:00:00,28.623763,77.287209,PM10,57,153,96
India,Delhi,Delhi,"IHBAS, Dilshad Garden, Delhi - CPCB",30-07-2026 05:00:00,28.6811736,77.3025234,PM10,75,103,91
India,Delhi,Delhi,"IHBAS, Dilshad Garden, Delhi - CPCB",30-07-2026 05:00:00,28.6811736,77.3025234,NO2,10,14,12
India,Delhi,Delhi,"IHBAS, Dilshad Garden, Delhi - CPCB",30-07-2026 05:00:00,28.6811736,77.3025234,SO2,10,30,18
India,Delhi,Delhi,"IHBAS, Dilshad Garden, Delhi - CPCB",30-07-2026 05:00:00,28.6811736,77.3025234,CO,101,115,108
India,Delhi,Delhi,"Vivek Vihar, Delhi - DPCC",30-07-2026 05:00:00,28.672342,77.31526,PM2.5,50,137,83
India,Delhi,Delhi,"Vivek Vihar, Delhi - DPCC",30-07-2026 05:00:00,28.672342,77.31526,SO2,8,14,10
India,Delhi,Delhi,"Rohini, Delhi - DPCC",30-07-2026 05:00:00,28.732528,77.11992,NO2,16,81,48
India,Delhi,Delhi,"Shadipur, Delhi - CPCB",30-07-2026 05:00:00,28.6514781,77.1473105,SO2,5,18,13
India,Delhi,Delhi,"Shadipur, Delhi - CPCB",30-07-2026 05:00:00,28.6514781,77.1473105,CO,12,48,28
India,Delhi,Delhi,"Mandir Marg, Delhi - DPCC",30-07-2026 05:00:00,28.636429,77.201067,NH3,9,21,13
India,Delhi,Delhi,"Mandir Marg, Delhi - DPCC",30-07-2026 05:00:00,28.636429,77.201067,SO2,2,98,42
India,Delhi,Delhi,"Mandir Marg, Delhi - DPCC",30-07-2026 05:00:00,28.636429,77.201067,CO,82,102,92
India,Delhi,Delhi,"Pusa, Delhi - DPCC",30-07-2026 05:00:00,28.639652,77.146275,PM2.5,53,147,78
India,Delhi,Delhi,"Sirifort, Delhi - CPCB",30-07-2026 05:00:00,28.5504249,77.2159377,PM10,52,152,99
India,Delhi,Delhi,"Sirifort, Delhi - CPCB",30-07-2026 05:00:00,28.5504249,77.2159377,NO2,23,47,31
India,Delhi,Delhi,"Chandni Chowk, Delhi - IITM",30-07-2026 05:00:00,28.656756,77.227234,NO2,12,39,23
India,Delhi,Delhi,"Chandni Chowk, Delhi - IITM",30-07-2026 05:00:00,28.656756,77.227234,NH3,4,11,7
India,Delhi,Delhi,"Pusa, Delhi - IITM",30-07-2026 05:00:00,28.63611,77.173332,NO2,14,128,54
India,Delhi,Delhi,"IGI Airport (T3), Delhi - IITM",30-07-2026 05:00:00,28.5627763,77.1180053,PM10,40,182,100
India,Delhi,Delhi,"IGNOU_Maidan Garhi, Delhi - DPCC",30-07-2026 05:00:00,28.493624,77.201159,PM2.5,9,32,19
India,Delhi,Delhi,"IGNOU_Maidan Garhi, Delhi - DPCC",30-07-2026 05:00:00,28.493624,77.201159,NH3,0,14,5
India,Delhi,Delhi,"Sonia Vihar, Delhi - DPCC",30-07-2026 05:00:00,28.710508,77.249485,NH3,12,24,16
India,Delhi,Delhi,"Sonia Vihar, Delhi - DPCC",30-07-2026 05:00:00,28.710508,77.249485,OZONE,13,17,15
India,Delhi,Delhi,"Cantonment Area, Delhi - DPCC",30-07-2026 05:00:00,28.594169,77.1251,NH3,1,3,2
India,Delhi,Delhi,"Commonwealth Sports Complex, Delhi - DPCC",30-07-2026 05:00:00,28.615828,77.271992,PM2.5,48,125,77
India,Delhi,Delhi,"Commonwealth Sports Complex, Delhi - DPCC",30-07-2026 05:00:00,28.615828,77.271992,NO2,6,9,6
India,Delhi,Delhi,"Talkatora Garden, Delhi - DPCC",30-07-2026 05:00:00,28.62181,77.1944633,NH3,NA,NA,NA
India,Haryana,Charkhi Dadri,"Mini Secretariat, Charkhi Dadri - HSPCB",30-07-2026 05:00:00,28.593883,76.270653,NH3,5,8,6
India,Haryana,Dharuhera,"Municipal Corporation Office, Dharuhera -  HSPCB",30-07-2026 05:00:00,28.2068,76.7997,NH3,4,9,6
India,Haryana,Dharuhera,"Municipal Corporation Office, Dharuhera -  HSPCB",30-07-2026 05:00:00,28.2068,76.7997,OZONE,5,14,8
India,Haryana,Faridabad,"New Industrial Town, Faridabad - HSPCB",30-07-2026 05:00:00,28.39072,77.30059,PM2.5,26,52,39
India,Haryana,Faridabad,"Sector 11, Faridabad - HSPCB",30-07-2026 05:00:00,28.376058,77.315741,PM10,33,307,136
India,Haryana,Faridabad,"Sector 11, Faridabad - HSPCB",30-07-2026 05:00:00,28.376058,77.315741,SO2,7,14,10
India,Haryana,Faridabad,"Sector 30, Faridabad - HSPCB",30-07-2026 05:00:00,28.4417,77.3217,NO2,36,38,38
India,Haryana,Faridabad,"Sector 30, Faridabad - HSPCB",30-07-2026 05:00:00,28.4417,77.3217,OZONE,10,10,10
India,Haryana,Fatehabad,"Huda Sector, Fatehabad - HSPCB",30-07-2026 05:00:00,29.503664,75.467934,CO,46,54,49
India,Haryana,Gurugram,"Teri Gram, Gurugram - HSPCB",30-07-2026 05:00:00,28.4275,77.1465,PM10,49,454,148
India,Haryana,Gurugram,"Teri Gram, Gurugram - HSPCB",30-07-2026 05:00:00,28.4275,77.1465,CO,11,30,19
India,Haryana,Gurugram,"Teri Gram, Gurugram - HSPCB",30-07-2026 05:00:00,28.4275,77.1465,OZONE,5,9,7
India,Haryana,Gurugram,"Vikas Sadan, Gurugram - HSPCB",30-07-2026 05:00:00,28.4501238,77.0263051,PM2.5,77,392,220
India,Haryana,Gurugram,"Vikas Sadan, Gurugram - HSPCB",30-07-2026 05:00:00,28.4501238,77.0263051,SO2,0,22,8
India,Gujarat,Surat,"Katargam, Surat - Nexteng Enviro",30-07-2026 05:00:00,21.217779,72.834787,OZONE,6,7,6
India,Gujarat,Vadodara,"Bapunagar, Vadodara - Nexteng Enviro",30-07-2026 05:00:00,22.320153,73.216285,OZONE,2,5,3
India,Gujarat,Vapi,"Phase-1 GIDC, Vapi - GPCB",30-07-2026 05:00:00,20.362421,72.918013,PM10,26,83,49
India,Gujarat,Vapi,"Phase-1 GIDC, Vapi - GPCB",30-07-2026 05:00:00,20.362421,72.918013,NH3,3,4,4
India,Gujarat,Vapi,"Phase-1 GIDC, Vapi - GPCB",30-07-2026 05:00:00,20.362421,72.918013,SO2,5,20,12
India,Gujarat,Vatva,"Phase-4 GIDC, Vatva - GPCB",30-07-2026 05:00:00,22.969611,72.6435,PM10,89,138,119
India,Gujarat,Vatva,"Phase-4 GIDC, Vatva - GPCB",30-07-2026 05:00:00,22.969611,72.6435,NH3,5,5,5
India,Haryana,Bahadurgarh,"Arya Nagar, Bahadurgarh - HSPCB",30-07-2026 05:00:00,28.6701,76.9254,PM10,59,122,83
India,Haryana,Ballabgarh,"Nathu Colony, Ballabgarh - HSPCB",30-07-2026 05:00:00,28.3419248,77.319699,NH3,4,5,4
India,Haryana,Mandikhera,"General Hospital, Mandikhera(Nuh) - HSPCB",30-07-2026 05:00:00,27.9002,76.9938,SO2,20,21,21
India,Haryana,Manesar,"Sector-2 IMT, Manesar - HSPCB",30-07-2026 05:00:00,28.360699,76.93609,NO2,14,65,27
India,Haryana,Palwal,"Shyam Nagar, Palwal - HSPCB",30-07-2026 05:00:00,28.1485564,77.3320667,NO2,23,24,24
India,Haryana,Palwal,"Shyam Nagar, Palwal - HSPCB",30-07-2026 05:00:00,28.1485564,77.3320667,CO,11,93,35
India,Haryana,Panchgaon,"Amity University, Panchgaon - IITM",30-07-2026 05:00:00,28.3153,76.9143,NH3,1,4,2
India,Haryana,Panchkula,"Sector-6, Panchkula - HSPCB ",30-07-2026 05:00:00,30.7057778,76.8531805555555,OZONE,38,43,40
India,Haryana,Panipat,"Sector-18, Panipat - HSPCB",30-07-2026 05:00:00,29.432304,76.972765,SO2,NA,NA,NA
India,Haryana,Panipat,"Sector-18, Panipat - HSPCB",30-07-2026 05:00:00,29.432304,76.972765,CO,27,27,27
India,Gujarat,Gandhinagar,"GIFT City, Gandhinagar - IITM",30-07-2026 05:00:00,23.163798,72.677768,SO2,2,4,3
India,Gujarat,Mehsana,"Sadanand Nagar, Mehsana - Nexteng Enviro",30-07-2026 05:00:00,23.59315,72.372792,NO2,6,9,8
India,Gujarat,Mehsana,"Sadanand Nagar, Mehsana - Nexteng Enviro",30-07-2026 05:00:00,23.59315,72.372792,SO2,12,14,13
India,Gujarat,Nandesari,"GIDC, Nandesari - Nandesari Ind. Association",30-07-2026 05:00:00,22.410802,73.097923,PM2.5,39,113,68
India,Gujarat,Nandesari,"GIDC, Nandesari - Nandesari Ind. Association",30-07-2026 05:00:00,22.410802,73.097923,OZONE,NA,NA,NA
India,Gujarat,Surat,"Katargam, Surat - Nexteng Enviro",30-07-2026 05:00:00,21.217779,72.834787,SO2,8,10,9
India,Gujarat,Gandhinagar,"Sector-10, Gandhinagar - GPCB",30-07-2026 05:00:00,23.221714,72.654328,NO2,6,8,7
India,Gujarat,Gandhinagar,"IIPHG Lekawada, Gandhinagar - IITM",30-07-2026 05:00:00,23.243639,72.68994,PM2.5,23,89,50
India,Gujarat,Gandhinagar,"IIPHG Lekawada, Gandhinagar - IITM",30-07-2026 05:00:00,23.243639,72.68994,PM10,107,199,160
India,Gujarat,Gandhinagar,"IIPHG Lekawada, Gandhinagar - IITM",30-07-2026 05:00:00,23.243639,72.68994,NH3,0,1,1
India,Gujarat,Gandhinagar,"IIPHG Lekawada, Gandhinagar - IITM",30-07-2026 05:00:00,23.243639,72.68994,CO,21,43,33
India,Haryana,Hisar,"Urban Estate-II, Hisar - HSPCB",30-07-2026 05:00:00,29.14056,75.744941,CO,15,15,15
India,Karnataka,Hubballi,"Lingaraj Nagar, Hubballi - KSPCB",30-07-2026 05:00:00,15.3714823,75.1160168,SO2,2,3,2
India,Karnataka,Hubballi,"Lingaraj Nagar, Hubballi - KSPCB",30-07-2026 05:00:00,15.3714823,75.1160168,OZONE,23,23,23
India,Karnataka,Kalaburagi,"Mahatma Basaveswar Colony, Kalaburgi - KSPCB",30-07-2026 05:00:00,17.336318,76.847397,OZONE,13,13,13
India,Karnataka,Karwar,"KHB Colony, Karwar - KSPCB",30-07-2026 05:00:00,14.816666,74.141003,PM10,40,87,55
India,Karnataka,Koppal,"Diwator Nagar, Koppal - KSPCB",30-07-2026 05:00:00,15.34763,76.181767,NH3,8,8,8
India,Karnataka,Koppal,"Diwator Nagar, Koppal - KSPCB",30-07-2026 05:00:00,15.34763,76.181767,SO2,17,21,18
India,Karnataka,Mangalore,"Kadri, Mangalore - KSPCB",30-07-2026 05:00:00,12.88925,74.853,SO2,NA,NA,NA
India,Karnataka,Mysuru,"Hebbal 1st Stage, Mysuru - KSPCB",30-07-2026 05:00:00,12.21041,76.37376,NO2,13,34,21
India,Haryana,Mandikhera,"General Hospital, Mandikhera(Nuh) - HSPCB",30-07-2026 05:00:00,27.9002,76.9938,SO2,20,21,21
India,Haryana,Manesar,"Sector-2 IMT, Manesar - HSPCB",30-07-2026 05:00:00,28.360699,76.93609,NO2,14,65,27
India,Haryana,Palwal,"Shyam Nagar, Palwal - HSPCB",30-07-2026 05:00:00,28.1485564,77.3320667,NO2,23,24,24
India,Haryana,Palwal,"Shyam Nagar, Palwal - HSPCB",30-07-2026 05:00:00,28.1485564,77.3320667,CO,11,93,35
India,Haryana,Panchgaon,"Amity University, Panchgaon - IITM",30-07-2026 05:00:00,28.3153,76.9143,NH3,1,4,2
India,Haryana,Panchkula,"Sector-6, Panchkula - HSPCB ",30-07-2026 05:00:00,30.7057778,76.8531805555555,OZONE,38,43,40
India,Haryana,Panipat,"Sector-18, Panipat - HSPCB",30-07-2026 05:00:00,29.432304,76.972765,SO2,NA,NA,NA
India,Haryana,Panipat,"Sector-18, Panipat - HSPCB",30-07-2026 05:00:00,29.432304,76.972765,CO,27,27,27
India,Karnataka,Bengaluru,"Sanegurava Halli, Bengaluru - KSPCB",30-07-2026 05:00:00,12.990328,77.5431385,PM10,54,55,55
India,Karnataka,Bengaluru,"Sanegurava Halli, Bengaluru - KSPCB",30-07-2026 05:00:00,12.990328,77.5431385,OZONE,NA,NA,NA
India,Karnataka,Bengaluru,"Jigani, Bengaluru - KSPCB",30-07-2026 05:00:00,12.7816279,77.6299145,CO,36,36,36
India,Karnataka,Bengaluru,"BTM Layout, Bengaluru - CPCB",30-07-2026 05:00:00,12.9135218,77.5950804,PM10,NA,NA,NA
India,Karnataka,Bengaluru,"BTM Layout, Bengaluru - CPCB",30-07-2026 05:00:00,12.9135218,77.5950804,NH3,5,5,5
India,Karnataka,Bengaluru,"Hebbal, Bengaluru - KSPCB",30-07-2026 05:00:00,13.029152,77.585901,NO2,12,19,18
India,Karnataka,Bengaluru,"Jayanagar 5th Block, Bengaluru - KSPCB",30-07-2026 05:00:00,12.920984,77.584908,PM10,29,81,52
India,Karnataka,Bengaluru,"Hombegowda Nagar, Bengaluru - KSPCB",30-07-2026 05:00:00,12.938539,77.5901,PM10,13,69,47
India,Jharkhand,Dhanbad,"Sardar Patel Nagar, Dhanbad - JSPCB",30-07-2026 05:00:00,23.80569,86.44268,NO2,97,211,112
India,Jharkhand,Jorapokhar,"Tata Stadium, Jorapokhar - JSPCB",30-07-2026 05:00:00,23.707909,86.41467,PM10,42,193,84
India,Jharkhand,Jorapokhar,"Tata Stadium, Jorapokhar - JSPCB",30-07-2026 05:00:00,23.707909,86.41467,NO2,8,8,8
India,Karnataka,Bagalkot,"Vidayagiri, Bagalkot - KSPCB",30-07-2026 05:00:00,16.172806,75.659694,PM2.5,35,37,36
India,Karnataka,Bagalkot,"Vidayagiri, Bagalkot - KSPCB",30-07-2026 05:00:00,16.172806,75.659694,CO,13,41,24
India,Karnataka,Bengaluru,"Bapuji Nagar, Bengaluru - KSPCB",30-07-2026 05:00:00,12.951913,77.539784,CO,33,55,44
India,Haryana,Gurugram,"Teri Gram, Gurugram - HSPCB",30-07-2026 05:00:00,28.4275,77.1465,CO,11,30,19
India,Haryana,Gurugram,"Teri Gram, Gurugram - HSPCB",30-07-2026 05:00:00,28.4275,77.1465,OZONE,5,9,7
India,Haryana,Gurugram,"Vikas Sadan, Gurugram - HSPCB",30-07-2026 05:00:00,28.4501238,77.0263051,PM2.5,77,392,220
India,Haryana,Gurugram,"Vikas Sadan, Gurugram - HSPCB",30-07-2026 05:00:00,28.4501238,77.0263051,SO2,0,22,8
India,Haryana,Gurugram,"Vikas Sadan, Gurugram - HSPCB",30-07-2026 05:00:00,28.4501238,77.0263051,OZONE,6,26,13
India,Haryana,Gurugram,"NISE Gwal Pahari, Gurugram - IITM",30-07-2026 05:00:00,28.422681,77.148944,NH3,NA,NA,NA
India,Haryana,Rohtak,"MD University, Rohtak - HSPCB",30-07-2026 05:00:00,28.52123,76.37138,CO,36,40,38
India,Haryana,Sirsa,"F-Block, Sirsa - HSPCB",30-07-2026 05:00:00,29.5364,75.0158,CO,79,101,90
India,Jammu and Kashmir,Pampore,"Khrew, Pampore - JKPCC",30-07-2026 05:00:00,34.031606,75.009712,PM10,27,173,78
India,Jammu and Kashmir,Srinagar,"Khunmoh, Srinagar - JKPCC",30-07-2026 05:00:00,34.06313,74.96017,NO2,5,52,16
India,Haryana,Hisar,"Urban Estate-II, Hisar - HSPCB",30-07-2026 05:00:00,29.14056,75.744941,CO,15,15,15
India,Haryana,Karnal,"Sector-12, Karnal - HSPCB",30-07-2026 05:00:00,29.6953,77.0027,NO2,9,21,15
India,Haryana,Mandikhera,"General Hospital, Mandikhera(Nuh) - HSPCB",30-07-2026 05:00:00,27.9002,76.9938,PM10,76,82,79
India,Haryana,Mandikhera,"General Hospital, Mandikhera(Nuh) - HSPCB",30-07-2026 05:00:00,27.9002,76.9938,NO2,14,17,15
India,Karnataka,Chamarajanagar,"Urban, Chamarajanagar - KSPCB",30-07-2026 05:00:00,11.55358,76.55521,PM2.5,19,39,27
India,Karnataka,Chamarajanagar,"Urban, Chamarajanagar - KSPCB",30-07-2026 05:00:00,11.55358,76.55521,NH3,1,3,2
India,Karnataka,Dharwad,"Kalabhavan, Dharwad - KSPCB",30-07-2026 05:00:00,15.459706,75.008381,CO,17,30,21
India,Maharashtra,Bhiwandi,"Gokul Nagar, Bhiwandi - MPCB",30-07-2026 05:00:00,19.309073,73.057223,SO2,4,4,4
India,Maharashtra,Bhiwandi,"Gokul Nagar, Bhiwandi - MPCB",30-07-2026 05:00:00,19.309073,73.057223,CO,19,21,20
India,Maharashtra,Boisar,"Khaira, Boisar - MPCB",30-07-2026 05:00:00,19.786089,72.757971,NO2,2,12,9
India,Maharashtra,Boisar,"Khaira, Boisar - MPCB",30-07-2026 05:00:00,19.786089,72.757971,NH3,0,3,2
India,Maharashtra,Boisar,"Khaira, Boisar - MPCB",30-07-2026 05:00:00,19.786089,72.757971,OZONE,14,16,15
India,Maharashtra,Chandrapur,"MIDC Khutala, Chandrapur - MPCB",30-07-2026 05:00:00,19.9775302,79.2337086,PM2.5,18,26,21
India,Maharashtra,Chandrapur,"MIDC Khutala, Chandrapur - MPCB",30-07-2026 05:00:00,19.9775302,79.2337086,SO2,3,4,4
India,Maharashtra,Chandrapur,"MIDC Khutala, Chandrapur - MPCB",30-07-2026 05:00:00,19.9775302,79.2337086,OZONE,15,19,17
India,Maharashtra,Chandrapur,"Chauhan Colony, Chandrapur - MPCB",30-07-2026 05:00:00,19.9629,79.298714,PM10,29,64,48
India,Maharashtra,Chandrapur,"Chauhan Colony, Chandrapur - MPCB",30-07-2026 05:00:00,19.9629,79.298714,OZONE,3,6,4
India,Maharashtra,Dhule,"Deopur, Dhule - MPCB",30-07-2026 05:00:00,20.918946,74.776388,PM2.5,24,56,35
India,Maharashtra,Dhule,"Deopur, Dhule - MPCB",30-07-2026 05:00:00,20.918946,74.776388,SO2,0,4,2
India,Maharashtra,Dombivli,"Kalu Nagar, Dombivli - MPCB",30-07-2026 05:00:00,19.2268427,73.0788456,NH3,1,2,1
India,Maharashtra,Dombivli,"Kalu Nagar, Dombivli - MPCB",30-07-2026 05:00:00,19.2268427,73.0788456,CO,NA,NA,NA
India,Maharashtra,Hingoli,"Ashta Vinayak Nagar, Hingoli - MPCB",30-07-2026 05:00:00,19.710842,77.151824,PM10,20,70,48
India,Maharashtra,Hingoli,"Ashta Vinayak Nagar, Hingoli - MPCB",30-07-2026 05:00:00,19.710842,77.151824,NH3,1,6,2
India,Maharashtra,Ahmednagar,"Tarakpur, Ahmednagar - MPCB",30-07-2026 05:00:00,19.10122,74.73339,PM2.5,9,60,31
India,Maharashtra,Akola,"Ramdaspeth, Akola - MPCB",30-07-2026 05:00:00,20.719516,77.000253,CO,4,9,6
India,Maharashtra,Ambernath,"Chinchpada, Ambernath - MPCB",30-07-2026 05:00:00,19.215784,73.199781,NO2,13,34,21
India,Maharashtra,Amravati,"Shri Shivaji Science College, Amravati - MPCB",30-07-2026 05:00:00,20.939198,77.765701,CO,17,21,19
India,Maharashtra,Amravati,"Shri Shivaji Science College, Amravati - MPCB",30-07-2026 05:00:00,20.939198,77.765701,OZONE,11,15,13
India,Maharashtra,Aurangabad,"More Chowk Waluj, Aurangabad - MPCB",30-07-2026 05:00:00,19.8389439,75.244448,PM10,47,54,50
India,Maharashtra,Aurangabad,"More Chowk Waluj, Aurangabad - MPCB",30-07-2026 05:00:00,19.8389439,75.244448,CO,26,128,73
India,Maharashtra,Aurangabad,"MIDC Chilkalthana, Aurangabad - MPCB",30-07-2026 05:00:00,19.87562,75.38731,PM2.5,4,63,29
India,Maharashtra,Aurangabad,"MIDC Chilkalthana, Aurangabad - MPCB",30-07-2026 05:00:00,19.87562,75.38731,SO2,4,9,7
India,Maharashtra,Aurangabad,"MIDC Chilkalthana, Aurangabad - MPCB",30-07-2026 05:00:00,19.87562,75.38731,CO,24,28,26
India,Madhya Pradesh,Katni,"Gole Bazar, Katni - MPPCB",30-07-2026 05:00:00,23.50016,80.23284,NO2,10,22,14
India,Madhya Pradesh,Katni,"Gole Bazar, Katni - MPPCB",30-07-2026 05:00:00,23.50016,80.23284,SO2,5,39,24
India,Madhya Pradesh,Maihar,"Sahilara, Maihar - KJS Cements",30-07-2026 05:00:00,24.2613009,80.7231783,PM2.5,2,23,11
India,Madhya Pradesh,Mandideep,"Sector-D Industrial Area, Mandideep - MPPCB",30-07-2026 05:00:00,23.10844,77.511428,PM10,44,123,93
India,Madhya Pradesh,Satna,"Bandhavgar Colony, Satna - Birla Cement",30-07-2026 05:00:00,24.58434363,80.8549414,NO2,12,13,13
India,Madhya Pradesh,Satna,"Bandhavgar Colony, Satna - Birla Cement",30-07-2026 05:00:00,24.58434363,80.8549414,NH3,NA,NA,NA
India,Madhya Pradesh,Singrauli,"Suryakiran Bhawan NCL, Singrauli - MPPCB",30-07-2026 05:00:00,24.10897,82.64558,PM2.5,22,70,45
India,Madhya Pradesh,Singrauli,"Suryakiran Bhawan NCL, Singrauli - MPPCB",30-07-2026 05:00:00,24.10897,82.64558,PM10,29,76,51
India,Madhya Pradesh,Singrauli,"Suryakiran Bhawan NCL, Singrauli - MPPCB",30-07-2026 05:00:00,24.10897,82.64558,OZONE,17,27,21
India,Madhya Pradesh,Bhopal,"Paryavaran Parisar, Bhopal - MPPCB",30-07-2026 05:00:00,23.210494,77.425409,CO,13,16,14
India,Madhya Pradesh,Damoh,"Shrivastav Colony, Damoh - MPPCB",30-07-2026 05:00:00,23.81748678,79.446246,SO2,44,56,51
India,Madhya Pradesh,Dewas,"Bhopal Chauraha, Dewas - MPPCB",30-07-2026 05:00:00,22.9682591,76.064118,OZONE,45,47,46
India,Madhya Pradesh,Gwalior,"Maharaj Bada, Gwalior - MPPCB",30-07-2026 05:00:00,26.200388,78.147714,PM10,26,60,45
India,Madhya Pradesh,Gwalior,"City Center, Gwalior - MPPCB",30-07-2026 05:00:00,26.203442,78.193251,PM2.5,28,54,38
India,Madhya Pradesh,Indore,"Residency Area, Indore - IMC",30-07-2026 05:00:00,22.7084,75.8815,CO,1,11,6
India,Madhya Pradesh,Jabalpur,"Marhatal, Jabalpur - MPPCB",30-07-2026 05:00:00,23.168606,79.932247,PM2.5,3,22,7
India,Madhya Pradesh,Jabalpur,"Suhagi, Jabalpur - JMC",30-07-2026 05:00:00,23.218135,79.95777,NO2,64,77,69
India,Madhya Pradesh,Jabalpur,"Gupteshwar, Jabalpur - JMC",30-07-2026 05:00:00,23.142888,79.916147,PM10,9,47,32
India,Madhya Pradesh,Katni,"Gole Bazar, Katni - MPPCB",30-07-2026 05:00:00,23.50016,80.23284,PM10,20,92,48
India,Madhya Pradesh,Gwalior,"City Center, Gwalior - MPPCB",30-07-2026 05:00:00,26.203442,78.193251,OZONE,33,34,34
India,Madhya Pradesh,Indore,"Regional Park, Indore - IMC",30-07-2026 05:00:00,22.678,75.8559,PM10,16,38,29
India,Madhya Pradesh,Indore,"Regional Park, Indore - IMC",30-07-2026 05:00:00,22.678,75.8559,NO2,20,26,24
India,Madhya Pradesh,Indore,"Residency Area, Indore - IMC",30-07-2026 05:00:00,22.7084,75.8815,PM2.5,3,44,34
India,Madhya Pradesh,Indore,"Residency Area, Indore - IMC",30-07-2026 05:00:00,22.7084,75.8815,PM10,25,45,39
India,Madhya Pradesh,Bhopal,"Idgah Hills, Bhopal - MPPCB",30-07-2026 05:00:00,23.264759,77.381568,SO2,5,7,5
India,Madhya Pradesh,Bhopal,"Idgah Hills, Bhopal - MPPCB",30-07-2026 05:00:00,23.264759,77.381568,CO,12,31,18
India,Madhya Pradesh,Bhopal,"Paryavaran Parisar, Bhopal - MPPCB",30-07-2026 05:00:00,23.210494,77.425409,NO2,9,15,11
India,Maharashtra,Aurangabad,"MIDC Chilkalthana, Aurangabad - MPCB",30-07-2026 05:00:00,19.87562,75.38731,OZONE,23,27,25
India,Maharashtra,Aurangabad,"Rachnakar Colony, Aurangabad - MPCB",30-07-2026 05:00:00,19.863756,75.321188,NH3,1,2,1
India,Maharashtra,Belapur,"CBD Belapur, Belapur - MPCB",30-07-2026 05:00:00,19.0243902,73.0406721,NH3,1,4,3
India,Maharashtra,Bhiwandi,"Gokul Nagar, Bhiwandi - MPCB",30-07-2026 05:00:00,19.309073,73.057223,PM2.5,NA,NA,NA
India,Maharashtra,Hingoli,"Ashta Vinayak Nagar, Hingoli - MPCB",30-07-2026 05:00:00,19.710842,77.151824,CO,5,20,10
India,Maharashtra,Jalgaon,"Prabhat Colony, Jalgaon - MPCB",30-07-2026 05:00:00,21.001264,75.565602,NO2,1,7,3
India,Maharashtra,Jalgaon,"Prabhat Colony, Jalgaon - MPCB",30-07-2026 05:00:00,21.001264,75.565602,OZONE,17,23,19
India,Maharashtra,Jalna,"Old MIDC, Jalna - MPCB",30-07-2026 05:00:00,19.854616,75.905894,CO,4,10,6
India,Maharashtra,Kalyan,"Khadakpada, Kalyan - MPCB",30-07-2026 05:00:00,19.25292,73.142019,PM10,64,105,83
India,Maharashtra,Kalyan,"Pimpleshwar Mandir, Kalyan - MPCB",30-07-2026 05:00:00,19.192056,72.9585188,NO2,11,24,18
India,Maharashtra,Kalyan,"Pimpleshwar Mandir, Kalyan - MPCB",30-07-2026 05:00:00,19.192056,72.9585188,NH3,0,6,2
India,Maharashtra,Kolhapur,"Shivaji University, Kolhapur - MPCB",30-07-2026 05:00:00,16.6870449,74.2505872,OZONE,13,15,14
India,Maharashtra,Kolhapur,"Sinchan Bhavan, Kolhapur - MPCB",30-07-2026 05:00:00,16.7143745,74.2426398,PM2.5,8,58,30
India,Maharashtra,Latur,"Sawe Wadi, Latur - MPCB",30-07-2026 05:00:00,18.39963,76.57452,OZONE,11,14,13
India,Maharashtra,Mahad,"Kamble Tarf Birwadi, Mahad - MPCB",30-07-2026 05:00:00,18.1023399,73.4783687,PM10,42,77,62
India,Maharashtra,Mira-Bhayandar,"Bhayandar West, Mira-Bhayandar - MPCB",30-07-2026 05:00:00,19.296481,72.840923,PM10,40,57,48
India,Maharashtra,Mira-Bhayandar,"Bhayandar West, Mira-Bhayandar - MPCB",30-07-2026 05:00:00,19.296481,72.840923,SO2,2,3,2
India,Maharashtra,Mumbai,"Chembur, Mumbai - MPCB",30-07-2026 05:00:00,19.0364585,72.8954371,OZONE,19,21,20
India,Maharashtra,Mumbai,"Kandivali West, Mumbai - BMC",30-07-2026 05:00:00,19.215859,72.831718,SO2,2,4,3
India,Maharashtra,Mumbai,"Kandivali West, Mumbai - BMC",30-07-2026 05:00:00,19.215859,72.831718,OZONE,6,10,7
India,Maharashtra,Mumbai,"Siddharth Nagar-Worli, Mumbai - IITM",30-07-2026 05:00:00,19.000083,72.813993,PM10,16,90,61
India,Maharashtra,Mumbai,"Siddharth Nagar-Worli, Mumbai - IITM",30-07-2026 05:00:00,19.000083,72.813993,NH3,1,1,1
India,Maharashtra,Mumbai,"Chakala-Andheri East, Mumbai - IITM",30-07-2026 05:00:00,19.11074,72.86084,CO,7,18,12
India,Maharashtra,Mumbai,"Malad West, Mumbai - IITM",30-07-2026 05:00:00,19.19709,72.82204,PM10,20,130,74
India,Maharashtra,Mumbai,"Shivaji Nagar, Mumbai - BMC",30-07-2026 05:00:00,19.060498,72.923356,PM2.5,8,38,26
India,Maharashtra,Mumbai,"Shivaji Nagar, Mumbai - BMC",30-07-2026 05:00:00,19.060498,72.923356,NO2,6,33,10
India,Maharashtra,Mumbai,"Shivaji Nagar, Mumbai - BMC",30-07-2026 05:00:00,19.060498,72.923356,SO2,0,6,3
India,Maharashtra,Mumbai,"Shivaji Nagar, Mumbai - BMC",30-07-2026 05:00:00,19.060498,72.923356,OZONE,3,4,3
India,Maharashtra,Mumbai,"Bandra Kurla Complex, Mumbai - IITM",30-07-2026 05:00:00,19.053536,72.84643,OZONE,11,12,11
India,Maharashtra,Mumbai,"Bandra Kurla Complex, Mumbai - MPCB",30-07-2026 05:00:00,19.065931,72.862131,PM2.5,15,55,35
India,Maharashtra,Mumbai,"Bandra Kurla Complex, Mumbai - MPCB",30-07-2026 05:00:00,19.065931,72.862131,NO2,4,8,5
India,Maharashtra,Mumbai,"Bandra Kurla Complex, Mumbai - MPCB",30-07-2026 05:00:00,19.065931,72.862131,NH3,3,4,4
India,Maharashtra,Mumbai,"Bandra Kurla Complex, Mumbai - MPCB",30-07-2026 05:00:00,19.065931,72.862131,CO,16,22,20
India,Maharashtra,Mumbai,"Byculla, Mumbai - BMC",30-07-2026 05:00:00,18.9767,72.838,NH3,1,1,1
India,Maharashtra,Mumbai,"Mindspace-Malad West, Mumbai - MPCB",30-07-2026 05:00:00,19.1878657,72.8304069,NH3,9,10,9
India,Maharashtra,Mumbai,"Mindspace-Malad West, Mumbai - MPCB",30-07-2026 05:00:00,19.1878657,72.8304069,SO2,6,7,7
India,Maharashtra,Mumbai,"Mindspace-Malad West, Mumbai - MPCB",30-07-2026 05:00:00,19.1878657,72.8304069,CO,20,21,21
India,Maharashtra,Mumbai,"Mindspace-Malad West, Mumbai - MPCB",30-07-2026 05:00:00,19.1878657,72.8304069,OZONE,11,13,12
India,Maharashtra,Mumbai,"Navy Nagar-Colaba, Mumbai - IITM",30-07-2026 05:00:00,18.897756,72.81332,NO2,23,39,30
India,Maharashtra,Mumbai,"Sewri, Mumbai - BMC",30-07-2026 05:00:00,19.000084,72.85673,PM10,65,83,76
India,Maharashtra,Mumbai,"Sewri, Mumbai - BMC",30-07-2026 05:00:00,19.000084,72.85673,NH3,2,4,3
India,Maharashtra,Mumbai,"Borivali East, Mumbai - IITM",30-07-2026 05:00:00,19.23241,72.86895,NO2,10,21,15
India,Maharashtra,Mumbai,"Mazgaon, Mumbai - IITM",30-07-2026 05:00:00,18.96702,72.84214,NO2,11,18,12
India,Maharashtra,Parbhani,"Masoom Colony, Parbhani - MPCB",30-07-2026 05:00:00,19.265594,76.761463,CO,8,16,12
India,Maharashtra,Parbhani,"Masoom Colony, Parbhani - MPCB",30-07-2026 05:00:00,19.265594,76.761463,OZONE,6,9,7
India,Maharashtra,Pimpri-Chinchwad,"Thergaon, Pimpri Chinchwad - MPCB",30-07-2026 05:00:00,18.616318,73.765797,PM10,29,58,46
India,Maharashtra,Pimpri-Chinchwad,"Thergaon, Pimpri Chinchwad - MPCB",30-07-2026 05:00:00,18.616318,73.765797,SO2,1,2,1
India,Maharashtra,Pimpri-Chinchwad,"Thergaon, Pimpri Chinchwad - MPCB",30-07-2026 05:00:00,18.616318,73.765797,OZONE,8,10,9
India,Maharashtra,Pimpri-Chinchwad,"Gavalinagar, Pimpri Chinchwad - MPCB",30-07-2026 05:00:00,18.63673,73.82487,NO2,1,16,6
India,Maharashtra,Pimpri-Chinchwad,"Bhosari, Pune - IITM",30-07-2026 05:00:00,18.640051,73.848956,PM10,49,124,95
India,Maharashtra,Pune,"Savitribai Phule Pune University, Pune - MPCB",30-07-2026 05:00:00,18.547056,73.826908,PM2.5,16,40,26
India,Maharashtra,Pune,"Savitribai Phule Pune University, Pune - MPCB",30-07-2026 05:00:00,18.547056,73.826908,OZONE,15,18,17
India,Maharashtra,Pune,"Revenue Colony-Shivajinagar, Pune - IITM",30-07-2026 05:00:00,18.530085,73.849598,NO2,10,24,14
India,Maharashtra,Pune,"Revenue Colony-Shivajinagar, Pune - IITM",30-07-2026 05:00:00,18.530085,73.849598,SO2,0,21,8
India,Maharashtra,Pune,"Revenue Colony-Shivajinagar, Pune - IITM",30-07-2026 05:00:00,18.530085,73.849598,OZONE,12,25,17
India,Maharashtra,Thane,"Upvan Fort, Thane - MPCB",30-07-2026 05:00:00,19.222279,72.957979,SO2,0,4,2
India,Maharashtra,Ulhasnagar,"Sidhi Vinayak Nagar, Ulhasnagar - MPCB",30-07-2026 05:00:00,19.235581,73.159121,PM2.5,34,75,57
India,Maharashtra,Ulhasnagar,"Sidhi Vinayak Nagar, Ulhasnagar - MPCB",30-07-2026 05:00:00,19.235581,73.159121,SO2,2,16,8
India,Maharashtra,Ulhasnagar,"Vithalwadi, Ulhasnagar - MPCB",30-07-2026 05:00:00,19.2307571,73.155192,PM10,31,69,51
India,Maharashtra,Ulhasnagar,"Vithalwadi, Ulhasnagar - MPCB",30-07-2026 05:00:00,19.2307571,73.155192,OZONE,10,13,12
India,Maharashtra,Virar,"Bolinj, Virar - MPCB",30-07-2026 05:00:00,19.445821,72.7988231,PM10,40,66,54
India,Meghalaya,Shillong,"JN Stadium, Shillong - Meghalaya PCB",30-07-2026 05:00:00,25.5803419,91.8942571,SO2,19,26,23
India,Mizoram,Aizawl,"Sikulpuikawn, Aizawl - Mizoram PCB",30-07-2026 05:00:00,23.7176342,92.7192841,PM2.5,NA,NA,NA
India,Nagaland,Kohima,"PWD Junction, Kohima - NPCB",30-07-2026 05:00:00,25.6635413,94.0989878,NH3,0,1,1
India,Maharashtra,Pune,"Mhada Colony, Pune - IITM",30-07-2026 05:00:00,18.57304,73.927715,OZONE,11,13,12
India,Maharashtra,Pune,"Dhankawadi, Pune - IITM",30-07-2026 05:00:00,18.459883,73.852193,CO,52,105,81
India,Maharashtra,Pune,"Panchawati_Pashan, Pune - IITM",30-07-2026 05:00:00,18.536457,73.805454,PM2.5,22,65,39
India,Maharashtra,Pune,"Panchawati_Pashan, Pune - IITM",30-07-2026 05:00:00,18.536457,73.805454,SO2,NA,NA,NA
India,Maharashtra,Sangli,"Vijay Nagar, Sangli - MPCB",30-07-2026 05:00:00,16.5038,74.3623,NO2,2,10,4
India,Maharashtra,Satara,"Koyana Nagar, Satara - MPCB",30-07-2026 05:00:00,17.696651,74.003387,NO2,0,11,5
India,Maharashtra,Satara,"Koyana Nagar, Satara - MPCB",30-07-2026 05:00:00,17.696651,74.003387,SO2,4,6,5
India,Maharashtra,Solapur,"Ratandeep Housing Society, Solapur - MPCB",30-07-2026 05:00:00,17.65439,75.90649,NH3,2,6,4
India,Maharashtra,Solapur,"Ratandeep Housing Society, Solapur - MPCB",30-07-2026 05:00:00,17.65439,75.90649,OZONE,10,12,11
India,Maharashtra,Solapur,"Dnyaneshwar Nagar, Solapur - MPCB",30-07-2026 05:00:00,17.6336264,75.9132495,PM2.5,2,33,18
India,Maharashtra,Nagpur,"Opp GPO Civil Lines, Nagpur - MPCB",30-07-2026 05:00:00,21.152875,79.0517531,NH3,5,5,5
India,Maharashtra,Nagpur,"Ambazari, Nagpur - MPCB",30-07-2026 05:00:00,21.121801,79.04952,PM10,19,42,35
India,Maharashtra,Nagpur,"Ram Nagar, Nagpur - MPCB",30-07-2026 05:00:00,21.143383,79.048912,NH3,4,4,4
India,Maharashtra,Nagpur,"Mahal, Nagpur - MPCB",30-07-2026 05:00:00,21.14472,79.107595,NO2,4,16,9
India,Maharashtra,Nagpur,"Mahal, Nagpur - MPCB",30-07-2026 05:00:00,21.14472,79.107595,SO2,4,19,8
India,Maharashtra,Nanded,"Sneh Nagar, Nanded - MPCB",30-07-2026 05:00:00,19.173852,77.296291,NO2,NA,NA,NA
India,Maharashtra,Nanded,"Sneh Nagar, Nanded - MPCB",30-07-2026 05:00:00,19.173852,77.296291,CO,16,23,20
India,Maharashtra,Nashik,"Gangapur Road, Nashik - MPCB",30-07-2026 05:00:00,20.0073285,73.7762427,NO2,5,5,5
India,Maharashtra,Nashik,"Gangapur Road, Nashik - MPCB",30-07-2026 05:00:00,20.0073285,73.7762427,OZONE,10,27,21
India,Maharashtra,Nashik,"MIDC Ambad, Nashik - MPCB",30-07-2026 05:00:00,19.95022,73.73148,PM10,45,79,66
India,Maharashtra,Nashik,"MIDC Ambad, Nashik - MPCB",30-07-2026 05:00:00,19.95022,73.73148,NH3,2,3,2
India,Odisha,Balasore,"Kalidaspur, Balasore - OSPCB",30-07-2026 05:00:00,21.51161,86.89088,NO2,3,22,8
India,Odisha,Barbil,"Forest Office, Barbil - OSPCB",30-07-2026 05:00:00,22.1166054,85.3945546,NO2,0,3,1
India,Odisha,Baripada,"Meher Colony, Baripada - OSPCB",30-07-2026 05:00:00,21.941841,86.728318,PM2.5,5,19,10
India,Odisha,Baripada,"Meher Colony, Baripada - OSPCB",30-07-2026 05:00:00,21.941841,86.728318,NH3,0,2,2
India,Odisha,Bhubaneswar,"Lingraj Mandir, Bhubaneswar - OSPCB",30-07-2026 05:00:00,20.24079,85.836784,PM10,23,41,32
India,Odisha,Bhubaneswar,"Patia, Bhubaneswar - OSPCB",30-07-2026 05:00:00,20.34652,85.8163,PM2.5,22,37,29
India,Maharashtra,Navi Mumbai,"Sanpada, Navi Mumbai - MPCB",30-07-2026 05:00:00,19.0575752,73.0151367,OZONE,4,13,9
India,Maharashtra,Navi Mumbai,"Sector-2E Kalamboli, Navi Mumbai - MPCB",30-07-2026 05:00:00,19.02579,73.10297,PM2.5,3,157,31
India,Maharashtra,Navi Mumbai,"Sector-2E Kalamboli, Navi Mumbai - MPCB",30-07-2026 05:00:00,19.02579,73.10297,PM10,21,458,58
India,Maharashtra,Navi Mumbai,"Sector-2E Kalamboli, Navi Mumbai - MPCB",30-07-2026 05:00:00,19.02579,73.10297,SO2,1,4,3
India,Maharashtra,Navi Mumbai,"Sector-2E Kalamboli, Navi Mumbai - MPCB",30-07-2026 05:00:00,19.02579,73.10297,OZONE,1,5,3
India,Maharashtra,Navi Mumbai,"Kopripada-Vashi, Navi Mumbai - MPCB",30-07-2026 05:00:00,19.090337,73.014232,NO2,7,12,9
India,Maharashtra,Mumbai,"Deonar, Mumbai - IITM",30-07-2026 05:00:00,19.04946,72.923,OZONE,7,11,9
India,Maharashtra,Mumbai,"Powai, Mumbai - MPCB",30-07-2026 05:00:00,19.1375,72.915056,PM10,2,20,11
India,Maharashtra,Mumbai,"Powai, Mumbai - MPCB",30-07-2026 05:00:00,19.1375,72.915056,NO2,7,7,7
India,Maharashtra,Mumbai,"Kurla, Mumbai - MPCB",30-07-2026 05:00:00,19.0863,72.8888,PM2.5,44,107,72
India,Maharashtra,Mumbai,"Kurla, Mumbai - MPCB",30-07-2026 05:00:00,19.0863,72.8888,NO2,9,9,9
India,Maharashtra,Mumbai,"Kurla, Mumbai - MPCB",30-07-2026 05:00:00,19.0863,72.8888,CO,25,25,25
India,Maharashtra,Solapur,"Dnyaneshwar Nagar, Solapur - MPCB",30-07-2026 05:00:00,17.6336264,75.9132495,SO2,NA,NA,NA
India,Maharashtra,Thane,"Kasarvadavali, Thane - MPCB",30-07-2026 05:00:00,19.26777,72.97182,NH3,0,1,0
India,Maharashtra,Navi Mumbai,"Tondare-Taloja, Navi Mumbai - MPCB",30-07-2026 05:00:00,19.063,73.1209,NH3,2,5,4
India,Maharashtra,Navi Mumbai,"Tondare-Taloja, Navi Mumbai - MPCB",30-07-2026 05:00:00,19.063,73.1209,SO2,NA,NA,NA
India,Punjab,Ludhiana,"Punjab Agricultural University, Ludhiana - PPCB",30-07-2026 05:00:00,30.9028,75.8086,NH3,7,9,8
India,Punjab,Ludhiana,"Punjab Agricultural University, Ludhiana - PPCB",30-07-2026 05:00:00,30.9028,75.8086,CO,9,35,22
India,Punjab,Mandi Gobindgarh,"RIMT University, Mandi Gobindgarh - PPCB",30-07-2026 05:00:00,30.649961,76.331442,NO2,23,25,24
India,Punjab,Patiala,"Model Town, Patiala - PPCB",30-07-2026 05:00:00,30.349388,76.366642,NH3,6,7,6
India,Punjab,Rupnagar,"Ratanpura, Rupnagar - Ambuja Cements",30-07-2026 05:00:00,31.0325454,76.5623046,PM10,NA,NA,NA
India,Rajasthan,Alwar,"Moti Doongri, Alwar - RSPCB",30-07-2026 05:00:00,27.554793,76.611536,NO2,30,94,53
India,Rajasthan,Alwar,"Vigyan Nagar, Alwar - RSPCB",30-07-2026 05:00:00,27.598796,76.63861,NH3,8,12,10
India,Rajasthan,Alwar,"Vigyan Nagar, Alwar - RSPCB",30-07-2026 05:00:00,27.598796,76.63861,SO2,6,7,6
India,Rajasthan,Alwar,"Vigyan Nagar, Alwar - RSPCB",30-07-2026 05:00:00,27.598796,76.63861,OZONE,1,8,4
India,Rajasthan,Banswara,"Rati Talai, Banswara - RSPCB",30-07-2026 05:00:00,23.55519,74.44001,SO2,9,19,10
India,Rajasthan,Banswara,"Rati Talai, Banswara - RSPCB",30-07-2026 05:00:00,23.55519,74.44001,CO,23,29,25
India,Rajasthan,Jaipur,"Adarsh Nagar, Jaipur - RSPCB",30-07-2026 05:00:00,26.902909,75.836858,PM10,37,101,72
India,Rajasthan,Jalore,"Mudtra Sili, Jalore - RSPCB",30-07-2026 05:00:00,25.344694,72.626208,SO2,0,2,1
India,Rajasthan,Jhalawar,"Rajlaxmi Nagar, Jhalawar - RSPCB",30-07-2026 05:00:00,24.588397,76.172782,SO2,7,9,8
India,Rajasthan,Jhalawar,"Rajlaxmi Nagar, Jhalawar - RSPCB",30-07-2026 05:00:00,24.588397,76.172782,OZONE,18,35,26
India,Rajasthan,Jhunjhunu,"Indra Nagar, Jhunjhunu - RSPCB",30-07-2026 05:00:00,28.108988,75.386577,PM2.5,8,53,37
India,Rajasthan,Jhunjhunu,"Indra Nagar, Jhunjhunu - RSPCB",30-07-2026 05:00:00,28.108988,75.386577,CO,11,22,18
India,Rajasthan,Jodhpur,"Mandor, Jodhpur - RSPCB",30-07-2026 05:00:00,26.358805,73.047444,NH3,3,6,4
India,Rajasthan,Jodhpur,"Mandor, Jodhpur - RSPCB",30-07-2026 05:00:00,26.358805,73.047444,OZONE,17,35,25
India,Rajasthan,Jodhpur,"Digari Kalan, Jodhpur - RSPCB",30-07-2026 05:00:00,26.29581,73.082283,OZONE,9,46,24
India,Rajasthan,Jodhpur,"Samrat Ashok Udhyan, Jodhpur - RSPCB",30-07-2026 05:00:00,26.253384,72.976571,NH3,2,4,3
India,Rajasthan,Jodhpur,"Collectorate, Jodhpur - RSPCB",30-07-2026 05:00:00,26.268249,73.0193853,NH3,1,6,4
India,Odisha,Brajrajnagar,"GM Office, Brajrajnagar - OSPCB",30-07-2026 05:00:00,21.8004996,83.8396977,SO2,6,7,7
India,Odisha,Byasanagar,"Ferro Chrome Colony, Byasanagar - OSPCB",30-07-2026 05:00:00,20.94185,86.1151,NH3,1,1,1
India,Odisha,Byasanagar,"Ferro Chrome Colony, Byasanagar - OSPCB",30-07-2026 05:00:00,20.94185,86.1151,SO2,4,8,5
India,Odisha,Cuttack,"CDA Area, Cuttack - OSPCB",30-07-2026 05:00:00,20.48891,85.84768,PM2.5,5,70,22
India,Odisha,Cuttack,"CDA Area, Cuttack - OSPCB",30-07-2026 05:00:00,20.48891,85.84768,SO2,8,16,11
India,Odisha,Keonjhar,"Jagamohanpur, Keonjhar - OSPCB",30-07-2026 05:00:00,21.6439,85.599355,NH3,2,2,2
India,Odisha,Keonjhar,"Jagamohanpur, Keonjhar - OSPCB",30-07-2026 05:00:00,21.6439,85.599355,CO,37,37,37
India,Odisha,Rairangpur,"Divisional Forest Office, Rairangpur - OSPCB",30-07-2026 05:00:00,22.265816,86.174829,NO2,6,7,6
India,Odisha,Rourkela,"Raghunathpali, Rourkela - OSPCB",30-07-2026 05:00:00,22.220833,84.809444,NH3,1,2,1
India,Odisha,Rourkela,"Sector-2, Rourkela - OSPCB",30-07-2026 05:00:00,22.245,84.88111111,SO2,NA,NA,NA
India,Rajasthan,Dholpur,"Raja Ganj, Dholpur - RSPCB",30-07-2026 05:00:00,26.699557,77.898881,SO2,0,6,3
India,Rajasthan,Dungarpur,"Bhoiwada, Dungarpur - RSPCB",30-07-2026 05:00:00,23.837789,73.714926,OZONE,19,29,23
India,Rajasthan,Jaipur,"RIICO Sitapura, Jaipur - RSPCB",30-07-2026 05:00:00,26.786682,75.827928,PM2.5,3,73,39
India,Rajasthan,Jaipur,"RIICO Sitapura, Jaipur - RSPCB",30-07-2026 05:00:00,26.786682,75.827928,NH3,1,3,2
India,Rajasthan,Jaipur,"RIICO Sitapura, Jaipur - RSPCB",30-07-2026 05:00:00,26.786682,75.827928,OZONE,4,18,13
India,Rajasthan,Jaipur,"Sector-2 Murlipura, Jaipur - RSPCB",30-07-2026 05:00:00,26.960669,75.771817,CO,64,108,96
India,Rajasthan,Jaipur,"Sector-2 Murlipura, Jaipur - RSPCB",30-07-2026 05:00:00,26.960669,75.771817,OZONE,11,16,13
India,Rajasthan,Jaipur,"Shastri Nagar, Jaipur - RSPCB",30-07-2026 05:00:00,26.9502929,75.730943,PM2.5,33,133,65
India,Rajasthan,Jaipur,"Shastri Nagar, Jaipur - RSPCB",30-07-2026 05:00:00,26.9502929,75.730943,NO2,22,63,40
India,Rajasthan,Jaipur,"Shastri Nagar, Jaipur - RSPCB",30-07-2026 05:00:00,26.9502929,75.730943,SO2,5,50,23
India,Rajasthan,Jaipur,"Shastri Nagar, Jaipur - RSPCB",30-07-2026 05:00:00,26.9502929,75.730943,OZONE,17,23,20
India,Punjab,Amritsar,"Golden Temple, Amritsar - PPCB",30-07-2026 05:00:00,31.62,74.876512,NH3,5,6,5
India,Punjab,Amritsar,"Golden Temple, Amritsar - PPCB",30-07-2026 05:00:00,31.62,74.876512,CO,32,39,35
India,Punjab,Bathinda,"Hardev Nagar, Bathinda - PPCB",30-07-2026 05:00:00,30.233011,74.907758,PM2.5,9,70,36
India,Punjab,Bathinda,"Hardev Nagar, Bathinda - PPCB",30-07-2026 05:00:00,30.233011,74.907758,PM10,22,95,53
India,Punjab,Bathinda,"Hardev Nagar, Bathinda - PPCB",30-07-2026 05:00:00,30.233011,74.907758,OZONE,NA,NA,NA
India,Punjab,Jalandhar,"Civil Line, Jalandhar - PPCB",30-07-2026 05:00:00,31.321907,75.578914,CO,35,36,36
India,Punjab,Jalandhar,"Civil Line, Jalandhar - PPCB",30-07-2026 05:00:00,31.321907,75.578914,OZONE,40,43,42
India,Punjab,Khanna,"Kalal Majra, Khanna - PPCB",30-07-2026 05:00:00,30.736056,76.209694,SO2,14,15,15
India,Punjab,Ludhiana,"Punjab Agricultural University, Ludhiana - PPCB",30-07-2026 05:00:00,30.9028,75.8086,PM10,40,83,52
India,Odisha,Rourkela,"Fertilizer Township, Rourkela - OSPCB",30-07-2026 05:00:00,22.18972222,84.86277778,NO2,11,11,11
India,Odisha,Rourkela,"Fertilizer Township, Rourkela - OSPCB",30-07-2026 05:00:00,22.18972222,84.86277778,CO,13,19,17
India,Odisha,Talcher,"Talcher Coalfields,Talcher - OSPCB",30-07-2026 05:00:00,20.9360711,85.1707021,PM2.5,NA,NA,NA
India,Odisha,Talcher,"Talcher Coalfields,Talcher - OSPCB",30-07-2026 05:00:00,20.9360711,85.1707021,PM10,2,60,26
India,Odisha,Talcher,"Talcher Coalfields,Talcher - OSPCB",30-07-2026 05:00:00,20.9360711,85.1707021,NH3,3,9,7
India,Odisha,Talcher,"Talcher Coalfields,Talcher - OSPCB",30-07-2026 05:00:00,20.9360711,85.1707021,CO,28,31,30
India,Odisha,Tensa,"Barsua Iron Ore Mines, Tensa - OSPCB",30-07-2026 05:00:00,21.869985,85.167016,OZONE,3,5,4
India,Puducherry,Puducherry,"Jawahar Nagar, Puducherry - PPCC",30-07-2026 05:00:00,11.9309,79.8027,PM10,16,39,24
India,Puducherry,Puducherry,"Jawahar Nagar, Puducherry - PPCC",30-07-2026 05:00:00,11.9309,79.8027,OZONE,12,31,19
India,Rajasthan,Baran,"Bamboliya, Baran - RSPCB",30-07-2026 05:00:00,25.106006,76.469948,SO2,7,12,9
India,Rajasthan,Barmer,"Railway Colony, Barmer - RSPCB",30-07-2026 05:00:00,25.747299,71.393989,NH3,6,10,8
India,Rajasthan,Barmer,"Railway Colony, Barmer - RSPCB",30-07-2026 05:00:00,25.747299,71.393989,CO,4,24,11
India,Rajasthan,Barmer,"Railway Colony, Barmer - RSPCB",30-07-2026 05:00:00,25.747299,71.393989,OZONE,12,60,26
India,Rajasthan,Bharatpur,"Krishna Nagar, Bharatpur - RSPCB",30-07-2026 05:00:00,27.215415,77.50873,SO2,2,4,3
India,Rajasthan,Bhilwara,"Pratap Nagar, Bhilwara - RSPCB",30-07-2026 05:00:00,25.339605,74.618883,PM2.5,22,113,53
India,Rajasthan,Bhiwadi,"RIICO Ind. Area III, Bhiwadi - RSPCB",30-07-2026 05:00:00,28.194909,76.862296,PM2.5,66,176,119
India,Rajasthan,Bhiwadi,"Vasundhara Nagar_UIT, Bhiwadi - RSPCB",30-07-2026 05:00:00,28.207266,76.829265,CO,23,32,28
India,Rajasthan,Bikaner,"MM Ground, Bikaner - RSPCB",30-07-2026 05:00:00,28.018792,73.292658,PM2.5,20,60,37
India,Rajasthan,Bikaner,"MM Ground, Bikaner - RSPCB",30-07-2026 05:00:00,28.018792,73.292658,PM10,63,218,108
India,Rajasthan,Bikaner,"MM Ground, Bikaner - RSPCB",30-07-2026 05:00:00,28.018792,73.292658,NH3,5,11,7
India,Rajasthan,Bundi,"New Colony, Bundi - RSPCB",30-07-2026 05:00:00,25.435774,75.644272,PM2.5,2,80,31
India,Rajasthan,Chittorgarh,"Shastri Nagar, Chittorgarh - RSPCB",30-07-2026 05:00:00,24.892047,74.623527,PM2.5,15,197,67
India,Rajasthan,Churu,"Subash Chowk, Churu - RSPCB",30-07-2026 05:00:00,28.296139,74.961696,NH3,NA,NA,NA
India,Tamil Nadu,Cuddalore,"Semmandalam, Cuddalore - TNPCB",30-07-2026 05:00:00,11.7637683,79.7499835,OZONE,1,2,2
India,Tamil Nadu,Cuddalore,"Kudikadu, Cuddalore - TNPCB",30-07-2026 05:00:00,11.6829898,79.7532099,NH3,NA,NA,NA
India,Tamil Nadu,Cuddalore,"Kudikadu, Cuddalore - TNPCB",30-07-2026 05:00:00,11.6829898,79.7532099,SO2,23,24,23
India,Tamil Nadu,Cuddalore,"Kudikadu, Cuddalore - TNPCB",30-07-2026 05:00:00,11.6829898,79.7532099,OZONE,4,6,5
India,Tamil Nadu,Thoothukudi,"Meelavittan, Thoothukudi - TNPCB",30-07-2026 05:00:00,8.816428,78.099039,NH3,NA,NA,NA
India,Tamil Nadu,Thoothukudi,"Meelavittan, Thoothukudi - TNPCB",30-07-2026 05:00:00,8.816428,78.099039,OZONE,29,35,31
India,Telangana,Hyderabad,"Kokapet, Hyderabad - TSPCB",30-07-2026 05:00:00,17.393559,78.339194,NO2,10,13,11
India,Telangana,Hyderabad,"Kokapet, Hyderabad - TSPCB",30-07-2026 05:00:00,17.393559,78.339194,NH3,1,2,2
India,Telangana,Hyderabad,"ECIL Kapra, Hyderabad - TSPCB",30-07-2026 05:00:00,17.470431,78.566959,PM10,40,55,47
India,Telangana,Hyderabad,"ECIL Kapra, Hyderabad - TSPCB",30-07-2026 05:00:00,17.470431,78.566959,NO2,NA,NA,NA
India,Telangana,Hyderabad,"Somajiguda, Hyderabad - TSPCB",30-07-2026 05:00:00,17.417094,78.457437,PM2.5,41,52,45
India,Tamil Nadu,Chennai,"Manali, Chennai - CPCB",30-07-2026 05:00:00,13.164544,80.26285,OZONE,8,8,8
India,Tamil Nadu,Chennai,"Arumbakkam, Chennai - TNPCB",30-07-2026 05:00:00,13.0664,80.2112,PM10,45,140,96
India,Tamil Nadu,Chennai,"Arumbakkam, Chennai - TNPCB",30-07-2026 05:00:00,13.0664,80.2112,NH3,3,5,4
India,Tamil Nadu,Chennai,"Manali Village, Chennai - TNPCB",30-07-2026 05:00:00,13.1662,80.2584,PM2.5,20,53,29
India,Tamil Nadu,Chennai,"Manali Village, Chennai - TNPCB",30-07-2026 05:00:00,13.1662,80.2584,OZONE,306,344,326
India,Tamil Nadu,Coimbatore,"SIDCO Kurichi, Coimbatore - TNPCB",30-07-2026 05:00:00,10.942451,76.978996,PM2.5,NA,NA,NA
India,Tamil Nadu,Coimbatore,"SIDCO Kurichi, Coimbatore - TNPCB",30-07-2026 05:00:00,10.942451,76.978996,NH3,1,1,1
India,Tamil Nadu,Coimbatore,"SIDCO Kurichi, Coimbatore - TNPCB",30-07-2026 05:00:00,10.942451,76.978996,OZONE,19,20,20
India,Tamil Nadu,Cuddalore,"Semmandalam, Cuddalore - TNPCB",30-07-2026 05:00:00,11.7637683,79.7499835,NO2,NA,NA,NA
India,Rajasthan,Jodhpur,"Collectorate, Jodhpur - RSPCB",30-07-2026 05:00:00,26.268249,73.0193853,SO2,2,13,8
India,Rajasthan,Jodhpur,"Jhalamand, Jodhpur - RSPCB",30-07-2026 05:00:00,26.215415,73.070156,NO2,12,24,18
India,Rajasthan,Karauli,"Satyawati Vihar, Karauli - RSPCB",30-07-2026 05:00:00,26.506177,77.025989,PM10,1,138,28
India,Rajasthan,Karauli,"Satyawati Vihar, Karauli - RSPCB",30-07-2026 05:00:00,26.506177,77.025989,CO,1,23,9
India,Rajasthan,Kota,"Nayapura, Kota - RSPCB",30-07-2026 05:00:00,25.196024,75.855668,NH3,3,4,3
India,Rajasthan,Kota,"Dhanmandi, Kota - RSPCB",30-07-2026 05:00:00,25.16409,75.858137,NH3,0,4,3
India,Rajasthan,Kota,"Dhanmandi, Kota - RSPCB",30-07-2026 05:00:00,25.16409,75.858137,CO,11,23,15
India,Rajasthan,Kota,"Shrinath Puram, Kota - RSPCB",30-07-2026 05:00:00,25.14389,75.821256,PM2.5,23,72,46
India,Rajasthan,Pratapgarh,"Pragati Nagar, Pratapgarh - RSPCB",30-07-2026 05:00:00,24.041198,74.780702,NH3,3,5,4
India,Rajasthan,Pratapgarh,"Pragati Nagar, Pratapgarh - RSPCB",30-07-2026 05:00:00,24.041198,74.780702,CO,12,19,14
India,Rajasthan,Rajsamand,"Dhoinda, Rajsamand - RSPCB",30-07-2026 05:00:00,25.03636,73.883502,PM2.5,5,82,46
India,Rajasthan,Rajsamand,"Dhoinda, Rajsamand - RSPCB",30-07-2026 05:00:00,25.03636,73.883502,PM10,76,123,98
India,Rajasthan,Rajsamand,"Dhoinda, Rajsamand - RSPCB",30-07-2026 05:00:00,25.03636,73.883502,NO2,9,17,13
India,Rajasthan,Rajsamand,"Dhoinda, Rajsamand - RSPCB",30-07-2026 05:00:00,25.03636,73.883502,SO2,3,6,4
India,Rajasthan,Sawai Madhopur,"Sahu Nagar, Sawai Madhopur - RSPCB",30-07-2026 05:00:00,26.031443,76.359327,NO2,9,42,16
India,Rajasthan,Sawai Madhopur,"Sahu Nagar, Sawai Madhopur - RSPCB",30-07-2026 05:00:00,26.031443,76.359327,NH3,4,6,5
India,Telangana,Hyderabad,"Central University, Hyderabad - TSPCB",30-07-2026 05:00:00,17.460103,78.334361,NO2,2,27,16
India,Telangana,Hyderabad,"IDA Pashamylaram, Hyderabad - TSPCB",30-07-2026 05:00:00,17.5316895,78.218939,NO2,5,36,19
India,Telangana,Hyderabad,"IDA Pashamylaram, Hyderabad - TSPCB",30-07-2026 05:00:00,17.5316895,78.218939,CO,5,31,19
India,Telangana,Hyderabad,"IDA Pashamylaram, Hyderabad - TSPCB",30-07-2026 05:00:00,17.5316895,78.218939,OZONE,27,28,27
India,Telangana,Hyderabad,"IITH Kandi, Hyderabad - TSPCB",30-07-2026 05:00:00,17.585705,78.126199,PM10,57,76,66
India,Telangana,Hyderabad,"IITH Kandi, Hyderabad - TSPCB",30-07-2026 05:00:00,17.585705,78.126199,CO,23,24,24
India,Telangana,Hyderabad,"Ramachandrapuram, Hyderabad - TSPCB",30-07-2026 05:00:00,17.528544,78.286195,NH3,2,3,2
India,Telangana,Hyderabad,"Ramachandrapuram, Hyderabad - TSPCB",30-07-2026 05:00:00,17.528544,78.286195,SO2,1,7,3
India,Telangana,Hyderabad,"Sanathnagar, Hyderabad - TSPCB",30-07-2026 05:00:00,17.4559458,78.4332152,PM10,NA,NA,NA
India,Telangana,Hyderabad,"Zoo Park, Hyderabad - TSPCB",30-07-2026 05:00:00,17.349694,78.451437,NH3,2,2,2
India,Telangana,Hyderabad,"New Malakpet, Hyderabad - TSPCB",30-07-2026 05:00:00,17.37206,78.50864,OZONE,12,18,14
India,Rajasthan,Sikar,"Radhakishan Pura, Sikar - RSPCB",30-07-2026 05:00:00,27.608912,75.153302,PM10,51,374,139
India,Rajasthan,Sikar,"Radhakishan Pura, Sikar - RSPCB",30-07-2026 05:00:00,27.608912,75.153302,NO2,5,17,10
India,Rajasthan,Sirohi,"Vedhaynath Colony, Sirohi - RSPCB",30-07-2026 05:00:00,24.885261,72.857549,NO2,4,19,8
India,Rajasthan,Sri Ganganagar,"Old City, Sri Ganganagar - RSPCB",30-07-2026 05:00:00,29.931624,73.864511,NO2,9,48,28
India,Rajasthan,Nagaur,"Karni Colony, Nagaur - RSPCB",30-07-2026 05:00:00,27.213494,73.734444,PM10,88,129,107
India,Rajasthan,Nagaur,"Karni Colony, Nagaur - RSPCB",30-07-2026 05:00:00,27.213494,73.734444,NH3,3,15,8
India,Rajasthan,Pali,"Indira Colony Vistar, Pali - RSPCB",30-07-2026 05:00:00,25.771061,73.340227,PM2.5,35,222,128
India,Tamil Nadu,Chennai,"Royapuram, Chennai - TNPCB",30-07-2026 05:00:00,13.1036,80.2909,PM10,34,78,56
India,Tamil Nadu,Chennai,"Royapuram, Chennai - TNPCB",30-07-2026 05:00:00,13.1036,80.2909,OZONE,17,21,19
India,Uttar Pradesh,Hapur,"Anand Vihar, Hapur - UPPCB",30-07-2026 05:00:00,28.725645,77.749675,PM10,30,79,51
India,Uttar Pradesh,Hapur,"Anand Vihar, Hapur - UPPCB",30-07-2026 05:00:00,28.725645,77.749675,SO2,13,21,17
India,Uttar Pradesh,Jhansi,"Shivaji Nagar, Jhansi - UPPCB",30-07-2026 05:00:00,25.4547,78.6039,SO2,17,30,22
India,Uttar Pradesh,Kanpur,"Nehru Nagar, Kanpur - UPPCB",30-07-2026 05:00:00,26.4703136,80.3229863,CO,46,50,49
India,Uttar Pradesh,Kanpur,"Nehru Nagar, Kanpur - UPPCB",30-07-2026 05:00:00,26.4703136,80.3229863,OZONE,2,2,2
India,Uttar Pradesh,Khora,"Prashant Garden, Khora - UPPCB",30-07-2026 05:00:00,28.61119,77.34206,PM2.5,66,243,119
India,Uttar Pradesh,Khora,"Prashant Garden, Khora - UPPCB",30-07-2026 05:00:00,28.61119,77.34206,NH3,8,9,8
India,Uttar Pradesh,Khora,"Prashant Garden, Khora - UPPCB",30-07-2026 05:00:00,28.61119,77.34206,SO2,NA,NA,NA
India,Uttar Pradesh,Khurja,"Kalindi Kunj, Khurja - UPPCB",30-07-2026 05:00:00,28.2348927,77.8683002,PM10,41,135,78
India,Uttar Pradesh,Khurja,"Kalindi Kunj, Khurja - UPPCB",30-07-2026 05:00:00,28.2348927,77.8683002,NO2,12,13,12
India,Uttar Pradesh,Lucknow,"Gomti Nagar, Lucknow - UPPCB",30-07-2026 05:00:00,26.86812,81.005119,CO,39,40,40
India,Uttar Pradesh,Lucknow,"Gomti Nagar, Lucknow - UPPCB",30-07-2026 05:00:00,26.86812,81.005119,OZONE,41,43,42
India,Uttar Pradesh,Lucknow,"Lalbagh, Lucknow - CPCB",30-07-2026 05:00:00,26.8458805,80.9365541,PM2.5,16,71,45
India,Uttar Pradesh,Mathura,"Pali Dungra, Mathura - UPPCB",30-07-2026 05:00:00,27.410954,77.550619,NO2,5,10,7
India,Uttar Pradesh,Meerut,"Pallavpuram Phase 2, Meerut - UPPCB",30-07-2026 05:00:00,29.06351,77.709723,NH3,7,11,9
India,Uttar Pradesh,Meerut,"Pallavpuram Phase 2, Meerut - UPPCB",30-07-2026 05:00:00,29.06351,77.709723,SO2,2,33,15
India,Uttar Pradesh,Meerut,"Ganga Nagar, Meerut - UPPCB",30-07-2026 05:00:00,28.999264,77.7590354,PM10,30,121,72
India,Uttar Pradesh,Meerut,"Ganga Nagar, Meerut - UPPCB",30-07-2026 05:00:00,28.999264,77.7590354,CO,43,54,47
India,Uttar Pradesh,Meerut,"Jai Bhim Nagar, Meerut - UPPCB",30-07-2026 05:00:00,28.9535882,77.7622941,NO2,9,21,13
India,Uttar Pradesh,Meerut,"Jai Bhim Nagar, Meerut - UPPCB",30-07-2026 05:00:00,28.9535882,77.7622941,OZONE,10,20,14
India,Uttar Pradesh,Meerut,"MIET College, Meerut - UPPCB",30-07-2026 05:00:00,28.972677,77.641018,NH3,4,8,6
India,Uttar Pradesh,Modinagar,"SRM University, Modinagar - UPPCB",30-07-2026 05:00:00,28.798171,77.540243,PM2.5,NA,NA,NA
India,Uttar Pradesh,Modinagar,"SRM University, Modinagar - UPPCB",30-07-2026 05:00:00,28.798171,77.540243,PM10,NA,NA,NA
India,Uttar Pradesh,Moradabad,"Jigar Colony, Moradabad - UPPCB",30-07-2026 05:00:00,28.856664,78.772638,PM2.5,14,78,36
India,Uttar Pradesh,Moradabad,"Jigar Colony, Moradabad - UPPCB",30-07-2026 05:00:00,28.856664,78.772638,CO,41,41,41
India,Uttar Pradesh,Bulandshahr,"Yamunapuram, Bulandshahr - UPPCB",30-07-2026 05:00:00,28.406963,77.849831,OZONE,13,32,22
India,Uttar Pradesh,Fatehpur Sikri,"Dadupura, Fatehpur Sikri - UPPCB",30-07-2026 05:00:00,27.097694,77.671335,PM2.5,23,24,24
India,Uttar Pradesh,Firozabad,"Vibhab Nagar, Firozabad - UPPCB",30-07-2026 05:00:00,27.1594,78.3953,PM2.5,16,36,24
India,Uttar Pradesh,Firozabad,"Vibhab Nagar, Firozabad - UPPCB",30-07-2026 05:00:00,27.1594,78.3953,NO2,15,15,15
India,Uttar Pradesh,Firozabad,"Vibhab Nagar, Firozabad - UPPCB",30-07-2026 05:00:00,27.1594,78.3953,CO,35,37,36
India,Uttar Pradesh,Ghaziabad,"Indirapuram, Ghaziabad - UPPCB",30-07-2026 05:00:00,28.646233,77.358075,SO2,14,18,16
India,Uttar Pradesh,Ghaziabad,"Govindpuram, Ghaziabad - UPPCB",30-07-2026 05:00:00,28.694528,77.494705,NH3,1,5,4
India,Uttar Pradesh,Ghaziabad,"Govindpuram, Ghaziabad - UPPCB",30-07-2026 05:00:00,28.694528,77.494705,SO2,2,4,3
India,Uttar Pradesh,Ghaziabad,"Govindpuram, Ghaziabad - UPPCB",30-07-2026 05:00:00,28.694528,77.494705,CO,39,53,43
India,Uttar Pradesh,Agra,"Shastripuram, Agra - UPPCB",30-07-2026 05:00:00,27.19862,77.92066,SO2,11,11,11
India,Uttar Pradesh,Agra,"Shastripuram, Agra - UPPCB",30-07-2026 05:00:00,27.19862,77.92066,OZONE,23,27,26
India,Uttar Pradesh,Agra,"Manoharpur, Agra - UPPCB",30-07-2026 05:00:00,27.23711,78.01936,NH3,1,1,1
India,Uttar Pradesh,Agra,"Sanjay Palace, Agra - UPPCB",30-07-2026 05:00:00,27.19865833,78.00598056,NH3,NA,NA,NA
India,Uttar Pradesh,Agra,"Rohta, Agra - UPPCB",30-07-2026 05:00:00,27.106972,78.000111,PM2.5,16,41,28
India,Uttar Pradesh,Agra,"Rohta, Agra - UPPCB",30-07-2026 05:00:00,27.106972,78.000111,PM10,35,409,108
India,Uttar Pradesh,Agra,"Rohta, Agra - UPPCB",30-07-2026 05:00:00,27.106972,78.000111,CO,14,23,18
India,Uttar Pradesh,Baghpat,"Sardar Patel Inter College, Baghpat - UPPCB",30-07-2026 05:00:00,28.964949,77.278761,PM2.5,23,116,50
India,Uttar Pradesh,Lucknow,"Kukrail Picnic Spot-1, Lucknow - UPPCB",30-07-2026 05:00:00,26.90723,80.98579,PM10,27,55,44
India,Uttar Pradesh,Lucknow,"B R Ambedkar University, Lucknow - UPPCB",30-07-2026 05:00:00,26.766433,80.927299,PM10,21,118,62
India,Uttar Pradesh,Lucknow,"B R Ambedkar University, Lucknow - UPPCB",30-07-2026 05:00:00,26.766433,80.927299,SO2,32,41,35
India,Uttar Pradesh,Lucknow,"B R Ambedkar University, Lucknow - UPPCB",30-07-2026 05:00:00,26.766433,80.927299,OZONE,17,52,31
India,Uttar Pradesh,Lucknow,"Talkatora District Industries Center, Lucknow - CPCB",30-07-2026 05:00:00,26.83399722,80.8917361,PM2.5,34,71,56
India,Uttar Pradesh,Lucknow,"Talkatora District Industries Center, Lucknow - CPCB",30-07-2026 05:00:00,26.83399722,80.8917361,NH3,4,11,8
India,Uttar Pradesh,Moradabad,"Eco Herbal Park, Moradabad - UPPCB",30-07-2026 05:00:00,28.840739,78.697531,PM2.5,38,126,71
India,Uttar Pradesh,Moradabad,"Transport Nagar, Moradabad - UPPCB",30-07-2026 05:00:00,28.802625,78.753728,SO2,19,20,19
India,Uttar Pradesh,Moradabad,"Transport Nagar, Moradabad - UPPCB",30-07-2026 05:00:00,28.802625,78.753728,OZONE,39,71,50
India,Uttar Pradesh,Muzaffarnagar,"New Mandi, Muzaffarnagar - UPPCB",30-07-2026 05:00:00,29.4723508,77.7194031,CO,30,45,37
India,Uttar Pradesh,Noida,"Sector-1, Noida - UPPCB",30-07-2026 05:00:00,28.5898,77.3101,NO2,32,101,54
India,Uttar Pradesh,Gorakhpur,"Madan Mohan Malaviya University of Technology, Gorakhpur - UPPCB",30-07-2026 05:00:00,26.730136,83.433859,PM2.5,NA,NA,NA
India,Uttar Pradesh,Gorakhpur,"Madan Mohan Malaviya University of Technology, Gorakhpur - UPPCB",30-07-2026 05:00:00,26.730136,83.433859,PM10,9,118,51
India,Uttar Pradesh,Greater Noida,"Knowledge Park - V, Greater Noida - UPPCB",30-07-2026 05:00:00,28.557054,77.453663,PM10,83,236,136
India,Uttar Pradesh,Ghaziabad,"Loni, Ghaziabad - UPPCB",30-07-2026 05:00:00,28.757294,77.278792,OZONE,7,21,14
India,Uttar Pradesh,Noida,"Sector-1, Noida - UPPCB",30-07-2026 05:00:00,28.5898,77.3101,CO,42,91,62
India,Uttar Pradesh,Noida,"Sector-1, Noida - UPPCB",30-07-2026 05:00:00,28.5898,77.3101,OZONE,3,35,13
India,Uttar Pradesh,Noida,"Sector - 62, Noida - IITM",30-07-2026 05:00:00,28.6245479,77.3577104,NO2,18,58,31
India,Uttar Pradesh,Noida,"Sector - 62, Noida - IITM",30-07-2026 05:00:00,28.6245479,77.3577104,NH3,NA,NA,NA
India,Uttar Pradesh,Noida,"Sector - 62, Noida - IITM",30-07-2026 05:00:00,28.6245479,77.3577104,OZONE,23,31,26
India,Uttar Pradesh,Noida,"Sector - 125, Noida - UPPCB",30-07-2026 05:00:00,28.5447608,77.3231257,CO,6,100,52
India,Uttar Pradesh,Prayagraj,"Jhunsi, Prayagraj - UPPCB",30-07-2026 05:00:00,25.425602,81.917152,SO2,10,34,21
India,Uttar Pradesh,Prayagraj,"Nagar Nigam, Prayagraj - UPPCB",30-07-2026 05:00:00,25.44919916,81.82735986,PM2.5,6,27,16
India,Uttar Pradesh,Prayagraj,"Motilal Nehru NIT, Prayagraj - UPPCB",30-07-2026 05:00:00,25.494,81.863,NH3,8,8,8
India,Uttar Pradesh,Prayagraj,"Motilal Nehru NIT, Prayagraj - UPPCB",30-07-2026 05:00:00,25.494,81.863,CO,2,5,3
India,Uttar Pradesh,Raebareli," Indira Nagar, Raebareli - NTPC Unchahar",30-07-2026 05:00:00,26.207781,81.245571,PM10,40,43,41
India,Uttar Pradesh,Shamli,"New Tehsil, Shamli - UPPCB",30-07-2026 05:00:00,29.4603683,77.3410291,PM10,26,93,57
India,Uttar Pradesh,Shamli,"New Tehsil, Shamli - UPPCB",30-07-2026 05:00:00,29.4603683,77.3410291,SO2,4,10,6
India,Uttar Pradesh,Shamli,"New Tehsil, Shamli - UPPCB",30-07-2026 05:00:00,29.4603683,77.3410291,OZONE,34,37,36
India,Uttar Pradesh,Varanasi,"IESD Banaras Hindu University, Varanasi - UPPCB",30-07-2026 05:00:00,25.262326,82.995408,PM2.5,5,46,25
India,Uttar Pradesh,Varanasi,"IESD Banaras Hindu University, Varanasi - UPPCB",30-07-2026 05:00:00,25.262326,82.995408,CO,1,2,2
India,Uttar Pradesh,Varanasi,"Maldahiya, Varanasi - UPPCB",30-07-2026 05:00:00,25.32393,82.99687,PM2.5,7,87,33
India,Uttar Pradesh,Varanasi,"Maldahiya, Varanasi - UPPCB",30-07-2026 05:00:00,25.32393,82.99687,CO,10,23,16
India,Uttar Pradesh,Varanasi,"Ardhali Bazar, Varanasi - UPPCB",30-07-2026 05:00:00,25.3505986,82.9083074,OZONE,4,33,19
India,Uttar Pradesh,Vrindavan,"Omex Eternity, Vrindavan - UPPCB",30-07-2026 05:00:00,27.571409,77.655757,SO2,26,67,42
India,Uttarakhand,Dehradun,"Doon University, Dehradun - UKPCB",30-07-2026 05:00:00,30.269444,78.044167,SO2,0,1,1
India,Uttarakhand,Dehradun,"Doon University, Dehradun - UKPCB",30-07-2026 05:00:00,30.269444,78.044167,CO,19,28,23
India,Uttarakhand,Rishikesh,"Shivaji Nagar, Rishikesh - UKPCB",30-07-2026 05:00:00,30.075911,78.2859547,PM10,18,18,18
India,Uttarakhand,Rishikesh,"Shivaji Nagar, Rishikesh - UKPCB",30-07-2026 05:00:00,30.075911,78.2859547,CO,37,37,37
India,West Bengal,Asansol,"Evelyn Lodge, Asansol - WBPCB",30-07-2026 05:00:00,23.697936,86.944395,OZONE,2,7,5
India,West Bengal,Asansol,"Asansol Court Area, Asansol - WBPCB",30-07-2026 05:00:00,23.685297,86.945968,SO2,10,17,13
India,West Bengal,Asansol,"Trivenidevi Bhalotia College, Asansol - WBPCB",30-07-2026 05:00:00,23.616515,87.119133,NH3,4,5,5
India,West Bengal,Asansol,"Trivenidevi Bhalotia College, Asansol - WBPCB",30-07-2026 05:00:00,23.616515,87.119133,SO2,34,37,36
India,West Bengal,Asansol,"Trivenidevi Bhalotia College, Asansol - WBPCB",30-07-2026 05:00:00,23.616515,87.119133,OZONE,4,6,5
India,West Bengal,Barrackpore,"SVSPA Campus, Barrackpore - WBPCB",30-07-2026 05:00:00,22.7605581,88.3617589,PM10,27,54,40
India,West Bengal,Barrackpore,"SVSPA Campus, Barrackpore - WBPCB",30-07-2026 05:00:00,22.7605581,88.3617589,NO2,9,20,14
India,West Bengal,Barrackpore,"SVSPA Campus, Barrackpore - WBPCB",30-07-2026 05:00:00,22.7605581,88.3617589,CO,38,43,40
India,West Bengal,Durgapur,"Mahishkapur Road_B-Zone, Durgapur - WBPCB",30-07-2026 05:00:00,23.567923,87.306843,OZONE,20,24,22
India,West Bengal,Durgapur,"PCBL Residential Complex, Durgapur - WBPCB",30-07-2026 05:00:00,23.508764,87.35444,SO2,11,11,11
India,West Bengal,Howrah,"Dasnagar, Howrah - WBPCB",30-07-2026 05:00:00,22.6025571,88.3105664,NO2,2,8,4
India,West Bengal,Howrah,"Dasnagar, Howrah - WBPCB",30-07-2026 05:00:00,22.6025571,88.3105664,NH3,1,3,2
India,West Bengal,Howrah,"Dasnagar, Howrah - WBPCB",30-07-2026 05:00:00,22.6025571,88.3105664,SO2,9,10,10
India,West Bengal,Howrah,"Botanical Garden, Howrah - WBPCB",30-07-2026 05:00:00,22.554954,88.292568,SO2,2,4,3
India,West Bengal,Kolkata,"Ballygunge, Kolkata - WBPCB",30-07-2026 05:00:00,22.5367507,88.3638022,NO2,19,38,27
India,West Bengal,Kolkata,"Jadavpur, Kolkata - WBPCB",30-07-2026 05:00:00,22.49929,88.36917,PM10,30,49,36
India,West Bengal,Kolkata,"Rabindra Bharati University, Kolkata - WBPCB",30-07-2026 05:00:00,22.627847,88.380669,NH3,5,7,6
India,West Bengal,Kolkata,"Rabindra Bharati University, Kolkata - WBPCB",30-07-2026 05:00:00,22.627847,88.380669,CO,37,45,40
