country,state,city,station,last_update,latitude,longitude,pollutant_id,min_value,max_value,avg_value
India,Bihar,Gaya,"Collectorate, Gaya - BSPCB",21-08-2026 10:00:00,24.7955,84.9994,CO,11,12,12
India,Bihar,Gaya,"SFTI Kusdihra, Gaya - BSPCB",21-08-2026 10:00:00,24.762518,84.982348,SO2,8,10,8
India,Bihar,Gaya,"Kareemganj, Gaya - BSPCB",21-08-2026 10:00:00,24.792403,84.992416,NO2,NA,NA,NA
India,Bihar,Gaya,"Kareemganj, Gaya - BSPCB",21-08-2026 10:00:00,24.792403,84.992416,CO,80,115,93
India,Bihar,Hajipur,"Industrial Area, Hajipur - BSPCB",21-08-2026 10:00:00,25.697189,85.2459,CO,25,38,31
India,Bihar,Katihar,"Mirchaibari, Katihar - BSPCB",21-08-2026 10:00:00,25.560083,87.553265,SO2,16,25,21
India,Bihar,Katihar,"Mirchaibari, Katihar - BSPCB",21-08-2026 10:00:00,25.560083,87.553265,OZONE,26,41,32
India,Bihar,Kishanganj,"SDM Office_Khagra, Kishanganj - BSPCB",21-08-2026 10:00:00,26.0881305,87.93840336,NO2,7,8,7
India,Bihar,Motihari,"Gandak Colony, Motihari - BSPCB",21-08-2026 10:00:00,26.63086,84.90051,PM2.5,NA,NA,NA
India,Bihar,Motihari,"Gandak Colony, Motihari - BSPCB",21-08-2026 10:00:00,26.63086,84.90051,OZONE,55,58,57
India,Bihar,Munger,"Town Hall, Munger - BSPCB",21-08-2026 10:00:00,25.376776,86.471523,NO2,11,13,12
India,Bihar,Munger,"Town Hall, Munger - BSPCB",21-08-2026 10:00:00,25.376776,86.471523,OZONE,13,16,14
India,Bihar,Muzaffarpur,"Buddha Colony, Muzaffarpur - BSPCB",21-08-2026 10:00:00,26.11442,85.39813,NH3,7,11,9
India,Bihar,Muzaffarpur,"Buddha Colony, Muzaffarpur - BSPCB",21-08-2026 10:00:00,26.11442,85.39813,OZONE,4,46,15
India,Bihar,Muzaffarpur,"MIT-Daudpur Kothi, Muzaffarpur - BSPCB",21-08-2026 10:00:00,26.1403345,85.3650192,PM2.5,22,40,30
India,Bihar,Muzaffarpur,"MIT-Daudpur Kothi, Muzaffarpur - BSPCB",21-08-2026 10:00:00,26.1403345,85.3650192,NH3,1,1,1
India,Chhattisgarh,Bhilai,"32Bungalows, Bhilai - CECB",21-08-2026 10:00:00,21.194815,81.31477,SO2,9,16,11
India,Chhattisgarh,Bhilai,"32Bungalows, Bhilai - CECB",21-08-2026 10:00:00,21.194815,81.31477,OZONE,9,17,12
India,Chhattisgarh,Bhilai,"Hathkhoj, Bhilai - CECB",21-08-2026 10:00:00,21.224231,81.40835,PM10,12,57,38
India,Chhattisgarh,Bhilai,"Hathkhoj, Bhilai - CECB",21-08-2026 10:00:00,21.224231,81.40835,NO2,9,23,14
India,Chhattisgarh,Bhilai,"Hathkhoj, Bhilai - CECB",21-08-2026 10:00:00,21.224231,81.40835,OZONE,9,15,11
India,Chhattisgarh,Bilaspur,"Mangala, Bilaspur - NTPC",21-08-2026 10:00:00,22.08815,82.13737,PM2.5,16,139,47
India,Chhattisgarh,Bilaspur,"Mangala, Bilaspur - NTPC",21-08-2026 10:00:00,22.08815,82.13737,NO2,18,22,20
India,Chhattisgarh,Chhal,"Nawapara SECL Colony, Chhal - CECB",21-08-2026 10:00:00,22.118125,83.140608,PM2.5,12,69,29
India,Chhattisgarh,Korba,"Rampur, Korba - CECB",21-08-2026 10:00:00,22.368195,82.746431,PM2.5,10,15,11
India,Chhattisgarh,Kunjemura,"OP Jindal School, Kunjemura - CECB",21-08-2026 10:00:00,22.12665,83.483212,CO,27,39,32
India,Chhattisgarh,Milupara,"Govt. Higher Secondary School, Milupara - CECB",21-08-2026 10:00:00,22.1910172,83.5197009,PM2.5,12,32,20
India,Chhattisgarh,Milupara,"Govt. Higher Secondary School, Milupara - CECB",21-08-2026 10:00:00,22.1910172,83.5197009,NH3,1,2,2
India,Chhattisgarh,Raipur,"Krishak Nagar, Raipur - CECB",21-08-2026 10:00:00,21.237755,81.705301,PM2.5,NA,NA,NA
India,Chhattisgarh,Raipur,"Bhatagaon New ISBT, Raipur - CECB",21-08-2026 10:00:00,21.219665,81.630094,NH3,2,2,2
India,Bihar,Saharsa,"Police Line, Saharsa - BSPCB",21-08-2026 10:00:00,25.892357,86.590325,NH3,4,4,4
India,Bihar,Samastipur,"DM Office_Kasipur, Samastipur - BSPCB",21-08-2026 10:00:00,25.859655,85.77944,PM10,40,241,94
India,Bihar,Samastipur,"DM Office_Kasipur, Samastipur - BSPCB",21-08-2026 10:00:00,25.859655,85.77944,NO2,8,9,8
India,Bihar,Samastipur,"DM Office_Kasipur, Samastipur - BSPCB",21-08-2026 10:00:00,25.859655,85.77944,NH3,1,2,1
India,Bihar,Sasaram,"Dada Peer, Sasaram - BSPCB",21-08-2026 10:00:00,24.952822,84.002396,NH3,3,3,3
India,Bihar,Siwan,"Chitragupta Nagar, Siwan - BSPCB",21-08-2026 10:00:00,26.2271665,84.3570427,PM2.5,73,81,77
India,Bihar,Siwan,"Chitragupta Nagar, Siwan - BSPCB",21-08-2026 10:00:00,26.2271665,84.3570427,NH3,1,1,1
India,Bihar,Siwan,"Chitragupta Nagar, Siwan - BSPCB",21-08-2026 10:00:00,26.2271665,84.3570427,CO,63,66,64
India,Bihar,Siwan,"Chitragupta Nagar, Siwan - BSPCB",21-08-2026 10:00:00,26.2271665,84.3570427,OZONE,7,7,7
India,Chandigarh,Chandigarh,"Sector 22, Chandigarh - CPCC",21-08-2026 10:00:00,30.735567,76.775714,PM2.5,18,67,33
India,Chandigarh,Chandigarh,"Sector-25, Chandigarh - CPCC",21-08-2026 10:00:00,30.751462,76.762879,NH3,15,26,17
India,Chandigarh,Chandigarh,"Sector-53, Chandigarh - CPCC",21-08-2026 10:00:00,30.719859,76.738637,PM10,NA,NA,NA
India,Chandigarh,Chandigarh,"Sector-53, Chandigarh - CPCC",21-08-2026 10:00:00,30.719859,76.738637,NH3,NA,NA,NA
India,Assam,Guwahati,"IITG, Guwahati - PCBA",21-08-2026 10:00:00,26.2028636,91.70046436,NO2,1,3,1
India,Assam,Guwahati,"IITG, Guwahati - PCBA",21-08-2026 10:00:00,26.2028636,91.70046436,OZONE,9,17,12
India,Assam,Guwahati,"Pan Bazaar, Guwahati - PCBA",21-08-2026 10:00:00,26.1875,91.744194,OZONE,14,16,15
India,Assam,Guwahati,"LGBI Airport, Guwahati - PCBA",21-08-2026 10:00:00,26.10887,91.589544,PM2.5,17,62,37
India,Assam,Guwahati,"LGBI Airport, Guwahati - PCBA",21-08-2026 10:00:00,26.10887,91.589544,PM10,12,49,29
India,Assam,Guwahati,"Railway Colony, Guwahati - PCBA",21-08-2026 10:00:00,26.181742,91.78063,PM10,7,57,33
India,Assam,Guwahati,"Railway Colony, Guwahati - PCBA",21-08-2026 10:00:00,26.181742,91.78063,CO,6,14,8
India,Assam,Nagaon,"Christianpatty, Nagaon - PCBA",21-08-2026 10:00:00,26.349082,92.68449,PM2.5,36,78,55
India,Assam,Nalbari,"Bata Chowk, Nalbari - PCBA",21-08-2026 10:00:00,26.446912,91.439057,CO,21,22,21
India,Assam,Sivasagar,"Girls College, Sivasagar - PCBA",21-08-2026 10:00:00,26.987634,94.636574,PM10,26,66,38
India,Assam,Sivasagar,"Girls College, Sivasagar - PCBA",21-08-2026 10:00:00,26.987634,94.636574,NH3,4,10,5
India,Andhra Pradesh,Srikakulam,"Chinna Bharatham Colony, Srikakulam - APPCB",21-08-2026 10:00:00,18.292191,83.897173,SO2,13,16,14
India,Andhra Pradesh,Tirumala,"Toll Gate, Tirumala - APPCB",21-08-2026 10:00:00,13.67,79.35,PM10,36,155,104
India,Andhra Pradesh,Tirumala,"Toll Gate, Tirumala - APPCB",21-08-2026 10:00:00,13.67,79.35,NH3,3,3,3
India,Andhra Pradesh,Tirumala,"Toll Gate, Tirumala - APPCB",21-08-2026 10:00:00,13.67,79.35,SO2,6,10,8
India,Andhra Pradesh,Tirupati,"Vaikuntapuram, Tirupati - APPCB",21-08-2026 10:00:00,13.615387,79.40923,CO,24,28,26
India,Andhra Pradesh,Tirupati,"Vaikuntapuram, Tirupati - APPCB",21-08-2026 10:00:00,13.615387,79.40923,OZONE,32,33,32
India,Andhra Pradesh,Vijayawada,"Rajiv Nagar, Vijayawada - APPCB",21-08-2026 10:00:00,16.554731,80.64911,PM2.5,53,67,57
India,Andhra Pradesh,Vijayawada,"Rajiv Nagar, Vijayawada - APPCB",21-08-2026 10:00:00,16.554731,80.64911,NH3,3,5,3
India,Andhra Pradesh,Vijayawada,"HB Colony, Vijayawada - APPCB",21-08-2026 10:00:00,16.536107,80.594233,PM10,NA,NA,NA
India,Andhra Pradesh,Vijayawada,"HB Colony, Vijayawada - APPCB",21-08-2026 10:00:00,16.536107,80.594233,NO2,NA,NA,NA
India,Andhra Pradesh,Vijayawada,"HB Colony, Vijayawada - APPCB",21-08-2026 10:00:00,16.536107,80.594233,NH3,NA,NA,NA
India,Andhra Pradesh,Vijayawada,"HB Colony, Vijayawada - APPCB",21-08-2026 10:00:00,16.536107,80.594233,SO2,NA,NA,NA
India,Andhra Pradesh,Eluru,"District Court, Eluru - APPCB",21-08-2026 10:00:00,16.711754,81.092095,NO2,13,33,22
India,Andhra Pradesh,Guntur,"Rajendra Nagar North, Guntur - APPCB",21-08-2026 10:00:00,16.316553,80.413302,PM10,49,65,55
India,Andhra Pradesh,Guntur,"Rajendra Nagar North, Guntur - APPCB",21-08-2026 10:00:00,16.316553,80.413302,NO2,19,53,33
India,Andhra Pradesh,Guntur,"Rajendra Nagar North, Guntur - APPCB",21-08-2026 10:00:00,16.316553,80.413302,SO2,9,16,12
India,Andhra Pradesh,Guntur,"Rajendra Nagar North, Guntur - APPCB",21-08-2026 10:00:00,16.316553,80.413302,CO,18,29,24
India,Andhra Pradesh,Kadapa,"Yerramukkapalli, Kadapa - APPCB",21-08-2026 10:00:00,14.465052,78.824187,PM2.5,51,67,62
India,Andhra Pradesh,Machilipatnam,"Srinivas Nagar Colony, Machilipatnam - APPCB",21-08-2026 10:00:00,16.186555,81.13219,PM10,52,65,55
India,Andhra Pradesh,Machilipatnam,"Srinivas Nagar Colony, Machilipatnam - APPCB",21-08-2026 10:00:00,16.186555,81.13219,NO2,15,24,17
India,Andhra Pradesh,Machilipatnam,"Srinivas Nagar Colony, Machilipatnam - APPCB",21-08-2026 10:00:00,16.186555,81.13219,SO2,5,21,15
India,Andhra Pradesh,Nellore,"Ambedkar Nagar, Nellore - APPCB ",21-08-2026 10:00:00,14.438164,79.966814,PM2.5,47,72,53
India,Andhra Pradesh,Nellore,"Ambedkar Nagar, Nellore - APPCB ",21-08-2026 10:00:00,14.438164,79.966814,PM10,56,71,62
India,Bihar,Patna,"Govt. High School Shikarpur, Patna - BSPCB",21-08-2026 10:00:00,25.592539,85.227158,PM2.5,38,45,42
India,Bihar,Patna,"Govt. High School Shikarpur, Patna - BSPCB",21-08-2026 10:00:00,25.592539,85.227158,NO2,5,7,6
India,Bihar,Patna,"DRM Office Danapur, Patna - BSPCB",21-08-2026 10:00:00,25.586562,85.043586,PM2.5,28,83,52
India,Bihar,Patna,"DRM Office Danapur, Patna - BSPCB",21-08-2026 10:00:00,25.586562,85.043586,NH3,9,9,9
India,Bihar,Patna,"DRM Office Danapur, Patna - BSPCB",21-08-2026 10:00:00,25.586562,85.043586,SO2,6,7,6
India,Bihar,Patna,"DRM Office Danapur, Patna - BSPCB",21-08-2026 10:00:00,25.586562,85.043586,CO,35,41,38
India,Bihar,Patna,"DRM Office Danapur, Patna - BSPCB",21-08-2026 10:00:00,25.586562,85.043586,OZONE,19,51,25
India,Bihar,Purnia,"Mariam Nagar, Purnia - BSPCB",21-08-2026 10:00:00,25.366336,87.117468,PM10,13,35,25
India,Bihar,Purnia,"Mariam Nagar, Purnia - BSPCB",21-08-2026 10:00:00,25.366336,87.117468,SO2,16,17,16
India,Andhra Pradesh,Vijayawada,"Rajiv Gandhi Park, Vijayawada - APPCB",21-08-2026 10:00:00,16.509717,80.612222,PM2.5,41,85,65
India,Andhra Pradesh,Vijayawada,"Rajiv Gandhi Park, Vijayawada - APPCB",21-08-2026 10:00:00,16.509717,80.612222,SO2,13,18,14
India,Andhra Pradesh,Vijayawada,"Rajiv Gandhi Park, Vijayawada - APPCB",21-08-2026 10:00:00,16.509717,80.612222,CO,28,31,30
India,Arunachal Pradesh,Naharlagun,"Naharlagun, Naharlagun - APSPCB",21-08-2026 10:00:00,27.103358,93.679645,NO2,8,8,8
India,Arunachal Pradesh,Naharlagun,"Naharlagun, Naharlagun - APSPCB",21-08-2026 10:00:00,27.103358,93.679645,OZONE,6,7,7
India,Assam,Byrnihat,"Central Academy for SFS, Byrnihat - PCBA",21-08-2026 10:00:00,26.071318,91.87488,PM10,74,142,92
India,Bihar,Arrah,"New DM Office, Arrah - BSPCB",21-08-2026 10:00:00,25.5626095,84.663264,NO2,5,9,7
India,Bihar,Arrah,"New DM Office, Arrah - BSPCB",21-08-2026 10:00:00,25.5626095,84.663264,NH3,2,2,2
India,Bihar,Bhagalpur,"DM Office_Kachari Chowk, Bhagalpur - BSPCB",21-08-2026 10:00:00,25.251013,86.989001,OZONE,18,19,18
India,Bihar,Gaya,"Collectorate, Gaya - BSPCB",21-08-2026 10:00:00,24.7955,84.9994,PM2.5,10,203,70
India,Andhra Pradesh,Anantapur,"Gulzarpet, Anantapur - APPCB",21-08-2026 10:00:00,14.675886,77.593027,NH3,3,5,3
India,Andhra Pradesh,Anantapur,"Gulzarpet, Anantapur - APPCB",21-08-2026 10:00:00,14.675886,77.593027,SO2,11,18,13
India,Andhra Pradesh,Anantapur,"Gulzarpet, Anantapur - APPCB",21-08-2026 10:00:00,14.675886,77.593027,OZONE,15,17,15
India,Andhra Pradesh,Chittoor,"Gangineni Cheruvu, Chittoor - APPCB",21-08-2026 10:00:00,13.20488,79.097889,PM2.5,54,81,73
India,Delhi,Delhi,"North Campus, DU, Delhi - IITM",21-08-2026 10:00:00,28.6573814,77.1585447,PM2.5,2,141,97
India,Delhi,Delhi,"North Campus, DU, Delhi - IITM",21-08-2026 10:00:00,28.6573814,77.1585447,PM10,88,215,130
India,Delhi,Delhi,"North Campus, DU, Delhi - IITM",21-08-2026 10:00:00,28.6573814,77.1585447,NO2,80,320,157
India,Delhi,Delhi,"North Campus, DU, Delhi - IITM",21-08-2026 10:00:00,28.6573814,77.1585447,OZONE,27,43,31
India,Delhi,Delhi,"R K Puram, Delhi - DPCC",21-08-2026 10:00:00,28.563262,77.186937,PM10,83,145,119
India,Delhi,Delhi,"R K Puram, Delhi - DPCC",21-08-2026 10:00:00,28.563262,77.186937,NO2,13,76,33
India,Delhi,Delhi,"R K Puram, Delhi - DPCC",21-08-2026 10:00:00,28.563262,77.186937,OZONE,3,11,6
India,Gujarat,Ahmedabad,"Rakhial, Ahmedabad - IITM",21-08-2026 10:00:00,23.016834,72.625775,CO,53,76,65
India,Gujarat,Ahmedabad,"Rakhial, Ahmedabad - IITM",21-08-2026 10:00:00,23.016834,72.625775,OZONE,3,6,5
India,Gujarat,Ahmedabad,"Maninagar, Ahmedabad - GPCB",21-08-2026 10:00:00,23.002657,72.591912,NH3,NA,NA,NA
India,Gujarat,Ahmedabad,"Chandkheda, Ahmedabad - IITM",21-08-2026 10:00:00,23.107969,72.574648,PM10,67,103,85
India,Gujarat,Ahmedabad,"Chandkheda, Ahmedabad - IITM",21-08-2026 10:00:00,23.107969,72.574648,CO,16,32,22
India,Gujarat,Ahmedabad,"SAC ISRO Bopal, Ahmedabad - IITM",21-08-2026 10:00:00,23.041137,72.456691,PM2.5,29,60,43
India,Gujarat,Ahmedabad,"SAC ISRO Satellite, Ahmedabad - IITM",21-08-2026 10:00:00,23.023389,72.515201,NH3,1,2,2
India,Gujarat,Ahmedabad,"SAC ISRO Satellite, Ahmedabad - IITM",21-08-2026 10:00:00,23.023389,72.515201,SO2,1,5,3
India,Gujarat,Ahmedabad,"Gyaspur, Ahmedabad - IITM",21-08-2026 10:00:00,22.977134,72.553024,NO2,32,40,37
India,Gujarat,Ahmedabad,"Gyaspur, Ahmedabad - IITM",21-08-2026 10:00:00,22.977134,72.553024,SO2,5,25,13
India,Delhi,Delhi,"IGNOU_Maidan Garhi, Delhi - DPCC",21-08-2026 10:00:00,28.493624,77.201159,NH3,2,15,6
India,Delhi,Delhi,"IGNOU_Maidan Garhi, Delhi - DPCC",21-08-2026 10:00:00,28.493624,77.201159,CO,44,53,48
India,Delhi,Delhi,"Commonwealth Sports Complex, Delhi - DPCC",21-08-2026 10:00:00,28.615828,77.271992,PM2.5,34,154,79
India,Delhi,Delhi,"Commonwealth Sports Complex, Delhi - DPCC",21-08-2026 10:00:00,28.615828,77.271992,PM10,66,121,98
India,Delhi,Delhi,"Commonwealth Sports Complex, Delhi - DPCC",21-08-2026 10:00:00,28.615828,77.271992,CO,42,61,47
India,Delhi,Delhi,"Talkatora Garden, Delhi - DPCC",21-08-2026 10:00:00,28.62181,77.1944633,CO,31,59,40
India,Delhi,Delhi,"Talkatora Garden, Delhi - DPCC",21-08-2026 10:00:00,28.62181,77.1944633,OZONE,8,12,9
India,Delhi,Delhi,"NSIT Dwarka, Delhi - CPCB",21-08-2026 10:00:00,28.60909,77.0325413,PM10,48,108,82
India,Delhi,Delhi,"Aya Nagar, Delhi - IITM",21-08-2026 10:00:00,28.4706914,77.1099364,NH3,NA,NA,NA
India,Delhi,Delhi,"CRRI Mathura Road, Delhi - IITM",21-08-2026 10:00:00,28.5512005,77.2735737,PM2.5,35,198,82
India,Delhi,Delhi,"CRRI Mathura Road, Delhi - IITM",21-08-2026 10:00:00,28.5512005,77.2735737,NH3,NA,NA,NA
India,Delhi,Delhi,"CRRI Mathura Road, Delhi - IITM",21-08-2026 10:00:00,28.5512005,77.2735737,OZONE,14,18,15
India,Delhi,Delhi,"Burari Crossing, Delhi - IITM",21-08-2026 10:00:00,28.7256504,77.2011573,PM2.5,29,98,64
India,Delhi,Delhi,"IMD Lodhi Road, Delhi - IITM",21-08-2026 10:00:00,28.5918245,77.2273074,NH3,NA,NA,NA
India,Delhi,Delhi,"JNU, Delhi - DPCC",21-08-2026 10:00:00,28.540721,77.168544,SO2,1,9,4
India,Delhi,Delhi,"JNU, Delhi - DPCC",21-08-2026 10:00:00,28.540721,77.168544,OZONE,6,9,7
India,Delhi,Delhi,"Shadipur, Delhi - CPCB",21-08-2026 10:00:00,28.6514781,77.1473105,OZONE,27,31,29
India,Delhi,Delhi,"Mandir Marg, Delhi - DPCC",21-08-2026 10:00:00,28.636429,77.201067,PM2.5,43,170,92
India,Delhi,Delhi,"Mandir Marg, Delhi - DPCC",21-08-2026 10:00:00,28.636429,77.201067,NH3,7,13,8
India,Delhi,Delhi,"Mandir Marg, Delhi - DPCC",21-08-2026 10:00:00,28.636429,77.201067,CO,46,76,56
India,Delhi,Delhi,"Pusa, Delhi - DPCC",21-08-2026 10:00:00,28.639652,77.146275,SO2,5,11,7
India,Delhi,Delhi,"Pusa, Delhi - DPCC",21-08-2026 10:00:00,28.639652,77.146275,CO,24,87,60
India,Delhi,Delhi,"Chandni Chowk, Delhi - IITM",21-08-2026 10:00:00,28.656756,77.227234,PM2.5,43,118,73
India,Delhi,Delhi,"Chandni Chowk, Delhi - IITM",21-08-2026 10:00:00,28.656756,77.227234,SO2,5,12,8
India,Delhi,Delhi,"Chandni Chowk, Delhi - IITM",21-08-2026 10:00:00,28.656756,77.227234,CO,63,83,71
India,Delhi,Delhi,"Chandni Chowk, Delhi - IITM",21-08-2026 10:00:00,28.656756,77.227234,OZONE,11,25,16
India,Delhi,Delhi,"DTU, Delhi - CPCB",21-08-2026 10:00:00,28.7500499,77.1112615,SO2,31,36,33
India,Delhi,Delhi,"DTU, Delhi - CPCB",21-08-2026 10:00:00,28.7500499,77.1112615,CO,6,18,10
India,Delhi,Delhi,"Dwarka-Sector 8, Delhi - DPCC ",21-08-2026 10:00:00,28.5710274,77.0719006,NO2,16,95,42
India,Delhi,Delhi,"Dwarka-Sector 8, Delhi - DPCC ",21-08-2026 10:00:00,28.5710274,77.0719006,NH3,4,9,6
India,Delhi,Delhi,"Dr. Karni Singh Shooting Range, Delhi - DPCC",21-08-2026 10:00:00,28.498571,77.26484,OZONE,8,16,11
India,Delhi,Delhi,"IIT Delhi, Delhi - IITM",21-08-2026 10:00:00,28.54246,77.191651,NO2,11,54,23
India,Gujarat,Nandesari,"GIDC, Nandesari - Nandesari Ind. Association",21-08-2026 10:00:00,22.410802,73.097923,NH3,NA,NA,NA
India,Gujarat,Rajkot,"Mavdi, Rajkot - Nexteng Enviro ",21-08-2026 10:00:00,22.248853,70.776774,PM2.5,10,51,27
India,Gujarat,Rajkot,"Mavdi, Rajkot - Nexteng Enviro ",21-08-2026 10:00:00,22.248853,70.776774,PM10,24,80,41
India,Gujarat,Surat,"Katargam, Surat - Nexteng Enviro",21-08-2026 10:00:00,21.217779,72.834787,PM2.5,9,61,33
India,Gujarat,Vadodara,"Bapunagar, Vadodara - Nexteng Enviro",21-08-2026 10:00:00,22.320153,73.216285,PM2.5,19,67,39
India,Gujarat,Vapi,"Phase-1 GIDC, Vapi - GPCB",21-08-2026 10:00:00,20.362421,72.918013,NO2,15,16,16
India,Haryana,Ambala,"Patti Mehar, Ambala - HSPCB",21-08-2026 10:00:00,30.379589,76.778328,PM2.5,47,75,62
India,Haryana,Ambala,"Patti Mehar, Ambala - HSPCB",21-08-2026 10:00:00,30.379589,76.778328,NO2,6,8,7
India,Haryana,Ambala,"Patti Mehar, Ambala - HSPCB",21-08-2026 10:00:00,30.379589,76.778328,NH3,6,7,6
India,Haryana,Bahadurgarh,"Arya Nagar, Bahadurgarh - HSPCB",21-08-2026 10:00:00,28.6701,76.9254,PM2.5,38,68,50
India,Haryana,Ballabgarh,"Nathu Colony, Ballabgarh - HSPCB",21-08-2026 10:00:00,28.3419248,77.319699,SO2,2,3,2
India,Gujarat,Ahmedabad,"Raikhad, Ahmedabad - IITM",21-08-2026 10:00:00,23.020509,72.579261,OZONE,12,14,13
India,Gujarat,Ankleshwar,"GIDC, Ankleshwar - GPCB",21-08-2026 10:00:00,21.613267,73.010555,NH3,4,6,5
India,Gujarat,Ankleshwar,"GIDC, Ankleshwar - GPCB",21-08-2026 10:00:00,21.613267,73.010555,OZONE,29,41,32
India,Gujarat,Bhavnagar,"Vidhyanagar, Bhavnagar - Nexteng Enviro",21-08-2026 10:00:00,21.755417,72.139056,SO2,7,8,7
India,Gujarat,Bhavnagar,"Vidhyanagar, Bhavnagar - Nexteng Enviro",21-08-2026 10:00:00,21.755417,72.139056,OZONE,16,19,17
India,Gujarat,Gandhinagar,"Sector-10, Gandhinagar - GPCB",21-08-2026 10:00:00,23.221714,72.654328,NO2,4,6,5
India,Gujarat,Gandhinagar,"IIPHG Lekawada, Gandhinagar - IITM",21-08-2026 10:00:00,23.243639,72.68994,PM2.5,7,50,22
India,Gujarat,Gandhinagar,"IIPHG Lekawada, Gandhinagar - IITM",21-08-2026 10:00:00,23.243639,72.68994,CO,24,28,25
India,Gujarat,Gandhinagar,"GIFT City, Gandhinagar - IITM",21-08-2026 10:00:00,23.163798,72.677768,PM2.5,20,88,44
India,Gujarat,Gandhinagar,"GIFT City, Gandhinagar - IITM",21-08-2026 10:00:00,23.163798,72.677768,PM10,75,152,98
India,Gujarat,Gandhinagar,"GIFT City, Gandhinagar - IITM",21-08-2026 10:00:00,23.163798,72.677768,NH3,4,7,5
India,Gujarat,Mehsana,"Sadanand Nagar, Mehsana - Nexteng Enviro",21-08-2026 10:00:00,23.59315,72.372792,PM10,29,96,67
India,Delhi,Delhi,"Sonia Vihar, Delhi - DPCC",21-08-2026 10:00:00,28.710508,77.249485,NH3,12,15,13
India,Delhi,Delhi,"Sonia Vihar, Delhi - DPCC",21-08-2026 10:00:00,28.710508,77.249485,OZONE,12,85,37
India,Delhi,Delhi,"Bawana, Delhi - DPCC",21-08-2026 10:00:00,28.7762,77.051074,NO2,5,20,8
India,Delhi,Delhi,"Okhla Phase-2, Delhi - DPCC",21-08-2026 10:00:00,28.530785,77.271255,CO,41,56,47
India,Delhi,Delhi,"Okhla Phase-2, Delhi - DPCC",21-08-2026 10:00:00,28.530785,77.271255,OZONE,5,12,7
India,Delhi,Delhi,"Rohini, Delhi - DPCC",21-08-2026 10:00:00,28.732528,77.11992,PM10,112,186,140
India,Delhi,Delhi,"Jahangirpuri, Delhi - DPCC",21-08-2026 10:00:00,28.73282,77.170633,PM10,119,223,160
India,Delhi,Delhi,"Jahangirpuri, Delhi - DPCC",21-08-2026 10:00:00,28.73282,77.170633,CO,59,92,68
India,Delhi,Delhi,"IHBAS, Dilshad Garden, Delhi - CPCB",21-08-2026 10:00:00,28.6811736,77.3025234,PM2.5,53,99,74
India,Delhi,Delhi,"Sri Aurobindo Marg, Delhi - DPCC",21-08-2026 10:00:00,28.531346,77.190156,NH3,2,3,3
India,Delhi,Delhi,"Sri Aurobindo Marg, Delhi - DPCC",21-08-2026 10:00:00,28.531346,77.190156,SO2,49,58,53
India,Delhi,Delhi,"Sri Aurobindo Marg, Delhi - DPCC",21-08-2026 10:00:00,28.531346,77.190156,CO,33,43,36
India,Delhi,Delhi,"Patparganj, Delhi - DPCC",21-08-2026 10:00:00,28.623763,77.287209,PM10,90,145,115
India,Delhi,Delhi,"Jawaharlal Nehru Stadium, Delhi - DPCC",21-08-2026 10:00:00,28.58028,77.233829,PM10,78,152,112
India,Delhi,Delhi,"Najafgarh, Delhi - DPCC",21-08-2026 10:00:00,28.570173,76.933762,PM2.5,18,68,39
India,Delhi,Delhi,"Najafgarh, Delhi - DPCC",21-08-2026 10:00:00,28.570173,76.933762,PM10,69,117,98
India,Delhi,Delhi,"Najafgarh, Delhi - DPCC",21-08-2026 10:00:00,28.570173,76.933762,CO,12,22,16
India,Delhi,Delhi,"Wazirpur, Delhi - DPCC",21-08-2026 10:00:00,28.699793,77.165453,PM2.5,73,167,107
India,Delhi,Delhi,"Wazirpur, Delhi - DPCC",21-08-2026 10:00:00,28.699793,77.165453,PM10,141,255,192
India,Delhi,Delhi,"NSUT Jaffarpur, Delhi - DPCC",21-08-2026 10:00:00,28.594004,76.909423,NO2,5,27,12
India,Delhi,Delhi,"Mundka, Delhi - DPCC",21-08-2026 10:00:00,28.684678,77.076574,OZONE,3,7,6
India,Delhi,Delhi,"Ashok Vihar, Delhi - DPCC",21-08-2026 10:00:00,28.695381,77.181665,NH3,4,12,7
India,Delhi,Delhi,"Shadipur, Delhi - CPCB",21-08-2026 10:00:00,28.6514781,77.1473105,NH3,5,11,7
India,Chhattisgarh,Raipur,"Siltara Phase-II, Raipur - CECB",21-08-2026 10:00:00,21.371751,81.664929,NO2,19,28,22
India,Chhattisgarh,Raipur,"Siltara Phase-II, Raipur - CECB",21-08-2026 10:00:00,21.371751,81.664929,CO,17,17,17
India,Chhattisgarh,Raipur,"Siltara Phase-II, Raipur - CECB",21-08-2026 10:00:00,21.371751,81.664929,OZONE,5,10,6
India,Chhattisgarh,Tumidih,"OP Jindal Industrial Park, Tumidih - CECB",21-08-2026 10:00:00,22.06631475,83.33820077,NO2,16,36,27
India,Delhi,Delhi,"ITO, Delhi - CPCB",21-08-2026 10:00:00,28.628624,77.24106,SO2,1,33,16
India,Delhi,Delhi,"Narela, Delhi - DPCC",21-08-2026 10:00:00,28.822836,77.101981,NO2,22,33,26
India,Delhi,Delhi,"Cantonment Area, Delhi - DPCC",21-08-2026 10:00:00,28.594169,77.1251,PM10,40,136,88
India,Delhi,Delhi,"Cantonment Area, Delhi - DPCC",21-08-2026 10:00:00,28.594169,77.1251,OZONE,3,4,3
India,Delhi,Delhi,"Major Dhyan Chand National Stadium, Delhi - DPCC",21-08-2026 10:00:00,28.611281,77.237738,PM2.5,22,87,56
India,Haryana,Faridabad,"New Industrial Town, Faridabad - HSPCB",21-08-2026 10:00:00,28.39072,77.30059,NO2,24,26,25
India,Haryana,Faridabad,"New Industrial Town, Faridabad - HSPCB",21-08-2026 10:00:00,28.39072,77.30059,CO,20,28,23
India,Haryana,Faridabad,"Sector 11, Faridabad - HSPCB",21-08-2026 10:00:00,28.376058,77.315741,OZONE,16,17,16
India,Haryana,Faridabad,"Sector 30, Faridabad - HSPCB",21-08-2026 10:00:00,28.4417,77.3217,NH3,13,13,13
India,Haryana,Hisar,"Urban Estate-II, Hisar - HSPCB",21-08-2026 10:00:00,29.14056,75.744941,OZONE,68,70,69
India,Haryana,Jind,"Police Lines, Jind - HSPCB",21-08-2026 10:00:00,29.307814,76.337619,PM2.5,48,67,58
India,Haryana,Jind,"Police Lines, Jind - HSPCB",21-08-2026 10:00:00,29.307814,76.337619,NH3,4,6,5
India,Haryana,Jind,"Police Lines, Jind - HSPCB",21-08-2026 10:00:00,29.307814,76.337619,CO,5,8,6
India,Haryana,Kaithal,"Rishi Nagar, Kaithal - HSPCB",21-08-2026 10:00:00,29.8006,76.4155,NO2,20,26,23
India,Haryana,Karnal,"Sector-12, Karnal - HSPCB",21-08-2026 10:00:00,29.6953,77.0027,OZONE,7,13,11
India,Haryana,Kurukshetra,"Sector-7, Kurukshetra - HSPCB",21-08-2026 10:00:00,29.966942,76.875879,SO2,1,14,7
India,Haryana,Manesar,"Sector-2 IMT, Manesar - HSPCB",21-08-2026 10:00:00,28.360699,76.93609,SO2,5,33,11
India,Haryana,Narnaul,"Shastri Nagar, Narnaul - HSPCB",21-08-2026 10:00:00,28.060249,76.113115,PM10,94,125,112
India,Haryana,Narnaul,"Shastri Nagar, Narnaul - HSPCB",21-08-2026 10:00:00,28.060249,76.113115,OZONE,10,44,17
India,Haryana,Palwal,"Shyam Nagar, Palwal - HSPCB",21-08-2026 10:00:00,28.1485564,77.3320667,PM10,94,166,121
India,Haryana,Palwal,"Shyam Nagar, Palwal - HSPCB",21-08-2026 10:00:00,28.1485564,77.3320667,NO2,23,24,24
India,Haryana,Palwal,"Shyam Nagar, Palwal - HSPCB",21-08-2026 10:00:00,28.1485564,77.3320667,NH3,6,6,6
India,Haryana,Palwal,"Shyam Nagar, Palwal - HSPCB",21-08-2026 10:00:00,28.1485564,77.3320667,CO,12,136,86
India,Karnataka,Bengaluru,"Hebbal, Bengaluru - KSPCB",21-08-2026 10:00:00,13.029152,77.585901,CO,30,49,36
India,Karnataka,Chikkamagaluru,"Kalyana Nagara, Chikkamagaluru - KSPCB",21-08-2026 10:00:00,13.328028,75.797056,PM10,31,61,55
India,Karnataka,Dharwad,"Kalabhavan, Dharwad - KSPCB",21-08-2026 10:00:00,15.459706,75.008381,NO2,23,28,25
India,Karnataka,Dharwad,"Kalabhavan, Dharwad - KSPCB",21-08-2026 10:00:00,15.459706,75.008381,NH3,6,7,6
India,Karnataka,Gadag,"Panchal Nagar, Gadag - KSPCB",21-08-2026 10:00:00,15.411456,75.638133,PM10,63,121,103
India,Karnataka,Gadag,"Panchal Nagar, Gadag - KSPCB",21-08-2026 10:00:00,15.411456,75.638133,CO,46,46,46
India,Karnataka,Hubballi,"Lingaraj Nagar, Hubballi - KSPCB",21-08-2026 10:00:00,15.3714823,75.1160168,PM2.5,34,43,38
India,Karnataka,Hubballi,"Lingaraj Nagar, Hubballi - KSPCB",21-08-2026 10:00:00,15.3714823,75.1160168,NH3,1,3,2
India,Karnataka,Kalaburagi,"Lal Bahadur Shastri Nagar, Kalaburagi - KSPCB",21-08-2026 10:00:00,17.321993,76.822628,PM2.5,30,82,49
India,Karnataka,Kalaburagi,"Lal Bahadur Shastri Nagar, Kalaburagi - KSPCB",21-08-2026 10:00:00,17.321993,76.822628,CO,19,21,20
India,Karnataka,Kalaburagi,"Lal Bahadur Shastri Nagar, Kalaburagi - KSPCB",21-08-2026 10:00:00,17.321993,76.822628,OZONE,32,49,40
India,Karnataka,Kalaburagi,"Mahatma Basaveswar Colony, Kalaburgi - KSPCB",21-08-2026 10:00:00,17.336318,76.847397,PM2.5,9,36,22
India,Haryana,Panchgaon,"Amity University, Panchgaon - IITM",21-08-2026 10:00:00,28.3153,76.9143,OZONE,NA,NA,NA
India,Haryana,Panchkula,"Sector-6, Panchkula - HSPCB ",21-08-2026 10:00:00,30.7057778,76.8531805555555,PM2.5,21,77,39
India,Haryana,Panchkula,"Sector-6, Panchkula - HSPCB ",21-08-2026 10:00:00,30.7057778,76.8531805555555,OZONE,34,44,40
India,Haryana,Panipat,"Sector-18, Panipat - HSPCB",21-08-2026 10:00:00,29.432304,76.972765,SO2,35,67,49
India,Haryana,Rohtak,"MD University, Rohtak - HSPCB",21-08-2026 10:00:00,28.52123,76.37138,NO2,8,11,9
India,Haryana,Rohtak,"MD University, Rohtak - HSPCB",21-08-2026 10:00:00,28.52123,76.37138,NH3,NA,NA,NA
India,Haryana,Sonipat,"Murthal, Sonipat - HSPCB",21-08-2026 10:00:00,29.0272,77.0621,NH3,8,9,9
India,Himachal Pradesh,Baddi,"HIMUDA Complex Phase-1, Baddi - HPPCB",21-08-2026 10:00:00,30.943887,76.801991,NH3,3,5,4
India,Himachal Pradesh,Baddi,"HIMUDA Complex Phase-1, Baddi - HPPCB",21-08-2026 10:00:00,30.943887,76.801991,SO2,NA,NA,NA
India,Jammu and Kashmir,Pampore,"Khrew, Pampore - JKPCC",21-08-2026 10:00:00,34.031606,75.009712,PM10,33,62,48
India,Jammu and Kashmir,Srinagar,"Rajbagh, Srinagar - JKPCC",21-08-2026 10:00:00,34.066206,74.81982,NO2,19,20,19
India,Kerala,Thiruvananthapuram,"Kariavattom, Thiruvananthapuram - Kerala PCB",21-08-2026 10:00:00,8.5637,76.8865,SO2,6,8,7
India,Kerala,Thiruvananthapuram,"Kariavattom, Thiruvananthapuram - Kerala PCB",21-08-2026 10:00:00,8.5637,76.8865,OZONE,30,30,30
India,Kerala,Thrissur,"Corporation Ground, Thrissur - Kerala PCB",21-08-2026 10:00:00,10.5324,76.2159,SO2,0,0,0
India,Ladakh,Leh,"Skara Yokma, Leh - LPCC",21-08-2026 10:00:00,34.147096,77.55709,SO2,9,10,10
India,Madhya Pradesh,Bhopal,"Paryavaran Parisar, Bhopal - MPPCB",21-08-2026 10:00:00,23.210494,77.425409,PM2.5,25,50,40
India,Madhya Pradesh,Bhopal,"Paryavaran Parisar, Bhopal - MPPCB",21-08-2026 10:00:00,23.210494,77.425409,OZONE,18,34,22
India,Madhya Pradesh,Damoh,"Shrivastav Colony, Damoh - MPPCB",21-08-2026 10:00:00,23.81748678,79.446246,PM2.5,8,30,20
India,Madhya Pradesh,Dewas,"Bhopal Chauraha, Dewas - MPPCB",21-08-2026 10:00:00,22.9682591,76.064118,NH3,3,3,3
India,Madhya Pradesh,Dewas,"Bhopal Chauraha, Dewas - MPPCB",21-08-2026 10:00:00,22.9682591,76.064118,OZONE,43,136,55
India,Madhya Pradesh,Gwalior,"Maharaj Bada, Gwalior - MPPCB",21-08-2026 10:00:00,26.200388,78.147714,CO,28,56,34
India,Madhya Pradesh,Gwalior,"City Center, Gwalior - MPPCB",21-08-2026 10:00:00,26.203442,78.193251,SO2,6,26,15
India,Madhya Pradesh,Gwalior,"Deen Dayal Nagar, Gwalior - MPPCB",21-08-2026 10:00:00,26.259242,78.216432,NH3,5,7,6
India,Madhya Pradesh,Indore,"Regional Park, Indore - IMC",21-08-2026 10:00:00,22.678,75.8559,SO2,37,41,39
India,Madhya Pradesh,Indore,"Chhoti Gwaltoli, Indore - MPPCB",21-08-2026 10:00:00,22.431,75.5213,NH3,5,6,5
India,Madhya Pradesh,Indore,"Airport Area, Indore - IMC",21-08-2026 10:00:00,22.7289,75.8076,PM10,NA,NA,NA
India,Madhya Pradesh,Indore,"Airport Area, Indore - IMC",21-08-2026 10:00:00,22.7289,75.8076,NO2,14,18,16
India,Madhya Pradesh,Indore,"Airport Area, Indore - IMC",21-08-2026 10:00:00,22.7289,75.8076,SO2,11,14,12
India,Madhya Pradesh,Indore,"Residency Area, Indore - IMC",21-08-2026 10:00:00,22.7084,75.8815,PM2.5,4,54,37
India,Madhya Pradesh,Indore,"Residency Area, Indore - IMC",21-08-2026 10:00:00,22.7084,75.8815,SO2,3,4,3
India,Madhya Pradesh,Indore,"Residency Area, Indore - IMC",21-08-2026 10:00:00,22.7084,75.8815,OZONE,5,6,6
India,Madhya Pradesh,Jabalpur,"Marhatal, Jabalpur - MPPCB",21-08-2026 10:00:00,23.168606,79.932247,NO2,41,48,44
India,Madhya Pradesh,Jabalpur,"Marhatal, Jabalpur - MPPCB",21-08-2026 10:00:00,23.168606,79.932247,NH3,4,5,5
India,Jammu and Kashmir,Srinagar,"Khunmoh, Srinagar - JKPCC",21-08-2026 10:00:00,34.06313,74.96017,PM10,32,102,60
India,Jharkhand,Jorapokhar,"Tata Stadium, Jorapokhar - JSPCB",21-08-2026 10:00:00,23.707909,86.41467,OZONE,5,11,7
India,Karnataka,Bengaluru,"City Railway Station, Bengaluru - KSPCB",21-08-2026 10:00:00,12.9756843,77.5660749,PM2.5,NA,NA,NA
India,Karnataka,Bengaluru,"City Railway Station, Bengaluru - KSPCB",21-08-2026 10:00:00,12.9756843,77.5660749,CO,55,57,56
India,Karnataka,Bengaluru,"City Railway Station, Bengaluru - KSPCB",21-08-2026 10:00:00,12.9756843,77.5660749,OZONE,NA,NA,NA
India,Karnataka,Bengaluru,"Hombegowda Nagar, Bengaluru - KSPCB",21-08-2026 10:00:00,12.938539,77.5901,PM2.5,24,43,34
India,Karnataka,Bengaluru,"Hombegowda Nagar, Bengaluru - KSPCB",21-08-2026 10:00:00,12.938539,77.5901,CO,7,11,9
India,Karnataka,Bengaluru,"Peenya, Bengaluru - CPCB",21-08-2026 10:00:00,13.0270199,77.494094,CO,30,35,33
India,Karnataka,Bengaluru,"Shivapura_Peenya, Bengaluru - KSPCB",21-08-2026 10:00:00,13.0246342,77.5080115,PM10,66,66,66
India,Karnataka,Bengaluru,"Shivapura_Peenya, Bengaluru - KSPCB",21-08-2026 10:00:00,13.0246342,77.5080115,CO,NA,NA,NA
India,Karnataka,Bengaluru,"Shivapura_Peenya, Bengaluru - KSPCB",21-08-2026 10:00:00,13.0246342,77.5080115,OZONE,23,24,23
India,Haryana,Faridabad,"Sector 30, Faridabad - HSPCB",21-08-2026 10:00:00,28.4417,77.3217,OZONE,13,25,20
India,Haryana,Fatehabad,"Huda Sector, Fatehabad - HSPCB",21-08-2026 10:00:00,29.503664,75.467934,NH3,13,14,14
India,Haryana,Gurugram,"Teri Gram, Gurugram - HSPCB",21-08-2026 10:00:00,28.4275,77.1465,PM2.5,86,491,214
India,Haryana,Gurugram,"Teri Gram, Gurugram - HSPCB",21-08-2026 10:00:00,28.4275,77.1465,NO2,30,62,43
India,Haryana,Gurugram,"NISE Gwal Pahari, Gurugram - IITM",21-08-2026 10:00:00,28.422681,77.148944,CO,60,67,64
India,Haryana,Gurugram,"NISE Gwal Pahari, Gurugram - IITM",21-08-2026 10:00:00,28.422681,77.148944,OZONE,8,25,15
India,Haryana,Gurugram,"Sector-51, Gurugram - HSPCB",21-08-2026 10:00:00,28.4227,77.0667,PM10,66,192,114
India,Haryana,Gurugram,"Sector-51, Gurugram - HSPCB",21-08-2026 10:00:00,28.4227,77.0667,NH3,9,22,14
India,Haryana,Gurugram,"Sector-51, Gurugram - HSPCB",21-08-2026 10:00:00,28.4227,77.0667,SO2,6,10,8
India,Haryana,Gurugram,"Vikas Sadan, Gurugram - HSPCB",21-08-2026 10:00:00,28.4501238,77.0263051,NH3,NA,NA,NA
India,Haryana,Hisar,"Urban Estate-II, Hisar - HSPCB",21-08-2026 10:00:00,29.14056,75.744941,NO2,25,29,28
India,Karnataka,Mangalore,"Kadri, Mangalore - KSPCB",21-08-2026 10:00:00,12.88925,74.853,PM10,31,63,49
India,Karnataka,Mangalore,"Kadri, Mangalore - KSPCB",21-08-2026 10:00:00,12.88925,74.853,NH3,0,9,4
India,Karnataka,Mangalore,"Kadri, Mangalore - KSPCB",21-08-2026 10:00:00,12.88925,74.853,CO,NA,NA,NA
India,Karnataka,Mysuru,"Hebbal 1st Stage, Mysuru - KSPCB",21-08-2026 10:00:00,12.21041,76.37376,PM2.5,12,32,19
India,Karnataka,Ramanagara,"Vijay Nagar, Ramanagara - KSPCB",21-08-2026 10:00:00,12.733409,77.298051,NO2,NA,NA,NA
India,Karnataka,Shivamogga,"Vinoba Nagara, Shivamogga - KSPCB",21-08-2026 10:00:00,13.94,75.555917,PM10,42,72,65
India,Karnataka,Shivamogga,"Vinoba Nagara, Shivamogga - KSPCB",21-08-2026 10:00:00,13.94,75.555917,SO2,1,7,5
India,Karnataka,Vijayapura,"Ibrahimpur, Vijayapura - KSPCB",21-08-2026 10:00:00,16.802639,75.722694,NO2,11,12,11
India,Karnataka,Yadgir,"Collector Office, Yadgir - KSPCB",21-08-2026 10:00:00,16.7602,77.1428,SO2,8,17,13
India,Kerala,Eloor,"Udyogamandal, Eloor - Kerala PCB",21-08-2026 10:00:00,10.073232,76.302765,PM10,61,68,64
India,Kerala,Kannur,"Thavakkara, Kannur - Kerala PCB",21-08-2026 10:00:00,11.875,75.3732,NO2,11,13,12
India,Kerala,Thiruvananthapuram,"Plammoodu, Thiruvananthapuram - Kerala PCB",21-08-2026 10:00:00,8.5149093,76.9435879,NO2,3,5,4
India,Kerala,Thiruvananthapuram,"Plammoodu, Thiruvananthapuram - Kerala PCB",21-08-2026 10:00:00,8.5149093,76.9435879,SO2,12,18,16
India,Kerala,Thiruvananthapuram,"Kariavattom, Thiruvananthapuram - Kerala PCB",21-08-2026 10:00:00,8.5637,76.8865,PM2.5,44,51,46
India,Maharashtra,Badlapur,"Katrap, Badlapur - MPCB",21-08-2026 10:00:00,19.16485,73.23409,OZONE,4,4,4
India,Maharashtra,Beed,"Bir, Beed - MPCB",21-08-2026 10:00:00,18.988474,75.753873,PM2.5,15,35,23
India,Maharashtra,Beed,"Bir, Beed - MPCB",21-08-2026 10:00:00,18.988474,75.753873,SO2,5,10,7
India,Maharashtra,Belapur,"CBD Belapur, Belapur - MPCB",21-08-2026 10:00:00,19.0243902,73.0406721,CO,16,27,20
India,Maharashtra,Bhiwandi,"Gokul Nagar, Bhiwandi - MPCB",21-08-2026 10:00:00,19.309073,73.057223,SO2,3,3,3
India,Maharashtra,Boisar,"Khaira, Boisar - MPCB",21-08-2026 10:00:00,19.786089,72.757971,NO2,6,9,7
India,Maharashtra,Boisar,"Khaira, Boisar - MPCB",21-08-2026 10:00:00,19.786089,72.757971,NH3,5,6,5
India,Maharashtra,Chandrapur,"MIDC Khutala, Chandrapur - MPCB",21-08-2026 10:00:00,19.9775302,79.2337086,PM2.5,NA,NA,NA
India,Maharashtra,Chandrapur,"MIDC Khutala, Chandrapur - MPCB",21-08-2026 10:00:00,19.9775302,79.2337086,CO,38,41,40
India,Maharashtra,Chandrapur,"Chauhan Colony, Chandrapur - MPCB",21-08-2026 10:00:00,19.9629,79.298714,PM2.5,37,67,58
India,Maharashtra,Dhule,"Deopur, Dhule - MPCB",21-08-2026 10:00:00,20.918946,74.776388,PM10,32,52,40
India,Maharashtra,Dhule,"Deopur, Dhule - MPCB",21-08-2026 10:00:00,20.918946,74.776388,OZONE,10,12,11
India,Maharashtra,Dombivli,"Kalu Nagar, Dombivli - MPCB",21-08-2026 10:00:00,19.2268427,73.0788456,PM10,13,45,22
India,Maharashtra,Hingoli,"Ashta Vinayak Nagar, Hingoli - MPCB",21-08-2026 10:00:00,19.710842,77.151824,PM2.5,21,52,33
India,Maharashtra,Hingoli,"Ashta Vinayak Nagar, Hingoli - MPCB",21-08-2026 10:00:00,19.710842,77.151824,NO2,5,29,9
India,Maharashtra,Hingoli,"Ashta Vinayak Nagar, Hingoli - MPCB",21-08-2026 10:00:00,19.710842,77.151824,SO2,2,5,3
India,Maharashtra,Hingoli,"Ashta Vinayak Nagar, Hingoli - MPCB",21-08-2026 10:00:00,19.710842,77.151824,OZONE,5,19,11
India,Maharashtra,Jalgaon,"Prabhat Colony, Jalgaon - MPCB",21-08-2026 10:00:00,21.001264,75.565602,NO2,3,8,5
India,Maharashtra,Jalgaon,"Prabhat Colony, Jalgaon - MPCB",21-08-2026 10:00:00,21.001264,75.565602,NH3,1,2,1
India,Maharashtra,Jalgaon,"Prabhat Colony, Jalgaon - MPCB",21-08-2026 10:00:00,21.001264,75.565602,CO,3,11,7
India,Maharashtra,Jalna,"Old MIDC, Jalna - MPCB",21-08-2026 10:00:00,19.854616,75.905894,NO2,NA,NA,NA
India,Maharashtra,Jalna,"Old MIDC, Jalna - MPCB",21-08-2026 10:00:00,19.854616,75.905894,NH3,NA,NA,NA
India,Maharashtra,Kalyan,"Khadakpada, Kalyan - MPCB",21-08-2026 10:00:00,19.25292,73.142019,PM2.5,57,306,138
India,Maharashtra,Kalyan,"Khadakpada, Kalyan - MPCB",21-08-2026 10:00:00,19.25292,73.142019,SO2,NA,NA,NA
India,Maharashtra,Kalyan,"Pimpleshwar Mandir, Kalyan - MPCB",21-08-2026 10:00:00,19.192056,72.9585188,SO2,NA,NA,NA
India,Maharashtra,Kolhapur,"Shivaji University, Kolhapur - MPCB",21-08-2026 10:00:00,16.6870449,74.2505872,CO,3,13,7
India,Maharashtra,Latur,"Sawe Wadi, Latur - MPCB",21-08-2026 10:00:00,18.39963,76.57452,NH3,2,8,3
India,Maharashtra,Latur,"Sawe Wadi, Latur - MPCB",21-08-2026 10:00:00,18.39963,76.57452,SO2,3,6,5
India,Maharashtra,Mahad,"Kamble Tarf Birwadi, Mahad - MPCB",21-08-2026 10:00:00,18.1023399,73.4783687,OZONE,7,7,7
India,Maharashtra,Mumbai,"Navy Nagar-Colaba, Mumbai - IITM",21-08-2026 10:00:00,18.897756,72.81332,NH3,1,2,2
India,Maharashtra,Mumbai,"Navy Nagar-Colaba, Mumbai - IITM",21-08-2026 10:00:00,18.897756,72.81332,CO,15,18,17
India,Maharashtra,Mumbai,"Mulund West, Mumbai - MPCB",21-08-2026 10:00:00,19.175,72.9419,PM2.5,12,29,16
India,Maharashtra,Mumbai,"Chembur, Mumbai - MPCB",21-08-2026 10:00:00,19.0364585,72.8954371,NO2,9,17,15
India,Maharashtra,Mumbai,"Chembur, Mumbai - MPCB",21-08-2026 10:00:00,19.0364585,72.8954371,SO2,1,3,2
India,Maharashtra,Mumbai,"Chembur, Mumbai - MPCB",21-08-2026 10:00:00,19.0364585,72.8954371,CO,34,38,36
India,Maharashtra,Mumbai,"Sewri, Mumbai - BMC",21-08-2026 10:00:00,19.000084,72.85673,PM10,31,36,32
India,Maharashtra,Mumbai,"Sewri, Mumbai - BMC",21-08-2026 10:00:00,19.000084,72.85673,NO2,NA,NA,NA
India,Maharashtra,Mumbai,"Sewri, Mumbai - BMC",21-08-2026 10:00:00,19.000084,72.85673,NH3,2,5,3
India,Maharashtra,Mumbai,"Khindipada-Bhandup West, Mumbai - IITM",21-08-2026 10:00:00,19.1653323,72.922099,NH3,1,1,1
India,Maharashtra,Mumbai,"Khindipada-Bhandup West, Mumbai - IITM",21-08-2026 10:00:00,19.1653323,72.922099,OZONE,13,17,15
India,Maharashtra,Mumbai,"Malad West, Mumbai - IITM",21-08-2026 10:00:00,19.19709,72.82204,NH3,2,4,3
India,Maharashtra,Mumbai,"Malad West, Mumbai - IITM",21-08-2026 10:00:00,19.19709,72.82204,SO2,6,9,8
India,Maharashtra,Mumbai,"Borivali East, Mumbai - IITM",21-08-2026 10:00:00,19.23241,72.86895,SO2,NA,NA,NA
India,Maharashtra,Mumbai,"Mazgaon, Mumbai - IITM",21-08-2026 10:00:00,18.96702,72.84214,NH3,2,3,3
India,Maharashtra,Akola,"Ramdaspeth, Akola - MPCB",21-08-2026 10:00:00,20.719516,77.000253,NO2,15,26,20
India,Maharashtra,Akola,"Ramdaspeth, Akola - MPCB",21-08-2026 10:00:00,20.719516,77.000253,SO2,5,11,10
India,Maharashtra,Akola,"Ramdaspeth, Akola - MPCB",21-08-2026 10:00:00,20.719516,77.000253,CO,13,21,16
India,Maharashtra,Ambernath,"Chinchpada, Ambernath - MPCB",21-08-2026 10:00:00,19.215784,73.199781,PM2.5,20,55,36
India,Maharashtra,Ambernath,"Chinchpada, Ambernath - MPCB",21-08-2026 10:00:00,19.215784,73.199781,NH3,NA,NA,NA
India,Maharashtra,Ambernath,"Chinchpada, Ambernath - MPCB",21-08-2026 10:00:00,19.215784,73.199781,SO2,23,29,26
India,Maharashtra,Amravati,"Shivneri Colony, Amravati - MPCB",21-08-2026 10:00:00,20.9402359,77.7895248,OZONE,8,12,11
India,Maharashtra,Aurangabad,"MIDC Chilkalthana, Aurangabad - MPCB",21-08-2026 10:00:00,19.87562,75.38731,PM2.5,21,29,25
India,Maharashtra,Aurangabad,"Rachnakar Colony, Aurangabad - MPCB",21-08-2026 10:00:00,19.863756,75.321188,PM10,36,66,53
India,Maharashtra,Aurangabad,"Rachnakar Colony, Aurangabad - MPCB",21-08-2026 10:00:00,19.863756,75.321188,NO2,9,18,13
India,Maharashtra,Aurangabad,"Rachnakar Colony, Aurangabad - MPCB",21-08-2026 10:00:00,19.863756,75.321188,OZONE,9,10,9
India,Maharashtra,Aurangabad,"More Chowk Waluj, Aurangabad - MPCB",21-08-2026 10:00:00,19.8389439,75.244448,PM2.5,NA,NA,NA
India,Maharashtra,Aurangabad,"More Chowk Waluj, Aurangabad - MPCB",21-08-2026 10:00:00,19.8389439,75.244448,NH3,7,7,7
India,Maharashtra,Aurangabad,"More Chowk Waluj, Aurangabad - MPCB",21-08-2026 10:00:00,19.8389439,75.244448,CO,20,44,29
India,Madhya Pradesh,Sagar,"Civil Lines, Sagar - MPPCB",21-08-2026 10:00:00,23.838586,78.759431,PM2.5,17,34,23
India,Madhya Pradesh,Sagar,"Civil Lines, Sagar - MPPCB",21-08-2026 10:00:00,23.838586,78.759431,PM10,22,49,32
India,Madhya Pradesh,Satna,"Bandhavgar Colony, Satna - Birla Cement",21-08-2026 10:00:00,24.58434363,80.8549414,OZONE,10,20,14
India,Madhya Pradesh,Singrauli,"Suryakiran Bhawan NCL, Singrauli - MPPCB",21-08-2026 10:00:00,24.10897,82.64558,CO,23,41,34
India,Madhya Pradesh,Ujjain,"Mahashweta Nagar, Ujjain - MPPCB",21-08-2026 10:00:00,23.1633321,75.800225,PM2.5,11,84,48
India,Madhya Pradesh,Ujjain,"Mahashweta Nagar, Ujjain - MPPCB",21-08-2026 10:00:00,23.1633321,75.800225,PM10,39,86,63
India,Madhya Pradesh,Ujjain,"Mahashweta Nagar, Ujjain - MPPCB",21-08-2026 10:00:00,23.1633321,75.800225,NO2,4,15,8
India,Maharashtra,Ahmednagar,"Tarakpur, Ahmednagar - MPCB",21-08-2026 10:00:00,19.10122,74.73339,PM10,24,62,37
India,Maharashtra,Ahmednagar,"Tarakpur, Ahmednagar - MPCB",21-08-2026 10:00:00,19.10122,74.73339,SO2,3,15,9
India,Maharashtra,Ahmednagar,"Tarakpur, Ahmednagar - MPCB",21-08-2026 10:00:00,19.10122,74.73339,OZONE,6,24,14
India,Maharashtra,Malegaon,"Mahesh Nagar, Malegaon - MPCB",21-08-2026 10:00:00,20.555712,74.529236,SO2,2,5,3
India,Maharashtra,Mira-Bhayandar,"Bhayandar West, Mira-Bhayandar - MPCB",21-08-2026 10:00:00,19.296481,72.840923,NO2,4,5,4
India,Maharashtra,Mira-Bhayandar,"Bhayandar West, Mira-Bhayandar - MPCB",21-08-2026 10:00:00,19.296481,72.840923,CO,14,17,15
India,Maharashtra,Mumbai,"Shivaji Nagar, Mumbai - BMC",21-08-2026 10:00:00,19.060498,72.923356,PM10,58,100,76
India,Maharashtra,Mumbai,"Shivaji Nagar, Mumbai - BMC",21-08-2026 10:00:00,19.060498,72.923356,NH3,2,4,3
India,Maharashtra,Mumbai,"Shivaji Nagar, Mumbai - BMC",21-08-2026 10:00:00,19.060498,72.923356,SO2,0,11,5
India,Maharashtra,Mumbai,"Sion, Mumbai - MPCB",21-08-2026 10:00:00,19.047,72.8746,OZONE,NA,NA,NA
India,Maharashtra,Mumbai,"Borivali East, Mumbai - MPCB",21-08-2026 10:00:00,19.2243333,72.8658113,PM10,20,29,24
India,Maharashtra,Mumbai,"Borivali East, Mumbai - MPCB",21-08-2026 10:00:00,19.2243333,72.8658113,NH3,2,2,2
India,Madhya Pradesh,Jabalpur,"Gupteshwar, Jabalpur - JMC",21-08-2026 10:00:00,23.142888,79.916147,SO2,NA,NA,NA
India,Madhya Pradesh,Jabalpur,"Suhagi, Jabalpur - JMC",21-08-2026 10:00:00,23.218135,79.95777,CO,31,38,34
India,Madhya Pradesh,Katni,"Gole Bazar, Katni - MPPCB",21-08-2026 10:00:00,23.50016,80.23284,PM2.5,19,42,30
India,Madhya Pradesh,Katni,"Gole Bazar, Katni - MPPCB",21-08-2026 10:00:00,23.50016,80.23284,NO2,9,19,13
India,Madhya Pradesh,Pithampur,"Sector-2 Industrial Area, Pithampur - MPPCB",21-08-2026 10:00:00,22.624758,75.675238,NH3,7,10,8
India,Madhya Pradesh,Ratlam,"Shasthri Nagar, Ratlam - IPCA Lab",21-08-2026 10:00:00,23.331731,75.045981,NO2,38,53,43
India,Maharashtra,Mumbai,"Bandra Kurla Complex, Mumbai - MPCB",21-08-2026 10:00:00,19.065931,72.862131,CO,19,24,22
India,Maharashtra,Mumbai,"Byculla, Mumbai - BMC",21-08-2026 10:00:00,18.9767,72.838,PM2.5,10,20,14
India,Maharashtra,Mumbai,"Mindspace-Malad West, Mumbai - MPCB",21-08-2026 10:00:00,19.1878657,72.8304069,SO2,4,4,4
India,Maharashtra,Mumbai,"Worli, Mumbai - MPCB",21-08-2026 10:00:00,18.9936162,72.8128113,PM2.5,NA,NA,NA
India,Maharashtra,Mumbai,"Worli, Mumbai - MPCB",21-08-2026 10:00:00,18.9936162,72.8128113,NH3,1,1,1
India,Maharashtra,Mumbai,"Kurla, Mumbai - MPCB",21-08-2026 10:00:00,19.0863,72.8888,NO2,9,9,9
India,Maharashtra,Mumbai,"Kurla, Mumbai - MPCB",21-08-2026 10:00:00,19.0863,72.8888,CO,25,25,25
India,Maharashtra,Mumbai,"Ghatkopar, Mumbai - BMC",21-08-2026 10:00:00,19.083694,72.920967,SO2,NA,NA,NA
India,Maharashtra,Mumbai,"Ghatkopar, Mumbai - BMC",21-08-2026 10:00:00,19.083694,72.920967,OZONE,3,9,5
India,Maharashtra,Ulhasnagar,"Sidhi Vinayak Nagar, Ulhasnagar - MPCB",21-08-2026 10:00:00,19.235581,73.159121,CO,8,13,11
India,Maharashtra,Ulhasnagar,"Sidhi Vinayak Nagar, Ulhasnagar - MPCB",21-08-2026 10:00:00,19.235581,73.159121,OZONE,1,3,2
India,Maharashtra,Ulhasnagar,"Vithalwadi, Ulhasnagar - MPCB",21-08-2026 10:00:00,19.2307571,73.155192,CO,13,17,15
India,Maharashtra,Virar,"Bolinj, Virar - MPCB",21-08-2026 10:00:00,19.445821,72.7988231,PM10,19,47,31
India,Maharashtra,Virar,"Bolinj, Virar - MPCB",21-08-2026 10:00:00,19.445821,72.7988231,CO,5,27,12
India,Meghalaya,Byrnihat,"15th Mile-Nongthymmai, Byrnihat -Meghalaya PCB",21-08-2026 10:00:00,26.079047,91.875185,NO2,2,2,2
India,Meghalaya,Byrnihat,"15th Mile-Nongthymmai, Byrnihat -Meghalaya PCB",21-08-2026 10:00:00,26.079047,91.875185,CO,NA,NA,NA
India,Meghalaya,Shillong,"JN Stadium, Shillong - Meghalaya PCB",21-08-2026 10:00:00,25.5803419,91.8942571,PM2.5,1,37,10
India,Meghalaya,Shillong,"Lumpyngngad, Shillong - Meghalaya PCB",21-08-2026 10:00:00,25.5586,91.8985,NO2,0,1,0
India,Mizoram,Aizawl,"Sikulpuikawn, Aizawl - Mizoram PCB",21-08-2026 10:00:00,23.7176342,92.7192841,PM2.5,NA,NA,NA
India,Mizoram,Aizawl,"Sikulpuikawn, Aizawl - Mizoram PCB",21-08-2026 10:00:00,23.7176342,92.7192841,PM10,4,27,17
India,Nagaland,Kohima,"PWD Junction, Kohima - NPCB",21-08-2026 10:00:00,25.6635413,94.0989878,PM2.5,1,44,19
India,Nagaland,Kohima,"PWD Junction, Kohima - NPCB",21-08-2026 10:00:00,25.6635413,94.0989878,OZONE,NA,NA,NA
India,Odisha,Angul,"Hakimapada, Angul - OSPCB",21-08-2026 10:00:00,20.832874,85.104082,NO2,2,27,11
India,Odisha,Angul,"Hakimapada, Angul - OSPCB",21-08-2026 10:00:00,20.832874,85.104082,SO2,1,9,6
India,Odisha,Balasore,"Kalidaspur, Balasore - OSPCB",21-08-2026 10:00:00,21.51161,86.89088,PM2.5,18,85,44
India,Odisha,Balasore,"Kalidaspur, Balasore - OSPCB",21-08-2026 10:00:00,21.51161,86.89088,PM10,30,93,55
India,Odisha,Barbil,"Forest Office, Barbil - OSPCB",21-08-2026 10:00:00,22.1166054,85.3945546,PM2.5,17,137,59
India,Odisha,Barbil,"Forest Office, Barbil - OSPCB",21-08-2026 10:00:00,22.1166054,85.3945546,OZONE,4,24,14
India,Odisha,Baripada,"Meher Colony, Baripada - OSPCB",21-08-2026 10:00:00,21.941841,86.728318,PM2.5,36,105,58
India,Odisha,Baripada,"Meher Colony, Baripada - OSPCB",21-08-2026 10:00:00,21.941841,86.728318,SO2,6,7,7
India,Odisha,Bhubaneswar,"Lingraj Mandir, Bhubaneswar - OSPCB",21-08-2026 10:00:00,20.24079,85.836784,SO2,8,10,8
India,Odisha,Bhubaneswar,"Lingraj Mandir, Bhubaneswar - OSPCB",21-08-2026 10:00:00,20.24079,85.836784,OZONE,15,16,16
India,Odisha,Bileipada,"Tata Township, Bileipada - OSPCB",21-08-2026 10:00:00,22.06156703,85.47409613,NO2,14,15,14
India,Odisha,Bileipada,"Tata Township, Bileipada - OSPCB",21-08-2026 10:00:00,22.06156703,85.47409613,NH3,5,5,5
India,Odisha,Brajrajnagar,"GM Office, Brajrajnagar - OSPCB",21-08-2026 10:00:00,21.8004996,83.8396977,PM10,10,109,30
India,Odisha,Byasanagar,"Ferro Chrome Colony, Byasanagar - OSPCB",21-08-2026 10:00:00,20.94185,86.1151,NH3,1,2,1
India,Odisha,Byasanagar,"Ferro Chrome Colony, Byasanagar - OSPCB",21-08-2026 10:00:00,20.94185,86.1151,CO,35,52,42
India,Odisha,Byasanagar,"Ferro Chrome Colony, Byasanagar - OSPCB",21-08-2026 10:00:00,20.94185,86.1151,OZONE,6,45,16
India,Odisha,Cuttack,"CDA Area, Cuttack - OSPCB",21-08-2026 10:00:00,20.48891,85.84768,PM10,28,139,64
India,Odisha,Cuttack,"CDA Area, Cuttack - OSPCB",21-08-2026 10:00:00,20.48891,85.84768,NH3,6,13,8
India,Odisha,Cuttack,"CDA Area, Cuttack - OSPCB",21-08-2026 10:00:00,20.48891,85.84768,SO2,7,41,11
India,Odisha,Rairangpur,"Divisional Forest Office, Rairangpur - OSPCB",21-08-2026 10:00:00,22.265816,86.174829,SO2,5,14,8
India,Odisha,Rourkela,"Sector-2, Rourkela - OSPCB",21-08-2026 10:00:00,22.245,84.88111111,PM10,32,32,32
India,Maharashtra,Mumbai,"Chhatrapati Shivaji Intl. Airport (T2), Mumbai - MPCB",21-08-2026 10:00:00,19.10078,72.87462,OZONE,NA,NA,NA
India,Maharashtra,Nagpur,"Mahal, Nagpur - MPCB",21-08-2026 10:00:00,21.14472,79.107595,CO,9,26,15
India,Maharashtra,Nagpur,"Ram Nagar, Nagpur - MPCB",21-08-2026 10:00:00,21.143383,79.048912,NO2,4,8,6
India,Maharashtra,Nagpur,"Ram Nagar, Nagpur - MPCB",21-08-2026 10:00:00,21.143383,79.048912,CO,5,7,6
India,Maharashtra,Nagpur,"Opp GPO Civil Lines, Nagpur - MPCB",21-08-2026 10:00:00,21.152875,79.0517531,CO,6,24,17
India,Maharashtra,Nagpur,"Ambazari, Nagpur - MPCB",21-08-2026 10:00:00,21.121801,79.04952,PM10,48,68,56
India,Maharashtra,Nagpur,"Ambazari, Nagpur - MPCB",21-08-2026 10:00:00,21.121801,79.04952,CO,8,18,14
India,Maharashtra,Nanded,"Sneh Nagar, Nanded - MPCB",21-08-2026 10:00:00,19.173852,77.296291,SO2,11,12,12
India,Maharashtra,Nashik,"Gangapur Road, Nashik - MPCB",21-08-2026 10:00:00,20.0073285,73.7762427,PM2.5,10,29,18
India,Maharashtra,Nashik,"Gangapur Road, Nashik - MPCB",21-08-2026 10:00:00,20.0073285,73.7762427,NO2,5,5,5
India,Maharashtra,Nashik,"Pandav Nagari, Nashik - MPCB",21-08-2026 10:00:00,19.9591346,73.7788008,PM2.5,6,35,17
India,Maharashtra,Nashik,"Pandav Nagari, Nashik - MPCB",21-08-2026 10:00:00,19.9591346,73.7788008,SO2,3,8,5
India,Maharashtra,Nashik,"Hirawadi, Nashik - MPCB",21-08-2026 10:00:00,20.021503,73.813844,NH3,2,3,3
India,Maharashtra,Nashik,"MIDC Ambad, Nashik - MPCB",21-08-2026 10:00:00,19.95022,73.73148,PM10,23,83,45
India,Maharashtra,Nashik,"MIDC Ambad, Nashik - MPCB",21-08-2026 10:00:00,19.95022,73.73148,NO2,4,7,5
India,Maharashtra,Nashik,"MIDC Ambad, Nashik - MPCB",21-08-2026 10:00:00,19.95022,73.73148,NH3,2,3,2
India,Maharashtra,Navi Mumbai,"Kopripada-Vashi, Navi Mumbai - MPCB",21-08-2026 10:00:00,19.090337,73.014232,OZONE,1,4,3
India,Maharashtra,Navi Mumbai,"Tondare-Taloja, Navi Mumbai - MPCB",21-08-2026 10:00:00,19.063,73.1209,NO2,8,15,12
India,Maharashtra,Navi Mumbai,"Tondare-Taloja, Navi Mumbai - MPCB",21-08-2026 10:00:00,19.063,73.1209,SO2,0,6,4
India,Maharashtra,Navi Mumbai,"Tondare-Taloja, Navi Mumbai - MPCB",21-08-2026 10:00:00,19.063,73.1209,OZONE,10,11,11
India,Maharashtra,Navi Mumbai,"Sanpada, Navi Mumbai - MPCB",21-08-2026 10:00:00,19.0575752,73.0151367,NH3,4,13,5
India,Maharashtra,Navi Mumbai,"Sanpada, Navi Mumbai - MPCB",21-08-2026 10:00:00,19.0575752,73.0151367,SO2,11,13,12
India,Maharashtra,Navi Mumbai,"Sector-2E Kalamboli, Navi Mumbai - MPCB",21-08-2026 10:00:00,19.02579,73.10297,PM2.5,22,33,27
India,Maharashtra,Navi Mumbai,"Mahape, Navi Mumbai - MPCB",21-08-2026 10:00:00,19.1135051,73.008978,NO2,42,44,43
India,Maharashtra,Navi Mumbai,"Nerul, Navi Mumbai - MPCB",21-08-2026 10:00:00,19.008751,73.01662,PM10,22,40,31
India,Maharashtra,Parbhani,"Masoom Colony, Parbhani - MPCB",21-08-2026 10:00:00,19.265594,76.761463,NH3,NA,NA,NA
India,Maharashtra,Pimpri-Chinchwad,"Gavalinagar, Pimpri Chinchwad - MPCB",21-08-2026 10:00:00,18.63673,73.82487,PM2.5,24,39,31
India,Maharashtra,Pimpri-Chinchwad,"Bhosari, Pune - IITM",21-08-2026 10:00:00,18.640051,73.848956,PM10,46,112,75
India,Maharashtra,Pune,"Revenue Colony-Shivajinagar, Pune - IITM",21-08-2026 10:00:00,18.530085,73.849598,CO,78,78,78
India,Maharashtra,Pune,"Revenue Colony-Shivajinagar, Pune - IITM",21-08-2026 10:00:00,18.530085,73.849598,OZONE,11,11,11
India,Maharashtra,Pune,"Mhada Colony, Pune - IITM",21-08-2026 10:00:00,18.57304,73.927715,PM2.5,21,43,36
India,Maharashtra,Pune,"Mhada Colony, Pune - IITM",21-08-2026 10:00:00,18.57304,73.927715,PM10,62,109,86
India,Maharashtra,Pune,"Dhankawadi, Pune - IITM",21-08-2026 10:00:00,18.459883,73.852193,PM10,35,76,55
India,Maharashtra,Pune,"Panchawati_Pashan, Pune - IITM",21-08-2026 10:00:00,18.536457,73.805454,PM10,39,65,54
India,Maharashtra,Pune,"Panchawati_Pashan, Pune - IITM",21-08-2026 10:00:00,18.536457,73.805454,OZONE,2,6,3
India,Maharashtra,Pune,"Savitribai Phule Pune University, Pune - MPCB",21-08-2026 10:00:00,18.547056,73.826908,PM10,31,51,42
India,Maharashtra,Pune,"Savitribai Phule Pune University, Pune - MPCB",21-08-2026 10:00:00,18.547056,73.826908,SO2,3,4,4
India,Maharashtra,Sangli,"Vijay Nagar, Sangli - MPCB",21-08-2026 10:00:00,16.5038,74.3623,SO2,3,9,6
India,Maharashtra,Solapur,"Dnyaneshwar Nagar, Solapur - MPCB",21-08-2026 10:00:00,17.6336264,75.9132495,PM10,23,57,41
India,Maharashtra,Solapur,"Dnyaneshwar Nagar, Solapur - MPCB",21-08-2026 10:00:00,17.6336264,75.9132495,OZONE,5,10,7
India,Maharashtra,Solapur,"Ratandeep Housing Society, Solapur - MPCB",21-08-2026 10:00:00,17.65439,75.90649,NO2,9,40,22
India,Punjab,Jalandhar,"Civil Line, Jalandhar - PPCB",21-08-2026 10:00:00,31.321907,75.578914,CO,40,44,42
India,Punjab,Ludhiana,"Punjab Agricultural University, Ludhiana - PPCB",21-08-2026 10:00:00,30.9028,75.8086,NH3,4,7,6
India,Punjab,Ludhiana,"Punjab Agricultural University, Ludhiana - PPCB",21-08-2026 10:00:00,30.9028,75.8086,SO2,9,14,11
India,Punjab,Mandi Gobindgarh,"RIMT University, Mandi Gobindgarh - PPCB",21-08-2026 10:00:00,30.649961,76.331442,NH3,5,5,5
India,Punjab,Patiala,"Model Town, Patiala - PPCB",21-08-2026 10:00:00,30.349388,76.366642,NH3,2,9,5
India,Punjab,Patiala,"Model Town, Patiala - PPCB",21-08-2026 10:00:00,30.349388,76.366642,CO,29,42,33
India,Rajasthan,Ajmer,"Civil Lines,  Ajmer - RSPCB",21-08-2026 10:00:00,26.470859,74.646594,NO2,17,19,18
India,Odisha,Rourkela,"Fertilizer Township, Rourkela - OSPCB",21-08-2026 10:00:00,22.18972222,84.86277778,PM2.5,21,45,29
India,Odisha,Talcher,"Talcher Coalfields,Talcher - OSPCB",21-08-2026 10:00:00,20.9360711,85.1707021,PM10,44,159,102
India,Odisha,Talcher,"Talcher Coalfields,Talcher - OSPCB",21-08-2026 10:00:00,20.9360711,85.1707021,NO2,57,101,82
India,Odisha,Talcher,"Talcher Coalfields,Talcher - OSPCB",21-08-2026 10:00:00,20.9360711,85.1707021,CO,22,26,25
India,Odisha,Tensa,"Barsua Iron Ore Mines, Tensa - OSPCB",21-08-2026 10:00:00,21.869985,85.167016,PM10,17,45,29
India,Odisha,Tensa,"Barsua Iron Ore Mines, Tensa - OSPCB",21-08-2026 10:00:00,21.869985,85.167016,OZONE,45,46,46
India,Punjab,Amritsar,"Golden Temple, Amritsar - PPCB",21-08-2026 10:00:00,31.62,74.876512,PM10,61,107,73
India,Maharashtra,Pimpri-Chinchwad,"Thergaon, Pimpri Chinchwad - MPCB",21-08-2026 10:00:00,18.616318,73.765797,PM2.5,6,43,22
India,Maharashtra,Pimpri-Chinchwad,"Park Street Wakad, Pimpri Chinchwad - MPCB",21-08-2026 10:00:00,18.59051,73.77946,NH3,NA,NA,NA
India,Maharashtra,Pune,"Katraj Dairy, Pune - MPCB",21-08-2026 10:00:00,18.45445,73.854155,CO,25,46,36
India,Maharashtra,Pune,"Revenue Colony-Shivajinagar, Pune - IITM",21-08-2026 10:00:00,18.530085,73.849598,NH3,NA,NA,NA
India,Maharashtra,Pune,"Revenue Colony-Shivajinagar, Pune - IITM",21-08-2026 10:00:00,18.530085,73.849598,SO2,NA,NA,NA
India,Rajasthan,Alwar,"Moti Doongri, Alwar - RSPCB",21-08-2026 10:00:00,27.554793,76.611536,PM10,91,136,105
India,Rajasthan,Alwar,"Moti Doongri, Alwar - RSPCB",21-08-2026 10:00:00,27.554793,76.611536,NO2,16,91,40
India,Rajasthan,Alwar,"Moti Doongri, Alwar - RSPCB",21-08-2026 10:00:00,27.554793,76.611536,OZONE,7,15,10
India,Rajasthan,Alwar,"Vigyan Nagar, Alwar - RSPCB",21-08-2026 10:00:00,27.598796,76.63861,NH3,10,15,12
India,Tamil Nadu,Chennai,"Arumbakkam, Chennai - TNPCB",21-08-2026 10:00:00,13.0664,80.2112,NO2,10,28,19
India,Tamil Nadu,Chennai,"Arumbakkam, Chennai - TNPCB",21-08-2026 10:00:00,13.0664,80.2112,SO2,0,3,2
India,Tamil Nadu,Chennai,"Velachery Res. Area, Chennai - CPCB",21-08-2026 10:00:00,13.0052189,80.2398125,SO2,6,7,6
India,Tamil Nadu,Chennai,"Perungudi, Chennai - TNPCB",21-08-2026 10:00:00,12.9533,80.2357,PM10,13,363,87
India,Tamil Nadu,Chennai,"Perungudi, Chennai - TNPCB",21-08-2026 10:00:00,12.9533,80.2357,NO2,5,11,8
India,Tamil Nadu,Chennai,"Manali Village, Chennai - TNPCB",21-08-2026 10:00:00,13.1662,80.2584,PM10,21,67,43
India,Tamil Nadu,Chennai,"Manali Village, Chennai - TNPCB",21-08-2026 10:00:00,13.1662,80.2584,NO2,18,23,19
India,Tamil Nadu,Chennai,"Manali Village, Chennai - TNPCB",21-08-2026 10:00:00,13.1662,80.2584,SO2,14,18,16
India,Tamil Nadu,Chennai,"Manali, Chennai - CPCB",21-08-2026 10:00:00,13.164544,80.26285,NO2,9,11,10
India,Tamil Nadu,Chennai,"Manali, Chennai - CPCB",21-08-2026 10:00:00,13.164544,80.26285,CO,11,45,20
India,Tamil Nadu,Chennai,"Royapuram, Chennai - TNPCB",21-08-2026 10:00:00,13.1036,80.2909,PM10,35,124,61
India,Tamil Nadu,Chennai,"Royapuram, Chennai - TNPCB",21-08-2026 10:00:00,13.1036,80.2909,NO2,11,15,13
India,Tamil Nadu,Chennai,"Royapuram, Chennai - TNPCB",21-08-2026 10:00:00,13.1036,80.2909,CO,25,45,32
India,Tamil Nadu,Chennai,"Royapuram, Chennai - TNPCB",21-08-2026 10:00:00,13.1036,80.2909,OZONE,16,27,20
India,Tamil Nadu,Coimbatore,"SIDCO Kurichi, Coimbatore - TNPCB",21-08-2026 10:00:00,10.942451,76.978996,NO2,22,22,22
India,Tamil Nadu,Coimbatore,"SIDCO Kurichi, Coimbatore - TNPCB",21-08-2026 10:00:00,10.942451,76.978996,SO2,27,29,28
India,Tamil Nadu,Cuddalore,"Kudikadu, Cuddalore - TNPCB",21-08-2026 10:00:00,11.6829898,79.7532099,PM2.5,6,48,19
India,Tamil Nadu,Cuddalore,"Semmandalam, Cuddalore - TNPCB",21-08-2026 10:00:00,11.7637683,79.7499835,PM10,NA,NA,NA
India,Rajasthan,Jhalawar,"Rajlaxmi Nagar, Jhalawar - RSPCB",21-08-2026 10:00:00,24.588397,76.172782,NO2,19,29,24
India,Rajasthan,Jhalawar,"Rajlaxmi Nagar, Jhalawar - RSPCB",21-08-2026 10:00:00,24.588397,76.172782,NH3,4,5,5
India,Rajasthan,Jhalawar,"Rajlaxmi Nagar, Jhalawar - RSPCB",21-08-2026 10:00:00,24.588397,76.172782,CO,7,18,12
India,Rajasthan,Jhunjhunu,"Indra Nagar, Jhunjhunu - RSPCB",21-08-2026 10:00:00,28.108988,75.386577,SO2,4,5,5
India,Rajasthan,Jhunjhunu,"Indra Nagar, Jhunjhunu - RSPCB",21-08-2026 10:00:00,28.108988,75.386577,CO,25,52,32
India,Rajasthan,Jodhpur,"Jhalamand, Jodhpur - RSPCB",21-08-2026 10:00:00,26.215415,73.070156,NO2,3,16,7
India,Rajasthan,Jodhpur,"Collectorate, Jodhpur - RSPCB",21-08-2026 10:00:00,26.268249,73.0193853,PM2.5,32,76,54
India,Rajasthan,Jodhpur,"Collectorate, Jodhpur - RSPCB",21-08-2026 10:00:00,26.268249,73.0193853,PM10,47,116,85
India,Rajasthan,Jodhpur,"Collectorate, Jodhpur - RSPCB",21-08-2026 10:00:00,26.268249,73.0193853,CO,8,48,22
India,Rajasthan,Jodhpur,"Samrat Ashok Udhyan, Jodhpur - RSPCB",21-08-2026 10:00:00,26.253384,72.976571,PM10,60,98,76
India,Rajasthan,Jodhpur,"Samrat Ashok Udhyan, Jodhpur - RSPCB",21-08-2026 10:00:00,26.253384,72.976571,SO2,2,8,3
India,Rajasthan,Karauli,"Satyawati Vihar, Karauli - RSPCB",21-08-2026 10:00:00,26.506177,77.025989,PM10,43,81,58
India,Rajasthan,Karauli,"Satyawati Vihar, Karauli - RSPCB",21-08-2026 10:00:00,26.506177,77.025989,CO,5,13,8
India,Rajasthan,Khairthal,"New Anaj Mandi, Khairthal - RSPCB",21-08-2026 10:00:00,27.8015617,76.6365217,PM2.5,50,192,92
India,Rajasthan,Kota,"Shrinath Puram, Kota - RSPCB",21-08-2026 10:00:00,25.14389,75.821256,NO2,2,19,8
India,Rajasthan,Nagaur,"Karni Colony, Nagaur - RSPCB",21-08-2026 10:00:00,27.213494,73.734444,CO,14,22,18
India,Rajasthan,Pratapgarh,"Pragati Nagar, Pratapgarh - RSPCB",21-08-2026 10:00:00,24.041198,74.780702,PM2.5,32,68,52
India,Rajasthan,Pratapgarh,"Pragati Nagar, Pratapgarh - RSPCB",21-08-2026 10:00:00,24.041198,74.780702,PM10,62,108,87
India,Rajasthan,Pratapgarh,"Pragati Nagar, Pratapgarh - RSPCB",21-08-2026 10:00:00,24.041198,74.780702,NO2,6,13,9
India,Rajasthan,Pratapgarh,"Pragati Nagar, Pratapgarh - RSPCB",21-08-2026 10:00:00,24.041198,74.780702,SO2,1,4,1
India,Rajasthan,Rajsamand,"Dhoinda, Rajsamand - RSPCB",21-08-2026 10:00:00,25.03636,73.883502,NH3,10,36,12
India,Rajasthan,Sawai Madhopur,"Sahu Nagar, Sawai Madhopur - RSPCB",21-08-2026 10:00:00,26.031443,76.359327,SO2,0,9,5
India,Rajasthan,Sikar,"Radhakishan Pura, Sikar - RSPCB",21-08-2026 10:00:00,27.608912,75.153302,CO,13,17,15
India,Rajasthan,Sirohi,"Vedhaynath Colony, Sirohi - RSPCB",21-08-2026 10:00:00,24.885261,72.857549,SO2,3,5,5
India,Rajasthan,Banswara,"Rati Talai, Banswara - RSPCB",21-08-2026 10:00:00,23.55519,74.44001,PM2.5,25,35,29
India,Rajasthan,Baran,"Bamboliya, Baran - RSPCB",21-08-2026 10:00:00,25.106006,76.469948,PM2.5,10,35,21
India,Rajasthan,Baran,"Bamboliya, Baran - RSPCB",21-08-2026 10:00:00,25.106006,76.469948,PM10,27,88,53
India,Rajasthan,Baran,"Bamboliya, Baran - RSPCB",21-08-2026 10:00:00,25.106006,76.469948,NH3,3,5,4
India,Rajasthan,Baran,"Bamboliya, Baran - RSPCB",21-08-2026 10:00:00,25.106006,76.469948,CO,46,50,48
India,Rajasthan,Baran,"Bamboliya, Baran - RSPCB",21-08-2026 10:00:00,25.106006,76.469948,OZONE,12,27,17
India,Rajasthan,Barmer,"Railway Colony, Barmer - RSPCB",21-08-2026 10:00:00,25.747299,71.393989,PM2.5,10,42,21
India,Rajasthan,Barmer,"Railway Colony, Barmer - RSPCB",21-08-2026 10:00:00,25.747299,71.393989,PM10,35,90,67
India,Rajasthan,Barmer,"Railway Colony, Barmer - RSPCB",21-08-2026 10:00:00,25.747299,71.393989,NO2,2,16,7
India,Rajasthan,Bhilwara,"Pratap Nagar, Bhilwara - RSPCB",21-08-2026 10:00:00,25.339605,74.618883,NO2,10,18,15
India,Rajasthan,Bhilwara,"Pratap Nagar, Bhilwara - RSPCB",21-08-2026 10:00:00,25.339605,74.618883,OZONE,39,39,39
India,Telangana,Hyderabad,"New Malakpet, Hyderabad - TSPCB",21-08-2026 10:00:00,17.37206,78.50864,PM2.5,30,54,37
India,Telangana,Hyderabad,"New Malakpet, Hyderabad - TSPCB",21-08-2026 10:00:00,17.37206,78.50864,NH3,2,3,3
India,Telangana,Hyderabad,"Kokapet, Hyderabad - TSPCB",21-08-2026 10:00:00,17.393559,78.339194,PM2.5,30,49,37
India,Telangana,Hyderabad,"Kokapet, Hyderabad - TSPCB",21-08-2026 10:00:00,17.393559,78.339194,SO2,6,10,7
India,Telangana,Hyderabad,"Kokapet, Hyderabad - TSPCB",21-08-2026 10:00:00,17.393559,78.339194,CO,16,18,17
India,Telangana,Hyderabad,"ECIL Kapra, Hyderabad - TSPCB",21-08-2026 10:00:00,17.470431,78.566959,PM10,46,84,59
India,Telangana,Hyderabad,"ECIL Kapra, Hyderabad - TSPCB",21-08-2026 10:00:00,17.470431,78.566959,NO2,7,17,12
India,Telangana,Hyderabad,"Kompally Municipal Office, Hyderabad - TSPCB",21-08-2026 10:00:00,17.544899,78.486949,NO2,15,17,17
India,Telangana,Hyderabad,"Kompally Municipal Office, Hyderabad - TSPCB",21-08-2026 10:00:00,17.544899,78.486949,OZONE,9,10,10
India,Telangana,Hyderabad,"Somajiguda, Hyderabad - TSPCB",21-08-2026 10:00:00,17.417094,78.457437,PM2.5,43,52,47
India,Rajasthan,Jaipur,"Mansarovar Sector-12, Jaipur - RSPCB",21-08-2026 10:00:00,26.843698,75.766894,CO,12,28,18
India,Rajasthan,Jaipur,"Mansarovar Sector-12, Jaipur - RSPCB",21-08-2026 10:00:00,26.843698,75.766894,OZONE,15,37,29
India,Rajasthan,Jaipur,"Sector-2 Murlipura, Jaipur - RSPCB",21-08-2026 10:00:00,26.960669,75.771817,PM2.5,6,66,47
India,Rajasthan,Jaipur,"Police Commissionerate, Jaipur - RSPCB",21-08-2026 10:00:00,26.9164092,75.7994901,CO,21,61,38
India,Rajasthan,Jaipur,"Shastri Nagar, Jaipur - RSPCB",21-08-2026 10:00:00,26.9502929,75.730943,OZONE,18,22,20
India,Rajasthan,Jaipur,"Adarsh Nagar, Jaipur - RSPCB",21-08-2026 10:00:00,26.902909,75.836858,NO2,8,30,15
India,Rajasthan,Jalore,"Mudtra Sili, Jalore - RSPCB",21-08-2026 10:00:00,25.344694,72.626208,PM2.5,20,33,26
India,Rajasthan,Jalore,"Mudtra Sili, Jalore - RSPCB",21-08-2026 10:00:00,25.344694,72.626208,PM10,57,109,69
India,Rajasthan,Sri Ganganagar,"Old City, Sri Ganganagar - RSPCB",21-08-2026 10:00:00,29.931624,73.864511,NO2,18,51,31
India,Rajasthan,Tonk,"Shastri Nagar, Tonk - RSPCB",21-08-2026 10:00:00,26.159933,75.780517,PM2.5,33,78,49
India,Rajasthan,Tonk,"Shastri Nagar, Tonk - RSPCB",21-08-2026 10:00:00,26.159933,75.780517,NO2,5,36,15
India,Rajasthan,Udaipur,"Ashok Nagar, Udaipur - RSPCB",21-08-2026 10:00:00,24.5886166,73.6321397,CO,9,36,18
India,Tamil Nadu,Chennai,"Kodungaiyur, Chennai - TNPCB",21-08-2026 10:00:00,13.1278,80.2642,PM2.5,16,57,35
India,Rajasthan,Bikaner,"MM Ground, Bikaner - RSPCB",21-08-2026 10:00:00,28.018792,73.292658,SO2,NA,NA,NA
India,Rajasthan,Bundi,"New Colony, Bundi - RSPCB",21-08-2026 10:00:00,25.435774,75.644272,PM2.5,3,65,24
India,Rajasthan,Bundi,"New Colony, Bundi - RSPCB",21-08-2026 10:00:00,25.435774,75.644272,SO2,5,12,7
India,Rajasthan,Dholpur,"Raja Ganj, Dholpur - RSPCB",21-08-2026 10:00:00,26.699557,77.898881,PM10,15,63,39
India,Rajasthan,Dungarpur,"Bhoiwada, Dungarpur - RSPCB",21-08-2026 10:00:00,23.837789,73.714926,CO,8,21,12
India,Tamil Nadu,Thoothukudi,"Meelavittan, Thoothukudi - TNPCB",21-08-2026 10:00:00,8.816428,78.099039,NH3,NA,NA,NA
India,Tamil Nadu,Thoothukudi,"Meelavittan, Thoothukudi - TNPCB",21-08-2026 10:00:00,8.816428,78.099039,CO,18,41,33
India,Telangana,Hyderabad,"Central University, Hyderabad - TSPCB",21-08-2026 10:00:00,17.460103,78.334361,OZONE,10,14,11
India,Uttar Pradesh,Ghaziabad,"Vasundhara, Ghaziabad - UPPCB",21-08-2026 10:00:00,28.6603346,77.3572563,PM10,86,168,132
India,Uttar Pradesh,Ghaziabad,"Vasundhara, Ghaziabad - UPPCB",21-08-2026 10:00:00,28.6603346,77.3572563,CO,21,36,30
India,Uttar Pradesh,Ghaziabad,"Wave City, Ghaziabad - UPPCB",21-08-2026 10:00:00,28.646675,77.489049,PM2.5,NA,NA,NA
India,Uttar Pradesh,Ghaziabad,"Wave City, Ghaziabad - UPPCB",21-08-2026 10:00:00,28.646675,77.489049,NH3,NA,NA,NA
India,Uttar Pradesh,Ghaziabad,"Loni, Ghaziabad - UPPCB",21-08-2026 10:00:00,28.757294,77.278792,PM10,114,238,149
India,Uttar Pradesh,Ghaziabad,"Govindpuram, Ghaziabad - UPPCB",21-08-2026 10:00:00,28.694528,77.494705,PM2.5,46,122,79
India,Uttar Pradesh,Ghaziabad,"Govindpuram, Ghaziabad - UPPCB",21-08-2026 10:00:00,28.694528,77.494705,NO2,42,64,51
India,Uttar Pradesh,Ghaziabad,"Govindpuram, Ghaziabad - UPPCB",21-08-2026 10:00:00,28.694528,77.494705,OZONE,2,18,7
India,Uttar Pradesh,Gorakhpur,"Madan Mohan Malaviya University of Technology, Gorakhpur - UPPCB",21-08-2026 10:00:00,26.730136,83.433859,NO2,11,11,11
India,Uttar Pradesh,Gorakhpur,"Madan Mohan Malaviya University of Technology, Gorakhpur - UPPCB",21-08-2026 10:00:00,26.730136,83.433859,NH3,1,1,1
India,Uttar Pradesh,Gorakhpur,"Madan Mohan Malaviya University of Technology, Gorakhpur - UPPCB",21-08-2026 10:00:00,26.730136,83.433859,OZONE,9,10,9
India,Uttar Pradesh,Greater Noida,"Knowledge Park - V, Greater Noida - UPPCB",21-08-2026 10:00:00,28.557054,77.453663,PM2.5,28,119,70
India,Uttar Pradesh,Greater Noida,"Knowledge Park - V, Greater Noida - UPPCB",21-08-2026 10:00:00,28.557054,77.453663,PM10,114,332,170
India,Uttar Pradesh,Greater Noida,"Knowledge Park - V, Greater Noida - UPPCB",21-08-2026 10:00:00,28.557054,77.453663,NH3,5,11,8
India,Uttar Pradesh,Greater Noida,"Knowledge Park - V, Greater Noida - UPPCB",21-08-2026 10:00:00,28.557054,77.453663,CO,4,25,15
India,Uttar Pradesh,Greater Noida,"Knowledge Park - III, Greater Noida - UPPCB",21-08-2026 10:00:00,28.47272,77.482,SO2,3,11,8
India,Uttar Pradesh,Hapur,"Anand Vihar, Hapur - UPPCB",21-08-2026 10:00:00,28.725645,77.749675,NO2,8,301,96
India,Uttar Pradesh,Jhansi,"Shivaji Nagar, Jhansi - UPPCB",21-08-2026 10:00:00,25.4547,78.6039,PM2.5,25,46,37
India,Uttar Pradesh,Jhansi,"Shivaji Nagar, Jhansi - UPPCB",21-08-2026 10:00:00,25.4547,78.6039,NH3,3,4,4
India,Uttar Pradesh,Kanpur,"FTI Kidwai Nagar, Kanpur - UPPCB",21-08-2026 10:00:00,26.428282,80.327067,PM2.5,12,124,46
India,Uttar Pradesh,Kanpur,"FTI Kidwai Nagar, Kanpur - UPPCB",21-08-2026 10:00:00,26.428282,80.327067,PM10,14,123,54
India,Uttar Pradesh,Kanpur,"Nehru Nagar, Kanpur - UPPCB",21-08-2026 10:00:00,26.4703136,80.3229863,PM10,42,103,56
India,Uttar Pradesh,Khora,"Prashant Garden, Khora - UPPCB",21-08-2026 10:00:00,28.61119,77.34206,NH3,4,6,6
India,Uttar Pradesh,Khurja,"Kalindi Kunj, Khurja - UPPCB",21-08-2026 10:00:00,28.2348927,77.8683002,NH3,1,1,1
India,Uttar Pradesh,Khurja,"Kalindi Kunj, Khurja - UPPCB",21-08-2026 10:00:00,28.2348927,77.8683002,SO2,10,11,10
India,Uttar Pradesh,Lucknow,"Talkatora District Industries Center, Lucknow - CPCB",21-08-2026 10:00:00,26.83399722,80.8917361,SO2,0,61,12
India,Uttar Pradesh,Lucknow,"Kendriya Vidyalaya, Lucknow - CPCB",21-08-2026 10:00:00,26.906111,80.948222,NO2,19,25,21
India,Uttar Pradesh,Lucknow,"Kendriya Vidyalaya, Lucknow - CPCB",21-08-2026 10:00:00,26.906111,80.948222,NH3,9,16,12
India,Uttar Pradesh,Lucknow,"Gomti Nagar, Lucknow - UPPCB",21-08-2026 10:00:00,26.86812,81.005119,OZONE,39,44,41
India,Uttar Pradesh,Lucknow,"B R Ambedkar University, Lucknow - UPPCB",21-08-2026 10:00:00,26.766433,80.927299,NO2,11,12,12
India,Uttar Pradesh,Lucknow,"B R Ambedkar University, Lucknow - UPPCB",21-08-2026 10:00:00,26.766433,80.927299,SO2,34,44,37
India,Uttar Pradesh,Lucknow,"Lalbagh, Lucknow - CPCB",21-08-2026 10:00:00,26.8458805,80.9365541,CO,17,43,27
India,Uttar Pradesh,Lucknow,"Kukrail Picnic Spot-1, Lucknow - UPPCB",21-08-2026 10:00:00,26.90723,80.98579,NO2,31,32,32
India,Uttar Pradesh,Lucknow,"Kukrail Picnic Spot-1, Lucknow - UPPCB",21-08-2026 10:00:00,26.90723,80.98579,OZONE,10,10,10
India,Uttar Pradesh,Mathura,"Pali Dungra, Mathura - UPPCB",21-08-2026 10:00:00,27.410954,77.550619,PM10,50,106,79
India,Uttar Pradesh,Mathura,"Pali Dungra, Mathura - UPPCB",21-08-2026 10:00:00,27.410954,77.550619,SO2,3,7,5
India,Uttar Pradesh,Prayagraj,"Jhunsi, Prayagraj - UPPCB",21-08-2026 10:00:00,25.425602,81.917152,NH3,5,6,6
India,Uttar Pradesh,Prayagraj,"Jhunsi, Prayagraj - UPPCB",21-08-2026 10:00:00,25.425602,81.917152,CO,17,43,25
India,Uttar Pradesh,Prayagraj,"Jhunsi, Prayagraj - UPPCB",21-08-2026 10:00:00,25.425602,81.917152,OZONE,21,34,27
India,Uttar Pradesh,Raebareli," Indira Nagar, Raebareli - NTPC Unchahar",21-08-2026 10:00:00,26.207781,81.245571,SO2,NA,NA,NA
India,Uttar Pradesh,Varanasi,"Bhelupur, Varanasi - UPPCB",21-08-2026 10:00:00,25.301778,82.996789,SO2,37,41,38
India,Uttar Pradesh,Varanasi,"Maldahiya, Varanasi - UPPCB",21-08-2026 10:00:00,25.32393,82.99687,SO2,30,33,31
India,Uttar Pradesh,Varanasi,"Ardhali Bazar, Varanasi - UPPCB",21-08-2026 10:00:00,25.3505986,82.9083074,CO,14,14,14
India,Uttarakhand,Dehradun,"Doon University, Dehradun - UKPCB",21-08-2026 10:00:00,30.269444,78.044167,PM10,14,71,40
India,Uttarakhand,Dehradun,"Doon University, Dehradun - UKPCB",21-08-2026 10:00:00,30.269444,78.044167,NH3,NA,NA,NA
India,Uttarakhand,Dehradun,"Doon University, Dehradun - UKPCB",21-08-2026 10:00:00,30.269444,78.044167,SO2,1,1,1
India,Uttarakhand,Kashipur,"Govt. Girls Inter College, Kashipur - UKPCB",21-08-2026 10:00:00,29.2124114,78.9611753,NO2,2,13,6
India,Uttarakhand,Kashipur,"Govt. Girls Inter College, Kashipur - UKPCB",21-08-2026 10:00:00,29.2124114,78.9611753,SO2,NA,NA,NA
India,Uttarakhand,Rishikesh,"Shivaji Nagar, Rishikesh - UKPCB",21-08-2026 10:00:00,30.075911,78.2859547,NH3,3,8,5
India,Uttar Pradesh,Agra,"Shahjahan Garden, Agra - UPPCB",21-08-2026 10:00:00,27.169338,78.03582,SO2,70,80,76
India,Uttar Pradesh,Agra,"Shahjahan Garden, Agra - UPPCB",21-08-2026 10:00:00,27.169338,78.03582,CO,22,22,22
India,Uttar Pradesh,Agra,"Manoharpur, Agra - UPPCB",21-08-2026 10:00:00,27.23711,78.01936,PM10,NA,NA,NA
India,Uttar Pradesh,Agra,"Manoharpur, Agra - UPPCB",21-08-2026 10:00:00,27.23711,78.01936,NH3,2,2,2
India,Uttar Pradesh,Agra,"Manoharpur, Agra - UPPCB",21-08-2026 10:00:00,27.23711,78.01936,SO2,12,17,13
India,Uttar Pradesh,Agra,"Sanjay Palace, Agra - UPPCB",21-08-2026 10:00:00,27.19865833,78.00598056,NH3,NA,NA,NA
India,Uttar Pradesh,Agra,"Shastripuram, Agra - UPPCB",21-08-2026 10:00:00,27.19862,77.92066,PM10,NA,NA,NA
India,Uttar Pradesh,Agra,"Shastripuram, Agra - UPPCB",21-08-2026 10:00:00,27.19862,77.92066,CO,9,12,10
India,Uttar Pradesh,Baghpat,"Sardar Patel Inter College, Baghpat - UPPCB",21-08-2026 10:00:00,28.964949,77.278761,OZONE,4,37,18
India,Uttar Pradesh,Bareilly,"Rajendra Nagar, Bareilly - UPPCB",21-08-2026 10:00:00,28.38910936,79.42963708,PM2.5,NA,NA,NA
India,Uttar Pradesh,Bareilly,"Rajendra Nagar, Bareilly - UPPCB",21-08-2026 10:00:00,28.38910936,79.42963708,NH3,1,3,1
India,Uttar Pradesh,Bareilly,"Rajendra Nagar, Bareilly - UPPCB",21-08-2026 10:00:00,28.38910936,79.42963708,SO2,2,10,5
India,Uttar Pradesh,Bareilly,"Rajendra Nagar, Bareilly - UPPCB",21-08-2026 10:00:00,28.38910936,79.42963708,OZONE,NA,NA,NA
India,Uttar Pradesh,Bareilly,"Civil Lines, Bareilly - UPPCB",21-08-2026 10:00:00,28.359581,79.414455,NH3,0,6,2
India,Uttar Pradesh,Bareilly,"Civil Lines, Bareilly - UPPCB",21-08-2026 10:00:00,28.359581,79.414455,SO2,5,51,39
India,Uttar Pradesh,Bareilly,"Civil Lines, Bareilly - UPPCB",21-08-2026 10:00:00,28.359581,79.414455,CO,34,41,37
India,Uttar Pradesh,Bulandshahr,"Yamunapuram, Bulandshahr - UPPCB",21-08-2026 10:00:00,28.406963,77.849831,SO2,6,24,12
India,Uttar Pradesh,Fatehpur Sikri,"Dadupura, Fatehpur Sikri - UPPCB",21-08-2026 10:00:00,27.097694,77.671335,PM2.5,55,57,56
India,Uttar Pradesh,Fatehpur Sikri,"Dadupura, Fatehpur Sikri - UPPCB",21-08-2026 10:00:00,27.097694,77.671335,NO2,7,8,8
India,Uttar Pradesh,Fatehpur Sikri,"Dadupura, Fatehpur Sikri - UPPCB",21-08-2026 10:00:00,27.097694,77.671335,CO,20,22,21
India,Uttar Pradesh,Firozabad,"Nagla Bhau, Firozabad - UPPCB",21-08-2026 10:00:00,27.168897,78.37696,CO,20,27,24
India,Uttar Pradesh,Firozabad,"Vibhab Nagar, Firozabad - UPPCB",21-08-2026 10:00:00,27.1594,78.3953,PM10,NA,NA,NA
India,Uttar Pradesh,Gajraula,"Rajanpur, Gajraula - UPPCB",21-08-2026 10:00:00,28.829109,78.248796,NH3,1,2,1
India,Uttar Pradesh,Ghaziabad,"Ved Vihar-Loni, Ghaziabad - UPPCB",21-08-2026 10:00:00,28.739153,77.273668,NH3,3,8,4
India,Uttar Pradesh,Ghaziabad,"Ved Vihar-Loni, Ghaziabad - UPPCB",21-08-2026 10:00:00,28.739153,77.273668,OZONE,11,20,14
India,Uttar Pradesh,Ghaziabad,"Sanjay Nagar, Ghaziabad - UPPCB",21-08-2026 10:00:00,28.685382,77.453839,PM2.5,31,212,80
India,Uttar Pradesh,Ghaziabad,"Sanjay Nagar, Ghaziabad - UPPCB",21-08-2026 10:00:00,28.685382,77.453839,SO2,10,14,12
India,Uttar Pradesh,Meerut,"MIET College, Meerut - UPPCB",21-08-2026 10:00:00,28.972677,77.641018,OZONE,3,29,10
India,Uttar Pradesh,Meerut,"Ganga Nagar, Meerut - UPPCB",21-08-2026 10:00:00,28.999264,77.7590354,SO2,22,33,27
India,Uttar Pradesh,Moradabad,"Buddhi Vihar, Moradabad - UPPCB",21-08-2026 10:00:00,28.83526,78.7446,CO,8,28,17
India,Uttar Pradesh,Moradabad,"Jigar Colony, Moradabad - UPPCB",21-08-2026 10:00:00,28.856664,78.772638,NO2,25,25,25
India,Uttar Pradesh,Moradabad,"Transport Nagar, Moradabad - UPPCB",21-08-2026 10:00:00,28.802625,78.753728,NH3,5,5,5
India,Uttar Pradesh,Moradabad,"Transport Nagar, Moradabad - UPPCB",21-08-2026 10:00:00,28.802625,78.753728,SO2,20,21,21
India,Uttar Pradesh,Moradabad,"Kashiram Nagar, Moradabad - UPPCB",21-08-2026 10:00:00,28.849399,78.742362,PM2.5,13,271,87
India,Uttar Pradesh,Moradabad,"Kashiram Nagar, Moradabad - UPPCB",21-08-2026 10:00:00,28.849399,78.742362,SO2,24,74,36
India,Uttar Pradesh,Moradabad,"Kashiram Nagar, Moradabad - UPPCB",21-08-2026 10:00:00,28.849399,78.742362,CO,30,43,37
India,Uttar Pradesh,Muzaffarnagar,"New Mandi, Muzaffarnagar - UPPCB",21-08-2026 10:00:00,29.4723508,77.7194031,PM2.5,52,283,126
India,Telangana,Hyderabad,"IDA Pashamylaram, Hyderabad - TSPCB",21-08-2026 10:00:00,17.5316895,78.218939,SO2,3,17,10
India,Telangana,Hyderabad,"ICRISAT Patancheru, Hyderabad - TSPCB",21-08-2026 10:00:00,17.5184,78.278777,NH3,1,2,2
India,Tripura,Agartala,"Bardowali, Agartala - Tripura SPCB",21-08-2026 10:00:00,23.8175497,91.2726974,SO2,13,13,13
India,Uttar Pradesh,Agra,"Rohta, Agra - UPPCB",21-08-2026 10:00:00,27.106972,78.000111,PM10,25,121,63
India,Uttar Pradesh,Agra,"Rohta, Agra - UPPCB",21-08-2026 10:00:00,27.106972,78.000111,NH3,6,6,6
India,Uttar Pradesh,Agra,"Sector-3B Avas Vikas Colony, Agra - UPPCB",21-08-2026 10:00:00,27.19412,77.96237,NO2,35,36,35
India,Uttar Pradesh,Agra,"Shahjahan Garden, Agra - UPPCB",21-08-2026 10:00:00,27.169338,78.03582,PM2.5,23,37,28
India,Uttar Pradesh,Agra,"Shahjahan Garden, Agra - UPPCB",21-08-2026 10:00:00,27.169338,78.03582,NO2,24,28,26
India,Uttar Pradesh,Noida,"Sector - 125, Noida - UPPCB",21-08-2026 10:00:00,28.5447608,77.3231257,PM2.5,36,155,66
India,Uttar Pradesh,Noida,"Sector - 125, Noida - UPPCB",21-08-2026 10:00:00,28.5447608,77.3231257,PM10,75,169,112
India,Uttar Pradesh,Noida,"Sector - 62, Noida - IITM",21-08-2026 10:00:00,28.6245479,77.3577104,OZONE,15,23,19
India,Uttar Pradesh,Noida,"Sector-1, Noida - UPPCB",21-08-2026 10:00:00,28.5898,77.3101,SO2,8,15,11
India,Uttar Pradesh,Noida,"Sector-1, Noida - UPPCB",21-08-2026 10:00:00,28.5898,77.3101,CO,4,50,19
India,Uttar Pradesh,Prayagraj,"Motilal Nehru NIT, Prayagraj - UPPCB",21-08-2026 10:00:00,25.494,81.863,NO2,12,14,12
India,Uttar Pradesh,Prayagraj,"Nagar Nigam, Prayagraj - UPPCB",21-08-2026 10:00:00,25.44919916,81.82735986,PM2.5,4,47,20
India,Uttar Pradesh,Prayagraj,"Nagar Nigam, Prayagraj - UPPCB",21-08-2026 10:00:00,25.44919916,81.82735986,CO,13,21,17
India,West Bengal,Asansol,"Evelyn Lodge, Asansol - WBPCB",21-08-2026 10:00:00,23.697936,86.944395,NH3,5,6,6
India,West Bengal,Asansol,"Evelyn Lodge, Asansol - WBPCB",21-08-2026 10:00:00,23.697936,86.944395,SO2,76,77,77
India,West Bengal,Asansol,"Mahabir Colliery, Asansol - WBPCB",21-08-2026 10:00:00,23.618183,87.105718,NH3,0,1,0
India,West Bengal,Asansol,"Mahabir Colliery, Asansol - WBPCB",21-08-2026 10:00:00,23.618183,87.105718,CO,16,25,20
India,West Bengal,Asansol,"Trivenidevi Bhalotia College, Asansol - WBPCB",21-08-2026 10:00:00,23.616515,87.119133,PM2.5,NA,NA,NA
India,West Bengal,Asansol,"Trivenidevi Bhalotia College, Asansol - WBPCB",21-08-2026 10:00:00,23.616515,87.119133,NO2,4,15,8
India,West Bengal,Barrackpore,"SVSPA Campus, Barrackpore - WBPCB",21-08-2026 10:00:00,22.7605581,88.3617589,PM10,50,99,66
India,West Bengal,Barrackpore,"SVSPA Campus, Barrackpore - WBPCB",21-08-2026 10:00:00,22.7605581,88.3617589,NH3,5,7,6
India,West Bengal,Durgapur,"PCBL Residential Complex, Durgapur - WBPCB",21-08-2026 10:00:00,23.508764,87.35444,SO2,11,12,12
India,West Bengal,Durgapur,"Mahishkapur Road_B-Zone, Durgapur - WBPCB",21-08-2026 10:00:00,23.567923,87.306843,PM2.5,18,83,47
India,West Bengal,Durgapur,"Mahishkapur Road_B-Zone, Durgapur - WBPCB",21-08-2026 10:00:00,23.567923,87.306843,NO2,3,25,10
India,West Bengal,Durgapur,"Womens College_City Center, Durgapur - WBPCB",21-08-2026 10:00:00,23.549395,87.300496,CO,25,41,32
India,West Bengal,Haldia,"Priyambada Housing Estate, Haldia - WBPCB",21-08-2026 10:00:00,22.06047,88.109737,PM10,24,65,46
India,West Bengal,Haldia,"Priyambada Housing Estate, Haldia - WBPCB",21-08-2026 10:00:00,22.06047,88.109737,OZONE,24,28,27
India,West Bengal,Howrah,"Belur Math, Howrah - WBPCB",21-08-2026 10:00:00,22.629801,88.352017,NO2,22,65,40
India,West Bengal,Howrah,"Belur Math, Howrah - WBPCB",21-08-2026 10:00:00,22.629801,88.352017,NH3,3,5,4
India,West Bengal,Howrah,"Belur Math, Howrah - WBPCB",21-08-2026 10:00:00,22.629801,88.352017,CO,10,25,17
India,West Bengal,Howrah,"Belur Math, Howrah - WBPCB",21-08-2026 10:00:00,22.629801,88.352017,OZONE,8,9,8
India,West Bengal,Howrah,"Ghusuri, Howrah - WBPCB",21-08-2026 10:00:00,22.611968,88.347422,SO2,10,17,13
India,West Bengal,Howrah,"Padmapukur, Howrah - WBPCB",21-08-2026 10:00:00,22.5687319,88.2797276,PM2.5,27,44,34
India,West Bengal,Howrah,"Padmapukur, Howrah - WBPCB",21-08-2026 10:00:00,22.5687319,88.2797276,CO,50,56,54
India,West Bengal,Howrah,"Padmapukur, Howrah - WBPCB",21-08-2026 10:00:00,22.5687319,88.2797276,OZONE,10,23,15
India,West Bengal,Kolkata,"Jadavpur, Kolkata - WBPCB",21-08-2026 10:00:00,22.49929,88.36917,PM2.5,51,72,59
India,West Bengal,Kolkata,"Rabindra Bharati University, Kolkata - WBPCB",21-08-2026 10:00:00,22.627847,88.380669,NH3,6,21,11
India,West Bengal,Kolkata,"Fort William, Kolkata - WBPCB",21-08-2026 10:00:00,22.55664,88.342674,NO2,14,29,20
India,West Bengal,Kolkata,"Fort William, Kolkata - WBPCB",21-08-2026 10:00:00,22.55664,88.342674,NH3,7,8,7
India,West Bengal,Kolkata,"Fort William, Kolkata - WBPCB",21-08-2026 10:00:00,22.55664,88.342674,CO,9,13,10
India,West Bengal,Kolkata,"Victoria, Kolkata - WBPCB",21-08-2026 10:00:00,22.5448082,88.3403691,PM2.5,30,130,80
India,West Bengal,Kolkata,"Victoria, Kolkata - WBPCB",21-08-2026 10:00:00,22.5448082,88.3403691,SO2,3,6,4
India,Bihar,Gaya,"Kareemganj, Gaya - BSPCB",21-08-2026 10:00:00,24.792403,84.992416,NH3,0,1,1
India,Bihar,Hajipur,"Industrial Area, Hajipur - BSPCB",21-08-2026 10:00:00,25.697189,85.2459,PM2.5,43,72,59
India,Bihar,Hajipur,"Industrial Area, Hajipur - BSPCB",21-08-2026 10:00:00,25.697189,85.2459,PM10,39,56,49
India,Bihar,Hajipur,"Industrial Area, Hajipur - BSPCB",21-08-2026 10:00:00,25.697189,85.2459,NO2,9,22,14
India,Bihar,Katihar,"Mirchaibari, Katihar - BSPCB",21-08-2026 10:00:00,25.560083,87.553265,NO2,2,2,2
India,Bihar,Katihar,"Mirchaibari, Katihar - BSPCB",21-08-2026 10:00:00,25.560083,87.553265,NH3,1,1,1
India,Bihar,Katihar,"Mirchaibari, Katihar - BSPCB",21-08-2026 10:00:00,25.560083,87.553265,CO,65,88,77
India,Bihar,Kishanganj,"SDM Office_Khagra, Kishanganj - BSPCB",21-08-2026 10:00:00,26.0881305,87.93840336,PM2.5,30,73,45
India,Bihar,Kishanganj,"SDM Office_Khagra, Kishanganj - BSPCB",21-08-2026 10:00:00,26.0881305,87.93840336,NH3,3,3,3
India,Bihar,Kishanganj,"SDM Office_Khagra, Kishanganj - BSPCB",21-08-2026 10:00:00,26.0881305,87.93840336,CO,NA,NA,NA
India,Bihar,Manguraha,"Forest Rest House, Manguraha - BSPCB",21-08-2026 10:00:00,27.308328,84.531742,PM10,51,86,68
India,Bihar,Manguraha,"Forest Rest House, Manguraha - BSPCB",21-08-2026 10:00:00,27.308328,84.531742,NO2,10,17,13
India,Bihar,Manguraha,"Forest Rest House, Manguraha - BSPCB",21-08-2026 10:00:00,27.308328,84.531742,SO2,12,19,15
India,Bihar,Motihari,"Gandak Colony, Motihari - BSPCB",21-08-2026 10:00:00,26.63086,84.90051,PM10,NA,NA,NA
India,Bihar,Munger,"Town Hall, Munger - BSPCB",21-08-2026 10:00:00,25.376776,86.471523,PM2.5,8,137,48
India,Bihar,Munger,"Town Hall, Munger - BSPCB",21-08-2026 10:00:00,25.376776,86.471523,PM10,12,165,73
India,Bihar,Muzaffarpur,"Buddha Colony, Muzaffarpur - BSPCB",21-08-2026 10:00:00,26.11442,85.39813,CO,15,23,21
India,Bihar,Muzaffarpur,"MIT-Daudpur Kothi, Muzaffarpur - BSPCB",21-08-2026 10:00:00,26.1403345,85.3650192,SO2,17,28,22
India,Bihar,Patna,"Rajbansi Nagar, Patna - BSPCB",21-08-2026 10:00:00,25.599486,85.113666,NO2,28,34,31
India,Assam,Guwahati,"IITG, Guwahati - PCBA",21-08-2026 10:00:00,26.2028636,91.70046436,NH3,1,1,1
India,Assam,Guwahati,"Pan Bazaar, Guwahati - PCBA",21-08-2026 10:00:00,26.1875,91.744194,SO2,26,32,29
India,Assam,Guwahati,"Pan Bazaar, Guwahati - PCBA",21-08-2026 10:00:00,26.1875,91.744194,CO,6,10,8
India,Assam,Guwahati,"LGBI Airport, Guwahati - PCBA",21-08-2026 10:00:00,26.10887,91.589544,CO,18,34,28
India,Assam,Guwahati,"LGBI Airport, Guwahati - PCBA",21-08-2026 10:00:00,26.10887,91.589544,OZONE,12,38,17
India,Assam,Guwahati,"Railway Colony, Guwahati - PCBA",21-08-2026 10:00:00,26.181742,91.78063,PM2.5,19,65,39
India,Assam,Guwahati,"Railway Colony, Guwahati - PCBA",21-08-2026 10:00:00,26.181742,91.78063,OZONE,9,13,11
India,Assam,Nagaon,"Christianpatty, Nagaon - PCBA",21-08-2026 10:00:00,26.349082,92.68449,CO,17,24,21
India,Assam,Nagaon,"Christianpatty, Nagaon - PCBA",21-08-2026 10:00:00,26.349082,92.68449,OZONE,9,12,11
India,Assam,Nalbari,"Bata Chowk, Nalbari - PCBA",21-08-2026 10:00:00,26.446912,91.439057,SO2,8,8,8
India,Assam,Silchar,"Tarapur, Silchar - PCBA",21-08-2026 10:00:00,24.82827,92.79525,PM10,44,63,53
India,Assam,Silchar,"Tarapur, Silchar - PCBA",21-08-2026 10:00:00,24.82827,92.79525,NH3,1,1,1
India,Assam,Silchar,"Tarapur, Silchar - PCBA",21-08-2026 10:00:00,24.82827,92.79525,CO,32,40,36
India,Assam,Sivasagar,"Girls College, Sivasagar - PCBA",21-08-2026 10:00:00,26.987634,94.636574,SO2,6,8,7
India,Bihar,Araria,"Kharahiya Basti, Araria - BSPCB",21-08-2026 10:00:00,26.146529,87.454184,PM2.5,18,140,53
India,Chhattisgarh,Chhal,"Nawapara SECL Colony, Chhal - CECB",21-08-2026 10:00:00,22.118125,83.140608,PM10,14,49,28
India,Chhattisgarh,Chhal,"Nawapara SECL Colony, Chhal - CECB",21-08-2026 10:00:00,22.118125,83.140608,NH3,2,2,2
India,Chhattisgarh,Chhal,"Nawapara SECL Colony, Chhal - CECB",21-08-2026 10:00:00,22.118125,83.140608,OZONE,32,48,41
India,Chhattisgarh,Korba,"Rampur, Korba - CECB",21-08-2026 10:00:00,22.368195,82.746431,PM10,9,34,20
India,Chhattisgarh,Korba,"Rampur, Korba - CECB",21-08-2026 10:00:00,22.368195,82.746431,NH3,1,1,1
India,Chhattisgarh,Kunjemura,"OP Jindal School, Kunjemura - CECB",21-08-2026 10:00:00,22.12665,83.483212,NO2,5,11,8
India,Chhattisgarh,Kunjemura,"OP Jindal School, Kunjemura - CECB",21-08-2026 10:00:00,22.12665,83.483212,NH3,2,2,2
India,Chhattisgarh,Milupara,"Govt. Higher Secondary School, Milupara - CECB",21-08-2026 10:00:00,22.1910172,83.5197009,PM10,11,28,20
India,Chhattisgarh,Milupara,"Govt. Higher Secondary School, Milupara - CECB",21-08-2026 10:00:00,22.1910172,83.5197009,NO2,15,44,27
India,Chhattisgarh,Raipur,"Krishak Nagar, Raipur - CECB",21-08-2026 10:00:00,21.237755,81.705301,CO,10,16,12
India,Chhattisgarh,Raipur,"Krishak Nagar, Raipur - CECB",21-08-2026 10:00:00,21.237755,81.705301,OZONE,1,2,2
India,Chhattisgarh,Raipur,"Bhatagaon New ISBT, Raipur - CECB",21-08-2026 10:00:00,21.219665,81.630094,SO2,NA,NA,NA
India,Chhattisgarh,Raipur,"Siltara Phase-II, Raipur - CECB",21-08-2026 10:00:00,21.371751,81.664929,PM2.5,23,50,34
India,Chhattisgarh,Raipur,"Siltara Phase-II, Raipur - CECB",21-08-2026 10:00:00,21.371751,81.664929,PM10,47,148,79
India,Chhattisgarh,Raipur,"Siltara Phase-II, Raipur - CECB",21-08-2026 10:00:00,21.371751,81.664929,NH3,2,2,2
India,Bihar,Arrah,"New DM Office, Arrah - BSPCB",21-08-2026 10:00:00,25.5626095,84.663264,PM10,40,49,42
India,Bihar,Arrah,"New DM Office, Arrah - BSPCB",21-08-2026 10:00:00,25.5626095,84.663264,OZONE,1,15,9
India,Bihar,Begusarai,"Lohiyanagar, Begusarai - BSPCB",21-08-2026 10:00:00,25.42742023,86.13886079,PM10,103,164,121
India,Bihar,Bettiah,"Kamalnath Nagar, Bettiah - BSPCB",21-08-2026 10:00:00,26.80365,84.51954,NO2,20,44,28
India,Bihar,Bettiah,"Kamalnath Nagar, Bettiah - BSPCB",21-08-2026 10:00:00,26.80365,84.51954,SO2,15,20,18
India,Bihar,Bhagalpur,"DM Office_Kachari Chowk, Bhagalpur - BSPCB",21-08-2026 10:00:00,25.251013,86.989001,SO2,15,26,22
India,Bihar,Gaya,"Collectorate, Gaya - BSPCB",21-08-2026 10:00:00,24.7955,84.9994,NH3,NA,NA,NA
India,Andhra Pradesh,Srikakulam,"Chinna Bharatham Colony, Srikakulam - APPCB",21-08-2026 10:00:00,18.292191,83.897173,NO2,15,52,29
India,Andhra Pradesh,Srikakulam,"Chinna Bharatham Colony, Srikakulam - APPCB",21-08-2026 10:00:00,18.292191,83.897173,NH3,2,8,4
India,Andhra Pradesh,Srikakulam,"Chinna Bharatham Colony, Srikakulam - APPCB",21-08-2026 10:00:00,18.292191,83.897173,OZONE,8,27,16
India,Andhra Pradesh,Tirumala,"Toll Gate, Tirumala - APPCB",21-08-2026 10:00:00,13.67,79.35,PM2.5,14,63,29
India,Andhra Pradesh,Tirumala,"Toll Gate, Tirumala - APPCB",21-08-2026 10:00:00,13.67,79.35,OZONE,7,16,11
India,Andhra Pradesh,Tirupati,"Vaikuntapuram, Tirupati - APPCB",21-08-2026 10:00:00,13.615387,79.40923,NH3,3,5,5
India,Andhra Pradesh,Vijayawada,"Rajiv Nagar, Vijayawada - APPCB",21-08-2026 10:00:00,16.554731,80.64911,OZONE,21,22,22
India,Bihar,Patna,"Rajbansi Nagar, Patna - BSPCB",21-08-2026 10:00:00,25.599486,85.113666,CO,6,15,11
India,Bihar,Patna,"Muradpur, Patna - BSPCB",21-08-2026 10:00:00,25.619651,85.147382,SO2,8,9,8
India,Bihar,Patna,"Muradpur, Patna - BSPCB",21-08-2026 10:00:00,25.619651,85.147382,CO,44,53,48
India,Bihar,Patna,"Muradpur, Patna - BSPCB",21-08-2026 10:00:00,25.619651,85.147382,OZONE,5,29,11
India,Bihar,Patna,"Samanpura, Patna - BSPCB",21-08-2026 10:00:00,25.596727,85.085624,PM2.5,55,217,111
India,Bihar,Patna,"Samanpura, Patna - BSPCB",21-08-2026 10:00:00,25.596727,85.085624,NO2,23,24,24
India,Bihar,Purnia,"Mariam Nagar, Purnia - BSPCB",21-08-2026 10:00:00,25.366336,87.117468,CO,56,57,56
India,Andhra Pradesh,Anantapur,"Gulzarpet, Anantapur - APPCB",21-08-2026 10:00:00,14.675886,77.593027,PM10,53,95,72
India,Andhra Pradesh,Chittoor,"Gangineni Cheruvu, Chittoor - APPCB",21-08-2026 10:00:00,13.20488,79.097889,OZONE,27,30,29
India,Andhra Pradesh,Eluru,"District Court, Eluru - APPCB",21-08-2026 10:00:00,16.711754,81.092095,NH3,2,5,4
India,Bihar,Sasaram,"Dada Peer, Sasaram - BSPCB",21-08-2026 10:00:00,24.952822,84.002396,PM10,2,500,190
India,Bihar,Sasaram,"Dada Peer, Sasaram - BSPCB",21-08-2026 10:00:00,24.952822,84.002396,SO2,3,5,4
India,Chandigarh,Chandigarh,"Sector-53, Chandigarh - CPCC",21-08-2026 10:00:00,30.719859,76.738637,NO2,NA,NA,NA
India,Chandigarh,Chandigarh,"Sector-53, Chandigarh - CPCC",21-08-2026 10:00:00,30.719859,76.738637,CO,40,40,40
India,Andhra Pradesh,Kurnool,"Sita Rama Nagar, Kurnool - APPCB",21-08-2026 10:00:00,15.83411,78.028546,PM2.5,21,53,39
India,Andhra Pradesh,Kurnool,"Sita Rama Nagar, Kurnool - APPCB",21-08-2026 10:00:00,15.83411,78.028546,PM10,24,52,39
India,Andhra Pradesh,Nellore,"Ambedkar Nagar, Nellore - APPCB ",21-08-2026 10:00:00,14.438164,79.966814,NO2,24,34,27
India,Andhra Pradesh,Nellore,"Ambedkar Nagar, Nellore - APPCB ",21-08-2026 10:00:00,14.438164,79.966814,CO,33,33,33
India,Arunachal Pradesh,Naharlagun,"Naharlagun, Naharlagun - APSPCB",21-08-2026 10:00:00,27.103358,93.679645,NH3,1,1,1
India,Arunachal Pradesh,Naharlagun,"Naharlagun, Naharlagun - APSPCB",21-08-2026 10:00:00,27.103358,93.679645,SO2,11,11,11
India,Assam,Byrnihat,"Central Academy for SFS, Byrnihat - PCBA",21-08-2026 10:00:00,26.071318,91.87488,NH3,4,5,4
India,Gujarat,Rajkot,"Mavdi, Rajkot - Nexteng Enviro ",21-08-2026 10:00:00,22.248853,70.776774,SO2,9,10,10
India,Gujarat,Surat,"Science Center, Surat - SMC",21-08-2026 10:00:00,21.170046,72.795405,PM10,27,67,40
India,Gujarat,Surat,"Katargam, Surat - Nexteng Enviro",21-08-2026 10:00:00,21.217779,72.834787,NO2,8,31,17
India,Gujarat,Vadodara,"Bapunagar, Vadodara - Nexteng Enviro",21-08-2026 10:00:00,22.320153,73.216285,OZONE,2,3,3
India,Gujarat,Vapi,"Phase-1 GIDC, Vapi - GPCB",21-08-2026 10:00:00,20.362421,72.918013,PM2.5,13,61,26
India,Gujarat,Vapi,"Phase-1 GIDC, Vapi - GPCB",21-08-2026 10:00:00,20.362421,72.918013,OZONE,3,8,4
India,Gujarat,Vatva,"Phase-4 GIDC, Vatva - GPCB",21-08-2026 10:00:00,22.969611,72.6435,OZONE,11,11,11
India,Haryana,Ambala,"Patti Mehar, Ambala - HSPCB",21-08-2026 10:00:00,30.379589,76.778328,SO2,52,98,81
India,Haryana,Ambala,"Patti Mehar, Ambala - HSPCB",21-08-2026 10:00:00,30.379589,76.778328,OZONE,25,36,30
India,Haryana,Bahadurgarh,"Arya Nagar, Bahadurgarh - HSPCB",21-08-2026 10:00:00,28.6701,76.9254,SO2,7,8,8
India,Haryana,Bahadurgarh,"Arya Nagar, Bahadurgarh - HSPCB",21-08-2026 10:00:00,28.6701,76.9254,CO,30,33,32
India,Haryana,Ballabgarh,"Nathu Colony, Ballabgarh - HSPCB",21-08-2026 10:00:00,28.3419248,77.319699,NO2,19,21,20
India,Haryana,Bhiwani,"H.B. Colony, Bhiwani - HSPCB",21-08-2026 10:00:00,28.806223,76.141105,PM10,NA,NA,NA
India,Haryana,Bhiwani,"H.B. Colony, Bhiwani - HSPCB",21-08-2026 10:00:00,28.806223,76.141105,SO2,NA,NA,NA
India,Haryana,Charkhi Dadri,"Mini Secretariat, Charkhi Dadri - HSPCB",21-08-2026 10:00:00,28.593883,76.270653,PM2.5,51,333,197
India,Delhi,Delhi,"Sonia Vihar, Delhi - DPCC",21-08-2026 10:00:00,28.710508,77.249485,PM2.5,42,220,85
India,Delhi,Delhi,"Sonia Vihar, Delhi - DPCC",21-08-2026 10:00:00,28.710508,77.249485,NO2,8,34,17
India,Delhi,Delhi,"Sonia Vihar, Delhi - DPCC",21-08-2026 10:00:00,28.710508,77.249485,SO2,1,12,7
India,Delhi,Delhi,"Okhla Phase-2, Delhi - DPCC",21-08-2026 10:00:00,28.530785,77.271255,NO2,18,61,31
India,Delhi,Delhi,"Okhla Phase-2, Delhi - DPCC",21-08-2026 10:00:00,28.530785,77.271255,NH3,2,6,5
India,Delhi,Delhi,"Okhla Phase-2, Delhi - DPCC",21-08-2026 10:00:00,28.530785,77.271255,SO2,3,7,5
India,Delhi,Delhi,"Rohini, Delhi - DPCC",21-08-2026 10:00:00,28.732528,77.11992,NH3,3,4,3
India,Delhi,Delhi,"Rohini, Delhi - DPCC",21-08-2026 10:00:00,28.732528,77.11992,SO2,8,10,9
India,Delhi,Delhi,"Rohini, Delhi - DPCC",21-08-2026 10:00:00,28.732528,77.11992,OZONE,9,11,10
India,Delhi,Delhi,"Jahangirpuri, Delhi - DPCC",21-08-2026 10:00:00,28.73282,77.170633,SO2,8,12,10
India,Delhi,Delhi,"IHBAS, Dilshad Garden, Delhi - CPCB",21-08-2026 10:00:00,28.6811736,77.3025234,NO2,22,31,28
India,Delhi,Delhi,"IHBAS, Dilshad Garden, Delhi - CPCB",21-08-2026 10:00:00,28.6811736,77.3025234,SO2,8,25,16
India,Delhi,Delhi,"Sri Aurobindo Marg, Delhi - DPCC",21-08-2026 10:00:00,28.531346,77.190156,NO2,12,38,22
India,Delhi,Delhi,"Nehru Nagar, Delhi - DPCC",21-08-2026 10:00:00,28.56789,77.250515,NH3,5,8,7
India,Delhi,Delhi,"Patparganj, Delhi - DPCC",21-08-2026 10:00:00,28.623763,77.287209,NH3,8,11,10
India,Chhattisgarh,Raipur,"AIIMS, Raipur - CECB",21-08-2026 10:00:00,21.258815,81.578979,CO,23,36,28
India,Chhattisgarh,Raipur,"AIIMS, Raipur - CECB",21-08-2026 10:00:00,21.258815,81.578979,OZONE,13,17,14
India,Chhattisgarh,Tumidih,"OP Jindal Industrial Park, Tumidih - CECB",21-08-2026 10:00:00,22.06631475,83.33820077,SO2,5,5,5
India,Delhi,Delhi,"Cantonment Area, Delhi - DPCC",21-08-2026 10:00:00,28.594169,77.1251,NO2,6,16,10
India,Delhi,Delhi,"Cantonment Area, Delhi - DPCC",21-08-2026 10:00:00,28.594169,77.1251,NH3,1,3,2
India,Delhi,Delhi,"Cantonment Area, Delhi - DPCC",21-08-2026 10:00:00,28.594169,77.1251,CO,66,103,86
India,Delhi,Delhi,"Major Dhyan Chand National Stadium, Delhi - DPCC",21-08-2026 10:00:00,28.611281,77.237738,PM10,72,120,105
India,Delhi,Delhi,"Major Dhyan Chand National Stadium, Delhi - DPCC",21-08-2026 10:00:00,28.611281,77.237738,NO2,19,81,39
India,Delhi,Delhi,"Major Dhyan Chand National Stadium, Delhi - DPCC",21-08-2026 10:00:00,28.611281,77.237738,SO2,17,19,18
India,Delhi,Delhi,"Major Dhyan Chand National Stadium, Delhi - DPCC",21-08-2026 10:00:00,28.611281,77.237738,CO,11,33,19
India,Delhi,Delhi,"Mandir Marg, Delhi - DPCC",21-08-2026 10:00:00,28.636429,77.201067,SO2,4,34,27
India,Delhi,Delhi,"Pusa, Delhi - DPCC",21-08-2026 10:00:00,28.639652,77.146275,PM10,84,235,142
India,Delhi,Delhi,"Sirifort, Delhi - CPCB",21-08-2026 10:00:00,28.5504249,77.2159377,SO2,34,36,35
India,Delhi,Delhi,"Sirifort, Delhi - CPCB",21-08-2026 10:00:00,28.5504249,77.2159377,CO,11,36,21
India,Delhi,Delhi,"Chandni Chowk, Delhi - IITM",21-08-2026 10:00:00,28.656756,77.227234,NH3,5,8,6
India,Delhi,Delhi,"DTU, Delhi - CPCB",21-08-2026 10:00:00,28.7500499,77.1112615,NO2,12,32,22
India,Delhi,Delhi,"Dwarka-Sector 8, Delhi - DPCC ",21-08-2026 10:00:00,28.5710274,77.0719006,PM10,68,479,189
India,Delhi,Delhi,"IIT Delhi, Delhi - IITM",21-08-2026 10:00:00,28.54246,77.191651,PM2.5,31,98,66
India,Delhi,Delhi,"IIT Delhi, Delhi - IITM",21-08-2026 10:00:00,28.54246,77.191651,SO2,NA,NA,NA
India,Gujarat,Ahmedabad,"Raikhad, Ahmedabad - IITM",21-08-2026 10:00:00,23.020509,72.579261,NO2,5,22,9
India,Gujarat,Bhavnagar,"Vidhyanagar, Bhavnagar - Nexteng Enviro",21-08-2026 10:00:00,21.755417,72.139056,PM2.5,19,31,24
India,Gujarat,Gandhinagar,"Sector-10, Gandhinagar - GPCB",21-08-2026 10:00:00,23.221714,72.654328,CO,16,17,16
India,Gujarat,Gandhinagar,"Sector-10, Gandhinagar - GPCB",21-08-2026 10:00:00,23.221714,72.654328,OZONE,NA,NA,NA
India,Gujarat,Gandhinagar,"IIPHG Lekawada, Gandhinagar - IITM",21-08-2026 10:00:00,23.243639,72.68994,PM10,102,188,135
India,Gujarat,Gandhinagar,"GIFT City, Gandhinagar - IITM",21-08-2026 10:00:00,23.163798,72.677768,SO2,1,14,7
India,Gujarat,Nandesari,"GIDC, Nandesari - Nandesari Ind. Association",21-08-2026 10:00:00,22.410802,73.097923,CO,20,46,30
India,Delhi,Delhi,"Jawaharlal Nehru Stadium, Delhi - DPCC",21-08-2026 10:00:00,28.58028,77.233829,NO2,4,30,15
India,Delhi,Delhi,"Najafgarh, Delhi - DPCC",21-08-2026 10:00:00,28.570173,76.933762,NO2,10,30,15
India,Delhi,Delhi,"Wazirpur, Delhi - DPCC",21-08-2026 10:00:00,28.699793,77.165453,OZONE,6,8,7
India,Delhi,Delhi,"Mundka, Delhi - DPCC",21-08-2026 10:00:00,28.684678,77.076574,PM10,89,424,136
India,Delhi,Delhi,"Mundka, Delhi - DPCC",21-08-2026 10:00:00,28.684678,77.076574,NO2,48,88,65
India,Delhi,Delhi,"Ashok Vihar, Delhi - DPCC",21-08-2026 10:00:00,28.695381,77.181665,PM2.5,12,157,74
India,Delhi,Delhi,"Ashok Vihar, Delhi - DPCC",21-08-2026 10:00:00,28.695381,77.181665,CO,59,84,68
India,Delhi,Delhi,"Shadipur, Delhi - CPCB",21-08-2026 10:00:00,28.6514781,77.1473105,CO,16,43,29
India,Delhi,Delhi,"North Campus, DU, Delhi - IITM",21-08-2026 10:00:00,28.6573814,77.1585447,SO2,NA,NA,NA
India,Gujarat,Ahmedabad,"Rakhial, Ahmedabad - IITM",21-08-2026 10:00:00,23.016834,72.625775,PM2.5,41,103,61
India,Gujarat,Ahmedabad,"SAC ISRO Bopal, Ahmedabad - IITM",21-08-2026 10:00:00,23.041137,72.456691,OZONE,8,12,10
India,Gujarat,Ahmedabad,"SAC ISRO Satellite, Ahmedabad - IITM",21-08-2026 10:00:00,23.023389,72.515201,PM10,37,117,79
India,Gujarat,Ahmedabad,"Gyaspur, Ahmedabad - IITM",21-08-2026 10:00:00,22.977134,72.553024,PM10,68,187,110
India,Gujarat,Ahmedabad,"Gyaspur, Ahmedabad - IITM",21-08-2026 10:00:00,22.977134,72.553024,CO,NA,NA,NA
India,Delhi,Delhi,"Aya Nagar, Delhi - IITM",21-08-2026 10:00:00,28.4706914,77.1099364,CO,21,26,24
India,Delhi,Delhi,"CRRI Mathura Road, Delhi - IITM",21-08-2026 10:00:00,28.5512005,77.2735737,PM10,74,181,131
India,Delhi,Delhi,"Burari Crossing, Delhi - IITM",21-08-2026 10:00:00,28.7256504,77.2011573,NH3,NA,NA,NA
India,Delhi,Delhi,"JNU, Delhi - DPCC",21-08-2026 10:00:00,28.540721,77.168544,NO2,NA,NA,NA
India,Delhi,Delhi,"Alipur, Delhi - DPCC",21-08-2026 10:00:00,28.815329,77.15301,PM2.5,33,150,85
India,Haryana,Faridabad,"Sector 11, Faridabad - HSPCB",21-08-2026 10:00:00,28.376058,77.315741,PM10,59,357,136
India,Haryana,Faridabad,"Sector 11, Faridabad - HSPCB",21-08-2026 10:00:00,28.376058,77.315741,NO2,30,33,31
India,Haryana,Faridabad,"Sector 11, Faridabad - HSPCB",21-08-2026 10:00:00,28.376058,77.315741,SO2,5,10,8
India,Haryana,Faridabad,"Sector 11, Faridabad - HSPCB",21-08-2026 10:00:00,28.376058,77.315741,CO,52,60,55
India,Haryana,Faridabad,"Sector 30, Faridabad - HSPCB",21-08-2026 10:00:00,28.4417,77.3217,NO2,36,38,37
India,Haryana,Panchkula,"Sector-6, Panchkula - HSPCB ",21-08-2026 10:00:00,30.7057778,76.8531805555555,PM10,NA,NA,NA
India,Haryana,Panchkula,"Sector-6, Panchkula - HSPCB ",21-08-2026 10:00:00,30.7057778,76.8531805555555,CO,19,20,19
India,Haryana,Panipat,"Sector-18, Panipat - HSPCB",21-08-2026 10:00:00,29.432304,76.972765,NO2,5,9,7
India,Haryana,Rohtak,"MD University, Rohtak - HSPCB",21-08-2026 10:00:00,28.52123,76.37138,SO2,9,11,10
India,Haryana,Sirsa,"F-Block, Sirsa - HSPCB",21-08-2026 10:00:00,29.5364,75.0158,PM10,49,105,92
India,Haryana,Sirsa,"F-Block, Sirsa - HSPCB",21-08-2026 10:00:00,29.5364,75.0158,SO2,32,44,38
India,Haryana,Sirsa,"F-Block, Sirsa - HSPCB",21-08-2026 10:00:00,29.5364,75.0158,OZONE,16,64,37
India,Haryana,Sonipat,"Murthal, Sonipat - HSPCB",21-08-2026 10:00:00,29.0272,77.0621,CO,19,22,21
India,Haryana,Sonipat,"Murthal, Sonipat - HSPCB",21-08-2026 10:00:00,29.0272,77.0621,OZONE,48,51,50
India,Haryana,Yamuna Nagar,"Gobind Pura, Yamuna Nagar - HSPCB",21-08-2026 10:00:00,30.1480566,77.2893471,OZONE,8,64,29
India,Himachal Pradesh,Baddi,"HIMUDA Complex Phase-1, Baddi - HPPCB",21-08-2026 10:00:00,30.943887,76.801991,PM10,42,205,101
India,Himachal Pradesh,Baddi,"HIMUDA Complex Phase-1, Baddi - HPPCB",21-08-2026 10:00:00,30.943887,76.801991,OZONE,5,22,12
India,Jammu and Kashmir,Pampore,"Khrew, Pampore - JKPCC",21-08-2026 10:00:00,34.031606,75.009712,NH3,NA,NA,NA
India,Jammu and Kashmir,Pampore,"Khrew, Pampore - JKPCC",21-08-2026 10:00:00,34.031606,75.009712,OZONE,NA,NA,NA
India,Jammu and Kashmir,Srinagar,"Rajbagh, Srinagar - JKPCC",21-08-2026 10:00:00,34.066206,74.81982,NH3,9,9,9
India,Jammu and Kashmir,Srinagar,"Rajbagh, Srinagar - JKPCC",21-08-2026 10:00:00,34.066206,74.81982,CO,10,21,16
India,Jammu and Kashmir,Srinagar,"Khunmoh, Srinagar - JKPCC",21-08-2026 10:00:00,34.06313,74.96017,PM2.5,19,43,31
India,Karnataka,Chamarajanagar,"Urban, Chamarajanagar - KSPCB",21-08-2026 10:00:00,11.55358,76.55521,OZONE,26,27,26
India,Karnataka,Chikkaballapur,"Chikkaballapur Rural, Chikkaballapur - KSPCB",21-08-2026 10:00:00,13.428828,77.731418,PM2.5,6,27,15
India,Karnataka,Chikkaballapur,"Chikkaballapur Rural, Chikkaballapur - KSPCB",21-08-2026 10:00:00,13.428828,77.731418,PM10,8,58,34
India,Karnataka,Chikkaballapur,"Chikkaballapur Rural, Chikkaballapur - KSPCB",21-08-2026 10:00:00,13.428828,77.731418,CO,9,17,12
India,Karnataka,Chikkamagaluru,"Kalyana Nagara, Chikkamagaluru - KSPCB",21-08-2026 10:00:00,13.328028,75.797056,PM2.5,27,46,42
India,Karnataka,Chikkamagaluru,"Kalyana Nagara, Chikkamagaluru - KSPCB",21-08-2026 10:00:00,13.328028,75.797056,NO2,19,24,21
India,Karnataka,Dharwad,"Kalabhavan, Dharwad - KSPCB",21-08-2026 10:00:00,15.459706,75.008381,PM2.5,47,55,51
India,Karnataka,Dharwad,"Kalabhavan, Dharwad - KSPCB",21-08-2026 10:00:00,15.459706,75.008381,PM10,65,74,70
India,Karnataka,Dharwad,"Kalabhavan, Dharwad - KSPCB",21-08-2026 10:00:00,15.459706,75.008381,SO2,6,8,7
India,Karnataka,Dharwad,"Kalabhavan, Dharwad - KSPCB",21-08-2026 10:00:00,15.459706,75.008381,OZONE,22,23,23
India,Karnataka,Gadag,"Panchal Nagar, Gadag - KSPCB",21-08-2026 10:00:00,15.411456,75.638133,PM2.5,52,120,90
India,Karnataka,Hubballi,"Lingaraj Nagar, Hubballi - KSPCB",21-08-2026 10:00:00,15.3714823,75.1160168,PM10,46,59,52
India,Karnataka,Kalaburagi,"Mahatma Basaveswar Colony, Kalaburgi - KSPCB",21-08-2026 10:00:00,17.336318,76.847397,NH3,2,3,2
India,Karnataka,Kalaburagi,"Mahatma Basaveswar Colony, Kalaburgi - KSPCB",21-08-2026 10:00:00,17.336318,76.847397,SO2,2,5,4
India,Karnataka,Kalaburagi,"Mahatma Basaveswar Colony, Kalaburgi - KSPCB",21-08-2026 10:00:00,17.336318,76.847397,CO,29,31,30
India,Karnataka,Kalaburagi,"Mahatma Basaveswar Colony, Kalaburgi - KSPCB",21-08-2026 10:00:00,17.336318,76.847397,OZONE,13,14,14
India,Kerala,Thrissur,"Corporation Ground, Thrissur - Kerala PCB",21-08-2026 10:00:00,10.5324,76.2159,NH3,0,0,0
India,Ladakh,Leh,"Skara Yokma, Leh - LPCC",21-08-2026 10:00:00,34.147096,77.55709,OZONE,NA,NA,NA
India,Madhya Pradesh,Bhopal,"Paryavaran Parisar, Bhopal - MPPCB",21-08-2026 10:00:00,23.210494,77.425409,NH3,2,3,2
India,Madhya Pradesh,Bhopal,"Idgah Hills, Bhopal - MPPCB",21-08-2026 10:00:00,23.264759,77.381568,NO2,8,23,15
India,Madhya Pradesh,Bhopal,"Idgah Hills, Bhopal - MPPCB",21-08-2026 10:00:00,23.264759,77.381568,NH3,3,4,3
India,Madhya Pradesh,Bhopal,"T T Nagar, Bhopal - MPPCB",21-08-2026 10:00:00,23.233584,77.400574,NO2,10,19,13
India,Madhya Pradesh,Bhopal,"T T Nagar, Bhopal - MPPCB",21-08-2026 10:00:00,23.233584,77.400574,NH3,6,6,6
India,Madhya Pradesh,Damoh,"Shrivastav Colony, Damoh - MPPCB",21-08-2026 10:00:00,23.81748678,79.446246,NO2,NA,NA,NA
India,Madhya Pradesh,Damoh,"Shrivastav Colony, Damoh - MPPCB",21-08-2026 10:00:00,23.81748678,79.446246,NH3,NA,NA,NA
India,Madhya Pradesh,Damoh,"Shrivastav Colony, Damoh - MPPCB",21-08-2026 10:00:00,23.81748678,79.446246,CO,20,22,21
India,Madhya Pradesh,Dewas,"Bhopal Chauraha, Dewas - MPPCB",21-08-2026 10:00:00,22.9682591,76.064118,NO2,45,67,54
India,Madhya Pradesh,Gwalior,"Maharaj Bada, Gwalior - MPPCB",21-08-2026 10:00:00,26.200388,78.147714,PM2.5,7,418,106
India,Madhya Pradesh,Gwalior,"Maharaj Bada, Gwalior - MPPCB",21-08-2026 10:00:00,26.200388,78.147714,NH3,2,4,3
India,Madhya Pradesh,Gwalior,"City Center, Gwalior - MPPCB",21-08-2026 10:00:00,26.203442,78.193251,PM2.5,24,75,50
India,Haryana,Fatehabad,"Huda Sector, Fatehabad - HSPCB",21-08-2026 10:00:00,29.503664,75.467934,CO,45,59,50
India,Haryana,Gurugram,"Teri Gram, Gurugram - HSPCB",21-08-2026 10:00:00,28.4275,77.1465,OZONE,8,12,10
India,Haryana,Gurugram,"NISE Gwal Pahari, Gurugram - IITM",21-08-2026 10:00:00,28.422681,77.148944,PM2.5,26,110,63
India,Haryana,Gurugram,"NISE Gwal Pahari, Gurugram - IITM",21-08-2026 10:00:00,28.422681,77.148944,PM10,88,129,106
India,Haryana,Gurugram,"NISE Gwal Pahari, Gurugram - IITM",21-08-2026 10:00:00,28.422681,77.148944,NO2,10,26,16
India,Haryana,Gurugram,"NISE Gwal Pahari, Gurugram - IITM",21-08-2026 10:00:00,28.422681,77.148944,SO2,NA,NA,NA
India,Haryana,Gurugram,"Sector-51, Gurugram - HSPCB",21-08-2026 10:00:00,28.4227,77.0667,CO,4,17,8
India,Haryana,Gurugram,"Sector-51, Gurugram - HSPCB",21-08-2026 10:00:00,28.4227,77.0667,OZONE,12,33,18
India,Haryana,Gurugram,"Vikas Sadan, Gurugram - HSPCB",21-08-2026 10:00:00,28.4501238,77.0263051,PM10,38,252,90
India,Haryana,Gurugram,"Vikas Sadan, Gurugram - HSPCB",21-08-2026 10:00:00,28.4501238,77.0263051,CO,26,60,42
India,Haryana,Gurugram,"Vikas Sadan, Gurugram - HSPCB",21-08-2026 10:00:00,28.4501238,77.0263051,OZONE,1,2,2
India,Haryana,Hisar,"Urban Estate-II, Hisar - HSPCB",21-08-2026 10:00:00,29.14056,75.744941,SO2,0,13,11
India,Haryana,Jind,"Police Lines, Jind - HSPCB",21-08-2026 10:00:00,29.307814,76.337619,PM10,32,44,38
India,Haryana,Kaithal,"Rishi Nagar, Kaithal - HSPCB",21-08-2026 10:00:00,29.8006,76.4155,CO,16,24,19
India,Haryana,Karnal,"Sector-12, Karnal - HSPCB",21-08-2026 10:00:00,29.6953,77.0027,PM2.5,20,78,57
India,Haryana,Karnal,"Sector-12, Karnal - HSPCB",21-08-2026 10:00:00,29.6953,77.0027,NH3,6,12,8
India,Haryana,Karnal,"Sector-12, Karnal - HSPCB",21-08-2026 10:00:00,29.6953,77.0027,SO2,12,13,13
India,Haryana,Manesar,"Sector-2 IMT, Manesar - HSPCB",21-08-2026 10:00:00,28.360699,76.93609,PM2.5,78,277,140
India,Haryana,Manesar,"Sector-2 IMT, Manesar - HSPCB",21-08-2026 10:00:00,28.360699,76.93609,CO,6,9,7
India,Haryana,Palwal,"Shyam Nagar, Palwal - HSPCB",21-08-2026 10:00:00,28.1485564,77.3320667,PM2.5,33,74,49
India,Haryana,Panchgaon,"Amity University, Panchgaon - IITM",21-08-2026 10:00:00,28.3153,76.9143,PM10,52,87,66
India,Haryana,Panchgaon,"Amity University, Panchgaon - IITM",21-08-2026 10:00:00,28.3153,76.9143,NH3,3,5,4
India,Haryana,Panchgaon,"Amity University, Panchgaon - IITM",21-08-2026 10:00:00,28.3153,76.9143,SO2,8,19,12
India,Karnataka,Madikeri,"Stuart Hill, Madikeri - KSPCB",21-08-2026 10:00:00,12.415911,75.73505,PM2.5,12,29,20
India,Karnataka,Madikeri,"Stuart Hill, Madikeri - KSPCB",21-08-2026 10:00:00,12.415911,75.73505,NH3,1,1,1
India,Karnataka,Madikeri,"Stuart Hill, Madikeri - KSPCB",21-08-2026 10:00:00,12.415911,75.73505,OZONE,0,4,2
India,Karnataka,Mangalore,"Kadri, Mangalore - KSPCB",21-08-2026 10:00:00,12.88925,74.853,PM2.5,24,51,39
India,Karnataka,Mangalore,"Kadri, Mangalore - KSPCB",21-08-2026 10:00:00,12.88925,74.853,NO2,3,12,5
India,Karnataka,Mysuru,"Hebbal 1st Stage, Mysuru - KSPCB",21-08-2026 10:00:00,12.21041,76.37376,PM10,32,83,58
India,Karnataka,Mysuru,"Hebbal 1st Stage, Mysuru - KSPCB",21-08-2026 10:00:00,12.21041,76.37376,NO2,17,31,22
India,Karnataka,Mysuru,"Hebbal 1st Stage, Mysuru - KSPCB",21-08-2026 10:00:00,12.21041,76.37376,NH3,4,6,5
India,Karnataka,Vijayapura,"Ibrahimpur, Vijayapura - KSPCB",21-08-2026 10:00:00,16.802639,75.722694,PM10,42,43,43
India,Karnataka,Vijayapura,"Ibrahimpur, Vijayapura - KSPCB",21-08-2026 10:00:00,16.802639,75.722694,OZONE,16,17,16
India,Jharkhand,Dhanbad,"Sardar Patel Nagar, Dhanbad - JSPCB",21-08-2026 10:00:00,23.80569,86.44268,PM10,NA,NA,NA
India,Jharkhand,Jorapokhar,"Tata Stadium, Jorapokhar - JSPCB",21-08-2026 10:00:00,23.707909,86.41467,NO2,8,8,8
India,Karnataka,Bengaluru,"Jigani, Bengaluru - KSPCB",21-08-2026 10:00:00,12.7816279,77.6299145,PM10,47,79,60
India,Karnataka,Bengaluru,"Hombegowda Nagar, Bengaluru - KSPCB",21-08-2026 10:00:00,12.938539,77.5901,PM10,37,65,51
India,Karnataka,Bengaluru,"Hombegowda Nagar, Bengaluru - KSPCB",21-08-2026 10:00:00,12.938539,77.5901,OZONE,NA,NA,NA
India,Karnataka,Bengaluru,"Peenya, Bengaluru - CPCB",21-08-2026 10:00:00,13.0270199,77.494094,PM2.5,10,10,10
India,Karnataka,Bengaluru,"Hebbal, Bengaluru - KSPCB",21-08-2026 10:00:00,13.029152,77.585901,SO2,1,38,16
India,Madhya Pradesh,Gwalior,"City Center, Gwalior - MPPCB",21-08-2026 10:00:00,26.203442,78.193251,CO,17,36,25
India,Madhya Pradesh,Gwalior,"City Center, Gwalior - MPPCB",21-08-2026 10:00:00,26.203442,78.193251,OZONE,40,58,45
India,Madhya Pradesh,Indore,"Chhoti Gwaltoli, Indore - MPPCB",21-08-2026 10:00:00,22.431,75.5213,SO2,12,19,15
India,Madhya Pradesh,Indore,"Chhoti Gwaltoli, Indore - MPPCB",21-08-2026 10:00:00,22.431,75.5213,CO,18,22,19
India,Madhya Pradesh,Indore,"Chhoti Gwaltoli, Indore - MPPCB",21-08-2026 10:00:00,22.431,75.5213,OZONE,11,25,17
India,Madhya Pradesh,Indore,"Airport Area, Indore - IMC",21-08-2026 10:00:00,22.7289,75.8076,PM2.5,NA,NA,NA
India,Madhya Pradesh,Jabalpur,"Marhatal, Jabalpur - MPPCB",21-08-2026 10:00:00,23.168606,79.932247,PM10,48,94,64
India,Madhya Pradesh,Jabalpur,"Gupteshwar, Jabalpur - JMC",21-08-2026 10:00:00,23.142888,79.916147,PM10,NA,NA,NA
India,Kerala,Kannur,"Thavakkara, Kannur - Kerala PCB",21-08-2026 10:00:00,11.875,75.3732,CO,9,10,9
India,Kerala,Thiruvananthapuram,"Plammoodu, Thiruvananthapuram - Kerala PCB",21-08-2026 10:00:00,8.5149093,76.9435879,PM2.5,12,37,22
India,Kerala,Thiruvananthapuram,"Plammoodu, Thiruvananthapuram - Kerala PCB",21-08-2026 10:00:00,8.5149093,76.9435879,PM10,18,56,33
India,Kerala,Thiruvananthapuram,"Plammoodu, Thiruvananthapuram - Kerala PCB",21-08-2026 10:00:00,8.5149093,76.9435879,CO,5,14,7
India,Kerala,Thiruvananthapuram,"Kariavattom, Thiruvananthapuram - Kerala PCB",21-08-2026 10:00:00,8.5637,76.8865,NH3,0,0,0
India,Maharashtra,Jalgaon,"Prabhat Colony, Jalgaon - MPCB",21-08-2026 10:00:00,21.001264,75.565602,OZONE,8,15,10
India,Maharashtra,Jalna,"Old MIDC, Jalna - MPCB",21-08-2026 10:00:00,19.854616,75.905894,SO2,NA,NA,NA
India,Maharashtra,Kalyan,"Khadakpada, Kalyan - MPCB",21-08-2026 10:00:00,19.25292,73.142019,CO,NA,NA,NA
India,Maharashtra,Kalyan,"Pimpleshwar Mandir, Kalyan - MPCB",21-08-2026 10:00:00,19.192056,72.9585188,PM2.5,7,47,31
India,Maharashtra,Kalyan,"Pimpleshwar Mandir, Kalyan - MPCB",21-08-2026 10:00:00,19.192056,72.9585188,PM10,45,51,47
India,Maharashtra,Kolhapur,"Sinchan Bhavan, Kolhapur - MPCB",21-08-2026 10:00:00,16.7143745,74.2426398,PM2.5,12,24,17
India,Maharashtra,Kolhapur,"Sinchan Bhavan, Kolhapur - MPCB",21-08-2026 10:00:00,16.7143745,74.2426398,NO2,0,10,5
India,Maharashtra,Kolhapur,"Sinchan Bhavan, Kolhapur - MPCB",21-08-2026 10:00:00,16.7143745,74.2426398,CO,6,16,10
India,Maharashtra,Kolhapur,"Shivaji University, Kolhapur - MPCB",21-08-2026 10:00:00,16.6870449,74.2505872,PM10,19,41,32
India,Maharashtra,Kolhapur,"Shivaji University, Kolhapur - MPCB",21-08-2026 10:00:00,16.6870449,74.2505872,SO2,0,1,0
India,Maharashtra,Latur,"Sawe Wadi, Latur - MPCB",21-08-2026 10:00:00,18.39963,76.57452,PM10,34,75,51
India,Maharashtra,Mahad,"Kamble Tarf Birwadi, Mahad - MPCB",21-08-2026 10:00:00,18.1023399,73.4783687,SO2,3,48,13
India,Maharashtra,Mahad,"Kamble Tarf Birwadi, Mahad - MPCB",21-08-2026 10:00:00,18.1023399,73.4783687,CO,5,41,29
India,Maharashtra,Badlapur,"Katrap, Badlapur - MPCB",21-08-2026 10:00:00,19.16485,73.23409,NO2,15,18,17
India,Maharashtra,Badlapur,"Katrap, Badlapur - MPCB",21-08-2026 10:00:00,19.16485,73.23409,NH3,11,15,13
India,Maharashtra,Badlapur,"Katrap, Badlapur - MPCB",21-08-2026 10:00:00,19.16485,73.23409,SO2,7,10,9
India,Maharashtra,Belapur,"CBD Belapur, Belapur - MPCB",21-08-2026 10:00:00,19.0243902,73.0406721,NO2,NA,NA,NA
India,Maharashtra,Belapur,"CBD Belapur, Belapur - MPCB",21-08-2026 10:00:00,19.0243902,73.0406721,OZONE,9,10,9
India,Maharashtra,Bhiwandi,"Gokul Nagar, Bhiwandi - MPCB",21-08-2026 10:00:00,19.309073,73.057223,OZONE,25,31,28
India,Maharashtra,Chandrapur,"MIDC Khutala, Chandrapur - MPCB",21-08-2026 10:00:00,19.9775302,79.2337086,OZONE,10,26,15
India,Maharashtra,Chandrapur,"Chauhan Colony, Chandrapur - MPCB",21-08-2026 10:00:00,19.9629,79.298714,PM10,54,97,80
India,Maharashtra,Chandrapur,"Chauhan Colony, Chandrapur - MPCB",21-08-2026 10:00:00,19.9629,79.298714,OZONE,10,13,12
India,Maharashtra,Dhule,"Deopur, Dhule - MPCB",21-08-2026 10:00:00,20.918946,74.776388,PM2.5,17,39,28
India,Maharashtra,Dhule,"Deopur, Dhule - MPCB",21-08-2026 10:00:00,20.918946,74.776388,NO2,5,11,7
India,Maharashtra,Dhule,"Deopur, Dhule - MPCB",21-08-2026 10:00:00,20.918946,74.776388,SO2,0,6,2
India,Maharashtra,Dombivli,"Kalu Nagar, Dombivli - MPCB",21-08-2026 10:00:00,19.2268427,73.0788456,NH3,1,2,1
India,Maharashtra,Ambernath,"Chinchpada, Ambernath - MPCB",21-08-2026 10:00:00,19.215784,73.199781,OZONE,2,6,3
India,Maharashtra,Amravati,"Shivneri Colony, Amravati - MPCB",21-08-2026 10:00:00,20.9402359,77.7895248,PM2.5,20,51,31
India,Maharashtra,Pimpri-Chinchwad,"Park Street Wakad, Pimpri Chinchwad - MPCB",21-08-2026 10:00:00,18.59051,73.77946,OZONE,4,14,8
India,Maharashtra,Pimpri-Chinchwad,"Savta Mali Nagar, Pimpri-Chinchwad - IITM",21-08-2026 10:00:00,18.614767,73.799516,NH3,NA,NA,NA
India,Maharashtra,Pune,"Katraj Dairy, Pune - MPCB",21-08-2026 10:00:00,18.45445,73.854155,PM2.5,NA,NA,NA
India,Maharashtra,Pune,"Katraj Dairy, Pune - MPCB",21-08-2026 10:00:00,18.45445,73.854155,PM10,NA,NA,NA
India,Maharashtra,Pune,"Katraj Dairy, Pune - MPCB",21-08-2026 10:00:00,18.45445,73.854155,NH3,NA,NA,NA
India,Maharashtra,Ahmednagar,"Tarakpur, Ahmednagar - MPCB",21-08-2026 10:00:00,19.10122,74.73339,CO,3,19,9
India,Maharashtra,Ambernath,"Chinchpada, Ambernath - MPCB",21-08-2026 10:00:00,19.215784,73.199781,OZONE,2,6,3
India,Maharashtra,Amravati,"Shivneri Colony, Amravati - MPCB",21-08-2026 10:00:00,20.9402359,77.7895248,PM2.5,20,51,31
India,Maharashtra,Amravati,"Shivneri Colony, Amravati - MPCB",21-08-2026 10:00:00,20.9402359,77.7895248,NO2,4,14,7
India,Maharashtra,Amravati,"Shivneri Colony, Amravati - MPCB",21-08-2026 10:00:00,20.9402359,77.7895248,NH3,2,4,3
India,Maharashtra,Amravati,"Shivneri Colony, Amravati - MPCB",21-08-2026 10:00:00,20.9402359,77.7895248,SO2,9,11,10
India,Maharashtra,Aurangabad,"MIDC Chilkalthana, Aurangabad - MPCB",21-08-2026 10:00:00,19.87562,75.38731,NO2,10,12,11
India,Maharashtra,Aurangabad,"MIDC Chilkalthana, Aurangabad - MPCB",21-08-2026 10:00:00,19.87562,75.38731,SO2,4,9,7
India,Maharashtra,Aurangabad,"MIDC Chilkalthana, Aurangabad - MPCB",21-08-2026 10:00:00,19.87562,75.38731,CO,23,27,25
India,Maharashtra,Aurangabad,"Rachnakar Colony, Aurangabad - MPCB",21-08-2026 10:00:00,19.863756,75.321188,PM2.5,22,51,38
India,Maharashtra,Aurangabad,"More Chowk Waluj, Aurangabad - MPCB",21-08-2026 10:00:00,19.8389439,75.244448,NO2,9,12,10
India,Maharashtra,Aurangabad,"More Chowk Waluj, Aurangabad - MPCB",21-08-2026 10:00:00,19.8389439,75.244448,OZONE,9,17,13
India,Maharashtra,Badlapur,"Katrap, Badlapur - MPCB",21-08-2026 10:00:00,19.16485,73.23409,PM10,15,17,16
India,Maharashtra,Badlapur,"Katrap, Badlapur - MPCB",21-08-2026 10:00:00,19.16485,73.23409,NO2,15,18,17
India,Maharashtra,Badlapur,"Katrap, Badlapur - MPCB",21-08-2026 10:00:00,19.16485,73.23409,NH3,11,15,13
India,Maharashtra,Badlapur,"Katrap, Badlapur - MPCB",21-08-2026 10:00:00,19.16485,73.23409,SO2,7,10,9
India,Maharashtra,Belapur,"CBD Belapur, Belapur - MPCB",21-08-2026 10:00:00,19.0243902,73.0406721,NO2,NA,NA,NA
India,Maharashtra,Belapur,"CBD Belapur, Belapur - MPCB",21-08-2026 10:00:00,19.0243902,73.0406721,OZONE,9,10,9
India,Maharashtra,Bhiwandi,"Gokul Nagar, Bhiwandi - MPCB",21-08-2026 10:00:00,19.309073,73.057223,OZONE,25,31,28
India,Maharashtra,Chandrapur,"MIDC Khutala, Chandrapur - MPCB",21-08-2026 10:00:00,19.9775302,79.2337086,OZONE,10,26,15
India,Maharashtra,Chandrapur,"Chauhan Colony, Chandrapur - MPCB",21-08-2026 10:00:00,19.9629,79.298714,PM10,54,97,80
India,Maharashtra,Chandrapur,"Chauhan Colony, Chandrapur - MPCB",21-08-2026 10:00:00,19.9629,79.298714,OZONE,10,13,12
India,Maharashtra,Dhule,"Deopur, Dhule - MPCB",21-08-2026 10:00:00,20.918946,74.776388,PM2.5,17,39,28
India,Maharashtra,Dhule,"Deopur, Dhule - MPCB",21-08-2026 10:00:00,20.918946,74.776388,NO2,5,11,7
India,Maharashtra,Dhule,"Deopur, Dhule - MPCB",21-08-2026 10:00:00,20.918946,74.776388,SO2,0,6,2
India,Maharashtra,Dombivli,"Kalu Nagar, Dombivli - MPCB",21-08-2026 10:00:00,19.2268427,73.0788456,NH3,1,2,1
India,Maharashtra,Jalgaon,"Prabhat Colony, Jalgaon - MPCB",21-08-2026 10:00:00,21.001264,75.565602,OZONE,8,15,10
India,Maharashtra,Jalna,"Old MIDC, Jalna - MPCB",21-08-2026 10:00:00,19.854616,75.905894,SO2,NA,NA,NA
India,Maharashtra,Kalyan,"Khadakpada, Kalyan - MPCB",21-08-2026 10:00:00,19.25292,73.142019,CO,NA,NA,NA
India,Maharashtra,Kalyan,"Pimpleshwar Mandir, Kalyan - MPCB",21-08-2026 10:00:00,19.192056,72.9585188,PM2.5,7,47,31
India,Maharashtra,Kalyan,"Pimpleshwar Mandir, Kalyan - MPCB",21-08-2026 10:00:00,19.192056,72.9585188,PM10,45,51,47
India,Maharashtra,Kolhapur,"Sinchan Bhavan, Kolhapur - MPCB",21-08-2026 10:00:00,16.7143745,74.2426398,PM2.5,12,24,17
India,Maharashtra,Kolhapur,"Sinchan Bhavan, Kolhapur - MPCB",21-08-2026 10:00:00,16.7143745,74.2426398,NO2,0,10,5
India,Maharashtra,Kolhapur,"Sinchan Bhavan, Kolhapur - MPCB",21-08-2026 10:00:00,16.7143745,74.2426398,CO,6,16,10
India,Maharashtra,Kolhapur,"Shivaji University, Kolhapur - MPCB",21-08-2026 10:00:00,16.6870449,74.2505872,PM10,19,41,32
India,Maharashtra,Kolhapur,"Shivaji University, Kolhapur - MPCB",21-08-2026 10:00:00,16.6870449,74.2505872,SO2,0,1,0
India,Maharashtra,Latur,"Sawe Wadi, Latur - MPCB",21-08-2026 10:00:00,18.39963,76.57452,PM10,34,75,51
India,Maharashtra,Mahad,"Kamble Tarf Birwadi, Mahad - MPCB",21-08-2026 10:00:00,18.1023399,73.4783687,SO2,3,48,13
India,Maharashtra,Mahad,"Kamble Tarf Birwadi, Mahad - MPCB",21-08-2026 10:00:00,18.1023399,73.4783687,CO,5,41,29
India,Maharashtra,Mira-Bhayandar,"Bhayandar West, Mira-Bhayandar - MPCB",21-08-2026 10:00:00,19.296481,72.840923,SO2,2,4,3
India,Maharashtra,Mumbai,"Deonar, Mumbai - IITM",21-08-2026 10:00:00,19.04946,72.923,PM10,19,37,28
India,Maharashtra,Mumbai,"Chhatrapati Shivaji Intl. Airport (T2), Mumbai - MPCB",21-08-2026 10:00:00,19.10078,72.87462,NO2,13,13,13
India,Maharashtra,Mumbai,"Chhatrapati Shivaji Intl. Airport (T2), Mumbai - MPCB",21-08-2026 10:00:00,19.10078,72.87462,NH3,1,1,1
India,Maharashtra,Nagpur,"Mahal, Nagpur - MPCB",21-08-2026 10:00:00,21.14472,79.107595,PM10,45,110,66
India,Maharashtra,Nagpur,"Mahal, Nagpur - MPCB",21-08-2026 10:00:00,21.14472,79.107595,SO2,0,14,8
India,Maharashtra,Nagpur,"Mahal, Nagpur - MPCB",21-08-2026 10:00:00,21.14472,79.107595,OZONE,5,8,7
India,Maharashtra,Nagpur,"Ram Nagar, Nagpur - MPCB",21-08-2026 10:00:00,21.143383,79.048912,NH3,1,1,1
India,Maharashtra,Nagpur,"Ram Nagar, Nagpur - MPCB",21-08-2026 10:00:00,21.143383,79.048912,SO2,1,8,4
India,Maharashtra,Nagpur,"Opp GPO Civil Lines, Nagpur - MPCB",21-08-2026 10:00:00,21.152875,79.0517531,PM10,34,166,58
India,Maharashtra,Nagpur,"Opp GPO Civil Lines, Nagpur - MPCB",21-08-2026 10:00:00,21.152875,79.0517531,SO2,3,8,6
India,Maharashtra,Nagpur,"Ambazari, Nagpur - MPCB",21-08-2026 10:00:00,21.121801,79.04952,PM2.5,28,57,41
India,Maharashtra,Nagpur,"Ambazari, Nagpur - MPCB",21-08-2026 10:00:00,21.121801,79.04952,OZONE,11,14,13
India,Maharashtra,Mumbai,"Khindipada-Bhandup West, Mumbai - IITM",21-08-2026 10:00:00,19.1653323,72.922099,PM10,31,60,44
India,Maharashtra,Mumbai,"Khindipada-Bhandup West, Mumbai - IITM",21-08-2026 10:00:00,19.1653323,72.922099,CO,38,42,41
India,Maharashtra,Mumbai,"Malad West, Mumbai - IITM",21-08-2026 10:00:00,19.19709,72.82204,PM2.5,4,25,12
India,Maharashtra,Mumbai,"Borivali East, Mumbai - IITM",21-08-2026 10:00:00,19.23241,72.86895,OZONE,19,33,26
India,Maharashtra,Mumbai,"Mazgaon, Mumbai - IITM",21-08-2026 10:00:00,18.96702,72.84214,NO2,26,48,34
India,Maharashtra,Mumbai,"Mazgaon, Mumbai - IITM",21-08-2026 10:00:00,18.96702,72.84214,SO2,7,17,10
India,Maharashtra,Mumbai,"Mazgaon, Mumbai - IITM",21-08-2026 10:00:00,18.96702,72.84214,CO,34,56,47
India,Maharashtra,Mumbai,"Chakala-Andheri East, Mumbai - IITM",21-08-2026 10:00:00,19.11074,72.86084,PM2.5,13,24,19
India,Maharashtra,Mumbai,"Chakala-Andheri East, Mumbai - IITM",21-08-2026 10:00:00,19.11074,72.86084,OZONE,7,9,8
India,Maharashtra,Mumbai,"Ghatkopar, Mumbai - BMC",21-08-2026 10:00:00,19.083694,72.920967,PM10,36,51,41
India,Maharashtra,Nanded,"Sneh Nagar, Nanded - MPCB",21-08-2026 10:00:00,19.173852,77.296291,OZONE,10,27,16
India,Maharashtra,Nashik,"Gangapur Road, Nashik - MPCB",21-08-2026 10:00:00,20.0073285,73.7762427,SO2,4,9,7
India,Maharashtra,Nashik,"Hirawadi, Nashik - MPCB",21-08-2026 10:00:00,20.021503,73.813844,CO,26,33,29
India,Maharashtra,Nashik,"MIDC Ambad, Nashik - MPCB",21-08-2026 10:00:00,19.95022,73.73148,OZONE,5,17,10
India,Maharashtra,Navi Mumbai,"Sanpada, Navi Mumbai - MPCB",21-08-2026 10:00:00,19.0575752,73.0151367,PM10,32,46,39
India,Maharashtra,Navi Mumbai,"Sector-2E Kalamboli, Navi Mumbai - MPCB",21-08-2026 10:00:00,19.02579,73.10297,NH3,6,10,8
India,Maharashtra,Mumbai,"Sion, Mumbai - MPCB",21-08-2026 10:00:00,19.047,72.8746,SO2,5,6,5
India,Maharashtra,Mumbai,"Sion, Mumbai - MPCB",21-08-2026 10:00:00,19.047,72.8746,CO,18,19,19
India,Maharashtra,Mumbai,"Borivali East, Mumbai - MPCB",21-08-2026 10:00:00,19.2243333,72.8658113,PM2.5,10,17,13
India,Maharashtra,Mumbai,"Borivali East, Mumbai - MPCB",21-08-2026 10:00:00,19.2243333,72.8658113,CO,9,10,9
India,Maharashtra,Mumbai,"Siddharth Nagar-Worli, Mumbai - IITM",21-08-2026 10:00:00,19.000083,72.813993,SO2,NA,NA,NA
India,Maharashtra,Mumbai,"Bandra Kurla Complex, Mumbai - MPCB",21-08-2026 10:00:00,19.065931,72.862131,PM2.5,NA,NA,NA
India,Maharashtra,Mumbai,"Byculla, Mumbai - BMC",21-08-2026 10:00:00,18.9767,72.838,OZONE,7,9,8
India,Maharashtra,Mumbai,"Navy Nagar-Colaba, Mumbai - IITM",21-08-2026 10:00:00,18.897756,72.81332,PM10,38,63,52
India,Maharashtra,Mumbai,"Mulund West, Mumbai - MPCB",21-08-2026 10:00:00,19.175,72.9419,NO2,NA,NA,NA
India,Maharashtra,Mumbai,"Mulund West, Mumbai - MPCB",21-08-2026 10:00:00,19.175,72.9419,CO,NA,NA,NA
India,Maharashtra,Thane,"Upvan Fort, Thane - MPCB",21-08-2026 10:00:00,19.222279,72.957979,SO2,NA,NA,NA
India,Maharashtra,Ulhasnagar,"Vithalwadi, Ulhasnagar - MPCB",21-08-2026 10:00:00,19.2307571,73.155192,PM2.5,10,35,18
India,Maharashtra,Ulhasnagar,"Vithalwadi, Ulhasnagar - MPCB",21-08-2026 10:00:00,19.2307571,73.155192,PM10,26,80,47
India,Maharashtra,Ulhasnagar,"Vithalwadi, Ulhasnagar - MPCB",21-08-2026 10:00:00,19.2307571,73.155192,NH3,10,14,11
India,Maharashtra,Ulhasnagar,"Vithalwadi, Ulhasnagar - MPCB",21-08-2026 10:00:00,19.2307571,73.155192,OZONE,10,13,12
India,Maharashtra,Virar,"Bolinj, Virar - MPCB",21-08-2026 10:00:00,19.445821,72.7988231,NO2,13,21,17
India,Meghalaya,Byrnihat,"15th Mile-Nongthymmai, Byrnihat -Meghalaya PCB",21-08-2026 10:00:00,26.079047,91.875185,PM2.5,NA,NA,NA
India,Meghalaya,Byrnihat,"15th Mile-Nongthymmai, Byrnihat -Meghalaya PCB",21-08-2026 10:00:00,26.079047,91.875185,PM10,NA,NA,NA
India,Meghalaya,Shillong,"JN Stadium, Shillong - Meghalaya PCB",21-08-2026 10:00:00,25.5803419,91.8942571,OZONE,42,51,47
India,Meghalaya,Shillong,"Lumpyngngad, Shillong - Meghalaya PCB",21-08-2026 10:00:00,25.5586,91.8985,NH3,0,0,0
India,Mizoram,Aizawl,"Sikulpuikawn, Aizawl - Mizoram PCB",21-08-2026 10:00:00,23.7176342,92.7192841,CO,3,3,3
India,Mizoram,Aizawl,"Sikulpuikawn, Aizawl - Mizoram PCB",21-08-2026 10:00:00,23.7176342,92.7192841,OZONE,0,1,0
India,Nagaland,Kohima,"PWD Junction, Kohima - NPCB",21-08-2026 10:00:00,25.6635413,94.0989878,NH3,0,1,1
India,Odisha,Angul,"Hakimapada, Angul - OSPCB",21-08-2026 10:00:00,20.832874,85.104082,CO,3,40,28
India,Odisha,Balasore,"Kalidaspur, Balasore - OSPCB",21-08-2026 10:00:00,21.51161,86.89088,NH3,3,4,3
India,Odisha,Barbil,"Forest Office, Barbil - OSPCB",21-08-2026 10:00:00,22.1166054,85.3945546,CO,12,49,31
India,Odisha,Baripada,"Meher Colony, Baripada - OSPCB",21-08-2026 10:00:00,21.941841,86.728318,NO2,0,23,10
India,Odisha,Baripada,"Meher Colony, Baripada - OSPCB",21-08-2026 10:00:00,21.941841,86.728318,CO,2,14,6
India,Odisha,Baripada,"Meher Colony, Baripada - OSPCB",21-08-2026 10:00:00,21.941841,86.728318,OZONE,27,55,36
India,Odisha,Bhubaneswar,"Patia, Bhubaneswar - OSPCB",21-08-2026 10:00:00,20.34652,85.8163,PM2.5,5,58,27
India,Odisha,Bhubaneswar,"Patia, Bhubaneswar - OSPCB",21-08-2026 10:00:00,20.34652,85.8163,PM10,18,116,49
India,Odisha,Brajrajnagar,"GM Office, Brajrajnagar - OSPCB",21-08-2026 10:00:00,21.8004996,83.8396977,SO2,16,19,17
India,Odisha,Brajrajnagar,"GM Office, Brajrajnagar - OSPCB",21-08-2026 10:00:00,21.8004996,83.8396977,OZONE,42,45,43
India,Odisha,Byasanagar,"Ferro Chrome Colony, Byasanagar - OSPCB",21-08-2026 10:00:00,20.94185,86.1151,PM10,26,141,62
India,Odisha,Cuttack,"CDA Area, Cuttack - OSPCB",21-08-2026 10:00:00,20.48891,85.84768,PM2.5,13,153,47
India,Odisha,Cuttack,"CDA Area, Cuttack - OSPCB",21-08-2026 10:00:00,20.48891,85.84768,OZONE,26,39,31
India,Odisha,Keonjhar,"Jagamohanpur, Keonjhar - OSPCB",21-08-2026 10:00:00,21.6439,85.599355,CO,39,40,40
India,Odisha,Rourkela,"Sector-2, Rourkela - OSPCB",21-08-2026 10:00:00,22.245,84.88111111,NO2,11,11,11
India,Odisha,Rourkela,"Raghunathpali, Rourkela - OSPCB",21-08-2026 10:00:00,22.220833,84.809444,NO2,13,14,14
India,Odisha,Rourkela,"Fertilizer Township, Rourkela - OSPCB",21-08-2026 10:00:00,22.18972222,84.86277778,NH3,NA,NA,NA
India,Rajasthan,Dausa,"Khatikan Mohalla, Dausa - RSPCB",21-08-2026 10:00:00,26.895552,76.334753,CO,11,41,22
India,Rajasthan,Dholpur,"Raja Ganj, Dholpur - RSPCB",21-08-2026 10:00:00,26.699557,77.898881,PM2.5,13,56,34
India,Rajasthan,Hanumangarh,"Housing Board, Hanumangarh - RSPCB",21-08-2026 10:00:00,29.61075,74.283608,CO,16,34,25
India,Rajasthan,Jaipur,"Mansarovar Sector-12, Jaipur - RSPCB",21-08-2026 10:00:00,26.843698,75.766894,PM10,73,121,97
India,Rajasthan,Jaipur,"Sector-2 Murlipura, Jaipur - RSPCB",21-08-2026 10:00:00,26.960669,75.771817,PM10,8,112,79
India,Rajasthan,Jaipur,"Sector-2 Murlipura, Jaipur - RSPCB",21-08-2026 10:00:00,26.960669,75.771817,NO2,10,34,19
India,Rajasthan,Jaipur,"Sector-2 Murlipura, Jaipur - RSPCB",21-08-2026 10:00:00,26.960669,75.771817,NH3,2,11,5
India,Rajasthan,Jaipur,"Sector-2 Murlipura, Jaipur - RSPCB",21-08-2026 10:00:00,26.960669,75.771817,OZONE,2,7,5
India,Rajasthan,Jaipur,"Police Commissionerate, Jaipur - RSPCB",21-08-2026 10:00:00,26.9164092,75.7994901,NO2,26,56,41
India,Rajasthan,Jaipur,"Police Commissionerate, Jaipur - RSPCB",21-08-2026 10:00:00,26.9164092,75.7994901,NH3,22,30,25
India,Rajasthan,Jaipur,"Police Commissionerate, Jaipur - RSPCB",21-08-2026 10:00:00,26.9164092,75.7994901,SO2,10,17,13
India,Rajasthan,Jaipur,"RIICO Sitapura, Jaipur - RSPCB",21-08-2026 10:00:00,26.786682,75.827928,NH3,3,3,3
India,Rajasthan,Jaipur,"Shastri Nagar, Jaipur - RSPCB",21-08-2026 10:00:00,26.9502929,75.730943,PM2.5,50,122,71
India,Rajasthan,Jaipur,"Shastri Nagar, Jaipur - RSPCB",21-08-2026 10:00:00,26.9502929,75.730943,PM10,68,110,89
India,Rajasthan,Baran,"Bamboliya, Baran - RSPCB",21-08-2026 10:00:00,25.106006,76.469948,NO2,15,26,20
India,Rajasthan,Barmer,"Railway Colony, Barmer - RSPCB",21-08-2026 10:00:00,25.747299,71.393989,CO,12,17,14
India,Rajasthan,Bhilwara,"Pratap Nagar, Bhilwara - RSPCB",21-08-2026 10:00:00,25.339605,74.618883,SO2,5,10,8
India,Rajasthan,Bhiwadi,"RIICO Ind. Area III, Bhiwadi - RSPCB",21-08-2026 10:00:00,28.194909,76.862296,SO2,4,12,9
India,Rajasthan,Bhiwadi,"RIICO Ind. Area III, Bhiwadi - RSPCB",21-08-2026 10:00:00,28.194909,76.862296,OZONE,5,20,11
India,Rajasthan,Bundi,"New Colony, Bundi - RSPCB",21-08-2026 10:00:00,25.435774,75.644272,PM10,54,107,75
India,Rajasthan,Chittorgarh,"Shastri Nagar, Chittorgarh - RSPCB",21-08-2026 10:00:00,24.892047,74.623527,SO2,4,8,6
India,Rajasthan,Churu,"Subash Chowk, Churu - RSPCB",21-08-2026 10:00:00,28.296139,74.961696,PM2.5,13,38,25
India,Rajasthan,Churu,"Subash Chowk, Churu - RSPCB",21-08-2026 10:00:00,28.296139,74.961696,NH3,4,4,4
India,Rajasthan,Churu,"Subash Chowk, Churu - RSPCB",21-08-2026 10:00:00,28.296139,74.961696,CO,18,24,23
India,Rajasthan,Churu,"Subash Chowk, Churu - RSPCB",21-08-2026 10:00:00,28.296139,74.961696,OZONE,26,29,28
India,Rajasthan,Dausa,"Khatikan Mohalla, Dausa - RSPCB",21-08-2026 10:00:00,26.895552,76.334753,PM2.5,30,190,51
India,Rajasthan,Dausa,"Khatikan Mohalla, Dausa - RSPCB",21-08-2026 10:00:00,26.895552,76.334753,NO2,6,49,18
India,Maharashtra,Pune,"Hadapsar, Pune - IITM",21-08-2026 10:00:00,18.501793,73.927532,CO,16,105,38
India,Maharashtra,Pune,"Hadapsar, Pune - IITM",21-08-2026 10:00:00,18.501793,73.927532,OZONE,7,10,8
India,Maharashtra,Pune,"Revenue Colony-Shivajinagar, Pune - IITM",21-08-2026 10:00:00,18.530085,73.849598,PM2.5,NA,NA,NA
India,Maharashtra,Pune,"Panchawati_Pashan, Pune - IITM",21-08-2026 10:00:00,18.536457,73.805454,PM2.5,17,34,25
India,Maharashtra,Pune,"Savitribai Phule Pune University, Pune - MPCB",21-08-2026 10:00:00,18.547056,73.826908,CO,25,29,28
India,Maharashtra,Pune,"Savitribai Phule Pune University, Pune - MPCB",21-08-2026 10:00:00,18.547056,73.826908,OZONE,3,14,8
India,Maharashtra,Sangli,"Vijay Nagar, Sangli - MPCB",21-08-2026 10:00:00,16.5038,74.3623,PM10,27,42,33
India,Maharashtra,Sangli,"Vijay Nagar, Sangli - MPCB",21-08-2026 10:00:00,16.5038,74.3623,NH3,0,3,1
India,Maharashtra,Sangli,"Vijay Nagar, Sangli - MPCB",21-08-2026 10:00:00,16.5038,74.3623,OZONE,10,19,12
India,Maharashtra,Satara,"Koyana Nagar, Satara - MPCB",21-08-2026 10:00:00,17.696651,74.003387,NH3,1,2,1
India,Maharashtra,Satara,"Koyana Nagar, Satara - MPCB",21-08-2026 10:00:00,17.696651,74.003387,SO2,4,7,5
India,Punjab,Jalandhar,"Civil Line, Jalandhar - PPCB",21-08-2026 10:00:00,31.321907,75.578914,NH3,4,5,4
India,Punjab,Ludhiana,"Punjab Agricultural University, Ludhiana - PPCB",21-08-2026 10:00:00,30.9028,75.8086,OZONE,49,55,51
India,Punjab,Patiala,"Model Town, Patiala - PPCB",21-08-2026 10:00:00,30.349388,76.366642,PM2.5,22,36,29
India,Punjab,Rupnagar,"Ratanpura, Rupnagar - Ambuja Cements",21-08-2026 10:00:00,31.0325454,76.5623046,NO2,9,46,27
India,Rajasthan,Ajmer,"Civil Lines,  Ajmer - RSPCB",21-08-2026 10:00:00,26.470859,74.646594,NH3,5,6,6
India,Rajasthan,Ajmer,"Civil Lines,  Ajmer - RSPCB",21-08-2026 10:00:00,26.470859,74.646594,CO,11,39,25
India,Rajasthan,Alwar,"Moti Doongri, Alwar - RSPCB",21-08-2026 10:00:00,27.554793,76.611536,CO,4,100,54
India,Rajasthan,Jaisalmer,"Sadar Bazar, Jaisalmer - RSPCB",21-08-2026 10:00:00,26.912329,70.909168,PM2.5,22,43,33
India,Rajasthan,Jaisalmer,"Sadar Bazar, Jaisalmer - RSPCB",21-08-2026 10:00:00,26.912329,70.909168,NH3,6,11,9
India,Rajasthan,Jhunjhunu,"Indra Nagar, Jhunjhunu - RSPCB",21-08-2026 10:00:00,28.108988,75.386577,PM2.5,27,84,42
India,Rajasthan,Jhunjhunu,"Indra Nagar, Jhunjhunu - RSPCB",21-08-2026 10:00:00,28.108988,75.386577,NH3,3,7,5
India,Rajasthan,Jhunjhunu,"Indra Nagar, Jhunjhunu - RSPCB",21-08-2026 10:00:00,28.108988,75.386577,OZONE,23,33,28
India,Rajasthan,Jodhpur,"Digari Kalan, Jodhpur - RSPCB",21-08-2026 10:00:00,26.29581,73.082283,PM2.5,7,37,21
India,Rajasthan,Jodhpur,"Digari Kalan, Jodhpur - RSPCB",21-08-2026 10:00:00,26.29581,73.082283,PM10,73,128,94
India,Rajasthan,Jodhpur,"Digari Kalan, Jodhpur - RSPCB",21-08-2026 10:00:00,26.29581,73.082283,CO,14,18,16
India,Punjab,Amritsar,"Golden Temple, Amritsar - PPCB",21-08-2026 10:00:00,31.62,74.876512,PM2.5,59,128,70
India,Punjab,Amritsar,"Golden Temple, Amritsar - PPCB",21-08-2026 10:00:00,31.62,74.876512,NO2,7,17,15
India,Punjab,Bathinda,"Hardev Nagar, Bathinda - PPCB",21-08-2026 10:00:00,30.233011,74.907758,NO2,NA,NA,NA
India,Rajasthan,Alwar,"Vigyan Nagar, Alwar - RSPCB",21-08-2026 10:00:00,27.598796,76.63861,PM2.5,18,82,47
India,Rajasthan,Alwar,"Vigyan Nagar, Alwar - RSPCB",21-08-2026 10:00:00,27.598796,76.63861,CO,46,51,48
India,Uttar Pradesh,Ghaziabad,"Govindpuram, Ghaziabad - UPPCB",21-08-2026 10:00:00,28.694528,77.494705,SO2,0,3,2
India,Uttar Pradesh,Greater Noida,"Knowledge Park - V, Greater Noida - UPPCB",21-08-2026 10:00:00,28.557054,77.453663,NO2,21,56,36
India,Uttar Pradesh,Greater Noida,"Knowledge Park - V, Greater Noida - UPPCB",21-08-2026 10:00:00,28.557054,77.453663,OZONE,1,32,11
India,Uttar Pradesh,Greater Noida,"Knowledge Park - III, Greater Noida - UPPCB",21-08-2026 10:00:00,28.47272,77.482,NO2,21,56,33
India,Uttar Pradesh,Jhansi,"Shivaji Nagar, Jhansi - UPPCB",21-08-2026 10:00:00,25.4547,78.6039,NO2,4,6,6
India,Uttar Pradesh,Jhansi,"Shivaji Nagar, Jhansi - UPPCB",21-08-2026 10:00:00,25.4547,78.6039,SO2,19,31,24
India,Uttar Pradesh,Jhansi,"Shivaji Nagar, Jhansi - UPPCB",21-08-2026 10:00:00,25.4547,78.6039,CO,7,18,10
India,Uttar Pradesh,Kanpur,"FTI Kidwai Nagar, Kanpur - UPPCB",21-08-2026 10:00:00,26.428282,80.327067,SO2,21,58,47
India,Uttar Pradesh,Kanpur,"NSI Kalyanpur, Kanpur - UPPCB",21-08-2026 10:00:00,26.509954,80.249612,PM10,6,84,55
India,Uttar Pradesh,Kanpur,"NSI Kalyanpur, Kanpur - UPPCB",21-08-2026 10:00:00,26.509954,80.249612,SO2,22,26,24
India,Uttar Pradesh,Kanpur,"NSI Kalyanpur, Kanpur - UPPCB",21-08-2026 10:00:00,26.509954,80.249612,OZONE,20,21,21
India,Uttar Pradesh,Kanpur,"Nehru Nagar, Kanpur - UPPCB",21-08-2026 10:00:00,26.4703136,80.3229863,PM2.5,47,134,63
India,Uttar Pradesh,Kanpur,"Nehru Nagar, Kanpur - UPPCB",21-08-2026 10:00:00,26.4703136,80.3229863,NH3,NA,NA,NA
India,Uttar Pradesh,Kanpur,"Nehru Nagar, Kanpur - UPPCB",21-08-2026 10:00:00,26.4703136,80.3229863,SO2,9,12,11
India,Uttar Pradesh,Kanpur,"Nehru Nagar, Kanpur - UPPCB",21-08-2026 10:00:00,26.4703136,80.3229863,CO,47,49,48
India,Uttar Pradesh,Khora,"Prashant Garden, Khora - UPPCB",21-08-2026 10:00:00,28.61119,77.34206,PM10,81,127,104
India,Uttar Pradesh,Khora,"Prashant Garden, Khora - UPPCB",21-08-2026 10:00:00,28.61119,77.34206,NO2,17,25,21
India,Uttar Pradesh,Khora,"Prashant Garden, Khora - UPPCB",21-08-2026 10:00:00,28.61119,77.34206,OZONE,5,9,6
India,Uttar Pradesh,Khurja,"Kalindi Kunj, Khurja - UPPCB",21-08-2026 10:00:00,28.2348927,77.8683002,CO,42,54,49
India,Uttar Pradesh,Lucknow,"Talkatora District Industries Center, Lucknow - CPCB",21-08-2026 10:00:00,26.83399722,80.8917361,PM10,39,90,63
India,Uttar Pradesh,Lucknow,"Talkatora District Industries Center, Lucknow - CPCB",21-08-2026 10:00:00,26.83399722,80.8917361,CO,4,10,6
India,Rajasthan,Jodhpur,"Mandor, Jodhpur - RSPCB",21-08-2026 10:00:00,26.358805,73.047444,NO2,3,11,5
India,Rajasthan,Jodhpur,"Mandor, Jodhpur - RSPCB",21-08-2026 10:00:00,26.358805,73.047444,NH3,2,3,3
India,Rajasthan,Jodhpur,"Mandor, Jodhpur - RSPCB",21-08-2026 10:00:00,26.358805,73.047444,OZONE,28,43,38
India,Rajasthan,Jodhpur,"Collectorate, Jodhpur - RSPCB",21-08-2026 10:00:00,26.268249,73.0193853,NH3,1,9,6
India,Rajasthan,Jodhpur,"Samrat Ashok Udhyan, Jodhpur - RSPCB",21-08-2026 10:00:00,26.253384,72.976571,CO,9,12,10
India,Rajasthan,Karauli,"Satyawati Vihar, Karauli - RSPCB",21-08-2026 10:00:00,26.506177,77.025989,NO2,28,56,41
India,Rajasthan,Khairthal,"New Anaj Mandi, Khairthal - RSPCB",21-08-2026 10:00:00,27.8015617,76.6365217,NO2,27,33,30
India,Rajasthan,Kota,"Nayapura, Kota - RSPCB",21-08-2026 10:00:00,25.196024,75.855668,PM2.5,13,120,42
India,Rajasthan,Kota,"Nayapura, Kota - RSPCB",21-08-2026 10:00:00,25.196024,75.855668,PM10,55,120,85
India,Rajasthan,Kota,"Nayapura, Kota - RSPCB",21-08-2026 10:00:00,25.196024,75.855668,NO2,10,28,18
India,Rajasthan,Kota,"Nayapura, Kota - RSPCB",21-08-2026 10:00:00,25.196024,75.855668,OZONE,14,25,17
India,Rajasthan,Kota,"Dhanmandi, Kota - RSPCB",21-08-2026 10:00:00,25.16409,75.858137,NH3,1,3,3
India,Rajasthan,Kota,"Dhanmandi, Kota - RSPCB",21-08-2026 10:00:00,25.16409,75.858137,CO,14,18,16
India,Rajasthan,Kota,"Shrinath Puram, Kota - RSPCB",21-08-2026 10:00:00,25.14389,75.821256,CO,33,56,43
India,Rajasthan,Kota,"Shrinath Puram, Kota - RSPCB",21-08-2026 10:00:00,25.14389,75.821256,OZONE,1,24,13
India,Rajasthan,Nagaur,"Karni Colony, Nagaur - RSPCB",21-08-2026 10:00:00,27.213494,73.734444,PM2.5,10,43,31
India,Rajasthan,Pali,"Indira Colony Vistar, Pali - RSPCB",21-08-2026 10:00:00,25.771061,73.340227,NH3,3,12,7
India,Rajasthan,Pali,"Indira Colony Vistar, Pali - RSPCB",21-08-2026 10:00:00,25.771061,73.340227,CO,24,57,42
India,Rajasthan,Pali,"Indira Colony Vistar, Pali - RSPCB",21-08-2026 10:00:00,25.771061,73.340227,OZONE,8,27,13
India,Rajasthan,Pratapgarh,"Pragati Nagar, Pratapgarh - RSPCB",21-08-2026 10:00:00,24.041198,74.780702,NH3,3,4,4
India,Uttar Pradesh,Bareilly,"Civil Lines, Bareilly - UPPCB",21-08-2026 10:00:00,28.359581,79.414455,OZONE,NA,NA,NA
India,Uttar Pradesh,Bulandshahr,"Yamunapuram, Bulandshahr - UPPCB",21-08-2026 10:00:00,28.406963,77.849831,NH3,7,13,9
India,Uttar Pradesh,Fatehpur Sikri,"Dadupura, Fatehpur Sikri - UPPCB",21-08-2026 10:00:00,27.097694,77.671335,PM10,66,68,67
India,Uttar Pradesh,Firozabad,"Nagla Bhau, Firozabad - UPPCB",21-08-2026 10:00:00,27.168897,78.37696,NH3,2,2,2
India,Uttar Pradesh,Firozabad,"Nagla Bhau, Firozabad - UPPCB",21-08-2026 10:00:00,27.168897,78.37696,OZONE,8,11,10
India,Uttar Pradesh,Firozabad,"Vibhab Nagar, Firozabad - UPPCB",21-08-2026 10:00:00,27.1594,78.3953,PM2.5,NA,NA,NA
India,Uttar Pradesh,Firozabad,"Vibhab Nagar, Firozabad - UPPCB",21-08-2026 10:00:00,27.1594,78.3953,NO2,15,15,15
India,Uttar Pradesh,Firozabad,"Vibhab Nagar, Firozabad - UPPCB",21-08-2026 10:00:00,27.1594,78.3953,SO2,6,8,8
India,Uttar Pradesh,Ghaziabad,"Ved Vihar-Loni, Ghaziabad - UPPCB",21-08-2026 10:00:00,28.739153,77.273668,NO2,13,28,15
India,Uttar Pradesh,Ghaziabad,"Ved Vihar-Loni, Ghaziabad - UPPCB",21-08-2026 10:00:00,28.739153,77.273668,SO2,5,7,6
India,Uttar Pradesh,Ghaziabad,"Ved Vihar-Loni, Ghaziabad - UPPCB",21-08-2026 10:00:00,28.739153,77.273668,CO,110,116,113
India,Uttar Pradesh,Ghaziabad,"Sanjay Nagar, Ghaziabad - UPPCB",21-08-2026 10:00:00,28.685382,77.453839,NO2,19,80,43
India,Uttar Pradesh,Ghaziabad,"Indirapuram, Ghaziabad - UPPCB",21-08-2026 10:00:00,28.646233,77.358075,NO2,NA,NA,NA
India,Uttar Pradesh,Ghaziabad,"Indirapuram, Ghaziabad - UPPCB",21-08-2026 10:00:00,28.646233,77.358075,NH3,NA,NA,NA
India,Uttar Pradesh,Ghaziabad,"Indirapuram, Ghaziabad - UPPCB",21-08-2026 10:00:00,28.646233,77.358075,SO2,8,13,11
India,Uttar Pradesh,Ghaziabad,"Wave City, Ghaziabad - UPPCB",21-08-2026 10:00:00,28.646675,77.489049,NO2,16,23,18
India,Uttar Pradesh,Ghaziabad,"Loni, Ghaziabad - UPPCB",21-08-2026 10:00:00,28.757294,77.278792,NH3,2,8,4
India,Sikkim,Gangtok,"Zero Point GICI, Gangtok - SSPCB",21-08-2026 10:00:00,27.33853,88.614099,SO2,1,1,1
India,Tamil Nadu,Chennai,"Kodungaiyur, Chennai - TNPCB",21-08-2026 10:00:00,13.1278,80.2642,PM10,23,85,54
India,Tamil Nadu,Chennai,"Kodungaiyur, Chennai - TNPCB",21-08-2026 10:00:00,13.1278,80.2642,NO2,11,16,14
India,Tamil Nadu,Chennai,"Kodungaiyur, Chennai - TNPCB",21-08-2026 10:00:00,13.1278,80.2642,OZONE,29,33,31
India,Tamil Nadu,Chennai,"Arumbakkam, Chennai - TNPCB",21-08-2026 10:00:00,13.0664,80.2112,PM2.5,18,53,33
India,Tamil Nadu,Chennai,"Arumbakkam, Chennai - TNPCB",21-08-2026 10:00:00,13.0664,80.2112,PM10,48,491,98
India,Tamil Nadu,Chennai,"Arumbakkam, Chennai - TNPCB",21-08-2026 10:00:00,13.0664,80.2112,OZONE,NA,NA,NA
India,Tamil Nadu,Chennai,"Velachery Res. Area, Chennai - CPCB",21-08-2026 10:00:00,13.0052189,80.2398125,NO2,10,25,12
India,Tamil Nadu,Chennai,"Perungudi, Chennai - TNPCB",21-08-2026 10:00:00,12.9533,80.2357,PM2.5,2,17,10
India,Tamil Nadu,Chennai,"Perungudi, Chennai - TNPCB",21-08-2026 10:00:00,12.9533,80.2357,SO2,3,8,5
India,Tamil Nadu,Chennai,"Manali Village, Chennai - TNPCB",21-08-2026 10:00:00,13.1662,80.2584,CO,36,39,37
India,Tamil Nadu,Chennai,"Manali, Chennai - CPCB",21-08-2026 10:00:00,13.164544,80.26285,PM2.5,23,55,37
India,Tamil Nadu,Chennai,"Manali, Chennai - CPCB",21-08-2026 10:00:00,13.164544,80.26285,NH3,6,7,6
India,Tamil Nadu,Chennai,"Manali, Chennai - CPCB",21-08-2026 10:00:00,13.164544,80.26285,SO2,4,6,5
India,Tamil Nadu,Chennai,"Royapuram, Chennai - TNPCB",21-08-2026 10:00:00,13.1036,80.2909,PM2.5,19,306,65
India,Tamil Nadu,Chennai,"Royapuram, Chennai - TNPCB",21-08-2026 10:00:00,13.1036,80.2909,SO2,5,10,8
India,Tamil Nadu,Coimbatore,"SIDCO Kurichi, Coimbatore - TNPCB",21-08-2026 10:00:00,10.942451,76.978996,CO,34,36,35
India,Tamil Nadu,Coimbatore,"SIDCO Kurichi, Coimbatore - TNPCB",21-08-2026 10:00:00,10.942451,76.978996,OZONE,19,20,20
India,Tamil Nadu,Cuddalore,"Semmandalam, Cuddalore - TNPCB",21-08-2026 10:00:00,11.7637683,79.7499835,CO,NA,NA,NA
India,Tamil Nadu,Cuddalore,"Semmandalam, Cuddalore - TNPCB",21-08-2026 10:00:00,11.7637683,79.7499835,OZONE,1,1,1
India,Tamil Nadu,Gummidipoondi,"Anthoni Pillai Nagar, Gummidipoondi - TNPCB",21-08-2026 10:00:00,13.4127,80.1081,PM10,55,177,104
India,Tamil Nadu,Gummidipoondi,"Anthoni Pillai Nagar, Gummidipoondi - TNPCB",21-08-2026 10:00:00,13.4127,80.1081,NO2,14,35,23
India,Tamil Nadu,Gummidipoondi,"Anthoni Pillai Nagar, Gummidipoondi - TNPCB",21-08-2026 10:00:00,13.4127,80.1081,CO,NA,NA,NA
India,Telangana,Hyderabad,"Bollaram Industrial Area, Hyderabad - TSPCB",21-08-2026 10:00:00,17.518,78.383,PM2.5,15,63,30
India,Telangana,Hyderabad,"Bollaram Industrial Area, Hyderabad - TSPCB",21-08-2026 10:00:00,17.518,78.383,PM10,18,77,37
India,Telangana,Hyderabad,"Zoo Park, Hyderabad - TSPCB",21-08-2026 10:00:00,17.349694,78.451437,NO2,5,8,7
India,Telangana,Hyderabad,"Central University, Hyderabad - TSPCB",21-08-2026 10:00:00,17.460103,78.334361,NO2,9,23,17
India,Telangana,Hyderabad,"Central University, Hyderabad - TSPCB",21-08-2026 10:00:00,17.460103,78.334361,SO2,3,9,6
India,Rajasthan,Rajsamand,"Dhoinda, Rajsamand - RSPCB",21-08-2026 10:00:00,25.03636,73.883502,SO2,4,9,5
India,Rajasthan,Sawai Madhopur,"Sahu Nagar, Sawai Madhopur - RSPCB",21-08-2026 10:00:00,26.031443,76.359327,PM10,67,108,89
India,Rajasthan,Sawai Madhopur,"Sahu Nagar, Sawai Madhopur - RSPCB",21-08-2026 10:00:00,26.031443,76.359327,NO2,6,24,16
India,Rajasthan,Sawai Madhopur,"Sahu Nagar, Sawai Madhopur - RSPCB",21-08-2026 10:00:00,26.031443,76.359327,NH3,2,6,3
India,Rajasthan,Sawai Madhopur,"Sahu Nagar, Sawai Madhopur - RSPCB",21-08-2026 10:00:00,26.031443,76.359327,OZONE,25,35,29
India,Rajasthan,Sikar,"Radhakishan Pura, Sikar - RSPCB",21-08-2026 10:00:00,27.608912,75.153302,PM2.5,45,77,60
India,Rajasthan,Sikar,"Radhakishan Pura, Sikar - RSPCB",21-08-2026 10:00:00,27.608912,75.153302,OZONE,16,30,22
India,Rajasthan,Sirohi,"Vedhaynath Colony, Sirohi - RSPCB",21-08-2026 10:00:00,24.885261,72.857549,NH3,2,9,4
India,Rajasthan,Sirohi,"Vedhaynath Colony, Sirohi - RSPCB",21-08-2026 10:00:00,24.885261,72.857549,OZONE,18,36,23
India,Rajasthan,Sri Ganganagar,"Old City, Sri Ganganagar - RSPCB",21-08-2026 10:00:00,29.931624,73.864511,SO2,2,9,4
India,Rajasthan,Sri Ganganagar,"Old City, Sri Ganganagar - RSPCB",21-08-2026 10:00:00,29.931624,73.864511,OZONE,17,22,19
India,Telangana,Hyderabad,"Somajiguda, Hyderabad - TSPCB",21-08-2026 10:00:00,17.417094,78.457437,NO2,15,18,16
India,Telangana,Hyderabad,"Sanathnagar, Hyderabad - TSPCB",21-08-2026 10:00:00,17.4559458,78.4332152,PM2.5,16,118,30
India,Telangana,Hyderabad,"Sanathnagar, Hyderabad - TSPCB",21-08-2026 10:00:00,17.4559458,78.4332152,SO2,1,15,8
India,Telangana,Hyderabad,"Sanathnagar, Hyderabad - TSPCB",21-08-2026 10:00:00,17.4559458,78.4332152,CO,26,41,35
India,Telangana,Hyderabad,"ICRISAT Patancheru, Hyderabad - TSPCB",21-08-2026 10:00:00,17.5184,78.278777,NO2,4,33,16
India,Uttar Pradesh,Agra,"Rohta, Agra - UPPCB",21-08-2026 10:00:00,27.106972,78.000111,NO2,16,16,16
India,Uttar Pradesh,Agra,"Rohta, Agra - UPPCB",21-08-2026 10:00:00,27.106972,78.000111,CO,21,23,22
India,Uttar Pradesh,Agra,"Sector-3B Avas Vikas Colony, Agra - UPPCB",21-08-2026 10:00:00,27.19412,77.96237,PM2.5,26,75,46
India,Uttar Pradesh,Agra,"Sector-3B Avas Vikas Colony, Agra - UPPCB",21-08-2026 10:00:00,27.19412,77.96237,PM10,36,103,65
India,Uttar Pradesh,Agra,"Sector-3B Avas Vikas Colony, Agra - UPPCB",21-08-2026 10:00:00,27.19412,77.96237,OZONE,14,17,15
India,Uttar Pradesh,Agra,"Shahjahan Garden, Agra - UPPCB",21-08-2026 10:00:00,27.169338,78.03582,NH3,1,1,1
India,Uttar Pradesh,Agra,"Shahjahan Garden, Agra - UPPCB",21-08-2026 10:00:00,27.169338,78.03582,OZONE,5,7,7
India,Uttar Pradesh,Agra,"Manoharpur, Agra - UPPCB",21-08-2026 10:00:00,27.23711,78.01936,PM2.5,NA,NA,NA
India,Uttar Pradesh,Agra,"Shastripuram, Agra - UPPCB",21-08-2026 10:00:00,27.19862,77.92066,OZONE,3,6,5
India,Uttar Pradesh,Baraut,"Nagar Palika Parishad, Baraut - UPPCB",21-08-2026 10:00:00,29.09956,77.26235,NO2,19,32,26
India,Uttar Pradesh,Baraut,"Nagar Palika Parishad, Baraut - UPPCB",21-08-2026 10:00:00,29.09956,77.26235,SO2,3,3,3
India,Uttar Pradesh,Baraut,"Nagar Palika Parishad, Baraut - UPPCB",21-08-2026 10:00:00,29.09956,77.26235,CO,2,17,11
India,Uttar Pradesh,Bareilly,"Civil Lines, Bareilly - UPPCB",21-08-2026 10:00:00,28.359581,79.414455,PM2.5,23,40,34
India,Uttar Pradesh,Bareilly,"Civil Lines, Bareilly - UPPCB",21-08-2026 10:00:00,28.359581,79.414455,PM10,23,38,31
India,Telangana,Hyderabad,"IITH Kandi, Hyderabad - TSPCB",21-08-2026 10:00:00,17.585705,78.126199,NO2,13,16,15
India,Telangana,Hyderabad,"Nacharam_TSIIC IALA, Hyderabad - TSPCB",21-08-2026 10:00:00,17.429398,78.569354,NH3,2,3,2
India,Telangana,Hyderabad,"Nacharam_TSIIC IALA, Hyderabad - TSPCB",21-08-2026 10:00:00,17.429398,78.569354,CO,26,27,27
India,Telangana,Hyderabad,"ECIL Kapra, Hyderabad - TSPCB",21-08-2026 10:00:00,17.470431,78.566959,NH3,0,3,2
India,Telangana,Hyderabad,"ECIL Kapra, Hyderabad - TSPCB",21-08-2026 10:00:00,17.470431,78.566959,SO2,5,16,10
India,Telangana,Hyderabad,"Ramachandrapuram, Hyderabad - TSPCB",21-08-2026 10:00:00,17.528544,78.286195,PM10,58,81,67
India,Telangana,Hyderabad,"Ramachandrapuram, Hyderabad - TSPCB",21-08-2026 10:00:00,17.528544,78.286195,NO2,11,17,13
India,Telangana,Hyderabad,"Kompally Municipal Office, Hyderabad - TSPCB",21-08-2026 10:00:00,17.544899,78.486949,PM10,53,75,59
India,Uttar Pradesh,Lucknow,"Kendriya Vidyalaya, Lucknow - CPCB",21-08-2026 10:00:00,26.906111,80.948222,CO,27,61,38
India,Uttar Pradesh,Lucknow,"Kendriya Vidyalaya, Lucknow - CPCB",21-08-2026 10:00:00,26.906111,80.948222,OZONE,19,72,30
India,Uttar Pradesh,Lucknow,"Gomti Nagar, Lucknow - UPPCB",21-08-2026 10:00:00,26.86812,81.005119,PM2.5,21,156,61
India,Uttar Pradesh,Lucknow,"Gomti Nagar, Lucknow - UPPCB",21-08-2026 10:00:00,26.86812,81.005119,NO2,9,10,10
India,Uttar Pradesh,Lucknow,"B R Ambedkar University, Lucknow - UPPCB",21-08-2026 10:00:00,26.766433,80.927299,CO,20,26,24
India,Uttar Pradesh,Lucknow,"Lalbagh, Lucknow - CPCB",21-08-2026 10:00:00,26.8458805,80.9365541,NH3,10,16,13
India,Uttar Pradesh,Lucknow,"Lalbagh, Lucknow - CPCB",21-08-2026 10:00:00,26.8458805,80.9365541,SO2,2,10,5
India,Uttar Pradesh,Lucknow,"Kukrail Picnic Spot-1, Lucknow - UPPCB",21-08-2026 10:00:00,26.90723,80.98579,PM2.5,32,59,40
India,Uttar Pradesh,Meerut,"Jai Bhim Nagar, Meerut - UPPCB",21-08-2026 10:00:00,28.9535882,77.7622941,PM10,46,114,86
India,Uttar Pradesh,Meerut,"Jai Bhim Nagar, Meerut - UPPCB",21-08-2026 10:00:00,28.9535882,77.7622941,SO2,8,13,10
India,Uttar Pradesh,Meerut,"MIET College, Meerut - UPPCB",21-08-2026 10:00:00,28.972677,77.641018,PM2.5,25,215,121
India,Uttar Pradesh,Meerut,"Pallavpuram Phase 2, Meerut - UPPCB",21-08-2026 10:00:00,29.06351,77.709723,PM10,89,174,122
India,Uttar Pradesh,Meerut,"Pallavpuram Phase 2, Meerut - UPPCB",21-08-2026 10:00:00,29.06351,77.709723,CO,28,32,31
India,Uttar Pradesh,Meerut,"Pallavpuram Phase 2, Meerut - UPPCB",21-08-2026 10:00:00,29.06351,77.709723,OZONE,8,19,10
India,Uttar Pradesh,Modinagar,"SRM University, Modinagar - UPPCB",21-08-2026 10:00:00,28.798171,77.540243,PM2.5,44,158,86
India,Uttar Pradesh,Modinagar,"SRM University, Modinagar - UPPCB",21-08-2026 10:00:00,28.798171,77.540243,NH3,3,3,3
India,Uttar Pradesh,Moradabad,"Eco Herbal Park, Moradabad - UPPCB",21-08-2026 10:00:00,28.840739,78.697531,NO2,14,36,23
India,Uttar Pradesh,Moradabad,"Buddhi Vihar, Moradabad - UPPCB",21-08-2026 10:00:00,28.83526,78.7446,PM2.5,15,68,42
India,Uttar Pradesh,Moradabad,"Buddhi Vihar, Moradabad - UPPCB",21-08-2026 10:00:00,28.83526,78.7446,NH3,5,5,5
India,Uttar Pradesh,Moradabad,"Buddhi Vihar, Moradabad - UPPCB",21-08-2026 10:00:00,28.83526,78.7446,SO2,32,34,34
India,Uttar Pradesh,Moradabad,"Jigar Colony, Moradabad - UPPCB",21-08-2026 10:00:00,28.856664,78.772638,PM2.5,22,101,48
India,Uttar Pradesh,Moradabad,"Jigar Colony, Moradabad - UPPCB",21-08-2026 10:00:00,28.856664,78.772638,CO,39,40,40
India,Uttar Pradesh,Moradabad,"Transport Nagar, Moradabad - UPPCB",21-08-2026 10:00:00,28.802625,78.753728,PM2.5,NA,NA,NA
India,Uttar Pradesh,Moradabad,"Transport Nagar, Moradabad - UPPCB",21-08-2026 10:00:00,28.802625,78.753728,PM10,35,107,72
India,Uttar Pradesh,Moradabad,"Transport Nagar, Moradabad - UPPCB",21-08-2026 10:00:00,28.802625,78.753728,CO,42,44,43
India,Uttar Pradesh,Moradabad,"Transport Nagar, Moradabad - UPPCB",21-08-2026 10:00:00,28.802625,78.753728,OZONE,39,215,90
India,Uttar Pradesh,Moradabad,"Kashiram Nagar, Moradabad - UPPCB",21-08-2026 10:00:00,28.849399,78.742362,PM10,29,113,60
India,Uttar Pradesh,Moradabad,"Kashiram Nagar, Moradabad - UPPCB",21-08-2026 10:00:00,28.849399,78.742362,NH3,4,4,4
India,Uttar Pradesh,Moradabad,"Employment Office, Moradabad - UPPCB",21-08-2026 10:00:00,28.88528,78.7388,PM10,25,64,51
India,Uttar Pradesh,Moradabad,"Employment Office, Moradabad - UPPCB",21-08-2026 10:00:00,28.88528,78.7388,NO2,23,24,23
India,Uttar Pradesh,Moradabad,"Employment Office, Moradabad - UPPCB",21-08-2026 10:00:00,28.88528,78.7388,SO2,30,34,32
India,Uttar Pradesh,Moradabad,"Employment Office, Moradabad - UPPCB",21-08-2026 10:00:00,28.88528,78.7388,OZONE,2,42,23
India,Uttar Pradesh,Muzaffarnagar,"New Mandi, Muzaffarnagar - UPPCB",21-08-2026 10:00:00,29.4723508,77.7194031,CO,43,66,52
India,Uttar Pradesh,Muzaffarnagar,"New Mandi, Muzaffarnagar - UPPCB",21-08-2026 10:00:00,29.4723508,77.7194031,OZONE,5,35,16
India,Uttar Pradesh,Noida,"Sector - 125, Noida - UPPCB",21-08-2026 10:00:00,28.5447608,77.3231257,NH3,3,11,9
India,Uttar Pradesh,Noida,"Sector-1, Noida - UPPCB",21-08-2026 10:00:00,28.5898,77.3101,NH3,9,14,12
India,Uttar Pradesh,Noida,"Sector-116, Noida - UPPCB",21-08-2026 10:00:00,28.56923,77.393848,PM2.5,72,252,141
India,Uttar Pradesh,Noida,"Sector-116, Noida - UPPCB",21-08-2026 10:00:00,28.56923,77.393848,PM10,101,166,137
India,Uttar Pradesh,Noida,"Sector-116, Noida - UPPCB",21-08-2026 10:00:00,28.56923,77.393848,NO2,22,89,49
India,Uttar Pradesh,Noida,"Sector-116, Noida - UPPCB",21-08-2026 10:00:00,28.56923,77.393848,NH3,11,19,14
India,Uttar Pradesh,Noida,"Sector-116, Noida - UPPCB",21-08-2026 10:00:00,28.56923,77.393848,OZONE,18,49,29
India,Uttar Pradesh,Prayagraj,"Nagar Nigam, Prayagraj - UPPCB",21-08-2026 10:00:00,25.44919916,81.82735986,OZONE,11,13,12
India,Uttar Pradesh,Prayagraj,"Jhunsi, Prayagraj - UPPCB",21-08-2026 10:00:00,25.425602,81.917152,NO2,6,6,6
India,Uttar Pradesh,Raebareli," Indira Nagar, Raebareli - NTPC Unchahar",21-08-2026 10:00:00,26.207781,81.245571,NH3,NA,NA,NA
India,Uttar Pradesh,Raebareli," Indira Nagar, Raebareli - NTPC Unchahar",21-08-2026 10:00:00,26.207781,81.245571,OZONE,2,7,4
India,Uttar Pradesh,Varanasi,"Bhelupur, Varanasi - UPPCB",21-08-2026 10:00:00,25.301778,82.996789,PM2.5,15,67,38
India,Uttar Pradesh,Varanasi,"Maldahiya, Varanasi - UPPCB",21-08-2026 10:00:00,25.32393,82.99687,PM10,37,100,68
India,Uttar Pradesh,Varanasi,"Ardhali Bazar, Varanasi - UPPCB",21-08-2026 10:00:00,25.3505986,82.9083074,PM10,NA,NA,NA
India,Uttar Pradesh,Varanasi,"Ardhali Bazar, Varanasi - UPPCB",21-08-2026 10:00:00,25.3505986,82.9083074,NH3,NA,NA,NA
India,Uttar Pradesh,Varanasi,"IESD Banaras Hindu University, Varanasi - UPPCB",21-08-2026 10:00:00,25.262326,82.995408,CO,1,2,2
India,Uttar Pradesh,Vrindavan,"Omex Eternity, Vrindavan - UPPCB",21-08-2026 10:00:00,27.571409,77.655757,PM2.5,32,109,55
India,Uttar Pradesh,Vrindavan,"Omex Eternity, Vrindavan - UPPCB",21-08-2026 10:00:00,27.571409,77.655757,PM10,27,88,52
India,Uttarakhand,Kashipur,"Govt. Girls Inter College, Kashipur - UKPCB",21-08-2026 10:00:00,29.2124114,78.9611753,PM10,NA,NA,NA
India,Uttarakhand,Rishikesh,"Shivaji Nagar, Rishikesh - UKPCB",21-08-2026 10:00:00,30.075911,78.2859547,NO2,7,7,7
India,West Bengal,Asansol,"Asansol Court Area, Asansol - WBPCB",21-08-2026 10:00:00,23.685297,86.945968,PM10,28,58,37
India,West Bengal,Asansol,"Evelyn Lodge, Asansol - WBPCB",21-08-2026 10:00:00,23.697936,86.944395,PM2.5,7,42,16
India,West Bengal,Asansol,"Evelyn Lodge, Asansol - WBPCB",21-08-2026 10:00:00,23.697936,86.944395,PM10,21,79,36
India,West Bengal,Asansol,"Evelyn Lodge, Asansol - WBPCB",21-08-2026 10:00:00,23.697936,86.944395,NO2,9,20,13
India,West Bengal,Asansol,"Evelyn Lodge, Asansol - WBPCB",21-08-2026 10:00:00,23.697936,86.944395,CO,33,53,42
India,West Bengal,Asansol,"Evelyn Lodge, Asansol - WBPCB",21-08-2026 10:00:00,23.697936,86.944395,OZONE,4,12,6
India,West Bengal,Asansol,"Mahabir Colliery, Asansol - WBPCB",21-08-2026 10:00:00,23.618183,87.105718,PM2.5,18,66,35
India,West Bengal,Asansol,"Mahabir Colliery, Asansol - WBPCB",21-08-2026 10:00:00,23.618183,87.105718,PM10,27,55,38
India,West Bengal,Asansol,"Mahabir Colliery, Asansol - WBPCB",21-08-2026 10:00:00,23.618183,87.105718,OZONE,7,13,8
India,West Bengal,Barrackpore,"SVSPA Campus, Barrackpore - WBPCB",21-08-2026 10:00:00,22.7605581,88.3617589,OZONE,2,13,4
India,West Bengal,Durgapur,"PCBL Residential Complex, Durgapur - WBPCB",21-08-2026 10:00:00,23.508764,87.35444,PM10,23,53,36
India,West Bengal,Durgapur,"Womens College_City Center, Durgapur - WBPCB",21-08-2026 10:00:00,23.549395,87.300496,SO2,12,12,12
India,West Bengal,Howrah,"Belur Math, Howrah - WBPCB",21-08-2026 10:00:00,22.629801,88.352017,PM2.5,43,83,59
India,West Bengal,Howrah,"Dasnagar, Howrah - WBPCB",21-08-2026 10:00:00,22.6025571,88.3105664,NO2,4,13,7
India,West Bengal,Howrah,"Dasnagar, Howrah - WBPCB",21-08-2026 10:00:00,22.6025571,88.3105664,SO2,8,9,8
India,West Bengal,Howrah,"Botanical Garden, Howrah - WBPCB",21-08-2026 10:00:00,22.554954,88.292568,PM2.5,15,99,60
India,West Bengal,Howrah,"Botanical Garden, Howrah - WBPCB",21-08-2026 10:00:00,22.554954,88.292568,NH3,0,5,1
India,West Bengal,Howrah,"Ghusuri, Howrah - WBPCB",21-08-2026 10:00:00,22.611968,88.347422,PM10,58,142,94
India,West Bengal,Howrah,"Padmapukur, Howrah - WBPCB",21-08-2026 10:00:00,22.5687319,88.2797276,PM10,82,108,90
India,West Bengal,Kolkata,"Bidhannagar, Kolkata - WBPCB",21-08-2026 10:00:00,22.58157048,88.41002457,PM2.5,21,52,35
India,West Bengal,Kolkata,"Bidhannagar, Kolkata - WBPCB",21-08-2026 10:00:00,22.58157048,88.41002457,NO2,12,15,13
India,West Bengal,Kolkata,"Bidhannagar, Kolkata - WBPCB",21-08-2026 10:00:00,22.58157048,88.41002457,CO,40,47,43
India,West Bengal,Kolkata,"Jadavpur, Kolkata - WBPCB",21-08-2026 10:00:00,22.49929,88.36917,SO2,5,6,5
India,West Bengal,Kolkata,"Fort William, Kolkata - WBPCB",21-08-2026 10:00:00,22.55664,88.342674,PM2.5,38,67,53
India,West Bengal,Kolkata,"Rabindra Sarobar, Kolkata - WBPCB",21-08-2026 10:00:00,22.51106,88.35142,NH3,5,6,6
India,West Bengal,Kolkata,"Ballygunge, Kolkata - WBPCB",21-08-2026 10:00:00,22.5367507,88.3638022,PM2.5,24,63,38
India,West Bengal,Kolkata,"Ballygunge, Kolkata - WBPCB",21-08-2026 10:00:00,22.5367507,88.3638022,SO2,4,7,6
India,West Bengal,Kolkata,"Victoria, Kolkata - WBPCB",21-08-2026 10:00:00,22.5448082,88.3403691,NH3,7,7,7
India,West Bengal,Siliguri,"Ward-32 Bapupara, Siliguri - WBPCB",21-08-2026 10:00:00,26.6879226,88.4152495,SO2,11,14,13
India,Bihar,Kishanganj,"SDM Office_Khagra, Kishanganj - BSPCB",21-08-2026 10:00:00,26.0881305,87.93840336,SO2,4,9,7
India,Bihar,Manguraha,"Forest Rest House, Manguraha - BSPCB",21-08-2026 10:00:00,27.308328,84.531742,NH3,0,1,1
India,Bihar,Motihari,"Gandak Colony, Motihari - BSPCB",21-08-2026 10:00:00,26.63086,84.90051,NO2,2,3,3
India,Bihar,Munger,"Town Hall, Munger - BSPCB",21-08-2026 10:00:00,25.376776,86.471523,CO,34,37,36
India,Bihar,Muzaffarpur,"Buddha Colony, Muzaffarpur - BSPCB",21-08-2026 10:00:00,26.11442,85.39813,PM10,50,82,64
India,Bihar,Muzaffarpur,"Buddha Colony, Muzaffarpur - BSPCB",21-08-2026 10:00:00,26.11442,85.39813,NO2,12,25,17
India,Bihar,Muzaffarpur,"MIT-Daudpur Kothi, Muzaffarpur - BSPCB",21-08-2026 10:00:00,26.1403345,85.3650192,PM10,32,45,40
India,Bihar,Muzaffarpur,"MIT-Daudpur Kothi, Muzaffarpur - BSPCB",21-08-2026 10:00:00,26.1403345,85.3650192,CO,10,21,12
India,Bihar,Patna,"Rajbansi Nagar, Patna - BSPCB",21-08-2026 10:00:00,25.599486,85.113666,PM10,36,61,49
India,Bihar,Patna,"Rajbansi Nagar, Patna - BSPCB",21-08-2026 10:00:00,25.599486,85.113666,OZONE,26,28,27
India,Bihar,Patna,"Muradpur, Patna - BSPCB",21-08-2026 10:00:00,25.619651,85.147382,NH3,4,5,5
India,Assam,Nalbari,"Bata Chowk, Nalbari - PCBA",21-08-2026 10:00:00,26.446912,91.439057,PM10,19,82,42
India,Assam,Nalbari,"Bata Chowk, Nalbari - PCBA",21-08-2026 10:00:00,26.446912,91.439057,NH3,6,6,6
India,Assam,Silchar,"Tarapur, Silchar - PCBA",21-08-2026 10:00:00,24.82827,92.79525,NO2,19,22,20
India,Bihar,Araria,"Kharahiya Basti, Araria - BSPCB",21-08-2026 10:00:00,26.146529,87.454184,OZONE,36,43,39
India,Bihar,Arrah,"New DM Office, Arrah - BSPCB",21-08-2026 10:00:00,25.5626095,84.663264,PM2.5,33,43,36
India,Bihar,Begusarai,"Lohiyanagar, Begusarai - BSPCB",21-08-2026 10:00:00,25.42742023,86.13886079,PM2.5,53,103,69
India,Bihar,Begusarai,"Lohiyanagar, Begusarai - BSPCB",21-08-2026 10:00:00,25.42742023,86.13886079,CO,17,18,17
India,Bihar,Bettiah,"Kamalnath Nagar, Bettiah - BSPCB",21-08-2026 10:00:00,26.80365,84.51954,CO,18,34,29
India,Bihar,Bhagalpur,"Mayaganj, Bhagalpur - BSPCB",21-08-2026 10:00:00,25.265194,87.012947,PM2.5,13,305,53
India,Bihar,Bhagalpur,"Mayaganj, Bhagalpur - BSPCB",21-08-2026 10:00:00,25.265194,87.012947,PM10,21,150,45
India,Bihar,Bhagalpur,"Mayaganj, Bhagalpur - BSPCB",21-08-2026 10:00:00,25.265194,87.012947,NH3,NA,NA,NA
India,Assam,Byrnihat,"Central Academy for SFS, Byrnihat - PCBA",21-08-2026 10:00:00,26.071318,91.87488,NO2,5,11,8
India,Assam,Byrnihat,"Central Academy for SFS, Byrnihat - PCBA",21-08-2026 10:00:00,26.071318,91.87488,OZONE,17,21,19
India,Assam,Guwahati,"IITG, Guwahati - PCBA",21-08-2026 10:00:00,26.2028636,91.70046436,PM2.5,NA,NA,NA
India,Assam,Guwahati,"IITG, Guwahati - PCBA",21-08-2026 10:00:00,26.2028636,91.70046436,PM10,NA,NA,NA
India,Assam,Guwahati,"IITG, Guwahati - PCBA",21-08-2026 10:00:00,26.2028636,91.70046436,SO2,30,32,31
India,Assam,Guwahati,"Railway Colony, Guwahati - PCBA",21-08-2026 10:00:00,26.181742,91.78063,NO2,3,4,3
India,Assam,Guwahati,"Railway Colony, Guwahati - PCBA",21-08-2026 10:00:00,26.181742,91.78063,NH3,1,1,1
India,Assam,Guwahati,"Railway Colony, Guwahati - PCBA",21-08-2026 10:00:00,26.181742,91.78063,SO2,1,5,3
India,Assam,Nagaon,"Christianpatty, Nagaon - PCBA",21-08-2026 10:00:00,26.349082,92.68449,NH3,0,0,0
India,Bihar,Bhagalpur,"Mayaganj, Bhagalpur - BSPCB",21-08-2026 10:00:00,25.265194,87.012947,CO,NA,NA,NA
India,Bihar,Bhagalpur,"DM Office_Kachari Chowk, Bhagalpur - BSPCB",21-08-2026 10:00:00,25.251013,86.989001,PM10,24,438,107
India,Bihar,Bhagalpur,"DM Office_Kachari Chowk, Bhagalpur - BSPCB",21-08-2026 10:00:00,25.251013,86.989001,NO2,11,14,12
India,Bihar,Bhagalpur,"DM Office_Kachari Chowk, Bhagalpur - BSPCB",21-08-2026 10:00:00,25.251013,86.989001,NH3,4,4,4
India,Bihar,Bhagalpur,"DM Office_Kachari Chowk, Bhagalpur - BSPCB",21-08-2026 10:00:00,25.251013,86.989001,CO,27,30,28
India,Bihar,Gaya,"Collectorate, Gaya - BSPCB",21-08-2026 10:00:00,24.7955,84.9994,PM10,NA,NA,NA
India,Bihar,Gaya,"Collectorate, Gaya - BSPCB",21-08-2026 10:00:00,24.7955,84.9994,OZONE,28,29,28
India,Bihar,Gaya,"SFTI Kusdihra, Gaya - BSPCB",21-08-2026 10:00:00,24.762518,84.982348,OZONE,6,19,10
India,Andhra Pradesh,Vijayawada,"Rajiv Gandhi Park, Vijayawada - APPCB",21-08-2026 10:00:00,16.509717,80.612222,NO2,28,36,30
India,Andhra Pradesh,Vijayawada,"Rajiv Gandhi Park, Vijayawada - APPCB",21-08-2026 10:00:00,16.509717,80.612222,NH3,2,6,4
India,Andhra Pradesh,Visakhapatnam,"GVM Corporation, Visakhapatnam - APPCB",21-08-2026 10:00:00,17.72,83.3,PM10,68,200,128
India,Andhra Pradesh,Visakhapatnam,"GVM Corporation, Visakhapatnam - APPCB",21-08-2026 10:00:00,17.72,83.3,NH3,3,4,4
India,Andhra Pradesh,Visakhapatnam,"GVM Corporation, Visakhapatnam - APPCB",21-08-2026 10:00:00,17.72,83.3,OZONE,6,27,11
India,Arunachal Pradesh,Naharlagun,"Naharlagun, Naharlagun - APSPCB",21-08-2026 10:00:00,27.103358,93.679645,PM2.5,14,144,36
India,Arunachal Pradesh,Naharlagun,"Naharlagun, Naharlagun - APSPCB",21-08-2026 10:00:00,27.103358,93.679645,CO,7,10,8
India,Andhra Pradesh,Eluru,"District Court, Eluru - APPCB",21-08-2026 10:00:00,16.711754,81.092095,OZONE,8,20,13
India,Andhra Pradesh,Guntur,"Rajendra Nagar North, Guntur - APPCB",21-08-2026 10:00:00,16.316553,80.413302,NH3,3,10,6
India,Andhra Pradesh,Kadapa,"Yerramukkapalli, Kadapa - APPCB",21-08-2026 10:00:00,14.465052,78.824187,PM10,53,65,59
India,Andhra Pradesh,Kadapa,"Yerramukkapalli, Kadapa - APPCB",21-08-2026 10:00:00,14.465052,78.824187,CO,17,21,18
India,Andhra Pradesh,Kurnool,"Sita Rama Nagar, Kurnool - APPCB",21-08-2026 10:00:00,15.83411,78.028546,NH3,6,6,6
India,Andhra Pradesh,Kurnool,"Sita Rama Nagar, Kurnool - APPCB",21-08-2026 10:00:00,15.83411,78.028546,SO2,10,10,10
India,Andhra Pradesh,Kurnool,"Sita Rama Nagar, Kurnool - APPCB",21-08-2026 10:00:00,15.83411,78.028546,CO,4,8,6
India,Chandigarh,Chandigarh,"Sector 22, Chandigarh - CPCC",21-08-2026 10:00:00,30.735567,76.775714,SO2,2,7,5
India,Chandigarh,Chandigarh,"Sector-25, Chandigarh - CPCC",21-08-2026 10:00:00,30.751462,76.762879,PM10,38,87,58
India,Chandigarh,Chandigarh,"Sector-25, Chandigarh - CPCC",21-08-2026 10:00:00,30.751462,76.762879,CO,19,35,26
India,Chandigarh,Chandigarh,"Sector-53, Chandigarh - CPCC",21-08-2026 10:00:00,30.719859,76.738637,SO2,NA,NA,NA
India,Chhattisgarh,Bhilai,"32Bungalows, Bhilai - CECB",21-08-2026 10:00:00,21.194815,81.31477,NO2,4,9,6
India,Chhattisgarh,Bhilai,"Hathkhoj, Bhilai - CECB",21-08-2026 10:00:00,21.224231,81.40835,SO2,9,21,13
India,Andhra Pradesh,Nellore,"Ambedkar Nagar, Nellore - APPCB ",21-08-2026 10:00:00,14.438164,79.966814,NH3,6,8,7
India,Andhra Pradesh,Rajamahendravaram,"Anand Kala Kshetram, Rajamahendravaram - APPCB",21-08-2026 10:00:00,16.9872867,81.7363176,PM2.5,13,43,33
India,Andhra Pradesh,Srikakulam,"Chinna Bharatham Colony, Srikakulam - APPCB",21-08-2026 10:00:00,18.292191,83.897173,CO,56,68,62
India,Andhra Pradesh,Vijayawada,"Rajiv Nagar, Vijayawada - APPCB",21-08-2026 10:00:00,16.554731,80.64911,CO,23,25,24
India,Andhra Pradesh,Anantapur,"Gulzarpet, Anantapur - APPCB",21-08-2026 10:00:00,14.675886,77.593027,PM2.5,49,92,69
India,Andhra Pradesh,Chittoor,"Gangineni Cheruvu, Chittoor - APPCB",21-08-2026 10:00:00,13.20488,79.097889,PM10,51,80,71
India,Andhra Pradesh,Chittoor,"Gangineni Cheruvu, Chittoor - APPCB",21-08-2026 10:00:00,13.20488,79.097889,NH3,6,8,6
India,Andhra Pradesh,Eluru,"District Court, Eluru - APPCB",21-08-2026 10:00:00,16.711754,81.092095,PM2.5,53,66,59
India,Bihar,Patna,"Samanpura, Patna - BSPCB",21-08-2026 10:00:00,25.596727,85.085624,NH3,4,5,5
India,Bihar,Patna,"Samanpura, Patna - BSPCB",21-08-2026 10:00:00,25.596727,85.085624,CO,20,23,22
India,Bihar,Saharsa,"Police Line, Saharsa - BSPCB",21-08-2026 10:00:00,25.892357,86.590325,PM10,38,131,73
India,Bihar,Samastipur,"DM Office_Kasipur, Samastipur - BSPCB",21-08-2026 10:00:00,25.859655,85.77944,SO2,11,13,12
India,Chhattisgarh,Bilaspur,"Mangala, Bilaspur - NTPC",21-08-2026 10:00:00,22.08815,82.13737,OZONE,NA,NA,NA
India,Chhattisgarh,Chhal,"Nawapara SECL Colony, Chhal - CECB",21-08-2026 10:00:00,22.118125,83.140608,NO2,6,15,10
India,Chhattisgarh,Chhal,"Nawapara SECL Colony, Chhal - CECB",21-08-2026 10:00:00,22.118125,83.140608,SO2,6,14,8
India,Chhattisgarh,Chhal,"Nawapara SECL Colony, Chhal - CECB",21-08-2026 10:00:00,22.118125,83.140608,CO,22,33,28
India,Chhattisgarh,Kunjemura,"OP Jindal School, Kunjemura - CECB",21-08-2026 10:00:00,22.12665,83.483212,PM2.5,2,23,10
India,Chhattisgarh,Milupara,"Govt. Higher Secondary School, Milupara - CECB",21-08-2026 10:00:00,22.1910172,83.5197009,SO2,13,21,15
India,Chhattisgarh,Raipur,"Krishak Nagar, Raipur - CECB",21-08-2026 10:00:00,21.237755,81.705301,SO2,4,8,6
India,Chhattisgarh,Raipur,"Bhatagaon New ISBT, Raipur - CECB",21-08-2026 10:00:00,21.219665,81.630094,OZONE,1,2,2
India,Chhattisgarh,Raipur,"AIIMS, Raipur - CECB",21-08-2026 10:00:00,21.258815,81.578979,PM2.5,19,39,29
India,Chhattisgarh,Raipur,"AIIMS, Raipur - CECB",21-08-2026 10:00:00,21.258815,81.578979,PM10,21,57,40
India,Chhattisgarh,Raipur,"AIIMS, Raipur - CECB",21-08-2026 10:00:00,21.258815,81.578979,NH3,3,3,3
India,Chhattisgarh,Raipur,"AIIMS, Raipur - CECB",21-08-2026 10:00:00,21.258815,81.578979,SO2,3,6,5
India,Chhattisgarh,Tumidih,"OP Jindal Industrial Park, Tumidih - CECB",21-08-2026 10:00:00,22.06631475,83.33820077,PM2.5,11,38,26
India,Chhattisgarh,Tumidih,"OP Jindal Industrial Park, Tumidih - CECB",21-08-2026 10:00:00,22.06631475,83.33820077,PM10,14,46,29
India,Chhattisgarh,Tumidih,"OP Jindal Industrial Park, Tumidih - CECB",21-08-2026 10:00:00,22.06631475,83.33820077,OZONE,5,13,10
India,Delhi,Delhi,"ITO, Delhi - CPCB",21-08-2026 10:00:00,28.628624,77.24106,PM2.5,28,102,60
India,Delhi,Delhi,"ITO, Delhi - CPCB",21-08-2026 10:00:00,28.628624,77.24106,PM10,83,168,116
India,Gujarat,Bhavnagar,"Vidhyanagar, Bhavnagar - Nexteng Enviro",21-08-2026 10:00:00,21.755417,72.139056,NO2,39,48,43
India,Gujarat,Bhavnagar,"Vidhyanagar, Bhavnagar - Nexteng Enviro",21-08-2026 10:00:00,21.755417,72.139056,NH3,5,6,5
India,Gujarat,Bhavnagar,"Vidhyanagar, Bhavnagar - Nexteng Enviro",21-08-2026 10:00:00,21.755417,72.139056,CO,59,61,60
India,Gujarat,Gandhinagar,"Sector-10, Gandhinagar - GPCB",21-08-2026 10:00:00,23.221714,72.654328,PM10,NA,NA,NA
India,Gujarat,Gandhinagar,"Sector-10, Gandhinagar - GPCB",21-08-2026 10:00:00,23.221714,72.654328,NH3,0,1,1
India,Gujarat,Gandhinagar,"IIPHG Lekawada, Gandhinagar - IITM",21-08-2026 10:00:00,23.243639,72.68994,NH3,0,1,1
India,Gujarat,Gandhinagar,"IIPHG Lekawada, Gandhinagar - IITM",21-08-2026 10:00:00,23.243639,72.68994,SO2,2,3,2
India,Gujarat,Gandhinagar,"IIPHG Lekawada, Gandhinagar - IITM",21-08-2026 10:00:00,23.243639,72.68994,OZONE,2,3,2
India,Gujarat,Gandhinagar,"GIFT City, Gandhinagar - IITM",21-08-2026 10:00:00,23.163798,72.677768,NO2,19,44,33
India,Gujarat,Mehsana,"Sadanand Nagar, Mehsana - Nexteng Enviro",21-08-2026 10:00:00,23.59315,72.372792,SO2,13,16,14
India,Gujarat,Mehsana,"Sadanand Nagar, Mehsana - Nexteng Enviro",21-08-2026 10:00:00,23.59315,72.372792,OZONE,8,9,8
India,Gujarat,Nandesari,"GIDC, Nandesari - Nandesari Ind. Association",21-08-2026 10:00:00,22.410802,73.097923,OZONE,NA,NA,NA
India,Gujarat,Rajkot,"Mavdi, Rajkot - Nexteng Enviro ",21-08-2026 10:00:00,22.248853,70.776774,CO,40,42,41
India,Gujarat,Surat,"Science Center, Surat - SMC",21-08-2026 10:00:00,21.170046,72.795405,NO2,1,7,4
India,Gujarat,Surat,"Science Center, Surat - SMC",21-08-2026 10:00:00,21.170046,72.795405,SO2,16,17,16
India,Gujarat,Surat,"Science Center, Surat - SMC",21-08-2026 10:00:00,21.170046,72.795405,OZONE,NA,NA,NA
India,Delhi,Delhi,"Bawana, Delhi - DPCC",21-08-2026 10:00:00,28.7762,77.051074,OZONE,15,17,16
India,Delhi,Delhi,"Okhla Phase-2, Delhi - DPCC",21-08-2026 10:00:00,28.530785,77.271255,PM10,77,209,120
India,Delhi,Delhi,"Jahangirpuri, Delhi - DPCC",21-08-2026 10:00:00,28.73282,77.170633,PM2.5,17,339,135
India,Delhi,Delhi,"IHBAS, Dilshad Garden, Delhi - CPCB",21-08-2026 10:00:00,28.6811736,77.3025234,NH3,4,5,5
India,Delhi,Delhi,"IHBAS, Dilshad Garden, Delhi - CPCB",21-08-2026 10:00:00,28.6811736,77.3025234,CO,24,34,30
India,Delhi,Delhi,"Sri Aurobindo Marg, Delhi - DPCC",21-08-2026 10:00:00,28.531346,77.190156,PM2.5,42,93,66
India,Delhi,Delhi,"Nehru Nagar, Delhi - DPCC",21-08-2026 10:00:00,28.56789,77.250515,NO2,16,81,35
India,Delhi,Delhi,"Nehru Nagar, Delhi - DPCC",21-08-2026 10:00:00,28.56789,77.250515,OZONE,7,18,10
India,Delhi,Delhi,"Patparganj, Delhi - DPCC",21-08-2026 10:00:00,28.623763,77.287209,NO2,15,66,32
India,Delhi,Delhi,"Jawaharlal Nehru Stadium, Delhi - DPCC",21-08-2026 10:00:00,28.58028,77.233829,SO2,1,7,4
India,Delhi,Delhi,"Najafgarh, Delhi - DPCC",21-08-2026 10:00:00,28.570173,76.933762,SO2,14,18,17
India,Delhi,Delhi,"Najafgarh, Delhi - DPCC",21-08-2026 10:00:00,28.570173,76.933762,OZONE,11,15,14
India,Delhi,Delhi,"Wazirpur, Delhi - DPCC",21-08-2026 10:00:00,28.699793,77.165453,CO,67,94,75
India,Delhi,Delhi,"NSUT Jaffarpur, Delhi - DPCC",21-08-2026 10:00:00,28.594004,76.909423,PM2.5,42,89,59
India,Delhi,Delhi,"NSUT Jaffarpur, Delhi - DPCC",21-08-2026 10:00:00,28.594004,76.909423,PM10,63,110,84
India,Delhi,Delhi,"NSUT Jaffarpur, Delhi - DPCC",21-08-2026 10:00:00,28.594004,76.909423,OZONE,5,19,9
India,Delhi,Delhi,"Mundka, Delhi - DPCC",21-08-2026 10:00:00,28.684678,77.076574,CO,33,42,37
India,Delhi,Delhi,"Punjabi Bagh, Delhi - DPCC",21-08-2026 10:00:00,28.674045,77.131023,PM2.5,2,240,78
India,Delhi,Delhi,"Punjabi Bagh, Delhi - DPCC",21-08-2026 10:00:00,28.674045,77.131023,PM10,86,180,126
India,Delhi,Delhi,"Punjabi Bagh, Delhi - DPCC",21-08-2026 10:00:00,28.674045,77.131023,NH3,2,4,3
India,Delhi,Delhi,"Anand Vihar, Delhi - DPCC",21-08-2026 10:00:00,28.647622,77.315809,PM2.5,71,441,240
India,Delhi,Delhi,"Anand Vihar, Delhi - DPCC",21-08-2026 10:00:00,28.647622,77.315809,SO2,26,40,30
India,Delhi,Delhi,"Anand Vihar, Delhi - DPCC",21-08-2026 10:00:00,28.647622,77.315809,CO,106,111,108
India,Delhi,Delhi,"Mandir Marg, Delhi - DPCC",21-08-2026 10:00:00,28.636429,77.201067,PM10,45,147,102
India,Delhi,Delhi,"Mandir Marg, Delhi - DPCC",21-08-2026 10:00:00,28.636429,77.201067,OZONE,6,16,12
India,Delhi,Delhi,"Pusa, Delhi - DPCC",21-08-2026 10:00:00,28.639652,77.146275,PM2.5,20,87,56
India,Delhi,Delhi,"Pusa, Delhi - DPCC",21-08-2026 10:00:00,28.639652,77.146275,NO2,16,80,49
India,Delhi,Delhi,"Pusa, Delhi - DPCC",21-08-2026 10:00:00,28.639652,77.146275,NH3,2,14,9
India,Delhi,Delhi,"Sirifort, Delhi - CPCB",21-08-2026 10:00:00,28.5504249,77.2159377,NO2,24,30,27
India,Delhi,Delhi,"Chandni Chowk, Delhi - IITM",21-08-2026 10:00:00,28.656756,77.227234,PM10,102,172,137
India,Delhi,Delhi,"Chandni Chowk, Delhi - IITM",21-08-2026 10:00:00,28.656756,77.227234,NO2,11,49,20
India,Delhi,Delhi,"NSIT Dwarka, Delhi - CPCB",21-08-2026 10:00:00,28.60909,77.0325413,CO,86,111,95
India,Delhi,Delhi,"Burari Crossing, Delhi - IITM",21-08-2026 10:00:00,28.7256504,77.2011573,NO2,4,33,13
India,Delhi,Delhi,"IMD Lodhi Road, Delhi - IITM",21-08-2026 10:00:00,28.5918245,77.2273074,PM10,69,128,110
India,Delhi,Delhi,"IMD Lodhi Road, Delhi - IITM",21-08-2026 10:00:00,28.5918245,77.2273074,SO2,NA,NA,NA
India,Delhi,Delhi,"IMD Lodhi Road, Delhi - IITM",21-08-2026 10:00:00,28.5918245,77.2273074,CO,21,27,23
India,Delhi,Delhi,"JNU, Delhi - DPCC",21-08-2026 10:00:00,28.540721,77.168544,NH3,NA,NA,NA
India,Delhi,Delhi,"JNU, Delhi - DPCC",21-08-2026 10:00:00,28.540721,77.168544,CO,25,39,30
India,Delhi,Delhi,"Alipur, Delhi - DPCC",21-08-2026 10:00:00,28.815329,77.15301,NO2,35,57,43
India,Delhi,Delhi,"R K Puram, Delhi - DPCC",21-08-2026 10:00:00,28.563262,77.186937,PM2.5,52,187,94
India,Delhi,Delhi,"R K Puram, Delhi - DPCC",21-08-2026 10:00:00,28.563262,77.186937,CO,16,32,21
India,Gujarat,Ahmedabad,"Rakhial, Ahmedabad - IITM",21-08-2026 10:00:00,23.016834,72.625775,PM10,57,145,87
India,Gujarat,Ahmedabad,"Rakhial, Ahmedabad - IITM",21-08-2026 10:00:00,23.016834,72.625775,NH3,3,7,4
India,Gujarat,Ahmedabad,"Rakhial, Ahmedabad - IITM",21-08-2026 10:00:00,23.016834,72.625775,SO2,26,39,33
India,Gujarat,Ahmedabad,"Maninagar, Ahmedabad - GPCB",21-08-2026 10:00:00,23.002657,72.591912,PM2.5,45,260,91
India,Gujarat,Surat,"Katargam, Surat - Nexteng Enviro",21-08-2026 10:00:00,21.217779,72.834787,SO2,8,11,9
India,Gujarat,Vadodara,"Bapunagar, Vadodara - Nexteng Enviro",21-08-2026 10:00:00,22.320153,73.216285,SO2,6,9,8
India,Gujarat,Vatva,"Phase-4 GIDC, Vatva - GPCB",21-08-2026 10:00:00,22.969611,72.6435,PM2.5,50,325,124
India,Haryana,Bahadurgarh,"Arya Nagar, Bahadurgarh - HSPCB",21-08-2026 10:00:00,28.6701,76.9254,OZONE,35,46,40
India,Haryana,Ballabgarh,"Nathu Colony, Ballabgarh - HSPCB",21-08-2026 10:00:00,28.3419248,77.319699,CO,16,20,19
India,Haryana,Charkhi Dadri,"Mini Secretariat, Charkhi Dadri - HSPCB",21-08-2026 10:00:00,28.593883,76.270653,SO2,7,9,8
India,Haryana,Charkhi Dadri,"Mini Secretariat, Charkhi Dadri - HSPCB",21-08-2026 10:00:00,28.593883,76.270653,OZONE,11,39,20
India,Haryana,Dharuhera,"Municipal Corporation Office, Dharuhera -  HSPCB",21-08-2026 10:00:00,28.2068,76.7997,PM2.5,57,113,75
India,Haryana,Dharuhera,"Municipal Corporation Office, Dharuhera -  HSPCB",21-08-2026 10:00:00,28.2068,76.7997,PM10,54,101,71
India,Haryana,Dharuhera,"Municipal Corporation Office, Dharuhera -  HSPCB",21-08-2026 10:00:00,28.2068,76.7997,NO2,13,45,36
India,Gujarat,Ahmedabad,"Maninagar, Ahmedabad - GPCB",21-08-2026 10:00:00,23.002657,72.591912,NO2,28,49,37
India,Gujarat,Ahmedabad,"Maninagar, Ahmedabad - GPCB",21-08-2026 10:00:00,23.002657,72.591912,SO2,17,30,23
India,Gujarat,Ahmedabad,"Maninagar, Ahmedabad - GPCB",21-08-2026 10:00:00,23.002657,72.591912,OZONE,25,34,29
India,Gujarat,Ahmedabad,"Chandkheda, Ahmedabad - IITM",21-08-2026 10:00:00,23.107969,72.574648,NO2,9,29,14
India,Gujarat,Ahmedabad,"Chandkheda, Ahmedabad - IITM",21-08-2026 10:00:00,23.107969,72.574648,OZONE,4,9,5
India,Gujarat,Ahmedabad,"SAC ISRO Bopal, Ahmedabad - IITM",21-08-2026 10:00:00,23.041137,72.456691,SO2,2,4,3
India,Gujarat,Ahmedabad,"SAC ISRO Satellite, Ahmedabad - IITM",21-08-2026 10:00:00,23.023389,72.515201,OZONE,7,9,8
India,Gujarat,Ahmedabad,"Gyaspur, Ahmedabad - IITM",21-08-2026 10:00:00,22.977134,72.553024,NH3,3,5,4
India,Gujarat,Ahmedabad,"Raikhad, Ahmedabad - IITM",21-08-2026 10:00:00,23.020509,72.579261,NH3,1,2,1
India,Gujarat,Ankleshwar,"GIDC, Ankleshwar - GPCB",21-08-2026 10:00:00,21.613267,73.010555,PM10,NA,NA,NA
India,Gujarat,Ankleshwar,"GIDC, Ankleshwar - GPCB",21-08-2026 10:00:00,21.613267,73.010555,CO,38,49,45
India,Delhi,Delhi,"DTU, Delhi - CPCB",21-08-2026 10:00:00,28.7500499,77.1112615,PM10,72,102,88
India,Delhi,Delhi,"DTU, Delhi - CPCB",21-08-2026 10:00:00,28.7500499,77.1112615,OZONE,12,16,14
India,Delhi,Delhi,"Dwarka-Sector 8, Delhi - DPCC ",21-08-2026 10:00:00,28.5710274,77.0719006,PM2.5,8,140,52
India,Delhi,Delhi,"Dwarka-Sector 8, Delhi - DPCC ",21-08-2026 10:00:00,28.5710274,77.0719006,OZONE,7,11,9
India,Delhi,Delhi,"Dr. Karni Singh Shooting Range, Delhi - DPCC",21-08-2026 10:00:00,28.498571,77.26484,PM2.5,20,207,73
India,Delhi,Delhi,"Dr. Karni Singh Shooting Range, Delhi - DPCC",21-08-2026 10:00:00,28.498571,77.26484,PM10,59,129,102
India,Delhi,Delhi,"Dr. Karni Singh Shooting Range, Delhi - DPCC",21-08-2026 10:00:00,28.498571,77.26484,SO2,4,8,7
India,Delhi,Delhi,"IIT Delhi, Delhi - IITM",21-08-2026 10:00:00,28.54246,77.191651,PM10,24,225,135
India,Delhi,Delhi,"IIT Delhi, Delhi - IITM",21-08-2026 10:00:00,28.54246,77.191651,CO,15,24,19
India,Delhi,Delhi,"Talkatora Garden, Delhi - DPCC",21-08-2026 10:00:00,28.62181,77.1944633,PM2.5,37,88,65
India,Delhi,Delhi,"NSIT Dwarka, Delhi - CPCB",21-08-2026 10:00:00,28.60909,77.0325413,PM2.5,8,55,14
India,Delhi,Delhi,"Narela, Delhi - DPCC",21-08-2026 10:00:00,28.822836,77.101981,NH3,6,15,9
India,Delhi,Delhi,"Narela, Delhi - DPCC",21-08-2026 10:00:00,28.822836,77.101981,SO2,12,14,13
India,Delhi,Delhi,"Narela, Delhi - DPCC",21-08-2026 10:00:00,28.822836,77.101981,CO,20,31,24
India,Delhi,Delhi,"Major Dhyan Chand National Stadium, Delhi - DPCC",21-08-2026 10:00:00,28.611281,77.237738,NH3,6,9,7
India,Delhi,Delhi,"Major Dhyan Chand National Stadium, Delhi - DPCC",21-08-2026 10:00:00,28.611281,77.237738,OZONE,11,21,15
India,Delhi,Delhi,"Bawana, Delhi - DPCC",21-08-2026 10:00:00,28.7762,77.051074,NH3,4,8,6
India,Jammu and Kashmir,Srinagar,"Khunmoh, Srinagar - JKPCC",21-08-2026 10:00:00,34.06313,74.96017,OZONE,NA,NA,NA
India,Jharkhand,Dhanbad,"Sardar Patel Nagar, Dhanbad - JSPCB",21-08-2026 10:00:00,23.80569,86.44268,OZONE,10,20,14
India,Jharkhand,Jorapokhar,"Tata Stadium, Jorapokhar - JSPCB",21-08-2026 10:00:00,23.707909,86.41467,PM2.5,57,73,60
India,Jharkhand,Jorapokhar,"Tata Stadium, Jorapokhar - JSPCB",21-08-2026 10:00:00,23.707909,86.41467,PM10,55,161,88
India,Jharkhand,Jorapokhar,"Tata Stadium, Jorapokhar - JSPCB",21-08-2026 10:00:00,23.707909,86.41467,NH3,3,3,3
India,Karnataka,Belgaum,"Ramteerth Nagar, Belgaum - KSPCB",21-08-2026 10:00:00,15.888653,74.541751,PM2.5,6,58,22
India,Karnataka,Belgaum,"Ramteerth Nagar, Belgaum - KSPCB",21-08-2026 10:00:00,15.888653,74.541751,NO2,22,54,32
India,Karnataka,Belgaum,"Ramteerth Nagar, Belgaum - KSPCB",21-08-2026 10:00:00,15.888653,74.541751,NH3,0,9,2
India,Karnataka,Belgaum,"Ramteerth Nagar, Belgaum - KSPCB",21-08-2026 10:00:00,15.888653,74.541751,SO2,23,25,23
India,Karnataka,Belgaum,"Ramteerth Nagar, Belgaum - KSPCB",21-08-2026 10:00:00,15.888653,74.541751,OZONE,19,19,19
India,Karnataka,Bengaluru,"Jigani, Bengaluru - KSPCB",21-08-2026 10:00:00,12.7816279,77.6299145,SO2,16,17,16
India,Karnataka,Bengaluru,"Jigani, Bengaluru - KSPCB",21-08-2026 10:00:00,12.7816279,77.6299145,CO,35,36,36
India,Karnataka,Bengaluru,"Hombegowda Nagar, Bengaluru - KSPCB",21-08-2026 10:00:00,12.938539,77.5901,NO2,10,52,27
India,Karnataka,Bengaluru,"Hombegowda Nagar, Bengaluru - KSPCB",21-08-2026 10:00:00,12.938539,77.5901,NH3,1,1,1
India,Karnataka,Bengaluru,"Peenya, Bengaluru - CPCB",21-08-2026 10:00:00,13.0270199,77.494094,NO2,11,362,49
India,Karnataka,Bengaluru,"Peenya, Bengaluru - CPCB",21-08-2026 10:00:00,13.0270199,77.494094,OZONE,NA,NA,NA
India,Karnataka,Bengaluru,"Shivapura_Peenya, Bengaluru - KSPCB",21-08-2026 10:00:00,13.0246342,77.5080115,NO2,23,29,28
India,Karnataka,Bengaluru,"Hebbal, Bengaluru - KSPCB",21-08-2026 10:00:00,13.029152,77.585901,PM10,15,63,36
India,Karnataka,Bengaluru,"Hebbal, Bengaluru - KSPCB",21-08-2026 10:00:00,13.029152,77.585901,NO2,4,25,15
India,Haryana,Panipat,"Sector-18, Panipat - HSPCB",21-08-2026 10:00:00,29.432304,76.972765,NH3,7,12,10
India,Haryana,Rohtak,"MD University, Rohtak - HSPCB",21-08-2026 10:00:00,28.52123,76.37138,PM2.5,47,115,90
India,Haryana,Rohtak,"MD University, Rohtak - HSPCB",21-08-2026 10:00:00,28.52123,76.37138,PM10,49,103,81
India,Haryana,Sirsa,"F-Block, Sirsa - HSPCB",21-08-2026 10:00:00,29.5364,75.0158,PM2.5,35,76,59
India,Haryana,Sirsa,"F-Block, Sirsa - HSPCB",21-08-2026 10:00:00,29.5364,75.0158,NO2,18,23,21
India,Haryana,Sonipat,"Murthal, Sonipat - HSPCB",21-08-2026 10:00:00,29.0272,77.0621,PM2.5,2,9,4
India,Haryana,Sonipat,"Murthal, Sonipat - HSPCB",21-08-2026 10:00:00,29.0272,77.0621,NO2,6,8,8
India,Haryana,Yamuna Nagar,"Gobind Pura, Yamuna Nagar - HSPCB",21-08-2026 10:00:00,30.1480566,77.2893471,PM2.5,60,116,81
India,Haryana,Yamuna Nagar,"Gobind Pura, Yamuna Nagar - HSPCB",21-08-2026 10:00:00,30.1480566,77.2893471,NO2,11,21,16
India,Haryana,Yamuna Nagar,"Gobind Pura, Yamuna Nagar - HSPCB",21-08-2026 10:00:00,30.1480566,77.2893471,NH3,1,6,4
India,Haryana,Yamuna Nagar,"Gobind Pura, Yamuna Nagar - HSPCB",21-08-2026 10:00:00,30.1480566,77.2893471,SO2,10,15,12
India,Jammu and Kashmir,Pampore,"Khrew, Pampore - JKPCC",21-08-2026 10:00:00,34.031606,75.009712,NO2,8,26,14
India,Jammu and Kashmir,Srinagar,"Rajbagh, Srinagar - JKPCC",21-08-2026 10:00:00,34.066206,74.81982,PM10,27,51,38
India,Jammu and Kashmir,Srinagar,"Rajbagh, Srinagar - JKPCC",21-08-2026 10:00:00,34.066206,74.81982,OZONE,1,3,2
India,Jammu and Kashmir,Srinagar,"Khunmoh, Srinagar - JKPCC",21-08-2026 10:00:00,34.06313,74.96017,NH3,NA,NA,NA
India,Karnataka,Bengaluru,"Hebbal, Bengaluru - KSPCB",21-08-2026 10:00:00,13.029152,77.585901,OZONE,1,34,9
India,Karnataka,Bengaluru,"Bapuji Nagar, Bengaluru - KSPCB",21-08-2026 10:00:00,12.951913,77.539784,CO,23,43,30
India,Karnataka,Chamarajanagar,"Urban, Chamarajanagar - KSPCB",21-08-2026 10:00:00,11.55358,76.55521,PM2.5,16,39,30
India,Karnataka,Chamarajanagar,"Urban, Chamarajanagar - KSPCB",21-08-2026 10:00:00,11.55358,76.55521,PM10,30,50,44
India,Karnataka,Chamarajanagar,"Urban, Chamarajanagar - KSPCB",21-08-2026 10:00:00,11.55358,76.55521,NO2,15,36,28
India,Karnataka,Chamarajanagar,"Urban, Chamarajanagar - KSPCB",21-08-2026 10:00:00,11.55358,76.55521,CO,23,23,23
India,Karnataka,Chikkaballapur,"Chikkaballapur Rural, Chikkaballapur - KSPCB",21-08-2026 10:00:00,13.428828,77.731418,NH3,1,1,1
India,Karnataka,Chikkaballapur,"Chikkaballapur Rural, Chikkaballapur - KSPCB",21-08-2026 10:00:00,13.428828,77.731418,OZONE,19,19,19
India,Karnataka,Hubballi,"Lingaraj Nagar, Hubballi - KSPCB",21-08-2026 10:00:00,15.3714823,75.1160168,SO2,2,3,2
India,Karnataka,Hubballi,"Lingaraj Nagar, Hubballi - KSPCB",21-08-2026 10:00:00,15.3714823,75.1160168,OZONE,22,22,22
India,Karnataka,Kalaburagi,"Lal Bahadur Shastri Nagar, Kalaburagi - KSPCB",21-08-2026 10:00:00,17.321993,76.822628,NO2,10,13,12
India,Karnataka,Kalaburagi,"Lal Bahadur Shastri Nagar, Kalaburagi - KSPCB",21-08-2026 10:00:00,17.321993,76.822628,NH3,2,3,3
India,Karnataka,Kalaburagi,"Mahatma Basaveswar Colony, Kalaburgi - KSPCB",21-08-2026 10:00:00,17.336318,76.847397,PM10,15,49,30
India,Kerala,Thiruvananthapuram,"Kariavattom, Thiruvananthapuram - Kerala PCB",21-08-2026 10:00:00,8.5637,76.8865,PM10,42,117,72
India,Kerala,Thrissur,"Corporation Ground, Thrissur - Kerala PCB",21-08-2026 10:00:00,10.5324,76.2159,PM10,40,60,52
India,Ladakh,Leh,"Skara Yokma, Leh - LPCC",21-08-2026 10:00:00,34.147096,77.55709,PM10,6,67,31
India,Ladakh,Leh,"Skara Yokma, Leh - LPCC",21-08-2026 10:00:00,34.147096,77.55709,NO2,NA,NA,NA
India,Madhya Pradesh,Bhopal,"Idgah Hills, Bhopal - MPPCB",21-08-2026 10:00:00,23.264759,77.381568,PM10,90,139,120
India,Madhya Pradesh,Damoh,"Shrivastav Colony, Damoh - MPPCB",21-08-2026 10:00:00,23.81748678,79.446246,OZONE,NA,NA,NA
India,Madhya Pradesh,Dewas,"Bhopal Chauraha, Dewas - MPPCB",21-08-2026 10:00:00,22.9682591,76.064118,PM10,37,113,80
India,Haryana,Gurugram,"Teri Gram, Gurugram - HSPCB",21-08-2026 10:00:00,28.4275,77.1465,NH3,9,17,12
India,Haryana,Hisar,"Urban Estate-II, Hisar - HSPCB",21-08-2026 10:00:00,29.14056,75.744941,PM2.5,31,99,57
India,Haryana,Hisar,"Urban Estate-II, Hisar - HSPCB",21-08-2026 10:00:00,29.14056,75.744941,PM10,61,115,91
India,Haryana,Hisar,"Urban Estate-II, Hisar - HSPCB",21-08-2026 10:00:00,29.14056,75.744941,NH3,10,12,11
India,Haryana,Hisar,"Urban Estate-II, Hisar - HSPCB",21-08-2026 10:00:00,29.14056,75.744941,CO,10,14,13
India,Haryana,Jind,"Police Lines, Jind - HSPCB",21-08-2026 10:00:00,29.307814,76.337619,OZONE,8,12,10
India,Haryana,Kaithal,"Rishi Nagar, Kaithal - HSPCB",21-08-2026 10:00:00,29.8006,76.4155,SO2,61,104,74
India,Haryana,Karnal,"Sector-12, Karnal - HSPCB",21-08-2026 10:00:00,29.6953,77.0027,NO2,9,22,15
India,Karnataka,Karwar,"KHB Colony, Karwar - KSPCB",21-08-2026 10:00:00,14.816666,74.141003,OZONE,NA,NA,NA
India,Karnataka,Madikeri,"Stuart Hill, Madikeri - KSPCB",21-08-2026 10:00:00,12.415911,75.73505,PM10,15,40,27
India,Karnataka,Ramanagara,"Vijay Nagar, Ramanagara - KSPCB",21-08-2026 10:00:00,12.733409,77.298051,SO2,17,20,18
India,Karnataka,Shivamogga,"Vinoba Nagara, Shivamogga - KSPCB",21-08-2026 10:00:00,13.94,75.555917,NO2,15,30,26
India,Karnataka,Shivamogga,"Vinoba Nagara, Shivamogga - KSPCB",21-08-2026 10:00:00,13.94,75.555917,OZONE,33,38,36
India,Karnataka,Vijayapura,"Ibrahimpur, Vijayapura - KSPCB",21-08-2026 10:00:00,16.802639,75.722694,PM2.5,26,28,27
India,Karnataka,Vijayapura,"Ibrahimpur, Vijayapura - KSPCB",21-08-2026 10:00:00,16.802639,75.722694,CO,19,36,25
India,Haryana,Dharuhera,"Municipal Corporation Office, Dharuhera -  HSPCB",21-08-2026 10:00:00,28.2068,76.7997,SO2,6,9,8
India,Haryana,Dharuhera,"Municipal Corporation Office, Dharuhera -  HSPCB",21-08-2026 10:00:00,28.2068,76.7997,OZONE,5,7,6
India,Haryana,Faridabad,"Sector 11, Faridabad - HSPCB",21-08-2026 10:00:00,28.376058,77.315741,PM2.5,27,480,199
India,Haryana,Faridabad,"Sector 11, Faridabad - HSPCB",21-08-2026 10:00:00,28.376058,77.315741,NH3,8,9,8
India,Haryana,Faridabad,"Sector 30, Faridabad - HSPCB",21-08-2026 10:00:00,28.4417,77.3217,PM2.5,52,313,134
India,Haryana,Fatehabad,"Huda Sector, Fatehabad - HSPCB",21-08-2026 10:00:00,29.503664,75.467934,PM2.5,17,22,19
India,Haryana,Fatehabad,"Huda Sector, Fatehabad - HSPCB",21-08-2026 10:00:00,29.503664,75.467934,SO2,54,62,58
India,Karnataka,Yadgir,"Collector Office, Yadgir - KSPCB",21-08-2026 10:00:00,16.7602,77.1428,CO,11,14,13
India,Kerala,Eloor,"Udyogamandal, Eloor - Kerala PCB",21-08-2026 10:00:00,10.073232,76.302765,NH3,0,0,0
India,Kerala,Eloor,"Udyogamandal, Eloor - Kerala PCB",21-08-2026 10:00:00,10.073232,76.302765,CO,60,146,104
India,Kerala,Kannur,"Thavakkara, Kannur - Kerala PCB",21-08-2026 10:00:00,11.875,75.3732,PM2.5,48,56,53
India,Kerala,Kannur,"Thavakkara, Kannur - Kerala PCB",21-08-2026 10:00:00,11.875,75.3732,SO2,0,0,0
India,Haryana,Kurukshetra,"Sector-7, Kurukshetra - HSPCB",21-08-2026 10:00:00,29.966942,76.875879,CO,14,20,17
India,Haryana,Kurukshetra,"Sector-7, Kurukshetra - HSPCB",21-08-2026 10:00:00,29.966942,76.875879,OZONE,16,24,20
India,Haryana,Panchgaon,"Amity University, Panchgaon - IITM",21-08-2026 10:00:00,28.3153,76.9143,PM2.5,61,102,76
India,Madhya Pradesh,Jabalpur,"Marhatal, Jabalpur - MPPCB",21-08-2026 10:00:00,23.168606,79.932247,CO,5,34,14
India,Madhya Pradesh,Jabalpur,"Marhatal, Jabalpur - MPPCB",21-08-2026 10:00:00,23.168606,79.932247,OZONE,18,25,22
India,Madhya Pradesh,Jabalpur,"Govindh Bhavan Colony, Jabalpur - JMC",21-08-2026 10:00:00,23.163174,79.973061,NO2,16,23,19
India,Madhya Pradesh,Jabalpur,"Govindh Bhavan Colony, Jabalpur - JMC",21-08-2026 10:00:00,23.163174,79.973061,NH3,9,10,10
India,Madhya Pradesh,Jabalpur,"Govindh Bhavan Colony, Jabalpur - JMC",21-08-2026 10:00:00,23.163174,79.973061,SO2,6,8,7
India,Madhya Pradesh,Jabalpur,"Govindh Bhavan Colony, Jabalpur - JMC",21-08-2026 10:00:00,23.163174,79.973061,CO,33,36,34
India,Madhya Pradesh,Jabalpur,"Govindh Bhavan Colony, Jabalpur - JMC",21-08-2026 10:00:00,23.163174,79.973061,OZONE,20,26,23
India,Madhya Pradesh,Jabalpur,"Suhagi, Jabalpur - JMC",21-08-2026 10:00:00,23.218135,79.95777,NH3,5,5,5
India,Madhya Pradesh,Jabalpur,"Suhagi, Jabalpur - JMC",21-08-2026 10:00:00,23.218135,79.95777,SO2,5,7,6
India,Madhya Pradesh,Jabalpur,"Suhagi, Jabalpur - JMC",21-08-2026 10:00:00,23.218135,79.95777,OZONE,20,34,27
India,Madhya Pradesh,Katni,"Gole Bazar, Katni - MPPCB",21-08-2026 10:00:00,23.50016,80.23284,CO,23,37,28
India,Madhya Pradesh,Mandideep,"Sector-D Industrial Area, Mandideep - MPPCB",21-08-2026 10:00:00,23.10844,77.511428,PM10,56,106,81
India,Madhya Pradesh,Mandideep,"Sector-D Industrial Area, Mandideep - MPPCB",21-08-2026 10:00:00,23.10844,77.511428,NO2,27,37,32
India,Madhya Pradesh,Mandideep,"Sector-D Industrial Area, Mandideep - MPPCB",21-08-2026 10:00:00,23.10844,77.511428,OZONE,22,36,28
India,Madhya Pradesh,Ratlam,"Shasthri Nagar, Ratlam - IPCA Lab",21-08-2026 10:00:00,23.331731,75.045981,SO2,11,12,11
India,Madhya Pradesh,Ratlam,"Shasthri Nagar, Ratlam - IPCA Lab",21-08-2026 10:00:00,23.331731,75.045981,CO,NA,NA,NA
India,Maharashtra,Badlapur,"Katrap, Badlapur - MPCB",21-08-2026 10:00:00,19.16485,73.23409,CO,35,38,37
India,Maharashtra,Beed,"Bir, Beed - MPCB",21-08-2026 10:00:00,18.988474,75.753873,PM10,25,64,41
India,Maharashtra,Beed,"Bir, Beed - MPCB",21-08-2026 10:00:00,18.988474,75.753873,NO2,6,25,12
India,Maharashtra,Beed,"Bir, Beed - MPCB",21-08-2026 10:00:00,18.988474,75.753873,OZONE,6,12,9
India,Maharashtra,Belapur,"CBD Belapur, Belapur - MPCB",21-08-2026 10:00:00,19.0243902,73.0406721,PM10,NA,NA,NA
India,Maharashtra,Belapur,"CBD Belapur, Belapur - MPCB",21-08-2026 10:00:00,19.0243902,73.0406721,SO2,NA,NA,NA
India,Maharashtra,Bhiwandi,"Gokul Nagar, Bhiwandi - MPCB",21-08-2026 10:00:00,19.309073,73.057223,NO2,5,9,5
India,Maharashtra,Boisar,"Khaira, Boisar - MPCB",21-08-2026 10:00:00,19.786089,72.757971,OZONE,4,18,9
India,Maharashtra,Chandrapur,"MIDC Khutala, Chandrapur - MPCB",21-08-2026 10:00:00,19.9775302,79.2337086,SO2,2,5,3
India,Maharashtra,Chandrapur,"Chauhan Colony, Chandrapur - MPCB",21-08-2026 10:00:00,19.9629,79.298714,NH3,1,1,1
India,Maharashtra,Dhule,"Deopur, Dhule - MPCB",21-08-2026 10:00:00,20.918946,74.776388,CO,1,5,2
India,Maharashtra,Dombivli,"Kalu Nagar, Dombivli - MPCB",21-08-2026 10:00:00,19.2268427,73.0788456,PM2.5,3,13,7
India,Maharashtra,Dombivli,"Kalu Nagar, Dombivli - MPCB",21-08-2026 10:00:00,19.2268427,73.0788456,SO2,24,53,28
India,Maharashtra,Dombivli,"Kalu Nagar, Dombivli - MPCB",21-08-2026 10:00:00,19.2268427,73.0788456,OZONE,27,35,31
India,Maharashtra,Hingoli,"Ashta Vinayak Nagar, Hingoli - MPCB",21-08-2026 10:00:00,19.710842,77.151824,PM10,52,120,78
India,Maharashtra,Hingoli,"Ashta Vinayak Nagar, Hingoli - MPCB",21-08-2026 10:00:00,19.710842,77.151824,NH3,1,4,2
India,Maharashtra,Jalgaon,"Prabhat Colony, Jalgaon - MPCB",21-08-2026 10:00:00,21.001264,75.565602,PM2.5,15,49,35
India,Maharashtra,Jalna,"Old MIDC, Jalna - MPCB",21-08-2026 10:00:00,19.854616,75.905894,PM2.5,NA,NA,NA
India,Maharashtra,Kalyan,"Khadakpada, Kalyan - MPCB",21-08-2026 10:00:00,19.25292,73.142019,NH3,1,1,1
India,Maharashtra,Kalyan,"Khadakpada, Kalyan - MPCB",21-08-2026 10:00:00,19.25292,73.142019,OZONE,8,8,8
India,Maharashtra,Kolhapur,"Sinchan Bhavan, Kolhapur - MPCB",21-08-2026 10:00:00,16.7143745,74.2426398,SO2,0,1,0
India,Maharashtra,Kolhapur,"Sinchan Bhavan, Kolhapur - MPCB",21-08-2026 10:00:00,16.7143745,74.2426398,OZONE,3,13,8
India,Maharashtra,Kolhapur,"Shivaji University, Kolhapur - MPCB",21-08-2026 10:00:00,16.6870449,74.2505872,NH3,3,4,3
India,Maharashtra,Kolhapur,"Shivaji University, Kolhapur - MPCB",21-08-2026 10:00:00,16.6870449,74.2505872,OZONE,7,13,10
India,Maharashtra,Latur,"Sawe Wadi, Latur - MPCB",21-08-2026 10:00:00,18.39963,76.57452,NO2,6,26,11
India,Maharashtra,Malegaon,"Mahesh Nagar, Malegaon - MPCB",21-08-2026 10:00:00,20.555712,74.529236,PM2.5,11,65,33
India,Maharashtra,Malegaon,"Mahesh Nagar, Malegaon - MPCB",21-08-2026 10:00:00,20.555712,74.529236,NH3,NA,NA,NA
India,Maharashtra,Mira-Bhayandar,"Bhayandar West, Mira-Bhayandar - MPCB",21-08-2026 10:00:00,19.296481,72.840923,PM2.5,15,37,25
India,Maharashtra,Mumbai,"Shivaji Nagar, Mumbai - BMC",21-08-2026 10:00:00,19.060498,72.923356,NO2,6,13,9
India,Maharashtra,Mumbai,"Shivaji Nagar, Mumbai - BMC",21-08-2026 10:00:00,19.060498,72.923356,CO,12,27,18
India,Maharashtra,Mumbai,"Shivaji Nagar, Mumbai - BMC",21-08-2026 10:00:00,19.060498,72.923356,OZONE,11,13,12
India,Maharashtra,Mumbai,"Sion, Mumbai - MPCB",21-08-2026 10:00:00,19.047,72.8746,PM2.5,1,17,9
India,Maharashtra,Mumbai,"Sion, Mumbai - MPCB",21-08-2026 10:00:00,19.047,72.8746,NO2,31,57,44
India,Maharashtra,Mumbai,"Borivali East, Mumbai - MPCB",21-08-2026 10:00:00,19.2243333,72.8658113,OZONE,NA,NA,NA
India,Maharashtra,Mumbai,"Siddharth Nagar-Worli, Mumbai - IITM",21-08-2026 10:00:00,19.000083,72.813993,PM2.5,10,15,12
India,Maharashtra,Mumbai,"Siddharth Nagar-Worli, Mumbai - IITM",21-08-2026 10:00:00,19.000083,72.813993,PM10,25,44,36
India,Maharashtra,Mumbai,"Siddharth Nagar-Worli, Mumbai - IITM",21-08-2026 10:00:00,19.000083,72.813993,NO2,9,15,12
India,Maharashtra,Mumbai,"Siddharth Nagar-Worli, Mumbai - IITM",21-08-2026 10:00:00,19.000083,72.813993,CO,2,2,2
India,Maharashtra,Mumbai,"Siddharth Nagar-Worli, Mumbai - IITM",21-08-2026 10:00:00,19.000083,72.813993,OZONE,22,23,22
India,Madhya Pradesh,Sagar,"Civil Lines, Sagar - MPPCB",21-08-2026 10:00:00,23.838586,78.759431,NO2,6,19,12
India,Madhya Pradesh,Sagar,"Civil Lines, Sagar - MPPCB",21-08-2026 10:00:00,23.838586,78.759431,OZONE,30,35,33
India,Madhya Pradesh,Satna,"Bandhavgar Colony, Satna - Birla Cement",21-08-2026 10:00:00,24.58434363,80.8549414,NH3,NA,NA,NA
India,Madhya Pradesh,Singrauli,"Suryakiran Bhawan NCL, Singrauli - MPPCB",21-08-2026 10:00:00,24.10897,82.64558,PM2.5,NA,NA,NA
India,Madhya Pradesh,Singrauli,"Suryakiran Bhawan NCL, Singrauli - MPPCB",21-08-2026 10:00:00,24.10897,82.64558,PM10,3,70,25
India,Madhya Pradesh,Singrauli,"Suryakiran Bhawan NCL, Singrauli - MPPCB",21-08-2026 10:00:00,24.10897,82.64558,NO2,NA,NA,NA
India,Madhya Pradesh,Ujjain,"Mahashweta Nagar, Ujjain - MPPCB",21-08-2026 10:00:00,23.1633321,75.800225,NH3,3,12,8
India,Madhya Pradesh,Ujjain,"Mahashweta Nagar, Ujjain - MPPCB",21-08-2026 10:00:00,23.1633321,75.800225,CO,26,32,29
India,Maharashtra,Ahmednagar,"Tarakpur, Ahmednagar - MPCB",21-08-2026 10:00:00,19.10122,74.73339,PM2.5,6,38,19
India,Maharashtra,Akola,"Ramdaspeth, Akola - MPCB",21-08-2026 10:00:00,20.719516,77.000253,PM2.5,26,49,33
India,Maharashtra,Mumbai,"Navy Nagar-Colaba, Mumbai - IITM",21-08-2026 10:00:00,18.897756,72.81332,OZONE,22,25,24
India,Maharashtra,Mumbai,"Mulund West, Mumbai - MPCB",21-08-2026 10:00:00,19.175,72.9419,NH3,NA,NA,NA
India,Maharashtra,Mumbai,"Chembur, Mumbai - MPCB",21-08-2026 10:00:00,19.0364585,72.8954371,PM10,34,50,41
India,Maharashtra,Mumbai,"Sewri, Mumbai - BMC",21-08-2026 10:00:00,19.000084,72.85673,PM2.5,15,26,21
India,Maharashtra,Mumbai,"Sewri, Mumbai - BMC",21-08-2026 10:00:00,19.000084,72.85673,SO2,NA,NA,NA
India,Maharashtra,Mumbai,"Sewri, Mumbai - BMC",21-08-2026 10:00:00,19.000084,72.85673,CO,NA,NA,NA
India,Maharashtra,Mumbai,"Sewri, Mumbai - BMC",21-08-2026 10:00:00,19.000084,72.85673,OZONE,NA,NA,NA
India,Maharashtra,Mumbai,"Khindipada-Bhandup West, Mumbai - IITM",21-08-2026 10:00:00,19.1653323,72.922099,SO2,3,9,6
India,Maharashtra,Mumbai,"Malad West, Mumbai - IITM",21-08-2026 10:00:00,19.19709,72.82204,NO2,8,24,16
India,Maharashtra,Mumbai,"Borivali East, Mumbai - IITM",21-08-2026 10:00:00,19.23241,72.86895,PM10,27,57,42
India,Maharashtra,Mumbai,"Bandra Kurla Complex, Mumbai - MPCB",21-08-2026 10:00:00,19.065931,72.862131,NH3,NA,NA,NA
India,Maharashtra,Mumbai,"Kherwadi_Bandra East, Mumbai - MPCB",21-08-2026 10:00:00,19.0632143,72.8456324,OZONE,11,14,13
India,Maharashtra,Mumbai,"Byculla, Mumbai - BMC",21-08-2026 10:00:00,18.9767,72.838,SO2,3,8,5
India,Maharashtra,Mumbai,"Mindspace-Malad West, Mumbai - MPCB",21-08-2026 10:00:00,19.1878657,72.8304069,NO2,18,18,18
India,Maharashtra,Mumbai,"Mindspace-Malad West, Mumbai - MPCB",21-08-2026 10:00:00,19.1878657,72.8304069,NH3,7,8,7
India,Maharashtra,Mumbai,"Worli, Mumbai - MPCB",21-08-2026 10:00:00,18.9936162,72.8128113,CO,34,44,38
India,Maharashtra,Mumbai,"Navy Nagar-Colaba, Mumbai - IITM",21-08-2026 10:00:00,18.897756,72.81332,PM2.5,13,35,21
India,Madhya Pradesh,Gwalior,"Deen Dayal Nagar, Gwalior - MPPCB",21-08-2026 10:00:00,26.259242,78.216432,SO2,7,11,9
India,Madhya Pradesh,Gwalior,"Deen Dayal Nagar, Gwalior - MPPCB",21-08-2026 10:00:00,26.259242,78.216432,CO,40,55,45
India,Madhya Pradesh,Indore,"Regional Park, Indore - IMC",21-08-2026 10:00:00,22.678,75.8559,PM2.5,6,36,26
India,Madhya Pradesh,Indore,"Regional Park, Indore - IMC",21-08-2026 10:00:00,22.678,75.8559,PM10,15,42,32
India,Madhya Pradesh,Indore,"Regional Park, Indore - IMC",21-08-2026 10:00:00,22.678,75.8559,NH3,1,6,2
India,Madhya Pradesh,Indore,"Chhoti Gwaltoli, Indore - MPPCB",21-08-2026 10:00:00,22.431,75.5213,PM2.5,31,75,53
India,Madhya Pradesh,Indore,"Residency Area, Indore - IMC",21-08-2026 10:00:00,22.7084,75.8815,CO,NA,NA,NA
India,Maharashtra,Akola,"Ramdaspeth, Akola - MPCB",21-08-2026 10:00:00,20.719516,77.000253,PM10,31,72,52
India,Maharashtra,Akola,"Ramdaspeth, Akola - MPCB",21-08-2026 10:00:00,20.719516,77.000253,NH3,6,9,7
India,Maharashtra,Aurangabad,"MIDC Chilkalthana, Aurangabad - MPCB",21-08-2026 10:00:00,19.87562,75.38731,OZONE,28,28,28
India,Maharashtra,Aurangabad,"Rachnakar Colony, Aurangabad - MPCB",21-08-2026 10:00:00,19.863756,75.321188,CO,21,26,24
India,Maharashtra,Aurangabad,"More Chowk Waluj, Aurangabad - MPCB",21-08-2026 10:00:00,19.8389439,75.244448,PM10,NA,NA,NA
India,Odisha,Barbil,"Forest Office, Barbil - OSPCB",21-08-2026 10:00:00,22.1166054,85.3945546,PM10,37,103,67
India,Odisha,Barbil,"Forest Office, Barbil - OSPCB",21-08-2026 10:00:00,22.1166054,85.3945546,SO2,NA,NA,NA
India,Odisha,Baripada,"Meher Colony, Baripada - OSPCB",21-08-2026 10:00:00,21.941841,86.728318,PM10,59,95,76
India,Odisha,Bhubaneswar,"Patia, Bhubaneswar - OSPCB",21-08-2026 10:00:00,20.34652,85.8163,NO2,5,24,11
India,Odisha,Bhubaneswar,"Patia, Bhubaneswar - OSPCB",21-08-2026 10:00:00,20.34652,85.8163,NH3,3,10,6
India,Odisha,Bhubaneswar,"Lingraj Mandir, Bhubaneswar - OSPCB",21-08-2026 10:00:00,20.24079,85.836784,CO,32,37,34
India,Odisha,Bileipada,"Tata Township, Bileipada - OSPCB",21-08-2026 10:00:00,22.06156703,85.47409613,CO,31,35,32
India,Odisha,Byasanagar,"Ferro Chrome Colony, Byasanagar - OSPCB",21-08-2026 10:00:00,20.94185,86.1151,NO2,6,33,13
India,Odisha,Byasanagar,"Ferro Chrome Colony, Byasanagar - OSPCB",21-08-2026 10:00:00,20.94185,86.1151,SO2,8,35,16
India,Odisha,Keonjhar,"Jagamohanpur, Keonjhar - OSPCB",21-08-2026 10:00:00,21.6439,85.599355,PM2.5,17,28,23
India,Odisha,Keonjhar,"Jagamohanpur, Keonjhar - OSPCB",21-08-2026 10:00:00,21.6439,85.599355,NH3,2,3,2
India,Odisha,Keonjhar,"Jagamohanpur, Keonjhar - OSPCB",21-08-2026 10:00:00,21.6439,85.599355,SO2,15,17,16
India,Odisha,Rairangpur,"Divisional Forest Office, Rairangpur - OSPCB",21-08-2026 10:00:00,22.265816,86.174829,PM2.5,14,18,15
India,Odisha,Rairangpur,"Divisional Forest Office, Rairangpur - OSPCB",21-08-2026 10:00:00,22.265816,86.174829,PM10,42,66,49
India,Odisha,Rairangpur,"Divisional Forest Office, Rairangpur - OSPCB",21-08-2026 10:00:00,22.265816,86.174829,CO,10,22,16
India,Odisha,Rourkela,"Sector-2, Rourkela - OSPCB",21-08-2026 10:00:00,22.245,84.88111111,SO2,NA,NA,NA
India,Odisha,Rourkela,"Raghunathpali, Rourkela - OSPCB",21-08-2026 10:00:00,22.220833,84.809444,PM2.5,5,50,28
India,Maharashtra,Nagpur,"Mahal, Nagpur - MPCB",21-08-2026 10:00:00,21.14472,79.107595,NO2,5,19,10
India,Maharashtra,Nagpur,"Ram Nagar, Nagpur - MPCB",21-08-2026 10:00:00,21.143383,79.048912,OZONE,20,24,21
India,Maharashtra,Nagpur,"Opp GPO Civil Lines, Nagpur - MPCB",21-08-2026 10:00:00,21.152875,79.0517531,PM2.5,13,55,36
India,Maharashtra,Nagpur,"Opp GPO Civil Lines, Nagpur - MPCB",21-08-2026 10:00:00,21.152875,79.0517531,NO2,16,16,16
India,Maharashtra,Nagpur,"Opp GPO Civil Lines, Nagpur - MPCB",21-08-2026 10:00:00,21.152875,79.0517531,OZONE,10,11,11
India,Maharashtra,Nagpur,"Ambazari, Nagpur - MPCB",21-08-2026 10:00:00,21.121801,79.04952,NO2,7,15,11
India,Maharashtra,Nagpur,"Ambazari, Nagpur - MPCB",21-08-2026 10:00:00,21.121801,79.04952,NH3,2,3,2
India,Maharashtra,Nagpur,"Ambazari, Nagpur - MPCB",21-08-2026 10:00:00,21.121801,79.04952,SO2,6,10,9
India,Maharashtra,Nanded,"Sneh Nagar, Nanded - MPCB",21-08-2026 10:00:00,19.173852,77.296291,PM10,42,57,50
India,Maharashtra,Nanded,"Sneh Nagar, Nanded - MPCB",21-08-2026 10:00:00,19.173852,77.296291,NH3,1,4,3
India,Maharashtra,Nanded,"Sneh Nagar, Nanded - MPCB",21-08-2026 10:00:00,19.173852,77.296291,CO,20,27,23
India,Maharashtra,Nashik,"Gangapur Road, Nashik - MPCB",21-08-2026 10:00:00,20.0073285,73.7762427,PM10,15,37,24
India,Maharashtra,Nashik,"Gangapur Road, Nashik - MPCB",21-08-2026 10:00:00,20.0073285,73.7762427,NH3,3,3,3
India,Maharashtra,Nashik,"Gangapur Road, Nashik - MPCB",21-08-2026 10:00:00,20.0073285,73.7762427,OZONE,19,20,19
India,Maharashtra,Nashik,"Pandav Nagari, Nashik - MPCB",21-08-2026 10:00:00,19.9591346,73.7788008,PM10,13,39,28
India,Maharashtra,Nashik,"Pandav Nagari, Nashik - MPCB",21-08-2026 10:00:00,19.9591346,73.7788008,NO2,3,7,4
India,Maharashtra,Nashik,"Pandav Nagari, Nashik - MPCB",21-08-2026 10:00:00,19.9591346,73.7788008,OZONE,5,13,10
India,Maharashtra,Nashik,"Hirawadi, Nashik - MPCB",21-08-2026 10:00:00,20.021503,73.813844,PM2.5,13,34,22
India,Maharashtra,Navi Mumbai,"Kopripada-Vashi, Navi Mumbai - MPCB",21-08-2026 10:00:00,19.090337,73.014232,PM2.5,6,32,17
India,Maharashtra,Pune,"Mhada Colony, Pune - IITM",21-08-2026 10:00:00,18.57304,73.927715,NO2,17,47,28
India,Maharashtra,Pune,"Mhada Colony, Pune - IITM",21-08-2026 10:00:00,18.57304,73.927715,CO,26,61,41
India,Maharashtra,Pune,"Dhankawadi, Pune - IITM",21-08-2026 10:00:00,18.459883,73.852193,NO2,11,19,15
India,Maharashtra,Pune,"Dhankawadi, Pune - IITM",21-08-2026 10:00:00,18.459883,73.852193,SO2,NA,NA,NA
India,Maharashtra,Pune,"Dhankawadi, Pune - IITM",21-08-2026 10:00:00,18.459883,73.852193,OZONE,2,8,4
India,Maharashtra,Pune,"Panchawati_Pashan, Pune - IITM",21-08-2026 10:00:00,18.536457,73.805454,NO2,7,14,9
India,Maharashtra,Pune,"Panchawati_Pashan, Pune - IITM",21-08-2026 10:00:00,18.536457,73.805454,NH3,NA,NA,NA
India,Maharashtra,Sangli,"Vijay Nagar, Sangli - MPCB",21-08-2026 10:00:00,16.5038,74.3623,NO2,1,10,4
India,Maharashtra,Satara,"Koyana Nagar, Satara - MPCB",21-08-2026 10:00:00,17.696651,74.003387,CO,13,28,19
India,Maharashtra,Solapur,"Dnyaneshwar Nagar, Solapur - MPCB",21-08-2026 10:00:00,17.6336264,75.9132495,PM2.5,11,44,24
India,Maharashtra,Solapur,"Ratandeep Housing Society, Solapur - MPCB",21-08-2026 10:00:00,17.65439,75.90649,PM2.5,28,60,46
India,Maharashtra,Solapur,"Ratandeep Housing Society, Solapur - MPCB",21-08-2026 10:00:00,17.65439,75.90649,PM10,36,63,49
India,Maharashtra,Thane,"Upvan Fort, Thane - MPCB",21-08-2026 10:00:00,19.222279,72.957979,PM10,21,42,28
India,Maharashtra,Thane,"Upvan Fort, Thane - MPCB",21-08-2026 10:00:00,19.222279,72.957979,NH3,NA,NA,NA
India,Maharashtra,Thane,"Upvan Fort, Thane - MPCB",21-08-2026 10:00:00,19.222279,72.957979,OZONE,9,15,11
India,Maharashtra,Thane,"Kasarvadavali, Thane - MPCB",21-08-2026 10:00:00,19.26777,72.97182,PM2.5,22,56,38
India,Maharashtra,Ulhasnagar,"Sidhi Vinayak Nagar, Ulhasnagar - MPCB",21-08-2026 10:00:00,19.235581,73.159121,PM2.5,14,15,14
India,Maharashtra,Ulhasnagar,"Sidhi Vinayak Nagar, Ulhasnagar - MPCB",21-08-2026 10:00:00,19.235581,73.159121,PM10,34,38,36
India,Maharashtra,Ulhasnagar,"Sidhi Vinayak Nagar, Ulhasnagar - MPCB",21-08-2026 10:00:00,19.235581,73.159121,NH3,2,2,2
India,Maharashtra,Ulhasnagar,"Vithalwadi, Ulhasnagar - MPCB",21-08-2026 10:00:00,19.2307571,73.155192,NO2,4,6,5
India,Maharashtra,Virar,"Bolinj, Virar - MPCB",21-08-2026 10:00:00,19.445821,72.7988231,NH3,5,9,6
India,Meghalaya,Byrnihat,"15th Mile-Nongthymmai, Byrnihat -Meghalaya PCB",21-08-2026 10:00:00,26.079047,91.875185,OZONE,NA,NA,NA
India,Meghalaya,Shillong,"Lumpyngngad, Shillong - Meghalaya PCB",21-08-2026 10:00:00,25.5586,91.8985,PM10,NA,NA,NA
India,Mizoram,Aizawl,"Sikulpuikawn, Aizawl - Mizoram PCB",21-08-2026 10:00:00,23.7176342,92.7192841,NO2,1,1,1
India,Mizoram,Aizawl,"Sikulpuikawn, Aizawl - Mizoram PCB",21-08-2026 10:00:00,23.7176342,92.7192841,NH3,0,0,0
India,Nagaland,Kohima,"PWD Junction, Kohima - NPCB",21-08-2026 10:00:00,25.6635413,94.0989878,PM10,6,37,20
India,Nagaland,Kohima,"PWD Junction, Kohima - NPCB",21-08-2026 10:00:00,25.6635413,94.0989878,CO,4,6,5
India,Odisha,Balasore,"Kalidaspur, Balasore - OSPCB",21-08-2026 10:00:00,21.51161,86.89088,SO2,3,14,5
India,Maharashtra,Navi Mumbai,"Sanpada, Navi Mumbai - MPCB",21-08-2026 10:00:00,19.0575752,73.0151367,PM2.5,10,42,22
India,Maharashtra,Navi Mumbai,"Sanpada, Navi Mumbai - MPCB",21-08-2026 10:00:00,19.0575752,73.0151367,NO2,2,8,5
India,Maharashtra,Navi Mumbai,"Sector-2E Kalamboli, Navi Mumbai - MPCB",21-08-2026 10:00:00,19.02579,73.10297,SO2,0,3,3
India,Maharashtra,Navi Mumbai,"Sector-2E Kalamboli, Navi Mumbai - MPCB",21-08-2026 10:00:00,19.02579,73.10297,OZONE,2,6,4
India,Maharashtra,Navi Mumbai,"Mahape, Navi Mumbai - MPCB",21-08-2026 10:00:00,19.1135051,73.008978,PM2.5,10,47,22
India,Maharashtra,Navi Mumbai,"Mahape, Navi Mumbai - MPCB",21-08-2026 10:00:00,19.1135051,73.008978,PM10,43,102,66
India,Maharashtra,Navi Mumbai,"Mahape, Navi Mumbai - MPCB",21-08-2026 10:00:00,19.1135051,73.008978,CO,69,70,69
India,Maharashtra,Navi Mumbai,"Nerul, Navi Mumbai - MPCB",21-08-2026 10:00:00,19.008751,73.01662,CO,NA,NA,NA
India,Maharashtra,Navi Mumbai,"Nerul, Navi Mumbai - MPCB",21-08-2026 10:00:00,19.008751,73.01662,OZONE,NA,NA,NA
India,Maharashtra,Parbhani,"Masoom Colony, Parbhani - MPCB",21-08-2026 10:00:00,19.265594,76.761463,PM2.5,NA,NA,NA
India,Maharashtra,Pimpri-Chinchwad,"Bhosari, Pune - IITM",21-08-2026 10:00:00,18.640051,73.848956,CO,42,61,52
India,Maharashtra,Pimpri-Chinchwad,"Thergaon, Pimpri Chinchwad - MPCB",21-08-2026 10:00:00,18.616318,73.765797,SO2,1,2,2
India,Maharashtra,Pimpri-Chinchwad,"Thergaon, Pimpri Chinchwad - MPCB",21-08-2026 10:00:00,18.616318,73.765797,OZONE,6,13,10
India,Maharashtra,Pimpri-Chinchwad,"Transport Nagar-Nigdi, Pune - IITM",21-08-2026 10:00:00,18.664282,73.763966,PM10,41,85,59
India,Maharashtra,Pimpri-Chinchwad,"Park Street Wakad, Pimpri Chinchwad - MPCB",21-08-2026 10:00:00,18.59051,73.77946,PM2.5,11,19,17
India,Maharashtra,Pimpri-Chinchwad,"Park Street Wakad, Pimpri Chinchwad - MPCB",21-08-2026 10:00:00,18.59051,73.77946,CO,4,20,13
India,Maharashtra,Pimpri-Chinchwad,"Savta Mali Nagar, Pimpri-Chinchwad - IITM",21-08-2026 10:00:00,18.614767,73.799516,PM10,45,92,72
India,Maharashtra,Pune,"Hadapsar, Pune - IITM",21-08-2026 10:00:00,18.501793,73.927532,PM2.5,26,62,44
India,Maharashtra,Pune,"Hadapsar, Pune - IITM",21-08-2026 10:00:00,18.501793,73.927532,NH3,NA,NA,NA
India,Maharashtra,Pune,"Revenue Colony-Shivajinagar, Pune - IITM",21-08-2026 10:00:00,18.530085,73.849598,NO2,NA,NA,NA
India,Odisha,Rourkela,"Raghunathpali, Rourkela - OSPCB",21-08-2026 10:00:00,22.220833,84.809444,CO,43,88,60
India,Odisha,Talcher,"Talcher Coalfields,Talcher - OSPCB",21-08-2026 10:00:00,20.9360711,85.1707021,NH3,6,9,6
India,Odisha,Talcher,"Talcher Coalfields,Talcher - OSPCB",21-08-2026 10:00:00,20.9360711,85.1707021,SO2,36,52,42
India,Odisha,Tensa,"Barsua Iron Ore Mines, Tensa - OSPCB",21-08-2026 10:00:00,21.869985,85.167016,NH3,NA,NA,NA
India,Punjab,Bathinda,"Hardev Nagar, Bathinda - PPCB",21-08-2026 10:00:00,30.233011,74.907758,PM10,NA,NA,NA
India,Punjab,Jalandhar,"Civil Line, Jalandhar - PPCB",21-08-2026 10:00:00,31.321907,75.578914,PM2.5,71,133,85
India,Punjab,Jalandhar,"Civil Line, Jalandhar - PPCB",21-08-2026 10:00:00,31.321907,75.578914,NO2,32,48,40
India,Punjab,Ludhiana,"Punjab Agricultural University, Ludhiana - PPCB",21-08-2026 10:00:00,30.9028,75.8086,NO2,30,49,45
India,Punjab,Ludhiana,"Punjab Agricultural University, Ludhiana - PPCB",21-08-2026 10:00:00,30.9028,75.8086,CO,6,9,8
India,Punjab,Mandi Gobindgarh,"RIMT University, Mandi Gobindgarh - PPCB",21-08-2026 10:00:00,30.649961,76.331442,PM2.5,52,171,92
India,Punjab,Mandi Gobindgarh,"RIMT University, Mandi Gobindgarh - PPCB",21-08-2026 10:00:00,30.649961,76.331442,SO2,8,14,11
India,Punjab,Mandi Gobindgarh,"RIMT University, Mandi Gobindgarh - PPCB",21-08-2026 10:00:00,30.649961,76.331442,CO,57,66,62
India,Punjab,Patiala,"Model Town, Patiala - PPCB",21-08-2026 10:00:00,30.349388,76.366642,PM10,30,56,44
India,Rajasthan,Alwar,"Moti Doongri, Alwar - RSPCB",21-08-2026 10:00:00,27.554793,76.611536,PM2.5,55,91,75
India,Maharashtra,Mumbai,"Chakala-Andheri East, Mumbai - IITM",21-08-2026 10:00:00,19.11074,72.86084,NO2,NA,NA,NA
India,Maharashtra,Mumbai,"Chakala-Andheri East, Mumbai - IITM",21-08-2026 10:00:00,19.11074,72.86084,NH3,NA,NA,NA
India,Maharashtra,Mumbai,"Ghatkopar, Mumbai - BMC",21-08-2026 10:00:00,19.083694,72.920967,PM2.5,13,58,26
India,Maharashtra,Mumbai,"Ghatkopar, Mumbai - BMC",21-08-2026 10:00:00,19.083694,72.920967,NO2,2,7,5
India,Maharashtra,Mumbai,"Deonar, Mumbai - IITM",21-08-2026 10:00:00,19.04946,72.923,NO2,2,12,6
India,Maharashtra,Mumbai,"Deonar, Mumbai - IITM",21-08-2026 10:00:00,19.04946,72.923,NH3,6,7,7
India,Maharashtra,Mumbai,"Deonar, Mumbai - IITM",21-08-2026 10:00:00,19.04946,72.923,SO2,0,6,3
India,Maharashtra,Mumbai,"Chhatrapati Shivaji Intl. Airport (T2), Mumbai - MPCB",21-08-2026 10:00:00,19.10078,72.87462,PM2.5,25,35,31
India,Maharashtra,Mumbai,"Chhatrapati Shivaji Intl. Airport (T2), Mumbai - MPCB",21-08-2026 10:00:00,19.10078,72.87462,CO,NA,NA,NA
India,Rajasthan,Banswara,"Rati Talai, Banswara - RSPCB",21-08-2026 10:00:00,23.55519,74.44001,NH3,0,4,3
India,Rajasthan,Banswara,"Rati Talai, Banswara - RSPCB",21-08-2026 10:00:00,23.55519,74.44001,CO,14,23,16
India,Rajasthan,Banswara,"Rati Talai, Banswara - RSPCB",21-08-2026 10:00:00,23.55519,74.44001,OZONE,4,145,41
India,Rajasthan,Baran,"Bamboliya, Baran - RSPCB",21-08-2026 10:00:00,25.106006,76.469948,SO2,4,8,7
India,Rajasthan,Barmer,"Railway Colony, Barmer - RSPCB",21-08-2026 10:00:00,25.747299,71.393989,SO2,1,2,1
India,Rajasthan,Bhilwara,"Pratap Nagar, Bhilwara - RSPCB",21-08-2026 10:00:00,25.339605,74.618883,PM2.5,23,70,43
India,Rajasthan,Bhilwara,"Pratap Nagar, Bhilwara - RSPCB",21-08-2026 10:00:00,25.339605,74.618883,CO,31,31,31
India,Rajasthan,Bhiwadi,"RIICO Ind. Area III, Bhiwadi - RSPCB",21-08-2026 10:00:00,28.194909,76.862296,NH3,10,26,16
India,Rajasthan,Bikaner,"MM Ground, Bikaner - RSPCB",21-08-2026 10:00:00,28.018792,73.292658,PM10,48,177,98
India,Rajasthan,Bikaner,"MM Ground, Bikaner - RSPCB",21-08-2026 10:00:00,28.018792,73.292658,NH3,3,8,4
India,Rajasthan,Bundi,"New Colony, Bundi - RSPCB",21-08-2026 10:00:00,25.435774,75.644272,NO2,12,33,22
India,Rajasthan,Bundi,"New Colony, Bundi - RSPCB",21-08-2026 10:00:00,25.435774,75.644272,NH3,4,6,5
India,Rajasthan,Chittorgarh,"Shastri Nagar, Chittorgarh - RSPCB",21-08-2026 10:00:00,24.892047,74.623527,NO2,5,20,11
India,Rajasthan,Chittorgarh,"Shastri Nagar, Chittorgarh - RSPCB",21-08-2026 10:00:00,24.892047,74.623527,OZONE,26,39,30
India,Tamil Nadu,Cuddalore,"Kudikadu, Cuddalore - TNPCB",21-08-2026 10:00:00,11.6829898,79.7532099,NO2,19,19,19
India,Tamil Nadu,Cuddalore,"Kudikadu, Cuddalore - TNPCB",21-08-2026 10:00:00,11.6829898,79.7532099,CO,NA,NA,NA
India,Tamil Nadu,Cuddalore,"Kudikadu, Cuddalore - TNPCB",21-08-2026 10:00:00,11.6829898,79.7532099,OZONE,7,9,8
India,Tamil Nadu,Cuddalore,"Semmandalam, Cuddalore - TNPCB",21-08-2026 10:00:00,11.7637683,79.7499835,SO2,NA,NA,NA
India,Tamil Nadu,Gummidipoondi,"Anthoni Pillai Nagar, Gummidipoondi - TNPCB",21-08-2026 10:00:00,13.4127,80.1081,PM2.5,36,307,124
India,Tamil Nadu,Gummidipoondi,"Anthoni Pillai Nagar, Gummidipoondi - TNPCB",21-08-2026 10:00:00,13.4127,80.1081,SO2,0,27,19
India,Tamil Nadu,Gummidipoondi,"Anthoni Pillai Nagar, Gummidipoondi - TNPCB",21-08-2026 10:00:00,13.4127,80.1081,OZONE,NA,NA,NA
India,Tamil Nadu,Thoothukudi,"Meelavittan, Thoothukudi - TNPCB",21-08-2026 10:00:00,8.816428,78.099039,PM10,57,74,66
India,Tamil Nadu,Thoothukudi,"Meelavittan, Thoothukudi - TNPCB",21-08-2026 10:00:00,8.816428,78.099039,OZONE,26,33,30
India,Telangana,Hyderabad,"Bollaram Industrial Area, Hyderabad - TSPCB",21-08-2026 10:00:00,17.518,78.383,NH3,4,7,6
India,Telangana,Hyderabad,"Bollaram Industrial Area, Hyderabad - TSPCB",21-08-2026 10:00:00,17.518,78.383,CO,55,69,61
India,Telangana,Hyderabad,"Zoo Park, Hyderabad - TSPCB",21-08-2026 10:00:00,17.349694,78.451437,PM2.5,18,102,41
India,Telangana,Hyderabad,"Zoo Park, Hyderabad - TSPCB",21-08-2026 10:00:00,17.349694,78.451437,CO,12,49,33
India,Telangana,Hyderabad,"Central University, Hyderabad - TSPCB",21-08-2026 10:00:00,17.460103,78.334361,NH3,1,3,2
India,Rajasthan,Khairthal,"New Anaj Mandi, Khairthal - RSPCB",21-08-2026 10:00:00,27.8015617,76.6365217,SO2,1,2,1
India,Rajasthan,Khairthal,"New Anaj Mandi, Khairthal - RSPCB",21-08-2026 10:00:00,27.8015617,76.6365217,CO,62,84,71
India,Rajasthan,Khairthal,"New Anaj Mandi, Khairthal - RSPCB",21-08-2026 10:00:00,27.8015617,76.6365217,OZONE,31,38,33
India,Rajasthan,Kota,"Nayapura, Kota - RSPCB",21-08-2026 10:00:00,25.196024,75.855668,SO2,4,8,6
India,Rajasthan,Kota,"Nayapura, Kota - RSPCB",21-08-2026 10:00:00,25.196024,75.855668,CO,10,28,17
India,Rajasthan,Kota,"Dhanmandi, Kota - RSPCB",21-08-2026 10:00:00,25.16409,75.858137,PM2.5,5,35,19
India,Rajasthan,Kota,"Dhanmandi, Kota - RSPCB",21-08-2026 10:00:00,25.16409,75.858137,PM10,37,95,68
India,Rajasthan,Kota,"Dhanmandi, Kota - RSPCB",21-08-2026 10:00:00,25.16409,75.858137,OZONE,16,24,21
India,Rajasthan,Kota,"Shrinath Puram, Kota - RSPCB",21-08-2026 10:00:00,25.14389,75.821256,SO2,3,10,5
India,Rajasthan,Nagaur,"Karni Colony, Nagaur - RSPCB",21-08-2026 10:00:00,27.213494,73.734444,PM10,82,129,102
India,Rajasthan,Nagaur,"Karni Colony, Nagaur - RSPCB",21-08-2026 10:00:00,27.213494,73.734444,OZONE,16,33,20
India,Rajasthan,Pali,"Indira Colony Vistar, Pali - RSPCB",21-08-2026 10:00:00,25.771061,73.340227,NO2,12,22,17
India,Rajasthan,Rajsamand,"Dhoinda, Rajsamand - RSPCB",21-08-2026 10:00:00,25.03636,73.883502,PM2.5,23,78,46
India,Rajasthan,Sikar,"Radhakishan Pura, Sikar - RSPCB",21-08-2026 10:00:00,27.608912,75.153302,NH3,9,10,10
India,Rajasthan,Sirohi,"Vedhaynath Colony, Sirohi - RSPCB",21-08-2026 10:00:00,24.885261,72.857549,PM2.5,17,33,24
India,Rajasthan,Sirohi,"Vedhaynath Colony, Sirohi - RSPCB",21-08-2026 10:00:00,24.885261,72.857549,NO2,3,18,7
India,Rajasthan,Sri Ganganagar,"Old City, Sri Ganganagar - RSPCB",21-08-2026 10:00:00,29.931624,73.864511,PM2.5,25,58,39
India,Rajasthan,Sri Ganganagar,"Old City, Sri Ganganagar - RSPCB",21-08-2026 10:00:00,29.931624,73.864511,PM10,33,417,135
India,Rajasthan,Tonk,"Shastri Nagar, Tonk - RSPCB",21-08-2026 10:00:00,26.159933,75.780517,PM10,71,148,113
India,Rajasthan,Tonk,"Shastri Nagar, Tonk - RSPCB",21-08-2026 10:00:00,26.159933,75.780517,SO2,NA,NA,NA
India,Rajasthan,Tonk,"Shastri Nagar, Tonk - RSPCB",21-08-2026 10:00:00,26.159933,75.780517,OZONE,22,49,30
India,Rajasthan,Udaipur,"Ashok Nagar, Udaipur - RSPCB",21-08-2026 10:00:00,24.5886166,73.6321397,PM2.5,0,123,71
India,Rajasthan,Udaipur,"Ashok Nagar, Udaipur - RSPCB",21-08-2026 10:00:00,24.5886166,73.6321397,PM10,60,100,84
India,Rajasthan,Udaipur,"Ashok Nagar, Udaipur - RSPCB",21-08-2026 10:00:00,24.5886166,73.6321397,NO2,0,62,34
India,Rajasthan,Udaipur,"Ashok Nagar, Udaipur - RSPCB",21-08-2026 10:00:00,24.5886166,73.6321397,SO2,0,10,2
India,Sikkim,Gangtok,"Zero Point GICI, Gangtok - SSPCB",21-08-2026 10:00:00,27.33853,88.614099,PM2.5,17,38,24
India,Rajasthan,Jodhpur,"Digari Kalan, Jodhpur - RSPCB",21-08-2026 10:00:00,26.29581,73.082283,NH3,4,6,5
India,Rajasthan,Jodhpur,"Digari Kalan, Jodhpur - RSPCB",21-08-2026 10:00:00,26.29581,73.082283,OZONE,16,32,25
India,Rajasthan,Jodhpur,"Jhalamand, Jodhpur - RSPCB",21-08-2026 10:00:00,26.215415,73.070156,NH3,4,4,4
India,Rajasthan,Jodhpur,"Jhalamand, Jodhpur - RSPCB",21-08-2026 10:00:00,26.215415,73.070156,SO2,4,7,4
India,Rajasthan,Jodhpur,"Jhalamand, Jodhpur - RSPCB",21-08-2026 10:00:00,26.215415,73.070156,CO,7,12,9
India,Rajasthan,Jodhpur,"Mandor, Jodhpur - RSPCB",21-08-2026 10:00:00,26.358805,73.047444,PM10,73,106,91
India,Rajasthan,Jodhpur,"Mandor, Jodhpur - RSPCB",21-08-2026 10:00:00,26.358805,73.047444,SO2,2,3,3
India,Rajasthan,Jodhpur,"Mandor, Jodhpur - RSPCB",21-08-2026 10:00:00,26.358805,73.047444,CO,20,24,22
India,Rajasthan,Jodhpur,"Collectorate, Jodhpur - RSPCB",21-08-2026 10:00:00,26.268249,73.0193853,NO2,17,33,24
India,Rajasthan,Jodhpur,"Collectorate, Jodhpur - RSPCB",21-08-2026 10:00:00,26.268249,73.0193853,SO2,4,12,7
India,Rajasthan,Jodhpur,"Collectorate, Jodhpur - RSPCB",21-08-2026 10:00:00,26.268249,73.0193853,OZONE,10,17,13
India,Rajasthan,Jodhpur,"Samrat Ashok Udhyan, Jodhpur - RSPCB",21-08-2026 10:00:00,26.253384,72.976571,NO2,1,9,4
India,Sikkim,Gangtok,"Zero Point GICI, Gangtok - SSPCB",21-08-2026 10:00:00,27.33853,88.614099,CO,1,5,4
India,Tamil Nadu,Chennai,"Kodungaiyur, Chennai - TNPCB",21-08-2026 10:00:00,13.1278,80.2642,NH3,4,5,4
India,Tamil Nadu,Chennai,"Kodungaiyur, Chennai - TNPCB",21-08-2026 10:00:00,13.1278,80.2642,CO,26,33,30
India,Tamil Nadu,Chennai,"Arumbakkam, Chennai - TNPCB",21-08-2026 10:00:00,13.0664,80.2112,NH3,1,2,2
India,Tamil Nadu,Chennai,"Velachery Res. Area, Chennai - CPCB",21-08-2026 10:00:00,13.0052189,80.2398125,PM2.5,54,54,54
India,Tamil Nadu,Chennai,"Velachery Res. Area, Chennai - CPCB",21-08-2026 10:00:00,13.0052189,80.2398125,PM10,74,105,92
India,Tamil Nadu,Chennai,"Perungudi, Chennai - TNPCB",21-08-2026 10:00:00,12.9533,80.2357,NH3,0,1,0
India,Tamil Nadu,Coimbatore,"SIDCO Kurichi, Coimbatore - TNPCB",21-08-2026 10:00:00,10.942451,76.978996,NH3,1,1,1
India,Tamil Nadu,Cuddalore,"Kudikadu, Cuddalore - TNPCB",21-08-2026 10:00:00,11.6829898,79.7532099,PM10,NA,NA,NA
India,Rajasthan,Jaipur,"RIICO Sitapura, Jaipur - RSPCB",21-08-2026 10:00:00,26.786682,75.827928,PM10,86,133,108
India,Rajasthan,Jaipur,"RIICO Sitapura, Jaipur - RSPCB",21-08-2026 10:00:00,26.786682,75.827928,OZONE,30,35,32
India,Rajasthan,Jaipur,"Shastri Nagar, Jaipur - RSPCB",21-08-2026 10:00:00,26.9502929,75.730943,NO2,20,51,30
India,Rajasthan,Jaipur,"Shastri Nagar, Jaipur - RSPCB",21-08-2026 10:00:00,26.9502929,75.730943,CO,11,21,16
India,Rajasthan,Jaipur,"Adarsh Nagar, Jaipur - RSPCB",21-08-2026 10:00:00,26.902909,75.836858,OZONE,16,19,18
India,Rajasthan,Jaisalmer,"Sadar Bazar, Jaisalmer - RSPCB",21-08-2026 10:00:00,26.912329,70.909168,SO2,1,7,2
India,Rajasthan,Jhalawar,"Rajlaxmi Nagar, Jhalawar - RSPCB",21-08-2026 10:00:00,24.588397,76.172782,OZONE,15,24,21
India,Rajasthan,Dungarpur,"Bhoiwada, Dungarpur - RSPCB",21-08-2026 10:00:00,23.837789,73.714926,PM10,14,74,29
India,Rajasthan,Dungarpur,"Bhoiwada, Dungarpur - RSPCB",21-08-2026 10:00:00,23.837789,73.714926,NH3,8,20,13
India,Rajasthan,Hanumangarh,"Housing Board, Hanumangarh - RSPCB",21-08-2026 10:00:00,29.61075,74.283608,OZONE,25,29,27
India,Rajasthan,Jaipur,"Mansarovar Sector-12, Jaipur - RSPCB",21-08-2026 10:00:00,26.843698,75.766894,SO2,2,2,2
India,Rajasthan,Jaipur,"Sector-2 Murlipura, Jaipur - RSPCB",21-08-2026 10:00:00,26.960669,75.771817,SO2,1,8,3
India,Rajasthan,Alwar,"Vigyan Nagar, Alwar - RSPCB",21-08-2026 10:00:00,27.598796,76.63861,PM10,89,145,110
India,Rajasthan,Banswara,"Rati Talai, Banswara - RSPCB",21-08-2026 10:00:00,23.55519,74.44001,PM10,49,97,77
India,Uttar Pradesh,Noida,"Sector - 62, Noida - IITM",21-08-2026 10:00:00,28.6245479,77.3577104,PM10,74,127,103
India,Uttar Pradesh,Noida,"Sector - 62, Noida - IITM",21-08-2026 10:00:00,28.6245479,77.3577104,NO2,12,28,21
India,Uttar Pradesh,Noida,"Sector - 62, Noida - IITM",21-08-2026 10:00:00,28.6245479,77.3577104,NH3,NA,NA,NA
India,Uttar Pradesh,Noida,"Sector - 62, Noida - IITM",21-08-2026 10:00:00,28.6245479,77.3577104,SO2,NA,NA,NA
India,Uttar Pradesh,Noida,"Sector-1, Noida - UPPCB",21-08-2026 10:00:00,28.5898,77.3101,PM10,73,149,117
India,Uttar Pradesh,Prayagraj,"Motilal Nehru NIT, Prayagraj - UPPCB",21-08-2026 10:00:00,25.494,81.863,PM10,23,412,109
India,Uttar Pradesh,Prayagraj,"Motilal Nehru NIT, Prayagraj - UPPCB",21-08-2026 10:00:00,25.494,81.863,SO2,12,17,14
India,Uttar Pradesh,Prayagraj,"Nagar Nigam, Prayagraj - UPPCB",21-08-2026 10:00:00,25.44919916,81.82735986,NO2,5,5,5
India,Uttar Pradesh,Prayagraj,"Nagar Nigam, Prayagraj - UPPCB",21-08-2026 10:00:00,25.44919916,81.82735986,SO2,1,54,25
India,Uttar Pradesh,Prayagraj,"Jhunsi, Prayagraj - UPPCB",21-08-2026 10:00:00,25.425602,81.917152,PM2.5,12,65,26
India,Uttar Pradesh,Raebareli," Indira Nagar, Raebareli - NTPC Unchahar",21-08-2026 10:00:00,26.207781,81.245571,PM2.5,32,54,45
India,Uttar Pradesh,Raebareli," Indira Nagar, Raebareli - NTPC Unchahar",21-08-2026 10:00:00,26.207781,81.245571,CO,46,47,47
India,Uttar Pradesh,Varanasi,"Bhelupur, Varanasi - UPPCB",21-08-2026 10:00:00,25.301778,82.996789,PM10,18,77,43
India,Uttar Pradesh,Varanasi,"Bhelupur, Varanasi - UPPCB",21-08-2026 10:00:00,25.301778,82.996789,NH3,1,1,1
India,Uttar Pradesh,Varanasi,"Bhelupur, Varanasi - UPPCB",21-08-2026 10:00:00,25.301778,82.996789,OZONE,5,6,6
India,Uttar Pradesh,Varanasi,"Maldahiya, Varanasi - UPPCB",21-08-2026 10:00:00,25.32393,82.99687,NH3,0,0,0
India,Telangana,Hyderabad,"IITH Kandi, Hyderabad - TSPCB",21-08-2026 10:00:00,17.585705,78.126199,SO2,6,14,9
India,Telangana,Hyderabad,"IITH Kandi, Hyderabad - TSPCB",21-08-2026 10:00:00,17.585705,78.126199,CO,20,21,21
India,Telangana,Hyderabad,"Nacharam_TSIIC IALA, Hyderabad - TSPCB",21-08-2026 10:00:00,17.429398,78.569354,NO2,10,15,12
India,Telangana,Hyderabad,"New Malakpet, Hyderabad - TSPCB",21-08-2026 10:00:00,17.37206,78.50864,SO2,6,12,8
India,Telangana,Hyderabad,"Kokapet, Hyderabad - TSPCB",21-08-2026 10:00:00,17.393559,78.339194,NO2,10,13,11
India,Telangana,Hyderabad,"Kompally Municipal Office, Hyderabad - TSPCB",21-08-2026 10:00:00,17.544899,78.486949,PM2.5,28,35,32
India,Telangana,Hyderabad,"Somajiguda, Hyderabad - TSPCB",21-08-2026 10:00:00,17.417094,78.457437,PM10,49,58,52
India,Telangana,Hyderabad,"Somajiguda, Hyderabad - TSPCB",21-08-2026 10:00:00,17.417094,78.457437,NH3,3,4,4
India,Telangana,Hyderabad,"Somajiguda, Hyderabad - TSPCB",21-08-2026 10:00:00,17.417094,78.457437,SO2,9,10,10
India,Telangana,Hyderabad,"IDA Pashamylaram, Hyderabad - TSPCB",21-08-2026 10:00:00,17.5316895,78.218939,PM2.5,23,124,45
India,Telangana,Hyderabad,"IDA Pashamylaram, Hyderabad - TSPCB",21-08-2026 10:00:00,17.5316895,78.218939,PM10,42,133,67
India,Telangana,Hyderabad,"Sanathnagar, Hyderabad - TSPCB",21-08-2026 10:00:00,17.4559458,78.4332152,PM10,NA,NA,NA
India,Telangana,Hyderabad,"Sanathnagar, Hyderabad - TSPCB",21-08-2026 10:00:00,17.4559458,78.4332152,NH3,NA,NA,NA
India,Telangana,Hyderabad,"ICRISAT Patancheru, Hyderabad - TSPCB",21-08-2026 10:00:00,17.5184,78.278777,PM10,49,156,76
India,Uttar Pradesh,Ghaziabad,"Wave City, Ghaziabad - UPPCB",21-08-2026 10:00:00,28.646675,77.489049,OZONE,2,9,6
India,Uttar Pradesh,Ghaziabad,"Loni, Ghaziabad - UPPCB",21-08-2026 10:00:00,28.757294,77.278792,SO2,5,74,17
India,Uttar Pradesh,Gorakhpur,"Madan Mohan Malaviya University of Technology, Gorakhpur - UPPCB",21-08-2026 10:00:00,26.730136,83.433859,PM10,7,196,64
India,Uttar Pradesh,Greater Noida,"Knowledge Park - V, Greater Noida - UPPCB",21-08-2026 10:00:00,28.557054,77.453663,SO2,2,15,8
India,Uttar Pradesh,Greater Noida,"Knowledge Park - III, Greater Noida - UPPCB",21-08-2026 10:00:00,28.47272,77.482,PM10,60,272,115
India,Uttar Pradesh,Greater Noida,"Knowledge Park - III, Greater Noida - UPPCB",21-08-2026 10:00:00,28.47272,77.482,NH3,7,13,9
India,Uttar Pradesh,Greater Noida,"Knowledge Park - III, Greater Noida - UPPCB",21-08-2026 10:00:00,28.47272,77.482,CO,34,47,41
India,Uttar Pradesh,Hapur,"Anand Vihar, Hapur - UPPCB",21-08-2026 10:00:00,28.725645,77.749675,PM2.5,25,140,71
India,Uttar Pradesh,Hapur,"Anand Vihar, Hapur - UPPCB",21-08-2026 10:00:00,28.725645,77.749675,PM10,19,119,66
India,Uttar Pradesh,Hapur,"Anand Vihar, Hapur - UPPCB",21-08-2026 10:00:00,28.725645,77.749675,CO,83,86,85
India,Uttar Pradesh,Jhansi,"Shivaji Nagar, Jhansi - UPPCB",21-08-2026 10:00:00,25.4547,78.6039,PM10,32,67,50
India,Uttar Pradesh,Khora,"Prashant Garden, Khora - UPPCB",21-08-2026 10:00:00,28.61119,77.34206,PM2.5,87,202,129
India,Uttar Pradesh,Khora,"Prashant Garden, Khora - UPPCB",21-08-2026 10:00:00,28.61119,77.34206,CO,36,46,41
India,Uttar Pradesh,Khurja,"Kalindi Kunj, Khurja - UPPCB",21-08-2026 10:00:00,28.2348927,77.8683002,PM2.5,28,58,41
India,Uttar Pradesh,Lucknow,"B R Ambedkar University, Lucknow - UPPCB",21-08-2026 10:00:00,26.766433,80.927299,PM10,NA,NA,NA
India,Uttar Pradesh,Lucknow,"Lalbagh, Lucknow - CPCB",21-08-2026 10:00:00,26.8458805,80.9365541,PM10,10,100,55
India,Uttar Pradesh,Lucknow,"Lalbagh, Lucknow - CPCB",21-08-2026 10:00:00,26.8458805,80.9365541,NO2,22,25,23
India,Uttar Pradesh,Mathura,"Pali Dungra, Mathura - UPPCB",21-08-2026 10:00:00,27.410954,77.550619,NH3,1,6,2
India,Uttar Pradesh,Meerut,"Jai Bhim Nagar, Meerut - UPPCB",21-08-2026 10:00:00,28.9535882,77.7622941,PM2.5,26,95,61
India,Uttar Pradesh,Meerut,"Jai Bhim Nagar, Meerut - UPPCB",21-08-2026 10:00:00,28.9535882,77.7622941,NO2,13,45,23
India,Uttar Pradesh,Meerut,"MIET College, Meerut - UPPCB",21-08-2026 10:00:00,28.972677,77.641018,NO2,21,65,39
India,Uttar Pradesh,Meerut,"MIET College, Meerut - UPPCB",21-08-2026 10:00:00,28.972677,77.641018,NH3,3,7,5
India,Uttar Pradesh,Agra,"Sanjay Palace, Agra - UPPCB",21-08-2026 10:00:00,27.19865833,78.00598056,SO2,7,7,7
India,Uttar Pradesh,Agra,"Sanjay Palace, Agra - UPPCB",21-08-2026 10:00:00,27.19865833,78.00598056,OZONE,1,6,3
India,Uttar Pradesh,Agra,"Shastripuram, Agra - UPPCB",21-08-2026 10:00:00,27.19862,77.92066,NO2,55,56,56
India,Uttar Pradesh,Agra,"Shastripuram, Agra - UPPCB",21-08-2026 10:00:00,27.19862,77.92066,NH3,3,3,3
India,Uttar Pradesh,Baghpat,"Sardar Patel Inter College, Baghpat - UPPCB",21-08-2026 10:00:00,28.964949,77.278761,PM10,62,202,117
India,Uttar Pradesh,Baghpat,"Sardar Patel Inter College, Baghpat - UPPCB",21-08-2026 10:00:00,28.964949,77.278761,SO2,6,13,8
India,Uttar Pradesh,Baghpat,"Sardar Patel Inter College, Baghpat - UPPCB",21-08-2026 10:00:00,28.964949,77.278761,CO,13,16,14
India,Uttar Pradesh,Baraut,"Nagar Palika Parishad, Baraut - UPPCB",21-08-2026 10:00:00,29.09956,77.26235,PM2.5,93,233,155
India,Uttar Pradesh,Baraut,"Nagar Palika Parishad, Baraut - UPPCB",21-08-2026 10:00:00,29.09956,77.26235,NH3,NA,NA,NA
India,Uttar Pradesh,Moradabad,"Eco Herbal Park, Moradabad - UPPCB",21-08-2026 10:00:00,28.840739,78.697531,SO2,5,14,9
India,Uttar Pradesh,Moradabad,"Buddhi Vihar, Moradabad - UPPCB",21-08-2026 10:00:00,28.83526,78.7446,NO2,28,29,29
India,Uttar Pradesh,Moradabad,"Buddhi Vihar, Moradabad - UPPCB",21-08-2026 10:00:00,28.83526,78.7446,OZONE,17,29,21
India,Uttar Pradesh,Moradabad,"Kashiram Nagar, Moradabad - UPPCB",21-08-2026 10:00:00,28.849399,78.742362,NO2,24,25,25
India,Uttar Pradesh,Moradabad,"Employment Office, Moradabad - UPPCB",21-08-2026 10:00:00,28.88528,78.7388,PM2.5,40,92,63
India,Uttar Pradesh,Muzaffarnagar,"New Mandi, Muzaffarnagar - UPPCB",21-08-2026 10:00:00,29.4723508,77.7194031,PM10,48,180,106
India,Uttar Pradesh,Muzaffarnagar,"New Mandi, Muzaffarnagar - UPPCB",21-08-2026 10:00:00,29.4723508,77.7194031,NH3,2,5,3
India,Uttar Pradesh,Noida,"Sector - 62, Noida - IITM",21-08-2026 10:00:00,28.6245479,77.3577104,PM10,74,127,103
India,Uttar Pradesh,Noida,"Sector - 62, Noida - IITM",21-08-2026 10:00:00,28.6245479,77.3577104,NO2,12,28,21
India,Uttar Pradesh,Noida,"Sector - 62, Noida - IITM",21-08-2026 10:00:00,28.6245479,77.3577104,NH3,NA,NA,NA
India,Uttar Pradesh,Noida,"Sector - 62, Noida - IITM",21-08-2026 10:00:00,28.6245479,77.3577104,SO2,NA,NA,NA
India,Uttar Pradesh,Noida,"Sector-1, Noida - UPPCB",21-08-2026 10:00:00,28.5898,77.3101,PM10,73,149,117
India,Uttar Pradesh,Prayagraj,"Motilal Nehru NIT, Prayagraj - UPPCB",21-08-2026 10:00:00,25.494,81.863,PM10,23,412,109
India,Uttar Pradesh,Prayagraj,"Motilal Nehru NIT, Prayagraj - UPPCB",21-08-2026 10:00:00,25.494,81.863,SO2,12,17,14
India,Uttar Pradesh,Prayagraj,"Nagar Nigam, Prayagraj - UPPCB",21-08-2026 10:00:00,25.44919916,81.82735986,NO2,5,5,5
India,Uttar Pradesh,Prayagraj,"Nagar Nigam, Prayagraj - UPPCB",21-08-2026 10:00:00,25.44919916,81.82735986,SO2,1,54,25
India,Uttar Pradesh,Prayagraj,"Jhunsi, Prayagraj - UPPCB",21-08-2026 10:00:00,25.425602,81.917152,PM2.5,12,65,26
India,Uttar Pradesh,Raebareli," Indira Nagar, Raebareli - NTPC Unchahar",21-08-2026 10:00:00,26.207781,81.245571,PM2.5,32,54,45
India,Uttar Pradesh,Raebareli," Indira Nagar, Raebareli - NTPC Unchahar",21-08-2026 10:00:00,26.207781,81.245571,CO,46,47,47
India,Uttar Pradesh,Varanasi,"Bhelupur, Varanasi - UPPCB",21-08-2026 10:00:00,25.301778,82.996789,PM10,18,77,43
India,Uttar Pradesh,Varanasi,"Bhelupur, Varanasi - UPPCB",21-08-2026 10:00:00,25.301778,82.996789,NH3,1,1,1
India,Uttar Pradesh,Varanasi,"Bhelupur, Varanasi - UPPCB",21-08-2026 10:00:00,25.301778,82.996789,OZONE,5,6,6
India,Uttar Pradesh,Varanasi,"Maldahiya, Varanasi - UPPCB",21-08-2026 10:00:00,25.32393,82.99687,NH3,0,0,0
India,Uttar Pradesh,Varanasi,"Maldahiya, Varanasi - UPPCB",21-08-2026 10:00:00,25.32393,82.99687,CO,13,18,15
India,Uttar Pradesh,Varanasi,"Maldahiya, Varanasi - UPPCB",21-08-2026 10:00:00,25.32393,82.99687,OZONE,4,4,4
India,Uttar Pradesh,Varanasi,"Ardhali Bazar, Varanasi - UPPCB",21-08-2026 10:00:00,25.3505986,82.9083074,OZONE,18,18,18
India,Uttar Pradesh,Varanasi,"IESD Banaras Hindu University, Varanasi - UPPCB",21-08-2026 10:00:00,25.262326,82.995408,SO2,13,39,20
India,Uttar Pradesh,Vrindavan,"Omex Eternity, Vrindavan - UPPCB",21-08-2026 10:00:00,27.571409,77.655757,NO2,26,27,27
India,Uttar Pradesh,Vrindavan,"Omex Eternity, Vrindavan - UPPCB",21-08-2026 10:00:00,27.571409,77.655757,SO2,26,42,30
India,Uttar Pradesh,Vrindavan,"Omex Eternity, Vrindavan - UPPCB",21-08-2026 10:00:00,27.571409,77.655757,OZONE,16,16,16
India,Uttarakhand,Rishikesh,"Shivaji Nagar, Rishikesh - UKPCB",21-08-2026 10:00:00,30.075911,78.2859547,SO2,1,1,1
India,West Bengal,Asansol,"Mahabir Colliery, Asansol - WBPCB",21-08-2026 10:00:00,23.618183,87.105718,NO2,2,2,2
India,West Bengal,Asansol,"Trivenidevi Bhalotia College, Asansol - WBPCB",21-08-2026 10:00:00,23.616515,87.119133,NH3,5,8,7
India,West Bengal,Barrackpore,"SVSPA Campus, Barrackpore - WBPCB",21-08-2026 10:00:00,22.7605581,88.3617589,SO2,12,15,13
India,West Bengal,Durgapur,"PCBL Residential Complex, Durgapur - WBPCB",21-08-2026 10:00:00,23.508764,87.35444,NO2,69,92,83
India,West Bengal,Durgapur,"PCBL Residential Complex, Durgapur - WBPCB",21-08-2026 10:00:00,23.508764,87.35444,NH3,2,4,3
India,West Bengal,Durgapur,"PCBL Residential Complex, Durgapur - WBPCB",21-08-2026 10:00:00,23.508764,87.35444,CO,35,44,39
India,West Bengal,Durgapur,"PCBL Residential Complex, Durgapur - WBPCB",21-08-2026 10:00:00,23.508764,87.35444,OZONE,NA,NA,NA
India,West Bengal,Durgapur,"Mahishkapur Road_B-Zone, Durgapur - WBPCB",21-08-2026 10:00:00,23.567923,87.306843,NH3,0,1,0
India,West Bengal,Durgapur,"Mahishkapur Road_B-Zone, Durgapur - WBPCB",21-08-2026 10:00:00,23.567923,87.306843,SO2,NA,NA,NA
India,West Bengal,Durgapur,"Womens College_City Center, Durgapur - WBPCB",21-08-2026 10:00:00,23.549395,87.300496,NH3,4,8,6
India,West Bengal,Haldia,"Priyambada Housing Estate, Haldia - WBPCB",21-08-2026 10:00:00,22.06047,88.109737,NO2,7,23,12
India,West Bengal,Haldia,"Priyambada Housing Estate, Haldia - WBPCB",21-08-2026 10:00:00,22.06047,88.109737,SO2,12,13,12
India,West Bengal,Howrah,"Belur Math, Howrah - WBPCB",21-08-2026 10:00:00,22.629801,88.352017,SO2,5,8,7
India,West Bengal,Howrah,"Dasnagar, Howrah - WBPCB",21-08-2026 10:00:00,22.6025571,88.3105664,CO,27,38,30
India,West Bengal,Howrah,"Botanical Garden, Howrah - WBPCB",21-08-2026 10:00:00,22.554954,88.292568,OZONE,2,4,3
India,West Bengal,Howrah,"Ghusuri, Howrah - WBPCB",21-08-2026 10:00:00,22.611968,88.347422,NO2,46,65,56
India,West Bengal,Howrah,"Padmapukur, Howrah - WBPCB",21-08-2026 10:00:00,22.5687319,88.2797276,NO2,12,13,12
India,West Bengal,Howrah,"Padmapukur, Howrah - WBPCB",21-08-2026 10:00:00,22.5687319,88.2797276,NH3,8,10,10
India,West Bengal,Kolkata,"Bidhannagar, Kolkata - WBPCB",21-08-2026 10:00:00,22.58157048,88.41002457,SO2,5,36,10
India,West Bengal,Kolkata,"Jadavpur, Kolkata - WBPCB",21-08-2026 10:00:00,22.49929,88.36917,OZONE,12,15,13
India,West Bengal,Kolkata,"Rabindra Bharati University, Kolkata - WBPCB",21-08-2026 10:00:00,22.627847,88.380669,CO,27,36,32
India,West Bengal,Kolkata,"Fort William, Kolkata - WBPCB",21-08-2026 10:00:00,22.55664,88.342674,SO2,5,6,5
India,West Bengal,Kolkata,"Fort William, Kolkata - WBPCB",21-08-2026 10:00:00,22.55664,88.342674,OZONE,43,64,50
India,West Bengal,Kolkata,"Rabindra Sarobar, Kolkata - WBPCB",21-08-2026 10:00:00,22.51106,88.35142,PM2.5,26,42,34
India,West Bengal,Kolkata,"Rabindra Sarobar, Kolkata - WBPCB",21-08-2026 10:00:00,22.51106,88.35142,OZONE,9,14,11
India,West Bengal,Kolkata,"Ballygunge, Kolkata - WBPCB",21-08-2026 10:00:00,22.5367507,88.3638022,NH3,7,9,8
India,West Bengal,Kolkata,"Ballygunge, Kolkata - WBPCB",21-08-2026 10:00:00,22.5367507,88.3638022,OZONE,13,21,16
India,West Bengal,Kolkata,"Victoria, Kolkata - WBPCB",21-08-2026 10:00:00,22.5448082,88.3403691,OZONE,31,47,39
India,West Bengal,Siliguri,"Ward-32 Bapupara, Siliguri - WBPCB",21-08-2026 10:00:00,26.6879226,88.4152495,CO,5,49,27
India,West Bengal,Siliguri,"Ward-32 Bapupara, Siliguri - WBPCB",21-08-2026 10:00:00,26.6879226,88.4152495,OZONE,16,19,18
India,Andhra Pradesh,Guntur,"Rajendra Nagar North, Guntur - APPCB",21-08-2026 10:00:00,16.316553,80.413302,OZONE,28,29,29
India,Andhra Pradesh,Kadapa,"Yerramukkapalli, Kadapa - APPCB",21-08-2026 10:00:00,14.465052,78.824187,NO2,16,22,17
India,Andhra Pradesh,Kadapa,"Yerramukkapalli, Kadapa - APPCB",21-08-2026 10:00:00,14.465052,78.824187,NH3,2,4,4
India,Andhra Pradesh,Kadapa,"Yerramukkapalli, Kadapa - APPCB",21-08-2026 10:00:00,14.465052,78.824187,OZONE,33,33,33
India,Andhra Pradesh,Kurnool,"Sita Rama Nagar, Kurnool - APPCB",21-08-2026 10:00:00,15.83411,78.028546,NO2,24,34,27
India,Andhra Pradesh,Kurnool,"Sita Rama Nagar, Kurnool - APPCB",21-08-2026 10:00:00,15.83411,78.028546,OZONE,12,17,14
India,Andhra Pradesh,Machilipatnam,"Srinivas Nagar Colony, Machilipatnam - APPCB",21-08-2026 10:00:00,16.186555,81.13219,NH3,3,5,3
India,Andhra Pradesh,Machilipatnam,"Srinivas Nagar Colony, Machilipatnam - APPCB",21-08-2026 10:00:00,16.186555,81.13219,CO,11,13,12
India,Andhra Pradesh,Nellore,"Ambedkar Nagar, Nellore - APPCB ",21-08-2026 10:00:00,14.438164,79.966814,SO2,6,16,8
India,Andhra Pradesh,Rajamahendravaram,"Anand Kala Kshetram, Rajamahendravaram - APPCB",21-08-2026 10:00:00,16.9872867,81.7363176,PM10,37,84,60
India,Andhra Pradesh,Rajamahendravaram,"Anand Kala Kshetram, Rajamahendravaram - APPCB",21-08-2026 10:00:00,16.9872867,81.7363176,NO2,4,12,7
India,Andhra Pradesh,Rajamahendravaram,"Anand Kala Kshetram, Rajamahendravaram - APPCB",21-08-2026 10:00:00,16.9872867,81.7363176,NH3,2,3,2
India,Andhra Pradesh,Rajamahendravaram,"Anand Kala Kshetram, Rajamahendravaram - APPCB",21-08-2026 10:00:00,16.9872867,81.7363176,SO2,4,6,5
India,Andhra Pradesh,Rajamahendravaram,"Anand Kala Kshetram, Rajamahendravaram - APPCB",21-08-2026 10:00:00,16.9872867,81.7363176,OZONE,19,30,23
India,Andhra Pradesh,Srikakulam,"Chinna Bharatham Colony, Srikakulam - APPCB",21-08-2026 10:00:00,18.292191,83.897173,PM10,17,88,53
India,Bihar,Gaya,"Kareemganj, Gaya - BSPCB",21-08-2026 10:00:00,24.792403,84.992416,PM2.5,2,432,73
India,Bihar,Gaya,"Kareemganj, Gaya - BSPCB",21-08-2026 10:00:00,24.792403,84.992416,PM10,4,201,108
India,Bihar,Gaya,"Kareemganj, Gaya - BSPCB",21-08-2026 10:00:00,24.792403,84.992416,SO2,38,44,41
India,Bihar,Gaya,"Kareemganj, Gaya - BSPCB",21-08-2026 10:00:00,24.792403,84.992416,OZONE,12,37,23
India,Bihar,Hajipur,"Industrial Area, Hajipur - BSPCB",21-08-2026 10:00:00,25.697189,85.2459,NH3,6,9,8
India,Bihar,Hajipur,"Industrial Area, Hajipur - BSPCB",21-08-2026 10:00:00,25.697189,85.2459,OZONE,12,27,16
India,Bihar,Katihar,"Mirchaibari, Katihar - BSPCB",21-08-2026 10:00:00,25.560083,87.553265,PM2.5,30,55,40
India,Bihar,Kishanganj,"SDM Office_Khagra, Kishanganj - BSPCB",21-08-2026 10:00:00,26.0881305,87.93840336,PM10,31,63,43
India,Bihar,Motihari,"Gandak Colony, Motihari - BSPCB",21-08-2026 10:00:00,26.63086,84.90051,CO,9,14,12
India,Bihar,Munger,"Town Hall, Munger - BSPCB",21-08-2026 10:00:00,25.376776,86.471523,SO2,68,79,73
India,Bihar,Muzaffarpur,"Buddha Colony, Muzaffarpur - BSPCB",21-08-2026 10:00:00,26.11442,85.39813,SO2,5,7,6
India,Bihar,Muzaffarpur,"MIT-Daudpur Kothi, Muzaffarpur - BSPCB",21-08-2026 10:00:00,26.1403345,85.3650192,NO2,4,10,7
India,Bihar,Patna,"Govt. High School Shikarpur, Patna - BSPCB",21-08-2026 10:00:00,25.592539,85.227158,SO2,12,13,13
India,Bihar,Sasaram,"Dada Peer, Sasaram - BSPCB",21-08-2026 10:00:00,24.952822,84.002396,PM2.5,2,500,235
India,Bihar,Sasaram,"Dada Peer, Sasaram - BSPCB",21-08-2026 10:00:00,24.952822,84.002396,NO2,2,3,2
India,Bihar,Sasaram,"Dada Peer, Sasaram - BSPCB",21-08-2026 10:00:00,24.952822,84.002396,CO,11,14,12
India,Bihar,Siwan,"Chitragupta Nagar, Siwan - BSPCB",21-08-2026 10:00:00,26.2271665,84.3570427,NO2,2,2,2
India,Chandigarh,Chandigarh,"Sector 22, Chandigarh - CPCC",21-08-2026 10:00:00,30.735567,76.775714,NH3,7,23,14
India,Chandigarh,Chandigarh,"Sector 22, Chandigarh - CPCC",21-08-2026 10:00:00,30.735567,76.775714,OZONE,2,6,4
India,Chandigarh,Chandigarh,"Sector-25, Chandigarh - CPCC",21-08-2026 10:00:00,30.751462,76.762879,PM2.5,22,53,35
India,Chandigarh,Chandigarh,"Sector-25, Chandigarh - CPCC",21-08-2026 10:00:00,30.751462,76.762879,NO2,3,21,9
India,Chandigarh,Chandigarh,"Sector-25, Chandigarh - CPCC",21-08-2026 10:00:00,30.751462,76.762879,SO2,4,8,6
India,Chandigarh,Chandigarh,"Sector-25, Chandigarh - CPCC",21-08-2026 10:00:00,30.751462,76.762879,OZONE,8,19,15
India,Chandigarh,Chandigarh,"Sector-53, Chandigarh - CPCC",21-08-2026 10:00:00,30.719859,76.738637,OZONE,4,4,4
India,Chhattisgarh,Bhilai,"32Bungalows, Bhilai - CECB",21-08-2026 10:00:00,21.194815,81.31477,PM2.5,3,36,24
India,Chhattisgarh,Bhilai,"32Bungalows, Bhilai - CECB",21-08-2026 10:00:00,21.194815,81.31477,PM10,7,79,37
India,Chhattisgarh,Bhilai,"32Bungalows, Bhilai - CECB",21-08-2026 10:00:00,21.194815,81.31477,NH3,4,5,4
India,Chhattisgarh,Bhilai,"32Bungalows, Bhilai - CECB",21-08-2026 10:00:00,21.194815,81.31477,CO,8,11,9
India,Chhattisgarh,Bhilai,"Hathkhoj, Bhilai - CECB",21-08-2026 10:00:00,21.224231,81.40835,NH3,6,9,7
India,Chhattisgarh,Bhilai,"Hathkhoj, Bhilai - CECB",21-08-2026 10:00:00,21.224231,81.40835,CO,3,18,8
India,Chhattisgarh,Bilaspur,"Mangala, Bilaspur - NTPC",21-08-2026 10:00:00,22.08815,82.13737,NH3,NA,NA,NA
India,Chhattisgarh,Bilaspur,"Mangala, Bilaspur - NTPC",21-08-2026 10:00:00,22.08815,82.13737,SO2,4,15,11
India,Chhattisgarh,Bilaspur,"Mangala, Bilaspur - NTPC",21-08-2026 10:00:00,22.08815,82.13737,CO,15,22,19
India,Chhattisgarh,Korba,"Rampur, Korba - CECB",21-08-2026 10:00:00,22.368195,82.746431,SO2,7,20,11
India,Chhattisgarh,Korba,"Rampur, Korba - CECB",21-08-2026 10:00:00,22.368195,82.746431,OZONE,NA,NA,NA
India,Chhattisgarh,Milupara,"Govt. Higher Secondary School, Milupara - CECB",21-08-2026 10:00:00,22.1910172,83.5197009,CO,9,24,20
India,Chhattisgarh,Raipur,"Krishak Nagar, Raipur - CECB",21-08-2026 10:00:00,21.237755,81.705301,NO2,7,14,9
India,Chhattisgarh,Raipur,"Bhatagaon New ISBT, Raipur - CECB",21-08-2026 10:00:00,21.219665,81.630094,CO,11,16,13
India,Chhattisgarh,Raipur,"Siltara Phase-II, Raipur - CECB",21-08-2026 10:00:00,21.371751,81.664929,SO2,1,42,15
India,Chhattisgarh,Raipur,"AIIMS, Raipur - CECB",21-08-2026 10:00:00,21.258815,81.578979,NO2,NA,NA,NA
India,Chhattisgarh,Tumidih,"OP Jindal Industrial Park, Tumidih - CECB",21-08-2026 10:00:00,22.06631475,83.33820077,CO,16,24,19
India,Assam,Guwahati,"Pan Bazaar, Guwahati - PCBA",21-08-2026 10:00:00,26.1875,91.744194,PM10,NA,NA,NA
India,Assam,Guwahati,"Pan Bazaar, Guwahati - PCBA",21-08-2026 10:00:00,26.1875,91.744194,NH3,0,1,1
India,Assam,Guwahati,"LGBI Airport, Guwahati - PCBA",21-08-2026 10:00:00,26.10887,91.589544,NH3,3,4,4
India,Assam,Nagaon,"Christianpatty, Nagaon - PCBA",21-08-2026 10:00:00,26.349082,92.68449,PM10,30,71,49
India,Assam,Nagaon,"Christianpatty, Nagaon - PCBA",21-08-2026 10:00:00,26.349082,92.68449,NO2,1,1,1
India,Assam,Nalbari,"Bata Chowk, Nalbari - PCBA",21-08-2026 10:00:00,26.446912,91.439057,PM2.5,26,123,58
India,Assam,Nalbari,"Bata Chowk, Nalbari - PCBA",21-08-2026 10:00:00,26.446912,91.439057,NO2,14,15,14
India,Assam,Silchar,"Tarapur, Silchar - PCBA",21-08-2026 10:00:00,24.82827,92.79525,OZONE,2,2,2
India,Assam,Sivasagar,"Girls College, Sivasagar - PCBA",21-08-2026 10:00:00,26.987634,94.636574,PM2.5,21,55,32
India,Assam,Sivasagar,"Girls College, Sivasagar - PCBA",21-08-2026 10:00:00,26.987634,94.636574,OZONE,7,16,12
India,Bihar,Araria,"Kharahiya Basti, Araria - BSPCB",21-08-2026 10:00:00,26.146529,87.454184,PM10,25,127,62
India,Bihar,Araria,"Kharahiya Basti, Araria - BSPCB",21-08-2026 10:00:00,26.146529,87.454184,NO2,9,22,15
India,Bihar,Araria,"Kharahiya Basti, Araria - BSPCB",21-08-2026 10:00:00,26.146529,87.454184,SO2,19,22,20
India,Bihar,Araria,"Kharahiya Basti, Araria - BSPCB",21-08-2026 10:00:00,26.146529,87.454184,CO,19,35,26
India,Bihar,Begusarai,"Lohiyanagar, Begusarai - BSPCB",21-08-2026 10:00:00,25.42742023,86.13886079,NO2,7,10,9
India,Bihar,Begusarai,"Lohiyanagar, Begusarai - BSPCB",21-08-2026 10:00:00,25.42742023,86.13886079,NH3,15,17,16
India,Bihar,Begusarai,"Lohiyanagar, Begusarai - BSPCB",21-08-2026 10:00:00,25.42742023,86.13886079,SO2,17,23,19
India,Bihar,Begusarai,"Lohiyanagar, Begusarai - BSPCB",21-08-2026 10:00:00,25.42742023,86.13886079,OZONE,40,42,41
India,Bihar,Bettiah,"Kamalnath Nagar, Bettiah - BSPCB",21-08-2026 10:00:00,26.80365,84.51954,PM2.5,21,24,23
India,Bihar,Bettiah,"Kamalnath Nagar, Bettiah - BSPCB",21-08-2026 10:00:00,26.80365,84.51954,NH3,2,5,3
India,Bihar,Bhagalpur,"Mayaganj, Bhagalpur - BSPCB",21-08-2026 10:00:00,25.265194,87.012947,NO2,15,18,17
India,Bihar,Bhagalpur,"Mayaganj, Bhagalpur - BSPCB",21-08-2026 10:00:00,25.265194,87.012947,SO2,3,77,16
India,Bihar,Gaya,"SFTI Kusdihra, Gaya - BSPCB",21-08-2026 10:00:00,24.762518,84.982348,PM2.5,28,44,37
India,Bihar,Gaya,"SFTI Kusdihra, Gaya - BSPCB",21-08-2026 10:00:00,24.762518,84.982348,NO2,18,28,23
India,Bihar,Gaya,"SFTI Kusdihra, Gaya - BSPCB",21-08-2026 10:00:00,24.762518,84.982348,NH3,5,8,7
India,Bihar,Gaya,"SFTI Kusdihra, Gaya - BSPCB",21-08-2026 10:00:00,24.762518,84.982348,CO,20,30,24
India,Bihar,Patna,"Govt. High School Shikarpur, Patna - BSPCB",21-08-2026 10:00:00,25.592539,85.227158,OZONE,21,52,32
India,Bihar,Patna,"DRM Office Danapur, Patna - BSPCB",21-08-2026 10:00:00,25.586562,85.043586,PM10,64,79,72
India,Bihar,Patna,"Samanpura, Patna - BSPCB",21-08-2026 10:00:00,25.596727,85.085624,PM10,87,153,114
India,Bihar,Patna,"Samanpura, Patna - BSPCB",21-08-2026 10:00:00,25.596727,85.085624,OZONE,22,23,23
India,Bihar,Purnia,"Mariam Nagar, Purnia - BSPCB",21-08-2026 10:00:00,25.366336,87.117468,PM2.5,15,47,31
India,Bihar,Purnia,"Mariam Nagar, Purnia - BSPCB",21-08-2026 10:00:00,25.366336,87.117468,NO2,17,19,18
India,Bihar,Saharsa,"Police Line, Saharsa - BSPCB",21-08-2026 10:00:00,25.892357,86.590325,NO2,6,8,7
India,Bihar,Samastipur,"DM Office_Kasipur, Samastipur - BSPCB",21-08-2026 10:00:00,25.859655,85.77944,PM2.5,50,375,143
India,Bihar,Samastipur,"DM Office_Kasipur, Samastipur - BSPCB",21-08-2026 10:00:00,25.859655,85.77944,CO,1,11,4
India,Bihar,Samastipur,"DM Office_Kasipur, Samastipur - BSPCB",21-08-2026 10:00:00,25.859655,85.77944,OZONE,6,6,6
India,Andhra Pradesh,Tirumala,"Toll Gate, Tirumala - APPCB",21-08-2026 10:00:00,13.67,79.35,NO2,25,68,47
India,Andhra Pradesh,Tirupati,"Vaikuntapuram, Tirupati - APPCB",21-08-2026 10:00:00,13.615387,79.40923,PM2.5,32,59,47
India,Andhra Pradesh,Tirupati,"Vaikuntapuram, Tirupati - APPCB",21-08-2026 10:00:00,13.615387,79.40923,PM10,69,85,79
India,Andhra Pradesh,Tirupati,"Vaikuntapuram, Tirupati - APPCB",21-08-2026 10:00:00,13.615387,79.40923,SO2,10,23,13
India,Andhra Pradesh,Vijayawada,"Rajiv Nagar, Vijayawada - APPCB",21-08-2026 10:00:00,16.554731,80.64911,NO2,16,26,18
India,Andhra Pradesh,Vijayawada,"HB Colony, Vijayawada - APPCB",21-08-2026 10:00:00,16.536107,80.594233,OZONE,14,14,14
India,Andhra Pradesh,Vijayawada,"Rajiv Gandhi Park, Vijayawada - APPCB",21-08-2026 10:00:00,16.509717,80.612222,OZONE,22,22,22
India,Andhra Pradesh,Visakhapatnam,"GVM Corporation, Visakhapatnam - APPCB",21-08-2026 10:00:00,17.72,83.3,SO2,7,70,20
India,Andhra Pradesh,Anantapur,"Gulzarpet, Anantapur - APPCB",21-08-2026 10:00:00,14.675886,77.593027,NO2,16,25,20
India,Andhra Pradesh,Anantapur,"Gulzarpet, Anantapur - APPCB",21-08-2026 10:00:00,14.675886,77.593027,CO,13,18,16
India,Andhra Pradesh,Chittoor,"Gangineni Cheruvu, Chittoor - APPCB",21-08-2026 10:00:00,13.20488,79.097889,SO2,17,25,22
India,Andhra Pradesh,Chittoor,"Gangineni Cheruvu, Chittoor - APPCB",21-08-2026 10:00:00,13.20488,79.097889,CO,19,23,22
India,Andhra Pradesh,Eluru,"District Court, Eluru - APPCB",21-08-2026 10:00:00,16.711754,81.092095,PM10,57,67,63
India,Andhra Pradesh,Visakhapatnam,"GVM Corporation, Visakhapatnam - APPCB",21-08-2026 10:00:00,17.72,83.3,CO,1,14,9
India,Gujarat,Gandhinagar,"GIFT City, Gandhinagar - IITM",21-08-2026 10:00:00,23.163798,72.677768,OZONE,3,5,4
India,Gujarat,Mehsana,"Sadanand Nagar, Mehsana - Nexteng Enviro",21-08-2026 10:00:00,23.59315,72.372792,PM2.5,9,56,32
India,Gujarat,Mehsana,"Sadanand Nagar, Mehsana - Nexteng Enviro",21-08-2026 10:00:00,23.59315,72.372792,NO2,3,5,4
India,Gujarat,Mehsana,"Sadanand Nagar, Mehsana - Nexteng Enviro",21-08-2026 10:00:00,23.59315,72.372792,CO,43,45,44
India,Gujarat,Nandesari,"GIDC, Nandesari - Nandesari Ind. Association",21-08-2026 10:00:00,22.410802,73.097923,PM2.5,28,90,40
India,Gujarat,Rajkot,"Mavdi, Rajkot - Nexteng Enviro ",21-08-2026 10:00:00,22.248853,70.776774,NO2,4,15,6
India,Gujarat,Surat,"Science Center, Surat - SMC",21-08-2026 10:00:00,21.170046,72.795405,PM2.5,20,49,37
India,Gujarat,Surat,"Katargam, Surat - Nexteng Enviro",21-08-2026 10:00:00,21.217779,72.834787,PM10,45,109,63
India,Gujarat,Surat,"Katargam, Surat - Nexteng Enviro",21-08-2026 10:00:00,21.217779,72.834787,NH3,1,1,1
India,Gujarat,Vadodara,"Bapunagar, Vadodara - Nexteng Enviro",21-08-2026 10:00:00,22.320153,73.216285,PM10,37,92,64
India,Gujarat,Vadodara,"Bapunagar, Vadodara - Nexteng Enviro",21-08-2026 10:00:00,22.320153,73.216285,NH3,2,3,3
India,Gujarat,Vapi,"Phase-1 GIDC, Vapi - GPCB",21-08-2026 10:00:00,20.362421,72.918013,NH3,2,4,3
India,Gujarat,Vatva,"Phase-4 GIDC, Vatva - GPCB",21-08-2026 10:00:00,22.969611,72.6435,NH3,5,5,5
India,Delhi,Delhi,"Bawana, Delhi - DPCC",21-08-2026 10:00:00,28.7762,77.051074,PM2.5,NA,NA,NA
India,Delhi,Delhi,"Rohini, Delhi - DPCC",21-08-2026 10:00:00,28.732528,77.11992,PM2.5,52,200,92
India,Delhi,Delhi,"Rohini, Delhi - DPCC",21-08-2026 10:00:00,28.732528,77.11992,NO2,0,10,4
India,Delhi,Delhi,"IHBAS, Dilshad Garden, Delhi - CPCB",21-08-2026 10:00:00,28.6811736,77.3025234,PM10,73,111,89
India,Delhi,Delhi,"Sri Aurobindo Marg, Delhi - DPCC",21-08-2026 10:00:00,28.531346,77.190156,OZONE,4,14,7
India,Delhi,Delhi,"Nehru Nagar, Delhi - DPCC",21-08-2026 10:00:00,28.56789,77.250515,PM2.5,3,177,75
India,Delhi,Delhi,"Nehru Nagar, Delhi - DPCC",21-08-2026 10:00:00,28.56789,77.250515,PM10,95,189,133
India,Delhi,Delhi,"Nehru Nagar, Delhi - DPCC",21-08-2026 10:00:00,28.56789,77.250515,SO2,4,109,12
India,Delhi,Delhi,"Patparganj, Delhi - DPCC",21-08-2026 10:00:00,28.623763,77.287209,PM2.5,12,130,56
India,Delhi,Delhi,"Patparganj, Delhi - DPCC",21-08-2026 10:00:00,28.623763,77.287209,SO2,0,7,4
India,Delhi,Delhi,"Patparganj, Delhi - DPCC",21-08-2026 10:00:00,28.623763,77.287209,CO,25,41,32
India,Delhi,Delhi,"Patparganj, Delhi - DPCC",21-08-2026 10:00:00,28.623763,77.287209,OZONE,12,23,16
India,Delhi,Delhi,"Jawaharlal Nehru Stadium, Delhi - DPCC",21-08-2026 10:00:00,28.58028,77.233829,PM2.5,45,170,82
India,Delhi,Delhi,"Jawaharlal Nehru Stadium, Delhi - DPCC",21-08-2026 10:00:00,28.58028,77.233829,CO,9,25,14
India,Delhi,Delhi,"Jawaharlal Nehru Stadium, Delhi - DPCC",21-08-2026 10:00:00,28.58028,77.233829,OZONE,28,40,32
India,Delhi,Delhi,"Wazirpur, Delhi - DPCC",21-08-2026 10:00:00,28.699793,77.165453,SO2,17,22,20
India,Delhi,Delhi,"Aya Nagar, Delhi - IITM",21-08-2026 10:00:00,28.4706914,77.1099364,OZONE,4,22,15
India,Delhi,Delhi,"CRRI Mathura Road, Delhi - IITM",21-08-2026 10:00:00,28.5512005,77.2735737,SO2,NA,NA,NA
India,Delhi,Delhi,"Burari Crossing, Delhi - IITM",21-08-2026 10:00:00,28.7256504,77.2011573,PM10,73,134,106
India,Delhi,Delhi,"Burari Crossing, Delhi - IITM",21-08-2026 10:00:00,28.7256504,77.2011573,SO2,NA,NA,NA
India,Delhi,Delhi,"Burari Crossing, Delhi - IITM",21-08-2026 10:00:00,28.7256504,77.2011573,CO,43,64,49
India,Delhi,Delhi,"IMD Lodhi Road, Delhi - IITM",21-08-2026 10:00:00,28.5918245,77.2273074,NO2,5,25,11
India,Delhi,Delhi,"JNU, Delhi - DPCC",21-08-2026 10:00:00,28.540721,77.168544,PM10,56,130,92
India,Delhi,Delhi,"Alipur, Delhi - DPCC",21-08-2026 10:00:00,28.815329,77.15301,NH3,5,12,7
India,Delhi,Delhi,"Alipur, Delhi - DPCC",21-08-2026 10:00:00,28.815329,77.15301,CO,18,37,24
India,Delhi,Delhi,"Alipur, Delhi - DPCC",21-08-2026 10:00:00,28.815329,77.15301,OZONE,7,9,8
India,Delhi,Delhi,"R K Puram, Delhi - DPCC",21-08-2026 10:00:00,28.563262,77.186937,NH3,4,7,5
India,Delhi,Delhi,"R K Puram, Delhi - DPCC",21-08-2026 10:00:00,28.563262,77.186937,SO2,18,21,20
India,Gujarat,Ahmedabad,"Chandkheda, Ahmedabad - IITM",21-08-2026 10:00:00,23.107969,72.574648,PM2.5,35,71,49
India,Gujarat,Ahmedabad,"Chandkheda, Ahmedabad - IITM",21-08-2026 10:00:00,23.107969,72.574648,NH3,6,9,7
India,Gujarat,Ahmedabad,"Chandkheda, Ahmedabad - IITM",21-08-2026 10:00:00,23.107969,72.574648,SO2,8,10,9
India,Haryana,Bahadurgarh,"Arya Nagar, Bahadurgarh - HSPCB",21-08-2026 10:00:00,28.6701,76.9254,NO2,25,30,27
India,Haryana,Ballabgarh,"Nathu Colony, Ballabgarh - HSPCB",21-08-2026 10:00:00,28.3419248,77.319699,PM2.5,17,207,77
India,Haryana,Ballabgarh,"Nathu Colony, Ballabgarh - HSPCB",21-08-2026 10:00:00,28.3419248,77.319699,NH3,4,5,5
India,Haryana,Ballabgarh,"Nathu Colony, Ballabgarh - HSPCB",21-08-2026 10:00:00,28.3419248,77.319699,OZONE,4,45,22
India,Haryana,Bhiwani,"H.B. Colony, Bhiwani - HSPCB",21-08-2026 10:00:00,28.806223,76.141105,NO2,NA,NA,NA
India,Haryana,Bhiwani,"H.B. Colony, Bhiwani - HSPCB",21-08-2026 10:00:00,28.806223,76.141105,NH3,NA,NA,NA
India,Haryana,Bhiwani,"H.B. Colony, Bhiwani - HSPCB",21-08-2026 10:00:00,28.806223,76.141105,OZONE,24,53,39
India,Haryana,Charkhi Dadri,"Mini Secretariat, Charkhi Dadri - HSPCB",21-08-2026 10:00:00,28.593883,76.270653,NH3,5,8,6
India,Haryana,Dharuhera,"Municipal Corporation Office, Dharuhera -  HSPCB",21-08-2026 10:00:00,28.2068,76.7997,NH3,7,14,9
India,Haryana,Dharuhera,"Municipal Corporation Office, Dharuhera -  HSPCB",21-08-2026 10:00:00,28.2068,76.7997,CO,36,70,53
India,Haryana,Faridabad,"New Industrial Town, Faridabad - HSPCB",21-08-2026 10:00:00,28.39072,77.30059,PM10,41,129,81
India,Haryana,Faridabad,"New Industrial Town, Faridabad - HSPCB",21-08-2026 10:00:00,28.39072,77.30059,NH3,10,12,11
India,Haryana,Faridabad,"New Industrial Town, Faridabad - HSPCB",21-08-2026 10:00:00,28.39072,77.30059,SO2,4,11,8
India,Haryana,Faridabad,"New Industrial Town, Faridabad - HSPCB",21-08-2026 10:00:00,28.39072,77.30059,OZONE,14,14,14
India,Delhi,Delhi,"NSUT Jaffarpur, Delhi - DPCC",21-08-2026 10:00:00,28.594004,76.909423,CO,30,33,31
India,Delhi,Delhi,"Mundka, Delhi - DPCC",21-08-2026 10:00:00,28.684678,77.076574,PM2.5,23,123,51
India,Delhi,Delhi,"Mundka, Delhi - DPCC",21-08-2026 10:00:00,28.684678,77.076574,SO2,2,19,8
India,Delhi,Delhi,"Punjabi Bagh, Delhi - DPCC",21-08-2026 10:00:00,28.674045,77.131023,SO2,24,45,36
India,Delhi,Delhi,"Punjabi Bagh, Delhi - DPCC",21-08-2026 10:00:00,28.674045,77.131023,CO,30,42,34
India,Delhi,Delhi,"Ashok Vihar, Delhi - DPCC",21-08-2026 10:00:00,28.695381,77.181665,PM10,88,151,121
India,Delhi,Delhi,"Ashok Vihar, Delhi - DPCC",21-08-2026 10:00:00,28.695381,77.181665,SO2,10,15,13
India,Delhi,Delhi,"Ashok Vihar, Delhi - DPCC",21-08-2026 10:00:00,28.695381,77.181665,OZONE,7,7,7
India,Delhi,Delhi,"Anand Vihar, Delhi - DPCC",21-08-2026 10:00:00,28.647622,77.315809,PM10,124,418,231
India,Delhi,Delhi,"Anand Vihar, Delhi - DPCC",21-08-2026 10:00:00,28.647622,77.315809,NO2,14,78,37
India,Delhi,Delhi,"Anand Vihar, Delhi - DPCC",21-08-2026 10:00:00,28.647622,77.315809,OZONE,2,2,2
India,Delhi,Delhi,"Shadipur, Delhi - CPCB",21-08-2026 10:00:00,28.6514781,77.1473105,SO2,12,26,19
India,Delhi,Delhi,"Mandir Marg, Delhi - DPCC",21-08-2026 10:00:00,28.636429,77.201067,NO2,14,42,25
India,Delhi,Delhi,"Sirifort, Delhi - CPCB",21-08-2026 10:00:00,28.5504249,77.2159377,PM10,75,187,123
India,Delhi,Delhi,"Sirifort, Delhi - CPCB",21-08-2026 10:00:00,28.5504249,77.2159377,OZONE,13,26,18
India,Delhi,Delhi,"Pusa, Delhi - IITM",21-08-2026 10:00:00,28.63611,77.173332,SO2,NA,NA,NA
India,Delhi,Delhi,"DTU, Delhi - CPCB",21-08-2026 10:00:00,28.7500499,77.1112615,NH3,2,9,7
India,Delhi,Delhi,"Dwarka-Sector 8, Delhi - DPCC ",21-08-2026 10:00:00,28.5710274,77.0719006,CO,23,43,32
India,Delhi,Delhi,"Dr. Karni Singh Shooting Range, Delhi - DPCC",21-08-2026 10:00:00,28.498571,77.26484,CO,18,34,26
India,Delhi,Delhi,"IIT Delhi, Delhi - IITM",21-08-2026 10:00:00,28.54246,77.191651,OZONE,2,9,6
India,Delhi,Delhi,"IGNOU_Maidan Garhi, Delhi - DPCC",21-08-2026 10:00:00,28.493624,77.201159,PM2.5,7,37,24
India,Delhi,Delhi,"IGNOU_Maidan Garhi, Delhi - DPCC",21-08-2026 10:00:00,28.493624,77.201159,PM10,71,115,93
India,Delhi,Delhi,"IGNOU_Maidan Garhi, Delhi - DPCC",21-08-2026 10:00:00,28.493624,77.201159,SO2,5,6,6
India,Delhi,Delhi,"IGNOU_Maidan Garhi, Delhi - DPCC",21-08-2026 10:00:00,28.493624,77.201159,OZONE,5,8,6
India,Delhi,Delhi,"NSIT Dwarka, Delhi - CPCB",21-08-2026 10:00:00,28.60909,77.0325413,NO2,9,41,31
India,Delhi,Delhi,"NSIT Dwarka, Delhi - CPCB",21-08-2026 10:00:00,28.60909,77.0325413,SO2,13,19,16
India,Delhi,Delhi,"Aya Nagar, Delhi - IITM",21-08-2026 10:00:00,28.4706914,77.1099364,NO2,26,39,32
India,Delhi,Delhi,"Aya Nagar, Delhi - IITM",21-08-2026 10:00:00,28.4706914,77.1099364,SO2,NA,NA,NA
India,Haryana,Faridabad,"Sector 30, Faridabad - HSPCB",21-08-2026 10:00:00,28.4417,77.3217,SO2,3,4,3
India,Haryana,Fatehabad,"Huda Sector, Fatehabad - HSPCB",21-08-2026 10:00:00,29.503664,75.467934,OZONE,41,62,52
India,Haryana,Gurugram,"Teri Gram, Gurugram - HSPCB",21-08-2026 10:00:00,28.4275,77.1465,SO2,3,47,18
India,Haryana,Gurugram,"Teri Gram, Gurugram - HSPCB",21-08-2026 10:00:00,28.4275,77.1465,CO,11,30,23
India,Haryana,Gurugram,"Sector-51, Gurugram - HSPCB",21-08-2026 10:00:00,28.4227,77.0667,NO2,23,68,42
India,Haryana,Gurugram,"Vikas Sadan, Gurugram - HSPCB",21-08-2026 10:00:00,28.4501238,77.0263051,PM2.5,38,347,99
India,Gujarat,Ahmedabad,"SAC ISRO Bopal, Ahmedabad - IITM",21-08-2026 10:00:00,23.041137,72.456691,NO2,17,20,19
India,Gujarat,Ahmedabad,"Gyaspur, Ahmedabad - IITM",21-08-2026 10:00:00,22.977134,72.553024,PM2.5,29,126,59
India,Gujarat,Ankleshwar,"GIDC, Ankleshwar - GPCB",21-08-2026 10:00:00,21.613267,73.010555,NO2,22,26,26
India,Gujarat,Bhavnagar,"Vidhyanagar, Bhavnagar - Nexteng Enviro",21-08-2026 10:00:00,21.755417,72.139056,PM10,44,72,56
India,Gujarat,Gandhinagar,"Sector-10, Gandhinagar - GPCB",21-08-2026 10:00:00,23.221714,72.654328,SO2,4,4,4
India,Delhi,Delhi,"ITO, Delhi - CPCB",21-08-2026 10:00:00,28.628624,77.24106,NH3,0,6,4
India,Delhi,Delhi,"ITO, Delhi - CPCB",21-08-2026 10:00:00,28.628624,77.24106,CO,31,45,38
India,Delhi,Delhi,"Narela, Delhi - DPCC",21-08-2026 10:00:00,28.822836,77.101981,OZONE,9,31,18
India,Delhi,Delhi,"Cantonment Area, Delhi - DPCC",21-08-2026 10:00:00,28.594169,77.1251,PM2.5,9,43,23
India,Delhi,Delhi,"Sonia Vihar, Delhi - DPCC",21-08-2026 10:00:00,28.710508,77.249485,CO,21,91,40
India,Karnataka,Bengaluru,"Hebbal, Bengaluru - KSPCB",21-08-2026 10:00:00,13.029152,77.585901,NH3,2,2,2
India,Karnataka,Bengaluru,"Bapuji Nagar, Bengaluru - KSPCB",21-08-2026 10:00:00,12.951913,77.539784,PM10,35,67,49
India,Karnataka,Bengaluru,"Bapuji Nagar, Bengaluru - KSPCB",21-08-2026 10:00:00,12.951913,77.539784,NH3,3,3,3
India,Karnataka,Bengaluru,"Bapuji Nagar, Bengaluru - KSPCB",21-08-2026 10:00:00,12.951913,77.539784,SO2,13,37,25
India,Karnataka,Bengaluru,"Bapuji Nagar, Bengaluru - KSPCB",21-08-2026 10:00:00,12.951913,77.539784,OZONE,19,23,20
India,Karnataka,Chamarajanagar,"Urban, Chamarajanagar - KSPCB",21-08-2026 10:00:00,11.55358,76.55521,NH3,1,3,2
India,Karnataka,Chikkaballapur,"Chikkaballapur Rural, Chikkaballapur - KSPCB",21-08-2026 10:00:00,13.428828,77.731418,NO2,2,4,3
India,Karnataka,Chikkamagaluru,"Kalyana Nagara, Chikkamagaluru - KSPCB",21-08-2026 10:00:00,13.328028,75.797056,SO2,1,2,1
India,Karnataka,Chikkamagaluru,"Kalyana Nagara, Chikkamagaluru - KSPCB",21-08-2026 10:00:00,13.328028,75.797056,CO,11,45,16
India,Karnataka,Chikkamagaluru,"Kalyana Nagara, Chikkamagaluru - KSPCB",21-08-2026 10:00:00,13.328028,75.797056,OZONE,47,47,47
India,Karnataka,Gadag,"Panchal Nagar, Gadag - KSPCB",21-08-2026 10:00:00,15.411456,75.638133,NO2,16,28,19
India,Karnataka,Gadag,"Panchal Nagar, Gadag - KSPCB",21-08-2026 10:00:00,15.411456,75.638133,NH3,2,5,2
India,Karnataka,Gadag,"Panchal Nagar, Gadag - KSPCB",21-08-2026 10:00:00,15.411456,75.638133,SO2,25,34,31
India,Karnataka,Gadag,"Panchal Nagar, Gadag - KSPCB",21-08-2026 10:00:00,15.411456,75.638133,OZONE,17,18,18
India,Karnataka,Hubballi,"Lingaraj Nagar, Hubballi - KSPCB",21-08-2026 10:00:00,15.3714823,75.1160168,CO,9,15,12
India,Karnataka,Kalaburagi,"Lal Bahadur Shastri Nagar, Kalaburagi - KSPCB",21-08-2026 10:00:00,17.321993,76.822628,PM10,34,98,57
India,Karnataka,Kalaburagi,"Lal Bahadur Shastri Nagar, Kalaburagi - KSPCB",21-08-2026 10:00:00,17.321993,76.822628,SO2,11,33,15
India,Karnataka,Karwar,"KHB Colony, Karwar - KSPCB",21-08-2026 10:00:00,14.816666,74.141003,NO2,14,68,32
India,Haryana,Panchgaon,"Amity University, Panchgaon - IITM",21-08-2026 10:00:00,28.3153,76.9143,NO2,19,36,29
India,Haryana,Panchkula,"Sector-6, Panchkula - HSPCB ",21-08-2026 10:00:00,30.7057778,76.8531805555555,NH3,NA,NA,NA
India,Haryana,Panipat,"Sector-18, Panipat - HSPCB",21-08-2026 10:00:00,29.432304,76.972765,PM10,17,267,117
India,Haryana,Panipat,"Sector-18, Panipat - HSPCB",21-08-2026 10:00:00,29.432304,76.972765,CO,11,33,30
India,Haryana,Panipat,"Sector-18, Panipat - HSPCB",21-08-2026 10:00:00,29.432304,76.972765,OZONE,48,49,49
India,Haryana,Rohtak,"MD University, Rohtak - HSPCB",21-08-2026 10:00:00,28.52123,76.37138,CO,33,40,37
India,Haryana,Rohtak,"MD University, Rohtak - HSPCB",21-08-2026 10:00:00,28.52123,76.37138,OZONE,12,26,20
India,Haryana,Sirsa,"F-Block, Sirsa - HSPCB",21-08-2026 10:00:00,29.5364,75.0158,NH3,13,18,13
India,Haryana,Sirsa,"F-Block, Sirsa - HSPCB",21-08-2026 10:00:00,29.5364,75.0158,CO,77,99,87
India,Haryana,Sonipat,"Murthal, Sonipat - HSPCB",21-08-2026 10:00:00,29.0272,77.0621,SO2,18,20,18
India,Himachal Pradesh,Baddi,"HIMUDA Complex Phase-1, Baddi - HPPCB",21-08-2026 10:00:00,30.943887,76.801991,PM2.5,23,220,54
India,Himachal Pradesh,Baddi,"HIMUDA Complex Phase-1, Baddi - HPPCB",21-08-2026 10:00:00,30.943887,76.801991,CO,101,108,104
India,Jammu and Kashmir,Pampore,"Khrew, Pampore - JKPCC",21-08-2026 10:00:00,34.031606,75.009712,PM2.5,23,44,34
India,Jammu and Kashmir,Pampore,"Khrew, Pampore - JKPCC",21-08-2026 10:00:00,34.031606,75.009712,SO2,NA,NA,NA
India,Jammu and Kashmir,Pampore,"Khrew, Pampore - JKPCC",21-08-2026 10:00:00,34.031606,75.009712,CO,NA,NA,NA
India,Jammu and Kashmir,Srinagar,"Rajbagh, Srinagar - JKPCC",21-08-2026 10:00:00,34.066206,74.81982,PM2.5,17,33,24
India,Kerala,Eloor,"Udyogamandal, Eloor - Kerala PCB",21-08-2026 10:00:00,10.073232,76.302765,NO2,6,6,6
India,Kerala,Eloor,"Udyogamandal, Eloor - Kerala PCB",21-08-2026 10:00:00,10.073232,76.302765,SO2,0,0,0
India,Kerala,Kannur,"Thavakkara, Kannur - Kerala PCB",21-08-2026 10:00:00,11.875,75.3732,PM10,49,59,51
India,Kerala,Kannur,"Thavakkara, Kannur - Kerala PCB",21-08-2026 10:00:00,11.875,75.3732,NH3,1,1,1
India,Kerala,Kannur,"Thavakkara, Kannur - Kerala PCB",21-08-2026 10:00:00,11.875,75.3732,OZONE,27,28,27
India,Kerala,Thiruvananthapuram,"Plammoodu, Thiruvananthapuram - Kerala PCB",21-08-2026 10:00:00,8.5149093,76.9435879,OZONE,11,17,15
India,Kerala,Thrissur,"Corporation Ground, Thrissur - Kerala PCB",21-08-2026 10:00:00,10.5324,76.2159,NO2,8,11,9
India,Ladakh,Leh,"Skara Yokma, Leh - LPCC",21-08-2026 10:00:00,34.147096,77.55709,PM2.5,4,39,17
India,Ladakh,Leh,"Skara Yokma, Leh - LPCC",21-08-2026 10:00:00,34.147096,77.55709,NH3,NA,NA,NA
India,Madhya Pradesh,Bhopal,"Paryavaran Parisar, Bhopal - MPPCB",21-08-2026 10:00:00,23.210494,77.425409,SO2,6,8,7
India,Madhya Pradesh,Bhopal,"Idgah Hills, Bhopal - MPPCB",21-08-2026 10:00:00,23.264759,77.381568,CO,5,26,11
India,Madhya Pradesh,Bhopal,"Idgah Hills, Bhopal - MPPCB",21-08-2026 10:00:00,23.264759,77.381568,OZONE,14,22,17
India,Madhya Pradesh,Bhopal,"T T Nagar, Bhopal - MPPCB",21-08-2026 10:00:00,23.233584,77.400574,PM10,52,94,74
India,Madhya Pradesh,Bhopal,"T T Nagar, Bhopal - MPPCB",21-08-2026 10:00:00,23.233584,77.400574,SO2,20,25,22
India,Haryana,Gurugram,"Vikas Sadan, Gurugram - HSPCB",21-08-2026 10:00:00,28.4501238,77.0263051,NO2,2,26,11
India,Haryana,Jind,"Police Lines, Jind - HSPCB",21-08-2026 10:00:00,29.307814,76.337619,SO2,27,30,28
India,Haryana,Kaithal,"Rishi Nagar, Kaithal - HSPCB",21-08-2026 10:00:00,29.8006,76.4155,PM2.5,43,113,89
India,Haryana,Kaithal,"Rishi Nagar, Kaithal - HSPCB",21-08-2026 10:00:00,29.8006,76.4155,NH3,4,6,5
India,Haryana,Kaithal,"Rishi Nagar, Kaithal - HSPCB",21-08-2026 10:00:00,29.8006,76.4155,OZONE,10,17,14
India,Haryana,Karnal,"Sector-12, Karnal - HSPCB",21-08-2026 10:00:00,29.6953,77.0027,CO,36,54,48
India,Haryana,Kurukshetra,"Sector-7, Kurukshetra - HSPCB",21-08-2026 10:00:00,29.966942,76.875879,NO2,14,17,16
India,Haryana,Manesar,"Sector-2 IMT, Manesar - HSPCB",21-08-2026 10:00:00,28.360699,76.93609,PM10,72,149,105
India,Haryana,Manesar,"Sector-2 IMT, Manesar - HSPCB",21-08-2026 10:00:00,28.360699,76.93609,NO2,14,44,22
India,Haryana,Manesar,"Sector-2 IMT, Manesar - HSPCB",21-08-2026 10:00:00,28.360699,76.93609,NH3,6,13,9
India,Haryana,Manesar,"Sector-2 IMT, Manesar - HSPCB",21-08-2026 10:00:00,28.360699,76.93609,OZONE,5,16,9
India,Haryana,Narnaul,"Shastri Nagar, Narnaul - HSPCB",21-08-2026 10:00:00,28.060249,76.113115,PM2.5,46,73,60
India,Haryana,Narnaul,"Shastri Nagar, Narnaul - HSPCB",21-08-2026 10:00:00,28.060249,76.113115,SO2,5,10,8
India,Haryana,Narnaul,"Shastri Nagar, Narnaul - HSPCB",21-08-2026 10:00:00,28.060249,76.113115,CO,11,13,12
India,Haryana,Palwal,"Shyam Nagar, Palwal - HSPCB",21-08-2026 10:00:00,28.1485564,77.3320667,SO2,8,35,20
India,Jammu and Kashmir,Srinagar,"Rajbagh, Srinagar - JKPCC",21-08-2026 10:00:00,34.066206,74.81982,SO2,3,4,3
India,Jammu and Kashmir,Srinagar,"Khunmoh, Srinagar - JKPCC",21-08-2026 10:00:00,34.06313,74.96017,NO2,5,55,22
India,Jammu and Kashmir,Srinagar,"Khunmoh, Srinagar - JKPCC",21-08-2026 10:00:00,34.06313,74.96017,SO2,3,4,4
India,Jammu and Kashmir,Srinagar,"Khunmoh, Srinagar - JKPCC",21-08-2026 10:00:00,34.06313,74.96017,CO,NA,NA,NA
India,Jharkhand,Dhanbad,"Sardar Patel Nagar, Dhanbad - JSPCB",21-08-2026 10:00:00,23.80569,86.44268,PM2.5,NA,NA,NA
India,Jharkhand,Dhanbad,"Sardar Patel Nagar, Dhanbad - JSPCB",21-08-2026 10:00:00,23.80569,86.44268,NH3,NA,NA,NA
India,Jharkhand,Dhanbad,"Sardar Patel Nagar, Dhanbad - JSPCB",21-08-2026 10:00:00,23.80569,86.44268,SO2,NA,NA,NA
India,Jharkhand,Dhanbad,"Sardar Patel Nagar, Dhanbad - JSPCB",21-08-2026 10:00:00,23.80569,86.44268,CO,53,53,53
India,Karnataka,Belgaum,"Ramteerth Nagar, Belgaum - KSPCB",21-08-2026 10:00:00,15.888653,74.541751,PM10,8,76,29
India,Karnataka,Bengaluru,"City Railway Station, Bengaluru - KSPCB",21-08-2026 10:00:00,12.9756843,77.5660749,PM10,96,99,96
India,Karnataka,Bengaluru,"City Railway Station, Bengaluru - KSPCB",21-08-2026 10:00:00,12.9756843,77.5660749,NH3,NA,NA,NA
India,Karnataka,Bengaluru,"City Railway Station, Bengaluru - KSPCB",21-08-2026 10:00:00,12.9756843,77.5660749,SO2,9,13,10
India,Karnataka,Bengaluru,"Peenya, Bengaluru - CPCB",21-08-2026 10:00:00,13.0270199,77.494094,PM10,NA,NA,NA
India,Karnataka,Bengaluru,"Peenya, Bengaluru - CPCB",21-08-2026 10:00:00,13.0270199,77.494094,SO2,6,13,10
India,Karnataka,Bengaluru,"Shivapura_Peenya, Bengaluru - KSPCB",21-08-2026 10:00:00,13.0246342,77.5080115,NH3,3,4,4
India,Karnataka,Bengaluru,"Shivapura_Peenya, Bengaluru - KSPCB",21-08-2026 10:00:00,13.0246342,77.5080115,SO2,3,5,3
India,Karnataka,Madikeri,"Stuart Hill, Madikeri - KSPCB",21-08-2026 10:00:00,12.415911,75.73505,NO2,2,2,2
India,Karnataka,Madikeri,"Stuart Hill, Madikeri - KSPCB",21-08-2026 10:00:00,12.415911,75.73505,SO2,7,8,7
India,Karnataka,Madikeri,"Stuart Hill, Madikeri - KSPCB",21-08-2026 10:00:00,12.415911,75.73505,CO,7,18,12
India,Karnataka,Mangalore,"Kadri, Mangalore - KSPCB",21-08-2026 10:00:00,12.88925,74.853,SO2,NA,NA,NA
India,Karnataka,Mysuru,"Hebbal 1st Stage, Mysuru - KSPCB",21-08-2026 10:00:00,12.21041,76.37376,SO2,3,9,4
India,Karnataka,Ramanagara,"Vijay Nagar, Ramanagara - KSPCB",21-08-2026 10:00:00,12.733409,77.298051,PM10,24,84,45
India,Karnataka,Ramanagara,"Vijay Nagar, Ramanagara - KSPCB",21-08-2026 10:00:00,12.733409,77.298051,CO,28,43,34
India,Karnataka,Shivamogga,"Vinoba Nagara, Shivamogga - KSPCB",21-08-2026 10:00:00,13.94,75.555917,NH3,2,4,4
India,Karnataka,Shivamogga,"Vinoba Nagara, Shivamogga - KSPCB",21-08-2026 10:00:00,13.94,75.555917,CO,35,39,37
India,Karnataka,Vijayapura,"Ibrahimpur, Vijayapura - KSPCB",21-08-2026 10:00:00,16.802639,75.722694,NH3,3,4,4
India,Karnataka,Vijayapura,"Ibrahimpur, Vijayapura - KSPCB",21-08-2026 10:00:00,16.802639,75.722694,SO2,3,6,3
India,Karnataka,Yadgir,"Collector Office, Yadgir - KSPCB",21-08-2026 10:00:00,16.7602,77.1428,NO2,3,5,4
India,Karnataka,Yadgir,"Collector Office, Yadgir - KSPCB",21-08-2026 10:00:00,16.7602,77.1428,NH3,0,1,0
India,Madhya Pradesh,Dewas,"Bhopal Chauraha, Dewas - MPPCB",21-08-2026 10:00:00,22.9682591,76.064118,PM2.5,18,81,48
India,Madhya Pradesh,Dewas,"Bhopal Chauraha, Dewas - MPPCB",21-08-2026 10:00:00,22.9682591,76.064118,CO,14,23,18
India,Madhya Pradesh,Gwalior,"Maharaj Bada, Gwalior - MPPCB",21-08-2026 10:00:00,26.200388,78.147714,SO2,2,13,5
India,Madhya Pradesh,Gwalior,"City Center, Gwalior - MPPCB",21-08-2026 10:00:00,26.203442,78.193251,PM10,22,55,40
India,Madhya Pradesh,Gwalior,"Deen Dayal Nagar, Gwalior - MPPCB",21-08-2026 10:00:00,26.259242,78.216432,PM10,7,103,47
India,Madhya Pradesh,Gwalior,"Deen Dayal Nagar, Gwalior - MPPCB",21-08-2026 10:00:00,26.259242,78.216432,NO2,25,52,40
India,Madhya Pradesh,Gwalior,"Deen Dayal Nagar, Gwalior - MPPCB",21-08-2026 10:00:00,26.259242,78.216432,OZONE,1,1,1
India,Madhya Pradesh,Indore,"Regional Park, Indore - IMC",21-08-2026 10:00:00,22.678,75.8559,NO2,1,12,7
India,Madhya Pradesh,Indore,"Regional Park, Indore - IMC",21-08-2026 10:00:00,22.678,75.8559,CO,46,46,46
India,Madhya Pradesh,Indore,"Chhoti Gwaltoli, Indore - MPPCB",21-08-2026 10:00:00,22.431,75.5213,PM10,67,118,96
India,Madhya Pradesh,Indore,"Airport Area, Indore - IMC",21-08-2026 10:00:00,22.7289,75.8076,CO,33,33,33
India,Madhya Pradesh,Indore,"Residency Area, Indore - IMC",21-08-2026 10:00:00,22.7084,75.8815,PM10,34,61,46
India,Madhya Pradesh,Jabalpur,"Marhatal, Jabalpur - MPPCB",21-08-2026 10:00:00,23.168606,79.932247,PM2.5,8,310,87
India,Madhya Pradesh,Jabalpur,"Marhatal, Jabalpur - MPPCB",21-08-2026 10:00:00,23.168606,79.932247,SO2,10,13,11
India,Madhya Pradesh,Jabalpur,"Gupteshwar, Jabalpur - JMC",21-08-2026 10:00:00,23.142888,79.916147,PM2.5,NA,NA,NA
India,Madhya Pradesh,Jabalpur,"Gupteshwar, Jabalpur - JMC",21-08-2026 10:00:00,23.142888,79.916147,NO2,NA,NA,NA
India,Madhya Pradesh,Jabalpur,"Gupteshwar, Jabalpur - JMC",21-08-2026 10:00:00,23.142888,79.916147,CO,17,21,18
India,Madhya Pradesh,Katni,"Gole Bazar, Katni - MPPCB",21-08-2026 10:00:00,23.50016,80.23284,OZONE,13,17,15
India,Madhya Pradesh,Mandideep,"Sector-D Industrial Area, Mandideep - MPPCB",21-08-2026 10:00:00,23.10844,77.511428,CO,11,20,15
India,Madhya Pradesh,Pithampur,"Sector-2 Industrial Area, Pithampur - MPPCB",21-08-2026 10:00:00,22.624758,75.675238,PM10,90,174,122
India,Madhya Pradesh,Pithampur,"Sector-2 Industrial Area, Pithampur - MPPCB",21-08-2026 10:00:00,22.624758,75.675238,CO,21,23,22
India,Madhya Pradesh,Sagar,"Civil Lines, Sagar - MPPCB",21-08-2026 10:00:00,23.838586,78.759431,NH3,2,2,2
India,Madhya Pradesh,Sagar,"Civil Lines, Sagar - MPPCB",21-08-2026 10:00:00,23.838586,78.759431,SO2,4,8,6
India,Madhya Pradesh,Sagar,"Civil Lines, Sagar - MPPCB",21-08-2026 10:00:00,23.838586,78.759431,CO,13,23,16
India,Madhya Pradesh,Satna,"Bandhavgar Colony, Satna - Birla Cement",21-08-2026 10:00:00,24.58434363,80.8549414,PM10,69,71,70
India,Madhya Pradesh,Satna,"Bandhavgar Colony, Satna - Birla Cement",21-08-2026 10:00:00,24.58434363,80.8549414,SO2,18,19,18
India,Madhya Pradesh,Singrauli,"Suryakiran Bhawan NCL, Singrauli - MPPCB",21-08-2026 10:00:00,24.10897,82.64558,NH3,3,13,5
India,Maharashtra,Kalyan,"Pimpleshwar Mandir, Kalyan - MPCB",21-08-2026 10:00:00,19.192056,72.9585188,CO,40,40,40
India,Maharashtra,Kalyan,"Pimpleshwar Mandir, Kalyan - MPCB",21-08-2026 10:00:00,19.192056,72.9585188,OZONE,11,12,11
India,Maharashtra,Kolhapur,"Sinchan Bhavan, Kolhapur - MPCB",21-08-2026 10:00:00,16.7143745,74.2426398,NH3,0,3,1
India,Maharashtra,Kolhapur,"Shivaji University, Kolhapur - MPCB",21-08-2026 10:00:00,16.6870449,74.2505872,PM2.5,25,43,31
India,Maharashtra,Latur,"Sawe Wadi, Latur - MPCB",21-08-2026 10:00:00,18.39963,76.57452,CO,11,21,15
India,Maharashtra,Mahad,"Kamble Tarf Birwadi, Mahad - MPCB",21-08-2026 10:00:00,18.1023399,73.4783687,PM2.5,18,44,28
India,Maharashtra,Mahad,"Kamble Tarf Birwadi, Mahad - MPCB",21-08-2026 10:00:00,18.1023399,73.4783687,PM10,35,89,56
India,Maharashtra,Mahad,"Kamble Tarf Birwadi, Mahad - MPCB",21-08-2026 10:00:00,18.1023399,73.4783687,NO2,6,24,10
India,Maharashtra,Mahad,"Kamble Tarf Birwadi, Mahad - MPCB",21-08-2026 10:00:00,18.1023399,73.4783687,NH3,3,8,4
India,Maharashtra,Malegaon,"Mahesh Nagar, Malegaon - MPCB",21-08-2026 10:00:00,20.555712,74.529236,PM10,29,55,44
India,Maharashtra,Malegaon,"Mahesh Nagar, Malegaon - MPCB",21-08-2026 10:00:00,20.555712,74.529236,NO2,16,19,17
India,Maharashtra,Malegaon,"Mahesh Nagar, Malegaon - MPCB",21-08-2026 10:00:00,20.555712,74.529236,CO,5,14,9
India,Maharashtra,Malegaon,"Mahesh Nagar, Malegaon - MPCB",21-08-2026 10:00:00,20.555712,74.529236,OZONE,19,23,21
India,Maharashtra,Mira-Bhayandar,"Bhayandar West, Mira-Bhayandar - MPCB",21-08-2026 10:00:00,19.296481,72.840923,NH3,1,2,1
India,Maharashtra,Mira-Bhayandar,"Bhayandar West, Mira-Bhayandar - MPCB",21-08-2026 10:00:00,19.296481,72.840923,OZONE,2,4,3
India,Maharashtra,Navi Mumbai,"Nerul, Navi Mumbai - MPCB",21-08-2026 10:00:00,19.008751,73.01662,NO2,5,6,5
India,Maharashtra,Navi Mumbai,"Nerul, Navi Mumbai - MPCB",21-08-2026 10:00:00,19.008751,73.01662,NH3,1,1,1
India,Maharashtra,Parbhani,"Masoom Colony, Parbhani - MPCB",21-08-2026 10:00:00,19.265594,76.761463,PM10,NA,NA,NA
India,Maharashtra,Pimpri-Chinchwad,"Bhosari, Pune - IITM",21-08-2026 10:00:00,18.640051,73.848956,PM2.5,20,42,31
India,Maharashtra,Pimpri-Chinchwad,"Bhosari, Pune - IITM",21-08-2026 10:00:00,18.640051,73.848956,NO2,19,62,31
India,Maharashtra,Pimpri-Chinchwad,"Bhosari, Pune - IITM",21-08-2026 10:00:00,18.640051,73.848956,NH3,NA,NA,NA
India,Maharashtra,Pimpri-Chinchwad,"Transport Nagar-Nigdi, Pune - IITM",21-08-2026 10:00:00,18.664282,73.763966,PM2.5,10,53,26
India,Maharashtra,Pimpri-Chinchwad,"Transport Nagar-Nigdi, Pune - IITM",21-08-2026 10:00:00,18.664282,73.763966,NO2,40,65,48
India,Maharashtra,Pimpri-Chinchwad,"Transport Nagar-Nigdi, Pune - IITM",21-08-2026 10:00:00,18.664282,73.763966,SO2,NA,NA,NA
India,Maharashtra,Pimpri-Chinchwad,"Savta Mali Nagar, Pimpri-Chinchwad - IITM",21-08-2026 10:00:00,18.614767,73.799516,PM2.5,17,40,28
India,Maharashtra,Pimpri-Chinchwad,"Savta Mali Nagar, Pimpri-Chinchwad - IITM",21-08-2026 10:00:00,18.614767,73.799516,CO,29,40,33
India,Maharashtra,Pune,"Katraj Dairy, Pune - MPCB",21-08-2026 10:00:00,18.45445,73.854155,NO2,NA,NA,NA
India,Maharashtra,Pune,"Katraj Dairy, Pune - MPCB",21-08-2026 10:00:00,18.45445,73.854155,SO2,NA,NA,NA
India,Maharashtra,Pune,"Katraj Dairy, Pune - MPCB",21-08-2026 10:00:00,18.45445,73.854155,OZONE,10,10,10
India,Maharashtra,Pune,"Hadapsar, Pune - IITM",21-08-2026 10:00:00,18.501793,73.927532,NO2,4,14,9
India,Maharashtra,Nashik,"Gangapur Road, Nashik - MPCB",21-08-2026 10:00:00,20.0073285,73.7762427,CO,26,27,26
India,Maharashtra,Nashik,"Pandav Nagari, Nashik - MPCB",21-08-2026 10:00:00,19.9591346,73.7788008,NH3,1,3,2
India,Maharashtra,Nashik,"MIDC Ambad, Nashik - MPCB",21-08-2026 10:00:00,19.95022,73.73148,SO2,1,3,2
India,Maharashtra,Nashik,"MIDC Ambad, Nashik - MPCB",21-08-2026 10:00:00,19.95022,73.73148,CO,20,27,22
India,Maharashtra,Navi Mumbai,"Kopripada-Vashi, Navi Mumbai - MPCB",21-08-2026 10:00:00,19.090337,73.014232,NH3,4,7,6
India,Maharashtra,Navi Mumbai,"Kopripada-Vashi, Navi Mumbai - MPCB",21-08-2026 10:00:00,19.090337,73.014232,SO2,0,1,1
India,Maharashtra,Navi Mumbai,"Tondare-Taloja, Navi Mumbai - MPCB",21-08-2026 10:00:00,19.063,73.1209,PM2.5,35,35,35
India,Maharashtra,Navi Mumbai,"Tondare-Taloja, Navi Mumbai - MPCB",21-08-2026 10:00:00,19.063,73.1209,PM10,23,114,64
India,Maharashtra,Navi Mumbai,"Tondare-Taloja, Navi Mumbai - MPCB",21-08-2026 10:00:00,19.063,73.1209,NH3,3,8,6
India,Maharashtra,Navi Mumbai,"Sector-2E Kalamboli, Navi Mumbai - MPCB",21-08-2026 10:00:00,19.02579,73.10297,NO2,1,13,9
India,Maharashtra,Navi Mumbai,"Sector-2E Kalamboli, Navi Mumbai - MPCB",21-08-2026 10:00:00,19.02579,73.10297,CO,12,18,14
India,Maharashtra,Navi Mumbai,"Mahape, Navi Mumbai - MPCB",21-08-2026 10:00:00,19.1135051,73.008978,NH3,1,1,1
India,Maharashtra,Navi Mumbai,"Mahape, Navi Mumbai - MPCB",21-08-2026 10:00:00,19.1135051,73.008978,OZONE,7,10,8
India,Maharashtra,Navi Mumbai,"Nerul, Navi Mumbai - MPCB",21-08-2026 10:00:00,19.008751,73.01662,PM2.5,17,31,24
India,Maharashtra,Belapur,"CBD Belapur, Belapur - MPCB",21-08-2026 10:00:00,19.0243902,73.0406721,PM2.5,NA,NA,NA
India,Maharashtra,Bhiwandi,"Gokul Nagar, Bhiwandi - MPCB",21-08-2026 10:00:00,19.309073,73.057223,PM10,27,43,35
India,Maharashtra,Bhiwandi,"Gokul Nagar, Bhiwandi - MPCB",21-08-2026 10:00:00,19.309073,73.057223,NH3,3,15,8
India,Maharashtra,Boisar,"Khaira, Boisar - MPCB",21-08-2026 10:00:00,19.786089,72.757971,SO2,6,7,6
India,Maharashtra,Boisar,"Khaira, Boisar - MPCB",21-08-2026 10:00:00,19.786089,72.757971,CO,17,56,31
India,Maharashtra,Chandrapur,"MIDC Khutala, Chandrapur - MPCB",21-08-2026 10:00:00,19.9775302,79.2337086,NO2,NA,NA,NA
India,Maharashtra,Chandrapur,"MIDC Khutala, Chandrapur - MPCB",21-08-2026 10:00:00,19.9775302,79.2337086,NH3,NA,NA,NA
India,Maharashtra,Chandrapur,"Chauhan Colony, Chandrapur - MPCB",21-08-2026 10:00:00,19.9629,79.298714,CO,24,26,25
India,Maharashtra,Jalgaon,"Prabhat Colony, Jalgaon - MPCB",21-08-2026 10:00:00,21.001264,75.565602,PM10,23,69,47
India,Maharashtra,Jalgaon,"Prabhat Colony, Jalgaon - MPCB",21-08-2026 10:00:00,21.001264,75.565602,SO2,5,6,5
India,Maharashtra,Jalna,"Old MIDC, Jalna - MPCB",21-08-2026 10:00:00,19.854616,75.905894,PM10,NA,NA,NA
India,Maharashtra,Kalyan,"Khadakpada, Kalyan - MPCB",21-08-2026 10:00:00,19.25292,73.142019,NO2,37,37,37
India,Maharashtra,Mumbai,"Borivali East, Mumbai - MPCB",21-08-2026 10:00:00,19.2243333,72.8658113,NO2,10,10,10
India,Maharashtra,Mumbai,"Borivali East, Mumbai - MPCB",21-08-2026 10:00:00,19.2243333,72.8658113,SO2,21,23,22
India,Maharashtra,Mumbai,"Siddharth Nagar-Worli, Mumbai - IITM",21-08-2026 10:00:00,19.000083,72.813993,NH3,1,1,1
India,Maharashtra,Mumbai,"Bandra Kurla Complex, Mumbai - MPCB",21-08-2026 10:00:00,19.065931,72.862131,SO2,NA,NA,NA
India,Maharashtra,Mumbai,"Bandra Kurla Complex, Mumbai - MPCB",21-08-2026 10:00:00,19.065931,72.862131,OZONE,12,15,13
India,Maharashtra,Mumbai,"Kherwadi_Bandra East, Mumbai - MPCB",21-08-2026 10:00:00,19.0632143,72.8456324,PM2.5,11,21,15
India,Maharashtra,Mumbai,"Kherwadi_Bandra East, Mumbai - MPCB",21-08-2026 10:00:00,19.0632143,72.8456324,PM10,50,63,55
India,Maharashtra,Mumbai,"Kherwadi_Bandra East, Mumbai - MPCB",21-08-2026 10:00:00,19.0632143,72.8456324,NO2,3,7,5
India,Maharashtra,Mumbai,"Kherwadi_Bandra East, Mumbai - MPCB",21-08-2026 10:00:00,19.0632143,72.8456324,NH3,5,5,5
India,Maharashtra,Mumbai,"Kherwadi_Bandra East, Mumbai - MPCB",21-08-2026 10:00:00,19.0632143,72.8456324,SO2,2,4,3
India,Maharashtra,Mumbai,"Kherwadi_Bandra East, Mumbai - MPCB",21-08-2026 10:00:00,19.0632143,72.8456324,CO,28,35,32
India,Maharashtra,Mumbai,"Byculla, Mumbai - BMC",21-08-2026 10:00:00,18.9767,72.838,PM10,21,31,25
India,Maharashtra,Mumbai,"Byculla, Mumbai - BMC",21-08-2026 10:00:00,18.9767,72.838,NO2,6,15,9
India,Maharashtra,Mumbai,"Byculla, Mumbai - BMC",21-08-2026 10:00:00,18.9767,72.838,NH3,1,2,2
India,Maharashtra,Mumbai,"Malad West, Mumbai - IITM",21-08-2026 10:00:00,19.19709,72.82204,CO,24,35,29
India,Maharashtra,Mumbai,"Malad West, Mumbai - IITM",21-08-2026 10:00:00,19.19709,72.82204,OZONE,8,13,11
India,Maharashtra,Mumbai,"Borivali East, Mumbai - IITM",21-08-2026 10:00:00,19.23241,72.86895,PM2.5,16,46,29
India,Maharashtra,Mumbai,"Borivali East, Mumbai - IITM",21-08-2026 10:00:00,19.23241,72.86895,NO2,8,23,15
India,Maharashtra,Mumbai,"Borivali East, Mumbai - IITM",21-08-2026 10:00:00,19.23241,72.86895,NH3,2,3,3
India,Maharashtra,Mumbai,"Mazgaon, Mumbai - IITM",21-08-2026 10:00:00,18.96702,72.84214,PM2.5,NA,NA,NA
India,Maharashtra,Mumbai,"Mazgaon, Mumbai - IITM",21-08-2026 10:00:00,18.96702,72.84214,PM10,38,55,46
India,Maharashtra,Mumbai,"Chakala-Andheri East, Mumbai - IITM",21-08-2026 10:00:00,19.11074,72.86084,SO2,NA,NA,NA
India,Maharashtra,Mumbai,"Kurla, Mumbai - MPCB",21-08-2026 10:00:00,19.0863,72.8888,PM2.5,29,58,42
India,Maharashtra,Mumbai,"Kurla, Mumbai - MPCB",21-08-2026 10:00:00,19.0863,72.8888,NH3,2,2,2
India,Maharashtra,Mumbai,"Kurla, Mumbai - MPCB",21-08-2026 10:00:00,19.0863,72.8888,SO2,29,29,29
India,Maharashtra,Mumbai,"Kurla, Mumbai - MPCB",21-08-2026 10:00:00,19.0863,72.8888,OZONE,28,29,28
India,Maharashtra,Mumbai,"Ghatkopar, Mumbai - BMC",21-08-2026 10:00:00,19.083694,72.920967,NH3,3,6,4
India,Maharashtra,Akola,"Ramdaspeth, Akola - MPCB",21-08-2026 10:00:00,20.719516,77.000253,OZONE,8,11,10
India,Maharashtra,Ambernath,"Chinchpada, Ambernath - MPCB",21-08-2026 10:00:00,19.215784,73.199781,NO2,7,19,13
India,Maharashtra,Amravati,"Shivneri Colony, Amravati - MPCB",21-08-2026 10:00:00,20.9402359,77.7895248,CO,5,10,7
India,Maharashtra,Aurangabad,"MIDC Chilkalthana, Aurangabad - MPCB",21-08-2026 10:00:00,19.87562,75.38731,PM10,30,40,35
India,Maharashtra,Aurangabad,"MIDC Chilkalthana, Aurangabad - MPCB",21-08-2026 10:00:00,19.87562,75.38731,NH3,1,2,1
India,Maharashtra,Aurangabad,"Rachnakar Colony, Aurangabad - MPCB",21-08-2026 10:00:00,19.863756,75.321188,SO2,4,5,5
India,Maharashtra,Badlapur,"Katrap, Badlapur - MPCB",21-08-2026 10:00:00,19.16485,73.23409,PM2.5,13,14,13
India,Maharashtra,Mumbai,"Mindspace-Malad West, Mumbai - MPCB",21-08-2026 10:00:00,19.1878657,72.8304069,OZONE,18,18,18
India,Maharashtra,Mumbai,"Worli, Mumbai - MPCB",21-08-2026 10:00:00,18.9936162,72.8128113,NO2,2,11,7
India,Maharashtra,Mumbai,"Worli, Mumbai - MPCB",21-08-2026 10:00:00,18.9936162,72.8128113,SO2,5,10,8
India,Maharashtra,Mumbai,"Worli, Mumbai - MPCB",21-08-2026 10:00:00,18.9936162,72.8128113,OZONE,6,9,7
India,Maharashtra,Mumbai,"Mulund West, Mumbai - MPCB",21-08-2026 10:00:00,19.175,72.9419,SO2,NA,NA,NA
India,Maharashtra,Mumbai,"Chembur, Mumbai - MPCB",21-08-2026 10:00:00,19.0364585,72.8954371,PM2.5,9,22,15
India,Maharashtra,Mumbai,"Khindipada-Bhandup West, Mumbai - IITM",21-08-2026 10:00:00,19.1653323,72.922099,PM2.5,3,32,13
India,Maharashtra,Mumbai,"Ghatkopar, Mumbai - BMC",21-08-2026 10:00:00,19.083694,72.920967,CO,18,20,18
India,Maharashtra,Mumbai,"Deonar, Mumbai - IITM",21-08-2026 10:00:00,19.04946,72.923,PM2.5,8,47,19
India,Maharashtra,Mumbai,"Chhatrapati Shivaji Intl. Airport (T2), Mumbai - MPCB",21-08-2026 10:00:00,19.10078,72.87462,PM10,29,42,36
India,Maharashtra,Nagpur,"Ram Nagar, Nagpur - MPCB",21-08-2026 10:00:00,21.143383,79.048912,PM2.5,41,67,53
India,Maharashtra,Nagpur,"Ram Nagar, Nagpur - MPCB",21-08-2026 10:00:00,21.143383,79.048912,PM10,53,69,58
India,Maharashtra,Nanded,"Sneh Nagar, Nanded - MPCB",21-08-2026 10:00:00,19.173852,77.296291,PM2.5,34,44,39
India,Odisha,Bhubaneswar,"Lingraj Mandir, Bhubaneswar - OSPCB",21-08-2026 10:00:00,20.24079,85.836784,PM10,10,125,60
India,Odisha,Bhubaneswar,"Lingraj Mandir, Bhubaneswar - OSPCB",21-08-2026 10:00:00,20.24079,85.836784,NO2,8,27,16
India,Odisha,Bhubaneswar,"Lingraj Mandir, Bhubaneswar - OSPCB",21-08-2026 10:00:00,20.24079,85.836784,NH3,3,20,5
India,Odisha,Bileipada,"Tata Township, Bileipada - OSPCB",21-08-2026 10:00:00,22.06156703,85.47409613,PM2.5,18,53,33
India,Odisha,Bileipada,"Tata Township, Bileipada - OSPCB",21-08-2026 10:00:00,22.06156703,85.47409613,PM10,48,124,77
India,Odisha,Bileipada,"Tata Township, Bileipada - OSPCB",21-08-2026 10:00:00,22.06156703,85.47409613,SO2,8,8,8
India,Odisha,Brajrajnagar,"GM Office, Brajrajnagar - OSPCB",21-08-2026 10:00:00,21.8004996,83.8396977,NO2,23,35,28
India,Odisha,Byasanagar,"Ferro Chrome Colony, Byasanagar - OSPCB",21-08-2026 10:00:00,20.94185,86.1151,PM2.5,30,113,62
India,Odisha,Cuttack,"CDA Area, Cuttack - OSPCB",21-08-2026 10:00:00,20.48891,85.84768,NO2,7,48,14
India,Odisha,Keonjhar,"Jagamohanpur, Keonjhar - OSPCB",21-08-2026 10:00:00,21.6439,85.599355,PM10,NA,NA,NA
India,Odisha,Keonjhar,"Jagamohanpur, Keonjhar - OSPCB",21-08-2026 10:00:00,21.6439,85.599355,OZONE,7,15,12
India,Odisha,Rourkela,"Sector-2, Rourkela - OSPCB",21-08-2026 10:00:00,22.245,84.88111111,PM2.5,11,11,11
India,Odisha,Rourkela,"Sector-2, Rourkela - OSPCB",21-08-2026 10:00:00,22.245,84.88111111,NH3,NA,NA,NA
India,Odisha,Rourkela,"Sector-2, Rourkela - OSPCB",21-08-2026 10:00:00,22.245,84.88111111,OZONE,NA,NA,NA
India,Odisha,Rourkela,"Raghunathpali, Rourkela - OSPCB",21-08-2026 10:00:00,22.220833,84.809444,PM10,27,71,47
India,Odisha,Rourkela,"Raghunathpali, Rourkela - OSPCB",21-08-2026 10:00:00,22.220833,84.809444,NH3,1,1,1
India,Odisha,Rourkela,"Raghunathpali, Rourkela - OSPCB",21-08-2026 10:00:00,22.220833,84.809444,SO2,1,5,4
India,Odisha,Rourkela,"Fertilizer Township, Rourkela - OSPCB",21-08-2026 10:00:00,22.18972222,84.86277778,PM10,34,37,35
India,Odisha,Rourkela,"Fertilizer Township, Rourkela - OSPCB",21-08-2026 10:00:00,22.18972222,84.86277778,NO2,11,11,11
India,Odisha,Rourkela,"Fertilizer Township, Rourkela - OSPCB",21-08-2026 10:00:00,22.18972222,84.86277778,OZONE,NA,NA,NA
India,Odisha,Talcher,"Talcher Coalfields,Talcher - OSPCB",21-08-2026 10:00:00,20.9360711,85.1707021,PM2.5,5,242,59
India,Maharashtra,Thane,"Kasarvadavali, Thane - MPCB",21-08-2026 10:00:00,19.26777,72.97182,PM10,43,62,53
India,Maharashtra,Thane,"Kasarvadavali, Thane - MPCB",21-08-2026 10:00:00,19.26777,72.97182,NO2,10,20,14
India,Maharashtra,Thane,"Kasarvadavali, Thane - MPCB",21-08-2026 10:00:00,19.26777,72.97182,CO,24,38,29
India,Maharashtra,Ulhasnagar,"Sidhi Vinayak Nagar, Ulhasnagar - MPCB",21-08-2026 10:00:00,19.235581,73.159121,SO2,1,7,4
India,Maharashtra,Virar,"Bolinj, Virar - MPCB",21-08-2026 10:00:00,19.445821,72.7988231,PM2.5,10,31,19
India,Maharashtra,Virar,"Bolinj, Virar - MPCB",21-08-2026 10:00:00,19.445821,72.7988231,SO2,3,4,4
India,Maharashtra,Virar,"Bolinj, Virar - MPCB",21-08-2026 10:00:00,19.445821,72.7988231,OZONE,2,8,5
India,Meghalaya,Shillong,"JN Stadium, Shillong - Meghalaya PCB",21-08-2026 10:00:00,25.5803419,91.8942571,PM10,NA,NA,NA
India,Meghalaya,Shillong,"JN Stadium, Shillong - Meghalaya PCB",21-08-2026 10:00:00,25.5803419,91.8942571,NO2,2,9,4
India,Meghalaya,Shillong,"JN Stadium, Shillong - Meghalaya PCB",21-08-2026 10:00:00,25.5803419,91.8942571,NH3,NA,NA,NA
India,Meghalaya,Shillong,"JN Stadium, Shillong - Meghalaya PCB",21-08-2026 10:00:00,25.5803419,91.8942571,CO,14,25,18
India,Meghalaya,Shillong,"Lumpyngngad, Shillong - Meghalaya PCB",21-08-2026 10:00:00,25.5586,91.8985,PM2.5,NA,NA,NA
India,Meghalaya,Shillong,"Lumpyngngad, Shillong - Meghalaya PCB",21-08-2026 10:00:00,25.5586,91.8985,CO,8,33,14
India,Nagaland,Kohima,"PWD Junction, Kohima - NPCB",21-08-2026 10:00:00,25.6635413,94.0989878,SO2,53,66,60
India,Odisha,Angul,"Hakimapada, Angul - OSPCB",21-08-2026 10:00:00,20.832874,85.104082,PM10,43,109,70
India,Odisha,Angul,"Hakimapada, Angul - OSPCB",21-08-2026 10:00:00,20.832874,85.104082,NH3,7,10,8
India,Odisha,Balasore,"Kalidaspur, Balasore - OSPCB",21-08-2026 10:00:00,21.51161,86.89088,NO2,1,10,4
India,Odisha,Balasore,"Kalidaspur, Balasore - OSPCB",21-08-2026 10:00:00,21.51161,86.89088,CO,39,46,42
India,Odisha,Balasore,"Kalidaspur, Balasore - OSPCB",21-08-2026 10:00:00,21.51161,86.89088,OZONE,23,49,30
India,Odisha,Barbil,"Forest Office, Barbil - OSPCB",21-08-2026 10:00:00,22.1166054,85.3945546,NO2,1,15,6
India,Rajasthan,Barmer,"Railway Colony, Barmer - RSPCB",21-08-2026 10:00:00,25.747299,71.393989,NH3,NA,NA,NA
India,Rajasthan,Bhilwara,"Pratap Nagar, Bhilwara - RSPCB",21-08-2026 10:00:00,25.339605,74.618883,NH3,4,9,7
India,Rajasthan,Bhiwadi,"RIICO Ind. Area III, Bhiwadi - RSPCB",21-08-2026 10:00:00,28.194909,76.862296,PM2.5,68,105,85
India,Rajasthan,Bhiwadi,"RIICO Ind. Area III, Bhiwadi - RSPCB",21-08-2026 10:00:00,28.194909,76.862296,PM10,NA,NA,NA
India,Rajasthan,Bikaner,"MM Ground, Bikaner - RSPCB",21-08-2026 10:00:00,28.018792,73.292658,NO2,3,30,11
India,Rajasthan,Bikaner,"MM Ground, Bikaner - RSPCB",21-08-2026 10:00:00,28.018792,73.292658,CO,1,10,6
India,Rajasthan,Bundi,"New Colony, Bundi - RSPCB",21-08-2026 10:00:00,25.435774,75.644272,CO,10,14,11
India,Rajasthan,Chittorgarh,"Shastri Nagar, Chittorgarh - RSPCB",21-08-2026 10:00:00,24.892047,74.623527,PM10,67,112,94
India,Rajasthan,Churu,"Subash Chowk, Churu - RSPCB",21-08-2026 10:00:00,28.296139,74.961696,PM10,69,137,98
India,Rajasthan,Churu,"Subash Chowk, Churu - RSPCB",21-08-2026 10:00:00,28.296139,74.961696,SO2,2,5,3
India,Rajasthan,Dausa,"Khatikan Mohalla, Dausa - RSPCB",21-08-2026 10:00:00,26.895552,76.334753,PM10,50,156,80
India,Rajasthan,Dausa,"Khatikan Mohalla, Dausa - RSPCB",21-08-2026 10:00:00,26.895552,76.334753,NH3,NA,NA,NA
India,Rajasthan,Dausa,"Khatikan Mohalla, Dausa - RSPCB",21-08-2026 10:00:00,26.895552,76.334753,SO2,0,2,1
India,Maharashtra,Pune,"Revenue Colony-Shivajinagar, Pune - IITM",21-08-2026 10:00:00,18.530085,73.849598,PM10,NA,NA,NA
India,Maharashtra,Pune,"Mhada Colony, Pune - IITM",21-08-2026 10:00:00,18.57304,73.927715,NH3,NA,NA,NA
India,Maharashtra,Pune,"Mhada Colony, Pune - IITM",21-08-2026 10:00:00,18.57304,73.927715,SO2,NA,NA,NA
India,Maharashtra,Pune,"Mhada Colony, Pune - IITM",21-08-2026 10:00:00,18.57304,73.927715,OZONE,8,10,8
India,Maharashtra,Pune,"Dhankawadi, Pune - IITM",21-08-2026 10:00:00,18.459883,73.852193,PM2.5,18,41,27
India,Maharashtra,Pune,"Savitribai Phule Pune University, Pune - MPCB",21-08-2026 10:00:00,18.547056,73.826908,PM2.5,15,28,21
India,Maharashtra,Pune,"Savitribai Phule Pune University, Pune - MPCB",21-08-2026 10:00:00,18.547056,73.826908,NH3,1,3,2
India,Maharashtra,Satara,"Koyana Nagar, Satara - MPCB",21-08-2026 10:00:00,17.696651,74.003387,PM2.5,6,125,41
India,Maharashtra,Satara,"Koyana Nagar, Satara - MPCB",21-08-2026 10:00:00,17.696651,74.003387,NO2,1,12,5
India,Maharashtra,Satara,"Koyana Nagar, Satara - MPCB",21-08-2026 10:00:00,17.696651,74.003387,OZONE,12,21,16
India,Maharashtra,Solapur,"Dnyaneshwar Nagar, Solapur - MPCB",21-08-2026 10:00:00,17.6336264,75.9132495,NO2,4,18,9
India,Maharashtra,Solapur,"Ratandeep Housing Society, Solapur - MPCB",21-08-2026 10:00:00,17.65439,75.90649,CO,8,25,16
India,Maharashtra,Thane,"Upvan Fort, Thane - MPCB",21-08-2026 10:00:00,19.222279,72.957979,NO2,5,27,15
India,Rajasthan,Jaisalmer,"Sadar Bazar, Jaisalmer - RSPCB",21-08-2026 10:00:00,26.912329,70.909168,PM10,50,119,81
India,Rajasthan,Jaisalmer,"Sadar Bazar, Jaisalmer - RSPCB",21-08-2026 10:00:00,26.912329,70.909168,NO2,4,20,12
India,Rajasthan,Jaisalmer,"Sadar Bazar, Jaisalmer - RSPCB",21-08-2026 10:00:00,26.912329,70.909168,CO,22,26,24
India,Rajasthan,Jaisalmer,"Sadar Bazar, Jaisalmer - RSPCB",21-08-2026 10:00:00,26.912329,70.909168,OZONE,18,20,19
India,Rajasthan,Jalore,"Mudtra Sili, Jalore - RSPCB",21-08-2026 10:00:00,25.344694,72.626208,NO2,4,10,6
India,Rajasthan,Jhalawar,"Rajlaxmi Nagar, Jhalawar - RSPCB",21-08-2026 10:00:00,24.588397,76.172782,PM10,35,84,55
India,Rajasthan,Jhalawar,"Rajlaxmi Nagar, Jhalawar - RSPCB",21-08-2026 10:00:00,24.588397,76.172782,SO2,6,10,8
India,Rajasthan,Jhunjhunu,"Indra Nagar, Jhunjhunu - RSPCB",21-08-2026 10:00:00,28.108988,75.386577,PM10,63,131,91
India,Rajasthan,Jodhpur,"Digari Kalan, Jodhpur - RSPCB",21-08-2026 10:00:00,26.29581,73.082283,SO2,3,5,4
India,Rajasthan,Jodhpur,"Jhalamand, Jodhpur - RSPCB",21-08-2026 10:00:00,26.215415,73.070156,PM2.5,17,48,24
India,Rajasthan,Jodhpur,"Jhalamand, Jodhpur - RSPCB",21-08-2026 10:00:00,26.215415,73.070156,PM10,58,142,107
India,Rajasthan,Jodhpur,"Jhalamand, Jodhpur - RSPCB",21-08-2026 10:00:00,26.215415,73.070156,OZONE,28,33,30
India,Rajasthan,Jodhpur,"Mandor, Jodhpur - RSPCB",21-08-2026 10:00:00,26.358805,73.047444,PM2.5,15,35,24
India,Rajasthan,Dholpur,"Raja Ganj, Dholpur - RSPCB",21-08-2026 10:00:00,26.699557,77.898881,NO2,7,20,11
India,Rajasthan,Dholpur,"Raja Ganj, Dholpur - RSPCB",21-08-2026 10:00:00,26.699557,77.898881,CO,21,36,25
India,Rajasthan,Hanumangarh,"Housing Board, Hanumangarh - RSPCB",21-08-2026 10:00:00,29.61075,74.283608,SO2,2,6,3
India,Rajasthan,Jaipur,"Mansarovar Sector-12, Jaipur - RSPCB",21-08-2026 10:00:00,26.843698,75.766894,NO2,2,27,15
India,Rajasthan,Jaipur,"Mansarovar Sector-12, Jaipur - RSPCB",21-08-2026 10:00:00,26.843698,75.766894,NH3,1,4,2
India,Rajasthan,Jaipur,"Police Commissionerate, Jaipur - RSPCB",21-08-2026 10:00:00,26.9164092,75.7994901,PM10,71,123,96
India,Rajasthan,Jaipur,"RIICO Sitapura, Jaipur - RSPCB",21-08-2026 10:00:00,26.786682,75.827928,PM2.5,63,120,83
India,Rajasthan,Jaipur,"RIICO Sitapura, Jaipur - RSPCB",21-08-2026 10:00:00,26.786682,75.827928,NO2,11,53,31
India,Rajasthan,Jaipur,"RIICO Sitapura, Jaipur - RSPCB",21-08-2026 10:00:00,26.786682,75.827928,CO,13,35,20
India,Rajasthan,Jaipur,"Shastri Nagar, Jaipur - RSPCB",21-08-2026 10:00:00,26.9502929,75.730943,SO2,17,50,23
India,Rajasthan,Jaipur,"Adarsh Nagar, Jaipur - RSPCB",21-08-2026 10:00:00,26.902909,75.836858,PM10,66,105,88
India,Punjab,Jalandhar,"Civil Line, Jalandhar - PPCB",21-08-2026 10:00:00,31.321907,75.578914,PM10,62,102,74
India,Punjab,Jalandhar,"Civil Line, Jalandhar - PPCB",21-08-2026 10:00:00,31.321907,75.578914,SO2,10,13,11
India,Punjab,Ludhiana,"Punjab Agricultural University, Ludhiana - PPCB",21-08-2026 10:00:00,30.9028,75.8086,PM10,50,119,76
India,Punjab,Mandi Gobindgarh,"RIMT University, Mandi Gobindgarh - PPCB",21-08-2026 10:00:00,30.649961,76.331442,PM10,101,178,141
India,Punjab,Rupnagar,"Ratanpura, Rupnagar - Ambuja Cements",21-08-2026 10:00:00,31.0325454,76.5623046,OZONE,NA,NA,NA
India,Rajasthan,Ajmer,"Civil Lines,  Ajmer - RSPCB",21-08-2026 10:00:00,26.470859,74.646594,PM2.5,39,104,63
India,Rajasthan,Ajmer,"Civil Lines,  Ajmer - RSPCB",21-08-2026 10:00:00,26.470859,74.646594,PM10,69,104,90
India,Rajasthan,Ajmer,"Civil Lines,  Ajmer - RSPCB",21-08-2026 10:00:00,26.470859,74.646594,SO2,4,20,11
India,Rajasthan,Ajmer,"Civil Lines,  Ajmer - RSPCB",21-08-2026 10:00:00,26.470859,74.646594,OZONE,14,18,15
India,Rajasthan,Alwar,"Vigyan Nagar, Alwar - RSPCB",21-08-2026 10:00:00,27.598796,76.63861,SO2,6,7,7
India,Odisha,Tensa,"Barsua Iron Ore Mines, Tensa - OSPCB",21-08-2026 10:00:00,21.869985,85.167016,NO2,NA,NA,NA
India,Odisha,Tensa,"Barsua Iron Ore Mines, Tensa - OSPCB",21-08-2026 10:00:00,21.869985,85.167016,SO2,27,38,29
India,Odisha,Tensa,"Barsua Iron Ore Mines, Tensa - OSPCB",21-08-2026 10:00:00,21.869985,85.167016,CO,27,28,28
India,Punjab,Amritsar,"Golden Temple, Amritsar - PPCB",21-08-2026 10:00:00,31.62,74.876512,OZONE,9,11,10
India,Punjab,Bathinda,"Hardev Nagar, Bathinda - PPCB",21-08-2026 10:00:00,30.233011,74.907758,PM2.5,NA,NA,NA
India,Punjab,Bathinda,"Hardev Nagar, Bathinda - PPCB",21-08-2026 10:00:00,30.233011,74.907758,SO2,NA,NA,NA
India,Punjab,Bathinda,"Hardev Nagar, Bathinda - PPCB",21-08-2026 10:00:00,30.233011,74.907758,CO,14,27,18
India,Punjab,Bathinda,"Hardev Nagar, Bathinda - PPCB",21-08-2026 10:00:00,30.233011,74.907758,OZONE,NA,NA,NA
India,Rajasthan,Banswara,"Rati Talai, Banswara - RSPCB",21-08-2026 10:00:00,23.55519,74.44001,SO2,8,27,9
India,Uttar Pradesh,Bulandshahr,"Yamunapuram, Bulandshahr - UPPCB",21-08-2026 10:00:00,28.406963,77.849831,CO,40,55,45
India,Uttar Pradesh,Firozabad,"Nagla Bhau, Firozabad - UPPCB",21-08-2026 10:00:00,27.168897,78.37696,NO2,12,17,17
India,Uttar Pradesh,Firozabad,"Nagla Bhau, Firozabad - UPPCB",21-08-2026 10:00:00,27.168897,78.37696,SO2,1,88,28
India,Uttar Pradesh,Firozabad,"Vibhab Nagar, Firozabad - UPPCB",21-08-2026 10:00:00,27.1594,78.3953,NH3,7,7,7
India,Uttar Pradesh,Firozabad,"Vibhab Nagar, Firozabad - UPPCB",21-08-2026 10:00:00,27.1594,78.3953,CO,35,36,35
India,Uttar Pradesh,Firozabad,"Vibhab Nagar, Firozabad - UPPCB",21-08-2026 10:00:00,27.1594,78.3953,OZONE,1,1,1
India,Uttar Pradesh,Gajraula,"Rajanpur, Gajraula - UPPCB",21-08-2026 10:00:00,28.829109,78.248796,PM2.5,44,188,91
India,Uttar Pradesh,Gajraula,"Rajanpur, Gajraula - UPPCB",21-08-2026 10:00:00,28.829109,78.248796,PM10,59,113,84
India,Uttar Pradesh,Gajraula,"Rajanpur, Gajraula - UPPCB",21-08-2026 10:00:00,28.829109,78.248796,NO2,4,30,12
India,Uttar Pradesh,Gajraula,"Rajanpur, Gajraula - UPPCB",21-08-2026 10:00:00,28.829109,78.248796,CO,40,53,45
India,Uttar Pradesh,Gajraula,"Rajanpur, Gajraula - UPPCB",21-08-2026 10:00:00,28.829109,78.248796,OZONE,2,9,5
India,Uttar Pradesh,Ghaziabad,"Ved Vihar-Loni, Ghaziabad - UPPCB",21-08-2026 10:00:00,28.739153,77.273668,PM10,57,135,102
India,Uttar Pradesh,Ghaziabad,"Sanjay Nagar, Ghaziabad - UPPCB",21-08-2026 10:00:00,28.685382,77.453839,NH3,8,17,10
India,Uttar Pradesh,Ghaziabad,"Indirapuram, Ghaziabad - UPPCB",21-08-2026 10:00:00,28.646233,77.358075,CO,12,17,14
India,Uttar Pradesh,Ghaziabad,"Vasundhara, Ghaziabad - UPPCB",21-08-2026 10:00:00,28.6603346,77.3572563,PM2.5,30,218,81
India,Uttar Pradesh,Ghaziabad,"Vasundhara, Ghaziabad - UPPCB",21-08-2026 10:00:00,28.6603346,77.3572563,SO2,8,17,12
India,Uttar Pradesh,Ghaziabad,"Vasundhara, Ghaziabad - UPPCB",21-08-2026 10:00:00,28.6603346,77.3572563,OZONE,33,48,39
India,Uttar Pradesh,Ghaziabad,"Wave City, Ghaziabad - UPPCB",21-08-2026 10:00:00,28.646675,77.489049,CO,45,57,51
India,Uttar Pradesh,Ghaziabad,"Loni, Ghaziabad - UPPCB",21-08-2026 10:00:00,28.757294,77.278792,NO2,12,88,41
India,Uttar Pradesh,Ghaziabad,"Govindpuram, Ghaziabad - UPPCB",21-08-2026 10:00:00,28.694528,77.494705,CO,31,51,39
India,Uttar Pradesh,Gorakhpur,"Madan Mohan Malaviya University of Technology, Gorakhpur - UPPCB",21-08-2026 10:00:00,26.730136,83.433859,PM2.5,9,358,95
India,Rajasthan,Jodhpur,"Samrat Ashok Udhyan, Jodhpur - RSPCB",21-08-2026 10:00:00,26.253384,72.976571,PM2.5,18,35,25
India,Rajasthan,Jodhpur,"Samrat Ashok Udhyan, Jodhpur - RSPCB",21-08-2026 10:00:00,26.253384,72.976571,OZONE,8,15,12
India,Rajasthan,Karauli,"Satyawati Vihar, Karauli - RSPCB",21-08-2026 10:00:00,26.506177,77.025989,PM2.5,25,45,33
India,Rajasthan,Karauli,"Satyawati Vihar, Karauli - RSPCB",21-08-2026 10:00:00,26.506177,77.025989,NH3,7,15,10
India,Rajasthan,Karauli,"Satyawati Vihar, Karauli - RSPCB",21-08-2026 10:00:00,26.506177,77.025989,OZONE,9,11,10
India,Rajasthan,Khairthal,"New Anaj Mandi, Khairthal - RSPCB",21-08-2026 10:00:00,27.8015617,76.6365217,PM10,106,134,120
India,Rajasthan,Khairthal,"New Anaj Mandi, Khairthal - RSPCB",21-08-2026 10:00:00,27.8015617,76.6365217,NH3,1,7,3
India,Rajasthan,Kota,"Nayapura, Kota - RSPCB",21-08-2026 10:00:00,25.196024,75.855668,NH3,6,10,7
India,Rajasthan,Kota,"Dhanmandi, Kota - RSPCB",21-08-2026 10:00:00,25.16409,75.858137,NO2,10,32,18
India,Rajasthan,Kota,"Dhanmandi, Kota - RSPCB",21-08-2026 10:00:00,25.16409,75.858137,SO2,1,17,6
India,Rajasthan,Kota,"Shrinath Puram, Kota - RSPCB",21-08-2026 10:00:00,25.14389,75.821256,PM10,20,83,50
India,Rajasthan,Kota,"Shrinath Puram, Kota - RSPCB",21-08-2026 10:00:00,25.14389,75.821256,NH3,NA,NA,NA
India,Rajasthan,Nagaur,"Karni Colony, Nagaur - RSPCB",21-08-2026 10:00:00,27.213494,73.734444,NH3,NA,NA,NA
India,Rajasthan,Nagaur,"Karni Colony, Nagaur - RSPCB",21-08-2026 10:00:00,27.213494,73.734444,SO2,2,5,3
India,Rajasthan,Pali,"Indira Colony Vistar, Pali - RSPCB",21-08-2026 10:00:00,25.771061,73.340227,SO2,6,12,9
India,Rajasthan,Rajsamand,"Dhoinda, Rajsamand - RSPCB",21-08-2026 10:00:00,25.03636,73.883502,PM10,62,96,77
India,Rajasthan,Rajsamand,"Dhoinda, Rajsamand - RSPCB",21-08-2026 10:00:00,25.03636,73.883502,CO,9,14,11
India,Telangana,Hyderabad,"IITH Kandi, Hyderabad - TSPCB",21-08-2026 10:00:00,17.585705,78.126199,OZONE,14,15,14
India,Telangana,Hyderabad,"Nacharam_TSIIC IALA, Hyderabad - TSPCB",21-08-2026 10:00:00,17.429398,78.569354,PM2.5,42,63,49
India,Telangana,Hyderabad,"Nacharam_TSIIC IALA, Hyderabad - TSPCB",21-08-2026 10:00:00,17.429398,78.569354,PM10,68,89,76
India,Telangana,Hyderabad,"Nacharam_TSIIC IALA, Hyderabad - TSPCB",21-08-2026 10:00:00,17.429398,78.569354,SO2,10,17,12
India,Telangana,Hyderabad,"Nacharam_TSIIC IALA, Hyderabad - TSPCB",21-08-2026 10:00:00,17.429398,78.569354,OZONE,20,21,20
India,Telangana,Hyderabad,"New Malakpet, Hyderabad - TSPCB",21-08-2026 10:00:00,17.37206,78.50864,PM10,51,60,54
India,Telangana,Hyderabad,"New Malakpet, Hyderabad - TSPCB",21-08-2026 10:00:00,17.37206,78.50864,CO,19,21,20
India,Telangana,Hyderabad,"New Malakpet, Hyderabad - TSPCB",21-08-2026 10:00:00,17.37206,78.50864,OZONE,13,14,13
India,Telangana,Hyderabad,"Kokapet, Hyderabad - TSPCB",21-08-2026 10:00:00,17.393559,78.339194,PM10,40,60,48
India,Telangana,Hyderabad,"Kokapet, Hyderabad - TSPCB",21-08-2026 10:00:00,17.393559,78.339194,NH3,2,3,3
India,Telangana,Hyderabad,"ECIL Kapra, Hyderabad - TSPCB",21-08-2026 10:00:00,17.470431,78.566959,PM2.5,33,50,39
India,Telangana,Hyderabad,"ECIL Kapra, Hyderabad - TSPCB",21-08-2026 10:00:00,17.470431,78.566959,CO,19,27,22
India,Telangana,Hyderabad,"ECIL Kapra, Hyderabad - TSPCB",21-08-2026 10:00:00,17.470431,78.566959,OZONE,15,16,15
India,Telangana,Hyderabad,"Ramachandrapuram, Hyderabad - TSPCB",21-08-2026 10:00:00,17.528544,78.286195,PM2.5,45,53,48
India,Telangana,Hyderabad,"Ramachandrapuram, Hyderabad - TSPCB",21-08-2026 10:00:00,17.528544,78.286195,SO2,11,19,14
India,Telangana,Hyderabad,"Ramachandrapuram, Hyderabad - TSPCB",21-08-2026 10:00:00,17.528544,78.286195,CO,8,15,12
India,Telangana,Hyderabad,"Ramachandrapuram, Hyderabad - TSPCB",21-08-2026 10:00:00,17.528544,78.286195,OZONE,20,23,20
India,Telangana,Hyderabad,"Somajiguda, Hyderabad - TSPCB",21-08-2026 10:00:00,17.417094,78.457437,CO,10,12,10
India,Uttar Pradesh,Gorakhpur,"Madan Mohan Malaviya University of Technology, Gorakhpur - UPPCB",21-08-2026 10:00:00,26.730136,83.433859,CO,5,5,5
India,Uttar Pradesh,Greater Noida,"Knowledge Park - III, Greater Noida - UPPCB",21-08-2026 10:00:00,28.47272,77.482,PM2.5,25,96,64
India,Uttar Pradesh,Hapur,"Anand Vihar, Hapur - UPPCB",21-08-2026 10:00:00,28.725645,77.749675,SO2,3,23,14
India,Uttar Pradesh,Kanpur,"FTI Kidwai Nagar, Kanpur - UPPCB",21-08-2026 10:00:00,26.428282,80.327067,CO,33,35,34
India,Uttar Pradesh,Kanpur,"NSI Kalyanpur, Kanpur - UPPCB",21-08-2026 10:00:00,26.509954,80.249612,PM2.5,2,88,49
India,Uttar Pradesh,Kanpur,"NSI Kalyanpur, Kanpur - UPPCB",21-08-2026 10:00:00,26.509954,80.249612,NH3,2,2,2
India,Uttar Pradesh,Kanpur,"NSI Kalyanpur, Kanpur - UPPCB",21-08-2026 10:00:00,26.509954,80.249612,CO,18,23,19
India,Uttar Pradesh,Khora,"Prashant Garden, Khora - UPPCB",21-08-2026 10:00:00,28.61119,77.34206,SO2,3,5,4
India,Uttar Pradesh,Lucknow,"Talkatora District Industries Center, Lucknow - CPCB",21-08-2026 10:00:00,26.83399722,80.8917361,NO2,14,21,16
India,Uttar Pradesh,Lucknow,"Talkatora District Industries Center, Lucknow - CPCB",21-08-2026 10:00:00,26.83399722,80.8917361,OZONE,9,48,17
India,Uttar Pradesh,Lucknow,"Kendriya Vidyalaya, Lucknow - CPCB",21-08-2026 10:00:00,26.906111,80.948222,PM2.5,16,68,41
India,Uttar Pradesh,Lucknow,"Kendriya Vidyalaya, Lucknow - CPCB",21-08-2026 10:00:00,26.906111,80.948222,PM10,34,68,46
India,Tamil Nadu,Cuddalore,"Kudikadu, Cuddalore - TNPCB",21-08-2026 10:00:00,11.6829898,79.7532099,SO2,23,24,23
India,Tamil Nadu,Cuddalore,"Semmandalam, Cuddalore - TNPCB",21-08-2026 10:00:00,11.7637683,79.7499835,NH3,NA,NA,NA
India,Tamil Nadu,Gummidipoondi,"Anthoni Pillai Nagar, Gummidipoondi - TNPCB",21-08-2026 10:00:00,13.4127,80.1081,NH3,0,1,1
India,Tamil Nadu,Thoothukudi,"Meelavittan, Thoothukudi - TNPCB",21-08-2026 10:00:00,8.816428,78.099039,PM2.5,NA,NA,NA
India,Telangana,Hyderabad,"Bollaram Industrial Area, Hyderabad - TSPCB",21-08-2026 10:00:00,17.518,78.383,NO2,19,28,24
India,Telangana,Hyderabad,"Bollaram Industrial Area, Hyderabad - TSPCB",21-08-2026 10:00:00,17.518,78.383,SO2,11,16,13
India,Telangana,Hyderabad,"Bollaram Industrial Area, Hyderabad - TSPCB",21-08-2026 10:00:00,17.518,78.383,OZONE,25,26,25
India,Telangana,Hyderabad,"Zoo Park, Hyderabad - TSPCB",21-08-2026 10:00:00,17.349694,78.451437,PM10,21,110,47
India,Telangana,Hyderabad,"Zoo Park, Hyderabad - TSPCB",21-08-2026 10:00:00,17.349694,78.451437,SO2,1,2,2
India,Telangana,Hyderabad,"Zoo Park, Hyderabad - TSPCB",21-08-2026 10:00:00,17.349694,78.451437,OZONE,4,5,5
India,Telangana,Hyderabad,"Central University, Hyderabad - TSPCB",21-08-2026 10:00:00,17.460103,78.334361,PM2.5,16,30,21
India,Telangana,Hyderabad,"Central University, Hyderabad - TSPCB",21-08-2026 10:00:00,17.460103,78.334361,CO,10,13,12
India,Telangana,Hyderabad,"IITH Kandi, Hyderabad - TSPCB",21-08-2026 10:00:00,17.585705,78.126199,PM10,41,66,50
India,Telangana,Hyderabad,"Somajiguda, Hyderabad - TSPCB",21-08-2026 10:00:00,17.417094,78.457437,OZONE,17,20,18
India,Telangana,Hyderabad,"IDA Pashamylaram, Hyderabad - TSPCB",21-08-2026 10:00:00,17.5316895,78.218939,NH3,0,2,1
India,Telangana,Hyderabad,"IDA Pashamylaram, Hyderabad - TSPCB",21-08-2026 10:00:00,17.5316895,78.218939,OZONE,16,20,19
India,Telangana,Hyderabad,"ICRISAT Patancheru, Hyderabad - TSPCB",21-08-2026 10:00:00,17.5184,78.278777,PM2.5,12,46,25
India,Telangana,Hyderabad,"ICRISAT Patancheru, Hyderabad - TSPCB",21-08-2026 10:00:00,17.5184,78.278777,CO,12,16,14
India,Telangana,Hyderabad,"ICRISAT Patancheru, Hyderabad - TSPCB",21-08-2026 10:00:00,17.5184,78.278777,OZONE,10,11,11
India,Tripura,Agartala,"Bardowali, Agartala - Tripura SPCB",21-08-2026 10:00:00,23.8175497,91.2726974,PM2.5,33,59,46
India,Tripura,Agartala,"Bardowali, Agartala - Tripura SPCB",21-08-2026 10:00:00,23.8175497,91.2726974,PM10,63,114,82
India,Tripura,Agartala,"Bardowali, Agartala - Tripura SPCB",21-08-2026 10:00:00,23.8175497,91.2726974,NH3,NA,NA,NA
India,Tripura,Agartala,"Bardowali, Agartala - Tripura SPCB",21-08-2026 10:00:00,23.8175497,91.2726974,CO,24,27,25
India,Uttar Pradesh,Agra,"Shahjahan Garden, Agra - UPPCB",21-08-2026 10:00:00,27.169338,78.03582,PM10,34,56,42
India,Sikkim,Gangtok,"Zero Point GICI, Gangtok - SSPCB",21-08-2026 10:00:00,27.33853,88.614099,NO2,7,8,8
India,Sikkim,Gangtok,"Zero Point GICI, Gangtok - SSPCB",21-08-2026 10:00:00,27.33853,88.614099,OZONE,1,2,1
India,Tamil Nadu,Chennai,"Kodungaiyur, Chennai - TNPCB",21-08-2026 10:00:00,13.1278,80.2642,SO2,4,7,6
India,Tamil Nadu,Chennai,"Velachery Res. Area, Chennai - CPCB",21-08-2026 10:00:00,13.0052189,80.2398125,OZONE,8,11,9
India,Tamil Nadu,Chennai,"Manali Village, Chennai - TNPCB",21-08-2026 10:00:00,13.1662,80.2584,NH3,1,2,1
India,Tamil Nadu,Chennai,"Manali, Chennai - CPCB",21-08-2026 10:00:00,13.164544,80.26285,OZONE,8,9,8
India,Tamil Nadu,Coimbatore,"SIDCO Kurichi, Coimbatore - TNPCB",21-08-2026 10:00:00,10.942451,76.978996,PM2.5,NA,NA,NA
India,Uttar Pradesh,Agra,"Manoharpur, Agra - UPPCB",21-08-2026 10:00:00,27.23711,78.01936,NO2,31,36,31
India,Uttar Pradesh,Agra,"Manoharpur, Agra - UPPCB",21-08-2026 10:00:00,27.23711,78.01936,CO,20,20,20
India,Uttar Pradesh,Agra,"Shastripuram, Agra - UPPCB",21-08-2026 10:00:00,27.19862,77.92066,SO2,NA,NA,NA
India,Uttar Pradesh,Baghpat,"Sardar Patel Inter College, Baghpat - UPPCB",21-08-2026 10:00:00,28.964949,77.278761,NO2,15,64,29
India,Uttar Pradesh,Baraut,"Nagar Palika Parishad, Baraut - UPPCB",21-08-2026 10:00:00,29.09956,77.26235,PM10,86,135,111
India,Uttar Pradesh,Bulandshahr,"Yamunapuram, Bulandshahr - UPPCB",21-08-2026 10:00:00,28.406963,77.849831,PM2.5,24,77,55
India,Uttar Pradesh,Bulandshahr,"Yamunapuram, Bulandshahr - UPPCB",21-08-2026 10:00:00,28.406963,77.849831,PM10,35,182,102
India,Rajasthan,Sawai Madhopur,"Sahu Nagar, Sawai Madhopur - RSPCB",21-08-2026 10:00:00,26.031443,76.359327,CO,9,18,13
India,Rajasthan,Sri Ganganagar,"Old City, Sri Ganganagar - RSPCB",21-08-2026 10:00:00,29.931624,73.864511,NH3,6,11,7
India,Rajasthan,Sri Ganganagar,"Old City, Sri Ganganagar - RSPCB",21-08-2026 10:00:00,29.931624,73.864511,CO,20,28,24
India,Rajasthan,Tonk,"Shastri Nagar, Tonk - RSPCB",21-08-2026 10:00:00,26.159933,75.780517,NH3,0,7,4
India,Rajasthan,Tonk,"Shastri Nagar, Tonk - RSPCB",21-08-2026 10:00:00,26.159933,75.780517,CO,20,70,49
India,Rajasthan,Udaipur,"Ashok Nagar, Udaipur - RSPCB",21-08-2026 10:00:00,24.5886166,73.6321397,NH3,1,4,3
India,Uttar Pradesh,Lucknow,"Gomti Nagar, Lucknow - UPPCB",21-08-2026 10:00:00,26.86812,81.005119,PM10,22,105,52
India,Uttar Pradesh,Lucknow,"Gomti Nagar, Lucknow - UPPCB",21-08-2026 10:00:00,26.86812,81.005119,NH3,NA,NA,NA
India,Uttar Pradesh,Lucknow,"Gomti Nagar, Lucknow - UPPCB",21-08-2026 10:00:00,26.86812,81.005119,SO2,11,11,11
India,Uttar Pradesh,Lucknow,"Gomti Nagar, Lucknow - UPPCB",21-08-2026 10:00:00,26.86812,81.005119,CO,38,40,39
India,Uttar Pradesh,Lucknow,"B R Ambedkar University, Lucknow - UPPCB",21-08-2026 10:00:00,26.766433,80.927299,PM2.5,NA,NA,NA
India,Uttar Pradesh,Lucknow,"B R Ambedkar University, Lucknow - UPPCB",21-08-2026 10:00:00,26.766433,80.927299,NH3,3,4,3
India,Uttar Pradesh,Lucknow,"Lalbagh, Lucknow - CPCB",21-08-2026 10:00:00,26.8458805,80.9365541,PM2.5,17,45,33
India,Uttar Pradesh,Lucknow,"Kukrail Picnic Spot-1, Lucknow - UPPCB",21-08-2026 10:00:00,26.90723,80.98579,PM10,39,80,54
India,Uttar Pradesh,Lucknow,"Kukrail Picnic Spot-1, Lucknow - UPPCB",21-08-2026 10:00:00,26.90723,80.98579,CO,14,18,15
India,Uttar Pradesh,Mathura,"Pali Dungra, Mathura - UPPCB",21-08-2026 10:00:00,27.410954,77.550619,PM2.5,10,112,50
India,Uttar Pradesh,Mathura,"Pali Dungra, Mathura - UPPCB",21-08-2026 10:00:00,27.410954,77.550619,NO2,5,7,6
India,Uttar Pradesh,Mathura,"Pali Dungra, Mathura - UPPCB",21-08-2026 10:00:00,27.410954,77.550619,CO,14,35,25
India,Uttar Pradesh,Meerut,"MIET College, Meerut - UPPCB",21-08-2026 10:00:00,28.972677,77.641018,SO2,3,5,4
India,Uttar Pradesh,Meerut,"MIET College, Meerut - UPPCB",21-08-2026 10:00:00,28.972677,77.641018,CO,34,68,51
India,Uttar Pradesh,Meerut,"Pallavpuram Phase 2, Meerut - UPPCB",21-08-2026 10:00:00,29.06351,77.709723,PM2.5,66,198,135
India,Uttar Pradesh,Meerut,"Pallavpuram Phase 2, Meerut - UPPCB",21-08-2026 10:00:00,29.06351,77.709723,NH3,5,7,6
India,Uttar Pradesh,Meerut,"Ganga Nagar, Meerut - UPPCB",21-08-2026 10:00:00,28.999264,77.7590354,PM2.5,39,113,76
India,Uttar Pradesh,Meerut,"Ganga Nagar, Meerut - UPPCB",21-08-2026 10:00:00,28.999264,77.7590354,PM10,58,140,99
India,Uttar Pradesh,Meerut,"Ganga Nagar, Meerut - UPPCB",21-08-2026 10:00:00,28.999264,77.7590354,NH3,6,9,7
India,Uttar Pradesh,Meerut,"Ganga Nagar, Meerut - UPPCB",21-08-2026 10:00:00,28.999264,77.7590354,OZONE,7,49,24
India,Uttar Pradesh,Modinagar,"SRM University, Modinagar - UPPCB",21-08-2026 10:00:00,28.798171,77.540243,NO2,11,36,22
India,Uttar Pradesh,Modinagar,"SRM University, Modinagar - UPPCB",21-08-2026 10:00:00,28.798171,77.540243,SO2,12,13,12
India,Uttar Pradesh,Modinagar,"SRM University, Modinagar - UPPCB",21-08-2026 10:00:00,28.798171,77.540243,OZONE,4,14,7
India,Uttar Pradesh,Moradabad,"Eco Herbal Park, Moradabad - UPPCB",21-08-2026 10:00:00,28.840739,78.697531,PM2.5,20,86,47
India,Uttar Pradesh,Moradabad,"Eco Herbal Park, Moradabad - UPPCB",21-08-2026 10:00:00,28.840739,78.697531,CO,16,22,18
India,Uttar Pradesh,Moradabad,"Jigar Colony, Moradabad - UPPCB",21-08-2026 10:00:00,28.856664,78.772638,NH3,6,6,6
India,Uttar Pradesh,Moradabad,"Jigar Colony, Moradabad - UPPCB",21-08-2026 10:00:00,28.856664,78.772638,OZONE,21,23,22
India,Uttar Pradesh,Moradabad,"Transport Nagar, Moradabad - UPPCB",21-08-2026 10:00:00,28.802625,78.753728,NO2,24,24,24
India,Uttar Pradesh,Moradabad,"Kashiram Nagar, Moradabad - UPPCB",21-08-2026 10:00:00,28.849399,78.742362,OZONE,15,18,17
India,Uttar Pradesh,Moradabad,"Employment Office, Moradabad - UPPCB",21-08-2026 10:00:00,28.88528,78.7388,NH3,3,3,3
India,Uttar Pradesh,Moradabad,"Employment Office, Moradabad - UPPCB",21-08-2026 10:00:00,28.88528,78.7388,CO,12,14,13
India,Uttar Pradesh,Muzaffarnagar,"New Mandi, Muzaffarnagar - UPPCB",21-08-2026 10:00:00,29.4723508,77.7194031,SO2,8,66,28
India,Uttar Pradesh,Noida,"Sector-1, Noida - UPPCB",21-08-2026 10:00:00,28.5898,77.3101,PM2.5,2,126,61
India,Uttar Pradesh,Noida,"Sector-1, Noida - UPPCB",21-08-2026 10:00:00,28.5898,77.3101,NO2,19,91,44
India,Uttar Pradesh,Noida,"Sector-1, Noida - UPPCB",21-08-2026 10:00:00,28.5898,77.3101,OZONE,1,31,14
India,Uttar Pradesh,Noida,"Sector-116, Noida - UPPCB",21-08-2026 10:00:00,28.56923,77.393848,SO2,12,17,14
India,Uttar Pradesh,Prayagraj,"Motilal Nehru NIT, Prayagraj - UPPCB",21-08-2026 10:00:00,25.494,81.863,PM2.5,13,28,21
India,Uttar Pradesh,Prayagraj,"Motilal Nehru NIT, Prayagraj - UPPCB",21-08-2026 10:00:00,25.494,81.863,OZONE,13,16,14
India,Uttar Pradesh,Prayagraj,"Nagar Nigam, Prayagraj - UPPCB",21-08-2026 10:00:00,25.44919916,81.82735986,PM10,20,427,74
India,Uttar Pradesh,Varanasi,"Bhelupur, Varanasi - UPPCB",21-08-2026 10:00:00,25.301778,82.996789,NO2,8,8,8
India,Uttar Pradesh,Varanasi,"Bhelupur, Varanasi - UPPCB",21-08-2026 10:00:00,25.301778,82.996789,CO,6,8,7
India,Uttar Pradesh,Varanasi,"Maldahiya, Varanasi - UPPCB",21-08-2026 10:00:00,25.32393,82.99687,PM2.5,6,67,27
India,Uttar Pradesh,Varanasi,"Maldahiya, Varanasi - UPPCB",21-08-2026 10:00:00,25.32393,82.99687,NO2,2,4,3
India,Uttar Pradesh,Varanasi,"Ardhali Bazar, Varanasi - UPPCB",21-08-2026 10:00:00,25.3505986,82.9083074,SO2,NA,NA,NA
India,Uttar Pradesh,Varanasi,"IESD Banaras Hindu University, Varanasi - UPPCB",21-08-2026 10:00:00,25.262326,82.995408,PM2.5,NA,NA,NA
India,Uttar Pradesh,Varanasi,"IESD Banaras Hindu University, Varanasi - UPPCB",21-08-2026 10:00:00,25.262326,82.995408,NO2,2,2,2
India,Uttar Pradesh,Varanasi,"IESD Banaras Hindu University, Varanasi - UPPCB",21-08-2026 10:00:00,25.262326,82.995408,NH3,0,0,0
India,Uttar Pradesh,Vrindavan,"Omex Eternity, Vrindavan - UPPCB",21-08-2026 10:00:00,27.571409,77.655757,CO,4,5,5
India,Uttarakhand,Dehradun,"Doon University, Dehradun - UKPCB",21-08-2026 10:00:00,30.269444,78.044167,CO,7,11,9
India,Uttarakhand,Kashipur,"Govt. Girls Inter College, Kashipur - UKPCB",21-08-2026 10:00:00,29.2124114,78.9611753,PM2.5,NA,NA,NA
India,Uttarakhand,Kashipur,"Govt. Girls Inter College, Kashipur - UKPCB",21-08-2026 10:00:00,29.2124114,78.9611753,CO,14,17,16
India,Uttarakhand,Rishikesh,"Shivaji Nagar, Rishikesh - UKPCB",21-08-2026 10:00:00,30.075911,78.2859547,PM2.5,2,2,2
India,Uttarakhand,Rishikesh,"Shivaji Nagar, Rishikesh - UKPCB",21-08-2026 10:00:00,30.075911,78.2859547,CO,37,37,37
India,West Bengal,Asansol,"Asansol Court Area, Asansol - WBPCB",21-08-2026 10:00:00,23.685297,86.945968,PM2.5,22,47,29
India,West Bengal,Asansol,"Asansol Court Area, Asansol - WBPCB",21-08-2026 10:00:00,23.685297,86.945968,NH3,3,16,5
India,West Bengal,Asansol,"Asansol Court Area, Asansol - WBPCB",21-08-2026 10:00:00,23.685297,86.945968,CO,27,54,39
India,West Bengal,Asansol,"Asansol Court Area, Asansol - WBPCB",21-08-2026 10:00:00,23.685297,86.945968,OZONE,12,18,15
India,West Bengal,Asansol,"Trivenidevi Bhalotia College, Asansol - WBPCB",21-08-2026 10:00:00,23.616515,87.119133,SO2,36,39,37
India,West Bengal,Barrackpore,"SVSPA Campus, Barrackpore - WBPCB",21-08-2026 10:00:00,22.7605581,88.3617589,PM2.5,39,75,50
India,West Bengal,Barrackpore,"SVSPA Campus, Barrackpore - WBPCB",21-08-2026 10:00:00,22.7605581,88.3617589,CO,48,52,49
India,West Bengal,Durgapur,"Mahishkapur Road_B-Zone, Durgapur - WBPCB",21-08-2026 10:00:00,23.567923,87.306843,CO,36,86,66
India,West Bengal,Durgapur,"Mahishkapur Road_B-Zone, Durgapur - WBPCB",21-08-2026 10:00:00,23.567923,87.306843,OZONE,7,17,11
India,West Bengal,Durgapur,"Womens College_City Center, Durgapur - WBPCB",21-08-2026 10:00:00,23.549395,87.300496,PM10,42,114,82
India,West Bengal,Haldia,"Priyambada Housing Estate, Haldia - WBPCB",21-08-2026 10:00:00,22.06047,88.109737,NH3,3,15,9
India,West Bengal,Howrah,"Belur Math, Howrah - WBPCB",21-08-2026 10:00:00,22.629801,88.352017,PM10,58,121,83
India,West Bengal,Howrah,"Dasnagar, Howrah - WBPCB",21-08-2026 10:00:00,22.6025571,88.3105664,PM2.5,35,102,69
India,West Bengal,Howrah,"Dasnagar, Howrah - WBPCB",21-08-2026 10:00:00,22.6025571,88.3105664,PM10,43,110,82
India,West Bengal,Howrah,"Dasnagar, Howrah - WBPCB",21-08-2026 10:00:00,22.6025571,88.3105664,NH3,1,5,2
India,West Bengal,Howrah,"Dasnagar, Howrah - WBPCB",21-08-2026 10:00:00,22.6025571,88.3105664,OZONE,4,40,15
India,West Bengal,Howrah,"Botanical Garden, Howrah - WBPCB",21-08-2026 10:00:00,22.554954,88.292568,PM10,46,123,83
India,West Bengal,Howrah,"Botanical Garden, Howrah - WBPCB",21-08-2026 10:00:00,22.554954,88.292568,SO2,2,3,3
India,West Bengal,Howrah,"Botanical Garden, Howrah - WBPCB",21-08-2026 10:00:00,22.554954,88.292568,CO,6,9,7
India,West Bengal,Howrah,"Ghusuri, Howrah - WBPCB",21-08-2026 10:00:00,22.611968,88.347422,PM2.5,47,140,77
India,West Bengal,Howrah,"Ghusuri, Howrah - WBPCB",21-08-2026 10:00:00,22.611968,88.347422,CO,13,31,23
India,West Bengal,Howrah,"Ghusuri, Howrah - WBPCB",21-08-2026 10:00:00,22.611968,88.347422,OZONE,17,22,20
India,West Bengal,Howrah,"Padmapukur, Howrah - WBPCB",21-08-2026 10:00:00,22.5687319,88.2797276,SO2,4,16,8
India,West Bengal,Kolkata,"Jadavpur, Kolkata - WBPCB",21-08-2026 10:00:00,22.49929,88.36917,CO,28,34,30
India,West Bengal,Kolkata,"Rabindra Bharati University, Kolkata - WBPCB",21-08-2026 10:00:00,22.627847,88.380669,NO2,21,56,37
India,West Bengal,Kolkata,"Rabindra Sarobar, Kolkata - WBPCB",21-08-2026 10:00:00,22.51106,88.35142,PM10,27,42,34
India,West Bengal,Kolkata,"Rabindra Sarobar, Kolkata - WBPCB",21-08-2026 10:00:00,22.51106,88.35142,NO2,10,14,11
India,West Bengal,Kolkata,"Ballygunge, Kolkata - WBPCB",21-08-2026 10:00:00,22.5367507,88.3638022,PM10,41,82,59
India,West Bengal,Kolkata,"Ballygunge, Kolkata - WBPCB",21-08-2026 10:00:00,22.5367507,88.3638022,NO2,17,45,26
India,West Bengal,Kolkata,"Ballygunge, Kolkata - WBPCB",21-08-2026 10:00:00,22.5367507,88.3638022,CO,21,28,23
India,West Bengal,Kolkata,"Victoria, Kolkata - WBPCB",21-08-2026 10:00:00,22.5448082,88.3403691,CO,23,33,27
India,West Bengal,Siliguri,"Ward-32 Bapupara, Siliguri - WBPCB",21-08-2026 10:00:00,26.6879226,88.4152495,PM10,25,47,36
India,West Bengal,Siliguri,"Ward-32 Bapupara, Siliguri - WBPCB",21-08-2026 10:00:00,26.6879226,88.4152495,NO2,113,137,123
India,West Bengal,Siliguri,"Ward-32 Bapupara, Siliguri - WBPCB",21-08-2026 10:00:00,26.6879226,88.4152495,NH3,15,17,16
India,Bihar,Hajipur,"Industrial Area, Hajipur - BSPCB",21-08-2026 10:00:00,25.697189,85.2459,SO2,5,7,6
India,Bihar,Katihar,"Mirchaibari, Katihar - BSPCB",21-08-2026 10:00:00,25.560083,87.553265,PM10,30,56,40
India,Bihar,Kishanganj,"SDM Office_Khagra, Kishanganj - BSPCB",21-08-2026 10:00:00,26.0881305,87.93840336,OZONE,32,35,33
India,Bihar,Manguraha,"Forest Rest House, Manguraha - BSPCB",21-08-2026 10:00:00,27.308328,84.531742,PM2.5,NA,NA,NA
India,Bihar,Manguraha,"Forest Rest House, Manguraha - BSPCB",21-08-2026 10:00:00,27.308328,84.531742,CO,23,35,27
India,Bihar,Manguraha,"Forest Rest House, Manguraha - BSPCB",21-08-2026 10:00:00,27.308328,84.531742,OZONE,22,33,26
India,Bihar,Motihari,"Gandak Colony, Motihari - BSPCB",21-08-2026 10:00:00,26.63086,84.90051,NH3,1,1,1
India,Bihar,Motihari,"Gandak Colony, Motihari - BSPCB",21-08-2026 10:00:00,26.63086,84.90051,SO2,2,3,3
India,Bihar,Munger,"Town Hall, Munger - BSPCB",21-08-2026 10:00:00,25.376776,86.471523,NH3,2,3,3
India,Bihar,Muzaffarpur,"Buddha Colony, Muzaffarpur - BSPCB",21-08-2026 10:00:00,26.11442,85.39813,PM2.5,51,90,67
India,Bihar,Muzaffarpur,"MIT-Daudpur Kothi, Muzaffarpur - BSPCB",21-08-2026 10:00:00,26.1403345,85.3650192,OZONE,10,25,12
India,Bihar,Patna,"Rajbansi Nagar, Patna - BSPCB",21-08-2026 10:00:00,25.599486,85.113666,PM2.5,32,45,38
India,Bihar,Patna,"Rajbansi Nagar, Patna - BSPCB",21-08-2026 10:00:00,25.599486,85.113666,NH3,2,3,3
India,Bihar,Patna,"Rajbansi Nagar, Patna - BSPCB",21-08-2026 10:00:00,25.599486,85.113666,SO2,9,12,10
India,Bihar,Patna,"Govt. High School Shikarpur, Patna - BSPCB",21-08-2026 10:00:00,25.592539,85.227158,PM10,63,102,77
India,Bihar,Patna,"Govt. High School Shikarpur, Patna - BSPCB",21-08-2026 10:00:00,25.592539,85.227158,NH3,6,6,6
India,Bihar,Patna,"Govt. High School Shikarpur, Patna - BSPCB",21-08-2026 10:00:00,25.592539,85.227158,CO,23,40,34
India,Chhattisgarh,Bilaspur,"Mangala, Bilaspur - NTPC",21-08-2026 10:00:00,22.08815,82.13737,PM10,13,111,72
India,Chhattisgarh,Korba,"Rampur, Korba - CECB",21-08-2026 10:00:00,22.368195,82.746431,NO2,5,15,10
India,Chhattisgarh,Korba,"Rampur, Korba - CECB",21-08-2026 10:00:00,22.368195,82.746431,CO,7,15,11
India,Chhattisgarh,Kunjemura,"OP Jindal School, Kunjemura - CECB",21-08-2026 10:00:00,22.12665,83.483212,PM10,18,63,34
India,Chhattisgarh,Kunjemura,"OP Jindal School, Kunjemura - CECB",21-08-2026 10:00:00,22.12665,83.483212,SO2,10,16,13
India,Chhattisgarh,Kunjemura,"OP Jindal School, Kunjemura - CECB",21-08-2026 10:00:00,22.12665,83.483212,OZONE,3,5,4
India,Chhattisgarh,Milupara,"Govt. Higher Secondary School, Milupara - CECB",21-08-2026 10:00:00,22.1910172,83.5197009,OZONE,22,50,32
India,Chhattisgarh,Raipur,"Krishak Nagar, Raipur - CECB",21-08-2026 10:00:00,21.237755,81.705301,PM10,NA,NA,NA
India,Chhattisgarh,Raipur,"Krishak Nagar, Raipur - CECB",21-08-2026 10:00:00,21.237755,81.705301,NH3,2,22,3
India,Chhattisgarh,Raipur,"Bhatagaon New ISBT, Raipur - CECB",21-08-2026 10:00:00,21.219665,81.630094,PM2.5,8,32,19
India,Chhattisgarh,Raipur,"Bhatagaon New ISBT, Raipur - CECB",21-08-2026 10:00:00,21.219665,81.630094,PM10,11,83,48
India,Chhattisgarh,Raipur,"Bhatagaon New ISBT, Raipur - CECB",21-08-2026 10:00:00,21.219665,81.630094,NO2,1,44,15
India,Chhattisgarh,Tumidih,"OP Jindal Industrial Park, Tumidih - CECB",21-08-2026 10:00:00,22.06631475,83.33820077,NH3,NA,NA,NA
India,Delhi,Delhi,"ITO, Delhi - CPCB",21-08-2026 10:00:00,28.628624,77.24106,NO2,2,107,56
India,Assam,Guwahati,"IITG, Guwahati - PCBA",21-08-2026 10:00:00,26.2028636,91.70046436,CO,74,75,74
India,Assam,Guwahati,"Pan Bazaar, Guwahati - PCBA",21-08-2026 10:00:00,26.1875,91.744194,PM2.5,NA,NA,NA
India,Assam,Guwahati,"Pan Bazaar, Guwahati - PCBA",21-08-2026 10:00:00,26.1875,91.744194,NO2,1,2,2
India,Assam,Guwahati,"LGBI Airport, Guwahati - PCBA",21-08-2026 10:00:00,26.10887,91.589544,NO2,13,20,14
India,Assam,Guwahati,"LGBI Airport, Guwahati - PCBA",21-08-2026 10:00:00,26.10887,91.589544,SO2,3,74,17
India,Assam,Nagaon,"Christianpatty, Nagaon - PCBA",21-08-2026 10:00:00,26.349082,92.68449,SO2,8,14,11
India,Assam,Nalbari,"Bata Chowk, Nalbari - PCBA",21-08-2026 10:00:00,26.446912,91.439057,OZONE,19,19,19
India,Assam,Silchar,"Tarapur, Silchar - PCBA",21-08-2026 10:00:00,24.82827,92.79525,PM2.5,33,37,36
India,Assam,Silchar,"Tarapur, Silchar - PCBA",21-08-2026 10:00:00,24.82827,92.79525,SO2,5,7,6
India,Assam,Sivasagar,"Girls College, Sivasagar - PCBA",21-08-2026 10:00:00,26.987634,94.636574,NO2,10,17,12
India,Assam,Sivasagar,"Girls College, Sivasagar - PCBA",21-08-2026 10:00:00,26.987634,94.636574,CO,24,31,26
India,Bihar,Araria,"Kharahiya Basti, Araria - BSPCB",21-08-2026 10:00:00,26.146529,87.454184,NH3,4,5,4
India,Andhra Pradesh,Tirumala,"Toll Gate, Tirumala - APPCB",21-08-2026 10:00:00,13.67,79.35,CO,10,18,13
India,Andhra Pradesh,Tirupati,"Vaikuntapuram, Tirupati - APPCB",21-08-2026 10:00:00,13.615387,79.40923,NO2,24,33,27
India,Andhra Pradesh,Vijayawada,"Rajiv Nagar, Vijayawada - APPCB",21-08-2026 10:00:00,16.554731,80.64911,PM10,56,69,61
India,Andhra Pradesh,Vijayawada,"Rajiv Nagar, Vijayawada - APPCB",21-08-2026 10:00:00,16.554731,80.64911,SO2,10,20,14
India,Andhra Pradesh,Vijayawada,"HB Colony, Vijayawada - APPCB",21-08-2026 10:00:00,16.536107,80.594233,PM2.5,NA,NA,NA
India,Andhra Pradesh,Vijayawada,"HB Colony, Vijayawada - APPCB",21-08-2026 10:00:00,16.536107,80.594233,CO,34,34,34
India,Andhra Pradesh,Vijayawada,"Rajiv Gandhi Park, Vijayawada - APPCB",21-08-2026 10:00:00,16.509717,80.612222,PM10,44,94,71
India,Andhra Pradesh,Visakhapatnam,"GVM Corporation, Visakhapatnam - APPCB",21-08-2026 10:00:00,17.72,83.3,PM2.5,18,160,65
India,Andhra Pradesh,Visakhapatnam,"GVM Corporation, Visakhapatnam - APPCB",21-08-2026 10:00:00,17.72,83.3,NO2,45,131,77
India,Arunachal Pradesh,Naharlagun,"Naharlagun, Naharlagun - APSPCB",21-08-2026 10:00:00,27.103358,93.679645,PM10,20,143,42
India,Bihar,Patna,"DRM Office Danapur, Patna - BSPCB",21-08-2026 10:00:00,25.586562,85.043586,NO2,22,25,23
India,Bihar,Patna,"Muradpur, Patna - BSPCB",21-08-2026 10:00:00,25.619651,85.147382,PM2.5,33,54,48
India,Bihar,Patna,"Muradpur, Patna - BSPCB",21-08-2026 10:00:00,25.619651,85.147382,PM10,53,78,59
India,Bihar,Patna,"Muradpur, Patna - BSPCB",21-08-2026 10:00:00,25.619651,85.147382,NO2,5,5,5
India,Bihar,Patna,"Samanpura, Patna - BSPCB",21-08-2026 10:00:00,25.596727,85.085624,SO2,4,7,6
India,Bihar,Purnia,"Mariam Nagar, Purnia - BSPCB",21-08-2026 10:00:00,25.366336,87.117468,NH3,4,4,4
India,Bihar,Purnia,"Mariam Nagar, Purnia - BSPCB",21-08-2026 10:00:00,25.366336,87.117468,OZONE,19,27,22
India,Bihar,Saharsa,"Police Line, Saharsa - BSPCB",21-08-2026 10:00:00,25.892357,86.590325,PM2.5,17,77,30
India,Bihar,Saharsa,"Police Line, Saharsa - BSPCB",21-08-2026 10:00:00,25.892357,86.590325,SO2,16,18,17
India,Bihar,Saharsa,"Police Line, Saharsa - BSPCB",21-08-2026 10:00:00,25.892357,86.590325,CO,38,40,39
India,Bihar,Saharsa,"Police Line, Saharsa - BSPCB",21-08-2026 10:00:00,25.892357,86.590325,OZONE,13,16,14
India,Bihar,Arrah,"New DM Office, Arrah - BSPCB",21-08-2026 10:00:00,25.5626095,84.663264,SO2,5,5,5
India,Bihar,Arrah,"New DM Office, Arrah - BSPCB",21-08-2026 10:00:00,25.5626095,84.663264,CO,39,68,51
India,Bihar,Bettiah,"Kamalnath Nagar, Bettiah - BSPCB",21-08-2026 10:00:00,26.80365,84.51954,PM10,20,23,21
India,Bihar,Bettiah,"Kamalnath Nagar, Bettiah - BSPCB",21-08-2026 10:00:00,26.80365,84.51954,OZONE,18,25,22
India,Bihar,Bhagalpur,"Mayaganj, Bhagalpur - BSPCB",21-08-2026 10:00:00,25.265194,87.012947,OZONE,10,34,15
India,Bihar,Bhagalpur,"DM Office_Kachari Chowk, Bhagalpur - BSPCB",21-08-2026 10:00:00,25.251013,86.989001,PM2.5,10,280,57
India,Bihar,Gaya,"Collectorate, Gaya - BSPCB",21-08-2026 10:00:00,24.7955,84.9994,NO2,8,10,9
India,Bihar,Gaya,"Collectorate, Gaya - BSPCB",21-08-2026 10:00:00,24.7955,84.9994,SO2,7,8,7
India,Bihar,Gaya,"SFTI Kusdihra, Gaya - BSPCB",21-08-2026 10:00:00,24.762518,84.982348,PM10,33,51,44
India,Bihar,Sasaram,"Dada Peer, Sasaram - BSPCB",21-08-2026 10:00:00,24.952822,84.002396,OZONE,16,17,17
India,Bihar,Siwan,"Chitragupta Nagar, Siwan - BSPCB",21-08-2026 10:00:00,26.2271665,84.3570427,PM10,101,108,105
India,Bihar,Siwan,"Chitragupta Nagar, Siwan - BSPCB",21-08-2026 10:00:00,26.2271665,84.3570427,SO2,13,15,14
India,Chandigarh,Chandigarh,"Sector 22, Chandigarh - CPCC",21-08-2026 10:00:00,30.735567,76.775714,PM10,23,64,36
India,Chandigarh,Chandigarh,"Sector 22, Chandigarh - CPCC",21-08-2026 10:00:00,30.735567,76.775714,NO2,3,18,7
India,Chandigarh,Chandigarh,"Sector 22, Chandigarh - CPCC",21-08-2026 10:00:00,30.735567,76.775714,CO,35,41,38
India,Chandigarh,Chandigarh,"Sector-53, Chandigarh - CPCC",21-08-2026 10:00:00,30.719859,76.738637,PM2.5,NA,NA,NA
India,Chhattisgarh,Bhilai,"Hathkhoj, Bhilai - CECB",21-08-2026 10:00:00,21.224231,81.40835,PM2.5,12,49,33
India,Andhra Pradesh,Kadapa,"Yerramukkapalli, Kadapa - APPCB",21-08-2026 10:00:00,14.465052,78.824187,SO2,7,17,16
India,Andhra Pradesh,Machilipatnam,"Srinivas Nagar Colony, Machilipatnam - APPCB",21-08-2026 10:00:00,16.186555,81.13219,PM2.5,50,62,53
India,Andhra Pradesh,Machilipatnam,"Srinivas Nagar Colony, Machilipatnam - APPCB",21-08-2026 10:00:00,16.186555,81.13219,OZONE,20,20,20
India,Andhra Pradesh,Nellore,"Ambedkar Nagar, Nellore - APPCB ",21-08-2026 10:00:00,14.438164,79.966814,OZONE,22,29,25
India,Andhra Pradesh,Rajamahendravaram,"Anand Kala Kshetram, Rajamahendravaram - APPCB",21-08-2026 10:00:00,16.9872867,81.7363176,CO,18,27,23
India,Andhra Pradesh,Srikakulam,"Chinna Bharatham Colony, Srikakulam - APPCB",21-08-2026 10:00:00,18.292191,83.897173,PM2.5,3,73,31
India,Andhra Pradesh,Chittoor,"Gangineni Cheruvu, Chittoor - APPCB",21-08-2026 10:00:00,13.20488,79.097889,NO2,26,35,29
India,Andhra Pradesh,Eluru,"District Court, Eluru - APPCB",21-08-2026 10:00:00,16.711754,81.092095,SO2,9,16,10
India,Andhra Pradesh,Eluru,"District Court, Eluru - APPCB",21-08-2026 10:00:00,16.711754,81.092095,CO,12,15,13
India,Andhra Pradesh,Guntur,"Rajendra Nagar North, Guntur - APPCB",21-08-2026 10:00:00,16.316553,80.413302,PM2.5,42,55,47
India,Assam,Byrnihat,"Central Academy for SFS, Byrnihat - PCBA",21-08-2026 10:00:00,26.071318,91.87488,PM2.5,80,251,113
India,Assam,Byrnihat,"Central Academy for SFS, Byrnihat - PCBA",21-08-2026 10:00:00,26.071318,91.87488,SO2,3,32,28
India,Assam,Byrnihat,"Central Academy for SFS, Byrnihat - PCBA",21-08-2026 10:00:00,26.071318,91.87488,CO,49,61,57
India,Gujarat,Gandhinagar,"GIFT City, Gandhinagar - IITM",21-08-2026 10:00:00,23.163798,72.677768,CO,20,27,23
India,Gujarat,Mehsana,"Sadanand Nagar, Mehsana - Nexteng Enviro",21-08-2026 10:00:00,23.59315,72.372792,NH3,0,0,0
India,Gujarat,Nandesari,"GIDC, Nandesari - Nandesari Ind. Association",21-08-2026 10:00:00,22.410802,73.097923,PM10,33,84,44
India,Gujarat,Nandesari,"GIDC, Nandesari - Nandesari Ind. Association",21-08-2026 10:00:00,22.410802,73.097923,NO2,1,34,13
India,Gujarat,Nandesari,"GIDC, Nandesari - Nandesari Ind. Association",21-08-2026 10:00:00,22.410802,73.097923,SO2,3,11,3
India,Gujarat,Rajkot,"Mavdi, Rajkot - Nexteng Enviro ",21-08-2026 10:00:00,22.248853,70.776774,NH3,0,1,1
India,Gujarat,Rajkot,"Mavdi, Rajkot - Nexteng Enviro ",21-08-2026 10:00:00,22.248853,70.776774,OZONE,8,10,9
India,Gujarat,Surat,"Science Center, Surat - SMC",21-08-2026 10:00:00,21.170046,72.795405,NH3,NA,NA,NA
India,Gujarat,Surat,"Science Center, Surat - SMC",21-08-2026 10:00:00,21.170046,72.795405,CO,31,35,33
India,Gujarat,Surat,"Katargam, Surat - Nexteng Enviro",21-08-2026 10:00:00,21.217779,72.834787,CO,44,53,47
India,Gujarat,Surat,"Katargam, Surat - Nexteng Enviro",21-08-2026 10:00:00,21.217779,72.834787,OZONE,8,8,8
India,Gujarat,Vadodara,"Bapunagar, Vadodara - Nexteng Enviro",21-08-2026 10:00:00,22.320153,73.216285,NO2,11,12,11
India,Gujarat,Vadodara,"Bapunagar, Vadodara - Nexteng Enviro",21-08-2026 10:00:00,22.320153,73.216285,CO,73,76,75
India,Gujarat,Vapi,"Phase-1 GIDC, Vapi - GPCB",21-08-2026 10:00:00,20.362421,72.918013,PM10,36,115,59
India,Gujarat,Vapi,"Phase-1 GIDC, Vapi - GPCB",21-08-2026 10:00:00,20.362421,72.918013,SO2,12,18,15
India,Gujarat,Vapi,"Phase-1 GIDC, Vapi - GPCB",21-08-2026 10:00:00,20.362421,72.918013,CO,NA,NA,NA
India,Gujarat,Vatva,"Phase-4 GIDC, Vatva - GPCB",21-08-2026 10:00:00,22.969611,72.6435,PM10,87,157,114
India,Gujarat,Vatva,"Phase-4 GIDC, Vatva - GPCB",21-08-2026 10:00:00,22.969611,72.6435,NO2,22,43,32
India,Gujarat,Vatva,"Phase-4 GIDC, Vatva - GPCB",21-08-2026 10:00:00,22.969611,72.6435,SO2,14,30,22
India,Gujarat,Vatva,"Phase-4 GIDC, Vatva - GPCB",21-08-2026 10:00:00,22.969611,72.6435,CO,39,53,47
India,Haryana,Ambala,"Patti Mehar, Ambala - HSPCB",21-08-2026 10:00:00,30.379589,76.778328,PM10,43,140,96
India,Haryana,Ambala,"Patti Mehar, Ambala - HSPCB",21-08-2026 10:00:00,30.379589,76.778328,CO,15,39,25
India,Delhi,Delhi,"Pusa, Delhi - IITM",21-08-2026 10:00:00,28.63611,77.173332,OZONE,5,41,16
India,Delhi,Delhi,"DTU, Delhi - CPCB",21-08-2026 10:00:00,28.7500499,77.1112615,PM2.5,48,87,58
India,Delhi,Delhi,"Dwarka-Sector 8, Delhi - DPCC ",21-08-2026 10:00:00,28.5710274,77.0719006,SO2,7,89,19
India,Delhi,Delhi,"Dr. Karni Singh Shooting Range, Delhi - DPCC",21-08-2026 10:00:00,28.498571,77.26484,NO2,10,30,19
India,Delhi,Delhi,"Dr. Karni Singh Shooting Range, Delhi - DPCC",21-08-2026 10:00:00,28.498571,77.26484,NH3,5,8,6
India,Delhi,Delhi,"IIT Delhi, Delhi - IITM",21-08-2026 10:00:00,28.54246,77.191651,NH3,NA,NA,NA
India,Delhi,Delhi,"IGNOU_Maidan Garhi, Delhi - DPCC",21-08-2026 10:00:00,28.493624,77.201159,NO2,3,16,6
India,Delhi,Delhi,"Commonwealth Sports Complex, Delhi - DPCC",21-08-2026 10:00:00,28.615828,77.271992,NO2,7,57,27
India,Delhi,Delhi,"Commonwealth Sports Complex, Delhi - DPCC",21-08-2026 10:00:00,28.615828,77.271992,NH3,1,3,2
India,Delhi,Delhi,"Commonwealth Sports Complex, Delhi - DPCC",21-08-2026 10:00:00,28.615828,77.271992,SO2,4,12,7
India,Delhi,Delhi,"Commonwealth Sports Complex, Delhi - DPCC",21-08-2026 10:00:00,28.615828,77.271992,OZONE,6,30,16
India,Delhi,Delhi,"Talkatora Garden, Delhi - DPCC",21-08-2026 10:00:00,28.62181,77.1944633,PM10,68,111,90
India,Delhi,Delhi,"Talkatora Garden, Delhi - DPCC",21-08-2026 10:00:00,28.62181,77.1944633,NO2,8,58,19
India,Delhi,Delhi,"Talkatora Garden, Delhi - DPCC",21-08-2026 10:00:00,28.62181,77.1944633,NH3,0,6,2
India,Delhi,Delhi,"Talkatora Garden, Delhi - DPCC",21-08-2026 10:00:00,28.62181,77.1944633,SO2,0,2,1
India,Delhi,Delhi,"NSIT Dwarka, Delhi - CPCB",21-08-2026 10:00:00,28.60909,77.0325413,NH3,3,15,7
India,Delhi,Delhi,"NSIT Dwarka, Delhi - CPCB",21-08-2026 10:00:00,28.60909,77.0325413,OZONE,10,74,58
India,Delhi,Delhi,"Aya Nagar, Delhi - IITM",21-08-2026 10:00:00,28.4706914,77.1099364,PM2.5,9,181,68
India,Delhi,Delhi,"Aya Nagar, Delhi - IITM",21-08-2026 10:00:00,28.4706914,77.1099364,PM10,61,475,129
India,Delhi,Delhi,"NSUT Jaffarpur, Delhi - DPCC",21-08-2026 10:00:00,28.594004,76.909423,NH3,NA,NA,NA
India,Delhi,Delhi,"NSUT Jaffarpur, Delhi - DPCC",21-08-2026 10:00:00,28.594004,76.909423,SO2,0,3,1
India,Delhi,Delhi,"Mundka, Delhi - DPCC",21-08-2026 10:00:00,28.684678,77.076574,NH3,6,9,8
India,Delhi,Delhi,"Punjabi Bagh, Delhi - DPCC",21-08-2026 10:00:00,28.674045,77.131023,NO2,11,47,22
India,Delhi,Delhi,"Punjabi Bagh, Delhi - DPCC",21-08-2026 10:00:00,28.674045,77.131023,OZONE,6,75,18
India,Delhi,Delhi,"Ashok Vihar, Delhi - DPCC",21-08-2026 10:00:00,28.695381,77.181665,NO2,14,109,28
India,Delhi,Delhi,"Anand Vihar, Delhi - DPCC",21-08-2026 10:00:00,28.647622,77.315809,NH3,1,12,5
India,Delhi,Delhi,"Shadipur, Delhi - CPCB",21-08-2026 10:00:00,28.6514781,77.1473105,PM2.5,25,53,37
India,Delhi,Delhi,"Shadipur, Delhi - CPCB",21-08-2026 10:00:00,28.6514781,77.1473105,PM10,43,101,76
India,Delhi,Delhi,"Shadipur, Delhi - CPCB",21-08-2026 10:00:00,28.6514781,77.1473105,NO2,16,139,42
India,Delhi,Delhi,"Pusa, Delhi - DPCC",21-08-2026 10:00:00,28.639652,77.146275,OZONE,1,2,1
India,Delhi,Delhi,"Sirifort, Delhi - CPCB",21-08-2026 10:00:00,28.5504249,77.2159377,PM2.5,45,177,89
India,Delhi,Delhi,"Sirifort, Delhi - CPCB",21-08-2026 10:00:00,28.5504249,77.2159377,NH3,5,8,6
India,Delhi,Delhi,"Pusa, Delhi - IITM",21-08-2026 10:00:00,28.63611,77.173332,PM2.5,19,112,60
India,Delhi,Delhi,"Pusa, Delhi - IITM",21-08-2026 10:00:00,28.63611,77.173332,PM10,61,135,105
India,Delhi,Delhi,"Pusa, Delhi - IITM",21-08-2026 10:00:00,28.63611,77.173332,NO2,8,123,50
India,Delhi,Delhi,"Pusa, Delhi - IITM",21-08-2026 10:00:00,28.63611,77.173332,NH3,NA,NA,NA
India,Delhi,Delhi,"Pusa, Delhi - IITM",21-08-2026 10:00:00,28.63611,77.173332,CO,18,39,23
India,Delhi,Delhi,"Bawana, Delhi - DPCC",21-08-2026 10:00:00,28.7762,77.051074,SO2,11,12,12
India,Delhi,Delhi,"Bawana, Delhi - DPCC",21-08-2026 10:00:00,28.7762,77.051074,CO,17,28,22
India,Delhi,Delhi,"Okhla Phase-2, Delhi - DPCC",21-08-2026 10:00:00,28.530785,77.271255,PM2.5,18,280,84
India,Delhi,Delhi,"Rohini, Delhi - DPCC",21-08-2026 10:00:00,28.732528,77.11992,CO,31,43,35
India,Delhi,Delhi,"Jahangirpuri, Delhi - DPCC",21-08-2026 10:00:00,28.73282,77.170633,NO2,17,64,27
India,Delhi,Delhi,"Jahangirpuri, Delhi - DPCC",21-08-2026 10:00:00,28.73282,77.170633,NH3,8,9,9
India,Delhi,Delhi,"Jahangirpuri, Delhi - DPCC",21-08-2026 10:00:00,28.73282,77.170633,OZONE,7,10,8
India,Delhi,Delhi,"IHBAS, Dilshad Garden, Delhi - CPCB",21-08-2026 10:00:00,28.6811736,77.3025234,OZONE,2,16,8
India,Delhi,Delhi,"Sri Aurobindo Marg, Delhi - DPCC",21-08-2026 10:00:00,28.531346,77.190156,PM10,88,137,110
India,Delhi,Delhi,"Nehru Nagar, Delhi - DPCC",21-08-2026 10:00:00,28.56789,77.250515,CO,1,113,45
India,Delhi,Delhi,"Jawaharlal Nehru Stadium, Delhi - DPCC",21-08-2026 10:00:00,28.58028,77.233829,NH3,7,9,8
India,Delhi,Delhi,"Najafgarh, Delhi - DPCC",21-08-2026 10:00:00,28.570173,76.933762,NH3,5,8,6
India,Delhi,Delhi,"Wazirpur, Delhi - DPCC",21-08-2026 10:00:00,28.699793,77.165453,NO2,28,65,40
India,Delhi,Delhi,"Wazirpur, Delhi - DPCC",21-08-2026 10:00:00,28.699793,77.165453,NH3,2,7,4
India,Gujarat,Ahmedabad,"SAC ISRO Bopal, Ahmedabad - IITM",21-08-2026 10:00:00,23.041137,72.456691,PM10,34,69,48
India,Gujarat,Ahmedabad,"SAC ISRO Bopal, Ahmedabad - IITM",21-08-2026 10:00:00,23.041137,72.456691,NH3,2,4,3
India,Gujarat,Ahmedabad,"SAC ISRO Bopal, Ahmedabad - IITM",21-08-2026 10:00:00,23.041137,72.456691,CO,19,30,25
India,Gujarat,Ahmedabad,"SAC ISRO Satellite, Ahmedabad - IITM",21-08-2026 10:00:00,23.023389,72.515201,PM2.5,29,109,65
India,Gujarat,Ahmedabad,"SAC ISRO Satellite, Ahmedabad - IITM",21-08-2026 10:00:00,23.023389,72.515201,NO2,21,44,33
India,Gujarat,Ahmedabad,"SAC ISRO Satellite, Ahmedabad - IITM",21-08-2026 10:00:00,23.023389,72.515201,CO,25,49,42
India,Gujarat,Ahmedabad,"Gyaspur, Ahmedabad - IITM",21-08-2026 10:00:00,22.977134,72.553024,OZONE,NA,NA,NA
India,Gujarat,Ahmedabad,"Raikhad, Ahmedabad - IITM",21-08-2026 10:00:00,23.020509,72.579261,PM2.5,17,109,53
India,Gujarat,Ahmedabad,"Raikhad, Ahmedabad - IITM",21-08-2026 10:00:00,23.020509,72.579261,PM10,53,114,73
India,Gujarat,Ahmedabad,"Raikhad, Ahmedabad - IITM",21-08-2026 10:00:00,23.020509,72.579261,SO2,4,9,7
India,Gujarat,Ahmedabad,"Raikhad, Ahmedabad - IITM",21-08-2026 10:00:00,23.020509,72.579261,CO,27,57,44
India,Gujarat,Ankleshwar,"GIDC, Ankleshwar - GPCB",21-08-2026 10:00:00,21.613267,73.010555,PM2.5,16,50,30
India,Gujarat,Ankleshwar,"GIDC, Ankleshwar - GPCB",21-08-2026 10:00:00,21.613267,73.010555,SO2,12,19,18
India,Gujarat,Gandhinagar,"Sector-10, Gandhinagar - GPCB",21-08-2026 10:00:00,23.221714,72.654328,PM2.5,15,71,40
India,Gujarat,Gandhinagar,"IIPHG Lekawada, Gandhinagar - IITM",21-08-2026 10:00:00,23.243639,72.68994,NO2,3,19,8
India,Delhi,Delhi,"CRRI Mathura Road, Delhi - IITM",21-08-2026 10:00:00,28.5512005,77.2735737,NO2,6,71,31
India,Delhi,Delhi,"CRRI Mathura Road, Delhi - IITM",21-08-2026 10:00:00,28.5512005,77.2735737,CO,13,33,23
India,Delhi,Delhi,"Burari Crossing, Delhi - IITM",21-08-2026 10:00:00,28.7256504,77.2011573,OZONE,4,56,27
India,Delhi,Delhi,"IMD Lodhi Road, Delhi - IITM",21-08-2026 10:00:00,28.5918245,77.2273074,PM2.5,18,110,56
India,Delhi,Delhi,"IMD Lodhi Road, Delhi - IITM",21-08-2026 10:00:00,28.5918245,77.2273074,OZONE,14,27,18
India,Delhi,Delhi,"JNU, Delhi - DPCC",21-08-2026 10:00:00,28.540721,77.168544,PM2.5,33,160,65
India,Delhi,Delhi,"Alipur, Delhi - DPCC",21-08-2026 10:00:00,28.815329,77.15301,PM10,84,195,130
India,Delhi,Delhi,"Alipur, Delhi - DPCC",21-08-2026 10:00:00,28.815329,77.15301,SO2,4,8,6
India,Delhi,Delhi,"North Campus, DU, Delhi - IITM",21-08-2026 10:00:00,28.6573814,77.1585447,NH3,NA,NA,NA
India,Delhi,Delhi,"North Campus, DU, Delhi - IITM",21-08-2026 10:00:00,28.6573814,77.1585447,CO,3,20,12
India,Gujarat,Ahmedabad,"Rakhial, Ahmedabad - IITM",21-08-2026 10:00:00,23.016834,72.625775,NO2,21,62,34
India,Gujarat,Ahmedabad,"Maninagar, Ahmedabad - GPCB",21-08-2026 10:00:00,23.002657,72.591912,PM10,53,136,88
India,Gujarat,Ahmedabad,"Maninagar, Ahmedabad - GPCB",21-08-2026 10:00:00,23.002657,72.591912,CO,13,52,26
India,Haryana,Bahadurgarh,"Arya Nagar, Bahadurgarh - HSPCB",21-08-2026 10:00:00,28.6701,76.9254,PM10,67,112,87
India,Haryana,Bahadurgarh,"Arya Nagar, Bahadurgarh - HSPCB",21-08-2026 10:00:00,28.6701,76.9254,NH3,7,9,8
India,Haryana,Ballabgarh,"Nathu Colony, Ballabgarh - HSPCB",21-08-2026 10:00:00,28.3419248,77.319699,PM10,58,125,95
India,Haryana,Bhiwani,"H.B. Colony, Bhiwani - HSPCB",21-08-2026 10:00:00,28.806223,76.141105,PM2.5,NA,NA,NA
India,Haryana,Bhiwani,"H.B. Colony, Bhiwani - HSPCB",21-08-2026 10:00:00,28.806223,76.141105,CO,11,23,17
India,Kerala,Eloor,"Udyogamandal, Eloor - Kerala PCB",21-08-2026 10:00:00,10.073232,76.302765,OZONE,11,12,12
India,Kerala,Thiruvananthapuram,"Plammoodu, Thiruvananthapuram - Kerala PCB",21-08-2026 10:00:00,8.5149093,76.9435879,NH3,1,1,1
India,Kerala,Thiruvananthapuram,"Kariavattom, Thiruvananthapuram - Kerala PCB",21-08-2026 10:00:00,8.5637,76.8865,NO2,6,7,6
India,Kerala,Thiruvananthapuram,"Kariavattom, Thiruvananthapuram - Kerala PCB",21-08-2026 10:00:00,8.5637,76.8865,CO,21,22,21
India,Kerala,Thrissur,"Corporation Ground, Thrissur - Kerala PCB",21-08-2026 10:00:00,10.5324,76.2159,PM2.5,39,59,51
India,Kerala,Thrissur,"Corporation Ground, Thrissur - Kerala PCB",21-08-2026 10:00:00,10.5324,76.2159,CO,22,28,25
India,Kerala,Thrissur,"Corporation Ground, Thrissur - Kerala PCB",21-08-2026 10:00:00,10.5324,76.2159,OZONE,30,31,30
India,Ladakh,Leh,"Skara Yokma, Leh - LPCC",21-08-2026 10:00:00,34.147096,77.55709,CO,186,187,186
India,Madhya Pradesh,Bhopal,"Paryavaran Parisar, Bhopal - MPPCB",21-08-2026 10:00:00,23.210494,77.425409,PM10,49,95,70
India,Madhya Pradesh,Bhopal,"Paryavaran Parisar, Bhopal - MPPCB",21-08-2026 10:00:00,23.210494,77.425409,NO2,10,14,12
India,Madhya Pradesh,Bhopal,"Paryavaran Parisar, Bhopal - MPPCB",21-08-2026 10:00:00,23.210494,77.425409,CO,9,17,13
India,Madhya Pradesh,Bhopal,"Idgah Hills, Bhopal - MPPCB",21-08-2026 10:00:00,23.264759,77.381568,PM2.5,28,47,40
India,Madhya Pradesh,Bhopal,"Idgah Hills, Bhopal - MPPCB",21-08-2026 10:00:00,23.264759,77.381568,SO2,4,6,5
India,Madhya Pradesh,Bhopal,"T T Nagar, Bhopal - MPPCB",21-08-2026 10:00:00,23.233584,77.400574,PM2.5,32,50,39
India,Karnataka,Hubballi,"Lingaraj Nagar, Hubballi - KSPCB",21-08-2026 10:00:00,15.3714823,75.1160168,NO2,7,13,9
India,Karnataka,Kalaburagi,"Mahatma Basaveswar Colony, Kalaburgi - KSPCB",21-08-2026 10:00:00,17.336318,76.847397,NO2,11,17,14
India,Karnataka,Karwar,"KHB Colony, Karwar - KSPCB",21-08-2026 10:00:00,14.816666,74.141003,PM2.5,NA,NA,NA
India,Karnataka,Karwar,"KHB Colony, Karwar - KSPCB",21-08-2026 10:00:00,14.816666,74.141003,PM10,NA,NA,NA
India,Karnataka,Karwar,"KHB Colony, Karwar - KSPCB",21-08-2026 10:00:00,14.816666,74.141003,NH3,3,30,13
India,Karnataka,Karwar,"KHB Colony, Karwar - KSPCB",21-08-2026 10:00:00,14.816666,74.141003,SO2,NA,NA,NA
India,Karnataka,Karwar,"KHB Colony, Karwar - KSPCB",21-08-2026 10:00:00,14.816666,74.141003,CO,NA,NA,NA
India,Karnataka,Mangalore,"Kadri, Mangalore - KSPCB",21-08-2026 10:00:00,12.88925,74.853,OZONE,35,35,35
India,Karnataka,Mysuru,"Hebbal 1st Stage, Mysuru - KSPCB",21-08-2026 10:00:00,12.21041,76.37376,CO,4,20,10
India,Karnataka,Mysuru,"Hebbal 1st Stage, Mysuru - KSPCB",21-08-2026 10:00:00,12.21041,76.37376,OZONE,17,46,28
India,Karnataka,Ramanagara,"Vijay Nagar, Ramanagara - KSPCB",21-08-2026 10:00:00,12.733409,77.298051,PM2.5,3,53,24
India,Karnataka,Ramanagara,"Vijay Nagar, Ramanagara - KSPCB",21-08-2026 10:00:00,12.733409,77.298051,NH3,NA,NA,NA
India,Karnataka,Ramanagara,"Vijay Nagar, Ramanagara - KSPCB",21-08-2026 10:00:00,12.733409,77.298051,OZONE,18,33,25
India,Karnataka,Shivamogga,"Vinoba Nagara, Shivamogga - KSPCB",21-08-2026 10:00:00,13.94,75.555917,PM2.5,27,54,47
India,Haryana,Yamuna Nagar,"Gobind Pura, Yamuna Nagar - HSPCB",21-08-2026 10:00:00,30.1480566,77.2893471,CO,29,52,41
India,Himachal Pradesh,Baddi,"HIMUDA Complex Phase-1, Baddi - HPPCB",21-08-2026 10:00:00,30.943887,76.801991,NO2,2,17,9
India,Jharkhand,Dhanbad,"Sardar Patel Nagar, Dhanbad - JSPCB",21-08-2026 10:00:00,23.80569,86.44268,NO2,97,206,105
India,Jharkhand,Jorapokhar,"Tata Stadium, Jorapokhar - JSPCB",21-08-2026 10:00:00,23.707909,86.41467,SO2,21,21,21
India,Jharkhand,Jorapokhar,"Tata Stadium, Jorapokhar - JSPCB",21-08-2026 10:00:00,23.707909,86.41467,CO,38,40,39
India,Karnataka,Belgaum,"Ramteerth Nagar, Belgaum - KSPCB",21-08-2026 10:00:00,15.888653,74.541751,CO,3,3,3
India,Karnataka,Bengaluru,"Jigani, Bengaluru - KSPCB",21-08-2026 10:00:00,12.7816279,77.6299145,PM2.5,33,46,38
India,Karnataka,Bengaluru,"Jigani, Bengaluru - KSPCB",21-08-2026 10:00:00,12.7816279,77.6299145,NO2,18,18,18
India,Karnataka,Bengaluru,"Jigani, Bengaluru - KSPCB",21-08-2026 10:00:00,12.7816279,77.6299145,NH3,3,3,3
India,Karnataka,Bengaluru,"Jigani, Bengaluru - KSPCB",21-08-2026 10:00:00,12.7816279,77.6299145,OZONE,21,22,21
India,Karnataka,Bengaluru,"City Railway Station, Bengaluru - KSPCB",21-08-2026 10:00:00,12.9756843,77.5660749,NO2,28,33,31
India,Karnataka,Bengaluru,"Hombegowda Nagar, Bengaluru - KSPCB",21-08-2026 10:00:00,12.938539,77.5901,SO2,2,11,6
India,Karnataka,Bengaluru,"Peenya, Bengaluru - CPCB",21-08-2026 10:00:00,13.0270199,77.494094,NH3,3,92,12
India,Karnataka,Bengaluru,"Shivapura_Peenya, Bengaluru - KSPCB",21-08-2026 10:00:00,13.0246342,77.5080115,PM2.5,35,38,36
India,Karnataka,Bengaluru,"Hebbal, Bengaluru - KSPCB",21-08-2026 10:00:00,13.029152,77.585901,PM2.5,10,42,24
India,Karnataka,Bengaluru,"Bapuji Nagar, Bengaluru - KSPCB",21-08-2026 10:00:00,12.951913,77.539784,PM2.5,17,38,26
India,Karnataka,Bengaluru,"Bapuji Nagar, Bengaluru - KSPCB",21-08-2026 10:00:00,12.951913,77.539784,NO2,25,31,27
India,Karnataka,Chamarajanagar,"Urban, Chamarajanagar - KSPCB",21-08-2026 10:00:00,11.55358,76.55521,SO2,2,5,4
India,Karnataka,Chikkaballapur,"Chikkaballapur Rural, Chikkaballapur - KSPCB",21-08-2026 10:00:00,13.428828,77.731418,SO2,10,15,13
India,Karnataka,Chikkamagaluru,"Kalyana Nagara, Chikkamagaluru - KSPCB",21-08-2026 10:00:00,13.328028,75.797056,NH3,2,3,3
India,Karnataka,Dharwad,"Kalabhavan, Dharwad - KSPCB",21-08-2026 10:00:00,15.459706,75.008381,CO,37,49,41
India,Haryana,Ambala,"Patti Mehar, Ambala - HSPCB",21-08-2026 10:00:00,30.379589,76.778328,CO,15,39,25
India,Haryana,Bahadurgarh,"Arya Nagar, Bahadurgarh - HSPCB",21-08-2026 10:00:00,28.6701,76.9254,PM10,67,112,87
India,Haryana,Bahadurgarh,"Arya Nagar, Bahadurgarh - HSPCB",21-08-2026 10:00:00,28.6701,76.9254,NH3,7,9,8
India,Haryana,Ballabgarh,"Nathu Colony, Ballabgarh - HSPCB",21-08-2026 10:00:00,28.3419248,77.319699,PM10,58,125,95
India,Haryana,Bhiwani,"H.B. Colony, Bhiwani - HSPCB",21-08-2026 10:00:00,28.806223,76.141105,PM2.5,NA,NA,NA
India,Haryana,Bhiwani,"H.B. Colony, Bhiwani - HSPCB",21-08-2026 10:00:00,28.806223,76.141105,CO,11,23,17
India,Haryana,Charkhi Dadri,"Mini Secretariat, Charkhi Dadri - HSPCB",21-08-2026 10:00:00,28.593883,76.270653,PM10,34,154,95
India,Haryana,Charkhi Dadri,"Mini Secretariat, Charkhi Dadri - HSPCB",21-08-2026 10:00:00,28.593883,76.270653,NO2,9,24,15
India,Haryana,Charkhi Dadri,"Mini Secretariat, Charkhi Dadri - HSPCB",21-08-2026 10:00:00,28.593883,76.270653,CO,13,18,16
India,Haryana,Faridabad,"New Industrial Town, Faridabad - HSPCB",21-08-2026 10:00:00,28.39072,77.30059,PM2.5,58,94,70
India,Haryana,Faridabad,"Sector 30, Faridabad - HSPCB",21-08-2026 10:00:00,28.4417,77.3217,PM10,77,109,97
India,Haryana,Gurugram,"NISE Gwal Pahari, Gurugram - IITM",21-08-2026 10:00:00,28.422681,77.148944,NH3,NA,NA,NA
India,Haryana,Gurugram,"Sector-51, Gurugram - HSPCB",21-08-2026 10:00:00,28.4227,77.0667,PM2.5,54,297,124
India,Haryana,Gurugram,"Vikas Sadan, Gurugram - HSPCB",21-08-2026 10:00:00,28.4501238,77.0263051,SO2,3,26,8
India,Haryana,Jind,"Police Lines, Jind - HSPCB",21-08-2026 10:00:00,29.307814,76.337619,NO2,12,13,13
India,Haryana,Kaithal,"Rishi Nagar, Kaithal - HSPCB",21-08-2026 10:00:00,29.8006,76.4155,PM10,53,120,103
India,Haryana,Karnal,"Sector-12, Karnal - HSPCB",21-08-2026 10:00:00,29.6953,77.0027,PM10,23,88,64
India,Haryana,Kurukshetra,"Sector-7, Kurukshetra - HSPCB",21-08-2026 10:00:00,29.966942,76.875879,PM2.5,45,84,68
India,Haryana,Kurukshetra,"Sector-7, Kurukshetra - HSPCB",21-08-2026 10:00:00,29.966942,76.875879,PM10,55,90,78
India,Haryana,Kurukshetra,"Sector-7, Kurukshetra - HSPCB",21-08-2026 10:00:00,29.966942,76.875879,NH3,5,5,5
India,Haryana,Narnaul,"Shastri Nagar, Narnaul - HSPCB",21-08-2026 10:00:00,28.060249,76.113115,NO2,20,62,38
India,Haryana,Narnaul,"Shastri Nagar, Narnaul - HSPCB",21-08-2026 10:00:00,28.060249,76.113115,NH3,4,8,6
India,Haryana,Palwal,"Shyam Nagar, Palwal - HSPCB",21-08-2026 10:00:00,28.1485564,77.3320667,OZONE,10,11,10
India,Haryana,Panchgaon,"Amity University, Panchgaon - IITM",21-08-2026 10:00:00,28.3153,76.9143,CO,76,96,87
India,Haryana,Panchkula,"Sector-6, Panchkula - HSPCB ",21-08-2026 10:00:00,30.7057778,76.8531805555555,NO2,27,33,29
India,Haryana,Panchkula,"Sector-6, Panchkula - HSPCB ",21-08-2026 10:00:00,30.7057778,76.8531805555555,SO2,9,14,11
India,Haryana,Panipat,"Sector-18, Panipat - HSPCB",21-08-2026 10:00:00,29.432304,76.972765,PM2.5,13,321,134
India,Haryana,Sonipat,"Murthal, Sonipat - HSPCB",21-08-2026 10:00:00,29.0272,77.0621,PM10,38,107,72
India,Haryana,Yamuna Nagar,"Gobind Pura, Yamuna Nagar - HSPCB",21-08-2026 10:00:00,30.1480566,77.2893471,PM10,58,115,87
India,Haryana,Faridabad,"Sector 30, Faridabad - HSPCB",21-08-2026 10:00:00,28.4417,77.3217,CO,60,65,62
India,Haryana,Fatehabad,"Huda Sector, Fatehabad - HSPCB",21-08-2026 10:00:00,29.503664,75.467934,PM10,30,40,34
India,Haryana,Fatehabad,"Huda Sector, Fatehabad - HSPCB",21-08-2026 10:00:00,29.503664,75.467934,NO2,18,21,19
India,Haryana,Gurugram,"Teri Gram, Gurugram - HSPCB",21-08-2026 10:00:00,28.4275,77.1465,PM10,91,495,166
India,Karnataka,Yadgir,"Collector Office, Yadgir - KSPCB",21-08-2026 10:00:00,16.7602,77.1428,PM2.5,7,32,15
India,Karnataka,Yadgir,"Collector Office, Yadgir - KSPCB",21-08-2026 10:00:00,16.7602,77.1428,PM10,25,68,42
India,Karnataka,Yadgir,"Collector Office, Yadgir - KSPCB",21-08-2026 10:00:00,16.7602,77.1428,OZONE,28,34,31
India,Kerala,Eloor,"Udyogamandal, Eloor - Kerala PCB",21-08-2026 10:00:00,10.073232,76.302765,PM2.5,32,39,35
India,Maharashtra,Bhiwandi,"Gokul Nagar, Bhiwandi - MPCB",21-08-2026 10:00:00,19.309073,73.057223,CO,15,22,17
India,Maharashtra,Boisar,"Khaira, Boisar - MPCB",21-08-2026 10:00:00,19.786089,72.757971,PM2.5,17,34,25
India,Maharashtra,Boisar,"Khaira, Boisar - MPCB",21-08-2026 10:00:00,19.786089,72.757971,PM10,28,49,36
India,Maharashtra,Chandrapur,"MIDC Khutala, Chandrapur - MPCB",21-08-2026 10:00:00,19.9775302,79.2337086,PM10,NA,NA,NA
India,Maharashtra,Chandrapur,"Chauhan Colony, Chandrapur - MPCB",21-08-2026 10:00:00,19.9629,79.298714,NO2,12,16,14
India,Maharashtra,Chandrapur,"Chauhan Colony, Chandrapur - MPCB",21-08-2026 10:00:00,19.9629,79.298714,SO2,10,13,11
India,Maharashtra,Dhule,"Deopur, Dhule - MPCB",21-08-2026 10:00:00,20.918946,74.776388,NH3,1,1,1
India,Maharashtra,Dombivli,"Kalu Nagar, Dombivli - MPCB",21-08-2026 10:00:00,19.2268427,73.0788456,NO2,4,20,11
India,Maharashtra,Dombivli,"Kalu Nagar, Dombivli - MPCB",21-08-2026 10:00:00,19.2268427,73.0788456,CO,6,12,9
India,Maharashtra,Hingoli,"Ashta Vinayak Nagar, Hingoli - MPCB",21-08-2026 10:00:00,19.710842,77.151824,CO,9,13,11
India,Maharashtra,Jalna,"Old MIDC, Jalna - MPCB",21-08-2026 10:00:00,19.854616,75.905894,CO,27,32,30
India,Maharashtra,Jalna,"Old MIDC, Jalna - MPCB",21-08-2026 10:00:00,19.854616,75.905894,OZONE,26,38,32
India,Maharashtra,Kalyan,"Khadakpada, Kalyan - MPCB",21-08-2026 10:00:00,19.25292,73.142019,PM10,86,270,149
India,Madhya Pradesh,Bhopal,"T T Nagar, Bhopal - MPPCB",21-08-2026 10:00:00,23.233584,77.400574,CO,22,28,25
India,Madhya Pradesh,Bhopal,"T T Nagar, Bhopal - MPPCB",21-08-2026 10:00:00,23.233584,77.400574,OZONE,21,28,24
India,Madhya Pradesh,Damoh,"Shrivastav Colony, Damoh - MPPCB",21-08-2026 10:00:00,23.81748678,79.446246,PM10,12,44,29
India,Madhya Pradesh,Damoh,"Shrivastav Colony, Damoh - MPPCB",21-08-2026 10:00:00,23.81748678,79.446246,SO2,44,57,51
India,Madhya Pradesh,Dewas,"Bhopal Chauraha, Dewas - MPPCB",21-08-2026 10:00:00,22.9682591,76.064118,SO2,44,65,55
India,Madhya Pradesh,Gwalior,"Maharaj Bada, Gwalior - MPPCB",21-08-2026 10:00:00,26.200388,78.147714,PM10,11,494,118
India,Madhya Pradesh,Gwalior,"Maharaj Bada, Gwalior - MPPCB",21-08-2026 10:00:00,26.200388,78.147714,NO2,11,28,19
India,Madhya Pradesh,Gwalior,"Maharaj Bada, Gwalior - MPPCB",21-08-2026 10:00:00,26.200388,78.147714,OZONE,24,30,27
India,Madhya Pradesh,Gwalior,"City Center, Gwalior - MPPCB",21-08-2026 10:00:00,26.203442,78.193251,NO2,43,59,51
India,Madhya Pradesh,Gwalior,"City Center, Gwalior - MPPCB",21-08-2026 10:00:00,26.203442,78.193251,NH3,1,3,2
India,Madhya Pradesh,Gwalior,"Deen Dayal Nagar, Gwalior - MPPCB",21-08-2026 10:00:00,26.259242,78.216432,PM2.5,10,52,29
India,Madhya Pradesh,Indore,"Regional Park, Indore - IMC",21-08-2026 10:00:00,22.678,75.8559,OZONE,5,5,5
India,Madhya Pradesh,Indore,"Chhoti Gwaltoli, Indore - MPPCB",21-08-2026 10:00:00,22.431,75.5213,NO2,55,84,66
India,Madhya Pradesh,Satna,"Bandhavgar Colony, Satna - Birla Cement",21-08-2026 10:00:00,24.58434363,80.8549414,CO,13,21,16
India,Madhya Pradesh,Singrauli,"Suryakiran Bhawan NCL, Singrauli - MPPCB",21-08-2026 10:00:00,24.10897,82.64558,SO2,13,13,13
India,Madhya Pradesh,Singrauli,"Suryakiran Bhawan NCL, Singrauli - MPPCB",21-08-2026 10:00:00,24.10897,82.64558,OZONE,10,14,12
India,Madhya Pradesh,Ujjain,"Mahashweta Nagar, Ujjain - MPPCB",21-08-2026 10:00:00,23.1633321,75.800225,OZONE,29,42,36
India,Maharashtra,Ahmednagar,"Tarakpur, Ahmednagar - MPCB",21-08-2026 10:00:00,19.10122,74.73339,NO2,5,21,11
India,Maharashtra,Ahmednagar,"Tarakpur, Ahmednagar - MPCB",21-08-2026 10:00:00,19.10122,74.73339,NH3,0,2,1
India,Maharashtra,Ambernath,"Chinchpada, Ambernath - MPCB",21-08-2026 10:00:00,19.215784,73.199781,PM10,62,115,88
India,Maharashtra,Ambernath,"Chinchpada, Ambernath - MPCB",21-08-2026 10:00:00,19.215784,73.199781,CO,6,12,9
India,Maharashtra,Amravati,"Shivneri Colony, Amravati - MPCB",21-08-2026 10:00:00,20.9402359,77.7895248,PM10,37,67,51
India,Maharashtra,Mumbai,"Byculla, Mumbai - BMC",21-08-2026 10:00:00,18.9767,72.838,CO,11,21,17
India,Maharashtra,Mumbai,"Mindspace-Malad West, Mumbai - MPCB",21-08-2026 10:00:00,19.1878657,72.8304069,PM2.5,12,21,13
India,Maharashtra,Mumbai,"Mindspace-Malad West, Mumbai - MPCB",21-08-2026 10:00:00,19.1878657,72.8304069,PM10,27,38,28
India,Maharashtra,Mumbai,"Mindspace-Malad West, Mumbai - MPCB",21-08-2026 10:00:00,19.1878657,72.8304069,CO,15,15,15
India,Maharashtra,Mumbai,"Worli, Mumbai - MPCB",21-08-2026 10:00:00,18.9936162,72.8128113,PM10,53,78,64
India,Maharashtra,Mumbai,"Navy Nagar-Colaba, Mumbai - IITM",21-08-2026 10:00:00,18.897756,72.81332,NO2,33,44,38
India,Maharashtra,Mumbai,"Navy Nagar-Colaba, Mumbai - IITM",21-08-2026 10:00:00,18.897756,72.81332,SO2,0,11,5
India,Maharashtra,Mumbai,"Mulund West, Mumbai - MPCB",21-08-2026 10:00:00,19.175,72.9419,PM10,NA,NA,NA
India,Maharashtra,Mumbai,"Mulund West, Mumbai - MPCB",21-08-2026 10:00:00,19.175,72.9419,OZONE,NA,NA,NA
India,Maharashtra,Mumbai,"Chembur, Mumbai - MPCB",21-08-2026 10:00:00,19.0364585,72.8954371,NH3,16,32,23
India,Maharashtra,Kalyan,"Pimpleshwar Mandir, Kalyan - MPCB",21-08-2026 10:00:00,19.192056,72.9585188,NO2,NA,NA,NA
India,Maharashtra,Kalyan,"Pimpleshwar Mandir, Kalyan - MPCB",21-08-2026 10:00:00,19.192056,72.9585188,NH3,NA,NA,NA
India,Maharashtra,Kolhapur,"Sinchan Bhavan, Kolhapur - MPCB",21-08-2026 10:00:00,16.7143745,74.2426398,PM10,15,47,28
India,Maharashtra,Kolhapur,"Shivaji University, Kolhapur - MPCB",21-08-2026 10:00:00,16.6870449,74.2505872,NO2,NA,NA,NA
India,Maharashtra,Latur,"Sawe Wadi, Latur - MPCB",21-08-2026 10:00:00,18.39963,76.57452,PM2.5,12,84,47
India,Maharashtra,Latur,"Sawe Wadi, Latur - MPCB",21-08-2026 10:00:00,18.39963,76.57452,OZONE,7,21,13
India,Maharashtra,Mira-Bhayandar,"Bhayandar West, Mira-Bhayandar - MPCB",21-08-2026 10:00:00,19.296481,72.840923,PM10,16,40,29
India,Maharashtra,Mumbai,"Shivaji Nagar, Mumbai - BMC",21-08-2026 10:00:00,19.060498,72.923356,PM2.5,12,37,24
India,Madhya Pradesh,Mandideep,"Sector-D Industrial Area, Mandideep - MPPCB",21-08-2026 10:00:00,23.10844,77.511428,PM2.5,23,72,55
India,Madhya Pradesh,Mandideep,"Sector-D Industrial Area, Mandideep - MPPCB",21-08-2026 10:00:00,23.10844,77.511428,NH3,3,3,3
India,Madhya Pradesh,Mandideep,"Sector-D Industrial Area, Mandideep - MPPCB",21-08-2026 10:00:00,23.10844,77.511428,SO2,2,6,4
India,Madhya Pradesh,Pithampur,"Sector-2 Industrial Area, Pithampur - MPPCB",21-08-2026 10:00:00,22.624758,75.675238,NO2,9,42,19
India,Madhya Pradesh,Pithampur,"Sector-2 Industrial Area, Pithampur - MPPCB",21-08-2026 10:00:00,22.624758,75.675238,SO2,27,54,37
India,Madhya Pradesh,Ratlam,"Shasthri Nagar, Ratlam - IPCA Lab",21-08-2026 10:00:00,23.331731,75.045981,PM2.5,3,61,39
India,Madhya Pradesh,Ratlam,"Shasthri Nagar, Ratlam - IPCA Lab",21-08-2026 10:00:00,23.331731,75.045981,PM10,24,78,46
India,Madhya Pradesh,Ratlam,"Shasthri Nagar, Ratlam - IPCA Lab",21-08-2026 10:00:00,23.331731,75.045981,NH3,NA,NA,NA
India,Madhya Pradesh,Ratlam,"Shasthri Nagar, Ratlam - IPCA Lab",21-08-2026 10:00:00,23.331731,75.045981,OZONE,NA,NA,NA
India,Madhya Pradesh,Indore,"Airport Area, Indore - IMC",21-08-2026 10:00:00,22.7289,75.8076,NH3,0,0,0
India,Madhya Pradesh,Indore,"Airport Area, Indore - IMC",21-08-2026 10:00:00,22.7289,75.8076,OZONE,4,5,5
India,Madhya Pradesh,Indore,"Residency Area, Indore - IMC",21-08-2026 10:00:00,22.7084,75.8815,NO2,NA,NA,NA
India,Madhya Pradesh,Indore,"Residency Area, Indore - IMC",21-08-2026 10:00:00,22.7084,75.8815,NH3,0,0,0
India,Madhya Pradesh,Jabalpur,"Suhagi, Jabalpur - JMC",21-08-2026 10:00:00,23.218135,79.95777,PM2.5,32,92,57
India,Madhya Pradesh,Jabalpur,"Suhagi, Jabalpur - JMC",21-08-2026 10:00:00,23.218135,79.95777,PM10,32,77,48
India,Madhya Pradesh,Jabalpur,"Suhagi, Jabalpur - JMC",21-08-2026 10:00:00,23.218135,79.95777,NO2,35,44,40
India,Madhya Pradesh,Katni,"Gole Bazar, Katni - MPPCB",21-08-2026 10:00:00,23.50016,80.23284,NH3,2,2,2
India,Maharashtra,Aurangabad,"Rachnakar Colony, Aurangabad - MPCB",21-08-2026 10:00:00,19.863756,75.321188,NH3,0,2,1
India,Maharashtra,Aurangabad,"More Chowk Waluj, Aurangabad - MPCB",21-08-2026 10:00:00,19.8389439,75.244448,SO2,25,30,28
India,Maharashtra,Beed,"Bir, Beed - MPCB",21-08-2026 10:00:00,18.988474,75.753873,NH3,2,3,2
India,Maharashtra,Beed,"Bir, Beed - MPCB",21-08-2026 10:00:00,18.988474,75.753873,CO,7,13,10
India,Maharashtra,Belapur,"CBD Belapur, Belapur - MPCB",21-08-2026 10:00:00,19.0243902,73.0406721,NH3,NA,NA,NA
India,Maharashtra,Bhiwandi,"Gokul Nagar, Bhiwandi - MPCB",21-08-2026 10:00:00,19.309073,73.057223,PM2.5,24,37,30
India,Maharashtra,Mumbai,"Sion, Mumbai - MPCB",21-08-2026 10:00:00,19.047,72.8746,PM10,1,24,13
India,Maharashtra,Mumbai,"Sion, Mumbai - MPCB",21-08-2026 10:00:00,19.047,72.8746,NH3,1,2,1
India,Maharashtra,Mumbai,"Bandra Kurla Complex, Mumbai - MPCB",21-08-2026 10:00:00,19.065931,72.862131,PM10,NA,NA,NA
India,Maharashtra,Mumbai,"Bandra Kurla Complex, Mumbai - MPCB",21-08-2026 10:00:00,19.065931,72.862131,NO2,NA,NA,NA
India,Maharashtra,Pune,"Dhankawadi, Pune - IITM",21-08-2026 10:00:00,18.459883,73.852193,NH3,NA,NA,NA
India,Maharashtra,Pune,"Dhankawadi, Pune - IITM",21-08-2026 10:00:00,18.459883,73.852193,CO,33,64,50
India,Maharashtra,Pune,"Panchawati_Pashan, Pune - IITM",21-08-2026 10:00:00,18.536457,73.805454,SO2,NA,NA,NA
India,Maharashtra,Pune,"Panchawati_Pashan, Pune - IITM",21-08-2026 10:00:00,18.536457,73.805454,CO,1,51,21
India,Maharashtra,Pune,"Savitribai Phule Pune University, Pune - MPCB",21-08-2026 10:00:00,18.547056,73.826908,NO2,2,10,6
India,Maharashtra,Sangli,"Vijay Nagar, Sangli - MPCB",21-08-2026 10:00:00,16.5038,74.3623,PM2.5,15,34,26
India,Maharashtra,Sangli,"Vijay Nagar, Sangli - MPCB",21-08-2026 10:00:00,16.5038,74.3623,CO,17,28,21
India,Maharashtra,Satara,"Koyana Nagar, Satara - MPCB",21-08-2026 10:00:00,17.696651,74.003387,PM10,13,136,69
India,Maharashtra,Solapur,"Dnyaneshwar Nagar, Solapur - MPCB",21-08-2026 10:00:00,17.6336264,75.9132495,NH3,6,17,9
India,Maharashtra,Solapur,"Dnyaneshwar Nagar, Solapur - MPCB",21-08-2026 10:00:00,17.6336264,75.9132495,SO2,1,4,2
India,Maharashtra,Solapur,"Dnyaneshwar Nagar, Solapur - MPCB",21-08-2026 10:00:00,17.6336264,75.9132495,CO,7,16,11
India,Maharashtra,Solapur,"Ratandeep Housing Society, Solapur - MPCB",21-08-2026 10:00:00,17.65439,75.90649,NH3,3,8,5
India,Maharashtra,Solapur,"Ratandeep Housing Society, Solapur - MPCB",21-08-2026 10:00:00,17.65439,75.90649,SO2,0,1,1
India,Maharashtra,Solapur,"Ratandeep Housing Society, Solapur - MPCB",21-08-2026 10:00:00,17.65439,75.90649,OZONE,4,87,19
India,Maharashtra,Thane,"Upvan Fort, Thane - MPCB",21-08-2026 10:00:00,19.222279,72.957979,PM2.5,8,24,16
India,Maharashtra,Thane,"Upvan Fort, Thane - MPCB",21-08-2026 10:00:00,19.222279,72.957979,CO,6,20,10
India,Maharashtra,Thane,"Kasarvadavali, Thane - MPCB",21-08-2026 10:00:00,19.26777,72.97182,NH3,0,1,0
India,Maharashtra,Thane,"Kasarvadavali, Thane - MPCB",21-08-2026 10:00:00,19.26777,72.97182,SO2,4,7,7
India,Maharashtra,Thane,"Kasarvadavali, Thane - MPCB",21-08-2026 10:00:00,19.26777,72.97182,OZONE,6,14,11
India,Maharashtra,Ulhasnagar,"Sidhi Vinayak Nagar, Ulhasnagar - MPCB",21-08-2026 10:00:00,19.235581,73.159121,NO2,1,11,7
India,Odisha,Baripada,"Meher Colony, Baripada - OSPCB",21-08-2026 10:00:00,21.941841,86.728318,NH3,1,4,3
India,Odisha,Bhubaneswar,"Patia, Bhubaneswar - OSPCB",21-08-2026 10:00:00,20.34652,85.8163,SO2,7,10,9
India,Odisha,Bhubaneswar,"Patia, Bhubaneswar - OSPCB",21-08-2026 10:00:00,20.34652,85.8163,CO,32,51,44
India,Odisha,Bhubaneswar,"Patia, Bhubaneswar - OSPCB",21-08-2026 10:00:00,20.34652,85.8163,OZONE,8,39,22
India,Odisha,Bhubaneswar,"Lingraj Mandir, Bhubaneswar - OSPCB",21-08-2026 10:00:00,20.24079,85.836784,PM2.5,3,190,44
India,Odisha,Bileipada,"Tata Township, Bileipada - OSPCB",21-08-2026 10:00:00,22.06156703,85.47409613,OZONE,17,17,17
India,Odisha,Brajrajnagar,"GM Office, Brajrajnagar - OSPCB",21-08-2026 10:00:00,21.8004996,83.8396977,PM2.5,7,81,22
India,Odisha,Brajrajnagar,"GM Office, Brajrajnagar - OSPCB",21-08-2026 10:00:00,21.8004996,83.8396977,NH3,4,4,4
India,Odisha,Brajrajnagar,"GM Office, Brajrajnagar - OSPCB",21-08-2026 10:00:00,21.8004996,83.8396977,CO,43,50,46
India,Odisha,Cuttack,"CDA Area, Cuttack - OSPCB",21-08-2026 10:00:00,20.48891,85.84768,CO,29,39,33
India,Odisha,Keonjhar,"Jagamohanpur, Keonjhar - OSPCB",21-08-2026 10:00:00,21.6439,85.599355,NO2,12,15,13
India,Odisha,Rairangpur,"Divisional Forest Office, Rairangpur - OSPCB",21-08-2026 10:00:00,22.265816,86.174829,NO2,5,6,6
India,Odisha,Rairangpur,"Divisional Forest Office, Rairangpur - OSPCB",21-08-2026 10:00:00,22.265816,86.174829,NH3,3,4,3
India,Odisha,Rairangpur,"Divisional Forest Office, Rairangpur - OSPCB",21-08-2026 10:00:00,22.265816,86.174829,OZONE,2,7,4
India,Odisha,Rourkela,"Sector-2, Rourkela - OSPCB",21-08-2026 10:00:00,22.245,84.88111111,CO,13,13,13
India,Odisha,Rourkela,"Raghunathpali, Rourkela - OSPCB",21-08-2026 10:00:00,22.220833,84.809444,OZONE,6,6,6
India,Maharashtra,Ulhasnagar,"Vithalwadi, Ulhasnagar - MPCB",21-08-2026 10:00:00,19.2307571,73.155192,SO2,8,13,9
India,Meghalaya,Byrnihat,"15th Mile-Nongthymmai, Byrnihat -Meghalaya PCB",21-08-2026 10:00:00,26.079047,91.875185,NH3,0,1,0
India,Meghalaya,Byrnihat,"15th Mile-Nongthymmai, Byrnihat -Meghalaya PCB",21-08-2026 10:00:00,26.079047,91.875185,SO2,0,20,5
India,Meghalaya,Shillong,"JN Stadium, Shillong - Meghalaya PCB",21-08-2026 10:00:00,25.5803419,91.8942571,SO2,26,31,29
India,Meghalaya,Shillong,"Lumpyngngad, Shillong - Meghalaya PCB",21-08-2026 10:00:00,25.5586,91.8985,SO2,11,13,12
India,Meghalaya,Shillong,"Lumpyngngad, Shillong - Meghalaya PCB",21-08-2026 10:00:00,25.5586,91.8985,OZONE,10,16,13
India,Mizoram,Aizawl,"Sikulpuikawn, Aizawl - Mizoram PCB",21-08-2026 10:00:00,23.7176342,92.7192841,SO2,14,15,14
India,Nagaland,Kohima,"PWD Junction, Kohima - NPCB",21-08-2026 10:00:00,25.6635413,94.0989878,NO2,3,4,3
India,Odisha,Angul,"Hakimapada, Angul - OSPCB",21-08-2026 10:00:00,20.832874,85.104082,PM2.5,28,78,46
India,Odisha,Angul,"Hakimapada, Angul - OSPCB",21-08-2026 10:00:00,20.832874,85.104082,OZONE,9,76,31
India,Odisha,Barbil,"Forest Office, Barbil - OSPCB",21-08-2026 10:00:00,22.1166054,85.3945546,NH3,1,2,2
India,Maharashtra,Nagpur,"Opp GPO Civil Lines, Nagpur - MPCB",21-08-2026 10:00:00,21.152875,79.0517531,NH3,5,5,5
India,Maharashtra,Nanded,"Sneh Nagar, Nanded - MPCB",21-08-2026 10:00:00,19.173852,77.296291,NO2,6,18,9
India,Maharashtra,Nashik,"Pandav Nagari, Nashik - MPCB",21-08-2026 10:00:00,19.9591346,73.7788008,CO,11,21,15
India,Maharashtra,Nashik,"Hirawadi, Nashik - MPCB",21-08-2026 10:00:00,20.021503,73.813844,PM10,22,44,32
India,Maharashtra,Nashik,"Hirawadi, Nashik - MPCB",21-08-2026 10:00:00,20.021503,73.813844,NO2,1,13,2
India,Maharashtra,Nashik,"Hirawadi, Nashik - MPCB",21-08-2026 10:00:00,20.021503,73.813844,SO2,4,8,6
India,Maharashtra,Nashik,"Hirawadi, Nashik - MPCB",21-08-2026 10:00:00,20.021503,73.813844,OZONE,12,17,15
India,Maharashtra,Nashik,"MIDC Ambad, Nashik - MPCB",21-08-2026 10:00:00,19.95022,73.73148,PM2.5,14,39,27
India,Maharashtra,Navi Mumbai,"Kopripada-Vashi, Navi Mumbai - MPCB",21-08-2026 10:00:00,19.090337,73.014232,PM10,31,60,43
India,Maharashtra,Navi Mumbai,"Kopripada-Vashi, Navi Mumbai - MPCB",21-08-2026 10:00:00,19.090337,73.014232,NO2,6,13,9
India,Maharashtra,Navi Mumbai,"Kopripada-Vashi, Navi Mumbai - MPCB",21-08-2026 10:00:00,19.090337,73.014232,CO,10,30,19
India,Maharashtra,Navi Mumbai,"Tondare-Taloja, Navi Mumbai - MPCB",21-08-2026 10:00:00,19.063,73.1209,CO,37,48,44
India,Maharashtra,Navi Mumbai,"Sanpada, Navi Mumbai - MPCB",21-08-2026 10:00:00,19.0575752,73.0151367,CO,5,25,11
India,Maharashtra,Navi Mumbai,"Sanpada, Navi Mumbai - MPCB",21-08-2026 10:00:00,19.0575752,73.0151367,OZONE,5,14,8
India,Maharashtra,Navi Mumbai,"Sector-2E Kalamboli, Navi Mumbai - MPCB",21-08-2026 10:00:00,19.02579,73.10297,PM10,26,44,34
India,Maharashtra,Parbhani,"Masoom Colony, Parbhani - MPCB",21-08-2026 10:00:00,19.265594,76.761463,SO2,NA,NA,NA
India,Maharashtra,Pimpri-Chinchwad,"Gavalinagar, Pimpri Chinchwad - MPCB",21-08-2026 10:00:00,18.63673,73.82487,NO2,6,24,13
India,Maharashtra,Pimpri-Chinchwad,"Gavalinagar, Pimpri Chinchwad - MPCB",21-08-2026 10:00:00,18.63673,73.82487,SO2,1,1,1
India,Maharashtra,Pimpri-Chinchwad,"Gavalinagar, Pimpri Chinchwad - MPCB",21-08-2026 10:00:00,18.63673,73.82487,OZONE,2,9,5
India,Maharashtra,Pimpri-Chinchwad,"Bhosari, Pune - IITM",21-08-2026 10:00:00,18.640051,73.848956,OZONE,11,17,14
India,Odisha,Rourkela,"Fertilizer Township, Rourkela - OSPCB",21-08-2026 10:00:00,22.18972222,84.86277778,SO2,11,12,11
India,Odisha,Rourkela,"Fertilizer Township, Rourkela - OSPCB",21-08-2026 10:00:00,22.18972222,84.86277778,CO,23,27,25
India,Odisha,Talcher,"Talcher Coalfields,Talcher - OSPCB",21-08-2026 10:00:00,20.9360711,85.1707021,OZONE,16,18,17
India,Odisha,Tensa,"Barsua Iron Ore Mines, Tensa - OSPCB",21-08-2026 10:00:00,21.869985,85.167016,PM2.5,9,17,11
India,Punjab,Amritsar,"Golden Temple, Amritsar - PPCB",21-08-2026 10:00:00,31.62,74.876512,NH3,4,5,5
India,Punjab,Amritsar,"Golden Temple, Amritsar - PPCB",21-08-2026 10:00:00,31.62,74.876512,SO2,15,28,17
India,Punjab,Amritsar,"Golden Temple, Amritsar - PPCB",21-08-2026 10:00:00,31.62,74.876512,CO,38,42,40
India,Punjab,Bathinda,"Hardev Nagar, Bathinda - PPCB",21-08-2026 10:00:00,30.233011,74.907758,NH3,NA,NA,NA
India,Maharashtra,Mumbai,"Chakala-Andheri East, Mumbai - IITM",21-08-2026 10:00:00,19.11074,72.86084,CO,6,18,12
India,Maharashtra,Mumbai,"Kurla, Mumbai - MPCB",21-08-2026 10:00:00,19.0863,72.8888,PM10,34,71,50
India,Maharashtra,Mumbai,"Deonar, Mumbai - IITM",21-08-2026 10:00:00,19.04946,72.923,CO,13,30,19
India,Maharashtra,Mumbai,"Deonar, Mumbai - IITM",21-08-2026 10:00:00,19.04946,72.923,OZONE,7,15,10
India,Maharashtra,Mumbai,"Chhatrapati Shivaji Intl. Airport (T2), Mumbai - MPCB",21-08-2026 10:00:00,19.10078,72.87462,SO2,7,8,7
India,Maharashtra,Nagpur,"Mahal, Nagpur - MPCB",21-08-2026 10:00:00,21.14472,79.107595,PM2.5,34,88,51
India,Maharashtra,Nagpur,"Mahal, Nagpur - MPCB",21-08-2026 10:00:00,21.14472,79.107595,NH3,1,5,3
India,Maharashtra,Pimpri-Chinchwad,"Transport Nagar-Nigdi, Pune - IITM",21-08-2026 10:00:00,18.664282,73.763966,CO,42,60,50
India,Maharashtra,Pimpri-Chinchwad,"Park Street Wakad, Pimpri Chinchwad - MPCB",21-08-2026 10:00:00,18.59051,73.77946,SO2,NA,NA,NA
India,Maharashtra,Pimpri-Chinchwad,"Savta Mali Nagar, Pimpri-Chinchwad - IITM",21-08-2026 10:00:00,18.614767,73.799516,NO2,13,34,22
India,Maharashtra,Pimpri-Chinchwad,"Savta Mali Nagar, Pimpri-Chinchwad - IITM",21-08-2026 10:00:00,18.614767,73.799516,SO2,NA,NA,NA
India,Maharashtra,Pimpri-Chinchwad,"Savta Mali Nagar, Pimpri-Chinchwad - IITM",21-08-2026 10:00:00,18.614767,73.799516,OZONE,2,18,7
India,Maharashtra,Pune,"Hadapsar, Pune - IITM",21-08-2026 10:00:00,18.501793,73.927532,PM10,40,106,71
India,Maharashtra,Pune,"Hadapsar, Pune - IITM",21-08-2026 10:00:00,18.501793,73.927532,SO2,NA,NA,NA
India,Maharashtra,Mumbai,"Chembur, Mumbai - MPCB",21-08-2026 10:00:00,19.0364585,72.8954371,OZONE,NA,NA,NA
India,Maharashtra,Mumbai,"Khindipada-Bhandup West, Mumbai - IITM",21-08-2026 10:00:00,19.1653323,72.922099,NO2,8,10,9
India,Maharashtra,Mumbai,"Malad West, Mumbai - IITM",21-08-2026 10:00:00,19.19709,72.82204,PM10,15,40,24
India,Maharashtra,Mumbai,"Borivali East, Mumbai - IITM",21-08-2026 10:00:00,19.23241,72.86895,CO,8,30,17
India,Maharashtra,Mumbai,"Mazgaon, Mumbai - IITM",21-08-2026 10:00:00,18.96702,72.84214,OZONE,14,18,16
India,Maharashtra,Mumbai,"Chakala-Andheri East, Mumbai - IITM",21-08-2026 10:00:00,19.11074,72.86084,PM10,22,55,37
India,Rajasthan,Bhiwadi,"RIICO Ind. Area III, Bhiwadi - RSPCB",21-08-2026 10:00:00,28.194909,76.862296,CO,52,107,71
India,Rajasthan,Bikaner,"MM Ground, Bikaner - RSPCB",21-08-2026 10:00:00,28.018792,73.292658,PM2.5,12,43,30
India,Rajasthan,Bikaner,"MM Ground, Bikaner - RSPCB",21-08-2026 10:00:00,28.018792,73.292658,OZONE,15,31,23
India,Rajasthan,Bundi,"New Colony, Bundi - RSPCB",21-08-2026 10:00:00,25.435774,75.644272,OZONE,16,23,20
India,Rajasthan,Chittorgarh,"Shastri Nagar, Chittorgarh - RSPCB",21-08-2026 10:00:00,24.892047,74.623527,PM2.5,15,117,75
India,Rajasthan,Chittorgarh,"Shastri Nagar, Chittorgarh - RSPCB",21-08-2026 10:00:00,24.892047,74.623527,NH3,9,12,10
India,Rajasthan,Chittorgarh,"Shastri Nagar, Chittorgarh - RSPCB",21-08-2026 10:00:00,24.892047,74.623527,CO,4,10,6
India,Rajasthan,Churu,"Subash Chowk, Churu - RSPCB",21-08-2026 10:00:00,28.296139,74.961696,NO2,3,10,5
India,Rajasthan,Dausa,"Khatikan Mohalla, Dausa - RSPCB",21-08-2026 10:00:00,26.895552,76.334753,OZONE,15,23,20
India,Rajasthan,Dholpur,"Raja Ganj, Dholpur - RSPCB",21-08-2026 10:00:00,26.699557,77.898881,NH3,4,24,7
India,Rajasthan,Dholpur,"Raja Ganj, Dholpur - RSPCB",21-08-2026 10:00:00,26.699557,77.898881,SO2,1,5,3
India,Rajasthan,Dholpur,"Raja Ganj, Dholpur - RSPCB",21-08-2026 10:00:00,26.699557,77.898881,OZONE,16,21,18
India,Rajasthan,Dungarpur,"Bhoiwada, Dungarpur - RSPCB",21-08-2026 10:00:00,23.837789,73.714926,PM2.5,22,57,35
India,Rajasthan,Dungarpur,"Bhoiwada, Dungarpur - RSPCB",21-08-2026 10:00:00,23.837789,73.714926,NO2,5,8,7
India,Rajasthan,Dungarpur,"Bhoiwada, Dungarpur - RSPCB",21-08-2026 10:00:00,23.837789,73.714926,SO2,NA,NA,NA
India,Rajasthan,Dungarpur,"Bhoiwada, Dungarpur - RSPCB",21-08-2026 10:00:00,23.837789,73.714926,OZONE,11,22,15
India,Rajasthan,Hanumangarh,"Housing Board, Hanumangarh - RSPCB",21-08-2026 10:00:00,29.61075,74.283608,PM2.5,20,54,40
India,Rajasthan,Hanumangarh,"Housing Board, Hanumangarh - RSPCB",21-08-2026 10:00:00,29.61075,74.283608,PM10,48,94,74
India,Rajasthan,Hanumangarh,"Housing Board, Hanumangarh - RSPCB",21-08-2026 10:00:00,29.61075,74.283608,NO2,1,15,5
India,Rajasthan,Hanumangarh,"Housing Board, Hanumangarh - RSPCB",21-08-2026 10:00:00,29.61075,74.283608,NH3,5,11,7
India,Rajasthan,Jaipur,"Mansarovar Sector-12, Jaipur - RSPCB",21-08-2026 10:00:00,26.843698,75.766894,PM2.5,28,48,37
India,Rajasthan,Jaipur,"Sector-2 Murlipura, Jaipur - RSPCB",21-08-2026 10:00:00,26.960669,75.771817,CO,40,72,50
India,Rajasthan,Jaipur,"Police Commissionerate, Jaipur - RSPCB",21-08-2026 10:00:00,26.9164092,75.7994901,PM2.5,65,107,83
India,Rajasthan,Jaipur,"Police Commissionerate, Jaipur - RSPCB",21-08-2026 10:00:00,26.9164092,75.7994901,OZONE,28,32,30
India,Rajasthan,Jaipur,"RIICO Sitapura, Jaipur - RSPCB",21-08-2026 10:00:00,26.786682,75.827928,SO2,2,55,7
India,Rajasthan,Jaipur,"Shastri Nagar, Jaipur - RSPCB",21-08-2026 10:00:00,26.9502929,75.730943,NH3,7,14,10
India,Rajasthan,Jaipur,"Adarsh Nagar, Jaipur - RSPCB",21-08-2026 10:00:00,26.902909,75.836858,PM2.5,34,83,53
India,Rajasthan,Jaipur,"Adarsh Nagar, Jaipur - RSPCB",21-08-2026 10:00:00,26.902909,75.836858,NH3,3,7,5
India,Rajasthan,Jaipur,"Adarsh Nagar, Jaipur - RSPCB",21-08-2026 10:00:00,26.902909,75.836858,SO2,19,31,24
India,Rajasthan,Jaipur,"Adarsh Nagar, Jaipur - RSPCB",21-08-2026 10:00:00,26.902909,75.836858,CO,19,43,29
India,Rajasthan,Jalore,"Mudtra Sili, Jalore - RSPCB",21-08-2026 10:00:00,25.344694,72.626208,NH3,3,9,5
India,Rajasthan,Jalore,"Mudtra Sili, Jalore - RSPCB",21-08-2026 10:00:00,25.344694,72.626208,SO2,3,3,3
India,Rajasthan,Jalore,"Mudtra Sili, Jalore - RSPCB",21-08-2026 10:00:00,25.344694,72.626208,CO,11,20,14
India,Punjab,Jalandhar,"Civil Line, Jalandhar - PPCB",21-08-2026 10:00:00,31.321907,75.578914,OZONE,48,52,50
India,Punjab,Ludhiana,"Punjab Agricultural University, Ludhiana - PPCB",21-08-2026 10:00:00,30.9028,75.8086,PM2.5,42,176,108
India,Punjab,Mandi Gobindgarh,"RIMT University, Mandi Gobindgarh - PPCB",21-08-2026 10:00:00,30.649961,76.331442,NO2,24,24,24
India,Punjab,Mandi Gobindgarh,"RIMT University, Mandi Gobindgarh - PPCB",21-08-2026 10:00:00,30.649961,76.331442,OZONE,25,48,38
India,Punjab,Patiala,"Model Town, Patiala - PPCB",21-08-2026 10:00:00,30.349388,76.366642,NO2,8,22,15
India,Punjab,Patiala,"Model Town, Patiala - PPCB",21-08-2026 10:00:00,30.349388,76.366642,SO2,4,31,15
India,Punjab,Patiala,"Model Town, Patiala - PPCB",21-08-2026 10:00:00,30.349388,76.366642,OZONE,15,16,16
India,Punjab,Rupnagar,"Ratanpura, Rupnagar - Ambuja Cements",21-08-2026 10:00:00,31.0325454,76.5623046,PM2.5,7,93,24
India,Punjab,Rupnagar,"Ratanpura, Rupnagar - Ambuja Cements",21-08-2026 10:00:00,31.0325454,76.5623046,PM10,8,102,27
India,Punjab,Rupnagar,"Ratanpura, Rupnagar - Ambuja Cements",21-08-2026 10:00:00,31.0325454,76.5623046,NH3,NA,NA,NA
India,Punjab,Rupnagar,"Ratanpura, Rupnagar - Ambuja Cements",21-08-2026 10:00:00,31.0325454,76.5623046,SO2,7,13,10
India,Punjab,Rupnagar,"Ratanpura, Rupnagar - Ambuja Cements",21-08-2026 10:00:00,31.0325454,76.5623046,CO,52,60,56
India,Rajasthan,Pratapgarh,"Pragati Nagar, Pratapgarh - RSPCB",21-08-2026 10:00:00,24.041198,74.780702,CO,8,12,10
India,Rajasthan,Pratapgarh,"Pragati Nagar, Pratapgarh - RSPCB",21-08-2026 10:00:00,24.041198,74.780702,OZONE,16,33,22
India,Rajasthan,Rajsamand,"Dhoinda, Rajsamand - RSPCB",21-08-2026 10:00:00,25.03636,73.883502,NO2,10,15,13
India,Rajasthan,Rajsamand,"Dhoinda, Rajsamand - RSPCB",21-08-2026 10:00:00,25.03636,73.883502,OZONE,29,39,32
India,Rajasthan,Sawai Madhopur,"Sahu Nagar, Sawai Madhopur - RSPCB",21-08-2026 10:00:00,26.031443,76.359327,PM2.5,12,73,40
India,Rajasthan,Sikar,"Radhakishan Pura, Sikar - RSPCB",21-08-2026 10:00:00,27.608912,75.153302,PM10,120,160,138
India,Rajasthan,Sikar,"Radhakishan Pura, Sikar - RSPCB",21-08-2026 10:00:00,27.608912,75.153302,NO2,5,12,8
India,Rajasthan,Sikar,"Radhakishan Pura, Sikar - RSPCB",21-08-2026 10:00:00,27.608912,75.153302,SO2,4,5,4
India,Rajasthan,Sirohi,"Vedhaynath Colony, Sirohi - RSPCB",21-08-2026 10:00:00,24.885261,72.857549,PM10,52,72,63
India,Rajasthan,Sirohi,"Vedhaynath Colony, Sirohi - RSPCB",21-08-2026 10:00:00,24.885261,72.857549,CO,4,12,8
India,Rajasthan,Udaipur,"Ashok Nagar, Udaipur - RSPCB",21-08-2026 10:00:00,24.5886166,73.6321397,OZONE,7,23,15
India,Sikkim,Gangtok,"Zero Point GICI, Gangtok - SSPCB",21-08-2026 10:00:00,27.33853,88.614099,PM10,14,29,19
India,Sikkim,Gangtok,"Zero Point GICI, Gangtok - SSPCB",21-08-2026 10:00:00,27.33853,88.614099,NH3,1,3,1
India,Tamil Nadu,Chennai,"Arumbakkam, Chennai - TNPCB",21-08-2026 10:00:00,13.0664,80.2112,CO,NA,NA,NA
India,Tamil Nadu,Chennai,"Velachery Res. Area, Chennai - CPCB",21-08-2026 10:00:00,13.0052189,80.2398125,NH3,3,6,5
India,Tamil Nadu,Chennai,"Velachery Res. Area, Chennai - CPCB",21-08-2026 10:00:00,13.0052189,80.2398125,CO,NA,NA,NA
India,Tamil Nadu,Chennai,"Perungudi, Chennai - TNPCB",21-08-2026 10:00:00,12.9533,80.2357,CO,29,40,35
India,Tamil Nadu,Chennai,"Perungudi, Chennai - TNPCB",21-08-2026 10:00:00,12.9533,80.2357,OZONE,0,1,0
India,Tamil Nadu,Chennai,"Manali Village, Chennai - TNPCB",21-08-2026 10:00:00,13.1662,80.2584,PM2.5,23,39,30
India,Tamil Nadu,Chennai,"Manali Village, Chennai - TNPCB",21-08-2026 10:00:00,13.1662,80.2584,OZONE,36,303,228
India,Tamil Nadu,Chennai,"Manali, Chennai - CPCB",21-08-2026 10:00:00,13.164544,80.26285,PM10,38,91,62
India,Rajasthan,Jodhpur,"Samrat Ashok Udhyan, Jodhpur - RSPCB",21-08-2026 10:00:00,26.253384,72.976571,NH3,2,2,2
India,Rajasthan,Karauli,"Satyawati Vihar, Karauli - RSPCB",21-08-2026 10:00:00,26.506177,77.025989,SO2,7,15,11
India,Rajasthan,Kota,"Shrinath Puram, Kota - RSPCB",21-08-2026 10:00:00,25.14389,75.821256,PM2.5,29,63,51
India,Rajasthan,Nagaur,"Karni Colony, Nagaur - RSPCB",21-08-2026 10:00:00,27.213494,73.734444,NO2,5,12,7
India,Rajasthan,Pali,"Indira Colony Vistar, Pali - RSPCB",21-08-2026 10:00:00,25.771061,73.340227,PM2.5,58,113,81
India,Rajasthan,Pali,"Indira Colony Vistar, Pali - RSPCB",21-08-2026 10:00:00,25.771061,73.340227,PM10,NA,NA,NA
India,Rajasthan,Banswara,"Rati Talai, Banswara - RSPCB",21-08-2026 10:00:00,23.55519,74.44001,NO2,20,33,27
India,Rajasthan,Barmer,"Railway Colony, Barmer - RSPCB",21-08-2026 10:00:00,25.747299,71.393989,OZONE,16,24,21
India,Rajasthan,Bhilwara,"Pratap Nagar, Bhilwara - RSPCB",21-08-2026 10:00:00,25.339605,74.618883,PM10,71,129,103
India,Rajasthan,Bhiwadi,"RIICO Ind. Area III, Bhiwadi - RSPCB",21-08-2026 10:00:00,28.194909,76.862296,NO2,41,103,62
India,Rajasthan,Jalore,"Mudtra Sili, Jalore - RSPCB",21-08-2026 10:00:00,25.344694,72.626208,OZONE,23,31,25
India,Rajasthan,Jhalawar,"Rajlaxmi Nagar, Jhalawar - RSPCB",21-08-2026 10:00:00,24.588397,76.172782,PM2.5,33,60,46
India,Rajasthan,Jhunjhunu,"Indra Nagar, Jhunjhunu - RSPCB",21-08-2026 10:00:00,28.108988,75.386577,NO2,4,25,7
India,Rajasthan,Jodhpur,"Digari Kalan, Jodhpur - RSPCB",21-08-2026 10:00:00,26.29581,73.082283,NO2,11,30,16
India,Rajasthan,Alwar,"Moti Doongri, Alwar - RSPCB",21-08-2026 10:00:00,27.554793,76.611536,NH3,5,11,7
India,Rajasthan,Alwar,"Moti Doongri, Alwar - RSPCB",21-08-2026 10:00:00,27.554793,76.611536,SO2,4,42,27
India,Rajasthan,Alwar,"Vigyan Nagar, Alwar - RSPCB",21-08-2026 10:00:00,27.598796,76.63861,NO2,9,18,12
India,Rajasthan,Alwar,"Vigyan Nagar, Alwar - RSPCB",21-08-2026 10:00:00,27.598796,76.63861,OZONE,13,21,17
India,Uttar Pradesh,Gorakhpur,"Madan Mohan Malaviya University of Technology, Gorakhpur - UPPCB",21-08-2026 10:00:00,26.730136,83.433859,SO2,46,67,63
India,Uttar Pradesh,Greater Noida,"Knowledge Park - III, Greater Noida - UPPCB",21-08-2026 10:00:00,28.47272,77.482,OZONE,13,30,17
India,Uttar Pradesh,Hapur,"Anand Vihar, Hapur - UPPCB",21-08-2026 10:00:00,28.725645,77.749675,NH3,NA,NA,NA
India,Uttar Pradesh,Hapur,"Anand Vihar, Hapur - UPPCB",21-08-2026 10:00:00,28.725645,77.749675,OZONE,11,12,12
India,Uttar Pradesh,Jhansi,"Shivaji Nagar, Jhansi - UPPCB",21-08-2026 10:00:00,25.4547,78.6039,OZONE,6,11,8
India,Uttar Pradesh,Kanpur,"FTI Kidwai Nagar, Kanpur - UPPCB",21-08-2026 10:00:00,26.428282,80.327067,NO2,23,27,27
India,Uttar Pradesh,Kanpur,"FTI Kidwai Nagar, Kanpur - UPPCB",21-08-2026 10:00:00,26.428282,80.327067,NH3,3,3,3
India,Uttar Pradesh,Kanpur,"FTI Kidwai Nagar, Kanpur - UPPCB",21-08-2026 10:00:00,26.428282,80.327067,OZONE,11,11,11
India,Uttar Pradesh,Kanpur,"NSI Kalyanpur, Kanpur - UPPCB",21-08-2026 10:00:00,26.509954,80.249612,NO2,31,32,31
India,Uttar Pradesh,Kanpur,"Nehru Nagar, Kanpur - UPPCB",21-08-2026 10:00:00,26.4703136,80.3229863,NO2,45,48,47
India,Uttar Pradesh,Kanpur,"Nehru Nagar, Kanpur - UPPCB",21-08-2026 10:00:00,26.4703136,80.3229863,OZONE,2,34,11
India,Uttar Pradesh,Khurja,"Kalindi Kunj, Khurja - UPPCB",21-08-2026 10:00:00,28.2348927,77.8683002,PM10,47,113,75
India,Uttar Pradesh,Khurja,"Kalindi Kunj, Khurja - UPPCB",21-08-2026 10:00:00,28.2348927,77.8683002,NO2,12,13,12
India,Uttar Pradesh,Khurja,"Kalindi Kunj, Khurja - UPPCB",21-08-2026 10:00:00,28.2348927,77.8683002,OZONE,13,13,13
India,Uttar Pradesh,Lucknow,"Talkatora District Industries Center, Lucknow - CPCB",21-08-2026 10:00:00,26.83399722,80.8917361,PM2.5,25,87,58
India,Uttar Pradesh,Fatehpur Sikri,"Dadupura, Fatehpur Sikri - UPPCB",21-08-2026 10:00:00,27.097694,77.671335,SO2,10,11,11
India,Uttar Pradesh,Firozabad,"Nagla Bhau, Firozabad - UPPCB",21-08-2026 10:00:00,27.168897,78.37696,PM10,26,130,52
India,Uttar Pradesh,Gajraula,"Rajanpur, Gajraula - UPPCB",21-08-2026 10:00:00,28.829109,78.248796,SO2,11,12,11
India,Uttar Pradesh,Ghaziabad,"Ved Vihar-Loni, Ghaziabad - UPPCB",21-08-2026 10:00:00,28.739153,77.273668,PM2.5,48,154,96
India,Uttar Pradesh,Ghaziabad,"Sanjay Nagar, Ghaziabad - UPPCB",21-08-2026 10:00:00,28.685382,77.453839,PM10,90,192,131
India,Uttar Pradesh,Ghaziabad,"Indirapuram, Ghaziabad - UPPCB",21-08-2026 10:00:00,28.646233,77.358075,PM10,35,116,74
India,Uttar Pradesh,Ghaziabad,"Indirapuram, Ghaziabad - UPPCB",21-08-2026 10:00:00,28.646233,77.358075,OZONE,17,23,19
India,Uttar Pradesh,Ghaziabad,"Vasundhara, Ghaziabad - UPPCB",21-08-2026 10:00:00,28.6603346,77.3572563,NO2,23,73,41
India,Uttar Pradesh,Ghaziabad,"Wave City, Ghaziabad - UPPCB",21-08-2026 10:00:00,28.646675,77.489049,PM10,NA,NA,NA
India,Uttar Pradesh,Ghaziabad,"Wave City, Ghaziabad - UPPCB",21-08-2026 10:00:00,28.646675,77.489049,SO2,0,4,2
India,Uttar Pradesh,Ghaziabad,"Loni, Ghaziabad - UPPCB",21-08-2026 10:00:00,28.757294,77.278792,PM2.5,37,146,78
India,Uttar Pradesh,Ghaziabad,"Loni, Ghaziabad - UPPCB",21-08-2026 10:00:00,28.757294,77.278792,CO,17,46,32
India,Uttar Pradesh,Ghaziabad,"Loni, Ghaziabad - UPPCB",21-08-2026 10:00:00,28.757294,77.278792,OZONE,9,20,13
India,Uttar Pradesh,Ghaziabad,"Govindpuram, Ghaziabad - UPPCB",21-08-2026 10:00:00,28.694528,77.494705,PM10,50,105,76
India,Uttar Pradesh,Ghaziabad,"Govindpuram, Ghaziabad - UPPCB",21-08-2026 10:00:00,28.694528,77.494705,NH3,1,2,1
India,Uttar Pradesh,Lucknow,"Talkatora District Industries Center, Lucknow - CPCB",21-08-2026 10:00:00,26.83399722,80.8917361,NH3,10,18,13
India,Uttar Pradesh,Lucknow,"Kendriya Vidyalaya, Lucknow - CPCB",21-08-2026 10:00:00,26.906111,80.948222,SO2,4,8,6
India,Uttar Pradesh,Lucknow,"B R Ambedkar University, Lucknow - UPPCB",21-08-2026 10:00:00,26.766433,80.927299,OZONE,15,40,24
India,Uttar Pradesh,Lucknow,"Lalbagh, Lucknow - CPCB",21-08-2026 10:00:00,26.8458805,80.9365541,OZONE,19,70,31
India,Uttar Pradesh,Lucknow,"Kukrail Picnic Spot-1, Lucknow - UPPCB",21-08-2026 10:00:00,26.90723,80.98579,NH3,6,6,6
India,Uttar Pradesh,Lucknow,"Kukrail Picnic Spot-1, Lucknow - UPPCB",21-08-2026 10:00:00,26.90723,80.98579,SO2,28,29,29
India,Uttar Pradesh,Mathura,"Pali Dungra, Mathura - UPPCB",21-08-2026 10:00:00,27.410954,77.550619,OZONE,NA,NA,NA
India,Uttar Pradesh,Meerut,"Jai Bhim Nagar, Meerut - UPPCB",21-08-2026 10:00:00,28.9535882,77.7622941,NH3,10,12,11
India,Uttar Pradesh,Meerut,"Jai Bhim Nagar, Meerut - UPPCB",21-08-2026 10:00:00,28.9535882,77.7622941,CO,13,14,14
India,Uttar Pradesh,Meerut,"Jai Bhim Nagar, Meerut - UPPCB",21-08-2026 10:00:00,28.9535882,77.7622941,OZONE,3,44,16
India,Uttar Pradesh,Meerut,"MIET College, Meerut - UPPCB",21-08-2026 10:00:00,28.972677,77.641018,PM10,87,176,131
India,Uttar Pradesh,Meerut,"Pallavpuram Phase 2, Meerut - UPPCB",21-08-2026 10:00:00,29.06351,77.709723,NO2,22,73,42
India,Uttar Pradesh,Meerut,"Ganga Nagar, Meerut - UPPCB",21-08-2026 10:00:00,28.999264,77.7590354,NO2,21,34,28
India,Telangana,Hyderabad,"New Malakpet, Hyderabad - TSPCB",21-08-2026 10:00:00,17.37206,78.50864,NO2,11,14,12
India,Telangana,Hyderabad,"Kokapet, Hyderabad - TSPCB",21-08-2026 10:00:00,17.393559,78.339194,OZONE,14,15,14
India,Telangana,Hyderabad,"Ramachandrapuram, Hyderabad - TSPCB",21-08-2026 10:00:00,17.528544,78.286195,NH3,3,5,3
India,Telangana,Hyderabad,"Kompally Municipal Office, Hyderabad - TSPCB",21-08-2026 10:00:00,17.544899,78.486949,NH3,2,3,3
India,Telangana,Hyderabad,"Kompally Municipal Office, Hyderabad - TSPCB",21-08-2026 10:00:00,17.544899,78.486949,SO2,3,8,7
India,Telangana,Hyderabad,"Kompally Municipal Office, Hyderabad - TSPCB",21-08-2026 10:00:00,17.544899,78.486949,CO,11,23,17
India,Telangana,Hyderabad,"IDA Pashamylaram, Hyderabad - TSPCB",21-08-2026 10:00:00,17.5316895,78.218939,NO2,6,37,22
India,Telangana,Hyderabad,"IDA Pashamylaram, Hyderabad - TSPCB",21-08-2026 10:00:00,17.5316895,78.218939,CO,5,24,11
India,Telangana,Hyderabad,"Sanathnagar, Hyderabad - TSPCB",21-08-2026 10:00:00,17.4559458,78.4332152,NO2,27,94,45
India,Telangana,Hyderabad,"Sanathnagar, Hyderabad - TSPCB",21-08-2026 10:00:00,17.4559458,78.4332152,OZONE,28,54,39
India,Telangana,Hyderabad,"ICRISAT Patancheru, Hyderabad - TSPCB",21-08-2026 10:00:00,17.5184,78.278777,SO2,5,13,9
India,Uttar Pradesh,Modinagar,"SRM University, Modinagar - UPPCB",21-08-2026 10:00:00,28.798171,77.540243,PM10,84,142,113
India,Uttar Pradesh,Modinagar,"SRM University, Modinagar - UPPCB",21-08-2026 10:00:00,28.798171,77.540243,CO,13,31,22
India,Uttar Pradesh,Moradabad,"Eco Herbal Park, Moradabad - UPPCB",21-08-2026 10:00:00,28.840739,78.697531,PM10,21,93,50
India,Uttar Pradesh,Moradabad,"Eco Herbal Park, Moradabad - UPPCB",21-08-2026 10:00:00,28.840739,78.697531,NH3,6,9,7
India,Uttar Pradesh,Moradabad,"Eco Herbal Park, Moradabad - UPPCB",21-08-2026 10:00:00,28.840739,78.697531,OZONE,13,35,26
India,Uttar Pradesh,Moradabad,"Buddhi Vihar, Moradabad - UPPCB",21-08-2026 10:00:00,28.83526,78.7446,PM10,31,110,68
India,Uttar Pradesh,Moradabad,"Jigar Colony, Moradabad - UPPCB",21-08-2026 10:00:00,28.856664,78.772638,PM10,35,105,63
India,Uttar Pradesh,Moradabad,"Jigar Colony, Moradabad - UPPCB",21-08-2026 10:00:00,28.856664,78.772638,SO2,30,59,44
India,Uttar Pradesh,Muzaffarnagar,"New Mandi, Muzaffarnagar - UPPCB",21-08-2026 10:00:00,29.4723508,77.7194031,NO2,22,44,31
India,Uttar Pradesh,Agra,"Rohta, Agra - UPPCB",21-08-2026 10:00:00,27.106972,78.000111,SO2,10,13,12
India,Uttar Pradesh,Agra,"Rohta, Agra - UPPCB",21-08-2026 10:00:00,27.106972,78.000111,OZONE,16,17,16
India,Uttar Pradesh,Agra,"Sector-3B Avas Vikas Colony, Agra - UPPCB",21-08-2026 10:00:00,27.19412,77.96237,NH3,7,10,9
India,Uttar Pradesh,Agra,"Sector-3B Avas Vikas Colony, Agra - UPPCB",21-08-2026 10:00:00,27.19412,77.96237,SO2,26,29,27
India,Uttar Pradesh,Agra,"Manoharpur, Agra - UPPCB",21-08-2026 10:00:00,27.23711,78.01936,OZONE,6,6,6
India,Uttar Pradesh,Agra,"Sanjay Palace, Agra - UPPCB",21-08-2026 10:00:00,27.19865833,78.00598056,PM10,27,128,85
India,Uttar Pradesh,Agra,"Sanjay Palace, Agra - UPPCB",21-08-2026 10:00:00,27.19865833,78.00598056,NO2,8,12,9
India,Uttar Pradesh,Agra,"Sanjay Palace, Agra - UPPCB",21-08-2026 10:00:00,27.19865833,78.00598056,CO,32,34,33
India,Uttar Pradesh,Agra,"Shastripuram, Agra - UPPCB",21-08-2026 10:00:00,27.19862,77.92066,PM2.5,25,405,62
India,Uttar Pradesh,Baghpat,"Sardar Patel Inter College, Baghpat - UPPCB",21-08-2026 10:00:00,28.964949,77.278761,PM2.5,27,124,58
India,Uttar Pradesh,Baghpat,"Sardar Patel Inter College, Baghpat - UPPCB",21-08-2026 10:00:00,28.964949,77.278761,NH3,2,6,3
India,Uttar Pradesh,Bareilly,"Rajendra Nagar, Bareilly - UPPCB",21-08-2026 10:00:00,28.38910936,79.42963708,NO2,7,10,9
India,Uttar Pradesh,Bareilly,"Rajendra Nagar, Bareilly - UPPCB",21-08-2026 10:00:00,28.38910936,79.42963708,CO,24,27,26
India,Uttar Pradesh,Bareilly,"Civil Lines, Bareilly - UPPCB",21-08-2026 10:00:00,28.359581,79.414455,NO2,8,9,8
India,Uttar Pradesh,Bulandshahr,"Yamunapuram, Bulandshahr - UPPCB",21-08-2026 10:00:00,28.406963,77.849831,NO2,16,47,31
India,Uttar Pradesh,Bulandshahr,"Yamunapuram, Bulandshahr - UPPCB",21-08-2026 10:00:00,28.406963,77.849831,OZONE,6,25,12
India,Tamil Nadu,Chennai,"Royapuram, Chennai - TNPCB",21-08-2026 10:00:00,13.1036,80.2909,NH3,4,4,4
India,Tamil Nadu,Coimbatore,"SIDCO Kurichi, Coimbatore - TNPCB",21-08-2026 10:00:00,10.942451,76.978996,PM10,7,43,20
India,Tamil Nadu,Cuddalore,"Kudikadu, Cuddalore - TNPCB",21-08-2026 10:00:00,11.6829898,79.7532099,NH3,NA,NA,NA
India,Tamil Nadu,Cuddalore,"Semmandalam, Cuddalore - TNPCB",21-08-2026 10:00:00,11.7637683,79.7499835,PM2.5,NA,NA,NA
India,Tamil Nadu,Cuddalore,"Semmandalam, Cuddalore - TNPCB",21-08-2026 10:00:00,11.7637683,79.7499835,NO2,NA,NA,NA
India,Tamil Nadu,Thoothukudi,"Meelavittan, Thoothukudi - TNPCB",21-08-2026 10:00:00,8.816428,78.099039,NO2,14,21,16
India,Tamil Nadu,Thoothukudi,"Meelavittan, Thoothukudi - TNPCB",21-08-2026 10:00:00,8.816428,78.099039,SO2,5,18,11
India,Telangana,Hyderabad,"Zoo Park, Hyderabad - TSPCB",21-08-2026 10:00:00,17.349694,78.451437,NH3,2,2,2
India,Telangana,Hyderabad,"Central University, Hyderabad - TSPCB",21-08-2026 10:00:00,17.460103,78.334361,PM10,14,32,20
India,Telangana,Hyderabad,"IITH Kandi, Hyderabad - TSPCB",21-08-2026 10:00:00,17.585705,78.126199,PM2.5,35,51,42
India,Telangana,Hyderabad,"IITH Kandi, Hyderabad - TSPCB",21-08-2026 10:00:00,17.585705,78.126199,NH3,2,4,3
India,Uttar Pradesh,Noida,"Sector - 125, Noida - UPPCB",21-08-2026 10:00:00,28.5447608,77.3231257,NO2,7,109,26
India,Uttar Pradesh,Noida,"Sector - 125, Noida - UPPCB",21-08-2026 10:00:00,28.5447608,77.3231257,SO2,5,7,6
India,Uttar Pradesh,Noida,"Sector - 125, Noida - UPPCB",21-08-2026 10:00:00,28.5447608,77.3231257,CO,4,22,9
India,Uttar Pradesh,Noida,"Sector - 125, Noida - UPPCB",21-08-2026 10:00:00,28.5447608,77.3231257,OZONE,36,36,36
India,Uttar Pradesh,Noida,"Sector - 62, Noida - IITM",21-08-2026 10:00:00,28.6245479,77.3577104,PM2.5,31,128,80
India,Uttar Pradesh,Noida,"Sector - 62, Noida - IITM",21-08-2026 10:00:00,28.6245479,77.3577104,CO,12,27,17
India,Uttar Pradesh,Noida,"Sector-116, Noida - UPPCB",21-08-2026 10:00:00,28.56923,77.393848,CO,7,33,17
India,Uttar Pradesh,Prayagraj,"Motilal Nehru NIT, Prayagraj - UPPCB",21-08-2026 10:00:00,25.494,81.863,NH3,8,8,8
India,Uttar Pradesh,Prayagraj,"Motilal Nehru NIT, Prayagraj - UPPCB",21-08-2026 10:00:00,25.494,81.863,CO,5,10,7
India,Uttar Pradesh,Prayagraj,"Nagar Nigam, Prayagraj - UPPCB",21-08-2026 10:00:00,25.44919916,81.82735986,NH3,2,7,5
India,Uttar Pradesh,Prayagraj,"Jhunsi, Prayagraj - UPPCB",21-08-2026 10:00:00,25.425602,81.917152,PM10,16,70,31
India,Uttar Pradesh,Prayagraj,"Jhunsi, Prayagraj - UPPCB",21-08-2026 10:00:00,25.425602,81.917152,SO2,0,107,64
India,Uttar Pradesh,Raebareli," Indira Nagar, Raebareli - NTPC Unchahar",21-08-2026 10:00:00,26.207781,81.245571,PM10,39,97,65
India,Uttar Pradesh,Raebareli," Indira Nagar, Raebareli - NTPC Unchahar",21-08-2026 10:00:00,26.207781,81.245571,NO2,NA,NA,NA
India,Uttar Pradesh,Varanasi,"Ardhali Bazar, Varanasi - UPPCB",21-08-2026 10:00:00,25.3505986,82.9083074,PM2.5,NA,NA,NA
India,Uttar Pradesh,Varanasi,"Ardhali Bazar, Varanasi - UPPCB",21-08-2026 10:00:00,25.3505986,82.9083074,NO2,NA,NA,NA
India,Uttar Pradesh,Varanasi,"IESD Banaras Hindu University, Varanasi - UPPCB",21-08-2026 10:00:00,25.262326,82.995408,PM10,14,57,35
India,Uttar Pradesh,Varanasi,"IESD Banaras Hindu University, Varanasi - UPPCB",21-08-2026 10:00:00,25.262326,82.995408,OZONE,16,27,20
India,Uttar Pradesh,Vrindavan,"Omex Eternity, Vrindavan - UPPCB",21-08-2026 10:00:00,27.571409,77.655757,NH3,7,9,8
India,Uttarakhand,Dehradun,"Doon University, Dehradun - UKPCB",21-08-2026 10:00:00,30.269444,78.044167,PM2.5,12,40,23
India,Uttarakhand,Dehradun,"Doon University, Dehradun - UKPCB",21-08-2026 10:00:00,30.269444,78.044167,NO2,1,3,2
India,Uttarakhand,Dehradun,"Doon University, Dehradun - UKPCB",21-08-2026 10:00:00,30.269444,78.044167,OZONE,8,19,14
India,Uttarakhand,Kashipur,"Govt. Girls Inter College, Kashipur - UKPCB",21-08-2026 10:00:00,29.2124114,78.9611753,NH3,4,12,7
India,Uttarakhand,Kashipur,"Govt. Girls Inter College, Kashipur - UKPCB",21-08-2026 10:00:00,29.2124114,78.9611753,OZONE,NA,NA,NA
India,Uttarakhand,Rishikesh,"Shivaji Nagar, Rishikesh - UKPCB",21-08-2026 10:00:00,30.075911,78.2859547,PM10,8,15,10
India,Uttarakhand,Rishikesh,"Shivaji Nagar, Rishikesh - UKPCB",21-08-2026 10:00:00,30.075911,78.2859547,OZONE,15,15,15
India,West Bengal,Asansol,"Asansol Court Area, Asansol - WBPCB",21-08-2026 10:00:00,23.685297,86.945968,NO2,30,62,35
India,West Bengal,Asansol,"Asansol Court Area, Asansol - WBPCB",21-08-2026 10:00:00,23.685297,86.945968,SO2,10,18,13
India,West Bengal,Asansol,"Mahabir Colliery, Asansol - WBPCB",21-08-2026 10:00:00,23.618183,87.105718,SO2,3,6,3
India,West Bengal,Asansol,"Trivenidevi Bhalotia College, Asansol - WBPCB",21-08-2026 10:00:00,23.616515,87.119133,PM10,2,52,24
India,West Bengal,Asansol,"Trivenidevi Bhalotia College, Asansol - WBPCB",21-08-2026 10:00:00,23.616515,87.119133,CO,39,49,45
India,West Bengal,Asansol,"Trivenidevi Bhalotia College, Asansol - WBPCB",21-08-2026 10:00:00,23.616515,87.119133,OZONE,4,6,5
India,West Bengal,Barrackpore,"SVSPA Campus, Barrackpore - WBPCB",21-08-2026 10:00:00,22.7605581,88.3617589,NO2,6,22,13
India,West Bengal,Durgapur,"PCBL Residential Complex, Durgapur - WBPCB",21-08-2026 10:00:00,23.508764,87.35444,PM2.5,24,46,32
India,West Bengal,Durgapur,"Mahishkapur Road_B-Zone, Durgapur - WBPCB",21-08-2026 10:00:00,23.567923,87.306843,PM10,38,102,69
India,West Bengal,Durgapur,"Womens College_City Center, Durgapur - WBPCB",21-08-2026 10:00:00,23.549395,87.300496,PM2.5,28,117,63
India,West Bengal,Durgapur,"Womens College_City Center, Durgapur - WBPCB",21-08-2026 10:00:00,23.549395,87.300496,NO2,24,36,29
India,West Bengal,Durgapur,"Womens College_City Center, Durgapur - WBPCB",21-08-2026 10:00:00,23.549395,87.300496,OZONE,5,11,8
India,West Bengal,Haldia,"Priyambada Housing Estate, Haldia - WBPCB",21-08-2026 10:00:00,22.06047,88.109737,PM2.5,13,25,17
India,West Bengal,Haldia,"Priyambada Housing Estate, Haldia - WBPCB",21-08-2026 10:00:00,22.06047,88.109737,CO,23,27,25
India,West Bengal,Howrah,"Botanical Garden, Howrah - WBPCB",21-08-2026 10:00:00,22.554954,88.292568,NO2,1,81,14
India,West Bengal,Howrah,"Ghusuri, Howrah - WBPCB",21-08-2026 10:00:00,22.611968,88.347422,NH3,2,4,3
India,West Bengal,Kolkata,"Bidhannagar, Kolkata - WBPCB",21-08-2026 10:00:00,22.58157048,88.41002457,PM10,41,62,53
India,West Bengal,Kolkata,"Bidhannagar, Kolkata - WBPCB",21-08-2026 10:00:00,22.58157048,88.41002457,NH3,5,6,6
India,West Bengal,Kolkata,"Bidhannagar, Kolkata - WBPCB",21-08-2026 10:00:00,22.58157048,88.41002457,OZONE,8,18,10
India,West Bengal,Kolkata,"Jadavpur, Kolkata - WBPCB",21-08-2026 10:00:00,22.49929,88.36917,PM10,56,83,65
India,West Bengal,Kolkata,"Jadavpur, Kolkata - WBPCB",21-08-2026 10:00:00,22.49929,88.36917,NO2,23,91,35
India,West Bengal,Kolkata,"Jadavpur, Kolkata - WBPCB",21-08-2026 10:00:00,22.49929,88.36917,NH3,12,12,12
India,West Bengal,Kolkata,"Rabindra Bharati University, Kolkata - WBPCB",21-08-2026 10:00:00,22.627847,88.380669,PM2.5,19,74,47
India,West Bengal,Kolkata,"Rabindra Bharati University, Kolkata - WBPCB",21-08-2026 10:00:00,22.627847,88.380669,PM10,56,101,74
India,West Bengal,Kolkata,"Rabindra Bharati University, Kolkata - WBPCB",21-08-2026 10:00:00,22.627847,88.380669,SO2,8,10,9
India,West Bengal,Kolkata,"Rabindra Bharati University, Kolkata - WBPCB",21-08-2026 10:00:00,22.627847,88.380669,OZONE,10,21,14
India,West Bengal,Kolkata,"Fort William, Kolkata - WBPCB",21-08-2026 10:00:00,22.55664,88.342674,PM10,40,70,56
India,West Bengal,Kolkata,"Rabindra Sarobar, Kolkata - WBPCB",21-08-2026 10:00:00,22.51106,88.35142,SO2,5,8,7
India,West Bengal,Kolkata,"Rabindra Sarobar, Kolkata - WBPCB",21-08-2026 10:00:00,22.51106,88.35142,CO,18,23,20
India,West Bengal,Kolkata,"Victoria, Kolkata - WBPCB",21-08-2026 10:00:00,22.5448082,88.3403691,PM10,72,103,82
India,West Bengal,Kolkata,"Victoria, Kolkata - WBPCB",21-08-2026 10:00:00,22.5448082,88.3403691,NO2,24,31,26
India,West Bengal,Siliguri,"Ward-32 Bapupara, Siliguri - WBPCB",21-08-2026 10:00:00,26.6879226,88.4152495,PM2.5,17,37,26
