country,state,city,station,last_update,latitude,longitude,pollutant_id,min_value,max_value,avg_value
India,Bihar,Purnia,"Mariam Nagar, Purnia - BSPCB",13-08-2026 11:00:00,25.366336,87.117468,PM2.5,18,42,29
India,Bihar,Purnia,"Mariam Nagar, Purnia - BSPCB",13-08-2026 11:00:00,25.366336,87.117468,NO2,18,19,18
India,Bihar,Saharsa,"Police Line, Saharsa - BSPCB",13-08-2026 11:00:00,25.892357,86.590325,PM10,28,130,56
India,Bihar,Saharsa,"Police Line, Saharsa - BSPCB",13-08-2026 11:00:00,25.892357,86.590325,NO2,6,9,7
India,Bihar,Saharsa,"Police Line, Saharsa - BSPCB",13-08-2026 11:00:00,25.892357,86.590325,NH3,4,4,4
India,Bihar,Samastipur,"DM Office_Kasipur, Samastipur - BSPCB",13-08-2026 11:00:00,25.859655,85.77944,NO2,8,9,8
India,Bihar,Samastipur,"DM Office_Kasipur, Samastipur - BSPCB",13-08-2026 11:00:00,25.859655,85.77944,NH3,1,1,1
India,Bihar,Sasaram,"Dada Peer, Sasaram - BSPCB",13-08-2026 11:00:00,24.952822,84.002396,PM2.5,NA,NA,NA
India,Bihar,Sasaram,"Dada Peer, Sasaram - BSPCB",13-08-2026 11:00:00,24.952822,84.002396,PM10,NA,NA,NA
India,Bihar,Sasaram,"Dada Peer, Sasaram - BSPCB",13-08-2026 11:00:00,24.952822,84.002396,SO2,1,5,4
India,Bihar,Siwan,"Chitragupta Nagar, Siwan - BSPCB",13-08-2026 11:00:00,26.2271665,84.3570427,CO,61,67,64
India,Chandigarh,Chandigarh,"Sector 22, Chandigarh - CPCC",13-08-2026 11:00:00,30.735567,76.775714,CO,33,40,36
India,Chandigarh,Chandigarh,"Sector-25, Chandigarh - CPCC",13-08-2026 11:00:00,30.751462,76.762879,PM10,34,96,61
India,Bihar,Munger,"Town Hall, Munger - BSPCB",13-08-2026 11:00:00,25.376776,86.471523,PM10,3,287,99
India,Bihar,Muzaffarpur,"Buddha Colony, Muzaffarpur - BSPCB",13-08-2026 11:00:00,26.11442,85.39813,NH3,8,17,14
India,Bihar,Muzaffarpur,"Buddha Colony, Muzaffarpur - BSPCB",13-08-2026 11:00:00,26.11442,85.39813,CO,15,20,19
India,Bihar,Muzaffarpur,"MIT-Daudpur Kothi, Muzaffarpur - BSPCB",13-08-2026 11:00:00,26.1403345,85.3650192,PM2.5,20,43,30
India,Bihar,Muzaffarpur,"MIT-Daudpur Kothi, Muzaffarpur - BSPCB",13-08-2026 11:00:00,26.1403345,85.3650192,NO2,1,8,3
India,Bihar,Muzaffarpur,"MIT-Daudpur Kothi, Muzaffarpur - BSPCB",13-08-2026 11:00:00,26.1403345,85.3650192,OZONE,7,8,8
India,Bihar,Patna,"DRM Office Danapur, Patna - BSPCB",13-08-2026 11:00:00,25.586562,85.043586,PM2.5,27,81,52
India,Bihar,Patna,"DRM Office Danapur, Patna - BSPCB",13-08-2026 11:00:00,25.586562,85.043586,PM10,48,86,61
India,Bihar,Patna,"DRM Office Danapur, Patna - BSPCB",13-08-2026 11:00:00,25.586562,85.043586,NH3,8,9,9
India,Bihar,Patna,"Samanpura, Patna - BSPCB",13-08-2026 11:00:00,25.596727,85.085624,PM2.5,63,268,112
India,Bihar,Patna,"Muradpur, Patna - BSPCB",13-08-2026 11:00:00,25.619651,85.147382,PM2.5,31,71,46
India,Bihar,Patna,"Muradpur, Patna - BSPCB",13-08-2026 11:00:00,25.619651,85.147382,NH3,4,5,5
India,Bihar,Patna,"Muradpur, Patna - BSPCB",13-08-2026 11:00:00,25.619651,85.147382,OZONE,5,43,16
India,Assam,Sivasagar,"Girls College, Sivasagar - PCBA",13-08-2026 11:00:00,26.987634,94.636574,PM10,27,47,33
India,Assam,Sivasagar,"Girls College, Sivasagar - PCBA",13-08-2026 11:00:00,26.987634,94.636574,OZONE,14,40,23
India,Bihar,Araria,"Kharahiya Basti, Araria - BSPCB",13-08-2026 11:00:00,26.146529,87.454184,PM10,12,107,53
India,Bihar,Begusarai,"Lohiyanagar, Begusarai - BSPCB",13-08-2026 11:00:00,25.42742023,86.13886079,PM10,NA,NA,NA
India,Bihar,Begusarai,"Lohiyanagar, Begusarai - BSPCB",13-08-2026 11:00:00,25.42742023,86.13886079,NO2,7,11,9
India,Bihar,Begusarai,"Lohiyanagar, Begusarai - BSPCB",13-08-2026 11:00:00,25.42742023,86.13886079,OZONE,16,30,25
India,Bihar,Bettiah,"Kamalnath Nagar, Bettiah - BSPCB",13-08-2026 11:00:00,26.80365,84.51954,PM10,10,28,21
India,Bihar,Bettiah,"Kamalnath Nagar, Bettiah - BSPCB",13-08-2026 11:00:00,26.80365,84.51954,SO2,18,25,22
India,Bihar,Bhagalpur,"DM Office_Kachari Chowk, Bhagalpur - BSPCB",13-08-2026 11:00:00,25.251013,86.989001,PM2.5,10,500,95
India,Assam,Byrnihat,"Central Academy for SFS, Byrnihat - PCBA",13-08-2026 11:00:00,26.071318,91.87488,PM2.5,32,159,85
India,Assam,Byrnihat,"Central Academy for SFS, Byrnihat - PCBA",13-08-2026 11:00:00,26.071318,91.87488,SO2,19,32,31
India,Assam,Byrnihat,"Central Academy for SFS, Byrnihat - PCBA",13-08-2026 11:00:00,26.071318,91.87488,CO,52,68,61
India,Assam,Guwahati,"Pan Bazaar, Guwahati - PCBA",13-08-2026 11:00:00,26.1875,91.744194,NH3,1,1,1
India,Assam,Guwahati,"LGBI Airport, Guwahati - PCBA",13-08-2026 11:00:00,26.10887,91.589544,PM2.5,23,77,58
India,Assam,Guwahati,"LGBI Airport, Guwahati - PCBA",13-08-2026 11:00:00,26.10887,91.589544,OZONE,13,14,14
India,Assam,Guwahati,"IITG, Guwahati - PCBA",13-08-2026 11:00:00,26.2028636,91.70046436,PM2.5,5,23,12
India,Assam,Guwahati,"IITG, Guwahati - PCBA",13-08-2026 11:00:00,26.2028636,91.70046436,NH3,1,1,1
India,Assam,Guwahati,"IITG, Guwahati - PCBA",13-08-2026 11:00:00,26.2028636,91.70046436,OZONE,2,23,9
India,Assam,Silchar,"Tarapur, Silchar - PCBA",13-08-2026 11:00:00,24.82827,92.79525,PM2.5,34,35,35
India,Andhra Pradesh,Srikakulam,"Chinna Bharatham Colony, Srikakulam - APPCB",13-08-2026 11:00:00,18.292191,83.897173,PM10,41,74,57
India,Andhra Pradesh,Srikakulam,"Chinna Bharatham Colony, Srikakulam - APPCB",13-08-2026 11:00:00,18.292191,83.897173,NH3,2,5,3
India,Andhra Pradesh,Srikakulam,"Chinna Bharatham Colony, Srikakulam - APPCB",13-08-2026 11:00:00,18.292191,83.897173,OZONE,5,14,9
India,Andhra Pradesh,Tirupati,"Vaikuntapuram, Tirupati - APPCB",13-08-2026 11:00:00,13.615387,79.40923,PM2.5,41,68,55
India,Andhra Pradesh,Tirupati,"Vaikuntapuram, Tirupati - APPCB",13-08-2026 11:00:00,13.615387,79.40923,PM10,72,96,79
India,Andhra Pradesh,Tirupati,"Vaikuntapuram, Tirupati - APPCB",13-08-2026 11:00:00,13.615387,79.40923,NO2,28,35,30
India,Andhra Pradesh,Tirupati,"Vaikuntapuram, Tirupati - APPCB",13-08-2026 11:00:00,13.615387,79.40923,SO2,8,16,13
India,Andhra Pradesh,Vijayawada,"Rajiv Nagar, Vijayawada - APPCB",13-08-2026 11:00:00,16.554731,80.64911,NO2,16,22,18
India,Andhra Pradesh,Amaravati,"Secretariat, Amaravati - APPCB",13-08-2026 11:00:00,16.5150833,80.5181667,SO2,8,71,13
India,Andhra Pradesh,Anantapur,"Gulzarpet, Anantapur - APPCB",13-08-2026 11:00:00,14.675886,77.593027,CO,24,34,28
India,Andhra Pradesh,Chittoor,"Gangineni Cheruvu, Chittoor - APPCB",13-08-2026 11:00:00,13.20488,79.097889,PM2.5,NA,NA,NA
India,Andhra Pradesh,Eluru,"District Court, Eluru - APPCB",13-08-2026 11:00:00,16.711754,81.092095,PM2.5,40,67,48
India,Andhra Pradesh,Eluru,"District Court, Eluru - APPCB",13-08-2026 11:00:00,16.711754,81.092095,SO2,8,17,10
India,Andhra Pradesh,Guntur,"Rajendra Nagar North, Guntur - APPCB",13-08-2026 11:00:00,16.316553,80.413302,NH3,3,9,5
India,Bihar,Bhagalpur,"DM Office_Kachari Chowk, Bhagalpur - BSPCB",13-08-2026 11:00:00,25.251013,86.989001,CO,27,31,29
India,Bihar,Bhagalpur,"Mayaganj, Bhagalpur - BSPCB",13-08-2026 11:00:00,25.265194,87.012947,PM2.5,13,500,155
India,Bihar,Bhagalpur,"Mayaganj, Bhagalpur - BSPCB",13-08-2026 11:00:00,25.265194,87.012947,SO2,14,33,19
India,Bihar,Buxar,"Charitra Van, Buxar - BSPCB",13-08-2026 11:00:00,25.56752,83.966379,SO2,27,32,29
India,Bihar,Gaya,"Kareemganj, Gaya - BSPCB",13-08-2026 11:00:00,24.792403,84.992416,PM10,NA,NA,NA
India,Bihar,Gaya,"SFTI Kusdihra, Gaya - BSPCB",13-08-2026 11:00:00,24.762518,84.982348,NO2,20,31,25
India,Bihar,Kishanganj,"SDM Office_Khagra, Kishanganj - BSPCB",13-08-2026 11:00:00,26.0881305,87.93840336,PM2.5,30,63,42
India,Bihar,Manguraha,"Forest Rest House, Manguraha - BSPCB",13-08-2026 11:00:00,27.308328,84.531742,PM2.5,56,277,77
India,Bihar,Motihari,"Gandak Colony, Motihari - BSPCB",13-08-2026 11:00:00,26.63086,84.90051,NH3,1,1,1
India,Andhra Pradesh,Kadapa,"Yerramukkapalli, Kadapa - APPCB",13-08-2026 11:00:00,14.465052,78.824187,CO,21,26,23
India,Andhra Pradesh,Kurnool,"Sita Rama Nagar, Kurnool - APPCB",13-08-2026 11:00:00,15.83411,78.028546,NO2,24,29,25
India,Andhra Pradesh,Kurnool,"Sita Rama Nagar, Kurnool - APPCB",13-08-2026 11:00:00,15.83411,78.028546,SO2,10,10,10
India,Andhra Pradesh,Rajamahendravaram,"Anand Kala Kshetram, Rajamahendravaram - APPCB",13-08-2026 11:00:00,16.9872867,81.7363176,OZONE,10,18,15
India,Andhra Pradesh,Vijayawada,"Rajiv Gandhi Park, Vijayawada - APPCB",13-08-2026 11:00:00,16.509717,80.612222,PM2.5,33,67,51
India,Andhra Pradesh,Vijayawada,"Rajiv Gandhi Park, Vijayawada - APPCB",13-08-2026 11:00:00,16.509717,80.612222,NH3,1,6,3
India,Andhra Pradesh,Vijayawada,"Rajiv Gandhi Park, Vijayawada - APPCB",13-08-2026 11:00:00,16.509717,80.612222,SO2,13,23,16
India,Andhra Pradesh,Visakhapatnam,"GVM Corporation, Visakhapatnam - APPCB",13-08-2026 11:00:00,17.72,83.3,PM2.5,21,70,44
India,Delhi,Delhi,"CRRI Mathura Road, Delhi - IITM",13-08-2026 11:00:00,28.5512005,77.2735737,OZONE,14,31,20
India,Delhi,Delhi,"Burari Crossing, Delhi - IITM",13-08-2026 11:00:00,28.7256504,77.2011573,NH3,NA,NA,NA
India,Delhi,Delhi,"Burari Crossing, Delhi - IITM",13-08-2026 11:00:00,28.7256504,77.2011573,OZONE,3,8,6
India,Delhi,Delhi,"JNU, Delhi - DPCC",13-08-2026 11:00:00,28.540721,77.168544,PM2.5,10,146,73
India,Delhi,Delhi,"JNU, Delhi - DPCC",13-08-2026 11:00:00,28.540721,77.168544,NH3,0,5,2
India,Delhi,Delhi,"JNU, Delhi - DPCC",13-08-2026 11:00:00,28.540721,77.168544,CO,28,37,32
India,Delhi,Delhi,"Alipur, Delhi - DPCC",13-08-2026 11:00:00,28.815329,77.15301,NO2,43,65,51
India,Delhi,Delhi,"Alipur, Delhi - DPCC",13-08-2026 11:00:00,28.815329,77.15301,NH3,3,5,4
India,Delhi,Delhi,"North Campus, DU, Delhi - IITM",13-08-2026 11:00:00,28.6573814,77.1585447,PM10,70,121,100
India,Delhi,Delhi,"R K Puram, Delhi - DPCC",13-08-2026 11:00:00,28.563262,77.186937,PM2.5,13,210,105
India,Delhi,Delhi,"R K Puram, Delhi - DPCC",13-08-2026 11:00:00,28.563262,77.186937,PM10,47,156,102
India,Delhi,Delhi,"R K Puram, Delhi - DPCC",13-08-2026 11:00:00,28.563262,77.186937,SO2,12,21,14
India,Delhi,Delhi,"IIT Delhi, Delhi - IITM",13-08-2026 11:00:00,28.54246,77.191651,PM2.5,15,128,73
India,Delhi,Delhi,"IIT Delhi, Delhi - IITM",13-08-2026 11:00:00,28.54246,77.191651,SO2,NA,NA,NA
India,Delhi,Delhi,"IIT Delhi, Delhi - IITM",13-08-2026 11:00:00,28.54246,77.191651,OZONE,15,40,24
India,Delhi,Delhi,"Dwarka-Sector 8, Delhi - DPCC ",13-08-2026 11:00:00,28.5710274,77.0719006,PM10,38,279,163
India,Delhi,Delhi,"Dwarka-Sector 8, Delhi - DPCC ",13-08-2026 11:00:00,28.5710274,77.0719006,NH3,5,13,9
India,Delhi,Delhi,"DTU, Delhi - CPCB",13-08-2026 11:00:00,28.7500499,77.1112615,PM2.5,45,197,93
India,Delhi,Delhi,"DTU, Delhi - CPCB",13-08-2026 11:00:00,28.7500499,77.1112615,NO2,10,37,17
India,Delhi,Delhi,"DTU, Delhi - CPCB",13-08-2026 11:00:00,28.7500499,77.1112615,CO,11,24,15
India,Chhattisgarh,Korba,"Urja Nagar, Korba - CECB",13-08-2026 11:00:00,22.348441,82.549611,OZONE,2,3,2
India,Chhattisgarh,Kunjemura,"OP Jindal School, Kunjemura - CECB",13-08-2026 11:00:00,22.12665,83.483212,PM2.5,10,34,21
India,Chhattisgarh,Milupara,"Govt. Higher Secondary School, Milupara - CECB",13-08-2026 11:00:00,22.1910172,83.5197009,NO2,11,42,24
India,Chhattisgarh,Raipur,"Krishak Nagar, Raipur - CECB",13-08-2026 11:00:00,21.237755,81.705301,PM2.5,7,27,14
India,Chhattisgarh,Raipur,"Krishak Nagar, Raipur - CECB",13-08-2026 11:00:00,21.237755,81.705301,NO2,2,4,3
India,Chhattisgarh,Raipur,"Siltara Phase-II, Raipur - CECB",13-08-2026 11:00:00,21.371751,81.664929,PM2.5,26,82,53
India,Chhattisgarh,Raipur,"Siltara Phase-II, Raipur - CECB",13-08-2026 11:00:00,21.371751,81.664929,NH3,2,2,2
India,Chhattisgarh,Raipur,"Siltara Phase-II, Raipur - CECB",13-08-2026 11:00:00,21.371751,81.664929,OZONE,5,9,7
India,Chhattisgarh,Raipur,"AIIMS, Raipur - CECB",13-08-2026 11:00:00,21.258815,81.578979,NH3,3,4,4
India,Chhattisgarh,Raipur,"AIIMS, Raipur - CECB",13-08-2026 11:00:00,21.258815,81.578979,SO2,4,6,5
India,Chhattisgarh,Tumidih,"OP Jindal Industrial Park, Tumidih - CECB",13-08-2026 11:00:00,22.06631475,83.33820077,PM10,NA,NA,NA
India,Chhattisgarh,Tumidih,"OP Jindal Industrial Park, Tumidih - CECB",13-08-2026 11:00:00,22.06631475,83.33820077,NH3,NA,NA,NA
India,Chhattisgarh,Tumidih,"OP Jindal Industrial Park, Tumidih - CECB",13-08-2026 11:00:00,22.06631475,83.33820077,CO,16,16,16
India,Delhi,Delhi,"ITO, Delhi - CPCB",13-08-2026 11:00:00,28.628624,77.24106,PM2.5,42,120,69
India,Delhi,Delhi,"ITO, Delhi - CPCB",13-08-2026 11:00:00,28.628624,77.24106,PM10,57,159,96
India,Delhi,Delhi,"Sri Aurobindo Marg, Delhi - DPCC",13-08-2026 11:00:00,28.531346,77.190156,PM10,51,123,88
India,Delhi,Delhi,"IHBAS, Dilshad Garden, Delhi - CPCB",13-08-2026 11:00:00,28.6811736,77.3025234,PM10,53,98,72
India,Delhi,Delhi,"IHBAS, Dilshad Garden, Delhi - CPCB",13-08-2026 11:00:00,28.6811736,77.3025234,NO2,21,27,25
India,Delhi,Delhi,"Vivek Vihar, Delhi - DPCC",13-08-2026 11:00:00,28.672342,77.31526,OZONE,4,19,11
India,Delhi,Delhi,"Rohini, Delhi - DPCC",13-08-2026 11:00:00,28.732528,77.11992,PM10,80,217,124
India,Delhi,Delhi,"Okhla Phase-2, Delhi - DPCC",13-08-2026 11:00:00,28.530785,77.271255,NH3,3,8,6
India,Delhi,Delhi,"Okhla Phase-2, Delhi - DPCC",13-08-2026 11:00:00,28.530785,77.271255,OZONE,4,19,9
India,Delhi,Delhi,"Bawana, Delhi - DPCC",13-08-2026 11:00:00,28.7762,77.051074,OZONE,15,16,16
India,Delhi,Delhi,"Sonia Vihar, Delhi - DPCC",13-08-2026 11:00:00,28.710508,77.249485,PM2.5,42,257,89
India,Delhi,Delhi,"Sonia Vihar, Delhi - DPCC",13-08-2026 11:00:00,28.710508,77.249485,CO,56,101,69
India,Delhi,Delhi,"Major Dhyan Chand National Stadium, Delhi - DPCC",13-08-2026 11:00:00,28.611281,77.237738,NO2,20,81,36
India,Delhi,Delhi,"IGI Airport (T3), Delhi - IITM",13-08-2026 11:00:00,28.5627763,77.1180053,SO2,NA,NA,NA
India,Delhi,Delhi,"IGI Airport (T3), Delhi - IITM",13-08-2026 11:00:00,28.5627763,77.1180053,CO,32,39,36
India,Delhi,Delhi,"IGI Airport (T3), Delhi - IITM",13-08-2026 11:00:00,28.5627763,77.1180053,OZONE,39,90,53
India,Delhi,Delhi,"IGNOU_Maidan Garhi, Delhi - DPCC",13-08-2026 11:00:00,28.493624,77.201159,PM10,43,101,71
India,Delhi,Delhi,"IGNOU_Maidan Garhi, Delhi - DPCC",13-08-2026 11:00:00,28.493624,77.201159,NH3,0,14,6
India,Delhi,Delhi,"IGNOU_Maidan Garhi, Delhi - DPCC",13-08-2026 11:00:00,28.493624,77.201159,OZONE,6,9,7
India,Delhi,Delhi,"Commonwealth Sports Complex, Delhi - DPCC",13-08-2026 11:00:00,28.615828,77.271992,PM2.5,44,145,76
India,Delhi,Delhi,"Commonwealth Sports Complex, Delhi - DPCC",13-08-2026 11:00:00,28.615828,77.271992,SO2,4,8,6
India,Delhi,Delhi,"Talkatora Garden, Delhi - DPCC",13-08-2026 11:00:00,28.62181,77.1944633,PM10,46,102,82
India,Delhi,Delhi,"NSIT Dwarka, Delhi - CPCB",13-08-2026 11:00:00,28.60909,77.0325413,CO,29,62,44
India,Delhi,Delhi,"CRRI Mathura Road, Delhi - IITM",13-08-2026 11:00:00,28.5512005,77.2735737,PM2.5,27,136,62
India,Delhi,Delhi,"CRRI Mathura Road, Delhi - IITM",13-08-2026 11:00:00,28.5512005,77.2735737,CO,22,59,34
India,Delhi,Delhi,"Anand Vihar, Delhi - DPCC",13-08-2026 11:00:00,28.647622,77.315809,NO2,7,117,32
India,Delhi,Delhi,"Anand Vihar, Delhi - DPCC",13-08-2026 11:00:00,28.647622,77.315809,SO2,7,32,20
India,Delhi,Delhi,"Anand Vihar, Delhi - DPCC",13-08-2026 11:00:00,28.647622,77.315809,OZONE,2,14,6
India,Delhi,Delhi,"Ashok Vihar, Delhi - DPCC",13-08-2026 11:00:00,28.695381,77.181665,NH3,7,39,13
India,Delhi,Delhi,"Ashok Vihar, Delhi - DPCC",13-08-2026 11:00:00,28.695381,77.181665,OZONE,13,13,13
India,Delhi,Delhi,"Mundka, Delhi - DPCC",13-08-2026 11:00:00,28.684678,77.076574,NO2,64,92,75
India,Delhi,Delhi,"Wazirpur, Delhi - DPCC",13-08-2026 11:00:00,28.699793,77.165453,NH3,5,16,8
India,Delhi,Delhi,"Najafgarh, Delhi - DPCC",13-08-2026 11:00:00,28.570173,76.933762,NH3,6,10,8
India,Delhi,Delhi,"Jawaharlal Nehru Stadium, Delhi - DPCC",13-08-2026 11:00:00,28.58028,77.233829,PM10,45,160,89
India,Delhi,Delhi,"Jawaharlal Nehru Stadium, Delhi - DPCC",13-08-2026 11:00:00,28.58028,77.233829,NO2,16,99,33
India,Delhi,Delhi,"Nehru Nagar, Delhi - DPCC",13-08-2026 11:00:00,28.56789,77.250515,PM10,65,195,108
India,Delhi,Delhi,"Nehru Nagar, Delhi - DPCC",13-08-2026 11:00:00,28.56789,77.250515,CO,45,87,57
India,Chhattisgarh,Bhilai,"Hathkhoj, Bhilai - CECB",13-08-2026 11:00:00,21.224231,81.40835,CO,11,19,14
India,Chhattisgarh,Bhilai,"Hathkhoj, Bhilai - CECB",13-08-2026 11:00:00,21.224231,81.40835,OZONE,9,15,11
India,Chhattisgarh,Bhilai,"32Bungalows, Bhilai - CECB",13-08-2026 11:00:00,21.194815,81.31477,PM2.5,7,18,13
India,Chhattisgarh,Bhilai,"32Bungalows, Bhilai - CECB",13-08-2026 11:00:00,21.194815,81.31477,OZONE,9,13,11
India,Chhattisgarh,Bhilai,"Civic Center, Bhilai - Bhilai Steel Plant",13-08-2026 11:00:00,21.185571,81.343175,PM10,7,16,11
India,Chhattisgarh,Bhilai,"Civic Center, Bhilai - Bhilai Steel Plant",13-08-2026 11:00:00,21.185571,81.343175,NO2,15,16,16
India,Chhattisgarh,Bhilai,"Civic Center, Bhilai - Bhilai Steel Plant",13-08-2026 11:00:00,21.185571,81.343175,CO,20,21,20
India,Chhattisgarh,Bhilai,"Civic Center, Bhilai - Bhilai Steel Plant",13-08-2026 11:00:00,21.185571,81.343175,OZONE,10,11,11
India,Chhattisgarh,Chhal,"Nawapara SECL Colony, Chhal - CECB",13-08-2026 11:00:00,22.118125,83.140608,CO,17,23,20
India,Chhattisgarh,Korba,"Urja Nagar, Korba - CECB",13-08-2026 11:00:00,22.348441,82.549611,PM2.5,10,32,19
India,Chhattisgarh,Korba,"Urja Nagar, Korba - CECB",13-08-2026 11:00:00,22.348441,82.549611,NH3,1,1,1
India,Delhi,Delhi,"Pusa, Delhi - DPCC",13-08-2026 11:00:00,28.639652,77.146275,NH3,6,18,12
India,Delhi,Delhi,"Sirifort, Delhi - CPCB",13-08-2026 11:00:00,28.5504249,77.2159377,PM2.5,51,183,92
India,Delhi,Delhi,"Sirifort, Delhi - CPCB",13-08-2026 11:00:00,28.5504249,77.2159377,PM10,56,212,106
India,Delhi,Delhi,"Chandni Chowk, Delhi - IITM",13-08-2026 11:00:00,28.656756,77.227234,NO2,11,25,14
India,Delhi,Delhi,"NSUT Jaffarpur, Delhi - DPCC",13-08-2026 11:00:00,28.594004,76.909423,PM10,24,108,72
India,Delhi,Delhi,"Punjabi Bagh, Delhi - DPCC",13-08-2026 11:00:00,28.674045,77.131023,OZONE,0,35,12
India,Delhi,Delhi,"Shadipur, Delhi - CPCB",13-08-2026 11:00:00,28.6514781,77.1473105,NO2,15,102,38
India,Delhi,Delhi,"Shadipur, Delhi - CPCB",13-08-2026 11:00:00,28.6514781,77.1473105,SO2,8,41,19
India,Delhi,Delhi,"Chandni Chowk, Delhi - IITM",13-08-2026 11:00:00,28.656756,77.227234,OZONE,6,53,21
India,Haryana,Gurugram,"Vikas Sadan, Gurugram - HSPCB",13-08-2026 11:00:00,28.4501238,77.0263051,PM10,69,164,107
India,Haryana,Gurugram,"Vikas Sadan, Gurugram - HSPCB",13-08-2026 11:00:00,28.4501238,77.0263051,SO2,12,29,21
India,Haryana,Gurugram,"NISE Gwal Pahari, Gurugram - IITM",13-08-2026 11:00:00,28.422681,77.148944,NH3,NA,NA,NA
India,Haryana,Hisar,"Urban Estate-II, Hisar - HSPCB",13-08-2026 11:00:00,29.14056,75.744941,PM2.5,13,53,34
India,Haryana,Jind,"Police Lines, Jind - HSPCB",13-08-2026 11:00:00,29.307814,76.337619,SO2,27,30,28
India,Haryana,Kaithal,"Rishi Nagar, Kaithal - HSPCB",13-08-2026 11:00:00,29.8006,76.4155,PM10,2,74,55
India,Haryana,Karnal,"Sector-12, Karnal - HSPCB",13-08-2026 11:00:00,29.6953,77.0027,CO,42,55,49
India,Haryana,Mandikhera,"General Hospital, Mandikhera(Nuh) - HSPCB",13-08-2026 11:00:00,27.9002,76.9938,PM2.5,32,34,33
India,Haryana,Mandikhera,"General Hospital, Mandikhera(Nuh) - HSPCB",13-08-2026 11:00:00,27.9002,76.9938,SO2,17,18,18
India,Haryana,Mandikhera,"General Hospital, Mandikhera(Nuh) - HSPCB",13-08-2026 11:00:00,27.9002,76.9938,CO,32,33,33
India,Haryana,Manesar,"Sector-2 IMT, Manesar - HSPCB",13-08-2026 11:00:00,28.360699,76.93609,CO,12,17,14
India,Haryana,Narnaul,"Shastri Nagar, Narnaul - HSPCB",13-08-2026 11:00:00,28.060249,76.113115,PM2.5,35,75,53
India,Haryana,Panchgaon,"Amity University, Panchgaon - IITM",13-08-2026 11:00:00,28.3153,76.9143,PM2.5,17,92,45
India,Haryana,Panchgaon,"Amity University, Panchgaon - IITM",13-08-2026 11:00:00,28.3153,76.9143,NO2,7,15,11
India,Haryana,Panchgaon,"Amity University, Panchgaon - IITM",13-08-2026 11:00:00,28.3153,76.9143,SO2,0,12,6
India,Haryana,Rohtak,"MD University, Rohtak - HSPCB",13-08-2026 11:00:00,28.52123,76.37138,CO,33,44,39
India,Haryana,Sirsa,"F-Block, Sirsa - HSPCB",13-08-2026 11:00:00,29.5364,75.0158,CO,78,101,88
India,Haryana,Sonipat,"Murthal, Sonipat - HSPCB",13-08-2026 11:00:00,29.0272,77.0621,NH3,9,9,9
India,Haryana,Sonipat,"Murthal, Sonipat - HSPCB",13-08-2026 11:00:00,29.0272,77.0621,SO2,24,26,25
India,Haryana,Sonipat,"Murthal, Sonipat - HSPCB",13-08-2026 11:00:00,29.0272,77.0621,OZONE,48,52,50
India,Haryana,Yamuna Nagar,"Gobind Pura, Yamuna Nagar - HSPCB",13-08-2026 11:00:00,30.1480566,77.2893471,PM2.5,42,338,90
India,Haryana,Yamuna Nagar,"Gobind Pura, Yamuna Nagar - HSPCB",13-08-2026 11:00:00,30.1480566,77.2893471,NO2,11,21,17
India,Haryana,Yamuna Nagar,"Gobind Pura, Yamuna Nagar - HSPCB",13-08-2026 11:00:00,30.1480566,77.2893471,CO,25,49,35
India,Himachal Pradesh,Baddi,"HIMUDA Complex Phase-1, Baddi - HPPCB",13-08-2026 11:00:00,30.943887,76.801991,PM2.5,3,290,58
India,Gujarat,Ahmedabad,"Maninagar, Ahmedabad - GPCB",13-08-2026 11:00:00,23.002657,72.591912,PM10,78,124,96
India,Gujarat,Ahmedabad,"Maninagar, Ahmedabad - GPCB",13-08-2026 11:00:00,23.002657,72.591912,SO2,33,61,47
India,Gujarat,Ahmedabad,"Maninagar, Ahmedabad - GPCB",13-08-2026 11:00:00,23.002657,72.591912,OZONE,28,39,31
India,Gujarat,Ahmedabad,"Gyaspur, Ahmedabad - IITM",13-08-2026 11:00:00,22.977134,72.553024,SO2,4,12,8
India,Gujarat,Ahmedabad,"Gyaspur, Ahmedabad - IITM",13-08-2026 11:00:00,22.977134,72.553024,CO,21,35,26
India,Gujarat,Ankleshwar,"GIDC, Ankleshwar - GPCB",13-08-2026 11:00:00,21.613267,73.010555,CO,48,49,48
India,Gujarat,Ankleshwar,"GIDC, Ankleshwar - GPCB",13-08-2026 11:00:00,21.613267,73.010555,OZONE,29,47,33
India,Gujarat,Bhavnagar,"Vidhyanagar, Bhavnagar - Nexteng Enviro",13-08-2026 11:00:00,21.755417,72.139056,SO2,8,8,8
India,Gujarat,Gandhinagar,"GIFT City, Gandhinagar - IITM",13-08-2026 11:00:00,23.163798,72.677768,NO2,20,24,22
India,Gujarat,Gandhinagar,"GIFT City, Gandhinagar - IITM",13-08-2026 11:00:00,23.163798,72.677768,SO2,1,9,5
India,Gujarat,Rajkot,"Mavdi, Rajkot - Nexteng Enviro ",13-08-2026 11:00:00,22.248853,70.776774,SO2,9,10,10
India,Gujarat,Surat,"Science Center, Surat - SMC",13-08-2026 11:00:00,21.170046,72.795405,NH3,NA,NA,NA
India,Gujarat,Surat,"Science Center, Surat - SMC",13-08-2026 11:00:00,21.170046,72.795405,CO,32,42,36
India,Gujarat,Surat,"Science Center, Surat - SMC",13-08-2026 11:00:00,21.170046,72.795405,OZONE,NA,NA,NA
India,Gujarat,Surat,"Katargam, Surat - Nexteng Enviro",13-08-2026 11:00:00,21.217779,72.834787,PM2.5,23,64,35
India,Gujarat,Surat,"Katargam, Surat - Nexteng Enviro",13-08-2026 11:00:00,21.217779,72.834787,NO2,2,55,23
India,Gujarat,Surat,"Katargam, Surat - Nexteng Enviro",13-08-2026 11:00:00,21.217779,72.834787,SO2,7,11,9
India,Gujarat,Surat,"Katargam, Surat - Nexteng Enviro",13-08-2026 11:00:00,21.217779,72.834787,OZONE,7,8,7
India,Gujarat,Vapi,"Phase-1 GIDC, Vapi - GPCB",13-08-2026 11:00:00,20.362421,72.918013,CO,NA,NA,NA
India,Haryana,Ambala,"Patti Mehar, Ambala - HSPCB",13-08-2026 11:00:00,30.379589,76.778328,SO2,22,72,55
India,Haryana,Faridabad,"Sector 11, Faridabad - HSPCB",13-08-2026 11:00:00,28.376058,77.315741,NO2,29,33,31
India,Haryana,Faridabad,"New Industrial Town, Faridabad - HSPCB",13-08-2026 11:00:00,28.39072,77.30059,PM2.5,48,52,50
India,Haryana,Faridabad,"New Industrial Town, Faridabad - HSPCB",13-08-2026 11:00:00,28.39072,77.30059,SO2,2,31,8
India,Haryana,Faridabad,"New Industrial Town, Faridabad - HSPCB",13-08-2026 11:00:00,28.39072,77.30059,CO,29,31,30
India,Haryana,Faridabad,"New Industrial Town, Faridabad - HSPCB",13-08-2026 11:00:00,28.39072,77.30059,OZONE,14,14,14
India,Haryana,Fatehabad,"Huda Sector, Fatehabad - HSPCB",13-08-2026 11:00:00,29.503664,75.467934,NO2,18,20,19
India,Haryana,Gurugram,"Teri Gram, Gurugram - HSPCB",13-08-2026 11:00:00,28.4275,77.1465,CO,24,46,42
India,Haryana,Gurugram,"Sector-51, Gurugram - HSPCB",13-08-2026 11:00:00,28.4227,77.0667,PM2.5,51,209,115
India,Haryana,Gurugram,"Sector-51, Gurugram - HSPCB",13-08-2026 11:00:00,28.4227,77.0667,PM10,61,157,110
India,Haryana,Bhiwani,"H.B. Colony, Bhiwani - HSPCB",13-08-2026 11:00:00,28.806223,76.141105,PM2.5,22,63,35
India,Haryana,Charkhi Dadri,"Mini Secretariat, Charkhi Dadri - HSPCB",13-08-2026 11:00:00,28.593883,76.270653,OZONE,11,39,23
India,Haryana,Dharuhera,"Municipal Corporation Office, Dharuhera -  HSPCB",13-08-2026 11:00:00,28.2068,76.7997,CO,19,38,30
India,Haryana,Faridabad,"Sector 30, Faridabad - HSPCB",13-08-2026 11:00:00,28.4417,77.3217,NH3,10,10,10
India,Haryana,Faridabad,"Sector 30, Faridabad - HSPCB",13-08-2026 11:00:00,28.4417,77.3217,CO,43,55,49
India,Haryana,Faridabad,"Sector 30, Faridabad - HSPCB",13-08-2026 11:00:00,28.4417,77.3217,OZONE,19,45,39
India,Delhi,Delhi,"Narela, Delhi - DPCC",13-08-2026 11:00:00,28.822836,77.101981,NH3,5,15,10
India,Gujarat,Ahmedabad,"SVPI Airport Hansol, Ahmedabad - IITM",13-08-2026 11:00:00,23.076793,72.627874,PM10,49,100,71
India,Gujarat,Ahmedabad,"SVPI Airport Hansol, Ahmedabad - IITM",13-08-2026 11:00:00,23.076793,72.627874,NO2,17,38,26
India,Gujarat,Ahmedabad,"Rakhial, Ahmedabad - IITM",13-08-2026 11:00:00,23.016834,72.625775,PM10,61,110,83
India,Gujarat,Ahmedabad,"Rakhial, Ahmedabad - IITM",13-08-2026 11:00:00,23.016834,72.625775,SO2,32,41,36
India,Jammu and Kashmir,Srinagar,"Rajbagh, Srinagar - JKPCC",13-08-2026 11:00:00,34.066206,74.81982,CO,9,17,15
India,Jharkhand,Dhanbad,"Sardar Patel Nagar, Dhanbad - JSPCB",13-08-2026 11:00:00,23.80569,86.44268,PM2.5,NA,NA,NA
India,Jharkhand,Jorapokhar,"Tata Stadium, Jorapokhar - JSPCB",13-08-2026 11:00:00,23.707909,86.41467,NO2,8,8,8
India,Jharkhand,Jorapokhar,"Tata Stadium, Jorapokhar - JSPCB",13-08-2026 11:00:00,23.707909,86.41467,CO,39,41,40
India,Gujarat,Gandhinagar,"GIFT City, Gandhinagar - IITM",13-08-2026 11:00:00,23.163798,72.677768,OZONE,6,8,7
India,Gujarat,Gandhinagar,"IIPHG Lekawada, Gandhinagar - IITM",13-08-2026 11:00:00,23.243639,72.68994,NO2,5,14,8
India,Gujarat,Gandhinagar,"IIPHG Lekawada, Gandhinagar - IITM",13-08-2026 11:00:00,23.243639,72.68994,NH3,0,1,1
India,Karnataka,Chikkaballapur,"Chikkaballapur Rural, Chikkaballapur - KSPCB",13-08-2026 11:00:00,13.428828,77.731418,SO2,13,20,16
India,Karnataka,Davanagere,"Devaraj Urs Badavane, Davanagere - KSPCB",13-08-2026 11:00:00,14.4758,75.9052,PM2.5,10,33,20
India,Karnataka,Davanagere,"Devaraj Urs Badavane, Davanagere - KSPCB",13-08-2026 11:00:00,14.4758,75.9052,NO2,8,10,9
India,Karnataka,Gadag,"Panchal Nagar, Gadag - KSPCB",13-08-2026 11:00:00,15.411456,75.638133,PM10,67,117,88
India,Karnataka,Gadag,"Panchal Nagar, Gadag - KSPCB",13-08-2026 11:00:00,15.411456,75.638133,NO2,19,23,21
India,Karnataka,Gadag,"Panchal Nagar, Gadag - KSPCB",13-08-2026 11:00:00,15.411456,75.638133,CO,29,66,38
India,Karnataka,Hubballi,"Lingaraj Nagar, Hubballi - KSPCB",13-08-2026 11:00:00,15.3714823,75.1160168,PM10,47,68,57
India,Karnataka,Hubballi,"Lingaraj Nagar, Hubballi - KSPCB",13-08-2026 11:00:00,15.3714823,75.1160168,CO,11,16,14
India,Karnataka,Kalaburagi,"Mahatma Basaveswar Colony, Kalaburgi - KSPCB",13-08-2026 11:00:00,17.336318,76.847397,NH3,2,3,3
India,Karnataka,Kalaburagi,"Mahatma Basaveswar Colony, Kalaburgi - KSPCB",13-08-2026 11:00:00,17.336318,76.847397,SO2,4,5,4
India,Karnataka,Kalaburagi,"Lal Bahadur Shastri Nagar, Kalaburagi - KSPCB",13-08-2026 11:00:00,17.321993,76.822628,SO2,NA,NA,NA
India,Karnataka,Kalaburagi,"Lal Bahadur Shastri Nagar, Kalaburagi - KSPCB",13-08-2026 11:00:00,17.321993,76.822628,CO,33,34,33
India,Karnataka,Mangalore,"Kadri, Mangalore - KSPCB",13-08-2026 11:00:00,12.88925,74.853,NH3,0,2,1
India,Madhya Pradesh,Dewas,"Bhopal Chauraha, Dewas - MPPCB",13-08-2026 11:00:00,22.9682591,76.064118,NO2,40,55,46
India,Madhya Pradesh,Gwalior,"Deen Dayal Nagar, Gwalior - MPPCB",13-08-2026 11:00:00,26.259242,78.216432,NH3,1,7,5
India,Madhya Pradesh,Gwalior,"Deen Dayal Nagar, Gwalior - MPPCB",13-08-2026 11:00:00,26.259242,78.216432,OZONE,28,65,48
India,Madhya Pradesh,Gwalior,"City Center, Gwalior - MPPCB",13-08-2026 11:00:00,26.203442,78.193251,PM2.5,32,65,46
India,Madhya Pradesh,Gwalior,"City Center, Gwalior - MPPCB",13-08-2026 11:00:00,26.203442,78.193251,CO,10,35,19
India,Madhya Pradesh,Gwalior,"Maharaj Bada, Gwalior - MPPCB",13-08-2026 11:00:00,26.200388,78.147714,PM10,9,434,95
India,Madhya Pradesh,Gwalior,"Maharaj Bada, Gwalior - MPPCB",13-08-2026 11:00:00,26.200388,78.147714,NO2,1,28,9
India,Madhya Pradesh,Indore,"Regional Park, Indore - IMC",13-08-2026 11:00:00,22.678,75.8559,PM2.5,10,24,18
India,Madhya Pradesh,Indore,"Maguda Nagar, Indore - IMC",13-08-2026 11:00:00,22.7524,75.8872,NO2,1,5,2
India,Karnataka,Mysuru,"Hebbal 1st Stage, Mysuru - KSPCB",13-08-2026 11:00:00,12.21041,76.37376,NH3,3,6,5
India,Karnataka,Ramanagara,"Vijay Nagar, Ramanagara - KSPCB",13-08-2026 11:00:00,12.733409,77.298051,NO2,NA,NA,NA
India,Karnataka,Ramanagara,"Vijay Nagar, Ramanagara - KSPCB",13-08-2026 11:00:00,12.733409,77.298051,CO,32,37,34
India,Karnataka,Ramanagara,"Vijay Nagar, Ramanagara - KSPCB",13-08-2026 11:00:00,12.733409,77.298051,OZONE,15,31,21
India,Karnataka,Vijayapura,"Ibrahimpur, Vijayapura - KSPCB",13-08-2026 11:00:00,16.802639,75.722694,PM2.5,27,28,27
India,Karnataka,Vijayapura,"Ibrahimpur, Vijayapura - KSPCB",13-08-2026 11:00:00,16.802639,75.722694,CO,16,33,23
India,Karnataka,Yadgir,"Collector Office, Yadgir - KSPCB",13-08-2026 11:00:00,16.7602,77.1428,OZONE,36,36,36
India,Kerala,Kannur,"Thavakkara, Kannur - Kerala PCB",13-08-2026 11:00:00,11.875,75.3732,PM2.5,66,80,74
India,Kerala,Kannur,"Thavakkara, Kannur - Kerala PCB",13-08-2026 11:00:00,11.875,75.3732,NH3,1,1,1
India,Karnataka,Bengaluru,"Hombegowda Nagar, Bengaluru - KSPCB",13-08-2026 11:00:00,12.938539,77.5901,NH3,1,2,1
India,Karnataka,Bengaluru,"Bapuji Nagar, Bengaluru - KSPCB",13-08-2026 11:00:00,12.951913,77.539784,NH3,3,3,3
India,Karnataka,Bengaluru,"Bapuji Nagar, Bengaluru - KSPCB",13-08-2026 11:00:00,12.951913,77.539784,OZONE,20,24,22
India,Karnataka,Bengaluru,"Silk Board, Bengaluru - KSPCB",13-08-2026 11:00:00,12.917348,77.622813,NO2,7,30,21
India,Karnataka,Bengaluru,"Silk Board, Bengaluru - KSPCB",13-08-2026 11:00:00,12.917348,77.622813,SO2,4,10,7
India,Karnataka,Bengaluru,"Jayanagar 5th Block, Bengaluru - KSPCB",13-08-2026 11:00:00,12.920984,77.584908,NH3,1,2,1
India,Karnataka,Bengaluru,"Jayanagar 5th Block, Bengaluru - KSPCB",13-08-2026 11:00:00,12.920984,77.584908,CO,3,14,10
India,Kerala,Thiruvananthapuram,"Kariavattom, Thiruvananthapuram - Kerala PCB",13-08-2026 11:00:00,8.5637,76.8865,NO2,5,7,6
India,Kerala,Thiruvananthapuram,"Kariavattom, Thiruvananthapuram - Kerala PCB",13-08-2026 11:00:00,8.5637,76.8865,SO2,9,10,9
India,Kerala,Thrissur,"Corporation Ground, Thrissur - Kerala PCB",13-08-2026 11:00:00,10.5324,76.2159,PM10,48,55,51
India,Kerala,Thrissur,"Corporation Ground, Thrissur - Kerala PCB",13-08-2026 11:00:00,10.5324,76.2159,NO2,6,8,7
India,Kerala,Thrissur,"Corporation Ground, Thrissur - Kerala PCB",13-08-2026 11:00:00,10.5324,76.2159,OZONE,30,31,30
India,Madhya Pradesh,Bhopal,"T T Nagar, Bhopal - MPPCB",13-08-2026 11:00:00,23.233584,77.400574,PM2.5,2,54,28
India,Madhya Pradesh,Indore,"Airport Area, Indore - IMC",13-08-2026 11:00:00,22.7289,75.8076,NO2,14,17,16
India,Madhya Pradesh,Indore,"Airport Area, Indore - IMC",13-08-2026 11:00:00,22.7289,75.8076,CO,34,35,35
India,Madhya Pradesh,Indore,"Airport Area, Indore - IMC",13-08-2026 11:00:00,22.7289,75.8076,OZONE,4,5,4
India,Madhya Pradesh,Jabalpur,"Suhagi, Jabalpur - JMC",13-08-2026 11:00:00,23.218135,79.95777,PM10,40,59,47
India,Madhya Pradesh,Jabalpur,"Suhagi, Jabalpur - JMC",13-08-2026 11:00:00,23.218135,79.95777,SO2,6,7,7
India,Karnataka,Bengaluru,"Jigani, Bengaluru - KSPCB",13-08-2026 11:00:00,12.7816279,77.6299145,SO2,19,19,19
India,Karnataka,Bengaluru,"Kasturi Nagar, Bengaluru - KSPCB",13-08-2026 11:00:00,13.003872,77.664217,SO2,9,13,9
India,Karnataka,Bengaluru,"Peenya, Bengaluru - CPCB",13-08-2026 11:00:00,13.0270199,77.494094,NH3,2,6,4
India,Karnataka,Bengaluru,"Sanegurava Halli, Bengaluru - KSPCB",13-08-2026 11:00:00,12.990328,77.5431385,NO2,18,19,18
India,Karnataka,Chamarajanagar,"Urban, Chamarajanagar - KSPCB",13-08-2026 11:00:00,11.55358,76.55521,CO,16,23,22
India,Madhya Pradesh,Bhopal,"Idgah Hills, Bhopal - MPPCB",13-08-2026 11:00:00,23.264759,77.381568,OZONE,10,19,14
India,Madhya Pradesh,Bhopal,"Paryavaran Parisar, Bhopal - MPPCB",13-08-2026 11:00:00,23.210494,77.425409,OZONE,10,45,18
India,Madhya Pradesh,Mandideep,"Sector-D Industrial Area, Mandideep - MPPCB",13-08-2026 11:00:00,23.10844,77.511428,NO2,22,32,27
India,Madhya Pradesh,Mandideep,"Sector-D Industrial Area, Mandideep - MPPCB",13-08-2026 11:00:00,23.10844,77.511428,NH3,3,4,3
India,Madhya Pradesh,Mandideep,"Sector-D Industrial Area, Mandideep - MPPCB",13-08-2026 11:00:00,23.10844,77.511428,CO,13,22,16
India,Madhya Pradesh,Mandideep,"Sector-D Industrial Area, Mandideep - MPPCB",13-08-2026 11:00:00,23.10844,77.511428,OZONE,19,23,21
India,Madhya Pradesh,Pithampur,"Sector-2 Industrial Area, Pithampur - MPPCB",13-08-2026 11:00:00,22.624758,75.675238,CO,23,117,36
India,Madhya Pradesh,Ratlam,"Shasthri Nagar, Ratlam - IPCA Lab",13-08-2026 11:00:00,23.331731,75.045981,CO,NA,NA,NA
India,Madhya Pradesh,Satna,"Bandhavgar Colony, Satna - Birla Cement",13-08-2026 11:00:00,24.58434363,80.8549414,PM2.5,49,52,50
India,Madhya Pradesh,Satna,"Bandhavgar Colony, Satna - Birla Cement",13-08-2026 11:00:00,24.58434363,80.8549414,CO,11,24,17
India,Madhya Pradesh,Ujjain,"Mahashweta Nagar, Ujjain - MPPCB",13-08-2026 11:00:00,23.1633321,75.800225,NH3,NA,NA,NA
India,Madhya Pradesh,Ujjain,"Mahashweta Nagar, Ujjain - MPPCB",13-08-2026 11:00:00,23.1633321,75.800225,OZONE,32,37,35
India,Maharashtra,Ahmednagar,"Tarakpur, Ahmednagar - MPCB",13-08-2026 11:00:00,19.10122,74.73339,NH3,1,9,4
India,Maharashtra,Ahmednagar,"Tarakpur, Ahmednagar - MPCB",13-08-2026 11:00:00,19.10122,74.73339,CO,5,37,16
India,Maharashtra,Ahmednagar,"Tarakpur, Ahmednagar - MPCB",13-08-2026 11:00:00,19.10122,74.73339,OZONE,2,20,9
India,Madhya Pradesh,Jabalpur,"Govindh Bhavan Colony, Jabalpur - JMC",13-08-2026 11:00:00,23.163174,79.973061,NO2,10,22,18
India,Madhya Pradesh,Jabalpur,"Govindh Bhavan Colony, Jabalpur - JMC",13-08-2026 11:00:00,23.163174,79.973061,NH3,9,10,10
India,Madhya Pradesh,Jabalpur,"Govindh Bhavan Colony, Jabalpur - JMC",13-08-2026 11:00:00,23.163174,79.973061,CO,39,43,40
India,Madhya Pradesh,Jabalpur,"Marhatal, Jabalpur - MPPCB",13-08-2026 11:00:00,23.168606,79.932247,PM2.5,7,40,23
India,Madhya Pradesh,Jabalpur,"Marhatal, Jabalpur - MPPCB",13-08-2026 11:00:00,23.168606,79.932247,PM10,8,32,20
India,Madhya Pradesh,Jabalpur,"Marhatal, Jabalpur - MPPCB",13-08-2026 11:00:00,23.168606,79.932247,CO,37,55,46
India,Madhya Pradesh,Katni,"Gole Bazar, Katni - MPPCB",13-08-2026 11:00:00,23.50016,80.23284,NH3,2,3,2
India,Madhya Pradesh,Katni,"Gole Bazar, Katni - MPPCB",13-08-2026 11:00:00,23.50016,80.23284,OZONE,15,20,17
India,Madhya Pradesh,Maihar,"Sahilara, Maihar - KJS Cements",13-08-2026 11:00:00,24.2613009,80.7231783,PM10,5,50,17
India,Madhya Pradesh,Maihar,"Sahilara, Maihar - KJS Cements",13-08-2026 11:00:00,24.2613009,80.7231783,NO2,16,23,18
India,Madhya Pradesh,Maihar,"Sahilara, Maihar - KJS Cements",13-08-2026 11:00:00,24.2613009,80.7231783,SO2,11,12,11
India,Maharashtra,Chandrapur,"Chauhan Colony, Chandrapur - MPCB",13-08-2026 11:00:00,19.9629,79.298714,PM2.5,7,35,19
India,Maharashtra,Chandrapur,"Chauhan Colony, Chandrapur - MPCB",13-08-2026 11:00:00,19.9629,79.298714,PM10,20,43,30
India,Maharashtra,Chandrapur,"Chauhan Colony, Chandrapur - MPCB",13-08-2026 11:00:00,19.9629,79.298714,SO2,10,11,10
India,Maharashtra,Dhule,"Deopur, Dhule - MPCB",13-08-2026 11:00:00,20.918946,74.776388,PM10,20,33,28
India,Maharashtra,Dhule,"Deopur, Dhule - MPCB",13-08-2026 11:00:00,20.918946,74.776388,NO2,4,19,10
India,Maharashtra,Dhule,"Deopur, Dhule - MPCB",13-08-2026 11:00:00,20.918946,74.776388,OZONE,9,11,10
India,Maharashtra,Dombivli,"Kalu Nagar, Dombivli - MPCB",13-08-2026 11:00:00,19.2268427,73.0788456,PM2.5,3,13,8
India,Maharashtra,Dombivli,"Kalu Nagar, Dombivli - MPCB",13-08-2026 11:00:00,19.2268427,73.0788456,SO2,24,52,26
India,Maharashtra,Dombivli,"Kalu Nagar, Dombivli - MPCB",13-08-2026 11:00:00,19.2268427,73.0788456,CO,9,22,15
India,Maharashtra,Dombivli,"Kalu Nagar, Dombivli - MPCB",13-08-2026 11:00:00,19.2268427,73.0788456,OZONE,24,34,29
India,Maharashtra,Hingoli,"Ashta Vinayak Nagar, Hingoli - MPCB",13-08-2026 11:00:00,19.710842,77.151824,SO2,4,5,5
India,Maharashtra,Akola,"Ramdaspeth, Akola - MPCB",13-08-2026 11:00:00,20.719516,77.000253,NO2,9,23,14
India,Maharashtra,Akola,"Ramdaspeth, Akola - MPCB",13-08-2026 11:00:00,20.719516,77.000253,NH3,6,9,8
India,Maharashtra,Akola,"Ramdaspeth, Akola - MPCB",13-08-2026 11:00:00,20.719516,77.000253,SO2,6,7,6
India,Maharashtra,Akola,"Ramdaspeth, Akola - MPCB",13-08-2026 11:00:00,20.719516,77.000253,CO,13,25,19
India,Maharashtra,Amravati,"Shivneri Colony, Amravati - MPCB",13-08-2026 11:00:00,20.9402359,77.7895248,SO2,9,20,10
India,Maharashtra,Amravati,"Shivneri Colony, Amravati - MPCB",13-08-2026 11:00:00,20.9402359,77.7895248,CO,9,16,12
India,Maharashtra,Amravati,"Shri Shivaji Science College, Amravati - MPCB",13-08-2026 11:00:00,20.939198,77.765701,NH3,1,2,2
India,Maharashtra,Amravati,"Shri Shivaji Science College, Amravati - MPCB",13-08-2026 11:00:00,20.939198,77.765701,SO2,7,9,8
India,Maharashtra,Aurangabad,"MIDC Chilkalthana, Aurangabad - MPCB",13-08-2026 11:00:00,19.87562,75.38731,PM2.5,19,28,24
India,Maharashtra,Aurangabad,"MIDC Chilkalthana, Aurangabad - MPCB",13-08-2026 11:00:00,19.87562,75.38731,NH3,1,2,1
India,Maharashtra,Aurangabad,"MIDC Chilkalthana, Aurangabad - MPCB",13-08-2026 11:00:00,19.87562,75.38731,SO2,3,9,6
India,Maharashtra,Malegaon,"Mahesh Nagar, Malegaon - MPCB",13-08-2026 11:00:00,20.555712,74.529236,PM2.5,16,39,27
India,Maharashtra,Malegaon,"Mahesh Nagar, Malegaon - MPCB",13-08-2026 11:00:00,20.555712,74.529236,NO2,6,23,13
India,Maharashtra,Mira-Bhayandar,"Bhayandar West, Mira-Bhayandar - MPCB",13-08-2026 11:00:00,19.296481,72.840923,PM10,26,41,34
India,Maharashtra,Mira-Bhayandar,"Bhayandar West, Mira-Bhayandar - MPCB",13-08-2026 11:00:00,19.296481,72.840923,CO,17,19,18
India,Maharashtra,Mumbai,"Chakala-Andheri East, Mumbai - IITM",13-08-2026 11:00:00,19.11074,72.86084,NH3,1,3,2
India,Maharashtra,Mumbai,"Chakala-Andheri East, Mumbai - IITM",13-08-2026 11:00:00,19.11074,72.86084,OZONE,7,11,8
India,Maharashtra,Mumbai,"Bandra Kurla Complex, Mumbai - MPCB",13-08-2026 11:00:00,19.065931,72.862131,OZONE,5,14,8
India,Maharashtra,Mumbai,"Chembur, Mumbai - MPCB",13-08-2026 11:00:00,19.0364585,72.8954371,PM2.5,7,28,17
India,Maharashtra,Badlapur,"Katrap, Badlapur - MPCB",13-08-2026 11:00:00,19.16485,73.23409,NO2,15,24,21
India,Maharashtra,Badlapur,"Katrap, Badlapur - MPCB",13-08-2026 11:00:00,19.16485,73.23409,NH3,6,22,10
India,Maharashtra,Beed,"Bir, Beed - MPCB",13-08-2026 11:00:00,18.988474,75.753873,NH3,2,3,3
India,Maharashtra,Belapur,"CBD Belapur, Belapur - MPCB",13-08-2026 11:00:00,19.0243902,73.0406721,PM10,NA,NA,NA
India,Maharashtra,Belapur,"CBD Belapur, Belapur - MPCB",13-08-2026 11:00:00,19.0243902,73.0406721,OZONE,1,3,2
India,Maharashtra,Bhiwandi,"Gokul Nagar, Bhiwandi - MPCB",13-08-2026 11:00:00,19.309073,73.057223,PM10,32,57,45
India,Maharashtra,Boisar,"Khaira, Boisar - MPCB",13-08-2026 11:00:00,19.786089,72.757971,NH3,1,3,2
India,Maharashtra,Chandrapur,"MIDC Khutala, Chandrapur - MPCB",13-08-2026 11:00:00,19.9775302,79.2337086,NH3,NA,NA,NA
India,Maharashtra,Kolhapur,"Shivaji University, Kolhapur - MPCB",13-08-2026 11:00:00,16.6870449,74.2505872,NO2,2,19,12
India,Maharashtra,Kolhapur,"Shivaji University, Kolhapur - MPCB",13-08-2026 11:00:00,16.6870449,74.2505872,NH3,3,4,3
India,Maharashtra,Latur,"Sawe Wadi, Latur - MPCB",13-08-2026 11:00:00,18.39963,76.57452,NO2,5,22,11
India,Maharashtra,Latur,"Sawe Wadi, Latur - MPCB",13-08-2026 11:00:00,18.39963,76.57452,SO2,4,5,4
India,Maharashtra,Mahad,"Kamble Tarf Birwadi, Mahad - MPCB",13-08-2026 11:00:00,18.1023399,73.4783687,NO2,4,36,14
India,Maharashtra,Jalgaon,"Prabhat Colony, Jalgaon - MPCB",13-08-2026 11:00:00,21.001264,75.565602,OZONE,3,15,7
India,Maharashtra,Jalna,"Old MIDC, Jalna - MPCB",13-08-2026 11:00:00,19.854616,75.905894,PM2.5,NA,NA,NA
India,Maharashtra,Kalyan,"Pimpleshwar Mandir, Kalyan - MPCB",13-08-2026 11:00:00,19.192056,72.9585188,PM10,40,148,52
India,Maharashtra,Kalyan,"Pimpleshwar Mandir, Kalyan - MPCB",13-08-2026 11:00:00,19.192056,72.9585188,OZONE,NA,NA,NA
India,Maharashtra,Jalgaon,"Prabhat Colony, Jalgaon - MPCB",13-08-2026 11:00:00,21.001264,75.565602,PM10,24,48,32
India,Maharashtra,Jalgaon,"Prabhat Colony, Jalgaon - MPCB",13-08-2026 11:00:00,21.001264,75.565602,NH3,1,3,2
India,Maharashtra,Thane,"Kasarvadavali, Thane - MPCB",13-08-2026 11:00:00,19.26777,72.97182,NH3,0,1,0
India,Maharashtra,Thane,"Kasarvadavali, Thane - MPCB",13-08-2026 11:00:00,19.26777,72.97182,SO2,6,7,6
India,Maharashtra,Ulhasnagar,"Vithalwadi, Ulhasnagar - MPCB",13-08-2026 11:00:00,19.2307571,73.155192,PM10,15,85,40
India,Maharashtra,Virar,"Bolinj, Virar - MPCB",13-08-2026 11:00:00,19.445821,72.7988231,NO2,11,29,18
India,Maharashtra,Virar,"Bolinj, Virar - MPCB",13-08-2026 11:00:00,19.445821,72.7988231,SO2,1,15,4
India,Maharashtra,Virar,"Bolinj, Virar - MPCB",13-08-2026 11:00:00,19.445821,72.7988231,CO,3,44,14
India,Meghalaya,Byrnihat,"15th Mile-Nongthymmai, Byrnihat -Meghalaya PCB",13-08-2026 11:00:00,26.079047,91.875185,PM2.5,13,312,168
India,Meghalaya,Shillong,"Lumpyngngad, Shillong - Meghalaya PCB",13-08-2026 11:00:00,25.5586,91.8985,NO2,0,1,0
India,Meghalaya,Shillong,"Lumpyngngad, Shillong - Meghalaya PCB",13-08-2026 11:00:00,25.5586,91.8985,NH3,0,0,0
India,Meghalaya,Shillong,"JN Stadium, Shillong - Meghalaya PCB",13-08-2026 11:00:00,25.5803419,91.8942571,PM10,9,44,20
India,Meghalaya,Shillong,"JN Stadium, Shillong - Meghalaya PCB",13-08-2026 11:00:00,25.5803419,91.8942571,NO2,2,10,4
India,Mizoram,Aizawl,"Sikulpuikawn, Aizawl - Mizoram PCB",13-08-2026 11:00:00,23.7176342,92.7192841,CO,3,4,3
India,Maharashtra,Navi Mumbai,"Mahape, Navi Mumbai - MPCB",13-08-2026 11:00:00,19.1135051,73.008978,SO2,15,16,15
India,Maharashtra,Navi Mumbai,"Kopripada-Vashi, Navi Mumbai - MPCB",13-08-2026 11:00:00,19.090337,73.014232,PM2.5,10,43,23
India,Maharashtra,Navi Mumbai,"Kopripada-Vashi, Navi Mumbai - MPCB",13-08-2026 11:00:00,19.090337,73.014232,PM10,30,72,49
India,Maharashtra,Navi Mumbai,"Kopripada-Vashi, Navi Mumbai - MPCB",13-08-2026 11:00:00,19.090337,73.014232,CO,14,39,26
India,Maharashtra,Navi Mumbai,"Kopripada-Vashi, Navi Mumbai - MPCB",13-08-2026 11:00:00,19.090337,73.014232,OZONE,14,31,23
India,Maharashtra,Navi Mumbai,"Nerul, Navi Mumbai - MPCB",13-08-2026 11:00:00,19.008751,73.01662,OZONE,NA,NA,NA
India,Maharashtra,Parbhani,"Masoom Colony, Parbhani - MPCB",13-08-2026 11:00:00,19.265594,76.761463,CO,10,14,12
India,Maharashtra,Parbhani,"Masoom Colony, Parbhani - MPCB",13-08-2026 11:00:00,19.265594,76.761463,OZONE,20,21,21
India,Maharashtra,Pimpri-Chinchwad,"Park Street Wakad, Pimpri Chinchwad - MPCB",13-08-2026 11:00:00,18.59051,73.77946,PM10,19,60,34
India,Maharashtra,Pimpri-Chinchwad,"Park Street Wakad, Pimpri Chinchwad - MPCB",13-08-2026 11:00:00,18.59051,73.77946,NO2,6,23,12
India,Maharashtra,Pimpri-Chinchwad,"Park Street Wakad, Pimpri Chinchwad - MPCB",13-08-2026 11:00:00,18.59051,73.77946,NH3,1,2,1
India,Maharashtra,Pimpri-Chinchwad,"Thergaon, Pimpri Chinchwad - MPCB",13-08-2026 11:00:00,18.616318,73.765797,NO2,2,13,8
India,Maharashtra,Mumbai,"Borivali East, Mumbai - MPCB",13-08-2026 11:00:00,19.2243333,72.8658113,PM10,17,48,31
India,Maharashtra,Mumbai,"Borivali East, Mumbai - MPCB",13-08-2026 11:00:00,19.2243333,72.8658113,NO2,10,10,10
India,Maharashtra,Mumbai,"Chhatrapati Shivaji Intl. Airport (T2), Mumbai - MPCB",13-08-2026 11:00:00,19.10078,72.87462,PM10,NA,NA,NA
India,Maharashtra,Mumbai,"Chhatrapati Shivaji Intl. Airport (T2), Mumbai - MPCB",13-08-2026 11:00:00,19.10078,72.87462,NH3,0,0,0
India,Maharashtra,Mumbai,"Siddharth Nagar-Worli, Mumbai - IITM",13-08-2026 11:00:00,19.000083,72.813993,PM2.5,17,22,20
India,Maharashtra,Mumbai,"Siddharth Nagar-Worli, Mumbai - IITM",13-08-2026 11:00:00,19.000083,72.813993,SO2,NA,NA,NA
India,Maharashtra,Mumbai,"Kherwadi_Bandra East, Mumbai - MPCB",13-08-2026 11:00:00,19.0632143,72.8456324,PM10,30,58,48
India,Maharashtra,Mumbai,"Byculla, Mumbai - BMC",13-08-2026 11:00:00,18.9767,72.838,NO2,6,19,13
India,Maharashtra,Mumbai,"Sion, Mumbai - MPCB",13-08-2026 11:00:00,19.047,72.8746,PM10,7,22,14
India,Maharashtra,Mumbai,"Sion, Mumbai - MPCB",13-08-2026 11:00:00,19.047,72.8746,NH3,6,6,6
India,Maharashtra,Mumbai,"Sion, Mumbai - MPCB",13-08-2026 11:00:00,19.047,72.8746,SO2,5,5,5
India,Maharashtra,Pune,"Panchawati_Pashan, Pune - IITM",13-08-2026 11:00:00,18.536457,73.805454,PM2.5,19,37,27
India,Maharashtra,Pune,"Dhankawadi, Pune - IITM",13-08-2026 11:00:00,18.459883,73.852193,PM10,22,59,38
India,Maharashtra,Pune,"Mhada Colony, Pune - IITM",13-08-2026 11:00:00,18.57304,73.927715,SO2,NA,NA,NA
India,Maharashtra,Satara,"Koyana Nagar, Satara - MPCB",13-08-2026 11:00:00,17.696651,74.003387,PM2.5,4,101,37
India,Maharashtra,Satara,"Koyana Nagar, Satara - MPCB",13-08-2026 11:00:00,17.696651,74.003387,NO2,0,16,7
India,Maharashtra,Solapur,"Dnyaneshwar Nagar, Solapur - MPCB",13-08-2026 11:00:00,17.6336264,75.9132495,CO,5,11,8
India,Maharashtra,Solapur,"Ratandeep Housing Society, Solapur - MPCB",13-08-2026 11:00:00,17.65439,75.90649,CO,10,28,20
India,Maharashtra,Thane,"Upvan Fort, Thane - MPCB",13-08-2026 11:00:00,19.222279,72.957979,PM10,18,40,32
India,Maharashtra,Thane,"Upvan Fort, Thane - MPCB",13-08-2026 11:00:00,19.222279,72.957979,SO2,0,5,2
India,Maharashtra,Mumbai,"Borivali East, Mumbai - IITM",13-08-2026 11:00:00,19.23241,72.86895,NO2,9,21,14
India,Maharashtra,Mumbai,"Borivali East, Mumbai - IITM",13-08-2026 11:00:00,19.23241,72.86895,CO,7,22,14
India,Maharashtra,Mumbai,"Bandra Kurla Complex, Mumbai - IITM",13-08-2026 11:00:00,19.053536,72.84643,PM2.5,11,43,28
India,Maharashtra,Mumbai,"Bandra Kurla Complex, Mumbai - IITM",13-08-2026 11:00:00,19.053536,72.84643,SO2,1,5,3
India,Maharashtra,Mumbai,"Bandra Kurla Complex, Mumbai - IITM",13-08-2026 11:00:00,19.053536,72.84643,CO,9,28,18
India,Maharashtra,Mumbai,"Malad West, Mumbai - IITM",13-08-2026 11:00:00,19.19709,72.82204,SO2,3,9,6
India,Maharashtra,Mumbai,"Mazgaon, Mumbai - IITM",13-08-2026 11:00:00,18.96702,72.84214,PM2.5,NA,NA,NA
India,Maharashtra,Mumbai,"Mazgaon, Mumbai - IITM",13-08-2026 11:00:00,18.96702,72.84214,PM10,NA,NA,NA
India,Maharashtra,Mumbai,"Mazgaon, Mumbai - IITM",13-08-2026 11:00:00,18.96702,72.84214,NO2,NA,NA,NA
India,Maharashtra,Mumbai,"Kurla, Mumbai - MPCB",13-08-2026 11:00:00,19.0863,72.8888,SO2,29,29,29
India,Maharashtra,Mumbai,"Ghatkopar, Mumbai - BMC",13-08-2026 11:00:00,19.083694,72.920967,NH3,3,9,6
India,Maharashtra,Nagpur,"Mahal, Nagpur - MPCB",13-08-2026 11:00:00,21.14472,79.107595,CO,19,36,26
India,Maharashtra,Nagpur,"Mahal, Nagpur - MPCB",13-08-2026 11:00:00,21.14472,79.107595,OZONE,4,10,7
India,Maharashtra,Nanded,"Sneh Nagar, Nanded - MPCB",13-08-2026 11:00:00,19.173852,77.296291,SO2,4,5,4
India,Maharashtra,Nashik,"Pandav Nagari, Nashik - MPCB",13-08-2026 11:00:00,19.9591346,73.7788008,NO2,3,10,4
India,Maharashtra,Nashik,"Gangapur Road, Nashik - MPCB",13-08-2026 11:00:00,20.0073285,73.7762427,SO2,3,8,6
India,Maharashtra,Nashik,"MIDC Ambad, Nashik - MPCB",13-08-2026 11:00:00,19.95022,73.73148,CO,5,19,13
India,Maharashtra,Navi Mumbai,"Sanpada, Navi Mumbai - MPCB",13-08-2026 11:00:00,19.0575752,73.0151367,OZONE,1,7,3
India,Maharashtra,Navi Mumbai,"Tondare-Taloja, Navi Mumbai - MPCB",13-08-2026 11:00:00,19.063,73.1209,SO2,0,7,4
India,Maharashtra,Navi Mumbai,"Tondare-Taloja, Navi Mumbai - MPCB",13-08-2026 11:00:00,19.063,73.1209,OZONE,10,10,10
India,Maharashtra,Mumbai,"Deonar, Mumbai - IITM",13-08-2026 11:00:00,19.04946,72.923,CO,8,28,18
India,Maharashtra,Mumbai,"Deonar, Mumbai - IITM",13-08-2026 11:00:00,19.04946,72.923,OZONE,6,15,9
India,Maharashtra,Mumbai,"Khindipada-Bhandup West, Mumbai - IITM",13-08-2026 11:00:00,19.1653323,72.922099,PM2.5,4,28,15
India,Maharashtra,Mumbai,"Khindipada-Bhandup West, Mumbai - IITM",13-08-2026 11:00:00,19.1653323,72.922099,SO2,1,5,4
India,Maharashtra,Mumbai,"Navy Nagar-Colaba, Mumbai - IITM",13-08-2026 11:00:00,18.897756,72.81332,NO2,17,34,23
India,Maharashtra,Mumbai,"Mulund West, Mumbai - MPCB",13-08-2026 11:00:00,19.175,72.9419,NO2,13,14,13
India,Maharashtra,Mumbai,"Sewri, Mumbai - BMC",13-08-2026 11:00:00,19.000084,72.85673,NH3,2,5,4
India,Maharashtra,Mumbai,"Sewri, Mumbai - BMC",13-08-2026 11:00:00,19.000084,72.85673,SO2,NA,NA,NA
India,Maharashtra,Mumbai,"Sewri, Mumbai - BMC",13-08-2026 11:00:00,19.000084,72.85673,OZONE,8,9,8
India,Maharashtra,Mumbai,"Ghatkopar, Mumbai - BMC",13-08-2026 11:00:00,19.083694,72.920967,CO,18,26,21
India,Maharashtra,Nagpur,"Opp GPO Civil Lines, Nagpur - MPCB",13-08-2026 11:00:00,21.152875,79.0517531,NH3,5,5,5
India,Maharashtra,Nagpur,"Opp GPO Civil Lines, Nagpur - MPCB",13-08-2026 11:00:00,21.152875,79.0517531,SO2,2,7,4
India,Maharashtra,Nagpur,"Ram Nagar, Nagpur - MPCB",13-08-2026 11:00:00,21.143383,79.048912,SO2,11,15,12
India,Maharashtra,Nagpur,"Ram Nagar, Nagpur - MPCB",13-08-2026 11:00:00,21.143383,79.048912,OZONE,8,12,9
India,Maharashtra,Pimpri-Chinchwad,"Savta Mali Nagar, Pimpri-Chinchwad - IITM",13-08-2026 11:00:00,18.614767,73.799516,OZONE,7,17,10
India,Maharashtra,Pune,"Revenue Colony-Shivajinagar, Pune - IITM",13-08-2026 11:00:00,18.530085,73.849598,PM2.5,16,64,37
India,Maharashtra,Pune,"Revenue Colony-Shivajinagar, Pune - IITM",13-08-2026 11:00:00,18.530085,73.849598,NH3,NA,NA,NA
India,Maharashtra,Pune,"Savitribai Phule Pune University, Pune - MPCB",13-08-2026 11:00:00,18.547056,73.826908,CO,25,34,29
India,Mizoram,Aizawl,"Sikulpuikawn, Aizawl - Mizoram PCB",13-08-2026 11:00:00,23.7176342,92.7192841,OZONE,0,1,1
India,Nagaland,Kohima,"PWD Junction, Kohima - NPCB",13-08-2026 11:00:00,25.6635413,94.0989878,PM2.5,8,41,19
India,Nagaland,Kohima,"PWD Junction, Kohima - NPCB",13-08-2026 11:00:00,25.6635413,94.0989878,NO2,3,4,3
India,Odisha,Angul,"Hakimapada, Angul - OSPCB",13-08-2026 11:00:00,20.832874,85.104082,PM2.5,4,32,17
India,Odisha,Angul,"Hakimapada, Angul - OSPCB",13-08-2026 11:00:00,20.832874,85.104082,SO2,16,23,18
India,Odisha,Angul,"Hakimapada, Angul - OSPCB",13-08-2026 11:00:00,20.832874,85.104082,OZONE,21,74,47
India,Odisha,Balasore,"Kalidaspur, Balasore - OSPCB",13-08-2026 11:00:00,21.51161,86.89088,SO2,1,5,3
India,Odisha,Barbil,"Forest Office, Barbil - OSPCB",13-08-2026 11:00:00,22.1166054,85.3945546,PM10,NA,NA,NA
India,Odisha,Baripada,"Meher Colony, Baripada - OSPCB",13-08-2026 11:00:00,21.941841,86.728318,PM10,NA,NA,NA
India,Odisha,Baripada,"Meher Colony, Baripada - OSPCB",13-08-2026 11:00:00,21.941841,86.728318,OZONE,NA,NA,NA
India,Odisha,Bhubaneswar,"Patia, Bhubaneswar - OSPCB",13-08-2026 11:00:00,20.34652,85.8163,PM10,10,94,50
India,Odisha,Bhubaneswar,"Patia, Bhubaneswar - OSPCB",13-08-2026 11:00:00,20.34652,85.8163,NH3,3,10,5
India,Rajasthan,Ajmer,"Civil Lines,  Ajmer - RSPCB",13-08-2026 11:00:00,26.470859,74.646594,NO2,15,18,17
India,Rajasthan,Alwar,"Vigyan Nagar, Alwar - RSPCB",13-08-2026 11:00:00,27.598796,76.63861,NO2,8,16,10
India,Rajasthan,Alwar,"Vigyan Nagar, Alwar - RSPCB",13-08-2026 11:00:00,27.598796,76.63861,OZONE,8,36,16
India,Rajasthan,Baran,"Bamboliya, Baran - RSPCB",13-08-2026 11:00:00,25.106006,76.469948,PM10,20,48,28
India,Rajasthan,Bharatpur,"Krishna Nagar, Bharatpur - RSPCB",13-08-2026 11:00:00,27.215415,77.50873,CO,4,40,21
India,Rajasthan,Bhilwara,"Pratap Nagar, Bhilwara - RSPCB",13-08-2026 11:00:00,25.339605,74.618883,NH3,5,9,6
India,Rajasthan,Bhiwadi,"Vasundhara Nagar_UIT, Bhiwadi - RSPCB",13-08-2026 11:00:00,28.207266,76.829265,NH3,6,15,8
India,Rajasthan,Bhiwadi,"Vasundhara Nagar_UIT, Bhiwadi - RSPCB",13-08-2026 11:00:00,28.207266,76.829265,OZONE,27,31,29
India,Rajasthan,Bhiwadi,"RIICO Ind. Area III, Bhiwadi - RSPCB",13-08-2026 11:00:00,28.194909,76.862296,CO,10,10,10
India,Rajasthan,Bikaner,"MM Ground, Bikaner - RSPCB",13-08-2026 11:00:00,28.018792,73.292658,PM2.5,2,32,20
India,Rajasthan,Jaipur,"Shastri Nagar, Jaipur - RSPCB",13-08-2026 11:00:00,26.9502929,75.730943,PM2.5,41,95,72
India,Rajasthan,Jaipur,"Shastri Nagar, Jaipur - RSPCB",13-08-2026 11:00:00,26.9502929,75.730943,SO2,8,39,18
India,Rajasthan,Jaipur,"Shastri Nagar, Jaipur - RSPCB",13-08-2026 11:00:00,26.9502929,75.730943,OZONE,9,33,18
India,Rajasthan,Jaisalmer,"Sadar Bazar, Jaisalmer - RSPCB",13-08-2026 11:00:00,26.912329,70.909168,PM2.5,12,43,27
India,Rajasthan,Jalore,"Mudtra Sili, Jalore - RSPCB",13-08-2026 11:00:00,25.344694,72.626208,PM2.5,17,62,34
India,Rajasthan,Jalore,"Mudtra Sili, Jalore - RSPCB",13-08-2026 11:00:00,25.344694,72.626208,PM10,38,105,67
India,Rajasthan,Jhalawar,"Rajlaxmi Nagar, Jhalawar - RSPCB",13-08-2026 11:00:00,24.588397,76.172782,PM2.5,3,45,17
India,Rajasthan,Jhalawar,"Rajlaxmi Nagar, Jhalawar - RSPCB",13-08-2026 11:00:00,24.588397,76.172782,NO2,20,34,26
India,Rajasthan,Jodhpur,"Jhalamand, Jodhpur - RSPCB",13-08-2026 11:00:00,26.215415,73.070156,PM10,17,69,42
India,Rajasthan,Jodhpur,"Collectorate, Jodhpur - RSPCB",13-08-2026 11:00:00,26.268249,73.0193853,NH3,1,10,5
India,Rajasthan,Jodhpur,"Collectorate, Jodhpur - RSPCB",13-08-2026 11:00:00,26.268249,73.0193853,CO,6,27,16
India,Puducherry,Puducherry,"Jawahar Nagar, Puducherry - PPCC",13-08-2026 11:00:00,11.9309,79.8027,PM2.5,12,63,25
India,Puducherry,Puducherry,"Jawahar Nagar, Puducherry - PPCC",13-08-2026 11:00:00,11.9309,79.8027,NO2,4,20,10
India,Puducherry,Puducherry,"Jawahar Nagar, Puducherry - PPCC",13-08-2026 11:00:00,11.9309,79.8027,OZONE,11,27,18
India,Punjab,Amritsar,"Golden Temple, Amritsar - PPCB",13-08-2026 11:00:00,31.62,74.876512,SO2,10,18,13
India,Punjab,Bathinda,"Hardev Nagar, Bathinda - PPCB",13-08-2026 11:00:00,30.233011,74.907758,NH3,NA,NA,NA
India,Punjab,Bathinda,"Hardev Nagar, Bathinda - PPCB",13-08-2026 11:00:00,30.233011,74.907758,CO,14,27,19
India,Punjab,Jalandhar,"Civil Line, Jalandhar - PPCB",13-08-2026 11:00:00,31.321907,75.578914,SO2,11,12,11
India,Punjab,Jalandhar,"Civil Line, Jalandhar - PPCB",13-08-2026 11:00:00,31.321907,75.578914,CO,39,42,41
India,Punjab,Jalandhar,"Civil Line, Jalandhar - PPCB",13-08-2026 11:00:00,31.321907,75.578914,OZONE,47,51,50
India,Odisha,Bhubaneswar,"Patia, Bhubaneswar - OSPCB",13-08-2026 11:00:00,20.34652,85.8163,OZONE,18,32,23
India,Odisha,Brajrajnagar,"GM Office, Brajrajnagar - OSPCB",13-08-2026 11:00:00,21.8004996,83.8396977,PM2.5,12,81,36
India,Odisha,Brajrajnagar,"GM Office, Brajrajnagar - OSPCB",13-08-2026 11:00:00,21.8004996,83.8396977,NO2,26,34,31
India,Odisha,Brajrajnagar,"GM Office, Brajrajnagar - OSPCB",13-08-2026 11:00:00,21.8004996,83.8396977,NH3,4,4,4
India,Odisha,Brajrajnagar,"GM Office, Brajrajnagar - OSPCB",13-08-2026 11:00:00,21.8004996,83.8396977,OZONE,42,44,43
India,Odisha,Cuttack,"CDA Area, Cuttack - OSPCB",13-08-2026 11:00:00,20.48891,85.84768,SO2,4,13,8
India,Odisha,Cuttack,"CDA Area, Cuttack - OSPCB",13-08-2026 11:00:00,20.48891,85.84768,CO,10,40,30
India,Odisha,Keonjhar,"Jagamohanpur, Keonjhar - OSPCB",13-08-2026 11:00:00,21.6439,85.599355,NH3,2,3,2
India,Odisha,Keonjhar,"Jagamohanpur, Keonjhar - OSPCB",13-08-2026 11:00:00,21.6439,85.599355,OZONE,7,13,10
India,Punjab,Ludhiana,"Punjab Agricultural University, Ludhiana - PPCB",13-08-2026 11:00:00,30.9028,75.8086,PM2.5,54,79,65
India,Punjab,Ludhiana,"Punjab Agricultural University, Ludhiana - PPCB",13-08-2026 11:00:00,30.9028,75.8086,NO2,35,40,37
India,Punjab,Mandi Gobindgarh,"RIMT University, Mandi Gobindgarh - PPCB",13-08-2026 11:00:00,30.649961,76.331442,NO2,23,25,24
India,Punjab,Patiala,"Model Town, Patiala - PPCB",13-08-2026 11:00:00,30.349388,76.366642,PM2.5,15,29,23
India,Punjab,Patiala,"Model Town, Patiala - PPCB",13-08-2026 11:00:00,30.349388,76.366642,NH3,6,7,6
India,Punjab,Patiala,"Model Town, Patiala - PPCB",13-08-2026 11:00:00,30.349388,76.366642,OZONE,15,24,17
India,Punjab,Rupnagar,"Ratanpura, Rupnagar - Ambuja Cements",13-08-2026 11:00:00,31.0325454,76.5623046,NO2,9,44,26
India,Punjab,Rupnagar,"Ratanpura, Rupnagar - Ambuja Cements",13-08-2026 11:00:00,31.0325454,76.5623046,NH3,NA,NA,NA
India,Rajasthan,Dungarpur,"Bhoiwada, Dungarpur - RSPCB",13-08-2026 11:00:00,23.837789,73.714926,NO2,11,15,13
India,Rajasthan,Dungarpur,"Bhoiwada, Dungarpur - RSPCB",13-08-2026 11:00:00,23.837789,73.714926,NH3,8,10,9
India,Rajasthan,Hanumangarh,"Housing Board, Hanumangarh - RSPCB",13-08-2026 11:00:00,29.61075,74.283608,NH3,6,7,6
India,Rajasthan,Hanumangarh,"Housing Board, Hanumangarh - RSPCB",13-08-2026 11:00:00,29.61075,74.283608,CO,26,32,29
India,Rajasthan,Jaipur,"Sector-2 Murlipura, Jaipur - RSPCB",13-08-2026 11:00:00,26.960669,75.771817,SO2,NA,NA,NA
India,Rajasthan,Jaipur,"Mansarovar Sector-12, Jaipur - RSPCB",13-08-2026 11:00:00,26.843698,75.766894,PM2.5,17,68,36
India,Rajasthan,Jaipur,"Mansarovar Sector-12, Jaipur - RSPCB",13-08-2026 11:00:00,26.843698,75.766894,SO2,1,2,1
India,Rajasthan,Bikaner,"MM Ground, Bikaner - RSPCB",13-08-2026 11:00:00,28.018792,73.292658,NH3,2,4,3
India,Rajasthan,Bikaner,"MM Ground, Bikaner - RSPCB",13-08-2026 11:00:00,28.018792,73.292658,OZONE,21,36,25
India,Rajasthan,Churu,"Subash Chowk, Churu - RSPCB",13-08-2026 11:00:00,28.296139,74.961696,NO2,1,11,4
India,Rajasthan,Churu,"Subash Chowk, Churu - RSPCB",13-08-2026 11:00:00,28.296139,74.961696,SO2,2,5,3
India,Rajasthan,Dausa,"Khatikan Mohalla, Dausa - RSPCB",13-08-2026 11:00:00,26.895552,76.334753,NO2,7,33,19
India,Rajasthan,Dungarpur,"Bhoiwada, Dungarpur - RSPCB",13-08-2026 11:00:00,23.837789,73.714926,PM10,16,79,43
India,Odisha,Rourkela,"Raghunathpali, Rourkela - OSPCB",13-08-2026 11:00:00,22.220833,84.809444,CO,11,48,27
India,Odisha,Rourkela,"Fertilizer Township, Rourkela - OSPCB",13-08-2026 11:00:00,22.18972222,84.86277778,OZONE,NA,NA,NA
India,Odisha,Rourkela,"Sector-2, Rourkela - OSPCB",13-08-2026 11:00:00,22.245,84.88111111,CO,12,12,12
India,Tamil Nadu,Cuddalore,"Kudikadu, Cuddalore - TNPCB",13-08-2026 11:00:00,11.6829898,79.7532099,NH3,NA,NA,NA
India,Tamil Nadu,Cuddalore,"Kudikadu, Cuddalore - TNPCB",13-08-2026 11:00:00,11.6829898,79.7532099,CO,NA,NA,NA
India,Tamil Nadu,Gummidipoondi,"Anthoni Pillai Nagar, Gummidipoondi - TNPCB",13-08-2026 11:00:00,13.4127,80.1081,PM10,56,295,128
India,Tamil Nadu,Gummidipoondi,"Anthoni Pillai Nagar, Gummidipoondi - TNPCB",13-08-2026 11:00:00,13.4127,80.1081,NH3,0,1,1
India,Tamil Nadu,Gummidipoondi,"Anthoni Pillai Nagar, Gummidipoondi - TNPCB",13-08-2026 11:00:00,13.4127,80.1081,SO2,7,60,27
India,Tamil Nadu,Thoothukudi,"Meelavittan, Thoothukudi - TNPCB",13-08-2026 11:00:00,8.816428,78.099039,PM2.5,NA,NA,NA
India,Tamil Nadu,Thoothukudi,"Meelavittan, Thoothukudi - TNPCB",13-08-2026 11:00:00,8.816428,78.099039,NO2,13,20,16
India,Telangana,Hyderabad,"Kompally Municipal Office, Hyderabad - TSPCB",13-08-2026 11:00:00,17.544899,78.486949,PM2.5,31,52,39
India,Telangana,Hyderabad,"Kompally Municipal Office, Hyderabad - TSPCB",13-08-2026 11:00:00,17.544899,78.486949,NO2,16,17,17
India,Telangana,Hyderabad,"Central University, Hyderabad - TSPCB",13-08-2026 11:00:00,17.460103,78.334361,SO2,2,11,6
India,Telangana,Hyderabad,"Central University, Hyderabad - TSPCB",13-08-2026 11:00:00,17.460103,78.334361,CO,3,6,5
India,Telangana,Hyderabad,"IITH Kandi, Hyderabad - TSPCB",13-08-2026 11:00:00,17.585705,78.126199,NH3,2,4,3
India,Telangana,Hyderabad,"IITH Kandi, Hyderabad - TSPCB",13-08-2026 11:00:00,17.585705,78.126199,CO,19,27,22
India,Telangana,Hyderabad,"Nacharam_TSIIC IALA, Hyderabad - TSPCB",13-08-2026 11:00:00,17.429398,78.569354,PM2.5,33,54,37
India,Telangana,Hyderabad,"Nacharam_TSIIC IALA, Hyderabad - TSPCB",13-08-2026 11:00:00,17.429398,78.569354,CO,26,34,28
India,Telangana,Hyderabad,"New Malakpet, Hyderabad - TSPCB",13-08-2026 11:00:00,17.37206,78.50864,PM2.5,22,36,28
India,Telangana,Hyderabad,"New Malakpet, Hyderabad - TSPCB",13-08-2026 11:00:00,17.37206,78.50864,CO,19,27,22
India,Telangana,Hyderabad,"Kokapet, Hyderabad - TSPCB",13-08-2026 11:00:00,17.393559,78.339194,PM10,38,62,44
India,Telangana,Hyderabad,"Kokapet, Hyderabad - TSPCB",13-08-2026 11:00:00,17.393559,78.339194,NH3,2,3,2
India,Telangana,Hyderabad,"Kokapet, Hyderabad - TSPCB",13-08-2026 11:00:00,17.393559,78.339194,CO,17,20,18
India,Telangana,Hyderabad,"ECIL Kapra, Hyderabad - TSPCB",13-08-2026 11:00:00,17.470431,78.566959,NO2,3,9,6
India,Telangana,Hyderabad,"ECIL Kapra, Hyderabad - TSPCB",13-08-2026 11:00:00,17.470431,78.566959,CO,14,30,20
India,Telangana,Hyderabad,"ECIL Kapra, Hyderabad - TSPCB",13-08-2026 11:00:00,17.470431,78.566959,OZONE,15,24,17
India,Telangana,Hyderabad,"ICRISAT Patancheru, Hyderabad - TSPCB",13-08-2026 11:00:00,17.5184,78.278777,NO2,4,20,12
India,Telangana,Hyderabad,"ICRISAT Patancheru, Hyderabad - TSPCB",13-08-2026 11:00:00,17.5184,78.278777,OZONE,15,26,19
India,Telangana,Hyderabad,"Sanathnagar, Hyderabad - TSPCB",13-08-2026 11:00:00,17.4559458,78.4332152,OZONE,12,14,13
India,Telangana,Hyderabad,"IDA Pashamylaram, Hyderabad - TSPCB",13-08-2026 11:00:00,17.5316895,78.218939,OZONE,16,20,20
India,Telangana,Hyderabad,"Somajiguda, Hyderabad - TSPCB",13-08-2026 11:00:00,17.417094,78.457437,NH3,3,4,3
India,Telangana,Hyderabad,"Somajiguda, Hyderabad - TSPCB",13-08-2026 11:00:00,17.417094,78.457437,SO2,6,18,10
India,Telangana,Hyderabad,"Somajiguda, Hyderabad - TSPCB",13-08-2026 11:00:00,17.417094,78.457437,OZONE,10,10,10
India,Rajasthan,Rajsamand,"Dhoinda, Rajsamand - RSPCB",13-08-2026 11:00:00,25.03636,73.883502,NO2,10,15,13
India,Rajasthan,Rajsamand,"Dhoinda, Rajsamand - RSPCB",13-08-2026 11:00:00,25.03636,73.883502,OZONE,15,21,19
India,Rajasthan,Sawai Madhopur,"Sahu Nagar, Sawai Madhopur - RSPCB",13-08-2026 11:00:00,26.031443,76.359327,PM2.5,2,53,23
India,Rajasthan,Sawai Madhopur,"Sahu Nagar, Sawai Madhopur - RSPCB",13-08-2026 11:00:00,26.031443,76.359327,PM10,26,62,43
India,Rajasthan,Sawai Madhopur,"Sahu Nagar, Sawai Madhopur - RSPCB",13-08-2026 11:00:00,26.031443,76.359327,NO2,6,18,10
India,Rajasthan,Sawai Madhopur,"Sahu Nagar, Sawai Madhopur - RSPCB",13-08-2026 11:00:00,26.031443,76.359327,OZONE,38,62,48
India,Rajasthan,Sikar,"Radhakishan Pura, Sikar - RSPCB",13-08-2026 11:00:00,27.608912,75.153302,SO2,3,5,4
India,Rajasthan,Sirohi,"Vedhaynath Colony, Sirohi - RSPCB",13-08-2026 11:00:00,24.885261,72.857549,CO,11,22,14
India,Rajasthan,Sri Ganganagar,"Old City, Sri Ganganagar - RSPCB",13-08-2026 11:00:00,29.931624,73.864511,OZONE,19,20,20
India,Rajasthan,Tonk,"Shastri Nagar, Tonk - RSPCB",13-08-2026 11:00:00,26.159933,75.780517,NH3,4,7,6
India,Tamil Nadu,Chennai,"Manali, Chennai - CPCB",13-08-2026 11:00:00,13.164544,80.26285,NO2,10,11,11
India,Tamil Nadu,Chennai,"Arumbakkam, Chennai - TNPCB",13-08-2026 11:00:00,13.0664,80.2112,PM10,73,129,91
India,Tamil Nadu,Chennai,"Arumbakkam, Chennai - TNPCB",13-08-2026 11:00:00,13.0664,80.2112,CO,NA,NA,NA
India,Tamil Nadu,Chennai,"Perungudi, Chennai - TNPCB",13-08-2026 11:00:00,12.9533,80.2357,PM2.5,3,25,17
India,Tamil Nadu,Chennai,"Perungudi, Chennai - TNPCB",13-08-2026 11:00:00,12.9533,80.2357,SO2,2,11,5
India,Tamil Nadu,Chennai,"Velachery Res. Area, Chennai - CPCB",13-08-2026 11:00:00,13.0052189,80.2398125,NO2,11,12,11
India,Tamil Nadu,Chennai,"Kodungaiyur, Chennai - TNPCB",13-08-2026 11:00:00,13.1278,80.2642,SO2,5,7,6
India,Tamil Nadu,Coimbatore,"SIDCO Kurichi, Coimbatore - TNPCB",13-08-2026 11:00:00,10.942451,76.978996,PM2.5,NA,NA,NA
India,Rajasthan,Kota,"Dhanmandi, Kota - RSPCB",13-08-2026 11:00:00,25.16409,75.858137,NH3,1,2,2
India,Rajasthan,Kota,"Dhanmandi, Kota - RSPCB",13-08-2026 11:00:00,25.16409,75.858137,CO,13,20,16
India,Rajasthan,Nagaur,"Karni Colony, Nagaur - RSPCB",13-08-2026 11:00:00,27.213494,73.734444,NO2,3,9,6
India,Rajasthan,Nagaur,"Karni Colony, Nagaur - RSPCB",13-08-2026 11:00:00,27.213494,73.734444,OZONE,11,18,15
India,Rajasthan,Pali,"Indira Colony Vistar, Pali - RSPCB",13-08-2026 11:00:00,25.771061,73.340227,PM2.5,27,162,81
India,Rajasthan,Pali,"Indira Colony Vistar, Pali - RSPCB",13-08-2026 11:00:00,25.771061,73.340227,SO2,7,19,14
India,Rajasthan,Pali,"Indira Colony Vistar, Pali - RSPCB",13-08-2026 11:00:00,25.771061,73.340227,OZONE,4,14,7
India,Rajasthan,Pratapgarh,"Pragati Nagar, Pratapgarh - RSPCB",13-08-2026 11:00:00,24.041198,74.780702,PM2.5,7,30,16
India,Uttar Pradesh,Agra,"Sector-3B Avas Vikas Colony, Agra - UPPCB",13-08-2026 11:00:00,27.19412,77.96237,OZONE,12,22,14
India,Uttar Pradesh,Agra,"Sanjay Palace, Agra - UPPCB",13-08-2026 11:00:00,27.19865833,78.00598056,PM2.5,6,72,39
India,Uttar Pradesh,Agra,"Sanjay Palace, Agra - UPPCB",13-08-2026 11:00:00,27.19865833,78.00598056,OZONE,0,11,2
India,Uttar Pradesh,Baghpat,"Sardar Patel Inter College, Baghpat - UPPCB",13-08-2026 11:00:00,28.964949,77.278761,SO2,2,14,10
India,Uttar Pradesh,Bareilly,"Civil Lines, Bareilly - UPPCB",13-08-2026 11:00:00,28.359581,79.414455,SO2,42,101,71
India,Uttar Pradesh,Bareilly,"Rajendra Nagar, Bareilly - UPPCB",13-08-2026 11:00:00,28.38910936,79.42963708,NO2,9,10,9
India,Uttar Pradesh,Agra,"Shahjahan Garden, Agra - UPPCB",13-08-2026 11:00:00,27.169338,78.03582,SO2,61,77,67
India,Uttar Pradesh,Agra,"Shahjahan Garden, Agra - UPPCB",13-08-2026 11:00:00,27.169338,78.03582,CO,22,22,22
India,Uttar Pradesh,Agra,"Rohta, Agra - UPPCB",13-08-2026 11:00:00,27.106972,78.000111,PM10,27,418,81
India,Uttar Pradesh,Agra,"Rohta, Agra - UPPCB",13-08-2026 11:00:00,27.106972,78.000111,OZONE,15,19,17
India,Uttar Pradesh,Agra,"Shastripuram, Agra - UPPCB",13-08-2026 11:00:00,27.19862,77.92066,NO2,41,42,42
India,Uttar Pradesh,Agra,"Manoharpur, Agra - UPPCB",13-08-2026 11:00:00,27.23711,78.01936,PM10,65,93,75
India,Uttar Pradesh,Agra,"Manoharpur, Agra - UPPCB",13-08-2026 11:00:00,27.23711,78.01936,NH3,2,2,2
India,Uttar Pradesh,Agra,"Manoharpur, Agra - UPPCB",13-08-2026 11:00:00,27.23711,78.01936,OZONE,5,6,6
India,Rajasthan,Jodhpur,"Samrat Ashok Udhyan, Jodhpur - RSPCB",13-08-2026 11:00:00,26.253384,72.976571,SO2,1,2,1
India,Rajasthan,Jodhpur,"Samrat Ashok Udhyan, Jodhpur - RSPCB",13-08-2026 11:00:00,26.253384,72.976571,OZONE,15,51,28
India,Rajasthan,Jodhpur,"Digari Kalan, Jodhpur - RSPCB",13-08-2026 11:00:00,26.29581,73.082283,OZONE,7,34,19
India,Rajasthan,Karauli,"Satyawati Vihar, Karauli - RSPCB",13-08-2026 11:00:00,26.506177,77.025989,NH3,8,14,10
India,Rajasthan,Karauli,"Satyawati Vihar, Karauli - RSPCB",13-08-2026 11:00:00,26.506177,77.025989,SO2,8,17,12
India,Rajasthan,Kota,"Shrinath Puram, Kota - RSPCB",13-08-2026 11:00:00,25.14389,75.821256,PM10,NA,NA,NA
India,Telangana,Hyderabad,"Ramachandrapuram, Hyderabad - TSPCB",13-08-2026 11:00:00,17.528544,78.286195,SO2,7,36,9
India,Tripura,Agartala,"Bardowali, Agartala - Tripura SPCB",13-08-2026 11:00:00,23.8175497,91.2726974,PM10,15,65,28
India,Uttar Pradesh,Agra,"Shahjahan Garden, Agra - UPPCB",13-08-2026 11:00:00,27.169338,78.03582,PM2.5,21,31,26
India,Uttar Pradesh,Kanpur,"NSI Kalyanpur, Kanpur - UPPCB",13-08-2026 11:00:00,26.509954,80.249612,PM10,44,122,75
India,Uttar Pradesh,Kanpur,"NSI Kalyanpur, Kanpur - UPPCB",13-08-2026 11:00:00,26.509954,80.249612,SO2,23,26,24
India,Uttar Pradesh,Kanpur,"NSI Kalyanpur, Kanpur - UPPCB",13-08-2026 11:00:00,26.509954,80.249612,CO,21,24,22
India,Uttar Pradesh,Kanpur,"FTI Kidwai Nagar, Kanpur - UPPCB",13-08-2026 11:00:00,26.428282,80.327067,NO2,25,27,27
India,Uttar Pradesh,Khurja,"Kalindi Kunj, Khurja - UPPCB",13-08-2026 11:00:00,28.2348927,77.8683002,PM10,29,118,58
India,Uttar Pradesh,Khurja,"Kalindi Kunj, Khurja - UPPCB",13-08-2026 11:00:00,28.2348927,77.8683002,OZONE,12,13,13
India,Uttar Pradesh,Lucknow,"Talkatora District Industries Center, Lucknow - CPCB",13-08-2026 11:00:00,26.83399722,80.8917361,NH3,9,15,11
India,Uttar Pradesh,Lucknow,"Talkatora District Industries Center, Lucknow - CPCB",13-08-2026 11:00:00,26.83399722,80.8917361,SO2,1,26,4
India,Uttar Pradesh,Lucknow,"Talkatora District Industries Center, Lucknow - CPCB",13-08-2026 11:00:00,26.83399722,80.8917361,CO,27,37,32
India,Uttar Pradesh,Lucknow,"B R Ambedkar University, Lucknow - UPPCB",13-08-2026 11:00:00,26.766433,80.927299,NH3,3,3,3
India,Uttar Pradesh,Lucknow,"B R Ambedkar University, Lucknow - UPPCB",13-08-2026 11:00:00,26.766433,80.927299,OZONE,16,56,31
India,Uttar Pradesh,Lucknow,"Lalbagh, Lucknow - CPCB",13-08-2026 11:00:00,26.8458805,80.9365541,OZONE,9,34,19
India,Uttar Pradesh,Lucknow,"Kendriya Vidyalaya, Lucknow - CPCB",13-08-2026 11:00:00,26.906111,80.948222,NO2,27,34,29
India,Uttar Pradesh,Lucknow,"Gomti Nagar, Lucknow - UPPCB",13-08-2026 11:00:00,26.86812,81.005119,PM10,37,77,52
India,Uttar Pradesh,Lucknow,"Gomti Nagar, Lucknow - UPPCB",13-08-2026 11:00:00,26.86812,81.005119,NH3,NA,NA,NA
India,Uttar Pradesh,Lucknow,"Kukrail Picnic Spot-1, Lucknow - UPPCB",13-08-2026 11:00:00,26.90723,80.98579,SO2,28,28,28
India,Uttar Pradesh,Mathura,"Pali Dungra, Mathura - UPPCB",13-08-2026 11:00:00,27.410954,77.550619,PM2.5,37,82,54
India,Uttar Pradesh,Meerut,"Jai Bhim Nagar, Meerut - UPPCB",13-08-2026 11:00:00,28.9535882,77.7622941,PM2.5,37,160,79
India,Uttar Pradesh,Meerut,"Jai Bhim Nagar, Meerut - UPPCB",13-08-2026 11:00:00,28.9535882,77.7622941,OZONE,3,61,18
India,Uttar Pradesh,Meerut,"Ganga Nagar, Meerut - UPPCB",13-08-2026 11:00:00,28.999264,77.7590354,NH3,7,9,8
India,Uttar Pradesh,Meerut,"MIET College, Meerut - UPPCB",13-08-2026 11:00:00,28.972677,77.641018,SO2,3,4,3
India,Uttar Pradesh,Meerut,"Pallavpuram Phase 2, Meerut - UPPCB",13-08-2026 11:00:00,29.06351,77.709723,NH3,5,8,7
India,Uttar Pradesh,Meerut,"Pallavpuram Phase 2, Meerut - UPPCB",13-08-2026 11:00:00,29.06351,77.709723,CO,26,39,32
India,Uttar Pradesh,Modinagar,"SRM University, Modinagar - UPPCB",13-08-2026 11:00:00,28.798171,77.540243,OZONE,6,21,11
India,Uttar Pradesh,Moradabad,"Kashiram Nagar, Moradabad - UPPCB",13-08-2026 11:00:00,28.849399,78.742362,PM2.5,31,83,53
India,Uttar Pradesh,Moradabad,"Kashiram Nagar, Moradabad - UPPCB",13-08-2026 11:00:00,28.849399,78.742362,NO2,24,25,25
India,Uttar Pradesh,Moradabad,"Kashiram Nagar, Moradabad - UPPCB",13-08-2026 11:00:00,28.849399,78.742362,NH3,4,4,4
India,Uttar Pradesh,Moradabad,"Kashiram Nagar, Moradabad - UPPCB",13-08-2026 11:00:00,28.849399,78.742362,CO,32,44,37
India,Uttar Pradesh,Moradabad,"Buddhi Vihar, Moradabad - UPPCB",13-08-2026 11:00:00,28.83526,78.7446,NH3,5,5,5
India,Uttar Pradesh,Ghaziabad,"Sanjay Nagar, Ghaziabad - UPPCB",13-08-2026 11:00:00,28.685382,77.453839,OZONE,21,23,22
India,Uttar Pradesh,Ghaziabad,"Vasundhara, Ghaziabad - UPPCB",13-08-2026 11:00:00,28.6603346,77.3572563,SO2,9,39,21
India,Uttar Pradesh,Ghaziabad,"Indirapuram, Ghaziabad - UPPCB",13-08-2026 11:00:00,28.646233,77.358075,CO,22,24,23
India,Uttar Pradesh,Gorakhpur,"Madan Mohan Malaviya University of Technology, Gorakhpur - UPPCB",13-08-2026 11:00:00,26.730136,83.433859,PM10,20,135,88
India,Uttar Pradesh,Greater Noida,"Knowledge Park - V, Greater Noida - UPPCB",13-08-2026 11:00:00,28.557054,77.453663,PM2.5,41,133,67
India,Uttar Pradesh,Greater Noida,"Knowledge Park - V, Greater Noida - UPPCB",13-08-2026 11:00:00,28.557054,77.453663,PM10,95,255,148
India,Uttar Pradesh,Greater Noida,"Knowledge Park - V, Greater Noida - UPPCB",13-08-2026 11:00:00,28.557054,77.453663,SO2,1,10,6
India,Uttar Pradesh,Greater Noida,"Knowledge Park - V, Greater Noida - UPPCB",13-08-2026 11:00:00,28.557054,77.453663,OZONE,3,34,15
India,Uttar Pradesh,Hapur,"Anand Vihar, Hapur - UPPCB",13-08-2026 11:00:00,28.725645,77.749675,CO,50,66,53
India,Uttar Pradesh,Jhansi,"Shivaji Nagar, Jhansi - UPPCB",13-08-2026 11:00:00,25.4547,78.6039,PM2.5,16,52,32
India,Uttar Pradesh,Jhansi,"Shivaji Nagar, Jhansi - UPPCB",13-08-2026 11:00:00,25.4547,78.6039,PM10,28,67,48
India,Uttar Pradesh,Bulandshahr,"Yamunapuram, Bulandshahr - UPPCB",13-08-2026 11:00:00,28.406963,77.849831,PM2.5,29,96,55
India,Uttar Pradesh,Bulandshahr,"Yamunapuram, Bulandshahr - UPPCB",13-08-2026 11:00:00,28.406963,77.849831,NH3,9,20,13
India,Uttar Pradesh,Fatehpur Sikri,"Dadupura, Fatehpur Sikri - UPPCB",13-08-2026 11:00:00,27.097694,77.671335,PM2.5,NA,NA,NA
India,Uttar Pradesh,Firozabad,"Nagla Bhau, Firozabad - UPPCB",13-08-2026 11:00:00,27.168897,78.37696,NH3,2,2,2
India,Uttar Pradesh,Firozabad,"Vibhab Nagar, Firozabad - UPPCB",13-08-2026 11:00:00,27.1594,78.3953,PM10,24,45,34
India,Uttar Pradesh,Gajraula,"Rajanpur, Gajraula - UPPCB",13-08-2026 11:00:00,28.829109,78.248796,PM2.5,29,139,78
India,Uttar Pradesh,Ghaziabad,"Ved Vihar-Loni, Ghaziabad - UPPCB",13-08-2026 11:00:00,28.739153,77.273668,SO2,5,8,6
India,Uttar Pradesh,Ghaziabad,"Loni, Ghaziabad - UPPCB",13-08-2026 11:00:00,28.757294,77.278792,NO2,13,112,38
India,Uttar Pradesh,Ghaziabad,"Loni, Ghaziabad - UPPCB",13-08-2026 11:00:00,28.757294,77.278792,NH3,2,8,4
India,Uttar Pradesh,Ghaziabad,"Loni, Ghaziabad - UPPCB",13-08-2026 11:00:00,28.757294,77.278792,SO2,13,23,14
India,Uttar Pradesh,Ghaziabad,"Loni, Ghaziabad - UPPCB",13-08-2026 11:00:00,28.757294,77.278792,CO,42,56,48
India,Uttar Pradesh,Moradabad,"Buddhi Vihar, Moradabad - UPPCB",13-08-2026 11:00:00,28.83526,78.7446,CO,29,82,42
India,Uttar Pradesh,Moradabad,"Eco Herbal Park, Moradabad - UPPCB",13-08-2026 11:00:00,28.840739,78.697531,PM10,5,79,42
India,Uttar Pradesh,Moradabad,"Eco Herbal Park, Moradabad - UPPCB",13-08-2026 11:00:00,28.840739,78.697531,SO2,11,18,14
India,Uttar Pradesh,Moradabad,"Employment Office, Moradabad - UPPCB",13-08-2026 11:00:00,28.88528,78.7388,PM10,30,82,52
India,Uttar Pradesh,Moradabad,"Transport Nagar, Moradabad - UPPCB",13-08-2026 11:00:00,28.802625,78.753728,PM2.5,1,77,31
India,Uttar Pradesh,Moradabad,"Transport Nagar, Moradabad - UPPCB",13-08-2026 11:00:00,28.802625,78.753728,NO2,23,24,24
India,Uttar Pradesh,Moradabad,"Jigar Colony, Moradabad - UPPCB",13-08-2026 11:00:00,28.856664,78.772638,PM2.5,12,65,39
India,Uttar Pradesh,Moradabad,"Jigar Colony, Moradabad - UPPCB",13-08-2026 11:00:00,28.856664,78.772638,CO,40,40,40
India,Uttar Pradesh,Muzaffarnagar,"New Mandi, Muzaffarnagar - UPPCB",13-08-2026 11:00:00,29.4723508,77.7194031,PM2.5,25,162,60
India,Uttar Pradesh,Muzaffarnagar,"New Mandi, Muzaffarnagar - UPPCB",13-08-2026 11:00:00,29.4723508,77.7194031,CO,41,50,44
India,Uttar Pradesh,Noida,"Sector-116, Noida - UPPCB",13-08-2026 11:00:00,28.56923,77.393848,PM2.5,51,182,88
India,Uttar Pradesh,Prayagraj,"Nagar Nigam, Prayagraj - UPPCB",13-08-2026 11:00:00,25.44919916,81.82735986,PM10,39,148,89
India,Uttar Pradesh,Prayagraj,"Nagar Nigam, Prayagraj - UPPCB",13-08-2026 11:00:00,25.44919916,81.82735986,OZONE,11,16,13
India,Uttar Pradesh,Prayagraj,"Motilal Nehru NIT, Prayagraj - UPPCB",13-08-2026 11:00:00,25.494,81.863,NO2,12,12,12
India,Uttar Pradesh,Raebareli,"Anand Nagar, Raebareli - UPPCB",13-08-2026 11:00:00,26.219512,81.237648,NH3,NA,NA,NA
India,Uttar Pradesh,Raebareli,"Anand Nagar, Raebareli - UPPCB",13-08-2026 11:00:00,26.219512,81.237648,SO2,13,13,13
India,Uttar Pradesh,Raebareli,"Anand Nagar, Raebareli - UPPCB",13-08-2026 11:00:00,26.219512,81.237648,CO,48,83,54
India,Uttar Pradesh,Noida,"Sector - 62, Noida - IITM",13-08-2026 11:00:00,28.6245479,77.3577104,NH3,NA,NA,NA
India,Uttar Pradesh,Noida,"Sector - 62, Noida - IITM",13-08-2026 11:00:00,28.6245479,77.3577104,CO,20,29,24
India,Uttar Pradesh,Noida,"Sector-1, Noida - UPPCB",13-08-2026 11:00:00,28.5898,77.3101,NH3,8,17,13
India,Uttar Pradesh,Prayagraj,"Jhunsi, Prayagraj - UPPCB",13-08-2026 11:00:00,25.425602,81.917152,PM2.5,17,218,73
India,Uttar Pradesh,Prayagraj,"Jhunsi, Prayagraj - UPPCB",13-08-2026 11:00:00,25.425602,81.917152,NO2,5,6,6
India,Uttar Pradesh,Prayagraj,"Jhunsi, Prayagraj - UPPCB",13-08-2026 11:00:00,25.425602,81.917152,NH3,5,6,6
India,Uttar Pradesh,Raebareli," Indira Nagar, Raebareli - NTPC Unchahar",13-08-2026 11:00:00,26.207781,81.245571,PM2.5,27,54,42
India,Uttar Pradesh,Raebareli," Indira Nagar, Raebareli - NTPC Unchahar",13-08-2026 11:00:00,26.207781,81.245571,PM10,39,84,54
India,Uttar Pradesh,Shamli,"New Tehsil, Shamli - UPPCB",13-08-2026 11:00:00,29.4603683,77.3410291,PM2.5,32,94,59
India,Uttar Pradesh,Varanasi,"Ardhali Bazar, Varanasi - UPPCB",13-08-2026 11:00:00,25.3505986,82.9083074,OZONE,16,18,17
India,Uttar Pradesh,Varanasi,"Bhelupur, Varanasi - UPPCB",13-08-2026 11:00:00,25.301778,82.996789,OZONE,6,10,8
India,Uttar Pradesh,Vrindavan,"Omex Eternity, Vrindavan - UPPCB",13-08-2026 11:00:00,27.571409,77.655757,NO2,27,27,27
India,Uttarakhand,Rishikesh,"Shivaji Nagar, Rishikesh - UKPCB",13-08-2026 11:00:00,30.075911,78.2859547,CO,37,37,37
India,West Bengal,Asansol,"Evelyn Lodge, Asansol - WBPCB",13-08-2026 11:00:00,23.697936,86.944395,CO,1,1,1
India,West Bengal,Asansol,"Mahabir Colliery, Asansol - WBPCB",13-08-2026 11:00:00,23.618183,87.105718,PM10,25,55,36
India,West Bengal,Asansol,"Asansol Court Area, Asansol - WBPCB",13-08-2026 11:00:00,23.685297,86.945968,SO2,11,21,14
India,West Bengal,Asansol,"Asansol Court Area, Asansol - WBPCB",13-08-2026 11:00:00,23.685297,86.945968,OZONE,19,30,22
India,West Bengal,Barrackpore,"SVSPA Campus, Barrackpore - WBPCB",13-08-2026 11:00:00,22.7605581,88.3617589,OZONE,6,8,7
India,West Bengal,Durgapur,"Womens College_City Center, Durgapur - WBPCB",13-08-2026 11:00:00,23.549395,87.300496,PM2.5,13,70,40
India,West Bengal,Durgapur,"Mahishkapur Road_B-Zone, Durgapur - WBPCB",13-08-2026 11:00:00,23.567923,87.306843,NH3,0,1,1
India,West Bengal,Durgapur,"Mahishkapur Road_B-Zone, Durgapur - WBPCB",13-08-2026 11:00:00,23.567923,87.306843,CO,34,80,61
India,West Bengal,Durgapur,"PCBL Residential Complex, Durgapur - WBPCB",13-08-2026 11:00:00,23.508764,87.35444,PM2.5,4,52,23
India,West Bengal,Durgapur,"PCBL Residential Complex, Durgapur - WBPCB",13-08-2026 11:00:00,23.508764,87.35444,NO2,73,87,80
India,West Bengal,Haldia,"Priyambada Housing Estate, Haldia - WBPCB",13-08-2026 11:00:00,22.06047,88.109737,PM2.5,26,70,40
India,West Bengal,Haldia,"Priyambada Housing Estate, Haldia - WBPCB",13-08-2026 11:00:00,22.06047,88.109737,PM10,18,63,34
India,West Bengal,Howrah,"Ghusuri, Howrah - WBPCB",13-08-2026 11:00:00,22.611968,88.347422,SO2,2,27,10
India,West Bengal,Howrah,"Ghusuri, Howrah - WBPCB",13-08-2026 11:00:00,22.611968,88.347422,CO,18,25,21
India,West Bengal,Howrah,"Ghusuri, Howrah - WBPCB",13-08-2026 11:00:00,22.611968,88.347422,OZONE,17,21,20
India,West Bengal,Howrah,"Padmapukur, Howrah - WBPCB",13-08-2026 11:00:00,22.5687319,88.2797276,PM10,49,96,68
India,West Bengal,Howrah,"Botanical Garden, Howrah - WBPCB",13-08-2026 11:00:00,22.554954,88.292568,NH3,1,3,2
India,West Bengal,Howrah,"Belur Math, Howrah - WBPCB",13-08-2026 11:00:00,22.629801,88.352017,NH3,4,6,5
India,West Bengal,Kolkata,"Rabindra Sarobar, Kolkata - WBPCB",13-08-2026 11:00:00,22.51106,88.35142,OZONE,10,12,11
India,West Bengal,Kolkata,"Bidhannagar, Kolkata - WBPCB",13-08-2026 11:00:00,22.58157048,88.41002457,NO2,12,16,14
India,West Bengal,Kolkata,"Fort William, Kolkata - WBPCB",13-08-2026 11:00:00,22.55664,88.342674,SO2,5,6,5
India,West Bengal,Kolkata,"Fort William, Kolkata - WBPCB",13-08-2026 11:00:00,22.55664,88.342674,OZONE,13,17,16
India,West Bengal,Kolkata,"Jadavpur, Kolkata - WBPCB",13-08-2026 11:00:00,22.49929,88.36917,NO2,20,64,35
India,West Bengal,Kolkata,"Jadavpur, Kolkata - WBPCB",13-08-2026 11:00:00,22.49929,88.36917,CO,23,25,24
India,West Bengal,Kolkata,"Ballygunge, Kolkata - WBPCB",13-08-2026 11:00:00,22.5367507,88.3638022,SO2,5,7,6
India,Assam,Guwahati,"Railway Colony, Guwahati - PCBA",13-08-2026 11:00:00,26.181742,91.78063,NO2,3,4,3
India,Assam,Guwahati,"Railway Colony, Guwahati - PCBA",13-08-2026 11:00:00,26.181742,91.78063,SO2,1,9,5
India,Assam,Guwahati,"Railway Colony, Guwahati - PCBA",13-08-2026 11:00:00,26.181742,91.78063,CO,13,27,19
India,Assam,Guwahati,"Railway Colony, Guwahati - PCBA",13-08-2026 11:00:00,26.181742,91.78063,OZONE,NA,NA,NA
India,Assam,Guwahati,"Pan Bazaar, Guwahati - PCBA",13-08-2026 11:00:00,26.1875,91.744194,PM2.5,NA,NA,NA
India,Assam,Guwahati,"Pan Bazaar, Guwahati - PCBA",13-08-2026 11:00:00,26.1875,91.744194,OZONE,12,19,14
India,Assam,Guwahati,"LGBI Airport, Guwahati - PCBA",13-08-2026 11:00:00,26.10887,91.589544,NO2,14,198,25
India,Assam,Guwahati,"IITG, Guwahati - PCBA",13-08-2026 11:00:00,26.2028636,91.70046436,SO2,29,31,30
India,Assam,Nagaon,"Christianpatty, Nagaon - PCBA",13-08-2026 11:00:00,26.349082,92.68449,NH3,0,4,4
India,Assam,Nagaon,"Christianpatty, Nagaon - PCBA",13-08-2026 11:00:00,26.349082,92.68449,CO,16,23,20
India,Assam,Sivasagar,"Girls College, Sivasagar - PCBA",13-08-2026 11:00:00,26.987634,94.636574,SO2,6,7,6
India,Bihar,Araria,"Kharahiya Basti, Araria - BSPCB",13-08-2026 11:00:00,26.146529,87.454184,SO2,20,22,21
India,Bihar,Arrah,"New DM Office, Arrah - BSPCB",13-08-2026 11:00:00,25.5626095,84.663264,OZONE,5,13,8
India,Andhra Pradesh,Chittoor,"Gangineni Cheruvu, Chittoor - APPCB",13-08-2026 11:00:00,13.20488,79.097889,SO2,NA,NA,NA
India,Andhra Pradesh,Chittoor,"Gangineni Cheruvu, Chittoor - APPCB",13-08-2026 11:00:00,13.20488,79.097889,CO,16,17,17
India,Andhra Pradesh,Eluru,"District Court, Eluru - APPCB",13-08-2026 11:00:00,16.711754,81.092095,NH3,2,6,4
India,Andhra Pradesh,Eluru,"District Court, Eluru - APPCB",13-08-2026 11:00:00,16.711754,81.092095,CO,7,22,12
India,Andhra Pradesh,Eluru,"District Court, Eluru - APPCB",13-08-2026 11:00:00,16.711754,81.092095,OZONE,8,12,10
India,Andhra Pradesh,Guntur,"Rajendra Nagar North, Guntur - APPCB",13-08-2026 11:00:00,16.316553,80.413302,PM10,59,83,63
India,Andhra Pradesh,Guntur,"Rajendra Nagar North, Guntur - APPCB",13-08-2026 11:00:00,16.316553,80.413302,NO2,18,49,31
India,Andhra Pradesh,Guntur,"Rajendra Nagar North, Guntur - APPCB",13-08-2026 11:00:00,16.316553,80.413302,CO,23,49,33
India,Andhra Pradesh,Kadapa,"Yerramukkapalli, Kadapa - APPCB",13-08-2026 11:00:00,14.465052,78.824187,PM2.5,58,80,69
India,Andhra Pradesh,Kadapa,"Yerramukkapalli, Kadapa - APPCB",13-08-2026 11:00:00,14.465052,78.824187,PM10,57,69,64
India,Andhra Pradesh,Kadapa,"Yerramukkapalli, Kadapa - APPCB",13-08-2026 11:00:00,14.465052,78.824187,NH3,9,15,11
India,Bihar,Motihari,"Gandak Colony, Motihari - BSPCB",13-08-2026 11:00:00,26.63086,84.90051,NO2,2,3,3
India,Bihar,Munger,"Town Hall, Munger - BSPCB",13-08-2026 11:00:00,25.376776,86.471523,NH3,2,3,3
India,Bihar,Munger,"Town Hall, Munger - BSPCB",13-08-2026 11:00:00,25.376776,86.471523,OZONE,14,15,14
India,Bihar,Muzaffarpur,"MIT-Daudpur Kothi, Muzaffarpur - BSPCB",13-08-2026 11:00:00,26.1403345,85.3650192,PM10,28,49,36
India,Bihar,Patna,"DRM Office Danapur, Patna - BSPCB",13-08-2026 11:00:00,25.586562,85.043586,NO2,20,25,23
India,Bihar,Patna,"Samanpura, Patna - BSPCB",13-08-2026 11:00:00,25.596727,85.085624,NO2,23,24,24
India,Bihar,Patna,"Samanpura, Patna - BSPCB",13-08-2026 11:00:00,25.596727,85.085624,SO2,5,5,5
India,Bihar,Patna,"Samanpura, Patna - BSPCB",13-08-2026 11:00:00,25.596727,85.085624,CO,20,23,22
India,Bihar,Patna,"Muradpur, Patna - BSPCB",13-08-2026 11:00:00,25.619651,85.147382,NO2,5,5,5
India,Andhra Pradesh,Kakinada,"Rama Rao Peta, Kakinada - APPCB",13-08-2026 11:00:00,16.962488,82.229513,PM2.5,5,57,30
India,Andhra Pradesh,Machilipatnam,"Srinivas Nagar Colony, Machilipatnam - APPCB",13-08-2026 11:00:00,16.186555,81.13219,SO2,10,24,18
India,Andhra Pradesh,Nellore,"Ambedkar Nagar, Nellore - APPCB ",13-08-2026 11:00:00,14.438164,79.966814,PM10,56,73,65
India,Andhra Pradesh,Nellore,"Ambedkar Nagar, Nellore - APPCB ",13-08-2026 11:00:00,14.438164,79.966814,NO2,29,35,31
India,Andhra Pradesh,Nellore,"Ambedkar Nagar, Nellore - APPCB ",13-08-2026 11:00:00,14.438164,79.966814,NH3,5,7,5
India,Andhra Pradesh,Rajamahendravaram,"Anand Kala Kshetram, Rajamahendravaram - APPCB",13-08-2026 11:00:00,16.9872867,81.7363176,PM2.5,NA,NA,NA
India,Andhra Pradesh,Rajamahendravaram,"Anand Kala Kshetram, Rajamahendravaram - APPCB",13-08-2026 11:00:00,16.9872867,81.7363176,NO2,5,16,8
India,Andhra Pradesh,Tirumala,"Toll Gate, Tirumala - APPCB",13-08-2026 11:00:00,13.67,79.35,NO2,32,59,44
India,Bihar,Purnia,"Mariam Nagar, Purnia - BSPCB",13-08-2026 11:00:00,25.366336,87.117468,NH3,4,4,4
India,Bihar,Saharsa,"Police Line, Saharsa - BSPCB",13-08-2026 11:00:00,25.892357,86.590325,SO2,15,17,16
India,Bihar,Samastipur,"DM Office_Kasipur, Samastipur - BSPCB",13-08-2026 11:00:00,25.859655,85.77944,SO2,11,13,12
India,Bihar,Sasaram,"Dada Peer, Sasaram - BSPCB",13-08-2026 11:00:00,24.952822,84.002396,NH3,2,4,3
India,Bihar,Sasaram,"Dada Peer, Sasaram - BSPCB",13-08-2026 11:00:00,24.952822,84.002396,OZONE,16,18,17
India,Chandigarh,Chandigarh,"Sector 22, Chandigarh - CPCC",13-08-2026 11:00:00,30.735567,76.775714,PM10,18,64,37
India,Bihar,Gaya,"SFTI Kusdihra, Gaya - BSPCB",13-08-2026 11:00:00,24.762518,84.982348,PM10,21,42,32
India,Bihar,Gaya,"SFTI Kusdihra, Gaya - BSPCB",13-08-2026 11:00:00,24.762518,84.982348,NH3,4,7,6
India,Bihar,Hajipur,"Industrial Area, Hajipur - BSPCB",13-08-2026 11:00:00,25.697189,85.2459,NO2,13,35,21
India,Bihar,Hajipur,"Industrial Area, Hajipur - BSPCB",13-08-2026 11:00:00,25.697189,85.2459,NH3,12,15,14
India,Bihar,Hajipur,"Industrial Area, Hajipur - BSPCB",13-08-2026 11:00:00,25.697189,85.2459,CO,26,33,29
India,Bihar,Kishanganj,"SDM Office_Khagra, Kishanganj - BSPCB",13-08-2026 11:00:00,26.0881305,87.93840336,SO2,5,10,8
India,Bihar,Aurangabad,"Gurdeo Nagar, Aurangabad - BSPCB",13-08-2026 11:00:00,24.75746,84.366208,CO,28,28,28
India,Bihar,Aurangabad,"Gurdeo Nagar, Aurangabad - BSPCB",13-08-2026 11:00:00,24.75746,84.366208,OZONE,11,17,14
India,Bihar,Bettiah,"Kamalnath Nagar, Bettiah - BSPCB",13-08-2026 11:00:00,26.80365,84.51954,PM2.5,11,31,23
India,Bihar,Bhagalpur,"DM Office_Kachari Chowk, Bhagalpur - BSPCB",13-08-2026 11:00:00,25.251013,86.989001,NH3,4,4,4
India,Bihar,Bhagalpur,"DM Office_Kachari Chowk, Bhagalpur - BSPCB",13-08-2026 11:00:00,25.251013,86.989001,OZONE,17,20,19
India,Andhra Pradesh,Visakhapatnam,"GVM Corporation, Visakhapatnam - APPCB",13-08-2026 11:00:00,17.72,83.3,SO2,2,25,10
India,Arunachal Pradesh,Naharlagun,"Naharlagun, Naharlagun - APSPCB",13-08-2026 11:00:00,27.103358,93.679645,PM10,5,45,28
India,Assam,Byrnihat,"Central Academy for SFS, Byrnihat - PCBA",13-08-2026 11:00:00,26.071318,91.87488,PM10,31,116,79
India,Assam,Byrnihat,"Central Academy for SFS, Byrnihat - PCBA",13-08-2026 11:00:00,26.071318,91.87488,NO2,6,10,8
India,Andhra Pradesh,Tirumala,"Toll Gate, Tirumala - APPCB",13-08-2026 11:00:00,13.67,79.35,OZONE,8,9,9
India,Andhra Pradesh,Vijayawada,"Rajiv Nagar, Vijayawada - APPCB",13-08-2026 11:00:00,16.554731,80.64911,SO2,9,18,13
India,Andhra Pradesh,Vijayawada,"HB Colony, Vijayawada - APPCB",13-08-2026 11:00:00,16.536107,80.594233,PM2.5,44,301,67
India,Bihar,Chhapra,"Darshan Nagar, Chhapra - BSPCB",13-08-2026 11:00:00,25.7808257,84.7446768,CO,90,102,96
India,Bihar,Chhapra,"Darshan Nagar, Chhapra - BSPCB",13-08-2026 11:00:00,25.7808257,84.7446768,OZONE,4,6,5
India,Bihar,Gaya,"Kareemganj, Gaya - BSPCB",13-08-2026 11:00:00,24.792403,84.992416,PM2.5,NA,NA,NA
India,Delhi,Delhi,"Burari Crossing, Delhi - IITM",13-08-2026 11:00:00,28.7256504,77.2011573,NO2,7,41,20
India,Delhi,Delhi,"Burari Crossing, Delhi - IITM",13-08-2026 11:00:00,28.7256504,77.2011573,CO,44,53,48
India,Delhi,Delhi,"JNU, Delhi - DPCC",13-08-2026 11:00:00,28.540721,77.168544,NO2,12,47,23
India,Delhi,Delhi,"JNU, Delhi - DPCC",13-08-2026 11:00:00,28.540721,77.168544,SO2,0,6,3
India,Delhi,Delhi,"JNU, Delhi - DPCC",13-08-2026 11:00:00,28.540721,77.168544,OZONE,12,21,14
India,Delhi,Delhi,"Alipur, Delhi - DPCC",13-08-2026 11:00:00,28.815329,77.15301,PM10,37,133,101
India,Delhi,Delhi,"Alipur, Delhi - DPCC",13-08-2026 11:00:00,28.815329,77.15301,SO2,3,7,5
India,Delhi,Delhi,"Alipur, Delhi - DPCC",13-08-2026 11:00:00,28.815329,77.15301,CO,24,34,27
India,Delhi,Delhi,"North Campus, DU, Delhi - IITM",13-08-2026 11:00:00,28.6573814,77.1585447,NO2,52,288,122
India,Delhi,Delhi,"North Campus, DU, Delhi - IITM",13-08-2026 11:00:00,28.6573814,77.1585447,NH3,NA,NA,NA
India,Delhi,Delhi,"North Campus, DU, Delhi - IITM",13-08-2026 11:00:00,28.6573814,77.1585447,CO,16,30,22
India,Delhi,Delhi,"R K Puram, Delhi - DPCC",13-08-2026 11:00:00,28.563262,77.186937,NO2,23,85,42
India,Delhi,Delhi,"R K Puram, Delhi - DPCC",13-08-2026 11:00:00,28.563262,77.186937,NH3,4,10,7
India,Delhi,Delhi,"IIT Delhi, Delhi - IITM",13-08-2026 11:00:00,28.54246,77.191651,NO2,19,47,27
India,Delhi,Delhi,"IIT Delhi, Delhi - IITM",13-08-2026 11:00:00,28.54246,77.191651,NH3,NA,NA,NA
India,Delhi,Delhi,"Dwarka-Sector 8, Delhi - DPCC ",13-08-2026 11:00:00,28.5710274,77.0719006,OZONE,6,18,10
India,Delhi,Delhi,"DTU, Delhi - CPCB",13-08-2026 11:00:00,28.7500499,77.1112615,SO2,34,36,35
India,Delhi,Delhi,"Anand Vihar, Delhi - DPCC",13-08-2026 11:00:00,28.647622,77.315809,PM10,90,486,266
India,Delhi,Delhi,"Anand Vihar, Delhi - DPCC",13-08-2026 11:00:00,28.647622,77.315809,NH3,4,16,8
India,Chandigarh,Chandigarh,"Sector-53, Chandigarh - CPCC",13-08-2026 11:00:00,30.719859,76.738637,PM10,9,64,33
India,Chhattisgarh,Bhilai,"Hathkhoj, Bhilai - CECB",13-08-2026 11:00:00,21.224231,81.40835,NH3,4,9,6
India,Chhattisgarh,Bhilai,"32Bungalows, Bhilai - CECB",13-08-2026 11:00:00,21.194815,81.31477,PM10,8,26,14
India,Chhattisgarh,Bhilai,"32Bungalows, Bhilai - CECB",13-08-2026 11:00:00,21.194815,81.31477,NH3,4,13,7
India,Chhattisgarh,Bhilai,"Civic Center, Bhilai - Bhilai Steel Plant",13-08-2026 11:00:00,21.185571,81.343175,PM2.5,3,17,8
India,Chhattisgarh,Bilaspur,"Mangala, Bilaspur - NTPC",13-08-2026 11:00:00,22.08815,82.13737,PM2.5,36,86,58
India,Chhattisgarh,Bilaspur,"Mangala, Bilaspur - NTPC",13-08-2026 11:00:00,22.08815,82.13737,NO2,12,15,14
India,Chhattisgarh,Bilaspur,"Mangala, Bilaspur - NTPC",13-08-2026 11:00:00,22.08815,82.13737,SO2,9,13,11
India,Chhattisgarh,Bilaspur,"Mangala, Bilaspur - NTPC",13-08-2026 11:00:00,22.08815,82.13737,OZONE,NA,NA,NA
India,Chhattisgarh,Chhal,"Nawapara SECL Colony, Chhal - CECB",13-08-2026 11:00:00,22.118125,83.140608,NO2,5,25,8
India,Chhattisgarh,Korba,"Urja Nagar, Korba - CECB",13-08-2026 11:00:00,22.348441,82.549611,NO2,4,6,5
India,Delhi,Delhi,"IGI Airport (T3), Delhi - IITM",13-08-2026 11:00:00,28.5627763,77.1180053,NH3,NA,NA,NA
India,Delhi,Delhi,"IGNOU_Maidan Garhi, Delhi - DPCC",13-08-2026 11:00:00,28.493624,77.201159,PM2.5,9,36,24
India,Delhi,Delhi,"Commonwealth Sports Complex, Delhi - DPCC",13-08-2026 11:00:00,28.615828,77.271992,PM10,40,125,82
India,Delhi,Delhi,"Commonwealth Sports Complex, Delhi - DPCC",13-08-2026 11:00:00,28.615828,77.271992,NO2,3,52,22
India,Delhi,Delhi,"Talkatora Garden, Delhi - DPCC",13-08-2026 11:00:00,28.62181,77.1944633,NO2,11,32,19
India,Delhi,Delhi,"Talkatora Garden, Delhi - DPCC",13-08-2026 11:00:00,28.62181,77.1944633,NH3,0,3,1
India,Delhi,Delhi,"Talkatora Garden, Delhi - DPCC",13-08-2026 11:00:00,28.62181,77.1944633,SO2,0,1,0
India,Delhi,Delhi,"Talkatora Garden, Delhi - DPCC",13-08-2026 11:00:00,28.62181,77.1944633,CO,40,46,42
India,Delhi,Delhi,"Talkatora Garden, Delhi - DPCC",13-08-2026 11:00:00,28.62181,77.1944633,OZONE,6,21,10
India,Delhi,Delhi,"NSIT Dwarka, Delhi - CPCB",13-08-2026 11:00:00,28.60909,77.0325413,NO2,12,59,37
India,Delhi,Delhi,"NSIT Dwarka, Delhi - CPCB",13-08-2026 11:00:00,28.60909,77.0325413,NH3,6,21,10
India,Delhi,Delhi,"CRRI Mathura Road, Delhi - IITM",13-08-2026 11:00:00,28.5512005,77.2735737,SO2,NA,NA,NA
India,Chhattisgarh,Kunjemura,"OP Jindal School, Kunjemura - CECB",13-08-2026 11:00:00,22.12665,83.483212,NO2,5,17,11
India,Chhattisgarh,Kunjemura,"OP Jindal School, Kunjemura - CECB",13-08-2026 11:00:00,22.12665,83.483212,OZONE,5,8,7
India,Chhattisgarh,Raipur,"Krishak Nagar, Raipur - CECB",13-08-2026 11:00:00,21.237755,81.705301,CO,6,14,8
India,Chhattisgarh,Raipur,"Krishak Nagar, Raipur - CECB",13-08-2026 11:00:00,21.237755,81.705301,OZONE,1,2,1
India,Chhattisgarh,Raipur,"AIIMS, Raipur - CECB",13-08-2026 11:00:00,21.258815,81.578979,PM10,12,31,21
India,Chhattisgarh,Raipur,"AIIMS, Raipur - CECB",13-08-2026 11:00:00,21.258815,81.578979,CO,16,24,20
India,Chhattisgarh,Raipur,"Bhatagaon New ISBT, Raipur - CECB",13-08-2026 11:00:00,21.219665,81.630094,PM10,9,34,21
India,Chhattisgarh,Raipur,"Bhatagaon New ISBT, Raipur - CECB",13-08-2026 11:00:00,21.219665,81.630094,NO2,2,7,5
India,Chhattisgarh,Raipur,"Bhatagaon New ISBT, Raipur - CECB",13-08-2026 11:00:00,21.219665,81.630094,NH3,2,2,2
India,Chhattisgarh,Tumidih,"OP Jindal Industrial Park, Tumidih - CECB",13-08-2026 11:00:00,22.06631475,83.33820077,PM2.5,NA,NA,NA
India,Delhi,Delhi,"ITO, Delhi - CPCB",13-08-2026 11:00:00,28.628624,77.24106,NO2,3,104,52
India,Delhi,Delhi,"Ashok Vihar, Delhi - DPCC",13-08-2026 11:00:00,28.695381,77.181665,SO2,1,15,9
India,Delhi,Delhi,"Najafgarh, Delhi - DPCC",13-08-2026 11:00:00,28.570173,76.933762,PM10,30,131,73
India,Delhi,Delhi,"Jawaharlal Nehru Stadium, Delhi - DPCC",13-08-2026 11:00:00,28.58028,77.233829,NH3,14,18,16
India,Delhi,Delhi,"Jawaharlal Nehru Stadium, Delhi - DPCC",13-08-2026 11:00:00,28.58028,77.233829,SO2,5,13,10
India,Delhi,Delhi,"Jawaharlal Nehru Stadium, Delhi - DPCC",13-08-2026 11:00:00,28.58028,77.233829,CO,6,12,9
India,Delhi,Delhi,"Patparganj, Delhi - DPCC",13-08-2026 11:00:00,28.623763,77.287209,NO2,11,44,29
India,Delhi,Delhi,"Patparganj, Delhi - DPCC",13-08-2026 11:00:00,28.623763,77.287209,NH3,12,14,13
India,Delhi,Delhi,"Patparganj, Delhi - DPCC",13-08-2026 11:00:00,28.623763,77.287209,OZONE,7,17,10
India,Delhi,Delhi,"Nehru Nagar, Delhi - DPCC",13-08-2026 11:00:00,28.56789,77.250515,SO2,6,109,13
India,Delhi,Delhi,"Sri Aurobindo Marg, Delhi - DPCC",13-08-2026 11:00:00,28.531346,77.190156,PM2.5,23,98,60
India,Delhi,Delhi,"Sri Aurobindo Marg, Delhi - DPCC",13-08-2026 11:00:00,28.531346,77.190156,NH3,2,4,3
India,Delhi,Delhi,"Sri Aurobindo Marg, Delhi - DPCC",13-08-2026 11:00:00,28.531346,77.190156,CO,42,49,46
India,Delhi,Delhi,"IHBAS, Dilshad Garden, Delhi - CPCB",13-08-2026 11:00:00,28.6811736,77.3025234,SO2,11,27,16
India,Delhi,Delhi,"IHBAS, Dilshad Garden, Delhi - CPCB",13-08-2026 11:00:00,28.6811736,77.3025234,CO,22,81,44
India,Delhi,Delhi,"Jahangirpuri, Delhi - DPCC",13-08-2026 11:00:00,28.73282,77.170633,OZONE,9,12,10
India,Delhi,Delhi,"Vivek Vihar, Delhi - DPCC",13-08-2026 11:00:00,28.672342,77.31526,SO2,5,11,8
India,Delhi,Delhi,"Vivek Vihar, Delhi - DPCC",13-08-2026 11:00:00,28.672342,77.31526,CO,28,43,37
India,Delhi,Delhi,"Bawana, Delhi - DPCC",13-08-2026 11:00:00,28.7762,77.051074,NO2,5,16,9
India,Delhi,Delhi,"Major Dhyan Chand National Stadium, Delhi - DPCC",13-08-2026 11:00:00,28.611281,77.237738,SO2,9,13,10
India,Delhi,Delhi,"Cantonment Area, Delhi - DPCC",13-08-2026 11:00:00,28.594169,77.1251,NH3,1,3,2
India,Delhi,Delhi,"Narela, Delhi - DPCC",13-08-2026 11:00:00,28.822836,77.101981,PM2.5,3,257,79
India,Delhi,Delhi,"Narela, Delhi - DPCC",13-08-2026 11:00:00,28.822836,77.101981,PM10,34,249,103
India,Delhi,Delhi,"Narela, Delhi - DPCC",13-08-2026 11:00:00,28.822836,77.101981,SO2,8,15,10
India,Delhi,Delhi,"Narela, Delhi - DPCC",13-08-2026 11:00:00,28.822836,77.101981,OZONE,14,37,26
India,Gujarat,Ahmedabad,"SAC ISRO Satellite, Ahmedabad - IITM",13-08-2026 11:00:00,23.023389,72.515201,NO2,6,8,7
India,Gujarat,Ahmedabad,"SAC ISRO Satellite, Ahmedabad - IITM",13-08-2026 11:00:00,23.023389,72.515201,SO2,2,6,4
India,Gujarat,Ahmedabad,"SAC ISRO Satellite, Ahmedabad - IITM",13-08-2026 11:00:00,23.023389,72.515201,OZONE,1,6,3
India,Gujarat,Ahmedabad,"Raikhad, Ahmedabad - IITM",13-08-2026 11:00:00,23.020509,72.579261,PM2.5,6,46,24
India,Gujarat,Ahmedabad,"Raikhad, Ahmedabad - IITM",13-08-2026 11:00:00,23.020509,72.579261,NH3,2,4,2
India,Gujarat,Ahmedabad,"SVPI Airport Hansol, Ahmedabad - IITM",13-08-2026 11:00:00,23.076793,72.627874,PM2.5,23,49,37
India,Delhi,Delhi,"NSUT Jaffarpur, Delhi - DPCC",13-08-2026 11:00:00,28.594004,76.909423,PM2.5,26,102,72
India,Delhi,Delhi,"NSUT Jaffarpur, Delhi - DPCC",13-08-2026 11:00:00,28.594004,76.909423,NO2,4,17,10
India,Delhi,Delhi,"NSUT Jaffarpur, Delhi - DPCC",13-08-2026 11:00:00,28.594004,76.909423,OZONE,5,39,17
India,Delhi,Delhi,"Punjabi Bagh, Delhi - DPCC",13-08-2026 11:00:00,28.674045,77.131023,PM2.5,3,197,98
India,Delhi,Delhi,"Punjabi Bagh, Delhi - DPCC",13-08-2026 11:00:00,28.674045,77.131023,SO2,33,49,39
India,Delhi,Delhi,"Punjabi Bagh, Delhi - DPCC",13-08-2026 11:00:00,28.674045,77.131023,CO,36,44,39
India,Delhi,Delhi,"Mandir Marg, Delhi - DPCC",13-08-2026 11:00:00,28.636429,77.201067,PM10,38,127,94
India,Delhi,Delhi,"Mandir Marg, Delhi - DPCC",13-08-2026 11:00:00,28.636429,77.201067,NH3,10,16,13
India,Delhi,Delhi,"Pusa, Delhi - DPCC",13-08-2026 11:00:00,28.639652,77.146275,NO2,20,130,50
India,Delhi,Delhi,"Pusa, Delhi - DPCC",13-08-2026 11:00:00,28.639652,77.146275,CO,46,96,73
India,Delhi,Delhi,"Sirifort, Delhi - CPCB",13-08-2026 11:00:00,28.5504249,77.2159377,NO2,13,32,20
India,Delhi,Delhi,"Chandni Chowk, Delhi - IITM",13-08-2026 11:00:00,28.656756,77.227234,SO2,5,11,8
India,Delhi,Delhi,"Pusa, Delhi - IITM",13-08-2026 11:00:00,28.63611,77.173332,OZONE,16,146,47
India,Haryana,Gurugram,"Sector-51, Gurugram - HSPCB",13-08-2026 11:00:00,28.4227,77.0667,NO2,19,56,33
India,Haryana,Gurugram,"Sector-51, Gurugram - HSPCB",13-08-2026 11:00:00,28.4227,77.0667,NH3,7,18,11
India,Haryana,Gurugram,"Sector-51, Gurugram - HSPCB",13-08-2026 11:00:00,28.4227,77.0667,CO,16,18,17
India,Haryana,Gurugram,"Sector-51, Gurugram - HSPCB",13-08-2026 11:00:00,28.4227,77.0667,OZONE,11,43,22
India,Haryana,Gurugram,"Vikas Sadan, Gurugram - HSPCB",13-08-2026 11:00:00,28.4501238,77.0263051,PM2.5,90,326,190
India,Haryana,Gurugram,"NISE Gwal Pahari, Gurugram - IITM",13-08-2026 11:00:00,28.422681,77.148944,PM10,47,108,77
India,Haryana,Gurugram,"NISE Gwal Pahari, Gurugram - IITM",13-08-2026 11:00:00,28.422681,77.148944,SO2,NA,NA,NA
India,Haryana,Gurugram,"NISE Gwal Pahari, Gurugram - IITM",13-08-2026 11:00:00,28.422681,77.148944,OZONE,8,42,20
India,Haryana,Hisar,"Urban Estate-II, Hisar - HSPCB",13-08-2026 11:00:00,29.14056,75.744941,PM10,26,105,67
India,Haryana,Hisar,"Urban Estate-II, Hisar - HSPCB",13-08-2026 11:00:00,29.14056,75.744941,OZONE,25,27,26
India,Haryana,Jind,"Police Lines, Jind - HSPCB",13-08-2026 11:00:00,29.307814,76.337619,CO,4,8,6
India,Haryana,Kaithal,"Rishi Nagar, Kaithal - HSPCB",13-08-2026 11:00:00,29.8006,76.4155,CO,17,23,20
India,Haryana,Karnal,"Sector-12, Karnal - HSPCB",13-08-2026 11:00:00,29.6953,77.0027,PM10,60,116,79
India,Haryana,Karnal,"Sector-12, Karnal - HSPCB",13-08-2026 11:00:00,29.6953,77.0027,SO2,12,13,13
India,Gujarat,Vatva,"Phase-4 GIDC, Vatva - GPCB",13-08-2026 11:00:00,22.969611,72.6435,SO2,12,46,28
India,Haryana,Ambala,"Patti Mehar, Ambala - HSPCB",13-08-2026 11:00:00,30.379589,76.778328,PM2.5,41,79,57
India,Haryana,Ambala,"Patti Mehar, Ambala - HSPCB",13-08-2026 11:00:00,30.379589,76.778328,CO,14,37,27
India,Haryana,Bahadurgarh,"Arya Nagar, Bahadurgarh - HSPCB",13-08-2026 11:00:00,28.6701,76.9254,PM10,45,120,70
India,Haryana,Bahadurgarh,"Arya Nagar, Bahadurgarh - HSPCB",13-08-2026 11:00:00,28.6701,76.9254,NO2,15,29,22
India,Haryana,Bahadurgarh,"Arya Nagar, Bahadurgarh - HSPCB",13-08-2026 11:00:00,28.6701,76.9254,CO,30,33,31
India,Haryana,Ballabgarh,"Nathu Colony, Ballabgarh - HSPCB",13-08-2026 11:00:00,28.3419248,77.319699,NH3,4,5,5
India,Haryana,Bhiwani,"H.B. Colony, Bhiwani - HSPCB",13-08-2026 11:00:00,28.806223,76.141105,CO,18,25,21
India,Haryana,Charkhi Dadri,"Mini Secretariat, Charkhi Dadri - HSPCB",13-08-2026 11:00:00,28.593883,76.270653,NO2,9,23,15
India,Haryana,Charkhi Dadri,"Mini Secretariat, Charkhi Dadri - HSPCB",13-08-2026 11:00:00,28.593883,76.270653,NH3,5,8,6
India,Haryana,Dharuhera,"Municipal Corporation Office, Dharuhera -  HSPCB",13-08-2026 11:00:00,28.2068,76.7997,PM2.5,70,149,93
India,Gujarat,Ahmedabad,"Maninagar, Ahmedabad - GPCB",13-08-2026 11:00:00,23.002657,72.591912,CO,38,47,43
India,Gujarat,Ahmedabad,"Gyaspur, Ahmedabad - IITM",13-08-2026 11:00:00,22.977134,72.553024,PM2.5,17,56,32
India,Gujarat,Ahmedabad,"Gyaspur, Ahmedabad - IITM",13-08-2026 11:00:00,22.977134,72.553024,PM10,35,109,68
India,Gujarat,Ahmedabad,"Chandkheda, Ahmedabad - IITM",13-08-2026 11:00:00,23.107969,72.574648,PM10,33,99,61
India,Gujarat,Ankleshwar,"GIDC, Ankleshwar - GPCB",13-08-2026 11:00:00,21.613267,73.010555,NH3,4,7,4
India,Gujarat,Ankleshwar,"GIDC, Ankleshwar - GPCB",13-08-2026 11:00:00,21.613267,73.010555,SO2,13,19,14
India,Gujarat,Bhavnagar,"Vidhyanagar, Bhavnagar - Nexteng Enviro",13-08-2026 11:00:00,21.755417,72.139056,NO2,49,66,55
India,Gujarat,Gandhinagar,"Sector-10, Gandhinagar - GPCB",13-08-2026 11:00:00,23.221714,72.654328,PM2.5,21,58,40
India,Gujarat,Gandhinagar,"Sector-10, Gandhinagar - GPCB",13-08-2026 11:00:00,23.221714,72.654328,NO2,4,6,5
India,Gujarat,Gandhinagar,"IIPHG Lekawada, Gandhinagar - IITM",13-08-2026 11:00:00,23.243639,72.68994,PM10,27,99,53
India,Gujarat,Mehsana,"Sadanand Nagar, Mehsana - Nexteng Enviro",13-08-2026 11:00:00,23.59315,72.372792,CO,46,47,46
India,Gujarat,Nandesari,"GIDC, Nandesari - Nandesari Ind. Association",13-08-2026 11:00:00,22.410802,73.097923,CO,20,48,35
India,Gujarat,Nandesari,"GIDC, Nandesari - Nandesari Ind. Association",13-08-2026 11:00:00,22.410802,73.097923,OZONE,NA,NA,NA
India,Gujarat,Rajkot,"Mavdi, Rajkot - Nexteng Enviro ",13-08-2026 11:00:00,22.248853,70.776774,PM2.5,11,57,28
India,Gujarat,Rajkot,"Mavdi, Rajkot - Nexteng Enviro ",13-08-2026 11:00:00,22.248853,70.776774,NH3,0,0,0
India,Gujarat,Rajkot,"Mavdi, Rajkot - Nexteng Enviro ",13-08-2026 11:00:00,22.248853,70.776774,CO,41,42,42
India,Gujarat,Surat,"Science Center, Surat - SMC",13-08-2026 11:00:00,21.170046,72.795405,NO2,2,9,5
India,Gujarat,Surat,"Katargam, Surat - Nexteng Enviro",13-08-2026 11:00:00,21.217779,72.834787,PM10,31,111,50
India,Gujarat,Surat,"Katargam, Surat - Nexteng Enviro",13-08-2026 11:00:00,21.217779,72.834787,NH3,1,1,1
India,Gujarat,Vadodara,"Bapunagar, Vadodara - Nexteng Enviro",13-08-2026 11:00:00,22.320153,73.216285,PM2.5,3,122,43
India,Gujarat,Vapi,"Phase-1 GIDC, Vapi - GPCB",13-08-2026 11:00:00,20.362421,72.918013,PM2.5,5,27,12
India,Haryana,Manesar,"Sector-2 IMT, Manesar - HSPCB",13-08-2026 11:00:00,28.360699,76.93609,SO2,6,38,13
India,Haryana,Manesar,"Sector-2 IMT, Manesar - HSPCB",13-08-2026 11:00:00,28.360699,76.93609,OZONE,10,35,20
India,Haryana,Narnaul,"Shastri Nagar, Narnaul - HSPCB",13-08-2026 11:00:00,28.060249,76.113115,NH3,4,9,6
India,Haryana,Narnaul,"Shastri Nagar, Narnaul - HSPCB",13-08-2026 11:00:00,28.060249,76.113115,OZONE,11,45,22
India,Haryana,Panchkula,"Sector-6, Panchkula - HSPCB ",13-08-2026 11:00:00,30.7057778,76.8531805555555,PM10,NA,NA,NA
India,Haryana,Panchkula,"Sector-6, Panchkula - HSPCB ",13-08-2026 11:00:00,30.7057778,76.8531805555555,OZONE,32,40,34
India,Haryana,Panipat,"Sector-18, Panipat - HSPCB",13-08-2026 11:00:00,29.432304,76.972765,PM10,NA,NA,NA
India,Haryana,Panipat,"Sector-18, Panipat - HSPCB",13-08-2026 11:00:00,29.432304,76.972765,OZONE,49,50,49
India,Haryana,Rohtak,"MD University, Rohtak - HSPCB",13-08-2026 11:00:00,28.52123,76.37138,PM10,26,103,62
India,Haryana,Faridabad,"Sector 11, Faridabad - HSPCB",13-08-2026 11:00:00,28.376058,77.315741,NH3,8,9,9
India,Haryana,Faridabad,"Sector 11, Faridabad - HSPCB",13-08-2026 11:00:00,28.376058,77.315741,CO,60,81,71
India,Haryana,Faridabad,"New Industrial Town, Faridabad - HSPCB",13-08-2026 11:00:00,28.39072,77.30059,NO2,23,27,25
India,Haryana,Fatehabad,"Huda Sector, Fatehabad - HSPCB",13-08-2026 11:00:00,29.503664,75.467934,NH3,13,15,14
India,Haryana,Fatehabad,"Huda Sector, Fatehabad - HSPCB",13-08-2026 11:00:00,29.503664,75.467934,OZONE,10,24,17
India,Haryana,Gurugram,"Teri Gram, Gurugram - HSPCB",13-08-2026 11:00:00,28.4275,77.1465,PM2.5,50,315,135
India,Haryana,Sirsa,"F-Block, Sirsa - HSPCB",13-08-2026 11:00:00,29.5364,75.0158,SO2,1,34,19
India,Haryana,Sonipat,"Murthal, Sonipat - HSPCB",13-08-2026 11:00:00,29.0272,77.0621,NO2,6,8,7
India,Haryana,Yamuna Nagar,"Gobind Pura, Yamuna Nagar - HSPCB",13-08-2026 11:00:00,30.1480566,77.2893471,NH3,1,6,4
India,Himachal Pradesh,Baddi,"HIMUDA Complex Phase-1, Baddi - HPPCB",13-08-2026 11:00:00,30.943887,76.801991,PM10,47,390,123
India,Himachal Pradesh,Baddi,"HIMUDA Complex Phase-1, Baddi - HPPCB",13-08-2026 11:00:00,30.943887,76.801991,NH3,3,5,4
India,Karnataka,Bengaluru,"Bapuji Nagar, Bengaluru - KSPCB",13-08-2026 11:00:00,12.951913,77.539784,PM10,38,116,67
India,Karnataka,Bengaluru,"Bapuji Nagar, Bengaluru - KSPCB",13-08-2026 11:00:00,12.951913,77.539784,SO2,19,44,31
India,Karnataka,Bengaluru,"Silk Board, Bengaluru - KSPCB",13-08-2026 11:00:00,12.917348,77.622813,PM10,52,145,105
India,Karnataka,Bengaluru,"Silk Board, Bengaluru - KSPCB",13-08-2026 11:00:00,12.917348,77.622813,OZONE,11,15,13
India,Karnataka,Bengaluru,"Jayanagar 5th Block, Bengaluru - KSPCB",13-08-2026 11:00:00,12.920984,77.584908,OZONE,28,46,41
India,Jharkhand,Jorapokhar,"Tata Stadium, Jorapokhar - JSPCB",13-08-2026 11:00:00,23.707909,86.41467,NH3,3,3,3
India,Karnataka,Bengaluru,"Hombegowda Nagar, Bengaluru - KSPCB",13-08-2026 11:00:00,12.938539,77.5901,PM10,28,66,54
India,Karnataka,Bengaluru,"Hombegowda Nagar, Bengaluru - KSPCB",13-08-2026 11:00:00,12.938539,77.5901,NO2,12,39,21
India,Karnataka,Bengaluru,"Hombegowda Nagar, Bengaluru - KSPCB",13-08-2026 11:00:00,12.938539,77.5901,CO,8,13,10
India,Karnataka,Shivamogga,"Vinoba Nagara, Shivamogga - KSPCB",13-08-2026 11:00:00,13.94,75.555917,CO,13,21,17
India,Karnataka,Shivamogga,"Vinoba Nagara, Shivamogga - KSPCB",13-08-2026 11:00:00,13.94,75.555917,OZONE,16,27,21
India,Karnataka,Vijayapura,"Ibrahimpur, Vijayapura - KSPCB",13-08-2026 11:00:00,16.802639,75.722694,SO2,3,6,3
India,Karnataka,Yadgir,"Collector Office, Yadgir - KSPCB",13-08-2026 11:00:00,16.7602,77.1428,PM10,NA,NA,NA
India,Karnataka,Yadgir,"Collector Office, Yadgir - KSPCB",13-08-2026 11:00:00,16.7602,77.1428,CO,20,20,20
India,Kerala,Thiruvananthapuram,"Plammoodu, Thiruvananthapuram - Kerala PCB",13-08-2026 11:00:00,8.5149093,76.9435879,PM2.5,15,30,23
India,Kerala,Thiruvananthapuram,"Plammoodu, Thiruvananthapuram - Kerala PCB",13-08-2026 11:00:00,8.5149093,76.9435879,NH3,1,1,1
India,Kerala,Thiruvananthapuram,"Kariavattom, Thiruvananthapuram - Kerala PCB",13-08-2026 11:00:00,8.5637,76.8865,PM2.5,24,28,26
India,Kerala,Thiruvananthapuram,"Kariavattom, Thiruvananthapuram - Kerala PCB",13-08-2026 11:00:00,8.5637,76.8865,PM10,25,138,80
India,Kerala,Thrissur,"Corporation Ground, Thrissur - Kerala PCB",13-08-2026 11:00:00,10.5324,76.2159,PM2.5,47,55,50
India,Madhya Pradesh,Jabalpur,"Marhatal, Jabalpur - MPPCB",13-08-2026 11:00:00,23.168606,79.932247,SO2,7,9,8
India,Madhya Pradesh,Katni,"Gole Bazar, Katni - MPPCB",13-08-2026 11:00:00,23.50016,80.23284,SO2,7,50,33
India,Madhya Pradesh,Katni,"Gole Bazar, Katni - MPPCB",13-08-2026 11:00:00,23.50016,80.23284,CO,25,32,29
India,Madhya Pradesh,Maihar,"Sahilara, Maihar - KJS Cements",13-08-2026 11:00:00,24.2613009,80.7231783,PM2.5,NA,NA,NA
India,Madhya Pradesh,Maihar,"Sahilara, Maihar - KJS Cements",13-08-2026 11:00:00,24.2613009,80.7231783,NH3,NA,NA,NA
India,Madhya Pradesh,Maihar,"Sahilara, Maihar - KJS Cements",13-08-2026 11:00:00,24.2613009,80.7231783,CO,29,31,30
India,Madhya Pradesh,Mandideep,"Sector-D Industrial Area, Mandideep - MPPCB",13-08-2026 11:00:00,23.10844,77.511428,PM2.5,2,86,48
India,Madhya Pradesh,Pithampur,"Sector-2 Industrial Area, Pithampur - MPPCB",13-08-2026 11:00:00,22.624758,75.675238,PM10,59,122,90
India,Madhya Pradesh,Pithampur,"Sector-2 Industrial Area, Pithampur - MPPCB",13-08-2026 11:00:00,22.624758,75.675238,OZONE,22,36,29
India,Madhya Pradesh,Ratlam,"Shasthri Nagar, Ratlam - IPCA Lab",13-08-2026 11:00:00,23.331731,75.045981,PM2.5,3,68,42
India,Karnataka,Chikkaballapur,"Chikkaballapur Rural, Chikkaballapur - KSPCB",13-08-2026 11:00:00,13.428828,77.731418,PM10,18,149,48
India,Karnataka,Chikkaballapur,"Chikkaballapur Rural, Chikkaballapur - KSPCB",13-08-2026 11:00:00,13.428828,77.731418,NH3,1,1,1
India,Karnataka,Chikkaballapur,"Chikkaballapur Rural, Chikkaballapur - KSPCB",13-08-2026 11:00:00,13.428828,77.731418,OZONE,19,20,19
India,Karnataka,Chikkamagaluru,"Kalyana Nagara, Chikkamagaluru - KSPCB",13-08-2026 11:00:00,13.328028,75.797056,OZONE,22,22,22
India,Karnataka,Gadag,"Panchal Nagar, Gadag - KSPCB",13-08-2026 11:00:00,15.411456,75.638133,SO2,26,32,29
India,Karnataka,Kalaburagi,"Lal Bahadur Shastri Nagar, Kalaburagi - KSPCB",13-08-2026 11:00:00,17.321993,76.822628,PM2.5,NA,NA,NA
India,Karnataka,Kalaburagi,"Lal Bahadur Shastri Nagar, Kalaburagi - KSPCB",13-08-2026 11:00:00,17.321993,76.822628,NH3,NA,NA,NA
India,Karnataka,Karwar,"KHB Colony, Karwar - KSPCB",13-08-2026 11:00:00,14.816666,74.141003,PM2.5,NA,NA,NA
India,Karnataka,Ramanagara,"Vijay Nagar, Ramanagara - KSPCB",13-08-2026 11:00:00,12.733409,77.298051,PM10,32,73,46
India,Maharashtra,Ambernath,"Chinchpada, Ambernath - MPCB",13-08-2026 11:00:00,19.215784,73.199781,OZONE,2,6,4
India,Maharashtra,Amravati,"Shri Shivaji Science College, Amravati - MPCB",13-08-2026 11:00:00,20.939198,77.765701,CO,20,22,21
India,Maharashtra,Aurangabad,"More Chowk Waluj, Aurangabad - MPCB",13-08-2026 11:00:00,19.8389439,75.244448,PM10,44,58,51
India,Maharashtra,Aurangabad,"MIDC Chilkalthana, Aurangabad - MPCB",13-08-2026 11:00:00,19.87562,75.38731,CO,22,28,24
India,Maharashtra,Aurangabad,"Rachnakar Colony, Aurangabad - MPCB",13-08-2026 11:00:00,19.863756,75.321188,PM2.5,19,44,31
India,Maharashtra,Aurangabad,"Rachnakar Colony, Aurangabad - MPCB",13-08-2026 11:00:00,19.863756,75.321188,NO2,12,27,18
India,Maharashtra,Aurangabad,"Rachnakar Colony, Aurangabad - MPCB",13-08-2026 11:00:00,19.863756,75.321188,OZONE,8,10,9
India,Maharashtra,Badlapur,"Katrap, Badlapur - MPCB",13-08-2026 11:00:00,19.16485,73.23409,PM10,5,41,17
India,Madhya Pradesh,Sagar,"Civil Lines, Sagar - MPPCB",13-08-2026 11:00:00,23.838586,78.759431,PM10,6,38,20
India,Madhya Pradesh,Sagar,"Civil Lines, Sagar - MPPCB",13-08-2026 11:00:00,23.838586,78.759431,NO2,4,23,9
India,Madhya Pradesh,Sagar,"Civil Lines, Sagar - MPPCB",13-08-2026 11:00:00,23.838586,78.759431,OZONE,28,43,34
India,Madhya Pradesh,Satna,"Bandhavgar Colony, Satna - Birla Cement",13-08-2026 11:00:00,24.58434363,80.8549414,NH3,NA,NA,NA
India,Madhya Pradesh,Satna,"Bandhavgar Colony, Satna - Birla Cement",13-08-2026 11:00:00,24.58434363,80.8549414,SO2,18,18,18
India,Maharashtra,Ahmednagar,"Tarakpur, Ahmednagar - MPCB",13-08-2026 11:00:00,19.10122,74.73339,NO2,3,18,8
India,Maharashtra,Akola,"Ramdaspeth, Akola - MPCB",13-08-2026 11:00:00,20.719516,77.000253,PM2.5,11,30,17
India,Maharashtra,Ambernath,"Chinchpada, Ambernath - MPCB",13-08-2026 11:00:00,19.215784,73.199781,NO2,8,18,14
India,Madhya Pradesh,Bhopal,"T T Nagar, Bhopal - MPPCB",13-08-2026 11:00:00,23.233584,77.400574,NH3,5,6,6
India,Madhya Pradesh,Bhopal,"T T Nagar, Bhopal - MPPCB",13-08-2026 11:00:00,23.233584,77.400574,SO2,14,23,19
India,Madhya Pradesh,Bhopal,"Idgah Hills, Bhopal - MPPCB",13-08-2026 11:00:00,23.264759,77.381568,PM2.5,15,48,29
India,Madhya Pradesh,Bhopal,"Idgah Hills, Bhopal - MPPCB",13-08-2026 11:00:00,23.264759,77.381568,SO2,4,5,4
India,Madhya Pradesh,Bhopal,"Idgah Hills, Bhopal - MPPCB",13-08-2026 11:00:00,23.264759,77.381568,CO,6,33,16
India,Madhya Pradesh,Bhopal,"Paryavaran Parisar, Bhopal - MPPCB",13-08-2026 11:00:00,23.210494,77.425409,CO,3,17,14
India,Madhya Pradesh,Damoh,"Shrivastav Colony, Damoh - MPPCB",13-08-2026 11:00:00,23.81748678,79.446246,PM2.5,2,23,10
India,Madhya Pradesh,Damoh,"Shrivastav Colony, Damoh - MPPCB",13-08-2026 11:00:00,23.81748678,79.446246,PM10,5,25,14
India,Maharashtra,Belapur,"CBD Belapur, Belapur - MPCB",13-08-2026 11:00:00,19.0243902,73.0406721,SO2,5,7,6
India,Maharashtra,Belapur,"CBD Belapur, Belapur - MPCB",13-08-2026 11:00:00,19.0243902,73.0406721,CO,7,22,14
India,Maharashtra,Bhiwandi,"Gokul Nagar, Bhiwandi - MPCB",13-08-2026 11:00:00,19.309073,73.057223,NH3,1,24,11
India,Maharashtra,Bhiwandi,"Gokul Nagar, Bhiwandi - MPCB",13-08-2026 11:00:00,19.309073,73.057223,CO,19,32,26
India,Maharashtra,Boisar,"Khaira, Boisar - MPCB",13-08-2026 11:00:00,19.786089,72.757971,SO2,0,8,6
India,Maharashtra,Chandrapur,"MIDC Khutala, Chandrapur - MPCB",13-08-2026 11:00:00,19.9775302,79.2337086,PM2.5,34,40,39
India,Maharashtra,Chandrapur,"MIDC Khutala, Chandrapur - MPCB",13-08-2026 11:00:00,19.9775302,79.2337086,SO2,3,7,5
India,Maharashtra,Chandrapur,"MIDC Khutala, Chandrapur - MPCB",13-08-2026 11:00:00,19.9775302,79.2337086,CO,37,42,39
India,Maharashtra,Mahad,"Kamble Tarf Birwadi, Mahad - MPCB",13-08-2026 11:00:00,18.1023399,73.4783687,CO,14,21,17
India,Maharashtra,Mahad,"Kamble Tarf Birwadi, Mahad - MPCB",13-08-2026 11:00:00,18.1023399,73.4783687,OZONE,4,10,6
India,Maharashtra,Malegaon,"Mahesh Nagar, Malegaon - MPCB",13-08-2026 11:00:00,20.555712,74.529236,SO2,1,6,3
India,Maharashtra,Mumbai,"Chakala-Andheri East, Mumbai - IITM",13-08-2026 11:00:00,19.11074,72.86084,PM10,15,87,42
India,Maharashtra,Mumbai,"Chakala-Andheri East, Mumbai - IITM",13-08-2026 11:00:00,19.11074,72.86084,NO2,5,10,7
India,Maharashtra,Mumbai,"Chakala-Andheri East, Mumbai - IITM",13-08-2026 11:00:00,19.11074,72.86084,SO2,0,5,1
India,Maharashtra,Mumbai,"Chakala-Andheri East, Mumbai - IITM",13-08-2026 11:00:00,19.11074,72.86084,CO,13,26,21
India,Maharashtra,Mumbai,"Shivaji Nagar, Mumbai - BMC",13-08-2026 11:00:00,19.060498,72.923356,PM2.5,13,56,27
India,Maharashtra,Mumbai,"Bandra Kurla Complex, Mumbai - MPCB",13-08-2026 11:00:00,19.065931,72.862131,NO2,4,8,7
India,Maharashtra,Mumbai,"Chembur, Mumbai - MPCB",13-08-2026 11:00:00,19.0364585,72.8954371,NO2,4,17,10
India,Maharashtra,Mumbai,"Chembur, Mumbai - MPCB",13-08-2026 11:00:00,19.0364585,72.8954371,SO2,1,2,1
India,Maharashtra,Mumbai,"Chembur, Mumbai - MPCB",13-08-2026 11:00:00,19.0364585,72.8954371,CO,23,30,26
India,Madhya Pradesh,Pithampur,"Sector-2 Industrial Area, Pithampur - MPPCB",13-08-2026 11:00:00,22.624758,75.675238,OZONE,22,36,29
India,Madhya Pradesh,Ratlam,"Shasthri Nagar, Ratlam - IPCA Lab",13-08-2026 11:00:00,23.331731,75.045981,PM2.5,3,68,42
India,Madhya Pradesh,Sagar,"Civil Lines, Sagar - MPPCB",13-08-2026 11:00:00,23.838586,78.759431,PM10,6,38,20
India,Madhya Pradesh,Sagar,"Civil Lines, Sagar - MPPCB",13-08-2026 11:00:00,23.838586,78.759431,NO2,4,23,9
India,Madhya Pradesh,Sagar,"Civil Lines, Sagar - MPPCB",13-08-2026 11:00:00,23.838586,78.759431,OZONE,28,43,34
India,Madhya Pradesh,Satna,"Bandhavgar Colony, Satna - Birla Cement",13-08-2026 11:00:00,24.58434363,80.8549414,NH3,NA,NA,NA
India,Madhya Pradesh,Satna,"Bandhavgar Colony, Satna - Birla Cement",13-08-2026 11:00:00,24.58434363,80.8549414,SO2,18,18,18
India,Maharashtra,Ahmednagar,"Tarakpur, Ahmednagar - MPCB",13-08-2026 11:00:00,19.10122,74.73339,NO2,3,18,8
India,Maharashtra,Akola,"Ramdaspeth, Akola - MPCB",13-08-2026 11:00:00,20.719516,77.000253,PM2.5,11,30,17
India,Madhya Pradesh,Jabalpur,"Marhatal, Jabalpur - MPPCB",13-08-2026 11:00:00,23.168606,79.932247,SO2,7,9,8
India,Madhya Pradesh,Katni,"Gole Bazar, Katni - MPPCB",13-08-2026 11:00:00,23.50016,80.23284,SO2,7,50,33
India,Madhya Pradesh,Katni,"Gole Bazar, Katni - MPPCB",13-08-2026 11:00:00,23.50016,80.23284,CO,25,32,29
India,Madhya Pradesh,Maihar,"Sahilara, Maihar - KJS Cements",13-08-2026 11:00:00,24.2613009,80.7231783,PM2.5,NA,NA,NA
India,Madhya Pradesh,Maihar,"Sahilara, Maihar - KJS Cements",13-08-2026 11:00:00,24.2613009,80.7231783,NH3,NA,NA,NA
India,Madhya Pradesh,Maihar,"Sahilara, Maihar - KJS Cements",13-08-2026 11:00:00,24.2613009,80.7231783,CO,29,31,30
India,Madhya Pradesh,Mandideep,"Sector-D Industrial Area, Mandideep - MPPCB",13-08-2026 11:00:00,23.10844,77.511428,PM2.5,2,86,48
India,Madhya Pradesh,Pithampur,"Sector-2 Industrial Area, Pithampur - MPPCB",13-08-2026 11:00:00,22.624758,75.675238,PM10,59,122,90
India,Maharashtra,Kolhapur,"Shivaji University, Kolhapur - MPCB",13-08-2026 11:00:00,16.6870449,74.2505872,CO,7,20,14
India,Maharashtra,Kolhapur,"Sinchan Bhavan, Kolhapur - MPCB",13-08-2026 11:00:00,16.7143745,74.2426398,NO2,16,49,31
India,Maharashtra,Kolhapur,"Sinchan Bhavan, Kolhapur - MPCB",13-08-2026 11:00:00,16.7143745,74.2426398,SO2,0,2,1
India,Maharashtra,Latur,"Sawe Wadi, Latur - MPCB",13-08-2026 11:00:00,18.39963,76.57452,PM2.5,11,34,24
India,Maharashtra,Latur,"Sawe Wadi, Latur - MPCB",13-08-2026 11:00:00,18.39963,76.57452,NH3,1,7,3
India,Maharashtra,Latur,"Sawe Wadi, Latur - MPCB",13-08-2026 11:00:00,18.39963,76.57452,OZONE,10,20,14
India,Maharashtra,Mahad,"Kamble Tarf Birwadi, Mahad - MPCB",13-08-2026 11:00:00,18.1023399,73.4783687,PM2.5,23,59,36
India,Maharashtra,Mahad,"Kamble Tarf Birwadi, Mahad - MPCB",13-08-2026 11:00:00,18.1023399,73.4783687,NH3,7,8,8
India,Maharashtra,Ambernath,"Chinchpada, Ambernath - MPCB",13-08-2026 11:00:00,19.215784,73.199781,NO2,8,18,14
India,Maharashtra,Ambernath,"Chinchpada, Ambernath - MPCB",13-08-2026 11:00:00,19.215784,73.199781,OZONE,2,6,4
India,Maharashtra,Amravati,"Shri Shivaji Science College, Amravati - MPCB",13-08-2026 11:00:00,20.939198,77.765701,CO,20,22,21
India,Maharashtra,Aurangabad,"More Chowk Waluj, Aurangabad - MPCB",13-08-2026 11:00:00,19.8389439,75.244448,PM10,44,58,51
India,Maharashtra,Aurangabad,"MIDC Chilkalthana, Aurangabad - MPCB",13-08-2026 11:00:00,19.87562,75.38731,CO,22,28,24
India,Maharashtra,Aurangabad,"Rachnakar Colony, Aurangabad - MPCB",13-08-2026 11:00:00,19.863756,75.321188,PM2.5,19,44,31
India,Maharashtra,Chandrapur,"Chauhan Colony, Chandrapur - MPCB",13-08-2026 11:00:00,19.9629,79.298714,OZONE,5,8,7
India,Maharashtra,Dombivli,"Kalu Nagar, Dombivli - MPCB",13-08-2026 11:00:00,19.2268427,73.0788456,PM10,6,36,18
India,Maharashtra,Dombivli,"Kalu Nagar, Dombivli - MPCB",13-08-2026 11:00:00,19.2268427,73.0788456,NH3,1,2,1
India,Maharashtra,Jalgaon,"Prabhat Colony, Jalgaon - MPCB",13-08-2026 11:00:00,21.001264,75.565602,PM2.5,17,42,28
India,Maharashtra,Jalna,"Old MIDC, Jalna - MPCB",13-08-2026 11:00:00,19.854616,75.905894,PM10,NA,NA,NA
India,Maharashtra,Jalna,"Old MIDC, Jalna - MPCB",13-08-2026 11:00:00,19.854616,75.905894,NO2,NA,NA,NA
India,Maharashtra,Jalna,"Old MIDC, Jalna - MPCB",13-08-2026 11:00:00,19.854616,75.905894,NH3,NA,NA,NA
India,Maharashtra,Kalyan,"Pimpleshwar Mandir, Kalyan - MPCB",13-08-2026 11:00:00,19.192056,72.9585188,NO2,NA,NA,NA
India,Maharashtra,Jalgaon,"Prabhat Colony, Jalgaon - MPCB",13-08-2026 11:00:00,21.001264,75.565602,CO,21,32,25
India,Maharashtra,Pimpri-Chinchwad,"Savta Mali Nagar, Pimpri-Chinchwad - IITM",13-08-2026 11:00:00,18.614767,73.799516,SO2,NA,NA,NA
India,Maharashtra,Pimpri-Chinchwad,"Transport Nagar-Nigdi, Pune - IITM",13-08-2026 11:00:00,18.664282,73.763966,PM10,36,64,48
India,Maharashtra,Pimpri-Chinchwad,"Transport Nagar-Nigdi, Pune - IITM",13-08-2026 11:00:00,18.664282,73.763966,NO2,27,34,31
India,Maharashtra,Pimpri-Chinchwad,"Transport Nagar-Nigdi, Pune - IITM",13-08-2026 11:00:00,18.664282,73.763966,NH3,NA,NA,NA
India,Maharashtra,Pune,"Revenue Colony-Shivajinagar, Pune - IITM",13-08-2026 11:00:00,18.530085,73.849598,PM10,33,108,68
India,Maharashtra,Pune,"Revenue Colony-Shivajinagar, Pune - IITM",13-08-2026 11:00:00,18.530085,73.849598,SO2,5,12,8
India,Maharashtra,Pune,"Savitribai Phule Pune University, Pune - MPCB",13-08-2026 11:00:00,18.547056,73.826908,PM10,21,39,30
India,Maharashtra,Pune,"Savitribai Phule Pune University, Pune - MPCB",13-08-2026 11:00:00,18.547056,73.826908,NO2,6,10,8
India,Maharashtra,Pune,"Savitribai Phule Pune University, Pune - MPCB",13-08-2026 11:00:00,18.547056,73.826908,NH3,1,2,1
India,Maharashtra,Pune,"Savitribai Phule Pune University, Pune - MPCB",13-08-2026 11:00:00,18.547056,73.826908,SO2,3,5,4
India,Maharashtra,Pune,"Savitribai Phule Pune University, Pune - MPCB",13-08-2026 11:00:00,18.547056,73.826908,OZONE,2,10,6
India,Maharashtra,Pune,"Hadapsar, Pune - IITM",13-08-2026 11:00:00,18.501793,73.927532,PM2.5,24,82,45
India,Maharashtra,Pune,"Hadapsar, Pune - IITM",13-08-2026 11:00:00,18.501793,73.927532,CO,30,128,65
India,Maharashtra,Pune,"Katraj Dairy, Pune - MPCB",13-08-2026 11:00:00,18.45445,73.854155,NO2,10,19,12
India,Maharashtra,Navi Mumbai,"Kopripada-Vashi, Navi Mumbai - MPCB",13-08-2026 11:00:00,19.090337,73.014232,NO2,6,14,11
India,Maharashtra,Navi Mumbai,"Nerul, Navi Mumbai - MPCB",13-08-2026 11:00:00,19.008751,73.01662,PM10,NA,NA,NA
India,Maharashtra,Navi Mumbai,"Nerul, Navi Mumbai - MPCB",13-08-2026 11:00:00,19.008751,73.01662,SO2,NA,NA,NA
India,Maharashtra,Navi Mumbai,"Sector-2E Kalamboli, Navi Mumbai - MPCB",13-08-2026 11:00:00,19.02579,73.10297,PM10,18,38,27
India,Maharashtra,Navi Mumbai,"Sector-2E Kalamboli, Navi Mumbai - MPCB",13-08-2026 11:00:00,19.02579,73.10297,CO,10,19,14
India,Maharashtra,Navi Mumbai,"Sector-2E Kalamboli, Navi Mumbai - MPCB",13-08-2026 11:00:00,19.02579,73.10297,OZONE,3,13,7
India,Maharashtra,Parbhani,"Masoom Colony, Parbhani - MPCB",13-08-2026 11:00:00,19.265594,76.761463,PM10,13,37,19
India,Maharashtra,Pimpri-Chinchwad,"Park Street Wakad, Pimpri Chinchwad - MPCB",13-08-2026 11:00:00,18.59051,73.77946,OZONE,3,4,3
India,Maharashtra,Pimpri-Chinchwad,"Thergaon, Pimpri Chinchwad - MPCB",13-08-2026 11:00:00,18.616318,73.765797,PM10,25,46,36
India,Maharashtra,Pimpri-Chinchwad,"Thergaon, Pimpri Chinchwad - MPCB",13-08-2026 11:00:00,18.616318,73.765797,SO2,1,2,2
India,Maharashtra,Pimpri-Chinchwad,"Thergaon, Pimpri Chinchwad - MPCB",13-08-2026 11:00:00,18.616318,73.765797,CO,5,72,23
India,Maharashtra,Pimpri-Chinchwad,"Bhosari, Pune - IITM",13-08-2026 11:00:00,18.640051,73.848956,PM10,37,95,60
India,Maharashtra,Pimpri-Chinchwad,"Bhosari, Pune - IITM",13-08-2026 11:00:00,18.640051,73.848956,NH3,NA,NA,NA
India,Maharashtra,Mumbai,"Kandivali West, Mumbai - BMC",13-08-2026 11:00:00,19.215859,72.831718,NO2,7,24,14
India,Maharashtra,Mumbai,"Borivali East, Mumbai - MPCB",13-08-2026 11:00:00,19.2243333,72.8658113,CO,10,11,10
India,Maharashtra,Mumbai,"Siddharth Nagar-Worli, Mumbai - IITM",13-08-2026 11:00:00,19.000083,72.813993,NH3,1,1,1
India,Maharashtra,Mumbai,"Siddharth Nagar-Worli, Mumbai - IITM",13-08-2026 11:00:00,19.000083,72.813993,OZONE,20,26,22
India,Maharashtra,Mumbai,"Kherwadi_Bandra East, Mumbai - MPCB",13-08-2026 11:00:00,19.0632143,72.8456324,NO2,3,7,5
India,Maharashtra,Mumbai,"Kherwadi_Bandra East, Mumbai - MPCB",13-08-2026 11:00:00,19.0632143,72.8456324,NH3,5,5,5
India,Maharashtra,Mumbai,"Kherwadi_Bandra East, Mumbai - MPCB",13-08-2026 11:00:00,19.0632143,72.8456324,OZONE,2,3,2
India,Maharashtra,Mumbai,"Byculla, Mumbai - BMC",13-08-2026 11:00:00,18.9767,72.838,PM10,17,48,31
India,Maharashtra,Mumbai,"Mindspace-Malad West, Mumbai - MPCB",13-08-2026 11:00:00,19.1878657,72.8304069,NO2,13,14,13
India,Maharashtra,Mumbai,"Sion, Mumbai - MPCB",13-08-2026 11:00:00,19.047,72.8746,PM2.5,5,16,10
India,Maharashtra,Mumbai,"Sion, Mumbai - MPCB",13-08-2026 11:00:00,19.047,72.8746,NO2,NA,NA,NA
India,Maharashtra,Mumbai,"Deonar, Mumbai - IITM",13-08-2026 11:00:00,19.04946,72.923,PM10,21,69,38
India,Maharashtra,Thane,"Kasarvadavali, Thane - MPCB",13-08-2026 11:00:00,19.26777,72.97182,CO,22,35,28
India,Maharashtra,Ulhasnagar,"Sidhi Vinayak Nagar, Ulhasnagar - MPCB",13-08-2026 11:00:00,19.235581,73.159121,SO2,0,62,6
India,Maharashtra,Ulhasnagar,"Sidhi Vinayak Nagar, Ulhasnagar - MPCB",13-08-2026 11:00:00,19.235581,73.159121,CO,8,8,8
India,Maharashtra,Ulhasnagar,"Sidhi Vinayak Nagar, Ulhasnagar - MPCB",13-08-2026 11:00:00,19.235581,73.159121,OZONE,0,0,0
India,Maharashtra,Ulhasnagar,"Vithalwadi, Ulhasnagar - MPCB",13-08-2026 11:00:00,19.2307571,73.155192,NH3,8,11,9
India,Maharashtra,Virar,"Bolinj, Virar - MPCB",13-08-2026 11:00:00,19.445821,72.7988231,PM2.5,10,21,15
India,Meghalaya,Byrnihat,"15th Mile-Nongthymmai, Byrnihat -Meghalaya PCB",13-08-2026 11:00:00,26.079047,91.875185,PM10,25,213,124
India,Mizoram,Aizawl,"Sikulpuikawn, Aizawl - Mizoram PCB",13-08-2026 11:00:00,23.7176342,92.7192841,NH3,0,0,0
India,Nagaland,Kohima,"PWD Junction, Kohima - NPCB",13-08-2026 11:00:00,25.6635413,94.0989878,PM10,7,33,15
India,Maharashtra,Nagpur,"Mahal, Nagpur - MPCB",13-08-2026 11:00:00,21.14472,79.107595,NH3,3,11,5
India,Maharashtra,Nanded,"Sneh Nagar, Nanded - MPCB",13-08-2026 11:00:00,19.173852,77.296291,PM2.5,20,36,29
India,Maharashtra,Nanded,"Sneh Nagar, Nanded - MPCB",13-08-2026 11:00:00,19.173852,77.296291,PM10,20,45,34
India,Maharashtra,Nanded,"Sneh Nagar, Nanded - MPCB",13-08-2026 11:00:00,19.173852,77.296291,NH3,0,3,2
India,Maharashtra,Nashik,"Hirawadi, Nashik - MPCB",13-08-2026 11:00:00,20.021503,73.813844,SO2,1,65,18
India,Maharashtra,Nashik,"Hirawadi, Nashik - MPCB",13-08-2026 11:00:00,20.021503,73.813844,OZONE,10,14,12
India,Maharashtra,Nashik,"MIDC Ambad, Nashik - MPCB",13-08-2026 11:00:00,19.95022,73.73148,PM2.5,NA,NA,NA
India,Maharashtra,Navi Mumbai,"Sanpada, Navi Mumbai - MPCB",13-08-2026 11:00:00,19.0575752,73.0151367,PM2.5,7,35,21
India,Maharashtra,Navi Mumbai,"Sanpada, Navi Mumbai - MPCB",13-08-2026 11:00:00,19.0575752,73.0151367,NO2,3,14,7
India,Maharashtra,Navi Mumbai,"Sanpada, Navi Mumbai - MPCB",13-08-2026 11:00:00,19.0575752,73.0151367,CO,5,23,11
India,Maharashtra,Navi Mumbai,"Tondare-Taloja, Navi Mumbai - MPCB",13-08-2026 11:00:00,19.063,73.1209,NO2,10,18,13
India,Maharashtra,Pune,"Panchawati_Pashan, Pune - IITM",13-08-2026 11:00:00,18.536457,73.805454,NO2,8,11,9
India,Maharashtra,Pune,"Dhankawadi, Pune - IITM",13-08-2026 11:00:00,18.459883,73.852193,PM2.5,11,38,24
India,Maharashtra,Pune,"Dhankawadi, Pune - IITM",13-08-2026 11:00:00,18.459883,73.852193,SO2,NA,NA,NA
India,Maharashtra,Pune,"Mhada Colony, Pune - IITM",13-08-2026 11:00:00,18.57304,73.927715,NH3,NA,NA,NA
India,Maharashtra,Pune,"Mhada Colony, Pune - IITM",13-08-2026 11:00:00,18.57304,73.927715,OZONE,8,9,9
India,Maharashtra,Satara,"Koyana Nagar, Satara - MPCB",13-08-2026 11:00:00,17.696651,74.003387,SO2,3,6,5
India,Maharashtra,Thane,"Upvan Fort, Thane - MPCB",13-08-2026 11:00:00,19.222279,72.957979,PM2.5,11,28,17
India,Maharashtra,Thane,"Upvan Fort, Thane - MPCB",13-08-2026 11:00:00,19.222279,72.957979,CO,6,31,13
India,Maharashtra,Thane,"Upvan Fort, Thane - MPCB",13-08-2026 11:00:00,19.222279,72.957979,OZONE,9,26,17
India,Maharashtra,Thane,"Kasarvadavali, Thane - MPCB",13-08-2026 11:00:00,19.26777,72.97182,PM2.5,18,55,35
India,Maharashtra,Mumbai,"Worli, Mumbai - MPCB",13-08-2026 11:00:00,18.9936162,72.8128113,PM10,NA,NA,NA
India,Maharashtra,Mumbai,"Worli, Mumbai - MPCB",13-08-2026 11:00:00,18.9936162,72.8128113,NH3,NA,NA,NA
India,Maharashtra,Mumbai,"Khindipada-Bhandup West, Mumbai - IITM",13-08-2026 11:00:00,19.1653323,72.922099,PM10,30,71,51
India,Maharashtra,Mumbai,"Khindipada-Bhandup West, Mumbai - IITM",13-08-2026 11:00:00,19.1653323,72.922099,NO2,13,17,15
India,Maharashtra,Mumbai,"Navy Nagar-Colaba, Mumbai - IITM",13-08-2026 11:00:00,18.897756,72.81332,PM2.5,11,42,24
India,Maharashtra,Mumbai,"Mulund West, Mumbai - MPCB",13-08-2026 11:00:00,19.175,72.9419,PM10,NA,NA,NA
India,Maharashtra,Mumbai,"Mulund West, Mumbai - MPCB",13-08-2026 11:00:00,19.175,72.9419,CO,NA,NA,NA
India,Maharashtra,Mumbai,"Sewri, Mumbai - BMC",13-08-2026 11:00:00,19.000084,72.85673,PM10,23,56,39
India,Maharashtra,Mumbai,"Sewri, Mumbai - BMC",13-08-2026 11:00:00,19.000084,72.85673,NO2,NA,NA,NA
India,Maharashtra,Mumbai,"Sewri, Mumbai - BMC",13-08-2026 11:00:00,19.000084,72.85673,CO,16,20,17
India,Maharashtra,Mumbai,"Borivali East, Mumbai - IITM",13-08-2026 11:00:00,19.23241,72.86895,SO2,NA,NA,NA
India,Maharashtra,Mumbai,"Bandra Kurla Complex, Mumbai - IITM",13-08-2026 11:00:00,19.053536,72.84643,NO2,2,4,3
India,Maharashtra,Mumbai,"Malad West, Mumbai - IITM",13-08-2026 11:00:00,19.19709,72.82204,NH3,3,5,3
India,Maharashtra,Mumbai,"Mazgaon, Mumbai - IITM",13-08-2026 11:00:00,18.96702,72.84214,OZONE,10,15,13
India,Maharashtra,Mumbai,"Kurla, Mumbai - MPCB",13-08-2026 11:00:00,19.0863,72.8888,NH3,2,2,2
India,Maharashtra,Nagpur,"Opp GPO Civil Lines, Nagpur - MPCB",13-08-2026 11:00:00,21.152875,79.0517531,OZONE,5,7,6
India,Maharashtra,Nagpur,"Ambazari, Nagpur - MPCB",13-08-2026 11:00:00,21.121801,79.04952,NO2,5,14,9
India,Maharashtra,Nagpur,"Ambazari, Nagpur - MPCB",13-08-2026 11:00:00,21.121801,79.04952,OZONE,7,12,8
India,Rajasthan,Jaipur,"Shastri Nagar, Jaipur - RSPCB",13-08-2026 11:00:00,26.9502929,75.730943,PM10,52,88,68
India,Rajasthan,Jaipur,"Shastri Nagar, Jaipur - RSPCB",13-08-2026 11:00:00,26.9502929,75.730943,NO2,20,55,32
India,Rajasthan,Jaipur,"Shastri Nagar, Jaipur - RSPCB",13-08-2026 11:00:00,26.9502929,75.730943,NH3,6,13,10
India,Rajasthan,Jaipur,"Shastri Nagar, Jaipur - RSPCB",13-08-2026 11:00:00,26.9502929,75.730943,CO,21,47,35
India,Rajasthan,Jaisalmer,"Sadar Bazar, Jaisalmer - RSPCB",13-08-2026 11:00:00,26.912329,70.909168,NO2,0,17,6
India,Rajasthan,Jaisalmer,"Sadar Bazar, Jaisalmer - RSPCB",13-08-2026 11:00:00,26.912329,70.909168,SO2,4,5,4
India,Rajasthan,Jaisalmer,"Sadar Bazar, Jaisalmer - RSPCB",13-08-2026 11:00:00,26.912329,70.909168,CO,6,16,12
India,Rajasthan,Jaisalmer,"Sadar Bazar, Jaisalmer - RSPCB",13-08-2026 11:00:00,26.912329,70.909168,OZONE,15,23,17
India,Rajasthan,Jalore,"Mudtra Sili, Jalore - RSPCB",13-08-2026 11:00:00,25.344694,72.626208,CO,12,28,19
India,Rajasthan,Jhalawar,"Rajlaxmi Nagar, Jhalawar - RSPCB",13-08-2026 11:00:00,24.588397,76.172782,PM10,27,49,36
India,Rajasthan,Jhalawar,"Rajlaxmi Nagar, Jhalawar - RSPCB",13-08-2026 11:00:00,24.588397,76.172782,SO2,4,8,6
India,Rajasthan,Jhalawar,"Rajlaxmi Nagar, Jhalawar - RSPCB",13-08-2026 11:00:00,24.588397,76.172782,CO,12,21,14
India,Rajasthan,Jhalawar,"Rajlaxmi Nagar, Jhalawar - RSPCB",13-08-2026 11:00:00,24.588397,76.172782,OZONE,15,19,17
India,Rajasthan,Jhunjhunu,"Indra Nagar, Jhunjhunu - RSPCB",13-08-2026 11:00:00,28.108988,75.386577,PM10,7,84,29
India,Rajasthan,Jhunjhunu,"Indra Nagar, Jhunjhunu - RSPCB",13-08-2026 11:00:00,28.108988,75.386577,NO2,2,23,6
India,Rajasthan,Jhunjhunu,"Indra Nagar, Jhunjhunu - RSPCB",13-08-2026 11:00:00,28.108988,75.386577,SO2,2,4,3
India,Rajasthan,Jodhpur,"Jhalamand, Jodhpur - RSPCB",13-08-2026 11:00:00,26.215415,73.070156,CO,11,14,12
India,Rajasthan,Jodhpur,"Collectorate, Jodhpur - RSPCB",13-08-2026 11:00:00,26.268249,73.0193853,PM2.5,13,45,30
India,Nagaland,Kohima,"PWD Junction, Kohima - NPCB",13-08-2026 11:00:00,25.6635413,94.0989878,NH3,0,1,1
India,Nagaland,Kohima,"PWD Junction, Kohima - NPCB",13-08-2026 11:00:00,25.6635413,94.0989878,CO,1,5,4
India,Odisha,Balasore,"Kalidaspur, Balasore - OSPCB",13-08-2026 11:00:00,21.51161,86.89088,NO2,2,18,7
India,Odisha,Balasore,"Kalidaspur, Balasore - OSPCB",13-08-2026 11:00:00,21.51161,86.89088,NH3,3,4,3
India,Odisha,Balasore,"Kalidaspur, Balasore - OSPCB",13-08-2026 11:00:00,21.51161,86.89088,OZONE,26,38,33
India,Odisha,Barbil,"Forest Office, Barbil - OSPCB",13-08-2026 11:00:00,22.1166054,85.3945546,CO,3,19,9
India,Odisha,Barbil,"Forest Office, Barbil - OSPCB",13-08-2026 11:00:00,22.1166054,85.3945546,OZONE,12,31,21
India,Odisha,Bhubaneswar,"Lingraj Mandir, Bhubaneswar - OSPCB",13-08-2026 11:00:00,20.24079,85.836784,PM2.5,12,253,69
India,Odisha,Bhubaneswar,"Lingraj Mandir, Bhubaneswar - OSPCB",13-08-2026 11:00:00,20.24079,85.836784,NH3,2,6,3
India,Odisha,Bhubaneswar,"Lingraj Mandir, Bhubaneswar - OSPCB",13-08-2026 11:00:00,20.24079,85.836784,OZONE,25,26,25
India,Odisha,Bileipada,"Tata Township, Bileipada - OSPCB",13-08-2026 11:00:00,22.06156703,85.47409613,PM2.5,23,96,64
India,Rajasthan,Alwar,"Moti Doongri, Alwar - RSPCB",13-08-2026 11:00:00,27.554793,76.611536,PM2.5,52,132,83
India,Rajasthan,Alwar,"Moti Doongri, Alwar - RSPCB",13-08-2026 11:00:00,27.554793,76.611536,PM10,88,115,99
India,Rajasthan,Alwar,"Moti Doongri, Alwar - RSPCB",13-08-2026 11:00:00,27.554793,76.611536,NO2,38,80,51
India,Rajasthan,Alwar,"Moti Doongri, Alwar - RSPCB",13-08-2026 11:00:00,27.554793,76.611536,OZONE,14,47,27
India,Rajasthan,Alwar,"Vigyan Nagar, Alwar - RSPCB",13-08-2026 11:00:00,27.598796,76.63861,PM2.5,22,85,50
India,Rajasthan,Alwar,"Vigyan Nagar, Alwar - RSPCB",13-08-2026 11:00:00,27.598796,76.63861,SO2,6,8,7
India,Rajasthan,Banswara,"Rati Talai, Banswara - RSPCB",13-08-2026 11:00:00,23.55519,74.44001,PM2.5,28,80,43
India,Rajasthan,Banswara,"Rati Talai, Banswara - RSPCB",13-08-2026 11:00:00,23.55519,74.44001,NO2,16,31,21
India,Rajasthan,Banswara,"Rati Talai, Banswara - RSPCB",13-08-2026 11:00:00,23.55519,74.44001,CO,14,20,16
India,Rajasthan,Bhilwara,"Pratap Nagar, Bhilwara - RSPCB",13-08-2026 11:00:00,25.339605,74.618883,SO2,5,11,9
India,Rajasthan,Bhiwadi,"RIICO Ind. Area III, Bhiwadi - RSPCB",13-08-2026 11:00:00,28.194909,76.862296,NH3,6,24,14
India,Odisha,Byasanagar,"Ferro Chrome Colony, Byasanagar - OSPCB",13-08-2026 11:00:00,20.94185,86.1151,NO2,7,41,18
India,Odisha,Byasanagar,"Ferro Chrome Colony, Byasanagar - OSPCB",13-08-2026 11:00:00,20.94185,86.1151,SO2,5,33,11
India,Odisha,Byasanagar,"Ferro Chrome Colony, Byasanagar - OSPCB",13-08-2026 11:00:00,20.94185,86.1151,OZONE,9,23,14
India,Odisha,Keonjhar,"Jagamohanpur, Keonjhar - OSPCB",13-08-2026 11:00:00,21.6439,85.599355,PM2.5,18,53,31
India,Odisha,Keonjhar,"Jagamohanpur, Keonjhar - OSPCB",13-08-2026 11:00:00,21.6439,85.599355,NO2,13,16,14
India,Odisha,Rairangpur,"Divisional Forest Office, Rairangpur - OSPCB",13-08-2026 11:00:00,22.265816,86.174829,PM10,13,71,41
India,Odisha,Rairangpur,"Divisional Forest Office, Rairangpur - OSPCB",13-08-2026 11:00:00,22.265816,86.174829,NH3,3,3,3
India,Odisha,Rairangpur,"Divisional Forest Office, Rairangpur - OSPCB",13-08-2026 11:00:00,22.265816,86.174829,OZONE,6,12,9
India,Odisha,Rourkela,"Raghunathpali, Rourkela - OSPCB",13-08-2026 11:00:00,22.220833,84.809444,PM2.5,16,92,51
India,Odisha,Rourkela,"Raghunathpali, Rourkela - OSPCB",13-08-2026 11:00:00,22.220833,84.809444,NH3,NA,NA,NA
India,Punjab,Ludhiana,"Punjab Agricultural University, Ludhiana - PPCB",13-08-2026 11:00:00,30.9028,75.8086,OZONE,48,55,51
India,Punjab,Mandi Gobindgarh,"RIMT University, Mandi Gobindgarh - PPCB",13-08-2026 11:00:00,30.649961,76.331442,PM2.5,38,119,75
India,Punjab,Mandi Gobindgarh,"RIMT University, Mandi Gobindgarh - PPCB",13-08-2026 11:00:00,30.649961,76.331442,NH3,5,5,5
India,Punjab,Mandi Gobindgarh,"RIMT University, Mandi Gobindgarh - PPCB",13-08-2026 11:00:00,30.649961,76.331442,OZONE,36,37,37
India,Punjab,Patiala,"Model Town, Patiala - PPCB",13-08-2026 11:00:00,30.349388,76.366642,CO,34,50,42
India,Punjab,Rupnagar,"Ratanpura, Rupnagar - Ambuja Cements",13-08-2026 11:00:00,31.0325454,76.5623046,PM10,8,97,37
India,Rajasthan,Ajmer,"Civil Lines,  Ajmer - RSPCB",13-08-2026 11:00:00,26.470859,74.646594,NH3,5,7,6
India,Rajasthan,Hanumangarh,"Housing Board, Hanumangarh - RSPCB",13-08-2026 11:00:00,29.61075,74.283608,OZONE,27,32,30
India,Rajasthan,Jaipur,"Sector-2 Murlipura, Jaipur - RSPCB",13-08-2026 11:00:00,26.960669,75.771817,PM2.5,17,88,52
India,Rajasthan,Jaipur,"Sector-2 Murlipura, Jaipur - RSPCB",13-08-2026 11:00:00,26.960669,75.771817,PM10,13,75,44
India,Rajasthan,Jaipur,"Police Commissionerate, Jaipur - RSPCB",13-08-2026 11:00:00,26.9164092,75.7994901,SO2,3,32,24
India,Rajasthan,Jaipur,"Adarsh Nagar, Jaipur - RSPCB",13-08-2026 11:00:00,26.902909,75.836858,PM10,32,68,49
India,Rajasthan,Jaipur,"Adarsh Nagar, Jaipur - RSPCB",13-08-2026 11:00:00,26.902909,75.836858,OZONE,16,18,17
India,Rajasthan,Jaipur,"RIICO Sitapura, Jaipur - RSPCB",13-08-2026 11:00:00,26.786682,75.827928,NO2,15,65,32
India,Odisha,Rourkela,"Raghunathpali, Rourkela - OSPCB",13-08-2026 11:00:00,22.220833,84.809444,OZONE,3,3,3
India,Odisha,Rourkela,"Fertilizer Township, Rourkela - OSPCB",13-08-2026 11:00:00,22.18972222,84.86277778,PM10,28,42,32
India,Odisha,Rourkela,"Fertilizer Township, Rourkela - OSPCB",13-08-2026 11:00:00,22.18972222,84.86277778,CO,25,31,29
India,Odisha,Rourkela,"Sector-2, Rourkela - OSPCB",13-08-2026 11:00:00,22.245,84.88111111,PM10,32,32,32
India,Odisha,Tensa,"Barsua Iron Ore Mines, Tensa - OSPCB",13-08-2026 11:00:00,21.869985,85.167016,PM2.5,8,28,17
India,Odisha,Tensa,"Barsua Iron Ore Mines, Tensa - OSPCB",13-08-2026 11:00:00,21.869985,85.167016,NO2,NA,NA,NA
India,Odisha,Tensa,"Barsua Iron Ore Mines, Tensa - OSPCB",13-08-2026 11:00:00,21.869985,85.167016,NH3,NA,NA,NA
India,Odisha,Tensa,"Barsua Iron Ore Mines, Tensa - OSPCB",13-08-2026 11:00:00,21.869985,85.167016,SO2,25,78,37
India,Rajasthan,Bundi,"New Colony, Bundi - RSPCB",13-08-2026 11:00:00,25.435774,75.644272,CO,13,16,15
India,Rajasthan,Churu,"Subash Chowk, Churu - RSPCB",13-08-2026 11:00:00,28.296139,74.961696,PM10,3,116,45
India,Rajasthan,Dausa,"Khatikan Mohalla, Dausa - RSPCB",13-08-2026 11:00:00,26.895552,76.334753,PM2.5,15,65,33
India,Rajasthan,Dausa,"Khatikan Mohalla, Dausa - RSPCB",13-08-2026 11:00:00,26.895552,76.334753,PM10,17,101,53
India,Rajasthan,Dholpur,"Raja Ganj, Dholpur - RSPCB",13-08-2026 11:00:00,26.699557,77.898881,PM10,18,30,21
India,Rajasthan,Dholpur,"Raja Ganj, Dholpur - RSPCB",13-08-2026 11:00:00,26.699557,77.898881,CO,23,30,28
India,Rajasthan,Dungarpur,"Bhoiwada, Dungarpur - RSPCB",13-08-2026 11:00:00,23.837789,73.714926,SO2,5,7,6
India,Punjab,Amritsar,"Golden Temple, Amritsar - PPCB",13-08-2026 11:00:00,31.62,74.876512,PM2.5,59,103,73
India,Punjab,Amritsar,"Golden Temple, Amritsar - PPCB",13-08-2026 11:00:00,31.62,74.876512,NH3,5,6,5
India,Punjab,Amritsar,"Golden Temple, Amritsar - PPCB",13-08-2026 11:00:00,31.62,74.876512,OZONE,10,16,12
India,Punjab,Bathinda,"Hardev Nagar, Bathinda - PPCB",13-08-2026 11:00:00,30.233011,74.907758,PM2.5,10,68,33
India,Punjab,Jalandhar,"Civil Line, Jalandhar - PPCB",13-08-2026 11:00:00,31.321907,75.578914,PM10,43,116,61
India,Punjab,Khanna,"Kalal Majra, Khanna - PPCB",13-08-2026 11:00:00,30.736056,76.209694,NH3,7,7,7
India,Rajasthan,Rajsamand,"Dhoinda, Rajsamand - RSPCB",13-08-2026 11:00:00,25.03636,73.883502,PM10,30,75,47
India,Rajasthan,Sawai Madhopur,"Sahu Nagar, Sawai Madhopur - RSPCB",13-08-2026 11:00:00,26.031443,76.359327,CO,8,13,11
India,Rajasthan,Sikar,"Radhakishan Pura, Sikar - RSPCB",13-08-2026 11:00:00,27.608912,75.153302,PM2.5,13,48,32
India,Rajasthan,Sirohi,"Vedhaynath Colony, Sirohi - RSPCB",13-08-2026 11:00:00,24.885261,72.857549,SO2,1,6,3
India,Rajasthan,Sri Ganganagar,"Old City, Sri Ganganagar - RSPCB",13-08-2026 11:00:00,29.931624,73.864511,PM2.5,17,52,31
India,Rajasthan,Sri Ganganagar,"Old City, Sri Ganganagar - RSPCB",13-08-2026 11:00:00,29.931624,73.864511,NH3,0,10,7
India,Rajasthan,Tonk,"Shastri Nagar, Tonk - RSPCB",13-08-2026 11:00:00,26.159933,75.780517,PM10,32,100,63
India,Rajasthan,Tonk,"Shastri Nagar, Tonk - RSPCB",13-08-2026 11:00:00,26.159933,75.780517,SO2,1,5,2
India,Rajasthan,Tonk,"Shastri Nagar, Tonk - RSPCB",13-08-2026 11:00:00,26.159933,75.780517,OZONE,9,45,25
India,Rajasthan,Udaipur,"Ashok Nagar, Udaipur - RSPCB",13-08-2026 11:00:00,24.5886166,73.6321397,PM2.5,12,79,31
India,Rajasthan,Udaipur,"Ashok Nagar, Udaipur - RSPCB",13-08-2026 11:00:00,24.5886166,73.6321397,OZONE,4,8,6
India,Sikkim,Gangtok,"Zero Point GICI, Gangtok - SSPCB",13-08-2026 11:00:00,27.33853,88.614099,NO2,7,8,8
India,Tamil Nadu,Chennai,"Royapuram, Chennai - TNPCB",13-08-2026 11:00:00,13.1036,80.2909,PM10,50,233,75
India,Tamil Nadu,Cuddalore,"Semmandalam, Cuddalore - TNPCB",13-08-2026 11:00:00,11.7637683,79.7499835,PM10,NA,NA,NA
India,Tamil Nadu,Cuddalore,"Semmandalam, Cuddalore - TNPCB",13-08-2026 11:00:00,11.7637683,79.7499835,SO2,NA,NA,NA
India,Tamil Nadu,Cuddalore,"Kudikadu, Cuddalore - TNPCB",13-08-2026 11:00:00,11.6829898,79.7532099,PM10,NA,NA,NA
India,Tamil Nadu,Gummidipoondi,"Anthoni Pillai Nagar, Gummidipoondi - TNPCB",13-08-2026 11:00:00,13.4127,80.1081,CO,NA,NA,NA
India,Tamil Nadu,Thoothukudi,"Meelavittan, Thoothukudi - TNPCB",13-08-2026 11:00:00,8.816428,78.099039,CO,27,38,33
India,Telangana,Hyderabad,"Zoo Park, Hyderabad - TSPCB",13-08-2026 11:00:00,17.349694,78.451437,PM10,4,24,13
India,Telangana,Hyderabad,"Zoo Park, Hyderabad - TSPCB",13-08-2026 11:00:00,17.349694,78.451437,NO2,6,9,8
India,Telangana,Hyderabad,"Central University, Hyderabad - TSPCB",13-08-2026 11:00:00,17.460103,78.334361,PM10,7,20,11
India,Telangana,Hyderabad,"Central University, Hyderabad - TSPCB",13-08-2026 11:00:00,17.460103,78.334361,OZONE,9,10,10
India,Telangana,Hyderabad,"IITH Kandi, Hyderabad - TSPCB",13-08-2026 11:00:00,17.585705,78.126199,PM2.5,29,51,37
India,Telangana,Hyderabad,"Nacharam_TSIIC IALA, Hyderabad - TSPCB",13-08-2026 11:00:00,17.429398,78.569354,NH3,3,5,3
India,Telangana,Hyderabad,"New Malakpet, Hyderabad - TSPCB",13-08-2026 11:00:00,17.37206,78.50864,PM10,44,49,46
India,Tamil Nadu,Chennai,"Manali Village, Chennai - TNPCB",13-08-2026 11:00:00,13.1662,80.2584,PM10,33,72,53
India,Tamil Nadu,Chennai,"Manali Village, Chennai - TNPCB",13-08-2026 11:00:00,13.1662,80.2584,CO,33,37,35
India,Tamil Nadu,Chennai,"Manali, Chennai - CPCB",13-08-2026 11:00:00,13.164544,80.26285,PM2.5,NA,NA,NA
India,Tamil Nadu,Chennai,"Arumbakkam, Chennai - TNPCB",13-08-2026 11:00:00,13.0664,80.2112,PM2.5,22,88,39
India,Tamil Nadu,Chennai,"Arumbakkam, Chennai - TNPCB",13-08-2026 11:00:00,13.0664,80.2112,NH3,2,3,2
India,Tamil Nadu,Chennai,"Perungudi, Chennai - TNPCB",13-08-2026 11:00:00,12.9533,80.2357,CO,32,38,35
India,Tamil Nadu,Chennai,"Velachery Res. Area, Chennai - CPCB",13-08-2026 11:00:00,13.0052189,80.2398125,NH3,3,3,3
India,Tamil Nadu,Chennai,"Velachery Res. Area, Chennai - CPCB",13-08-2026 11:00:00,13.0052189,80.2398125,CO,NA,NA,NA
India,Tamil Nadu,Chennai,"Kodungaiyur, Chennai - TNPCB",13-08-2026 11:00:00,13.1278,80.2642,OZONE,29,35,31
India,Tamil Nadu,Coimbatore,"SIDCO Kurichi, Coimbatore - TNPCB",13-08-2026 11:00:00,10.942451,76.978996,NO2,22,22,22
India,Tamil Nadu,Coimbatore,"SIDCO Kurichi, Coimbatore - TNPCB",13-08-2026 11:00:00,10.942451,76.978996,NH3,1,1,1
India,Tamil Nadu,Coimbatore,"SIDCO Kurichi, Coimbatore - TNPCB",13-08-2026 11:00:00,10.942451,76.978996,SO2,26,28,27
India,Tamil Nadu,Coimbatore,"SIDCO Kurichi, Coimbatore - TNPCB",13-08-2026 11:00:00,10.942451,76.978996,CO,5,10,7
India,Uttar Pradesh,Agra,"Sector-3B Avas Vikas Colony, Agra - UPPCB",13-08-2026 11:00:00,27.19412,77.96237,CO,13,23,16
India,Uttar Pradesh,Agra,"Sanjay Palace, Agra - UPPCB",13-08-2026 11:00:00,27.19865833,78.00598056,NO2,5,12,9
India,Uttar Pradesh,Baghpat,"Sardar Patel Inter College, Baghpat - UPPCB",13-08-2026 11:00:00,28.964949,77.278761,PM10,91,260,154
India,Uttar Pradesh,Baghpat,"Sardar Patel Inter College, Baghpat - UPPCB",13-08-2026 11:00:00,28.964949,77.278761,NH3,2,4,3
India,Uttar Pradesh,Bareilly,"Civil Lines, Bareilly - UPPCB",13-08-2026 11:00:00,28.359581,79.414455,CO,26,36,30
India,Uttar Pradesh,Bareilly,"Civil Lines, Bareilly - UPPCB",13-08-2026 11:00:00,28.359581,79.414455,OZONE,NA,NA,NA
India,Uttar Pradesh,Bareilly,"Rajendra Nagar, Bareilly - UPPCB",13-08-2026 11:00:00,28.38910936,79.42963708,PM2.5,34,73,48
India,Uttar Pradesh,Bareilly,"Rajendra Nagar, Bareilly - UPPCB",13-08-2026 11:00:00,28.38910936,79.42963708,NH3,1,5,1
India,Uttar Pradesh,Bareilly,"Rajendra Nagar, Bareilly - UPPCB",13-08-2026 11:00:00,28.38910936,79.42963708,CO,25,27,26
India,Telangana,Hyderabad,"New Malakpet, Hyderabad - TSPCB",13-08-2026 11:00:00,17.37206,78.50864,OZONE,14,18,16
India,Telangana,Hyderabad,"Kokapet, Hyderabad - TSPCB",13-08-2026 11:00:00,17.393559,78.339194,NO2,10,15,12
India,Telangana,Hyderabad,"Kokapet, Hyderabad - TSPCB",13-08-2026 11:00:00,17.393559,78.339194,SO2,5,11,7
India,Telangana,Hyderabad,"ICRISAT Patancheru, Hyderabad - TSPCB",13-08-2026 11:00:00,17.5184,78.278777,PM10,6,41,25
India,Telangana,Hyderabad,"ICRISAT Patancheru, Hyderabad - TSPCB",13-08-2026 11:00:00,17.5184,78.278777,SO2,4,14,9
India,Telangana,Hyderabad,"Sanathnagar, Hyderabad - TSPCB",13-08-2026 11:00:00,17.4559458,78.4332152,NO2,28,34,31
India,Telangana,Hyderabad,"Sanathnagar, Hyderabad - TSPCB",13-08-2026 11:00:00,17.4559458,78.4332152,SO2,1,10,5
India,Telangana,Hyderabad,"Sanathnagar, Hyderabad - TSPCB",13-08-2026 11:00:00,17.4559458,78.4332152,CO,25,38,33
India,Telangana,Hyderabad,"IDA Pashamylaram, Hyderabad - TSPCB",13-08-2026 11:00:00,17.5316895,78.218939,NO2,4,57,23
India,Telangana,Hyderabad,"IDA Pashamylaram, Hyderabad - TSPCB",13-08-2026 11:00:00,17.5316895,78.218939,CO,1,20,11
India,Rajasthan,Jodhpur,"Samrat Ashok Udhyan, Jodhpur - RSPCB",13-08-2026 11:00:00,26.253384,72.976571,PM10,19,66,41
India,Rajasthan,Jodhpur,"Samrat Ashok Udhyan, Jodhpur - RSPCB",13-08-2026 11:00:00,26.253384,72.976571,NO2,2,8,4
India,Rajasthan,Jodhpur,"Samrat Ashok Udhyan, Jodhpur - RSPCB",13-08-2026 11:00:00,26.253384,72.976571,CO,8,13,11
India,Rajasthan,Jodhpur,"Digari Kalan, Jodhpur - RSPCB",13-08-2026 11:00:00,26.29581,73.082283,PM2.5,12,45,27
India,Rajasthan,Jodhpur,"Digari Kalan, Jodhpur - RSPCB",13-08-2026 11:00:00,26.29581,73.082283,PM10,17,61,39
India,Rajasthan,Karauli,"Satyawati Vihar, Karauli - RSPCB",13-08-2026 11:00:00,26.506177,77.025989,PM10,9,63,23
India,Rajasthan,Karauli,"Satyawati Vihar, Karauli - RSPCB",13-08-2026 11:00:00,26.506177,77.025989,NO2,30,57,46
India,Rajasthan,Karauli,"Satyawati Vihar, Karauli - RSPCB",13-08-2026 11:00:00,26.506177,77.025989,CO,7,18,12
India,Rajasthan,Kota,"Nayapura, Kota - RSPCB",13-08-2026 11:00:00,25.196024,75.855668,PM2.5,15,68,38
India,Rajasthan,Kota,"Nayapura, Kota - RSPCB",13-08-2026 11:00:00,25.196024,75.855668,NH3,5,6,6
India,Telangana,Hyderabad,"Ramachandrapuram, Hyderabad - TSPCB",13-08-2026 11:00:00,17.528544,78.286195,NO2,10,16,12
India,Telangana,Hyderabad,"Ramachandrapuram, Hyderabad - TSPCB",13-08-2026 11:00:00,17.528544,78.286195,CO,31,36,34
India,Tripura,Agartala,"Bardowali, Agartala - Tripura SPCB",13-08-2026 11:00:00,23.8175497,91.2726974,PM2.5,5,42,25
India,Tripura,Agartala,"Bardowali, Agartala - Tripura SPCB",13-08-2026 11:00:00,23.8175497,91.2726974,NH3,NA,NA,NA
India,Uttar Pradesh,Agra,"Shahjahan Garden, Agra - UPPCB",13-08-2026 11:00:00,27.169338,78.03582,OZONE,NA,NA,NA
India,Uttar Pradesh,Agra,"Rohta, Agra - UPPCB",13-08-2026 11:00:00,27.106972,78.000111,PM2.5,18,57,33
India,Rajasthan,Kota,"Dhanmandi, Kota - RSPCB",13-08-2026 11:00:00,25.16409,75.858137,SO2,5,9,7
India,Rajasthan,Nagaur,"Karni Colony, Nagaur - RSPCB",13-08-2026 11:00:00,27.213494,73.734444,SO2,1,7,4
India,Rajasthan,Pali,"Indira Colony Vistar, Pali - RSPCB",13-08-2026 11:00:00,25.771061,73.340227,NO2,12,26,18
India,Rajasthan,Pali,"Indira Colony Vistar, Pali - RSPCB",13-08-2026 11:00:00,25.771061,73.340227,CO,14,35,26
India,Rajasthan,Pratapgarh,"Pragati Nagar, Pratapgarh - RSPCB",13-08-2026 11:00:00,24.041198,74.780702,NO2,3,10,6
India,Uttar Pradesh,Agra,"Rohta, Agra - UPPCB",13-08-2026 11:00:00,27.106972,78.000111,CO,20,32,26
India,Uttar Pradesh,Agra,"Shastripuram, Agra - UPPCB",13-08-2026 11:00:00,27.19862,77.92066,SO2,16,34,22
India,Uttar Pradesh,Agra,"Manoharpur, Agra - UPPCB",13-08-2026 11:00:00,27.23711,78.01936,PM2.5,82,114,97
India,Uttar Pradesh,Agra,"Sector-3B Avas Vikas Colony, Agra - UPPCB",13-08-2026 11:00:00,27.19412,77.96237,PM2.5,27,58,41
India,Uttar Pradesh,Bulandshahr,"Yamunapuram, Bulandshahr - UPPCB",13-08-2026 11:00:00,28.406963,77.849831,NO2,13,48,25
India,Uttar Pradesh,Bulandshahr,"Yamunapuram, Bulandshahr - UPPCB",13-08-2026 11:00:00,28.406963,77.849831,CO,29,43,35
India,Uttar Pradesh,Fatehpur Sikri,"Dadupura, Fatehpur Sikri - UPPCB",13-08-2026 11:00:00,27.097694,77.671335,NO2,NA,NA,NA
India,Uttar Pradesh,Fatehpur Sikri,"Dadupura, Fatehpur Sikri - UPPCB",13-08-2026 11:00:00,27.097694,77.671335,SO2,NA,NA,NA
India,Uttar Pradesh,Fatehpur Sikri,"Dadupura, Fatehpur Sikri - UPPCB",13-08-2026 11:00:00,27.097694,77.671335,CO,18,19,18
India,Uttar Pradesh,Fatehpur Sikri,"Dadupura, Fatehpur Sikri - UPPCB",13-08-2026 11:00:00,27.097694,77.671335,OZONE,11,24,18
India,Uttar Pradesh,Firozabad,"Nagla Bhau, Firozabad - UPPCB",13-08-2026 11:00:00,27.168897,78.37696,PM10,7,83,33
India,Uttar Pradesh,Firozabad,"Nagla Bhau, Firozabad - UPPCB",13-08-2026 11:00:00,27.168897,78.37696,NO2,17,17,17
India,Uttar Pradesh,Firozabad,"Nagla Bhau, Firozabad - UPPCB",13-08-2026 11:00:00,27.168897,78.37696,CO,24,41,29
India,Uttar Pradesh,Firozabad,"Vibhab Nagar, Firozabad - UPPCB",13-08-2026 11:00:00,27.1594,78.3953,OZONE,1,1,1
India,Uttar Pradesh,Gajraula,"Rajanpur, Gajraula - UPPCB",13-08-2026 11:00:00,28.829109,78.248796,NH3,0,3,1
India,Uttar Pradesh,Ghaziabad,"Ved Vihar-Loni, Ghaziabad - UPPCB",13-08-2026 11:00:00,28.739153,77.273668,NO2,16,65,33
India,Uttar Pradesh,Ghaziabad,"Ved Vihar-Loni, Ghaziabad - UPPCB",13-08-2026 11:00:00,28.739153,77.273668,NH3,4,28,11
India,Uttar Pradesh,Ghaziabad,"Wave City, Ghaziabad - UPPCB",13-08-2026 11:00:00,28.646675,77.489049,NH3,NA,NA,NA
India,Uttar Pradesh,Ghaziabad,"Wave City, Ghaziabad - UPPCB",13-08-2026 11:00:00,28.646675,77.489049,SO2,1,4,3
India,Uttar Pradesh,Ghaziabad,"Loni, Ghaziabad - UPPCB",13-08-2026 11:00:00,28.757294,77.278792,OZONE,18,37,25
India,Uttar Pradesh,Ghaziabad,"Sanjay Nagar, Ghaziabad - UPPCB",13-08-2026 11:00:00,28.685382,77.453839,PM10,34,180,107
India,Uttar Pradesh,Ghaziabad,"Sanjay Nagar, Ghaziabad - UPPCB",13-08-2026 11:00:00,28.685382,77.453839,NH3,4,8,7
India,Uttar Pradesh,Moradabad,"Eco Herbal Park, Moradabad - UPPCB",13-08-2026 11:00:00,28.840739,78.697531,NO2,15,29,22
India,Uttar Pradesh,Moradabad,"Eco Herbal Park, Moradabad - UPPCB",13-08-2026 11:00:00,28.840739,78.697531,CO,18,28,25
India,Uttar Pradesh,Moradabad,"Employment Office, Moradabad - UPPCB",13-08-2026 11:00:00,28.88528,78.7388,PM2.5,27,75,52
India,Uttar Pradesh,Moradabad,"Employment Office, Moradabad - UPPCB",13-08-2026 11:00:00,28.88528,78.7388,SO2,31,33,32
India,Uttar Pradesh,Moradabad,"Transport Nagar, Moradabad - UPPCB",13-08-2026 11:00:00,28.802625,78.753728,NH3,5,5,5
India,Uttar Pradesh,Moradabad,"Transport Nagar, Moradabad - UPPCB",13-08-2026 11:00:00,28.802625,78.753728,SO2,23,25,24
India,Uttar Pradesh,Moradabad,"Transport Nagar, Moradabad - UPPCB",13-08-2026 11:00:00,28.802625,78.753728,OZONE,21,22,22
India,Uttar Pradesh,Moradabad,"Jigar Colony, Moradabad - UPPCB",13-08-2026 11:00:00,28.856664,78.772638,NO2,25,25,25
India,Uttar Pradesh,Muzaffarnagar,"New Mandi, Muzaffarnagar - UPPCB",13-08-2026 11:00:00,29.4723508,77.7194031,PM10,24,119,69
India,Uttar Pradesh,Muzaffarnagar,"New Mandi, Muzaffarnagar - UPPCB",13-08-2026 11:00:00,29.4723508,77.7194031,NO2,13,42,27
India,Uttar Pradesh,Muzaffarnagar,"New Mandi, Muzaffarnagar - UPPCB",13-08-2026 11:00:00,29.4723508,77.7194031,OZONE,11,35,18
India,Uttar Pradesh,Noida,"Sector-116, Noida - UPPCB",13-08-2026 11:00:00,28.56923,77.393848,PM10,95,182,127
India,Uttar Pradesh,Kanpur,"NSI Kalyanpur, Kanpur - UPPCB",13-08-2026 11:00:00,26.509954,80.249612,OZONE,20,21,21
India,Uttar Pradesh,Kanpur,"Nehru Nagar, Kanpur - UPPCB",13-08-2026 11:00:00,26.4703136,80.3229863,SO2,10,12,11
India,Uttar Pradesh,Kanpur,"FTI Kidwai Nagar, Kanpur - UPPCB",13-08-2026 11:00:00,26.428282,80.327067,PM2.5,22,327,82
India,Uttar Pradesh,Kanpur,"FTI Kidwai Nagar, Kanpur - UPPCB",13-08-2026 11:00:00,26.428282,80.327067,PM10,26,260,84
India,Uttar Pradesh,Kanpur,"FTI Kidwai Nagar, Kanpur - UPPCB",13-08-2026 11:00:00,26.428282,80.327067,SO2,19,49,29
India,Uttar Pradesh,Khurja,"Kalindi Kunj, Khurja - UPPCB",13-08-2026 11:00:00,28.2348927,77.8683002,SO2,10,10,10
India,Uttar Pradesh,Lucknow,"B R Ambedkar University, Lucknow - UPPCB",13-08-2026 11:00:00,26.766433,80.927299,SO2,34,45,37
India,Uttar Pradesh,Lucknow,"Kendriya Vidyalaya, Lucknow - CPCB",13-08-2026 11:00:00,26.906111,80.948222,PM10,47,77,60
India,Uttar Pradesh,Lucknow,"Kendriya Vidyalaya, Lucknow - CPCB",13-08-2026 11:00:00,26.906111,80.948222,SO2,3,16,9
India,Uttar Pradesh,Lucknow,"Gomti Nagar, Lucknow - UPPCB",13-08-2026 11:00:00,26.86812,81.005119,PM2.5,37,85,54
India,Uttar Pradesh,Lucknow,"Gomti Nagar, Lucknow - UPPCB",13-08-2026 11:00:00,26.86812,81.005119,NO2,10,11,10
India,Uttar Pradesh,Ghaziabad,"Indirapuram, Ghaziabad - UPPCB",13-08-2026 11:00:00,28.646233,77.358075,PM2.5,25,163,72
India,Uttar Pradesh,Gorakhpur,"Madan Mohan Malaviya University of Technology, Gorakhpur - UPPCB",13-08-2026 11:00:00,26.730136,83.433859,CO,5,6,6
India,Uttar Pradesh,Gorakhpur,"Madan Mohan Malaviya University of Technology, Gorakhpur - UPPCB",13-08-2026 11:00:00,26.730136,83.433859,OZONE,30,44,38
India,Uttar Pradesh,Greater Noida,"Knowledge Park - III, Greater Noida - UPPCB",13-08-2026 11:00:00,28.47272,77.482,PM10,98,439,173
India,Uttar Pradesh,Greater Noida,"Knowledge Park - III, Greater Noida - UPPCB",13-08-2026 11:00:00,28.47272,77.482,NO2,12,55,24
India,Uttar Pradesh,Greater Noida,"Knowledge Park - V, Greater Noida - UPPCB",13-08-2026 11:00:00,28.557054,77.453663,NH3,6,10,8
India,Uttar Pradesh,Greater Noida,"Knowledge Park - V, Greater Noida - UPPCB",13-08-2026 11:00:00,28.557054,77.453663,CO,3,14,8
India,Uttar Pradesh,Hapur,"Anand Vihar, Hapur - UPPCB",13-08-2026 11:00:00,28.725645,77.749675,NO2,11,41,24
India,Uttar Pradesh,Hapur,"Anand Vihar, Hapur - UPPCB",13-08-2026 11:00:00,28.725645,77.749675,OZONE,15,24,18
India,Uttar Pradesh,Jhansi,"Shivaji Nagar, Jhansi - UPPCB",13-08-2026 11:00:00,25.4547,78.6039,SO2,20,31,24
India,Uttar Pradesh,Lucknow,"Kukrail Picnic Spot-1, Lucknow - UPPCB",13-08-2026 11:00:00,26.90723,80.98579,NH3,6,6,6
India,Uttar Pradesh,Mathura,"Pali Dungra, Mathura - UPPCB",13-08-2026 11:00:00,27.410954,77.550619,SO2,3,5,4
India,Uttar Pradesh,Meerut,"Jai Bhim Nagar, Meerut - UPPCB",13-08-2026 11:00:00,28.9535882,77.7622941,PM10,38,140,94
India,Uttar Pradesh,Meerut,"Ganga Nagar, Meerut - UPPCB",13-08-2026 11:00:00,28.999264,77.7590354,SO2,21,35,25
India,Uttar Pradesh,Meerut,"Pallavpuram Phase 2, Meerut - UPPCB",13-08-2026 11:00:00,29.06351,77.709723,PM2.5,61,281,129
India,Uttar Pradesh,Meerut,"Pallavpuram Phase 2, Meerut - UPPCB",13-08-2026 11:00:00,29.06351,77.709723,NO2,24,82,39
India,Uttar Pradesh,Moradabad,"Kashiram Nagar, Moradabad - UPPCB",13-08-2026 11:00:00,28.849399,78.742362,PM10,25,83,55
India,Uttar Pradesh,Moradabad,"Buddhi Vihar, Moradabad - UPPCB",13-08-2026 11:00:00,28.83526,78.7446,PM2.5,5,64,28
India,Uttar Pradesh,Moradabad,"Buddhi Vihar, Moradabad - UPPCB",13-08-2026 11:00:00,28.83526,78.7446,PM10,22,86,50
India,Uttar Pradesh,Moradabad,"Buddhi Vihar, Moradabad - UPPCB",13-08-2026 11:00:00,28.83526,78.7446,SO2,50,52,51
India,Uttar Pradesh,Raebareli," Indira Nagar, Raebareli - NTPC Unchahar",13-08-2026 11:00:00,26.207781,81.245571,NH3,7,12,9
India,Uttar Pradesh,Raebareli," Indira Nagar, Raebareli - NTPC Unchahar",13-08-2026 11:00:00,26.207781,81.245571,SO2,NA,NA,NA
India,Uttar Pradesh,Raebareli," Indira Nagar, Raebareli - NTPC Unchahar",13-08-2026 11:00:00,26.207781,81.245571,CO,45,50,47
India,Uttar Pradesh,Raebareli," Indira Nagar, Raebareli - NTPC Unchahar",13-08-2026 11:00:00,26.207781,81.245571,OZONE,8,16,11
India,Uttar Pradesh,Shamli,"New Tehsil, Shamli - UPPCB",13-08-2026 11:00:00,29.4603683,77.3410291,CO,1,127,74
India,Uttar Pradesh,Shamli,"New Tehsil, Shamli - UPPCB",13-08-2026 11:00:00,29.4603683,77.3410291,OZONE,34,36,35
India,Uttar Pradesh,Varanasi,"Maldahiya, Varanasi - UPPCB",13-08-2026 11:00:00,25.32393,82.99687,PM2.5,15,132,43
India,Uttar Pradesh,Varanasi,"Maldahiya, Varanasi - UPPCB",13-08-2026 11:00:00,25.32393,82.99687,PM10,37,123,78
India,Uttar Pradesh,Varanasi,"Bhelupur, Varanasi - UPPCB",13-08-2026 11:00:00,25.301778,82.996789,SO2,35,36,36
India,Uttar Pradesh,Vrindavan,"Omex Eternity, Vrindavan - UPPCB",13-08-2026 11:00:00,27.571409,77.655757,PM10,15,64,40
India,Uttarakhand,Kashipur,"Govt. Girls Inter College, Kashipur - UKPCB",13-08-2026 11:00:00,29.2124114,78.9611753,PM2.5,22,52,37
India,Uttarakhand,Kashipur,"Govt. Girls Inter College, Kashipur - UKPCB",13-08-2026 11:00:00,29.2124114,78.9611753,PM10,22,52,37
India,Uttarakhand,Kashipur,"Govt. Girls Inter College, Kashipur - UKPCB",13-08-2026 11:00:00,29.2124114,78.9611753,NH3,4,16,8
India,Uttarakhand,Kashipur,"Govt. Girls Inter College, Kashipur - UKPCB",13-08-2026 11:00:00,29.2124114,78.9611753,OZONE,4,5,5
India,Uttarakhand,Rishikesh,"Shivaji Nagar, Rishikesh - UKPCB",13-08-2026 11:00:00,30.075911,78.2859547,PM2.5,2,2,2
India,Uttarakhand,Rishikesh,"Shivaji Nagar, Rishikesh - UKPCB",13-08-2026 11:00:00,30.075911,78.2859547,PM10,3,3,3
India,Uttarakhand,Rishikesh,"Shivaji Nagar, Rishikesh - UKPCB",13-08-2026 11:00:00,30.075911,78.2859547,SO2,1,1,1
India,Uttar Pradesh,Prayagraj,"Nagar Nigam, Prayagraj - UPPCB",13-08-2026 11:00:00,25.44919916,81.82735986,NH3,6,15,9
India,Uttar Pradesh,Prayagraj,"Motilal Nehru NIT, Prayagraj - UPPCB",13-08-2026 11:00:00,25.494,81.863,CO,5,20,14
India,Uttar Pradesh,Raebareli,"Anand Nagar, Raebareli - UPPCB",13-08-2026 11:00:00,26.219512,81.237648,PM2.5,18,268,105
India,Uttar Pradesh,Raebareli,"Anand Nagar, Raebareli - UPPCB",13-08-2026 11:00:00,26.219512,81.237648,NO2,5,18,8
India,Uttar Pradesh,Noida,"Sector-1, Noida - UPPCB",13-08-2026 11:00:00,28.5898,77.3101,CO,79,79,79
India,Uttar Pradesh,Noida,"Sector - 125, Noida - UPPCB",13-08-2026 11:00:00,28.5447608,77.3231257,OZONE,18,20,19
India,Uttar Pradesh,Prayagraj,"Jhunsi, Prayagraj - UPPCB",13-08-2026 11:00:00,25.425602,81.917152,PM10,28,118,73
India,Uttar Pradesh,Prayagraj,"Jhunsi, Prayagraj - UPPCB",13-08-2026 11:00:00,25.425602,81.917152,CO,11,21,15
India,Uttarakhand,Rishikesh,"Shivaji Nagar, Rishikesh - UKPCB",13-08-2026 11:00:00,30.075911,78.2859547,OZONE,6,6,6
India,West Bengal,Asansol,"Evelyn Lodge, Asansol - WBPCB",13-08-2026 11:00:00,23.697936,86.944395,PM10,20,76,41
India,West Bengal,Asansol,"Evelyn Lodge, Asansol - WBPCB",13-08-2026 11:00:00,23.697936,86.944395,NO2,8,22,14
India,West Bengal,Asansol,"Mahabir Colliery, Asansol - WBPCB",13-08-2026 11:00:00,23.618183,87.105718,NO2,2,9,2
India,West Bengal,Asansol,"Mahabir Colliery, Asansol - WBPCB",13-08-2026 11:00:00,23.618183,87.105718,NH3,0,2,0
India,West Bengal,Asansol,"Mahabir Colliery, Asansol - WBPCB",13-08-2026 11:00:00,23.618183,87.105718,SO2,4,15,11
India,West Bengal,Asansol,"Asansol Court Area, Asansol - WBPCB",13-08-2026 11:00:00,23.685297,86.945968,PM2.5,17,68,41
India,West Bengal,Asansol,"Asansol Court Area, Asansol - WBPCB",13-08-2026 11:00:00,23.685297,86.945968,NO2,29,44,35
India,West Bengal,Barrackpore,"SVSPA Campus, Barrackpore - WBPCB",13-08-2026 11:00:00,22.7605581,88.3617589,NH3,5,8,7
India,West Bengal,Durgapur,"Womens College_City Center, Durgapur - WBPCB",13-08-2026 11:00:00,23.549395,87.300496,NO2,16,31,22
India,West Bengal,Durgapur,"Womens College_City Center, Durgapur - WBPCB",13-08-2026 11:00:00,23.549395,87.300496,SO2,12,12,12
India,West Bengal,Durgapur,"Womens College_City Center, Durgapur - WBPCB",13-08-2026 11:00:00,23.549395,87.300496,CO,14,21,18
India,West Bengal,Durgapur,"Womens College_City Center, Durgapur - WBPCB",13-08-2026 11:00:00,23.549395,87.300496,OZONE,11,17,14
India,West Bengal,Durgapur,"Mahishkapur Road_B-Zone, Durgapur - WBPCB",13-08-2026 11:00:00,23.567923,87.306843,SO2,2,5,3
India,West Bengal,Durgapur,"Mahishkapur Road_B-Zone, Durgapur - WBPCB",13-08-2026 11:00:00,23.567923,87.306843,OZONE,25,37,29
India,West Bengal,Haldia,"Priyambada Housing Estate, Haldia - WBPCB",13-08-2026 11:00:00,22.06047,88.109737,CO,24,28,26
India,West Bengal,Howrah,"Ghusuri, Howrah - WBPCB",13-08-2026 11:00:00,22.611968,88.347422,NH3,3,7,4
India,West Bengal,Howrah,"Dasnagar, Howrah - WBPCB",13-08-2026 11:00:00,22.6025571,88.3105664,PM2.5,5,106,46
India,West Bengal,Howrah,"Dasnagar, Howrah - WBPCB",13-08-2026 11:00:00,22.6025571,88.3105664,OZONE,22,32,26
India,West Bengal,Howrah,"Botanical Garden, Howrah - WBPCB",13-08-2026 11:00:00,22.554954,88.292568,PM2.5,9,69,38
India,West Bengal,Kolkata,"Bidhannagar, Kolkata - WBPCB",13-08-2026 11:00:00,22.58157048,88.41002457,OZONE,24,29,26
India,West Bengal,Kolkata,"Victoria, Kolkata - WBPCB",13-08-2026 11:00:00,22.5448082,88.3403691,NO2,22,27,24
India,West Bengal,Kolkata,"Victoria, Kolkata - WBPCB",13-08-2026 11:00:00,22.5448082,88.3403691,SO2,11,22,18
India,West Bengal,Kolkata,"Victoria, Kolkata - WBPCB",13-08-2026 11:00:00,22.5448082,88.3403691,CO,33,44,39
India,West Bengal,Kolkata,"Fort William, Kolkata - WBPCB",13-08-2026 11:00:00,22.55664,88.342674,PM2.5,18,72,46
India,West Bengal,Kolkata,"Fort William, Kolkata - WBPCB",13-08-2026 11:00:00,22.55664,88.342674,NO2,16,29,21
India,West Bengal,Kolkata,"Rabindra Bharati University, Kolkata - WBPCB",13-08-2026 11:00:00,22.627847,88.380669,SO2,7,10,9
India,West Bengal,Kolkata,"Rabindra Bharati University, Kolkata - WBPCB",13-08-2026 11:00:00,22.627847,88.380669,OZONE,19,86,38
India,West Bengal,Kolkata,"Ballygunge, Kolkata - WBPCB",13-08-2026 11:00:00,22.5367507,88.3638022,PM2.5,23,72,41
India,West Bengal,Siliguri,"Ward-32 Bapupara, Siliguri - WBPCB",13-08-2026 11:00:00,26.6879226,88.4152495,NH3,14,16,15
India,West Bengal,Siliguri,"Ward-32 Bapupara, Siliguri - WBPCB",13-08-2026 11:00:00,26.6879226,88.4152495,SO2,12,14,13
India,Assam,Guwahati,"Pan Bazaar, Guwahati - PCBA",13-08-2026 11:00:00,26.1875,91.744194,PM10,NA,NA,NA
India,Assam,Guwahati,"Pan Bazaar, Guwahati - PCBA",13-08-2026 11:00:00,26.1875,91.744194,SO2,25,28,27
India,Assam,Guwahati,"LGBI Airport, Guwahati - PCBA",13-08-2026 11:00:00,26.10887,91.589544,NH3,2,51,8
India,Assam,Guwahati,"LGBI Airport, Guwahati - PCBA",13-08-2026 11:00:00,26.10887,91.589544,CO,17,29,24
India,Assam,Guwahati,"IITG, Guwahati - PCBA",13-08-2026 11:00:00,26.2028636,91.70046436,NO2,0,2,1
India,Assam,Guwahati,"IITG, Guwahati - PCBA",13-08-2026 11:00:00,26.2028636,91.70046436,CO,75,80,77
India,Assam,Nagaon,"Christianpatty, Nagaon - PCBA",13-08-2026 11:00:00,26.349082,92.68449,PM10,32,60,43
India,Assam,Nagaon,"Christianpatty, Nagaon - PCBA",13-08-2026 11:00:00,26.349082,92.68449,OZONE,8,11,10
India,Assam,Silchar,"Tarapur, Silchar - PCBA",13-08-2026 11:00:00,24.82827,92.79525,NO2,15,21,19
India,Assam,Sivasagar,"Girls College, Sivasagar - PCBA",13-08-2026 11:00:00,26.987634,94.636574,PM2.5,17,25,19
India,Bihar,Araria,"Kharahiya Basti, Araria - BSPCB",13-08-2026 11:00:00,26.146529,87.454184,NO2,11,20,15
India,Bihar,Araria,"Kharahiya Basti, Araria - BSPCB",13-08-2026 11:00:00,26.146529,87.454184,NH3,4,6,4
India,Bihar,Araria,"Kharahiya Basti, Araria - BSPCB",13-08-2026 11:00:00,26.146529,87.454184,OZONE,37,55,41
India,Bihar,Arrah,"New DM Office, Arrah - BSPCB",13-08-2026 11:00:00,25.5626095,84.663264,PM2.5,33,62,37
India,Bihar,Arrah,"New DM Office, Arrah - BSPCB",13-08-2026 11:00:00,25.5626095,84.663264,NO2,5,9,7
India,Bihar,Motihari,"Gandak Colony, Motihari - BSPCB",13-08-2026 11:00:00,26.63086,84.90051,SO2,2,3,3
India,Bihar,Munger,"Town Hall, Munger - BSPCB",13-08-2026 11:00:00,25.376776,86.471523,SO2,41,47,44
India,Bihar,Munger,"Town Hall, Munger - BSPCB",13-08-2026 11:00:00,25.376776,86.471523,CO,21,22,22
India,Bihar,Muzaffarpur,"Buddha Colony, Muzaffarpur - BSPCB",13-08-2026 11:00:00,26.11442,85.39813,NO2,24,37,30
India,Bihar,Muzaffarpur,"MIT-Daudpur Kothi, Muzaffarpur - BSPCB",13-08-2026 11:00:00,26.1403345,85.3650192,CO,10,31,16
India,Bihar,Patna,"Samanpura, Patna - BSPCB",13-08-2026 11:00:00,25.596727,85.085624,OZONE,22,23,23
India,Bihar,Patna,"Muradpur, Patna - BSPCB",13-08-2026 11:00:00,25.619651,85.147382,PM10,49,116,87
India,Bihar,Patna,"Muradpur, Patna - BSPCB",13-08-2026 11:00:00,25.619651,85.147382,SO2,8,10,9
India,Bihar,Patna,"Muradpur, Patna - BSPCB",13-08-2026 11:00:00,25.619651,85.147382,CO,46,57,51
India,Bihar,Patna,"Govt. High School Shikarpur, Patna - BSPCB",13-08-2026 11:00:00,25.592539,85.227158,PM2.5,38,46,43
India,Bihar,Patna,"Govt. High School Shikarpur, Patna - BSPCB",13-08-2026 11:00:00,25.592539,85.227158,NH3,6,7,6
India,Andhra Pradesh,Kakinada,"Rama Rao Peta, Kakinada - APPCB",13-08-2026 11:00:00,16.962488,82.229513,SO2,10,13,11
India,Andhra Pradesh,Kakinada,"Rama Rao Peta, Kakinada - APPCB",13-08-2026 11:00:00,16.962488,82.229513,OZONE,8,30,17
India,Andhra Pradesh,Kurnool,"Sita Rama Nagar, Kurnool - APPCB",13-08-2026 11:00:00,15.83411,78.028546,PM2.5,24,50,33
India,Andhra Pradesh,Nellore,"Ambedkar Nagar, Nellore - APPCB ",13-08-2026 11:00:00,14.438164,79.966814,PM2.5,50,66,56
India,Andhra Pradesh,Rajamahendravaram,"Anand Kala Kshetram, Rajamahendravaram - APPCB",13-08-2026 11:00:00,16.9872867,81.7363176,SO2,4,6,5
India,Andhra Pradesh,Rajamahendravaram,"Anand Kala Kshetram, Rajamahendravaram - APPCB",13-08-2026 11:00:00,16.9872867,81.7363176,CO,11,18,16
India,Andhra Pradesh,Srikakulam,"Chinna Bharatham Colony, Srikakulam - APPCB",13-08-2026 11:00:00,18.292191,83.897173,PM2.5,26,60,41
India,Andhra Pradesh,Srikakulam,"Chinna Bharatham Colony, Srikakulam - APPCB",13-08-2026 11:00:00,18.292191,83.897173,NO2,17,43,31
India,Andhra Pradesh,Srikakulam,"Chinna Bharatham Colony, Srikakulam - APPCB",13-08-2026 11:00:00,18.292191,83.897173,CO,59,78,68
India,Bihar,Gaya,"SFTI Kusdihra, Gaya - BSPCB",13-08-2026 11:00:00,24.762518,84.982348,SO2,8,11,9
India,Bihar,Gaya,"SFTI Kusdihra, Gaya - BSPCB",13-08-2026 11:00:00,24.762518,84.982348,CO,19,31,25
India,Bihar,Gaya,"SFTI Kusdihra, Gaya - BSPCB",13-08-2026 11:00:00,24.762518,84.982348,OZONE,5,33,15
India,Bihar,Hajipur,"Industrial Area, Hajipur - BSPCB",13-08-2026 11:00:00,25.697189,85.2459,PM10,34,59,45
India,Bihar,Kishanganj,"SDM Office_Khagra, Kishanganj - BSPCB",13-08-2026 11:00:00,26.0881305,87.93840336,PM10,31,55,40
India,Bihar,Kishanganj,"SDM Office_Khagra, Kishanganj - BSPCB",13-08-2026 11:00:00,26.0881305,87.93840336,NO2,7,8,8
India,Bihar,Kishanganj,"SDM Office_Khagra, Kishanganj - BSPCB",13-08-2026 11:00:00,26.0881305,87.93840336,NH3,3,3,3
India,Bihar,Kishanganj,"SDM Office_Khagra, Kishanganj - BSPCB",13-08-2026 11:00:00,26.0881305,87.93840336,CO,14,16,14
India,Bihar,Manguraha,"Forest Rest House, Manguraha - BSPCB",13-08-2026 11:00:00,27.308328,84.531742,SO2,14,48,18
India,Bihar,Manguraha,"Forest Rest House, Manguraha - BSPCB",13-08-2026 11:00:00,27.308328,84.531742,CO,16,95,39
India,Bihar,Purnia,"Mariam Nagar, Purnia - BSPCB",13-08-2026 11:00:00,25.366336,87.117468,SO2,16,17,17
India,Bihar,Samastipur,"DM Office_Kasipur, Samastipur - BSPCB",13-08-2026 11:00:00,25.859655,85.77944,PM2.5,57,435,152
India,Bihar,Samastipur,"DM Office_Kasipur, Samastipur - BSPCB",13-08-2026 11:00:00,25.859655,85.77944,OZONE,6,7,6
India,Bihar,Sasaram,"Dada Peer, Sasaram - BSPCB",13-08-2026 11:00:00,24.952822,84.002396,CO,1,12,7
India,Bihar,Siwan,"Chitragupta Nagar, Siwan - BSPCB",13-08-2026 11:00:00,26.2271665,84.3570427,OZONE,6,7,7
India,Chandigarh,Chandigarh,"Sector 22, Chandigarh - CPCC",13-08-2026 11:00:00,30.735567,76.775714,PM2.5,13,60,31
India,Chandigarh,Chandigarh,"Sector 22, Chandigarh - CPCC",13-08-2026 11:00:00,30.735567,76.775714,NH3,6,26,14
India,Chandigarh,Chandigarh,"Sector-25, Chandigarh - CPCC",13-08-2026 11:00:00,30.751462,76.762879,NH3,8,10,9
India,Andhra Pradesh,Vijayawada,"Rajiv Gandhi Park, Vijayawada - APPCB",13-08-2026 11:00:00,16.509717,80.612222,PM10,36,74,56
India,Andhra Pradesh,Vijayawada,"Rajiv Gandhi Park, Vijayawada - APPCB",13-08-2026 11:00:00,16.509717,80.612222,NO2,45,49,47
India,Andhra Pradesh,Vijayawada,"Rajiv Gandhi Park, Vijayawada - APPCB",13-08-2026 11:00:00,16.509717,80.612222,CO,31,33,32
India,Andhra Pradesh,Visakhapatnam,"GVM Corporation, Visakhapatnam - APPCB",13-08-2026 11:00:00,17.72,83.3,NO2,37,105,75
India,Arunachal Pradesh,Naharlagun,"Naharlagun, Naharlagun - APSPCB",13-08-2026 11:00:00,27.103358,93.679645,NH3,1,1,1
India,Arunachal Pradesh,Naharlagun,"Naharlagun, Naharlagun - APSPCB",13-08-2026 11:00:00,27.103358,93.679645,SO2,9,13,12
India,Arunachal Pradesh,Naharlagun,"Naharlagun, Naharlagun - APSPCB",13-08-2026 11:00:00,27.103358,93.679645,OZONE,7,7,7
India,Assam,Guwahati,"Railway Colony, Guwahati - PCBA",13-08-2026 11:00:00,26.181742,91.78063,PM10,19,116,55
India,Andhra Pradesh,Anantapur,"Gulzarpet, Anantapur - APPCB",13-08-2026 11:00:00,14.675886,77.593027,PM10,51,134,64
India,Andhra Pradesh,Anantapur,"Gulzarpet, Anantapur - APPCB",13-08-2026 11:00:00,14.675886,77.593027,OZONE,16,32,18
India,Andhra Pradesh,Chittoor,"Gangineni Cheruvu, Chittoor - APPCB",13-08-2026 11:00:00,13.20488,79.097889,NH3,NA,NA,NA
India,Andhra Pradesh,Chittoor,"Gangineni Cheruvu, Chittoor - APPCB",13-08-2026 11:00:00,13.20488,79.097889,OZONE,35,36,36
India,Andhra Pradesh,Eluru,"District Court, Eluru - APPCB",13-08-2026 11:00:00,16.711754,81.092095,NO2,11,20,14
India,Andhra Pradesh,Guntur,"Rajendra Nagar North, Guntur - APPCB",13-08-2026 11:00:00,16.316553,80.413302,OZONE,26,35,27
India,Bihar,Aurangabad,"Gurdeo Nagar, Aurangabad - BSPCB",13-08-2026 11:00:00,24.75746,84.366208,PM10,NA,NA,NA
India,Bihar,Aurangabad,"Gurdeo Nagar, Aurangabad - BSPCB",13-08-2026 11:00:00,24.75746,84.366208,NH3,1,2,1
India,Bihar,Bettiah,"Kamalnath Nagar, Bettiah - BSPCB",13-08-2026 11:00:00,26.80365,84.51954,CO,NA,NA,NA
India,Bihar,Bhagalpur,"Mayaganj, Bhagalpur - BSPCB",13-08-2026 11:00:00,25.265194,87.012947,PM10,21,500,131
India,Bihar,Buxar,"Charitra Van, Buxar - BSPCB",13-08-2026 11:00:00,25.56752,83.966379,NO2,9,10,9
India,Bihar,Buxar,"Charitra Van, Buxar - BSPCB",13-08-2026 11:00:00,25.56752,83.966379,NH3,3,3,3
India,Andhra Pradesh,Tirupati,"Vaikuntapuram, Tirupati - APPCB",13-08-2026 11:00:00,13.615387,79.40923,OZONE,33,34,33
India,Andhra Pradesh,Vijayawada,"Rajiv Nagar, Vijayawada - APPCB",13-08-2026 11:00:00,16.554731,80.64911,PM2.5,45,69,51
India,Andhra Pradesh,Vijayawada,"Rajiv Nagar, Vijayawada - APPCB",13-08-2026 11:00:00,16.554731,80.64911,CO,19,22,21
India,Andhra Pradesh,Vijayawada,"HB Colony, Vijayawada - APPCB",13-08-2026 11:00:00,16.536107,80.594233,PM10,48,162,63
India,Andhra Pradesh,Vijayawada,"HB Colony, Vijayawada - APPCB",13-08-2026 11:00:00,16.536107,80.594233,CO,21,24,22
India,Bihar,Buxar,"Charitra Van, Buxar - BSPCB",13-08-2026 11:00:00,25.56752,83.966379,CO,24,26,25
India,Chandigarh,Chandigarh,"Sector-53, Chandigarh - CPCC",13-08-2026 11:00:00,30.719859,76.738637,PM2.5,10,57,28
India,Chandigarh,Chandigarh,"Sector-53, Chandigarh - CPCC",13-08-2026 11:00:00,30.719859,76.738637,SO2,5,7,6
India,Chandigarh,Chandigarh,"Sector-53, Chandigarh - CPCC",13-08-2026 11:00:00,30.719859,76.738637,CO,30,43,34
India,Chhattisgarh,Bhilai,"Hathkhoj, Bhilai - CECB",13-08-2026 11:00:00,21.224231,81.40835,SO2,8,22,12
India,Chhattisgarh,Bhilai,"32Bungalows, Bhilai - CECB",13-08-2026 11:00:00,21.194815,81.31477,SO2,5,11,6
India,Chhattisgarh,Bhilai,"Civic Center, Bhilai - Bhilai Steel Plant",13-08-2026 11:00:00,21.185571,81.343175,NH3,1,2,1
India,Chhattisgarh,Bilaspur,"Mangala, Bilaspur - NTPC",13-08-2026 11:00:00,22.08815,82.13737,PM10,39,94,61
India,Chhattisgarh,Bilaspur,"Mangala, Bilaspur - NTPC",13-08-2026 11:00:00,22.08815,82.13737,NH3,NA,NA,NA
India,Chhattisgarh,Bilaspur,"Mangala, Bilaspur - NTPC",13-08-2026 11:00:00,22.08815,82.13737,CO,3,26,16
India,Chhattisgarh,Chhal,"Nawapara SECL Colony, Chhal - CECB",13-08-2026 11:00:00,22.118125,83.140608,PM10,27,70,46
India,Chhattisgarh,Chhal,"Nawapara SECL Colony, Chhal - CECB",13-08-2026 11:00:00,22.118125,83.140608,SO2,5,9,7
India,Chhattisgarh,Korba,"Rampur, Korba - CECB",13-08-2026 11:00:00,22.368195,82.746431,NO2,5,30,16
India,Chhattisgarh,Korba,"Rampur, Korba - CECB",13-08-2026 11:00:00,22.368195,82.746431,NH3,1,1,1
India,Chhattisgarh,Korba,"Rampur, Korba - CECB",13-08-2026 11:00:00,22.368195,82.746431,OZONE,6,21,8
India,Chhattisgarh,Korba,"Urja Nagar, Korba - CECB",13-08-2026 11:00:00,22.348441,82.549611,SO2,9,15,11
India,Chhattisgarh,Korba,"Urja Nagar, Korba - CECB",13-08-2026 11:00:00,22.348441,82.549611,CO,19,22,20
India,Chhattisgarh,Kunjemura,"OP Jindal School, Kunjemura - CECB",13-08-2026 11:00:00,22.12665,83.483212,NH3,2,2,2
India,Chhattisgarh,Kunjemura,"OP Jindal School, Kunjemura - CECB",13-08-2026 11:00:00,22.12665,83.483212,SO2,9,18,12
India,Chhattisgarh,Kunjemura,"OP Jindal School, Kunjemura - CECB",13-08-2026 11:00:00,22.12665,83.483212,CO,19,21,20
India,Chhattisgarh,Milupara,"Govt. Higher Secondary School, Milupara - CECB",13-08-2026 11:00:00,22.1910172,83.5197009,PM2.5,10,346,35
India,Chhattisgarh,Raipur,"Krishak Nagar, Raipur - CECB",13-08-2026 11:00:00,21.237755,81.705301,PM10,8,25,13
India,Chhattisgarh,Raipur,"Krishak Nagar, Raipur - CECB",13-08-2026 11:00:00,21.237755,81.705301,NH3,2,2,2
India,Chhattisgarh,Raipur,"Krishak Nagar, Raipur - CECB",13-08-2026 11:00:00,21.237755,81.705301,SO2,5,7,6
India,Chhattisgarh,Raipur,"Siltara Phase-II, Raipur - CECB",13-08-2026 11:00:00,21.371751,81.664929,PM10,21,126,83
India,Chhattisgarh,Raipur,"Bhatagaon New ISBT, Raipur - CECB",13-08-2026 11:00:00,21.219665,81.630094,SO2,0,3,2
India,Chhattisgarh,Tumidih,"OP Jindal Industrial Park, Tumidih - CECB",13-08-2026 11:00:00,22.06631475,83.33820077,NO2,NA,NA,NA
India,Delhi,Delhi,"ITO, Delhi - CPCB",13-08-2026 11:00:00,28.628624,77.24106,OZONE,14,28,18
India,Delhi,Delhi,"Jahangirpuri, Delhi - DPCC",13-08-2026 11:00:00,28.73282,77.170633,PM10,98,205,136
India,Delhi,Delhi,"Jahangirpuri, Delhi - DPCC",13-08-2026 11:00:00,28.73282,77.170633,NO2,11,32,18
India,Delhi,Delhi,"Jahangirpuri, Delhi - DPCC",13-08-2026 11:00:00,28.73282,77.170633,CO,68,88,78
India,Delhi,Delhi,"Vivek Vihar, Delhi - DPCC",13-08-2026 11:00:00,28.672342,77.31526,PM10,66,140,105
India,Delhi,Delhi,"Rohini, Delhi - DPCC",13-08-2026 11:00:00,28.732528,77.11992,NH3,4,8,5
India,Delhi,Delhi,"Okhla Phase-2, Delhi - DPCC",13-08-2026 11:00:00,28.530785,77.271255,PM2.5,32,180,75
India,Delhi,Delhi,"Okhla Phase-2, Delhi - DPCC",13-08-2026 11:00:00,28.530785,77.271255,PM10,47,165,96
India,Delhi,Delhi,"Okhla Phase-2, Delhi - DPCC",13-08-2026 11:00:00,28.530785,77.271255,CO,19,31,26
India,Delhi,Delhi,"Bawana, Delhi - DPCC",13-08-2026 11:00:00,28.7762,77.051074,PM2.5,25,335,189
India,Delhi,Delhi,"Bawana, Delhi - DPCC",13-08-2026 11:00:00,28.7762,77.051074,NH3,4,5,4
India,Delhi,Delhi,"Sonia Vihar, Delhi - DPCC",13-08-2026 11:00:00,28.710508,77.249485,NO2,1,10,7
India,Delhi,Delhi,"Sonia Vihar, Delhi - DPCC",13-08-2026 11:00:00,28.710508,77.249485,SO2,2,8,5
India,Delhi,Delhi,"Cantonment Area, Delhi - DPCC",13-08-2026 11:00:00,28.594169,77.1251,CO,54,83,66
India,Delhi,Delhi,"IMD Lodhi Road, Delhi - IITM",13-08-2026 11:00:00,28.5918245,77.2273074,SO2,NA,NA,NA
India,Delhi,Delhi,"IMD Lodhi Road, Delhi - IITM",13-08-2026 11:00:00,28.5918245,77.2273074,CO,21,25,23
India,Delhi,Delhi,"Alipur, Delhi - DPCC",13-08-2026 11:00:00,28.815329,77.15301,OZONE,8,15,10
India,Delhi,Delhi,"North Campus, DU, Delhi - IITM",13-08-2026 11:00:00,28.6573814,77.1585447,SO2,NA,NA,NA
India,Delhi,Delhi,"R K Puram, Delhi - DPCC",13-08-2026 11:00:00,28.563262,77.186937,CO,24,32,29
India,Delhi,Delhi,"IIT Delhi, Delhi - IITM",13-08-2026 11:00:00,28.54246,77.191651,PM10,54,224,140
India,Delhi,Delhi,"Dr. Karni Singh Shooting Range, Delhi - DPCC",13-08-2026 11:00:00,28.498571,77.26484,NO2,13,33,21
India,Delhi,Delhi,"Dwarka-Sector 8, Delhi - DPCC ",13-08-2026 11:00:00,28.5710274,77.0719006,NO2,14,82,34
India,Delhi,Delhi,"Dwarka-Sector 8, Delhi - DPCC ",13-08-2026 11:00:00,28.5710274,77.0719006,CO,18,53,34
India,Delhi,Delhi,"Ashok Vihar, Delhi - DPCC",13-08-2026 11:00:00,28.695381,77.181665,PM2.5,45,183,93
India,Delhi,Delhi,"Ashok Vihar, Delhi - DPCC",13-08-2026 11:00:00,28.695381,77.181665,PM10,84,162,114
India,Delhi,Delhi,"Wazirpur, Delhi - DPCC",13-08-2026 11:00:00,28.699793,77.165453,PM10,101,299,169
India,Delhi,Delhi,"Wazirpur, Delhi - DPCC",13-08-2026 11:00:00,28.699793,77.165453,NO2,26,53,37
India,Delhi,Delhi,"Najafgarh, Delhi - DPCC",13-08-2026 11:00:00,28.570173,76.933762,NO2,9,22,12
India,Delhi,Delhi,"Jawaharlal Nehru Stadium, Delhi - DPCC",13-08-2026 11:00:00,28.58028,77.233829,PM2.5,13,170,74
India,Delhi,Delhi,"Patparganj, Delhi - DPCC",13-08-2026 11:00:00,28.623763,77.287209,SO2,0,4,2
India,Delhi,Delhi,"Patparganj, Delhi - DPCC",13-08-2026 11:00:00,28.623763,77.287209,CO,34,41,38
India,Delhi,Delhi,"Nehru Nagar, Delhi - DPCC",13-08-2026 11:00:00,28.56789,77.250515,PM2.5,3,250,63
India,Delhi,Delhi,"Nehru Nagar, Delhi - DPCC",13-08-2026 11:00:00,28.56789,77.250515,NO2,19,73,36
India,Delhi,Delhi,"IHBAS, Dilshad Garden, Delhi - CPCB",13-08-2026 11:00:00,28.6811736,77.3025234,PM2.5,41,69,53
India,Delhi,Delhi,"IHBAS, Dilshad Garden, Delhi - CPCB",13-08-2026 11:00:00,28.6811736,77.3025234,NH3,3,5,5
India,Delhi,Delhi,"Jahangirpuri, Delhi - DPCC",13-08-2026 11:00:00,28.73282,77.170633,PM2.5,30,304,119
India,Delhi,Delhi,"IGI Airport (T3), Delhi - IITM",13-08-2026 11:00:00,28.5627763,77.1180053,NO2,20,102,46
India,Delhi,Delhi,"Commonwealth Sports Complex, Delhi - DPCC",13-08-2026 11:00:00,28.615828,77.271992,OZONE,5,98,30
India,Delhi,Delhi,"Talkatora Garden, Delhi - DPCC",13-08-2026 11:00:00,28.62181,77.1944633,PM2.5,48,93,77
India,Delhi,Delhi,"NSIT Dwarka, Delhi - CPCB",13-08-2026 11:00:00,28.60909,77.0325413,PM10,33,111,67
India,Delhi,Delhi,"NSIT Dwarka, Delhi - CPCB",13-08-2026 11:00:00,28.60909,77.0325413,OZONE,22,113,55
India,Delhi,Delhi,"Aya Nagar, Delhi - IITM",13-08-2026 11:00:00,28.4706914,77.1099364,NH3,NA,NA,NA
India,Delhi,Delhi,"Aya Nagar, Delhi - IITM",13-08-2026 11:00:00,28.4706914,77.1099364,OZONE,10,58,22
India,Delhi,Delhi,"CRRI Mathura Road, Delhi - IITM",13-08-2026 11:00:00,28.5512005,77.2735737,NH3,NA,NA,NA
India,Delhi,Delhi,"Burari Crossing, Delhi - IITM",13-08-2026 11:00:00,28.7256504,77.2011573,PM2.5,4,132,65
India,Gujarat,Ahmedabad,"SAC ISRO Satellite, Ahmedabad - IITM",13-08-2026 11:00:00,23.023389,72.515201,CO,16,27,22
India,Gujarat,Ahmedabad,"Raikhad, Ahmedabad - IITM",13-08-2026 11:00:00,23.020509,72.579261,NO2,4,59,15
India,Gujarat,Ahmedabad,"Raikhad, Ahmedabad - IITM",13-08-2026 11:00:00,23.020509,72.579261,OZONE,6,7,7
India,Gujarat,Ahmedabad,"SVPI Airport Hansol, Ahmedabad - IITM",13-08-2026 11:00:00,23.076793,72.627874,SO2,3,5,4
India,Gujarat,Ahmedabad,"SVPI Airport Hansol, Ahmedabad - IITM",13-08-2026 11:00:00,23.076793,72.627874,OZONE,5,8,6
India,Gujarat,Ahmedabad,"Rakhial, Ahmedabad - IITM",13-08-2026 11:00:00,23.016834,72.625775,NH3,7,14,10
India,Delhi,Delhi,"Sirifort, Delhi - CPCB",13-08-2026 11:00:00,28.5504249,77.2159377,NH3,0,3,2
India,Delhi,Delhi,"Sirifort, Delhi - CPCB",13-08-2026 11:00:00,28.5504249,77.2159377,OZONE,6,9,7
India,Delhi,Delhi,"Chandni Chowk, Delhi - IITM",13-08-2026 11:00:00,28.656756,77.227234,CO,71,83,77
India,Delhi,Delhi,"Pusa, Delhi - IITM",13-08-2026 11:00:00,28.63611,77.173332,CO,18,26,21
India,Delhi,Delhi,"IGI Airport (T3), Delhi - IITM",13-08-2026 11:00:00,28.5627763,77.1180053,PM2.5,13,83,43
India,Delhi,Delhi,"Shadipur, Delhi - CPCB",13-08-2026 11:00:00,28.6514781,77.1473105,OZONE,26,30,29
India,Delhi,Delhi,"Mandir Marg, Delhi - DPCC",13-08-2026 11:00:00,28.636429,77.201067,SO2,4,29,9
India,Delhi,Delhi,"Mandir Marg, Delhi - DPCC",13-08-2026 11:00:00,28.636429,77.201067,CO,34,48,40
India,Delhi,Delhi,"Pusa, Delhi - DPCC",13-08-2026 11:00:00,28.639652,77.146275,PM10,51,204,115
India,Gujarat,Ahmedabad,"Gyaspur, Ahmedabad - IITM",13-08-2026 11:00:00,22.977134,72.553024,NO2,22,50,28
India,Gujarat,Ahmedabad,"Gyaspur, Ahmedabad - IITM",13-08-2026 11:00:00,22.977134,72.553024,NH3,4,7,6
India,Gujarat,Ahmedabad,"Gyaspur, Ahmedabad - IITM",13-08-2026 11:00:00,22.977134,72.553024,OZONE,NA,NA,NA
India,Gujarat,Ahmedabad,"Chandkheda, Ahmedabad - IITM",13-08-2026 11:00:00,23.107969,72.574648,NH3,9,10,10
India,Gujarat,Ahmedabad,"Chandkheda, Ahmedabad - IITM",13-08-2026 11:00:00,23.107969,72.574648,CO,3,13,9
India,Gujarat,Ahmedabad,"Chandkheda, Ahmedabad - IITM",13-08-2026 11:00:00,23.107969,72.574648,OZONE,2,3,3
India,Gujarat,Ankleshwar,"GIDC, Ankleshwar - GPCB",13-08-2026 11:00:00,21.613267,73.010555,PM2.5,20,53,35
India,Gujarat,Ankleshwar,"GIDC, Ankleshwar - GPCB",13-08-2026 11:00:00,21.613267,73.010555,PM10,37,82,59
India,Gujarat,Bhavnagar,"Vidhyanagar, Bhavnagar - Nexteng Enviro",13-08-2026 11:00:00,21.755417,72.139056,OZONE,13,19,15
India,Gujarat,Gandhinagar,"Sector-10, Gandhinagar - GPCB",13-08-2026 11:00:00,23.221714,72.654328,PM10,13,77,34
India,Gujarat,Gandhinagar,"Sector-10, Gandhinagar - GPCB",13-08-2026 11:00:00,23.221714,72.654328,OZONE,3,5,4
India,Gujarat,Gandhinagar,"IIPHG Lekawada, Gandhinagar - IITM",13-08-2026 11:00:00,23.243639,72.68994,OZONE,2,2,2
India,Gujarat,Mehsana,"Sadanand Nagar, Mehsana - Nexteng Enviro",13-08-2026 11:00:00,23.59315,72.372792,PM2.5,15,76,44
India,Gujarat,Mehsana,"Sadanand Nagar, Mehsana - Nexteng Enviro",13-08-2026 11:00:00,23.59315,72.372792,PM10,29,112,57
India,Gujarat,Nandesari,"GIDC, Nandesari - Nandesari Ind. Association",13-08-2026 11:00:00,22.410802,73.097923,PM2.5,32,256,92
India,Gujarat,Nandesari,"GIDC, Nandesari - Nandesari Ind. Association",13-08-2026 11:00:00,22.410802,73.097923,PM10,33,165,79
India,Jammu and Kashmir,Srinagar,"Rajbagh, Srinagar - JKPCC",13-08-2026 11:00:00,34.066206,74.81982,NO2,19,20,19
India,Jammu and Kashmir,Srinagar,"Rajbagh, Srinagar - JKPCC",13-08-2026 11:00:00,34.066206,74.81982,NH3,9,9,9
India,Jammu and Kashmir,Srinagar,"Rajbagh, Srinagar - JKPCC",13-08-2026 11:00:00,34.066206,74.81982,SO2,3,4,3
India,Jammu and Kashmir,Srinagar,"Rajbagh, Srinagar - JKPCC",13-08-2026 11:00:00,34.066206,74.81982,OZONE,0,3,1
India,Jharkhand,Dhanbad,"Sardar Patel Nagar, Dhanbad - JSPCB",13-08-2026 11:00:00,23.80569,86.44268,NO2,99,213,112
India,Jharkhand,Dhanbad,"Sardar Patel Nagar, Dhanbad - JSPCB",13-08-2026 11:00:00,23.80569,86.44268,SO2,NA,NA,NA
India,Jharkhand,Dhanbad,"Sardar Patel Nagar, Dhanbad - JSPCB",13-08-2026 11:00:00,23.80569,86.44268,OZONE,11,27,17
India,Jharkhand,Jorapokhar,"Tata Stadium, Jorapokhar - JSPCB",13-08-2026 11:00:00,23.707909,86.41467,OZONE,3,8,6
India,Karnataka,Belgaum,"Ramteerth Nagar, Belgaum - KSPCB",13-08-2026 11:00:00,15.888653,74.541751,PM2.5,4,17,10
India,Karnataka,Belgaum,"Ramteerth Nagar, Belgaum - KSPCB",13-08-2026 11:00:00,15.888653,74.541751,SO2,23,24,23
India,Karnataka,Belgaum,"Ramteerth Nagar, Belgaum - KSPCB",13-08-2026 11:00:00,15.888653,74.541751,CO,1,1,1
India,Karnataka,Bengaluru,"Hombegowda Nagar, Bengaluru - KSPCB",13-08-2026 11:00:00,12.938539,77.5901,PM2.5,18,44,36
India,Karnataka,Bengaluru,"Hombegowda Nagar, Bengaluru - KSPCB",13-08-2026 11:00:00,12.938539,77.5901,SO2,2,10,5
India,Gujarat,Vatva,"Phase-4 GIDC, Vatva - GPCB",13-08-2026 11:00:00,22.969611,72.6435,CO,37,44,40
India,Gujarat,Vatva,"Phase-4 GIDC, Vatva - GPCB",13-08-2026 11:00:00,22.969611,72.6435,OZONE,11,18,13
India,Haryana,Ambala,"Patti Mehar, Ambala - HSPCB",13-08-2026 11:00:00,30.379589,76.778328,PM10,75,402,146
India,Haryana,Ambala,"Patti Mehar, Ambala - HSPCB",13-08-2026 11:00:00,30.379589,76.778328,NO2,6,7,7
India,Haryana,Ambala,"Patti Mehar, Ambala - HSPCB",13-08-2026 11:00:00,30.379589,76.778328,NH3,6,7,6
India,Haryana,Bahadurgarh,"Arya Nagar, Bahadurgarh - HSPCB",13-08-2026 11:00:00,28.6701,76.9254,NH3,5,11,8
India,Haryana,Ballabgarh,"Nathu Colony, Ballabgarh - HSPCB",13-08-2026 11:00:00,28.3419248,77.319699,PM2.5,17,172,63
India,Haryana,Ballabgarh,"Nathu Colony, Ballabgarh - HSPCB",13-08-2026 11:00:00,28.3419248,77.319699,PM10,129,155,145
India,Haryana,Bhiwani,"H.B. Colony, Bhiwani - HSPCB",13-08-2026 11:00:00,28.806223,76.141105,NO2,7,10,8
India,Haryana,Bhiwani,"H.B. Colony, Bhiwani - HSPCB",13-08-2026 11:00:00,28.806223,76.141105,SO2,12,13,12
India,Haryana,Bhiwani,"H.B. Colony, Bhiwani - HSPCB",13-08-2026 11:00:00,28.806223,76.141105,OZONE,7,20,14
India,Haryana,Dharuhera,"Municipal Corporation Office, Dharuhera -  HSPCB",13-08-2026 11:00:00,28.2068,76.7997,SO2,5,11,8
India,Haryana,Manesar,"Sector-2 IMT, Manesar - HSPCB",13-08-2026 11:00:00,28.360699,76.93609,PM10,18,122,78
India,Haryana,Manesar,"Sector-2 IMT, Manesar - HSPCB",13-08-2026 11:00:00,28.360699,76.93609,NH3,7,16,11
India,Haryana,Narnaul,"Shastri Nagar, Narnaul - HSPCB",13-08-2026 11:00:00,28.060249,76.113115,NO2,23,107,55
India,Haryana,Palwal,"Shyam Nagar, Palwal - HSPCB",13-08-2026 11:00:00,28.1485564,77.3320667,SO2,5,40,18
India,Haryana,Panchkula,"Sector-6, Panchkula - HSPCB ",13-08-2026 11:00:00,30.7057778,76.8531805555555,PM2.5,34,81,56
India,Haryana,Panipat,"Sector-18, Panipat - HSPCB",13-08-2026 11:00:00,29.432304,76.972765,NO2,NA,NA,NA
India,Haryana,Panipat,"Sector-18, Panipat - HSPCB",13-08-2026 11:00:00,29.432304,76.972765,NH3,NA,NA,NA
India,Haryana,Panipat,"Sector-18, Panipat - HSPCB",13-08-2026 11:00:00,29.432304,76.972765,SO2,NA,NA,NA
India,Haryana,Panipat,"Sector-18, Panipat - HSPCB",13-08-2026 11:00:00,29.432304,76.972765,CO,32,33,33
India,Haryana,Sirsa,"F-Block, Sirsa - HSPCB",13-08-2026 11:00:00,29.5364,75.0158,PM10,45,103,73
India,Haryana,Sirsa,"F-Block, Sirsa - HSPCB",13-08-2026 11:00:00,29.5364,75.0158,NO2,18,21,20
India,Gujarat,Nandesari,"GIDC, Nandesari - Nandesari Ind. Association",13-08-2026 11:00:00,22.410802,73.097923,NH3,NA,NA,NA
India,Gujarat,Nandesari,"GIDC, Nandesari - Nandesari Ind. Association",13-08-2026 11:00:00,22.410802,73.097923,SO2,3,5,3
India,Gujarat,Rajkot,"Mavdi, Rajkot - Nexteng Enviro ",13-08-2026 11:00:00,22.248853,70.776774,PM10,20,62,36
India,Gujarat,Surat,"Science Center, Surat - SMC",13-08-2026 11:00:00,21.170046,72.795405,PM10,30,62,44
India,Gujarat,Vadodara,"Bapunagar, Vadodara - Nexteng Enviro",13-08-2026 11:00:00,22.320153,73.216285,PM10,13,87,55
India,Gujarat,Vadodara,"Bapunagar, Vadodara - Nexteng Enviro",13-08-2026 11:00:00,22.320153,73.216285,NO2,11,25,16
India,Gujarat,Vadodara,"Bapunagar, Vadodara - Nexteng Enviro",13-08-2026 11:00:00,22.320153,73.216285,SO2,8,10,9
India,Gujarat,Vadodara,"Bapunagar, Vadodara - Nexteng Enviro",13-08-2026 11:00:00,22.320153,73.216285,CO,71,77,74
India,Gujarat,Vapi,"Phase-1 GIDC, Vapi - GPCB",13-08-2026 11:00:00,20.362421,72.918013,PM10,13,111,35
India,Gujarat,Vapi,"Phase-1 GIDC, Vapi - GPCB",13-08-2026 11:00:00,20.362421,72.918013,NO2,15,20,19
India,Haryana,Gurugram,"Teri Gram, Gurugram - HSPCB",13-08-2026 11:00:00,28.4275,77.1465,NO2,37,75,52
India,Haryana,Gurugram,"Teri Gram, Gurugram - HSPCB",13-08-2026 11:00:00,28.4275,77.1465,NH3,9,17,12
India,Haryana,Gurugram,"Teri Gram, Gurugram - HSPCB",13-08-2026 11:00:00,28.4275,77.1465,SO2,6,18,11
India,Haryana,Gurugram,"Sector-51, Gurugram - HSPCB",13-08-2026 11:00:00,28.4227,77.0667,SO2,9,12,11
India,Haryana,Gurugram,"Vikas Sadan, Gurugram - HSPCB",13-08-2026 11:00:00,28.4501238,77.0263051,OZONE,5,21,12
India,Haryana,Hisar,"Urban Estate-II, Hisar - HSPCB",13-08-2026 11:00:00,29.14056,75.744941,SO2,20,131,47
India,Haryana,Jind,"Police Lines, Jind - HSPCB",13-08-2026 11:00:00,29.307814,76.337619,OZONE,8,12,10
India,Haryana,Kurukshetra,"Sector-7, Kurukshetra - HSPCB",13-08-2026 11:00:00,29.966942,76.875879,PM10,40,92,58
India,Haryana,Kurukshetra,"Sector-7, Kurukshetra - HSPCB",13-08-2026 11:00:00,29.966942,76.875879,NO2,15,23,19
India,Karnataka,Bengaluru,"Bapuji Nagar, Bengaluru - KSPCB",13-08-2026 11:00:00,12.951913,77.539784,CO,23,54,38
India,Karnataka,Bengaluru,"Silk Board, Bengaluru - KSPCB",13-08-2026 11:00:00,12.917348,77.622813,NH3,2,18,4
India,Karnataka,Bengaluru,"Jayanagar 5th Block, Bengaluru - KSPCB",13-08-2026 11:00:00,12.920984,77.584908,PM2.5,18,57,35
India,Karnataka,Bengaluru,"Jayanagar 5th Block, Bengaluru - KSPCB",13-08-2026 11:00:00,12.920984,77.584908,PM10,25,66,45
India,Karnataka,Bengaluru,"Jayanagar 5th Block, Bengaluru - KSPCB",13-08-2026 11:00:00,12.920984,77.584908,NO2,5,13,9
India,Karnataka,Bengaluru,"Jigani, Bengaluru - KSPCB",13-08-2026 11:00:00,12.7816279,77.6299145,PM2.5,34,68,45
India,Haryana,Sonipat,"Murthal, Sonipat - HSPCB",13-08-2026 11:00:00,29.0272,77.0621,CO,24,32,28
India,Haryana,Yamuna Nagar,"Gobind Pura, Yamuna Nagar - HSPCB",13-08-2026 11:00:00,30.1480566,77.2893471,OZONE,8,63,44
India,Jammu and Kashmir,Srinagar,"Rajbagh, Srinagar - JKPCC",13-08-2026 11:00:00,34.066206,74.81982,PM10,28,51,40
India,Haryana,Faridabad,"Sector 30, Faridabad - HSPCB",13-08-2026 11:00:00,28.4417,77.3217,PM2.5,41,43,42
India,Haryana,Faridabad,"Sector 30, Faridabad - HSPCB",13-08-2026 11:00:00,28.4417,77.3217,NO2,36,40,38
India,Haryana,Faridabad,"Sector 11, Faridabad - HSPCB",13-08-2026 11:00:00,28.376058,77.315741,PM2.5,50,482,215
India,Haryana,Faridabad,"Sector 11, Faridabad - HSPCB",13-08-2026 11:00:00,28.376058,77.315741,SO2,3,14,8
India,Karnataka,Shivamogga,"Vinoba Nagara, Shivamogga - KSPCB",13-08-2026 11:00:00,13.94,75.555917,PM2.5,20,39,29
India,Karnataka,Shivamogga,"Vinoba Nagara, Shivamogga - KSPCB",13-08-2026 11:00:00,13.94,75.555917,NH3,3,3,3
India,Karnataka,Shivamogga,"Vinoba Nagara, Shivamogga - KSPCB",13-08-2026 11:00:00,13.94,75.555917,SO2,2,7,3
India,Karnataka,Yadgir,"Collector Office, Yadgir - KSPCB",13-08-2026 11:00:00,16.7602,77.1428,PM2.5,NA,NA,NA
India,Karnataka,Yadgir,"Collector Office, Yadgir - KSPCB",13-08-2026 11:00:00,16.7602,77.1428,NH3,NA,NA,NA
India,Kerala,Kannur,"Thavakkara, Kannur - Kerala PCB",13-08-2026 11:00:00,11.875,75.3732,NO2,11,12,12
India,Kerala,Kannur,"Thavakkara, Kannur - Kerala PCB",13-08-2026 11:00:00,11.875,75.3732,OZONE,27,29,28
India,Kerala,Thiruvananthapuram,"Plammoodu, Thiruvananthapuram - Kerala PCB",13-08-2026 11:00:00,8.5149093,76.9435879,PM10,22,45,34
India,Kerala,Thiruvananthapuram,"Plammoodu, Thiruvananthapuram - Kerala PCB",13-08-2026 11:00:00,8.5149093,76.9435879,OZONE,10,15,14
India,Kerala,Thiruvananthapuram,"Kariavattom, Thiruvananthapuram - Kerala PCB",13-08-2026 11:00:00,8.5637,76.8865,NH3,0,0,0
India,Kerala,Thiruvananthapuram,"Kariavattom, Thiruvananthapuram - Kerala PCB",13-08-2026 11:00:00,8.5637,76.8865,OZONE,30,31,30
India,Kerala,Thrissur,"Corporation Ground, Thrissur - Kerala PCB",13-08-2026 11:00:00,10.5324,76.2159,NH3,0,0,0
India,Madhya Pradesh,Jabalpur,"Suhagi, Jabalpur - JMC",13-08-2026 11:00:00,23.218135,79.95777,CO,33,37,35
India,Madhya Pradesh,Jabalpur,"Govindh Bhavan Colony, Jabalpur - JMC",13-08-2026 11:00:00,23.163174,79.973061,SO2,4,8,6
India,Madhya Pradesh,Katni,"Gole Bazar, Katni - MPPCB",13-08-2026 11:00:00,23.50016,80.23284,PM2.5,9,59,35
India,Madhya Pradesh,Katni,"Gole Bazar, Katni - MPPCB",13-08-2026 11:00:00,23.50016,80.23284,NO2,10,18,13
India,Madhya Pradesh,Mandideep,"Sector-D Industrial Area, Mandideep - MPPCB",13-08-2026 11:00:00,23.10844,77.511428,PM10,22,81,46
India,Madhya Pradesh,Pithampur,"Sector-2 Industrial Area, Pithampur - MPPCB",13-08-2026 11:00:00,22.624758,75.675238,PM2.5,52,105,74
India,Madhya Pradesh,Ratlam,"Shasthri Nagar, Ratlam - IPCA Lab",13-08-2026 11:00:00,23.331731,75.045981,NO2,42,86,48
India,Madhya Pradesh,Ratlam,"Shasthri Nagar, Ratlam - IPCA Lab",13-08-2026 11:00:00,23.331731,75.045981,NH3,NA,NA,NA
India,Madhya Pradesh,Ratlam,"Shasthri Nagar, Ratlam - IPCA Lab",13-08-2026 11:00:00,23.331731,75.045981,OZONE,NA,NA,NA
India,Karnataka,Chikkamagaluru,"Kalyana Nagara, Chikkamagaluru - KSPCB",13-08-2026 11:00:00,13.328028,75.797056,PM10,NA,NA,NA
India,Karnataka,Chikkamagaluru,"Kalyana Nagara, Chikkamagaluru - KSPCB",13-08-2026 11:00:00,13.328028,75.797056,NH3,NA,NA,NA
India,Karnataka,Davanagere,"Devaraj Urs Badavane, Davanagere - KSPCB",13-08-2026 11:00:00,14.4758,75.9052,NH3,1,2,2
India,Karnataka,Davanagere,"Devaraj Urs Badavane, Davanagere - KSPCB",13-08-2026 11:00:00,14.4758,75.9052,OZONE,20,20,20
India,Karnataka,Gadag,"Panchal Nagar, Gadag - KSPCB",13-08-2026 11:00:00,15.411456,75.638133,PM2.5,56,108,75
India,Karnataka,Hubballi,"Lingaraj Nagar, Hubballi - KSPCB",13-08-2026 11:00:00,15.3714823,75.1160168,NO2,7,11,9
India,Karnataka,Hubballi,"Lingaraj Nagar, Hubballi - KSPCB",13-08-2026 11:00:00,15.3714823,75.1160168,NH3,1,2,2
India,Karnataka,Hubballi,"Lingaraj Nagar, Hubballi - KSPCB",13-08-2026 11:00:00,15.3714823,75.1160168,SO2,2,4,2
India,Karnataka,Karwar,"KHB Colony, Karwar - KSPCB",13-08-2026 11:00:00,14.816666,74.141003,PM10,NA,NA,NA
India,Karnataka,Ramanagara,"Vijay Nagar, Ramanagara - KSPCB",13-08-2026 11:00:00,12.733409,77.298051,NH3,NA,NA,NA
India,Madhya Pradesh,Sagar,"Civil Lines, Sagar - MPPCB",13-08-2026 11:00:00,23.838586,78.759431,CO,5,13,8
India,Madhya Pradesh,Satna,"Bandhavgar Colony, Satna - Birla Cement",13-08-2026 11:00:00,24.58434363,80.8549414,NO2,12,13,13
India,Madhya Pradesh,Satna,"Bandhavgar Colony, Satna - Birla Cement",13-08-2026 11:00:00,24.58434363,80.8549414,OZONE,10,20,16
India,Madhya Pradesh,Ujjain,"Mahashweta Nagar, Ujjain - MPPCB",13-08-2026 11:00:00,23.1633321,75.800225,PM2.5,NA,NA,NA
India,Madhya Pradesh,Ujjain,"Mahashweta Nagar, Ujjain - MPPCB",13-08-2026 11:00:00,23.1633321,75.800225,PM10,NA,NA,NA
India,Maharashtra,Ahmednagar,"Tarakpur, Ahmednagar - MPCB",13-08-2026 11:00:00,19.10122,74.73339,PM2.5,0,242,30
India,Maharashtra,Ahmednagar,"Tarakpur, Ahmednagar - MPCB",13-08-2026 11:00:00,19.10122,74.73339,PM10,11,113,44
India,Maharashtra,Ambernath,"Chinchpada, Ambernath - MPCB",13-08-2026 11:00:00,19.215784,73.199781,PM10,29,115,76
India,Maharashtra,Amravati,"Shivneri Colony, Amravati - MPCB",13-08-2026 11:00:00,20.9402359,77.7895248,OZONE,5,11,7
India,Maharashtra,Amravati,"Shri Shivaji Science College, Amravati - MPCB",13-08-2026 11:00:00,20.939198,77.765701,NO2,2,11,5
India,Maharashtra,Aurangabad,"More Chowk Waluj, Aurangabad - MPCB",13-08-2026 11:00:00,19.8389439,75.244448,PM2.5,44,55,50
India,Maharashtra,Aurangabad,"More Chowk Waluj, Aurangabad - MPCB",13-08-2026 11:00:00,19.8389439,75.244448,NH3,6,7,7
India,Maharashtra,Aurangabad,"More Chowk Waluj, Aurangabad - MPCB",13-08-2026 11:00:00,19.8389439,75.244448,SO2,7,28,19
India,Maharashtra,Aurangabad,"Rachnakar Colony, Aurangabad - MPCB",13-08-2026 11:00:00,19.863756,75.321188,PM10,34,67,50
India,Maharashtra,Beed,"Bir, Beed - MPCB",13-08-2026 11:00:00,18.988474,75.753873,PM2.5,15,35,25
India,Maharashtra,Beed,"Bir, Beed - MPCB",13-08-2026 11:00:00,18.988474,75.753873,PM10,25,47,33
India,Madhya Pradesh,Gwalior,"Maharaj Bada, Gwalior - MPPCB",13-08-2026 11:00:00,26.200388,78.147714,CO,20,71,39
India,Madhya Pradesh,Indore,"Regional Park, Indore - IMC",13-08-2026 11:00:00,22.678,75.8559,OZONE,5,5,5
India,Madhya Pradesh,Indore,"Residency Area, Indore - IMC",13-08-2026 11:00:00,22.7084,75.8815,SO2,3,4,3
India,Madhya Pradesh,Indore,"Chhoti Gwaltoli, Indore - MPPCB",13-08-2026 11:00:00,22.431,75.5213,NO2,32,49,39
India,Madhya Pradesh,Indore,"Chhoti Gwaltoli, Indore - MPPCB",13-08-2026 11:00:00,22.431,75.5213,NH3,5,7,6
India,Madhya Pradesh,Indore,"Chhoti Gwaltoli, Indore - MPPCB",13-08-2026 11:00:00,22.431,75.5213,SO2,14,17,15
India,Madhya Pradesh,Indore,"Maguda Nagar, Indore - IMC",13-08-2026 11:00:00,22.7524,75.8872,OZONE,9,11,10
India,Madhya Pradesh,Indore,"Airport Area, Indore - IMC",13-08-2026 11:00:00,22.7289,75.8076,PM10,16,441,55
India,Madhya Pradesh,Damoh,"Shrivastav Colony, Damoh - MPPCB",13-08-2026 11:00:00,23.81748678,79.446246,CO,19,22,21
India,Madhya Pradesh,Dewas,"Bhopal Chauraha, Dewas - MPPCB",13-08-2026 11:00:00,22.9682591,76.064118,PM10,50,86,65
India,Madhya Pradesh,Dewas,"Bhopal Chauraha, Dewas - MPPCB",13-08-2026 11:00:00,22.9682591,76.064118,SO2,32,56,44
India,Madhya Pradesh,Dewas,"Bhopal Chauraha, Dewas - MPPCB",13-08-2026 11:00:00,22.9682591,76.064118,OZONE,42,137,56
India,Madhya Pradesh,Gwalior,"Deen Dayal Nagar, Gwalior - MPPCB",13-08-2026 11:00:00,26.259242,78.216432,SO2,1,5,3
India,Madhya Pradesh,Gwalior,"Deen Dayal Nagar, Gwalior - MPPCB",13-08-2026 11:00:00,26.259242,78.216432,CO,8,20,11
India,Madhya Pradesh,Gwalior,"City Center, Gwalior - MPPCB",13-08-2026 11:00:00,26.203442,78.193251,PM10,26,56,40
India,Madhya Pradesh,Gwalior,"Maharaj Bada, Gwalior - MPPCB",13-08-2026 11:00:00,26.200388,78.147714,NH3,0,8,3
India,Karnataka,Bengaluru,"Kasturi Nagar, Bengaluru - KSPCB",13-08-2026 11:00:00,13.003872,77.664217,NH3,4,4,4
India,Karnataka,Bengaluru,"Kasturi Nagar, Bengaluru - KSPCB",13-08-2026 11:00:00,13.003872,77.664217,OZONE,30,30,30
India,Karnataka,Bengaluru,"Sanegurava Halli, Bengaluru - KSPCB",13-08-2026 11:00:00,12.990328,77.5431385,PM10,58,66,60
India,Karnataka,Bengaluru,"Hebbal, Bengaluru - KSPCB",13-08-2026 11:00:00,13.029152,77.585901,PM2.5,5,25,13
India,Karnataka,Bengaluru,"Hebbal, Bengaluru - KSPCB",13-08-2026 11:00:00,13.029152,77.585901,SO2,1,30,11
India,Karnataka,Bengaluru,"Hebbal, Bengaluru - KSPCB",13-08-2026 11:00:00,13.029152,77.585901,CO,21,23,22
India,Karnataka,Chamarajanagar,"Urban, Chamarajanagar - KSPCB",13-08-2026 11:00:00,11.55358,76.55521,PM10,30,59,45
India,Karnataka,Chikkaballapur,"Chikkaballapur Rural, Chikkaballapur - KSPCB",13-08-2026 11:00:00,13.428828,77.731418,NO2,2,5,3
India,Ladakh,Leh,"Skara Yokma, Leh - LPCC",13-08-2026 11:00:00,34.147096,77.55709,NO2,NA,NA,NA
India,Ladakh,Leh,"Skara Yokma, Leh - LPCC",13-08-2026 11:00:00,34.147096,77.55709,NH3,NA,NA,NA
India,Ladakh,Leh,"Skara Yokma, Leh - LPCC",13-08-2026 11:00:00,34.147096,77.55709,CO,182,184,184
India,Madhya Pradesh,Bhopal,"T T Nagar, Bhopal - MPPCB",13-08-2026 11:00:00,23.233584,77.400574,OZONE,15,19,17
India,Madhya Pradesh,Bhopal,"Paryavaran Parisar, Bhopal - MPPCB",13-08-2026 11:00:00,23.210494,77.425409,PM10,7,66,33
India,Madhya Pradesh,Bhopal,"Paryavaran Parisar, Bhopal - MPPCB",13-08-2026 11:00:00,23.210494,77.425409,SO2,3,10,7
India,Madhya Pradesh,Damoh,"Shrivastav Colony, Damoh - MPPCB",13-08-2026 11:00:00,23.81748678,79.446246,NH3,NA,NA,NA
India,Maharashtra,Mumbai,"Chembur, Mumbai - MPCB",13-08-2026 11:00:00,19.0364585,72.8954371,OZONE,NA,NA,NA
India,Maharashtra,Mumbai,"Kandivali West, Mumbai - BMC",13-08-2026 11:00:00,19.215859,72.831718,SO2,2,66,8
India,Maharashtra,Mumbai,"Borivali East, Mumbai - MPCB",13-08-2026 11:00:00,19.2243333,72.8658113,PM2.5,8,31,18
India,Maharashtra,Mumbai,"Chhatrapati Shivaji Intl. Airport (T2), Mumbai - MPCB",13-08-2026 11:00:00,19.10078,72.87462,PM2.5,NA,NA,NA
India,Maharashtra,Mumbai,"Chhatrapati Shivaji Intl. Airport (T2), Mumbai - MPCB",13-08-2026 11:00:00,19.10078,72.87462,CO,NA,NA,NA
India,Maharashtra,Mumbai,"Kherwadi_Bandra East, Mumbai - MPCB",13-08-2026 11:00:00,19.0632143,72.8456324,PM2.5,13,24,19
India,Maharashtra,Mumbai,"Byculla, Mumbai - BMC",13-08-2026 11:00:00,18.9767,72.838,OZONE,5,10,7
India,Maharashtra,Mumbai,"Mindspace-Malad West, Mumbai - MPCB",13-08-2026 11:00:00,19.1878657,72.8304069,CO,20,21,20
India,Maharashtra,Kolhapur,"Sinchan Bhavan, Kolhapur - MPCB",13-08-2026 11:00:00,16.7143745,74.2426398,CO,5,14,9
India,Maharashtra,Latur,"Sawe Wadi, Latur - MPCB",13-08-2026 11:00:00,18.39963,76.57452,PM10,19,55,35
India,Maharashtra,Latur,"Sawe Wadi, Latur - MPCB",13-08-2026 11:00:00,18.39963,76.57452,CO,4,15,9
India,Maharashtra,Mahad,"Kamble Tarf Birwadi, Mahad - MPCB",13-08-2026 11:00:00,18.1023399,73.4783687,PM10,28,51,36
India,Maharashtra,Mahad,"Kamble Tarf Birwadi, Mahad - MPCB",13-08-2026 11:00:00,18.1023399,73.4783687,SO2,2,22,9
India,Maharashtra,Mira-Bhayandar,"Bhayandar West, Mira-Bhayandar - MPCB",13-08-2026 11:00:00,19.296481,72.840923,PM2.5,13,49,27
India,Maharashtra,Mira-Bhayandar,"Bhayandar West, Mira-Bhayandar - MPCB",13-08-2026 11:00:00,19.296481,72.840923,SO2,2,3,3
India,Maharashtra,Mumbai,"Shivaji Nagar, Mumbai - BMC",13-08-2026 11:00:00,19.060498,72.923356,NH3,4,12,7
India,Maharashtra,Mumbai,"Borivali East, Mumbai - IITM",13-08-2026 11:00:00,19.23241,72.86895,PM2.5,14,62,36
India,Maharashtra,Mumbai,"Bandra Kurla Complex, Mumbai - IITM",13-08-2026 11:00:00,19.053536,72.84643,OZONE,12,20,16
India,Maharashtra,Mumbai,"Malad West, Mumbai - IITM",13-08-2026 11:00:00,19.19709,72.82204,NO2,8,26,14
India,Maharashtra,Mumbai,"Kurla, Mumbai - MPCB",13-08-2026 11:00:00,19.0863,72.8888,PM2.5,10,78,43
India,Maharashtra,Mumbai,"Kurla, Mumbai - MPCB",13-08-2026 11:00:00,19.0863,72.8888,NO2,9,9,9
India,Maharashtra,Mumbai,"Kurla, Mumbai - MPCB",13-08-2026 11:00:00,19.0863,72.8888,OZONE,28,29,28
India,Maharashtra,Mumbai,"Ghatkopar, Mumbai - BMC",13-08-2026 11:00:00,19.083694,72.920967,PM10,28,72,49
India,Maharashtra,Mumbai,"Worli, Mumbai - MPCB",13-08-2026 11:00:00,18.9936162,72.8128113,SO2,NA,NA,NA
India,Maharashtra,Mumbai,"Worli, Mumbai - MPCB",13-08-2026 11:00:00,18.9936162,72.8128113,OZONE,6,7,7
India,Maharashtra,Mumbai,"Khindipada-Bhandup West, Mumbai - IITM",13-08-2026 11:00:00,19.1653323,72.922099,CO,28,33,31
India,Maharashtra,Mumbai,"Navy Nagar-Colaba, Mumbai - IITM",13-08-2026 11:00:00,18.897756,72.81332,PM10,30,75,57
India,Maharashtra,Mumbai,"Navy Nagar-Colaba, Mumbai - IITM",13-08-2026 11:00:00,18.897756,72.81332,CO,12,15,14
India,Maharashtra,Mumbai,"Navy Nagar-Colaba, Mumbai - IITM",13-08-2026 11:00:00,18.897756,72.81332,OZONE,20,26,23
India,Maharashtra,Mumbai,"Sewri, Mumbai - BMC",13-08-2026 11:00:00,19.000084,72.85673,PM2.5,2,24,12
India,Maharashtra,Bhiwandi,"Gokul Nagar, Bhiwandi - MPCB",13-08-2026 11:00:00,19.309073,73.057223,NO2,0,14,5
India,Maharashtra,Bhiwandi,"Gokul Nagar, Bhiwandi - MPCB",13-08-2026 11:00:00,19.309073,73.057223,OZONE,27,31,29
India,Maharashtra,Boisar,"Khaira, Boisar - MPCB",13-08-2026 11:00:00,19.786089,72.757971,PM10,43,66,54
India,Maharashtra,Boisar,"Khaira, Boisar - MPCB",13-08-2026 11:00:00,19.786089,72.757971,OZONE,10,16,12
India,Maharashtra,Chandrapur,"Chauhan Colony, Chandrapur - MPCB",13-08-2026 11:00:00,19.9629,79.298714,NH3,1,1,1
India,Maharashtra,Chandrapur,"Chauhan Colony, Chandrapur - MPCB",13-08-2026 11:00:00,19.9629,79.298714,CO,24,25,24
India,Maharashtra,Kolhapur,"Shivaji University, Kolhapur - MPCB",13-08-2026 11:00:00,16.6870449,74.2505872,SO2,0,1,0
India,Maharashtra,Kolhapur,"Shivaji University, Kolhapur - MPCB",13-08-2026 11:00:00,16.6870449,74.2505872,OZONE,12,16,14
India,Maharashtra,Kolhapur,"Sinchan Bhavan, Kolhapur - MPCB",13-08-2026 11:00:00,16.7143745,74.2426398,PM2.5,9,95,23
India,Maharashtra,Kolhapur,"Sinchan Bhavan, Kolhapur - MPCB",13-08-2026 11:00:00,16.7143745,74.2426398,PM10,14,28,21
India,Maharashtra,Kalyan,"Khadakpada, Kalyan - MPCB",13-08-2026 11:00:00,19.25292,73.142019,OZONE,8,8,8
India,Maharashtra,Kolhapur,"Shivaji University, Kolhapur - MPCB",13-08-2026 11:00:00,16.6870449,74.2505872,PM2.5,21,45,31
India,Maharashtra,Hingoli,"Ashta Vinayak Nagar, Hingoli - MPCB",13-08-2026 11:00:00,19.710842,77.151824,PM10,26,69,43
India,Maharashtra,Jalgaon,"Prabhat Colony, Jalgaon - MPCB",13-08-2026 11:00:00,21.001264,75.565602,SO2,1,5,3
India,Maharashtra,Ulhasnagar,"Vithalwadi, Ulhasnagar - MPCB",13-08-2026 11:00:00,19.2307571,73.155192,SO2,6,14,9
India,Maharashtra,Ulhasnagar,"Vithalwadi, Ulhasnagar - MPCB",13-08-2026 11:00:00,19.2307571,73.155192,OZONE,11,13,11
India,Maharashtra,Virar,"Bolinj, Virar - MPCB",13-08-2026 11:00:00,19.445821,72.7988231,NH3,4,19,11
India,Maharashtra,Virar,"Bolinj, Virar - MPCB",13-08-2026 11:00:00,19.445821,72.7988231,OZONE,21,23,22
India,Meghalaya,Byrnihat,"15th Mile-Nongthymmai, Byrnihat -Meghalaya PCB",13-08-2026 11:00:00,26.079047,91.875185,OZONE,NA,NA,NA
India,Meghalaya,Shillong,"Lumpyngngad, Shillong - Meghalaya PCB",13-08-2026 11:00:00,25.5586,91.8985,PM2.5,NA,NA,NA
India,Meghalaya,Shillong,"JN Stadium, Shillong - Meghalaya PCB",13-08-2026 11:00:00,25.5803419,91.8942571,PM2.5,NA,NA,NA
India,Meghalaya,Shillong,"JN Stadium, Shillong - Meghalaya PCB",13-08-2026 11:00:00,25.5803419,91.8942571,OZONE,27,37,32
India,Mizoram,Aizawl,"Sikulpuikawn, Aizawl - Mizoram PCB",13-08-2026 11:00:00,23.7176342,92.7192841,NO2,1,1,1
India,Nagaland,Kohima,"PWD Junction, Kohima - NPCB",13-08-2026 11:00:00,25.6635413,94.0989878,OZONE,0,0,0
India,Odisha,Angul,"Hakimapada, Angul - OSPCB",13-08-2026 11:00:00,20.832874,85.104082,CO,96,109,102
India,Maharashtra,Pune,"Panchawati_Pashan, Pune - IITM",13-08-2026 11:00:00,18.536457,73.805454,PM10,27,56,40
India,Maharashtra,Pune,"Dhankawadi, Pune - IITM",13-08-2026 11:00:00,18.459883,73.852193,NO2,11,19,15
India,Maharashtra,Pune,"Dhankawadi, Pune - IITM",13-08-2026 11:00:00,18.459883,73.852193,CO,73,105,91
India,Maharashtra,Pune,"Dhankawadi, Pune - IITM",13-08-2026 11:00:00,18.459883,73.852193,OZONE,3,9,6
India,Maharashtra,Pune,"Mhada Colony, Pune - IITM",13-08-2026 11:00:00,18.57304,73.927715,PM2.5,17,43,30
India,Maharashtra,Pune,"Mhada Colony, Pune - IITM",13-08-2026 11:00:00,18.57304,73.927715,CO,28,68,44
India,Maharashtra,Sangli,"Vijay Nagar, Sangli - MPCB",13-08-2026 11:00:00,16.5038,74.3623,PM2.5,NA,NA,NA
India,Maharashtra,Sangli,"Vijay Nagar, Sangli - MPCB",13-08-2026 11:00:00,16.5038,74.3623,NO2,2,9,4
India,Maharashtra,Solapur,"Dnyaneshwar Nagar, Solapur - MPCB",13-08-2026 11:00:00,17.6336264,75.9132495,NH3,6,12,7
India,Maharashtra,Solapur,"Dnyaneshwar Nagar, Solapur - MPCB",13-08-2026 11:00:00,17.6336264,75.9132495,SO2,0,2,1
India,Maharashtra,Solapur,"Ratandeep Housing Society, Solapur - MPCB",13-08-2026 11:00:00,17.65439,75.90649,OZONE,8,157,30
India,Maharashtra,Thane,"Kasarvadavali, Thane - MPCB",13-08-2026 11:00:00,19.26777,72.97182,PM10,30,57,43
India,Maharashtra,Thane,"Kasarvadavali, Thane - MPCB",13-08-2026 11:00:00,19.26777,72.97182,NO2,14,23,18
India,Odisha,Balasore,"Kalidaspur, Balasore - OSPCB",13-08-2026 11:00:00,21.51161,86.89088,CO,37,45,41
India,Odisha,Barbil,"Forest Office, Barbil - OSPCB",13-08-2026 11:00:00,22.1166054,85.3945546,PM2.5,NA,NA,NA
India,Odisha,Barbil,"Forest Office, Barbil - OSPCB",13-08-2026 11:00:00,22.1166054,85.3945546,NO2,4,11,6
India,Odisha,Baripada,"Meher Colony, Baripada - OSPCB",13-08-2026 11:00:00,21.941841,86.728318,PM2.5,NA,NA,NA
India,Odisha,Bhubaneswar,"Lingraj Mandir, Bhubaneswar - OSPCB",13-08-2026 11:00:00,20.24079,85.836784,CO,37,40,38
India,Odisha,Bhubaneswar,"Patia, Bhubaneswar - OSPCB",13-08-2026 11:00:00,20.34652,85.8163,PM2.5,2,60,31
India,Odisha,Bhubaneswar,"Patia, Bhubaneswar - OSPCB",13-08-2026 11:00:00,20.34652,85.8163,SO2,6,9,8
India,Odisha,Bhubaneswar,"Patia, Bhubaneswar - OSPCB",13-08-2026 11:00:00,20.34652,85.8163,CO,34,40,37
India,Odisha,Bileipada,"Tata Township, Bileipada - OSPCB",13-08-2026 11:00:00,22.06156703,85.47409613,SO2,7,8,8
India,Odisha,Bileipada,"Tata Township, Bileipada - OSPCB",13-08-2026 11:00:00,22.06156703,85.47409613,OZONE,17,18,17
India,Odisha,Brajrajnagar,"GM Office, Brajrajnagar - OSPCB",13-08-2026 11:00:00,21.8004996,83.8396977,SO2,17,18,18
India,Odisha,Byasanagar,"Ferro Chrome Colony, Byasanagar - OSPCB",13-08-2026 11:00:00,20.94185,86.1151,NH3,1,1,1
India,Maharashtra,Nanded,"Sneh Nagar, Nanded - MPCB",13-08-2026 11:00:00,19.173852,77.296291,OZONE,12,34,20
India,Maharashtra,Nashik,"Pandav Nagari, Nashik - MPCB",13-08-2026 11:00:00,19.9591346,73.7788008,PM10,9,37,26
India,Maharashtra,Nashik,"Hirawadi, Nashik - MPCB",13-08-2026 11:00:00,20.021503,73.813844,PM10,9,32,18
India,Maharashtra,Nashik,"Gangapur Road, Nashik - MPCB",13-08-2026 11:00:00,20.0073285,73.7762427,NH3,3,3,3
India,Maharashtra,Nashik,"MIDC Ambad, Nashik - MPCB",13-08-2026 11:00:00,19.95022,73.73148,PM10,NA,NA,NA
India,Maharashtra,Nashik,"MIDC Ambad, Nashik - MPCB",13-08-2026 11:00:00,19.95022,73.73148,NH3,NA,NA,NA
India,Maharashtra,Navi Mumbai,"Tondare-Taloja, Navi Mumbai - MPCB",13-08-2026 11:00:00,19.063,73.1209,PM10,19,69,43
India,Maharashtra,Navi Mumbai,"Tondare-Taloja, Navi Mumbai - MPCB",13-08-2026 11:00:00,19.063,73.1209,CO,45,49,47
India,Maharashtra,Navi Mumbai,"Mahape, Navi Mumbai - MPCB",13-08-2026 11:00:00,19.1135051,73.008978,PM10,26,93,59
India,Maharashtra,Navi Mumbai,"Mahape, Navi Mumbai - MPCB",13-08-2026 11:00:00,19.1135051,73.008978,NH3,1,1,1
India,Maharashtra,Navi Mumbai,"Mahape, Navi Mumbai - MPCB",13-08-2026 11:00:00,19.1135051,73.008978,OZONE,9,10,9
India,Maharashtra,Parbhani,"Masoom Colony, Parbhani - MPCB",13-08-2026 11:00:00,19.265594,76.761463,SO2,2,9,5
India,Maharashtra,Pimpri-Chinchwad,"Park Street Wakad, Pimpri Chinchwad - MPCB",13-08-2026 11:00:00,18.59051,73.77946,CO,9,36,17
India,Maharashtra,Pimpri-Chinchwad,"Thergaon, Pimpri Chinchwad - MPCB",13-08-2026 11:00:00,18.616318,73.765797,OZONE,5,7,6
India,Maharashtra,Pimpri-Chinchwad,"Bhosari, Pune - IITM",13-08-2026 11:00:00,18.640051,73.848956,OZONE,8,19,11
India,Maharashtra,Pimpri-Chinchwad,"Transport Nagar-Nigdi, Pune - IITM",13-08-2026 11:00:00,18.664282,73.763966,CO,42,56,51
India,Maharashtra,Pimpri-Chinchwad,"Transport Nagar-Nigdi, Pune - IITM",13-08-2026 11:00:00,18.664282,73.763966,OZONE,8,18,12
India,Maharashtra,Pune,"Savitribai Phule Pune University, Pune - MPCB",13-08-2026 11:00:00,18.547056,73.826908,PM2.5,12,20,14
India,Maharashtra,Nagpur,"Opp GPO Civil Lines, Nagpur - MPCB",13-08-2026 11:00:00,21.152875,79.0517531,PM10,8,49,31
India,Maharashtra,Nagpur,"Opp GPO Civil Lines, Nagpur - MPCB",13-08-2026 11:00:00,21.152875,79.0517531,CO,14,33,19
India,Maharashtra,Nagpur,"Ram Nagar, Nagpur - MPCB",13-08-2026 11:00:00,21.143383,79.048912,PM2.5,10,57,26
India,Maharashtra,Nagpur,"Ambazari, Nagpur - MPCB",13-08-2026 11:00:00,21.121801,79.04952,PM10,18,43,30
India,Maharashtra,Nagpur,"Ambazari, Nagpur - MPCB",13-08-2026 11:00:00,21.121801,79.04952,CO,9,22,15
India,Maharashtra,Nagpur,"Mahal, Nagpur - MPCB",13-08-2026 11:00:00,21.14472,79.107595,PM2.5,24,40,31
India,Maharashtra,Nagpur,"Mahal, Nagpur - MPCB",13-08-2026 11:00:00,21.14472,79.107595,NO2,5,15,9
India,Maharashtra,Nanded,"Sneh Nagar, Nanded - MPCB",13-08-2026 11:00:00,19.173852,77.296291,NO2,NA,NA,NA
India,Odisha,Cuttack,"CDA Area, Cuttack - OSPCB",13-08-2026 11:00:00,20.48891,85.84768,OZONE,13,28,21
India,Odisha,Keonjhar,"Jagamohanpur, Keonjhar - OSPCB",13-08-2026 11:00:00,21.6439,85.599355,SO2,14,49,24
India,Odisha,Keonjhar,"Jagamohanpur, Keonjhar - OSPCB",13-08-2026 11:00:00,21.6439,85.599355,CO,37,41,39
India,Odisha,Rairangpur,"Divisional Forest Office, Rairangpur - OSPCB",13-08-2026 11:00:00,22.265816,86.174829,PM2.5,14,56,28
India,Odisha,Rourkela,"Raghunathpali, Rourkela - OSPCB",13-08-2026 11:00:00,22.220833,84.809444,PM10,19,260,79
India,Odisha,Rourkela,"Sector-2, Rourkela - OSPCB",13-08-2026 11:00:00,22.245,84.88111111,PM2.5,22,22,22
India,Odisha,Rourkela,"Sector-2, Rourkela - OSPCB",13-08-2026 11:00:00,22.245,84.88111111,NO2,11,11,11
India,Odisha,Rourkela,"Sector-2, Rourkela - OSPCB",13-08-2026 11:00:00,22.245,84.88111111,OZONE,NA,NA,NA
India,Odisha,Talcher,"Talcher Coalfields,Talcher - OSPCB",13-08-2026 11:00:00,20.9360711,85.1707021,SO2,71,78,75
India,Maharashtra,Pune,"Hadapsar, Pune - IITM",13-08-2026 11:00:00,18.501793,73.927532,SO2,NA,NA,NA
India,Maharashtra,Pune,"Katraj Dairy, Pune - MPCB",13-08-2026 11:00:00,18.45445,73.854155,PM2.5,9,55,19
India,Maharashtra,Pune,"Katraj Dairy, Pune - MPCB",13-08-2026 11:00:00,18.45445,73.854155,PM10,17,97,40
India,Maharashtra,Pune,"Katraj Dairy, Pune - MPCB",13-08-2026 11:00:00,18.45445,73.854155,NH3,1,2,1
India,Punjab,Ludhiana,"Punjab Agricultural University, Ludhiana - PPCB",13-08-2026 11:00:00,30.9028,75.8086,CO,26,37,31
India,Punjab,Mandi Gobindgarh,"RIMT University, Mandi Gobindgarh - PPCB",13-08-2026 11:00:00,30.649961,76.331442,CO,52,53,53
India,Punjab,Patiala,"Model Town, Patiala - PPCB",13-08-2026 11:00:00,30.349388,76.366642,PM10,33,77,52
India,Punjab,Rupnagar,"Ratanpura, Rupnagar - Ambuja Cements",13-08-2026 11:00:00,31.0325454,76.5623046,CO,53,60,57
India,Rajasthan,Alwar,"Moti Doongri, Alwar - RSPCB",13-08-2026 11:00:00,27.554793,76.611536,CO,11,57,31
India,Rajasthan,Alwar,"Vigyan Nagar, Alwar - RSPCB",13-08-2026 11:00:00,27.598796,76.63861,NH3,11,18,14
India,Rajasthan,Alwar,"Vigyan Nagar, Alwar - RSPCB",13-08-2026 11:00:00,27.598796,76.63861,CO,53,57,55
India,Rajasthan,Banswara,"Rati Talai, Banswara - RSPCB",13-08-2026 11:00:00,23.55519,74.44001,NH3,1,3,2
India,Rajasthan,Baran,"Bamboliya, Baran - RSPCB",13-08-2026 11:00:00,25.106006,76.469948,PM2.5,12,20,14
India,Rajasthan,Baran,"Bamboliya, Baran - RSPCB",13-08-2026 11:00:00,25.106006,76.469948,OZONE,7,32,16
India,Rajasthan,Barmer,"Railway Colony, Barmer - RSPCB",13-08-2026 11:00:00,25.747299,71.393989,PM10,25,57,40
India,Rajasthan,Barmer,"Railway Colony, Barmer - RSPCB",13-08-2026 11:00:00,25.747299,71.393989,NO2,3,16,7
India,Rajasthan,Bharatpur,"Krishna Nagar, Bharatpur - RSPCB",13-08-2026 11:00:00,27.215415,77.50873,NO2,4,38,13
India,Rajasthan,Bhilwara,"Pratap Nagar, Bhilwara - RSPCB",13-08-2026 11:00:00,25.339605,74.618883,PM2.5,NA,NA,NA
India,Rajasthan,Bhilwara,"Pratap Nagar, Bhilwara - RSPCB",13-08-2026 11:00:00,25.339605,74.618883,PM10,NA,NA,NA
India,Rajasthan,Bhilwara,"Pratap Nagar, Bhilwara - RSPCB",13-08-2026 11:00:00,25.339605,74.618883,NO2,6,25,13
India,Rajasthan,Bhilwara,"Pratap Nagar, Bhilwara - RSPCB",13-08-2026 11:00:00,25.339605,74.618883,CO,13,13,13
India,Rajasthan,Bhiwadi,"Vasundhara Nagar_UIT, Bhiwadi - RSPCB",13-08-2026 11:00:00,28.207266,76.829265,PM2.5,3,60,33
India,Rajasthan,Bhiwadi,"Vasundhara Nagar_UIT, Bhiwadi - RSPCB",13-08-2026 11:00:00,28.207266,76.829265,PM10,6,103,58
India,Rajasthan,Bhiwadi,"Vasundhara Nagar_UIT, Bhiwadi - RSPCB",13-08-2026 11:00:00,28.207266,76.829265,NO2,7,65,18
India,Rajasthan,Rajsamand,"Dhoinda, Rajsamand - RSPCB",13-08-2026 11:00:00,25.03636,73.883502,SO2,3,5,4
India,Rajasthan,Sawai Madhopur,"Sahu Nagar, Sawai Madhopur - RSPCB",13-08-2026 11:00:00,26.031443,76.359327,SO2,6,12,8
India,Rajasthan,Sikar,"Radhakishan Pura, Sikar - RSPCB",13-08-2026 11:00:00,27.608912,75.153302,CO,19,26,21
India,Rajasthan,Sikar,"Radhakishan Pura, Sikar - RSPCB",13-08-2026 11:00:00,27.608912,75.153302,OZONE,22,37,29
India,Rajasthan,Sirohi,"Vedhaynath Colony, Sirohi - RSPCB",13-08-2026 11:00:00,24.885261,72.857549,NO2,3,14,7
India,Rajasthan,Sri Ganganagar,"Old City, Sri Ganganagar - RSPCB",13-08-2026 11:00:00,29.931624,73.864511,PM10,21,204,83
India,Rajasthan,Sri Ganganagar,"Old City, Sri Ganganagar - RSPCB",13-08-2026 11:00:00,29.931624,73.864511,NO2,45,80,61
India,Rajasthan,Sri Ganganagar,"Old City, Sri Ganganagar - RSPCB",13-08-2026 11:00:00,29.931624,73.864511,CO,23,28,26
India,Rajasthan,Tonk,"Shastri Nagar, Tonk - RSPCB",13-08-2026 11:00:00,26.159933,75.780517,CO,59,84,67
India,Rajasthan,Udaipur,"Ashok Nagar, Udaipur - RSPCB",13-08-2026 11:00:00,24.5886166,73.6321397,PM10,9,64,29
India,Sikkim,Gangtok,"Zero Point GICI, Gangtok - SSPCB",13-08-2026 11:00:00,27.33853,88.614099,PM10,15,27,20
India,Sikkim,Gangtok,"Zero Point GICI, Gangtok - SSPCB",13-08-2026 11:00:00,27.33853,88.614099,NH3,1,1,1
India,Sikkim,Gangtok,"Zero Point GICI, Gangtok - SSPCB",13-08-2026 11:00:00,27.33853,88.614099,SO2,1,1,1
India,Sikkim,Gangtok,"Zero Point GICI, Gangtok - SSPCB",13-08-2026 11:00:00,27.33853,88.614099,CO,1,6,4
India,Rajasthan,Dungarpur,"Bhoiwada, Dungarpur - RSPCB",13-08-2026 11:00:00,23.837789,73.714926,CO,14,25,19
India,Rajasthan,Hanumangarh,"Housing Board, Hanumangarh - RSPCB",13-08-2026 11:00:00,29.61075,74.283608,PM2.5,2,48,26
India,Rajasthan,Jaipur,"Police Commissionerate, Jaipur - RSPCB",13-08-2026 11:00:00,26.9164092,75.7994901,PM2.5,22,81,42
India,Rajasthan,Jaipur,"Police Commissionerate, Jaipur - RSPCB",13-08-2026 11:00:00,26.9164092,75.7994901,NH3,4,55,19
India,Rajasthan,Jaipur,"Police Commissionerate, Jaipur - RSPCB",13-08-2026 11:00:00,26.9164092,75.7994901,OZONE,28,33,30
India,Rajasthan,Jaipur,"Adarsh Nagar, Jaipur - RSPCB",13-08-2026 11:00:00,26.902909,75.836858,NO2,9,25,15
India,Rajasthan,Jaipur,"Mansarovar Sector-12, Jaipur - RSPCB",13-08-2026 11:00:00,26.843698,75.766894,NO2,7,62,27
India,Rajasthan,Jaipur,"Mansarovar Sector-12, Jaipur - RSPCB",13-08-2026 11:00:00,26.843698,75.766894,NH3,2,7,4
India,Rajasthan,Jaipur,"Mansarovar Sector-12, Jaipur - RSPCB",13-08-2026 11:00:00,26.843698,75.766894,OZONE,20,60,40
India,Rajasthan,Jaipur,"RIICO Sitapura, Jaipur - RSPCB",13-08-2026 11:00:00,26.786682,75.827928,NH3,3,4,4
India,Rajasthan,Jaipur,"RIICO Sitapura, Jaipur - RSPCB",13-08-2026 11:00:00,26.786682,75.827928,SO2,1,7,3
India,Rajasthan,Bhiwadi,"Vasundhara Nagar_UIT, Bhiwadi - RSPCB",13-08-2026 11:00:00,28.207266,76.829265,SO2,0,4,2
India,Rajasthan,Bhiwadi,"Vasundhara Nagar_UIT, Bhiwadi - RSPCB",13-08-2026 11:00:00,28.207266,76.829265,CO,14,19,16
India,Rajasthan,Bhiwadi,"RIICO Ind. Area III, Bhiwadi - RSPCB",13-08-2026 11:00:00,28.194909,76.862296,SO2,4,40,11
India,Rajasthan,Bundi,"New Colony, Bundi - RSPCB",13-08-2026 11:00:00,25.435774,75.644272,PM10,20,129,55
India,Rajasthan,Chittorgarh,"Shastri Nagar, Chittorgarh - RSPCB",13-08-2026 11:00:00,24.892047,74.623527,NH3,7,11,9
India,Rajasthan,Churu,"Subash Chowk, Churu - RSPCB",13-08-2026 11:00:00,28.296139,74.961696,OZONE,49,59,53
India,Rajasthan,Dausa,"Khatikan Mohalla, Dausa - RSPCB",13-08-2026 11:00:00,26.895552,76.334753,OZONE,6,18,12
India,Rajasthan,Dholpur,"Raja Ganj, Dholpur - RSPCB",13-08-2026 11:00:00,26.699557,77.898881,NO2,5,18,10
India,Rajasthan,Dholpur,"Raja Ganj, Dholpur - RSPCB",13-08-2026 11:00:00,26.699557,77.898881,NH3,NA,NA,NA
India,Rajasthan,Jaisalmer,"Sadar Bazar, Jaisalmer - RSPCB",13-08-2026 11:00:00,26.912329,70.909168,NH3,2,25,7
India,Rajasthan,Jalore,"Mudtra Sili, Jalore - RSPCB",13-08-2026 11:00:00,25.344694,72.626208,NH3,2,6,4
India,Rajasthan,Jalore,"Mudtra Sili, Jalore - RSPCB",13-08-2026 11:00:00,25.344694,72.626208,OZONE,12,22,17
India,Rajasthan,Jhunjhunu,"Indra Nagar, Jhunjhunu - RSPCB",13-08-2026 11:00:00,28.108988,75.386577,PM2.5,2,39,15
India,Rajasthan,Jhunjhunu,"Indra Nagar, Jhunjhunu - RSPCB",13-08-2026 11:00:00,28.108988,75.386577,NH3,4,32,8
India,Rajasthan,Jodhpur,"Jhalamand, Jodhpur - RSPCB",13-08-2026 11:00:00,26.215415,73.070156,PM2.5,7,37,19
India,Rajasthan,Jodhpur,"Jhalamand, Jodhpur - RSPCB",13-08-2026 11:00:00,26.215415,73.070156,NO2,5,33,12
India,Rajasthan,Jodhpur,"Jhalamand, Jodhpur - RSPCB",13-08-2026 11:00:00,26.215415,73.070156,OZONE,11,14,13
India,Rajasthan,Jodhpur,"Collectorate, Jodhpur - RSPCB",13-08-2026 11:00:00,26.268249,73.0193853,PM10,11,70,44
India,Rajasthan,Jodhpur,"Collectorate, Jodhpur - RSPCB",13-08-2026 11:00:00,26.268249,73.0193853,NO2,18,29,22
India,Odisha,Talcher,"Talcher Coalfields,Talcher - OSPCB",13-08-2026 11:00:00,20.9360711,85.1707021,OZONE,12,20,16
India,Punjab,Amritsar,"Golden Temple, Amritsar - PPCB",13-08-2026 11:00:00,31.62,74.876512,PM10,61,101,74
India,Punjab,Amritsar,"Golden Temple, Amritsar - PPCB",13-08-2026 11:00:00,31.62,74.876512,CO,33,36,34
India,Punjab,Bathinda,"Hardev Nagar, Bathinda - PPCB",13-08-2026 11:00:00,30.233011,74.907758,SO2,9,25,15
India,Punjab,Bathinda,"Hardev Nagar, Bathinda - PPCB",13-08-2026 11:00:00,30.233011,74.907758,OZONE,NA,NA,NA
India,Punjab,Khanna,"Kalal Majra, Khanna - PPCB",13-08-2026 11:00:00,30.736056,76.209694,NO2,26,30,28
India,Punjab,Khanna,"Kalal Majra, Khanna - PPCB",13-08-2026 11:00:00,30.736056,76.209694,SO2,14,15,15
India,Punjab,Khanna,"Kalal Majra, Khanna - PPCB",13-08-2026 11:00:00,30.736056,76.209694,OZONE,19,40,25
India,Rajasthan,Jodhpur,"Mandor, Jodhpur - RSPCB",13-08-2026 11:00:00,26.358805,73.047444,OZONE,24,40,32
India,Rajasthan,Kota,"Shrinath Puram, Kota - RSPCB",13-08-2026 11:00:00,25.14389,75.821256,SO2,NA,NA,NA
India,Rajasthan,Kota,"Shrinath Puram, Kota - RSPCB",13-08-2026 11:00:00,25.14389,75.821256,OZONE,3,3,3
India,Rajasthan,Kota,"Nayapura, Kota - RSPCB",13-08-2026 11:00:00,25.196024,75.855668,PM10,19,58,36
India,Rajasthan,Kota,"Dhanmandi, Kota - RSPCB",13-08-2026 11:00:00,25.16409,75.858137,PM2.5,2,35,17
India,Tamil Nadu,Chennai,"Royapuram, Chennai - TNPCB",13-08-2026 11:00:00,13.1036,80.2909,SO2,5,10,8
India,Tamil Nadu,Chennai,"Manali Village, Chennai - TNPCB",13-08-2026 11:00:00,13.1662,80.2584,PM2.5,25,40,32
India,Tamil Nadu,Chennai,"Manali, Chennai - CPCB",13-08-2026 11:00:00,13.164544,80.26285,PM10,12,186,69
India,Tamil Nadu,Chennai,"Manali, Chennai - CPCB",13-08-2026 11:00:00,13.164544,80.26285,SO2,NA,NA,NA
India,Tamil Nadu,Chennai,"Manali, Chennai - CPCB",13-08-2026 11:00:00,13.164544,80.26285,CO,20,104,66
India,Rajasthan,Kota,"Dhanmandi, Kota - RSPCB",13-08-2026 11:00:00,25.16409,75.858137,OZONE,10,24,15
India,Rajasthan,Nagaur,"Karni Colony, Nagaur - RSPCB",13-08-2026 11:00:00,27.213494,73.734444,PM2.5,3,53,23
India,Rajasthan,Pratapgarh,"Pragati Nagar, Pratapgarh - RSPCB",13-08-2026 11:00:00,24.041198,74.780702,NH3,4,5,4
India,Rajasthan,Pratapgarh,"Pragati Nagar, Pratapgarh - RSPCB",13-08-2026 11:00:00,24.041198,74.780702,CO,4,11,8
India,Uttar Pradesh,Lucknow,"Kukrail Picnic Spot-1, Lucknow - UPPCB",13-08-2026 11:00:00,26.90723,80.98579,OZONE,12,15,13
India,Uttar Pradesh,Mathura,"Pali Dungra, Mathura - UPPCB",13-08-2026 11:00:00,27.410954,77.550619,NO2,4,7,5
India,Uttar Pradesh,Meerut,"Jai Bhim Nagar, Meerut - UPPCB",13-08-2026 11:00:00,28.9535882,77.7622941,NH3,NA,NA,NA
India,Uttar Pradesh,Meerut,"Jai Bhim Nagar, Meerut - UPPCB",13-08-2026 11:00:00,28.9535882,77.7622941,CO,NA,NA,NA
India,Uttar Pradesh,Meerut,"Ganga Nagar, Meerut - UPPCB",13-08-2026 11:00:00,28.999264,77.7590354,PM10,32,163,92
India,Uttar Pradesh,Meerut,"Ganga Nagar, Meerut - UPPCB",13-08-2026 11:00:00,28.999264,77.7590354,CO,46,55,52
India,Uttar Pradesh,Meerut,"MIET College, Meerut - UPPCB",13-08-2026 11:00:00,28.972677,77.641018,PM2.5,33,200,124
India,Uttar Pradesh,Meerut,"MIET College, Meerut - UPPCB",13-08-2026 11:00:00,28.972677,77.641018,PM10,60,158,112
India,Uttar Pradesh,Meerut,"MIET College, Meerut - UPPCB",13-08-2026 11:00:00,28.972677,77.641018,NH3,3,6,4
India,Uttar Pradesh,Meerut,"MIET College, Meerut - UPPCB",13-08-2026 11:00:00,28.972677,77.641018,CO,33,70,55
India,Uttar Pradesh,Meerut,"Pallavpuram Phase 2, Meerut - UPPCB",13-08-2026 11:00:00,29.06351,77.709723,OZONE,6,32,16
India,Uttar Pradesh,Modinagar,"SRM University, Modinagar - UPPCB",13-08-2026 11:00:00,28.798171,77.540243,PM2.5,15,119,74
India,Uttar Pradesh,Modinagar,"SRM University, Modinagar - UPPCB",13-08-2026 11:00:00,28.798171,77.540243,NO2,10,42,22
India,Uttar Pradesh,Modinagar,"SRM University, Modinagar - UPPCB",13-08-2026 11:00:00,28.798171,77.540243,SO2,10,11,10
India,Uttar Pradesh,Moradabad,"Kashiram Nagar, Moradabad - UPPCB",13-08-2026 11:00:00,28.849399,78.742362,SO2,19,33,23
India,Uttar Pradesh,Moradabad,"Kashiram Nagar, Moradabad - UPPCB",13-08-2026 11:00:00,28.849399,78.742362,OZONE,14,18,16
India,Uttar Pradesh,Moradabad,"Buddhi Vihar, Moradabad - UPPCB",13-08-2026 11:00:00,28.83526,78.7446,OZONE,17,37,25
India,Uttar Pradesh,Moradabad,"Eco Herbal Park, Moradabad - UPPCB",13-08-2026 11:00:00,28.840739,78.697531,PM2.5,5,73,39
India,Uttar Pradesh,Ghaziabad,"Sanjay Nagar, Ghaziabad - UPPCB",13-08-2026 11:00:00,28.685382,77.453839,PM2.5,20,158,67
India,Uttar Pradesh,Ghaziabad,"Sanjay Nagar, Ghaziabad - UPPCB",13-08-2026 11:00:00,28.685382,77.453839,NO2,18,106,53
India,Uttar Pradesh,Ghaziabad,"Vasundhara, Ghaziabad - UPPCB",13-08-2026 11:00:00,28.6603346,77.3572563,PM2.5,27,240,94
India,Uttar Pradesh,Ghaziabad,"Vasundhara, Ghaziabad - UPPCB",13-08-2026 11:00:00,28.6603346,77.3572563,NH3,7,10,8
India,Uttar Pradesh,Ghaziabad,"Vasundhara, Ghaziabad - UPPCB",13-08-2026 11:00:00,28.6603346,77.3572563,OZONE,20,55,29
India,Uttar Pradesh,Ghaziabad,"Indirapuram, Ghaziabad - UPPCB",13-08-2026 11:00:00,28.646233,77.358075,NH3,3,8,5
India,Uttar Pradesh,Ghaziabad,"Indirapuram, Ghaziabad - UPPCB",13-08-2026 11:00:00,28.646233,77.358075,SO2,14,17,15
India,Uttar Pradesh,Ghaziabad,"Indirapuram, Ghaziabad - UPPCB",13-08-2026 11:00:00,28.646233,77.358075,OZONE,25,26,26
India,Uttar Pradesh,Gorakhpur,"Madan Mohan Malaviya University of Technology, Gorakhpur - UPPCB",13-08-2026 11:00:00,26.730136,83.433859,NO2,11,12,11
India,Uttar Pradesh,Gorakhpur,"Madan Mohan Malaviya University of Technology, Gorakhpur - UPPCB",13-08-2026 11:00:00,26.730136,83.433859,NH3,1,1,1
India,Uttar Pradesh,Greater Noida,"Knowledge Park - III, Greater Noida - UPPCB",13-08-2026 11:00:00,28.47272,77.482,NH3,8,10,9
India,Uttar Pradesh,Greater Noida,"Knowledge Park - III, Greater Noida - UPPCB",13-08-2026 11:00:00,28.47272,77.482,CO,5,12,11
India,Uttar Pradesh,Greater Noida,"Knowledge Park - V, Greater Noida - UPPCB",13-08-2026 11:00:00,28.557054,77.453663,NO2,18,86,35
India,Uttar Pradesh,Hapur,"Anand Vihar, Hapur - UPPCB",13-08-2026 11:00:00,28.725645,77.749675,PM10,54,401,143
India,Uttar Pradesh,Hapur,"Anand Vihar, Hapur - UPPCB",13-08-2026 11:00:00,28.725645,77.749675,SO2,11,26,18
India,Uttar Pradesh,Jhansi,"Shivaji Nagar, Jhansi - UPPCB",13-08-2026 11:00:00,25.4547,78.6039,NO2,6,7,6
India,Tamil Nadu,Chennai,"Kodungaiyur, Chennai - TNPCB",13-08-2026 11:00:00,13.1278,80.2642,PM2.5,21,65,39
India,Tamil Nadu,Cuddalore,"Kudikadu, Cuddalore - TNPCB",13-08-2026 11:00:00,11.6829898,79.7532099,SO2,23,24,23
India,Tamil Nadu,Gummidipoondi,"Anthoni Pillai Nagar, Gummidipoondi - TNPCB",13-08-2026 11:00:00,13.4127,80.1081,PM2.5,32,380,164
India,Uttar Pradesh,Meerut,"Ganga Nagar, Meerut - UPPCB",13-08-2026 11:00:00,28.999264,77.7590354,CO,46,55,52
India,Uttar Pradesh,Meerut,"MIET College, Meerut - UPPCB",13-08-2026 11:00:00,28.972677,77.641018,PM2.5,33,200,124
India,Uttar Pradesh,Meerut,"MIET College, Meerut - UPPCB",13-08-2026 11:00:00,28.972677,77.641018,PM10,60,158,112
India,Uttar Pradesh,Meerut,"MIET College, Meerut - UPPCB",13-08-2026 11:00:00,28.972677,77.641018,NH3,3,6,4
India,Uttar Pradesh,Meerut,"MIET College, Meerut - UPPCB",13-08-2026 11:00:00,28.972677,77.641018,CO,33,70,55
India,Uttar Pradesh,Meerut,"Pallavpuram Phase 2, Meerut - UPPCB",13-08-2026 11:00:00,29.06351,77.709723,OZONE,6,32,16
India,Uttar Pradesh,Modinagar,"SRM University, Modinagar - UPPCB",13-08-2026 11:00:00,28.798171,77.540243,PM2.5,15,119,74
India,Uttar Pradesh,Modinagar,"SRM University, Modinagar - UPPCB",13-08-2026 11:00:00,28.798171,77.540243,NO2,10,42,22
India,Uttar Pradesh,Modinagar,"SRM University, Modinagar - UPPCB",13-08-2026 11:00:00,28.798171,77.540243,SO2,10,11,10
India,Uttar Pradesh,Moradabad,"Kashiram Nagar, Moradabad - UPPCB",13-08-2026 11:00:00,28.849399,78.742362,SO2,19,33,23
India,Uttar Pradesh,Moradabad,"Kashiram Nagar, Moradabad - UPPCB",13-08-2026 11:00:00,28.849399,78.742362,OZONE,14,18,16
India,Uttar Pradesh,Moradabad,"Buddhi Vihar, Moradabad - UPPCB",13-08-2026 11:00:00,28.83526,78.7446,OZONE,17,37,25
India,Uttar Pradesh,Moradabad,"Eco Herbal Park, Moradabad - UPPCB",13-08-2026 11:00:00,28.840739,78.697531,PM2.5,5,73,39
India,Uttar Pradesh,Moradabad,"Eco Herbal Park, Moradabad - UPPCB",13-08-2026 11:00:00,28.840739,78.697531,NH3,6,9,8
India,Uttar Pradesh,Moradabad,"Employment Office, Moradabad - UPPCB",13-08-2026 11:00:00,28.88528,78.7388,NO2,23,24,23
India,Uttar Pradesh,Moradabad,"Employment Office, Moradabad - UPPCB",13-08-2026 11:00:00,28.88528,78.7388,CO,13,14,14
India,Uttar Pradesh,Moradabad,"Transport Nagar, Moradabad - UPPCB",13-08-2026 11:00:00,28.802625,78.753728,PM10,43,113,70
India,Uttar Pradesh,Khurja,"Kalindi Kunj, Khurja - UPPCB",13-08-2026 11:00:00,28.2348927,77.8683002,NO2,12,13,12
India,Uttar Pradesh,Khurja,"Kalindi Kunj, Khurja - UPPCB",13-08-2026 11:00:00,28.2348927,77.8683002,CO,45,67,51
India,Uttar Pradesh,Lucknow,"Lalbagh, Lucknow - CPCB",13-08-2026 11:00:00,26.8458805,80.9365541,PM2.5,52,94,74
India,Uttar Pradesh,Lucknow,"Lalbagh, Lucknow - CPCB",13-08-2026 11:00:00,26.8458805,80.9365541,PM10,50,90,69
India,Uttar Pradesh,Lucknow,"Lalbagh, Lucknow - CPCB",13-08-2026 11:00:00,26.8458805,80.9365541,NH3,9,17,13
India,Uttar Pradesh,Lucknow,"Lalbagh, Lucknow - CPCB",13-08-2026 11:00:00,26.8458805,80.9365541,SO2,3,9,6
India,Uttar Pradesh,Lucknow,"Kendriya Vidyalaya, Lucknow - CPCB",13-08-2026 11:00:00,26.906111,80.948222,NH3,9,19,15
India,Uttar Pradesh,Lucknow,"Gomti Nagar, Lucknow - UPPCB",13-08-2026 11:00:00,26.86812,81.005119,CO,40,43,41
India,Uttar Pradesh,Lucknow,"Gomti Nagar, Lucknow - UPPCB",13-08-2026 11:00:00,26.86812,81.005119,OZONE,42,47,44
India,Uttar Pradesh,Lucknow,"Kukrail Picnic Spot-1, Lucknow - UPPCB",13-08-2026 11:00:00,26.90723,80.98579,PM10,52,81,63
India,Uttar Pradesh,Lucknow,"Kukrail Picnic Spot-1, Lucknow - UPPCB",13-08-2026 11:00:00,26.90723,80.98579,NO2,31,32,32
India,Uttar Pradesh,Lucknow,"Kukrail Picnic Spot-1, Lucknow - UPPCB",13-08-2026 11:00:00,26.90723,80.98579,OZONE,12,15,13
India,Uttar Pradesh,Mathura,"Pali Dungra, Mathura - UPPCB",13-08-2026 11:00:00,27.410954,77.550619,NO2,4,7,5
India,Uttar Pradesh,Meerut,"Jai Bhim Nagar, Meerut - UPPCB",13-08-2026 11:00:00,28.9535882,77.7622941,NH3,NA,NA,NA
India,Uttar Pradesh,Meerut,"Jai Bhim Nagar, Meerut - UPPCB",13-08-2026 11:00:00,28.9535882,77.7622941,CO,NA,NA,NA
India,Uttar Pradesh,Meerut,"Ganga Nagar, Meerut - UPPCB",13-08-2026 11:00:00,28.999264,77.7590354,PM10,32,163,92
India,Uttar Pradesh,Gorakhpur,"Madan Mohan Malaviya University of Technology, Gorakhpur - UPPCB",13-08-2026 11:00:00,26.730136,83.433859,NO2,11,12,11
India,Uttar Pradesh,Gorakhpur,"Madan Mohan Malaviya University of Technology, Gorakhpur - UPPCB",13-08-2026 11:00:00,26.730136,83.433859,NH3,1,1,1
India,Uttar Pradesh,Greater Noida,"Knowledge Park - III, Greater Noida - UPPCB",13-08-2026 11:00:00,28.47272,77.482,NH3,8,10,9
India,Uttar Pradesh,Greater Noida,"Knowledge Park - III, Greater Noida - UPPCB",13-08-2026 11:00:00,28.47272,77.482,CO,5,12,11
India,Uttar Pradesh,Greater Noida,"Knowledge Park - V, Greater Noida - UPPCB",13-08-2026 11:00:00,28.557054,77.453663,NO2,18,86,35
India,Uttar Pradesh,Hapur,"Anand Vihar, Hapur - UPPCB",13-08-2026 11:00:00,28.725645,77.749675,PM10,54,401,143
India,Uttar Pradesh,Hapur,"Anand Vihar, Hapur - UPPCB",13-08-2026 11:00:00,28.725645,77.749675,SO2,11,26,18
India,Uttar Pradesh,Jhansi,"Shivaji Nagar, Jhansi - UPPCB",13-08-2026 11:00:00,25.4547,78.6039,NO2,6,7,6
India,Uttar Pradesh,Kanpur,"Nehru Nagar, Kanpur - UPPCB",13-08-2026 11:00:00,26.4703136,80.3229863,PM2.5,33,93,59
India,Uttar Pradesh,Kanpur,"Nehru Nagar, Kanpur - UPPCB",13-08-2026 11:00:00,26.4703136,80.3229863,PM10,29,84,53
India,Uttar Pradesh,Kanpur,"Nehru Nagar, Kanpur - UPPCB",13-08-2026 11:00:00,26.4703136,80.3229863,OZONE,2,27,11
India,Uttar Pradesh,Ghaziabad,"Wave City, Ghaziabad - UPPCB",13-08-2026 11:00:00,28.646675,77.489049,PM2.5,NA,NA,NA
India,Uttar Pradesh,Ghaziabad,"Wave City, Ghaziabad - UPPCB",13-08-2026 11:00:00,28.646675,77.489049,NO2,16,24,19
India,Uttar Pradesh,Ghaziabad,"Wave City, Ghaziabad - UPPCB",13-08-2026 11:00:00,28.646675,77.489049,OZONE,1,19,5
India,Uttar Pradesh,Ghaziabad,"Loni, Ghaziabad - UPPCB",13-08-2026 11:00:00,28.757294,77.278792,PM2.5,47,177,80
India,Uttar Pradesh,Ghaziabad,"Sanjay Nagar, Ghaziabad - UPPCB",13-08-2026 11:00:00,28.685382,77.453839,PM2.5,20,158,67
India,Uttar Pradesh,Ghaziabad,"Sanjay Nagar, Ghaziabad - UPPCB",13-08-2026 11:00:00,28.685382,77.453839,NO2,18,106,53
India,Uttar Pradesh,Ghaziabad,"Vasundhara, Ghaziabad - UPPCB",13-08-2026 11:00:00,28.6603346,77.3572563,PM2.5,27,240,94
India,Uttar Pradesh,Ghaziabad,"Vasundhara, Ghaziabad - UPPCB",13-08-2026 11:00:00,28.6603346,77.3572563,NH3,7,10,8
India,Uttar Pradesh,Ghaziabad,"Vasundhara, Ghaziabad - UPPCB",13-08-2026 11:00:00,28.6603346,77.3572563,OZONE,20,55,29
India,Uttar Pradesh,Ghaziabad,"Indirapuram, Ghaziabad - UPPCB",13-08-2026 11:00:00,28.646233,77.358075,NH3,3,8,5
India,Uttar Pradesh,Ghaziabad,"Indirapuram, Ghaziabad - UPPCB",13-08-2026 11:00:00,28.646233,77.358075,SO2,14,17,15
India,Uttar Pradesh,Ghaziabad,"Indirapuram, Ghaziabad - UPPCB",13-08-2026 11:00:00,28.646233,77.358075,OZONE,25,26,26
India,Uttar Pradesh,Moradabad,"Jigar Colony, Moradabad - UPPCB",13-08-2026 11:00:00,28.856664,78.772638,NH3,6,6,6
India,Uttar Pradesh,Noida,"Sector-116, Noida - UPPCB",13-08-2026 11:00:00,28.56923,77.393848,SO2,9,16,12
India,Uttar Pradesh,Noida,"Sector-116, Noida - UPPCB",13-08-2026 11:00:00,28.56923,77.393848,CO,14,19,16
India,Uttar Pradesh,Noida,"Sector - 62, Noida - IITM",13-08-2026 11:00:00,28.6245479,77.3577104,NO2,3,91,44
India,Uttar Pradesh,Noida,"Sector-1, Noida - UPPCB",13-08-2026 11:00:00,28.5898,77.3101,PM10,66,158,104
India,Uttar Pradesh,Noida,"Sector-1, Noida - UPPCB",13-08-2026 11:00:00,28.5898,77.3101,NO2,11,61,38
India,Uttar Pradesh,Noida,"Sector - 125, Noida - UPPCB",13-08-2026 11:00:00,28.5447608,77.3231257,NO2,16,58,26
India,Uttar Pradesh,Noida,"Sector - 125, Noida - UPPCB",13-08-2026 11:00:00,28.5447608,77.3231257,NH3,7,9,8
India,Uttar Pradesh,Bulandshahr,"Yamunapuram, Bulandshahr - UPPCB",13-08-2026 11:00:00,28.406963,77.849831,PM10,57,149,98
India,Uttar Pradesh,Fatehpur Sikri,"Dadupura, Fatehpur Sikri - UPPCB",13-08-2026 11:00:00,27.097694,77.671335,NH3,NA,NA,NA
India,Uttar Pradesh,Firozabad,"Nagla Bhau, Firozabad - UPPCB",13-08-2026 11:00:00,27.168897,78.37696,PM2.5,5,59,23
India,Uttar Pradesh,Firozabad,"Nagla Bhau, Firozabad - UPPCB",13-08-2026 11:00:00,27.168897,78.37696,OZONE,10,17,12
India,Uttar Pradesh,Firozabad,"Vibhab Nagar, Firozabad - UPPCB",13-08-2026 11:00:00,27.1594,78.3953,PM2.5,17,31,24
India,Uttar Pradesh,Firozabad,"Vibhab Nagar, Firozabad - UPPCB",13-08-2026 11:00:00,27.1594,78.3953,NO2,15,15,15
India,Uttar Pradesh,Varanasi,"Ardhali Bazar, Varanasi - UPPCB",13-08-2026 11:00:00,25.3505986,82.9083074,NO2,NA,NA,NA
India,Uttar Pradesh,Varanasi,"Maldahiya, Varanasi - UPPCB",13-08-2026 11:00:00,25.32393,82.99687,SO2,30,30,30
India,Uttar Pradesh,Varanasi,"Bhelupur, Varanasi - UPPCB",13-08-2026 11:00:00,25.301778,82.996789,PM2.5,49,100,69
India,Uttar Pradesh,Vrindavan,"Omex Eternity, Vrindavan - UPPCB",13-08-2026 11:00:00,27.571409,77.655757,OZONE,15,16,16
India,Uttar Pradesh,Prayagraj,"Nagar Nigam, Prayagraj - UPPCB",13-08-2026 11:00:00,25.44919916,81.82735986,SO2,18,84,36
India,Uttar Pradesh,Prayagraj,"Motilal Nehru NIT, Prayagraj - UPPCB",13-08-2026 11:00:00,25.494,81.863,PM10,NA,NA,NA
India,Uttar Pradesh,Prayagraj,"Motilal Nehru NIT, Prayagraj - UPPCB",13-08-2026 11:00:00,25.494,81.863,SO2,6,12,8
India,Uttar Pradesh,Raebareli,"Anand Nagar, Raebareli - UPPCB",13-08-2026 11:00:00,26.219512,81.237648,OZONE,35,50,40
India,Uttarakhand,Rishikesh,"Shivaji Nagar, Rishikesh - UKPCB",13-08-2026 11:00:00,30.075911,78.2859547,NH3,3,3,3
India,West Bengal,Asansol,"Evelyn Lodge, Asansol - WBPCB",13-08-2026 11:00:00,23.697936,86.944395,PM2.5,5,59,24
India,West Bengal,Asansol,"Evelyn Lodge, Asansol - WBPCB",13-08-2026 11:00:00,23.697936,86.944395,SO2,77,78,78
India,West Bengal,Asansol,"Asansol Court Area, Asansol - WBPCB",13-08-2026 11:00:00,23.685297,86.945968,PM10,24,80,46
India,West Bengal,Asansol,"Asansol Court Area, Asansol - WBPCB",13-08-2026 11:00:00,23.685297,86.945968,NH3,2,8,5
India,West Bengal,Asansol,"Asansol Court Area, Asansol - WBPCB",13-08-2026 11:00:00,23.685297,86.945968,CO,18,43,33
India,West Bengal,Barrackpore,"SVSPA Campus, Barrackpore - WBPCB",13-08-2026 11:00:00,22.7605581,88.3617589,PM2.5,15,57,33
India,West Bengal,Durgapur,"Womens College_City Center, Durgapur - WBPCB",13-08-2026 11:00:00,23.549395,87.300496,NH3,4,6,5
India,West Bengal,Durgapur,"Mahishkapur Road_B-Zone, Durgapur - WBPCB",13-08-2026 11:00:00,23.567923,87.306843,PM2.5,0,90,33
India,West Bengal,Durgapur,"PCBL Residential Complex, Durgapur - WBPCB",13-08-2026 11:00:00,23.508764,87.35444,SO2,11,12,11
India,West Bengal,Haldia,"Priyambada Housing Estate, Haldia - WBPCB",13-08-2026 11:00:00,22.06047,88.109737,OZONE,26,29,28
India,West Bengal,Howrah,"Ghusuri, Howrah - WBPCB",13-08-2026 11:00:00,22.611968,88.347422,PM2.5,31,126,79
India,West Bengal,Howrah,"Ghusuri, Howrah - WBPCB",13-08-2026 11:00:00,22.611968,88.347422,PM10,34,141,89
India,West Bengal,Howrah,"Ghusuri, Howrah - WBPCB",13-08-2026 11:00:00,22.611968,88.347422,NO2,60,133,80
India,West Bengal,Howrah,"Padmapukur, Howrah - WBPCB",13-08-2026 11:00:00,22.5687319,88.2797276,PM2.5,15,46,27
India,West Bengal,Howrah,"Padmapukur, Howrah - WBPCB",13-08-2026 11:00:00,22.5687319,88.2797276,NO2,15,51,30
India,West Bengal,Howrah,"Botanical Garden, Howrah - WBPCB",13-08-2026 11:00:00,22.554954,88.292568,SO2,7,9,8
India,West Bengal,Howrah,"Botanical Garden, Howrah - WBPCB",13-08-2026 11:00:00,22.554954,88.292568,OZONE,1,2,2
India,West Bengal,Howrah,"Belur Math, Howrah - WBPCB",13-08-2026 11:00:00,22.629801,88.352017,PM2.5,15,68,47
India,West Bengal,Howrah,"Belur Math, Howrah - WBPCB",13-08-2026 11:00:00,22.629801,88.352017,NO2,16,74,32
India,West Bengal,Kolkata,"Rabindra Sarobar, Kolkata - WBPCB",13-08-2026 11:00:00,22.51106,88.35142,SO2,4,9,6
India,West Bengal,Kolkata,"Rabindra Sarobar, Kolkata - WBPCB",13-08-2026 11:00:00,22.51106,88.35142,CO,19,30,24
India,West Bengal,Kolkata,"Victoria, Kolkata - WBPCB",13-08-2026 11:00:00,22.5448082,88.3403691,PM2.5,66,118,87
India,West Bengal,Kolkata,"Victoria, Kolkata - WBPCB",13-08-2026 11:00:00,22.5448082,88.3403691,NH3,8,8,8
India,West Bengal,Kolkata,"Fort William, Kolkata - WBPCB",13-08-2026 11:00:00,22.55664,88.342674,PM10,19,75,48
India,West Bengal,Kolkata,"Fort William, Kolkata - WBPCB",13-08-2026 11:00:00,22.55664,88.342674,NH3,9,9,9
India,West Bengal,Kolkata,"Rabindra Bharati University, Kolkata - WBPCB",13-08-2026 11:00:00,22.627847,88.380669,PM2.5,16,68,46
India,West Bengal,Kolkata,"Rabindra Bharati University, Kolkata - WBPCB",13-08-2026 11:00:00,22.627847,88.380669,NO2,12,102,45
India,West Bengal,Kolkata,"Rabindra Bharati University, Kolkata - WBPCB",13-08-2026 11:00:00,22.627847,88.380669,NH3,3,8,5
India,West Bengal,Kolkata,"Jadavpur, Kolkata - WBPCB",13-08-2026 11:00:00,22.49929,88.36917,PM2.5,31,85,51
India,West Bengal,Kolkata,"Jadavpur, Kolkata - WBPCB",13-08-2026 11:00:00,22.49929,88.36917,OZONE,10,11,11
India,West Bengal,Kolkata,"Ballygunge, Kolkata - WBPCB",13-08-2026 11:00:00,22.5367507,88.3638022,NO2,26,62,44
India,West Bengal,Kolkata,"Ballygunge, Kolkata - WBPCB",13-08-2026 11:00:00,22.5367507,88.3638022,NH3,9,14,12
India,West Bengal,Kolkata,"Ballygunge, Kolkata - WBPCB",13-08-2026 11:00:00,22.5367507,88.3638022,OZONE,11,16,15
India,Andhra Pradesh,Kadapa,"Yerramukkapalli, Kadapa - APPCB",13-08-2026 11:00:00,14.465052,78.824187,NO2,17,24,20
India,Andhra Pradesh,Kadapa,"Yerramukkapalli, Kadapa - APPCB",13-08-2026 11:00:00,14.465052,78.824187,SO2,NA,NA,NA
India,Andhra Pradesh,Kadapa,"Yerramukkapalli, Kadapa - APPCB",13-08-2026 11:00:00,14.465052,78.824187,OZONE,43,48,44
India,Andhra Pradesh,Kakinada,"Rama Rao Peta, Kakinada - APPCB",13-08-2026 11:00:00,16.962488,82.229513,PM10,18,46,33
India,Andhra Pradesh,Kakinada,"Rama Rao Peta, Kakinada - APPCB",13-08-2026 11:00:00,16.962488,82.229513,NO2,25,59,40
India,Andhra Pradesh,Kakinada,"Rama Rao Peta, Kakinada - APPCB",13-08-2026 11:00:00,16.962488,82.229513,NH3,4,14,8
India,Andhra Pradesh,Kurnool,"Sita Rama Nagar, Kurnool - APPCB",13-08-2026 11:00:00,15.83411,78.028546,PM10,26,49,34
India,Andhra Pradesh,Kurnool,"Sita Rama Nagar, Kurnool - APPCB",13-08-2026 11:00:00,15.83411,78.028546,CO,5,10,7
India,Andhra Pradesh,Kurnool,"Sita Rama Nagar, Kurnool - APPCB",13-08-2026 11:00:00,15.83411,78.028546,OZONE,13,19,14
India,Andhra Pradesh,Machilipatnam,"Srinivas Nagar Colony, Machilipatnam - APPCB",13-08-2026 11:00:00,16.186555,81.13219,PM2.5,46,62,51
India,Andhra Pradesh,Machilipatnam,"Srinivas Nagar Colony, Machilipatnam - APPCB",13-08-2026 11:00:00,16.186555,81.13219,PM10,51,64,55
India,Andhra Pradesh,Machilipatnam,"Srinivas Nagar Colony, Machilipatnam - APPCB",13-08-2026 11:00:00,16.186555,81.13219,NO2,16,24,18
India,Andhra Pradesh,Machilipatnam,"Srinivas Nagar Colony, Machilipatnam - APPCB",13-08-2026 11:00:00,16.186555,81.13219,CO,14,28,21
India,Andhra Pradesh,Machilipatnam,"Srinivas Nagar Colony, Machilipatnam - APPCB",13-08-2026 11:00:00,16.186555,81.13219,OZONE,23,34,26
India,Andhra Pradesh,Nellore,"Ambedkar Nagar, Nellore - APPCB ",13-08-2026 11:00:00,14.438164,79.966814,SO2,9,22,18
India,Andhra Pradesh,Nellore,"Ambedkar Nagar, Nellore - APPCB ",13-08-2026 11:00:00,14.438164,79.966814,OZONE,36,43,39
India,Bihar,Manguraha,"Forest Rest House, Manguraha - BSPCB",13-08-2026 11:00:00,27.308328,84.531742,OZONE,29,90,40
India,Bihar,Motihari,"Gandak Colony, Motihari - BSPCB",13-08-2026 11:00:00,26.63086,84.90051,PM2.5,13,325,52
India,Bihar,Motihari,"Gandak Colony, Motihari - BSPCB",13-08-2026 11:00:00,26.63086,84.90051,PM10,12,253,41
India,Bihar,Motihari,"Gandak Colony, Motihari - BSPCB",13-08-2026 11:00:00,26.63086,84.90051,CO,11,14,12
India,Bihar,Munger,"Town Hall, Munger - BSPCB",13-08-2026 11:00:00,25.376776,86.471523,PM2.5,3,500,156
India,Bihar,Munger,"Town Hall, Munger - BSPCB",13-08-2026 11:00:00,25.376776,86.471523,NO2,7,7,7
India,Bihar,Muzaffarpur,"Buddha Colony, Muzaffarpur - BSPCB",13-08-2026 11:00:00,26.11442,85.39813,OZONE,7,20,12
India,Bihar,Patna,"DRM Office Danapur, Patna - BSPCB",13-08-2026 11:00:00,25.586562,85.043586,SO2,5,8,6
India,Bihar,Patna,"DRM Office Danapur, Patna - BSPCB",13-08-2026 11:00:00,25.586562,85.043586,OZONE,13,315,80
India,Assam,Nagaon,"Christianpatty, Nagaon - PCBA",13-08-2026 11:00:00,26.349082,92.68449,PM2.5,38,68,50
India,Assam,Nagaon,"Christianpatty, Nagaon - PCBA",13-08-2026 11:00:00,26.349082,92.68449,NO2,1,3,1
India,Assam,Silchar,"Tarapur, Silchar - PCBA",13-08-2026 11:00:00,24.82827,92.79525,PM10,40,55,48
India,Assam,Silchar,"Tarapur, Silchar - PCBA",13-08-2026 11:00:00,24.82827,92.79525,NH3,1,1,1
India,Assam,Silchar,"Tarapur, Silchar - PCBA",13-08-2026 11:00:00,24.82827,92.79525,SO2,5,7,6
India,Assam,Sivasagar,"Girls College, Sivasagar - PCBA",13-08-2026 11:00:00,26.987634,94.636574,CO,10,22,17
India,Bihar,Araria,"Kharahiya Basti, Araria - BSPCB",13-08-2026 11:00:00,26.146529,87.454184,CO,24,32,28
India,Bihar,Arrah,"New DM Office, Arrah - BSPCB",13-08-2026 11:00:00,25.5626095,84.663264,SO2,5,6,5
India,Bihar,Arrah,"New DM Office, Arrah - BSPCB",13-08-2026 11:00:00,25.5626095,84.663264,CO,47,62,55
India,Andhra Pradesh,Visakhapatnam,"GVM Corporation, Visakhapatnam - APPCB",13-08-2026 11:00:00,17.72,83.3,CO,4,15,10
India,Arunachal Pradesh,Naharlagun,"Naharlagun, Naharlagun - APSPCB",13-08-2026 11:00:00,27.103358,93.679645,PM2.5,2,41,23
India,Arunachal Pradesh,Naharlagun,"Naharlagun, Naharlagun - APSPCB",13-08-2026 11:00:00,27.103358,93.679645,NO2,8,10,8
India,Assam,Byrnihat,"Central Academy for SFS, Byrnihat - PCBA",13-08-2026 11:00:00,26.071318,91.87488,NH3,4,4,4
India,Assam,Guwahati,"Railway Colony, Guwahati - PCBA",13-08-2026 11:00:00,26.181742,91.78063,PM2.5,23,85,45
India,Assam,Guwahati,"Pan Bazaar, Guwahati - PCBA",13-08-2026 11:00:00,26.1875,91.744194,CO,10,13,11
India,Assam,Guwahati,"IITG, Guwahati - PCBA",13-08-2026 11:00:00,26.2028636,91.70046436,PM10,3,46,23
India,Bihar,Begusarai,"Lohiyanagar, Begusarai - BSPCB",13-08-2026 11:00:00,25.42742023,86.13886079,PM2.5,NA,NA,NA
India,Bihar,Begusarai,"Lohiyanagar, Begusarai - BSPCB",13-08-2026 11:00:00,25.42742023,86.13886079,NH3,15,17,16
India,Bihar,Begusarai,"Lohiyanagar, Begusarai - BSPCB",13-08-2026 11:00:00,25.42742023,86.13886079,SO2,19,21,20
India,Bihar,Begusarai,"Lohiyanagar, Begusarai - BSPCB",13-08-2026 11:00:00,25.42742023,86.13886079,CO,7,13,11
India,Bihar,Bettiah,"Kamalnath Nagar, Bettiah - BSPCB",13-08-2026 11:00:00,26.80365,84.51954,NH3,2,5,3
India,Bihar,Bhagalpur,"DM Office_Kachari Chowk, Bhagalpur - BSPCB",13-08-2026 11:00:00,25.251013,86.989001,SO2,17,28,22
India,Bihar,Bhagalpur,"Mayaganj, Bhagalpur - BSPCB",13-08-2026 11:00:00,25.265194,87.012947,OZONE,9,27,15
India,Bihar,Buxar,"Charitra Van, Buxar - BSPCB",13-08-2026 11:00:00,25.56752,83.966379,PM10,NA,NA,NA
India,Andhra Pradesh,Amaravati,"Secretariat, Amaravati - APPCB",13-08-2026 11:00:00,16.5150833,80.5181667,CO,9,18,14
India,Andhra Pradesh,Amaravati,"Secretariat, Amaravati - APPCB",13-08-2026 11:00:00,16.5150833,80.5181667,OZONE,13,24,18
India,Andhra Pradesh,Anantapur,"Gulzarpet, Anantapur - APPCB",13-08-2026 11:00:00,14.675886,77.593027,NO2,14,25,16
India,Andhra Pradesh,Chittoor,"Gangineni Cheruvu, Chittoor - APPCB",13-08-2026 11:00:00,13.20488,79.097889,PM10,NA,NA,NA
India,Andhra Pradesh,Eluru,"District Court, Eluru - APPCB",13-08-2026 11:00:00,16.711754,81.092095,PM10,44,69,52
India,Andhra Pradesh,Guntur,"Rajendra Nagar North, Guntur - APPCB",13-08-2026 11:00:00,16.316553,80.413302,SO2,11,16,13
India,Andhra Pradesh,Srikakulam,"Chinna Bharatham Colony, Srikakulam - APPCB",13-08-2026 11:00:00,18.292191,83.897173,SO2,13,18,15
India,Andhra Pradesh,Tirumala,"Toll Gate, Tirumala - APPCB",13-08-2026 11:00:00,13.67,79.35,PM10,25,46,38
India,Andhra Pradesh,Tirumala,"Toll Gate, Tirumala - APPCB",13-08-2026 11:00:00,13.67,79.35,SO2,2,8,5
India,Andhra Pradesh,Tirupati,"Vaikuntapuram, Tirupati - APPCB",13-08-2026 11:00:00,13.615387,79.40923,CO,19,23,21
India,Andhra Pradesh,Vijayawada,"Rajiv Nagar, Vijayawada - APPCB",13-08-2026 11:00:00,16.554731,80.64911,PM10,48,71,54
India,Andhra Pradesh,Vijayawada,"Rajiv Nagar, Vijayawada - APPCB",13-08-2026 11:00:00,16.554731,80.64911,OZONE,13,24,18
India,Andhra Pradesh,Vijayawada,"HB Colony, Vijayawada - APPCB",13-08-2026 11:00:00,16.536107,80.594233,NO2,14,26,17
India,Andhra Pradesh,Vijayawada,"HB Colony, Vijayawada - APPCB",13-08-2026 11:00:00,16.536107,80.594233,NH3,3,4,3
India,Andhra Pradesh,Vijayawada,"HB Colony, Vijayawada - APPCB",13-08-2026 11:00:00,16.536107,80.594233,SO2,6,16,9
India,Bihar,Chhapra,"Darshan Nagar, Chhapra - BSPCB",13-08-2026 11:00:00,25.7808257,84.7446768,NO2,0,1,1
India,Bihar,Chhapra,"Darshan Nagar, Chhapra - BSPCB",13-08-2026 11:00:00,25.7808257,84.7446768,NH3,5,7,6
India,Bihar,Chhapra,"Darshan Nagar, Chhapra - BSPCB",13-08-2026 11:00:00,25.7808257,84.7446768,SO2,27,32,30
India,Bihar,Gaya,"Kareemganj, Gaya - BSPCB",13-08-2026 11:00:00,24.792403,84.992416,NH3,0,4,1
India,Bihar,Hajipur,"Industrial Area, Hajipur - BSPCB",13-08-2026 11:00:00,25.697189,85.2459,PM2.5,37,61,48
India,Bihar,Hajipur,"Industrial Area, Hajipur - BSPCB",13-08-2026 11:00:00,25.697189,85.2459,OZONE,23,56,34
India,Bihar,Manguraha,"Forest Rest House, Manguraha - BSPCB",13-08-2026 11:00:00,27.308328,84.531742,NH3,0,1,1
India,Delhi,Delhi,"Aya Nagar, Delhi - IITM",13-08-2026 11:00:00,28.4706914,77.1099364,PM2.5,3,129,61
India,Delhi,Delhi,"Aya Nagar, Delhi - IITM",13-08-2026 11:00:00,28.4706914,77.1099364,PM10,12,139,83
India,Delhi,Delhi,"Aya Nagar, Delhi - IITM",13-08-2026 11:00:00,28.4706914,77.1099364,SO2,NA,NA,NA
India,Delhi,Delhi,"Aya Nagar, Delhi - IITM",13-08-2026 11:00:00,28.4706914,77.1099364,CO,28,33,30
India,Delhi,Delhi,"CRRI Mathura Road, Delhi - IITM",13-08-2026 11:00:00,28.5512005,77.2735737,PM10,22,123,71
India,Delhi,Delhi,"Burari Crossing, Delhi - IITM",13-08-2026 11:00:00,28.7256504,77.2011573,SO2,NA,NA,NA
India,Delhi,Delhi,"IMD Lodhi Road, Delhi - IITM",13-08-2026 11:00:00,28.5918245,77.2273074,NO2,4,26,11
India,Delhi,Delhi,"JNU, Delhi - DPCC",13-08-2026 11:00:00,28.540721,77.168544,PM10,41,128,76
India,Delhi,Delhi,"Alipur, Delhi - DPCC",13-08-2026 11:00:00,28.815329,77.15301,PM2.5,5,143,73
India,Delhi,Delhi,"North Campus, DU, Delhi - IITM",13-08-2026 11:00:00,28.6573814,77.1585447,PM2.5,51,235,92
India,Delhi,Delhi,"IIT Delhi, Delhi - IITM",13-08-2026 11:00:00,28.54246,77.191651,CO,38,43,41
India,Delhi,Delhi,"Dr. Karni Singh Shooting Range, Delhi - DPCC",13-08-2026 11:00:00,28.498571,77.26484,PM2.5,3,193,62
India,Delhi,Delhi,"Dr. Karni Singh Shooting Range, Delhi - DPCC",13-08-2026 11:00:00,28.498571,77.26484,PM10,45,145,87
India,Delhi,Delhi,"Dr. Karni Singh Shooting Range, Delhi - DPCC",13-08-2026 11:00:00,28.498571,77.26484,SO2,6,10,8
India,Chhattisgarh,Chhal,"Nawapara SECL Colony, Chhal - CECB",13-08-2026 11:00:00,22.118125,83.140608,PM2.5,21,56,39
India,Chhattisgarh,Chhal,"Nawapara SECL Colony, Chhal - CECB",13-08-2026 11:00:00,22.118125,83.140608,OZONE,15,32,27
India,Chhattisgarh,Korba,"Rampur, Korba - CECB",13-08-2026 11:00:00,22.368195,82.746431,SO2,10,43,22
India,Chhattisgarh,Korba,"Rampur, Korba - CECB",13-08-2026 11:00:00,22.368195,82.746431,CO,10,36,23
India,Chhattisgarh,Korba,"Urja Nagar, Korba - CECB",13-08-2026 11:00:00,22.348441,82.549611,PM10,22,58,38
India,Chhattisgarh,Kunjemura,"OP Jindal School, Kunjemura - CECB",13-08-2026 11:00:00,22.12665,83.483212,PM10,37,117,76
India,Chhattisgarh,Milupara,"Govt. Higher Secondary School, Milupara - CECB",13-08-2026 11:00:00,22.1910172,83.5197009,PM10,21,165,33
India,Chhattisgarh,Milupara,"Govt. Higher Secondary School, Milupara - CECB",13-08-2026 11:00:00,22.1910172,83.5197009,NH3,0,2,1
India,Chhattisgarh,Milupara,"Govt. Higher Secondary School, Milupara - CECB",13-08-2026 11:00:00,22.1910172,83.5197009,CO,18,56,30
India,Chhattisgarh,Raipur,"Siltara Phase-II, Raipur - CECB",13-08-2026 11:00:00,21.371751,81.664929,NO2,15,32,22
India,Chhattisgarh,Raipur,"Siltara Phase-II, Raipur - CECB",13-08-2026 11:00:00,21.371751,81.664929,SO2,1,54,17
India,Chhattisgarh,Raipur,"AIIMS, Raipur - CECB",13-08-2026 11:00:00,21.258815,81.578979,PM2.5,9,21,16
India,Chhattisgarh,Raipur,"AIIMS, Raipur - CECB",13-08-2026 11:00:00,21.258815,81.578979,OZONE,10,18,14
India,Delhi,Delhi,"Dwarka-Sector 8, Delhi - DPCC ",13-08-2026 11:00:00,28.5710274,77.0719006,PM2.5,8,160,61
India,Delhi,Delhi,"DTU, Delhi - CPCB",13-08-2026 11:00:00,28.7500499,77.1112615,NH3,2,16,8
India,Delhi,Delhi,"DTU, Delhi - CPCB",13-08-2026 11:00:00,28.7500499,77.1112615,OZONE,14,19,15
India,Delhi,Delhi,"Anand Vihar, Delhi - DPCC",13-08-2026 11:00:00,28.647622,77.315809,CO,97,112,104
India,Delhi,Delhi,"Ashok Vihar, Delhi - DPCC",13-08-2026 11:00:00,28.695381,77.181665,NO2,4,101,23
India,Delhi,Delhi,"Ashok Vihar, Delhi - DPCC",13-08-2026 11:00:00,28.695381,77.181665,CO,28,45,39
India,Delhi,Delhi,"Mundka, Delhi - DPCC",13-08-2026 11:00:00,28.684678,77.076574,SO2,0,12,6
India,Delhi,Delhi,"Wazirpur, Delhi - DPCC",13-08-2026 11:00:00,28.699793,77.165453,PM2.5,83,328,196
India,Delhi,Delhi,"Wazirpur, Delhi - DPCC",13-08-2026 11:00:00,28.699793,77.165453,CO,42,54,48
India,Delhi,Delhi,"Wazirpur, Delhi - DPCC",13-08-2026 11:00:00,28.699793,77.165453,OZONE,14,17,15
India,Delhi,Delhi,"Jawaharlal Nehru Stadium, Delhi - DPCC",13-08-2026 11:00:00,28.58028,77.233829,OZONE,30,31,30
India,Delhi,Delhi,"Patparganj, Delhi - DPCC",13-08-2026 11:00:00,28.623763,77.287209,PM2.5,5,92,46
India,Bihar,Patna,"Govt. High School Shikarpur, Patna - BSPCB",13-08-2026 11:00:00,25.592539,85.227158,NO2,5,6,6
India,Bihar,Patna,"Govt. High School Shikarpur, Patna - BSPCB",13-08-2026 11:00:00,25.592539,85.227158,SO2,12,13,13
India,Bihar,Patna,"Govt. High School Shikarpur, Patna - BSPCB",13-08-2026 11:00:00,25.592539,85.227158,OZONE,20,71,37
India,Bihar,Purnia,"Mariam Nagar, Purnia - BSPCB",13-08-2026 11:00:00,25.366336,87.117468,OZONE,13,39,25
India,Bihar,Saharsa,"Police Line, Saharsa - BSPCB",13-08-2026 11:00:00,25.892357,86.590325,CO,38,38,38
India,Bihar,Saharsa,"Police Line, Saharsa - BSPCB",13-08-2026 11:00:00,25.892357,86.590325,OZONE,12,12,12
India,Bihar,Samastipur,"DM Office_Kasipur, Samastipur - BSPCB",13-08-2026 11:00:00,25.859655,85.77944,PM10,46,375,105
India,Bihar,Sasaram,"Dada Peer, Sasaram - BSPCB",13-08-2026 11:00:00,24.952822,84.002396,NO2,1,4,2
India,Bihar,Siwan,"Chitragupta Nagar, Siwan - BSPCB",13-08-2026 11:00:00,26.2271665,84.3570427,SO2,7,12,10
India,Chandigarh,Chandigarh,"Sector 22, Chandigarh - CPCC",13-08-2026 11:00:00,30.735567,76.775714,NO2,3,13,9
India,Chandigarh,Chandigarh,"Sector 22, Chandigarh - CPCC",13-08-2026 11:00:00,30.735567,76.775714,SO2,4,7,5
India,Chandigarh,Chandigarh,"Sector 22, Chandigarh - CPCC",13-08-2026 11:00:00,30.735567,76.775714,OZONE,3,9,6
India,Chandigarh,Chandigarh,"Sector-25, Chandigarh - CPCC",13-08-2026 11:00:00,30.751462,76.762879,OZONE,17,25,20
India,Chandigarh,Chandigarh,"Sector-53, Chandigarh - CPCC",13-08-2026 11:00:00,30.719859,76.738637,NO2,16,106,39
India,Chandigarh,Chandigarh,"Sector-53, Chandigarh - CPCC",13-08-2026 11:00:00,30.719859,76.738637,NH3,23,28,25
India,Chandigarh,Chandigarh,"Sector-53, Chandigarh - CPCC",13-08-2026 11:00:00,30.719859,76.738637,OZONE,0,10,4
India,Chhattisgarh,Bhilai,"Hathkhoj, Bhilai - CECB",13-08-2026 11:00:00,21.224231,81.40835,NO2,4,18,10
India,Chhattisgarh,Bhilai,"32Bungalows, Bhilai - CECB",13-08-2026 11:00:00,21.194815,81.31477,NO2,2,9,5
India,Chhattisgarh,Bhilai,"Civic Center, Bhilai - Bhilai Steel Plant",13-08-2026 11:00:00,21.185571,81.343175,SO2,9,12,10
India,Chhattisgarh,Raipur,"Bhatagaon New ISBT, Raipur - CECB",13-08-2026 11:00:00,21.219665,81.630094,OZONE,2,3,2
India,Chhattisgarh,Tumidih,"OP Jindal Industrial Park, Tumidih - CECB",13-08-2026 11:00:00,22.06631475,83.33820077,SO2,NA,NA,NA
India,Delhi,Delhi,"ITO, Delhi - CPCB",13-08-2026 11:00:00,28.628624,77.24106,SO2,0,50,26
India,Delhi,Delhi,"NSUT Jaffarpur, Delhi - DPCC",13-08-2026 11:00:00,28.594004,76.909423,NH3,0,7,3
India,Delhi,Delhi,"NSUT Jaffarpur, Delhi - DPCC",13-08-2026 11:00:00,28.594004,76.909423,SO2,NA,NA,NA
India,Delhi,Delhi,"Punjabi Bagh, Delhi - DPCC",13-08-2026 11:00:00,28.674045,77.131023,NO2,15,47,27
India,Delhi,Delhi,"Shadipur, Delhi - CPCB",13-08-2026 11:00:00,28.6514781,77.1473105,PM2.5,22,83,42
India,Delhi,Delhi,"Shadipur, Delhi - CPCB",13-08-2026 11:00:00,28.6514781,77.1473105,PM10,24,206,77
India,Delhi,Delhi,"Chandni Chowk, Delhi - IITM",13-08-2026 11:00:00,28.656756,77.227234,NH3,3,8,5
India,Delhi,Delhi,"Pusa, Delhi - IITM",13-08-2026 11:00:00,28.63611,77.173332,NO2,18,137,46
India,Delhi,Delhi,"Pusa, Delhi - IITM",13-08-2026 11:00:00,28.63611,77.173332,NH3,NA,NA,NA
India,Delhi,Delhi,"Pusa, Delhi - IITM",13-08-2026 11:00:00,28.63611,77.173332,SO2,NA,NA,NA
India,Delhi,Delhi,"IGI Airport (T3), Delhi - IITM",13-08-2026 11:00:00,28.5627763,77.1180053,PM10,33,134,94
India,Delhi,Delhi,"Shadipur, Delhi - CPCB",13-08-2026 11:00:00,28.6514781,77.1473105,CO,28,47,35
India,Delhi,Delhi,"Mandir Marg, Delhi - DPCC",13-08-2026 11:00:00,28.636429,77.201067,NO2,10,32,18
India,Delhi,Delhi,"Pusa, Delhi - DPCC",13-08-2026 11:00:00,28.639652,77.146275,SO2,1,10,6
India,Delhi,Delhi,"Sirifort, Delhi - CPCB",13-08-2026 11:00:00,28.5504249,77.2159377,CO,17,40,25
India,Delhi,Delhi,"NSIT Dwarka, Delhi - CPCB",13-08-2026 11:00:00,28.60909,77.0325413,SO2,11,17,14
India,Haryana,Kaithal,"Rishi Nagar, Kaithal - HSPCB",13-08-2026 11:00:00,29.8006,76.4155,NH3,4,6,5
India,Haryana,Kaithal,"Rishi Nagar, Kaithal - HSPCB",13-08-2026 11:00:00,29.8006,76.4155,OZONE,6,19,13
India,Haryana,Karnal,"Sector-12, Karnal - HSPCB",13-08-2026 11:00:00,29.6953,77.0027,PM2.5,53,120,71
India,Haryana,Karnal,"Sector-12, Karnal - HSPCB",13-08-2026 11:00:00,29.6953,77.0027,NO2,9,22,15
India,Haryana,Kurukshetra,"Sector-7, Kurukshetra - HSPCB",13-08-2026 11:00:00,29.966942,76.875879,SO2,3,18,7
India,Haryana,Kurukshetra,"Sector-7, Kurukshetra - HSPCB",13-08-2026 11:00:00,29.966942,76.875879,CO,28,46,35
India,Haryana,Kurukshetra,"Sector-7, Kurukshetra - HSPCB",13-08-2026 11:00:00,29.966942,76.875879,OZONE,18,21,20
India,Haryana,Mandikhera,"General Hospital, Mandikhera(Nuh) - HSPCB",13-08-2026 11:00:00,27.9002,76.9938,PM10,67,72,70
India,Haryana,Mandikhera,"General Hospital, Mandikhera(Nuh) - HSPCB",13-08-2026 11:00:00,27.9002,76.9938,NH3,6,9,8
India,Haryana,Manesar,"Sector-2 IMT, Manesar - HSPCB",13-08-2026 11:00:00,28.360699,76.93609,PM2.5,19,189,94
India,Haryana,Manesar,"Sector-2 IMT, Manesar - HSPCB",13-08-2026 11:00:00,28.360699,76.93609,NO2,18,56,29
India,Haryana,Narnaul,"Shastri Nagar, Narnaul - HSPCB",13-08-2026 11:00:00,28.060249,76.113115,SO2,5,18,10
India,Haryana,Narnaul,"Shastri Nagar, Narnaul - HSPCB",13-08-2026 11:00:00,28.060249,76.113115,CO,12,14,13
India,Haryana,Palwal,"Shyam Nagar, Palwal - HSPCB",13-08-2026 11:00:00,28.1485564,77.3320667,PM10,83,130,104
India,Haryana,Palwal,"Shyam Nagar, Palwal - HSPCB",13-08-2026 11:00:00,28.1485564,77.3320667,NO2,23,24,24
India,Haryana,Palwal,"Shyam Nagar, Palwal - HSPCB",13-08-2026 11:00:00,28.1485564,77.3320667,NH3,6,6,6
India,Haryana,Palwal,"Shyam Nagar, Palwal - HSPCB",13-08-2026 11:00:00,28.1485564,77.3320667,CO,13,135,87
India,Haryana,Palwal,"Shyam Nagar, Palwal - HSPCB",13-08-2026 11:00:00,28.1485564,77.3320667,OZONE,10,10,10
India,Haryana,Panchgaon,"Amity University, Panchgaon - IITM",13-08-2026 11:00:00,28.3153,76.9143,PM10,16,85,43
India,Haryana,Panchgaon,"Amity University, Panchgaon - IITM",13-08-2026 11:00:00,28.3153,76.9143,NH3,7,13,10
India,Haryana,Panchgaon,"Amity University, Panchgaon - IITM",13-08-2026 11:00:00,28.3153,76.9143,OZONE,3,14,5
India,Haryana,Panchkula,"Sector-6, Panchkula - HSPCB ",13-08-2026 11:00:00,30.7057778,76.8531805555555,NH3,NA,NA,NA
India,Haryana,Panchkula,"Sector-6, Panchkula - HSPCB ",13-08-2026 11:00:00,30.7057778,76.8531805555555,SO2,9,13,11
India,Haryana,Panipat,"Sector-18, Panipat - HSPCB",13-08-2026 11:00:00,29.432304,76.972765,PM2.5,NA,NA,NA
India,Haryana,Ambala,"Patti Mehar, Ambala - HSPCB",13-08-2026 11:00:00,30.379589,76.778328,OZONE,25,44,33
India,Haryana,Bahadurgarh,"Arya Nagar, Bahadurgarh - HSPCB",13-08-2026 11:00:00,28.6701,76.9254,PM2.5,44,106,70
India,Haryana,Bahadurgarh,"Arya Nagar, Bahadurgarh - HSPCB",13-08-2026 11:00:00,28.6701,76.9254,SO2,7,9,8
India,Haryana,Ballabgarh,"Nathu Colony, Ballabgarh - HSPCB",13-08-2026 11:00:00,28.3419248,77.319699,NO2,19,21,20
India,Haryana,Ballabgarh,"Nathu Colony, Ballabgarh - HSPCB",13-08-2026 11:00:00,28.3419248,77.319699,CO,17,24,20
India,Haryana,Bhiwani,"H.B. Colony, Bhiwani - HSPCB",13-08-2026 11:00:00,28.806223,76.141105,PM10,16,47,26
India,Haryana,Charkhi Dadri,"Mini Secretariat, Charkhi Dadri - HSPCB",13-08-2026 11:00:00,28.593883,76.270653,PM10,12,161,54
India,Haryana,Charkhi Dadri,"Mini Secretariat, Charkhi Dadri - HSPCB",13-08-2026 11:00:00,28.593883,76.270653,SO2,7,9,8
India,Haryana,Charkhi Dadri,"Mini Secretariat, Charkhi Dadri - HSPCB",13-08-2026 11:00:00,28.593883,76.270653,CO,13,21,17
India,Haryana,Dharuhera,"Municipal Corporation Office, Dharuhera -  HSPCB",13-08-2026 11:00:00,28.2068,76.7997,PM10,67,112,87
India,Haryana,Dharuhera,"Municipal Corporation Office, Dharuhera -  HSPCB",13-08-2026 11:00:00,28.2068,76.7997,NO2,13,48,33
India,Delhi,Delhi,"Nehru Nagar, Delhi - DPCC",13-08-2026 11:00:00,28.56789,77.250515,OZONE,11,39,18
India,Delhi,Delhi,"Sri Aurobindo Marg, Delhi - DPCC",13-08-2026 11:00:00,28.531346,77.190156,NO2,12,31,20
India,Delhi,Delhi,"Sri Aurobindo Marg, Delhi - DPCC",13-08-2026 11:00:00,28.531346,77.190156,SO2,0,42,15
India,Delhi,Delhi,"Sri Aurobindo Marg, Delhi - DPCC",13-08-2026 11:00:00,28.531346,77.190156,OZONE,3,26,10
India,Delhi,Delhi,"IHBAS, Dilshad Garden, Delhi - CPCB",13-08-2026 11:00:00,28.6811736,77.3025234,OZONE,8,33,16
India,Delhi,Delhi,"Jahangirpuri, Delhi - DPCC",13-08-2026 11:00:00,28.73282,77.170633,NH3,8,9,9
India,Delhi,Delhi,"Vivek Vihar, Delhi - DPCC",13-08-2026 11:00:00,28.672342,77.31526,PM2.5,52,120,75
India,Delhi,Delhi,"Rohini, Delhi - DPCC",13-08-2026 11:00:00,28.732528,77.11992,PM2.5,47,280,122
India,Delhi,Delhi,"Rohini, Delhi - DPCC",13-08-2026 11:00:00,28.732528,77.11992,NO2,0,14,5
India,Delhi,Delhi,"Okhla Phase-2, Delhi - DPCC",13-08-2026 11:00:00,28.530785,77.271255,SO2,6,9,8
India,Delhi,Delhi,"Bawana, Delhi - DPCC",13-08-2026 11:00:00,28.7762,77.051074,PM10,45,163,110
India,Delhi,Delhi,"Bawana, Delhi - DPCC",13-08-2026 11:00:00,28.7762,77.051074,CO,36,42,39
India,Delhi,Delhi,"Major Dhyan Chand National Stadium, Delhi - DPCC",13-08-2026 11:00:00,28.611281,77.237738,CO,23,35,29
India,Delhi,Delhi,"Major Dhyan Chand National Stadium, Delhi - DPCC",13-08-2026 11:00:00,28.611281,77.237738,OZONE,12,45,22
India,Delhi,Delhi,"Cantonment Area, Delhi - DPCC",13-08-2026 11:00:00,28.594169,77.1251,PM10,22,160,81
India,Delhi,Delhi,"Cantonment Area, Delhi - DPCC",13-08-2026 11:00:00,28.594169,77.1251,NO2,7,18,11
India,Delhi,Delhi,"Cantonment Area, Delhi - DPCC",13-08-2026 11:00:00,28.594169,77.1251,SO2,1,3,2
India,Delhi,Delhi,"Cantonment Area, Delhi - DPCC",13-08-2026 11:00:00,28.594169,77.1251,OZONE,3,6,4
India,Gujarat,Ahmedabad,"SAC ISRO Satellite, Ahmedabad - IITM",13-08-2026 11:00:00,23.023389,72.515201,PM2.5,29,91,49
India,Gujarat,Ahmedabad,"SAC ISRO Satellite, Ahmedabad - IITM",13-08-2026 11:00:00,23.023389,72.515201,PM10,34,106,61
India,Gujarat,Ahmedabad,"SAC ISRO Satellite, Ahmedabad - IITM",13-08-2026 11:00:00,23.023389,72.515201,NH3,1,2,2
India,Gujarat,Ahmedabad,"Raikhad, Ahmedabad - IITM",13-08-2026 11:00:00,23.020509,72.579261,PM10,38,67,53
India,Gujarat,Nandesari,"GIDC, Nandesari - Nandesari Ind. Association",13-08-2026 11:00:00,22.410802,73.097923,NO2,2,47,20
India,Gujarat,Rajkot,"Mavdi, Rajkot - Nexteng Enviro ",13-08-2026 11:00:00,22.248853,70.776774,OZONE,6,11,8
India,Gujarat,Surat,"Science Center, Surat - SMC",13-08-2026 11:00:00,21.170046,72.795405,SO2,16,18,17
India,Gujarat,Vadodara,"Bapunagar, Vadodara - Nexteng Enviro",13-08-2026 11:00:00,22.320153,73.216285,NH3,1,2,2
India,Gujarat,Vadodara,"Bapunagar, Vadodara - Nexteng Enviro",13-08-2026 11:00:00,22.320153,73.216285,OZONE,3,4,3
India,Gujarat,Vapi,"Phase-1 GIDC, Vapi - GPCB",13-08-2026 11:00:00,20.362421,72.918013,OZONE,6,8,7
India,Gujarat,Vatva,"Phase-4 GIDC, Vatva - GPCB",13-08-2026 11:00:00,22.969611,72.6435,PM2.5,66,169,110
India,Gujarat,Vatva,"Phase-4 GIDC, Vatva - GPCB",13-08-2026 11:00:00,22.969611,72.6435,PM10,87,133,109
India,Gujarat,Vatva,"Phase-4 GIDC, Vatva - GPCB",13-08-2026 11:00:00,22.969611,72.6435,NO2,31,38,35
India,Gujarat,Vatva,"Phase-4 GIDC, Vatva - GPCB",13-08-2026 11:00:00,22.969611,72.6435,NH3,5,5,5
India,Gujarat,Ankleshwar,"GIDC, Ankleshwar - GPCB",13-08-2026 11:00:00,21.613267,73.010555,NO2,22,29,23
India,Gujarat,Bhavnagar,"Vidhyanagar, Bhavnagar - Nexteng Enviro",13-08-2026 11:00:00,21.755417,72.139056,NH3,5,8,6
India,Gujarat,Bhavnagar,"Vidhyanagar, Bhavnagar - Nexteng Enviro",13-08-2026 11:00:00,21.755417,72.139056,CO,59,60,59
India,Gujarat,Gandhinagar,"GIFT City, Gandhinagar - IITM",13-08-2026 11:00:00,23.163798,72.677768,NH3,2,3,3
India,Gujarat,Gandhinagar,"GIFT City, Gandhinagar - IITM",13-08-2026 11:00:00,23.163798,72.677768,CO,22,36,27
India,Gujarat,Gandhinagar,"IIPHG Lekawada, Gandhinagar - IITM",13-08-2026 11:00:00,23.243639,72.68994,PM2.5,4,62,26
India,Gujarat,Gandhinagar,"IIPHG Lekawada, Gandhinagar - IITM",13-08-2026 11:00:00,23.243639,72.68994,SO2,2,3,2
India,Gujarat,Gandhinagar,"IIPHG Lekawada, Gandhinagar - IITM",13-08-2026 11:00:00,23.243639,72.68994,CO,12,16,14
India,Gujarat,Mehsana,"Sadanand Nagar, Mehsana - Nexteng Enviro",13-08-2026 11:00:00,23.59315,72.372792,NO2,3,5,4
India,Gujarat,Mehsana,"Sadanand Nagar, Mehsana - Nexteng Enviro",13-08-2026 11:00:00,23.59315,72.372792,SO2,13,15,14
India,Gujarat,Mehsana,"Sadanand Nagar, Mehsana - Nexteng Enviro",13-08-2026 11:00:00,23.59315,72.372792,OZONE,8,9,9
India,Haryana,Fatehabad,"Huda Sector, Fatehabad - HSPCB",13-08-2026 11:00:00,29.503664,75.467934,PM10,29,46,33
India,Haryana,Fatehabad,"Huda Sector, Fatehabad - HSPCB",13-08-2026 11:00:00,29.503664,75.467934,SO2,28,36,32
India,Haryana,Gurugram,"Teri Gram, Gurugram - HSPCB",13-08-2026 11:00:00,28.4275,77.1465,OZONE,7,21,11
India,Haryana,Gurugram,"Vikas Sadan, Gurugram - HSPCB",13-08-2026 11:00:00,28.4501238,77.0263051,NH3,NA,NA,NA
India,Haryana,Gurugram,"Vikas Sadan, Gurugram - HSPCB",13-08-2026 11:00:00,28.4501238,77.0263051,CO,33,75,57
India,Haryana,Gurugram,"NISE Gwal Pahari, Gurugram - IITM",13-08-2026 11:00:00,28.422681,77.148944,NO2,12,25,18
India,Haryana,Hisar,"Urban Estate-II, Hisar - HSPCB",13-08-2026 11:00:00,29.14056,75.744941,NH3,9,10,9
India,Haryana,Jind,"Police Lines, Jind - HSPCB",13-08-2026 11:00:00,29.307814,76.337619,PM2.5,55,169,88
India,Haryana,Jind,"Police Lines, Jind - HSPCB",13-08-2026 11:00:00,29.307814,76.337619,NO2,12,14,13
India,Gujarat,Ahmedabad,"Rakhial, Ahmedabad - IITM",13-08-2026 11:00:00,23.016834,72.625775,NO2,37,101,58
India,Gujarat,Ahmedabad,"Maninagar, Ahmedabad - GPCB",13-08-2026 11:00:00,23.002657,72.591912,PM2.5,48,135,84
India,Gujarat,Ahmedabad,"Maninagar, Ahmedabad - GPCB",13-08-2026 11:00:00,23.002657,72.591912,NO2,28,44,38
India,Gujarat,Ahmedabad,"Maninagar, Ahmedabad - GPCB",13-08-2026 11:00:00,23.002657,72.591912,NH3,NA,NA,NA
India,Gujarat,Ahmedabad,"Chandkheda, Ahmedabad - IITM",13-08-2026 11:00:00,23.107969,72.574648,NO2,4,15,9
India,Gujarat,Ahmedabad,"Chandkheda, Ahmedabad - IITM",13-08-2026 11:00:00,23.107969,72.574648,SO2,5,9,7
India,Haryana,Faridabad,"Sector 30, Faridabad - HSPCB",13-08-2026 11:00:00,28.4417,77.3217,PM10,68,72,70
India,Haryana,Faridabad,"Sector 11, Faridabad - HSPCB",13-08-2026 11:00:00,28.376058,77.315741,OZONE,16,17,16
India,Haryana,Faridabad,"New Industrial Town, Faridabad - HSPCB",13-08-2026 11:00:00,28.39072,77.30059,PM10,88,92,90
India,Haryana,Faridabad,"New Industrial Town, Faridabad - HSPCB",13-08-2026 11:00:00,28.39072,77.30059,NH3,10,12,11
India,Karnataka,Gadag,"Panchal Nagar, Gadag - KSPCB",13-08-2026 11:00:00,15.411456,75.638133,NH3,3,5,4
India,Karnataka,Hubballi,"Lingaraj Nagar, Hubballi - KSPCB",13-08-2026 11:00:00,15.3714823,75.1160168,PM2.5,33,48,40
India,Karnataka,Kalaburagi,"Mahatma Basaveswar Colony, Kalaburgi - KSPCB",13-08-2026 11:00:00,17.336318,76.847397,PM10,20,42,39
India,Karnataka,Kalaburagi,"Mahatma Basaveswar Colony, Kalaburgi - KSPCB",13-08-2026 11:00:00,17.336318,76.847397,NO2,12,17,16
India,Karnataka,Kalaburagi,"Mahatma Basaveswar Colony, Kalaburgi - KSPCB",13-08-2026 11:00:00,17.336318,76.847397,CO,27,32,30
India,Karnataka,Kalaburagi,"Lal Bahadur Shastri Nagar, Kalaburagi - KSPCB",13-08-2026 11:00:00,17.321993,76.822628,NO2,NA,NA,NA
India,Karnataka,Kalaburagi,"Lal Bahadur Shastri Nagar, Kalaburagi - KSPCB",13-08-2026 11:00:00,17.321993,76.822628,OZONE,20,21,21
India,Karnataka,Karwar,"KHB Colony, Karwar - KSPCB",13-08-2026 11:00:00,14.816666,74.141003,CO,NA,NA,NA
India,Karnataka,Karwar,"KHB Colony, Karwar - KSPCB",13-08-2026 11:00:00,14.816666,74.141003,OZONE,NA,NA,NA
India,Karnataka,Mangalore,"Kadri, Mangalore - KSPCB",13-08-2026 11:00:00,12.88925,74.853,PM10,20,67,39
India,Karnataka,Mangalore,"Kadri, Mangalore - KSPCB",13-08-2026 11:00:00,12.88925,74.853,CO,NA,NA,NA
India,Karnataka,Mysuru,"Hebbal 1st Stage, Mysuru - KSPCB",13-08-2026 11:00:00,12.21041,76.37376,PM2.5,12,27,19
India,Karnataka,Mysuru,"Hebbal 1st Stage, Mysuru - KSPCB",13-08-2026 11:00:00,12.21041,76.37376,PM10,29,77,51
India,Karnataka,Mysuru,"Hebbal 1st Stage, Mysuru - KSPCB",13-08-2026 11:00:00,12.21041,76.37376,NO2,14,28,21
India,Karnataka,Mysuru,"Hebbal 1st Stage, Mysuru - KSPCB",13-08-2026 11:00:00,12.21041,76.37376,SO2,1,9,4
India,Karnataka,Mysuru,"Hebbal 1st Stage, Mysuru - KSPCB",13-08-2026 11:00:00,12.21041,76.37376,OZONE,9,21,13
India,Karnataka,Ramanagara,"Vijay Nagar, Ramanagara - KSPCB",13-08-2026 11:00:00,12.733409,77.298051,PM2.5,8,37,18
India,Karnataka,Ramanagara,"Vijay Nagar, Ramanagara - KSPCB",13-08-2026 11:00:00,12.733409,77.298051,SO2,17,23,20
India,Karnataka,Shivamogga,"Vinoba Nagara, Shivamogga - KSPCB",13-08-2026 11:00:00,13.94,75.555917,PM10,39,51,43
India,Karnataka,Vijayapura,"Ibrahimpur, Vijayapura - KSPCB",13-08-2026 11:00:00,16.802639,75.722694,NH3,3,4,4
India,Karnataka,Yadgir,"Collector Office, Yadgir - KSPCB",13-08-2026 11:00:00,16.7602,77.1428,SO2,NA,NA,NA
India,Kerala,Kannur,"Thavakkara, Kannur - Kerala PCB",13-08-2026 11:00:00,11.875,75.3732,SO2,0,0,0
India,Kerala,Kannur,"Thavakkara, Kannur - Kerala PCB",13-08-2026 11:00:00,11.875,75.3732,CO,12,14,13
India,Kerala,Thiruvananthapuram,"Plammoodu, Thiruvananthapuram - Kerala PCB",13-08-2026 11:00:00,8.5149093,76.9435879,SO2,7,20,15
India,Kerala,Thiruvananthapuram,"Plammoodu, Thiruvananthapuram - Kerala PCB",13-08-2026 11:00:00,8.5149093,76.9435879,CO,5,11,8
India,Kerala,Thiruvananthapuram,"Kariavattom, Thiruvananthapuram - Kerala PCB",13-08-2026 11:00:00,8.5637,76.8865,CO,20,23,22
India,Kerala,Thrissur,"Corporation Ground, Thrissur - Kerala PCB",13-08-2026 11:00:00,10.5324,76.2159,SO2,0,0,0
India,Karnataka,Bengaluru,"Jigani, Bengaluru - KSPCB",13-08-2026 11:00:00,12.7816279,77.6299145,NH3,3,3,3
India,Karnataka,Bengaluru,"Jigani, Bengaluru - KSPCB",13-08-2026 11:00:00,12.7816279,77.6299145,CO,25,26,26
India,Karnataka,Bengaluru,"Kasturi Nagar, Bengaluru - KSPCB",13-08-2026 11:00:00,13.003872,77.664217,PM2.5,80,84,81
India,Karnataka,Bengaluru,"Kasturi Nagar, Bengaluru - KSPCB",13-08-2026 11:00:00,13.003872,77.664217,NO2,31,32,32
India,Karnataka,Bengaluru,"Peenya, Bengaluru - CPCB",13-08-2026 11:00:00,13.0270199,77.494094,PM10,NA,NA,NA
India,Karnataka,Bengaluru,"Peenya, Bengaluru - CPCB",13-08-2026 11:00:00,13.0270199,77.494094,NO2,8,26,16
India,Karnataka,Bengaluru,"Peenya, Bengaluru - CPCB",13-08-2026 11:00:00,13.0270199,77.494094,SO2,5,16,9
India,Karnataka,Bengaluru,"Peenya, Bengaluru - CPCB",13-08-2026 11:00:00,13.0270199,77.494094,OZONE,NA,NA,NA
India,Karnataka,Bengaluru,"Sanegurava Halli, Bengaluru - KSPCB",13-08-2026 11:00:00,12.990328,77.5431385,PM2.5,NA,NA,NA
India,Karnataka,Bengaluru,"Sanegurava Halli, Bengaluru - KSPCB",13-08-2026 11:00:00,12.990328,77.5431385,SO2,6,7,6
India,Karnataka,Bengaluru,"Sanegurava Halli, Bengaluru - KSPCB",13-08-2026 11:00:00,12.990328,77.5431385,OZONE,NA,NA,NA
India,Karnataka,Bengaluru,"Hebbal, Bengaluru - KSPCB",13-08-2026 11:00:00,13.029152,77.585901,NO2,3,22,13
India,Kerala,Thrissur,"Corporation Ground, Thrissur - Kerala PCB",13-08-2026 11:00:00,10.5324,76.2159,CO,6,7,6
India,Ladakh,Leh,"Skara Yokma, Leh - LPCC",13-08-2026 11:00:00,34.147096,77.55709,PM2.5,0,27,10
India,Ladakh,Leh,"Skara Yokma, Leh - LPCC",13-08-2026 11:00:00,34.147096,77.55709,OZONE,19,92,56
India,Madhya Pradesh,Bhopal,"T T Nagar, Bhopal - MPPCB",13-08-2026 11:00:00,23.233584,77.400574,PM10,18,57,34
India,Madhya Pradesh,Bhopal,"T T Nagar, Bhopal - MPPCB",13-08-2026 11:00:00,23.233584,77.400574,NO2,8,18,13
India,Madhya Pradesh,Bhopal,"Idgah Hills, Bhopal - MPPCB",13-08-2026 11:00:00,23.264759,77.381568,PM10,21,85,51
India,Madhya Pradesh,Bhopal,"Idgah Hills, Bhopal - MPPCB",13-08-2026 11:00:00,23.264759,77.381568,NH3,3,4,4
India,Madhya Pradesh,Bhopal,"Paryavaran Parisar, Bhopal - MPPCB",13-08-2026 11:00:00,23.210494,77.425409,PM2.5,7,50,26
India,Madhya Pradesh,Bhopal,"Paryavaran Parisar, Bhopal - MPPCB",13-08-2026 11:00:00,23.210494,77.425409,NH3,1,5,3
India,Haryana,Rohtak,"MD University, Rohtak - HSPCB",13-08-2026 11:00:00,28.52123,76.37138,SO2,9,12,11
India,Haryana,Sirsa,"F-Block, Sirsa - HSPCB",13-08-2026 11:00:00,29.5364,75.0158,PM2.5,17,40,28
India,Haryana,Sirsa,"F-Block, Sirsa - HSPCB",13-08-2026 11:00:00,29.5364,75.0158,OZONE,12,32,18
India,Haryana,Sonipat,"Murthal, Sonipat - HSPCB",13-08-2026 11:00:00,29.0272,77.0621,PM2.5,36,68,48
India,Haryana,Yamuna Nagar,"Gobind Pura, Yamuna Nagar - HSPCB",13-08-2026 11:00:00,30.1480566,77.2893471,PM10,51,150,84
India,Haryana,Yamuna Nagar,"Gobind Pura, Yamuna Nagar - HSPCB",13-08-2026 11:00:00,30.1480566,77.2893471,SO2,10,15,11
India,Himachal Pradesh,Baddi,"HIMUDA Complex Phase-1, Baddi - HPPCB",13-08-2026 11:00:00,30.943887,76.801991,SO2,2,51,23
India,Karnataka,Chamarajanagar,"Urban, Chamarajanagar - KSPCB",13-08-2026 11:00:00,11.55358,76.55521,NH3,1,3,2
India,Karnataka,Chamarajanagar,"Urban, Chamarajanagar - KSPCB",13-08-2026 11:00:00,11.55358,76.55521,OZONE,26,28,26
India,Karnataka,Chikkaballapur,"Chikkaballapur Rural, Chikkaballapur - KSPCB",13-08-2026 11:00:00,13.428828,77.731418,PM2.5,5,62,18
India,Karnataka,Chikkamagaluru,"Kalyana Nagara, Chikkamagaluru - KSPCB",13-08-2026 11:00:00,13.328028,75.797056,PM2.5,NA,NA,NA
India,Karnataka,Chikkamagaluru,"Kalyana Nagara, Chikkamagaluru - KSPCB",13-08-2026 11:00:00,13.328028,75.797056,CO,24,24,24
India,Karnataka,Davanagere,"Devaraj Urs Badavane, Davanagere - KSPCB",13-08-2026 11:00:00,14.4758,75.9052,SO2,6,9,7
India,Karnataka,Davanagere,"Devaraj Urs Badavane, Davanagere - KSPCB",13-08-2026 11:00:00,14.4758,75.9052,CO,22,25,23
India,Jharkhand,Dhanbad,"Sardar Patel Nagar, Dhanbad - JSPCB",13-08-2026 11:00:00,23.80569,86.44268,PM10,NA,NA,NA
India,Jharkhand,Dhanbad,"Sardar Patel Nagar, Dhanbad - JSPCB",13-08-2026 11:00:00,23.80569,86.44268,NH3,NA,NA,NA
India,Jharkhand,Dhanbad,"Sardar Patel Nagar, Dhanbad - JSPCB",13-08-2026 11:00:00,23.80569,86.44268,CO,2,2,2
India,Jharkhand,Jorapokhar,"Tata Stadium, Jorapokhar - JSPCB",13-08-2026 11:00:00,23.707909,86.41467,PM2.5,57,94,62
India,Karnataka,Belgaum,"Ramteerth Nagar, Belgaum - KSPCB",13-08-2026 11:00:00,15.888653,74.541751,NH3,NA,NA,NA
India,Karnataka,Bengaluru,"Hombegowda Nagar, Bengaluru - KSPCB",13-08-2026 11:00:00,12.938539,77.5901,OZONE,1,3,3
India,Himachal Pradesh,Baddi,"HIMUDA Complex Phase-1, Baddi - HPPCB",13-08-2026 11:00:00,30.943887,76.801991,CO,79,110,99
India,Himachal Pradesh,Baddi,"HIMUDA Complex Phase-1, Baddi - HPPCB",13-08-2026 11:00:00,30.943887,76.801991,OZONE,3,34,14
India,Jammu and Kashmir,Srinagar,"Rajbagh, Srinagar - JKPCC",13-08-2026 11:00:00,34.066206,74.81982,PM2.5,18,32,25
India,Karnataka,Bengaluru,"Jayanagar 5th Block, Bengaluru - KSPCB",13-08-2026 11:00:00,12.920984,77.584908,SO2,13,31,19
India,Maharashtra,Beed,"Bir, Beed - MPCB",13-08-2026 11:00:00,18.988474,75.753873,SO2,2,7,4
India,Maharashtra,Beed,"Bir, Beed - MPCB",13-08-2026 11:00:00,18.988474,75.753873,CO,11,23,17
India,Maharashtra,Belapur,"CBD Belapur, Belapur - MPCB",13-08-2026 11:00:00,19.0243902,73.0406721,PM2.5,NA,NA,NA
India,Maharashtra,Bhiwandi,"Gokul Nagar, Bhiwandi - MPCB",13-08-2026 11:00:00,19.309073,73.057223,PM2.5,14,31,17
India,Maharashtra,Bhiwandi,"Gokul Nagar, Bhiwandi - MPCB",13-08-2026 11:00:00,19.309073,73.057223,SO2,3,3,3
India,Maharashtra,Boisar,"Khaira, Boisar - MPCB",13-08-2026 11:00:00,19.786089,72.757971,CO,5,61,27
India,Maharashtra,Chandrapur,"MIDC Khutala, Chandrapur - MPCB",13-08-2026 11:00:00,19.9775302,79.2337086,NO2,NA,NA,NA
India,Maharashtra,Chandrapur,"MIDC Khutala, Chandrapur - MPCB",13-08-2026 11:00:00,19.9775302,79.2337086,OZONE,9,23,13
India,Maharashtra,Chandrapur,"Chauhan Colony, Chandrapur - MPCB",13-08-2026 11:00:00,19.9629,79.298714,NO2,11,12,12
India,Maharashtra,Dhule,"Deopur, Dhule - MPCB",13-08-2026 11:00:00,20.918946,74.776388,PM2.5,12,33,23
India,Maharashtra,Dhule,"Deopur, Dhule - MPCB",13-08-2026 11:00:00,20.918946,74.776388,NH3,1,2,1
India,Maharashtra,Dhule,"Deopur, Dhule - MPCB",13-08-2026 11:00:00,20.918946,74.776388,CO,1,1,1
India,Madhya Pradesh,Gwalior,"Deen Dayal Nagar, Gwalior - MPPCB",13-08-2026 11:00:00,26.259242,78.216432,PM10,10,72,40
India,Madhya Pradesh,Gwalior,"City Center, Gwalior - MPPCB",13-08-2026 11:00:00,26.203442,78.193251,OZONE,49,62,52
India,Madhya Pradesh,Gwalior,"Maharaj Bada, Gwalior - MPPCB",13-08-2026 11:00:00,26.200388,78.147714,OZONE,23,129,59
India,Madhya Pradesh,Indore,"Regional Park, Indore - IMC",13-08-2026 11:00:00,22.678,75.8559,SO2,36,40,38
India,Madhya Pradesh,Indore,"Residency Area, Indore - IMC",13-08-2026 11:00:00,22.7084,75.8815,PM2.5,16,49,30
India,Madhya Pradesh,Indore,"Residency Area, Indore - IMC",13-08-2026 11:00:00,22.7084,75.8815,NO2,NA,NA,NA
India,Madhya Pradesh,Indore,"Residency Area, Indore - IMC",13-08-2026 11:00:00,22.7084,75.8815,NH3,0,0,0
India,Madhya Pradesh,Indore,"Residency Area, Indore - IMC",13-08-2026 11:00:00,22.7084,75.8815,CO,1,2,1
India,Madhya Pradesh,Indore,"Residency Area, Indore - IMC",13-08-2026 11:00:00,22.7084,75.8815,OZONE,6,6,6
India,Madhya Pradesh,Indore,"Chhoti Gwaltoli, Indore - MPPCB",13-08-2026 11:00:00,22.431,75.5213,PM2.5,30,84,53
India,Madhya Pradesh,Indore,"Maguda Nagar, Indore - IMC",13-08-2026 11:00:00,22.7524,75.8872,NH3,NA,NA,NA
India,Madhya Pradesh,Jabalpur,"Govindh Bhavan Colony, Jabalpur - JMC",13-08-2026 11:00:00,23.163174,79.973061,PM2.5,8,25,16
India,Madhya Pradesh,Jabalpur,"Govindh Bhavan Colony, Jabalpur - JMC",13-08-2026 11:00:00,23.163174,79.973061,PM10,14,36,26
India,Madhya Pradesh,Jabalpur,"Marhatal, Jabalpur - MPPCB",13-08-2026 11:00:00,23.168606,79.932247,NH3,4,4,4
India,Madhya Pradesh,Maihar,"Sahilara, Maihar - KJS Cements",13-08-2026 11:00:00,24.2613009,80.7231783,OZONE,NA,NA,NA
India,Madhya Pradesh,Mandideep,"Sector-D Industrial Area, Mandideep - MPPCB",13-08-2026 11:00:00,23.10844,77.511428,SO2,0,9,5
India,Madhya Pradesh,Pithampur,"Sector-2 Industrial Area, Pithampur - MPPCB",13-08-2026 11:00:00,22.624758,75.675238,NO2,7,41,17
India,Madhya Pradesh,Pithampur,"Sector-2 Industrial Area, Pithampur - MPPCB",13-08-2026 11:00:00,22.624758,75.675238,SO2,27,40,31
India,Madhya Pradesh,Sagar,"Civil Lines, Sagar - MPPCB",13-08-2026 11:00:00,23.838586,78.759431,PM2.5,5,27,15
India,Madhya Pradesh,Sagar,"Civil Lines, Sagar - MPPCB",13-08-2026 11:00:00,23.838586,78.759431,NH3,2,3,2
India,Maharashtra,Amravati,"Shivneri Colony, Amravati - MPCB",13-08-2026 11:00:00,20.9402359,77.7895248,NO2,4,12,7
India,Maharashtra,Amravati,"Shivneri Colony, Amravati - MPCB",13-08-2026 11:00:00,20.9402359,77.7895248,NH3,2,3,3
India,Maharashtra,Amravati,"Shri Shivaji Science College, Amravati - MPCB",13-08-2026 11:00:00,20.939198,77.765701,PM2.5,7,37,20
India,Maharashtra,Aurangabad,"More Chowk Waluj, Aurangabad - MPCB",13-08-2026 11:00:00,19.8389439,75.244448,CO,17,26,23
India,Maharashtra,Aurangabad,"More Chowk Waluj, Aurangabad - MPCB",13-08-2026 11:00:00,19.8389439,75.244448,OZONE,11,21,14
India,Maharashtra,Aurangabad,"MIDC Chilkalthana, Aurangabad - MPCB",13-08-2026 11:00:00,19.87562,75.38731,NO2,9,12,11
India,Maharashtra,Aurangabad,"Rachnakar Colony, Aurangabad - MPCB",13-08-2026 11:00:00,19.863756,75.321188,SO2,4,5,5
India,Maharashtra,Aurangabad,"Rachnakar Colony, Aurangabad - MPCB",13-08-2026 11:00:00,19.863756,75.321188,CO,20,37,28
India,Maharashtra,Beed,"Bir, Beed - MPCB",13-08-2026 11:00:00,18.988474,75.753873,NO2,5,20,12
India,Madhya Pradesh,Ujjain,"Mahashweta Nagar, Ujjain - MPPCB",13-08-2026 11:00:00,23.1633321,75.800225,CO,28,28,28
India,Maharashtra,Akola,"Ramdaspeth, Akola - MPCB",13-08-2026 11:00:00,20.719516,77.000253,OZONE,7,9,8
India,Maharashtra,Dombivli,"Kalu Nagar, Dombivli - MPCB",13-08-2026 11:00:00,19.2268427,73.0788456,NO2,6,22,14
India,Maharashtra,Hingoli,"Ashta Vinayak Nagar, Hingoli - MPCB",13-08-2026 11:00:00,19.710842,77.151824,NO2,4,20,8
India,Madhya Pradesh,Indore,"Airport Area, Indore - IMC",13-08-2026 11:00:00,22.7289,75.8076,PM2.5,17,62,42
India,Madhya Pradesh,Jabalpur,"Suhagi, Jabalpur - JMC",13-08-2026 11:00:00,23.218135,79.95777,OZONE,26,32,29
India,Madhya Pradesh,Damoh,"Shrivastav Colony, Damoh - MPPCB",13-08-2026 11:00:00,23.81748678,79.446246,SO2,42,61,49
India,Maharashtra,Jalgaon,"Prabhat Colony, Jalgaon - MPCB",13-08-2026 11:00:00,21.001264,75.565602,NO2,2,11,5
India,Maharashtra,Mumbai,"Chembur, Mumbai - MPCB",13-08-2026 11:00:00,19.0364585,72.8954371,PM10,25,54,42
India,Maharashtra,Mumbai,"Kandivali West, Mumbai - BMC",13-08-2026 11:00:00,19.215859,72.831718,PM10,12,32,22
India,Maharashtra,Mumbai,"Kandivali West, Mumbai - BMC",13-08-2026 11:00:00,19.215859,72.831718,CO,6,16,11
India,Maharashtra,Mumbai,"Kandivali West, Mumbai - BMC",13-08-2026 11:00:00,19.215859,72.831718,OZONE,3,11,7
India,Maharashtra,Mumbai,"Borivali East, Mumbai - MPCB",13-08-2026 11:00:00,19.2243333,72.8658113,NH3,2,2,2
India,Maharashtra,Mumbai,"Borivali East, Mumbai - MPCB",13-08-2026 11:00:00,19.2243333,72.8658113,SO2,23,27,25
India,Maharashtra,Mumbai,"Chhatrapati Shivaji Intl. Airport (T2), Mumbai - MPCB",13-08-2026 11:00:00,19.10078,72.87462,NO2,25,26,26
India,Maharashtra,Mumbai,"Chhatrapati Shivaji Intl. Airport (T2), Mumbai - MPCB",13-08-2026 11:00:00,19.10078,72.87462,OZONE,NA,NA,NA
India,Maharashtra,Mumbai,"Siddharth Nagar-Worli, Mumbai - IITM",13-08-2026 11:00:00,19.000083,72.813993,CO,18,26,22
India,Maharashtra,Mumbai,"Kherwadi_Bandra East, Mumbai - MPCB",13-08-2026 11:00:00,19.0632143,72.8456324,SO2,1,5,3
India,Maharashtra,Mumbai,"Byculla, Mumbai - BMC",13-08-2026 11:00:00,18.9767,72.838,PM2.5,10,28,17
India,Maharashtra,Mumbai,"Byculla, Mumbai - BMC",13-08-2026 11:00:00,18.9767,72.838,CO,5,14,9
India,Maharashtra,Mumbai,"Mindspace-Malad West, Mumbai - MPCB",13-08-2026 11:00:00,19.1878657,72.8304069,PM2.5,11,13,12
India,Maharashtra,Mumbai,"Mindspace-Malad West, Mumbai - MPCB",13-08-2026 11:00:00,19.1878657,72.8304069,SO2,6,7,7
India,Maharashtra,Mumbai,"Mindspace-Malad West, Mumbai - MPCB",13-08-2026 11:00:00,19.1878657,72.8304069,OZONE,12,12,12
India,Maharashtra,Malegaon,"Mahesh Nagar, Malegaon - MPCB",13-08-2026 11:00:00,20.555712,74.529236,PM10,30,58,44
India,Maharashtra,Malegaon,"Mahesh Nagar, Malegaon - MPCB",13-08-2026 11:00:00,20.555712,74.529236,NH3,NA,NA,NA
India,Maharashtra,Malegaon,"Mahesh Nagar, Malegaon - MPCB",13-08-2026 11:00:00,20.555712,74.529236,CO,8,23,15
India,Maharashtra,Malegaon,"Mahesh Nagar, Malegaon - MPCB",13-08-2026 11:00:00,20.555712,74.529236,OZONE,8,11,10
India,Maharashtra,Mira-Bhayandar,"Bhayandar West, Mira-Bhayandar - MPCB",13-08-2026 11:00:00,19.296481,72.840923,NH3,1,2,1
India,Maharashtra,Mira-Bhayandar,"Bhayandar West, Mira-Bhayandar - MPCB",13-08-2026 11:00:00,19.296481,72.840923,OZONE,6,9,8
India,Maharashtra,Mumbai,"Shivaji Nagar, Mumbai - BMC",13-08-2026 11:00:00,19.060498,72.923356,PM10,39,96,70
India,Maharashtra,Mumbai,"Shivaji Nagar, Mumbai - BMC",13-08-2026 11:00:00,19.060498,72.923356,NO2,13,46,25
India,Maharashtra,Mumbai,"Bandra Kurla Complex, Mumbai - MPCB",13-08-2026 11:00:00,19.065931,72.862131,SO2,2,3,3
India,Maharashtra,Mumbai,"Bandra Kurla Complex, Mumbai - MPCB",13-08-2026 11:00:00,19.065931,72.862131,CO,25,32,28
India,Maharashtra,Mumbai,"Sion, Mumbai - MPCB",13-08-2026 11:00:00,19.047,72.8746,OZONE,NA,NA,NA
India,Maharashtra,Mumbai,"Deonar, Mumbai - IITM",13-08-2026 11:00:00,19.04946,72.923,PM2.5,6,51,22
India,Maharashtra,Mumbai,"Deonar, Mumbai - IITM",13-08-2026 11:00:00,19.04946,72.923,SO2,1,4,3
India,Maharashtra,Mumbai,"Worli, Mumbai - MPCB",13-08-2026 11:00:00,18.9936162,72.8128113,NO2,NA,NA,NA
India,Maharashtra,Mumbai,"Worli, Mumbai - MPCB",13-08-2026 11:00:00,18.9936162,72.8128113,CO,38,39,39
India,Maharashtra,Mumbai,"Khindipada-Bhandup West, Mumbai - IITM",13-08-2026 11:00:00,19.1653323,72.922099,NH3,2,3,2
India,Maharashtra,Mumbai,"Navy Nagar-Colaba, Mumbai - IITM",13-08-2026 11:00:00,18.897756,72.81332,NH3,3,4,4
India,Maharashtra,Mumbai,"Navy Nagar-Colaba, Mumbai - IITM",13-08-2026 11:00:00,18.897756,72.81332,SO2,1,14,5
India,Maharashtra,Mumbai,"Mulund West, Mumbai - MPCB",13-08-2026 11:00:00,19.175,72.9419,PM2.5,1,32,18
India,Maharashtra,Navi Mumbai,"Sanpada, Navi Mumbai - MPCB",13-08-2026 11:00:00,19.0575752,73.0151367,PM10,20,50,36
India,Maharashtra,Navi Mumbai,"Sanpada, Navi Mumbai - MPCB",13-08-2026 11:00:00,19.0575752,73.0151367,NH3,13,13,13
India,Maharashtra,Navi Mumbai,"Sanpada, Navi Mumbai - MPCB",13-08-2026 11:00:00,19.0575752,73.0151367,SO2,6,7,7
India,Maharashtra,Navi Mumbai,"Tondare-Taloja, Navi Mumbai - MPCB",13-08-2026 11:00:00,19.063,73.1209,NH3,3,7,5
India,Maharashtra,Navi Mumbai,"Mahape, Navi Mumbai - MPCB",13-08-2026 11:00:00,19.1135051,73.008978,PM2.5,2,38,21
India,Maharashtra,Navi Mumbai,"Mahape, Navi Mumbai - MPCB",13-08-2026 11:00:00,19.1135051,73.008978,CO,65,66,66
India,Maharashtra,Navi Mumbai,"Nerul, Navi Mumbai - MPCB",13-08-2026 11:00:00,19.008751,73.01662,NO2,6,6,6
India,Maharashtra,Navi Mumbai,"Sector-2E Kalamboli, Navi Mumbai - MPCB",13-08-2026 11:00:00,19.02579,73.10297,PM2.5,11,35,24
India,Maharashtra,Navi Mumbai,"Sector-2E Kalamboli, Navi Mumbai - MPCB",13-08-2026 11:00:00,19.02579,73.10297,SO2,2,3,3
India,Maharashtra,Nanded,"Sneh Nagar, Nanded - MPCB",13-08-2026 11:00:00,19.173852,77.296291,CO,21,26,24
India,Maharashtra,Nashik,"Pandav Nagari, Nashik - MPCB",13-08-2026 11:00:00,19.9591346,73.7788008,PM2.5,10,30,18
India,Maharashtra,Nashik,"Pandav Nagari, Nashik - MPCB",13-08-2026 11:00:00,19.9591346,73.7788008,CO,9,33,16
India,Maharashtra,Nashik,"Hirawadi, Nashik - MPCB",13-08-2026 11:00:00,20.021503,73.813844,PM2.5,5,33,19
India,Maharashtra,Nashik,"Hirawadi, Nashik - MPCB",13-08-2026 11:00:00,20.021503,73.813844,NO2,NA,NA,NA
India,Maharashtra,Nashik,"Hirawadi, Nashik - MPCB",13-08-2026 11:00:00,20.021503,73.813844,NH3,3,4,4
India,Maharashtra,Nashik,"Gangapur Road, Nashik - MPCB",13-08-2026 11:00:00,20.0073285,73.7762427,PM2.5,1,324,70
India,Maharashtra,Nashik,"Gangapur Road, Nashik - MPCB",13-08-2026 11:00:00,20.0073285,73.7762427,CO,26,27,27
India,Maharashtra,Nashik,"Gangapur Road, Nashik - MPCB",13-08-2026 11:00:00,20.0073285,73.7762427,OZONE,19,20,19
India,Maharashtra,Mumbai,"Borivali East, Mumbai - IITM",13-08-2026 11:00:00,19.23241,72.86895,NH3,1,3,2
India,Maharashtra,Mumbai,"Bandra Kurla Complex, Mumbai - IITM",13-08-2026 11:00:00,19.053536,72.84643,PM10,34,81,63
India,Maharashtra,Mumbai,"Malad West, Mumbai - IITM",13-08-2026 11:00:00,19.19709,72.82204,OZONE,5,9,8
India,Maharashtra,Mumbai,"Mazgaon, Mumbai - IITM",13-08-2026 11:00:00,18.96702,72.84214,NH3,NA,NA,NA
India,Maharashtra,Mumbai,"Mazgaon, Mumbai - IITM",13-08-2026 11:00:00,18.96702,72.84214,CO,28,50,39
India,Maharashtra,Mumbai,"Kurla, Mumbai - MPCB",13-08-2026 11:00:00,19.0863,72.8888,PM10,11,88,50
India,Maharashtra,Mumbai,"Ghatkopar, Mumbai - BMC",13-08-2026 11:00:00,19.083694,72.920967,NO2,2,22,9
India,Maharashtra,Jalna,"Old MIDC, Jalna - MPCB",13-08-2026 11:00:00,19.854616,75.905894,CO,34,34,34
India,Maharashtra,Kalyan,"Pimpleshwar Mandir, Kalyan - MPCB",13-08-2026 11:00:00,19.192056,72.9585188,PM2.5,28,91,57
India,Maharashtra,Kalyan,"Pimpleshwar Mandir, Kalyan - MPCB",13-08-2026 11:00:00,19.192056,72.9585188,NH3,NA,NA,NA
India,Maharashtra,Kalyan,"Pimpleshwar Mandir, Kalyan - MPCB",13-08-2026 11:00:00,19.192056,72.9585188,CO,NA,NA,NA
India,Maharashtra,Kalyan,"Khadakpada, Kalyan - MPCB",13-08-2026 11:00:00,19.25292,73.142019,PM2.5,22,86,50
India,Maharashtra,Mumbai,"Ghatkopar, Mumbai - BMC",13-08-2026 11:00:00,19.083694,72.920967,OZONE,3,8,5
India,Maharashtra,Nagpur,"Ambazari, Nagpur - MPCB",13-08-2026 11:00:00,21.121801,79.04952,SO2,5,10,9
India,Maharashtra,Kolhapur,"Sinchan Bhavan, Kolhapur - MPCB",13-08-2026 11:00:00,16.7143745,74.2426398,NH3,3,13,6
India,Maharashtra,Parbhani,"Masoom Colony, Parbhani - MPCB",13-08-2026 11:00:00,19.265594,76.761463,NO2,16,44,31
India,Maharashtra,Parbhani,"Masoom Colony, Parbhani - MPCB",13-08-2026 11:00:00,19.265594,76.761463,NH3,1,2,2
India,Maharashtra,Pimpri-Chinchwad,"Park Street Wakad, Pimpri Chinchwad - MPCB",13-08-2026 11:00:00,18.59051,73.77946,PM2.5,10,39,21
India,Maharashtra,Pimpri-Chinchwad,"Park Street Wakad, Pimpri Chinchwad - MPCB",13-08-2026 11:00:00,18.59051,73.77946,SO2,2,3,2
India,Maharashtra,Pimpri-Chinchwad,"Bhosari, Pune - IITM",13-08-2026 11:00:00,18.640051,73.848956,NO2,22,53,35
India,Maharashtra,Pimpri-Chinchwad,"Bhosari, Pune - IITM",13-08-2026 11:00:00,18.640051,73.848956,SO2,NA,NA,NA
India,Maharashtra,Pimpri-Chinchwad,"Bhosari, Pune - IITM",13-08-2026 11:00:00,18.640051,73.848956,CO,40,59,50
India,Maharashtra,Pimpri-Chinchwad,"Savta Mali Nagar, Pimpri-Chinchwad - IITM",13-08-2026 11:00:00,18.614767,73.799516,PM2.5,11,37,24
India,Maharashtra,Pimpri-Chinchwad,"Savta Mali Nagar, Pimpri-Chinchwad - IITM",13-08-2026 11:00:00,18.614767,73.799516,NO2,12,32,23
India,Maharashtra,Pimpri-Chinchwad,"Savta Mali Nagar, Pimpri-Chinchwad - IITM",13-08-2026 11:00:00,18.614767,73.799516,NH3,NA,NA,NA
India,Maharashtra,Pimpri-Chinchwad,"Transport Nagar-Nigdi, Pune - IITM",13-08-2026 11:00:00,18.664282,73.763966,PM2.5,11,43,23
India,Maharashtra,Pune,"Revenue Colony-Shivajinagar, Pune - IITM",13-08-2026 11:00:00,18.530085,73.849598,NO2,17,26,21
India,Maharashtra,Pune,"Revenue Colony-Shivajinagar, Pune - IITM",13-08-2026 11:00:00,18.530085,73.849598,OZONE,6,9,7
India,Maharashtra,Pune,"Hadapsar, Pune - IITM",13-08-2026 11:00:00,18.501793,73.927532,PM10,30,99,61
India,Maharashtra,Pune,"Hadapsar, Pune - IITM",13-08-2026 11:00:00,18.501793,73.927532,NH3,NA,NA,NA
India,Maharashtra,Solapur,"Dnyaneshwar Nagar, Solapur - MPCB",13-08-2026 11:00:00,17.6336264,75.9132495,NO2,4,14,8
India,Maharashtra,Solapur,"Ratandeep Housing Society, Solapur - MPCB",13-08-2026 11:00:00,17.65439,75.90649,PM10,23,47,35
India,Maharashtra,Solapur,"Ratandeep Housing Society, Solapur - MPCB",13-08-2026 11:00:00,17.65439,75.90649,NH3,4,8,5
India,Maharashtra,Ulhasnagar,"Sidhi Vinayak Nagar, Ulhasnagar - MPCB",13-08-2026 11:00:00,19.235581,73.159121,PM2.5,35,73,51
India,Maharashtra,Ulhasnagar,"Sidhi Vinayak Nagar, Ulhasnagar - MPCB",13-08-2026 11:00:00,19.235581,73.159121,NO2,2,2,2
India,Maharashtra,Ulhasnagar,"Vithalwadi, Ulhasnagar - MPCB",13-08-2026 11:00:00,19.2307571,73.155192,PM2.5,8,43,22
India,Maharashtra,Ulhasnagar,"Vithalwadi, Ulhasnagar - MPCB",13-08-2026 11:00:00,19.2307571,73.155192,CO,13,22,18
India,Meghalaya,Byrnihat,"15th Mile-Nongthymmai, Byrnihat -Meghalaya PCB",13-08-2026 11:00:00,26.079047,91.875185,NH3,0,1,0
India,Meghalaya,Byrnihat,"15th Mile-Nongthymmai, Byrnihat -Meghalaya PCB",13-08-2026 11:00:00,26.079047,91.875185,SO2,1,14,4
India,Meghalaya,Shillong,"Lumpyngngad, Shillong - Meghalaya PCB",13-08-2026 11:00:00,25.5586,91.8985,PM10,NA,NA,NA
India,Meghalaya,Shillong,"Lumpyngngad, Shillong - Meghalaya PCB",13-08-2026 11:00:00,25.5586,91.8985,CO,7,32,14
India,Meghalaya,Shillong,"Lumpyngngad, Shillong - Meghalaya PCB",13-08-2026 11:00:00,25.5586,91.8985,OZONE,9,16,12
India,Mizoram,Aizawl,"Sikulpuikawn, Aizawl - Mizoram PCB",13-08-2026 11:00:00,23.7176342,92.7192841,PM10,1,20,9
India,Nagaland,Kohima,"PWD Junction, Kohima - NPCB",13-08-2026 11:00:00,25.6635413,94.0989878,SO2,51,60,54
India,Odisha,Balasore,"Kalidaspur, Balasore - OSPCB",13-08-2026 11:00:00,21.51161,86.89088,PM2.5,2,107,36
India,Odisha,Balasore,"Kalidaspur, Balasore - OSPCB",13-08-2026 11:00:00,21.51161,86.89088,PM10,7,109,45
India,Odisha,Baripada,"Meher Colony, Baripada - OSPCB",13-08-2026 11:00:00,21.941841,86.728318,NO2,NA,NA,NA
India,Odisha,Baripada,"Meher Colony, Baripada - OSPCB",13-08-2026 11:00:00,21.941841,86.728318,NH3,0,2,1
India,Odisha,Bhubaneswar,"Lingraj Mandir, Bhubaneswar - OSPCB",13-08-2026 11:00:00,20.24079,85.836784,PM10,18,121,52
India,Maharashtra,Pune,"Katraj Dairy, Pune - MPCB",13-08-2026 11:00:00,18.45445,73.854155,CO,19,39,26
India,Maharashtra,Pune,"Katraj Dairy, Pune - MPCB",13-08-2026 11:00:00,18.45445,73.854155,OZONE,10,10,10
India,Maharashtra,Pune,"Panchawati_Pashan, Pune - IITM",13-08-2026 11:00:00,18.536457,73.805454,NH3,NA,NA,NA
India,Maharashtra,Sangli,"Vijay Nagar, Sangli - MPCB",13-08-2026 11:00:00,16.5038,74.3623,NH3,1,3,1
India,Maharashtra,Sangli,"Vijay Nagar, Sangli - MPCB",13-08-2026 11:00:00,16.5038,74.3623,SO2,2,6,4
India,Maharashtra,Satara,"Koyana Nagar, Satara - MPCB",13-08-2026 11:00:00,17.696651,74.003387,PM10,24,101,55
India,Maharashtra,Satara,"Koyana Nagar, Satara - MPCB",13-08-2026 11:00:00,17.696651,74.003387,NH3,0,2,1
India,Maharashtra,Satara,"Koyana Nagar, Satara - MPCB",13-08-2026 11:00:00,17.696651,74.003387,CO,11,27,17
India,Maharashtra,Satara,"Koyana Nagar, Satara - MPCB",13-08-2026 11:00:00,17.696651,74.003387,OZONE,12,25,18
India,Maharashtra,Solapur,"Dnyaneshwar Nagar, Solapur - MPCB",13-08-2026 11:00:00,17.6336264,75.9132495,PM2.5,8,28,17
India,Odisha,Bhubaneswar,"Lingraj Mandir, Bhubaneswar - OSPCB",13-08-2026 11:00:00,20.24079,85.836784,SO2,8,10,9
India,Odisha,Bhubaneswar,"Patia, Bhubaneswar - OSPCB",13-08-2026 11:00:00,20.34652,85.8163,NO2,8,32,16
India,Odisha,Bileipada,"Tata Township, Bileipada - OSPCB",13-08-2026 11:00:00,22.06156703,85.47409613,NO2,13,15,14
India,Odisha,Bileipada,"Tata Township, Bileipada - OSPCB",13-08-2026 11:00:00,22.06156703,85.47409613,CO,23,28,25
India,Odisha,Brajrajnagar,"GM Office, Brajrajnagar - OSPCB",13-08-2026 11:00:00,21.8004996,83.8396977,CO,48,60,54
India,Odisha,Byasanagar,"Ferro Chrome Colony, Byasanagar - OSPCB",13-08-2026 11:00:00,20.94185,86.1151,PM10,27,94,62
India,Odisha,Cuttack,"CDA Area, Cuttack - OSPCB",13-08-2026 11:00:00,20.48891,85.84768,PM2.5,8,45,29
India,Odisha,Cuttack,"CDA Area, Cuttack - OSPCB",13-08-2026 11:00:00,20.48891,85.84768,PM10,14,74,48
India,Odisha,Tensa,"Barsua Iron Ore Mines, Tensa - OSPCB",13-08-2026 11:00:00,21.869985,85.167016,CO,34,43,39
India,Puducherry,Puducherry,"Jawahar Nagar, Puducherry - PPCC",13-08-2026 11:00:00,11.9309,79.8027,PM10,31,67,45
India,Punjab,Amritsar,"Golden Temple, Amritsar - PPCB",13-08-2026 11:00:00,31.62,74.876512,NO2,13,20,15
India,Punjab,Bathinda,"Hardev Nagar, Bathinda - PPCB",13-08-2026 11:00:00,30.233011,74.907758,PM10,13,120,50
India,Punjab,Bathinda,"Hardev Nagar, Bathinda - PPCB",13-08-2026 11:00:00,30.233011,74.907758,NO2,26,36,30
India,Punjab,Jalandhar,"Civil Line, Jalandhar - PPCB",13-08-2026 11:00:00,31.321907,75.578914,PM2.5,49,177,71
India,Punjab,Jalandhar,"Civil Line, Jalandhar - PPCB",13-08-2026 11:00:00,31.321907,75.578914,NO2,37,45,40
India,Odisha,Rourkela,"Fertilizer Township, Rourkela - OSPCB",13-08-2026 11:00:00,22.18972222,84.86277778,SO2,10,13,11
India,Odisha,Rourkela,"Sector-2, Rourkela - OSPCB",13-08-2026 11:00:00,22.245,84.88111111,NH3,NA,NA,NA
India,Odisha,Rourkela,"Sector-2, Rourkela - OSPCB",13-08-2026 11:00:00,22.245,84.88111111,SO2,NA,NA,NA
India,Odisha,Talcher,"Talcher Coalfields,Talcher - OSPCB",13-08-2026 11:00:00,20.9360711,85.1707021,PM10,14,128,62
India,Odisha,Talcher,"Talcher Coalfields,Talcher - OSPCB",13-08-2026 11:00:00,20.9360711,85.1707021,NH3,6,7,7
India,Odisha,Talcher,"Talcher Coalfields,Talcher - OSPCB",13-08-2026 11:00:00,20.9360711,85.1707021,CO,21,28,26
India,Odisha,Tensa,"Barsua Iron Ore Mines, Tensa - OSPCB",13-08-2026 11:00:00,21.869985,85.167016,PM10,23,95,53
India,Odisha,Rairangpur,"Divisional Forest Office, Rairangpur - OSPCB",13-08-2026 11:00:00,22.265816,86.174829,NO2,6,6,6
India,Odisha,Rairangpur,"Divisional Forest Office, Rairangpur - OSPCB",13-08-2026 11:00:00,22.265816,86.174829,SO2,8,18,14
India,Maharashtra,Pune,"Hadapsar, Pune - IITM",13-08-2026 11:00:00,18.501793,73.927532,OZONE,13,14,13
India,Punjab,Mandi Gobindgarh,"RIMT University, Mandi Gobindgarh - PPCB",13-08-2026 11:00:00,30.649961,76.331442,PM10,61,111,92
India,Punjab,Patiala,"Model Town, Patiala - PPCB",13-08-2026 11:00:00,30.349388,76.366642,SO2,2,18,8
India,Punjab,Rupnagar,"Ratanpura, Rupnagar - Ambuja Cements",13-08-2026 11:00:00,31.0325454,76.5623046,OZONE,NA,NA,NA
India,Rajasthan,Ajmer,"Civil Lines,  Ajmer - RSPCB",13-08-2026 11:00:00,26.470859,74.646594,PM2.5,19,66,41
India,Rajasthan,Ajmer,"Civil Lines,  Ajmer - RSPCB",13-08-2026 11:00:00,26.470859,74.646594,PM10,17,71,44
India,Rajasthan,Ajmer,"Civil Lines,  Ajmer - RSPCB",13-08-2026 11:00:00,26.470859,74.646594,CO,13,14,14
India,Rajasthan,Ajmer,"Civil Lines,  Ajmer - RSPCB",13-08-2026 11:00:00,26.470859,74.646594,OZONE,14,18,16
India,Rajasthan,Alwar,"Moti Doongri, Alwar - RSPCB",13-08-2026 11:00:00,27.554793,76.611536,NH3,7,9,8
India,Rajasthan,Alwar,"Vigyan Nagar, Alwar - RSPCB",13-08-2026 11:00:00,27.598796,76.63861,PM10,79,123,98
India,Rajasthan,Baran,"Bamboliya, Baran - RSPCB",13-08-2026 11:00:00,25.106006,76.469948,NO2,6,31,19
India,Rajasthan,Baran,"Bamboliya, Baran - RSPCB",13-08-2026 11:00:00,25.106006,76.469948,NH3,2,3,3
India,Rajasthan,Baran,"Bamboliya, Baran - RSPCB",13-08-2026 11:00:00,25.106006,76.469948,CO,16,18,17
India,Rajasthan,Barmer,"Railway Colony, Barmer - RSPCB",13-08-2026 11:00:00,25.747299,71.393989,PM2.5,12,28,19
India,Rajasthan,Bharatpur,"Krishna Nagar, Bharatpur - RSPCB",13-08-2026 11:00:00,27.215415,77.50873,NH3,7,13,10
India,Rajasthan,Bharatpur,"Krishna Nagar, Bharatpur - RSPCB",13-08-2026 11:00:00,27.215415,77.50873,SO2,0,4,2
India,Rajasthan,Bhiwadi,"RIICO Ind. Area III, Bhiwadi - RSPCB",13-08-2026 11:00:00,28.194909,76.862296,OZONE,10,23,16
India,Rajasthan,Bikaner,"MM Ground, Bikaner - RSPCB",13-08-2026 11:00:00,28.018792,73.292658,PM10,1,124,49
India,Rajasthan,Bikaner,"MM Ground, Bikaner - RSPCB",13-08-2026 11:00:00,28.018792,73.292658,NO2,2,16,7
India,Rajasthan,Bikaner,"MM Ground, Bikaner - RSPCB",13-08-2026 11:00:00,28.018792,73.292658,SO2,1,4,3
India,Rajasthan,Bikaner,"MM Ground, Bikaner - RSPCB",13-08-2026 11:00:00,28.018792,73.292658,CO,10,26,17
India,Rajasthan,Bundi,"New Colony, Bundi - RSPCB",13-08-2026 11:00:00,25.435774,75.644272,NO2,13,29,21
India,Rajasthan,Bundi,"New Colony, Bundi - RSPCB",13-08-2026 11:00:00,25.435774,75.644272,NH3,4,9,6
India,Rajasthan,Bundi,"New Colony, Bundi - RSPCB",13-08-2026 11:00:00,25.435774,75.644272,OZONE,7,23,15
India,Rajasthan,Chittorgarh,"Shastri Nagar, Chittorgarh - RSPCB",13-08-2026 11:00:00,24.892047,74.623527,PM2.5,5,93,44
India,Rajasthan,Chittorgarh,"Shastri Nagar, Chittorgarh - RSPCB",13-08-2026 11:00:00,24.892047,74.623527,SO2,1,6,3
India,Rajasthan,Chittorgarh,"Shastri Nagar, Chittorgarh - RSPCB",13-08-2026 11:00:00,24.892047,74.623527,CO,6,22,12
India,Rajasthan,Churu,"Subash Chowk, Churu - RSPCB",13-08-2026 11:00:00,28.296139,74.961696,PM2.5,2,32,13
India,Rajasthan,Churu,"Subash Chowk, Churu - RSPCB",13-08-2026 11:00:00,28.296139,74.961696,NH3,6,7,6
India,Rajasthan,Churu,"Subash Chowk, Churu - RSPCB",13-08-2026 11:00:00,28.296139,74.961696,CO,22,24,23
India,Rajasthan,Dausa,"Khatikan Mohalla, Dausa - RSPCB",13-08-2026 11:00:00,26.895552,76.334753,NH3,6,15,9
India,Rajasthan,Jodhpur,"Jhalamand, Jodhpur - RSPCB",13-08-2026 11:00:00,26.215415,73.070156,SO2,4,9,5
India,Rajasthan,Jodhpur,"Collectorate, Jodhpur - RSPCB",13-08-2026 11:00:00,26.268249,73.0193853,SO2,4,9,7
India,Rajasthan,Jodhpur,"Collectorate, Jodhpur - RSPCB",13-08-2026 11:00:00,26.268249,73.0193853,OZONE,13,17,15
India,Rajasthan,Jodhpur,"Samrat Ashok Udhyan, Jodhpur - RSPCB",13-08-2026 11:00:00,26.253384,72.976571,NH3,2,5,3
India,Rajasthan,Jodhpur,"Digari Kalan, Jodhpur - RSPCB",13-08-2026 11:00:00,26.29581,73.082283,NH3,8,11,9
India,Rajasthan,Jodhpur,"Digari Kalan, Jodhpur - RSPCB",13-08-2026 11:00:00,26.29581,73.082283,SO2,1,9,5
India,Rajasthan,Jodhpur,"Digari Kalan, Jodhpur - RSPCB",13-08-2026 11:00:00,26.29581,73.082283,CO,11,16,13
India,Rajasthan,Jodhpur,"Mandor, Jodhpur - RSPCB",13-08-2026 11:00:00,26.358805,73.047444,PM2.5,5,50,31
India,Rajasthan,Jodhpur,"Mandor, Jodhpur - RSPCB",13-08-2026 11:00:00,26.358805,73.047444,NH3,4,14,6
India,Rajasthan,Jodhpur,"Mandor, Jodhpur - RSPCB",13-08-2026 11:00:00,26.358805,73.047444,SO2,2,5,3
India,Rajasthan,Karauli,"Satyawati Vihar, Karauli - RSPCB",13-08-2026 11:00:00,26.506177,77.025989,PM2.5,5,36,13
India,Rajasthan,Karauli,"Satyawati Vihar, Karauli - RSPCB",13-08-2026 11:00:00,26.506177,77.025989,OZONE,3,6,4
India,Rajasthan,Kota,"Shrinath Puram, Kota - RSPCB",13-08-2026 11:00:00,25.14389,75.821256,PM2.5,NA,NA,NA
India,Rajasthan,Kota,"Shrinath Puram, Kota - RSPCB",13-08-2026 11:00:00,25.14389,75.821256,NH3,NA,NA,NA
India,Rajasthan,Kota,"Shrinath Puram, Kota - RSPCB",13-08-2026 11:00:00,25.14389,75.821256,CO,36,36,36
India,Rajasthan,Sawai Madhopur,"Sahu Nagar, Sawai Madhopur - RSPCB",13-08-2026 11:00:00,26.031443,76.359327,NH3,2,11,5
India,Rajasthan,Sikar,"Radhakishan Pura, Sikar - RSPCB",13-08-2026 11:00:00,27.608912,75.153302,PM10,18,70,45
India,Rajasthan,Sikar,"Radhakishan Pura, Sikar - RSPCB",13-08-2026 11:00:00,27.608912,75.153302,NO2,6,16,10
India,Rajasthan,Sikar,"Radhakishan Pura, Sikar - RSPCB",13-08-2026 11:00:00,27.608912,75.153302,NH3,9,17,11
India,Rajasthan,Sri Ganganagar,"Old City, Sri Ganganagar - RSPCB",13-08-2026 11:00:00,29.931624,73.864511,SO2,0,5,3
India,Rajasthan,Tonk,"Shastri Nagar, Tonk - RSPCB",13-08-2026 11:00:00,26.159933,75.780517,NO2,4,11,7
India,Rajasthan,Udaipur,"Ashok Nagar, Udaipur - RSPCB",13-08-2026 11:00:00,24.5886166,73.6321397,NO2,10,35,18
India,Rajasthan,Udaipur,"Ashok Nagar, Udaipur - RSPCB",13-08-2026 11:00:00,24.5886166,73.6321397,NH3,2,6,4
India,Rajasthan,Udaipur,"Ashok Nagar, Udaipur - RSPCB",13-08-2026 11:00:00,24.5886166,73.6321397,SO2,2,10,6
India,Sikkim,Gangtok,"Zero Point GICI, Gangtok - SSPCB",13-08-2026 11:00:00,27.33853,88.614099,PM2.5,13,35,24
India,Rajasthan,Dausa,"Khatikan Mohalla, Dausa - RSPCB",13-08-2026 11:00:00,26.895552,76.334753,CO,23,68,49
India,Rajasthan,Dholpur,"Raja Ganj, Dholpur - RSPCB",13-08-2026 11:00:00,26.699557,77.898881,SO2,5,8,6
India,Rajasthan,Dungarpur,"Bhoiwada, Dungarpur - RSPCB",13-08-2026 11:00:00,23.837789,73.714926,OZONE,14,21,17
India,Rajasthan,Jaipur,"Sector-2 Murlipura, Jaipur - RSPCB",13-08-2026 11:00:00,26.960669,75.771817,NO2,15,57,28
India,Rajasthan,Jaipur,"Sector-2 Murlipura, Jaipur - RSPCB",13-08-2026 11:00:00,26.960669,75.771817,NH3,3,15,6
India,Rajasthan,Jaipur,"Sector-2 Murlipura, Jaipur - RSPCB",13-08-2026 11:00:00,26.960669,75.771817,CO,75,96,88
India,Rajasthan,Jaipur,"Police Commissionerate, Jaipur - RSPCB",13-08-2026 11:00:00,26.9164092,75.7994901,NO2,18,61,40
India,Rajasthan,Jaipur,"Adarsh Nagar, Jaipur - RSPCB",13-08-2026 11:00:00,26.902909,75.836858,PM2.5,30,81,54
India,Rajasthan,Jaipur,"Mansarovar Sector-12, Jaipur - RSPCB",13-08-2026 11:00:00,26.843698,75.766894,PM10,17,75,43
India,Rajasthan,Jaipur,"Mansarovar Sector-12, Jaipur - RSPCB",13-08-2026 11:00:00,26.843698,75.766894,CO,9,22,16
India,Rajasthan,Jaipur,"RIICO Sitapura, Jaipur - RSPCB",13-08-2026 11:00:00,26.786682,75.827928,PM10,8,109,45
India,Rajasthan,Jaipur,"RIICO Sitapura, Jaipur - RSPCB",13-08-2026 11:00:00,26.786682,75.827928,OZONE,6,36,28
India,Rajasthan,Jhalawar,"Rajlaxmi Nagar, Jhalawar - RSPCB",13-08-2026 11:00:00,24.588397,76.172782,NH3,3,5,4
India,Rajasthan,Jhunjhunu,"Indra Nagar, Jhunjhunu - RSPCB",13-08-2026 11:00:00,28.108988,75.386577,CO,10,17,13
India,Rajasthan,Jhunjhunu,"Indra Nagar, Jhunjhunu - RSPCB",13-08-2026 11:00:00,28.108988,75.386577,OZONE,32,62,43
India,Rajasthan,Kota,"Nayapura, Kota - RSPCB",13-08-2026 11:00:00,25.196024,75.855668,NO2,8,27,15
India,Rajasthan,Nagaur,"Karni Colony, Nagaur - RSPCB",13-08-2026 11:00:00,27.213494,73.734444,PM10,9,73,37
India,Rajasthan,Nagaur,"Karni Colony, Nagaur - RSPCB",13-08-2026 11:00:00,27.213494,73.734444,NH3,3,8,5
India,Rajasthan,Nagaur,"Karni Colony, Nagaur - RSPCB",13-08-2026 11:00:00,27.213494,73.734444,CO,13,24,18
India,Rajasthan,Pali,"Indira Colony Vistar, Pali - RSPCB",13-08-2026 11:00:00,25.771061,73.340227,PM10,42,120,80
India,Rajasthan,Pratapgarh,"Pragati Nagar, Pratapgarh - RSPCB",13-08-2026 11:00:00,24.041198,74.780702,PM10,11,43,24
India,Rajasthan,Pratapgarh,"Pragati Nagar, Pratapgarh - RSPCB",13-08-2026 11:00:00,24.041198,74.780702,SO2,1,4,2
India,Rajasthan,Rajsamand,"Dhoinda, Rajsamand - RSPCB",13-08-2026 11:00:00,25.03636,73.883502,PM2.5,3,67,25
India,Rajasthan,Rajsamand,"Dhoinda, Rajsamand - RSPCB",13-08-2026 11:00:00,25.03636,73.883502,CO,16,21,18
India,Punjab,Khanna,"Kalal Majra, Khanna - PPCB",13-08-2026 11:00:00,30.736056,76.209694,PM2.5,43,48,45
India,Punjab,Khanna,"Kalal Majra, Khanna - PPCB",13-08-2026 11:00:00,30.736056,76.209694,PM10,63,67,65
India,Punjab,Ludhiana,"Punjab Agricultural University, Ludhiana - PPCB",13-08-2026 11:00:00,30.9028,75.8086,PM10,65,95,78
India,Tamil Nadu,Chennai,"Velachery Res. Area, Chennai - CPCB",13-08-2026 11:00:00,13.0052189,80.2398125,OZONE,8,11,9
India,Tamil Nadu,Chennai,"Kodungaiyur, Chennai - TNPCB",13-08-2026 11:00:00,13.1278,80.2642,NH3,3,5,4
India,Tamil Nadu,Chennai,"Kodungaiyur, Chennai - TNPCB",13-08-2026 11:00:00,13.1278,80.2642,CO,27,35,31
India,Tamil Nadu,Coimbatore,"SIDCO Kurichi, Coimbatore - TNPCB",13-08-2026 11:00:00,10.942451,76.978996,PM10,14,37,24
India,Tamil Nadu,Coimbatore,"SIDCO Kurichi, Coimbatore - TNPCB",13-08-2026 11:00:00,10.942451,76.978996,OZONE,19,20,20
India,Tamil Nadu,Cuddalore,"Semmandalam, Cuddalore - TNPCB",13-08-2026 11:00:00,11.7637683,79.7499835,NH3,NA,NA,NA
India,Tamil Nadu,Cuddalore,"Semmandalam, Cuddalore - TNPCB",13-08-2026 11:00:00,11.7637683,79.7499835,CO,NA,NA,NA
India,Tamil Nadu,Cuddalore,"Semmandalam, Cuddalore - TNPCB",13-08-2026 11:00:00,11.7637683,79.7499835,OZONE,2,2,2
India,Tamil Nadu,Gummidipoondi,"Anthoni Pillai Nagar, Gummidipoondi - TNPCB",13-08-2026 11:00:00,13.4127,80.1081,NO2,14,27,20
India,Tamil Nadu,Gummidipoondi,"Anthoni Pillai Nagar, Gummidipoondi - TNPCB",13-08-2026 11:00:00,13.4127,80.1081,OZONE,NA,NA,NA
India,Tamil Nadu,Thoothukudi,"Meelavittan, Thoothukudi - TNPCB",13-08-2026 11:00:00,8.816428,78.099039,PM10,61,75,66
India,Tamil Nadu,Thoothukudi,"Meelavittan, Thoothukudi - TNPCB",13-08-2026 11:00:00,8.816428,78.099039,SO2,7,18,12
India,Telangana,Hyderabad,"Kompally Municipal Office, Hyderabad - TSPCB",13-08-2026 11:00:00,17.544899,78.486949,PM10,55,75,61
India,Telangana,Hyderabad,"Zoo Park, Hyderabad - TSPCB",13-08-2026 11:00:00,17.349694,78.451437,SO2,2,2,2
India,Telangana,Hyderabad,"Central University, Hyderabad - TSPCB",13-08-2026 11:00:00,17.460103,78.334361,NH3,1,5,2
India,Telangana,Hyderabad,"IITH Kandi, Hyderabad - TSPCB",13-08-2026 11:00:00,17.585705,78.126199,PM10,40,71,51
India,Telangana,Hyderabad,"Nacharam_TSIIC IALA, Hyderabad - TSPCB",13-08-2026 11:00:00,17.429398,78.569354,PM10,50,72,56
India,Telangana,Hyderabad,"Nacharam_TSIIC IALA, Hyderabad - TSPCB",13-08-2026 11:00:00,17.429398,78.569354,OZONE,21,28,22
India,Telangana,Hyderabad,"New Malakpet, Hyderabad - TSPCB",13-08-2026 11:00:00,17.37206,78.50864,NH3,2,4,3
India,Telangana,Hyderabad,"New Malakpet, Hyderabad - TSPCB",13-08-2026 11:00:00,17.37206,78.50864,SO2,6,12,8
India,Telangana,Hyderabad,"Kokapet, Hyderabad - TSPCB",13-08-2026 11:00:00,17.393559,78.339194,PM2.5,28,48,34
India,Telangana,Hyderabad,"ECIL Kapra, Hyderabad - TSPCB",13-08-2026 11:00:00,17.470431,78.566959,PM10,47,81,56
India,Telangana,Hyderabad,"ECIL Kapra, Hyderabad - TSPCB",13-08-2026 11:00:00,17.470431,78.566959,SO2,5,19,8
India,Telangana,Hyderabad,"Sanathnagar, Hyderabad - TSPCB",13-08-2026 11:00:00,17.4559458,78.4332152,PM10,NA,NA,NA
India,Telangana,Hyderabad,"IDA Pashamylaram, Hyderabad - TSPCB",13-08-2026 11:00:00,17.5316895,78.218939,SO2,2,26,11
India,Telangana,Hyderabad,"Somajiguda, Hyderabad - TSPCB",13-08-2026 11:00:00,17.417094,78.457437,NO2,11,19,12
India,Uttar Pradesh,Ghaziabad,"Indirapuram, Ghaziabad - UPPCB",13-08-2026 11:00:00,28.646233,77.358075,PM10,62,500,122
India,Uttar Pradesh,Gorakhpur,"Madan Mohan Malaviya University of Technology, Gorakhpur - UPPCB",13-08-2026 11:00:00,26.730136,83.433859,PM2.5,27,301,150
India,Uttar Pradesh,Gorakhpur,"Madan Mohan Malaviya University of Technology, Gorakhpur - UPPCB",13-08-2026 11:00:00,26.730136,83.433859,SO2,43,46,45
India,Uttar Pradesh,Greater Noida,"Knowledge Park - III, Greater Noida - UPPCB",13-08-2026 11:00:00,28.47272,77.482,OZONE,13,70,26
India,Uttar Pradesh,Hapur,"Anand Vihar, Hapur - UPPCB",13-08-2026 11:00:00,28.725645,77.749675,NH3,2,56,18
India,Uttar Pradesh,Jhansi,"Shivaji Nagar, Jhansi - UPPCB",13-08-2026 11:00:00,25.4547,78.6039,NH3,4,4,4
India,Uttar Pradesh,Jhansi,"Shivaji Nagar, Jhansi - UPPCB",13-08-2026 11:00:00,25.4547,78.6039,CO,6,10,8
India,Uttar Pradesh,Kanpur,"NSI Kalyanpur, Kanpur - UPPCB",13-08-2026 11:00:00,26.509954,80.249612,PM2.5,36,211,64
India,Uttar Pradesh,Kanpur,"NSI Kalyanpur, Kanpur - UPPCB",13-08-2026 11:00:00,26.509954,80.249612,NH3,2,2,2
India,Tamil Nadu,Chennai,"Royapuram, Chennai - TNPCB",13-08-2026 11:00:00,13.1036,80.2909,NH3,4,5,4
India,Tamil Nadu,Chennai,"Royapuram, Chennai - TNPCB",13-08-2026 11:00:00,13.1036,80.2909,CO,24,55,40
India,Tamil Nadu,Chennai,"Royapuram, Chennai - TNPCB",13-08-2026 11:00:00,13.1036,80.2909,OZONE,17,33,25
India,Tamil Nadu,Chennai,"Manali Village, Chennai - TNPCB",13-08-2026 11:00:00,13.1662,80.2584,NH3,1,3,2
India,Tamil Nadu,Chennai,"Manali Village, Chennai - TNPCB",13-08-2026 11:00:00,13.1662,80.2584,SO2,11,12,12
India,Tamil Nadu,Chennai,"Manali, Chennai - CPCB",13-08-2026 11:00:00,13.164544,80.26285,NH3,6,7,7
India,Tamil Nadu,Chennai,"Arumbakkam, Chennai - TNPCB",13-08-2026 11:00:00,13.0664,80.2112,OZONE,NA,NA,NA
India,Tamil Nadu,Chennai,"Perungudi, Chennai - TNPCB",13-08-2026 11:00:00,12.9533,80.2357,NO2,5,12,8
India,Tamil Nadu,Chennai,"Perungudi, Chennai - TNPCB",13-08-2026 11:00:00,12.9533,80.2357,NH3,0,1,0
India,Tamil Nadu,Chennai,"Velachery Res. Area, Chennai - CPCB",13-08-2026 11:00:00,13.0052189,80.2398125,PM2.5,48,57,50
India,Uttar Pradesh,Firozabad,"Vibhab Nagar, Firozabad - UPPCB",13-08-2026 11:00:00,27.1594,78.3953,SO2,5,8,7
India,Uttar Pradesh,Gajraula,"Rajanpur, Gajraula - UPPCB",13-08-2026 11:00:00,28.829109,78.248796,PM10,40,126,84
India,Uttar Pradesh,Gajraula,"Rajanpur, Gajraula - UPPCB",13-08-2026 11:00:00,28.829109,78.248796,NO2,4,45,18
India,Uttar Pradesh,Gajraula,"Rajanpur, Gajraula - UPPCB",13-08-2026 11:00:00,28.829109,78.248796,SO2,0,13,10
India,Uttar Pradesh,Gajraula,"Rajanpur, Gajraula - UPPCB",13-08-2026 11:00:00,28.829109,78.248796,CO,28,38,32
India,Uttar Pradesh,Gajraula,"Rajanpur, Gajraula - UPPCB",13-08-2026 11:00:00,28.829109,78.248796,OZONE,0,19,5
India,Uttar Pradesh,Ghaziabad,"Ved Vihar-Loni, Ghaziabad - UPPCB",13-08-2026 11:00:00,28.739153,77.273668,OZONE,11,26,16
India,Uttar Pradesh,Ghaziabad,"Loni, Ghaziabad - UPPCB",13-08-2026 11:00:00,28.757294,77.278792,PM10,62,481,153
India,Uttar Pradesh,Ghaziabad,"Sanjay Nagar, Ghaziabad - UPPCB",13-08-2026 11:00:00,28.685382,77.453839,SO2,4,10,7
India,Uttar Pradesh,Agra,"Sector-3B Avas Vikas Colony, Agra - UPPCB",13-08-2026 11:00:00,27.19412,77.96237,NO2,35,35,35
India,Uttar Pradesh,Agra,"Sanjay Palace, Agra - UPPCB",13-08-2026 11:00:00,27.19865833,78.00598056,PM10,41,118,77
India,Uttar Pradesh,Agra,"Sanjay Palace, Agra - UPPCB",13-08-2026 11:00:00,27.19865833,78.00598056,NH3,NA,NA,NA
India,Uttar Pradesh,Agra,"Sanjay Palace, Agra - UPPCB",13-08-2026 11:00:00,27.19865833,78.00598056,CO,28,38,31
India,Uttar Pradesh,Bareilly,"Civil Lines, Bareilly - UPPCB",13-08-2026 11:00:00,28.359581,79.414455,NO2,8,8,8
India,Uttar Pradesh,Bareilly,"Rajendra Nagar, Bareilly - UPPCB",13-08-2026 11:00:00,28.38910936,79.42963708,PM10,39,103,65
India,Uttar Pradesh,Bareilly,"Rajendra Nagar, Bareilly - UPPCB",13-08-2026 11:00:00,28.38910936,79.42963708,OZONE,NA,NA,NA
India,Uttar Pradesh,Agra,"Shahjahan Garden, Agra - UPPCB",13-08-2026 11:00:00,27.169338,78.03582,NO2,21,27,23
India,Uttar Pradesh,Agra,"Rohta, Agra - UPPCB",13-08-2026 11:00:00,27.106972,78.000111,NH3,7,7,7
India,Uttar Pradesh,Agra,"Rohta, Agra - UPPCB",13-08-2026 11:00:00,27.106972,78.000111,SO2,11,21,15
India,Uttar Pradesh,Agra,"Shastripuram, Agra - UPPCB",13-08-2026 11:00:00,27.19862,77.92066,PM10,35,147,62
India,Uttar Pradesh,Agra,"Shastripuram, Agra - UPPCB",13-08-2026 11:00:00,27.19862,77.92066,CO,15,20,17
India,Uttar Pradesh,Agra,"Shastripuram, Agra - UPPCB",13-08-2026 11:00:00,27.19862,77.92066,OZONE,3,4,3
India,Uttar Pradesh,Bulandshahr,"Yamunapuram, Bulandshahr - UPPCB",13-08-2026 11:00:00,28.406963,77.849831,SO2,1,52,12
India,Uttar Pradesh,Bulandshahr,"Yamunapuram, Bulandshahr - UPPCB",13-08-2026 11:00:00,28.406963,77.849831,OZONE,8,48,20
India,Uttar Pradesh,Fatehpur Sikri,"Dadupura, Fatehpur Sikri - UPPCB",13-08-2026 11:00:00,27.097694,77.671335,PM10,NA,NA,NA
India,Telangana,Hyderabad,"Ramachandrapuram, Hyderabad - TSPCB",13-08-2026 11:00:00,17.528544,78.286195,PM10,48,66,53
India,Tripura,Agartala,"Bardowali, Agartala - Tripura SPCB",13-08-2026 11:00:00,23.8175497,91.2726974,CO,21,24,22
India,Uttar Pradesh,Kanpur,"Nehru Nagar, Kanpur - UPPCB",13-08-2026 11:00:00,26.4703136,80.3229863,NO2,43,47,45
India,Uttar Pradesh,Kanpur,"Nehru Nagar, Kanpur - UPPCB",13-08-2026 11:00:00,26.4703136,80.3229863,NH3,NA,NA,NA
India,Uttar Pradesh,Kanpur,"FTI Kidwai Nagar, Kanpur - UPPCB",13-08-2026 11:00:00,26.428282,80.327067,NH3,3,3,3
India,Uttar Pradesh,Khurja,"Kalindi Kunj, Khurja - UPPCB",13-08-2026 11:00:00,28.2348927,77.8683002,NH3,1,1,1
India,Uttar Pradesh,Lucknow,"Talkatora District Industries Center, Lucknow - CPCB",13-08-2026 11:00:00,26.83399722,80.8917361,PM2.5,69,110,85
India,Uttar Pradesh,Lucknow,"Talkatora District Industries Center, Lucknow - CPCB",13-08-2026 11:00:00,26.83399722,80.8917361,PM10,62,97,81
India,Uttar Pradesh,Lucknow,"Talkatora District Industries Center, Lucknow - CPCB",13-08-2026 11:00:00,26.83399722,80.8917361,NO2,20,25,21
India,Uttar Pradesh,Lucknow,"B R Ambedkar University, Lucknow - UPPCB",13-08-2026 11:00:00,26.766433,80.927299,NO2,11,12,12
India,Uttar Pradesh,Lucknow,"Lalbagh, Lucknow - CPCB",13-08-2026 11:00:00,26.8458805,80.9365541,CO,22,41,32
India,Uttar Pradesh,Lucknow,"Kendriya Vidyalaya, Lucknow - CPCB",13-08-2026 11:00:00,26.906111,80.948222,PM2.5,38,100,63
India,Uttar Pradesh,Lucknow,"Kendriya Vidyalaya, Lucknow - CPCB",13-08-2026 11:00:00,26.906111,80.948222,CO,23,100,54
India,Uttar Pradesh,Lucknow,"Kukrail Picnic Spot-1, Lucknow - UPPCB",13-08-2026 11:00:00,26.90723,80.98579,CO,14,16,14
India,Uttar Pradesh,Mathura,"Pali Dungra, Mathura - UPPCB",13-08-2026 11:00:00,27.410954,77.550619,PM10,35,70,52
India,Uttar Pradesh,Mathura,"Pali Dungra, Mathura - UPPCB",13-08-2026 11:00:00,27.410954,77.550619,OZONE,29,29,29
India,Uttar Pradesh,Meerut,"Jai Bhim Nagar, Meerut - UPPCB",13-08-2026 11:00:00,28.9535882,77.7622941,NO2,NA,NA,NA
India,Uttar Pradesh,Meerut,"Jai Bhim Nagar, Meerut - UPPCB",13-08-2026 11:00:00,28.9535882,77.7622941,SO2,NA,NA,NA
India,Uttar Pradesh,Meerut,"Ganga Nagar, Meerut - UPPCB",13-08-2026 11:00:00,28.999264,77.7590354,PM2.5,33,158,83
India,Uttar Pradesh,Meerut,"Ganga Nagar, Meerut - UPPCB",13-08-2026 11:00:00,28.999264,77.7590354,NO2,19,64,35
India,Uttar Pradesh,Meerut,"Ganga Nagar, Meerut - UPPCB",13-08-2026 11:00:00,28.999264,77.7590354,OZONE,25,26,26
India,Uttar Pradesh,Meerut,"Pallavpuram Phase 2, Meerut - UPPCB",13-08-2026 11:00:00,29.06351,77.709723,SO2,9,51,22
India,Uttar Pradesh,Modinagar,"SRM University, Modinagar - UPPCB",13-08-2026 11:00:00,28.798171,77.540243,NH3,3,3,3
India,Uttar Pradesh,Moradabad,"Eco Herbal Park, Moradabad - UPPCB",13-08-2026 11:00:00,28.840739,78.697531,OZONE,13,29,20
India,Uttar Pradesh,Moradabad,"Employment Office, Moradabad - UPPCB",13-08-2026 11:00:00,28.88528,78.7388,OZONE,9,75,20
India,Uttar Pradesh,Moradabad,"Transport Nagar, Moradabad - UPPCB",13-08-2026 11:00:00,28.802625,78.753728,CO,25,29,27
India,Uttar Pradesh,Moradabad,"Jigar Colony, Moradabad - UPPCB",13-08-2026 11:00:00,28.856664,78.772638,PM10,29,95,54
India,Uttar Pradesh,Noida,"Sector-116, Noida - UPPCB",13-08-2026 11:00:00,28.56923,77.393848,NO2,11,72,32
India,Uttar Pradesh,Noida,"Sector-116, Noida - UPPCB",13-08-2026 11:00:00,28.56923,77.393848,NH3,10,17,12
India,West Bengal,Durgapur,"Mahishkapur Road_B-Zone, Durgapur - WBPCB",13-08-2026 11:00:00,23.567923,87.306843,NO2,2,23,8
India,West Bengal,Durgapur,"PCBL Residential Complex, Durgapur - WBPCB",13-08-2026 11:00:00,23.508764,87.35444,NH3,3,5,4
India,West Bengal,Durgapur,"PCBL Residential Complex, Durgapur - WBPCB",13-08-2026 11:00:00,23.508764,87.35444,CO,25,29,27
India,West Bengal,Durgapur,"PCBL Residential Complex, Durgapur - WBPCB",13-08-2026 11:00:00,23.508764,87.35444,OZONE,NA,NA,NA
India,West Bengal,Haldia,"Priyambada Housing Estate, Haldia - WBPCB",13-08-2026 11:00:00,22.06047,88.109737,NH3,3,4,4
India,West Bengal,Howrah,"Dasnagar, Howrah - WBPCB",13-08-2026 11:00:00,22.6025571,88.3105664,NH3,1,4,2
India,West Bengal,Asansol,"Evelyn Lodge, Asansol - WBPCB",13-08-2026 11:00:00,23.697936,86.944395,NH3,6,8,7
India,West Bengal,Asansol,"Mahabir Colliery, Asansol - WBPCB",13-08-2026 11:00:00,23.618183,87.105718,PM2.5,18,57,30
India,West Bengal,Asansol,"Mahabir Colliery, Asansol - WBPCB",13-08-2026 11:00:00,23.618183,87.105718,CO,30,36,33
India,West Bengal,Barrackpore,"SVSPA Campus, Barrackpore - WBPCB",13-08-2026 11:00:00,22.7605581,88.3617589,NO2,9,145,17
India,West Bengal,Durgapur,"Womens College_City Center, Durgapur - WBPCB",13-08-2026 11:00:00,23.549395,87.300496,PM10,32,82,48
India,Uttar Pradesh,Noida,"Sector - 62, Noida - IITM",13-08-2026 11:00:00,28.6245479,77.3577104,PM10,54,135,90
India,Uttar Pradesh,Noida,"Sector - 62, Noida - IITM",13-08-2026 11:00:00,28.6245479,77.3577104,OZONE,17,47,26
India,Uttar Pradesh,Noida,"Sector-1, Noida - UPPCB",13-08-2026 11:00:00,28.5898,77.3101,PM2.5,19,115,60
India,Uttar Pradesh,Noida,"Sector-1, Noida - UPPCB",13-08-2026 11:00:00,28.5898,77.3101,SO2,9,18,12
India,Uttar Pradesh,Noida,"Sector-1, Noida - UPPCB",13-08-2026 11:00:00,28.5898,77.3101,OZONE,9,86,28
India,Uttar Pradesh,Noida,"Sector - 125, Noida - UPPCB",13-08-2026 11:00:00,28.5447608,77.3231257,SO2,7,9,8
India,Uttar Pradesh,Shamli,"New Tehsil, Shamli - UPPCB",13-08-2026 11:00:00,29.4603683,77.3410291,NH3,1,3,2
India,Uttar Pradesh,Varanasi,"Ardhali Bazar, Varanasi - UPPCB",13-08-2026 11:00:00,25.3505986,82.9083074,PM10,NA,NA,NA
India,Uttar Pradesh,Varanasi,"Ardhali Bazar, Varanasi - UPPCB",13-08-2026 11:00:00,25.3505986,82.9083074,NH3,NA,NA,NA
India,Uttar Pradesh,Varanasi,"Ardhali Bazar, Varanasi - UPPCB",13-08-2026 11:00:00,25.3505986,82.9083074,CO,14,14,14
India,Uttar Pradesh,Varanasi,"Maldahiya, Varanasi - UPPCB",13-08-2026 11:00:00,25.32393,82.99687,OZONE,4,6,4
India,Uttar Pradesh,Vrindavan,"Omex Eternity, Vrindavan - UPPCB",13-08-2026 11:00:00,27.571409,77.655757,PM2.5,15,55,40
India,Uttarakhand,Kashipur,"Govt. Girls Inter College, Kashipur - UKPCB",13-08-2026 11:00:00,29.2124114,78.9611753,NO2,2,14,6
India,Uttarakhand,Kashipur,"Govt. Girls Inter College, Kashipur - UKPCB",13-08-2026 11:00:00,29.2124114,78.9611753,CO,12,18,15
India,Uttar Pradesh,Prayagraj,"Nagar Nigam, Prayagraj - UPPCB",13-08-2026 11:00:00,25.44919916,81.82735986,CO,13,33,20
India,West Bengal,Howrah,"Dasnagar, Howrah - WBPCB",13-08-2026 11:00:00,22.6025571,88.3105664,SO2,10,11,10
India,West Bengal,Howrah,"Dasnagar, Howrah - WBPCB",13-08-2026 11:00:00,22.6025571,88.3105664,CO,32,48,39
India,West Bengal,Howrah,"Padmapukur, Howrah - WBPCB",13-08-2026 11:00:00,22.5687319,88.2797276,CO,50,56,53
India,West Bengal,Howrah,"Padmapukur, Howrah - WBPCB",13-08-2026 11:00:00,22.5687319,88.2797276,OZONE,10,13,11
India,West Bengal,Howrah,"Botanical Garden, Howrah - WBPCB",13-08-2026 11:00:00,22.554954,88.292568,NO2,10,19,14
India,West Bengal,Howrah,"Belur Math, Howrah - WBPCB",13-08-2026 11:00:00,22.629801,88.352017,OZONE,9,10,9
India,West Bengal,Kolkata,"Rabindra Sarobar, Kolkata - WBPCB",13-08-2026 11:00:00,22.51106,88.35142,NO2,10,29,14
India,West Bengal,Kolkata,"Rabindra Sarobar, Kolkata - WBPCB",13-08-2026 11:00:00,22.51106,88.35142,NH3,6,7,6
India,West Bengal,Kolkata,"Bidhannagar, Kolkata - WBPCB",13-08-2026 11:00:00,22.58157048,88.41002457,PM2.5,6,54,32
India,West Bengal,Kolkata,"Bidhannagar, Kolkata - WBPCB",13-08-2026 11:00:00,22.58157048,88.41002457,PM10,24,68,48
India,West Bengal,Kolkata,"Bidhannagar, Kolkata - WBPCB",13-08-2026 11:00:00,22.58157048,88.41002457,NH3,6,6,6
India,West Bengal,Kolkata,"Victoria, Kolkata - WBPCB",13-08-2026 11:00:00,22.5448082,88.3403691,PM10,80,120,101
India,West Bengal,Kolkata,"Fort William, Kolkata - WBPCB",13-08-2026 11:00:00,22.55664,88.342674,CO,10,20,15
India,West Bengal,Kolkata,"Jadavpur, Kolkata - WBPCB",13-08-2026 11:00:00,22.49929,88.36917,PM10,29,99,56
India,West Bengal,Kolkata,"Jadavpur, Kolkata - WBPCB",13-08-2026 11:00:00,22.49929,88.36917,NH3,13,15,14
India,West Bengal,Kolkata,"Ballygunge, Kolkata - WBPCB",13-08-2026 11:00:00,22.5367507,88.3638022,PM10,21,93,54
India,West Bengal,Kolkata,"Ballygunge, Kolkata - WBPCB",13-08-2026 11:00:00,22.5367507,88.3638022,CO,19,30,24
India,West Bengal,Siliguri,"Ward-32 Bapupara, Siliguri - WBPCB",13-08-2026 11:00:00,26.6879226,88.4152495,NO2,111,128,119
India,West Bengal,Siliguri,"Ward-32 Bapupara, Siliguri - WBPCB",13-08-2026 11:00:00,26.6879226,88.4152495,CO,23,41,29
India,West Bengal,Siliguri,"Ward-32 Bapupara, Siliguri - WBPCB",13-08-2026 11:00:00,26.6879226,88.4152495,OZONE,17,19,18
India,Andhra Pradesh,Vijayawada,"Rajiv Gandhi Park, Vijayawada - APPCB",13-08-2026 11:00:00,16.509717,80.612222,OZONE,22,31,27
India,Andhra Pradesh,Visakhapatnam,"GVM Corporation, Visakhapatnam - APPCB",13-08-2026 11:00:00,17.72,83.3,PM10,52,153,99
India,Andhra Pradesh,Visakhapatnam,"GVM Corporation, Visakhapatnam - APPCB",13-08-2026 11:00:00,17.72,83.3,NH3,2,4,4
India,Andhra Pradesh,Visakhapatnam,"GVM Corporation, Visakhapatnam - APPCB",13-08-2026 11:00:00,17.72,83.3,OZONE,2,12,6
India,Arunachal Pradesh,Naharlagun,"Naharlagun, Naharlagun - APSPCB",13-08-2026 11:00:00,27.103358,93.679645,CO,7,9,8
India,Assam,Byrnihat,"Central Academy for SFS, Byrnihat - PCBA",13-08-2026 11:00:00,26.071318,91.87488,OZONE,18,27,20
India,Assam,Guwahati,"Railway Colony, Guwahati - PCBA",13-08-2026 11:00:00,26.181742,91.78063,NH3,1,1,1
India,Assam,Guwahati,"Pan Bazaar, Guwahati - PCBA",13-08-2026 11:00:00,26.1875,91.744194,NO2,1,2,2
India,Assam,Guwahati,"LGBI Airport, Guwahati - PCBA",13-08-2026 11:00:00,26.10887,91.589544,PM10,17,62,46
India,Assam,Guwahati,"LGBI Airport, Guwahati - PCBA",13-08-2026 11:00:00,26.10887,91.589544,SO2,NA,NA,NA
India,Assam,Nagaon,"Christianpatty, Nagaon - PCBA",13-08-2026 11:00:00,26.349082,92.68449,SO2,8,13,11
India,Assam,Silchar,"Tarapur, Silchar - PCBA",13-08-2026 11:00:00,24.82827,92.79525,CO,36,42,40
India,Assam,Silchar,"Tarapur, Silchar - PCBA",13-08-2026 11:00:00,24.82827,92.79525,OZONE,2,3,2
India,Assam,Sivasagar,"Girls College, Sivasagar - PCBA",13-08-2026 11:00:00,26.987634,94.636574,NO2,10,16,12
India,Assam,Sivasagar,"Girls College, Sivasagar - PCBA",13-08-2026 11:00:00,26.987634,94.636574,NH3,2,4,3
India,Bihar,Araria,"Kharahiya Basti, Araria - BSPCB",13-08-2026 11:00:00,26.146529,87.454184,PM2.5,7,95,44
India,Bihar,Arrah,"New DM Office, Arrah - BSPCB",13-08-2026 11:00:00,25.5626095,84.663264,PM10,40,66,43
India,Bihar,Arrah,"New DM Office, Arrah - BSPCB",13-08-2026 11:00:00,25.5626095,84.663264,NH3,1,2,2
India,Bihar,Aurangabad,"Gurdeo Nagar, Aurangabad - BSPCB",13-08-2026 11:00:00,24.75746,84.366208,PM2.5,NA,NA,NA
India,Bihar,Aurangabad,"Gurdeo Nagar, Aurangabad - BSPCB",13-08-2026 11:00:00,24.75746,84.366208,NO2,NA,NA,NA
India,Bihar,Aurangabad,"Gurdeo Nagar, Aurangabad - BSPCB",13-08-2026 11:00:00,24.75746,84.366208,SO2,NA,NA,NA
India,Bihar,Motihari,"Gandak Colony, Motihari - BSPCB",13-08-2026 11:00:00,26.63086,84.90051,OZONE,54,56,55
India,Bihar,Muzaffarpur,"Buddha Colony, Muzaffarpur - BSPCB",13-08-2026 11:00:00,26.11442,85.39813,PM2.5,23,52,41
India,Bihar,Muzaffarpur,"Buddha Colony, Muzaffarpur - BSPCB",13-08-2026 11:00:00,26.11442,85.39813,PM10,38,66,48
India,Bihar,Muzaffarpur,"Buddha Colony, Muzaffarpur - BSPCB",13-08-2026 11:00:00,26.11442,85.39813,SO2,3,22,9
India,Bihar,Muzaffarpur,"MIT-Daudpur Kothi, Muzaffarpur - BSPCB",13-08-2026 11:00:00,26.1403345,85.3650192,NH3,1,1,1
India,Bihar,Muzaffarpur,"MIT-Daudpur Kothi, Muzaffarpur - BSPCB",13-08-2026 11:00:00,26.1403345,85.3650192,SO2,16,30,22
India,Bihar,Patna,"DRM Office Danapur, Patna - BSPCB",13-08-2026 11:00:00,25.586562,85.043586,CO,38,50,43
India,Bihar,Patna,"Samanpura, Patna - BSPCB",13-08-2026 11:00:00,25.596727,85.085624,PM10,98,142,117
India,Bihar,Patna,"Samanpura, Patna - BSPCB",13-08-2026 11:00:00,25.596727,85.085624,NH3,4,5,5
India,Andhra Pradesh,Amaravati,"Secretariat, Amaravati - APPCB",13-08-2026 11:00:00,16.5150833,80.5181667,PM2.5,5,40,20
India,Andhra Pradesh,Amaravati,"Secretariat, Amaravati - APPCB",13-08-2026 11:00:00,16.5150833,80.5181667,PM10,12,156,66
India,Andhra Pradesh,Amaravati,"Secretariat, Amaravati - APPCB",13-08-2026 11:00:00,16.5150833,80.5181667,NO2,14,50,26
India,Andhra Pradesh,Amaravati,"Secretariat, Amaravati - APPCB",13-08-2026 11:00:00,16.5150833,80.5181667,NH3,3,5,4
India,Andhra Pradesh,Anantapur,"Gulzarpet, Anantapur - APPCB",13-08-2026 11:00:00,14.675886,77.593027,PM2.5,46,190,63
India,Andhra Pradesh,Anantapur,"Gulzarpet, Anantapur - APPCB",13-08-2026 11:00:00,14.675886,77.593027,NH3,2,5,2
India,Andhra Pradesh,Anantapur,"Gulzarpet, Anantapur - APPCB",13-08-2026 11:00:00,14.675886,77.593027,SO2,9,15,10
India,Andhra Pradesh,Chittoor,"Gangineni Cheruvu, Chittoor - APPCB",13-08-2026 11:00:00,13.20488,79.097889,NO2,NA,NA,NA
India,Andhra Pradesh,Guntur,"Rajendra Nagar North, Guntur - APPCB",13-08-2026 11:00:00,16.316553,80.413302,PM2.5,55,76,60
India,Bihar,Gaya,"Kareemganj, Gaya - BSPCB",13-08-2026 11:00:00,24.792403,84.992416,CO,28,51,43
India,Bihar,Gaya,"Kareemganj, Gaya - BSPCB",13-08-2026 11:00:00,24.792403,84.992416,OZONE,7,81,37
India,Bihar,Gaya,"SFTI Kusdihra, Gaya - BSPCB",13-08-2026 11:00:00,24.762518,84.982348,PM2.5,18,36,27
India,Bihar,Hajipur,"Industrial Area, Hajipur - BSPCB",13-08-2026 11:00:00,25.697189,85.2459,SO2,4,6,5
India,Bihar,Kishanganj,"SDM Office_Khagra, Kishanganj - BSPCB",13-08-2026 11:00:00,26.0881305,87.93840336,OZONE,32,33,33
India,Bihar,Manguraha,"Forest Rest House, Manguraha - BSPCB",13-08-2026 11:00:00,27.308328,84.531742,PM10,63,176,79
India,Bihar,Manguraha,"Forest Rest House, Manguraha - BSPCB",13-08-2026 11:00:00,27.308328,84.531742,NO2,12,42,16
India,Bihar,Bettiah,"Kamalnath Nagar, Bettiah - BSPCB",13-08-2026 11:00:00,26.80365,84.51954,NO2,23,46,29
India,Bihar,Bettiah,"Kamalnath Nagar, Bettiah - BSPCB",13-08-2026 11:00:00,26.80365,84.51954,OZONE,19,30,23
India,Bihar,Bhagalpur,"DM Office_Kachari Chowk, Bhagalpur - BSPCB",13-08-2026 11:00:00,25.251013,86.989001,PM10,24,500,117
India,Bihar,Bhagalpur,"DM Office_Kachari Chowk, Bhagalpur - BSPCB",13-08-2026 11:00:00,25.251013,86.989001,NO2,11,14,12
India,Bihar,Bhagalpur,"Mayaganj, Bhagalpur - BSPCB",13-08-2026 11:00:00,25.265194,87.012947,NO2,15,18,17
India,Bihar,Bhagalpur,"Mayaganj, Bhagalpur - BSPCB",13-08-2026 11:00:00,25.265194,87.012947,NH3,1,4,2
India,Bihar,Bhagalpur,"Mayaganj, Bhagalpur - BSPCB",13-08-2026 11:00:00,25.265194,87.012947,CO,16,47,28
India,Bihar,Buxar,"Charitra Van, Buxar - BSPCB",13-08-2026 11:00:00,25.56752,83.966379,PM2.5,NA,NA,NA
India,Andhra Pradesh,Rajamahendravaram,"Anand Kala Kshetram, Rajamahendravaram - APPCB",13-08-2026 11:00:00,16.9872867,81.7363176,PM10,11,57,30
India,Andhra Pradesh,Rajamahendravaram,"Anand Kala Kshetram, Rajamahendravaram - APPCB",13-08-2026 11:00:00,16.9872867,81.7363176,NH3,1,4,2
India,Andhra Pradesh,Tirumala,"Toll Gate, Tirumala - APPCB",13-08-2026 11:00:00,13.67,79.35,PM2.5,13,33,24
India,Andhra Pradesh,Tirumala,"Toll Gate, Tirumala - APPCB",13-08-2026 11:00:00,13.67,79.35,NH3,2,3,2
India,Andhra Pradesh,Tirumala,"Toll Gate, Tirumala - APPCB",13-08-2026 11:00:00,13.67,79.35,CO,24,24,24
India,Andhra Pradesh,Tirupati,"Vaikuntapuram, Tirupati - APPCB",13-08-2026 11:00:00,13.615387,79.40923,NH3,3,5,5
India,Andhra Pradesh,Vijayawada,"Rajiv Nagar, Vijayawada - APPCB",13-08-2026 11:00:00,16.554731,80.64911,NH3,3,5,3
India,Andhra Pradesh,Kakinada,"Rama Rao Peta, Kakinada - APPCB",13-08-2026 11:00:00,16.962488,82.229513,CO,5,18,11
India,Andhra Pradesh,Kurnool,"Sita Rama Nagar, Kurnool - APPCB",13-08-2026 11:00:00,15.83411,78.028546,NH3,6,6,6
India,Andhra Pradesh,Machilipatnam,"Srinivas Nagar Colony, Machilipatnam - APPCB",13-08-2026 11:00:00,16.186555,81.13219,NH3,3,5,3
India,Andhra Pradesh,Nellore,"Ambedkar Nagar, Nellore - APPCB ",13-08-2026 11:00:00,14.438164,79.966814,CO,35,37,37
India,Bihar,Buxar,"Charitra Van, Buxar - BSPCB",13-08-2026 11:00:00,25.56752,83.966379,OZONE,1,5,3
India,Bihar,Chhapra,"Darshan Nagar, Chhapra - BSPCB",13-08-2026 11:00:00,25.7808257,84.7446768,PM2.5,93,100,96
India,Bihar,Chhapra,"Darshan Nagar, Chhapra - BSPCB",13-08-2026 11:00:00,25.7808257,84.7446768,PM10,113,118,115
India,Bihar,Gaya,"Kareemganj, Gaya - BSPCB",13-08-2026 11:00:00,24.792403,84.992416,NO2,11,13,12
India,Bihar,Gaya,"Kareemganj, Gaya - BSPCB",13-08-2026 11:00:00,24.792403,84.992416,SO2,41,45,43
India,Andhra Pradesh,Vijayawada,"HB Colony, Vijayawada - APPCB",13-08-2026 11:00:00,16.536107,80.594233,OZONE,18,29,22
India,Delhi,Delhi,"Dr. Karni Singh Shooting Range, Delhi - DPCC",13-08-2026 11:00:00,28.498571,77.26484,NH3,6,8,7
India,Delhi,Delhi,"Dr. Karni Singh Shooting Range, Delhi - DPCC",13-08-2026 11:00:00,28.498571,77.26484,CO,31,47,37
India,Delhi,Delhi,"Dr. Karni Singh Shooting Range, Delhi - DPCC",13-08-2026 11:00:00,28.498571,77.26484,OZONE,12,26,16
India,Delhi,Delhi,"Dwarka-Sector 8, Delhi - DPCC ",13-08-2026 11:00:00,28.5710274,77.0719006,SO2,7,22,12
India,Delhi,Delhi,"DTU, Delhi - CPCB",13-08-2026 11:00:00,28.7500499,77.1112615,PM10,48,143,81
India,Delhi,Delhi,"Anand Vihar, Delhi - DPCC",13-08-2026 11:00:00,28.647622,77.315809,PM2.5,73,342,194
India,Delhi,Delhi,"Mundka, Delhi - DPCC",13-08-2026 11:00:00,28.684678,77.076574,PM2.5,22,203,70
India,Delhi,Delhi,"Mundka, Delhi - DPCC",13-08-2026 11:00:00,28.684678,77.076574,PM10,55,217,111
India,Delhi,Delhi,"Mundka, Delhi - DPCC",13-08-2026 11:00:00,28.684678,77.076574,NH3,7,12,10
India,Delhi,Delhi,"Mundka, Delhi - DPCC",13-08-2026 11:00:00,28.684678,77.076574,CO,36,43,40
India,Delhi,Delhi,"Mundka, Delhi - DPCC",13-08-2026 11:00:00,28.684678,77.076574,OZONE,2,6,3
India,Delhi,Delhi,"Wazirpur, Delhi - DPCC",13-08-2026 11:00:00,28.699793,77.165453,SO2,11,16,14
India,Delhi,Delhi,"Najafgarh, Delhi - DPCC",13-08-2026 11:00:00,28.570173,76.933762,PM2.5,3,308,77
India,Delhi,Delhi,"Najafgarh, Delhi - DPCC",13-08-2026 11:00:00,28.570173,76.933762,SO2,29,43,32
India,Delhi,Delhi,"Najafgarh, Delhi - DPCC",13-08-2026 11:00:00,28.570173,76.933762,CO,12,15,13
India,Delhi,Delhi,"Najafgarh, Delhi - DPCC",13-08-2026 11:00:00,28.570173,76.933762,OZONE,11,15,12
India,Delhi,Delhi,"Aya Nagar, Delhi - IITM",13-08-2026 11:00:00,28.4706914,77.1099364,NO2,12,53,30
India,Delhi,Delhi,"CRRI Mathura Road, Delhi - IITM",13-08-2026 11:00:00,28.5512005,77.2735737,NO2,5,77,22
India,Delhi,Delhi,"Burari Crossing, Delhi - IITM",13-08-2026 11:00:00,28.7256504,77.2011573,PM10,35,125,80
India,Delhi,Delhi,"IMD Lodhi Road, Delhi - IITM",13-08-2026 11:00:00,28.5918245,77.2273074,PM2.5,25,92,64
India,Delhi,Delhi,"IMD Lodhi Road, Delhi - IITM",13-08-2026 11:00:00,28.5918245,77.2273074,PM10,38,121,83
India,Delhi,Delhi,"IMD Lodhi Road, Delhi - IITM",13-08-2026 11:00:00,28.5918245,77.2273074,NH3,NA,NA,NA
India,Delhi,Delhi,"IMD Lodhi Road, Delhi - IITM",13-08-2026 11:00:00,28.5918245,77.2273074,OZONE,10,51,23
India,Delhi,Delhi,"North Campus, DU, Delhi - IITM",13-08-2026 11:00:00,28.6573814,77.1585447,OZONE,34,115,53
India,Delhi,Delhi,"R K Puram, Delhi - DPCC",13-08-2026 11:00:00,28.563262,77.186937,OZONE,1,35,10
India,Chhattisgarh,Raipur,"Bhatagaon New ISBT, Raipur - CECB",13-08-2026 11:00:00,21.219665,81.630094,PM2.5,3,15,6
India,Chhattisgarh,Raipur,"Bhatagaon New ISBT, Raipur - CECB",13-08-2026 11:00:00,21.219665,81.630094,CO,12,26,16
India,Chhattisgarh,Tumidih,"OP Jindal Industrial Park, Tumidih - CECB",13-08-2026 11:00:00,22.06631475,83.33820077,OZONE,21,21,21
India,Delhi,Delhi,"ITO, Delhi - CPCB",13-08-2026 11:00:00,28.628624,77.24106,NH3,1,5,4
India,Delhi,Delhi,"ITO, Delhi - CPCB",13-08-2026 11:00:00,28.628624,77.24106,CO,40,59,48
India,Delhi,Delhi,"NSUT Jaffarpur, Delhi - DPCC",13-08-2026 11:00:00,28.594004,76.909423,CO,25,30,27
India,Delhi,Delhi,"Punjabi Bagh, Delhi - DPCC",13-08-2026 11:00:00,28.674045,77.131023,PM10,9,188,119
India,Delhi,Delhi,"Punjabi Bagh, Delhi - DPCC",13-08-2026 11:00:00,28.674045,77.131023,NH3,3,6,4
India,Bihar,Patna,"Govt. High School Shikarpur, Patna - BSPCB",13-08-2026 11:00:00,25.592539,85.227158,PM10,60,110,84
India,Bihar,Patna,"Govt. High School Shikarpur, Patna - BSPCB",13-08-2026 11:00:00,25.592539,85.227158,CO,38,57,48
India,Bihar,Purnia,"Mariam Nagar, Purnia - BSPCB",13-08-2026 11:00:00,25.366336,87.117468,PM10,15,32,23
India,Bihar,Purnia,"Mariam Nagar, Purnia - BSPCB",13-08-2026 11:00:00,25.366336,87.117468,CO,59,59,59
India,Bihar,Saharsa,"Police Line, Saharsa - BSPCB",13-08-2026 11:00:00,25.892357,86.590325,PM2.5,NA,NA,NA
India,Bihar,Samastipur,"DM Office_Kasipur, Samastipur - BSPCB",13-08-2026 11:00:00,25.859655,85.77944,CO,4,4,4
India,Bihar,Siwan,"Chitragupta Nagar, Siwan - BSPCB",13-08-2026 11:00:00,26.2271665,84.3570427,PM2.5,71,87,77
India,Bihar,Siwan,"Chitragupta Nagar, Siwan - BSPCB",13-08-2026 11:00:00,26.2271665,84.3570427,PM10,99,113,105
India,Bihar,Siwan,"Chitragupta Nagar, Siwan - BSPCB",13-08-2026 11:00:00,26.2271665,84.3570427,NO2,2,2,2
India,Bihar,Siwan,"Chitragupta Nagar, Siwan - BSPCB",13-08-2026 11:00:00,26.2271665,84.3570427,NH3,1,1,1
India,Chandigarh,Chandigarh,"Sector-25, Chandigarh - CPCC",13-08-2026 11:00:00,30.751462,76.762879,PM2.5,27,55,41
India,Chandigarh,Chandigarh,"Sector-25, Chandigarh - CPCC",13-08-2026 11:00:00,30.751462,76.762879,NO2,1,30,7
India,Chandigarh,Chandigarh,"Sector-25, Chandigarh - CPCC",13-08-2026 11:00:00,30.751462,76.762879,SO2,4,7,6
India,Chandigarh,Chandigarh,"Sector-25, Chandigarh - CPCC",13-08-2026 11:00:00,30.751462,76.762879,CO,16,26,20
India,Chhattisgarh,Bhilai,"Hathkhoj, Bhilai - CECB",13-08-2026 11:00:00,21.224231,81.40835,PM2.5,10,25,17
India,Chhattisgarh,Bhilai,"Hathkhoj, Bhilai - CECB",13-08-2026 11:00:00,21.224231,81.40835,PM10,12,29,18
India,Chhattisgarh,Bhilai,"32Bungalows, Bhilai - CECB",13-08-2026 11:00:00,21.194815,81.31477,CO,12,15,14
India,Chhattisgarh,Chhal,"Nawapara SECL Colony, Chhal - CECB",13-08-2026 11:00:00,22.118125,83.140608,NH3,2,2,2
India,Chhattisgarh,Korba,"Rampur, Korba - CECB",13-08-2026 11:00:00,22.368195,82.746431,PM2.5,12,31,18
India,Chhattisgarh,Korba,"Rampur, Korba - CECB",13-08-2026 11:00:00,22.368195,82.746431,PM10,12,36,23
India,Chhattisgarh,Milupara,"Govt. Higher Secondary School, Milupara - CECB",13-08-2026 11:00:00,22.1910172,83.5197009,SO2,13,22,16
India,Chhattisgarh,Milupara,"Govt. Higher Secondary School, Milupara - CECB",13-08-2026 11:00:00,22.1910172,83.5197009,OZONE,20,37,28
India,Chhattisgarh,Raipur,"Siltara Phase-II, Raipur - CECB",13-08-2026 11:00:00,21.371751,81.664929,CO,17,17,17
India,Chhattisgarh,Raipur,"AIIMS, Raipur - CECB",13-08-2026 11:00:00,21.258815,81.578979,NO2,0,9,2
India,Delhi,Delhi,"IGNOU_Maidan Garhi, Delhi - DPCC",13-08-2026 11:00:00,28.493624,77.201159,NO2,3,13,8
India,Delhi,Delhi,"IGNOU_Maidan Garhi, Delhi - DPCC",13-08-2026 11:00:00,28.493624,77.201159,SO2,5,6,5
India,Delhi,Delhi,"IGNOU_Maidan Garhi, Delhi - DPCC",13-08-2026 11:00:00,28.493624,77.201159,CO,41,46,43
India,Delhi,Delhi,"Commonwealth Sports Complex, Delhi - DPCC",13-08-2026 11:00:00,28.615828,77.271992,NH3,0,4,1
India,Delhi,Delhi,"Commonwealth Sports Complex, Delhi - DPCC",13-08-2026 11:00:00,28.615828,77.271992,CO,27,42,32
India,Delhi,Delhi,"NSIT Dwarka, Delhi - CPCB",13-08-2026 11:00:00,28.60909,77.0325413,PM2.5,25,50,31
India,Delhi,Delhi,"Sirifort, Delhi - CPCB",13-08-2026 11:00:00,28.5504249,77.2159377,SO2,0,119,32
India,Delhi,Delhi,"Chandni Chowk, Delhi - IITM",13-08-2026 11:00:00,28.656756,77.227234,PM2.5,66,123,83
India,Delhi,Delhi,"Chandni Chowk, Delhi - IITM",13-08-2026 11:00:00,28.656756,77.227234,PM10,76,165,115
India,Delhi,Delhi,"Pusa, Delhi - IITM",13-08-2026 11:00:00,28.63611,77.173332,PM2.5,17,98,60
India,Delhi,Delhi,"Pusa, Delhi - IITM",13-08-2026 11:00:00,28.63611,77.173332,PM10,34,115,88
India,Delhi,Delhi,"Shadipur, Delhi - CPCB",13-08-2026 11:00:00,28.6514781,77.1473105,NH3,8,14,11
India,Delhi,Delhi,"Mandir Marg, Delhi - DPCC",13-08-2026 11:00:00,28.636429,77.201067,PM2.5,3,103,44
India,Delhi,Delhi,"Mandir Marg, Delhi - DPCC",13-08-2026 11:00:00,28.636429,77.201067,OZONE,5,30,12
India,Delhi,Delhi,"Pusa, Delhi - DPCC",13-08-2026 11:00:00,28.639652,77.146275,PM2.5,30,110,70
India,Delhi,Delhi,"Pusa, Delhi - DPCC",13-08-2026 11:00:00,28.639652,77.146275,OZONE,1,2,1
India,Haryana,Kaithal,"Rishi Nagar, Kaithal - HSPCB",13-08-2026 11:00:00,29.8006,76.4155,PM2.5,35,61,47
India,Haryana,Kaithal,"Rishi Nagar, Kaithal - HSPCB",13-08-2026 11:00:00,29.8006,76.4155,NO2,17,25,22
India,Haryana,Kaithal,"Rishi Nagar, Kaithal - HSPCB",13-08-2026 11:00:00,29.8006,76.4155,SO2,NA,NA,NA
India,Haryana,Karnal,"Sector-12, Karnal - HSPCB",13-08-2026 11:00:00,29.6953,77.0027,NH3,6,12,8
India,Haryana,Karnal,"Sector-12, Karnal - HSPCB",13-08-2026 11:00:00,29.6953,77.0027,OZONE,19,153,45
India,Haryana,Kurukshetra,"Sector-7, Kurukshetra - HSPCB",13-08-2026 11:00:00,29.966942,76.875879,PM2.5,37,78,56
India,Haryana,Kurukshetra,"Sector-7, Kurukshetra - HSPCB",13-08-2026 11:00:00,29.966942,76.875879,NH3,5,6,6
India,Haryana,Mandikhera,"General Hospital, Mandikhera(Nuh) - HSPCB",13-08-2026 11:00:00,27.9002,76.9938,NO2,13,19,16
India,Haryana,Mandikhera,"General Hospital, Mandikhera(Nuh) - HSPCB",13-08-2026 11:00:00,27.9002,76.9938,OZONE,47,48,48
India,Haryana,Narnaul,"Shastri Nagar, Narnaul - HSPCB",13-08-2026 11:00:00,28.060249,76.113115,PM10,61,107,81
India,Haryana,Palwal,"Shyam Nagar, Palwal - HSPCB",13-08-2026 11:00:00,28.1485564,77.3320667,PM2.5,31,47,37
India,Haryana,Panchgaon,"Amity University, Panchgaon - IITM",13-08-2026 11:00:00,28.3153,76.9143,CO,60,80,68
India,Haryana,Panchkula,"Sector-6, Panchkula - HSPCB ",13-08-2026 11:00:00,30.7057778,76.8531805555555,NO2,26,33,29
India,Haryana,Panchkula,"Sector-6, Panchkula - HSPCB ",13-08-2026 11:00:00,30.7057778,76.8531805555555,CO,18,20,19
India,Haryana,Fatehabad,"Huda Sector, Fatehabad - HSPCB",13-08-2026 11:00:00,29.503664,75.467934,PM2.5,16,26,19
India,Haryana,Fatehabad,"Huda Sector, Fatehabad - HSPCB",13-08-2026 11:00:00,29.503664,75.467934,CO,46,57,50
India,Haryana,Gurugram,"Teri Gram, Gurugram - HSPCB",13-08-2026 11:00:00,28.4275,77.1465,PM10,52,196,107
India,Haryana,Gurugram,"Vikas Sadan, Gurugram - HSPCB",13-08-2026 11:00:00,28.4501238,77.0263051,NO2,2,23,10
India,Haryana,Gurugram,"NISE Gwal Pahari, Gurugram - IITM",13-08-2026 11:00:00,28.422681,77.148944,PM2.5,16,147,72
India,Haryana,Gurugram,"NISE Gwal Pahari, Gurugram - IITM",13-08-2026 11:00:00,28.422681,77.148944,CO,62,69,66
India,Haryana,Hisar,"Urban Estate-II, Hisar - HSPCB",13-08-2026 11:00:00,29.14056,75.744941,NO2,21,26,23
India,Haryana,Hisar,"Urban Estate-II, Hisar - HSPCB",13-08-2026 11:00:00,29.14056,75.744941,CO,23,26,25
India,Haryana,Jind,"Police Lines, Jind - HSPCB",13-08-2026 11:00:00,29.307814,76.337619,PM10,37,89,56
India,Haryana,Jind,"Police Lines, Jind - HSPCB",13-08-2026 11:00:00,29.307814,76.337619,NH3,4,5,5
India,Delhi,Delhi,"Bawana, Delhi - DPCC",13-08-2026 11:00:00,28.7762,77.051074,SO2,9,10,10
India,Delhi,Delhi,"Sonia Vihar, Delhi - DPCC",13-08-2026 11:00:00,28.710508,77.249485,PM10,35,156,93
India,Delhi,Delhi,"Sonia Vihar, Delhi - DPCC",13-08-2026 11:00:00,28.710508,77.249485,NH3,12,28,16
India,Delhi,Delhi,"Sonia Vihar, Delhi - DPCC",13-08-2026 11:00:00,28.710508,77.249485,OZONE,22,31,26
India,Delhi,Delhi,"Major Dhyan Chand National Stadium, Delhi - DPCC",13-08-2026 11:00:00,28.611281,77.237738,PM2.5,2,107,54
India,Delhi,Delhi,"Major Dhyan Chand National Stadium, Delhi - DPCC",13-08-2026 11:00:00,28.611281,77.237738,PM10,41,135,82
India,Delhi,Delhi,"Major Dhyan Chand National Stadium, Delhi - DPCC",13-08-2026 11:00:00,28.611281,77.237738,NH3,4,9,6
India,Delhi,Delhi,"Cantonment Area, Delhi - DPCC",13-08-2026 11:00:00,28.594169,77.1251,PM2.5,9,52,30
India,Delhi,Delhi,"Narela, Delhi - DPCC",13-08-2026 11:00:00,28.822836,77.101981,NO2,23,37,27
India,Delhi,Delhi,"Narela, Delhi - DPCC",13-08-2026 11:00:00,28.822836,77.101981,CO,22,27,25
India,Delhi,Delhi,"Patparganj, Delhi - DPCC",13-08-2026 11:00:00,28.623763,77.287209,PM10,57,144,96
India,Delhi,Delhi,"Nehru Nagar, Delhi - DPCC",13-08-2026 11:00:00,28.56789,77.250515,NH3,6,9,7
India,Delhi,Delhi,"Jahangirpuri, Delhi - DPCC",13-08-2026 11:00:00,28.73282,77.170633,SO2,13,17,15
India,Delhi,Delhi,"Vivek Vihar, Delhi - DPCC",13-08-2026 11:00:00,28.672342,77.31526,NO2,25,64,38
India,Delhi,Delhi,"Vivek Vihar, Delhi - DPCC",13-08-2026 11:00:00,28.672342,77.31526,NH3,5,6,6
India,Delhi,Delhi,"Rohini, Delhi - DPCC",13-08-2026 11:00:00,28.732528,77.11992,SO2,9,10,9
India,Delhi,Delhi,"Rohini, Delhi - DPCC",13-08-2026 11:00:00,28.732528,77.11992,CO,35,42,39
India,Delhi,Delhi,"Rohini, Delhi - DPCC",13-08-2026 11:00:00,28.732528,77.11992,OZONE,11,15,13
India,Delhi,Delhi,"Okhla Phase-2, Delhi - DPCC",13-08-2026 11:00:00,28.530785,77.271255,NO2,15,61,30
India,Gujarat,Bhavnagar,"Vidhyanagar, Bhavnagar - Nexteng Enviro",13-08-2026 11:00:00,21.755417,72.139056,PM2.5,23,38,29
India,Gujarat,Bhavnagar,"Vidhyanagar, Bhavnagar - Nexteng Enviro",13-08-2026 11:00:00,21.755417,72.139056,PM10,45,75,57
India,Gujarat,Gandhinagar,"GIFT City, Gandhinagar - IITM",13-08-2026 11:00:00,23.163798,72.677768,PM2.5,16,74,49
India,Gujarat,Gandhinagar,"GIFT City, Gandhinagar - IITM",13-08-2026 11:00:00,23.163798,72.677768,PM10,37,93,63
India,Gujarat,Gandhinagar,"Sector-10, Gandhinagar - GPCB",13-08-2026 11:00:00,23.221714,72.654328,NH3,0,1,0
India,Gujarat,Gandhinagar,"Sector-10, Gandhinagar - GPCB",13-08-2026 11:00:00,23.221714,72.654328,SO2,3,5,4
India,Gujarat,Gandhinagar,"Sector-10, Gandhinagar - GPCB",13-08-2026 11:00:00,23.221714,72.654328,CO,14,17,16
India,Gujarat,Mehsana,"Sadanand Nagar, Mehsana - Nexteng Enviro",13-08-2026 11:00:00,23.59315,72.372792,NH3,0,0,0
India,Haryana,Bahadurgarh,"Arya Nagar, Bahadurgarh - HSPCB",13-08-2026 11:00:00,28.6701,76.9254,OZONE,33,47,39
India,Haryana,Ballabgarh,"Nathu Colony, Ballabgarh - HSPCB",13-08-2026 11:00:00,28.3419248,77.319699,SO2,2,4,2
India,Haryana,Ballabgarh,"Nathu Colony, Ballabgarh - HSPCB",13-08-2026 11:00:00,28.3419248,77.319699,OZONE,3,26,13
India,Haryana,Bhiwani,"H.B. Colony, Bhiwani - HSPCB",13-08-2026 11:00:00,28.806223,76.141105,NH3,1,3,2
India,Haryana,Charkhi Dadri,"Mini Secretariat, Charkhi Dadri - HSPCB",13-08-2026 11:00:00,28.593883,76.270653,PM2.5,18,341,96
India,Haryana,Dharuhera,"Municipal Corporation Office, Dharuhera -  HSPCB",13-08-2026 11:00:00,28.2068,76.7997,NH3,6,14,8
India,Gujarat,Ahmedabad,"Raikhad, Ahmedabad - IITM",13-08-2026 11:00:00,23.020509,72.579261,SO2,4,8,6
India,Gujarat,Ahmedabad,"Raikhad, Ahmedabad - IITM",13-08-2026 11:00:00,23.020509,72.579261,CO,9,76,40
India,Gujarat,Ahmedabad,"SVPI Airport Hansol, Ahmedabad - IITM",13-08-2026 11:00:00,23.076793,72.627874,NH3,1,2,2
India,Gujarat,Ahmedabad,"SVPI Airport Hansol, Ahmedabad - IITM",13-08-2026 11:00:00,23.076793,72.627874,CO,11,22,16
India,Gujarat,Ahmedabad,"Rakhial, Ahmedabad - IITM",13-08-2026 11:00:00,23.016834,72.625775,PM2.5,49,99,74
India,Gujarat,Ahmedabad,"Rakhial, Ahmedabad - IITM",13-08-2026 11:00:00,23.016834,72.625775,CO,42,73,60
India,Gujarat,Ahmedabad,"Rakhial, Ahmedabad - IITM",13-08-2026 11:00:00,23.016834,72.625775,OZONE,4,6,6
India,Gujarat,Ahmedabad,"Chandkheda, Ahmedabad - IITM",13-08-2026 11:00:00,23.107969,72.574648,PM2.5,19,74,51
India,Gujarat,Rajkot,"Mavdi, Rajkot - Nexteng Enviro ",13-08-2026 11:00:00,22.248853,70.776774,NO2,5,18,8
India,Gujarat,Surat,"Science Center, Surat - SMC",13-08-2026 11:00:00,21.170046,72.795405,PM2.5,29,69,44
India,Gujarat,Surat,"Katargam, Surat - Nexteng Enviro",13-08-2026 11:00:00,21.217779,72.834787,CO,43,53,46
India,Gujarat,Vapi,"Phase-1 GIDC, Vapi - GPCB",13-08-2026 11:00:00,20.362421,72.918013,NH3,3,3,3
India,Gujarat,Vapi,"Phase-1 GIDC, Vapi - GPCB",13-08-2026 11:00:00,20.362421,72.918013,SO2,11,20,14
India,Haryana,Dharuhera,"Municipal Corporation Office, Dharuhera -  HSPCB",13-08-2026 11:00:00,28.2068,76.7997,OZONE,6,57,15
India,Haryana,Faridabad,"Sector 30, Faridabad - HSPCB",13-08-2026 11:00:00,28.4417,77.3217,SO2,4,6,5
India,Haryana,Faridabad,"Sector 11, Faridabad - HSPCB",13-08-2026 11:00:00,28.376058,77.315741,PM10,60,361,148
India,Karnataka,Gadag,"Panchal Nagar, Gadag - KSPCB",13-08-2026 11:00:00,15.411456,75.638133,OZONE,17,19,18
India,Karnataka,Hubballi,"Lingaraj Nagar, Hubballi - KSPCB",13-08-2026 11:00:00,15.3714823,75.1160168,OZONE,21,25,23
India,Karnataka,Kalaburagi,"Mahatma Basaveswar Colony, Kalaburgi - KSPCB",13-08-2026 11:00:00,17.336318,76.847397,PM2.5,12,31,28
India,Karnataka,Kalaburagi,"Mahatma Basaveswar Colony, Kalaburgi - KSPCB",13-08-2026 11:00:00,17.336318,76.847397,OZONE,12,15,14
India,Karnataka,Kalaburagi,"Lal Bahadur Shastri Nagar, Kalaburagi - KSPCB",13-08-2026 11:00:00,17.321993,76.822628,PM10,NA,NA,NA
India,Karnataka,Karwar,"KHB Colony, Karwar - KSPCB",13-08-2026 11:00:00,14.816666,74.141003,NO2,8,31,12
India,Karnataka,Karwar,"KHB Colony, Karwar - KSPCB",13-08-2026 11:00:00,14.816666,74.141003,NH3,0,13,2
India,Karnataka,Karwar,"KHB Colony, Karwar - KSPCB",13-08-2026 11:00:00,14.816666,74.141003,SO2,NA,NA,NA
India,Karnataka,Mangalore,"Kadri, Mangalore - KSPCB",13-08-2026 11:00:00,12.88925,74.853,PM2.5,15,54,31
India,Karnataka,Mangalore,"Kadri, Mangalore - KSPCB",13-08-2026 11:00:00,12.88925,74.853,NO2,1,4,2
India,Karnataka,Mangalore,"Kadri, Mangalore - KSPCB",13-08-2026 11:00:00,12.88925,74.853,SO2,NA,NA,NA
India,Karnataka,Mangalore,"Kadri, Mangalore - KSPCB",13-08-2026 11:00:00,12.88925,74.853,OZONE,36,37,36
India,Karnataka,Mysuru,"Hebbal 1st Stage, Mysuru - KSPCB",13-08-2026 11:00:00,12.21041,76.37376,CO,4,16,7
India,Madhya Pradesh,Dewas,"Bhopal Chauraha, Dewas - MPPCB",13-08-2026 11:00:00,22.9682591,76.064118,NH3,2,4,3
India,Madhya Pradesh,Gwalior,"Deen Dayal Nagar, Gwalior - MPPCB",13-08-2026 11:00:00,26.259242,78.216432,PM2.5,7,47,26
India,Madhya Pradesh,Gwalior,"City Center, Gwalior - MPPCB",13-08-2026 11:00:00,26.203442,78.193251,SO2,10,44,21
India,Madhya Pradesh,Gwalior,"Maharaj Bada, Gwalior - MPPCB",13-08-2026 11:00:00,26.200388,78.147714,PM2.5,5,223,86
India,Madhya Pradesh,Indore,"Regional Park, Indore - IMC",13-08-2026 11:00:00,22.678,75.8559,NH3,1,4,2
India,Madhya Pradesh,Indore,"Residency Area, Indore - IMC",13-08-2026 11:00:00,22.7084,75.8815,PM10,15,48,27
India,Madhya Pradesh,Indore,"Chhoti Gwaltoli, Indore - MPPCB",13-08-2026 11:00:00,22.431,75.5213,PM10,36,112,62
India,Madhya Pradesh,Indore,"Chhoti Gwaltoli, Indore - MPPCB",13-08-2026 11:00:00,22.431,75.5213,CO,11,19,14
India,Madhya Pradesh,Indore,"Maguda Nagar, Indore - IMC",13-08-2026 11:00:00,22.7524,75.8872,PM10,9,38,21
India,Madhya Pradesh,Indore,"Maguda Nagar, Indore - IMC",13-08-2026 11:00:00,22.7524,75.8872,SO2,14,29,20
India,Karnataka,Bengaluru,"Hebbal, Bengaluru - KSPCB",13-08-2026 11:00:00,13.029152,77.585901,PM10,NA,NA,NA
India,Karnataka,Bengaluru,"Hebbal, Bengaluru - KSPCB",13-08-2026 11:00:00,13.029152,77.585901,OZONE,0,61,23
India,Karnataka,Chamarajanagar,"Urban, Chamarajanagar - KSPCB",13-08-2026 11:00:00,11.55358,76.55521,PM2.5,16,49,32
India,Karnataka,Chamarajanagar,"Urban, Chamarajanagar - KSPCB",13-08-2026 11:00:00,11.55358,76.55521,SO2,2,8,4
India,Karnataka,Chikkaballapur,"Chikkaballapur Rural, Chikkaballapur - KSPCB",13-08-2026 11:00:00,13.428828,77.731418,CO,7,20,11
India,Karnataka,Chikkamagaluru,"Kalyana Nagara, Chikkamagaluru - KSPCB",13-08-2026 11:00:00,13.328028,75.797056,NO2,NA,NA,NA
India,Karnataka,Chikkamagaluru,"Kalyana Nagara, Chikkamagaluru - KSPCB",13-08-2026 11:00:00,13.328028,75.797056,SO2,NA,NA,NA
India,Karnataka,Davanagere,"Devaraj Urs Badavane, Davanagere - KSPCB",13-08-2026 11:00:00,14.4758,75.9052,PM10,12,29,21
India,Karnataka,Shivamogga,"Vinoba Nagara, Shivamogga - KSPCB",13-08-2026 11:00:00,13.94,75.555917,NO2,15,23,18
India,Karnataka,Vijayapura,"Ibrahimpur, Vijayapura - KSPCB",13-08-2026 11:00:00,16.802639,75.722694,PM10,42,43,43
India,Karnataka,Vijayapura,"Ibrahimpur, Vijayapura - KSPCB",13-08-2026 11:00:00,16.802639,75.722694,NO2,11,12,11
India,Karnataka,Vijayapura,"Ibrahimpur, Vijayapura - KSPCB",13-08-2026 11:00:00,16.802639,75.722694,OZONE,16,17,16
India,Karnataka,Yadgir,"Collector Office, Yadgir - KSPCB",13-08-2026 11:00:00,16.7602,77.1428,NO2,NA,NA,NA
India,Kerala,Kannur,"Thavakkara, Kannur - Kerala PCB",13-08-2026 11:00:00,11.875,75.3732,PM10,45,55,48
India,Kerala,Thiruvananthapuram,"Plammoodu, Thiruvananthapuram - Kerala PCB",13-08-2026 11:00:00,8.5149093,76.9435879,NO2,2,5,4
India,Haryana,Rohtak,"MD University, Rohtak - HSPCB",13-08-2026 11:00:00,28.52123,76.37138,PM2.5,22,108,59
India,Haryana,Rohtak,"MD University, Rohtak - HSPCB",13-08-2026 11:00:00,28.52123,76.37138,NO2,8,10,9
India,Haryana,Rohtak,"MD University, Rohtak - HSPCB",13-08-2026 11:00:00,28.52123,76.37138,NH3,NA,NA,NA
India,Haryana,Rohtak,"MD University, Rohtak - HSPCB",13-08-2026 11:00:00,28.52123,76.37138,OZONE,15,27,20
India,Haryana,Sirsa,"F-Block, Sirsa - HSPCB",13-08-2026 11:00:00,29.5364,75.0158,NH3,13,14,13
India,Haryana,Sonipat,"Murthal, Sonipat - HSPCB",13-08-2026 11:00:00,29.0272,77.0621,PM10,92,133,114
India,Himachal Pradesh,Baddi,"HIMUDA Complex Phase-1, Baddi - HPPCB",13-08-2026 11:00:00,30.943887,76.801991,NO2,1,38,11
India,Jharkhand,Jorapokhar,"Tata Stadium, Jorapokhar - JSPCB",13-08-2026 11:00:00,23.707909,86.41467,PM10,54,275,103
India,Jharkhand,Jorapokhar,"Tata Stadium, Jorapokhar - JSPCB",13-08-2026 11:00:00,23.707909,86.41467,SO2,21,21,21
India,Karnataka,Belgaum,"Ramteerth Nagar, Belgaum - KSPCB",13-08-2026 11:00:00,15.888653,74.541751,PM10,5,22,13
India,Karnataka,Belgaum,"Ramteerth Nagar, Belgaum - KSPCB",13-08-2026 11:00:00,15.888653,74.541751,NO2,25,68,40
India,Karnataka,Belgaum,"Ramteerth Nagar, Belgaum - KSPCB",13-08-2026 11:00:00,15.888653,74.541751,OZONE,19,19,19
India,Karnataka,Bengaluru,"Bapuji Nagar, Bengaluru - KSPCB",13-08-2026 11:00:00,12.951913,77.539784,PM2.5,18,76,38
India,Ladakh,Leh,"Skara Yokma, Leh - LPCC",13-08-2026 11:00:00,34.147096,77.55709,PM10,0,60,17
India,Ladakh,Leh,"Skara Yokma, Leh - LPCC",13-08-2026 11:00:00,34.147096,77.55709,SO2,9,10,9
India,Madhya Pradesh,Bhopal,"T T Nagar, Bhopal - MPPCB",13-08-2026 11:00:00,23.233584,77.400574,CO,24,40,28
India,Madhya Pradesh,Bhopal,"Idgah Hills, Bhopal - MPPCB",13-08-2026 11:00:00,23.264759,77.381568,NO2,9,28,19
India,Madhya Pradesh,Bhopal,"Paryavaran Parisar, Bhopal - MPPCB",13-08-2026 11:00:00,23.210494,77.425409,NO2,9,24,14
India,Karnataka,Bengaluru,"Jigani, Bengaluru - KSPCB",13-08-2026 11:00:00,12.7816279,77.6299145,NO2,18,18,18
India,Karnataka,Bengaluru,"Jigani, Bengaluru - KSPCB",13-08-2026 11:00:00,12.7816279,77.6299145,OZONE,19,19,19
India,Karnataka,Bengaluru,"Peenya, Bengaluru - CPCB",13-08-2026 11:00:00,13.0270199,77.494094,PM2.5,10,10,10
India,Karnataka,Bengaluru,"Sanegurava Halli, Bengaluru - KSPCB",13-08-2026 11:00:00,12.990328,77.5431385,CO,17,24,20
India,Karnataka,Bengaluru,"Bapuji Nagar, Bengaluru - KSPCB",13-08-2026 11:00:00,12.951913,77.539784,NO2,25,29,27
India,Karnataka,Bengaluru,"Silk Board, Bengaluru - KSPCB",13-08-2026 11:00:00,12.917348,77.622813,PM2.5,23,60,40
India,Karnataka,Bengaluru,"Silk Board, Bengaluru - KSPCB",13-08-2026 11:00:00,12.917348,77.622813,CO,22,50,36
India,Maharashtra,Amravati,"Shivneri Colony, Amravati - MPCB",13-08-2026 11:00:00,20.9402359,77.7895248,PM2.5,1,50,24
India,Maharashtra,Amravati,"Shivneri Colony, Amravati - MPCB",13-08-2026 11:00:00,20.9402359,77.7895248,PM10,12,52,33
India,Maharashtra,Amravati,"Shri Shivaji Science College, Amravati - MPCB",13-08-2026 11:00:00,20.939198,77.765701,PM10,19,47,32
India,Maharashtra,Amravati,"Shri Shivaji Science College, Amravati - MPCB",13-08-2026 11:00:00,20.939198,77.765701,OZONE,7,14,9
India,Maharashtra,Aurangabad,"More Chowk Waluj, Aurangabad - MPCB",13-08-2026 11:00:00,19.8389439,75.244448,NO2,9,12,10
India,Maharashtra,Aurangabad,"MIDC Chilkalthana, Aurangabad - MPCB",13-08-2026 11:00:00,19.87562,75.38731,PM10,27,39,34
India,Maharashtra,Aurangabad,"MIDC Chilkalthana, Aurangabad - MPCB",13-08-2026 11:00:00,19.87562,75.38731,OZONE,NA,NA,NA
India,Maharashtra,Aurangabad,"Rachnakar Colony, Aurangabad - MPCB",13-08-2026 11:00:00,19.863756,75.321188,NH3,0,2,1
India,Maharashtra,Badlapur,"Katrap, Badlapur - MPCB",13-08-2026 11:00:00,19.16485,73.23409,PM2.5,5,31,14
India,Maharashtra,Badlapur,"Katrap, Badlapur - MPCB",13-08-2026 11:00:00,19.16485,73.23409,SO2,6,11,8
India,Maharashtra,Badlapur,"Katrap, Badlapur - MPCB",13-08-2026 11:00:00,19.16485,73.23409,CO,28,45,35
India,Maharashtra,Badlapur,"Katrap, Badlapur - MPCB",13-08-2026 11:00:00,19.16485,73.23409,OZONE,4,4,4
India,Madhya Pradesh,Satna,"Bandhavgar Colony, Satna - Birla Cement",13-08-2026 11:00:00,24.58434363,80.8549414,PM10,69,71,70
India,Madhya Pradesh,Ujjain,"Mahashweta Nagar, Ujjain - MPPCB",13-08-2026 11:00:00,23.1633321,75.800225,NO2,NA,NA,NA
India,Madhya Pradesh,Ujjain,"Mahashweta Nagar, Ujjain - MPPCB",13-08-2026 11:00:00,23.1633321,75.800225,SO2,NA,NA,NA
India,Maharashtra,Ahmednagar,"Tarakpur, Ahmednagar - MPCB",13-08-2026 11:00:00,19.10122,74.73339,SO2,6,13,10
India,Maharashtra,Akola,"Ramdaspeth, Akola - MPCB",13-08-2026 11:00:00,20.719516,77.000253,PM10,24,45,33
India,Maharashtra,Ambernath,"Chinchpada, Ambernath - MPCB",13-08-2026 11:00:00,19.215784,73.199781,PM2.5,4,63,36
India,Maharashtra,Ambernath,"Chinchpada, Ambernath - MPCB",13-08-2026 11:00:00,19.215784,73.199781,NH3,2,3,2
India,Maharashtra,Ambernath,"Chinchpada, Ambernath - MPCB",13-08-2026 11:00:00,19.215784,73.199781,SO2,1,6,4
India,Maharashtra,Ambernath,"Chinchpada, Ambernath - MPCB",13-08-2026 11:00:00,19.215784,73.199781,CO,5,12,9
India,Madhya Pradesh,Jabalpur,"Govindh Bhavan Colony, Jabalpur - JMC",13-08-2026 11:00:00,23.163174,79.973061,OZONE,21,27,24
India,Madhya Pradesh,Jabalpur,"Marhatal, Jabalpur - MPPCB",13-08-2026 11:00:00,23.168606,79.932247,NO2,39,45,42
India,Madhya Pradesh,Jabalpur,"Marhatal, Jabalpur - MPPCB",13-08-2026 11:00:00,23.168606,79.932247,OZONE,16,24,21
India,Madhya Pradesh,Katni,"Gole Bazar, Katni - MPPCB",13-08-2026 11:00:00,23.50016,80.23284,PM10,29,101,51
India,Madhya Pradesh,Pithampur,"Sector-2 Industrial Area, Pithampur - MPPCB",13-08-2026 11:00:00,22.624758,75.675238,NH3,7,8,7
India,Madhya Pradesh,Ratlam,"Shasthri Nagar, Ratlam - IPCA Lab",13-08-2026 11:00:00,23.331731,75.045981,PM10,15,84,44
India,Madhya Pradesh,Ratlam,"Shasthri Nagar, Ratlam - IPCA Lab",13-08-2026 11:00:00,23.331731,75.045981,SO2,10,16,13
India,Madhya Pradesh,Sagar,"Civil Lines, Sagar - MPPCB",13-08-2026 11:00:00,23.838586,78.759431,SO2,4,7,6
India,Maharashtra,Mira-Bhayandar,"Bhayandar West, Mira-Bhayandar - MPCB",13-08-2026 11:00:00,19.296481,72.840923,NO2,3,6,4
India,Maharashtra,Mumbai,"Chakala-Andheri East, Mumbai - IITM",13-08-2026 11:00:00,19.11074,72.86084,PM2.5,16,34,24
India,Maharashtra,Mumbai,"Shivaji Nagar, Mumbai - BMC",13-08-2026 11:00:00,19.060498,72.923356,SO2,1,23,14
India,Maharashtra,Mumbai,"Shivaji Nagar, Mumbai - BMC",13-08-2026 11:00:00,19.060498,72.923356,CO,11,30,18
India,Maharashtra,Mumbai,"Shivaji Nagar, Mumbai - BMC",13-08-2026 11:00:00,19.060498,72.923356,OZONE,1,5,3
India,Maharashtra,Mumbai,"Bandra Kurla Complex, Mumbai - MPCB",13-08-2026 11:00:00,19.065931,72.862131,PM2.5,8,53,29
India,Maharashtra,Mumbai,"Bandra Kurla Complex, Mumbai - MPCB",13-08-2026 11:00:00,19.065931,72.862131,PM10,34,57,47
India,Maharashtra,Mumbai,"Bandra Kurla Complex, Mumbai - MPCB",13-08-2026 11:00:00,19.065931,72.862131,NH3,1,2,1
India,Maharashtra,Jalna,"Old MIDC, Jalna - MPCB",13-08-2026 11:00:00,19.854616,75.905894,SO2,NA,NA,NA
India,Maharashtra,Jalna,"Old MIDC, Jalna - MPCB",13-08-2026 11:00:00,19.854616,75.905894,OZONE,36,37,37
India,Maharashtra,Kalyan,"Pimpleshwar Mandir, Kalyan - MPCB",13-08-2026 11:00:00,19.192056,72.9585188,SO2,NA,NA,NA
India,Maharashtra,Kalyan,"Khadakpada, Kalyan - MPCB",13-08-2026 11:00:00,19.25292,73.142019,PM10,32,119,73
India,Maharashtra,Kalyan,"Khadakpada, Kalyan - MPCB",13-08-2026 11:00:00,19.25292,73.142019,NO2,37,37,37
India,Maharashtra,Kalyan,"Khadakpada, Kalyan - MPCB",13-08-2026 11:00:00,19.25292,73.142019,NH3,1,1,1
India,Maharashtra,Kalyan,"Khadakpada, Kalyan - MPCB",13-08-2026 11:00:00,19.25292,73.142019,SO2,NA,NA,NA
India,Maharashtra,Kalyan,"Khadakpada, Kalyan - MPCB",13-08-2026 11:00:00,19.25292,73.142019,CO,NA,NA,NA
India,Maharashtra,Kolhapur,"Shivaji University, Kolhapur - MPCB",13-08-2026 11:00:00,16.6870449,74.2505872,PM10,21,62,40
India,Maharashtra,Belapur,"CBD Belapur, Belapur - MPCB",13-08-2026 11:00:00,19.0243902,73.0406721,NO2,20,34,24
India,Maharashtra,Boisar,"Khaira, Boisar - MPCB",13-08-2026 11:00:00,19.786089,72.757971,PM2.5,29,53,39
India,Maharashtra,Boisar,"Khaira, Boisar - MPCB",13-08-2026 11:00:00,19.786089,72.757971,NO2,5,11,8
India,Maharashtra,Chandrapur,"MIDC Khutala, Chandrapur - MPCB",13-08-2026 11:00:00,19.9775302,79.2337086,PM10,1,75,40
India,Maharashtra,Dhule,"Deopur, Dhule - MPCB",13-08-2026 11:00:00,20.918946,74.776388,SO2,0,9,4
India,Madhya Pradesh,Indore,"Airport Area, Indore - IMC",13-08-2026 11:00:00,22.7289,75.8076,NH3,0,0,0
India,Madhya Pradesh,Indore,"Airport Area, Indore - IMC",13-08-2026 11:00:00,22.7289,75.8076,SO2,10,12,11
India,Madhya Pradesh,Jabalpur,"Suhagi, Jabalpur - JMC",13-08-2026 11:00:00,23.218135,79.95777,PM2.5,17,28,21
India,Madhya Pradesh,Jabalpur,"Suhagi, Jabalpur - JMC",13-08-2026 11:00:00,23.218135,79.95777,NO2,37,62,43
India,Madhya Pradesh,Jabalpur,"Suhagi, Jabalpur - JMC",13-08-2026 11:00:00,23.218135,79.95777,NH3,5,5,5
India,Maharashtra,Hingoli,"Ashta Vinayak Nagar, Hingoli - MPCB",13-08-2026 11:00:00,19.710842,77.151824,PM2.5,18,62,39
India,Maharashtra,Hingoli,"Ashta Vinayak Nagar, Hingoli - MPCB",13-08-2026 11:00:00,19.710842,77.151824,NH3,1,2,1
India,Maharashtra,Hingoli,"Ashta Vinayak Nagar, Hingoli - MPCB",13-08-2026 11:00:00,19.710842,77.151824,CO,10,13,12
India,Maharashtra,Hingoli,"Ashta Vinayak Nagar, Hingoli - MPCB",13-08-2026 11:00:00,19.710842,77.151824,OZONE,14,30,22
India,Maharashtra,Kolhapur,"Sinchan Bhavan, Kolhapur - MPCB",13-08-2026 11:00:00,16.7143745,74.2426398,OZONE,4,24,11
India,Maharashtra,Solapur,"Dnyaneshwar Nagar, Solapur - MPCB",13-08-2026 11:00:00,17.6336264,75.9132495,PM10,20,36,27
India,Maharashtra,Solapur,"Dnyaneshwar Nagar, Solapur - MPCB",13-08-2026 11:00:00,17.6336264,75.9132495,OZONE,7,11,8
India,Maharashtra,Solapur,"Ratandeep Housing Society, Solapur - MPCB",13-08-2026 11:00:00,17.65439,75.90649,PM2.5,26,45,33
India,Maharashtra,Solapur,"Ratandeep Housing Society, Solapur - MPCB",13-08-2026 11:00:00,17.65439,75.90649,NO2,9,34,18
India,Maharashtra,Solapur,"Ratandeep Housing Society, Solapur - MPCB",13-08-2026 11:00:00,17.65439,75.90649,SO2,0,3,2
India,Maharashtra,Thane,"Upvan Fort, Thane - MPCB",13-08-2026 11:00:00,19.222279,72.957979,NO2,4,18,9
India,Maharashtra,Thane,"Upvan Fort, Thane - MPCB",13-08-2026 11:00:00,19.222279,72.957979,NH3,5,6,6
India,Maharashtra,Thane,"Kasarvadavali, Thane - MPCB",13-08-2026 11:00:00,19.26777,72.97182,OZONE,6,14,10
India,Maharashtra,Ulhasnagar,"Sidhi Vinayak Nagar, Ulhasnagar - MPCB",13-08-2026 11:00:00,19.235581,73.159121,PM10,37,78,54
India,Maharashtra,Ulhasnagar,"Sidhi Vinayak Nagar, Ulhasnagar - MPCB",13-08-2026 11:00:00,19.235581,73.159121,NH3,0,1,0
India,Maharashtra,Ulhasnagar,"Vithalwadi, Ulhasnagar - MPCB",13-08-2026 11:00:00,19.2307571,73.155192,NO2,4,6,5
India,Maharashtra,Virar,"Bolinj, Virar - MPCB",13-08-2026 11:00:00,19.445821,72.7988231,PM10,20,42,31
India,Meghalaya,Byrnihat,"15th Mile-Nongthymmai, Byrnihat -Meghalaya PCB",13-08-2026 11:00:00,26.079047,91.875185,NO2,1,3,2
India,Meghalaya,Byrnihat,"15th Mile-Nongthymmai, Byrnihat -Meghalaya PCB",13-08-2026 11:00:00,26.079047,91.875185,CO,NA,NA,NA
India,Maharashtra,Mumbai,"Chembur, Mumbai - MPCB",13-08-2026 11:00:00,19.0364585,72.8954371,NH3,8,19,14
India,Maharashtra,Mumbai,"Kandivali West, Mumbai - BMC",13-08-2026 11:00:00,19.215859,72.831718,PM2.5,11,29,20
India,Maharashtra,Mumbai,"Kandivali West, Mumbai - BMC",13-08-2026 11:00:00,19.215859,72.831718,NH3,3,5,4
India,Maharashtra,Mumbai,"Borivali East, Mumbai - MPCB",13-08-2026 11:00:00,19.2243333,72.8658113,OZONE,NA,NA,NA
India,Maharashtra,Mumbai,"Chhatrapati Shivaji Intl. Airport (T2), Mumbai - MPCB",13-08-2026 11:00:00,19.10078,72.87462,SO2,7,8,7
India,Maharashtra,Mumbai,"Siddharth Nagar-Worli, Mumbai - IITM",13-08-2026 11:00:00,19.000083,72.813993,PM10,27,52,41
India,Maharashtra,Mumbai,"Siddharth Nagar-Worli, Mumbai - IITM",13-08-2026 11:00:00,19.000083,72.813993,NO2,10,15,13
India,Maharashtra,Mumbai,"Kherwadi_Bandra East, Mumbai - MPCB",13-08-2026 11:00:00,19.0632143,72.8456324,CO,15,46,23
India,Maharashtra,Mumbai,"Byculla, Mumbai - BMC",13-08-2026 11:00:00,18.9767,72.838,NH3,1,5,2
India,Maharashtra,Mumbai,"Byculla, Mumbai - BMC",13-08-2026 11:00:00,18.9767,72.838,SO2,6,9,7
India,Maharashtra,Mumbai,"Mindspace-Malad West, Mumbai - MPCB",13-08-2026 11:00:00,19.1878657,72.8304069,PM10,28,35,30
India,Maharashtra,Nashik,"MIDC Ambad, Nashik - MPCB",13-08-2026 11:00:00,19.95022,73.73148,NO2,NA,NA,NA
India,Maharashtra,Nashik,"MIDC Ambad, Nashik - MPCB",13-08-2026 11:00:00,19.95022,73.73148,SO2,NA,NA,NA
India,Maharashtra,Nashik,"MIDC Ambad, Nashik - MPCB",13-08-2026 11:00:00,19.95022,73.73148,OZONE,8,19,14
India,Maharashtra,Navi Mumbai,"Tondare-Taloja, Navi Mumbai - MPCB",13-08-2026 11:00:00,19.063,73.1209,PM2.5,19,57,38
India,Maharashtra,Navi Mumbai,"Mahape, Navi Mumbai - MPCB",13-08-2026 11:00:00,19.1135051,73.008978,NO2,42,44,43
India,Maharashtra,Navi Mumbai,"Kopripada-Vashi, Navi Mumbai - MPCB",13-08-2026 11:00:00,19.090337,73.014232,NH3,4,10,7
India,Maharashtra,Navi Mumbai,"Kopripada-Vashi, Navi Mumbai - MPCB",13-08-2026 11:00:00,19.090337,73.014232,SO2,0,1,0
India,Maharashtra,Navi Mumbai,"Nerul, Navi Mumbai - MPCB",13-08-2026 11:00:00,19.008751,73.01662,PM2.5,3,31,15
India,Maharashtra,Navi Mumbai,"Nerul, Navi Mumbai - MPCB",13-08-2026 11:00:00,19.008751,73.01662,NH3,1,1,1
India,Maharashtra,Navi Mumbai,"Nerul, Navi Mumbai - MPCB",13-08-2026 11:00:00,19.008751,73.01662,CO,NA,NA,NA
India,Maharashtra,Navi Mumbai,"Sector-2E Kalamboli, Navi Mumbai - MPCB",13-08-2026 11:00:00,19.02579,73.10297,NO2,5,14,9
India,Maharashtra,Navi Mumbai,"Sector-2E Kalamboli, Navi Mumbai - MPCB",13-08-2026 11:00:00,19.02579,73.10297,NH3,6,12,9
India,Maharashtra,Parbhani,"Masoom Colony, Parbhani - MPCB",13-08-2026 11:00:00,19.265594,76.761463,PM2.5,9,26,14
India,Maharashtra,Pimpri-Chinchwad,"Thergaon, Pimpri Chinchwad - MPCB",13-08-2026 11:00:00,18.616318,73.765797,PM2.5,19,41,29
India,Maharashtra,Pimpri-Chinchwad,"Thergaon, Pimpri Chinchwad - MPCB",13-08-2026 11:00:00,18.616318,73.765797,NH3,3,5,4
India,Maharashtra,Pimpri-Chinchwad,"Bhosari, Pune - IITM",13-08-2026 11:00:00,18.640051,73.848956,PM2.5,17,53,30
India,Maharashtra,Pimpri-Chinchwad,"Savta Mali Nagar, Pimpri-Chinchwad - IITM",13-08-2026 11:00:00,18.614767,73.799516,PM10,22,80,39
India,Maharashtra,Pimpri-Chinchwad,"Savta Mali Nagar, Pimpri-Chinchwad - IITM",13-08-2026 11:00:00,18.614767,73.799516,CO,17,43,25
India,Maharashtra,Pimpri-Chinchwad,"Transport Nagar-Nigdi, Pune - IITM",13-08-2026 11:00:00,18.664282,73.763966,SO2,NA,NA,NA
India,Maharashtra,Pune,"Revenue Colony-Shivajinagar, Pune - IITM",13-08-2026 11:00:00,18.530085,73.849598,CO,40,102,71
India,Maharashtra,Pune,"Hadapsar, Pune - IITM",13-08-2026 11:00:00,18.501793,73.927532,NO2,NA,NA,NA
India,Maharashtra,Pune,"Katraj Dairy, Pune - MPCB",13-08-2026 11:00:00,18.45445,73.854155,SO2,2,3,3
India,Maharashtra,Pune,"Panchawati_Pashan, Pune - IITM",13-08-2026 11:00:00,18.536457,73.805454,SO2,NA,NA,NA
India,Maharashtra,Pune,"Panchawati_Pashan, Pune - IITM",13-08-2026 11:00:00,18.536457,73.805454,CO,16,46,30
India,Maharashtra,Pune,"Panchawati_Pashan, Pune - IITM",13-08-2026 11:00:00,18.536457,73.805454,OZONE,0,5,2
India,Maharashtra,Pune,"Dhankawadi, Pune - IITM",13-08-2026 11:00:00,18.459883,73.852193,NH3,NA,NA,NA
India,Maharashtra,Pune,"Mhada Colony, Pune - IITM",13-08-2026 11:00:00,18.57304,73.927715,PM10,32,55,43
India,Maharashtra,Pune,"Mhada Colony, Pune - IITM",13-08-2026 11:00:00,18.57304,73.927715,NO2,15,34,23
India,Maharashtra,Sangli,"Vijay Nagar, Sangli - MPCB",13-08-2026 11:00:00,16.5038,74.3623,PM10,NA,NA,NA
India,Maharashtra,Sangli,"Vijay Nagar, Sangli - MPCB",13-08-2026 11:00:00,16.5038,74.3623,CO,9,12,10
India,Maharashtra,Sangli,"Vijay Nagar, Sangli - MPCB",13-08-2026 11:00:00,16.5038,74.3623,OZONE,8,22,14
India,Maharashtra,Mumbai,"Mulund West, Mumbai - MPCB",13-08-2026 11:00:00,19.175,72.9419,OZONE,NA,NA,NA
India,Maharashtra,Mumbai,"Borivali East, Mumbai - IITM",13-08-2026 11:00:00,19.23241,72.86895,PM10,33,78,57
India,Maharashtra,Mumbai,"Borivali East, Mumbai - IITM",13-08-2026 11:00:00,19.23241,72.86895,OZONE,13,21,17
India,Maharashtra,Mumbai,"Bandra Kurla Complex, Mumbai - IITM",13-08-2026 11:00:00,19.053536,72.84643,NH3,1,2,1
India,Maharashtra,Mumbai,"Malad West, Mumbai - IITM",13-08-2026 11:00:00,19.19709,72.82204,PM2.5,5,29,15
India,Maharashtra,Mumbai,"Malad West, Mumbai - IITM",13-08-2026 11:00:00,19.19709,72.82204,PM10,18,44,29
India,Maharashtra,Mumbai,"Malad West, Mumbai - IITM",13-08-2026 11:00:00,19.19709,72.82204,CO,23,34,29
India,Maharashtra,Mumbai,"Mazgaon, Mumbai - IITM",13-08-2026 11:00:00,18.96702,72.84214,SO2,NA,NA,NA
India,Maharashtra,Mumbai,"Kurla, Mumbai - MPCB",13-08-2026 11:00:00,19.0863,72.8888,CO,25,25,25
India,Maharashtra,Mumbai,"Ghatkopar, Mumbai - BMC",13-08-2026 11:00:00,19.083694,72.920967,PM2.5,12,50,22
India,Maharashtra,Mumbai,"Ghatkopar, Mumbai - BMC",13-08-2026 11:00:00,19.083694,72.920967,SO2,0,2,1
India,Maharashtra,Nagpur,"Opp GPO Civil Lines, Nagpur - MPCB",13-08-2026 11:00:00,21.152875,79.0517531,PM2.5,4,54,22
India,Maharashtra,Nagpur,"Opp GPO Civil Lines, Nagpur - MPCB",13-08-2026 11:00:00,21.152875,79.0517531,NO2,15,16,16
India,Maharashtra,Nagpur,"Ram Nagar, Nagpur - MPCB",13-08-2026 11:00:00,21.143383,79.048912,PM10,22,54,36
India,Maharashtra,Nagpur,"Ram Nagar, Nagpur - MPCB",13-08-2026 11:00:00,21.143383,79.048912,NO2,2,7,5
India,Maharashtra,Nagpur,"Ram Nagar, Nagpur - MPCB",13-08-2026 11:00:00,21.143383,79.048912,NH3,2,4,3
India,Maharashtra,Nagpur,"Ram Nagar, Nagpur - MPCB",13-08-2026 11:00:00,21.143383,79.048912,CO,11,15,12
India,Maharashtra,Nagpur,"Ambazari, Nagpur - MPCB",13-08-2026 11:00:00,21.121801,79.04952,PM2.5,4,32,21
India,Maharashtra,Nagpur,"Ambazari, Nagpur - MPCB",13-08-2026 11:00:00,21.121801,79.04952,NH3,1,4,2
India,Maharashtra,Mumbai,"Mindspace-Malad West, Mumbai - MPCB",13-08-2026 11:00:00,19.1878657,72.8304069,NH3,9,10,9
India,Maharashtra,Mumbai,"Sion, Mumbai - MPCB",13-08-2026 11:00:00,19.047,72.8746,CO,NA,NA,NA
India,Maharashtra,Mumbai,"Deonar, Mumbai - IITM",13-08-2026 11:00:00,19.04946,72.923,NO2,3,13,7
India,Maharashtra,Mumbai,"Deonar, Mumbai - IITM",13-08-2026 11:00:00,19.04946,72.923,NH3,6,8,6
India,Maharashtra,Mumbai,"Worli, Mumbai - MPCB",13-08-2026 11:00:00,18.9936162,72.8128113,PM2.5,NA,NA,NA
India,Maharashtra,Mumbai,"Khindipada-Bhandup West, Mumbai - IITM",13-08-2026 11:00:00,19.1653323,72.922099,OZONE,9,17,13
India,Maharashtra,Mumbai,"Mulund West, Mumbai - MPCB",13-08-2026 11:00:00,19.175,72.9419,NH3,4,5,4
India,Maharashtra,Mumbai,"Mulund West, Mumbai - MPCB",13-08-2026 11:00:00,19.175,72.9419,SO2,NA,NA,NA
India,Maharashtra,Nagpur,"Mahal, Nagpur - MPCB",13-08-2026 11:00:00,21.14472,79.107595,PM10,32,54,41
India,Maharashtra,Nagpur,"Mahal, Nagpur - MPCB",13-08-2026 11:00:00,21.14472,79.107595,SO2,2,12,6
India,Maharashtra,Nashik,"Pandav Nagari, Nashik - MPCB",13-08-2026 11:00:00,19.9591346,73.7788008,NH3,1,2,1
India,Maharashtra,Nashik,"Pandav Nagari, Nashik - MPCB",13-08-2026 11:00:00,19.9591346,73.7788008,SO2,5,7,6
India,Maharashtra,Nashik,"Pandav Nagari, Nashik - MPCB",13-08-2026 11:00:00,19.9591346,73.7788008,OZONE,9,14,12
India,Maharashtra,Nashik,"Hirawadi, Nashik - MPCB",13-08-2026 11:00:00,20.021503,73.813844,CO,5,13,8
India,Maharashtra,Nashik,"Gangapur Road, Nashik - MPCB",13-08-2026 11:00:00,20.0073285,73.7762427,PM10,4,254,66
India,Maharashtra,Nashik,"Gangapur Road, Nashik - MPCB",13-08-2026 11:00:00,20.0073285,73.7762427,NO2,5,5,5
India,Punjab,Ludhiana,"Punjab Agricultural University, Ludhiana - PPCB",13-08-2026 11:00:00,30.9028,75.8086,SO2,18,21,20
India,Punjab,Mandi Gobindgarh,"RIMT University, Mandi Gobindgarh - PPCB",13-08-2026 11:00:00,30.649961,76.331442,SO2,7,105,35
India,Punjab,Patiala,"Model Town, Patiala - PPCB",13-08-2026 11:00:00,30.349388,76.366642,NO2,16,19,17
India,Punjab,Rupnagar,"Ratanpura, Rupnagar - Ambuja Cements",13-08-2026 11:00:00,31.0325454,76.5623046,PM2.5,7,87,33
India,Punjab,Rupnagar,"Ratanpura, Rupnagar - Ambuja Cements",13-08-2026 11:00:00,31.0325454,76.5623046,SO2,6,15,12
India,Rajasthan,Ajmer,"Civil Lines,  Ajmer - RSPCB",13-08-2026 11:00:00,26.470859,74.646594,SO2,3,14,9
India,Rajasthan,Alwar,"Moti Doongri, Alwar - RSPCB",13-08-2026 11:00:00,27.554793,76.611536,SO2,31,43,38
India,Rajasthan,Banswara,"Rati Talai, Banswara - RSPCB",13-08-2026 11:00:00,23.55519,74.44001,PM10,49,59,52
India,Rajasthan,Banswara,"Rati Talai, Banswara - RSPCB",13-08-2026 11:00:00,23.55519,74.44001,SO2,10,13,12
India,Rajasthan,Banswara,"Rati Talai, Banswara - RSPCB",13-08-2026 11:00:00,23.55519,74.44001,OZONE,8,28,22
India,Rajasthan,Baran,"Bamboliya, Baran - RSPCB",13-08-2026 11:00:00,25.106006,76.469948,SO2,3,6,5
India,Rajasthan,Barmer,"Railway Colony, Barmer - RSPCB",13-08-2026 11:00:00,25.747299,71.393989,NH3,3,5,4
India,Rajasthan,Barmer,"Railway Colony, Barmer - RSPCB",13-08-2026 11:00:00,25.747299,71.393989,SO2,2,3,2
India,Rajasthan,Barmer,"Railway Colony, Barmer - RSPCB",13-08-2026 11:00:00,25.747299,71.393989,CO,6,37,14
India,Rajasthan,Barmer,"Railway Colony, Barmer - RSPCB",13-08-2026 11:00:00,25.747299,71.393989,OZONE,11,22,18
India,Rajasthan,Bharatpur,"Krishna Nagar, Bharatpur - RSPCB",13-08-2026 11:00:00,27.215415,77.50873,PM2.5,7,41,20
India,Rajasthan,Bharatpur,"Krishna Nagar, Bharatpur - RSPCB",13-08-2026 11:00:00,27.215415,77.50873,PM10,6,54,23
India,Rajasthan,Bharatpur,"Krishna Nagar, Bharatpur - RSPCB",13-08-2026 11:00:00,27.215415,77.50873,OZONE,19,50,29
India,Meghalaya,Shillong,"Lumpyngngad, Shillong - Meghalaya PCB",13-08-2026 11:00:00,25.5586,91.8985,SO2,11,12,11
India,Meghalaya,Shillong,"JN Stadium, Shillong - Meghalaya PCB",13-08-2026 11:00:00,25.5803419,91.8942571,NH3,0,7,4
India,Meghalaya,Shillong,"JN Stadium, Shillong - Meghalaya PCB",13-08-2026 11:00:00,25.5803419,91.8942571,SO2,20,26,23
India,Meghalaya,Shillong,"JN Stadium, Shillong - Meghalaya PCB",13-08-2026 11:00:00,25.5803419,91.8942571,CO,11,17,14
India,Mizoram,Aizawl,"Sikulpuikawn, Aizawl - Mizoram PCB",13-08-2026 11:00:00,23.7176342,92.7192841,PM2.5,NA,NA,NA
India,Mizoram,Aizawl,"Sikulpuikawn, Aizawl - Mizoram PCB",13-08-2026 11:00:00,23.7176342,92.7192841,SO2,14,15,14
India,Odisha,Angul,"Hakimapada, Angul - OSPCB",13-08-2026 11:00:00,20.832874,85.104082,PM10,9,68,37
India,Odisha,Angul,"Hakimapada, Angul - OSPCB",13-08-2026 11:00:00,20.832874,85.104082,NO2,6,9,7
India,Odisha,Angul,"Hakimapada, Angul - OSPCB",13-08-2026 11:00:00,20.832874,85.104082,NH3,2,3,2
India,Odisha,Barbil,"Forest Office, Barbil - OSPCB",13-08-2026 11:00:00,22.1166054,85.3945546,NH3,1,2,2
India,Odisha,Barbil,"Forest Office, Barbil - OSPCB",13-08-2026 11:00:00,22.1166054,85.3945546,SO2,6,15,10
India,Odisha,Baripada,"Meher Colony, Baripada - OSPCB",13-08-2026 11:00:00,21.941841,86.728318,SO2,NA,NA,NA
India,Odisha,Baripada,"Meher Colony, Baripada - OSPCB",13-08-2026 11:00:00,21.941841,86.728318,CO,NA,NA,NA
India,Odisha,Bhubaneswar,"Lingraj Mandir, Bhubaneswar - OSPCB",13-08-2026 11:00:00,20.24079,85.836784,NO2,5,31,17
India,Rajasthan,Dausa,"Khatikan Mohalla, Dausa - RSPCB",13-08-2026 11:00:00,26.895552,76.334753,SO2,1,7,2
India,Rajasthan,Dholpur,"Raja Ganj, Dholpur - RSPCB",13-08-2026 11:00:00,26.699557,77.898881,PM2.5,17,25,19
India,Rajasthan,Dholpur,"Raja Ganj, Dholpur - RSPCB",13-08-2026 11:00:00,26.699557,77.898881,OZONE,9,13,11
India,Rajasthan,Dungarpur,"Bhoiwada, Dungarpur - RSPCB",13-08-2026 11:00:00,23.837789,73.714926,PM2.5,13,62,34
India,Rajasthan,Hanumangarh,"Housing Board, Hanumangarh - RSPCB",13-08-2026 11:00:00,29.61075,74.283608,PM10,14,70,40
India,Rajasthan,Hanumangarh,"Housing Board, Hanumangarh - RSPCB",13-08-2026 11:00:00,29.61075,74.283608,NO2,2,14,6
India,Rajasthan,Hanumangarh,"Housing Board, Hanumangarh - RSPCB",13-08-2026 11:00:00,29.61075,74.283608,SO2,3,7,5
India,Rajasthan,Jaipur,"Sector-2 Murlipura, Jaipur - RSPCB",13-08-2026 11:00:00,26.960669,75.771817,OZONE,4,14,8
India,Rajasthan,Jaipur,"Police Commissionerate, Jaipur - RSPCB",13-08-2026 11:00:00,26.9164092,75.7994901,PM10,22,82,55
India,Rajasthan,Jaipur,"Police Commissionerate, Jaipur - RSPCB",13-08-2026 11:00:00,26.9164092,75.7994901,CO,22,100,55
India,Rajasthan,Jaipur,"Adarsh Nagar, Jaipur - RSPCB",13-08-2026 11:00:00,26.902909,75.836858,NH3,8,14,10
India,Rajasthan,Jaipur,"Adarsh Nagar, Jaipur - RSPCB",13-08-2026 11:00:00,26.902909,75.836858,SO2,11,38,25
India,Odisha,Bileipada,"Tata Township, Bileipada - OSPCB",13-08-2026 11:00:00,22.06156703,85.47409613,PM10,38,119,77
India,Odisha,Bileipada,"Tata Township, Bileipada - OSPCB",13-08-2026 11:00:00,22.06156703,85.47409613,NH3,5,5,5
India,Odisha,Brajrajnagar,"GM Office, Brajrajnagar - OSPCB",13-08-2026 11:00:00,21.8004996,83.8396977,PM10,16,109,50
India,Odisha,Byasanagar,"Ferro Chrome Colony, Byasanagar - OSPCB",13-08-2026 11:00:00,20.94185,86.1151,PM2.5,2,82,58
India,Odisha,Byasanagar,"Ferro Chrome Colony, Byasanagar - OSPCB",13-08-2026 11:00:00,20.94185,86.1151,CO,36,57,45
India,Odisha,Cuttack,"CDA Area, Cuttack - OSPCB",13-08-2026 11:00:00,20.48891,85.84768,NO2,5,13,9
India,Odisha,Cuttack,"CDA Area, Cuttack - OSPCB",13-08-2026 11:00:00,20.48891,85.84768,NH3,3,6,4
India,Odisha,Keonjhar,"Jagamohanpur, Keonjhar - OSPCB",13-08-2026 11:00:00,21.6439,85.599355,PM10,35,93,58
India,Rajasthan,Bhilwara,"Pratap Nagar, Bhilwara - RSPCB",13-08-2026 11:00:00,25.339605,74.618883,OZONE,19,24,21
India,Rajasthan,Bhiwadi,"RIICO Ind. Area III, Bhiwadi - RSPCB",13-08-2026 11:00:00,28.194909,76.862296,PM2.5,47,178,102
India,Rajasthan,Bhiwadi,"RIICO Ind. Area III, Bhiwadi - RSPCB",13-08-2026 11:00:00,28.194909,76.862296,PM10,60,135,105
India,Rajasthan,Bhiwadi,"RIICO Ind. Area III, Bhiwadi - RSPCB",13-08-2026 11:00:00,28.194909,76.862296,NO2,30,84,50
India,Rajasthan,Bundi,"New Colony, Bundi - RSPCB",13-08-2026 11:00:00,25.435774,75.644272,PM2.5,3,53,16
India,Rajasthan,Bundi,"New Colony, Bundi - RSPCB",13-08-2026 11:00:00,25.435774,75.644272,SO2,2,5,4
India,Rajasthan,Chittorgarh,"Shastri Nagar, Chittorgarh - RSPCB",13-08-2026 11:00:00,24.892047,74.623527,PM10,23,74,44
India,Rajasthan,Chittorgarh,"Shastri Nagar, Chittorgarh - RSPCB",13-08-2026 11:00:00,24.892047,74.623527,NO2,16,35,23
India,Rajasthan,Chittorgarh,"Shastri Nagar, Chittorgarh - RSPCB",13-08-2026 11:00:00,24.892047,74.623527,OZONE,14,29,21
India,Odisha,Tensa,"Barsua Iron Ore Mines, Tensa - OSPCB",13-08-2026 11:00:00,21.869985,85.167016,OZONE,41,42,41
India,Puducherry,Puducherry,"Jawahar Nagar, Puducherry - PPCC",13-08-2026 11:00:00,11.9309,79.8027,NH3,1,6,3
India,Puducherry,Puducherry,"Jawahar Nagar, Puducherry - PPCC",13-08-2026 11:00:00,11.9309,79.8027,SO2,3,11,7
India,Puducherry,Puducherry,"Jawahar Nagar, Puducherry - PPCC",13-08-2026 11:00:00,11.9309,79.8027,CO,14,30,21
India,Punjab,Jalandhar,"Civil Line, Jalandhar - PPCB",13-08-2026 11:00:00,31.321907,75.578914,NH3,6,6,6
India,Odisha,Rourkela,"Fertilizer Township, Rourkela - OSPCB",13-08-2026 11:00:00,22.18972222,84.86277778,PM2.5,20,42,30
India,Odisha,Rourkela,"Fertilizer Township, Rourkela - OSPCB",13-08-2026 11:00:00,22.18972222,84.86277778,NO2,11,11,11
India,Odisha,Rourkela,"Fertilizer Township, Rourkela - OSPCB",13-08-2026 11:00:00,22.18972222,84.86277778,NH3,NA,NA,NA
India,Odisha,Talcher,"Talcher Coalfields,Talcher - OSPCB",13-08-2026 11:00:00,20.9360711,85.1707021,PM2.5,8,53,27
India,Odisha,Talcher,"Talcher Coalfields,Talcher - OSPCB",13-08-2026 11:00:00,20.9360711,85.1707021,NO2,46,90,74
India,Odisha,Rairangpur,"Divisional Forest Office, Rairangpur - OSPCB",13-08-2026 11:00:00,22.265816,86.174829,CO,6,23,13
India,Odisha,Rourkela,"Raghunathpali, Rourkela - OSPCB",13-08-2026 11:00:00,22.220833,84.809444,NO2,NA,NA,NA
India,Odisha,Rourkela,"Raghunathpali, Rourkela - OSPCB",13-08-2026 11:00:00,22.220833,84.809444,SO2,6,9,7
India,Punjab,Khanna,"Kalal Majra, Khanna - PPCB",13-08-2026 11:00:00,30.736056,76.209694,CO,43,47,46
India,Punjab,Ludhiana,"Punjab Agricultural University, Ludhiana - PPCB",13-08-2026 11:00:00,30.9028,75.8086,NH3,7,8,7
India,Tamil Nadu,Chennai,"Velachery Res. Area, Chennai - CPCB",13-08-2026 11:00:00,13.0052189,80.2398125,SO2,5,7,6
India,Tamil Nadu,Chennai,"Kodungaiyur, Chennai - TNPCB",13-08-2026 11:00:00,13.1278,80.2642,PM10,50,85,65
India,Tamil Nadu,Chennai,"Kodungaiyur, Chennai - TNPCB",13-08-2026 11:00:00,13.1278,80.2642,NO2,11,16,13
India,Tamil Nadu,Cuddalore,"Semmandalam, Cuddalore - TNPCB",13-08-2026 11:00:00,11.7637683,79.7499835,PM2.5,NA,NA,NA
India,Tamil Nadu,Cuddalore,"Semmandalam, Cuddalore - TNPCB",13-08-2026 11:00:00,11.7637683,79.7499835,NO2,NA,NA,NA
India,Tamil Nadu,Cuddalore,"Kudikadu, Cuddalore - TNPCB",13-08-2026 11:00:00,11.6829898,79.7532099,PM2.5,9,58,27
India,Tamil Nadu,Cuddalore,"Kudikadu, Cuddalore - TNPCB",13-08-2026 11:00:00,11.6829898,79.7532099,NO2,NA,NA,NA
India,Tamil Nadu,Cuddalore,"Kudikadu, Cuddalore - TNPCB",13-08-2026 11:00:00,11.6829898,79.7532099,OZONE,8,11,10
India,Tamil Nadu,Thoothukudi,"Meelavittan, Thoothukudi - TNPCB",13-08-2026 11:00:00,8.816428,78.099039,OZONE,28,35,31
India,Telangana,Hyderabad,"Kompally Municipal Office, Hyderabad - TSPCB",13-08-2026 11:00:00,17.544899,78.486949,NH3,2,4,3
India,Telangana,Hyderabad,"Kompally Municipal Office, Hyderabad - TSPCB",13-08-2026 11:00:00,17.544899,78.486949,SO2,3,10,6
India,Telangana,Hyderabad,"Zoo Park, Hyderabad - TSPCB",13-08-2026 11:00:00,17.349694,78.451437,CO,28,41,36
India,Rajasthan,Sirohi,"Vedhaynath Colony, Sirohi - RSPCB",13-08-2026 11:00:00,24.885261,72.857549,PM2.5,17,53,29
India,Rajasthan,Sirohi,"Vedhaynath Colony, Sirohi - RSPCB",13-08-2026 11:00:00,24.885261,72.857549,PM10,33,70,50
India,Rajasthan,Sirohi,"Vedhaynath Colony, Sirohi - RSPCB",13-08-2026 11:00:00,24.885261,72.857549,NH3,2,4,3
India,Rajasthan,Sirohi,"Vedhaynath Colony, Sirohi - RSPCB",13-08-2026 11:00:00,24.885261,72.857549,OZONE,8,37,22
India,Rajasthan,Tonk,"Shastri Nagar, Tonk - RSPCB",13-08-2026 11:00:00,26.159933,75.780517,PM2.5,17,103,38
India,Rajasthan,Udaipur,"Ashok Nagar, Udaipur - RSPCB",13-08-2026 11:00:00,24.5886166,73.6321397,CO,9,36,20
India,Sikkim,Gangtok,"Zero Point GICI, Gangtok - SSPCB",13-08-2026 11:00:00,27.33853,88.614099,OZONE,1,2,1
India,Tamil Nadu,Chennai,"Royapuram, Chennai - TNPCB",13-08-2026 11:00:00,13.1036,80.2909,PM2.5,15,64,36
India,Tamil Nadu,Chennai,"Royapuram, Chennai - TNPCB",13-08-2026 11:00:00,13.1036,80.2909,NO2,11,15,14
India,Tamil Nadu,Chennai,"Manali Village, Chennai - TNPCB",13-08-2026 11:00:00,13.1662,80.2584,NO2,13,19,16
India,Tamil Nadu,Chennai,"Manali Village, Chennai - TNPCB",13-08-2026 11:00:00,13.1662,80.2584,OZONE,29,319,217
India,Tamil Nadu,Chennai,"Manali, Chennai - CPCB",13-08-2026 11:00:00,13.164544,80.26285,OZONE,9,9,9
India,Tamil Nadu,Chennai,"Arumbakkam, Chennai - TNPCB",13-08-2026 11:00:00,13.0664,80.2112,NO2,9,29,16
India,Tamil Nadu,Chennai,"Arumbakkam, Chennai - TNPCB",13-08-2026 11:00:00,13.0664,80.2112,SO2,1,3,2
India,Tamil Nadu,Chennai,"Perungudi, Chennai - TNPCB",13-08-2026 11:00:00,12.9533,80.2357,PM10,39,91,63
India,Tamil Nadu,Chennai,"Perungudi, Chennai - TNPCB",13-08-2026 11:00:00,12.9533,80.2357,OZONE,0,5,1
India,Tamil Nadu,Chennai,"Velachery Res. Area, Chennai - CPCB",13-08-2026 11:00:00,13.0052189,80.2398125,PM10,93,114,102
India,Telangana,Hyderabad,"IITH Kandi, Hyderabad - TSPCB",13-08-2026 11:00:00,17.585705,78.126199,NO2,11,17,13
India,Telangana,Hyderabad,"IITH Kandi, Hyderabad - TSPCB",13-08-2026 11:00:00,17.585705,78.126199,OZONE,15,19,16
India,Telangana,Hyderabad,"Nacharam_TSIIC IALA, Hyderabad - TSPCB",13-08-2026 11:00:00,17.429398,78.569354,NO2,14,19,16
India,Telangana,Hyderabad,"Sanathnagar, Hyderabad - TSPCB",13-08-2026 11:00:00,17.4559458,78.4332152,PM2.5,7,41,20
India,Telangana,Hyderabad,"Sanathnagar, Hyderabad - TSPCB",13-08-2026 11:00:00,17.4559458,78.4332152,NH3,NA,NA,NA
India,Telangana,Hyderabad,"IDA Pashamylaram, Hyderabad - TSPCB",13-08-2026 11:00:00,17.5316895,78.218939,PM2.5,9,32,20
India,Telangana,Hyderabad,"IDA Pashamylaram, Hyderabad - TSPCB",13-08-2026 11:00:00,17.5316895,78.218939,PM10,26,53,39
India,Telangana,Hyderabad,"IDA Pashamylaram, Hyderabad - TSPCB",13-08-2026 11:00:00,17.5316895,78.218939,NH3,0,3,1
India,Telangana,Hyderabad,"Somajiguda, Hyderabad - TSPCB",13-08-2026 11:00:00,17.417094,78.457437,PM10,44,149,69
India,Rajasthan,Jodhpur,"Jhalamand, Jodhpur - RSPCB",13-08-2026 11:00:00,26.215415,73.070156,NH3,5,7,6
India,Rajasthan,Jodhpur,"Samrat Ashok Udhyan, Jodhpur - RSPCB",13-08-2026 11:00:00,26.253384,72.976571,PM2.5,12,47,30
India,Rajasthan,Jodhpur,"Digari Kalan, Jodhpur - RSPCB",13-08-2026 11:00:00,26.29581,73.082283,NO2,12,30,18
India,Rajasthan,Jodhpur,"Mandor, Jodhpur - RSPCB",13-08-2026 11:00:00,26.358805,73.047444,PM10,7,69,38
India,Rajasthan,Jodhpur,"Mandor, Jodhpur - RSPCB",13-08-2026 11:00:00,26.358805,73.047444,NO2,2,7,4
India,Rajasthan,Jodhpur,"Mandor, Jodhpur - RSPCB",13-08-2026 11:00:00,26.358805,73.047444,CO,4,9,5
India,Rajasthan,Kota,"Shrinath Puram, Kota - RSPCB",13-08-2026 11:00:00,25.14389,75.821256,NO2,NA,NA,NA
India,Rajasthan,Jaipur,"Adarsh Nagar, Jaipur - RSPCB",13-08-2026 11:00:00,26.902909,75.836858,CO,23,48,32
India,Rajasthan,Jaipur,"RIICO Sitapura, Jaipur - RSPCB",13-08-2026 11:00:00,26.786682,75.827928,PM2.5,7,83,33
India,Rajasthan,Jaipur,"RIICO Sitapura, Jaipur - RSPCB",13-08-2026 11:00:00,26.786682,75.827928,CO,33,56,44
India,Rajasthan,Jaisalmer,"Sadar Bazar, Jaisalmer - RSPCB",13-08-2026 11:00:00,26.912329,70.909168,PM10,47,210,93
India,Rajasthan,Jalore,"Mudtra Sili, Jalore - RSPCB",13-08-2026 11:00:00,25.344694,72.626208,NO2,4,14,9
India,Rajasthan,Jalore,"Mudtra Sili, Jalore - RSPCB",13-08-2026 11:00:00,25.344694,72.626208,SO2,5,6,5
India,Rajasthan,Kota,"Nayapura, Kota - RSPCB",13-08-2026 11:00:00,25.196024,75.855668,SO2,3,9,5
India,Rajasthan,Kota,"Nayapura, Kota - RSPCB",13-08-2026 11:00:00,25.196024,75.855668,CO,11,32,20
India,Rajasthan,Kota,"Nayapura, Kota - RSPCB",13-08-2026 11:00:00,25.196024,75.855668,OZONE,24,30,27
India,Rajasthan,Kota,"Dhanmandi, Kota - RSPCB",13-08-2026 11:00:00,25.16409,75.858137,PM10,14,51,28
India,Rajasthan,Kota,"Dhanmandi, Kota - RSPCB",13-08-2026 11:00:00,25.16409,75.858137,NO2,8,36,18
India,Rajasthan,Pali,"Indira Colony Vistar, Pali - RSPCB",13-08-2026 11:00:00,25.771061,73.340227,NH3,3,14,8
India,Rajasthan,Pratapgarh,"Pragati Nagar, Pratapgarh - RSPCB",13-08-2026 11:00:00,24.041198,74.780702,OZONE,28,35,31
India,Rajasthan,Rajsamand,"Dhoinda, Rajsamand - RSPCB",13-08-2026 11:00:00,25.03636,73.883502,NH3,NA,NA,NA
India,Telangana,Hyderabad,"Ramachandrapuram, Hyderabad - TSPCB",13-08-2026 11:00:00,17.528544,78.286195,PM2.5,29,42,32
India,Tripura,Agartala,"Bardowali, Agartala - Tripura SPCB",13-08-2026 11:00:00,23.8175497,91.2726974,NO2,13,13,13
India,Tripura,Agartala,"Bardowali, Agartala - Tripura SPCB",13-08-2026 11:00:00,23.8175497,91.2726974,SO2,12,12,12
India,Uttar Pradesh,Kanpur,"Nehru Nagar, Kanpur - UPPCB",13-08-2026 11:00:00,26.4703136,80.3229863,CO,45,50,48
India,Uttar Pradesh,Kanpur,"FTI Kidwai Nagar, Kanpur - UPPCB",13-08-2026 11:00:00,26.428282,80.327067,CO,33,33,33
India,Uttar Pradesh,Kanpur,"FTI Kidwai Nagar, Kanpur - UPPCB",13-08-2026 11:00:00,26.428282,80.327067,OZONE,11,11,11
India,Uttar Pradesh,Khurja,"Kalindi Kunj, Khurja - UPPCB",13-08-2026 11:00:00,28.2348927,77.8683002,PM2.5,15,58,34
India,Uttar Pradesh,Lucknow,"Talkatora District Industries Center, Lucknow - CPCB",13-08-2026 11:00:00,26.83399722,80.8917361,OZONE,10,48,23
India,Uttar Pradesh,Lucknow,"B R Ambedkar University, Lucknow - UPPCB",13-08-2026 11:00:00,26.766433,80.927299,PM2.5,34,417,97
India,Uttar Pradesh,Lucknow,"B R Ambedkar University, Lucknow - UPPCB",13-08-2026 11:00:00,26.766433,80.927299,PM10,40,290,105
India,Uttar Pradesh,Lucknow,"B R Ambedkar University, Lucknow - UPPCB",13-08-2026 11:00:00,26.766433,80.927299,CO,23,26,24
India,Uttar Pradesh,Lucknow,"Lalbagh, Lucknow - CPCB",13-08-2026 11:00:00,26.8458805,80.9365541,NO2,22,25,23
India,Uttar Pradesh,Lucknow,"Kendriya Vidyalaya, Lucknow - CPCB",13-08-2026 11:00:00,26.906111,80.948222,OZONE,19,36,27
India,Uttar Pradesh,Lucknow,"Gomti Nagar, Lucknow - UPPCB",13-08-2026 11:00:00,26.86812,81.005119,SO2,14,15,15
India,Uttar Pradesh,Lucknow,"Kukrail Picnic Spot-1, Lucknow - UPPCB",13-08-2026 11:00:00,26.90723,80.98579,PM2.5,21,45,34
India,Uttar Pradesh,Ghaziabad,"Vasundhara, Ghaziabad - UPPCB",13-08-2026 11:00:00,28.6603346,77.3572563,PM10,44,162,102
India,Uttar Pradesh,Ghaziabad,"Vasundhara, Ghaziabad - UPPCB",13-08-2026 11:00:00,28.6603346,77.3572563,NO2,29,103,50
India,Uttar Pradesh,Ghaziabad,"Vasundhara, Ghaziabad - UPPCB",13-08-2026 11:00:00,28.6603346,77.3572563,CO,40,55,47
India,Uttar Pradesh,Ghaziabad,"Indirapuram, Ghaziabad - UPPCB",13-08-2026 11:00:00,28.646233,77.358075,NO2,22,67,39
India,Uttar Pradesh,Greater Noida,"Knowledge Park - III, Greater Noida - UPPCB",13-08-2026 11:00:00,28.47272,77.482,PM2.5,46,103,67
India,Uttar Pradesh,Greater Noida,"Knowledge Park - III, Greater Noida - UPPCB",13-08-2026 11:00:00,28.47272,77.482,SO2,3,8,7
India,Uttar Pradesh,Hapur,"Anand Vihar, Hapur - UPPCB",13-08-2026 11:00:00,28.725645,77.749675,PM2.5,50,128,77
India,Uttar Pradesh,Jhansi,"Shivaji Nagar, Jhansi - UPPCB",13-08-2026 11:00:00,25.4547,78.6039,OZONE,6,6,6
India,Uttar Pradesh,Kanpur,"NSI Kalyanpur, Kanpur - UPPCB",13-08-2026 11:00:00,26.509954,80.249612,NO2,31,31,31
India,Uttar Pradesh,Noida,"Sector-116, Noida - UPPCB",13-08-2026 11:00:00,28.56923,77.393848,OZONE,9,144,44
India,Uttar Pradesh,Noida,"Sector - 62, Noida - IITM",13-08-2026 11:00:00,28.6245479,77.3577104,PM2.5,38,125,77
India,Uttar Pradesh,Noida,"Sector - 62, Noida - IITM",13-08-2026 11:00:00,28.6245479,77.3577104,SO2,NA,NA,NA
India,Uttar Pradesh,Noida,"Sector - 125, Noida - UPPCB",13-08-2026 11:00:00,28.5447608,77.3231257,PM2.5,26,316,90
India,Uttar Pradesh,Noida,"Sector - 125, Noida - UPPCB",13-08-2026 11:00:00,28.5447608,77.3231257,PM10,67,496,150
India,Uttar Pradesh,Noida,"Sector - 125, Noida - UPPCB",13-08-2026 11:00:00,28.5447608,77.3231257,CO,37,43,40
India,Uttar Pradesh,Prayagraj,"Jhunsi, Prayagraj - UPPCB",13-08-2026 11:00:00,25.425602,81.917152,SO2,0,0,0
India,Uttar Pradesh,Prayagraj,"Jhunsi, Prayagraj - UPPCB",13-08-2026 11:00:00,25.425602,81.917152,OZONE,49,63,59
India,Uttar Pradesh,Prayagraj,"Nagar Nigam, Prayagraj - UPPCB",13-08-2026 11:00:00,25.44919916,81.82735986,PM2.5,5,42,22
India,Uttar Pradesh,Firozabad,"Nagla Bhau, Firozabad - UPPCB",13-08-2026 11:00:00,27.168897,78.37696,SO2,17,74,30
India,Uttar Pradesh,Firozabad,"Vibhab Nagar, Firozabad - UPPCB",13-08-2026 11:00:00,27.1594,78.3953,NH3,7,7,7
India,Uttar Pradesh,Firozabad,"Vibhab Nagar, Firozabad - UPPCB",13-08-2026 11:00:00,27.1594,78.3953,CO,25,36,34
India,Uttar Pradesh,Ghaziabad,"Ved Vihar-Loni, Ghaziabad - UPPCB",13-08-2026 11:00:00,28.739153,77.273668,PM2.5,31,201,81
India,Uttar Pradesh,Ghaziabad,"Ved Vihar-Loni, Ghaziabad - UPPCB",13-08-2026 11:00:00,28.739153,77.273668,PM10,37,154,85
India,Uttar Pradesh,Ghaziabad,"Ved Vihar-Loni, Ghaziabad - UPPCB",13-08-2026 11:00:00,28.739153,77.273668,CO,113,115,113
India,Uttar Pradesh,Ghaziabad,"Wave City, Ghaziabad - UPPCB",13-08-2026 11:00:00,28.646675,77.489049,PM10,NA,NA,NA
India,Uttar Pradesh,Ghaziabad,"Wave City, Ghaziabad - UPPCB",13-08-2026 11:00:00,28.646675,77.489049,CO,40,57,48
India,Uttar Pradesh,Ghaziabad,"Sanjay Nagar, Ghaziabad - UPPCB",13-08-2026 11:00:00,28.685382,77.453839,CO,32,41,38
India,Uttar Pradesh,Mathura,"Pali Dungra, Mathura - UPPCB",13-08-2026 11:00:00,27.410954,77.550619,NH3,1,2,1
India,Uttar Pradesh,Mathura,"Pali Dungra, Mathura - UPPCB",13-08-2026 11:00:00,27.410954,77.550619,CO,10,19,14
India,Uttar Pradesh,Meerut,"MIET College, Meerut - UPPCB",13-08-2026 11:00:00,28.972677,77.641018,NO2,20,49,30
India,Uttar Pradesh,Meerut,"MIET College, Meerut - UPPCB",13-08-2026 11:00:00,28.972677,77.641018,OZONE,3,58,23
India,Uttar Pradesh,Meerut,"Pallavpuram Phase 2, Meerut - UPPCB",13-08-2026 11:00:00,29.06351,77.709723,PM10,55,147,104
India,Uttar Pradesh,Modinagar,"SRM University, Modinagar - UPPCB",13-08-2026 11:00:00,28.798171,77.540243,PM10,27,500,183
India,Uttar Pradesh,Modinagar,"SRM University, Modinagar - UPPCB",13-08-2026 11:00:00,28.798171,77.540243,CO,22,32,27
India,Uttar Pradesh,Moradabad,"Buddhi Vihar, Moradabad - UPPCB",13-08-2026 11:00:00,28.83526,78.7446,NO2,28,29,29
India,Uttar Pradesh,Agra,"Manoharpur, Agra - UPPCB",13-08-2026 11:00:00,27.23711,78.01936,SO2,30,41,36
India,Uttar Pradesh,Agra,"Sector-3B Avas Vikas Colony, Agra - UPPCB",13-08-2026 11:00:00,27.19412,77.96237,NH3,8,10,9
India,Uttar Pradesh,Agra,"Sanjay Palace, Agra - UPPCB",13-08-2026 11:00:00,27.19865833,78.00598056,SO2,7,7,7
India,Uttar Pradesh,Baghpat,"Sardar Patel Inter College, Baghpat - UPPCB",13-08-2026 11:00:00,28.964949,77.278761,PM2.5,40,174,85
India,Uttar Pradesh,Baghpat,"Sardar Patel Inter College, Baghpat - UPPCB",13-08-2026 11:00:00,28.964949,77.278761,NO2,17,46,28
India,Uttar Pradesh,Moradabad,"Employment Office, Moradabad - UPPCB",13-08-2026 11:00:00,28.88528,78.7388,NH3,3,3,3
India,Uttar Pradesh,Moradabad,"Jigar Colony, Moradabad - UPPCB",13-08-2026 11:00:00,28.856664,78.772638,SO2,27,49,38
India,Uttar Pradesh,Moradabad,"Jigar Colony, Moradabad - UPPCB",13-08-2026 11:00:00,28.856664,78.772638,OZONE,20,22,22
India,Uttar Pradesh,Muzaffarnagar,"New Mandi, Muzaffarnagar - UPPCB",13-08-2026 11:00:00,29.4723508,77.7194031,NH3,1,4,2
India,Uttar Pradesh,Muzaffarnagar,"New Mandi, Muzaffarnagar - UPPCB",13-08-2026 11:00:00,29.4723508,77.7194031,SO2,1,66,10
India,Uttar Pradesh,Prayagraj,"Nagar Nigam, Prayagraj - UPPCB",13-08-2026 11:00:00,25.44919916,81.82735986,NO2,5,5,5
India,Uttar Pradesh,Prayagraj,"Motilal Nehru NIT, Prayagraj - UPPCB",13-08-2026 11:00:00,25.494,81.863,PM2.5,NA,NA,NA
India,Uttar Pradesh,Prayagraj,"Motilal Nehru NIT, Prayagraj - UPPCB",13-08-2026 11:00:00,25.494,81.863,NH3,8,8,8
India,Uttar Pradesh,Prayagraj,"Motilal Nehru NIT, Prayagraj - UPPCB",13-08-2026 11:00:00,25.494,81.863,OZONE,8,20,11
India,Uttar Pradesh,Raebareli,"Anand Nagar, Raebareli - UPPCB",13-08-2026 11:00:00,26.219512,81.237648,PM10,18,156,82
India,Uttar Pradesh,Agra,"Shahjahan Garden, Agra - UPPCB",13-08-2026 11:00:00,27.169338,78.03582,PM10,32,47,40
India,Uttar Pradesh,Agra,"Shastripuram, Agra - UPPCB",13-08-2026 11:00:00,27.19862,77.92066,PM2.5,23,70,39
India,Uttar Pradesh,Agra,"Manoharpur, Agra - UPPCB",13-08-2026 11:00:00,27.23711,78.01936,NO2,20,20,20
India,Uttar Pradesh,Raebareli," Indira Nagar, Raebareli - NTPC Unchahar",13-08-2026 11:00:00,26.207781,81.245571,NO2,15,24,19
India,Uttar Pradesh,Shamli,"New Tehsil, Shamli - UPPCB",13-08-2026 11:00:00,29.4603683,77.3410291,PM10,44,120,81
India,Uttar Pradesh,Shamli,"New Tehsil, Shamli - UPPCB",13-08-2026 11:00:00,29.4603683,77.3410291,NO2,10,16,13
India,Uttar Pradesh,Shamli,"New Tehsil, Shamli - UPPCB",13-08-2026 11:00:00,29.4603683,77.3410291,SO2,2,10,5
India,Uttar Pradesh,Varanasi,"Ardhali Bazar, Varanasi - UPPCB",13-08-2026 11:00:00,25.3505986,82.9083074,PM2.5,NA,NA,NA
India,Uttar Pradesh,Varanasi,"Ardhali Bazar, Varanasi - UPPCB",13-08-2026 11:00:00,25.3505986,82.9083074,SO2,NA,NA,NA
India,Uttar Pradesh,Varanasi,"Maldahiya, Varanasi - UPPCB",13-08-2026 11:00:00,25.32393,82.99687,NO2,2,4,3
India,Uttar Pradesh,Varanasi,"Maldahiya, Varanasi - UPPCB",13-08-2026 11:00:00,25.32393,82.99687,NH3,0,0,0
India,Uttar Pradesh,Varanasi,"Maldahiya, Varanasi - UPPCB",13-08-2026 11:00:00,25.32393,82.99687,CO,12,19,15
India,Uttar Pradesh,Varanasi,"Bhelupur, Varanasi - UPPCB",13-08-2026 11:00:00,25.301778,82.996789,PM10,56,110,79
India,Uttar Pradesh,Varanasi,"Bhelupur, Varanasi - UPPCB",13-08-2026 11:00:00,25.301778,82.996789,NO2,7,8,8
India,Uttar Pradesh,Varanasi,"Bhelupur, Varanasi - UPPCB",13-08-2026 11:00:00,25.301778,82.996789,NH3,1,1,1
India,Uttar Pradesh,Varanasi,"Bhelupur, Varanasi - UPPCB",13-08-2026 11:00:00,25.301778,82.996789,CO,9,11,10
India,Uttar Pradesh,Vrindavan,"Omex Eternity, Vrindavan - UPPCB",13-08-2026 11:00:00,27.571409,77.655757,NH3,6,9,8
India,Uttar Pradesh,Vrindavan,"Omex Eternity, Vrindavan - UPPCB",13-08-2026 11:00:00,27.571409,77.655757,SO2,26,43,29
India,Uttar Pradesh,Vrindavan,"Omex Eternity, Vrindavan - UPPCB",13-08-2026 11:00:00,27.571409,77.655757,CO,7,9,8
India,Uttarakhand,Kashipur,"Govt. Girls Inter College, Kashipur - UKPCB",13-08-2026 11:00:00,29.2124114,78.9611753,SO2,8,9,9
India,Uttarakhand,Rishikesh,"Shivaji Nagar, Rishikesh - UKPCB",13-08-2026 11:00:00,30.075911,78.2859547,NO2,7,7,7
India,West Bengal,Asansol,"Evelyn Lodge, Asansol - WBPCB",13-08-2026 11:00:00,23.697936,86.944395,OZONE,5,16,9
India,West Bengal,Asansol,"Mahabir Colliery, Asansol - WBPCB",13-08-2026 11:00:00,23.618183,87.105718,OZONE,10,13,11
India,West Bengal,Barrackpore,"SVSPA Campus, Barrackpore - WBPCB",13-08-2026 11:00:00,22.7605581,88.3617589,PM10,22,83,42
India,West Bengal,Barrackpore,"SVSPA Campus, Barrackpore - WBPCB",13-08-2026 11:00:00,22.7605581,88.3617589,SO2,11,13,12
India,West Bengal,Barrackpore,"SVSPA Campus, Barrackpore - WBPCB",13-08-2026 11:00:00,22.7605581,88.3617589,CO,42,47,44
India,West Bengal,Durgapur,"Mahishkapur Road_B-Zone, Durgapur - WBPCB",13-08-2026 11:00:00,23.567923,87.306843,PM10,5,96,45
India,West Bengal,Durgapur,"PCBL Residential Complex, Durgapur - WBPCB",13-08-2026 11:00:00,23.508764,87.35444,PM10,6,64,27
India,West Bengal,Haldia,"Priyambada Housing Estate, Haldia - WBPCB",13-08-2026 11:00:00,22.06047,88.109737,NO2,9,43,24
India,West Bengal,Haldia,"Priyambada Housing Estate, Haldia - WBPCB",13-08-2026 11:00:00,22.06047,88.109737,SO2,12,13,12
India,West Bengal,Howrah,"Dasnagar, Howrah - WBPCB",13-08-2026 11:00:00,22.6025571,88.3105664,PM10,18,97,51
India,West Bengal,Howrah,"Dasnagar, Howrah - WBPCB",13-08-2026 11:00:00,22.6025571,88.3105664,NO2,2,14,5
India,West Bengal,Howrah,"Padmapukur, Howrah - WBPCB",13-08-2026 11:00:00,22.5687319,88.2797276,NH3,3,11,7
India,West Bengal,Howrah,"Padmapukur, Howrah - WBPCB",13-08-2026 11:00:00,22.5687319,88.2797276,SO2,4,14,7
India,West Bengal,Howrah,"Botanical Garden, Howrah - WBPCB",13-08-2026 11:00:00,22.554954,88.292568,PM10,16,74,41
India,West Bengal,Howrah,"Botanical Garden, Howrah - WBPCB",13-08-2026 11:00:00,22.554954,88.292568,CO,13,20,16
India,West Bengal,Howrah,"Belur Math, Howrah - WBPCB",13-08-2026 11:00:00,22.629801,88.352017,PM10,23,91,54
India,West Bengal,Howrah,"Belur Math, Howrah - WBPCB",13-08-2026 11:00:00,22.629801,88.352017,SO2,7,8,7
India,West Bengal,Howrah,"Belur Math, Howrah - WBPCB",13-08-2026 11:00:00,22.629801,88.352017,CO,7,17,14
India,West Bengal,Kolkata,"Rabindra Sarobar, Kolkata - WBPCB",13-08-2026 11:00:00,22.51106,88.35142,PM2.5,20,40,30
India,West Bengal,Kolkata,"Rabindra Sarobar, Kolkata - WBPCB",13-08-2026 11:00:00,22.51106,88.35142,PM10,20,57,35
India,West Bengal,Kolkata,"Bidhannagar, Kolkata - WBPCB",13-08-2026 11:00:00,22.58157048,88.41002457,SO2,6,8,7
India,West Bengal,Kolkata,"Bidhannagar, Kolkata - WBPCB",13-08-2026 11:00:00,22.58157048,88.41002457,CO,45,49,47
India,West Bengal,Kolkata,"Victoria, Kolkata - WBPCB",13-08-2026 11:00:00,22.5448082,88.3403691,OZONE,10,20,15
India,West Bengal,Kolkata,"Rabindra Bharati University, Kolkata - WBPCB",13-08-2026 11:00:00,22.627847,88.380669,PM10,25,78,48
India,West Bengal,Kolkata,"Rabindra Bharati University, Kolkata - WBPCB",13-08-2026 11:00:00,22.627847,88.380669,CO,34,46,40
India,West Bengal,Kolkata,"Jadavpur, Kolkata - WBPCB",13-08-2026 11:00:00,22.49929,88.36917,SO2,4,6,5
India,West Bengal,Siliguri,"Ward-32 Bapupara, Siliguri - WBPCB",13-08-2026 11:00:00,26.6879226,88.4152495,PM2.5,19,40,26
India,West Bengal,Siliguri,"Ward-32 Bapupara, Siliguri - WBPCB",13-08-2026 11:00:00,26.6879226,88.4152495,PM10,32,93,49
