country,state,city,station,last_update,latitude,longitude,pollutant_id,min_value,max_value,avg_value
India,Bihar,Kishanganj,"SDM Office_Khagra, Kishanganj - BSPCB",19-08-2026 10:00:00,26.0881305,87.93840336,NH3,3,3,3
India,Bihar,Kishanganj,"SDM Office_Khagra, Kishanganj - BSPCB",19-08-2026 10:00:00,26.0881305,87.93840336,CO,13,14,14
India,Bihar,Manguraha,"Forest Rest House, Manguraha - BSPCB",19-08-2026 10:00:00,27.308328,84.531742,CO,14,35,26
India,Bihar,Manguraha,"Forest Rest House, Manguraha - BSPCB",19-08-2026 10:00:00,27.308328,84.531742,OZONE,25,33,31
India,Bihar,Motihari,"Gandak Colony, Motihari - BSPCB",19-08-2026 10:00:00,26.63086,84.90051,PM2.5,13,72,18
India,Bihar,Motihari,"Gandak Colony, Motihari - BSPCB",19-08-2026 10:00:00,26.63086,84.90051,OZONE,54,58,57
India,Bihar,Munger,"Town Hall, Munger - BSPCB",19-08-2026 10:00:00,25.376776,86.471523,PM2.5,NA,NA,NA
India,Bihar,Munger,"Town Hall, Munger - BSPCB",19-08-2026 10:00:00,25.376776,86.471523,SO2,67,78,74
India,Bihar,Muzaffarpur,"Buddha Colony, Muzaffarpur - BSPCB",19-08-2026 10:00:00,26.11442,85.39813,PM10,24,49,34
India,Bihar,Muzaffarpur,"Buddha Colony, Muzaffarpur - BSPCB",19-08-2026 10:00:00,26.11442,85.39813,CO,15,20,16
India,Bihar,Muzaffarpur,"MIT-Daudpur Kothi, Muzaffarpur - BSPCB",19-08-2026 10:00:00,26.1403345,85.3650192,PM2.5,18,43,26
India,Bihar,Muzaffarpur,"MIT-Daudpur Kothi, Muzaffarpur - BSPCB",19-08-2026 10:00:00,26.1403345,85.3650192,SO2,18,34,23
India,Bihar,Patna,"DRM Office Danapur, Patna - BSPCB",19-08-2026 10:00:00,25.586562,85.043586,PM2.5,28,63,47
India,Bihar,Patna,"DRM Office Danapur, Patna - BSPCB",19-08-2026 10:00:00,25.586562,85.043586,OZONE,10,23,16
India,Bihar,Patna,"Muradpur, Patna - BSPCB",19-08-2026 10:00:00,25.619651,85.147382,PM2.5,9,29,19
India,Bihar,Patna,"Muradpur, Patna - BSPCB",19-08-2026 10:00:00,25.619651,85.147382,CO,46,53,49
India,Chhattisgarh,Tumidih,"OP Jindal Industrial Park, Tumidih - CECB",19-08-2026 10:00:00,22.06631475,83.33820077,PM10,NA,NA,NA
India,Chhattisgarh,Tumidih,"OP Jindal Industrial Park, Tumidih - CECB",19-08-2026 10:00:00,22.06631475,83.33820077,NO2,17,52,28
India,Delhi,Delhi,"ITO, Delhi - CPCB",19-08-2026 10:00:00,28.628624,77.24106,NO2,15,127,58
India,Delhi,Delhi,"Narela, Delhi - DPCC",19-08-2026 10:00:00,28.822836,77.101981,PM10,26,175,93
India,Delhi,Delhi,"Narela, Delhi - DPCC",19-08-2026 10:00:00,28.822836,77.101981,NO2,22,33,27
India,Delhi,Delhi,"Narela, Delhi - DPCC",19-08-2026 10:00:00,28.822836,77.101981,CO,24,37,33
India,Delhi,Delhi,"Major Dhyan Chand National Stadium, Delhi - DPCC",19-08-2026 10:00:00,28.611281,77.237738,OZONE,9,23,14
India,Delhi,Delhi,"Bawana, Delhi - DPCC",19-08-2026 10:00:00,28.7762,77.051074,PM2.5,73,362,218
India,Delhi,Delhi,"Bawana, Delhi - DPCC",19-08-2026 10:00:00,28.7762,77.051074,CO,18,26,22
India,Delhi,Delhi,"Okhla Phase-2, Delhi - DPCC",19-08-2026 10:00:00,28.530785,77.271255,NH3,8,14,11
India,Delhi,Delhi,"Okhla Phase-2, Delhi - DPCC",19-08-2026 10:00:00,28.530785,77.271255,OZONE,5,11,7
India,Delhi,Delhi,"Rohini, Delhi - DPCC",19-08-2026 10:00:00,28.732528,77.11992,PM10,58,192,116
India,Delhi,Delhi,"Rohini, Delhi - DPCC",19-08-2026 10:00:00,28.732528,77.11992,SO2,8,10,9
India,Andhra Pradesh,Anantapur,"Gulzarpet, Anantapur - APPCB",19-08-2026 10:00:00,14.675886,77.593027,PM2.5,45,230,64
India,Andhra Pradesh,Anantapur,"Gulzarpet, Anantapur - APPCB",19-08-2026 10:00:00,14.675886,77.593027,NO2,16,25,20
India,Andhra Pradesh,Anantapur,"Gulzarpet, Anantapur - APPCB",19-08-2026 10:00:00,14.675886,77.593027,SO2,11,18,12
India,Andhra Pradesh,Chittoor,"Gangineni Cheruvu, Chittoor - APPCB",19-08-2026 10:00:00,13.20488,79.097889,PM10,56,77,69
India,Andhra Pradesh,Chittoor,"Gangineni Cheruvu, Chittoor - APPCB",19-08-2026 10:00:00,13.20488,79.097889,CO,14,17,16
India,Andhra Pradesh,Guntur,"Rajendra Nagar North, Guntur - APPCB",19-08-2026 10:00:00,16.316553,80.413302,PM10,49,77,58
India,Andhra Pradesh,Guntur,"Rajendra Nagar North, Guntur - APPCB",19-08-2026 10:00:00,16.316553,80.413302,NH3,3,10,6
India,Andhra Pradesh,Kakinada,"Rama Rao Peta, Kakinada - APPCB",19-08-2026 10:00:00,16.962488,82.229513,PM2.5,22,86,49
India,Andhra Pradesh,Kakinada,"Rama Rao Peta, Kakinada - APPCB",19-08-2026 10:00:00,16.962488,82.229513,NO2,30,68,43
India,Andhra Pradesh,Kakinada,"Rama Rao Peta, Kakinada - APPCB",19-08-2026 10:00:00,16.962488,82.229513,NH3,4,5,4
India,Andhra Pradesh,Kurnool,"Sita Rama Nagar, Kurnool - APPCB",19-08-2026 10:00:00,15.83411,78.028546,NO2,24,27,26
India,Andhra Pradesh,Kurnool,"Sita Rama Nagar, Kurnool - APPCB",19-08-2026 10:00:00,15.83411,78.028546,NH3,6,6,6
India,Andhra Pradesh,Kurnool,"Sita Rama Nagar, Kurnool - APPCB",19-08-2026 10:00:00,15.83411,78.028546,SO2,10,10,10
India,Andhra Pradesh,Kurnool,"Sita Rama Nagar, Kurnool - APPCB",19-08-2026 10:00:00,15.83411,78.028546,CO,10,12,11
India,Bihar,Patna,"Samanpura, Patna - BSPCB",19-08-2026 10:00:00,25.596727,85.085624,OZONE,22,24,23
India,Bihar,Purnia,"Mariam Nagar, Purnia - BSPCB",19-08-2026 10:00:00,25.366336,87.117468,NO2,17,19,18
India,Bihar,Purnia,"Mariam Nagar, Purnia - BSPCB",19-08-2026 10:00:00,25.366336,87.117468,NH3,4,4,4
India,Bihar,Samastipur,"DM Office_Kasipur, Samastipur - BSPCB",19-08-2026 10:00:00,25.859655,85.77944,NO2,8,9,8
India,Bihar,Samastipur,"DM Office_Kasipur, Samastipur - BSPCB",19-08-2026 10:00:00,25.859655,85.77944,NH3,1,2,1
India,Bihar,Sasaram,"Dada Peer, Sasaram - BSPCB",19-08-2026 10:00:00,24.952822,84.002396,OZONE,17,21,18
India,Chandigarh,Chandigarh,"Sector 22, Chandigarh - CPCC",19-08-2026 10:00:00,30.735567,76.775714,PM10,4,53,24
India,Chandigarh,Chandigarh,"Sector 22, Chandigarh - CPCC",19-08-2026 10:00:00,30.735567,76.775714,NO2,3,14,8
India,Chandigarh,Chandigarh,"Sector 22, Chandigarh - CPCC",19-08-2026 10:00:00,30.735567,76.775714,SO2,3,6,4
India,Chhattisgarh,Bhilai,"32Bungalows, Bhilai - CECB",19-08-2026 10:00:00,21.194815,81.31477,SO2,2,12,9
India,Chhattisgarh,Bhilai,"Civic Center, Bhilai - Bhilai Steel Plant",19-08-2026 10:00:00,21.185571,81.343175,PM2.5,1,12,7
India,Chhattisgarh,Bhilai,"Civic Center, Bhilai - Bhilai Steel Plant",19-08-2026 10:00:00,21.185571,81.343175,SO2,0,16,10
India,Assam,Nagaon,"Christianpatty, Nagaon - PCBA",19-08-2026 10:00:00,26.349082,92.68449,CO,17,24,21
India,Assam,Nagaon,"Christianpatty, Nagaon - PCBA",19-08-2026 10:00:00,26.349082,92.68449,OZONE,9,12,11
India,Assam,Nalbari,"Bata Chowk, Nalbari - PCBA",19-08-2026 10:00:00,26.446912,91.439057,PM2.5,21,86,42
India,Assam,Nalbari,"Bata Chowk, Nalbari - PCBA",19-08-2026 10:00:00,26.446912,91.439057,NO2,13,15,15
India,Assam,Silchar,"Tarapur, Silchar - PCBA",19-08-2026 10:00:00,24.82827,92.79525,NO2,16,18,17
India,Assam,Silchar,"Tarapur, Silchar - PCBA",19-08-2026 10:00:00,24.82827,92.79525,NH3,1,1,1
India,Assam,Silchar,"Tarapur, Silchar - PCBA",19-08-2026 10:00:00,24.82827,92.79525,SO2,4,6,5
India,Bihar,Araria,"Kharahiya Basti, Araria - BSPCB",19-08-2026 10:00:00,26.146529,87.454184,SO2,20,22,21
India,Bihar,Araria,"Kharahiya Basti, Araria - BSPCB",19-08-2026 10:00:00,26.146529,87.454184,CO,23,31,27
India,Bihar,Arrah,"New DM Office, Arrah - BSPCB",19-08-2026 10:00:00,25.5626095,84.663264,NO2,5,8,7
India,Bihar,Begusarai,"Lohiyanagar, Begusarai - BSPCB",19-08-2026 10:00:00,25.42742023,86.13886079,SO2,16,20,18
India,Bihar,Bettiah,"Kamalnath Nagar, Bettiah - BSPCB",19-08-2026 10:00:00,26.80365,84.51954,PM2.5,14,28,23
India,Chhattisgarh,Bhilai,"Hathkhoj, Bhilai - CECB",19-08-2026 10:00:00,21.224231,81.40835,PM2.5,11,27,18
India,Chhattisgarh,Bilaspur,"Mangala, Bilaspur - NTPC",19-08-2026 10:00:00,22.08815,82.13737,NH3,NA,NA,NA
India,Chhattisgarh,Chhal,"Nawapara SECL Colony, Chhal - CECB",19-08-2026 10:00:00,22.118125,83.140608,PM10,19,50,36
India,Chhattisgarh,Korba,"Urja Nagar, Korba - CECB",19-08-2026 10:00:00,22.348441,82.549611,PM2.5,6,6,6
India,Chhattisgarh,Korba,"Urja Nagar, Korba - CECB",19-08-2026 10:00:00,22.348441,82.549611,OZONE,NA,NA,NA
India,Chhattisgarh,Korba,"Rampur, Korba - CECB",19-08-2026 10:00:00,22.368195,82.746431,NO2,5,19,11
India,Chhattisgarh,Korba,"Rampur, Korba - CECB",19-08-2026 10:00:00,22.368195,82.746431,CO,6,13,9
India,Chhattisgarh,Raipur,"Krishak Nagar, Raipur - CECB",19-08-2026 10:00:00,21.237755,81.705301,OZONE,0,2,1
India,Chhattisgarh,Raipur,"Bhatagaon New ISBT, Raipur - CECB",19-08-2026 10:00:00,21.219665,81.630094,NH3,2,2,2
India,Chhattisgarh,Raipur,"Bhatagaon New ISBT, Raipur - CECB",19-08-2026 10:00:00,21.219665,81.630094,OZONE,1,2,2
India,Chhattisgarh,Raipur,"Siltara Phase-II, Raipur - CECB",19-08-2026 10:00:00,21.371751,81.664929,NO2,31,44,38
India,Andhra Pradesh,Vijayawada,"Rajiv Gandhi Park, Vijayawada - APPCB",19-08-2026 10:00:00,16.509717,80.612222,PM10,46,87,65
India,Andhra Pradesh,Vijayawada,"Rajiv Gandhi Park, Vijayawada - APPCB",19-08-2026 10:00:00,16.509717,80.612222,NO2,18,35,29
India,Andhra Pradesh,Visakhapatnam,"GVM Corporation, Visakhapatnam - APPCB",19-08-2026 10:00:00,17.72,83.3,PM10,75,188,111
India,Assam,Byrnihat,"Central Academy for SFS, Byrnihat - PCBA",19-08-2026 10:00:00,26.071318,91.87488,NH3,4,5,4
India,Assam,Byrnihat,"Central Academy for SFS, Byrnihat - PCBA",19-08-2026 10:00:00,26.071318,91.87488,SO2,18,33,31
India,Assam,Guwahati,"IITG, Guwahati - PCBA",19-08-2026 10:00:00,26.2028636,91.70046436,NH3,1,1,1
India,Assam,Guwahati,"LGBI Airport, Guwahati - PCBA",19-08-2026 10:00:00,26.10887,91.589544,PM2.5,16,75,43
India,Assam,Guwahati,"LGBI Airport, Guwahati - PCBA",19-08-2026 10:00:00,26.10887,91.589544,PM10,12,60,33
India,Assam,Guwahati,"LGBI Airport, Guwahati - PCBA",19-08-2026 10:00:00,26.10887,91.589544,NH3,3,24,5
India,Assam,Guwahati,"LGBI Airport, Guwahati - PCBA",19-08-2026 10:00:00,26.10887,91.589544,OZONE,8,18,13
India,Bihar,Bhagalpur,"Mayaganj, Bhagalpur - BSPCB",19-08-2026 10:00:00,25.265194,87.012947,SO2,3,66,27
India,Bihar,Bhagalpur,"Mayaganj, Bhagalpur - BSPCB",19-08-2026 10:00:00,25.265194,87.012947,OZONE,11,17,14
India,Bihar,Bhagalpur,"DM Office_Kachari Chowk, Bhagalpur - BSPCB",19-08-2026 10:00:00,25.251013,86.989001,PM10,24,373,97
India,Bihar,Bhagalpur,"DM Office_Kachari Chowk, Bhagalpur - BSPCB",19-08-2026 10:00:00,25.251013,86.989001,NO2,10,13,11
India,Bihar,Bhagalpur,"DM Office_Kachari Chowk, Bhagalpur - BSPCB",19-08-2026 10:00:00,25.251013,86.989001,CO,27,29,28
India,Bihar,Bhagalpur,"DM Office_Kachari Chowk, Bhagalpur - BSPCB",19-08-2026 10:00:00,25.251013,86.989001,OZONE,17,19,18
India,Bihar,Gaya,"Collectorate, Gaya - BSPCB",19-08-2026 10:00:00,24.7955,84.9994,PM2.5,53,335,120
India,Bihar,Gaya,"SFTI Kusdihra, Gaya - BSPCB",19-08-2026 10:00:00,24.762518,84.982348,PM10,18,31,24
India,Bihar,Gaya,"SFTI Kusdihra, Gaya - BSPCB",19-08-2026 10:00:00,24.762518,84.982348,CO,18,27,21
India,Bihar,Gaya,"SFTI Kusdihra, Gaya - BSPCB",19-08-2026 10:00:00,24.762518,84.982348,OZONE,5,12,9
India,Bihar,Gaya,"Kareemganj, Gaya - BSPCB",19-08-2026 10:00:00,24.792403,84.992416,PM10,NA,NA,NA
India,Andhra Pradesh,Nellore,"Ambedkar Nagar, Nellore - APPCB ",19-08-2026 10:00:00,14.438164,79.966814,NH3,4,7,5
India,Andhra Pradesh,Rajamahendravaram,"Anand Kala Kshetram, Rajamahendravaram - APPCB",19-08-2026 10:00:00,16.9872867,81.7363176,PM10,13,82,51
India,Andhra Pradesh,Srikakulam,"Chinna Bharatham Colony, Srikakulam - APPCB",19-08-2026 10:00:00,18.292191,83.897173,PM10,40,86,68
India,Andhra Pradesh,Srikakulam,"Chinna Bharatham Colony, Srikakulam - APPCB",19-08-2026 10:00:00,18.292191,83.897173,OZONE,3,24,9
India,Andhra Pradesh,Tirupati,"Vaikuntapuram, Tirupati - APPCB",19-08-2026 10:00:00,13.615387,79.40923,SO2,NA,NA,NA
India,Andhra Pradesh,Vijayawada,"Rajiv Nagar, Vijayawada - APPCB",19-08-2026 10:00:00,16.554731,80.64911,PM10,54,70,59
India,Andhra Pradesh,Vijayawada,"Rajiv Nagar, Vijayawada - APPCB",19-08-2026 10:00:00,16.554731,80.64911,NO2,14,23,16
India,Andhra Pradesh,Vijayawada,"HB Colony, Vijayawada - APPCB",19-08-2026 10:00:00,16.536107,80.594233,PM2.5,44,101,53
India,Andhra Pradesh,Amaravati,"Secretariat, Amaravati - APPCB",19-08-2026 10:00:00,16.5150833,80.5181667,PM10,28,130,74
India,Delhi,Delhi,"North Campus, DU, Delhi - IITM",19-08-2026 10:00:00,28.6573814,77.1585447,NO2,49,327,126
India,Delhi,Delhi,"North Campus, DU, Delhi - IITM",19-08-2026 10:00:00,28.6573814,77.1585447,CO,17,40,26
India,Delhi,Delhi,"R K Puram, Delhi - DPCC",19-08-2026 10:00:00,28.563262,77.186937,PM2.5,32,190,67
India,Delhi,Delhi,"R K Puram, Delhi - DPCC",19-08-2026 10:00:00,28.563262,77.186937,NO2,13,62,32
India,Gujarat,Ahmedabad,"SVPI Airport Hansol, Ahmedabad - IITM",19-08-2026 10:00:00,23.076793,72.627874,PM10,76,115,93
India,Gujarat,Ahmedabad,"Rakhial, Ahmedabad - IITM",19-08-2026 10:00:00,23.016834,72.625775,PM10,81,127,100
India,Gujarat,Ahmedabad,"Rakhial, Ahmedabad - IITM",19-08-2026 10:00:00,23.016834,72.625775,NO2,23,62,33
India,Gujarat,Ahmedabad,"Rakhial, Ahmedabad - IITM",19-08-2026 10:00:00,23.016834,72.625775,NH3,3,9,4
India,Gujarat,Ahmedabad,"Rakhial, Ahmedabad - IITM",19-08-2026 10:00:00,23.016834,72.625775,CO,53,77,67
India,Gujarat,Ahmedabad,"Maninagar, Ahmedabad - GPCB",19-08-2026 10:00:00,23.002657,72.591912,PM10,89,130,105
India,Gujarat,Ahmedabad,"Maninagar, Ahmedabad - GPCB",19-08-2026 10:00:00,23.002657,72.591912,NO2,32,42,37
India,Gujarat,Ahmedabad,"Chandkheda, Ahmedabad - IITM",19-08-2026 10:00:00,23.107969,72.574648,OZONE,1,3,2
India,Gujarat,Ahmedabad,"SAC ISRO Satellite, Ahmedabad - IITM",19-08-2026 10:00:00,23.023389,72.515201,NH3,1,2,2
India,Gujarat,Ahmedabad,"Gyaspur, Ahmedabad - IITM",19-08-2026 10:00:00,22.977134,72.553024,PM10,85,157,116
India,Gujarat,Ahmedabad,"Gyaspur, Ahmedabad - IITM",19-08-2026 10:00:00,22.977134,72.553024,NO2,23,47,30
India,Gujarat,Ahmedabad,"Raikhad, Ahmedabad - IITM",19-08-2026 10:00:00,23.020509,72.579261,NO2,5,25,10
India,Gujarat,Ankleshwar,"GIDC, Ankleshwar - GPCB",19-08-2026 10:00:00,21.613267,73.010555,PM2.5,23,57,35
India,Haryana,Gurugram,"NISE Gwal Pahari, Gurugram - IITM",19-08-2026 10:00:00,28.422681,77.148944,NH3,NA,NA,NA
India,Haryana,Gurugram,"Sector-51, Gurugram - HSPCB",19-08-2026 10:00:00,28.4227,77.0667,NH3,9,22,14
India,Haryana,Gurugram,"Vikas Sadan, Gurugram - HSPCB",19-08-2026 10:00:00,28.4501238,77.0263051,NO2,2,26,11
India,Haryana,Gurugram,"Vikas Sadan, Gurugram - HSPCB",19-08-2026 10:00:00,28.4501238,77.0263051,CO,27,60,42
India,Haryana,Hisar,"Urban Estate-II, Hisar - HSPCB",19-08-2026 10:00:00,29.14056,75.744941,SO2,0,19,11
India,Haryana,Jind,"Police Lines, Jind - HSPCB",19-08-2026 10:00:00,29.307814,76.337619,PM2.5,27,80,46
India,Haryana,Kaithal,"Rishi Nagar, Kaithal - HSPCB",19-08-2026 10:00:00,29.8006,76.4155,NO2,19,25,22
India,Haryana,Kaithal,"Rishi Nagar, Kaithal - HSPCB",19-08-2026 10:00:00,29.8006,76.4155,OZONE,11,18,15
India,Haryana,Karnal,"Sector-12, Karnal - HSPCB",19-08-2026 10:00:00,29.6953,77.0027,PM2.5,20,68,47
India,Haryana,Karnal,"Sector-12, Karnal - HSPCB",19-08-2026 10:00:00,29.6953,77.0027,PM10,23,76,53
India,Haryana,Kurukshetra,"Sector-7, Kurukshetra - HSPCB",19-08-2026 10:00:00,29.966942,76.875879,CO,22,32,25
India,Haryana,Kurukshetra,"Sector-7, Kurukshetra - HSPCB",19-08-2026 10:00:00,29.966942,76.875879,OZONE,15,25,21
India,Haryana,Manesar,"Sector-2 IMT, Manesar - HSPCB",19-08-2026 10:00:00,28.360699,76.93609,NH3,6,13,10
India,Haryana,Narnaul,"Shastri Nagar, Narnaul - HSPCB",19-08-2026 10:00:00,28.060249,76.113115,PM10,108,127,117
India,Delhi,Delhi,"IGNOU_Maidan Garhi, Delhi - DPCC",19-08-2026 10:00:00,28.493624,77.201159,CO,41,44,43
India,Delhi,Delhi,"Commonwealth Sports Complex, Delhi - DPCC",19-08-2026 10:00:00,28.615828,77.271992,PM2.5,36,93,60
India,Delhi,Delhi,"Commonwealth Sports Complex, Delhi - DPCC",19-08-2026 10:00:00,28.615828,77.271992,OZONE,5,34,10
India,Delhi,Delhi,"NSIT Dwarka, Delhi - CPCB",19-08-2026 10:00:00,28.60909,77.0325413,PM10,17,87,49
India,Delhi,Delhi,"NSIT Dwarka, Delhi - CPCB",19-08-2026 10:00:00,28.60909,77.0325413,SO2,3,55,11
India,Delhi,Delhi,"NSIT Dwarka, Delhi - CPCB",19-08-2026 10:00:00,28.60909,77.0325413,CO,59,81,72
India,Delhi,Delhi,"Aya Nagar, Delhi - IITM",19-08-2026 10:00:00,28.4706914,77.1099364,SO2,NA,NA,NA
India,Delhi,Delhi,"Aya Nagar, Delhi - IITM",19-08-2026 10:00:00,28.4706914,77.1099364,CO,20,28,24
India,Delhi,Delhi,"Burari Crossing, Delhi - IITM",19-08-2026 10:00:00,28.7256504,77.2011573,PM2.5,12,134,55
India,Delhi,Delhi,"IMD Lodhi Road, Delhi - IITM",19-08-2026 10:00:00,28.5918245,77.2273074,PM2.5,17,140,51
India,Delhi,Delhi,"IMD Lodhi Road, Delhi - IITM",19-08-2026 10:00:00,28.5918245,77.2273074,CO,21,26,24
India,Delhi,Delhi,"IMD Lodhi Road, Delhi - IITM",19-08-2026 10:00:00,28.5918245,77.2273074,OZONE,11,28,15
India,Delhi,Delhi,"JNU, Delhi - DPCC",19-08-2026 10:00:00,28.540721,77.168544,NO2,4,39,18
India,Delhi,Delhi,"JNU, Delhi - DPCC",19-08-2026 10:00:00,28.540721,77.168544,NH3,0,2,1
India,Delhi,Delhi,"JNU, Delhi - DPCC",19-08-2026 10:00:00,28.540721,77.168544,CO,28,33,30
India,Delhi,Delhi,"Alipur, Delhi - DPCC",19-08-2026 10:00:00,28.815329,77.15301,NO2,32,50,40
India,Haryana,Bhiwani,"H.B. Colony, Bhiwani - HSPCB",19-08-2026 10:00:00,28.806223,76.141105,SO2,0,73,8
India,Haryana,Charkhi Dadri,"Mini Secretariat, Charkhi Dadri - HSPCB",19-08-2026 10:00:00,28.593883,76.270653,NO2,9,23,15
India,Haryana,Dharuhera,"Municipal Corporation Office, Dharuhera -  HSPCB",19-08-2026 10:00:00,28.2068,76.7997,NO2,13,45,34
India,Haryana,Faridabad,"Sector 11, Faridabad - HSPCB",19-08-2026 10:00:00,28.376058,77.315741,NH3,8,9,9
India,Haryana,Faridabad,"Sector 30, Faridabad - HSPCB",19-08-2026 10:00:00,28.4417,77.3217,PM2.5,50,51,50
India,Haryana,Faridabad,"Sector 30, Faridabad - HSPCB",19-08-2026 10:00:00,28.4417,77.3217,PM10,68,72,70
India,Haryana,Faridabad,"Sector 30, Faridabad - HSPCB",19-08-2026 10:00:00,28.4417,77.3217,NH3,11,12,12
India,Haryana,Faridabad,"Sector 30, Faridabad - HSPCB",19-08-2026 10:00:00,28.4417,77.3217,CO,24,66,45
India,Haryana,Fatehabad,"Huda Sector, Fatehabad - HSPCB",19-08-2026 10:00:00,29.503664,75.467934,SO2,45,51,48
India,Haryana,Gurugram,"Teri Gram, Gurugram - HSPCB",19-08-2026 10:00:00,28.4275,77.1465,PM2.5,97,309,160
India,Haryana,Gurugram,"NISE Gwal Pahari, Gurugram - IITM",19-08-2026 10:00:00,28.422681,77.148944,NO2,1,11,2
India,Delhi,Delhi,"Pusa, Delhi - DPCC",19-08-2026 10:00:00,28.639652,77.146275,PM10,48,201,125
India,Delhi,Delhi,"Pusa, Delhi - DPCC",19-08-2026 10:00:00,28.639652,77.146275,SO2,1,17,7
India,Delhi,Delhi,"Pusa, Delhi - DPCC",19-08-2026 10:00:00,28.639652,77.146275,OZONE,1,2,1
India,Delhi,Delhi,"Sirifort, Delhi - CPCB",19-08-2026 10:00:00,28.5504249,77.2159377,OZONE,14,28,20
India,Delhi,Delhi,"Chandni Chowk, Delhi - IITM",19-08-2026 10:00:00,28.656756,77.227234,NH3,5,6,5
India,Delhi,Delhi,"Pusa, Delhi - IITM",19-08-2026 10:00:00,28.63611,77.173332,PM10,26,128,81
India,Delhi,Delhi,"Pusa, Delhi - IITM",19-08-2026 10:00:00,28.63611,77.173332,NH3,NA,NA,NA
India,Delhi,Delhi,"DTU, Delhi - CPCB",19-08-2026 10:00:00,28.7500499,77.1112615,PM2.5,16,91,45
India,Delhi,Delhi,"DTU, Delhi - CPCB",19-08-2026 10:00:00,28.7500499,77.1112615,OZONE,12,15,13
India,Delhi,Delhi,"Dwarka-Sector 8, Delhi - DPCC ",19-08-2026 10:00:00,28.5710274,77.0719006,SO2,10,16,13
India,Delhi,Delhi,"IIT Delhi, Delhi - IITM",19-08-2026 10:00:00,28.54246,77.191651,PM10,47,311,135
India,Delhi,Delhi,"IGI Airport (T3), Delhi - IITM",19-08-2026 10:00:00,28.5627763,77.1180053,PM2.5,17,64,38
India,Delhi,Delhi,"IGI Airport (T3), Delhi - IITM",19-08-2026 10:00:00,28.5627763,77.1180053,CO,28,34,32
India,Delhi,Delhi,"Vivek Vihar, Delhi - DPCC",19-08-2026 10:00:00,28.672342,77.31526,SO2,5,9,8
India,Delhi,Delhi,"Vivek Vihar, Delhi - DPCC",19-08-2026 10:00:00,28.672342,77.31526,OZONE,7,25,19
India,Delhi,Delhi,"IHBAS, Dilshad Garden, Delhi - CPCB",19-08-2026 10:00:00,28.6811736,77.3025234,NH3,4,5,5
India,Delhi,Delhi,"Sri Aurobindo Marg, Delhi - DPCC",19-08-2026 10:00:00,28.531346,77.190156,PM2.5,20,88,49
India,Delhi,Delhi,"Nehru Nagar, Delhi - DPCC",19-08-2026 10:00:00,28.56789,77.250515,PM2.5,3,130,59
India,Delhi,Delhi,"Nehru Nagar, Delhi - DPCC",19-08-2026 10:00:00,28.56789,77.250515,PM10,53,220,112
India,Delhi,Delhi,"Nehru Nagar, Delhi - DPCC",19-08-2026 10:00:00,28.56789,77.250515,NO2,12,82,32
India,Delhi,Delhi,"Nehru Nagar, Delhi - DPCC",19-08-2026 10:00:00,28.56789,77.250515,OZONE,5,22,11
India,Delhi,Delhi,"Patparganj, Delhi - DPCC",19-08-2026 10:00:00,28.623763,77.287209,SO2,1,6,4
India,Delhi,Delhi,"Jawaharlal Nehru Stadium, Delhi - DPCC",19-08-2026 10:00:00,28.58028,77.233829,NH3,7,11,8
India,Delhi,Delhi,"Najafgarh, Delhi - DPCC",19-08-2026 10:00:00,28.570173,76.933762,PM2.5,5,73,29
India,Delhi,Delhi,"Najafgarh, Delhi - DPCC",19-08-2026 10:00:00,28.570173,76.933762,NH3,5,7,5
India,Delhi,Delhi,"Najafgarh, Delhi - DPCC",19-08-2026 10:00:00,28.570173,76.933762,CO,2,7,4
India,Gujarat,Vadodara,"Bapunagar, Vadodara - Nexteng Enviro",19-08-2026 10:00:00,22.320153,73.216285,NH3,2,2,2
India,Gujarat,Vadodara,"Bapunagar, Vadodara - Nexteng Enviro",19-08-2026 10:00:00,22.320153,73.216285,SO2,8,9,8
India,Gujarat,Vapi,"Phase-1 GIDC, Vapi - GPCB",19-08-2026 10:00:00,20.362421,72.918013,PM2.5,10,45,22
India,Gujarat,Vapi,"Phase-1 GIDC, Vapi - GPCB",19-08-2026 10:00:00,20.362421,72.918013,NO2,14,17,15
India,Gujarat,Vatva,"Phase-4 GIDC, Vatva - GPCB",19-08-2026 10:00:00,22.969611,72.6435,OZONE,11,12,11
India,Haryana,Bahadurgarh,"Arya Nagar, Bahadurgarh - HSPCB",19-08-2026 10:00:00,28.6701,76.9254,NH3,7,9,8
India,Haryana,Bahadurgarh,"Arya Nagar, Bahadurgarh - HSPCB",19-08-2026 10:00:00,28.6701,76.9254,SO2,7,8,8
India,Haryana,Ballabgarh,"Nathu Colony, Ballabgarh - HSPCB",19-08-2026 10:00:00,28.3419248,77.319699,PM2.5,46,146,81
India,Haryana,Ballabgarh,"Nathu Colony, Ballabgarh - HSPCB",19-08-2026 10:00:00,28.3419248,77.319699,NO2,18,21,20
India,Haryana,Ballabgarh,"Nathu Colony, Ballabgarh - HSPCB",19-08-2026 10:00:00,28.3419248,77.319699,CO,16,26,20
India,Haryana,Bhiwani,"H.B. Colony, Bhiwani - HSPCB",19-08-2026 10:00:00,28.806223,76.141105,PM2.5,29,88,49
India,Haryana,Bhiwani,"H.B. Colony, Bhiwani - HSPCB",19-08-2026 10:00:00,28.806223,76.141105,NO2,13,19,16
India,Gujarat,Ankleshwar,"GIDC, Ankleshwar - GPCB",19-08-2026 10:00:00,21.613267,73.010555,NH3,6,7,6
India,Gujarat,Bhavnagar,"Vidhyanagar, Bhavnagar - Nexteng Enviro",19-08-2026 10:00:00,21.755417,72.139056,PM2.5,24,38,31
India,Gujarat,Gandhinagar,"Sector-10, Gandhinagar - GPCB",19-08-2026 10:00:00,23.221714,72.654328,OZONE,NA,NA,NA
India,Gujarat,Mehsana,"Sadanand Nagar, Mehsana - Nexteng Enviro",19-08-2026 10:00:00,23.59315,72.372792,NO2,2,5,4
India,Gujarat,Mehsana,"Sadanand Nagar, Mehsana - Nexteng Enviro",19-08-2026 10:00:00,23.59315,72.372792,NH3,0,0,0
India,Gujarat,Mehsana,"Sadanand Nagar, Mehsana - Nexteng Enviro",19-08-2026 10:00:00,23.59315,72.372792,OZONE,8,9,8
India,Gujarat,Nandesari,"GIDC, Nandesari - Nandesari Ind. Association",19-08-2026 10:00:00,22.410802,73.097923,OZONE,NA,NA,NA
India,Gujarat,Rajkot,"Mavdi, Rajkot - Nexteng Enviro ",19-08-2026 10:00:00,22.248853,70.776774,PM10,35,77,50
India,Gujarat,Rajkot,"Mavdi, Rajkot - Nexteng Enviro ",19-08-2026 10:00:00,22.248853,70.776774,NH3,1,1,1
India,Gujarat,Rajkot,"Mavdi, Rajkot - Nexteng Enviro ",19-08-2026 10:00:00,22.248853,70.776774,SO2,9,10,9
India,Delhi,Delhi,"Wazirpur, Delhi - DPCC",19-08-2026 10:00:00,28.699793,77.165453,OZONE,6,7,6
India,Delhi,Delhi,"Mundka, Delhi - DPCC",19-08-2026 10:00:00,28.684678,77.076574,PM2.5,8,110,36
India,Delhi,Delhi,"Mundka, Delhi - DPCC",19-08-2026 10:00:00,28.684678,77.076574,CO,33,46,38
India,Delhi,Delhi,"Ashok Vihar, Delhi - DPCC",19-08-2026 10:00:00,28.695381,77.181665,PM2.5,27,133,60
India,Delhi,Delhi,"Ashok Vihar, Delhi - DPCC",19-08-2026 10:00:00,28.695381,77.181665,NH3,5,11,8
India,Delhi,Delhi,"Ashok Vihar, Delhi - DPCC",19-08-2026 10:00:00,28.695381,77.181665,SO2,8,14,11
India,Delhi,Delhi,"Ashok Vihar, Delhi - DPCC",19-08-2026 10:00:00,28.695381,77.181665,CO,54,69,60
India,Delhi,Delhi,"Anand Vihar, Delhi - DPCC",19-08-2026 10:00:00,28.647622,77.315809,SO2,24,41,32
India,Delhi,Delhi,"Shadipur, Delhi - CPCB",19-08-2026 10:00:00,28.6514781,77.1473105,PM10,36,127,79
India,Delhi,Delhi,"Shadipur, Delhi - CPCB",19-08-2026 10:00:00,28.6514781,77.1473105,OZONE,26,30,27
India,Delhi,Delhi,"Mandir Marg, Delhi - DPCC",19-08-2026 10:00:00,28.636429,77.201067,NO2,1,27,7
India,Haryana,Narnaul,"Shastri Nagar, Narnaul - HSPCB",19-08-2026 10:00:00,28.060249,76.113115,SO2,5,18,10
India,Haryana,Narnaul,"Shastri Nagar, Narnaul - HSPCB",19-08-2026 10:00:00,28.060249,76.113115,OZONE,10,43,17
India,Haryana,Palwal,"Shyam Nagar, Palwal - HSPCB",19-08-2026 10:00:00,28.1485564,77.3320667,PM10,72,114,102
India,Haryana,Panchgaon,"Amity University, Panchgaon - IITM",19-08-2026 10:00:00,28.3153,76.9143,NO2,20,37,25
India,Haryana,Panchgaon,"Amity University, Panchgaon - IITM",19-08-2026 10:00:00,28.3153,76.9143,OZONE,16,16,16
India,Haryana,Panchkula,"Sector-6, Panchkula - HSPCB ",19-08-2026 10:00:00,30.7057778,76.8531805555555,PM10,NA,NA,NA
India,Haryana,Panchkula,"Sector-6, Panchkula - HSPCB ",19-08-2026 10:00:00,30.7057778,76.8531805555555,CO,19,21,20
India,Haryana,Panipat,"Sector-18, Panipat - HSPCB",19-08-2026 10:00:00,29.432304,76.972765,NH3,7,12,9
India,Haryana,Panipat,"Sector-18, Panipat - HSPCB",19-08-2026 10:00:00,29.432304,76.972765,SO2,34,67,51
India,Haryana,Panipat,"Sector-18, Panipat - HSPCB",19-08-2026 10:00:00,29.432304,76.972765,OZONE,47,50,49
India,Haryana,Rohtak,"MD University, Rohtak - HSPCB",19-08-2026 10:00:00,28.52123,76.37138,NH3,NA,NA,NA
India,Haryana,Rohtak,"MD University, Rohtak - HSPCB",19-08-2026 10:00:00,28.52123,76.37138,OZONE,12,25,18
India,Haryana,Sirsa,"F-Block, Sirsa - HSPCB",19-08-2026 10:00:00,29.5364,75.0158,NO2,13,22,19
India,Haryana,Sirsa,"F-Block, Sirsa - HSPCB",19-08-2026 10:00:00,29.5364,75.0158,NH3,13,16,14
India,Haryana,Sirsa,"F-Block, Sirsa - HSPCB",19-08-2026 10:00:00,29.5364,75.0158,CO,73,96,85
India,Haryana,Sirsa,"F-Block, Sirsa - HSPCB",19-08-2026 10:00:00,29.5364,75.0158,OZONE,18,46,32
India,Haryana,Yamuna Nagar,"Gobind Pura, Yamuna Nagar - HSPCB",19-08-2026 10:00:00,30.1480566,77.2893471,CO,26,52,37
India,Haryana,Yamuna Nagar,"Gobind Pura, Yamuna Nagar - HSPCB",19-08-2026 10:00:00,30.1480566,77.2893471,OZONE,8,64,29
India,Madhya Pradesh,Gwalior,"City Center, Gwalior - MPPCB",19-08-2026 10:00:00,26.203442,78.193251,PM10,39,57,49
India,Madhya Pradesh,Gwalior,"City Center, Gwalior - MPPCB",19-08-2026 10:00:00,26.203442,78.193251,OZONE,50,70,54
India,Madhya Pradesh,Gwalior,"Deen Dayal Nagar, Gwalior - MPPCB",19-08-2026 10:00:00,26.259242,78.216432,PM2.5,24,45,34
India,Madhya Pradesh,Gwalior,"Deen Dayal Nagar, Gwalior - MPPCB",19-08-2026 10:00:00,26.259242,78.216432,NO2,31,52,43
India,Madhya Pradesh,Gwalior,"Deen Dayal Nagar, Gwalior - MPPCB",19-08-2026 10:00:00,26.259242,78.216432,SO2,6,15,10
India,Madhya Pradesh,Indore,"Regional Park, Indore - IMC",19-08-2026 10:00:00,22.678,75.8559,SO2,37,43,39
India,Madhya Pradesh,Indore,"Chhoti Gwaltoli, Indore - MPPCB",19-08-2026 10:00:00,22.431,75.5213,OZONE,11,21,16
India,Madhya Pradesh,Indore,"Airport Area, Indore - IMC",19-08-2026 10:00:00,22.7289,75.8076,PM10,NA,NA,NA
India,Madhya Pradesh,Indore,"Airport Area, Indore - IMC",19-08-2026 10:00:00,22.7289,75.8076,NO2,13,18,16
India,Madhya Pradesh,Indore,"Airport Area, Indore - IMC",19-08-2026 10:00:00,22.7289,75.8076,SO2,10,14,12
India,Madhya Pradesh,Indore,"Airport Area, Indore - IMC",19-08-2026 10:00:00,22.7289,75.8076,CO,33,36,34
India,Madhya Pradesh,Indore,"Residency Area, Indore - IMC",19-08-2026 10:00:00,22.7084,75.8815,PM2.5,33,69,47
India,Madhya Pradesh,Indore,"Residency Area, Indore - IMC",19-08-2026 10:00:00,22.7084,75.8815,PM10,36,78,52
India,Madhya Pradesh,Indore,"Residency Area, Indore - IMC",19-08-2026 10:00:00,22.7084,75.8815,OZONE,5,6,6
India,Madhya Pradesh,Jabalpur,"Marhatal, Jabalpur - MPPCB",19-08-2026 10:00:00,23.168606,79.932247,PM2.5,5,35,18
India,Madhya Pradesh,Jabalpur,"Marhatal, Jabalpur - MPPCB",19-08-2026 10:00:00,23.168606,79.932247,NH3,4,5,5
India,Madhya Pradesh,Jabalpur,"Gupteshwar, Jabalpur - JMC",19-08-2026 10:00:00,23.142888,79.916147,PM2.5,35,57,41
India,Karnataka,Karwar,"KHB Colony, Karwar - KSPCB",19-08-2026 10:00:00,14.816666,74.141003,PM2.5,1,20,10
India,Karnataka,Karwar,"KHB Colony, Karwar - KSPCB",19-08-2026 10:00:00,14.816666,74.141003,NO2,10,47,21
India,Karnataka,Madikeri,"Stuart Hill, Madikeri - KSPCB",19-08-2026 10:00:00,12.415911,75.73505,PM2.5,2,20,12
India,Karnataka,Madikeri,"Stuart Hill, Madikeri - KSPCB",19-08-2026 10:00:00,12.415911,75.73505,PM10,5,27,17
India,Karnataka,Madikeri,"Stuart Hill, Madikeri - KSPCB",19-08-2026 10:00:00,12.415911,75.73505,NH3,1,1,1
India,Karnataka,Mysuru,"Hebbal 1st Stage, Mysuru - KSPCB",19-08-2026 10:00:00,12.21041,76.37376,SO2,0,7,2
India,Karnataka,Ramanagara,"Vijay Nagar, Ramanagara - KSPCB",19-08-2026 10:00:00,12.733409,77.298051,SO2,16,18,17
India,Karnataka,Ramanagara,"Vijay Nagar, Ramanagara - KSPCB",19-08-2026 10:00:00,12.733409,77.298051,CO,30,40,35
India,Karnataka,Shivamogga,"Vinoba Nagara, Shivamogga - KSPCB",19-08-2026 10:00:00,13.94,75.555917,PM2.5,40,52,45
India,Karnataka,Shivamogga,"Vinoba Nagara, Shivamogga - KSPCB",19-08-2026 10:00:00,13.94,75.555917,NH3,2,3,2
India,Karnataka,Vijayapura,"Ibrahimpur, Vijayapura - KSPCB",19-08-2026 10:00:00,16.802639,75.722694,PM10,42,43,43
India,Karnataka,Vijayapura,"Ibrahimpur, Vijayapura - KSPCB",19-08-2026 10:00:00,16.802639,75.722694,CO,13,28,20
India,Karnataka,Yadgir,"Collector Office, Yadgir - KSPCB",19-08-2026 10:00:00,16.7602,77.1428,SO2,14,19,16
India,Karnataka,Yadgir,"Collector Office, Yadgir - KSPCB",19-08-2026 10:00:00,16.7602,77.1428,CO,8,13,11
India,Kerala,Eloor,"Udyogamandal, Eloor - Kerala PCB",19-08-2026 10:00:00,10.073232,76.302765,PM2.5,29,40,35
India,Kerala,Eloor,"Udyogamandal, Eloor - Kerala PCB",19-08-2026 10:00:00,10.073232,76.302765,SO2,0,0,0
India,Kerala,Thiruvananthapuram,"Plammoodu, Thiruvananthapuram - Kerala PCB",19-08-2026 10:00:00,8.5149093,76.9435879,SO2,11,23,18
India,Kerala,Thiruvananthapuram,"Kariavattom, Thiruvananthapuram - Kerala PCB",19-08-2026 10:00:00,8.5637,76.8865,NH3,0,0,0
India,Kerala,Thrissur,"Corporation Ground, Thrissur - Kerala PCB",19-08-2026 10:00:00,10.5324,76.2159,NO2,8,9,8
India,Ladakh,Leh,"Skara Yokma, Leh - LPCC",19-08-2026 10:00:00,34.147096,77.55709,PM2.5,0,33,9
India,Madhya Pradesh,Bhopal,"Paryavaran Parisar, Bhopal - MPPCB",19-08-2026 10:00:00,23.210494,77.425409,PM10,36,76,58
India,Madhya Pradesh,Bhopal,"Paryavaran Parisar, Bhopal - MPPCB",19-08-2026 10:00:00,23.210494,77.425409,NO2,9,15,11
India,Madhya Pradesh,Bhopal,"Idgah Hills, Bhopal - MPPCB",19-08-2026 10:00:00,23.264759,77.381568,SO2,5,6,5
India,Madhya Pradesh,Bhopal,"T T Nagar, Bhopal - MPPCB",19-08-2026 10:00:00,23.233584,77.400574,PM2.5,19,40,29
India,Madhya Pradesh,Bhopal,"T T Nagar, Bhopal - MPPCB",19-08-2026 10:00:00,23.233584,77.400574,NH3,5,6,6
India,Madhya Pradesh,Damoh,"Shrivastav Colony, Damoh - MPPCB",19-08-2026 10:00:00,23.81748678,79.446246,PM2.5,13,28,20
India,Madhya Pradesh,Damoh,"Shrivastav Colony, Damoh - MPPCB",19-08-2026 10:00:00,23.81748678,79.446246,SO2,43,61,51
India,Madhya Pradesh,Jabalpur,"Govindh Bhavan Colony, Jabalpur - JMC",19-08-2026 10:00:00,23.163174,79.973061,OZONE,15,19,17
India,Madhya Pradesh,Jabalpur,"Suhagi, Jabalpur - JMC",19-08-2026 10:00:00,23.218135,79.95777,NH3,5,5,5
India,Madhya Pradesh,Katni,"Gole Bazar, Katni - MPPCB",19-08-2026 10:00:00,23.50016,80.23284,PM10,32,120,64
India,Madhya Pradesh,Katni,"Gole Bazar, Katni - MPPCB",19-08-2026 10:00:00,23.50016,80.23284,NO2,11,23,15
India,Madhya Pradesh,Katni,"Gole Bazar, Katni - MPPCB",19-08-2026 10:00:00,23.50016,80.23284,NH3,2,2,2
India,Madhya Pradesh,Katni,"Gole Bazar, Katni - MPPCB",19-08-2026 10:00:00,23.50016,80.23284,CO,19,19,19
India,Madhya Pradesh,Katni,"Gole Bazar, Katni - MPPCB",19-08-2026 10:00:00,23.50016,80.23284,OZONE,12,12,12
India,Madhya Pradesh,Mandideep,"Sector-D Industrial Area, Mandideep - MPPCB",19-08-2026 10:00:00,23.10844,77.511428,PM2.5,45,92,70
India,Madhya Pradesh,Pithampur,"Sector-2 Industrial Area, Pithampur - MPPCB",19-08-2026 10:00:00,22.624758,75.675238,NH3,6,9,7
India,Madhya Pradesh,Ratlam,"Shasthri Nagar, Ratlam - IPCA Lab",19-08-2026 10:00:00,23.331731,75.045981,PM2.5,1,59,36
India,Madhya Pradesh,Ratlam,"Shasthri Nagar, Ratlam - IPCA Lab",19-08-2026 10:00:00,23.331731,75.045981,OZONE,NA,NA,NA
India,Madhya Pradesh,Sagar,"Civil Lines, Sagar - MPPCB",19-08-2026 10:00:00,23.838586,78.759431,PM2.5,12,27,19
India,Madhya Pradesh,Sagar,"Civil Lines, Sagar - MPPCB",19-08-2026 10:00:00,23.838586,78.759431,NO2,7,20,12
India,Karnataka,Chamarajanagar,"Urban, Chamarajanagar - KSPCB",19-08-2026 10:00:00,11.55358,76.55521,OZONE,26,26,26
India,Karnataka,Chikkaballapur,"Chikkaballapur Rural, Chikkaballapur - KSPCB",19-08-2026 10:00:00,13.428828,77.731418,NH3,1,1,1
India,Karnataka,Chikkaballapur,"Chikkaballapur Rural, Chikkaballapur - KSPCB",19-08-2026 10:00:00,13.428828,77.731418,CO,4,18,8
India,Karnataka,Chikkamagaluru,"Kalyana Nagara, Chikkamagaluru - KSPCB",19-08-2026 10:00:00,13.328028,75.797056,PM2.5,15,32,25
India,Karnataka,Gadag,"Panchal Nagar, Gadag - KSPCB",19-08-2026 10:00:00,15.411456,75.638133,NH3,2,5,4
India,Karnataka,Gadag,"Panchal Nagar, Gadag - KSPCB",19-08-2026 10:00:00,15.411456,75.638133,OZONE,18,18,18
India,Karnataka,Hubballi,"Lingaraj Nagar, Hubballi - KSPCB",19-08-2026 10:00:00,15.3714823,75.1160168,NO2,7,10,10
India,Karnataka,Hubballi,"Lingaraj Nagar, Hubballi - KSPCB",19-08-2026 10:00:00,15.3714823,75.1160168,CO,12,18,14
India,Karnataka,Kalaburagi,"Lal Bahadur Shastri Nagar, Kalaburagi - KSPCB",19-08-2026 10:00:00,17.321993,76.822628,NH3,NA,NA,NA
India,Karnataka,Kalaburagi,"Lal Bahadur Shastri Nagar, Kalaburagi - KSPCB",19-08-2026 10:00:00,17.321993,76.822628,OZONE,53,53,53
India,Karnataka,Kalaburagi,"Mahatma Basaveswar Colony, Kalaburgi - KSPCB",19-08-2026 10:00:00,17.336318,76.847397,OZONE,16,16,16
India,Madhya Pradesh,Satna,"Bandhavgar Colony, Satna - Birla Cement",19-08-2026 10:00:00,24.58434363,80.8549414,PM10,70,71,70
India,Madhya Pradesh,Satna,"Bandhavgar Colony, Satna - Birla Cement",19-08-2026 10:00:00,24.58434363,80.8549414,NH3,NA,NA,NA
India,Madhya Pradesh,Satna,"Bandhavgar Colony, Satna - Birla Cement",19-08-2026 10:00:00,24.58434363,80.8549414,SO2,18,19,19
India,Madhya Pradesh,Singrauli,"Suryakiran Bhawan NCL, Singrauli - MPPCB",19-08-2026 10:00:00,24.10897,82.64558,NO2,0,26,10
India,Madhya Pradesh,Ujjain,"Mahashweta Nagar, Ujjain - MPPCB",19-08-2026 10:00:00,23.1633321,75.800225,NH3,4,15,11
India,Maharashtra,Akola,"Ramdaspeth, Akola - MPCB",19-08-2026 10:00:00,20.719516,77.000253,PM10,31,62,42
India,Maharashtra,Akola,"Ramdaspeth, Akola - MPCB",19-08-2026 10:00:00,20.719516,77.000253,NO2,12,25,17
India,Maharashtra,Akola,"Ramdaspeth, Akola - MPCB",19-08-2026 10:00:00,20.719516,77.000253,CO,9,13,11
India,Maharashtra,Amravati,"Shri Shivaji Science College, Amravati - MPCB",19-08-2026 10:00:00,20.939198,77.765701,PM2.5,17,38,25
India,Maharashtra,Amravati,"Shri Shivaji Science College, Amravati - MPCB",19-08-2026 10:00:00,20.939198,77.765701,CO,20,24,22
India,Maharashtra,Aurangabad,"Rachnakar Colony, Aurangabad - MPCB",19-08-2026 10:00:00,19.863756,75.321188,OZONE,9,10,10
India,Jammu and Kashmir,Pampore,"Khrew, Pampore - JKPCC",19-08-2026 10:00:00,34.031606,75.009712,PM10,26,84,60
India,Jammu and Kashmir,Srinagar,"Rajbagh, Srinagar - JKPCC",19-08-2026 10:00:00,34.066206,74.81982,NH3,9,9,9
India,Jammu and Kashmir,Srinagar,"Khunmoh, Srinagar - JKPCC",19-08-2026 10:00:00,34.06313,74.96017,PM10,46,93,63
India,Jammu and Kashmir,Srinagar,"Khunmoh, Srinagar - JKPCC",19-08-2026 10:00:00,34.06313,74.96017,SO2,3,4,4
India,Jharkhand,Jorapokhar,"Tata Stadium, Jorapokhar - JSPCB",19-08-2026 10:00:00,23.707909,86.41467,PM2.5,57,77,63
India,Jharkhand,Jorapokhar,"Tata Stadium, Jorapokhar - JSPCB",19-08-2026 10:00:00,23.707909,86.41467,NH3,3,3,3
India,Karnataka,Belgaum,"Ramteerth Nagar, Belgaum - KSPCB",19-08-2026 10:00:00,15.888653,74.541751,NH3,NA,NA,NA
India,Karnataka,Bengaluru,"Jigani, Bengaluru - KSPCB",19-08-2026 10:00:00,12.7816279,77.6299145,PM2.5,34,45,39
India,Karnataka,Bengaluru,"Jigani, Bengaluru - KSPCB",19-08-2026 10:00:00,12.7816279,77.6299145,SO2,16,17,16
India,Karnataka,Bengaluru,"City Railway Station, Bengaluru - KSPCB",19-08-2026 10:00:00,12.9756843,77.5660749,PM10,86,101,100
India,Karnataka,Bengaluru,"City Railway Station, Bengaluru - KSPCB",19-08-2026 10:00:00,12.9756843,77.5660749,OZONE,NA,NA,NA
India,Karnataka,Bengaluru,"Jayanagar 5th Block, Bengaluru - KSPCB",19-08-2026 10:00:00,12.920984,77.584908,NO2,5,17,10
India,Karnataka,Bengaluru,"Jayanagar 5th Block, Bengaluru - KSPCB",19-08-2026 10:00:00,12.920984,77.584908,CO,4,21,10
India,Karnataka,Bengaluru,"Hombegowda Nagar, Bengaluru - KSPCB",19-08-2026 10:00:00,12.938539,77.5901,NH3,1,1,1
India,Karnataka,Bengaluru,"Hombegowda Nagar, Bengaluru - KSPCB",19-08-2026 10:00:00,12.938539,77.5901,SO2,3,7,5
India,Karnataka,Bengaluru,"Peenya, Bengaluru - CPCB",19-08-2026 10:00:00,13.0270199,77.494094,NO2,11,411,213
India,Karnataka,Bengaluru,"Peenya, Bengaluru - CPCB",19-08-2026 10:00:00,13.0270199,77.494094,NH3,2,110,56
India,Karnataka,Bengaluru,"Peenya, Bengaluru - CPCB",19-08-2026 10:00:00,13.0270199,77.494094,CO,30,38,34
India,Karnataka,Bengaluru,"Shivapura_Peenya, Bengaluru - KSPCB",19-08-2026 10:00:00,13.0246342,77.5080115,CO,NA,NA,NA
India,Karnataka,Bengaluru,"Shivapura_Peenya, Bengaluru - KSPCB",19-08-2026 10:00:00,13.0246342,77.5080115,OZONE,23,24,24
India,Karnataka,Bengaluru,"Hebbal, Bengaluru - KSPCB",19-08-2026 10:00:00,13.029152,77.585901,PM10,17,48,33
India,Karnataka,Bengaluru,"Hebbal, Bengaluru - KSPCB",19-08-2026 10:00:00,13.029152,77.585901,SO2,4,42,28
India,Karnataka,Bengaluru,"Silk Board, Bengaluru - KSPCB",19-08-2026 10:00:00,12.917348,77.622813,PM2.5,20,85,43
India,Karnataka,Bengaluru,"Silk Board, Bengaluru - KSPCB",19-08-2026 10:00:00,12.917348,77.622813,NO2,19,24,21
India,Maharashtra,Navi Mumbai,"Tondare-Taloja, Navi Mumbai - MPCB",19-08-2026 10:00:00,19.063,73.1209,PM10,26,53,37
India,Maharashtra,Navi Mumbai,"Tondare-Taloja, Navi Mumbai - MPCB",19-08-2026 10:00:00,19.063,73.1209,NH3,3,8,5
India,Maharashtra,Navi Mumbai,"Tondare-Taloja, Navi Mumbai - MPCB",19-08-2026 10:00:00,19.063,73.1209,SO2,0,10,4
India,Maharashtra,Navi Mumbai,"Sanpada, Navi Mumbai - MPCB",19-08-2026 10:00:00,19.0575752,73.0151367,PM2.5,5,29,18
India,Maharashtra,Navi Mumbai,"Sanpada, Navi Mumbai - MPCB",19-08-2026 10:00:00,19.0575752,73.0151367,NH3,13,13,13
India,Maharashtra,Navi Mumbai,"Sanpada, Navi Mumbai - MPCB",19-08-2026 10:00:00,19.0575752,73.0151367,OZONE,1,7,4
India,Maharashtra,Navi Mumbai,"Mahape, Navi Mumbai - MPCB",19-08-2026 10:00:00,19.1135051,73.008978,NO2,42,44,43
India,Maharashtra,Navi Mumbai,"Mahape, Navi Mumbai - MPCB",19-08-2026 10:00:00,19.1135051,73.008978,OZONE,7,9,8
India,Maharashtra,Navi Mumbai,"Nerul, Navi Mumbai - MPCB",19-08-2026 10:00:00,19.008751,73.01662,NO2,6,6,6
India,Maharashtra,Navi Mumbai,"Nerul, Navi Mumbai - MPCB",19-08-2026 10:00:00,19.008751,73.01662,NH3,1,1,1
India,Maharashtra,Navi Mumbai,"Nerul, Navi Mumbai - MPCB",19-08-2026 10:00:00,19.008751,73.01662,SO2,NA,NA,NA
India,Maharashtra,Navi Mumbai,"Nerul, Navi Mumbai - MPCB",19-08-2026 10:00:00,19.008751,73.01662,OZONE,NA,NA,NA
India,Maharashtra,Parbhani,"Masoom Colony, Parbhani - MPCB",19-08-2026 10:00:00,19.265594,76.761463,CO,8,14,11
India,Maharashtra,Pimpri-Chinchwad,"Gavalinagar, Pimpri Chinchwad - MPCB",19-08-2026 10:00:00,18.63673,73.82487,PM10,26,56,41
India,Maharashtra,Pimpri-Chinchwad,"Gavalinagar, Pimpri Chinchwad - MPCB",19-08-2026 10:00:00,18.63673,73.82487,NO2,6,31,14
India,Maharashtra,Pimpri-Chinchwad,"Bhosari, Pune - IITM",19-08-2026 10:00:00,18.640051,73.848956,SO2,NA,NA,NA
India,Maharashtra,Pimpri-Chinchwad,"Thergaon, Pimpri Chinchwad - MPCB",19-08-2026 10:00:00,18.616318,73.765797,PM10,33,74,48
India,Maharashtra,Pimpri-Chinchwad,"Transport Nagar-Nigdi, Pune - IITM",19-08-2026 10:00:00,18.664282,73.763966,NH3,NA,NA,NA
India,Maharashtra,Pimpri-Chinchwad,"Transport Nagar-Nigdi, Pune - IITM",19-08-2026 10:00:00,18.664282,73.763966,CO,47,50,48
India,Maharashtra,Pimpri-Chinchwad,"Transport Nagar-Nigdi, Pune - IITM",19-08-2026 10:00:00,18.664282,73.763966,OZONE,15,18,17
India,Maharashtra,Mumbai,"Mindspace-Malad West, Mumbai - MPCB",19-08-2026 10:00:00,19.1878657,72.8304069,OZONE,15,18,16
India,Maharashtra,Mumbai,"Worli, Mumbai - MPCB",19-08-2026 10:00:00,18.9936162,72.8128113,PM2.5,NA,NA,NA
India,Maharashtra,Mumbai,"Worli, Mumbai - MPCB",19-08-2026 10:00:00,18.9936162,72.8128113,SO2,6,11,9
India,Maharashtra,Mumbai,"Navy Nagar-Colaba, Mumbai - IITM",19-08-2026 10:00:00,18.897756,72.81332,PM2.5,20,39,28
India,Maharashtra,Mumbai,"Navy Nagar-Colaba, Mumbai - IITM",19-08-2026 10:00:00,18.897756,72.81332,NH3,1,4,2
India,Maharashtra,Mumbai,"Chembur, Mumbai - MPCB",19-08-2026 10:00:00,19.0364585,72.8954371,NH3,7,23,15
India,Maharashtra,Mumbai,"Kandivali West, Mumbai - BMC",19-08-2026 10:00:00,19.215859,72.831718,PM10,8,24,15
India,Maharashtra,Mumbai,"Kandivali West, Mumbai - BMC",19-08-2026 10:00:00,19.215859,72.831718,NH3,3,5,4
India,Maharashtra,Mumbai,"Kandivali West, Mumbai - BMC",19-08-2026 10:00:00,19.215859,72.831718,CO,5,18,9
India,Maharashtra,Mumbai,"Sewri, Mumbai - BMC",19-08-2026 10:00:00,19.000084,72.85673,NH3,2,4,3
India,Maharashtra,Mumbai,"Sewri, Mumbai - BMC",19-08-2026 10:00:00,19.000084,72.85673,SO2,NA,NA,NA
India,Maharashtra,Mumbai,"Sewri, Mumbai - BMC",19-08-2026 10:00:00,19.000084,72.85673,CO,25,25,25
India,Maharashtra,Mumbai,"Malad West, Mumbai - IITM",19-08-2026 10:00:00,19.19709,72.82204,PM10,15,83,35
India,Maharashtra,Mumbai,"Malad West, Mumbai - IITM",19-08-2026 10:00:00,19.19709,72.82204,SO2,0,13,6
India,Maharashtra,Mumbai,"Borivali East, Mumbai - IITM",19-08-2026 10:00:00,19.23241,72.86895,NO2,8,22,14
India,Maharashtra,Mumbai,"Borivali East, Mumbai - IITM",19-08-2026 10:00:00,19.23241,72.86895,SO2,NA,NA,NA
India,Maharashtra,Mumbai,"Borivali East, Mumbai - IITM",19-08-2026 10:00:00,19.23241,72.86895,CO,52,76,66
India,Maharashtra,Mumbai,"Borivali East, Mumbai - IITM",19-08-2026 10:00:00,19.23241,72.86895,OZONE,15,32,24
India,Maharashtra,Mumbai,"Mazgaon, Mumbai - IITM",19-08-2026 10:00:00,18.96702,72.84214,PM10,32,60,45
India,Maharashtra,Mumbai,"Mazgaon, Mumbai - IITM",19-08-2026 10:00:00,18.96702,72.84214,SO2,7,12,10
India,Maharashtra,Mumbai,"Chakala-Andheri East, Mumbai - IITM",19-08-2026 10:00:00,19.11074,72.86084,PM10,19,57,40
India,Maharashtra,Mumbai,"Chakala-Andheri East, Mumbai - IITM",19-08-2026 10:00:00,19.11074,72.86084,CO,6,25,14
India,Maharashtra,Mumbai,"Bandra Kurla Complex, Mumbai - IITM",19-08-2026 10:00:00,19.053536,72.84643,NH3,NA,NA,NA
India,Maharashtra,Mumbai,"Bandra Kurla Complex, Mumbai - IITM",19-08-2026 10:00:00,19.053536,72.84643,OZONE,9,13,11
India,Maharashtra,Mumbai,"Kurla, Mumbai - MPCB",19-08-2026 10:00:00,19.0863,72.8888,PM2.5,22,93,41
India,Maharashtra,Mumbai,"Ghatkopar, Mumbai - BMC",19-08-2026 10:00:00,19.083694,72.920967,PM2.5,12,58,24
India,Maharashtra,Mumbai,"Ghatkopar, Mumbai - BMC",19-08-2026 10:00:00,19.083694,72.920967,NH3,2,8,5
India,Maharashtra,Mumbai,"Ghatkopar, Mumbai - BMC",19-08-2026 10:00:00,19.083694,72.920967,CO,18,23,20
India,Maharashtra,Mumbai,"Deonar, Mumbai - IITM",19-08-2026 10:00:00,19.04946,72.923,NH3,7,9,8
India,Maharashtra,Mumbai,"Chhatrapati Shivaji Intl. Airport (T2), Mumbai - MPCB",19-08-2026 10:00:00,19.10078,72.87462,PM10,27,47,37
India,Maharashtra,Mumbai,"Chhatrapati Shivaji Intl. Airport (T2), Mumbai - MPCB",19-08-2026 10:00:00,19.10078,72.87462,CO,NA,NA,NA
India,Maharashtra,Mumbai,"Chhatrapati Shivaji Intl. Airport (T2), Mumbai - MPCB",19-08-2026 10:00:00,19.10078,72.87462,OZONE,NA,NA,NA
India,Maharashtra,Nagpur,"Mahal, Nagpur - MPCB",19-08-2026 10:00:00,21.14472,79.107595,PM2.5,25,48,36
India,Maharashtra,Nagpur,"Mahal, Nagpur - MPCB",19-08-2026 10:00:00,21.14472,79.107595,PM10,32,62,47
India,Maharashtra,Nagpur,"Mahal, Nagpur - MPCB",19-08-2026 10:00:00,21.14472,79.107595,SO2,7,41,24
India,Maharashtra,Nagpur,"Ram Nagar, Nagpur - MPCB",19-08-2026 10:00:00,21.143383,79.048912,PM2.5,29,71,42
India,Maharashtra,Nagpur,"Ram Nagar, Nagpur - MPCB",19-08-2026 10:00:00,21.143383,79.048912,CO,8,11,10
India,Maharashtra,Nagpur,"Ram Nagar, Nagpur - MPCB",19-08-2026 10:00:00,21.143383,79.048912,OZONE,11,17,14
India,Maharashtra,Hingoli,"Ashta Vinayak Nagar, Hingoli - MPCB",19-08-2026 10:00:00,19.710842,77.151824,NH3,1,3,1
India,Maharashtra,Jalna,"Old MIDC, Jalna - MPCB",19-08-2026 10:00:00,19.854616,75.905894,SO2,3,3,3
India,Maharashtra,Jalna,"Old MIDC, Jalna - MPCB",19-08-2026 10:00:00,19.854616,75.905894,OZONE,17,27,21
India,Maharashtra,Kalyan,"Khadakpada, Kalyan - MPCB",19-08-2026 10:00:00,19.25292,73.142019,PM10,52,99,70
India,Maharashtra,Kalyan,"Khadakpada, Kalyan - MPCB",19-08-2026 10:00:00,19.25292,73.142019,NO2,37,37,37
India,Maharashtra,Kalyan,"Pimpleshwar Mandir, Kalyan - MPCB",19-08-2026 10:00:00,19.192056,72.9585188,NO2,NA,NA,NA
India,Maharashtra,Kalyan,"Pimpleshwar Mandir, Kalyan - MPCB",19-08-2026 10:00:00,19.192056,72.9585188,NH3,NA,NA,NA
India,Maharashtra,Kolhapur,"Sinchan Bhavan, Kolhapur - MPCB",19-08-2026 10:00:00,16.7143745,74.2426398,PM2.5,13,26,18
India,Maharashtra,Kolhapur,"Shivaji University, Kolhapur - MPCB",19-08-2026 10:00:00,16.6870449,74.2505872,PM10,14,54,38
India,Maharashtra,Kolhapur,"Shivaji University, Kolhapur - MPCB",19-08-2026 10:00:00,16.6870449,74.2505872,NH3,3,4,3
India,Maharashtra,Kolhapur,"Shivaji University, Kolhapur - MPCB",19-08-2026 10:00:00,16.6870449,74.2505872,CO,4,18,10
India,Maharashtra,Latur,"Sawe Wadi, Latur - MPCB",19-08-2026 10:00:00,18.39963,76.57452,CO,8,20,14
India,Maharashtra,Malegaon,"Mahesh Nagar, Malegaon - MPCB",19-08-2026 10:00:00,20.555712,74.529236,NO2,4,17,10
India,Maharashtra,Satara,"Koyana Nagar, Satara - MPCB",19-08-2026 10:00:00,17.696651,74.003387,CO,12,27,18
India,Maharashtra,Solapur,"Dnyaneshwar Nagar, Solapur - MPCB",19-08-2026 10:00:00,17.6336264,75.9132495,PM2.5,9,29,19
India,Maharashtra,Solapur,"Ratandeep Housing Society, Solapur - MPCB",19-08-2026 10:00:00,17.65439,75.90649,SO2,NA,NA,NA
India,Maharashtra,Thane,"Upvan Fort, Thane - MPCB",19-08-2026 10:00:00,19.222279,72.957979,OZONE,13,19,15
India,Maharashtra,Thane,"Kasarvadavali, Thane - MPCB",19-08-2026 10:00:00,19.26777,72.97182,PM2.5,19,61,33
India,Maharashtra,Thane,"Kasarvadavali, Thane - MPCB",19-08-2026 10:00:00,19.26777,72.97182,PM10,47,62,53
India,Maharashtra,Ulhasnagar,"Vithalwadi, Ulhasnagar - MPCB",19-08-2026 10:00:00,19.2307571,73.155192,NH3,9,12,10
India,Maharashtra,Ulhasnagar,"Vithalwadi, Ulhasnagar - MPCB",19-08-2026 10:00:00,19.2307571,73.155192,CO,14,20,17
India,Maharashtra,Ulhasnagar,"Vithalwadi, Ulhasnagar - MPCB",19-08-2026 10:00:00,19.2307571,73.155192,OZONE,10,13,11
India,Maharashtra,Virar,"Bolinj, Virar - MPCB",19-08-2026 10:00:00,19.445821,72.7988231,PM2.5,13,22,17
India,Maharashtra,Virar,"Bolinj, Virar - MPCB",19-08-2026 10:00:00,19.445821,72.7988231,CO,6,85,19
India,Maharashtra,Virar,"Bolinj, Virar - MPCB",19-08-2026 10:00:00,19.445821,72.7988231,OZONE,1,6,3
India,Maharashtra,Aurangabad,"More Chowk Waluj, Aurangabad - MPCB",19-08-2026 10:00:00,19.8389439,75.244448,OZONE,12,24,17
India,Maharashtra,Badlapur,"Katrap, Badlapur - MPCB",19-08-2026 10:00:00,19.16485,73.23409,NH3,9,14,12
India,Maharashtra,Beed,"Bir, Beed - MPCB",19-08-2026 10:00:00,18.988474,75.753873,PM10,25,58,37
India,Maharashtra,Belapur,"CBD Belapur, Belapur - MPCB",19-08-2026 10:00:00,19.0243902,73.0406721,PM2.5,21,40,30
India,Maharashtra,Belapur,"CBD Belapur, Belapur - MPCB",19-08-2026 10:00:00,19.0243902,73.0406721,OZONE,10,10,10
India,Maharashtra,Bhiwandi,"Gokul Nagar, Bhiwandi - MPCB",19-08-2026 10:00:00,19.309073,73.057223,SO2,1,3,3
India,Maharashtra,Bhiwandi,"Gokul Nagar, Bhiwandi - MPCB",19-08-2026 10:00:00,19.309073,73.057223,CO,16,26,20
India,Maharashtra,Bhiwandi,"Gokul Nagar, Bhiwandi - MPCB",19-08-2026 10:00:00,19.309073,73.057223,OZONE,27,33,30
India,Maharashtra,Boisar,"Khaira, Boisar - MPCB",19-08-2026 10:00:00,19.786089,72.757971,NO2,4,7,6
India,Maharashtra,Chandrapur,"Chauhan Colony, Chandrapur - MPCB",19-08-2026 10:00:00,19.9629,79.298714,PM10,23,100,50
India,Maharashtra,Chandrapur,"Chauhan Colony, Chandrapur - MPCB",19-08-2026 10:00:00,19.9629,79.298714,CO,24,25,24
India,Maharashtra,Pimpri-Chinchwad,"Savta Mali Nagar, Pimpri-Chinchwad - IITM",19-08-2026 10:00:00,18.614767,73.799516,PM2.5,14,61,32
India,Maharashtra,Pimpri-Chinchwad,"Savta Mali Nagar, Pimpri-Chinchwad - IITM",19-08-2026 10:00:00,18.614767,73.799516,OZONE,4,17,9
India,Maharashtra,Pune,"Hadapsar, Pune - IITM",19-08-2026 10:00:00,18.501793,73.927532,CO,19,125,44
India,Maharashtra,Pune,"Revenue Colony-Shivajinagar, Pune - IITM",19-08-2026 10:00:00,18.530085,73.849598,NH3,NA,NA,NA
India,Maharashtra,Pune,"Mhada Colony, Pune - IITM",19-08-2026 10:00:00,18.57304,73.927715,PM2.5,23,54,39
India,Maharashtra,Pune,"Dhankawadi, Pune - IITM",19-08-2026 10:00:00,18.459883,73.852193,NO2,11,19,15
India,Maharashtra,Pune,"Panchawati_Pashan, Pune - IITM",19-08-2026 10:00:00,18.536457,73.805454,NH3,NA,NA,NA
India,Maharashtra,Pune,"Savitribai Phule Pune University, Pune - MPCB",19-08-2026 10:00:00,18.547056,73.826908,NH3,1,1,1
India,Maharashtra,Pune,"Savitribai Phule Pune University, Pune - MPCB",19-08-2026 10:00:00,18.547056,73.826908,OZONE,10,15,13
India,Maharashtra,Sangli,"Vijay Nagar, Sangli - MPCB",19-08-2026 10:00:00,16.5038,74.3623,PM2.5,13,37,20
India,Maharashtra,Mumbai,"Shivaji Nagar, Mumbai - BMC",19-08-2026 10:00:00,19.060498,72.923356,NO2,6,13,9
India,Maharashtra,Mumbai,"Shivaji Nagar, Mumbai - BMC",19-08-2026 10:00:00,19.060498,72.923356,SO2,4,15,10
India,Maharashtra,Mumbai,"Shivaji Nagar, Mumbai - BMC",19-08-2026 10:00:00,19.060498,72.923356,CO,8,18,12
India,Maharashtra,Mumbai,"Sion, Mumbai - MPCB",19-08-2026 10:00:00,19.047,72.8746,NH3,1,1,1
India,Maharashtra,Mumbai,"Sion, Mumbai - MPCB",19-08-2026 10:00:00,19.047,72.8746,SO2,5,5,5
India,Maharashtra,Mumbai,"Siddharth Nagar-Worli, Mumbai - IITM",19-08-2026 10:00:00,19.000083,72.813993,PM10,33,58,44
India,Maharashtra,Mumbai,"Siddharth Nagar-Worli, Mumbai - IITM",19-08-2026 10:00:00,19.000083,72.813993,CO,2,2,2
India,Maharashtra,Mumbai,"Bandra Kurla Complex, Mumbai - MPCB",19-08-2026 10:00:00,19.065931,72.862131,NO2,6,8,6
India,Maharashtra,Nashik,"Pandav Nagari, Nashik - MPCB",19-08-2026 10:00:00,19.9591346,73.7788008,NO2,2,5,4
India,Maharashtra,Nashik,"Pandav Nagari, Nashik - MPCB",19-08-2026 10:00:00,19.9591346,73.7788008,OZONE,11,16,14
India,Maharashtra,Nashik,"Hirawadi, Nashik - MPCB",19-08-2026 10:00:00,20.021503,73.813844,CO,22,27,24
India,Maharashtra,Navi Mumbai,"Kopripada-Vashi, Navi Mumbai - MPCB",19-08-2026 10:00:00,19.090337,73.014232,PM2.5,7,47,19
India,Maharashtra,Navi Mumbai,"Kopripada-Vashi, Navi Mumbai - MPCB",19-08-2026 10:00:00,19.090337,73.014232,NH3,5,12,7
India,Maharashtra,Navi Mumbai,"Kopripada-Vashi, Navi Mumbai - MPCB",19-08-2026 10:00:00,19.090337,73.014232,OZONE,1,4,3
India,Rajasthan,Rajsamand,"Dhoinda, Rajsamand - RSPCB",19-08-2026 10:00:00,25.03636,73.883502,PM10,NA,NA,NA
India,Rajasthan,Rajsamand,"Dhoinda, Rajsamand - RSPCB",19-08-2026 10:00:00,25.03636,73.883502,NO2,NA,NA,NA
India,Rajasthan,Sawai Madhopur,"Sahu Nagar, Sawai Madhopur - RSPCB",19-08-2026 10:00:00,26.031443,76.359327,SO2,7,12,9
India,Rajasthan,Sawai Madhopur,"Sahu Nagar, Sawai Madhopur - RSPCB",19-08-2026 10:00:00,26.031443,76.359327,CO,25,28,26
India,Rajasthan,Sirohi,"Vedhaynath Colony, Sirohi - RSPCB",19-08-2026 10:00:00,24.885261,72.857549,NH3,3,4,4
India,Rajasthan,Sri Ganganagar,"Old City, Sri Ganganagar - RSPCB",19-08-2026 10:00:00,29.931624,73.864511,SO2,0,7,3
India,Rajasthan,Sri Ganganagar,"Old City, Sri Ganganagar - RSPCB",19-08-2026 10:00:00,29.931624,73.864511,OZONE,24,32,30
India,Rajasthan,Tonk,"Shastri Nagar, Tonk - RSPCB",19-08-2026 10:00:00,26.159933,75.780517,CO,109,120,112
India,Rajasthan,Udaipur,"Ashok Nagar, Udaipur - RSPCB",19-08-2026 10:00:00,24.5886166,73.6321397,PM10,77,128,103
India,Rajasthan,Udaipur,"Ashok Nagar, Udaipur - RSPCB",19-08-2026 10:00:00,24.5886166,73.6321397,NO2,9,24,16
India,Rajasthan,Udaipur,"Ashok Nagar, Udaipur - RSPCB",19-08-2026 10:00:00,24.5886166,73.6321397,SO2,3,9,6
India,Sikkim,Gangtok,"Zero Point GICI, Gangtok - SSPCB",19-08-2026 10:00:00,27.33853,88.614099,NO2,7,8,8
India,Sikkim,Gangtok,"Zero Point GICI, Gangtok - SSPCB",19-08-2026 10:00:00,27.33853,88.614099,SO2,1,1,1
India,Tamil Nadu,Chennai,"Kodungaiyur, Chennai - TNPCB",19-08-2026 10:00:00,13.1278,80.2642,NO2,11,15,13
India,Tamil Nadu,Chennai,"Kodungaiyur, Chennai - TNPCB",19-08-2026 10:00:00,13.1278,80.2642,SO2,5,7,6
India,Rajasthan,Jaipur,"Police Commissionerate, Jaipur - RSPCB",19-08-2026 10:00:00,26.9164092,75.7994901,SO2,10,29,14
India,Rajasthan,Jaipur,"RIICO Sitapura, Jaipur - RSPCB",19-08-2026 10:00:00,26.786682,75.827928,PM2.5,45,123,77
India,Rajasthan,Jaipur,"RIICO Sitapura, Jaipur - RSPCB",19-08-2026 10:00:00,26.786682,75.827928,NO2,15,65,28
India,Rajasthan,Jaipur,"RIICO Sitapura, Jaipur - RSPCB",19-08-2026 10:00:00,26.786682,75.827928,NH3,3,3,3
India,Rajasthan,Jaipur,"RIICO Sitapura, Jaipur - RSPCB",19-08-2026 10:00:00,26.786682,75.827928,OZONE,24,35,31
India,Rajasthan,Jaipur,"Shastri Nagar, Jaipur - RSPCB",19-08-2026 10:00:00,26.9502929,75.730943,PM10,78,110,95
India,Rajasthan,Jaipur,"Adarsh Nagar, Jaipur - RSPCB",19-08-2026 10:00:00,26.902909,75.836858,CO,37,37,37
India,Rajasthan,Jalore,"Mudtra Sili, Jalore - RSPCB",19-08-2026 10:00:00,25.344694,72.626208,PM2.5,22,45,34
India,Rajasthan,Jalore,"Mudtra Sili, Jalore - RSPCB",19-08-2026 10:00:00,25.344694,72.626208,CO,12,18,14
India,Rajasthan,Jhalawar,"Rajlaxmi Nagar, Jhalawar - RSPCB",19-08-2026 10:00:00,24.588397,76.172782,SO2,6,8,7
India,Rajasthan,Jhalawar,"Rajlaxmi Nagar, Jhalawar - RSPCB",19-08-2026 10:00:00,24.588397,76.172782,CO,33,43,38
India,Rajasthan,Jhunjhunu,"Indra Nagar, Jhunjhunu - RSPCB",19-08-2026 10:00:00,28.108988,75.386577,PM2.5,25,301,52
India,Rajasthan,Jhunjhunu,"Indra Nagar, Jhunjhunu - RSPCB",19-08-2026 10:00:00,28.108988,75.386577,NH3,4,7,5
India,Rajasthan,Jhunjhunu,"Indra Nagar, Jhunjhunu - RSPCB",19-08-2026 10:00:00,28.108988,75.386577,SO2,3,5,4
India,Rajasthan,Jodhpur,"Digari Kalan, Jodhpur - RSPCB",19-08-2026 10:00:00,26.29581,73.082283,SO2,3,7,5
India,Rajasthan,Jodhpur,"Mandor, Jodhpur - RSPCB",19-08-2026 10:00:00,26.358805,73.047444,CO,61,98,78
India,Rajasthan,Jodhpur,"Collectorate, Jodhpur - RSPCB",19-08-2026 10:00:00,26.268249,73.0193853,SO2,2,15,9
India,Rajasthan,Jodhpur,"Samrat Ashok Udhyan, Jodhpur - RSPCB",19-08-2026 10:00:00,26.253384,72.976571,NO2,1,15,4
India,Rajasthan,Jodhpur,"Samrat Ashok Udhyan, Jodhpur - RSPCB",19-08-2026 10:00:00,26.253384,72.976571,OZONE,10,17,14
India,Rajasthan,Karauli,"Satyawati Vihar, Karauli - RSPCB",19-08-2026 10:00:00,26.506177,77.025989,CO,10,39,23
India,Rajasthan,Khairthal,"New Anaj Mandi, Khairthal - RSPCB",19-08-2026 10:00:00,27.8015617,76.6365217,PM2.5,44,95,73
India,Rajasthan,Khairthal,"New Anaj Mandi, Khairthal - RSPCB",19-08-2026 10:00:00,27.8015617,76.6365217,NO2,25,39,30
India,Rajasthan,Kota,"Nayapura, Kota - RSPCB",19-08-2026 10:00:00,25.196024,75.855668,SO2,4,6,5
India,Rajasthan,Kota,"Nayapura, Kota - RSPCB",19-08-2026 10:00:00,25.196024,75.855668,OZONE,7,26,17
India,Rajasthan,Kota,"Dhanmandi, Kota - RSPCB",19-08-2026 10:00:00,25.16409,75.858137,PM10,54,83,66
India,Rajasthan,Nagaur,"Karni Colony, Nagaur - RSPCB",19-08-2026 10:00:00,27.213494,73.734444,NO2,5,9,7
India,Rajasthan,Pratapgarh,"Pragati Nagar, Pratapgarh - RSPCB",19-08-2026 10:00:00,24.041198,74.780702,PM10,65,109,89
India,Rajasthan,Pratapgarh,"Pragati Nagar, Pratapgarh - RSPCB",19-08-2026 10:00:00,24.041198,74.780702,NH3,4,5,4
India,Rajasthan,Bhiwadi,"Vasundhara Nagar_UIT, Bhiwadi - RSPCB",19-08-2026 10:00:00,28.207266,76.829265,SO2,4,17,9
India,Rajasthan,Bhiwadi,"Vasundhara Nagar_UIT, Bhiwadi - RSPCB",19-08-2026 10:00:00,28.207266,76.829265,OZONE,29,30,29
India,Rajasthan,Bundi,"New Colony, Bundi - RSPCB",19-08-2026 10:00:00,25.435774,75.644272,PM10,59,98,80
India,Rajasthan,Bundi,"New Colony, Bundi - RSPCB",19-08-2026 10:00:00,25.435774,75.644272,NH3,5,8,6
India,Rajasthan,Bundi,"New Colony, Bundi - RSPCB",19-08-2026 10:00:00,25.435774,75.644272,OZONE,12,22,18
India,Rajasthan,Chittorgarh,"Shastri Nagar, Chittorgarh - RSPCB",19-08-2026 10:00:00,24.892047,74.623527,PM10,59,113,98
India,Rajasthan,Chittorgarh,"Shastri Nagar, Chittorgarh - RSPCB",19-08-2026 10:00:00,24.892047,74.623527,SO2,4,7,6
India,Rajasthan,Churu,"Subash Chowk, Churu - RSPCB",19-08-2026 10:00:00,28.296139,74.961696,PM10,NA,NA,NA
India,Rajasthan,Churu,"Subash Chowk, Churu - RSPCB",19-08-2026 10:00:00,28.296139,74.961696,NO2,NA,NA,NA
India,Rajasthan,Dausa,"Khatikan Mohalla, Dausa - RSPCB",19-08-2026 10:00:00,26.895552,76.334753,PM2.5,27,68,36
India,Rajasthan,Jaipur,"Mansarovar Sector-12, Jaipur - RSPCB",19-08-2026 10:00:00,26.843698,75.766894,SO2,0,7,4
India,Rajasthan,Jaipur,"Sector-2 Murlipura, Jaipur - RSPCB",19-08-2026 10:00:00,26.960669,75.771817,NO2,14,36,22
India,Rajasthan,Jaipur,"Sector-2 Murlipura, Jaipur - RSPCB",19-08-2026 10:00:00,26.960669,75.771817,OZONE,4,8,6
India,Odisha,Tensa,"Barsua Iron Ore Mines, Tensa - OSPCB",19-08-2026 10:00:00,21.869985,85.167016,OZONE,45,47,45
India,Punjab,Amritsar,"Golden Temple, Amritsar - PPCB",19-08-2026 10:00:00,31.62,74.876512,NO2,11,19,15
India,Punjab,Bathinda,"Hardev Nagar, Bathinda - PPCB",19-08-2026 10:00:00,30.233011,74.907758,PM10,26,74,50
India,Punjab,Bathinda,"Hardev Nagar, Bathinda - PPCB",19-08-2026 10:00:00,30.233011,74.907758,NH3,NA,NA,NA
India,Punjab,Bathinda,"Hardev Nagar, Bathinda - PPCB",19-08-2026 10:00:00,30.233011,74.907758,SO2,10,25,15
India,Punjab,Khanna,"Kalal Majra, Khanna - PPCB",19-08-2026 10:00:00,30.736056,76.209694,PM2.5,49,54,51
India,Punjab,Khanna,"Kalal Majra, Khanna - PPCB",19-08-2026 10:00:00,30.736056,76.209694,NH3,7,7,7
India,Punjab,Ludhiana,"Punjab Agricultural University, Ludhiana - PPCB",19-08-2026 10:00:00,30.9028,75.8086,PM10,55,97,74
India,Punjab,Ludhiana,"Punjab Agricultural University, Ludhiana - PPCB",19-08-2026 10:00:00,30.9028,75.8086,OZONE,50,58,55
India,Punjab,Mandi Gobindgarh,"RIMT University, Mandi Gobindgarh - PPCB",19-08-2026 10:00:00,30.649961,76.331442,PM10,68,130,104
India,Punjab,Mandi Gobindgarh,"RIMT University, Mandi Gobindgarh - PPCB",19-08-2026 10:00:00,30.649961,76.331442,SO2,8,9,9
India,Punjab,Mandi Gobindgarh,"RIMT University, Mandi Gobindgarh - PPCB",19-08-2026 10:00:00,30.649961,76.331442,OZONE,36,37,37
India,Meghalaya,Byrnihat,"15th Mile-Nongthymmai, Byrnihat -Meghalaya PCB",19-08-2026 10:00:00,26.079047,91.875185,NO2,2,2,2
India,Meghalaya,Byrnihat,"15th Mile-Nongthymmai, Byrnihat -Meghalaya PCB",19-08-2026 10:00:00,26.079047,91.875185,CO,NA,NA,NA
India,Meghalaya,Shillong,"JN Stadium, Shillong - Meghalaya PCB",19-08-2026 10:00:00,25.5803419,91.8942571,PM2.5,NA,NA,NA
India,Meghalaya,Shillong,"Lumpyngngad, Shillong - Meghalaya PCB",19-08-2026 10:00:00,25.5586,91.8985,SO2,11,13,12
India,Mizoram,Aizawl,"Sikulpuikawn, Aizawl - Mizoram PCB",19-08-2026 10:00:00,23.7176342,92.7192841,PM10,2,27,13
India,Mizoram,Aizawl,"Sikulpuikawn, Aizawl - Mizoram PCB",19-08-2026 10:00:00,23.7176342,92.7192841,SO2,14,15,14
India,Odisha,Angul,"Hakimapada, Angul - OSPCB",19-08-2026 10:00:00,20.832874,85.104082,CO,35,49,40
India,Odisha,Balasore,"Kalidaspur, Balasore - OSPCB",19-08-2026 10:00:00,21.51161,86.89088,NO2,2,13,7
India,Odisha,Balasore,"Kalidaspur, Balasore - OSPCB",19-08-2026 10:00:00,21.51161,86.89088,SO2,3,21,9
India,Odisha,Barbil,"Forest Office, Barbil - OSPCB",19-08-2026 10:00:00,22.1166054,85.3945546,PM2.5,5,57,25
India,Odisha,Barbil,"Forest Office, Barbil - OSPCB",19-08-2026 10:00:00,22.1166054,85.3945546,OZONE,8,31,22
India,Punjab,Rupnagar,"Ratanpura, Rupnagar - Ambuja Cements",19-08-2026 10:00:00,31.0325454,76.5623046,SO2,7,14,11
India,Punjab,Rupnagar,"Ratanpura, Rupnagar - Ambuja Cements",19-08-2026 10:00:00,31.0325454,76.5623046,OZONE,NA,NA,NA
India,Rajasthan,Ajmer,"Civil Lines,  Ajmer - RSPCB",19-08-2026 10:00:00,26.470859,74.646594,NH3,5,6,6
India,Rajasthan,Alwar,"Moti Doongri, Alwar - RSPCB",19-08-2026 10:00:00,27.554793,76.611536,SO2,6,131,30
India,Rajasthan,Banswara,"Rati Talai, Banswara - RSPCB",19-08-2026 10:00:00,23.55519,74.44001,SO2,9,12,11
India,Rajasthan,Baran,"Bamboliya, Baran - RSPCB",19-08-2026 10:00:00,25.106006,76.469948,PM2.5,13,25,19
India,Rajasthan,Baran,"Bamboliya, Baran - RSPCB",19-08-2026 10:00:00,25.106006,76.469948,PM10,48,89,69
India,Rajasthan,Barmer,"Railway Colony, Barmer - RSPCB",19-08-2026 10:00:00,25.747299,71.393989,NH3,2,3,2
India,Rajasthan,Bhiwadi,"RIICO Ind. Area III, Bhiwadi - RSPCB",19-08-2026 10:00:00,28.194909,76.862296,PM2.5,53,229,106
India,Tamil Nadu,Chennai,"Arumbakkam, Chennai - TNPCB",19-08-2026 10:00:00,13.0664,80.2112,NO2,12,24,17
India,Tamil Nadu,Chennai,"Velachery Res. Area, Chennai - CPCB",19-08-2026 10:00:00,13.0052189,80.2398125,NO2,11,12,11
India,Tamil Nadu,Chennai,"Perungudi, Chennai - TNPCB",19-08-2026 10:00:00,12.9533,80.2357,NO2,5,11,8
India,Tamil Nadu,Chennai,"Perungudi, Chennai - TNPCB",19-08-2026 10:00:00,12.9533,80.2357,CO,30,38,34
India,Tamil Nadu,Chennai,"Manali Village, Chennai - TNPCB",19-08-2026 10:00:00,13.1662,80.2584,NO2,6,23,17
India,Tamil Nadu,Chennai,"Manali Village, Chennai - TNPCB",19-08-2026 10:00:00,13.1662,80.2584,OZONE,82,306,242
India,Tamil Nadu,Chennai,"Manali, Chennai - CPCB",19-08-2026 10:00:00,13.164544,80.26285,NH3,6,6,6
India,Tamil Nadu,Coimbatore,"SIDCO Kurichi, Coimbatore - TNPCB",19-08-2026 10:00:00,10.942451,76.978996,CO,28,30,29
India,Tamil Nadu,Coimbatore,"SIDCO Kurichi, Coimbatore - TNPCB",19-08-2026 10:00:00,10.942451,76.978996,OZONE,19,20,20
India,Tamil Nadu,Cuddalore,"Kudikadu, Cuddalore - TNPCB",19-08-2026 10:00:00,11.6829898,79.7532099,NH3,NA,NA,NA
India,Odisha,Brajrajnagar,"GM Office, Brajrajnagar - OSPCB",19-08-2026 10:00:00,21.8004996,83.8396977,PM10,5,34,16
India,Odisha,Brajrajnagar,"GM Office, Brajrajnagar - OSPCB",19-08-2026 10:00:00,21.8004996,83.8396977,NH3,4,4,4
India,Odisha,Cuttack,"CDA Area, Cuttack - OSPCB",19-08-2026 10:00:00,20.48891,85.84768,NH3,NA,NA,NA
India,Odisha,Rairangpur,"Divisional Forest Office, Rairangpur - OSPCB",19-08-2026 10:00:00,22.265816,86.174829,PM10,9,33,18
India,Odisha,Rourkela,"Sector-2, Rourkela - OSPCB",19-08-2026 10:00:00,22.245,84.88111111,PM2.5,11,11,11
India,Odisha,Rourkela,"Sector-2, Rourkela - OSPCB",19-08-2026 10:00:00,22.245,84.88111111,PM10,32,32,32
India,Odisha,Rourkela,"Sector-2, Rourkela - OSPCB",19-08-2026 10:00:00,22.245,84.88111111,NO2,11,11,11
India,Odisha,Rourkela,"Sector-2, Rourkela - OSPCB",19-08-2026 10:00:00,22.245,84.88111111,OZONE,NA,NA,NA
India,Odisha,Rourkela,"Raghunathpali, Rourkela - OSPCB",19-08-2026 10:00:00,22.220833,84.809444,PM2.5,3,93,20
India,Odisha,Rourkela,"Fertilizer Township, Rourkela - OSPCB",19-08-2026 10:00:00,22.18972222,84.86277778,PM2.5,23,43,31
India,Tamil Nadu,Cuddalore,"Semmandalam, Cuddalore - TNPCB",19-08-2026 10:00:00,11.7637683,79.7499835,SO2,NA,NA,NA
India,Tamil Nadu,Cuddalore,"Semmandalam, Cuddalore - TNPCB",19-08-2026 10:00:00,11.7637683,79.7499835,CO,NA,NA,NA
India,Tamil Nadu,Cuddalore,"Semmandalam, Cuddalore - TNPCB",19-08-2026 10:00:00,11.7637683,79.7499835,OZONE,1,2,2
India,Tamil Nadu,Gummidipoondi,"Anthoni Pillai Nagar, Gummidipoondi - TNPCB",19-08-2026 10:00:00,13.4127,80.1081,PM10,50,266,100
India,Tamil Nadu,Gummidipoondi,"Anthoni Pillai Nagar, Gummidipoondi - TNPCB",19-08-2026 10:00:00,13.4127,80.1081,CO,NA,NA,NA
India,Tamil Nadu,Gummidipoondi,"Anthoni Pillai Nagar, Gummidipoondi - TNPCB",19-08-2026 10:00:00,13.4127,80.1081,OZONE,NA,NA,NA
India,Telangana,Hyderabad,"Bollaram Industrial Area, Hyderabad - TSPCB",19-08-2026 10:00:00,17.518,78.383,PM2.5,3,45,19
India,Telangana,Hyderabad,"Zoo Park, Hyderabad - TSPCB",19-08-2026 10:00:00,17.349694,78.451437,PM2.5,NA,NA,NA
India,Telangana,Hyderabad,"Zoo Park, Hyderabad - TSPCB",19-08-2026 10:00:00,17.349694,78.451437,PM10,NA,NA,NA
India,Telangana,Hyderabad,"Zoo Park, Hyderabad - TSPCB",19-08-2026 10:00:00,17.349694,78.451437,CO,31,46,38
India,Telangana,Hyderabad,"Central University, Hyderabad - TSPCB",19-08-2026 10:00:00,17.460103,78.334361,NO2,4,33,16
India,Telangana,Hyderabad,"Central University, Hyderabad - TSPCB",19-08-2026 10:00:00,17.460103,78.334361,SO2,1,12,6
India,Telangana,Hyderabad,"IITH Kandi, Hyderabad - TSPCB",19-08-2026 10:00:00,17.585705,78.126199,NO2,NA,NA,NA
India,Telangana,Hyderabad,"Nacharam_TSIIC IALA, Hyderabad - TSPCB",19-08-2026 10:00:00,17.429398,78.569354,PM10,49,80,58
India,Telangana,Hyderabad,"Nacharam_TSIIC IALA, Hyderabad - TSPCB",19-08-2026 10:00:00,17.429398,78.569354,SO2,9,17,11
India,Telangana,Hyderabad,"New Malakpet, Hyderabad - TSPCB",19-08-2026 10:00:00,17.37206,78.50864,PM2.5,29,51,36
India,Telangana,Hyderabad,"New Malakpet, Hyderabad - TSPCB",19-08-2026 10:00:00,17.37206,78.50864,SO2,5,14,9
India,Uttar Pradesh,Ghaziabad,"Wave City, Ghaziabad - UPPCB",19-08-2026 10:00:00,28.646675,77.489049,OZONE,1,6,3
India,Uttar Pradesh,Ghaziabad,"Loni, Ghaziabad - UPPCB",19-08-2026 10:00:00,28.757294,77.278792,NH3,3,7,5
India,Uttar Pradesh,Ghaziabad,"Loni, Ghaziabad - UPPCB",19-08-2026 10:00:00,28.757294,77.278792,CO,39,111,55
India,Uttar Pradesh,Gorakhpur,"Madan Mohan Malaviya University of Technology, Gorakhpur - UPPCB",19-08-2026 10:00:00,26.730136,83.433859,PM10,4,113,66
India,Uttar Pradesh,Gorakhpur,"Madan Mohan Malaviya University of Technology, Gorakhpur - UPPCB",19-08-2026 10:00:00,26.730136,83.433859,CO,5,6,5
India,Uttar Pradesh,Greater Noida,"Knowledge Park - V, Greater Noida - UPPCB",19-08-2026 10:00:00,28.557054,77.453663,PM2.5,35,126,64
India,Uttar Pradesh,Greater Noida,"Knowledge Park - III, Greater Noida - UPPCB",19-08-2026 10:00:00,28.47272,77.482,PM2.5,32,89,55
India,Uttar Pradesh,Greater Noida,"Knowledge Park - III, Greater Noida - UPPCB",19-08-2026 10:00:00,28.47272,77.482,NO2,18,66,34
India,Uttar Pradesh,Greater Noida,"Knowledge Park - III, Greater Noida - UPPCB",19-08-2026 10:00:00,28.47272,77.482,SO2,6,11,8
India,Uttar Pradesh,Greater Noida,"Knowledge Park - III, Greater Noida - UPPCB",19-08-2026 10:00:00,28.47272,77.482,CO,47,57,53
India,Uttar Pradesh,Kanpur,"FTI Kidwai Nagar, Kanpur - UPPCB",19-08-2026 10:00:00,26.428282,80.327067,NH3,3,3,3
India,Uttar Pradesh,Kanpur,"FTI Kidwai Nagar, Kanpur - UPPCB",19-08-2026 10:00:00,26.428282,80.327067,OZONE,11,11,11
India,Uttar Pradesh,Kanpur,"Nehru Nagar, Kanpur - UPPCB",19-08-2026 10:00:00,26.4703136,80.3229863,PM10,9,63,34
India,Uttar Pradesh,Kanpur,"Nehru Nagar, Kanpur - UPPCB",19-08-2026 10:00:00,26.4703136,80.3229863,NO2,45,48,47
India,Uttar Pradesh,Khora,"Prashant Garden, Khora - UPPCB",19-08-2026 10:00:00,28.61119,77.34206,NH3,5,6,6
India,Uttar Pradesh,Noida,"Sector-116, Noida - UPPCB",19-08-2026 10:00:00,28.56923,77.393848,PM10,97,224,140
India,Uttar Pradesh,Noida,"Sector-116, Noida - UPPCB",19-08-2026 10:00:00,28.56923,77.393848,CO,22,41,31
India,Uttar Pradesh,Prayagraj,"Motilal Nehru NIT, Prayagraj - UPPCB",19-08-2026 10:00:00,25.494,81.863,PM10,13,197,66
India,Uttar Pradesh,Prayagraj,"Nagar Nigam, Prayagraj - UPPCB",19-08-2026 10:00:00,25.44919916,81.82735986,PM10,11,500,68
India,Uttar Pradesh,Prayagraj,"Nagar Nigam, Prayagraj - UPPCB",19-08-2026 10:00:00,25.44919916,81.82735986,NH3,1,8,3
India,Uttar Pradesh,Prayagraj,"Nagar Nigam, Prayagraj - UPPCB",19-08-2026 10:00:00,25.44919916,81.82735986,CO,12,14,13
India,Uttar Pradesh,Raebareli," Indira Nagar, Raebareli - NTPC Unchahar",19-08-2026 10:00:00,26.207781,81.245571,NH3,7,12,9
India,Uttar Pradesh,Varanasi,"Bhelupur, Varanasi - UPPCB",19-08-2026 10:00:00,25.301778,82.996789,NO2,8,8,8
India,Uttar Pradesh,Varanasi,"Bhelupur, Varanasi - UPPCB",19-08-2026 10:00:00,25.301778,82.996789,OZONE,6,7,6
India,Uttar Pradesh,Varanasi,"Maldahiya, Varanasi - UPPCB",19-08-2026 10:00:00,25.32393,82.99687,PM10,22,57,36
India,Uttar Pradesh,Varanasi,"Maldahiya, Varanasi - UPPCB",19-08-2026 10:00:00,25.32393,82.99687,NO2,2,5,3
India,Uttar Pradesh,Varanasi,"Maldahiya, Varanasi - UPPCB",19-08-2026 10:00:00,25.32393,82.99687,SO2,29,32,30
India,Uttar Pradesh,Varanasi,"Maldahiya, Varanasi - UPPCB",19-08-2026 10:00:00,25.32393,82.99687,OZONE,4,4,4
India,Uttar Pradesh,Varanasi,"Ardhali Bazar, Varanasi - UPPCB",19-08-2026 10:00:00,25.3505986,82.9083074,PM2.5,NA,NA,NA
India,Uttar Pradesh,Varanasi,"Ardhali Bazar, Varanasi - UPPCB",19-08-2026 10:00:00,25.3505986,82.9083074,PM10,NA,NA,NA
India,Uttar Pradesh,Varanasi,"Ardhali Bazar, Varanasi - UPPCB",19-08-2026 10:00:00,25.3505986,82.9083074,NO2,NA,NA,NA
India,Uttar Pradesh,Varanasi,"Ardhali Bazar, Varanasi - UPPCB",19-08-2026 10:00:00,25.3505986,82.9083074,CO,14,14,14
India,Uttar Pradesh,Bulandshahr,"Yamunapuram, Bulandshahr - UPPCB",19-08-2026 10:00:00,28.406963,77.849831,PM10,50,187,96
India,Uttar Pradesh,Fatehpur Sikri,"Dadupura, Fatehpur Sikri - UPPCB",19-08-2026 10:00:00,27.097694,77.671335,PM2.5,34,56,52
India,Uttar Pradesh,Firozabad,"Vibhab Nagar, Firozabad - UPPCB",19-08-2026 10:00:00,27.1594,78.3953,PM2.5,17,31,24
India,Uttar Pradesh,Firozabad,"Vibhab Nagar, Firozabad - UPPCB",19-08-2026 10:00:00,27.1594,78.3953,NO2,15,15,15
India,Uttar Pradesh,Gajraula,"Rajanpur, Gajraula - UPPCB",19-08-2026 10:00:00,28.829109,78.248796,SO2,9,12,10
India,Uttar Pradesh,Ghaziabad,"Ved Vihar-Loni, Ghaziabad - UPPCB",19-08-2026 10:00:00,28.739153,77.273668,SO2,6,8,7
India,Uttar Pradesh,Ghaziabad,"Sanjay Nagar, Ghaziabad - UPPCB",19-08-2026 10:00:00,28.685382,77.453839,PM2.5,18,85,44
India,Uttar Pradesh,Ghaziabad,"Indirapuram, Ghaziabad - UPPCB",19-08-2026 10:00:00,28.646233,77.358075,NO2,NA,NA,NA
India,Uttar Pradesh,Ghaziabad,"Indirapuram, Ghaziabad - UPPCB",19-08-2026 10:00:00,28.646233,77.358075,SO2,18,62,21
India,Uttar Pradesh,Ghaziabad,"Indirapuram, Ghaziabad - UPPCB",19-08-2026 10:00:00,28.646233,77.358075,OZONE,22,28,24
India,Uttar Pradesh,Ghaziabad,"Vasundhara, Ghaziabad - UPPCB",19-08-2026 10:00:00,28.6603346,77.3572563,NH3,6,21,9
India,Uttar Pradesh,Meerut,"Pallavpuram Phase 2, Meerut - UPPCB",19-08-2026 10:00:00,29.06351,77.709723,NO2,17,64,32
India,Uttar Pradesh,Meerut,"Pallavpuram Phase 2, Meerut - UPPCB",19-08-2026 10:00:00,29.06351,77.709723,SO2,19,36,26
India,Uttar Pradesh,Meerut,"Ganga Nagar, Meerut - UPPCB",19-08-2026 10:00:00,28.999264,77.7590354,PM10,33,121,69
India,Uttar Pradesh,Meerut,"Ganga Nagar, Meerut - UPPCB",19-08-2026 10:00:00,28.999264,77.7590354,OZONE,26,49,35
India,Uttar Pradesh,Modinagar,"SRM University, Modinagar - UPPCB",19-08-2026 10:00:00,28.798171,77.540243,NH3,3,3,3
India,Uttar Pradesh,Moradabad,"Eco Herbal Park, Moradabad - UPPCB",19-08-2026 10:00:00,28.840739,78.697531,PM2.5,5,87,28
India,Uttar Pradesh,Moradabad,"Eco Herbal Park, Moradabad - UPPCB",19-08-2026 10:00:00,28.840739,78.697531,NO2,13,21,17
India,Uttar Pradesh,Moradabad,"Buddhi Vihar, Moradabad - UPPCB",19-08-2026 10:00:00,28.83526,78.7446,PM10,23,63,45
India,Uttar Pradesh,Moradabad,"Buddhi Vihar, Moradabad - UPPCB",19-08-2026 10:00:00,28.83526,78.7446,SO2,33,38,34
India,Uttar Pradesh,Moradabad,"Jigar Colony, Moradabad - UPPCB",19-08-2026 10:00:00,28.856664,78.772638,NH3,6,6,6
India,Uttar Pradesh,Moradabad,"Transport Nagar, Moradabad - UPPCB",19-08-2026 10:00:00,28.802625,78.753728,PM10,53,98,69
India,Uttar Pradesh,Moradabad,"Transport Nagar, Moradabad - UPPCB",19-08-2026 10:00:00,28.802625,78.753728,SO2,20,22,21
India,Telangana,Hyderabad,"ECIL Kapra, Hyderabad - TSPCB",19-08-2026 10:00:00,17.470431,78.566959,SO2,7,14,10
India,Telangana,Hyderabad,"Ramachandrapuram, Hyderabad - TSPCB",19-08-2026 10:00:00,17.528544,78.286195,NO2,11,17,14
India,Telangana,Hyderabad,"Kompally Municipal Office, Hyderabad - TSPCB",19-08-2026 10:00:00,17.544899,78.486949,PM10,52,78,60
India,Telangana,Hyderabad,"Somajiguda, Hyderabad - TSPCB",19-08-2026 10:00:00,17.417094,78.457437,NH3,4,4,4
India,Telangana,Hyderabad,"IDA Pashamylaram, Hyderabad - TSPCB",19-08-2026 10:00:00,17.5316895,78.218939,SO2,5,22,15
India,Telangana,Hyderabad,"Sanathnagar, Hyderabad - TSPCB",19-08-2026 10:00:00,17.4559458,78.4332152,PM2.5,10,41,21
India,Telangana,Hyderabad,"Sanathnagar, Hyderabad - TSPCB",19-08-2026 10:00:00,17.4559458,78.4332152,NH3,NA,NA,NA
India,Telangana,Hyderabad,"ICRISAT Patancheru, Hyderabad - TSPCB",19-08-2026 10:00:00,17.5184,78.278777,PM10,31,69,45
India,Telangana,Hyderabad,"ICRISAT Patancheru, Hyderabad - TSPCB",19-08-2026 10:00:00,17.5184,78.278777,OZONE,8,18,15
India,Uttar Pradesh,Agra,"Rohta, Agra - UPPCB",19-08-2026 10:00:00,27.106972,78.000111,NH3,6,6,6
India,Uttar Pradesh,Lucknow,"Talkatora District Industries Center, Lucknow - CPCB",19-08-2026 10:00:00,26.83399722,80.8917361,PM10,10,49,26
India,Uttar Pradesh,Lucknow,"Talkatora District Industries Center, Lucknow - CPCB",19-08-2026 10:00:00,26.83399722,80.8917361,CO,4,43,15
India,Uttar Pradesh,Lucknow,"Talkatora District Industries Center, Lucknow - CPCB",19-08-2026 10:00:00,26.83399722,80.8917361,OZONE,9,22,13
India,Uttar Pradesh,Lucknow,"B R Ambedkar University, Lucknow - UPPCB",19-08-2026 10:00:00,26.766433,80.927299,NH3,3,3,3
India,Uttar Pradesh,Lucknow,"Lalbagh, Lucknow - CPCB",19-08-2026 10:00:00,26.8458805,80.9365541,OZONE,13,48,22
India,Uttar Pradesh,Lucknow,"Kukrail Picnic Spot-1, Lucknow - UPPCB",19-08-2026 10:00:00,26.90723,80.98579,PM10,28,67,41
India,Uttar Pradesh,Lucknow,"Kukrail Picnic Spot-1, Lucknow - UPPCB",19-08-2026 10:00:00,26.90723,80.98579,OZONE,10,10,10
India,Uttar Pradesh,Mathura,"Pali Dungra, Mathura - UPPCB",19-08-2026 10:00:00,27.410954,77.550619,PM2.5,13,35,23
India,Uttar Pradesh,Meerut,"Jai Bhim Nagar, Meerut - UPPCB",19-08-2026 10:00:00,28.9535882,77.7622941,PM2.5,8,56,25
India,Uttar Pradesh,Meerut,"Jai Bhim Nagar, Meerut - UPPCB",19-08-2026 10:00:00,28.9535882,77.7622941,SO2,7,10,9
India,Uttar Pradesh,Agra,"Sector-3B Avas Vikas Colony, Agra - UPPCB",19-08-2026 10:00:00,27.19412,77.96237,NO2,35,35,35
India,Uttar Pradesh,Agra,"Sector-3B Avas Vikas Colony, Agra - UPPCB",19-08-2026 10:00:00,27.19412,77.96237,NH3,7,10,9
India,Uttar Pradesh,Agra,"Shahjahan Garden, Agra - UPPCB",19-08-2026 10:00:00,27.169338,78.03582,OZONE,1,1,1
India,Uttar Pradesh,Agra,"Manoharpur, Agra - UPPCB",19-08-2026 10:00:00,27.23711,78.01936,NH3,2,2,2
India,Uttar Pradesh,Agra,"Manoharpur, Agra - UPPCB",19-08-2026 10:00:00,27.23711,78.01936,OZONE,6,6,6
India,Uttar Pradesh,Agra,"Sanjay Palace, Agra - UPPCB",19-08-2026 10:00:00,27.19865833,78.00598056,SO2,7,7,7
India,Uttar Pradesh,Baghpat,"Sardar Patel Inter College, Baghpat - UPPCB",19-08-2026 10:00:00,28.964949,77.278761,OZONE,9,40,21
India,Uttar Pradesh,Bareilly,"Rajendra Nagar, Bareilly - UPPCB",19-08-2026 10:00:00,28.38910936,79.42963708,PM2.5,29,68,46
India,Uttar Pradesh,Bareilly,"Civil Lines, Bareilly - UPPCB",19-08-2026 10:00:00,28.359581,79.414455,PM2.5,24,46,32
India,Uttar Pradesh,Bareilly,"Civil Lines, Bareilly - UPPCB",19-08-2026 10:00:00,28.359581,79.414455,NO2,8,9,8
India,Uttar Pradesh,Moradabad,"Kashiram Nagar, Moradabad - UPPCB",19-08-2026 10:00:00,28.849399,78.742362,NH3,4,4,4
India,Uttar Pradesh,Muzaffarnagar,"New Mandi, Muzaffarnagar - UPPCB",19-08-2026 10:00:00,29.4723508,77.7194031,OZONE,5,14,8
India,Uttar Pradesh,Noida,"Sector - 62, Noida - IITM",19-08-2026 10:00:00,28.6245479,77.3577104,NH3,NA,NA,NA
India,Uttarakhand,Dehradun,"Doon University, Dehradun - UKPCB",19-08-2026 10:00:00,30.269444,78.044167,PM10,5,56,33
India,Uttarakhand,Dehradun,"Doon University, Dehradun - UKPCB",19-08-2026 10:00:00,30.269444,78.044167,CO,1,5,3
India,Uttarakhand,Kashipur,"Govt. Girls Inter College, Kashipur - UKPCB",19-08-2026 10:00:00,29.2124114,78.9611753,NH3,NA,NA,NA
India,Uttarakhand,Kashipur,"Govt. Girls Inter College, Kashipur - UKPCB",19-08-2026 10:00:00,29.2124114,78.9611753,SO2,NA,NA,NA
India,Uttarakhand,Rishikesh,"Shivaji Nagar, Rishikesh - UKPCB",19-08-2026 10:00:00,30.075911,78.2859547,OZONE,35,35,35
India,West Bengal,Asansol,"Evelyn Lodge, Asansol - WBPCB",19-08-2026 10:00:00,23.697936,86.944395,NO2,10,15,11
India,West Bengal,Asansol,"Evelyn Lodge, Asansol - WBPCB",19-08-2026 10:00:00,23.697936,86.944395,CO,30,33,32
India,West Bengal,Asansol,"Trivenidevi Bhalotia College, Asansol - WBPCB",19-08-2026 10:00:00,23.616515,87.119133,PM2.5,NA,NA,NA
India,West Bengal,Asansol,"Trivenidevi Bhalotia College, Asansol - WBPCB",19-08-2026 10:00:00,23.616515,87.119133,NO2,3,6,5
India,West Bengal,Asansol,"Trivenidevi Bhalotia College, Asansol - WBPCB",19-08-2026 10:00:00,23.616515,87.119133,NH3,5,6,5
India,West Bengal,Barrackpore,"SVSPA Campus, Barrackpore - WBPCB",19-08-2026 10:00:00,22.7605581,88.3617589,SO2,12,16,13
India,West Bengal,Durgapur,"PCBL Residential Complex, Durgapur - WBPCB",19-08-2026 10:00:00,23.508764,87.35444,SO2,11,13,11
India,West Bengal,Durgapur,"Mahishkapur Road_B-Zone, Durgapur - WBPCB",19-08-2026 10:00:00,23.567923,87.306843,CO,41,101,60
India,West Bengal,Durgapur,"Mahishkapur Road_B-Zone, Durgapur - WBPCB",19-08-2026 10:00:00,23.567923,87.306843,OZONE,11,20,17
India,West Bengal,Durgapur,"Womens College_City Center, Durgapur - WBPCB",19-08-2026 10:00:00,23.549395,87.300496,NO2,24,37,29
India,West Bengal,Howrah,"Belur Math, Howrah - WBPCB",19-08-2026 10:00:00,22.629801,88.352017,OZONE,8,9,8
India,West Bengal,Howrah,"Dasnagar, Howrah - WBPCB",19-08-2026 10:00:00,22.6025571,88.3105664,NO2,NA,NA,NA
India,West Bengal,Howrah,"Ghusuri, Howrah - WBPCB",19-08-2026 10:00:00,22.611968,88.347422,PM2.5,28,53,37
India,West Bengal,Howrah,"Ghusuri, Howrah - WBPCB",19-08-2026 10:00:00,22.611968,88.347422,SO2,3,51,9
India,West Bengal,Howrah,"Ghusuri, Howrah - WBPCB",19-08-2026 10:00:00,22.611968,88.347422,OZONE,18,21,20
India,West Bengal,Howrah,"Padmapukur, Howrah - WBPCB",19-08-2026 10:00:00,22.5687319,88.2797276,NO2,12,33,15
India,West Bengal,Howrah,"Padmapukur, Howrah - WBPCB",19-08-2026 10:00:00,22.5687319,88.2797276,NH3,6,10,9
India,West Bengal,Howrah,"Padmapukur, Howrah - WBPCB",19-08-2026 10:00:00,22.5687319,88.2797276,SO2,5,41,12
India,West Bengal,Kolkata,"Bidhannagar, Kolkata - WBPCB",19-08-2026 10:00:00,22.58157048,88.41002457,OZONE,19,25,20
India,West Bengal,Kolkata,"Jadavpur, Kolkata - WBPCB",19-08-2026 10:00:00,22.49929,88.36917,PM10,33,60,43
India,West Bengal,Kolkata,"Rabindra Sarobar, Kolkata - WBPCB",19-08-2026 10:00:00,22.51106,88.35142,NH3,6,7,6
India,West Bengal,Kolkata,"Ballygunge, Kolkata - WBPCB",19-08-2026 10:00:00,22.5367507,88.3638022,PM2.5,20,64,29
India,West Bengal,Kolkata,"Ballygunge, Kolkata - WBPCB",19-08-2026 10:00:00,22.5367507,88.3638022,NH3,7,10,8
India,Bihar,Muzaffarpur,"MIT-Daudpur Kothi, Muzaffarpur - BSPCB",19-08-2026 10:00:00,26.1403345,85.3650192,NH3,0,1,1
India,Bihar,Muzaffarpur,"MIT-Daudpur Kothi, Muzaffarpur - BSPCB",19-08-2026 10:00:00,26.1403345,85.3650192,OZONE,7,8,8
India,Bihar,Patna,"Rajbansi Nagar, Patna - BSPCB",19-08-2026 10:00:00,25.599486,85.113666,PM2.5,NA,NA,NA
India,Bihar,Patna,"Rajbansi Nagar, Patna - BSPCB",19-08-2026 10:00:00,25.599486,85.113666,CO,NA,NA,NA
India,Bihar,Patna,"DRM Office Danapur, Patna - BSPCB",19-08-2026 10:00:00,25.586562,85.043586,NH3,8,9,9
India,Bihar,Patna,"DRM Office Danapur, Patna - BSPCB",19-08-2026 10:00:00,25.586562,85.043586,SO2,6,7,7
India,Bihar,Patna,"Muradpur, Patna - BSPCB",19-08-2026 10:00:00,25.619651,85.147382,PM10,75,84,79
India,Bihar,Patna,"Muradpur, Patna - BSPCB",19-08-2026 10:00:00,25.619651,85.147382,NH3,4,5,5
India,Bihar,Patna,"Muradpur, Patna - BSPCB",19-08-2026 10:00:00,25.619651,85.147382,SO2,8,9,9
India,Bihar,Patna,"Samanpura, Patna - BSPCB",19-08-2026 10:00:00,25.596727,85.085624,PM2.5,48,159,78
India,Bihar,Patna,"Samanpura, Patna - BSPCB",19-08-2026 10:00:00,25.596727,85.085624,NH3,4,5,4
India,Bihar,Patna,"Samanpura, Patna - BSPCB",19-08-2026 10:00:00,25.596727,85.085624,CO,21,24,22
India,Bihar,Purnia,"Mariam Nagar, Purnia - BSPCB",19-08-2026 10:00:00,25.366336,87.117468,PM2.5,12,40,25
India,Bihar,Samastipur,"DM Office_Kasipur, Samastipur - BSPCB",19-08-2026 10:00:00,25.859655,85.77944,PM2.5,7,323,76
India,Bihar,Samastipur,"DM Office_Kasipur, Samastipur - BSPCB",19-08-2026 10:00:00,25.859655,85.77944,PM10,6,167,54
India,Chandigarh,Chandigarh,"Sector-25, Chandigarh - CPCC",19-08-2026 10:00:00,30.751462,76.762879,PM10,14,65,32
India,Chandigarh,Chandigarh,"Sector-25, Chandigarh - CPCC",19-08-2026 10:00:00,30.751462,76.762879,SO2,3,8,6
India,Chandigarh,Chandigarh,"Sector-25, Chandigarh - CPCC",19-08-2026 10:00:00,30.751462,76.762879,OZONE,4,14,10
India,Chhattisgarh,Bhilai,"32Bungalows, Bhilai - CECB",19-08-2026 10:00:00,21.194815,81.31477,PM10,15,99,24
India,Chhattisgarh,Bhilai,"32Bungalows, Bhilai - CECB",19-08-2026 10:00:00,21.194815,81.31477,NO2,4,11,7
India,Chhattisgarh,Bhilai,"Civic Center, Bhilai - Bhilai Steel Plant",19-08-2026 10:00:00,21.185571,81.343175,CO,20,20,20
India,Chhattisgarh,Bilaspur,"Mangala, Bilaspur - NTPC",19-08-2026 10:00:00,22.08815,82.13737,NO2,19,22,21
India,Chhattisgarh,Chhal,"Nawapara SECL Colony, Chhal - CECB",19-08-2026 10:00:00,22.118125,83.140608,PM2.5,16,34,25
India,Chhattisgarh,Chhal,"Nawapara SECL Colony, Chhal - CECB",19-08-2026 10:00:00,22.118125,83.140608,NO2,6,13,9
India,Chhattisgarh,Korba,"Rampur, Korba - CECB",19-08-2026 10:00:00,22.368195,82.746431,PM10,7,22,14
India,Chhattisgarh,Korba,"Rampur, Korba - CECB",19-08-2026 10:00:00,22.368195,82.746431,NH3,1,1,1
India,Chhattisgarh,Kunjemura,"OP Jindal School, Kunjemura - CECB",19-08-2026 10:00:00,22.12665,83.483212,PM10,4,42,16
India,Chhattisgarh,Raipur,"Krishak Nagar, Raipur - CECB",19-08-2026 10:00:00,21.237755,81.705301,PM2.5,8,23,15
India,Chhattisgarh,Raipur,"Krishak Nagar, Raipur - CECB",19-08-2026 10:00:00,21.237755,81.705301,PM10,13,22,17
India,Chhattisgarh,Raipur,"Krishak Nagar, Raipur - CECB",19-08-2026 10:00:00,21.237755,81.705301,NO2,0,5,2
India,Chhattisgarh,Raipur,"Krishak Nagar, Raipur - CECB",19-08-2026 10:00:00,21.237755,81.705301,CO,5,6,6
India,Chhattisgarh,Raipur,"Siltara Phase-II, Raipur - CECB",19-08-2026 10:00:00,21.371751,81.664929,PM10,51,115,85
India,Chhattisgarh,Raipur,"Siltara Phase-II, Raipur - CECB",19-08-2026 10:00:00,21.371751,81.664929,OZONE,5,8,6
India,Chhattisgarh,Raipur,"AIIMS, Raipur - CECB",19-08-2026 10:00:00,21.258815,81.578979,PM10,18,33,25
India,Chhattisgarh,Tumidih,"OP Jindal Industrial Park, Tumidih - CECB",19-08-2026 10:00:00,22.06631475,83.33820077,CO,12,17,15
India,Chhattisgarh,Tumidih,"OP Jindal Industrial Park, Tumidih - CECB",19-08-2026 10:00:00,22.06631475,83.33820077,OZONE,NA,NA,NA
India,Delhi,Delhi,"ITO, Delhi - CPCB",19-08-2026 10:00:00,28.628624,77.24106,PM2.5,27,77,47
India,Delhi,Delhi,"Cantonment Area, Delhi - DPCC",19-08-2026 10:00:00,28.594169,77.1251,PM10,26,200,76
India,Delhi,Delhi,"Major Dhyan Chand National Stadium, Delhi - DPCC",19-08-2026 10:00:00,28.611281,77.237738,PM2.5,18,72,42
India,Delhi,Delhi,"Major Dhyan Chand National Stadium, Delhi - DPCC",19-08-2026 10:00:00,28.611281,77.237738,NO2,17,78,38
India,Delhi,Delhi,"Sonia Vihar, Delhi - DPCC",19-08-2026 10:00:00,28.710508,77.249485,PM10,31,205,97
India,Delhi,Delhi,"Sonia Vihar, Delhi - DPCC",19-08-2026 10:00:00,28.710508,77.249485,OZONE,1,56,31
India,Delhi,Delhi,"Bawana, Delhi - DPCC",19-08-2026 10:00:00,28.7762,77.051074,NO2,5,10,7
India,Delhi,Delhi,"Okhla Phase-2, Delhi - DPCC",19-08-2026 10:00:00,28.530785,77.271255,SO2,2,7,5
India,Bihar,Araria,"Kharahiya Basti, Araria - BSPCB",19-08-2026 10:00:00,26.146529,87.454184,NO2,11,17,14
India,Bihar,Arrah,"New DM Office, Arrah - BSPCB",19-08-2026 10:00:00,25.5626095,84.663264,PM2.5,33,37,34
India,Bihar,Arrah,"New DM Office, Arrah - BSPCB",19-08-2026 10:00:00,25.5626095,84.663264,CO,51,61,55
India,Bihar,Begusarai,"Lohiyanagar, Begusarai - BSPCB",19-08-2026 10:00:00,25.42742023,86.13886079,PM2.5,10,43,25
India,Bihar,Begusarai,"Lohiyanagar, Begusarai - BSPCB",19-08-2026 10:00:00,25.42742023,86.13886079,NO2,2,11,8
India,Bihar,Bettiah,"Kamalnath Nagar, Bettiah - BSPCB",19-08-2026 10:00:00,26.80365,84.51954,SO2,13,18,15
India,Bihar,Bhagalpur,"Mayaganj, Bhagalpur - BSPCB",19-08-2026 10:00:00,25.265194,87.012947,PM2.5,13,103,38
India,Bihar,Bhagalpur,"Mayaganj, Bhagalpur - BSPCB",19-08-2026 10:00:00,25.265194,87.012947,NO2,14,18,17
India,Bihar,Bhagalpur,"Mayaganj, Bhagalpur - BSPCB",19-08-2026 10:00:00,25.265194,87.012947,CO,47,49,48
India,Bihar,Chhapra,"Darshan Nagar, Chhapra - BSPCB",19-08-2026 10:00:00,25.7808257,84.7446768,PM10,109,117,113
India,Bihar,Chhapra,"Darshan Nagar, Chhapra - BSPCB",19-08-2026 10:00:00,25.7808257,84.7446768,NH3,3,5,4
India,Bihar,Gaya,"Collectorate, Gaya - BSPCB",19-08-2026 10:00:00,24.7955,84.9994,CO,11,12,11
India,Bihar,Gaya,"SFTI Kusdihra, Gaya - BSPCB",19-08-2026 10:00:00,24.762518,84.982348,SO2,6,7,7
India,Delhi,Delhi,"Rohini, Delhi - DPCC",19-08-2026 10:00:00,28.732528,77.11992,PM2.5,40,183,86
India,Delhi,Delhi,"Vivek Vihar, Delhi - DPCC",19-08-2026 10:00:00,28.672342,77.31526,CO,48,69,58
India,Delhi,Delhi,"Jahangirpuri, Delhi - DPCC",19-08-2026 10:00:00,28.73282,77.170633,PM2.5,2,120,60
India,Delhi,Delhi,"Jahangirpuri, Delhi - DPCC",19-08-2026 10:00:00,28.73282,77.170633,CO,38,56,45
India,Delhi,Delhi,"IHBAS, Dilshad Garden, Delhi - CPCB",19-08-2026 10:00:00,28.6811736,77.3025234,OZONE,2,16,8
India,Delhi,Delhi,"Sri Aurobindo Marg, Delhi - DPCC",19-08-2026 10:00:00,28.531346,77.190156,PM10,43,135,86
India,Delhi,Delhi,"Sri Aurobindo Marg, Delhi - DPCC",19-08-2026 10:00:00,28.531346,77.190156,CO,14,21,18
India,Delhi,Delhi,"Nehru Nagar, Delhi - DPCC",19-08-2026 10:00:00,28.56789,77.250515,NH3,5,8,6
India,Delhi,Delhi,"Patparganj, Delhi - DPCC",19-08-2026 10:00:00,28.623763,77.287209,NO2,13,67,29
India,Delhi,Delhi,"Patparganj, Delhi - DPCC",19-08-2026 10:00:00,28.623763,77.287209,OZONE,10,17,13
India,Delhi,Delhi,"Najafgarh, Delhi - DPCC",19-08-2026 10:00:00,28.570173,76.933762,PM10,44,109,72
India,Delhi,Delhi,"Najafgarh, Delhi - DPCC",19-08-2026 10:00:00,28.570173,76.933762,NO2,8,24,13
India,Delhi,Delhi,"Wazirpur, Delhi - DPCC",19-08-2026 10:00:00,28.699793,77.165453,PM10,98,364,197
India,Andhra Pradesh,Tirumala,"Toll Gate, Tirumala - APPCB",19-08-2026 10:00:00,13.67,79.35,NO2,31,73,52
India,Andhra Pradesh,Tirupati,"Vaikuntapuram, Tirupati - APPCB",19-08-2026 10:00:00,13.615387,79.40923,PM2.5,NA,NA,NA
India,Andhra Pradesh,Tirupati,"Vaikuntapuram, Tirupati - APPCB",19-08-2026 10:00:00,13.615387,79.40923,NO2,NA,NA,NA
India,Andhra Pradesh,Vijayawada,"Rajiv Nagar, Vijayawada - APPCB",19-08-2026 10:00:00,16.554731,80.64911,OZONE,19,19,19
India,Andhra Pradesh,Vijayawada,"HB Colony, Vijayawada - APPCB",19-08-2026 10:00:00,16.536107,80.594233,OZONE,9,9,9
India,Andhra Pradesh,Vijayawada,"Rajiv Gandhi Park, Vijayawada - APPCB",19-08-2026 10:00:00,16.509717,80.612222,PM2.5,43,79,59
India,Andhra Pradesh,Vijayawada,"Rajiv Gandhi Park, Vijayawada - APPCB",19-08-2026 10:00:00,16.509717,80.612222,SO2,10,15,13
India,Andhra Pradesh,Visakhapatnam,"GVM Corporation, Visakhapatnam - APPCB",19-08-2026 10:00:00,17.72,83.3,PM2.5,31,138,61
India,Andhra Pradesh,Visakhapatnam,"GVM Corporation, Visakhapatnam - APPCB",19-08-2026 10:00:00,17.72,83.3,CO,3,18,10
India,Andhra Pradesh,Visakhapatnam,"GVM Corporation, Visakhapatnam - APPCB",19-08-2026 10:00:00,17.72,83.3,OZONE,3,18,7
India,Arunachal Pradesh,Naharlagun,"Naharlagun, Naharlagun - APSPCB",19-08-2026 10:00:00,27.103358,93.679645,PM2.5,6,46,25
India,Arunachal Pradesh,Naharlagun,"Naharlagun, Naharlagun - APSPCB",19-08-2026 10:00:00,27.103358,93.679645,OZONE,7,7,7
India,Andhra Pradesh,Guntur,"Rajendra Nagar North, Guntur - APPCB",19-08-2026 10:00:00,16.316553,80.413302,SO2,9,18,14
India,Andhra Pradesh,Guntur,"Rajendra Nagar North, Guntur - APPCB",19-08-2026 10:00:00,16.316553,80.413302,CO,10,28,17
India,Andhra Pradesh,Kadapa,"Yerramukkapalli, Kadapa - APPCB",19-08-2026 10:00:00,14.465052,78.824187,PM2.5,53,78,59
India,Andhra Pradesh,Kadapa,"Yerramukkapalli, Kadapa - APPCB",19-08-2026 10:00:00,14.465052,78.824187,OZONE,38,38,38
India,Andhra Pradesh,Kakinada,"Rama Rao Peta, Kakinada - APPCB",19-08-2026 10:00:00,16.962488,82.229513,PM10,31,66,49
India,Andhra Pradesh,Kakinada,"Rama Rao Peta, Kakinada - APPCB",19-08-2026 10:00:00,16.962488,82.229513,CO,7,14,9
India,Andhra Pradesh,Kurnool,"Sita Rama Nagar, Kurnool - APPCB",19-08-2026 10:00:00,15.83411,78.028546,OZONE,11,16,13
India,Andhra Pradesh,Machilipatnam,"Srinivas Nagar Colony, Machilipatnam - APPCB",19-08-2026 10:00:00,16.186555,81.13219,OZONE,19,19,19
India,Andhra Pradesh,Nellore,"Ambedkar Nagar, Nellore - APPCB ",19-08-2026 10:00:00,14.438164,79.966814,CO,37,37,37
India,Andhra Pradesh,Rajamahendravaram,"Anand Kala Kshetram, Rajamahendravaram - APPCB",19-08-2026 10:00:00,16.9872867,81.7363176,CO,11,20,16
India,Bihar,Gaya,"Kareemganj, Gaya - BSPCB",19-08-2026 10:00:00,24.792403,84.992416,NH3,0,1,1
India,Bihar,Gaya,"Kareemganj, Gaya - BSPCB",19-08-2026 10:00:00,24.792403,84.992416,SO2,44,46,45
India,Bihar,Hajipur,"Industrial Area, Hajipur - BSPCB",19-08-2026 10:00:00,25.697189,85.2459,NO2,2,14,11
India,Bihar,Katihar,"Mirchaibari, Katihar - BSPCB",19-08-2026 10:00:00,25.560083,87.553265,PM2.5,NA,NA,NA
India,Bihar,Katihar,"Mirchaibari, Katihar - BSPCB",19-08-2026 10:00:00,25.560083,87.553265,PM10,NA,NA,NA
India,Bihar,Katihar,"Mirchaibari, Katihar - BSPCB",19-08-2026 10:00:00,25.560083,87.553265,NH3,NA,NA,NA
India,Bihar,Katihar,"Mirchaibari, Katihar - BSPCB",19-08-2026 10:00:00,25.560083,87.553265,OZONE,26,26,26
India,Bihar,Kishanganj,"SDM Office_Khagra, Kishanganj - BSPCB",19-08-2026 10:00:00,26.0881305,87.93840336,PM2.5,30,65,38
India,Bihar,Munger,"Town Hall, Munger - BSPCB",19-08-2026 10:00:00,25.376776,86.471523,PM10,NA,NA,NA
India,Bihar,Muzaffarpur,"Buddha Colony, Muzaffarpur - BSPCB",19-08-2026 10:00:00,26.11442,85.39813,PM2.5,19,39,27
India,Bihar,Muzaffarpur,"Buddha Colony, Muzaffarpur - BSPCB",19-08-2026 10:00:00,26.11442,85.39813,NH3,7,10,8
India,Assam,Byrnihat,"Central Academy for SFS, Byrnihat - PCBA",19-08-2026 10:00:00,26.071318,91.87488,OZONE,15,25,20
India,Assam,Guwahati,"IITG, Guwahati - PCBA",19-08-2026 10:00:00,26.2028636,91.70046436,PM10,6,42,18
India,Assam,Guwahati,"IITG, Guwahati - PCBA",19-08-2026 10:00:00,26.2028636,91.70046436,SO2,30,31,30
India,Assam,Guwahati,"IITG, Guwahati - PCBA",19-08-2026 10:00:00,26.2028636,91.70046436,OZONE,4,14,8
India,Assam,Guwahati,"Railway Colony, Guwahati - PCBA",19-08-2026 10:00:00,26.181742,91.78063,PM2.5,13,47,29
India,Assam,Guwahati,"Railway Colony, Guwahati - PCBA",19-08-2026 10:00:00,26.181742,91.78063,PM10,12,56,33
India,Assam,Guwahati,"Railway Colony, Guwahati - PCBA",19-08-2026 10:00:00,26.181742,91.78063,NH3,1,1,1
India,Assam,Nagaon,"Christianpatty, Nagaon - PCBA",19-08-2026 10:00:00,26.349082,92.68449,NH3,0,0,0
India,Andhra Pradesh,Amaravati,"Secretariat, Amaravati - APPCB",19-08-2026 10:00:00,16.5150833,80.5181667,NO2,16,56,28
India,Andhra Pradesh,Amaravati,"Secretariat, Amaravati - APPCB",19-08-2026 10:00:00,16.5150833,80.5181667,SO2,2,78,14
India,Andhra Pradesh,Anantapur,"Gulzarpet, Anantapur - APPCB",19-08-2026 10:00:00,14.675886,77.593027,OZONE,17,22,18
India,Andhra Pradesh,Eluru,"District Court, Eluru - APPCB",19-08-2026 10:00:00,16.711754,81.092095,PM10,47,71,60
India,Andhra Pradesh,Eluru,"District Court, Eluru - APPCB",19-08-2026 10:00:00,16.711754,81.092095,NH3,2,6,4
India,Andhra Pradesh,Guntur,"Rajendra Nagar North, Guntur - APPCB",19-08-2026 10:00:00,16.316553,80.413302,PM2.5,39,67,48
India,Gujarat,Surat,"Katargam, Surat - Nexteng Enviro",19-08-2026 10:00:00,21.217779,72.834787,SO2,7,9,8
India,Gujarat,Surat,"Katargam, Surat - Nexteng Enviro",19-08-2026 10:00:00,21.217779,72.834787,OZONE,8,8,8
India,Gujarat,Vadodara,"Bapunagar, Vadodara - Nexteng Enviro",19-08-2026 10:00:00,22.320153,73.216285,PM10,53,115,78
India,Gujarat,Vapi,"Phase-1 GIDC, Vapi - GPCB",19-08-2026 10:00:00,20.362421,72.918013,PM10,26,71,50
India,Gujarat,Vatva,"Phase-4 GIDC, Vatva - GPCB",19-08-2026 10:00:00,22.969611,72.6435,NH3,5,5,5
India,Haryana,Ambala,"Patti Mehar, Ambala - HSPCB",19-08-2026 10:00:00,30.379589,76.778328,SO2,88,103,92
India,Haryana,Ambala,"Patti Mehar, Ambala - HSPCB",19-08-2026 10:00:00,30.379589,76.778328,CO,14,41,25
India,Haryana,Bahadurgarh,"Arya Nagar, Bahadurgarh - HSPCB",19-08-2026 10:00:00,28.6701,76.9254,PM2.5,27,60,39
India,Haryana,Bahadurgarh,"Arya Nagar, Bahadurgarh - HSPCB",19-08-2026 10:00:00,28.6701,76.9254,CO,29,33,31
India,Haryana,Ballabgarh,"Nathu Colony, Ballabgarh - HSPCB",19-08-2026 10:00:00,28.3419248,77.319699,PM10,48,110,82
India,Haryana,Bhiwani,"H.B. Colony, Bhiwani - HSPCB",19-08-2026 10:00:00,28.806223,76.141105,NH3,8,10,9
India,Haryana,Dharuhera,"Municipal Corporation Office, Dharuhera -  HSPCB",19-08-2026 10:00:00,28.2068,76.7997,PM10,44,112,75
India,Haryana,Dharuhera,"Municipal Corporation Office, Dharuhera -  HSPCB",19-08-2026 10:00:00,28.2068,76.7997,NH3,7,14,10
India,Haryana,Faridabad,"New Industrial Town, Faridabad - HSPCB",19-08-2026 10:00:00,28.39072,77.30059,NO2,24,27,25
India,Haryana,Faridabad,"New Industrial Town, Faridabad - HSPCB",19-08-2026 10:00:00,28.39072,77.30059,NH3,11,12,11
India,Haryana,Faridabad,"Sector 11, Faridabad - HSPCB",19-08-2026 10:00:00,28.376058,77.315741,PM10,70,336,143
India,Haryana,Faridabad,"Sector 11, Faridabad - HSPCB",19-08-2026 10:00:00,28.376058,77.315741,NO2,30,34,32
India,Haryana,Faridabad,"Sector 11, Faridabad - HSPCB",19-08-2026 10:00:00,28.376058,77.315741,SO2,5,11,8
India,Haryana,Faridabad,"Sector 11, Faridabad - HSPCB",19-08-2026 10:00:00,28.376058,77.315741,OZONE,16,16,16
India,Haryana,Faridabad,"Sector 30, Faridabad - HSPCB",19-08-2026 10:00:00,28.4417,77.3217,SO2,5,6,5
India,Haryana,Faridabad,"Sector 30, Faridabad - HSPCB",19-08-2026 10:00:00,28.4417,77.3217,OZONE,19,25,22
India,Haryana,Fatehabad,"Huda Sector, Fatehabad - HSPCB",19-08-2026 10:00:00,29.503664,75.467934,PM10,29,41,34
India,Haryana,Fatehabad,"Huda Sector, Fatehabad - HSPCB",19-08-2026 10:00:00,29.503664,75.467934,CO,45,51,47
India,Haryana,Gurugram,"Teri Gram, Gurugram - HSPCB",19-08-2026 10:00:00,28.4275,77.1465,NO2,28,76,52
India,Haryana,Gurugram,"Teri Gram, Gurugram - HSPCB",19-08-2026 10:00:00,28.4275,77.1465,CO,11,22,18
India,Haryana,Gurugram,"Sector-51, Gurugram - HSPCB",19-08-2026 10:00:00,28.4227,77.0667,CO,12,22,17
India,Haryana,Gurugram,"Sector-51, Gurugram - HSPCB",19-08-2026 10:00:00,28.4227,77.0667,OZONE,12,33,18
India,Haryana,Hisar,"Urban Estate-II, Hisar - HSPCB",19-08-2026 10:00:00,29.14056,75.744941,PM2.5,7,101,56
India,Gujarat,Bhavnagar,"Vidhyanagar, Bhavnagar - Nexteng Enviro",19-08-2026 10:00:00,21.755417,72.139056,NH3,4,5,5
India,Gujarat,Bhavnagar,"Vidhyanagar, Bhavnagar - Nexteng Enviro",19-08-2026 10:00:00,21.755417,72.139056,CO,58,59,59
India,Gujarat,Gandhinagar,"IIPHG Lekawada, Gandhinagar - IITM",19-08-2026 10:00:00,23.243639,72.68994,NO2,4,9,6
India,Gujarat,Gandhinagar,"IIPHG Lekawada, Gandhinagar - IITM",19-08-2026 10:00:00,23.243639,72.68994,SO2,2,2,2
India,Gujarat,Gandhinagar,"IIPHG Lekawada, Gandhinagar - IITM",19-08-2026 10:00:00,23.243639,72.68994,OZONE,2,3,3
India,Gujarat,Gandhinagar,"GIFT City, Gandhinagar - IITM",19-08-2026 10:00:00,23.163798,72.677768,PM10,10,110,85
India,Gujarat,Gandhinagar,"GIFT City, Gandhinagar - IITM",19-08-2026 10:00:00,23.163798,72.677768,NO2,20,26,23
India,Gujarat,Gandhinagar,"GIFT City, Gandhinagar - IITM",19-08-2026 10:00:00,23.163798,72.677768,NH3,4,4,4
India,Gujarat,Nandesari,"GIDC, Nandesari - Nandesari Ind. Association",19-08-2026 10:00:00,22.410802,73.097923,SO2,3,4,3
India,Gujarat,Rajkot,"Mavdi, Rajkot - Nexteng Enviro ",19-08-2026 10:00:00,22.248853,70.776774,PM2.5,17,48,33
India,Gujarat,Rajkot,"Mavdi, Rajkot - Nexteng Enviro ",19-08-2026 10:00:00,22.248853,70.776774,NO2,4,7,5
India,Gujarat,Rajkot,"Mavdi, Rajkot - Nexteng Enviro ",19-08-2026 10:00:00,22.248853,70.776774,CO,40,41,41
India,Gujarat,Rajkot,"Mavdi, Rajkot - Nexteng Enviro ",19-08-2026 10:00:00,22.248853,70.776774,OZONE,8,10,9
India,Gujarat,Surat,"Science Center, Surat - SMC",19-08-2026 10:00:00,21.170046,72.795405,NH3,NA,NA,NA
India,Gujarat,Surat,"Science Center, Surat - SMC",19-08-2026 10:00:00,21.170046,72.795405,OZONE,NA,NA,NA
India,Delhi,Delhi,"North Campus, DU, Delhi - IITM",19-08-2026 10:00:00,28.6573814,77.1585447,SO2,NA,NA,NA
India,Delhi,Delhi,"R K Puram, Delhi - DPCC",19-08-2026 10:00:00,28.563262,77.186937,PM10,50,163,105
India,Delhi,Delhi,"R K Puram, Delhi - DPCC",19-08-2026 10:00:00,28.563262,77.186937,CO,28,42,32
India,Gujarat,Ahmedabad,"SVPI Airport Hansol, Ahmedabad - IITM",19-08-2026 10:00:00,23.076793,72.627874,NH3,2,3,2
India,Gujarat,Ahmedabad,"Rakhial, Ahmedabad - IITM",19-08-2026 10:00:00,23.016834,72.625775,SO2,29,40,33
India,Gujarat,Ahmedabad,"Maninagar, Ahmedabad - GPCB",19-08-2026 10:00:00,23.002657,72.591912,PM2.5,38,167,78
India,Gujarat,Ahmedabad,"Maninagar, Ahmedabad - GPCB",19-08-2026 10:00:00,23.002657,72.591912,OZONE,27,31,30
India,Gujarat,Ahmedabad,"Chandkheda, Ahmedabad - IITM",19-08-2026 10:00:00,23.107969,72.574648,NO2,5,13,7
India,Gujarat,Ahmedabad,"Chandkheda, Ahmedabad - IITM",19-08-2026 10:00:00,23.107969,72.574648,NH3,5,9,7
India,Gujarat,Ahmedabad,"SAC ISRO Satellite, Ahmedabad - IITM",19-08-2026 10:00:00,23.023389,72.515201,NO2,7,17,11
India,Gujarat,Ahmedabad,"Gyaspur, Ahmedabad - IITM",19-08-2026 10:00:00,22.977134,72.553024,NH3,2,6,5
India,Gujarat,Ahmedabad,"Raikhad, Ahmedabad - IITM",19-08-2026 10:00:00,23.020509,72.579261,SO2,6,11,8
India,Delhi,Delhi,"IGNOU_Maidan Garhi, Delhi - DPCC",19-08-2026 10:00:00,28.493624,77.201159,NO2,3,12,6
India,Delhi,Delhi,"IGNOU_Maidan Garhi, Delhi - DPCC",19-08-2026 10:00:00,28.493624,77.201159,OZONE,6,7,6
India,Delhi,Delhi,"Talkatora Garden, Delhi - DPCC",19-08-2026 10:00:00,28.62181,77.1944633,PM2.5,27,70,47
India,Delhi,Delhi,"Talkatora Garden, Delhi - DPCC",19-08-2026 10:00:00,28.62181,77.1944633,SO2,0,2,1
India,Delhi,Delhi,"Talkatora Garden, Delhi - DPCC",19-08-2026 10:00:00,28.62181,77.1944633,CO,40,44,42
India,Delhi,Delhi,"NSIT Dwarka, Delhi - CPCB",19-08-2026 10:00:00,28.60909,77.0325413,NO2,5,51,34
India,Delhi,Delhi,"Aya Nagar, Delhi - IITM",19-08-2026 10:00:00,28.4706914,77.1099364,PM2.5,10,90,41
India,Delhi,Delhi,"CRRI Mathura Road, Delhi - IITM",19-08-2026 10:00:00,28.5512005,77.2735737,PM2.5,34,92,55
India,Delhi,Delhi,"CRRI Mathura Road, Delhi - IITM",19-08-2026 10:00:00,28.5512005,77.2735737,CO,7,38,24
India,Delhi,Delhi,"Burari Crossing, Delhi - IITM",19-08-2026 10:00:00,28.7256504,77.2011573,NH3,NA,NA,NA
India,Delhi,Delhi,"Burari Crossing, Delhi - IITM",19-08-2026 10:00:00,28.7256504,77.2011573,CO,40,52,45
India,Delhi,Delhi,"JNU, Delhi - DPCC",19-08-2026 10:00:00,28.540721,77.168544,PM2.5,21,90,47
India,Delhi,Delhi,"JNU, Delhi - DPCC",19-08-2026 10:00:00,28.540721,77.168544,PM10,42,109,69
India,Delhi,Delhi,"Alipur, Delhi - DPCC",19-08-2026 10:00:00,28.815329,77.15301,CO,21,28,25
India,Haryana,Sonipat,"Murthal, Sonipat - HSPCB",19-08-2026 10:00:00,29.0272,77.0621,PM10,43,116,81
India,Haryana,Sonipat,"Murthal, Sonipat - HSPCB",19-08-2026 10:00:00,29.0272,77.0621,CO,26,29,28
India,Haryana,Sonipat,"Murthal, Sonipat - HSPCB",19-08-2026 10:00:00,29.0272,77.0621,OZONE,48,51,50
India,Haryana,Yamuna Nagar,"Gobind Pura, Yamuna Nagar - HSPCB",19-08-2026 10:00:00,30.1480566,77.2893471,PM10,51,107,79
India,Haryana,Yamuna Nagar,"Gobind Pura, Yamuna Nagar - HSPCB",19-08-2026 10:00:00,30.1480566,77.2893471,NH3,1,6,4
India,Himachal Pradesh,Baddi,"HIMUDA Complex Phase-1, Baddi - HPPCB",19-08-2026 10:00:00,30.943887,76.801991,NO2,3,25,13
India,Himachal Pradesh,Baddi,"HIMUDA Complex Phase-1, Baddi - HPPCB",19-08-2026 10:00:00,30.943887,76.801991,SO2,0,125,37
India,Himachal Pradesh,Baddi,"HIMUDA Complex Phase-1, Baddi - HPPCB",19-08-2026 10:00:00,30.943887,76.801991,OZONE,2,26,11
India,Jammu and Kashmir,Pampore,"Khrew, Pampore - JKPCC",19-08-2026 10:00:00,34.031606,75.009712,NO2,7,22,13
India,Jammu and Kashmir,Srinagar,"Rajbagh, Srinagar - JKPCC",19-08-2026 10:00:00,34.066206,74.81982,PM2.5,20,39,28
India,Jammu and Kashmir,Srinagar,"Khunmoh, Srinagar - JKPCC",19-08-2026 10:00:00,34.06313,74.96017,NH3,NA,NA,NA
India,Delhi,Delhi,"Pusa, Delhi - DPCC",19-08-2026 10:00:00,28.639652,77.146275,PM2.5,12,78,44
India,Delhi,Delhi,"Pusa, Delhi - DPCC",19-08-2026 10:00:00,28.639652,77.146275,CO,55,94,73
India,Delhi,Delhi,"Sirifort, Delhi - CPCB",19-08-2026 10:00:00,28.5504249,77.2159377,PM10,48,190,113
India,Delhi,Delhi,"Sirifort, Delhi - CPCB",19-08-2026 10:00:00,28.5504249,77.2159377,NH3,5,10,7
India,Delhi,Delhi,"Chandni Chowk, Delhi - IITM",19-08-2026 10:00:00,28.656756,77.227234,PM10,76,176,117
India,Delhi,Delhi,"Chandni Chowk, Delhi - IITM",19-08-2026 10:00:00,28.656756,77.227234,SO2,2,17,9
India,Delhi,Delhi,"Chandni Chowk, Delhi - IITM",19-08-2026 10:00:00,28.656756,77.227234,CO,66,83,74
India,Delhi,Delhi,"Dwarka-Sector 8, Delhi - DPCC ",19-08-2026 10:00:00,28.5710274,77.0719006,CO,21,49,31
India,Delhi,Delhi,"Dwarka-Sector 8, Delhi - DPCC ",19-08-2026 10:00:00,28.5710274,77.0719006,OZONE,5,11,8
India,Delhi,Delhi,"IIT Delhi, Delhi - IITM",19-08-2026 10:00:00,28.54246,77.191651,NH3,NA,NA,NA
India,Delhi,Delhi,"IGI Airport (T3), Delhi - IITM",19-08-2026 10:00:00,28.5627763,77.1180053,PM10,45,126,81
India,Delhi,Delhi,"IGI Airport (T3), Delhi - IITM",19-08-2026 10:00:00,28.5627763,77.1180053,SO2,NA,NA,NA
India,Delhi,Delhi,"IGI Airport (T3), Delhi - IITM",19-08-2026 10:00:00,28.5627763,77.1180053,OZONE,29,58,40
India,Haryana,Hisar,"Urban Estate-II, Hisar - HSPCB",19-08-2026 10:00:00,29.14056,75.744941,CO,30,33,32
India,Haryana,Kaithal,"Rishi Nagar, Kaithal - HSPCB",19-08-2026 10:00:00,29.8006,76.4155,SO2,18,73,35
India,Haryana,Kaithal,"Rishi Nagar, Kaithal - HSPCB",19-08-2026 10:00:00,29.8006,76.4155,CO,16,23,19
India,Haryana,Kurukshetra,"Sector-7, Kurukshetra - HSPCB",19-08-2026 10:00:00,29.966942,76.875879,PM2.5,40,72,55
India,Haryana,Kurukshetra,"Sector-7, Kurukshetra - HSPCB",19-08-2026 10:00:00,29.966942,76.875879,NO2,13,17,15
India,Haryana,Manesar,"Sector-2 IMT, Manesar - HSPCB",19-08-2026 10:00:00,28.360699,76.93609,PM2.5,71,144,100
India,Haryana,Palwal,"Shyam Nagar, Palwal - HSPCB",19-08-2026 10:00:00,28.1485564,77.3320667,NH3,6,6,6
India,Haryana,Palwal,"Shyam Nagar, Palwal - HSPCB",19-08-2026 10:00:00,28.1485564,77.3320667,SO2,3,103,18
India,Haryana,Panchgaon,"Amity University, Panchgaon - IITM",19-08-2026 10:00:00,28.3153,76.9143,PM2.5,26,95,52
India,Delhi,Delhi,"Wazirpur, Delhi - DPCC",19-08-2026 10:00:00,28.699793,77.165453,NH3,3,7,5
India,Delhi,Delhi,"NSUT Jaffarpur, Delhi - DPCC",19-08-2026 10:00:00,28.594004,76.909423,PM2.5,37,52,44
India,Delhi,Delhi,"NSUT Jaffarpur, Delhi - DPCC",19-08-2026 10:00:00,28.594004,76.909423,SO2,0,2,1
India,Delhi,Delhi,"Mundka, Delhi - DPCC",19-08-2026 10:00:00,28.684678,77.076574,NO2,57,81,67
India,Delhi,Delhi,"Mundka, Delhi - DPCC",19-08-2026 10:00:00,28.684678,77.076574,SO2,2,8,5
India,Delhi,Delhi,"Anand Vihar, Delhi - DPCC",19-08-2026 10:00:00,28.647622,77.315809,PM2.5,100,329,223
India,Delhi,Delhi,"Anand Vihar, Delhi - DPCC",19-08-2026 10:00:00,28.647622,77.315809,NO2,13,82,35
India,Delhi,Delhi,"Shadipur, Delhi - CPCB",19-08-2026 10:00:00,28.6514781,77.1473105,NH3,7,19,10
India,Delhi,Delhi,"Shadipur, Delhi - CPCB",19-08-2026 10:00:00,28.6514781,77.1473105,SO2,14,25,20
India,Karnataka,Vijayapura,"Ibrahimpur, Vijayapura - KSPCB",19-08-2026 10:00:00,16.802639,75.722694,NO2,11,12,11
India,Karnataka,Yadgir,"Collector Office, Yadgir - KSPCB",19-08-2026 10:00:00,16.7602,77.1428,PM10,23,68,38
India,Karnataka,Yadgir,"Collector Office, Yadgir - KSPCB",19-08-2026 10:00:00,16.7602,77.1428,OZONE,30,34,32
India,Kerala,Eloor,"Udyogamandal, Eloor - Kerala PCB",19-08-2026 10:00:00,10.073232,76.302765,PM10,57,69,65
India,Kerala,Thiruvananthapuram,"Plammoodu, Thiruvananthapuram - Kerala PCB",19-08-2026 10:00:00,8.5149093,76.9435879,PM2.5,13,30,22
India,Kerala,Thiruvananthapuram,"Plammoodu, Thiruvananthapuram - Kerala PCB",19-08-2026 10:00:00,8.5149093,76.9435879,NO2,2,4,3
India,Kerala,Thiruvananthapuram,"Kariavattom, Thiruvananthapuram - Kerala PCB",19-08-2026 10:00:00,8.5637,76.8865,OZONE,30,30,30
India,Kerala,Thrissur,"Corporation Ground, Thrissur - Kerala PCB",19-08-2026 10:00:00,10.5324,76.2159,SO2,0,1,1
India,Kerala,Thrissur,"Corporation Ground, Thrissur - Kerala PCB",19-08-2026 10:00:00,10.5324,76.2159,CO,14,20,17
India,Ladakh,Leh,"Skara Yokma, Leh - LPCC",19-08-2026 10:00:00,34.147096,77.55709,PM10,4,97,19
India,Ladakh,Leh,"Skara Yokma, Leh - LPCC",19-08-2026 10:00:00,34.147096,77.55709,OZONE,9,9,9
India,Madhya Pradesh,Bhopal,"Paryavaran Parisar, Bhopal - MPPCB",19-08-2026 10:00:00,23.210494,77.425409,CO,12,13,13
India,Madhya Pradesh,Bhopal,"Idgah Hills, Bhopal - MPPCB",19-08-2026 10:00:00,23.264759,77.381568,PM10,44,141,104
India,Maharashtra,Chandrapur,"MIDC Khutala, Chandrapur - MPCB",19-08-2026 10:00:00,19.9775302,79.2337086,OZONE,6,12,7
India,Maharashtra,Dhule,"Deopur, Dhule - MPCB",19-08-2026 10:00:00,20.918946,74.776388,PM10,41,84,61
India,Maharashtra,Dhule,"Deopur, Dhule - MPCB",19-08-2026 10:00:00,20.918946,74.776388,NH3,1,2,1
India,Maharashtra,Dhule,"Deopur, Dhule - MPCB",19-08-2026 10:00:00,20.918946,74.776388,CO,7,10,8
India,Maharashtra,Hingoli,"Ashta Vinayak Nagar, Hingoli - MPCB",19-08-2026 10:00:00,19.710842,77.151824,PM2.5,15,37,24
India,Maharashtra,Jalna,"Old MIDC, Jalna - MPCB",19-08-2026 10:00:00,19.854616,75.905894,PM2.5,1,116,27
India,Maharashtra,Kalyan,"Khadakpada, Kalyan - MPCB",19-08-2026 10:00:00,19.25292,73.142019,PM2.5,34,66,47
India,Maharashtra,Kalyan,"Khadakpada, Kalyan - MPCB",19-08-2026 10:00:00,19.25292,73.142019,SO2,NA,NA,NA
India,Maharashtra,Kalyan,"Khadakpada, Kalyan - MPCB",19-08-2026 10:00:00,19.25292,73.142019,CO,NA,NA,NA
India,Maharashtra,Kalyan,"Pimpleshwar Mandir, Kalyan - MPCB",19-08-2026 10:00:00,19.192056,72.9585188,SO2,NA,NA,NA
India,Maharashtra,Kolhapur,"Sinchan Bhavan, Kolhapur - MPCB",19-08-2026 10:00:00,16.7143745,74.2426398,NO2,2,12,6
India,Maharashtra,Kolhapur,"Sinchan Bhavan, Kolhapur - MPCB",19-08-2026 10:00:00,16.7143745,74.2426398,CO,8,13,10
India,Maharashtra,Latur,"Sawe Wadi, Latur - MPCB",19-08-2026 10:00:00,18.39963,76.57452,NH3,2,7,4
India,Maharashtra,Latur,"Sawe Wadi, Latur - MPCB",19-08-2026 10:00:00,18.39963,76.57452,SO2,2,5,4
India,Maharashtra,Latur,"Sawe Wadi, Latur - MPCB",19-08-2026 10:00:00,18.39963,76.57452,OZONE,7,18,13
India,Madhya Pradesh,Jabalpur,"Marhatal, Jabalpur - MPPCB",19-08-2026 10:00:00,23.168606,79.932247,CO,48,67,55
India,Madhya Pradesh,Jabalpur,"Govindh Bhavan Colony, Jabalpur - JMC",19-08-2026 10:00:00,23.163174,79.973061,PM2.5,18,30,24
India,Madhya Pradesh,Jabalpur,"Govindh Bhavan Colony, Jabalpur - JMC",19-08-2026 10:00:00,23.163174,79.973061,PM10,NA,NA,NA
India,Madhya Pradesh,Jabalpur,"Suhagi, Jabalpur - JMC",19-08-2026 10:00:00,23.218135,79.95777,PM2.5,NA,NA,NA
India,Madhya Pradesh,Jabalpur,"Suhagi, Jabalpur - JMC",19-08-2026 10:00:00,23.218135,79.95777,SO2,5,7,6
India,Madhya Pradesh,Katni,"Gole Bazar, Katni - MPPCB",19-08-2026 10:00:00,23.50016,80.23284,SO2,7,38,21
India,Madhya Pradesh,Mandideep,"Sector-D Industrial Area, Mandideep - MPPCB",19-08-2026 10:00:00,23.10844,77.511428,CO,12,19,15
India,Madhya Pradesh,Mandideep,"Sector-D Industrial Area, Mandideep - MPPCB",19-08-2026 10:00:00,23.10844,77.511428,OZONE,19,31,24
India,Madhya Pradesh,Pithampur,"Sector-2 Industrial Area, Pithampur - MPPCB",19-08-2026 10:00:00,22.624758,75.675238,PM2.5,77,292,111
India,Madhya Pradesh,Pithampur,"Sector-2 Industrial Area, Pithampur - MPPCB",19-08-2026 10:00:00,22.624758,75.675238,OZONE,15,28,21
India,Madhya Pradesh,Ratlam,"Shasthri Nagar, Ratlam - IPCA Lab",19-08-2026 10:00:00,23.331731,75.045981,NO2,38,47,42
India,Madhya Pradesh,Ratlam,"Shasthri Nagar, Ratlam - IPCA Lab",19-08-2026 10:00:00,23.331731,75.045981,SO2,11,13,12
India,Jammu and Kashmir,Srinagar,"Khunmoh, Srinagar - JKPCC",19-08-2026 10:00:00,34.06313,74.96017,CO,NA,NA,NA
India,Jammu and Kashmir,Srinagar,"Khunmoh, Srinagar - JKPCC",19-08-2026 10:00:00,34.06313,74.96017,OZONE,NA,NA,NA
India,Jharkhand,Jorapokhar,"Tata Stadium, Jorapokhar - JSPCB",19-08-2026 10:00:00,23.707909,86.41467,NO2,8,8,8
India,Karnataka,Belgaum,"Ramteerth Nagar, Belgaum - KSPCB",19-08-2026 10:00:00,15.888653,74.541751,NO2,28,87,40
India,Karnataka,Bengaluru,"Jigani, Bengaluru - KSPCB",19-08-2026 10:00:00,12.7816279,77.6299145,OZONE,20,22,21
India,Karnataka,Bengaluru,"City Railway Station, Bengaluru - KSPCB",19-08-2026 10:00:00,12.9756843,77.5660749,NO2,28,36,33
India,Karnataka,Bengaluru,"City Railway Station, Bengaluru - KSPCB",19-08-2026 10:00:00,12.9756843,77.5660749,SO2,9,13,10
India,Karnataka,Bengaluru,"Jayanagar 5th Block, Bengaluru - KSPCB",19-08-2026 10:00:00,12.920984,77.584908,NH3,1,1,1
India,Karnataka,Bengaluru,"Hombegowda Nagar, Bengaluru - KSPCB",19-08-2026 10:00:00,12.938539,77.5901,PM10,29,64,45
India,Karnataka,Bengaluru,"Peenya, Bengaluru - CPCB",19-08-2026 10:00:00,13.0270199,77.494094,PM2.5,10,10,10
India,Karnataka,Bengaluru,"Peenya, Bengaluru - CPCB",19-08-2026 10:00:00,13.0270199,77.494094,PM10,NA,NA,NA
India,Madhya Pradesh,Sagar,"Civil Lines, Sagar - MPPCB",19-08-2026 10:00:00,23.838586,78.759431,PM10,16,37,26
India,Madhya Pradesh,Sagar,"Civil Lines, Sagar - MPPCB",19-08-2026 10:00:00,23.838586,78.759431,SO2,4,7,5
India,Madhya Pradesh,Sagar,"Civil Lines, Sagar - MPPCB",19-08-2026 10:00:00,23.838586,78.759431,OZONE,31,37,34
India,Madhya Pradesh,Singrauli,"Suryakiran Bhawan NCL, Singrauli - MPPCB",19-08-2026 10:00:00,24.10897,82.64558,PM2.5,NA,NA,NA
India,Madhya Pradesh,Singrauli,"Suryakiran Bhawan NCL, Singrauli - MPPCB",19-08-2026 10:00:00,24.10897,82.64558,OZONE,10,36,20
India,Madhya Pradesh,Ujjain,"Mahashweta Nagar, Ujjain - MPPCB",19-08-2026 10:00:00,23.1633321,75.800225,PM2.5,5,80,36
India,Maharashtra,Ahmednagar,"Tarakpur, Ahmednagar - MPCB",19-08-2026 10:00:00,19.10122,74.73339,CO,5,35,22
India,Maharashtra,Akola,"Ramdaspeth, Akola - MPCB",19-08-2026 10:00:00,20.719516,77.000253,PM2.5,23,75,41
India,Maharashtra,Akola,"Ramdaspeth, Akola - MPCB",19-08-2026 10:00:00,20.719516,77.000253,NH3,6,9,8
India,Maharashtra,Ambernath,"Chinchpada, Ambernath - MPCB",19-08-2026 10:00:00,19.215784,73.199781,NH3,NA,NA,NA
India,Karnataka,Bengaluru,"Peenya, Bengaluru - CPCB",19-08-2026 10:00:00,13.0270199,77.494094,OZONE,NA,NA,NA
India,Karnataka,Bengaluru,"Kasturi Nagar, Bengaluru - KSPCB",19-08-2026 10:00:00,13.003872,77.664217,NO2,24,31,26
India,Karnataka,Bengaluru,"Hebbal, Bengaluru - KSPCB",19-08-2026 10:00:00,13.029152,77.585901,PM2.5,3,20,10
India,Karnataka,Bengaluru,"Bapuji Nagar, Bengaluru - KSPCB",19-08-2026 10:00:00,12.951913,77.539784,OZONE,18,21,19
India,Karnataka,Chamarajanagar,"Urban, Chamarajanagar - KSPCB",19-08-2026 10:00:00,11.55358,76.55521,NH3,2,3,2
India,Karnataka,Chamarajanagar,"Urban, Chamarajanagar - KSPCB",19-08-2026 10:00:00,11.55358,76.55521,SO2,3,8,5
India,Karnataka,Ramanagara,"Vijay Nagar, Ramanagara - KSPCB",19-08-2026 10:00:00,12.733409,77.298051,NO2,NA,NA,NA
India,Karnataka,Vijayapura,"Ibrahimpur, Vijayapura - KSPCB",19-08-2026 10:00:00,16.802639,75.722694,NO2,11,12,11
India,Karnataka,Yadgir,"Collector Office, Yadgir - KSPCB",19-08-2026 10:00:00,16.7602,77.1428,PM10,23,68,38
India,Karnataka,Yadgir,"Collector Office, Yadgir - KSPCB",19-08-2026 10:00:00,16.7602,77.1428,OZONE,30,34,32
India,Kerala,Eloor,"Udyogamandal, Eloor - Kerala PCB",19-08-2026 10:00:00,10.073232,76.302765,PM10,57,69,65
India,Karnataka,Bengaluru,"Jayanagar 5th Block, Bengaluru - KSPCB",19-08-2026 10:00:00,12.920984,77.584908,NH3,1,1,1
India,Karnataka,Bengaluru,"Hombegowda Nagar, Bengaluru - KSPCB",19-08-2026 10:00:00,12.938539,77.5901,PM10,29,64,45
India,Karnataka,Bengaluru,"Peenya, Bengaluru - CPCB",19-08-2026 10:00:00,13.0270199,77.494094,PM2.5,10,10,10
India,Karnataka,Bengaluru,"Peenya, Bengaluru - CPCB",19-08-2026 10:00:00,13.0270199,77.494094,PM10,NA,NA,NA
India,Karnataka,Bengaluru,"Peenya, Bengaluru - CPCB",19-08-2026 10:00:00,13.0270199,77.494094,OZONE,NA,NA,NA
India,Karnataka,Bengaluru,"Kasturi Nagar, Bengaluru - KSPCB",19-08-2026 10:00:00,13.003872,77.664217,NO2,24,31,26
India,Karnataka,Bengaluru,"Hebbal, Bengaluru - KSPCB",19-08-2026 10:00:00,13.029152,77.585901,PM2.5,3,20,10
India,Maharashtra,Pimpri-Chinchwad,"Savta Mali Nagar, Pimpri-Chinchwad - IITM",19-08-2026 10:00:00,18.614767,73.799516,NO2,12,29,19
India,Maharashtra,Pimpri-Chinchwad,"Savta Mali Nagar, Pimpri-Chinchwad - IITM",19-08-2026 10:00:00,18.614767,73.799516,NH3,NA,NA,NA
India,Maharashtra,Pune,"Katraj Dairy, Pune - MPCB",19-08-2026 10:00:00,18.45445,73.854155,PM2.5,17,43,31
India,Maharashtra,Pune,"Katraj Dairy, Pune - MPCB",19-08-2026 10:00:00,18.45445,73.854155,PM10,30,76,54
India,Maharashtra,Pune,"Revenue Colony-Shivajinagar, Pune - IITM",19-08-2026 10:00:00,18.530085,73.849598,NO2,8,27,16
India,Maharashtra,Pune,"Revenue Colony-Shivajinagar, Pune - IITM",19-08-2026 10:00:00,18.530085,73.849598,CO,72,122,102
India,Maharashtra,Pune,"Revenue Colony-Shivajinagar, Pune - IITM",19-08-2026 10:00:00,18.530085,73.849598,OZONE,7,14,12
India,Maharashtra,Pune,"Mhada Colony, Pune - IITM",19-08-2026 10:00:00,18.57304,73.927715,NH3,NA,NA,NA
India,Maharashtra,Pune,"Mhada Colony, Pune - IITM",19-08-2026 10:00:00,18.57304,73.927715,SO2,NA,NA,NA
India,Maharashtra,Pune,"Dhankawadi, Pune - IITM",19-08-2026 10:00:00,18.459883,73.852193,PM2.5,10,90,40
India,Maharashtra,Pune,"Panchawati_Pashan, Pune - IITM",19-08-2026 10:00:00,18.536457,73.805454,SO2,NA,NA,NA
India,Maharashtra,Pune,"Savitribai Phule Pune University, Pune - MPCB",19-08-2026 10:00:00,18.547056,73.826908,PM2.5,13,29,18
India,Maharashtra,Pune,"Savitribai Phule Pune University, Pune - MPCB",19-08-2026 10:00:00,18.547056,73.826908,PM10,32,57,42
India,Maharashtra,Sangli,"Vijay Nagar, Sangli - MPCB",19-08-2026 10:00:00,16.5038,74.3623,NO2,1,11,4
India,Maharashtra,Navi Mumbai,"Sector-2E Kalamboli, Navi Mumbai - MPCB",19-08-2026 10:00:00,19.02579,73.10297,NO2,6,9,7
India,Maharashtra,Navi Mumbai,"Mahape, Navi Mumbai - MPCB",19-08-2026 10:00:00,19.1135051,73.008978,PM10,42,87,59
India,Maharashtra,Navi Mumbai,"Mahape, Navi Mumbai - MPCB",19-08-2026 10:00:00,19.1135051,73.008978,CO,69,69,69
India,Maharashtra,Parbhani,"Masoom Colony, Parbhani - MPCB",19-08-2026 10:00:00,19.265594,76.761463,NO2,4,9,7
India,Maharashtra,Parbhani,"Masoom Colony, Parbhani - MPCB",19-08-2026 10:00:00,19.265594,76.761463,NH3,0,1,0
India,Maharashtra,Parbhani,"Masoom Colony, Parbhani - MPCB",19-08-2026 10:00:00,19.265594,76.761463,SO2,0,5,2
India,Maharashtra,Parbhani,"Masoom Colony, Parbhani - MPCB",19-08-2026 10:00:00,19.265594,76.761463,OZONE,19,22,21
India,Maharashtra,Pimpri-Chinchwad,"Bhosari, Pune - IITM",19-08-2026 10:00:00,18.640051,73.848956,NH3,NA,NA,NA
India,Maharashtra,Pimpri-Chinchwad,"Thergaon, Pimpri Chinchwad - MPCB",19-08-2026 10:00:00,18.616318,73.765797,PM2.5,0,86,25
India,Maharashtra,Pimpri-Chinchwad,"Thergaon, Pimpri Chinchwad - MPCB",19-08-2026 10:00:00,18.616318,73.765797,NO2,5,11,8
India,Maharashtra,Pimpri-Chinchwad,"Transport Nagar-Nigdi, Pune - IITM",19-08-2026 10:00:00,18.664282,73.763966,PM2.5,14,42,28
India,Maharashtra,Pimpri-Chinchwad,"Transport Nagar-Nigdi, Pune - IITM",19-08-2026 10:00:00,18.664282,73.763966,NO2,32,54,40
India,Maharashtra,Pimpri-Chinchwad,"Transport Nagar-Nigdi, Pune - IITM",19-08-2026 10:00:00,18.664282,73.763966,SO2,NA,NA,NA
India,Maharashtra,Nagpur,"Ambazari, Nagpur - MPCB",19-08-2026 10:00:00,21.121801,79.04952,SO2,7,10,9
India,Maharashtra,Nanded,"Sneh Nagar, Nanded - MPCB",19-08-2026 10:00:00,19.173852,77.296291,PM10,27,53,38
India,Maharashtra,Nanded,"Sneh Nagar, Nanded - MPCB",19-08-2026 10:00:00,19.173852,77.296291,NH3,2,4,3
India,Maharashtra,Nashik,"Gangapur Road, Nashik - MPCB",19-08-2026 10:00:00,20.0073285,73.7762427,PM10,19,52,31
India,Maharashtra,Nashik,"Gangapur Road, Nashik - MPCB",19-08-2026 10:00:00,20.0073285,73.7762427,NO2,5,5,5
India,Maharashtra,Nashik,"Pandav Nagari, Nashik - MPCB",19-08-2026 10:00:00,19.9591346,73.7788008,PM10,20,43,30
India,Maharashtra,Nashik,"Pandav Nagari, Nashik - MPCB",19-08-2026 10:00:00,19.9591346,73.7788008,SO2,3,7,5
India,Maharashtra,Nashik,"Hirawadi, Nashik - MPCB",19-08-2026 10:00:00,20.021503,73.813844,PM10,26,51,37
India,Maharashtra,Nashik,"MIDC Ambad, Nashik - MPCB",19-08-2026 10:00:00,19.95022,73.73148,SO2,1,4,3
India,Maharashtra,Navi Mumbai,"Kopripada-Vashi, Navi Mumbai - MPCB",19-08-2026 10:00:00,19.090337,73.014232,SO2,0,1,1
India,Maharashtra,Navi Mumbai,"Tondare-Taloja, Navi Mumbai - MPCB",19-08-2026 10:00:00,19.063,73.1209,PM2.5,25,33,30
India,Maharashtra,Navi Mumbai,"Tondare-Taloja, Navi Mumbai - MPCB",19-08-2026 10:00:00,19.063,73.1209,NO2,6,16,11
India,Maharashtra,Hingoli,"Ashta Vinayak Nagar, Hingoli - MPCB",19-08-2026 10:00:00,19.710842,77.151824,PM2.5,15,37,24
India,Maharashtra,Jalna,"Old MIDC, Jalna - MPCB",19-08-2026 10:00:00,19.854616,75.905894,PM2.5,1,116,27
India,Maharashtra,Kalyan,"Khadakpada, Kalyan - MPCB",19-08-2026 10:00:00,19.25292,73.142019,PM2.5,34,66,47
India,Maharashtra,Kalyan,"Khadakpada, Kalyan - MPCB",19-08-2026 10:00:00,19.25292,73.142019,SO2,NA,NA,NA
India,Maharashtra,Kalyan,"Khadakpada, Kalyan - MPCB",19-08-2026 10:00:00,19.25292,73.142019,CO,NA,NA,NA
India,Maharashtra,Kalyan,"Pimpleshwar Mandir, Kalyan - MPCB",19-08-2026 10:00:00,19.192056,72.9585188,SO2,NA,NA,NA
India,Maharashtra,Kolhapur,"Sinchan Bhavan, Kolhapur - MPCB",19-08-2026 10:00:00,16.7143745,74.2426398,NO2,2,12,6
India,Maharashtra,Kolhapur,"Sinchan Bhavan, Kolhapur - MPCB",19-08-2026 10:00:00,16.7143745,74.2426398,CO,8,13,10
India,Maharashtra,Latur,"Sawe Wadi, Latur - MPCB",19-08-2026 10:00:00,18.39963,76.57452,NH3,2,7,4
India,Maharashtra,Latur,"Sawe Wadi, Latur - MPCB",19-08-2026 10:00:00,18.39963,76.57452,SO2,2,5,4
India,Maharashtra,Latur,"Sawe Wadi, Latur - MPCB",19-08-2026 10:00:00,18.39963,76.57452,OZONE,7,18,13
India,Maharashtra,Mahad,"Kamble Tarf Birwadi, Mahad - MPCB",19-08-2026 10:00:00,18.1023399,73.4783687,NH3,7,8,8
India,Maharashtra,Mumbai,"Mindspace-Malad West, Mumbai - MPCB",19-08-2026 10:00:00,19.1878657,72.8304069,NH3,7,8,8
India,Maharashtra,Mumbai,"Worli, Mumbai - MPCB",19-08-2026 10:00:00,18.9936162,72.8128113,PM10,44,102,68
India,Maharashtra,Mumbai,"Worli, Mumbai - MPCB",19-08-2026 10:00:00,18.9936162,72.8128113,NH3,NA,NA,NA
India,Maharashtra,Mumbai,"Worli, Mumbai - MPCB",19-08-2026 10:00:00,18.9936162,72.8128113,OZONE,5,8,7
India,Maharashtra,Mumbai,"Navy Nagar-Colaba, Mumbai - IITM",19-08-2026 10:00:00,18.897756,72.81332,CO,10,16,13
India,Maharashtra,Mumbai,"Navy Nagar-Colaba, Mumbai - IITM",19-08-2026 10:00:00,18.897756,72.81332,OZONE,21,25,23
India,Maharashtra,Mumbai,"Chembur, Mumbai - MPCB",19-08-2026 10:00:00,19.0364585,72.8954371,PM2.5,10,30,20
India,Maharashtra,Mumbai,"Kandivali West, Mumbai - BMC",19-08-2026 10:00:00,19.215859,72.831718,SO2,NA,NA,NA
India,Maharashtra,Mumbai,"Malad West, Mumbai - IITM",19-08-2026 10:00:00,19.19709,72.82204,PM2.5,3,30,15
India,Maharashtra,Mumbai,"Malad West, Mumbai - IITM",19-08-2026 10:00:00,19.19709,72.82204,NO2,6,15,11
India,Maharashtra,Mumbai,"Borivali East, Mumbai - IITM",19-08-2026 10:00:00,19.23241,72.86895,PM2.5,22,53,33
India,Maharashtra,Mumbai,"Kurla, Mumbai - MPCB",19-08-2026 10:00:00,19.0863,72.8888,NH3,2,2,2
India,Maharashtra,Mumbai,"Deonar, Mumbai - IITM",19-08-2026 10:00:00,19.04946,72.923,PM2.5,5,37,18
India,Maharashtra,Mumbai,"Chhatrapati Shivaji Intl. Airport (T2), Mumbai - MPCB",19-08-2026 10:00:00,19.10078,72.87462,NO2,13,13,13
India,Maharashtra,Mumbai,"Chhatrapati Shivaji Intl. Airport (T2), Mumbai - MPCB",19-08-2026 10:00:00,19.10078,72.87462,NH3,1,1,1
India,Maharashtra,Nagpur,"Mahal, Nagpur - MPCB",19-08-2026 10:00:00,21.14472,79.107595,NH3,1,7,3
India,Maharashtra,Nagpur,"Mahal, Nagpur - MPCB",19-08-2026 10:00:00,21.14472,79.107595,CO,7,25,15
India,Maharashtra,Nagpur,"Mahal, Nagpur - MPCB",19-08-2026 10:00:00,21.14472,79.107595,OZONE,6,20,14
India,Maharashtra,Nagpur,"Ram Nagar, Nagpur - MPCB",19-08-2026 10:00:00,21.143383,79.048912,NO2,4,17,8
India,Maharashtra,Nagpur,"Ram Nagar, Nagpur - MPCB",19-08-2026 10:00:00,21.143383,79.048912,NH3,1,2,1
India,Maharashtra,Nagpur,"Opp GPO Civil Lines, Nagpur - MPCB",19-08-2026 10:00:00,21.152875,79.0517531,CO,16,37,25
India,Maharashtra,Nagpur,"Opp GPO Civil Lines, Nagpur - MPCB",19-08-2026 10:00:00,21.152875,79.0517531,OZONE,6,8,6
India,Maharashtra,Malegaon,"Mahesh Nagar, Malegaon - MPCB",19-08-2026 10:00:00,20.555712,74.529236,OZONE,20,24,21
India,Maharashtra,Mira-Bhayandar,"Bhayandar West, Mira-Bhayandar - MPCB",19-08-2026 10:00:00,19.296481,72.840923,PM10,24,38,31
India,Maharashtra,Mira-Bhayandar,"Bhayandar West, Mira-Bhayandar - MPCB",19-08-2026 10:00:00,19.296481,72.840923,CO,11,30,14
India,Maharashtra,Mumbai,"Borivali East, Mumbai - MPCB",19-08-2026 10:00:00,19.2243333,72.8658113,SO2,21,23,22
India,Maharashtra,Mumbai,"Borivali East, Mumbai - MPCB",19-08-2026 10:00:00,19.2243333,72.8658113,OZONE,NA,NA,NA
India,Maharashtra,Mumbai,"Siddharth Nagar-Worli, Mumbai - IITM",19-08-2026 10:00:00,19.000083,72.813993,OZONE,22,24,23
India,Maharashtra,Mumbai,"Kherwadi_Bandra East, Mumbai - MPCB",19-08-2026 10:00:00,19.0632143,72.8456324,NO2,3,7,5
India,Maharashtra,Mumbai,"Byculla, Mumbai - BMC",19-08-2026 10:00:00,18.9767,72.838,PM2.5,10,21,16
India,Maharashtra,Satara,"Koyana Nagar, Satara - MPCB",19-08-2026 10:00:00,17.696651,74.003387,NO2,1,16,7
India,Maharashtra,Thane,"Kasarvadavali, Thane - MPCB",19-08-2026 10:00:00,19.26777,72.97182,CO,24,39,28
India,Maharashtra,Ulhasnagar,"Sidhi Vinayak Nagar, Ulhasnagar - MPCB",19-08-2026 10:00:00,19.235581,73.159121,PM10,29,69,44
India,Maharashtra,Ulhasnagar,"Vithalwadi, Ulhasnagar - MPCB",19-08-2026 10:00:00,19.2307571,73.155192,NO2,4,6,5
India,Maharashtra,Virar,"Bolinj, Virar - MPCB",19-08-2026 10:00:00,19.445821,72.7988231,NO2,13,26,18
India,Maharashtra,Virar,"Bolinj, Virar - MPCB",19-08-2026 10:00:00,19.445821,72.7988231,NH3,6,8,7
India,Maharashtra,Badlapur,"Katrap, Badlapur - MPCB",19-08-2026 10:00:00,19.16485,73.23409,PM2.5,13,13,13
India,Maharashtra,Badlapur,"Katrap, Badlapur - MPCB",19-08-2026 10:00:00,19.16485,73.23409,OZONE,5,6,5
India,Maharashtra,Chandrapur,"MIDC Khutala, Chandrapur - MPCB",19-08-2026 10:00:00,19.9775302,79.2337086,NH3,2,5,3
India,Maharashtra,Chandrapur,"MIDC Khutala, Chandrapur - MPCB",19-08-2026 10:00:00,19.9775302,79.2337086,OZONE,6,12,7
India,Maharashtra,Dhule,"Deopur, Dhule - MPCB",19-08-2026 10:00:00,20.918946,74.776388,PM10,41,84,61
India,Maharashtra,Dhule,"Deopur, Dhule - MPCB",19-08-2026 10:00:00,20.918946,74.776388,NH3,1,2,1
India,Maharashtra,Dhule,"Deopur, Dhule - MPCB",19-08-2026 10:00:00,20.918946,74.776388,CO,7,10,8
India,Rajasthan,Ajmer,"Civil Lines,  Ajmer - RSPCB",19-08-2026 10:00:00,26.470859,74.646594,PM2.5,30,97,52
India,Rajasthan,Ajmer,"Civil Lines,  Ajmer - RSPCB",19-08-2026 10:00:00,26.470859,74.646594,NO2,17,19,18
India,Rajasthan,Ajmer,"Civil Lines,  Ajmer - RSPCB",19-08-2026 10:00:00,26.470859,74.646594,SO2,3,20,10
India,Rajasthan,Ajmer,"Civil Lines,  Ajmer - RSPCB",19-08-2026 10:00:00,26.470859,74.646594,CO,16,35,28
India,Rajasthan,Alwar,"Moti Doongri, Alwar - RSPCB",19-08-2026 10:00:00,27.554793,76.611536,CO,23,85,40
India,Rajasthan,Alwar,"Vigyan Nagar, Alwar - RSPCB",19-08-2026 10:00:00,27.598796,76.63861,CO,44,50,47
India,Rajasthan,Banswara,"Rati Talai, Banswara - RSPCB",19-08-2026 10:00:00,23.55519,74.44001,NO2,19,39,28
India,Rajasthan,Baran,"Bamboliya, Baran - RSPCB",19-08-2026 10:00:00,25.106006,76.469948,NO2,16,36,23
India,Rajasthan,Baran,"Bamboliya, Baran - RSPCB",19-08-2026 10:00:00,25.106006,76.469948,NH3,3,5,4
India,Rajasthan,Baran,"Bamboliya, Baran - RSPCB",19-08-2026 10:00:00,25.106006,76.469948,SO2,4,7,5
India,Rajasthan,Baran,"Bamboliya, Baran - RSPCB",19-08-2026 10:00:00,25.106006,76.469948,OZONE,16,35,23
India,Rajasthan,Barmer,"Railway Colony, Barmer - RSPCB",19-08-2026 10:00:00,25.747299,71.393989,PM10,46,135,84
India,Rajasthan,Bharatpur,"Krishna Nagar, Bharatpur - RSPCB",19-08-2026 10:00:00,27.215415,77.50873,PM2.5,15,30,23
India,Rajasthan,Bhilwara,"Pratap Nagar, Bhilwara - RSPCB",19-08-2026 10:00:00,25.339605,74.618883,NO2,6,18,12
India,Rajasthan,Bhilwara,"Pratap Nagar, Bhilwara - RSPCB",19-08-2026 10:00:00,25.339605,74.618883,CO,33,36,34
India,Rajasthan,Bhilwara,"Pratap Nagar, Bhilwara - RSPCB",19-08-2026 10:00:00,25.339605,74.618883,OZONE,29,29,29
India,Rajasthan,Bhiwadi,"RIICO Ind. Area III, Bhiwadi - RSPCB",19-08-2026 10:00:00,28.194909,76.862296,CO,30,44,36
India,Rajasthan,Bhiwadi,"RIICO Ind. Area III, Bhiwadi - RSPCB",19-08-2026 10:00:00,28.194909,76.862296,OZONE,10,38,21
India,Rajasthan,Bhiwadi,"Vasundhara Nagar_UIT, Bhiwadi - RSPCB",19-08-2026 10:00:00,28.207266,76.829265,PM2.5,28,72,48
India,Meghalaya,Byrnihat,"15th Mile-Nongthymmai, Byrnihat -Meghalaya PCB",19-08-2026 10:00:00,26.079047,91.875185,SO2,0,8,4
India,Meghalaya,Shillong,"JN Stadium, Shillong - Meghalaya PCB",19-08-2026 10:00:00,25.5803419,91.8942571,SO2,25,31,28
India,Meghalaya,Shillong,"Lumpyngngad, Shillong - Meghalaya PCB",19-08-2026 10:00:00,25.5586,91.8985,NO2,0,1,0
India,Mizoram,Aizawl,"Sikulpuikawn, Aizawl - Mizoram PCB",19-08-2026 10:00:00,23.7176342,92.7192841,NO2,1,1,1
India,Mizoram,Aizawl,"Sikulpuikawn, Aizawl - Mizoram PCB",19-08-2026 10:00:00,23.7176342,92.7192841,NH3,0,0,0
India,Nagaland,Kohima,"PWD Junction, Kohima - NPCB",19-08-2026 10:00:00,25.6635413,94.0989878,CO,2,4,3
India,Nagaland,Kohima,"PWD Junction, Kohima - NPCB",19-08-2026 10:00:00,25.6635413,94.0989878,OZONE,NA,NA,NA
India,Odisha,Angul,"Hakimapada, Angul - OSPCB",19-08-2026 10:00:00,20.832874,85.104082,PM2.5,3,29,9
India,Odisha,Angul,"Hakimapada, Angul - OSPCB",19-08-2026 10:00:00,20.832874,85.104082,OZONE,33,71,47
India,Odisha,Baripada,"Meher Colony, Baripada - OSPCB",19-08-2026 10:00:00,21.941841,86.728318,NH3,0,3,2
India,Odisha,Baripada,"Meher Colony, Baripada - OSPCB",19-08-2026 10:00:00,21.941841,86.728318,OZONE,13,22,16
India,Odisha,Bhubaneswar,"Patia, Bhubaneswar - OSPCB",19-08-2026 10:00:00,20.34652,85.8163,PM2.5,3,28,12
India,Odisha,Bhubaneswar,"Patia, Bhubaneswar - OSPCB",19-08-2026 10:00:00,20.34652,85.8163,NH3,2,7,5
India,Odisha,Bhubaneswar,"Patia, Bhubaneswar - OSPCB",19-08-2026 10:00:00,20.34652,85.8163,SO2,7,10,8
India,Odisha,Bhubaneswar,"Patia, Bhubaneswar - OSPCB",19-08-2026 10:00:00,20.34652,85.8163,CO,27,38,31
India,Odisha,Bileipada,"Tata Township, Bileipada - OSPCB",19-08-2026 10:00:00,22.06156703,85.47409613,PM2.5,9,17,11
India,Odisha,Tensa,"Barsua Iron Ore Mines, Tensa - OSPCB",19-08-2026 10:00:00,21.869985,85.167016,NO2,NA,NA,NA
India,Odisha,Tensa,"Barsua Iron Ore Mines, Tensa - OSPCB",19-08-2026 10:00:00,21.869985,85.167016,SO2,28,45,30
India,Odisha,Tensa,"Barsua Iron Ore Mines, Tensa - OSPCB",19-08-2026 10:00:00,21.869985,85.167016,CO,22,24,23
India,Puducherry,Puducherry,"Jawahar Nagar, Puducherry - PPCC",19-08-2026 10:00:00,11.9309,79.8027,PM10,19,63,41
India,Puducherry,Puducherry,"Jawahar Nagar, Puducherry - PPCC",19-08-2026 10:00:00,11.9309,79.8027,NH3,1,7,3
India,Punjab,Amritsar,"Golden Temple, Amritsar - PPCB",19-08-2026 10:00:00,31.62,74.876512,PM10,21,105,62
India,Punjab,Jalandhar,"Civil Line, Jalandhar - PPCB",19-08-2026 10:00:00,31.321907,75.578914,PM2.5,42,98,59
India,Punjab,Jalandhar,"Civil Line, Jalandhar - PPCB",19-08-2026 10:00:00,31.321907,75.578914,SO2,11,12,11
India,Punjab,Khanna,"Kalal Majra, Khanna - PPCB",19-08-2026 10:00:00,30.736056,76.209694,PM10,69,73,71
India,Punjab,Ludhiana,"Punjab Agricultural University, Ludhiana - PPCB",19-08-2026 10:00:00,30.9028,75.8086,PM2.5,46,80,62
India,Punjab,Ludhiana,"Punjab Agricultural University, Ludhiana - PPCB",19-08-2026 10:00:00,30.9028,75.8086,NO2,19,22,21
India,Punjab,Ludhiana,"Punjab Agricultural University, Ludhiana - PPCB",19-08-2026 10:00:00,30.9028,75.8086,CO,42,45,44
India,Punjab,Patiala,"Model Town, Patiala - PPCB",19-08-2026 10:00:00,30.349388,76.366642,NO2,7,22,14
India,Punjab,Patiala,"Model Town, Patiala - PPCB",19-08-2026 10:00:00,30.349388,76.366642,OZONE,15,17,16
India,Punjab,Rupnagar,"Ratanpura, Rupnagar - Ambuja Cements",19-08-2026 10:00:00,31.0325454,76.5623046,PM10,8,132,26
India,Rajasthan,Rajsamand,"Dhoinda, Rajsamand - RSPCB",19-08-2026 10:00:00,25.03636,73.883502,SO2,NA,NA,NA
India,Rajasthan,Sawai Madhopur,"Sahu Nagar, Sawai Madhopur - RSPCB",19-08-2026 10:00:00,26.031443,76.359327,PM10,73,115,91
India,Rajasthan,Sikar,"Radhakishan Pura, Sikar - RSPCB",19-08-2026 10:00:00,27.608912,75.153302,NO2,6,14,9
India,Rajasthan,Sikar,"Radhakishan Pura, Sikar - RSPCB",19-08-2026 10:00:00,27.608912,75.153302,SO2,3,5,3
India,Rajasthan,Sirohi,"Vedhaynath Colony, Sirohi - RSPCB",19-08-2026 10:00:00,24.885261,72.857549,PM2.5,23,47,31
India,Rajasthan,Sri Ganganagar,"Old City, Sri Ganganagar - RSPCB",19-08-2026 10:00:00,29.931624,73.864511,PM2.5,20,120,48
India,Rajasthan,Sri Ganganagar,"Old City, Sri Ganganagar - RSPCB",19-08-2026 10:00:00,29.931624,73.864511,NO2,13,42,25
India,Rajasthan,Sri Ganganagar,"Old City, Sri Ganganagar - RSPCB",19-08-2026 10:00:00,29.931624,73.864511,NH3,2,16,6
India,Rajasthan,Udaipur,"Ashok Nagar, Udaipur - RSPCB",19-08-2026 10:00:00,24.5886166,73.6321397,NH3,1,4,3
India,Rajasthan,Udaipur,"Ashok Nagar, Udaipur - RSPCB",19-08-2026 10:00:00,24.5886166,73.6321397,CO,9,37,18
India,Rajasthan,Udaipur,"Ashok Nagar, Udaipur - RSPCB",19-08-2026 10:00:00,24.5886166,73.6321397,OZONE,2,16,5
India,Sikkim,Gangtok,"Zero Point GICI, Gangtok - SSPCB",19-08-2026 10:00:00,27.33853,88.614099,PM2.5,NA,NA,NA
India,Sikkim,Gangtok,"Zero Point GICI, Gangtok - SSPCB",19-08-2026 10:00:00,27.33853,88.614099,NH3,1,1,1
India,Tamil Nadu,Chennai,"Arumbakkam, Chennai - TNPCB",19-08-2026 10:00:00,13.0664,80.2112,NH3,2,3,2
India,Tamil Nadu,Chennai,"Velachery Res. Area, Chennai - CPCB",19-08-2026 10:00:00,13.0052189,80.2398125,NH3,2,3,3
India,Tamil Nadu,Chennai,"Perungudi, Chennai - TNPCB",19-08-2026 10:00:00,12.9533,80.2357,PM10,27,363,147
India,Tamil Nadu,Chennai,"Manali Village, Chennai - TNPCB",19-08-2026 10:00:00,13.1662,80.2584,PM10,26,95,47
India,Tamil Nadu,Chennai,"Manali Village, Chennai - TNPCB",19-08-2026 10:00:00,13.1662,80.2584,SO2,16,18,17
India,Tamil Nadu,Chennai,"Manali, Chennai - CPCB",19-08-2026 10:00:00,13.164544,80.26285,NO2,10,11,10
India,Tamil Nadu,Chennai,"Manali, Chennai - CPCB",19-08-2026 10:00:00,13.164544,80.26285,SO2,4,25,6
India,Tamil Nadu,Chennai,"Manali, Chennai - CPCB",19-08-2026 10:00:00,13.164544,80.26285,CO,18,107,58
India,Tamil Nadu,Chennai,"Royapuram, Chennai - TNPCB",19-08-2026 10:00:00,13.1036,80.2909,PM2.5,32,53,44
India,Tamil Nadu,Coimbatore,"SIDCO Kurichi, Coimbatore - TNPCB",19-08-2026 10:00:00,10.942451,76.978996,PM2.5,NA,NA,NA
India,Tamil Nadu,Coimbatore,"SIDCO Kurichi, Coimbatore - TNPCB",19-08-2026 10:00:00,10.942451,76.978996,PM10,8,51,22
India,Tamil Nadu,Coimbatore,"SIDCO Kurichi, Coimbatore - TNPCB",19-08-2026 10:00:00,10.942451,76.978996,SO2,27,29,28
India,Tamil Nadu,Cuddalore,"Kudikadu, Cuddalore - TNPCB",19-08-2026 10:00:00,11.6829898,79.7532099,NO2,NA,NA,NA
India,Tamil Nadu,Cuddalore,"Kudikadu, Cuddalore - TNPCB",19-08-2026 10:00:00,11.6829898,79.7532099,CO,NA,NA,NA
India,Rajasthan,Jaipur,"Police Commissionerate, Jaipur - RSPCB",19-08-2026 10:00:00,26.9164092,75.7994901,CO,22,100,56
India,Rajasthan,Jaipur,"RIICO Sitapura, Jaipur - RSPCB",19-08-2026 10:00:00,26.786682,75.827928,CO,17,45,30
India,Rajasthan,Jaipur,"Shastri Nagar, Jaipur - RSPCB",19-08-2026 10:00:00,26.9502929,75.730943,CO,13,22,17
India,Rajasthan,Jaisalmer,"Sadar Bazar, Jaisalmer - RSPCB",19-08-2026 10:00:00,26.912329,70.909168,NH3,5,13,7
India,Rajasthan,Jaisalmer,"Sadar Bazar, Jaisalmer - RSPCB",19-08-2026 10:00:00,26.912329,70.909168,CO,11,13,12
India,Rajasthan,Jalore,"Mudtra Sili, Jalore - RSPCB",19-08-2026 10:00:00,25.344694,72.626208,NH3,2,5,3
India,Rajasthan,Jhunjhunu,"Indra Nagar, Jhunjhunu - RSPCB",19-08-2026 10:00:00,28.108988,75.386577,PM10,73,159,97
India,Rajasthan,Jhunjhunu,"Indra Nagar, Jhunjhunu - RSPCB",19-08-2026 10:00:00,28.108988,75.386577,NO2,3,15,7
India,Rajasthan,Jodhpur,"Digari Kalan, Jodhpur - RSPCB",19-08-2026 10:00:00,26.29581,73.082283,PM2.5,22,47,30
India,Rajasthan,Jodhpur,"Jhalamand, Jodhpur - RSPCB",19-08-2026 10:00:00,26.215415,73.070156,SO2,4,6,5
India,Rajasthan,Jodhpur,"Jhalamand, Jodhpur - RSPCB",19-08-2026 10:00:00,26.215415,73.070156,CO,7,23,16
India,Rajasthan,Jodhpur,"Mandor, Jodhpur - RSPCB",19-08-2026 10:00:00,26.358805,73.047444,NH3,3,4,3
India,Rajasthan,Jodhpur,"Collectorate, Jodhpur - RSPCB",19-08-2026 10:00:00,26.268249,73.0193853,PM10,19,110,83
India,Rajasthan,Jodhpur,"Collectorate, Jodhpur - RSPCB",19-08-2026 10:00:00,26.268249,73.0193853,NH3,1,9,5
India,Rajasthan,Jodhpur,"Samrat Ashok Udhyan, Jodhpur - RSPCB",19-08-2026 10:00:00,26.253384,72.976571,PM10,80,121,97
India,Rajasthan,Jodhpur,"Samrat Ashok Udhyan, Jodhpur - RSPCB",19-08-2026 10:00:00,26.253384,72.976571,SO2,3,6,4
India,Rajasthan,Kota,"Nayapura, Kota - RSPCB",19-08-2026 10:00:00,25.196024,75.855668,PM10,70,121,86
India,Rajasthan,Kota,"Dhanmandi, Kota - RSPCB",19-08-2026 10:00:00,25.16409,75.858137,OZONE,18,34,25
India,Rajasthan,Kota,"Shrinath Puram, Kota - RSPCB",19-08-2026 10:00:00,25.14389,75.821256,PM10,59,89,72
India,Rajasthan,Kota,"Shrinath Puram, Kota - RSPCB",19-08-2026 10:00:00,25.14389,75.821256,NH3,2,11,7
India,Rajasthan,Kota,"Shrinath Puram, Kota - RSPCB",19-08-2026 10:00:00,25.14389,75.821256,CO,14,46,30
India,Rajasthan,Nagaur,"Karni Colony, Nagaur - RSPCB",19-08-2026 10:00:00,27.213494,73.734444,SO2,3,8,4
India,Rajasthan,Pali,"Indira Colony Vistar, Pali - RSPCB",19-08-2026 10:00:00,25.771061,73.340227,NO2,11,23,18
India,Rajasthan,Rajsamand,"Dhoinda, Rajsamand - RSPCB",19-08-2026 10:00:00,25.03636,73.883502,PM2.5,NA,NA,NA
India,Rajasthan,Bhiwadi,"Vasundhara Nagar_UIT, Bhiwadi - RSPCB",19-08-2026 10:00:00,28.207266,76.829265,PM10,70,121,100
India,Rajasthan,Bhiwadi,"Vasundhara Nagar_UIT, Bhiwadi - RSPCB",19-08-2026 10:00:00,28.207266,76.829265,NO2,9,40,18
India,Rajasthan,Bikaner,"MM Ground, Bikaner - RSPCB",19-08-2026 10:00:00,28.018792,73.292658,PM2.5,20,48,35
India,Rajasthan,Bikaner,"MM Ground, Bikaner - RSPCB",19-08-2026 10:00:00,28.018792,73.292658,NO2,5,26,12
India,Rajasthan,Bikaner,"MM Ground, Bikaner - RSPCB",19-08-2026 10:00:00,28.018792,73.292658,SO2,1,6,4
India,Rajasthan,Chittorgarh,"Shastri Nagar, Chittorgarh - RSPCB",19-08-2026 10:00:00,24.892047,74.623527,CO,5,9,6
India,Rajasthan,Dholpur,"Raja Ganj, Dholpur - RSPCB",19-08-2026 10:00:00,26.699557,77.898881,NO2,3,15,7
India,Rajasthan,Dungarpur,"Bhoiwada, Dungarpur - RSPCB",19-08-2026 10:00:00,23.837789,73.714926,NO2,11,14,13
India,Rajasthan,Dungarpur,"Bhoiwada, Dungarpur - RSPCB",19-08-2026 10:00:00,23.837789,73.714926,CO,13,16,14
India,Rajasthan,Jaipur,"Mansarovar Sector-12, Jaipur - RSPCB",19-08-2026 10:00:00,26.843698,75.766894,OZONE,20,51,28
India,Odisha,Bileipada,"Tata Township, Bileipada - OSPCB",19-08-2026 10:00:00,22.06156703,85.47409613,PM10,30,52,38
India,Odisha,Bileipada,"Tata Township, Bileipada - OSPCB",19-08-2026 10:00:00,22.06156703,85.47409613,OZONE,17,18,17
India,Odisha,Brajrajnagar,"GM Office, Brajrajnagar - OSPCB",19-08-2026 10:00:00,21.8004996,83.8396977,PM2.5,3,24,12
India,Odisha,Brajrajnagar,"GM Office, Brajrajnagar - OSPCB",19-08-2026 10:00:00,21.8004996,83.8396977,CO,12,60,40
India,Odisha,Cuttack,"CDA Area, Cuttack - OSPCB",19-08-2026 10:00:00,20.48891,85.84768,SO2,0,12,9
India,Odisha,Cuttack,"CDA Area, Cuttack - OSPCB",19-08-2026 10:00:00,20.48891,85.84768,OZONE,8,23,14
India,Odisha,Rourkela,"Raghunathpali, Rourkela - OSPCB",19-08-2026 10:00:00,22.220833,84.809444,SO2,4,43,10
India,Odisha,Rourkela,"Fertilizer Township, Rourkela - OSPCB",19-08-2026 10:00:00,22.18972222,84.86277778,SO2,11,12,11
India,Odisha,Rourkela,"Fertilizer Township, Rourkela - OSPCB",19-08-2026 10:00:00,22.18972222,84.86277778,CO,22,31,26
India,Telangana,Hyderabad,"ECIL Kapra, Hyderabad - TSPCB",19-08-2026 10:00:00,17.470431,78.566959,OZONE,19,27,22
India,Telangana,Hyderabad,"Ramachandrapuram, Hyderabad - TSPCB",19-08-2026 10:00:00,17.528544,78.286195,OZONE,19,24,21
India,Telangana,Hyderabad,"Kompally Municipal Office, Hyderabad - TSPCB",19-08-2026 10:00:00,17.544899,78.486949,SO2,4,10,7
India,Telangana,Hyderabad,"Somajiguda, Hyderabad - TSPCB",19-08-2026 10:00:00,17.417094,78.457437,SO2,9,10,10
India,Telangana,Hyderabad,"Somajiguda, Hyderabad - TSPCB",19-08-2026 10:00:00,17.417094,78.457437,OZONE,15,16,16
India,Telangana,Hyderabad,"IDA Pashamylaram, Hyderabad - TSPCB",19-08-2026 10:00:00,17.5316895,78.218939,PM2.5,14,62,28
India,Telangana,Hyderabad,"IDA Pashamylaram, Hyderabad - TSPCB",19-08-2026 10:00:00,17.5316895,78.218939,NO2,10,48,33
India,Telangana,Hyderabad,"IDA Pashamylaram, Hyderabad - TSPCB",19-08-2026 10:00:00,17.5316895,78.218939,NH3,0,2,2
India,Telangana,Hyderabad,"IDA Pashamylaram, Hyderabad - TSPCB",19-08-2026 10:00:00,17.5316895,78.218939,CO,5,17,10
India,Telangana,Hyderabad,"IDA Pashamylaram, Hyderabad - TSPCB",19-08-2026 10:00:00,17.5316895,78.218939,OZONE,20,20,20
India,Telangana,Hyderabad,"Sanathnagar, Hyderabad - TSPCB",19-08-2026 10:00:00,17.4559458,78.4332152,PM10,NA,NA,NA
India,Telangana,Hyderabad,"Sanathnagar, Hyderabad - TSPCB",19-08-2026 10:00:00,17.4559458,78.4332152,SO2,2,14,10
India,Telangana,Hyderabad,"Sanathnagar, Hyderabad - TSPCB",19-08-2026 10:00:00,17.4559458,78.4332152,CO,36,42,39
India,Telangana,Hyderabad,"ICRISAT Patancheru, Hyderabad - TSPCB",19-08-2026 10:00:00,17.5184,78.278777,PM2.5,5,29,15
India,Telangana,Hyderabad,"ICRISAT Patancheru, Hyderabad - TSPCB",19-08-2026 10:00:00,17.5184,78.278777,SO2,3,13,9
India,Tripura,Agartala,"Bardowali, Agartala - Tripura SPCB",19-08-2026 10:00:00,23.8175497,91.2726974,CO,27,28,27
India,Tripura,Agartala,"Bardowali, Agartala - Tripura SPCB",19-08-2026 10:00:00,23.8175497,91.2726974,OZONE,3,5,4
India,Uttar Pradesh,Agra,"Rohta, Agra - UPPCB",19-08-2026 10:00:00,27.106972,78.000111,NO2,16,17,16
India,Uttar Pradesh,Agra,"Rohta, Agra - UPPCB",19-08-2026 10:00:00,27.106972,78.000111,SO2,9,19,13
India,Uttar Pradesh,Ghaziabad,"Govindpuram, Ghaziabad - UPPCB",19-08-2026 10:00:00,28.694528,77.494705,PM10,44,127,83
India,Uttar Pradesh,Ghaziabad,"Govindpuram, Ghaziabad - UPPCB",19-08-2026 10:00:00,28.694528,77.494705,NO2,11,114,50
India,Uttar Pradesh,Ghaziabad,"Govindpuram, Ghaziabad - UPPCB",19-08-2026 10:00:00,28.694528,77.494705,SO2,0,4,2
India,Uttar Pradesh,Gorakhpur,"Madan Mohan Malaviya University of Technology, Gorakhpur - UPPCB",19-08-2026 10:00:00,26.730136,83.433859,NH3,1,1,1
India,Uttar Pradesh,Gorakhpur,"Madan Mohan Malaviya University of Technology, Gorakhpur - UPPCB",19-08-2026 10:00:00,26.730136,83.433859,SO2,45,47,46
India,Uttar Pradesh,Gorakhpur,"Madan Mohan Malaviya University of Technology, Gorakhpur - UPPCB",19-08-2026 10:00:00,26.730136,83.433859,OZONE,36,72,58
India,Uttar Pradesh,Greater Noida,"Knowledge Park - V, Greater Noida - UPPCB",19-08-2026 10:00:00,28.557054,77.453663,PM10,89,334,179
India,Uttar Pradesh,Greater Noida,"Knowledge Park - III, Greater Noida - UPPCB",19-08-2026 10:00:00,28.47272,77.482,OZONE,14,32,20
India,Uttar Pradesh,Jhansi,"Shivaji Nagar, Jhansi - UPPCB",19-08-2026 10:00:00,25.4547,78.6039,NH3,4,4,4
India,Uttar Pradesh,Kanpur,"FTI Kidwai Nagar, Kanpur - UPPCB",19-08-2026 10:00:00,26.428282,80.327067,PM2.5,7,285,65
India,Uttar Pradesh,Kanpur,"FTI Kidwai Nagar, Kanpur - UPPCB",19-08-2026 10:00:00,26.428282,80.327067,NO2,26,27,27
India,Uttar Pradesh,Kanpur,"FTI Kidwai Nagar, Kanpur - UPPCB",19-08-2026 10:00:00,26.428282,80.327067,SO2,25,50,30
India,Uttar Pradesh,Kanpur,"Nehru Nagar, Kanpur - UPPCB",19-08-2026 10:00:00,26.4703136,80.3229863,SO2,9,11,11
India,Uttar Pradesh,Kanpur,"Nehru Nagar, Kanpur - UPPCB",19-08-2026 10:00:00,26.4703136,80.3229863,CO,47,50,49
India,Uttar Pradesh,Kanpur,"Nehru Nagar, Kanpur - UPPCB",19-08-2026 10:00:00,26.4703136,80.3229863,OZONE,2,7,3
India,Uttar Pradesh,Khurja,"Kalindi Kunj, Khurja - UPPCB",19-08-2026 10:00:00,28.2348927,77.8683002,SO2,9,11,10
India,Uttar Pradesh,Bulandshahr,"Yamunapuram, Bulandshahr - UPPCB",19-08-2026 10:00:00,28.406963,77.849831,NO2,7,42,18
India,Uttar Pradesh,Fatehpur Sikri,"Dadupura, Fatehpur Sikri - UPPCB",19-08-2026 10:00:00,27.097694,77.671335,PM10,40,67,62
India,Uttar Pradesh,Fatehpur Sikri,"Dadupura, Fatehpur Sikri - UPPCB",19-08-2026 10:00:00,27.097694,77.671335,SO2,10,11,11
India,Uttar Pradesh,Fatehpur Sikri,"Dadupura, Fatehpur Sikri - UPPCB",19-08-2026 10:00:00,27.097694,77.671335,CO,9,17,14
India,Uttar Pradesh,Firozabad,"Nagla Bhau, Firozabad - UPPCB",19-08-2026 10:00:00,27.168897,78.37696,PM10,22,100,46
India,Uttar Pradesh,Firozabad,"Vibhab Nagar, Firozabad - UPPCB",19-08-2026 10:00:00,27.1594,78.3953,PM10,24,44,35
India,Uttar Pradesh,Firozabad,"Vibhab Nagar, Firozabad - UPPCB",19-08-2026 10:00:00,27.1594,78.3953,NH3,7,7,7
India,Uttar Pradesh,Firozabad,"Vibhab Nagar, Firozabad - UPPCB",19-08-2026 10:00:00,27.1594,78.3953,SO2,7,8,8
India,Uttar Pradesh,Gajraula,"Rajanpur, Gajraula - UPPCB",19-08-2026 10:00:00,28.829109,78.248796,PM10,24,96,60
India,Uttar Pradesh,Ghaziabad,"Ved Vihar-Loni, Ghaziabad - UPPCB",19-08-2026 10:00:00,28.739153,77.273668,CO,110,113,111
India,Uttar Pradesh,Ghaziabad,"Ved Vihar-Loni, Ghaziabad - UPPCB",19-08-2026 10:00:00,28.739153,77.273668,OZONE,14,22,17
India,Uttar Pradesh,Ghaziabad,"Sanjay Nagar, Ghaziabad - UPPCB",19-08-2026 10:00:00,28.685382,77.453839,PM10,34,135,101
India,Uttar Pradesh,Ghaziabad,"Vasundhara, Ghaziabad - UPPCB",19-08-2026 10:00:00,28.6603346,77.3572563,PM10,73,175,133
India,Uttar Pradesh,Prayagraj,"Motilal Nehru NIT, Prayagraj - UPPCB",19-08-2026 10:00:00,25.494,81.863,NH3,8,8,8
India,Uttar Pradesh,Prayagraj,"Nagar Nigam, Prayagraj - UPPCB",19-08-2026 10:00:00,25.44919916,81.82735986,PM2.5,2,33,9
India,Uttar Pradesh,Prayagraj,"Jhunsi, Prayagraj - UPPCB",19-08-2026 10:00:00,25.425602,81.917152,OZONE,40,48,42
India,Uttar Pradesh,Raebareli," Indira Nagar, Raebareli - NTPC Unchahar",19-08-2026 10:00:00,26.207781,81.245571,CO,42,42,42
India,Uttar Pradesh,Varanasi,"Bhelupur, Varanasi - UPPCB",19-08-2026 10:00:00,25.301778,82.996789,PM10,14,61,39
India,Uttar Pradesh,Varanasi,"Bhelupur, Varanasi - UPPCB",19-08-2026 10:00:00,25.301778,82.996789,CO,7,10,8
India,Uttar Pradesh,Varanasi,"Maldahiya, Varanasi - UPPCB",19-08-2026 10:00:00,25.32393,82.99687,NH3,0,0,0
India,Uttar Pradesh,Varanasi,"Ardhali Bazar, Varanasi - UPPCB",19-08-2026 10:00:00,25.3505986,82.9083074,OZONE,17,17,17
India,Uttar Pradesh,Varanasi,"IESD Banaras Hindu University, Varanasi - UPPCB",19-08-2026 10:00:00,25.262326,82.995408,NO2,2,2,2
India,Uttar Pradesh,Varanasi,"IESD Banaras Hindu University, Varanasi - UPPCB",19-08-2026 10:00:00,25.262326,82.995408,NH3,0,0,0
India,Uttar Pradesh,Varanasi,"IESD Banaras Hindu University, Varanasi - UPPCB",19-08-2026 10:00:00,25.262326,82.995408,SO2,8,24,14
India,Uttar Pradesh,Vrindavan,"Omex Eternity, Vrindavan - UPPCB",19-08-2026 10:00:00,27.571409,77.655757,CO,4,6,5
India,Uttar Pradesh,Agra,"Shahjahan Garden, Agra - UPPCB",19-08-2026 10:00:00,27.169338,78.03582,PM10,27,52,40
India,Uttar Pradesh,Agra,"Shahjahan Garden, Agra - UPPCB",19-08-2026 10:00:00,27.169338,78.03582,NO2,24,28,26
India,Uttar Pradesh,Agra,"Manoharpur, Agra - UPPCB",19-08-2026 10:00:00,27.23711,78.01936,PM10,36,399,95
India,Uttar Pradesh,Agra,"Sanjay Palace, Agra - UPPCB",19-08-2026 10:00:00,27.19865833,78.00598056,NH3,NA,NA,NA
India,Uttar Pradesh,Agra,"Sanjay Palace, Agra - UPPCB",19-08-2026 10:00:00,27.19865833,78.00598056,CO,32,35,33
India,Uttar Pradesh,Baghpat,"Sardar Patel Inter College, Baghpat - UPPCB",19-08-2026 10:00:00,28.964949,77.278761,PM2.5,15,53,31
India,Uttar Pradesh,Baraut,"Nagar Palika Parishad, Baraut - UPPCB",19-08-2026 10:00:00,29.09956,77.26235,NO2,15,29,18
India,Uttar Pradesh,Baraut,"Nagar Palika Parishad, Baraut - UPPCB",19-08-2026 10:00:00,29.09956,77.26235,OZONE,30,31,31
India,Uttar Pradesh,Bareilly,"Rajendra Nagar, Bareilly - UPPCB",19-08-2026 10:00:00,28.38910936,79.42963708,SO2,NA,NA,NA
India,Uttar Pradesh,Bareilly,"Rajendra Nagar, Bareilly - UPPCB",19-08-2026 10:00:00,28.38910936,79.42963708,OZONE,NA,NA,NA
India,Uttar Pradesh,Bareilly,"Civil Lines, Bareilly - UPPCB",19-08-2026 10:00:00,28.359581,79.414455,NH3,0,8,2
India,Uttar Pradesh,Bareilly,"Civil Lines, Bareilly - UPPCB",19-08-2026 10:00:00,28.359581,79.414455,SO2,26,46,36
India,Tamil Nadu,Thoothukudi,"Meelavittan, Thoothukudi - TNPCB",19-08-2026 10:00:00,8.816428,78.099039,PM10,57,71,67
India,Tamil Nadu,Thoothukudi,"Meelavittan, Thoothukudi - TNPCB",19-08-2026 10:00:00,8.816428,78.099039,CO,23,33,28
India,Telangana,Hyderabad,"Bollaram Industrial Area, Hyderabad - TSPCB",19-08-2026 10:00:00,17.518,78.383,NO2,15,30,24
India,Telangana,Hyderabad,"Bollaram Industrial Area, Hyderabad - TSPCB",19-08-2026 10:00:00,17.518,78.383,NH3,4,7,6
India,Telangana,Hyderabad,"Bollaram Industrial Area, Hyderabad - TSPCB",19-08-2026 10:00:00,17.518,78.383,SO2,9,17,14
India,Telangana,Hyderabad,"Zoo Park, Hyderabad - TSPCB",19-08-2026 10:00:00,17.349694,78.451437,OZONE,4,5,5
India,Telangana,Hyderabad,"Central University, Hyderabad - TSPCB",19-08-2026 10:00:00,17.460103,78.334361,NH3,1,5,2
India,Telangana,Hyderabad,"IITH Kandi, Hyderabad - TSPCB",19-08-2026 10:00:00,17.585705,78.126199,PM10,NA,NA,NA
India,Telangana,Hyderabad,"Nacharam_TSIIC IALA, Hyderabad - TSPCB",19-08-2026 10:00:00,17.429398,78.569354,NH3,2,5,4
India,Telangana,Hyderabad,"New Malakpet, Hyderabad - TSPCB",19-08-2026 10:00:00,17.37206,78.50864,PM10,50,57,53
India,Telangana,Hyderabad,"Kokapet, Hyderabad - TSPCB",19-08-2026 10:00:00,17.393559,78.339194,OZONE,17,17,17
India,Uttar Pradesh,Meerut,"MIET College, Meerut - UPPCB",19-08-2026 10:00:00,28.972677,77.641018,OZONE,2,10,5
India,Uttar Pradesh,Modinagar,"SRM University, Modinagar - UPPCB",19-08-2026 10:00:00,28.798171,77.540243,SO2,11,12,11
India,Uttar Pradesh,Moradabad,"Eco Herbal Park, Moradabad - UPPCB",19-08-2026 10:00:00,28.840739,78.697531,PM10,5,94,30
India,Uttar Pradesh,Moradabad,"Eco Herbal Park, Moradabad - UPPCB",19-08-2026 10:00:00,28.840739,78.697531,CO,10,20,15
India,Uttar Pradesh,Moradabad,"Buddhi Vihar, Moradabad - UPPCB",19-08-2026 10:00:00,28.83526,78.7446,NH3,5,5,5
India,Uttar Pradesh,Moradabad,"Buddhi Vihar, Moradabad - UPPCB",19-08-2026 10:00:00,28.83526,78.7446,CO,14,19,16
India,Uttar Pradesh,Moradabad,"Buddhi Vihar, Moradabad - UPPCB",19-08-2026 10:00:00,28.83526,78.7446,OZONE,17,24,21
India,Uttar Pradesh,Moradabad,"Jigar Colony, Moradabad - UPPCB",19-08-2026 10:00:00,28.856664,78.772638,PM10,18,55,37
India,Uttar Pradesh,Moradabad,"Jigar Colony, Moradabad - UPPCB",19-08-2026 10:00:00,28.856664,78.772638,SO2,30,74,43
India,Uttar Pradesh,Moradabad,"Jigar Colony, Moradabad - UPPCB",19-08-2026 10:00:00,28.856664,78.772638,CO,39,40,39
India,Uttar Pradesh,Moradabad,"Jigar Colony, Moradabad - UPPCB",19-08-2026 10:00:00,28.856664,78.772638,OZONE,19,25,23
India,Uttar Pradesh,Moradabad,"Transport Nagar, Moradabad - UPPCB",19-08-2026 10:00:00,28.802625,78.753728,CO,36,43,40
India,Uttar Pradesh,Lucknow,"Gomti Nagar, Lucknow - UPPCB",19-08-2026 10:00:00,26.86812,81.005119,PM2.5,23,163,68
India,Uttar Pradesh,Lucknow,"B R Ambedkar University, Lucknow - UPPCB",19-08-2026 10:00:00,26.766433,80.927299,NO2,11,12,12
India,Uttar Pradesh,Lucknow,"Lalbagh, Lucknow - CPCB",19-08-2026 10:00:00,26.8458805,80.9365541,CO,2,78,31
India,Uttar Pradesh,Lucknow,"Kukrail Picnic Spot-1, Lucknow - UPPCB",19-08-2026 10:00:00,26.90723,80.98579,SO2,29,40,31
India,Uttar Pradesh,Lucknow,"Kukrail Picnic Spot-1, Lucknow - UPPCB",19-08-2026 10:00:00,26.90723,80.98579,CO,13,18,16
India,Uttar Pradesh,Mathura,"Pali Dungra, Mathura - UPPCB",19-08-2026 10:00:00,27.410954,77.550619,SO2,3,5,4
India,Uttar Pradesh,Mathura,"Pali Dungra, Mathura - UPPCB",19-08-2026 10:00:00,27.410954,77.550619,OZONE,19,19,19
India,Uttar Pradesh,Meerut,"Jai Bhim Nagar, Meerut - UPPCB",19-08-2026 10:00:00,28.9535882,77.7622941,NO2,10,22,14
India,Uttar Pradesh,Meerut,"Jai Bhim Nagar, Meerut - UPPCB",19-08-2026 10:00:00,28.9535882,77.7622941,OZONE,17,27,20
India,Uttar Pradesh,Moradabad,"Employment Office, Moradabad - UPPCB",19-08-2026 10:00:00,28.88528,78.7388,PM10,29,57,44
India,Uttar Pradesh,Moradabad,"Employment Office, Moradabad - UPPCB",19-08-2026 10:00:00,28.88528,78.7388,NH3,3,3,3
India,Uttar Pradesh,Noida,"Sector - 125, Noida - UPPCB",19-08-2026 10:00:00,28.5447608,77.3231257,PM2.5,24,279,68
India,Uttar Pradesh,Noida,"Sector - 125, Noida - UPPCB",19-08-2026 10:00:00,28.5447608,77.3231257,PM10,65,409,141
India,Uttar Pradesh,Noida,"Sector - 125, Noida - UPPCB",19-08-2026 10:00:00,28.5447608,77.3231257,NO2,15,67,29
India,Uttar Pradesh,Noida,"Sector-1, Noida - UPPCB",19-08-2026 10:00:00,28.5898,77.3101,PM2.5,21,173,58
India,Uttar Pradesh,Noida,"Sector-1, Noida - UPPCB",19-08-2026 10:00:00,28.5898,77.3101,NO2,16,65,35
India,Uttar Pradesh,Noida,"Sector-116, Noida - UPPCB",19-08-2026 10:00:00,28.56923,77.393848,NH3,11,16,12
India,Uttarakhand,Dehradun,"Doon University, Dehradun - UKPCB",19-08-2026 10:00:00,30.269444,78.044167,SO2,1,1,1
India,Uttarakhand,Rishikesh,"Shivaji Nagar, Rishikesh - UKPCB",19-08-2026 10:00:00,30.075911,78.2859547,NO2,7,7,7
India,West Bengal,Asansol,"Asansol Court Area, Asansol - WBPCB",19-08-2026 10:00:00,23.685297,86.945968,NH3,3,6,4
India,West Bengal,Asansol,"Asansol Court Area, Asansol - WBPCB",19-08-2026 10:00:00,23.685297,86.945968,SO2,7,17,14
India,West Bengal,Asansol,"Asansol Court Area, Asansol - WBPCB",19-08-2026 10:00:00,23.685297,86.945968,OZONE,14,19,16
India,West Bengal,Asansol,"Evelyn Lodge, Asansol - WBPCB",19-08-2026 10:00:00,23.697936,86.944395,PM10,8,35,17
India,West Bengal,Asansol,"Mahabir Colliery, Asansol - WBPCB",19-08-2026 10:00:00,23.618183,87.105718,NO2,2,2,2
India,West Bengal,Asansol,"Mahabir Colliery, Asansol - WBPCB",19-08-2026 10:00:00,23.618183,87.105718,SO2,11,12,11
India,West Bengal,Barrackpore,"SVSPA Campus, Barrackpore - WBPCB",19-08-2026 10:00:00,22.7605581,88.3617589,PM10,37,58,47
India,West Bengal,Durgapur,"PCBL Residential Complex, Durgapur - WBPCB",19-08-2026 10:00:00,23.508764,87.35444,NH3,NA,NA,NA
India,West Bengal,Durgapur,"PCBL Residential Complex, Durgapur - WBPCB",19-08-2026 10:00:00,23.508764,87.35444,OZONE,NA,NA,NA
India,West Bengal,Durgapur,"Mahishkapur Road_B-Zone, Durgapur - WBPCB",19-08-2026 10:00:00,23.567923,87.306843,PM2.5,10,38,23
India,West Bengal,Durgapur,"Mahishkapur Road_B-Zone, Durgapur - WBPCB",19-08-2026 10:00:00,23.567923,87.306843,NO2,5,13,9
India,West Bengal,Durgapur,"Womens College_City Center, Durgapur - WBPCB",19-08-2026 10:00:00,23.549395,87.300496,PM10,27,35,30
India,West Bengal,Durgapur,"Womens College_City Center, Durgapur - WBPCB",19-08-2026 10:00:00,23.549395,87.300496,CO,27,33,29
India,West Bengal,Haldia,"Priyambada Housing Estate, Haldia - WBPCB",19-08-2026 10:00:00,22.06047,88.109737,OZONE,25,29,27
India,West Bengal,Howrah,"Belur Math, Howrah - WBPCB",19-08-2026 10:00:00,22.629801,88.352017,CO,14,24,18
India,West Bengal,Howrah,"Dasnagar, Howrah - WBPCB",19-08-2026 10:00:00,22.6025571,88.3105664,NH3,NA,NA,NA
India,West Bengal,Howrah,"Dasnagar, Howrah - WBPCB",19-08-2026 10:00:00,22.6025571,88.3105664,SO2,NA,NA,NA
India,West Bengal,Howrah,"Dasnagar, Howrah - WBPCB",19-08-2026 10:00:00,22.6025571,88.3105664,OZONE,1,18,7
India,West Bengal,Kolkata,"Bidhannagar, Kolkata - WBPCB",19-08-2026 10:00:00,22.58157048,88.41002457,PM2.5,11,29,20
India,West Bengal,Kolkata,"Jadavpur, Kolkata - WBPCB",19-08-2026 10:00:00,22.49929,88.36917,NO2,24,50,32
India,West Bengal,Kolkata,"Rabindra Bharati University, Kolkata - WBPCB",19-08-2026 10:00:00,22.627847,88.380669,SO2,7,9,8
India,West Bengal,Siliguri,"Ward-32 Bapupara, Siliguri - WBPCB",19-08-2026 10:00:00,26.6879226,88.4152495,PM10,18,31,25
India,West Bengal,Siliguri,"Ward-32 Bapupara, Siliguri - WBPCB",19-08-2026 10:00:00,26.6879226,88.4152495,NH3,15,17,16
India,West Bengal,Siliguri,"Ward-32 Bapupara, Siliguri - WBPCB",19-08-2026 10:00:00,26.6879226,88.4152495,SO2,13,15,14
India,Chhattisgarh,Raipur,"Siltara Phase-II, Raipur - CECB",19-08-2026 10:00:00,21.371751,81.664929,CO,17,17,17
India,Chhattisgarh,Raipur,"AIIMS, Raipur - CECB",19-08-2026 10:00:00,21.258815,81.578979,PM2.5,11,23,17
India,Chhattisgarh,Raipur,"AIIMS, Raipur - CECB",19-08-2026 10:00:00,21.258815,81.578979,NO2,0,5,2
India,Chhattisgarh,Raipur,"AIIMS, Raipur - CECB",19-08-2026 10:00:00,21.258815,81.578979,NH3,4,4,4
India,Chhattisgarh,Tumidih,"OP Jindal Industrial Park, Tumidih - CECB",19-08-2026 10:00:00,22.06631475,83.33820077,PM2.5,NA,NA,NA
India,Chhattisgarh,Tumidih,"OP Jindal Industrial Park, Tumidih - CECB",19-08-2026 10:00:00,22.06631475,83.33820077,NH3,1,2,2
India,Delhi,Delhi,"ITO, Delhi - CPCB",19-08-2026 10:00:00,28.628624,77.24106,NH3,1,6,4
India,Delhi,Delhi,"ITO, Delhi - CPCB",19-08-2026 10:00:00,28.628624,77.24106,SO2,0,38,16
India,Delhi,Delhi,"ITO, Delhi - CPCB",19-08-2026 10:00:00,28.628624,77.24106,CO,35,69,49
India,Delhi,Delhi,"Narela, Delhi - DPCC",19-08-2026 10:00:00,28.822836,77.101981,NH3,6,16,10
India,Delhi,Delhi,"Narela, Delhi - DPCC",19-08-2026 10:00:00,28.822836,77.101981,SO2,1,14,13
India,Delhi,Delhi,"Narela, Delhi - DPCC",19-08-2026 10:00:00,28.822836,77.101981,OZONE,11,21,16
India,Delhi,Delhi,"Major Dhyan Chand National Stadium, Delhi - DPCC",19-08-2026 10:00:00,28.611281,77.237738,CO,14,26,20
India,Delhi,Delhi,"Sonia Vihar, Delhi - DPCC",19-08-2026 10:00:00,28.710508,77.249485,NO2,12,51,22
India,Delhi,Delhi,"Sonia Vihar, Delhi - DPCC",19-08-2026 10:00:00,28.710508,77.249485,CO,30,59,40
India,Delhi,Delhi,"Bawana, Delhi - DPCC",19-08-2026 10:00:00,28.7762,77.051074,PM10,74,187,119
India,Delhi,Delhi,"Bawana, Delhi - DPCC",19-08-2026 10:00:00,28.7762,77.051074,NH3,7,12,9
India,Delhi,Delhi,"Bawana, Delhi - DPCC",19-08-2026 10:00:00,28.7762,77.051074,SO2,11,12,11
India,Delhi,Delhi,"Rohini, Delhi - DPCC",19-08-2026 10:00:00,28.732528,77.11992,CO,31,43,36
India,Bihar,Chhapra,"Darshan Nagar, Chhapra - BSPCB",19-08-2026 10:00:00,25.7808257,84.7446768,NO2,0,1,1
India,Bihar,Chhapra,"Darshan Nagar, Chhapra - BSPCB",19-08-2026 10:00:00,25.7808257,84.7446768,SO2,27,31,29
India,Bihar,Gaya,"Collectorate, Gaya - BSPCB",19-08-2026 10:00:00,24.7955,84.9994,NH3,NA,NA,NA
India,Bihar,Gaya,"SFTI Kusdihra, Gaya - BSPCB",19-08-2026 10:00:00,24.762518,84.982348,PM2.5,15,27,20
India,Bihar,Gaya,"SFTI Kusdihra, Gaya - BSPCB",19-08-2026 10:00:00,24.762518,84.982348,NO2,20,27,23
India,Bihar,Gaya,"SFTI Kusdihra, Gaya - BSPCB",19-08-2026 10:00:00,24.762518,84.982348,NH3,5,7,6
India,Bihar,Gaya,"Kareemganj, Gaya - BSPCB",19-08-2026 10:00:00,24.792403,84.992416,PM2.5,NA,NA,NA
India,Bihar,Gaya,"Kareemganj, Gaya - BSPCB",19-08-2026 10:00:00,24.792403,84.992416,NO2,11,13,12
India,Bihar,Hajipur,"Industrial Area, Hajipur - BSPCB",19-08-2026 10:00:00,25.697189,85.2459,PM2.5,20,39,30
India,Bihar,Hajipur,"Industrial Area, Hajipur - BSPCB",19-08-2026 10:00:00,25.697189,85.2459,PM10,31,44,37
India,Bihar,Hajipur,"Industrial Area, Hajipur - BSPCB",19-08-2026 10:00:00,25.697189,85.2459,SO2,4,7,5
India,Bihar,Hajipur,"Industrial Area, Hajipur - BSPCB",19-08-2026 10:00:00,25.697189,85.2459,CO,20,27,24
India,Bihar,Katihar,"Mirchaibari, Katihar - BSPCB",19-08-2026 10:00:00,25.560083,87.553265,NO2,NA,NA,NA
India,Bihar,Katihar,"Mirchaibari, Katihar - BSPCB",19-08-2026 10:00:00,25.560083,87.553265,CO,NA,NA,NA
India,Bihar,Kishanganj,"SDM Office_Khagra, Kishanganj - BSPCB",19-08-2026 10:00:00,26.0881305,87.93840336,PM10,31,57,38
India,Bihar,Kishanganj,"SDM Office_Khagra, Kishanganj - BSPCB",19-08-2026 10:00:00,26.0881305,87.93840336,NO2,7,8,7
India,Bihar,Kishanganj,"SDM Office_Khagra, Kishanganj - BSPCB",19-08-2026 10:00:00,26.0881305,87.93840336,SO2,6,11,9
India,Bihar,Manguraha,"Forest Rest House, Manguraha - BSPCB",19-08-2026 10:00:00,27.308328,84.531742,PM2.5,NA,NA,NA
India,Andhra Pradesh,Tirumala,"Toll Gate, Tirumala - APPCB",19-08-2026 10:00:00,13.67,79.35,PM2.5,9,33,22
India,Andhra Pradesh,Tirumala,"Toll Gate, Tirumala - APPCB",19-08-2026 10:00:00,13.67,79.35,SO2,4,20,8
India,Andhra Pradesh,Tirupati,"Vaikuntapuram, Tirupati - APPCB",19-08-2026 10:00:00,13.615387,79.40923,NH3,NA,NA,NA
India,Andhra Pradesh,Vijayawada,"HB Colony, Vijayawada - APPCB",19-08-2026 10:00:00,16.536107,80.594233,SO2,9,18,11
India,Andhra Pradesh,Vijayawada,"Rajiv Gandhi Park, Vijayawada - APPCB",19-08-2026 10:00:00,16.509717,80.612222,OZONE,16,20,17
India,Andhra Pradesh,Visakhapatnam,"GVM Corporation, Visakhapatnam - APPCB",19-08-2026 10:00:00,17.72,83.3,NO2,49,136,84
India,Andhra Pradesh,Visakhapatnam,"GVM Corporation, Visakhapatnam - APPCB",19-08-2026 10:00:00,17.72,83.3,NH3,3,4,4
India,Arunachal Pradesh,Naharlagun,"Naharlagun, Naharlagun - APSPCB",19-08-2026 10:00:00,27.103358,93.679645,PM10,9,52,30
India,Arunachal Pradesh,Naharlagun,"Naharlagun, Naharlagun - APSPCB",19-08-2026 10:00:00,27.103358,93.679645,NO2,8,9,8
India,Arunachal Pradesh,Naharlagun,"Naharlagun, Naharlagun - APSPCB",19-08-2026 10:00:00,27.103358,93.679645,NH3,1,1,1
India,Arunachal Pradesh,Naharlagun,"Naharlagun, Naharlagun - APSPCB",19-08-2026 10:00:00,27.103358,93.679645,SO2,11,13,12
India,Assam,Byrnihat,"Central Academy for SFS, Byrnihat - PCBA",19-08-2026 10:00:00,26.071318,91.87488,PM2.5,72,183,111
India,Bihar,Purnia,"Mariam Nagar, Purnia - BSPCB",19-08-2026 10:00:00,25.366336,87.117468,CO,56,57,56
India,Bihar,Purnia,"Mariam Nagar, Purnia - BSPCB",19-08-2026 10:00:00,25.366336,87.117468,OZONE,15,44,24
India,Bihar,Samastipur,"DM Office_Kasipur, Samastipur - BSPCB",19-08-2026 10:00:00,25.859655,85.77944,CO,NA,NA,NA
India,Bihar,Samastipur,"DM Office_Kasipur, Samastipur - BSPCB",19-08-2026 10:00:00,25.859655,85.77944,OZONE,6,6,6
India,Bihar,Sasaram,"Dada Peer, Sasaram - BSPCB",19-08-2026 10:00:00,24.952822,84.002396,NO2,1,5,2
India,Bihar,Sasaram,"Dada Peer, Sasaram - BSPCB",19-08-2026 10:00:00,24.952822,84.002396,SO2,3,5,4
India,Chandigarh,Chandigarh,"Sector 22, Chandigarh - CPCC",19-08-2026 10:00:00,30.735567,76.775714,NH3,5,21,11
India,Chandigarh,Chandigarh,"Sector-25, Chandigarh - CPCC",19-08-2026 10:00:00,30.751462,76.762879,CO,15,24,19
India,Chhattisgarh,Bhilai,"32Bungalows, Bhilai - CECB",19-08-2026 10:00:00,21.194815,81.31477,PM2.5,9,31,15
India,Chhattisgarh,Bhilai,"32Bungalows, Bhilai - CECB",19-08-2026 10:00:00,21.194815,81.31477,CO,2,5,3
India,Chhattisgarh,Bhilai,"32Bungalows, Bhilai - CECB",19-08-2026 10:00:00,21.194815,81.31477,OZONE,5,8,7
India,Chhattisgarh,Bhilai,"Civic Center, Bhilai - Bhilai Steel Plant",19-08-2026 10:00:00,21.185571,81.343175,OZONE,11,12,11
India,Andhra Pradesh,Kurnool,"Sita Rama Nagar, Kurnool - APPCB",19-08-2026 10:00:00,15.83411,78.028546,PM10,26,51,37
India,Andhra Pradesh,Machilipatnam,"Srinivas Nagar Colony, Machilipatnam - APPCB",19-08-2026 10:00:00,16.186555,81.13219,PM2.5,51,64,54
India,Andhra Pradesh,Machilipatnam,"Srinivas Nagar Colony, Machilipatnam - APPCB",19-08-2026 10:00:00,16.186555,81.13219,NO2,13,25,15
India,Andhra Pradesh,Machilipatnam,"Srinivas Nagar Colony, Machilipatnam - APPCB",19-08-2026 10:00:00,16.186555,81.13219,SO2,2,19,13
India,Andhra Pradesh,Machilipatnam,"Srinivas Nagar Colony, Machilipatnam - APPCB",19-08-2026 10:00:00,16.186555,81.13219,CO,20,26,22
India,Andhra Pradesh,Nellore,"Ambedkar Nagar, Nellore - APPCB ",19-08-2026 10:00:00,14.438164,79.966814,PM10,60,76,67
India,Andhra Pradesh,Nellore,"Ambedkar Nagar, Nellore - APPCB ",19-08-2026 10:00:00,14.438164,79.966814,NO2,24,32,28
India,Andhra Pradesh,Nellore,"Ambedkar Nagar, Nellore - APPCB ",19-08-2026 10:00:00,14.438164,79.966814,SO2,8,23,11
India,Andhra Pradesh,Nellore,"Ambedkar Nagar, Nellore - APPCB ",19-08-2026 10:00:00,14.438164,79.966814,OZONE,25,28,26
India,Andhra Pradesh,Rajamahendravaram,"Anand Kala Kshetram, Rajamahendravaram - APPCB",19-08-2026 10:00:00,16.9872867,81.7363176,NO2,3,13,7
India,Andhra Pradesh,Rajamahendravaram,"Anand Kala Kshetram, Rajamahendravaram - APPCB",19-08-2026 10:00:00,16.9872867,81.7363176,OZONE,19,31,25
India,Andhra Pradesh,Srikakulam,"Chinna Bharatham Colony, Srikakulam - APPCB",19-08-2026 10:00:00,18.292191,83.897173,PM2.5,26,60,40
India,Bihar,Manguraha,"Forest Rest House, Manguraha - BSPCB",19-08-2026 10:00:00,27.308328,84.531742,NH3,0,1,1
India,Bihar,Manguraha,"Forest Rest House, Manguraha - BSPCB",19-08-2026 10:00:00,27.308328,84.531742,SO2,NA,NA,NA
India,Bihar,Motihari,"Gandak Colony, Motihari - BSPCB",19-08-2026 10:00:00,26.63086,84.90051,PM10,12,82,18
India,Bihar,Motihari,"Gandak Colony, Motihari - BSPCB",19-08-2026 10:00:00,26.63086,84.90051,NH3,1,1,1
India,Bihar,Motihari,"Gandak Colony, Motihari - BSPCB",19-08-2026 10:00:00,26.63086,84.90051,SO2,2,3,3
India,Bihar,Motihari,"Gandak Colony, Motihari - BSPCB",19-08-2026 10:00:00,26.63086,84.90051,CO,11,14,13
India,Bihar,Munger,"Town Hall, Munger - BSPCB",19-08-2026 10:00:00,25.376776,86.471523,OZONE,13,14,14
India,Bihar,Muzaffarpur,"Buddha Colony, Muzaffarpur - BSPCB",19-08-2026 10:00:00,26.11442,85.39813,OZONE,9,11,10
India,Bihar,Patna,"Rajbansi Nagar, Patna - BSPCB",19-08-2026 10:00:00,25.599486,85.113666,PM10,NA,NA,NA
India,Bihar,Patna,"DRM Office Danapur, Patna - BSPCB",19-08-2026 10:00:00,25.586562,85.043586,NO2,20,25,23
India,Bihar,Patna,"Samanpura, Patna - BSPCB",19-08-2026 10:00:00,25.596727,85.085624,PM10,65,97,82
India,Chhattisgarh,Bhilai,"Hathkhoj, Bhilai - CECB",19-08-2026 10:00:00,21.224231,81.40835,NO2,6,17,12
India,Chhattisgarh,Bilaspur,"Mangala, Bilaspur - NTPC",19-08-2026 10:00:00,22.08815,82.13737,PM10,15,85,25
India,Chhattisgarh,Chhal,"Nawapara SECL Colony, Chhal - CECB",19-08-2026 10:00:00,22.118125,83.140608,CO,17,25,21
India,Chhattisgarh,Korba,"Urja Nagar, Korba - CECB",19-08-2026 10:00:00,22.348441,82.549611,SO2,10,16,13
India,Chhattisgarh,Korba,"Urja Nagar, Korba - CECB",19-08-2026 10:00:00,22.348441,82.549611,CO,NA,NA,NA
India,Chhattisgarh,Korba,"Rampur, Korba - CECB",19-08-2026 10:00:00,22.368195,82.746431,PM2.5,10,31,15
India,Chhattisgarh,Kunjemura,"OP Jindal School, Kunjemura - CECB",19-08-2026 10:00:00,22.12665,83.483212,NO2,7,20,13
India,Chhattisgarh,Kunjemura,"OP Jindal School, Kunjemura - CECB",19-08-2026 10:00:00,22.12665,83.483212,CO,24,31,28
India,Chhattisgarh,Kunjemura,"OP Jindal School, Kunjemura - CECB",19-08-2026 10:00:00,22.12665,83.483212,OZONE,3,5,4
India,Chhattisgarh,Raipur,"Krishak Nagar, Raipur - CECB",19-08-2026 10:00:00,21.237755,81.705301,SO2,2,7,6
India,Assam,Sivasagar,"Girls College, Sivasagar - PCBA",19-08-2026 10:00:00,26.987634,94.636574,CO,11,20,14
India,Bihar,Araria,"Kharahiya Basti, Araria - BSPCB",19-08-2026 10:00:00,26.146529,87.454184,PM2.5,8,53,21
India,Bihar,Arrah,"New DM Office, Arrah - BSPCB",19-08-2026 10:00:00,25.5626095,84.663264,PM10,40,43,40
India,Bihar,Arrah,"New DM Office, Arrah - BSPCB",19-08-2026 10:00:00,25.5626095,84.663264,NH3,2,2,2
India,Bihar,Begusarai,"Lohiyanagar, Begusarai - BSPCB",19-08-2026 10:00:00,25.42742023,86.13886079,NH3,15,16,16
India,Bihar,Bettiah,"Kamalnath Nagar, Bettiah - BSPCB",19-08-2026 10:00:00,26.80365,84.51954,NH3,NA,NA,NA
India,Bihar,Bhagalpur,"Mayaganj, Bhagalpur - BSPCB",19-08-2026 10:00:00,25.265194,87.012947,NH3,1,8,3
India,Bihar,Bhagalpur,"DM Office_Kachari Chowk, Bhagalpur - BSPCB",19-08-2026 10:00:00,25.251013,86.989001,NH3,4,4,4
India,Andhra Pradesh,Anantapur,"Gulzarpet, Anantapur - APPCB",19-08-2026 10:00:00,14.675886,77.593027,PM10,53,149,65
India,Andhra Pradesh,Chittoor,"Gangineni Cheruvu, Chittoor - APPCB",19-08-2026 10:00:00,13.20488,79.097889,PM2.5,59,89,73
India,Andhra Pradesh,Chittoor,"Gangineni Cheruvu, Chittoor - APPCB",19-08-2026 10:00:00,13.20488,79.097889,NO2,27,37,30
India,Andhra Pradesh,Chittoor,"Gangineni Cheruvu, Chittoor - APPCB",19-08-2026 10:00:00,13.20488,79.097889,OZONE,28,30,29
India,Andhra Pradesh,Eluru,"District Court, Eluru - APPCB",19-08-2026 10:00:00,16.711754,81.092095,OZONE,12,24,17
India,Andhra Pradesh,Kadapa,"Yerramukkapalli, Kadapa - APPCB",19-08-2026 10:00:00,14.465052,78.824187,NO2,14,26,21
India,Andhra Pradesh,Kadapa,"Yerramukkapalli, Kadapa - APPCB",19-08-2026 10:00:00,14.465052,78.824187,NH3,1,3,1
India,Assam,Byrnihat,"Central Academy for SFS, Byrnihat - PCBA",19-08-2026 10:00:00,26.071318,91.87488,PM10,66,121,93
India,Assam,Byrnihat,"Central Academy for SFS, Byrnihat - PCBA",19-08-2026 10:00:00,26.071318,91.87488,CO,14,69,42
India,Assam,Guwahati,"IITG, Guwahati - PCBA",19-08-2026 10:00:00,26.2028636,91.70046436,PM2.5,4,18,11
India,Assam,Guwahati,"Railway Colony, Guwahati - PCBA",19-08-2026 10:00:00,26.181742,91.78063,SO2,1,4,3
India,Assam,Nalbari,"Bata Chowk, Nalbari - PCBA",19-08-2026 10:00:00,26.446912,91.439057,NH3,6,6,6
India,Delhi,Delhi,"Burari Crossing, Delhi - IITM",19-08-2026 10:00:00,28.7256504,77.2011573,SO2,NA,NA,NA
India,Delhi,Delhi,"IMD Lodhi Road, Delhi - IITM",19-08-2026 10:00:00,28.5918245,77.2273074,NH3,NA,NA,NA
India,Delhi,Delhi,"JNU, Delhi - DPCC",19-08-2026 10:00:00,28.540721,77.168544,OZONE,5,8,6
India,Delhi,Delhi,"Alipur, Delhi - DPCC",19-08-2026 10:00:00,28.815329,77.15301,NH3,6,13,10
India,Delhi,Delhi,"Alipur, Delhi - DPCC",19-08-2026 10:00:00,28.815329,77.15301,OZONE,7,11,9
India,Delhi,Delhi,"North Campus, DU, Delhi - IITM",19-08-2026 10:00:00,28.6573814,77.1585447,PM2.5,10,93,52
India,Delhi,Delhi,"North Campus, DU, Delhi - IITM",19-08-2026 10:00:00,28.6573814,77.1585447,PM10,35,152,98
India,Delhi,Delhi,"R K Puram, Delhi - DPCC",19-08-2026 10:00:00,28.563262,77.186937,NH3,4,6,5
India,Delhi,Delhi,"R K Puram, Delhi - DPCC",19-08-2026 10:00:00,28.563262,77.186937,SO2,17,18,18
India,Delhi,Delhi,"R K Puram, Delhi - DPCC",19-08-2026 10:00:00,28.563262,77.186937,OZONE,1,17,9
India,Gujarat,Ahmedabad,"SVPI Airport Hansol, Ahmedabad - IITM",19-08-2026 10:00:00,23.076793,72.627874,NO2,12,42,21
India,Gujarat,Ahmedabad,"SVPI Airport Hansol, Ahmedabad - IITM",19-08-2026 10:00:00,23.076793,72.627874,CO,9,13,11
India,Gujarat,Ahmedabad,"Rakhial, Ahmedabad - IITM",19-08-2026 10:00:00,23.016834,72.625775,PM2.5,48,80,64
India,Gujarat,Ahmedabad,"Maninagar, Ahmedabad - GPCB",19-08-2026 10:00:00,23.002657,72.591912,NH3,NA,NA,NA
India,Gujarat,Ahmedabad,"Chandkheda, Ahmedabad - IITM",19-08-2026 10:00:00,23.107969,72.574648,PM2.5,25,82,57
India,Gujarat,Ahmedabad,"Chandkheda, Ahmedabad - IITM",19-08-2026 10:00:00,23.107969,72.574648,PM10,61,107,81
India,Gujarat,Ahmedabad,"SAC ISRO Satellite, Ahmedabad - IITM",19-08-2026 10:00:00,23.023389,72.515201,PM2.5,52,93,70
India,Gujarat,Ahmedabad,"SAC ISRO Satellite, Ahmedabad - IITM",19-08-2026 10:00:00,23.023389,72.515201,PM10,62,109,85
India,Gujarat,Ahmedabad,"SAC ISRO Satellite, Ahmedabad - IITM",19-08-2026 10:00:00,23.023389,72.515201,CO,20,35,28
India,Gujarat,Ahmedabad,"Gyaspur, Ahmedabad - IITM",19-08-2026 10:00:00,22.977134,72.553024,PM2.5,41,73,57
India,Gujarat,Ahmedabad,"Gyaspur, Ahmedabad - IITM",19-08-2026 10:00:00,22.977134,72.553024,CO,8,13,11
India,Gujarat,Ahmedabad,"Raikhad, Ahmedabad - IITM",19-08-2026 10:00:00,23.020509,72.579261,PM2.5,24,64,40
India,Gujarat,Ankleshwar,"GIDC, Ankleshwar - GPCB",19-08-2026 10:00:00,21.613267,73.010555,OZONE,40,45,42
India,Gujarat,Bhavnagar,"Vidhyanagar, Bhavnagar - Nexteng Enviro",19-08-2026 10:00:00,21.755417,72.139056,PM10,46,75,61
India,Gujarat,Gandhinagar,"Sector-10, Gandhinagar - GPCB",19-08-2026 10:00:00,23.221714,72.654328,SO2,3,4,4
India,Gujarat,Gandhinagar,"IIPHG Lekawada, Gandhinagar - IITM",19-08-2026 10:00:00,23.243639,72.68994,PM10,93,114,103
India,Gujarat,Gandhinagar,"GIFT City, Gandhinagar - IITM",19-08-2026 10:00:00,23.163798,72.677768,PM2.5,22,67,41
India,Gujarat,Gandhinagar,"GIFT City, Gandhinagar - IITM",19-08-2026 10:00:00,23.163798,72.677768,SO2,1,12,5
India,Gujarat,Gandhinagar,"GIFT City, Gandhinagar - IITM",19-08-2026 10:00:00,23.163798,72.677768,CO,19,31,26
India,Gujarat,Mehsana,"Sadanand Nagar, Mehsana - Nexteng Enviro",19-08-2026 10:00:00,23.59315,72.372792,PM10,31,108,72
India,Haryana,Bahadurgarh,"Arya Nagar, Bahadurgarh - HSPCB",19-08-2026 10:00:00,28.6701,76.9254,PM10,40,99,65
India,Haryana,Bahadurgarh,"Arya Nagar, Bahadurgarh - HSPCB",19-08-2026 10:00:00,28.6701,76.9254,NO2,22,28,25
India,Haryana,Bahadurgarh,"Arya Nagar, Bahadurgarh - HSPCB",19-08-2026 10:00:00,28.6701,76.9254,OZONE,35,44,40
India,Haryana,Bhiwani,"H.B. Colony, Bhiwani - HSPCB",19-08-2026 10:00:00,28.806223,76.141105,PM10,54,88,67
India,Haryana,Charkhi Dadri,"Mini Secretariat, Charkhi Dadri - HSPCB",19-08-2026 10:00:00,28.593883,76.270653,PM2.5,121,318,213
India,Haryana,Charkhi Dadri,"Mini Secretariat, Charkhi Dadri - HSPCB",19-08-2026 10:00:00,28.593883,76.270653,NH3,5,8,6
India,Haryana,Charkhi Dadri,"Mini Secretariat, Charkhi Dadri - HSPCB",19-08-2026 10:00:00,28.593883,76.270653,OZONE,11,38,20
India,Haryana,Dharuhera,"Municipal Corporation Office, Dharuhera -  HSPCB",19-08-2026 10:00:00,28.2068,76.7997,PM2.5,46,146,80
India,Haryana,Dharuhera,"Municipal Corporation Office, Dharuhera -  HSPCB",19-08-2026 10:00:00,28.2068,76.7997,CO,6,27,16
India,Haryana,Faridabad,"New Industrial Town, Faridabad - HSPCB",19-08-2026 10:00:00,28.39072,77.30059,PM10,48,97,76
India,Haryana,Faridabad,"New Industrial Town, Faridabad - HSPCB",19-08-2026 10:00:00,28.39072,77.30059,SO2,5,10,7
India,Haryana,Faridabad,"New Industrial Town, Faridabad - HSPCB",19-08-2026 10:00:00,28.39072,77.30059,OZONE,14,14,14
India,Delhi,Delhi,"Rohini, Delhi - DPCC",19-08-2026 10:00:00,28.732528,77.11992,OZONE,10,11,11
India,Delhi,Delhi,"Jahangirpuri, Delhi - DPCC",19-08-2026 10:00:00,28.73282,77.170633,SO2,10,19,12
India,Delhi,Delhi,"Jahangirpuri, Delhi - DPCC",19-08-2026 10:00:00,28.73282,77.170633,OZONE,6,8,7
India,Delhi,Delhi,"IHBAS, Dilshad Garden, Delhi - CPCB",19-08-2026 10:00:00,28.6811736,77.3025234,CO,18,61,42
India,Delhi,Delhi,"Sri Aurobindo Marg, Delhi - DPCC",19-08-2026 10:00:00,28.531346,77.190156,NH3,3,4,3
India,Delhi,Delhi,"Sri Aurobindo Marg, Delhi - DPCC",19-08-2026 10:00:00,28.531346,77.190156,SO2,34,39,37
India,Delhi,Delhi,"Sri Aurobindo Marg, Delhi - DPCC",19-08-2026 10:00:00,28.531346,77.190156,OZONE,3,13,5
India,Delhi,Delhi,"Nehru Nagar, Delhi - DPCC",19-08-2026 10:00:00,28.56789,77.250515,SO2,1,108,11
India,Delhi,Delhi,"Patparganj, Delhi - DPCC",19-08-2026 10:00:00,28.623763,77.287209,NH3,9,9,9
India,Delhi,Delhi,"Patparganj, Delhi - DPCC",19-08-2026 10:00:00,28.623763,77.287209,CO,28,46,36
India,Delhi,Delhi,"Jawaharlal Nehru Stadium, Delhi - DPCC",19-08-2026 10:00:00,28.58028,77.233829,NO2,5,25,14
India,Delhi,Delhi,"Mandir Marg, Delhi - DPCC",19-08-2026 10:00:00,28.636429,77.201067,NH3,8,9,9
India,Delhi,Delhi,"Mandir Marg, Delhi - DPCC",19-08-2026 10:00:00,28.636429,77.201067,OZONE,4,12,8
India,Delhi,Delhi,"Pusa, Delhi - DPCC",19-08-2026 10:00:00,28.639652,77.146275,NH3,5,17,10
India,Delhi,Delhi,"Sirifort, Delhi - CPCB",19-08-2026 10:00:00,28.5504249,77.2159377,PM2.5,33,113,60
India,Delhi,Delhi,"Pusa, Delhi - IITM",19-08-2026 10:00:00,28.63611,77.173332,SO2,NA,NA,NA
India,Delhi,Delhi,"DTU, Delhi - CPCB",19-08-2026 10:00:00,28.7500499,77.1112615,NO2,2,25,18
India,Delhi,Delhi,"DTU, Delhi - CPCB",19-08-2026 10:00:00,28.7500499,77.1112615,CO,5,10,7
India,Delhi,Delhi,"Dwarka-Sector 8, Delhi - DPCC ",19-08-2026 10:00:00,28.5710274,77.0719006,PM10,45,190,117
India,Delhi,Delhi,"Dr. Karni Singh Shooting Range, Delhi - DPCC",19-08-2026 10:00:00,28.498571,77.26484,NH3,5,6,6
India,Delhi,Delhi,"Wazirpur, Delhi - DPCC",19-08-2026 10:00:00,28.699793,77.165453,NO2,24,80,40
India,Delhi,Delhi,"Wazirpur, Delhi - DPCC",19-08-2026 10:00:00,28.699793,77.165453,SO2,18,22,20
India,Delhi,Delhi,"NSUT Jaffarpur, Delhi - DPCC",19-08-2026 10:00:00,28.594004,76.909423,PM10,31,97,65
India,Delhi,Delhi,"NSUT Jaffarpur, Delhi - DPCC",19-08-2026 10:00:00,28.594004,76.909423,NO2,2,44,12
India,Delhi,Delhi,"NSUT Jaffarpur, Delhi - DPCC",19-08-2026 10:00:00,28.594004,76.909423,CO,26,31,28
India,Delhi,Delhi,"Mundka, Delhi - DPCC",19-08-2026 10:00:00,28.684678,77.076574,NH3,6,9,8
India,Delhi,Delhi,"Anand Vihar, Delhi - DPCC",19-08-2026 10:00:00,28.647622,77.315809,OZONE,3,5,3
India,Delhi,Delhi,"Shadipur, Delhi - CPCB",19-08-2026 10:00:00,28.6514781,77.1473105,CO,26,37,32
India,Delhi,Delhi,"Mandir Marg, Delhi - DPCC",19-08-2026 10:00:00,28.636429,77.201067,PM2.5,28,177,76
India,Gujarat,Mehsana,"Sadanand Nagar, Mehsana - Nexteng Enviro",19-08-2026 10:00:00,23.59315,72.372792,CO,44,45,45
India,Gujarat,Nandesari,"GIDC, Nandesari - Nandesari Ind. Association",19-08-2026 10:00:00,22.410802,73.097923,PM2.5,24,71,42
India,Gujarat,Surat,"Science Center, Surat - SMC",19-08-2026 10:00:00,21.170046,72.795405,PM2.5,18,72,46
India,Gujarat,Surat,"Katargam, Surat - Nexteng Enviro",19-08-2026 10:00:00,21.217779,72.834787,PM2.5,6,65,37
India,Gujarat,Vatva,"Phase-4 GIDC, Vatva - GPCB",19-08-2026 10:00:00,22.969611,72.6435,PM2.5,62,170,101
India,Delhi,Delhi,"IGI Airport (T3), Delhi - IITM",19-08-2026 10:00:00,28.5627763,77.1180053,NH3,NA,NA,NA
India,Delhi,Delhi,"Commonwealth Sports Complex, Delhi - DPCC",19-08-2026 10:00:00,28.615828,77.271992,PM10,56,137,87
India,Delhi,Delhi,"Talkatora Garden, Delhi - DPCC",19-08-2026 10:00:00,28.62181,77.1944633,PM10,41,111,76
India,Delhi,Delhi,"Aya Nagar, Delhi - IITM",19-08-2026 10:00:00,28.4706914,77.1099364,NO2,22,29,26
India,Delhi,Delhi,"CRRI Mathura Road, Delhi - IITM",19-08-2026 10:00:00,28.5512005,77.2735737,NH3,NA,NA,NA
India,Delhi,Delhi,"CRRI Mathura Road, Delhi - IITM",19-08-2026 10:00:00,28.5512005,77.2735737,OZONE,16,17,16
India,Haryana,Fatehabad,"Huda Sector, Fatehabad - HSPCB",19-08-2026 10:00:00,29.503664,75.467934,NO2,18,20,19
India,Haryana,Gurugram,"Teri Gram, Gurugram - HSPCB",19-08-2026 10:00:00,28.4275,77.1465,PM10,101,187,125
India,Haryana,Gurugram,"NISE Gwal Pahari, Gurugram - IITM",19-08-2026 10:00:00,28.422681,77.148944,PM10,45,131,93
India,Madhya Pradesh,Gwalior,"Deen Dayal Nagar, Gwalior - MPPCB",19-08-2026 10:00:00,26.259242,78.216432,NH3,5,7,6
India,Madhya Pradesh,Gwalior,"Deen Dayal Nagar, Gwalior - MPPCB",19-08-2026 10:00:00,26.259242,78.216432,OZONE,5,32,10
India,Madhya Pradesh,Indore,"Regional Park, Indore - IMC",19-08-2026 10:00:00,22.678,75.8559,OZONE,5,12,6
India,Madhya Pradesh,Indore,"Chhoti Gwaltoli, Indore - MPPCB",19-08-2026 10:00:00,22.431,75.5213,NH3,5,6,5
India,Madhya Pradesh,Indore,"Chhoti Gwaltoli, Indore - MPPCB",19-08-2026 10:00:00,22.431,75.5213,SO2,13,20,17
India,Madhya Pradesh,Indore,"Chhoti Gwaltoli, Indore - MPPCB",19-08-2026 10:00:00,22.431,75.5213,CO,25,33,28
India,Madhya Pradesh,Indore,"Airport Area, Indore - IMC",19-08-2026 10:00:00,22.7289,75.8076,PM2.5,NA,NA,NA
India,Madhya Pradesh,Indore,"Airport Area, Indore - IMC",19-08-2026 10:00:00,22.7289,75.8076,NH3,0,0,0
India,Madhya Pradesh,Indore,"Maguda Nagar, Indore - IMC",19-08-2026 10:00:00,22.7524,75.8872,SO2,15,27,19
India,Madhya Pradesh,Indore,"Residency Area, Indore - IMC",19-08-2026 10:00:00,22.7084,75.8815,NH3,0,0,0
India,Madhya Pradesh,Indore,"Residency Area, Indore - IMC",19-08-2026 10:00:00,22.7084,75.8815,CO,1,1,1
India,Madhya Pradesh,Jabalpur,"Marhatal, Jabalpur - MPPCB",19-08-2026 10:00:00,23.168606,79.932247,NO2,39,46,43
India,Madhya Pradesh,Jabalpur,"Gupteshwar, Jabalpur - JMC",19-08-2026 10:00:00,23.142888,79.916147,PM10,40,57,51
India,Madhya Pradesh,Jabalpur,"Gupteshwar, Jabalpur - JMC",19-08-2026 10:00:00,23.142888,79.916147,NO2,69,76,72
India,Madhya Pradesh,Jabalpur,"Gupteshwar, Jabalpur - JMC",19-08-2026 10:00:00,23.142888,79.916147,CO,NA,NA,NA
India,Madhya Pradesh,Jabalpur,"Govindh Bhavan Colony, Jabalpur - JMC",19-08-2026 10:00:00,23.163174,79.973061,SO2,6,9,7
India,Madhya Pradesh,Jabalpur,"Suhagi, Jabalpur - JMC",19-08-2026 10:00:00,23.218135,79.95777,PM10,NA,NA,NA
India,Haryana,Jind,"Police Lines, Jind - HSPCB",19-08-2026 10:00:00,29.307814,76.337619,NO2,12,14,13
India,Haryana,Jind,"Police Lines, Jind - HSPCB",19-08-2026 10:00:00,29.307814,76.337619,CO,5,8,7
India,Haryana,Kaithal,"Rishi Nagar, Kaithal - HSPCB",19-08-2026 10:00:00,29.8006,76.4155,PM2.5,8,121,65
India,Haryana,Karnal,"Sector-12, Karnal - HSPCB",19-08-2026 10:00:00,29.6953,77.0027,NO2,9,22,15
India,Haryana,Karnal,"Sector-12, Karnal - HSPCB",19-08-2026 10:00:00,29.6953,77.0027,SO2,12,13,13
India,Haryana,Kurukshetra,"Sector-7, Kurukshetra - HSPCB",19-08-2026 10:00:00,29.966942,76.875879,NH3,5,5,5
India,Haryana,Kurukshetra,"Sector-7, Kurukshetra - HSPCB",19-08-2026 10:00:00,29.966942,76.875879,SO2,2,11,7
India,Haryana,Manesar,"Sector-2 IMT, Manesar - HSPCB",19-08-2026 10:00:00,28.360699,76.93609,SO2,8,49,18
India,Haryana,Manesar,"Sector-2 IMT, Manesar - HSPCB",19-08-2026 10:00:00,28.360699,76.93609,CO,4,5,5
India,Haryana,Narnaul,"Shastri Nagar, Narnaul - HSPCB",19-08-2026 10:00:00,28.060249,76.113115,NH3,3,8,5
India,Haryana,Narnaul,"Shastri Nagar, Narnaul - HSPCB",19-08-2026 10:00:00,28.060249,76.113115,CO,12,14,13
India,Haryana,Palwal,"Shyam Nagar, Palwal - HSPCB",19-08-2026 10:00:00,28.1485564,77.3320667,CO,16,116,72
India,Haryana,Palwal,"Shyam Nagar, Palwal - HSPCB",19-08-2026 10:00:00,28.1485564,77.3320667,OZONE,9,10,10
India,Haryana,Panchkula,"Sector-6, Panchkula - HSPCB ",19-08-2026 10:00:00,30.7057778,76.8531805555555,NO2,27,32,29
India,Haryana,Panchkula,"Sector-6, Panchkula - HSPCB ",19-08-2026 10:00:00,30.7057778,76.8531805555555,SO2,9,12,11
India,Haryana,Panipat,"Sector-18, Panipat - HSPCB",19-08-2026 10:00:00,29.432304,76.972765,PM10,51,274,134
India,Kerala,Thrissur,"Corporation Ground, Thrissur - Kerala PCB",19-08-2026 10:00:00,10.5324,76.2159,NH3,0,0,0
India,Ladakh,Leh,"Skara Yokma, Leh - LPCC",19-08-2026 10:00:00,34.147096,77.55709,NO2,NA,NA,NA
India,Ladakh,Leh,"Skara Yokma, Leh - LPCC",19-08-2026 10:00:00,34.147096,77.55709,NH3,NA,NA,NA
India,Madhya Pradesh,Bhopal,"Paryavaran Parisar, Bhopal - MPPCB",19-08-2026 10:00:00,23.210494,77.425409,PM2.5,22,42,31
India,Madhya Pradesh,Bhopal,"Paryavaran Parisar, Bhopal - MPPCB",19-08-2026 10:00:00,23.210494,77.425409,OZONE,14,35,19
India,Madhya Pradesh,Bhopal,"Idgah Hills, Bhopal - MPPCB",19-08-2026 10:00:00,23.264759,77.381568,OZONE,12,19,15
India,Madhya Pradesh,Bhopal,"T T Nagar, Bhopal - MPPCB",19-08-2026 10:00:00,23.233584,77.400574,SO2,19,22,21
India,Madhya Pradesh,Damoh,"Shrivastav Colony, Damoh - MPPCB",19-08-2026 10:00:00,23.81748678,79.446246,PM10,21,49,35
India,Madhya Pradesh,Dewas,"Bhopal Chauraha, Dewas - MPPCB",19-08-2026 10:00:00,22.9682591,76.064118,NH3,1,3,2
India,Madhya Pradesh,Dewas,"Bhopal Chauraha, Dewas - MPPCB",19-08-2026 10:00:00,22.9682591,76.064118,SO2,39,63,48
India,Madhya Pradesh,Gwalior,"Maharaj Bada, Gwalior - MPPCB",19-08-2026 10:00:00,26.200388,78.147714,PM2.5,8,70,19
India,Madhya Pradesh,Gwalior,"Maharaj Bada, Gwalior - MPPCB",19-08-2026 10:00:00,26.200388,78.147714,PM10,14,89,28
India,Madhya Pradesh,Gwalior,"Maharaj Bada, Gwalior - MPPCB",19-08-2026 10:00:00,26.200388,78.147714,SO2,5,19,11
India,Madhya Pradesh,Gwalior,"City Center, Gwalior - MPPCB",19-08-2026 10:00:00,26.203442,78.193251,NO2,33,62,44
India,Karnataka,Chikkaballapur,"Chikkaballapur Rural, Chikkaballapur - KSPCB",19-08-2026 10:00:00,13.428828,77.731418,OZONE,19,19,19
India,Karnataka,Chikkamagaluru,"Kalyana Nagara, Chikkamagaluru - KSPCB",19-08-2026 10:00:00,13.328028,75.797056,NH3,2,3,2
India,Karnataka,Chikkamagaluru,"Kalyana Nagara, Chikkamagaluru - KSPCB",19-08-2026 10:00:00,13.328028,75.797056,SO2,3,4,3
India,Karnataka,Chikkamagaluru,"Kalyana Nagara, Chikkamagaluru - KSPCB",19-08-2026 10:00:00,13.328028,75.797056,OZONE,21,30,22
India,Karnataka,Gadag,"Panchal Nagar, Gadag - KSPCB",19-08-2026 10:00:00,15.411456,75.638133,NO2,18,23,21
India,Karnataka,Gadag,"Panchal Nagar, Gadag - KSPCB",19-08-2026 10:00:00,15.411456,75.638133,SO2,25,33,28
India,Karnataka,Hubballi,"Lingaraj Nagar, Hubballi - KSPCB",19-08-2026 10:00:00,15.3714823,75.1160168,PM2.5,39,42,42
India,Karnataka,Hubballi,"Lingaraj Nagar, Hubballi - KSPCB",19-08-2026 10:00:00,15.3714823,75.1160168,SO2,2,2,2
India,Karnataka,Kalaburagi,"Lal Bahadur Shastri Nagar, Kalaburagi - KSPCB",19-08-2026 10:00:00,17.321993,76.822628,NO2,NA,NA,NA
India,Karnataka,Kalaburagi,"Mahatma Basaveswar Colony, Kalaburgi - KSPCB",19-08-2026 10:00:00,17.336318,76.847397,PM2.5,11,34,20
India,Karnataka,Kalaburagi,"Mahatma Basaveswar Colony, Kalaburgi - KSPCB",19-08-2026 10:00:00,17.336318,76.847397,CO,31,34,32
India,Karnataka,Karwar,"KHB Colony, Karwar - KSPCB",19-08-2026 10:00:00,14.816666,74.141003,NH3,1,25,7
India,Karnataka,Karwar,"KHB Colony, Karwar - KSPCB",19-08-2026 10:00:00,14.816666,74.141003,OZONE,NA,NA,NA
India,Karnataka,Madikeri,"Stuart Hill, Madikeri - KSPCB",19-08-2026 10:00:00,12.415911,75.73505,CO,11,19,13
India,Haryana,Rohtak,"MD University, Rohtak - HSPCB",19-08-2026 10:00:00,28.52123,76.37138,PM2.5,23,116,64
India,Haryana,Rohtak,"MD University, Rohtak - HSPCB",19-08-2026 10:00:00,28.52123,76.37138,CO,36,45,41
India,Haryana,Sonipat,"Murthal, Sonipat - HSPCB",19-08-2026 10:00:00,29.0272,77.0621,PM2.5,22,70,49
India,Haryana,Yamuna Nagar,"Gobind Pura, Yamuna Nagar - HSPCB",19-08-2026 10:00:00,30.1480566,77.2893471,PM2.5,43,92,66
India,Haryana,Yamuna Nagar,"Gobind Pura, Yamuna Nagar - HSPCB",19-08-2026 10:00:00,30.1480566,77.2893471,NO2,11,20,16
India,Himachal Pradesh,Baddi,"HIMUDA Complex Phase-1, Baddi - HPPCB",19-08-2026 10:00:00,30.943887,76.801991,PM10,21,159,95
India,Himachal Pradesh,Baddi,"HIMUDA Complex Phase-1, Baddi - HPPCB",19-08-2026 10:00:00,30.943887,76.801991,CO,102,110,107
India,Jammu and Kashmir,Pampore,"Khrew, Pampore - JKPCC",19-08-2026 10:00:00,34.031606,75.009712,NH3,NA,NA,NA
India,Jammu and Kashmir,Srinagar,"Rajbagh, Srinagar - JKPCC",19-08-2026 10:00:00,34.066206,74.81982,PM10,31,62,44
India,Jammu and Kashmir,Srinagar,"Rajbagh, Srinagar - JKPCC",19-08-2026 10:00:00,34.066206,74.81982,SO2,3,4,3
India,Jammu and Kashmir,Srinagar,"Rajbagh, Srinagar - JKPCC",19-08-2026 10:00:00,34.066206,74.81982,CO,10,16,14
India,Jammu and Kashmir,Srinagar,"Rajbagh, Srinagar - JKPCC",19-08-2026 10:00:00,34.066206,74.81982,OZONE,1,3,2
India,Jammu and Kashmir,Srinagar,"Khunmoh, Srinagar - JKPCC",19-08-2026 10:00:00,34.06313,74.96017,PM2.5,12,30,19
India,Karnataka,Mangalore,"Kadri, Mangalore - KSPCB",19-08-2026 10:00:00,12.88925,74.853,PM10,20,55,35
India,Karnataka,Mangalore,"Kadri, Mangalore - KSPCB",19-08-2026 10:00:00,12.88925,74.853,NO2,1,4,3
India,Karnataka,Mangalore,"Kadri, Mangalore - KSPCB",19-08-2026 10:00:00,12.88925,74.853,SO2,NA,NA,NA
India,Karnataka,Mysuru,"Hebbal 1st Stage, Mysuru - KSPCB",19-08-2026 10:00:00,12.21041,76.37376,OZONE,4,20,8
India,Karnataka,Ramanagara,"Vijay Nagar, Ramanagara - KSPCB",19-08-2026 10:00:00,12.733409,77.298051,PM10,27,56,40
India,Karnataka,Shivamogga,"Vinoba Nagara, Shivamogga - KSPCB",19-08-2026 10:00:00,13.94,75.555917,PM10,44,68,53
India,Karnataka,Shivamogga,"Vinoba Nagara, Shivamogga - KSPCB",19-08-2026 10:00:00,13.94,75.555917,NO2,14,24,19
India,Karnataka,Shivamogga,"Vinoba Nagara, Shivamogga - KSPCB",19-08-2026 10:00:00,13.94,75.555917,SO2,2,8,4
India,Kerala,Eloor,"Udyogamandal, Eloor - Kerala PCB",19-08-2026 10:00:00,10.073232,76.302765,NO2,6,7,6
India,Kerala,Eloor,"Udyogamandal, Eloor - Kerala PCB",19-08-2026 10:00:00,10.073232,76.302765,CO,64,145,119
India,Kerala,Thiruvananthapuram,"Plammoodu, Thiruvananthapuram - Kerala PCB",19-08-2026 10:00:00,8.5149093,76.9435879,PM10,20,45,33
India,Kerala,Thiruvananthapuram,"Plammoodu, Thiruvananthapuram - Kerala PCB",19-08-2026 10:00:00,8.5149093,76.9435879,OZONE,8,20,14
India,Kerala,Thiruvananthapuram,"Kariavattom, Thiruvananthapuram - Kerala PCB",19-08-2026 10:00:00,8.5637,76.8865,PM2.5,31,35,33
India,Karnataka,Bengaluru,"Shivapura_Peenya, Bengaluru - KSPCB",19-08-2026 10:00:00,13.0246342,77.5080115,PM2.5,35,40,37
India,Karnataka,Bengaluru,"Shivapura_Peenya, Bengaluru - KSPCB",19-08-2026 10:00:00,13.0246342,77.5080115,NO2,22,25,23
India,Karnataka,Bengaluru,"Shivapura_Peenya, Bengaluru - KSPCB",19-08-2026 10:00:00,13.0246342,77.5080115,NH3,3,3,3
India,Karnataka,Bengaluru,"Shivapura_Peenya, Bengaluru - KSPCB",19-08-2026 10:00:00,13.0246342,77.5080115,SO2,3,140,17
India,Karnataka,Bengaluru,"Kasturi Nagar, Bengaluru - KSPCB",19-08-2026 10:00:00,13.003872,77.664217,PM10,63,68,65
India,Karnataka,Bengaluru,"Kasturi Nagar, Bengaluru - KSPCB",19-08-2026 10:00:00,13.003872,77.664217,NH3,3,3,3
India,Karnataka,Bengaluru,"Kasturi Nagar, Bengaluru - KSPCB",19-08-2026 10:00:00,13.003872,77.664217,SO2,11,12,11
India,Karnataka,Bengaluru,"Kasturi Nagar, Bengaluru - KSPCB",19-08-2026 10:00:00,13.003872,77.664217,OZONE,25,25,25
India,Karnataka,Bengaluru,"Hebbal, Bengaluru - KSPCB",19-08-2026 10:00:00,13.029152,77.585901,OZONE,0,3,2
India,Karnataka,Bengaluru,"Silk Board, Bengaluru - KSPCB",19-08-2026 10:00:00,12.917348,77.622813,NH3,2,4,2
India,Karnataka,Bengaluru,"Silk Board, Bengaluru - KSPCB",19-08-2026 10:00:00,12.917348,77.622813,CO,8,64,25
India,Karnataka,Bengaluru,"Bapuji Nagar, Bengaluru - KSPCB",19-08-2026 10:00:00,12.951913,77.539784,SO2,7,44,27
India,Karnataka,Bengaluru,"Bapuji Nagar, Bengaluru - KSPCB",19-08-2026 10:00:00,12.951913,77.539784,CO,31,48,37
India,Karnataka,Chamarajanagar,"Urban, Chamarajanagar - KSPCB",19-08-2026 10:00:00,11.55358,76.55521,NO2,18,35,30
India,Jharkhand,Dhanbad,"Sardar Patel Nagar, Dhanbad - JSPCB",19-08-2026 10:00:00,23.80569,86.44268,NO2,97,156,102
India,Jharkhand,Dhanbad,"Sardar Patel Nagar, Dhanbad - JSPCB",19-08-2026 10:00:00,23.80569,86.44268,CO,83,83,83
India,Jharkhand,Jorapokhar,"Tata Stadium, Jorapokhar - JSPCB",19-08-2026 10:00:00,23.707909,86.41467,PM10,56,76,63
India,Jharkhand,Jorapokhar,"Tata Stadium, Jorapokhar - JSPCB",19-08-2026 10:00:00,23.707909,86.41467,OZONE,5,6,6
India,Karnataka,Belgaum,"Ramteerth Nagar, Belgaum - KSPCB",19-08-2026 10:00:00,15.888653,74.541751,SO2,23,24,23
India,Karnataka,Bengaluru,"Jayanagar 5th Block, Bengaluru - KSPCB",19-08-2026 10:00:00,12.920984,77.584908,SO2,19,35,25
India,Karnataka,Bengaluru,"Jayanagar 5th Block, Bengaluru - KSPCB",19-08-2026 10:00:00,12.920984,77.584908,OZONE,32,46,41
India,Karnataka,Bengaluru,"Hombegowda Nagar, Bengaluru - KSPCB",19-08-2026 10:00:00,12.938539,77.5901,CO,3,16,11
India,Madhya Pradesh,Jabalpur,"Suhagi, Jabalpur - JMC",19-08-2026 10:00:00,23.218135,79.95777,OZONE,16,24,19
India,Madhya Pradesh,Katni,"Gole Bazar, Katni - MPPCB",19-08-2026 10:00:00,23.50016,80.23284,PM2.5,22,60,40
India,Madhya Pradesh,Mandideep,"Sector-D Industrial Area, Mandideep - MPPCB",19-08-2026 10:00:00,23.10844,77.511428,NO2,21,36,27
India,Madhya Pradesh,Mandideep,"Sector-D Industrial Area, Mandideep - MPPCB",19-08-2026 10:00:00,23.10844,77.511428,NH3,3,4,3
India,Madhya Pradesh,Mandideep,"Sector-D Industrial Area, Mandideep - MPPCB",19-08-2026 10:00:00,23.10844,77.511428,SO2,3,9,5
India,Madhya Pradesh,Satna,"Bandhavgar Colony, Satna - Birla Cement",19-08-2026 10:00:00,24.58434363,80.8549414,NO2,12,13,13
India,Maharashtra,Dombivli,"Kalu Nagar, Dombivli - MPCB",19-08-2026 10:00:00,19.2268427,73.0788456,NH3,1,2,1
India,Maharashtra,Dombivli,"Kalu Nagar, Dombivli - MPCB",19-08-2026 10:00:00,19.2268427,73.0788456,SO2,24,52,27
India,Maharashtra,Hingoli,"Ashta Vinayak Nagar, Hingoli - MPCB",19-08-2026 10:00:00,19.710842,77.151824,SO2,2,5,4
India,Maharashtra,Hingoli,"Ashta Vinayak Nagar, Hingoli - MPCB",19-08-2026 10:00:00,19.710842,77.151824,CO,7,14,10
India,Maharashtra,Hingoli,"Ashta Vinayak Nagar, Hingoli - MPCB",19-08-2026 10:00:00,19.710842,77.151824,OZONE,5,20,9
India,Maharashtra,Jalgaon,"Prabhat Colony, Jalgaon - MPCB",19-08-2026 10:00:00,21.001264,75.565602,NH3,1,2,1
India,Maharashtra,Jalgaon,"Prabhat Colony, Jalgaon - MPCB",19-08-2026 10:00:00,21.001264,75.565602,CO,5,13,9
India,Maharashtra,Jalna,"Old MIDC, Jalna - MPCB",19-08-2026 10:00:00,19.854616,75.905894,PM10,2,134,36
India,Maharashtra,Jalna,"Old MIDC, Jalna - MPCB",19-08-2026 10:00:00,19.854616,75.905894,NH3,3,6,4
India,Maharashtra,Kalyan,"Pimpleshwar Mandir, Kalyan - MPCB",19-08-2026 10:00:00,19.192056,72.9585188,PM2.5,NA,NA,NA
India,Maharashtra,Kalyan,"Pimpleshwar Mandir, Kalyan - MPCB",19-08-2026 10:00:00,19.192056,72.9585188,PM10,NA,NA,NA
India,Maharashtra,Kalyan,"Pimpleshwar Mandir, Kalyan - MPCB",19-08-2026 10:00:00,19.192056,72.9585188,CO,NA,NA,NA
India,Maharashtra,Kalyan,"Pimpleshwar Mandir, Kalyan - MPCB",19-08-2026 10:00:00,19.192056,72.9585188,OZONE,11,11,11
India,Maharashtra,Kolhapur,"Sinchan Bhavan, Kolhapur - MPCB",19-08-2026 10:00:00,16.7143745,74.2426398,PM10,21,32,27
India,Maharashtra,Kolhapur,"Sinchan Bhavan, Kolhapur - MPCB",19-08-2026 10:00:00,16.7143745,74.2426398,SO2,0,1,0
India,Maharashtra,Latur,"Sawe Wadi, Latur - MPCB",19-08-2026 10:00:00,18.39963,76.57452,PM2.5,23,40,33
India,Maharashtra,Latur,"Sawe Wadi, Latur - MPCB",19-08-2026 10:00:00,18.39963,76.57452,PM10,36,58,49
India,Maharashtra,Mahad,"Kamble Tarf Birwadi, Mahad - MPCB",19-08-2026 10:00:00,18.1023399,73.4783687,PM2.5,12,38,26
India,Maharashtra,Mahad,"Kamble Tarf Birwadi, Mahad - MPCB",19-08-2026 10:00:00,18.1023399,73.4783687,PM10,29,73,49
India,Maharashtra,Mahad,"Kamble Tarf Birwadi, Mahad - MPCB",19-08-2026 10:00:00,18.1023399,73.4783687,NO2,4,32,11
India,Maharashtra,Mahad,"Kamble Tarf Birwadi, Mahad - MPCB",19-08-2026 10:00:00,18.1023399,73.4783687,SO2,7,12,8
India,Maharashtra,Aurangabad,"More Chowk Waluj, Aurangabad - MPCB",19-08-2026 10:00:00,19.8389439,75.244448,PM10,45,59,50
India,Maharashtra,Aurangabad,"More Chowk Waluj, Aurangabad - MPCB",19-08-2026 10:00:00,19.8389439,75.244448,NO2,8,14,10
India,Maharashtra,Aurangabad,"More Chowk Waluj, Aurangabad - MPCB",19-08-2026 10:00:00,19.8389439,75.244448,SO2,26,32,28
India,Maharashtra,Badlapur,"Katrap, Badlapur - MPCB",19-08-2026 10:00:00,19.16485,73.23409,SO2,6,9,8
India,Maharashtra,Badlapur,"Katrap, Badlapur - MPCB",19-08-2026 10:00:00,19.16485,73.23409,CO,30,33,31
India,Maharashtra,Belapur,"CBD Belapur, Belapur - MPCB",19-08-2026 10:00:00,19.0243902,73.0406721,PM10,31,59,44
India,Maharashtra,Belapur,"CBD Belapur, Belapur - MPCB",19-08-2026 10:00:00,19.0243902,73.0406721,SO2,6,9,7
India,Maharashtra,Bhiwandi,"Gokul Nagar, Bhiwandi - MPCB",19-08-2026 10:00:00,19.309073,73.057223,NO2,8,19,13
India,Maharashtra,Boisar,"Khaira, Boisar - MPCB",19-08-2026 10:00:00,19.786089,72.757971,SO2,6,7,6
India,Maharashtra,Chandrapur,"MIDC Khutala, Chandrapur - MPCB",19-08-2026 10:00:00,19.9775302,79.2337086,PM2.5,33,40,39
India,Maharashtra,Chandrapur,"MIDC Khutala, Chandrapur - MPCB",19-08-2026 10:00:00,19.9775302,79.2337086,PM10,25,145,80
India,Maharashtra,Chandrapur,"MIDC Khutala, Chandrapur - MPCB",19-08-2026 10:00:00,19.9775302,79.2337086,NO2,18,32,22
India,Maharashtra,Chandrapur,"MIDC Khutala, Chandrapur - MPCB",19-08-2026 10:00:00,19.9775302,79.2337086,SO2,0,17,5
India,Maharashtra,Chandrapur,"Chauhan Colony, Chandrapur - MPCB",19-08-2026 10:00:00,19.9629,79.298714,PM2.5,10,68,36
India,Maharashtra,Chandrapur,"Chauhan Colony, Chandrapur - MPCB",19-08-2026 10:00:00,19.9629,79.298714,SO2,9,13,11
India,Maharashtra,Malegaon,"Mahesh Nagar, Malegaon - MPCB",19-08-2026 10:00:00,20.555712,74.529236,PM2.5,15,57,37
India,Maharashtra,Mira-Bhayandar,"Bhayandar West, Mira-Bhayandar - MPCB",19-08-2026 10:00:00,19.296481,72.840923,PM2.5,14,34,24
India,Maharashtra,Mumbai,"Shivaji Nagar, Mumbai - BMC",19-08-2026 10:00:00,19.060498,72.923356,PM10,44,73,63
India,Maharashtra,Mumbai,"Shivaji Nagar, Mumbai - BMC",19-08-2026 10:00:00,19.060498,72.923356,NH3,2,4,3
India,Maharashtra,Mumbai,"Shivaji Nagar, Mumbai - BMC",19-08-2026 10:00:00,19.060498,72.923356,OZONE,1,11,3
India,Maharashtra,Mumbai,"Sion, Mumbai - MPCB",19-08-2026 10:00:00,19.047,72.8746,PM2.5,5,12,9
India,Maharashtra,Mumbai,"Borivali East, Mumbai - MPCB",19-08-2026 10:00:00,19.2243333,72.8658113,PM2.5,2,22,11
India,Maharashtra,Mumbai,"Borivali East, Mumbai - MPCB",19-08-2026 10:00:00,19.2243333,72.8658113,NO2,10,10,10
India,Maharashtra,Mumbai,"Borivali East, Mumbai - MPCB",19-08-2026 10:00:00,19.2243333,72.8658113,NH3,2,2,2
India,Maharashtra,Mumbai,"Siddharth Nagar-Worli, Mumbai - IITM",19-08-2026 10:00:00,19.000083,72.813993,PM2.5,11,14,12
India,Maharashtra,Mumbai,"Siddharth Nagar-Worli, Mumbai - IITM",19-08-2026 10:00:00,19.000083,72.813993,NO2,8,15,12
India,Maharashtra,Mumbai,"Bandra Kurla Complex, Mumbai - MPCB",19-08-2026 10:00:00,19.065931,72.862131,CO,18,24,22
India,Maharashtra,Mumbai,"Kherwadi_Bandra East, Mumbai - MPCB",19-08-2026 10:00:00,19.0632143,72.8456324,PM2.5,12,30,20
India,Maharashtra,Pimpri-Chinchwad,"Thergaon, Pimpri Chinchwad - MPCB",19-08-2026 10:00:00,18.616318,73.765797,CO,12,34,20
India,Maharashtra,Pimpri-Chinchwad,"Thergaon, Pimpri Chinchwad - MPCB",19-08-2026 10:00:00,18.616318,73.765797,OZONE,6,10,8
India,Maharashtra,Pimpri-Chinchwad,"Park Street Wakad, Pimpri Chinchwad - MPCB",19-08-2026 10:00:00,18.59051,73.77946,NO2,8,26,15
India,Maharashtra,Pimpri-Chinchwad,"Park Street Wakad, Pimpri Chinchwad - MPCB",19-08-2026 10:00:00,18.59051,73.77946,SO2,0,3,2
India,Maharashtra,Pimpri-Chinchwad,"Park Street Wakad, Pimpri Chinchwad - MPCB",19-08-2026 10:00:00,18.59051,73.77946,CO,5,26,15
India,Maharashtra,Pimpri-Chinchwad,"Savta Mali Nagar, Pimpri-Chinchwad - IITM",19-08-2026 10:00:00,18.614767,73.799516,PM10,46,101,70
India,Maharashtra,Pune,"Katraj Dairy, Pune - MPCB",19-08-2026 10:00:00,18.45445,73.854155,SO2,2,3,3
India,Maharashtra,Pune,"Katraj Dairy, Pune - MPCB",19-08-2026 10:00:00,18.45445,73.854155,CO,17,28,21
India,Maharashtra,Pune,"Hadapsar, Pune - IITM",19-08-2026 10:00:00,18.501793,73.927532,PM10,43,124,70
India,Maharashtra,Pune,"Hadapsar, Pune - IITM",19-08-2026 10:00:00,18.501793,73.927532,NO2,3,21,10
India,Maharashtra,Pune,"Hadapsar, Pune - IITM",19-08-2026 10:00:00,18.501793,73.927532,SO2,NA,NA,NA
India,Maharashtra,Pune,"Mhada Colony, Pune - IITM",19-08-2026 10:00:00,18.57304,73.927715,PM10,53,102,75
India,Maharashtra,Pune,"Mhada Colony, Pune - IITM",19-08-2026 10:00:00,18.57304,73.927715,NO2,17,28,22
India,Maharashtra,Pune,"Dhankawadi, Pune - IITM",19-08-2026 10:00:00,18.459883,73.852193,SO2,NA,NA,NA
India,Madhya Pradesh,Singrauli,"Suryakiran Bhawan NCL, Singrauli - MPPCB",19-08-2026 10:00:00,24.10897,82.64558,NH3,5,16,9
India,Maharashtra,Ahmednagar,"Tarakpur, Ahmednagar - MPCB",19-08-2026 10:00:00,19.10122,74.73339,SO2,NA,NA,NA
India,Maharashtra,Ahmednagar,"Tarakpur, Ahmednagar - MPCB",19-08-2026 10:00:00,19.10122,74.73339,OZONE,10,21,14
India,Maharashtra,Ambernath,"Chinchpada, Ambernath - MPCB",19-08-2026 10:00:00,19.215784,73.199781,CO,6,13,9
India,Maharashtra,Ambernath,"Chinchpada, Ambernath - MPCB",19-08-2026 10:00:00,19.215784,73.199781,OZONE,3,6,4
India,Maharashtra,Amravati,"Shri Shivaji Science College, Amravati - MPCB",19-08-2026 10:00:00,20.939198,77.765701,NO2,3,12,5
India,Maharashtra,Amravati,"Shri Shivaji Science College, Amravati - MPCB",19-08-2026 10:00:00,20.939198,77.765701,OZONE,8,12,10
India,Maharashtra,Amravati,"Shivneri Colony, Amravati - MPCB",19-08-2026 10:00:00,20.9402359,77.7895248,PM10,24,64,37
India,Maharashtra,Amravati,"Shivneri Colony, Amravati - MPCB",19-08-2026 10:00:00,20.9402359,77.7895248,SO2,9,15,10
India,Maharashtra,Aurangabad,"Rachnakar Colony, Aurangabad - MPCB",19-08-2026 10:00:00,19.863756,75.321188,NO2,10,18,14
India,Maharashtra,Aurangabad,"Rachnakar Colony, Aurangabad - MPCB",19-08-2026 10:00:00,19.863756,75.321188,CO,16,22,19
India,Maharashtra,Mumbai,"Kherwadi_Bandra East, Mumbai - MPCB",19-08-2026 10:00:00,19.0632143,72.8456324,NH3,5,5,5
India,Maharashtra,Mumbai,"Byculla, Mumbai - BMC",19-08-2026 10:00:00,18.9767,72.838,PM10,10,37,23
India,Maharashtra,Mumbai,"Byculla, Mumbai - BMC",19-08-2026 10:00:00,18.9767,72.838,CO,12,21,15
India,Maharashtra,Mumbai,"Mindspace-Malad West, Mumbai - MPCB",19-08-2026 10:00:00,19.1878657,72.8304069,SO2,4,5,4
India,Maharashtra,Mumbai,"Navy Nagar-Colaba, Mumbai - IITM",19-08-2026 10:00:00,18.897756,72.81332,NO2,18,51,37
India,Maharashtra,Mumbai,"Chembur, Mumbai - MPCB",19-08-2026 10:00:00,19.0364585,72.8954371,SO2,0,3,1
India,Maharashtra,Mumbai,"Kandivali West, Mumbai - BMC",19-08-2026 10:00:00,19.215859,72.831718,PM2.5,7,22,14
India,Maharashtra,Mumbai,"Kandivali West, Mumbai - BMC",19-08-2026 10:00:00,19.215859,72.831718,NO2,7,21,14
India,Maharashtra,Mumbai,"Sewri, Mumbai - BMC",19-08-2026 10:00:00,19.000084,72.85673,PM2.5,15,26,20
India,Maharashtra,Mumbai,"Sewri, Mumbai - BMC",19-08-2026 10:00:00,19.000084,72.85673,PM10,18,38,32
India,Maharashtra,Mumbai,"Malad West, Mumbai - IITM",19-08-2026 10:00:00,19.19709,72.82204,CO,21,29,24
India,Maharashtra,Nagpur,"Ram Nagar, Nagpur - MPCB",19-08-2026 10:00:00,21.143383,79.048912,PM10,32,61,50
India,Maharashtra,Nagpur,"Opp GPO Civil Lines, Nagpur - MPCB",19-08-2026 10:00:00,21.152875,79.0517531,PM2.5,NA,NA,NA
India,Maharashtra,Nagpur,"Opp GPO Civil Lines, Nagpur - MPCB",19-08-2026 10:00:00,21.152875,79.0517531,PM10,NA,NA,NA
India,Maharashtra,Nagpur,"Ambazari, Nagpur - MPCB",19-08-2026 10:00:00,21.121801,79.04952,NO2,8,23,15
India,Maharashtra,Nagpur,"Ambazari, Nagpur - MPCB",19-08-2026 10:00:00,21.121801,79.04952,OZONE,4,10,6
India,Maharashtra,Nanded,"Sneh Nagar, Nanded - MPCB",19-08-2026 10:00:00,19.173852,77.296291,CO,20,26,23
India,Maharashtra,Nashik,"Gangapur Road, Nashik - MPCB",19-08-2026 10:00:00,20.0073285,73.7762427,NH3,3,3,3
India,Maharashtra,Nashik,"Gangapur Road, Nashik - MPCB",19-08-2026 10:00:00,20.0073285,73.7762427,CO,26,27,27
India,Maharashtra,Nashik,"Hirawadi, Nashik - MPCB",19-08-2026 10:00:00,20.021503,73.813844,PM2.5,10,39,23
India,Maharashtra,Nashik,"MIDC Ambad, Nashik - MPCB",19-08-2026 10:00:00,19.95022,73.73148,PM2.5,24,41,30
India,Maharashtra,Nashik,"MIDC Ambad, Nashik - MPCB",19-08-2026 10:00:00,19.95022,73.73148,PM10,38,61,47
India,Maharashtra,Nashik,"MIDC Ambad, Nashik - MPCB",19-08-2026 10:00:00,19.95022,73.73148,NO2,2,8,5
India,Maharashtra,Nashik,"MIDC Ambad, Nashik - MPCB",19-08-2026 10:00:00,19.95022,73.73148,NH3,2,3,3
India,Maharashtra,Nashik,"MIDC Ambad, Nashik - MPCB",19-08-2026 10:00:00,19.95022,73.73148,OZONE,12,17,16
India,Maharashtra,Navi Mumbai,"Sector-2E Kalamboli, Navi Mumbai - MPCB",19-08-2026 10:00:00,19.02579,73.10297,PM10,22,36,29
India,Maharashtra,Navi Mumbai,"Sector-2E Kalamboli, Navi Mumbai - MPCB",19-08-2026 10:00:00,19.02579,73.10297,SO2,NA,NA,NA
India,Maharashtra,Navi Mumbai,"Sector-2E Kalamboli, Navi Mumbai - MPCB",19-08-2026 10:00:00,19.02579,73.10297,CO,11,24,16
India,Maharashtra,Navi Mumbai,"Sector-2E Kalamboli, Navi Mumbai - MPCB",19-08-2026 10:00:00,19.02579,73.10297,OZONE,4,14,7
India,Maharashtra,Navi Mumbai,"Nerul, Navi Mumbai - MPCB",19-08-2026 10:00:00,19.008751,73.01662,PM10,11,47,24
India,Maharashtra,Navi Mumbai,"Nerul, Navi Mumbai - MPCB",19-08-2026 10:00:00,19.008751,73.01662,CO,NA,NA,NA
India,Maharashtra,Pimpri-Chinchwad,"Gavalinagar, Pimpri Chinchwad - MPCB",19-08-2026 10:00:00,18.63673,73.82487,NH3,2,2,2
India,Maharashtra,Pimpri-Chinchwad,"Bhosari, Pune - IITM",19-08-2026 10:00:00,18.640051,73.848956,PM10,45,120,78
India,Maharashtra,Mumbai,"Mazgaon, Mumbai - IITM",19-08-2026 10:00:00,18.96702,72.84214,NH3,3,3,3
India,Maharashtra,Mumbai,"Mazgaon, Mumbai - IITM",19-08-2026 10:00:00,18.96702,72.84214,OZONE,12,14,13
India,Maharashtra,Mumbai,"Chakala-Andheri East, Mumbai - IITM",19-08-2026 10:00:00,19.11074,72.86084,OZONE,5,9,7
India,Maharashtra,Mumbai,"Kurla, Mumbai - MPCB",19-08-2026 10:00:00,19.0863,72.8888,NO2,9,9,9
India,Maharashtra,Mumbai,"Kurla, Mumbai - MPCB",19-08-2026 10:00:00,19.0863,72.8888,SO2,29,29,29
India,Maharashtra,Mumbai,"Ghatkopar, Mumbai - BMC",19-08-2026 10:00:00,19.083694,72.920967,SO2,2,4,3
India,Maharashtra,Mumbai,"Deonar, Mumbai - IITM",19-08-2026 10:00:00,19.04946,72.923,NO2,3,14,8
India,Maharashtra,Mumbai,"Deonar, Mumbai - IITM",19-08-2026 10:00:00,19.04946,72.923,SO2,3,5,3
India,Maharashtra,Mumbai,"Deonar, Mumbai - IITM",19-08-2026 10:00:00,19.04946,72.923,OZONE,6,10,7
India,Maharashtra,Mumbai,"Chhatrapati Shivaji Intl. Airport (T2), Mumbai - MPCB",19-08-2026 10:00:00,19.10078,72.87462,SO2,7,8,7
India,Rajasthan,Bharatpur,"Krishna Nagar, Bharatpur - RSPCB",19-08-2026 10:00:00,27.215415,77.50873,NO2,3,19,7
India,Rajasthan,Bharatpur,"Krishna Nagar, Bharatpur - RSPCB",19-08-2026 10:00:00,27.215415,77.50873,SO2,3,6,4
India,Rajasthan,Bharatpur,"Krishna Nagar, Bharatpur - RSPCB",19-08-2026 10:00:00,27.215415,77.50873,CO,17,28,22
India,Rajasthan,Bharatpur,"Krishna Nagar, Bharatpur - RSPCB",19-08-2026 10:00:00,27.215415,77.50873,OZONE,28,40,33
India,Rajasthan,Bhilwara,"Pratap Nagar, Bhilwara - RSPCB",19-08-2026 10:00:00,25.339605,74.618883,PM10,90,149,115
India,Rajasthan,Bhiwadi,"RIICO Ind. Area III, Bhiwadi - RSPCB",19-08-2026 10:00:00,28.194909,76.862296,PM10,41,143,94
India,Rajasthan,Bhiwadi,"RIICO Ind. Area III, Bhiwadi - RSPCB",19-08-2026 10:00:00,28.194909,76.862296,NO2,29,72,44
India,Rajasthan,Bhiwadi,"Vasundhara Nagar_UIT, Bhiwadi - RSPCB",19-08-2026 10:00:00,28.207266,76.829265,NH3,6,12,8
India,Rajasthan,Bikaner,"MM Ground, Bikaner - RSPCB",19-08-2026 10:00:00,28.018792,73.292658,PM10,76,158,114
India,Rajasthan,Bikaner,"MM Ground, Bikaner - RSPCB",19-08-2026 10:00:00,28.018792,73.292658,NH3,1,1,1
India,Rajasthan,Bundi,"New Colony, Bundi - RSPCB",19-08-2026 10:00:00,25.435774,75.644272,NO2,20,37,26
India,Rajasthan,Chittorgarh,"Shastri Nagar, Chittorgarh - RSPCB",19-08-2026 10:00:00,24.892047,74.623527,NO2,16,36,21
India,Rajasthan,Churu,"Subash Chowk, Churu - RSPCB",19-08-2026 10:00:00,28.296139,74.961696,SO2,NA,NA,NA
India,Rajasthan,Churu,"Subash Chowk, Churu - RSPCB",19-08-2026 10:00:00,28.296139,74.961696,OZONE,27,27,27
India,Rajasthan,Dholpur,"Raja Ganj, Dholpur - RSPCB",19-08-2026 10:00:00,26.699557,77.898881,PM10,21,28,24
India,Rajasthan,Dungarpur,"Bhoiwada, Dungarpur - RSPCB",19-08-2026 10:00:00,23.837789,73.714926,NH3,9,11,10
India,Rajasthan,Dungarpur,"Bhoiwada, Dungarpur - RSPCB",19-08-2026 10:00:00,23.837789,73.714926,OZONE,15,17,16
India,Rajasthan,Jaipur,"Mansarovar Sector-12, Jaipur - RSPCB",19-08-2026 10:00:00,26.843698,75.766894,PM10,67,137,99
India,Rajasthan,Jaipur,"Mansarovar Sector-12, Jaipur - RSPCB",19-08-2026 10:00:00,26.843698,75.766894,CO,14,26,19
India,Rajasthan,Jaipur,"Sector-2 Murlipura, Jaipur - RSPCB",19-08-2026 10:00:00,26.960669,75.771817,PM10,8,128,39
India,Rajasthan,Jaipur,"Police Commissionerate, Jaipur - RSPCB",19-08-2026 10:00:00,26.9164092,75.7994901,NH3,13,40,26
India,Rajasthan,Jaipur,"RIICO Sitapura, Jaipur - RSPCB",19-08-2026 10:00:00,26.786682,75.827928,SO2,6,21,8
India,Rajasthan,Jaipur,"Shastri Nagar, Jaipur - RSPCB",19-08-2026 10:00:00,26.9502929,75.730943,NO2,18,38,30
India,Rajasthan,Jaipur,"Adarsh Nagar, Jaipur - RSPCB",19-08-2026 10:00:00,26.902909,75.836858,PM2.5,NA,NA,NA
India,Rajasthan,Jaipur,"Adarsh Nagar, Jaipur - RSPCB",19-08-2026 10:00:00,26.902909,75.836858,OZONE,22,22,22
India,Rajasthan,Jaisalmer,"Sadar Bazar, Jaisalmer - RSPCB",19-08-2026 10:00:00,26.912329,70.909168,PM10,54,252,120
India,Rajasthan,Jaisalmer,"Sadar Bazar, Jaisalmer - RSPCB",19-08-2026 10:00:00,26.912329,70.909168,OZONE,32,35,34
India,Rajasthan,Jalore,"Mudtra Sili, Jalore - RSPCB",19-08-2026 10:00:00,25.344694,72.626208,NO2,3,11,6
India,Rajasthan,Jhalawar,"Rajlaxmi Nagar, Jhalawar - RSPCB",19-08-2026 10:00:00,24.588397,76.172782,PM10,45,71,56
India,Maharashtra,Ulhasnagar,"Vithalwadi, Ulhasnagar - MPCB",19-08-2026 10:00:00,19.2307571,73.155192,PM2.5,7,33,17
India,Maharashtra,Virar,"Bolinj, Virar - MPCB",19-08-2026 10:00:00,19.445821,72.7988231,PM10,26,45,34
India,Meghalaya,Byrnihat,"15th Mile-Nongthymmai, Byrnihat -Meghalaya PCB",19-08-2026 10:00:00,26.079047,91.875185,PM10,32,120,72
India,Meghalaya,Byrnihat,"15th Mile-Nongthymmai, Byrnihat -Meghalaya PCB",19-08-2026 10:00:00,26.079047,91.875185,NH3,0,1,0
India,Meghalaya,Shillong,"JN Stadium, Shillong - Meghalaya PCB",19-08-2026 10:00:00,25.5803419,91.8942571,PM10,NA,NA,NA
India,Meghalaya,Shillong,"JN Stadium, Shillong - Meghalaya PCB",19-08-2026 10:00:00,25.5803419,91.8942571,NH3,NA,NA,NA
India,Meghalaya,Shillong,"Lumpyngngad, Shillong - Meghalaya PCB",19-08-2026 10:00:00,25.5586,91.8985,PM2.5,NA,NA,NA
India,Meghalaya,Shillong,"Lumpyngngad, Shillong - Meghalaya PCB",19-08-2026 10:00:00,25.5586,91.8985,CO,8,18,11
India,Meghalaya,Shillong,"Lumpyngngad, Shillong - Meghalaya PCB",19-08-2026 10:00:00,25.5586,91.8985,OZONE,19,33,25
India,Mizoram,Aizawl,"Sikulpuikawn, Aizawl - Mizoram PCB",19-08-2026 10:00:00,23.7176342,92.7192841,PM2.5,NA,NA,NA
India,Mizoram,Aizawl,"Sikulpuikawn, Aizawl - Mizoram PCB",19-08-2026 10:00:00,23.7176342,92.7192841,OZONE,1,4,3
India,Nagaland,Kohima,"PWD Junction, Kohima - NPCB",19-08-2026 10:00:00,25.6635413,94.0989878,PM10,1,24,10
India,Odisha,Angul,"Hakimapada, Angul - OSPCB",19-08-2026 10:00:00,20.832874,85.104082,NO2,1,7,3
India,Odisha,Balasore,"Kalidaspur, Balasore - OSPCB",19-08-2026 10:00:00,21.51161,86.89088,PM2.5,10,52,22
India,Odisha,Rourkela,"Raghunathpali, Rourkela - OSPCB",19-08-2026 10:00:00,22.220833,84.809444,NH3,1,2,1
India,Odisha,Rourkela,"Fertilizer Township, Rourkela - OSPCB",19-08-2026 10:00:00,22.18972222,84.86277778,NO2,11,11,11
India,Odisha,Rourkela,"Fertilizer Township, Rourkela - OSPCB",19-08-2026 10:00:00,22.18972222,84.86277778,NH3,NA,NA,NA
India,Odisha,Talcher,"Talcher Coalfields,Talcher - OSPCB",19-08-2026 10:00:00,20.9360711,85.1707021,PM2.5,4,86,21
India,Odisha,Talcher,"Talcher Coalfields,Talcher - OSPCB",19-08-2026 10:00:00,20.9360711,85.1707021,NH3,6,7,6
India,Odisha,Talcher,"Talcher Coalfields,Talcher - OSPCB",19-08-2026 10:00:00,20.9360711,85.1707021,SO2,64,72,67
India,Odisha,Tensa,"Barsua Iron Ore Mines, Tensa - OSPCB",19-08-2026 10:00:00,21.869985,85.167016,NH3,NA,NA,NA
India,Puducherry,Puducherry,"Jawahar Nagar, Puducherry - PPCC",19-08-2026 10:00:00,11.9309,79.8027,NO2,3,27,11
India,Puducherry,Puducherry,"Jawahar Nagar, Puducherry - PPCC",19-08-2026 10:00:00,11.9309,79.8027,CO,13,28,20
India,Punjab,Amritsar,"Golden Temple, Amritsar - PPCB",19-08-2026 10:00:00,31.62,74.876512,PM2.5,19,106,61
India,Punjab,Amritsar,"Golden Temple, Amritsar - PPCB",19-08-2026 10:00:00,31.62,74.876512,OZONE,7,15,11
India,Punjab,Bathinda,"Hardev Nagar, Bathinda - PPCB",19-08-2026 10:00:00,30.233011,74.907758,PM2.5,19,62,34
India,Punjab,Jalandhar,"Civil Line, Jalandhar - PPCB",19-08-2026 10:00:00,31.321907,75.578914,PM10,37,86,52
India,Punjab,Jalandhar,"Civil Line, Jalandhar - PPCB",19-08-2026 10:00:00,31.321907,75.578914,NO2,33,40,35
India,Punjab,Jalandhar,"Civil Line, Jalandhar - PPCB",19-08-2026 10:00:00,31.321907,75.578914,NH3,6,6,6
India,Rajasthan,Jhalawar,"Rajlaxmi Nagar, Jhalawar - RSPCB",19-08-2026 10:00:00,24.588397,76.172782,NH3,NA,NA,NA
India,Rajasthan,Jodhpur,"Digari Kalan, Jodhpur - RSPCB",19-08-2026 10:00:00,26.29581,73.082283,NO2,9,23,14
India,Rajasthan,Jodhpur,"Digari Kalan, Jodhpur - RSPCB",19-08-2026 10:00:00,26.29581,73.082283,NH3,5,20,11
India,Rajasthan,Jodhpur,"Digari Kalan, Jodhpur - RSPCB",19-08-2026 10:00:00,26.29581,73.082283,CO,9,13,10
India,Rajasthan,Jodhpur,"Jhalamand, Jodhpur - RSPCB",19-08-2026 10:00:00,26.215415,73.070156,PM2.5,20,40,27
India,Rajasthan,Jodhpur,"Jhalamand, Jodhpur - RSPCB",19-08-2026 10:00:00,26.215415,73.070156,PM10,77,178,117
India,Rajasthan,Jodhpur,"Jhalamand, Jodhpur - RSPCB",19-08-2026 10:00:00,26.215415,73.070156,OZONE,27,31,28
India,Rajasthan,Jodhpur,"Mandor, Jodhpur - RSPCB",19-08-2026 10:00:00,26.358805,73.047444,PM10,83,126,108
India,Rajasthan,Jodhpur,"Collectorate, Jodhpur - RSPCB",19-08-2026 10:00:00,26.268249,73.0193853,PM2.5,17,70,53
India,Rajasthan,Jodhpur,"Collectorate, Jodhpur - RSPCB",19-08-2026 10:00:00,26.268249,73.0193853,NO2,15,30,23
India,Rajasthan,Karauli,"Satyawati Vihar, Karauli - RSPCB",19-08-2026 10:00:00,26.506177,77.025989,PM2.5,25,48,34
India,Rajasthan,Khairthal,"New Anaj Mandi, Khairthal - RSPCB",19-08-2026 10:00:00,27.8015617,76.6365217,OZONE,34,39,37
India,Rajasthan,Kota,"Nayapura, Kota - RSPCB",19-08-2026 10:00:00,25.196024,75.855668,NH3,2,6,5
India,Rajasthan,Kota,"Nayapura, Kota - RSPCB",19-08-2026 10:00:00,25.196024,75.855668,CO,11,28,19
India,Rajasthan,Kota,"Dhanmandi, Kota - RSPCB",19-08-2026 10:00:00,25.16409,75.858137,NH3,NA,NA,NA
India,Punjab,Khanna,"Kalal Majra, Khanna - PPCB",19-08-2026 10:00:00,30.736056,76.209694,CO,45,49,47
India,Punjab,Mandi Gobindgarh,"RIMT University, Mandi Gobindgarh - PPCB",19-08-2026 10:00:00,30.649961,76.331442,NH3,5,5,5
India,Punjab,Patiala,"Model Town, Patiala - PPCB",19-08-2026 10:00:00,30.349388,76.366642,PM10,26,94,54
India,Punjab,Rupnagar,"Ratanpura, Rupnagar - Ambuja Cements",19-08-2026 10:00:00,31.0325454,76.5623046,PM2.5,7,166,25
India,Rajasthan,Ajmer,"Civil Lines,  Ajmer - RSPCB",19-08-2026 10:00:00,26.470859,74.646594,PM10,84,110,94
India,Rajasthan,Alwar,"Moti Doongri, Alwar - RSPCB",19-08-2026 10:00:00,27.554793,76.611536,PM2.5,50,95,70
India,Rajasthan,Alwar,"Vigyan Nagar, Alwar - RSPCB",19-08-2026 10:00:00,27.598796,76.63861,SO2,6,7,7
India,Rajasthan,Alwar,"Vigyan Nagar, Alwar - RSPCB",19-08-2026 10:00:00,27.598796,76.63861,OZONE,17,30,23
India,Rajasthan,Banswara,"Rati Talai, Banswara - RSPCB",19-08-2026 10:00:00,23.55519,74.44001,PM2.5,22,36,29
India,Rajasthan,Barmer,"Railway Colony, Barmer - RSPCB",19-08-2026 10:00:00,25.747299,71.393989,SO2,0,4,1
India,Rajasthan,Barmer,"Railway Colony, Barmer - RSPCB",19-08-2026 10:00:00,25.747299,71.393989,OZONE,28,33,30
India,Rajasthan,Nagaur,"Karni Colony, Nagaur - RSPCB",19-08-2026 10:00:00,27.213494,73.734444,PM2.5,22,50,32
India,Rajasthan,Nagaur,"Karni Colony, Nagaur - RSPCB",19-08-2026 10:00:00,27.213494,73.734444,PM10,92,123,106
India,Rajasthan,Nagaur,"Karni Colony, Nagaur - RSPCB",19-08-2026 10:00:00,27.213494,73.734444,NH3,3,5,3
India,Rajasthan,Pali,"Indira Colony Vistar, Pali - RSPCB",19-08-2026 10:00:00,25.771061,73.340227,PM2.5,56,113,86
India,Rajasthan,Pali,"Indira Colony Vistar, Pali - RSPCB",19-08-2026 10:00:00,25.771061,73.340227,OZONE,8,26,13
India,Rajasthan,Pratapgarh,"Pragati Nagar, Pratapgarh - RSPCB",19-08-2026 10:00:00,24.041198,74.780702,SO2,1,4,2
India,Rajasthan,Pratapgarh,"Pragati Nagar, Pratapgarh - RSPCB",19-08-2026 10:00:00,24.041198,74.780702,OZONE,18,28,24
India,Rajasthan,Sawai Madhopur,"Sahu Nagar, Sawai Madhopur - RSPCB",19-08-2026 10:00:00,26.031443,76.359327,NH3,2,4,2
India,Rajasthan,Sikar,"Radhakishan Pura, Sikar - RSPCB",19-08-2026 10:00:00,27.608912,75.153302,NH3,NA,NA,NA
India,Rajasthan,Sikar,"Radhakishan Pura, Sikar - RSPCB",19-08-2026 10:00:00,27.608912,75.153302,OZONE,18,31,25
India,Rajasthan,Sirohi,"Vedhaynath Colony, Sirohi - RSPCB",19-08-2026 10:00:00,24.885261,72.857549,NO2,4,10,6
India,Rajasthan,Sri Ganganagar,"Old City, Sri Ganganagar - RSPCB",19-08-2026 10:00:00,29.931624,73.864511,PM10,71,166,118
India,Maharashtra,Pune,"Panchawati_Pashan, Pune - IITM",19-08-2026 10:00:00,18.536457,73.805454,PM10,39,81,55
India,Maharashtra,Pune,"Savitribai Phule Pune University, Pune - MPCB",19-08-2026 10:00:00,18.547056,73.826908,NO2,6,11,7
India,Maharashtra,Pune,"Savitribai Phule Pune University, Pune - MPCB",19-08-2026 10:00:00,18.547056,73.826908,CO,25,32,28
India,Maharashtra,Satara,"Koyana Nagar, Satara - MPCB",19-08-2026 10:00:00,17.696651,74.003387,SO2,4,6,5
India,Maharashtra,Solapur,"Dnyaneshwar Nagar, Solapur - MPCB",19-08-2026 10:00:00,17.6336264,75.9132495,NO2,4,19,8
India,Maharashtra,Solapur,"Dnyaneshwar Nagar, Solapur - MPCB",19-08-2026 10:00:00,17.6336264,75.9132495,SO2,1,3,2
India,Maharashtra,Solapur,"Dnyaneshwar Nagar, Solapur - MPCB",19-08-2026 10:00:00,17.6336264,75.9132495,CO,6,13,9
India,Maharashtra,Solapur,"Dnyaneshwar Nagar, Solapur - MPCB",19-08-2026 10:00:00,17.6336264,75.9132495,OZONE,4,9,6
India,Maharashtra,Solapur,"Ratandeep Housing Society, Solapur - MPCB",19-08-2026 10:00:00,17.65439,75.90649,PM2.5,26,50,37
India,Maharashtra,Solapur,"Ratandeep Housing Society, Solapur - MPCB",19-08-2026 10:00:00,17.65439,75.90649,NO2,3,23,14
India,Maharashtra,Solapur,"Ratandeep Housing Society, Solapur - MPCB",19-08-2026 10:00:00,17.65439,75.90649,NH3,NA,NA,NA
India,Maharashtra,Thane,"Upvan Fort, Thane - MPCB",19-08-2026 10:00:00,19.222279,72.957979,SO2,0,5,2
India,Maharashtra,Thane,"Upvan Fort, Thane - MPCB",19-08-2026 10:00:00,19.222279,72.957979,CO,6,15,9
India,Odisha,Barbil,"Forest Office, Barbil - OSPCB",19-08-2026 10:00:00,22.1166054,85.3945546,PM10,13,48,26
India,Odisha,Barbil,"Forest Office, Barbil - OSPCB",19-08-2026 10:00:00,22.1166054,85.3945546,SO2,9,33,16
India,Odisha,Bhubaneswar,"Patia, Bhubaneswar - OSPCB",19-08-2026 10:00:00,20.34652,85.8163,PM10,8,54,24
India,Odisha,Bhubaneswar,"Patia, Bhubaneswar - OSPCB",19-08-2026 10:00:00,20.34652,85.8163,OZONE,9,34,18
India,Odisha,Bileipada,"Tata Township, Bileipada - OSPCB",19-08-2026 10:00:00,22.06156703,85.47409613,NO2,14,14,14
India,Odisha,Brajrajnagar,"GM Office, Brajrajnagar - OSPCB",19-08-2026 10:00:00,21.8004996,83.8396977,SO2,16,18,16
India,Odisha,Brajrajnagar,"GM Office, Brajrajnagar - OSPCB",19-08-2026 10:00:00,21.8004996,83.8396977,OZONE,42,45,43
India,Odisha,Keonjhar,"Jagamohanpur, Keonjhar - OSPCB",19-08-2026 10:00:00,21.6439,85.599355,PM2.5,13,24,18
India,Odisha,Keonjhar,"Jagamohanpur, Keonjhar - OSPCB",19-08-2026 10:00:00,21.6439,85.599355,OZONE,12,16,14
India,Odisha,Rairangpur,"Divisional Forest Office, Rairangpur - OSPCB",19-08-2026 10:00:00,22.265816,86.174829,PM2.5,13,13,13
India,Odisha,Rairangpur,"Divisional Forest Office, Rairangpur - OSPCB",19-08-2026 10:00:00,22.265816,86.174829,CO,13,30,21
India,Uttar Pradesh,Firozabad,"Vibhab Nagar, Firozabad - UPPCB",19-08-2026 10:00:00,27.1594,78.3953,CO,36,37,36
India,Uttar Pradesh,Gajraula,"Rajanpur, Gajraula - UPPCB",19-08-2026 10:00:00,28.829109,78.248796,PM2.5,17,74,50
India,Uttar Pradesh,Gajraula,"Rajanpur, Gajraula - UPPCB",19-08-2026 10:00:00,28.829109,78.248796,NO2,4,47,16
India,Uttar Pradesh,Gajraula,"Rajanpur, Gajraula - UPPCB",19-08-2026 10:00:00,28.829109,78.248796,NH3,0,1,1
India,Uttar Pradesh,Gajraula,"Rajanpur, Gajraula - UPPCB",19-08-2026 10:00:00,28.829109,78.248796,CO,32,44,37
India,Uttar Pradesh,Ghaziabad,"Ved Vihar-Loni, Ghaziabad - UPPCB",19-08-2026 10:00:00,28.739153,77.273668,PM2.5,15,314,105
India,Uttar Pradesh,Ghaziabad,"Ved Vihar-Loni, Ghaziabad - UPPCB",19-08-2026 10:00:00,28.739153,77.273668,NO2,22,80,32
India,Uttar Pradesh,Ghaziabad,"Ved Vihar-Loni, Ghaziabad - UPPCB",19-08-2026 10:00:00,28.739153,77.273668,NH3,4,15,8
India,Uttar Pradesh,Ghaziabad,"Sanjay Nagar, Ghaziabad - UPPCB",19-08-2026 10:00:00,28.685382,77.453839,NO2,16,76,36
India,Uttar Pradesh,Ghaziabad,"Sanjay Nagar, Ghaziabad - UPPCB",19-08-2026 10:00:00,28.685382,77.453839,SO2,11,14,12
India,Uttar Pradesh,Ghaziabad,"Indirapuram, Ghaziabad - UPPCB",19-08-2026 10:00:00,28.646233,77.358075,PM2.5,30,144,72
India,Uttar Pradesh,Ghaziabad,"Indirapuram, Ghaziabad - UPPCB",19-08-2026 10:00:00,28.646233,77.358075,PM10,45,148,92
India,Uttar Pradesh,Ghaziabad,"Indirapuram, Ghaziabad - UPPCB",19-08-2026 10:00:00,28.646233,77.358075,CO,25,31,27
India,Uttar Pradesh,Ghaziabad,"Vasundhara, Ghaziabad - UPPCB",19-08-2026 10:00:00,28.6603346,77.3572563,CO,14,52,28
India,Uttar Pradesh,Ghaziabad,"Wave City, Ghaziabad - UPPCB",19-08-2026 10:00:00,28.646675,77.489049,PM10,NA,NA,NA
India,Uttar Pradesh,Ghaziabad,"Wave City, Ghaziabad - UPPCB",19-08-2026 10:00:00,28.646675,77.489049,SO2,0,3,2
India,Uttar Pradesh,Ghaziabad,"Loni, Ghaziabad - UPPCB",19-08-2026 10:00:00,28.757294,77.278792,SO2,8,75,16
India,Uttar Pradesh,Ghaziabad,"Loni, Ghaziabad - UPPCB",19-08-2026 10:00:00,28.757294,77.278792,OZONE,8,23,14
India,Uttar Pradesh,Ghaziabad,"Govindpuram, Ghaziabad - UPPCB",19-08-2026 10:00:00,28.694528,77.494705,PM2.5,30,95,61
India,Uttar Pradesh,Ghaziabad,"Govindpuram, Ghaziabad - UPPCB",19-08-2026 10:00:00,28.694528,77.494705,NH3,1,5,2
India,Uttar Pradesh,Ghaziabad,"Govindpuram, Ghaziabad - UPPCB",19-08-2026 10:00:00,28.694528,77.494705,CO,34,38,36
India,Uttar Pradesh,Gorakhpur,"Madan Mohan Malaviya University of Technology, Gorakhpur - UPPCB",19-08-2026 10:00:00,26.730136,83.433859,PM2.5,5,219,100
India,Uttar Pradesh,Agra,"Shastripuram, Agra - UPPCB",19-08-2026 10:00:00,27.19862,77.92066,PM2.5,25,72,37
India,Uttar Pradesh,Agra,"Shastripuram, Agra - UPPCB",19-08-2026 10:00:00,27.19862,77.92066,PM10,NA,NA,NA
India,Uttar Pradesh,Agra,"Shastripuram, Agra - UPPCB",19-08-2026 10:00:00,27.19862,77.92066,NO2,41,43,42
India,Uttar Pradesh,Agra,"Shastripuram, Agra - UPPCB",19-08-2026 10:00:00,27.19862,77.92066,NH3,3,3,3
India,Uttar Pradesh,Agra,"Shastripuram, Agra - UPPCB",19-08-2026 10:00:00,27.19862,77.92066,SO2,10,29,17
India,Uttar Pradesh,Agra,"Shastripuram, Agra - UPPCB",19-08-2026 10:00:00,27.19862,77.92066,OZONE,2,4,3
India,Uttar Pradesh,Baghpat,"Sardar Patel Inter College, Baghpat - UPPCB",19-08-2026 10:00:00,28.964949,77.278761,PM10,35,112,70
India,Uttar Pradesh,Baghpat,"Sardar Patel Inter College, Baghpat - UPPCB",19-08-2026 10:00:00,28.964949,77.278761,SO2,10,13,12
India,Uttar Pradesh,Baghpat,"Sardar Patel Inter College, Baghpat - UPPCB",19-08-2026 10:00:00,28.964949,77.278761,CO,17,20,19
India,Uttar Pradesh,Baraut,"Nagar Palika Parishad, Baraut - UPPCB",19-08-2026 10:00:00,29.09956,77.26235,PM2.5,69,198,135
India,Uttar Pradesh,Baraut,"Nagar Palika Parishad, Baraut - UPPCB",19-08-2026 10:00:00,29.09956,77.26235,NH3,NA,NA,NA
India,Uttar Pradesh,Baraut,"Nagar Palika Parishad, Baraut - UPPCB",19-08-2026 10:00:00,29.09956,77.26235,CO,1,2,1
India,Uttar Pradesh,Bareilly,"Rajendra Nagar, Bareilly - UPPCB",19-08-2026 10:00:00,28.38910936,79.42963708,PM10,30,84,54
India,Uttar Pradesh,Bareilly,"Civil Lines, Bareilly - UPPCB",19-08-2026 10:00:00,28.359581,79.414455,CO,31,39,34
India,Uttar Pradesh,Fatehpur Sikri,"Dadupura, Fatehpur Sikri - UPPCB",19-08-2026 10:00:00,27.097694,77.671335,NH3,2,2,2
India,Uttar Pradesh,Firozabad,"Nagla Bhau, Firozabad - UPPCB",19-08-2026 10:00:00,27.168897,78.37696,NO2,17,17,17
India,Uttar Pradesh,Firozabad,"Nagla Bhau, Firozabad - UPPCB",19-08-2026 10:00:00,27.168897,78.37696,SO2,2,59,27
India,Uttar Pradesh,Firozabad,"Nagla Bhau, Firozabad - UPPCB",19-08-2026 10:00:00,27.168897,78.37696,OZONE,11,22,14
India,Telangana,Hyderabad,"Zoo Park, Hyderabad - TSPCB",19-08-2026 10:00:00,17.349694,78.451437,SO2,1,2,2
India,Telangana,Hyderabad,"Central University, Hyderabad - TSPCB",19-08-2026 10:00:00,17.460103,78.334361,PM10,7,26,15
India,Telangana,Hyderabad,"IITH Kandi, Hyderabad - TSPCB",19-08-2026 10:00:00,17.585705,78.126199,PM2.5,NA,NA,NA
India,Telangana,Hyderabad,"IITH Kandi, Hyderabad - TSPCB",19-08-2026 10:00:00,17.585705,78.126199,SO2,NA,NA,NA
India,Telangana,Hyderabad,"Nacharam_TSIIC IALA, Hyderabad - TSPCB",19-08-2026 10:00:00,17.429398,78.569354,NO2,12,17,14
India,Telangana,Hyderabad,"Nacharam_TSIIC IALA, Hyderabad - TSPCB",19-08-2026 10:00:00,17.429398,78.569354,CO,13,35,21
India,Telangana,Hyderabad,"Nacharam_TSIIC IALA, Hyderabad - TSPCB",19-08-2026 10:00:00,17.429398,78.569354,OZONE,19,27,22
India,Telangana,Hyderabad,"New Malakpet, Hyderabad - TSPCB",19-08-2026 10:00:00,17.37206,78.50864,NO2,10,16,13
India,Telangana,Hyderabad,"New Malakpet, Hyderabad - TSPCB",19-08-2026 10:00:00,17.37206,78.50864,NH3,2,4,3
India,Telangana,Hyderabad,"Kokapet, Hyderabad - TSPCB",19-08-2026 10:00:00,17.393559,78.339194,NO2,NA,NA,NA
India,Telangana,Hyderabad,"Ramachandrapuram, Hyderabad - TSPCB",19-08-2026 10:00:00,17.528544,78.286195,NH3,3,5,4
India,Telangana,Hyderabad,"Ramachandrapuram, Hyderabad - TSPCB",19-08-2026 10:00:00,17.528544,78.286195,SO2,7,18,11
India,Telangana,Hyderabad,"Ramachandrapuram, Hyderabad - TSPCB",19-08-2026 10:00:00,17.528544,78.286195,CO,13,18,16
India,Telangana,Hyderabad,"Kompally Municipal Office, Hyderabad - TSPCB",19-08-2026 10:00:00,17.544899,78.486949,NH3,2,4,3
India,Telangana,Hyderabad,"Kompally Municipal Office, Hyderabad - TSPCB",19-08-2026 10:00:00,17.544899,78.486949,CO,9,16,12
India,Telangana,Hyderabad,"Kompally Municipal Office, Hyderabad - TSPCB",19-08-2026 10:00:00,17.544899,78.486949,OZONE,11,16,12
India,Telangana,Hyderabad,"Somajiguda, Hyderabad - TSPCB",19-08-2026 10:00:00,17.417094,78.457437,PM2.5,44,58,51
India,Telangana,Hyderabad,"Somajiguda, Hyderabad - TSPCB",19-08-2026 10:00:00,17.417094,78.457437,CO,10,19,11
India,Uttar Pradesh,Jhansi,"Shivaji Nagar, Jhansi - UPPCB",19-08-2026 10:00:00,25.4547,78.6039,PM10,48,121,84
India,Uttar Pradesh,Jhansi,"Shivaji Nagar, Jhansi - UPPCB",19-08-2026 10:00:00,25.4547,78.6039,NO2,6,6,6
India,Uttar Pradesh,Kanpur,"FTI Kidwai Nagar, Kanpur - UPPCB",19-08-2026 10:00:00,26.428282,80.327067,CO,33,35,34
India,Uttar Pradesh,Kanpur,"NSI Kalyanpur, Kanpur - UPPCB",19-08-2026 10:00:00,26.509954,80.249612,NH3,2,2,2
India,Uttar Pradesh,Kanpur,"Nehru Nagar, Kanpur - UPPCB",19-08-2026 10:00:00,26.4703136,80.3229863,NH3,NA,NA,NA
India,Uttar Pradesh,Khora,"Prashant Garden, Khora - UPPCB",19-08-2026 10:00:00,28.61119,77.34206,PM2.5,80,279,136
India,Uttar Pradesh,Khora,"Prashant Garden, Khora - UPPCB",19-08-2026 10:00:00,28.61119,77.34206,NO2,17,24,21
India,Uttar Pradesh,Khurja,"Kalindi Kunj, Khurja - UPPCB",19-08-2026 10:00:00,28.2348927,77.8683002,OZONE,12,13,13
India,Uttar Pradesh,Lucknow,"Kendriya Vidyalaya, Lucknow - CPCB",19-08-2026 10:00:00,26.906111,80.948222,PM2.5,16,63,36
India,Uttar Pradesh,Lucknow,"Kendriya Vidyalaya, Lucknow - CPCB",19-08-2026 10:00:00,26.906111,80.948222,SO2,1,9,7
India,Uttar Pradesh,Lucknow,"Kendriya Vidyalaya, Lucknow - CPCB",19-08-2026 10:00:00,26.906111,80.948222,CO,34,55,41
India,Uttar Pradesh,Lucknow,"Kendriya Vidyalaya, Lucknow - CPCB",19-08-2026 10:00:00,26.906111,80.948222,OZONE,21,36,23
India,Uttar Pradesh,Lucknow,"Gomti Nagar, Lucknow - UPPCB",19-08-2026 10:00:00,26.86812,81.005119,NO2,9,10,9
India,Uttar Pradesh,Lucknow,"Gomti Nagar, Lucknow - UPPCB",19-08-2026 10:00:00,26.86812,81.005119,NH3,NA,NA,NA
India,Uttar Pradesh,Lucknow,"Gomti Nagar, Lucknow - UPPCB",19-08-2026 10:00:00,26.86812,81.005119,SO2,11,11,11
India,Rajasthan,Tonk,"Shastri Nagar, Tonk - RSPCB",19-08-2026 10:00:00,26.159933,75.780517,NH3,3,4,4
India,Sikkim,Gangtok,"Zero Point GICI, Gangtok - SSPCB",19-08-2026 10:00:00,27.33853,88.614099,OZONE,1,2,1
India,Tamil Nadu,Chennai,"Kodungaiyur, Chennai - TNPCB",19-08-2026 10:00:00,13.1278,80.2642,PM10,33,111,62
India,Tamil Nadu,Chennai,"Kodungaiyur, Chennai - TNPCB",19-08-2026 10:00:00,13.1278,80.2642,NH3,3,5,4
India,Tamil Nadu,Chennai,"Kodungaiyur, Chennai - TNPCB",19-08-2026 10:00:00,13.1278,80.2642,CO,27,36,31
India,Tamil Nadu,Chennai,"Arumbakkam, Chennai - TNPCB",19-08-2026 10:00:00,13.0664,80.2112,PM2.5,20,55,34
India,Tamil Nadu,Chennai,"Velachery Res. Area, Chennai - CPCB",19-08-2026 10:00:00,13.0052189,80.2398125,SO2,5,7,5
India,Tamil Nadu,Chennai,"Velachery Res. Area, Chennai - CPCB",19-08-2026 10:00:00,13.0052189,80.2398125,CO,NA,NA,NA
India,Tamil Nadu,Chennai,"Perungudi, Chennai - TNPCB",19-08-2026 10:00:00,12.9533,80.2357,PM2.5,2,23,14
India,Tamil Nadu,Chennai,"Perungudi, Chennai - TNPCB",19-08-2026 10:00:00,12.9533,80.2357,OZONE,0,7,2
India,Tamil Nadu,Chennai,"Manali Village, Chennai - TNPCB",19-08-2026 10:00:00,13.1662,80.2584,NH3,1,4,2
India,Tamil Nadu,Chennai,"Manali Village, Chennai - TNPCB",19-08-2026 10:00:00,13.1662,80.2584,CO,32,37,34
India,Tamil Nadu,Chennai,"Manali, Chennai - CPCB",19-08-2026 10:00:00,13.164544,80.26285,PM10,47,107,75
India,Tamil Nadu,Chennai,"Royapuram, Chennai - TNPCB",19-08-2026 10:00:00,13.1036,80.2909,SO2,4,7,5
India,Tamil Nadu,Cuddalore,"Kudikadu, Cuddalore - TNPCB",19-08-2026 10:00:00,11.6829898,79.7532099,PM2.5,11,56,26
India,Tamil Nadu,Cuddalore,"Kudikadu, Cuddalore - TNPCB",19-08-2026 10:00:00,11.6829898,79.7532099,OZONE,10,15,13
India,Tamil Nadu,Cuddalore,"Semmandalam, Cuddalore - TNPCB",19-08-2026 10:00:00,11.7637683,79.7499835,PM10,NA,NA,NA
India,Tamil Nadu,Gummidipoondi,"Anthoni Pillai Nagar, Gummidipoondi - TNPCB",19-08-2026 10:00:00,13.4127,80.1081,NO2,14,24,21
India,Tamil Nadu,Gummidipoondi,"Anthoni Pillai Nagar, Gummidipoondi - TNPCB",19-08-2026 10:00:00,13.4127,80.1081,NH3,0,1,1
India,Tamil Nadu,Thoothukudi,"Meelavittan, Thoothukudi - TNPCB",19-08-2026 10:00:00,8.816428,78.099039,NO2,13,20,15
India,Tamil Nadu,Thoothukudi,"Meelavittan, Thoothukudi - TNPCB",19-08-2026 10:00:00,8.816428,78.099039,SO2,6,18,11
India,Telangana,Hyderabad,"Bollaram Industrial Area, Hyderabad - TSPCB",19-08-2026 10:00:00,17.518,78.383,CO,56,61,59
India,Uttar Pradesh,Lucknow,"Gomti Nagar, Lucknow - UPPCB",19-08-2026 10:00:00,26.86812,81.005119,OZONE,39,40,39
India,Uttar Pradesh,Lucknow,"Lalbagh, Lucknow - CPCB",19-08-2026 10:00:00,26.8458805,80.9365541,PM10,29,81,47
India,Uttar Pradesh,Lucknow,"Lalbagh, Lucknow - CPCB",19-08-2026 10:00:00,26.8458805,80.9365541,SO2,2,8,4
India,Uttar Pradesh,Meerut,"Jai Bhim Nagar, Meerut - UPPCB",19-08-2026 10:00:00,28.9535882,77.7622941,PM10,21,106,51
India,Uttar Pradesh,Meerut,"Jai Bhim Nagar, Meerut - UPPCB",19-08-2026 10:00:00,28.9535882,77.7622941,NH3,10,11,10
India,Uttar Pradesh,Meerut,"Jai Bhim Nagar, Meerut - UPPCB",19-08-2026 10:00:00,28.9535882,77.7622941,CO,12,13,12
India,Uttar Pradesh,Meerut,"MIET College, Meerut - UPPCB",19-08-2026 10:00:00,28.972677,77.641018,PM2.5,36,73,56
India,Uttar Pradesh,Meerut,"MIET College, Meerut - UPPCB",19-08-2026 10:00:00,28.972677,77.641018,SO2,2,4,3
India,Uttar Pradesh,Meerut,"Pallavpuram Phase 2, Meerut - UPPCB",19-08-2026 10:00:00,29.06351,77.709723,NH3,6,14,8
India,Uttar Pradesh,Meerut,"Pallavpuram Phase 2, Meerut - UPPCB",19-08-2026 10:00:00,29.06351,77.709723,OZONE,8,17,11
India,Uttar Pradesh,Meerut,"Ganga Nagar, Meerut - UPPCB",19-08-2026 10:00:00,28.999264,77.7590354,PM2.5,30,73,48
India,Telangana,Hyderabad,"ICRISAT Patancheru, Hyderabad - TSPCB",19-08-2026 10:00:00,17.5184,78.278777,CO,5,12,8
India,Tripura,Agartala,"Bardowali, Agartala - Tripura SPCB",19-08-2026 10:00:00,23.8175497,91.2726974,PM10,36,82,58
India,Uttar Pradesh,Agra,"Rohta, Agra - UPPCB",19-08-2026 10:00:00,27.106972,78.000111,PM2.5,21,48,31
India,Uttar Pradesh,Agra,"Rohta, Agra - UPPCB",19-08-2026 10:00:00,27.106972,78.000111,OZONE,13,18,16
India,Uttar Pradesh,Agra,"Shahjahan Garden, Agra - UPPCB",19-08-2026 10:00:00,27.169338,78.03582,NH3,1,1,1
India,Uttar Pradesh,Agra,"Shahjahan Garden, Agra - UPPCB",19-08-2026 10:00:00,27.169338,78.03582,CO,22,22,22
India,Uttar Pradesh,Agra,"Manoharpur, Agra - UPPCB",19-08-2026 10:00:00,27.23711,78.01936,PM2.5,47,500,143
India,Uttar Pradesh,Agra,"Manoharpur, Agra - UPPCB",19-08-2026 10:00:00,27.23711,78.01936,CO,20,20,20
India,Uttar Pradesh,Agra,"Sanjay Palace, Agra - UPPCB",19-08-2026 10:00:00,27.19865833,78.00598056,PM2.5,35,107,63
India,Uttar Pradesh,Meerut,"Ganga Nagar, Meerut - UPPCB",19-08-2026 10:00:00,28.999264,77.7590354,SO2,22,27,24
India,Uttar Pradesh,Modinagar,"SRM University, Modinagar - UPPCB",19-08-2026 10:00:00,28.798171,77.540243,PM10,74,113,95
India,Uttar Pradesh,Moradabad,"Buddhi Vihar, Moradabad - UPPCB",19-08-2026 10:00:00,28.83526,78.7446,PM2.5,8,52,28
India,Uttar Pradesh,Moradabad,"Kashiram Nagar, Moradabad - UPPCB",19-08-2026 10:00:00,28.849399,78.742362,PM10,25,75,44
India,Uttar Pradesh,Moradabad,"Employment Office, Moradabad - UPPCB",19-08-2026 10:00:00,28.88528,78.7388,PM2.5,37,72,57
India,Uttar Pradesh,Moradabad,"Employment Office, Moradabad - UPPCB",19-08-2026 10:00:00,28.88528,78.7388,OZONE,21,41,31
India,Uttar Pradesh,Muzaffarnagar,"New Mandi, Muzaffarnagar - UPPCB",19-08-2026 10:00:00,29.4723508,77.7194031,PM2.5,22,270,67
India,Uttar Pradesh,Noida,"Sector - 125, Noida - UPPCB",19-08-2026 10:00:00,28.5447608,77.3231257,NH3,7,12,9
India,Uttar Pradesh,Noida,"Sector - 125, Noida - UPPCB",19-08-2026 10:00:00,28.5447608,77.3231257,SO2,6,10,8
India,Uttar Pradesh,Noida,"Sector - 125, Noida - UPPCB",19-08-2026 10:00:00,28.5447608,77.3231257,CO,14,31,23
India,Uttar Pradesh,Noida,"Sector - 125, Noida - UPPCB",19-08-2026 10:00:00,28.5447608,77.3231257,OZONE,1,82,39
India,Uttar Pradesh,Noida,"Sector - 62, Noida - IITM",19-08-2026 10:00:00,28.6245479,77.3577104,PM2.5,34,143,73
India,Uttar Pradesh,Noida,"Sector - 62, Noida - IITM",19-08-2026 10:00:00,28.6245479,77.3577104,CO,8,21,14
India,Uttar Pradesh,Noida,"Sector - 62, Noida - IITM",19-08-2026 10:00:00,28.6245479,77.3577104,OZONE,17,32,24
India,Uttar Pradesh,Noida,"Sector-1, Noida - UPPCB",19-08-2026 10:00:00,28.5898,77.3101,SO2,8,12,10
India,Uttar Pradesh,Noida,"Sector-1, Noida - UPPCB",19-08-2026 10:00:00,28.5898,77.3101,OZONE,11,22,15
India,Uttar Pradesh,Noida,"Sector-116, Noida - UPPCB",19-08-2026 10:00:00,28.56923,77.393848,PM2.5,43,304,144
India,Uttar Pradesh,Prayagraj,"Motilal Nehru NIT, Prayagraj - UPPCB",19-08-2026 10:00:00,25.494,81.863,SO2,13,42,18
India,Uttar Pradesh,Prayagraj,"Motilal Nehru NIT, Prayagraj - UPPCB",19-08-2026 10:00:00,25.494,81.863,CO,1,2,2
India,Uttar Pradesh,Prayagraj,"Motilal Nehru NIT, Prayagraj - UPPCB",19-08-2026 10:00:00,25.494,81.863,OZONE,14,19,16
India,Uttar Pradesh,Prayagraj,"Jhunsi, Prayagraj - UPPCB",19-08-2026 10:00:00,25.425602,81.917152,NH3,5,6,6
India,Uttar Pradesh,Prayagraj,"Jhunsi, Prayagraj - UPPCB",19-08-2026 10:00:00,25.425602,81.917152,CO,10,28,20
India,Uttar Pradesh,Raebareli," Indira Nagar, Raebareli - NTPC Unchahar",19-08-2026 10:00:00,26.207781,81.245571,PM2.5,25,54,45
India,Uttar Pradesh,Raebareli," Indira Nagar, Raebareli - NTPC Unchahar",19-08-2026 10:00:00,26.207781,81.245571,NO2,15,24,19
India,Uttar Pradesh,Raebareli," Indira Nagar, Raebareli - NTPC Unchahar",19-08-2026 10:00:00,26.207781,81.245571,OZONE,3,5,4
India,Uttar Pradesh,Varanasi,"Bhelupur, Varanasi - UPPCB",19-08-2026 10:00:00,25.301778,82.996789,NH3,1,1,1
India,Uttar Pradesh,Varanasi,"Maldahiya, Varanasi - UPPCB",19-08-2026 10:00:00,25.32393,82.99687,CO,11,14,12
India,Uttar Pradesh,Varanasi,"Ardhali Bazar, Varanasi - UPPCB",19-08-2026 10:00:00,25.3505986,82.9083074,NH3,NA,NA,NA
India,Uttar Pradesh,Varanasi,"IESD Banaras Hindu University, Varanasi - UPPCB",19-08-2026 10:00:00,25.262326,82.995408,CO,2,3,2
India,Uttar Pradesh,Vrindavan,"Omex Eternity, Vrindavan - UPPCB",19-08-2026 10:00:00,27.571409,77.655757,PM2.5,25,75,53
India,Uttar Pradesh,Vrindavan,"Omex Eternity, Vrindavan - UPPCB",19-08-2026 10:00:00,27.571409,77.655757,NO2,27,27,27
India,Uttarakhand,Dehradun,"Doon University, Dehradun - UKPCB",19-08-2026 10:00:00,30.269444,78.044167,NO2,0,5,2
India,Uttarakhand,Dehradun,"Doon University, Dehradun - UKPCB",19-08-2026 10:00:00,30.269444,78.044167,NH3,NA,NA,NA
India,Uttarakhand,Kashipur,"Govt. Girls Inter College, Kashipur - UKPCB",19-08-2026 10:00:00,29.2124114,78.9611753,PM2.5,NA,NA,NA
India,Uttarakhand,Rishikesh,"Shivaji Nagar, Rishikesh - UKPCB",19-08-2026 10:00:00,30.075911,78.2859547,NH3,NA,NA,NA
India,West Bengal,Asansol,"Evelyn Lodge, Asansol - WBPCB",19-08-2026 10:00:00,23.697936,86.944395,SO2,77,78,78
India,West Bengal,Asansol,"Evelyn Lodge, Asansol - WBPCB",19-08-2026 10:00:00,23.697936,86.944395,OZONE,5,8,7
India,West Bengal,Asansol,"Mahabir Colliery, Asansol - WBPCB",19-08-2026 10:00:00,23.618183,87.105718,OZONE,8,9,9
India,West Bengal,Barrackpore,"SVSPA Campus, Barrackpore - WBPCB",19-08-2026 10:00:00,22.7605581,88.3617589,PM2.5,30,43,36
India,West Bengal,Barrackpore,"SVSPA Campus, Barrackpore - WBPCB",19-08-2026 10:00:00,22.7605581,88.3617589,CO,46,52,48
India,West Bengal,Durgapur,"PCBL Residential Complex, Durgapur - WBPCB",19-08-2026 10:00:00,23.508764,87.35444,PM2.5,15,48,30
India,West Bengal,Durgapur,"Mahishkapur Road_B-Zone, Durgapur - WBPCB",19-08-2026 10:00:00,23.567923,87.306843,PM10,19,55,37
India,West Bengal,Durgapur,"Mahishkapur Road_B-Zone, Durgapur - WBPCB",19-08-2026 10:00:00,23.567923,87.306843,SO2,3,3,3
India,West Bengal,Durgapur,"Womens College_City Center, Durgapur - WBPCB",19-08-2026 10:00:00,23.549395,87.300496,PM2.5,10,43,27
India,West Bengal,Durgapur,"Womens College_City Center, Durgapur - WBPCB",19-08-2026 10:00:00,23.549395,87.300496,NH3,4,5,4
India,West Bengal,Durgapur,"Womens College_City Center, Durgapur - WBPCB",19-08-2026 10:00:00,23.549395,87.300496,OZONE,7,14,11
India,West Bengal,Haldia,"Priyambada Housing Estate, Haldia - WBPCB",19-08-2026 10:00:00,22.06047,88.109737,NO2,5,28,8
India,West Bengal,Haldia,"Priyambada Housing Estate, Haldia - WBPCB",19-08-2026 10:00:00,22.06047,88.109737,CO,23,25,24
India,West Bengal,Howrah,"Belur Math, Howrah - WBPCB",19-08-2026 10:00:00,22.629801,88.352017,NH3,4,4,4
India,West Bengal,Howrah,"Belur Math, Howrah - WBPCB",19-08-2026 10:00:00,22.629801,88.352017,SO2,6,8,7
India,West Bengal,Howrah,"Dasnagar, Howrah - WBPCB",19-08-2026 10:00:00,22.6025571,88.3105664,PM10,NA,NA,NA
India,West Bengal,Howrah,"Dasnagar, Howrah - WBPCB",19-08-2026 10:00:00,22.6025571,88.3105664,CO,37,45,41
India,West Bengal,Howrah,"Botanical Garden, Howrah - WBPCB",19-08-2026 10:00:00,22.554954,88.292568,SO2,2,10,4
India,West Bengal,Howrah,"Botanical Garden, Howrah - WBPCB",19-08-2026 10:00:00,22.554954,88.292568,OZONE,2,5,3
India,West Bengal,Howrah,"Ghusuri, Howrah - WBPCB",19-08-2026 10:00:00,22.611968,88.347422,NO2,50,67,57
India,West Bengal,Howrah,"Padmapukur, Howrah - WBPCB",19-08-2026 10:00:00,22.5687319,88.2797276,PM10,54,72,60
India,West Bengal,Kolkata,"Bidhannagar, Kolkata - WBPCB",19-08-2026 10:00:00,22.58157048,88.41002457,NO2,14,16,15
India,West Bengal,Kolkata,"Jadavpur, Kolkata - WBPCB",19-08-2026 10:00:00,22.49929,88.36917,SO2,7,12,9
India,West Bengal,Kolkata,"Jadavpur, Kolkata - WBPCB",19-08-2026 10:00:00,22.49929,88.36917,CO,26,34,31
India,West Bengal,Kolkata,"Rabindra Bharati University, Kolkata - WBPCB",19-08-2026 10:00:00,22.627847,88.380669,PM2.5,12,34,23
India,West Bengal,Kolkata,"Rabindra Bharati University, Kolkata - WBPCB",19-08-2026 10:00:00,22.627847,88.380669,PM10,35,63,50
India,West Bengal,Kolkata,"Rabindra Bharati University, Kolkata - WBPCB",19-08-2026 10:00:00,22.627847,88.380669,CO,26,34,31
India,West Bengal,Kolkata,"Rabindra Bharati University, Kolkata - WBPCB",19-08-2026 10:00:00,22.627847,88.380669,OZONE,19,28,24
India,West Bengal,Kolkata,"Rabindra Sarobar, Kolkata - WBPCB",19-08-2026 10:00:00,22.51106,88.35142,PM2.5,18,29,22
India,West Bengal,Kolkata,"Rabindra Sarobar, Kolkata - WBPCB",19-08-2026 10:00:00,22.51106,88.35142,SO2,3,8,6
India,West Bengal,Kolkata,"Rabindra Sarobar, Kolkata - WBPCB",19-08-2026 10:00:00,22.51106,88.35142,OZONE,7,13,9
India,West Bengal,Kolkata,"Ballygunge, Kolkata - WBPCB",19-08-2026 10:00:00,22.5367507,88.3638022,PM10,31,95,47
India,West Bengal,Siliguri,"Ward-32 Bapupara, Siliguri - WBPCB",19-08-2026 10:00:00,26.6879226,88.4152495,PM2.5,11,32,17
India,West Bengal,Siliguri,"Ward-32 Bapupara, Siliguri - WBPCB",19-08-2026 10:00:00,26.6879226,88.4152495,CO,8,41,20
India,West Bengal,Siliguri,"Ward-32 Bapupara, Siliguri - WBPCB",19-08-2026 10:00:00,26.6879226,88.4152495,OZONE,17,21,18
India,Assam,Guwahati,"Railway Colony, Guwahati - PCBA",19-08-2026 10:00:00,26.181742,91.78063,OZONE,13,16,14
India,Assam,Nagaon,"Christianpatty, Nagaon - PCBA",19-08-2026 10:00:00,26.349082,92.68449,PM2.5,48,77,62
India,Assam,Nagaon,"Christianpatty, Nagaon - PCBA",19-08-2026 10:00:00,26.349082,92.68449,PM10,42,71,55
India,Assam,Nalbari,"Bata Chowk, Nalbari - PCBA",19-08-2026 10:00:00,26.446912,91.439057,PM10,15,63,31
India,Assam,Nalbari,"Bata Chowk, Nalbari - PCBA",19-08-2026 10:00:00,26.446912,91.439057,OZONE,19,19,19
India,Assam,Silchar,"Tarapur, Silchar - PCBA",19-08-2026 10:00:00,24.82827,92.79525,PM2.5,6,47,32
India,Assam,Silchar,"Tarapur, Silchar - PCBA",19-08-2026 10:00:00,24.82827,92.79525,CO,28,36,33
India,Assam,Silchar,"Tarapur, Silchar - PCBA",19-08-2026 10:00:00,24.82827,92.79525,OZONE,2,2,2
India,Assam,Sivasagar,"Girls College, Sivasagar - PCBA",19-08-2026 10:00:00,26.987634,94.636574,NO2,9,21,13
India,Assam,Sivasagar,"Girls College, Sivasagar - PCBA",19-08-2026 10:00:00,26.987634,94.636574,SO2,6,8,7
India,Bihar,Araria,"Kharahiya Basti, Araria - BSPCB",19-08-2026 10:00:00,26.146529,87.454184,PM10,13,65,27
India,Bihar,Araria,"Kharahiya Basti, Araria - BSPCB",19-08-2026 10:00:00,26.146529,87.454184,NH3,4,5,4
India,Bihar,Araria,"Kharahiya Basti, Araria - BSPCB",19-08-2026 10:00:00,26.146529,87.454184,OZONE,37,46,40
India,Bihar,Arrah,"New DM Office, Arrah - BSPCB",19-08-2026 10:00:00,25.5626095,84.663264,OZONE,7,13,9
India,Chandigarh,Chandigarh,"Sector-25, Chandigarh - CPCC",19-08-2026 10:00:00,30.751462,76.762879,NO2,2,47,18
India,Chandigarh,Chandigarh,"Sector-25, Chandigarh - CPCC",19-08-2026 10:00:00,30.751462,76.762879,NH3,10,30,25
India,Chhattisgarh,Bhilai,"Civic Center, Bhilai - Bhilai Steel Plant",19-08-2026 10:00:00,21.185571,81.343175,PM10,8,17,11
India,Chhattisgarh,Bhilai,"Civic Center, Bhilai - Bhilai Steel Plant",19-08-2026 10:00:00,21.185571,81.343175,NH3,1,2,1
India,Chhattisgarh,Bhilai,"Hathkhoj, Bhilai - CECB",19-08-2026 10:00:00,21.224231,81.40835,SO2,8,14,10
India,Chhattisgarh,Bhilai,"Hathkhoj, Bhilai - CECB",19-08-2026 10:00:00,21.224231,81.40835,CO,2,10,6
India,Chhattisgarh,Bhilai,"Hathkhoj, Bhilai - CECB",19-08-2026 10:00:00,21.224231,81.40835,OZONE,7,9,8
India,Chhattisgarh,Bilaspur,"Mangala, Bilaspur - NTPC",19-08-2026 10:00:00,22.08815,82.13737,PM2.5,2,110,29
India,Chhattisgarh,Bilaspur,"Mangala, Bilaspur - NTPC",19-08-2026 10:00:00,22.08815,82.13737,CO,17,28,23
India,Chhattisgarh,Bilaspur,"Mangala, Bilaspur - NTPC",19-08-2026 10:00:00,22.08815,82.13737,OZONE,NA,NA,NA
India,Chhattisgarh,Chhal,"Nawapara SECL Colony, Chhal - CECB",19-08-2026 10:00:00,22.118125,83.140608,NH3,2,2,2
India,Chhattisgarh,Chhal,"Nawapara SECL Colony, Chhal - CECB",19-08-2026 10:00:00,22.118125,83.140608,OZONE,16,20,18
India,Chhattisgarh,Korba,"Urja Nagar, Korba - CECB",19-08-2026 10:00:00,22.348441,82.549611,PM10,5,12,8
India,Chhattisgarh,Korba,"Urja Nagar, Korba - CECB",19-08-2026 10:00:00,22.348441,82.549611,NO2,3,4,4
India,Chhattisgarh,Korba,"Urja Nagar, Korba - CECB",19-08-2026 10:00:00,22.348441,82.549611,NH3,1,1,1
India,Andhra Pradesh,Chittoor,"Gangineni Cheruvu, Chittoor - APPCB",19-08-2026 10:00:00,13.20488,79.097889,NH3,6,8,8
India,Andhra Pradesh,Chittoor,"Gangineni Cheruvu, Chittoor - APPCB",19-08-2026 10:00:00,13.20488,79.097889,SO2,18,25,24
India,Andhra Pradesh,Eluru,"District Court, Eluru - APPCB",19-08-2026 10:00:00,16.711754,81.092095,NO2,8,20,12
India,Andhra Pradesh,Eluru,"District Court, Eluru - APPCB",19-08-2026 10:00:00,16.711754,81.092095,SO2,9,17,10
India,Andhra Pradesh,Kadapa,"Yerramukkapalli, Kadapa - APPCB",19-08-2026 10:00:00,14.465052,78.824187,PM10,56,73,61
India,Andhra Pradesh,Kadapa,"Yerramukkapalli, Kadapa - APPCB",19-08-2026 10:00:00,14.465052,78.824187,SO2,7,18,16
India,Andhra Pradesh,Kadapa,"Yerramukkapalli, Kadapa - APPCB",19-08-2026 10:00:00,14.465052,78.824187,CO,24,30,26
India,Andhra Pradesh,Kakinada,"Rama Rao Peta, Kakinada - APPCB",19-08-2026 10:00:00,16.962488,82.229513,SO2,10,14,11
India,Andhra Pradesh,Kurnool,"Sita Rama Nagar, Kurnool - APPCB",19-08-2026 10:00:00,15.83411,78.028546,PM2.5,24,53,37
India,Andhra Pradesh,Machilipatnam,"Srinivas Nagar Colony, Machilipatnam - APPCB",19-08-2026 10:00:00,16.186555,81.13219,NH3,3,6,4
India,Bihar,Muzaffarpur,"MIT-Daudpur Kothi, Muzaffarpur - BSPCB",19-08-2026 10:00:00,26.1403345,85.3650192,NO2,3,11,5
India,Bihar,Muzaffarpur,"MIT-Daudpur Kothi, Muzaffarpur - BSPCB",19-08-2026 10:00:00,26.1403345,85.3650192,CO,17,26,19
India,Bihar,Patna,"Rajbansi Nagar, Patna - BSPCB",19-08-2026 10:00:00,25.599486,85.113666,NO2,NA,NA,NA
India,Bihar,Patna,"Samanpura, Patna - BSPCB",19-08-2026 10:00:00,25.596727,85.085624,NO2,24,24,24
India,Bihar,Purnia,"Mariam Nagar, Purnia - BSPCB",19-08-2026 10:00:00,25.366336,87.117468,SO2,16,17,16
India,Bihar,Sasaram,"Dada Peer, Sasaram - BSPCB",19-08-2026 10:00:00,24.952822,84.002396,PM2.5,2,13,5
India,Bihar,Sasaram,"Dada Peer, Sasaram - BSPCB",19-08-2026 10:00:00,24.952822,84.002396,PM10,2,22,8
India,Bihar,Sasaram,"Dada Peer, Sasaram - BSPCB",19-08-2026 10:00:00,24.952822,84.002396,NH3,3,5,3
India,Chandigarh,Chandigarh,"Sector 22, Chandigarh - CPCC",19-08-2026 10:00:00,30.735567,76.775714,OZONE,3,5,4
India,Andhra Pradesh,Rajamahendravaram,"Anand Kala Kshetram, Rajamahendravaram - APPCB",19-08-2026 10:00:00,16.9872867,81.7363176,PM2.5,6,45,26
India,Andhra Pradesh,Rajamahendravaram,"Anand Kala Kshetram, Rajamahendravaram - APPCB",19-08-2026 10:00:00,16.9872867,81.7363176,SO2,5,5,5
India,Andhra Pradesh,Tirumala,"Toll Gate, Tirumala - APPCB",19-08-2026 10:00:00,13.67,79.35,CO,24,24,24
India,Andhra Pradesh,Tirupati,"Vaikuntapuram, Tirupati - APPCB",19-08-2026 10:00:00,13.615387,79.40923,PM10,NA,NA,NA
India,Andhra Pradesh,Tirupati,"Vaikuntapuram, Tirupati - APPCB",19-08-2026 10:00:00,13.615387,79.40923,CO,20,21,21
India,Andhra Pradesh,Vijayawada,"Rajiv Nagar, Vijayawada - APPCB",19-08-2026 10:00:00,16.554731,80.64911,PM2.5,50,67,55
India,Andhra Pradesh,Vijayawada,"Rajiv Nagar, Vijayawada - APPCB",19-08-2026 10:00:00,16.554731,80.64911,NH3,2,4,3
India,Andhra Pradesh,Vijayawada,"Rajiv Nagar, Vijayawada - APPCB",19-08-2026 10:00:00,16.554731,80.64911,CO,15,18,16
India,Andhra Pradesh,Vijayawada,"HB Colony, Vijayawada - APPCB",19-08-2026 10:00:00,16.536107,80.594233,NO2,12,20,14
India,Bihar,Begusarai,"Lohiyanagar, Begusarai - BSPCB",19-08-2026 10:00:00,25.42742023,86.13886079,PM10,18,85,48
India,Bihar,Begusarai,"Lohiyanagar, Begusarai - BSPCB",19-08-2026 10:00:00,25.42742023,86.13886079,OZONE,27,41,37
India,Bihar,Bettiah,"Kamalnath Nagar, Bettiah - BSPCB",19-08-2026 10:00:00,26.80365,84.51954,PM10,13,25,21
India,Bihar,Bettiah,"Kamalnath Nagar, Bettiah - BSPCB",19-08-2026 10:00:00,26.80365,84.51954,NO2,NA,NA,NA
India,Bihar,Bhagalpur,"Mayaganj, Bhagalpur - BSPCB",19-08-2026 10:00:00,25.265194,87.012947,PM10,21,89,40
India,Bihar,Chhapra,"Darshan Nagar, Chhapra - BSPCB",19-08-2026 10:00:00,25.7808257,84.7446768,PM2.5,89,98,93
India,Bihar,Gaya,"Collectorate, Gaya - BSPCB",19-08-2026 10:00:00,24.7955,84.9994,NO2,8,10,9
India,Bihar,Gaya,"Collectorate, Gaya - BSPCB",19-08-2026 10:00:00,24.7955,84.9994,SO2,6,8,7
India,Bihar,Gaya,"Kareemganj, Gaya - BSPCB",19-08-2026 10:00:00,24.792403,84.992416,OZONE,40,55,46
India,Chhattisgarh,Kunjemura,"OP Jindal School, Kunjemura - CECB",19-08-2026 10:00:00,22.12665,83.483212,NH3,2,2,2
India,Chhattisgarh,Raipur,"Krishak Nagar, Raipur - CECB",19-08-2026 10:00:00,21.237755,81.705301,NH3,NA,NA,NA
India,Chhattisgarh,Raipur,"Bhatagaon New ISBT, Raipur - CECB",19-08-2026 10:00:00,21.219665,81.630094,PM10,10,17,13
India,Chhattisgarh,Raipur,"Bhatagaon New ISBT, Raipur - CECB",19-08-2026 10:00:00,21.219665,81.630094,SO2,2,3,2
India,Chhattisgarh,Raipur,"Siltara Phase-II, Raipur - CECB",19-08-2026 10:00:00,21.371751,81.664929,NH3,2,2,2
India,Chhattisgarh,Raipur,"Siltara Phase-II, Raipur - CECB",19-08-2026 10:00:00,21.371751,81.664929,SO2,1,44,17
India,Chhattisgarh,Raipur,"AIIMS, Raipur - CECB",19-08-2026 10:00:00,21.258815,81.578979,SO2,3,5,4
India,Delhi,Delhi,"ITO, Delhi - CPCB",19-08-2026 10:00:00,28.628624,77.24106,PM10,54,149,100
India,Delhi,Delhi,"ITO, Delhi - CPCB",19-08-2026 10:00:00,28.628624,77.24106,OZONE,15,19,16
India,Bihar,Katihar,"Mirchaibari, Katihar - BSPCB",19-08-2026 10:00:00,25.560083,87.553265,SO2,NA,NA,NA
India,Bihar,Manguraha,"Forest Rest House, Manguraha - BSPCB",19-08-2026 10:00:00,27.308328,84.531742,NO2,NA,NA,NA
India,Bihar,Motihari,"Gandak Colony, Motihari - BSPCB",19-08-2026 10:00:00,26.63086,84.90051,NO2,2,3,3
India,Bihar,Munger,"Town Hall, Munger - BSPCB",19-08-2026 10:00:00,25.376776,86.471523,NO2,11,12,12
India,Bihar,Muzaffarpur,"Buddha Colony, Muzaffarpur - BSPCB",19-08-2026 10:00:00,26.11442,85.39813,NO2,7,46,17
India,Bihar,Muzaffarpur,"Buddha Colony, Muzaffarpur - BSPCB",19-08-2026 10:00:00,26.11442,85.39813,SO2,0,35,12
India,Andhra Pradesh,Vijayawada,"Rajiv Gandhi Park, Vijayawada - APPCB",19-08-2026 10:00:00,16.509717,80.612222,CO,33,36,35
India,Assam,Guwahati,"IITG, Guwahati - PCBA",19-08-2026 10:00:00,26.2028636,91.70046436,CO,72,77,74
India,Assam,Guwahati,"LGBI Airport, Guwahati - PCBA",19-08-2026 10:00:00,26.10887,91.589544,NO2,10,94,20
India,Assam,Guwahati,"LGBI Airport, Guwahati - PCBA",19-08-2026 10:00:00,26.10887,91.589544,SO2,8,15,11
India,Andhra Pradesh,Amaravati,"Secretariat, Amaravati - APPCB",19-08-2026 10:00:00,16.5150833,80.5181667,PM2.5,17,45,26
India,Andhra Pradesh,Amaravati,"Secretariat, Amaravati - APPCB",19-08-2026 10:00:00,16.5150833,80.5181667,OZONE,21,21,21
India,Andhra Pradesh,Anantapur,"Gulzarpet, Anantapur - APPCB",19-08-2026 10:00:00,14.675886,77.593027,NH3,3,5,3
India,Andhra Pradesh,Anantapur,"Gulzarpet, Anantapur - APPCB",19-08-2026 10:00:00,14.675886,77.593027,CO,18,26,22
India,Delhi,Delhi,"Chandni Chowk, Delhi - IITM",19-08-2026 10:00:00,28.656756,77.227234,OZONE,0,21,8
India,Delhi,Delhi,"Pusa, Delhi - IITM",19-08-2026 10:00:00,28.63611,77.173332,PM2.5,7,76,45
India,Delhi,Delhi,"Pusa, Delhi - IITM",19-08-2026 10:00:00,28.63611,77.173332,NO2,12,159,46
India,Delhi,Delhi,"DTU, Delhi - CPCB",19-08-2026 10:00:00,28.7500499,77.1112615,PM10,21,146,76
India,Delhi,Delhi,"DTU, Delhi - CPCB",19-08-2026 10:00:00,28.7500499,77.1112615,NH3,4,14,9
India,Delhi,Delhi,"Dwarka-Sector 8, Delhi - DPCC ",19-08-2026 10:00:00,28.5710274,77.0719006,PM2.5,NA,NA,NA
India,Delhi,Delhi,"Dr. Karni Singh Shooting Range, Delhi - DPCC",19-08-2026 10:00:00,28.498571,77.26484,PM10,45,129,90
India,Delhi,Delhi,"Dr. Karni Singh Shooting Range, Delhi - DPCC",19-08-2026 10:00:00,28.498571,77.26484,NO2,10,35,22
India,Delhi,Delhi,"Dr. Karni Singh Shooting Range, Delhi - DPCC",19-08-2026 10:00:00,28.498571,77.26484,SO2,5,7,6
India,Delhi,Delhi,"Dr. Karni Singh Shooting Range, Delhi - DPCC",19-08-2026 10:00:00,28.498571,77.26484,CO,23,43,31
India,Delhi,Delhi,"Dr. Karni Singh Shooting Range, Delhi - DPCC",19-08-2026 10:00:00,28.498571,77.26484,OZONE,5,15,7
India,Delhi,Delhi,"IIT Delhi, Delhi - IITM",19-08-2026 10:00:00,28.54246,77.191651,PM2.5,21,80,46
India,Delhi,Delhi,"IGI Airport (T3), Delhi - IITM",19-08-2026 10:00:00,28.5627763,77.1180053,NO2,21,103,45
India,Delhi,Delhi,"IGNOU_Maidan Garhi, Delhi - DPCC",19-08-2026 10:00:00,28.493624,77.201159,PM10,41,106,74
India,Delhi,Delhi,"IGNOU_Maidan Garhi, Delhi - DPCC",19-08-2026 10:00:00,28.493624,77.201159,NH3,3,12,6
India,Delhi,Delhi,"Commonwealth Sports Complex, Delhi - DPCC",19-08-2026 10:00:00,28.615828,77.271992,NO2,8,84,30
India,Delhi,Delhi,"Commonwealth Sports Complex, Delhi - DPCC",19-08-2026 10:00:00,28.615828,77.271992,CO,28,50,40
India,Delhi,Delhi,"Talkatora Garden, Delhi - DPCC",19-08-2026 10:00:00,28.62181,77.1944633,NH3,0,5,1
India,Delhi,Delhi,"Talkatora Garden, Delhi - DPCC",19-08-2026 10:00:00,28.62181,77.1944633,OZONE,6,11,7
India,Delhi,Delhi,"NSIT Dwarka, Delhi - CPCB",19-08-2026 10:00:00,28.60909,77.0325413,NH3,2,10,6
India,Delhi,Delhi,"Aya Nagar, Delhi - IITM",19-08-2026 10:00:00,28.4706914,77.1099364,NH3,NA,NA,NA
India,Delhi,Delhi,"Aya Nagar, Delhi - IITM",19-08-2026 10:00:00,28.4706914,77.1099364,OZONE,3,23,8
India,Delhi,Delhi,"CRRI Mathura Road, Delhi - IITM",19-08-2026 10:00:00,28.5512005,77.2735737,PM10,54,159,109
India,Delhi,Delhi,"CRRI Mathura Road, Delhi - IITM",19-08-2026 10:00:00,28.5512005,77.2735737,NO2,1,66,26
India,Delhi,Delhi,"CRRI Mathura Road, Delhi - IITM",19-08-2026 10:00:00,28.5512005,77.2735737,SO2,NA,NA,NA
India,Delhi,Delhi,"Burari Crossing, Delhi - IITM",19-08-2026 10:00:00,28.7256504,77.2011573,PM10,43,150,87
India,Delhi,Delhi,"Burari Crossing, Delhi - IITM",19-08-2026 10:00:00,28.7256504,77.2011573,NO2,5,46,17
India,Delhi,Delhi,"IMD Lodhi Road, Delhi - IITM",19-08-2026 10:00:00,28.5918245,77.2273074,NO2,2,34,13
India,Delhi,Delhi,"IMD Lodhi Road, Delhi - IITM",19-08-2026 10:00:00,28.5918245,77.2273074,SO2,NA,NA,NA
India,Delhi,Delhi,"JNU, Delhi - DPCC",19-08-2026 10:00:00,28.540721,77.168544,SO2,0,2,1
India,Delhi,Delhi,"Alipur, Delhi - DPCC",19-08-2026 10:00:00,28.815329,77.15301,PM10,20,168,111
India,Gujarat,Surat,"Science Center, Surat - SMC",19-08-2026 10:00:00,21.170046,72.795405,PM10,33,84,50
India,Gujarat,Surat,"Science Center, Surat - SMC",19-08-2026 10:00:00,21.170046,72.795405,NO2,1,8,5
India,Gujarat,Surat,"Science Center, Surat - SMC",19-08-2026 10:00:00,21.170046,72.795405,SO2,16,18,16
India,Gujarat,Surat,"Katargam, Surat - Nexteng Enviro",19-08-2026 10:00:00,21.217779,72.834787,PM10,29,95,64
India,Gujarat,Vadodara,"Bapunagar, Vadodara - Nexteng Enviro",19-08-2026 10:00:00,22.320153,73.216285,NO2,13,16,14
India,Gujarat,Vadodara,"Bapunagar, Vadodara - Nexteng Enviro",19-08-2026 10:00:00,22.320153,73.216285,CO,72,76,74
India,Gujarat,Vadodara,"Bapunagar, Vadodara - Nexteng Enviro",19-08-2026 10:00:00,22.320153,73.216285,OZONE,2,3,3
India,Gujarat,Vapi,"Phase-1 GIDC, Vapi - GPCB",19-08-2026 10:00:00,20.362421,72.918013,NH3,2,2,2
India,Gujarat,Vapi,"Phase-1 GIDC, Vapi - GPCB",19-08-2026 10:00:00,20.362421,72.918013,SO2,10,18,14
India,Gujarat,Vatva,"Phase-4 GIDC, Vatva - GPCB",19-08-2026 10:00:00,22.969611,72.6435,NO2,30,41,35
India,Gujarat,Vatva,"Phase-4 GIDC, Vatva - GPCB",19-08-2026 10:00:00,22.969611,72.6435,SO2,17,45,29
India,Gujarat,Vatva,"Phase-4 GIDC, Vatva - GPCB",19-08-2026 10:00:00,22.969611,72.6435,CO,37,54,41
India,Haryana,Ambala,"Patti Mehar, Ambala - HSPCB",19-08-2026 10:00:00,30.379589,76.778328,PM10,40,246,74
India,Haryana,Ambala,"Patti Mehar, Ambala - HSPCB",19-08-2026 10:00:00,30.379589,76.778328,OZONE,19,25,22
India,Haryana,Ballabgarh,"Nathu Colony, Ballabgarh - HSPCB",19-08-2026 10:00:00,28.3419248,77.319699,SO2,2,4,3
India,Delhi,Delhi,"North Campus, DU, Delhi - IITM",19-08-2026 10:00:00,28.6573814,77.1585447,NH3,NA,NA,NA
India,Gujarat,Ahmedabad,"SVPI Airport Hansol, Ahmedabad - IITM",19-08-2026 10:00:00,23.076793,72.627874,PM2.5,14,47,26
India,Gujarat,Ahmedabad,"SVPI Airport Hansol, Ahmedabad - IITM",19-08-2026 10:00:00,23.076793,72.627874,SO2,3,45,9
India,Gujarat,Ahmedabad,"SVPI Airport Hansol, Ahmedabad - IITM",19-08-2026 10:00:00,23.076793,72.627874,OZONE,6,8,7
India,Gujarat,Ahmedabad,"Chandkheda, Ahmedabad - IITM",19-08-2026 10:00:00,23.107969,72.574648,SO2,6,10,7
India,Gujarat,Ahmedabad,"Chandkheda, Ahmedabad - IITM",19-08-2026 10:00:00,23.107969,72.574648,CO,2,17,7
India,Gujarat,Ahmedabad,"SAC ISRO Satellite, Ahmedabad - IITM",19-08-2026 10:00:00,23.023389,72.515201,OZONE,0,7,2
India,Gujarat,Ahmedabad,"Gyaspur, Ahmedabad - IITM",19-08-2026 10:00:00,22.977134,72.553024,OZONE,7,9,7
India,Gujarat,Ahmedabad,"Raikhad, Ahmedabad - IITM",19-08-2026 10:00:00,23.020509,72.579261,CO,26,57,39
India,Gujarat,Ankleshwar,"GIDC, Ankleshwar - GPCB",19-08-2026 10:00:00,21.613267,73.010555,NO2,26,30,26
India,Gujarat,Ankleshwar,"GIDC, Ankleshwar - GPCB",19-08-2026 10:00:00,21.613267,73.010555,CO,40,55,45
India,Delhi,Delhi,"Mundka, Delhi - DPCC",19-08-2026 10:00:00,28.684678,77.076574,OZONE,5,7,6
India,Delhi,Delhi,"Ashok Vihar, Delhi - DPCC",19-08-2026 10:00:00,28.695381,77.181665,PM10,54,187,109
India,Delhi,Delhi,"Ashok Vihar, Delhi - DPCC",19-08-2026 10:00:00,28.695381,77.181665,OZONE,7,8,7
India,Delhi,Delhi,"Anand Vihar, Delhi - DPCC",19-08-2026 10:00:00,28.647622,77.315809,PM10,97,353,172
India,Delhi,Delhi,"Anand Vihar, Delhi - DPCC",19-08-2026 10:00:00,28.647622,77.315809,NH3,3,6,4
India,Delhi,Delhi,"Anand Vihar, Delhi - DPCC",19-08-2026 10:00:00,28.647622,77.315809,CO,101,106,104
India,Delhi,Delhi,"Shadipur, Delhi - CPCB",19-08-2026 10:00:00,28.6514781,77.1473105,PM2.5,25,84,46
India,Delhi,Delhi,"Mandir Marg, Delhi - DPCC",19-08-2026 10:00:00,28.636429,77.201067,SO2,6,7,7
India,Delhi,Delhi,"Pusa, Delhi - DPCC",19-08-2026 10:00:00,28.639652,77.146275,NO2,1,47,19
India,Delhi,Delhi,"Sirifort, Delhi - CPCB",19-08-2026 10:00:00,28.5504249,77.2159377,NO2,17,31,27
India,Delhi,Delhi,"Sirifort, Delhi - CPCB",19-08-2026 10:00:00,28.5504249,77.2159377,SO2,23,38,33
India,Delhi,Delhi,"Sirifort, Delhi - CPCB",19-08-2026 10:00:00,28.5504249,77.2159377,CO,17,28,21
India,Delhi,Delhi,"Cantonment Area, Delhi - DPCC",19-08-2026 10:00:00,28.594169,77.1251,NO2,4,14,9
India,Delhi,Delhi,"Major Dhyan Chand National Stadium, Delhi - DPCC",19-08-2026 10:00:00,28.611281,77.237738,NH3,6,7,6
India,Delhi,Delhi,"Major Dhyan Chand National Stadium, Delhi - DPCC",19-08-2026 10:00:00,28.611281,77.237738,SO2,16,18,17
India,Delhi,Delhi,"Sonia Vihar, Delhi - DPCC",19-08-2026 10:00:00,28.710508,77.249485,NH3,12,15,13
India,Delhi,Delhi,"Rohini, Delhi - DPCC",19-08-2026 10:00:00,28.732528,77.11992,NO2,0,15,3
India,Delhi,Delhi,"Rohini, Delhi - DPCC",19-08-2026 10:00:00,28.732528,77.11992,NH3,3,6,4
India,Delhi,Delhi,"Vivek Vihar, Delhi - DPCC",19-08-2026 10:00:00,28.672342,77.31526,PM2.5,28,258,90
India,Delhi,Delhi,"Jahangirpuri, Delhi - DPCC",19-08-2026 10:00:00,28.73282,77.170633,NO2,14,52,25
India,Delhi,Delhi,"IHBAS, Dilshad Garden, Delhi - CPCB",19-08-2026 10:00:00,28.6811736,77.3025234,PM2.5,31,91,58
India,Delhi,Delhi,"IHBAS, Dilshad Garden, Delhi - CPCB",19-08-2026 10:00:00,28.6811736,77.3025234,SO2,11,25,16
India,Delhi,Delhi,"Nehru Nagar, Delhi - DPCC",19-08-2026 10:00:00,28.56789,77.250515,CO,12,76,51
India,Delhi,Delhi,"Patparganj, Delhi - DPCC",19-08-2026 10:00:00,28.623763,77.287209,PM2.5,3,113,40
India,Delhi,Delhi,"Jawaharlal Nehru Stadium, Delhi - DPCC",19-08-2026 10:00:00,28.58028,77.233829,PM10,30,161,94
India,Delhi,Delhi,"Jawaharlal Nehru Stadium, Delhi - DPCC",19-08-2026 10:00:00,28.58028,77.233829,SO2,5,16,10
India,Delhi,Delhi,"Jawaharlal Nehru Stadium, Delhi - DPCC",19-08-2026 10:00:00,28.58028,77.233829,CO,15,25,20
India,Delhi,Delhi,"Jawaharlal Nehru Stadium, Delhi - DPCC",19-08-2026 10:00:00,28.58028,77.233829,OZONE,13,31,19
India,Delhi,Delhi,"Najafgarh, Delhi - DPCC",19-08-2026 10:00:00,28.570173,76.933762,SO2,15,23,17
India,Delhi,Delhi,"Najafgarh, Delhi - DPCC",19-08-2026 10:00:00,28.570173,76.933762,OZONE,12,15,13
India,Delhi,Delhi,"NSUT Jaffarpur, Delhi - DPCC",19-08-2026 10:00:00,28.594004,76.909423,NH3,NA,NA,NA
India,Delhi,Delhi,"NSUT Jaffarpur, Delhi - DPCC",19-08-2026 10:00:00,28.594004,76.909423,OZONE,6,22,11
India,Haryana,Dharuhera,"Municipal Corporation Office, Dharuhera -  HSPCB",19-08-2026 10:00:00,28.2068,76.7997,OZONE,10,15,13
India,Haryana,Faridabad,"New Industrial Town, Faridabad - HSPCB",19-08-2026 10:00:00,28.39072,77.30059,PM2.5,55,84,66
India,Haryana,Faridabad,"Sector 30, Faridabad - HSPCB",19-08-2026 10:00:00,28.4417,77.3217,NO2,34,39,37
India,Haryana,Fatehabad,"Huda Sector, Fatehabad - HSPCB",19-08-2026 10:00:00,29.503664,75.467934,PM2.5,16,23,19
India,Haryana,Gurugram,"Teri Gram, Gurugram - HSPCB",19-08-2026 10:00:00,28.4275,77.1465,NH3,8,20,14
India,Haryana,Gurugram,"Teri Gram, Gurugram - HSPCB",19-08-2026 10:00:00,28.4275,77.1465,SO2,6,28,17
India,Haryana,Gurugram,"NISE Gwal Pahari, Gurugram - IITM",19-08-2026 10:00:00,28.422681,77.148944,PM2.5,26,125,50
India,Gujarat,Bhavnagar,"Vidhyanagar, Bhavnagar - Nexteng Enviro",19-08-2026 10:00:00,21.755417,72.139056,NO2,38,47,43
India,Gujarat,Bhavnagar,"Vidhyanagar, Bhavnagar - Nexteng Enviro",19-08-2026 10:00:00,21.755417,72.139056,SO2,7,8,7
India,Gujarat,Gandhinagar,"Sector-10, Gandhinagar - GPCB",19-08-2026 10:00:00,23.221714,72.654328,PM2.5,31,58,43
India,Gujarat,Gandhinagar,"Sector-10, Gandhinagar - GPCB",19-08-2026 10:00:00,23.221714,72.654328,NH3,0,1,1
India,Gujarat,Gandhinagar,"IIPHG Lekawada, Gandhinagar - IITM",19-08-2026 10:00:00,23.243639,72.68994,PM2.5,12,45,29
India,Gujarat,Gandhinagar,"GIFT City, Gandhinagar - IITM",19-08-2026 10:00:00,23.163798,72.677768,OZONE,2,3,2
India,Gujarat,Nandesari,"GIDC, Nandesari - Nandesari Ind. Association",19-08-2026 10:00:00,22.410802,73.097923,PM10,27,70,46
India,Haryana,Narnaul,"Shastri Nagar, Narnaul - HSPCB",19-08-2026 10:00:00,28.060249,76.113115,PM2.5,45,76,64
India,Haryana,Palwal,"Shyam Nagar, Palwal - HSPCB",19-08-2026 10:00:00,28.1485564,77.3320667,PM2.5,27,61,37
India,Haryana,Panchgaon,"Amity University, Panchgaon - IITM",19-08-2026 10:00:00,28.3153,76.9143,PM10,25,139,53
India,Haryana,Panchgaon,"Amity University, Panchgaon - IITM",19-08-2026 10:00:00,28.3153,76.9143,NH3,3,4,3
India,Haryana,Panchkula,"Sector-6, Panchkula - HSPCB ",19-08-2026 10:00:00,30.7057778,76.8531805555555,PM2.5,21,44,29
India,Haryana,Panipat,"Sector-18, Panipat - HSPCB",19-08-2026 10:00:00,29.432304,76.972765,NO2,5,9,7
India,Haryana,Rohtak,"MD University, Rohtak - HSPCB",19-08-2026 10:00:00,28.52123,76.37138,PM10,19,93,55
India,Haryana,Rohtak,"MD University, Rohtak - HSPCB",19-08-2026 10:00:00,28.52123,76.37138,SO2,9,12,11
India,Haryana,Sirsa,"F-Block, Sirsa - HSPCB",19-08-2026 10:00:00,29.5364,75.0158,PM2.5,26,48,37
India,Haryana,Sirsa,"F-Block, Sirsa - HSPCB",19-08-2026 10:00:00,29.5364,75.0158,SO2,2,30,19
India,Haryana,Sonipat,"Murthal, Sonipat - HSPCB",19-08-2026 10:00:00,29.0272,77.0621,NH3,8,9,9
India,Haryana,Yamuna Nagar,"Gobind Pura, Yamuna Nagar - HSPCB",19-08-2026 10:00:00,30.1480566,77.2893471,SO2,10,15,12
India,Himachal Pradesh,Baddi,"HIMUDA Complex Phase-1, Baddi - HPPCB",19-08-2026 10:00:00,30.943887,76.801991,PM2.5,10,187,58
India,Madhya Pradesh,Bhopal,"T T Nagar, Bhopal - MPPCB",19-08-2026 10:00:00,23.233584,77.400574,CO,23,28,25
India,Madhya Pradesh,Damoh,"Shrivastav Colony, Damoh - MPPCB",19-08-2026 10:00:00,23.81748678,79.446246,CO,21,22,21
India,Madhya Pradesh,Damoh,"Shrivastav Colony, Damoh - MPPCB",19-08-2026 10:00:00,23.81748678,79.446246,OZONE,NA,NA,NA
India,Madhya Pradesh,Dewas,"Bhopal Chauraha, Dewas - MPPCB",19-08-2026 10:00:00,22.9682591,76.064118,PM2.5,43,98,59
India,Madhya Pradesh,Dewas,"Bhopal Chauraha, Dewas - MPPCB",19-08-2026 10:00:00,22.9682591,76.064118,PM10,72,138,97
India,Madhya Pradesh,Gwalior,"Maharaj Bada, Gwalior - MPPCB",19-08-2026 10:00:00,26.200388,78.147714,CO,23,46,32
India,Madhya Pradesh,Gwalior,"City Center, Gwalior - MPPCB",19-08-2026 10:00:00,26.203442,78.193251,PM2.5,43,63,51
India,Madhya Pradesh,Gwalior,"Deen Dayal Nagar, Gwalior - MPPCB",19-08-2026 10:00:00,26.259242,78.216432,CO,33,39,35
India,Madhya Pradesh,Indore,"Regional Park, Indore - IMC",19-08-2026 10:00:00,22.678,75.8559,NO2,2,12,6
India,Madhya Pradesh,Indore,"Regional Park, Indore - IMC",19-08-2026 10:00:00,22.678,75.8559,NH3,1,7,2
India,Madhya Pradesh,Indore,"Chhoti Gwaltoli, Indore - MPPCB",19-08-2026 10:00:00,22.431,75.5213,PM2.5,32,80,54
India,Madhya Pradesh,Indore,"Chhoti Gwaltoli, Indore - MPPCB",19-08-2026 10:00:00,22.431,75.5213,PM10,72,129,104
India,Madhya Pradesh,Indore,"Chhoti Gwaltoli, Indore - MPPCB",19-08-2026 10:00:00,22.431,75.5213,NO2,38,76,59
India,Haryana,Gurugram,"NISE Gwal Pahari, Gurugram - IITM",19-08-2026 10:00:00,28.422681,77.148944,SO2,NA,NA,NA
India,Haryana,Gurugram,"NISE Gwal Pahari, Gurugram - IITM",19-08-2026 10:00:00,28.422681,77.148944,CO,62,65,64
India,Haryana,Gurugram,"Sector-51, Gurugram - HSPCB",19-08-2026 10:00:00,28.4227,77.0667,NO2,24,67,42
India,Haryana,Gurugram,"Sector-51, Gurugram - HSPCB",19-08-2026 10:00:00,28.4227,77.0667,SO2,9,11,10
India,Haryana,Gurugram,"Vikas Sadan, Gurugram - HSPCB",19-08-2026 10:00:00,28.4501238,77.0263051,PM2.5,33,285,111
India,Haryana,Gurugram,"Vikas Sadan, Gurugram - HSPCB",19-08-2026 10:00:00,28.4501238,77.0263051,PM10,33,162,89
India,Haryana,Gurugram,"Vikas Sadan, Gurugram - HSPCB",19-08-2026 10:00:00,28.4501238,77.0263051,OZONE,6,22,12
India,Haryana,Hisar,"Urban Estate-II, Hisar - HSPCB",19-08-2026 10:00:00,29.14056,75.744941,NO2,22,24,23
India,Haryana,Jind,"Police Lines, Jind - HSPCB",19-08-2026 10:00:00,29.307814,76.337619,PM10,18,53,31
India,Haryana,Jind,"Police Lines, Jind - HSPCB",19-08-2026 10:00:00,29.307814,76.337619,NH3,4,6,5
India,Haryana,Kaithal,"Rishi Nagar, Kaithal - HSPCB",19-08-2026 10:00:00,29.8006,76.4155,NH3,4,6,5
India,Haryana,Karnal,"Sector-12, Karnal - HSPCB",19-08-2026 10:00:00,29.6953,77.0027,NH3,6,12,8
India,Haryana,Karnal,"Sector-12, Karnal - HSPCB",19-08-2026 10:00:00,29.6953,77.0027,OZONE,11,13,12
India,Karnataka,Bengaluru,"Silk Board, Bengaluru - KSPCB",19-08-2026 10:00:00,12.917348,77.622813,PM10,43,263,116
India,Karnataka,Bengaluru,"Silk Board, Bengaluru - KSPCB",19-08-2026 10:00:00,12.917348,77.622813,OZONE,12,14,13
India,Karnataka,Bengaluru,"Bapuji Nagar, Bengaluru - KSPCB",19-08-2026 10:00:00,12.951913,77.539784,PM10,43,65,53
India,Karnataka,Bengaluru,"Bapuji Nagar, Bengaluru - KSPCB",19-08-2026 10:00:00,12.951913,77.539784,NH3,3,3,3
India,Karnataka,Chamarajanagar,"Urban, Chamarajanagar - KSPCB",19-08-2026 10:00:00,11.55358,76.55521,PM2.5,19,39,31
India,Karnataka,Chamarajanagar,"Urban, Chamarajanagar - KSPCB",19-08-2026 10:00:00,11.55358,76.55521,PM10,32,49,45
India,Karnataka,Chikkaballapur,"Chikkaballapur Rural, Chikkaballapur - KSPCB",19-08-2026 10:00:00,13.428828,77.731418,SO2,12,19,16
India,Karnataka,Chikkamagaluru,"Kalyana Nagara, Chikkamagaluru - KSPCB",19-08-2026 10:00:00,13.328028,75.797056,CO,11,40,15
India,Karnataka,Gadag,"Panchal Nagar, Gadag - KSPCB",19-08-2026 10:00:00,15.411456,75.638133,CO,46,46,46
India,Karnataka,Hubballi,"Lingaraj Nagar, Hubballi - KSPCB",19-08-2026 10:00:00,15.3714823,75.1160168,PM10,56,61,60
India,Karnataka,Hubballi,"Lingaraj Nagar, Hubballi - KSPCB",19-08-2026 10:00:00,15.3714823,75.1160168,NH3,1,2,2
India,Madhya Pradesh,Indore,"Maguda Nagar, Indore - IMC",19-08-2026 10:00:00,22.7524,75.8872,PM10,23,41,31
India,Madhya Pradesh,Indore,"Maguda Nagar, Indore - IMC",19-08-2026 10:00:00,22.7524,75.8872,NH3,0,0,0
India,Madhya Pradesh,Jabalpur,"Marhatal, Jabalpur - MPPCB",19-08-2026 10:00:00,23.168606,79.932247,PM10,20,104,68
India,Madhya Pradesh,Jabalpur,"Marhatal, Jabalpur - MPPCB",19-08-2026 10:00:00,23.168606,79.932247,SO2,10,14,12
India,Madhya Pradesh,Jabalpur,"Marhatal, Jabalpur - MPPCB",19-08-2026 10:00:00,23.168606,79.932247,OZONE,16,21,18
India,Madhya Pradesh,Jabalpur,"Gupteshwar, Jabalpur - JMC",19-08-2026 10:00:00,23.142888,79.916147,SO2,7,8,7
India,Madhya Pradesh,Jabalpur,"Gupteshwar, Jabalpur - JMC",19-08-2026 10:00:00,23.142888,79.916147,OZONE,12,13,13
India,Madhya Pradesh,Jabalpur,"Govindh Bhavan Colony, Jabalpur - JMC",19-08-2026 10:00:00,23.163174,79.973061,NO2,14,25,19
India,Madhya Pradesh,Jabalpur,"Govindh Bhavan Colony, Jabalpur - JMC",19-08-2026 10:00:00,23.163174,79.973061,NH3,9,10,10
India,Madhya Pradesh,Jabalpur,"Govindh Bhavan Colony, Jabalpur - JMC",19-08-2026 10:00:00,23.163174,79.973061,CO,36,39,37
India,Madhya Pradesh,Pithampur,"Sector-2 Industrial Area, Pithampur - MPPCB",19-08-2026 10:00:00,22.624758,75.675238,NO2,8,35,16
India,Madhya Pradesh,Pithampur,"Sector-2 Industrial Area, Pithampur - MPPCB",19-08-2026 10:00:00,22.624758,75.675238,SO2,23,39,30
India,Madhya Pradesh,Pithampur,"Sector-2 Industrial Area, Pithampur - MPPCB",19-08-2026 10:00:00,22.624758,75.675238,CO,21,24,23
India,Jammu and Kashmir,Pampore,"Khrew, Pampore - JKPCC",19-08-2026 10:00:00,34.031606,75.009712,SO2,NA,NA,NA
India,Jammu and Kashmir,Pampore,"Khrew, Pampore - JKPCC",19-08-2026 10:00:00,34.031606,75.009712,CO,NA,NA,NA
India,Jammu and Kashmir,Srinagar,"Khunmoh, Srinagar - JKPCC",19-08-2026 10:00:00,34.06313,74.96017,NO2,8,39,18
India,Jharkhand,Dhanbad,"Sardar Patel Nagar, Dhanbad - JSPCB",19-08-2026 10:00:00,23.80569,86.44268,PM10,NA,NA,NA
India,Jharkhand,Dhanbad,"Sardar Patel Nagar, Dhanbad - JSPCB",19-08-2026 10:00:00,23.80569,86.44268,OZONE,11,40,18
India,Karnataka,Belgaum,"Ramteerth Nagar, Belgaum - KSPCB",19-08-2026 10:00:00,15.888653,74.541751,CO,4,4,4
India,Karnataka,Belgaum,"Ramteerth Nagar, Belgaum - KSPCB",19-08-2026 10:00:00,15.888653,74.541751,OZONE,18,19,18
India,Karnataka,Bengaluru,"Jigani, Bengaluru - KSPCB",19-08-2026 10:00:00,12.7816279,77.6299145,CO,35,36,36
India,Karnataka,Kalaburagi,"Mahatma Basaveswar Colony, Kalaburgi - KSPCB",19-08-2026 10:00:00,17.336318,76.847397,NO2,11,17,13
India,Karnataka,Mysuru,"Hebbal 1st Stage, Mysuru - KSPCB",19-08-2026 10:00:00,12.21041,76.37376,PM10,25,71,48
India,Karnataka,Mysuru,"Hebbal 1st Stage, Mysuru - KSPCB",19-08-2026 10:00:00,12.21041,76.37376,NO2,13,28,20
India,Karnataka,Mysuru,"Hebbal 1st Stage, Mysuru - KSPCB",19-08-2026 10:00:00,12.21041,76.37376,CO,4,7,6
India,Karnataka,Ramanagara,"Vijay Nagar, Ramanagara - KSPCB",19-08-2026 10:00:00,12.733409,77.298051,OZONE,16,18,17
India,Karnataka,Shivamogga,"Vinoba Nagara, Shivamogga - KSPCB",19-08-2026 10:00:00,13.94,75.555917,CO,8,13,10
India,Karnataka,Vijayapura,"Ibrahimpur, Vijayapura - KSPCB",19-08-2026 10:00:00,16.802639,75.722694,NH3,3,4,4
India,Karnataka,Vijayapura,"Ibrahimpur, Vijayapura - KSPCB",19-08-2026 10:00:00,16.802639,75.722694,SO2,3,6,3
India,Karnataka,Yadgir,"Collector Office, Yadgir - KSPCB",19-08-2026 10:00:00,16.7602,77.1428,PM2.5,7,20,12
India,Karnataka,Yadgir,"Collector Office, Yadgir - KSPCB",19-08-2026 10:00:00,16.7602,77.1428,NO2,3,4,4
India,Karnataka,Yadgir,"Collector Office, Yadgir - KSPCB",19-08-2026 10:00:00,16.7602,77.1428,NH3,0,0,0
India,Madhya Pradesh,Bhopal,"Paryavaran Parisar, Bhopal - MPPCB",19-08-2026 10:00:00,23.210494,77.425409,NH3,2,2,2
India,Madhya Pradesh,Bhopal,"Paryavaran Parisar, Bhopal - MPPCB",19-08-2026 10:00:00,23.210494,77.425409,SO2,5,9,6
India,Karnataka,Bengaluru,"City Railway Station, Bengaluru - KSPCB",19-08-2026 10:00:00,12.9756843,77.5660749,PM2.5,NA,NA,NA
India,Karnataka,Bengaluru,"City Railway Station, Bengaluru - KSPCB",19-08-2026 10:00:00,12.9756843,77.5660749,NH3,NA,NA,NA
India,Karnataka,Bengaluru,"City Railway Station, Bengaluru - KSPCB",19-08-2026 10:00:00,12.9756843,77.5660749,CO,52,58,56
India,Karnataka,Bengaluru,"Hombegowda Nagar, Bengaluru - KSPCB",19-08-2026 10:00:00,12.938539,77.5901,PM2.5,19,42,30
India,Karnataka,Bengaluru,"Hombegowda Nagar, Bengaluru - KSPCB",19-08-2026 10:00:00,12.938539,77.5901,OZONE,NA,NA,NA
India,Karnataka,Bengaluru,"Kasturi Nagar, Bengaluru - KSPCB",19-08-2026 10:00:00,13.003872,77.664217,PM2.5,49,59,56
India,Karnataka,Bengaluru,"Hebbal, Bengaluru - KSPCB",19-08-2026 10:00:00,13.029152,77.585901,CO,31,38,34
India,Maharashtra,Nagpur,"Ambazari, Nagpur - MPCB",19-08-2026 10:00:00,21.121801,79.04952,CO,8,19,12
India,Maharashtra,Nanded,"Sneh Nagar, Nanded - MPCB",19-08-2026 10:00:00,19.173852,77.296291,NO2,6,13,10
India,Maharashtra,Nanded,"Sneh Nagar, Nanded - MPCB",19-08-2026 10:00:00,19.173852,77.296291,SO2,11,12,11
India,Maharashtra,Nanded,"Sneh Nagar, Nanded - MPCB",19-08-2026 10:00:00,19.173852,77.296291,OZONE,8,19,14
India,Maharashtra,Nashik,"Gangapur Road, Nashik - MPCB",19-08-2026 10:00:00,20.0073285,73.7762427,SO2,4,9,6
India,Maharashtra,Nashik,"Pandav Nagari, Nashik - MPCB",19-08-2026 10:00:00,19.9591346,73.7788008,PM2.5,7,27,16
India,Maharashtra,Nashik,"Pandav Nagari, Nashik - MPCB",19-08-2026 10:00:00,19.9591346,73.7788008,NH3,1,1,1
India,Maharashtra,Nashik,"Pandav Nagari, Nashik - MPCB",19-08-2026 10:00:00,19.9591346,73.7788008,CO,8,15,10
India,Maharashtra,Nashik,"MIDC Ambad, Nashik - MPCB",19-08-2026 10:00:00,19.95022,73.73148,CO,17,26,20
India,Maharashtra,Navi Mumbai,"Kopripada-Vashi, Navi Mumbai - MPCB",19-08-2026 10:00:00,19.090337,73.014232,PM10,30,57,42
India,Maharashtra,Navi Mumbai,"Kopripada-Vashi, Navi Mumbai - MPCB",19-08-2026 10:00:00,19.090337,73.014232,CO,13,44,26
India,Maharashtra,Navi Mumbai,"Tondare-Taloja, Navi Mumbai - MPCB",19-08-2026 10:00:00,19.063,73.1209,CO,36,44,39
India,Maharashtra,Navi Mumbai,"Tondare-Taloja, Navi Mumbai - MPCB",19-08-2026 10:00:00,19.063,73.1209,OZONE,10,10,10
India,Maharashtra,Navi Mumbai,"Sanpada, Navi Mumbai - MPCB",19-08-2026 10:00:00,19.0575752,73.0151367,PM10,24,49,38
India,Maharashtra,Navi Mumbai,"Sanpada, Navi Mumbai - MPCB",19-08-2026 10:00:00,19.0575752,73.0151367,NO2,3,12,6
India,Maharashtra,Navi Mumbai,"Sanpada, Navi Mumbai - MPCB",19-08-2026 10:00:00,19.0575752,73.0151367,SO2,10,12,11
India,Maharashtra,Navi Mumbai,"Sector-2E Kalamboli, Navi Mumbai - MPCB",19-08-2026 10:00:00,19.02579,73.10297,PM2.5,16,44,25
India,Maharashtra,Navi Mumbai,"Sector-2E Kalamboli, Navi Mumbai - MPCB",19-08-2026 10:00:00,19.02579,73.10297,NH3,3,21,8
India,Maharashtra,Navi Mumbai,"Mahape, Navi Mumbai - MPCB",19-08-2026 10:00:00,19.1135051,73.008978,NH3,1,1,1
India,Maharashtra,Parbhani,"Masoom Colony, Parbhani - MPCB",19-08-2026 10:00:00,19.265594,76.761463,PM2.5,13,34,21
India,Maharashtra,Parbhani,"Masoom Colony, Parbhani - MPCB",19-08-2026 10:00:00,19.265594,76.761463,PM10,19,48,30
India,Maharashtra,Pimpri-Chinchwad,"Gavalinagar, Pimpri Chinchwad - MPCB",19-08-2026 10:00:00,18.63673,73.82487,CO,6,14,10
India,Maharashtra,Pimpri-Chinchwad,"Gavalinagar, Pimpri Chinchwad - MPCB",19-08-2026 10:00:00,18.63673,73.82487,OZONE,4,10,7
India,Maharashtra,Pimpri-Chinchwad,"Bhosari, Pune - IITM",19-08-2026 10:00:00,18.640051,73.848956,PM2.5,16,50,29
India,Maharashtra,Pimpri-Chinchwad,"Bhosari, Pune - IITM",19-08-2026 10:00:00,18.640051,73.848956,NO2,16,40,27
India,Maharashtra,Pimpri-Chinchwad,"Bhosari, Pune - IITM",19-08-2026 10:00:00,18.640051,73.848956,CO,21,56,35
India,Maharashtra,Pimpri-Chinchwad,"Thergaon, Pimpri Chinchwad - MPCB",19-08-2026 10:00:00,18.616318,73.765797,NH3,2,4,3
India,Maharashtra,Pimpri-Chinchwad,"Thergaon, Pimpri Chinchwad - MPCB",19-08-2026 10:00:00,18.616318,73.765797,SO2,1,2,1
India,Maharashtra,Pimpri-Chinchwad,"Park Street Wakad, Pimpri Chinchwad - MPCB",19-08-2026 10:00:00,18.59051,73.77946,PM2.5,10,34,19
India,Maharashtra,Pimpri-Chinchwad,"Park Street Wakad, Pimpri Chinchwad - MPCB",19-08-2026 10:00:00,18.59051,73.77946,OZONE,7,12,9
India,Maharashtra,Pimpri-Chinchwad,"Savta Mali Nagar, Pimpri-Chinchwad - IITM",19-08-2026 10:00:00,18.614767,73.799516,SO2,NA,NA,NA
India,Maharashtra,Pune,"Katraj Dairy, Pune - MPCB",19-08-2026 10:00:00,18.45445,73.854155,NH3,1,1,1
India,Maharashtra,Boisar,"Khaira, Boisar - MPCB",19-08-2026 10:00:00,19.786089,72.757971,PM2.5,21,32,27
India,Maharashtra,Boisar,"Khaira, Boisar - MPCB",19-08-2026 10:00:00,19.786089,72.757971,NH3,5,6,5
India,Maharashtra,Chandrapur,"MIDC Khutala, Chandrapur - MPCB",19-08-2026 10:00:00,19.9775302,79.2337086,CO,38,42,40
India,Maharashtra,Chandrapur,"Chauhan Colony, Chandrapur - MPCB",19-08-2026 10:00:00,19.9629,79.298714,NH3,1,1,1
India,Maharashtra,Chandrapur,"Chauhan Colony, Chandrapur - MPCB",19-08-2026 10:00:00,19.9629,79.298714,OZONE,3,8,6
India,Maharashtra,Dhule,"Deopur, Dhule - MPCB",19-08-2026 10:00:00,20.918946,74.776388,NO2,4,9,6
India,Maharashtra,Dombivli,"Kalu Nagar, Dombivli - MPCB",19-08-2026 10:00:00,19.2268427,73.0788456,PM2.5,2,12,7
India,Maharashtra,Dombivli,"Kalu Nagar, Dombivli - MPCB",19-08-2026 10:00:00,19.2268427,73.0788456,CO,7,14,10
India,Maharashtra,Hingoli,"Ashta Vinayak Nagar, Hingoli - MPCB",19-08-2026 10:00:00,19.710842,77.151824,PM10,34,427,77
India,Maharashtra,Hingoli,"Ashta Vinayak Nagar, Hingoli - MPCB",19-08-2026 10:00:00,19.710842,77.151824,NO2,4,17,8
India,Maharashtra,Jalgaon,"Prabhat Colony, Jalgaon - MPCB",19-08-2026 10:00:00,21.001264,75.565602,PM2.5,14,49,30
India,Maharashtra,Jalgaon,"Prabhat Colony, Jalgaon - MPCB",19-08-2026 10:00:00,21.001264,75.565602,NO2,3,9,5
India,Maharashtra,Jalgaon,"Prabhat Colony, Jalgaon - MPCB",19-08-2026 10:00:00,21.001264,75.565602,SO2,1,4,2
India,Maharashtra,Jalna,"Old MIDC, Jalna - MPCB",19-08-2026 10:00:00,19.854616,75.905894,CO,17,27,22
India,Madhya Pradesh,Ratlam,"Shasthri Nagar, Ratlam - IPCA Lab",19-08-2026 10:00:00,23.331731,75.045981,PM10,25,166,52
India,Madhya Pradesh,Ratlam,"Shasthri Nagar, Ratlam - IPCA Lab",19-08-2026 10:00:00,23.331731,75.045981,NH3,NA,NA,NA
India,Madhya Pradesh,Satna,"Bandhavgar Colony, Satna - Birla Cement",19-08-2026 10:00:00,24.58434363,80.8549414,CO,11,24,15
India,Madhya Pradesh,Satna,"Bandhavgar Colony, Satna - Birla Cement",19-08-2026 10:00:00,24.58434363,80.8549414,OZONE,10,20,14
India,Madhya Pradesh,Singrauli,"Suryakiran Bhawan NCL, Singrauli - MPPCB",19-08-2026 10:00:00,24.10897,82.64558,SO2,13,13,13
India,Madhya Pradesh,Singrauli,"Suryakiran Bhawan NCL, Singrauli - MPPCB",19-08-2026 10:00:00,24.10897,82.64558,CO,32,39,35
India,Madhya Pradesh,Ujjain,"Mahashweta Nagar, Ujjain - MPPCB",19-08-2026 10:00:00,23.1633321,75.800225,PM10,40,78,58
India,Madhya Pradesh,Ujjain,"Mahashweta Nagar, Ujjain - MPPCB",19-08-2026 10:00:00,23.1633321,75.800225,NO2,6,25,11
India,Madhya Pradesh,Ujjain,"Mahashweta Nagar, Ujjain - MPPCB",19-08-2026 10:00:00,23.1633321,75.800225,SO2,1,5,3
India,Madhya Pradesh,Ujjain,"Mahashweta Nagar, Ujjain - MPPCB",19-08-2026 10:00:00,23.1633321,75.800225,OZONE,27,42,34
India,Maharashtra,Ahmednagar,"Tarakpur, Ahmednagar - MPCB",19-08-2026 10:00:00,19.10122,74.73339,PM2.5,7,36,22
India,Maharashtra,Ahmednagar,"Tarakpur, Ahmednagar - MPCB",19-08-2026 10:00:00,19.10122,74.73339,PM10,19,52,39
India,Maharashtra,Ahmednagar,"Tarakpur, Ahmednagar - MPCB",19-08-2026 10:00:00,19.10122,74.73339,NH3,0,2,1
India,Maharashtra,Akola,"Ramdaspeth, Akola - MPCB",19-08-2026 10:00:00,20.719516,77.000253,OZONE,9,11,10
India,Maharashtra,Amravati,"Shivneri Colony, Amravati - MPCB",19-08-2026 10:00:00,20.9402359,77.7895248,PM2.5,12,38,25
India,Maharashtra,Amravati,"Shivneri Colony, Amravati - MPCB",19-08-2026 10:00:00,20.9402359,77.7895248,OZONE,6,14,9
India,Maharashtra,Aurangabad,"Rachnakar Colony, Aurangabad - MPCB",19-08-2026 10:00:00,19.863756,75.321188,PM10,33,77,57
India,Maharashtra,Aurangabad,"More Chowk Waluj, Aurangabad - MPCB",19-08-2026 10:00:00,19.8389439,75.244448,PM2.5,45,55,50
India,Maharashtra,Aurangabad,"More Chowk Waluj, Aurangabad - MPCB",19-08-2026 10:00:00,19.8389439,75.244448,NH3,7,8,7
India,Maharashtra,Aurangabad,"More Chowk Waluj, Aurangabad - MPCB",19-08-2026 10:00:00,19.8389439,75.244448,CO,20,79,43
India,Maharashtra,Beed,"Bir, Beed - MPCB",19-08-2026 10:00:00,18.988474,75.753873,PM2.5,17,33,23
India,Maharashtra,Belapur,"CBD Belapur, Belapur - MPCB",19-08-2026 10:00:00,19.0243902,73.0406721,NO2,16,26,20
India,Maharashtra,Bhiwandi,"Gokul Nagar, Bhiwandi - MPCB",19-08-2026 10:00:00,19.309073,73.057223,PM10,29,93,40
India,Maharashtra,Kolhapur,"Sinchan Bhavan, Kolhapur - MPCB",19-08-2026 10:00:00,16.7143745,74.2426398,OZONE,7,19,11
India,Maharashtra,Kolhapur,"Shivaji University, Kolhapur - MPCB",19-08-2026 10:00:00,16.6870449,74.2505872,SO2,1,1,1
India,Maharashtra,Latur,"Sawe Wadi, Latur - MPCB",19-08-2026 10:00:00,18.39963,76.57452,NO2,5,25,14
India,Maharashtra,Malegaon,"Mahesh Nagar, Malegaon - MPCB",19-08-2026 10:00:00,20.555712,74.529236,PM10,42,80,56
India,Maharashtra,Malegaon,"Mahesh Nagar, Malegaon - MPCB",19-08-2026 10:00:00,20.555712,74.529236,NH3,NA,NA,NA
India,Maharashtra,Malegaon,"Mahesh Nagar, Malegaon - MPCB",19-08-2026 10:00:00,20.555712,74.529236,SO2,1,5,3
India,Maharashtra,Mira-Bhayandar,"Bhayandar West, Mira-Bhayandar - MPCB",19-08-2026 10:00:00,19.296481,72.840923,SO2,1,4,3
India,Maharashtra,Mira-Bhayandar,"Bhayandar West, Mira-Bhayandar - MPCB",19-08-2026 10:00:00,19.296481,72.840923,OZONE,1,5,4
India,Maharashtra,Mumbai,"Shivaji Nagar, Mumbai - BMC",19-08-2026 10:00:00,19.060498,72.923356,PM2.5,16,38,26
India,Maharashtra,Mumbai,"Sion, Mumbai - MPCB",19-08-2026 10:00:00,19.047,72.8746,PM10,8,16,12
India,Maharashtra,Mumbai,"Worli, Mumbai - MPCB",19-08-2026 10:00:00,18.9936162,72.8128113,NO2,1,11,6
India,Maharashtra,Mumbai,"Navy Nagar-Colaba, Mumbai - IITM",19-08-2026 10:00:00,18.897756,72.81332,SO2,0,33,9
India,Maharashtra,Mumbai,"Chembur, Mumbai - MPCB",19-08-2026 10:00:00,19.0364585,72.8954371,PM10,34,63,46
India,Maharashtra,Mumbai,"Chembur, Mumbai - MPCB",19-08-2026 10:00:00,19.0364585,72.8954371,CO,31,37,34
India,Maharashtra,Mumbai,"Chembur, Mumbai - MPCB",19-08-2026 10:00:00,19.0364585,72.8954371,OZONE,NA,NA,NA
India,Maharashtra,Mumbai,"Kandivali West, Mumbai - BMC",19-08-2026 10:00:00,19.215859,72.831718,OZONE,4,7,6
India,Maharashtra,Mumbai,"Sewri, Mumbai - BMC",19-08-2026 10:00:00,19.000084,72.85673,OZONE,5,5,5
India,Maharashtra,Mumbai,"Mazgaon, Mumbai - IITM",19-08-2026 10:00:00,18.96702,72.84214,CO,47,61,53
India,Maharashtra,Mumbai,"Chakala-Andheri East, Mumbai - IITM",19-08-2026 10:00:00,19.11074,72.86084,NH3,1,3,2
India,Maharashtra,Mumbai,"Chakala-Andheri East, Mumbai - IITM",19-08-2026 10:00:00,19.11074,72.86084,SO2,1,8,3
India,Maharashtra,Mumbai,"Sion, Mumbai - MPCB",19-08-2026 10:00:00,19.047,72.8746,CO,19,20,20
India,Maharashtra,Mumbai,"Sion, Mumbai - MPCB",19-08-2026 10:00:00,19.047,72.8746,OZONE,NA,NA,NA
India,Maharashtra,Mumbai,"Siddharth Nagar-Worli, Mumbai - IITM",19-08-2026 10:00:00,19.000083,72.813993,SO2,NA,NA,NA
India,Maharashtra,Mumbai,"Bandra Kurla Complex, Mumbai - MPCB",19-08-2026 10:00:00,19.065931,72.862131,PM2.5,14,57,33
India,Maharashtra,Mumbai,"Bandra Kurla Complex, Mumbai - MPCB",19-08-2026 10:00:00,19.065931,72.862131,SO2,2,3,3
India,Maharashtra,Mumbai,"Kherwadi_Bandra East, Mumbai - MPCB",19-08-2026 10:00:00,19.0632143,72.8456324,PM10,46,66,59
India,Maharashtra,Mumbai,"Kherwadi_Bandra East, Mumbai - MPCB",19-08-2026 10:00:00,19.0632143,72.8456324,OZONE,8,12,10
India,Maharashtra,Mumbai,"Byculla, Mumbai - BMC",19-08-2026 10:00:00,18.9767,72.838,NO2,6,14,10
India,Maharashtra,Mumbai,"Byculla, Mumbai - BMC",19-08-2026 10:00:00,18.9767,72.838,SO2,5,13,7
India,Maharashtra,Mumbai,"Mindspace-Malad West, Mumbai - MPCB",19-08-2026 10:00:00,19.1878657,72.8304069,CO,15,16,15
India,Maharashtra,Mumbai,"Bandra Kurla Complex, Mumbai - IITM",19-08-2026 10:00:00,19.053536,72.84643,PM10,NA,NA,NA
India,Maharashtra,Mumbai,"Bandra Kurla Complex, Mumbai - IITM",19-08-2026 10:00:00,19.053536,72.84643,NO2,NA,NA,NA
India,Maharashtra,Mumbai,"Bandra Kurla Complex, Mumbai - IITM",19-08-2026 10:00:00,19.053536,72.84643,CO,10,27,20
India,Maharashtra,Mumbai,"Ghatkopar, Mumbai - BMC",19-08-2026 10:00:00,19.083694,72.920967,PM10,33,57,46
India,Maharashtra,Mumbai,"Deonar, Mumbai - IITM",19-08-2026 10:00:00,19.04946,72.923,CO,11,27,19
India,Maharashtra,Nagpur,"Ram Nagar, Nagpur - MPCB",19-08-2026 10:00:00,21.143383,79.048912,SO2,13,15,14
India,Maharashtra,Nagpur,"Opp GPO Civil Lines, Nagpur - MPCB",19-08-2026 10:00:00,21.152875,79.0517531,NO2,16,16,16
India,Maharashtra,Nagpur,"Opp GPO Civil Lines, Nagpur - MPCB",19-08-2026 10:00:00,21.152875,79.0517531,NH3,5,5,5
India,Maharashtra,Nagpur,"Ambazari, Nagpur - MPCB",19-08-2026 10:00:00,21.121801,79.04952,PM10,36,76,55
India,Rajasthan,Bikaner,"MM Ground, Bikaner - RSPCB",19-08-2026 10:00:00,28.018792,73.292658,CO,9,16,13
India,Rajasthan,Bikaner,"MM Ground, Bikaner - RSPCB",19-08-2026 10:00:00,28.018792,73.292658,OZONE,15,33,21
India,Rajasthan,Bundi,"New Colony, Bundi - RSPCB",19-08-2026 10:00:00,25.435774,75.644272,PM2.5,17,80,40
India,Rajasthan,Bundi,"New Colony, Bundi - RSPCB",19-08-2026 10:00:00,25.435774,75.644272,SO2,3,9,5
India,Rajasthan,Chittorgarh,"Shastri Nagar, Chittorgarh - RSPCB",19-08-2026 10:00:00,24.892047,74.623527,OZONE,15,34,24
India,Rajasthan,Churu,"Subash Chowk, Churu - RSPCB",19-08-2026 10:00:00,28.296139,74.961696,PM2.5,NA,NA,NA
India,Rajasthan,Churu,"Subash Chowk, Churu - RSPCB",19-08-2026 10:00:00,28.296139,74.961696,CO,24,25,25
India,Rajasthan,Dausa,"Khatikan Mohalla, Dausa - RSPCB",19-08-2026 10:00:00,26.895552,76.334753,PM10,72,186,116
India,Rajasthan,Dausa,"Khatikan Mohalla, Dausa - RSPCB",19-08-2026 10:00:00,26.895552,76.334753,NO2,17,56,30
India,Rajasthan,Dausa,"Khatikan Mohalla, Dausa - RSPCB",19-08-2026 10:00:00,26.895552,76.334753,SO2,1,6,2
India,Rajasthan,Dausa,"Khatikan Mohalla, Dausa - RSPCB",19-08-2026 10:00:00,26.895552,76.334753,CO,20,70,35
India,Rajasthan,Dausa,"Khatikan Mohalla, Dausa - RSPCB",19-08-2026 10:00:00,26.895552,76.334753,OZONE,14,21,18
India,Rajasthan,Dholpur,"Raja Ganj, Dholpur - RSPCB",19-08-2026 10:00:00,26.699557,77.898881,SO2,1,4,2
India,Rajasthan,Dungarpur,"Bhoiwada, Dungarpur - RSPCB",19-08-2026 10:00:00,23.837789,73.714926,PM2.5,33,65,52
India,Rajasthan,Dungarpur,"Bhoiwada, Dungarpur - RSPCB",19-08-2026 10:00:00,23.837789,73.714926,PM10,43,85,68
India,Rajasthan,Dungarpur,"Bhoiwada, Dungarpur - RSPCB",19-08-2026 10:00:00,23.837789,73.714926,SO2,6,8,7
India,Rajasthan,Jaipur,"Mansarovar Sector-12, Jaipur - RSPCB",19-08-2026 10:00:00,26.843698,75.766894,PM2.5,33,67,42
India,Rajasthan,Jaipur,"Mansarovar Sector-12, Jaipur - RSPCB",19-08-2026 10:00:00,26.843698,75.766894,NH3,1,4,3
India,Rajasthan,Jaipur,"Sector-2 Murlipura, Jaipur - RSPCB",19-08-2026 10:00:00,26.960669,75.771817,NH3,4,11,7
India,Rajasthan,Jaipur,"Sector-2 Murlipura, Jaipur - RSPCB",19-08-2026 10:00:00,26.960669,75.771817,SO2,4,8,5
India,Rajasthan,Jaipur,"Police Commissionerate, Jaipur - RSPCB",19-08-2026 10:00:00,26.9164092,75.7994901,PM2.5,17,83,64
India,Rajasthan,Jaipur,"RIICO Sitapura, Jaipur - RSPCB",19-08-2026 10:00:00,26.786682,75.827928,PM10,61,135,100
India,Odisha,Brajrajnagar,"GM Office, Brajrajnagar - OSPCB",19-08-2026 10:00:00,21.8004996,83.8396977,NO2,33,36,34
India,Odisha,Cuttack,"CDA Area, Cuttack - OSPCB",19-08-2026 10:00:00,20.48891,85.84768,PM10,7,33,20
India,Odisha,Cuttack,"CDA Area, Cuttack - OSPCB",19-08-2026 10:00:00,20.48891,85.84768,NO2,6,14,10
India,Odisha,Cuttack,"CDA Area, Cuttack - OSPCB",19-08-2026 10:00:00,20.48891,85.84768,CO,1,43,32
India,Odisha,Keonjhar,"Jagamohanpur, Keonjhar - OSPCB",19-08-2026 10:00:00,21.6439,85.599355,PM10,21,32,26
India,Odisha,Keonjhar,"Jagamohanpur, Keonjhar - OSPCB",19-08-2026 10:00:00,21.6439,85.599355,NO2,11,14,12
India,Odisha,Keonjhar,"Jagamohanpur, Keonjhar - OSPCB",19-08-2026 10:00:00,21.6439,85.599355,NH3,2,3,3
India,Odisha,Keonjhar,"Jagamohanpur, Keonjhar - OSPCB",19-08-2026 10:00:00,21.6439,85.599355,SO2,14,26,17
India,Odisha,Keonjhar,"Jagamohanpur, Keonjhar - OSPCB",19-08-2026 10:00:00,21.6439,85.599355,CO,37,40,38
India,Odisha,Rairangpur,"Divisional Forest Office, Rairangpur - OSPCB",19-08-2026 10:00:00,22.265816,86.174829,NH3,3,3,3
India,Odisha,Rourkela,"Sector-2, Rourkela - OSPCB",19-08-2026 10:00:00,22.245,84.88111111,CO,13,13,13
India,Odisha,Rourkela,"Raghunathpali, Rourkela - OSPCB",19-08-2026 10:00:00,22.220833,84.809444,PM10,9,120,34
India,Odisha,Rourkela,"Raghunathpali, Rourkela - OSPCB",19-08-2026 10:00:00,22.220833,84.809444,NO2,15,15,15
India,Odisha,Rourkela,"Raghunathpali, Rourkela - OSPCB",19-08-2026 10:00:00,22.220833,84.809444,OZONE,2,3,3
India,Odisha,Talcher,"Talcher Coalfields,Talcher - OSPCB",19-08-2026 10:00:00,20.9360711,85.1707021,PM10,11,70,25
India,Odisha,Talcher,"Talcher Coalfields,Talcher - OSPCB",19-08-2026 10:00:00,20.9360711,85.1707021,NO2,70,98,83
India,Odisha,Tensa,"Barsua Iron Ore Mines, Tensa - OSPCB",19-08-2026 10:00:00,21.869985,85.167016,PM10,14,21,17
India,Puducherry,Puducherry,"Jawahar Nagar, Puducherry - PPCC",19-08-2026 10:00:00,11.9309,79.8027,PM2.5,13,47,22
India,Puducherry,Puducherry,"Jawahar Nagar, Puducherry - PPCC",19-08-2026 10:00:00,11.9309,79.8027,SO2,5,11,8
India,Punjab,Amritsar,"Golden Temple, Amritsar - PPCB",19-08-2026 10:00:00,31.62,74.876512,NH3,3,6,5
India,Punjab,Amritsar,"Golden Temple, Amritsar - PPCB",19-08-2026 10:00:00,31.62,74.876512,SO2,10,15,13
India,Punjab,Amritsar,"Golden Temple, Amritsar - PPCB",19-08-2026 10:00:00,31.62,74.876512,CO,26,35,31
India,Punjab,Bathinda,"Hardev Nagar, Bathinda - PPCB",19-08-2026 10:00:00,30.233011,74.907758,OZONE,NA,NA,NA
India,Punjab,Khanna,"Kalal Majra, Khanna - PPCB",19-08-2026 10:00:00,30.736056,76.209694,NO2,25,30,28
India,Punjab,Khanna,"Kalal Majra, Khanna - PPCB",19-08-2026 10:00:00,30.736056,76.209694,SO2,15,16,15
India,Punjab,Ludhiana,"Punjab Agricultural University, Ludhiana - PPCB",19-08-2026 10:00:00,30.9028,75.8086,NH3,4,4,4
India,Punjab,Ludhiana,"Punjab Agricultural University, Ludhiana - PPCB",19-08-2026 10:00:00,30.9028,75.8086,SO2,6,12,10
India,Punjab,Mandi Gobindgarh,"RIMT University, Mandi Gobindgarh - PPCB",19-08-2026 10:00:00,30.649961,76.331442,PM2.5,60,214,127
India,Punjab,Mandi Gobindgarh,"RIMT University, Mandi Gobindgarh - PPCB",19-08-2026 10:00:00,30.649961,76.331442,NO2,24,24,24
India,Punjab,Patiala,"Model Town, Patiala - PPCB",19-08-2026 10:00:00,30.349388,76.366642,CO,28,52,35
India,Punjab,Rupnagar,"Ratanpura, Rupnagar - Ambuja Cements",19-08-2026 10:00:00,31.0325454,76.5623046,NO2,9,46,27
India,Punjab,Rupnagar,"Ratanpura, Rupnagar - Ambuja Cements",19-08-2026 10:00:00,31.0325454,76.5623046,NH3,NA,NA,NA
India,Punjab,Rupnagar,"Ratanpura, Rupnagar - Ambuja Cements",19-08-2026 10:00:00,31.0325454,76.5623046,CO,53,56,55
India,Rajasthan,Ajmer,"Civil Lines,  Ajmer - RSPCB",19-08-2026 10:00:00,26.470859,74.646594,OZONE,14,17,15
India,Rajasthan,Jodhpur,"Samrat Ashok Udhyan, Jodhpur - RSPCB",19-08-2026 10:00:00,26.253384,72.976571,PM2.5,32,68,45
India,Rajasthan,Jodhpur,"Samrat Ashok Udhyan, Jodhpur - RSPCB",19-08-2026 10:00:00,26.253384,72.976571,CO,8,11,9
India,Rajasthan,Karauli,"Satyawati Vihar, Karauli - RSPCB",19-08-2026 10:00:00,26.506177,77.025989,SO2,5,13,10
India,Rajasthan,Khairthal,"New Anaj Mandi, Khairthal - RSPCB",19-08-2026 10:00:00,27.8015617,76.6365217,NH3,2,4,3
India,Rajasthan,Khairthal,"New Anaj Mandi, Khairthal - RSPCB",19-08-2026 10:00:00,27.8015617,76.6365217,SO2,1,2,2
India,Rajasthan,Khairthal,"New Anaj Mandi, Khairthal - RSPCB",19-08-2026 10:00:00,27.8015617,76.6365217,CO,90,102,96
India,Rajasthan,Kota,"Nayapura, Kota - RSPCB",19-08-2026 10:00:00,25.196024,75.855668,PM2.5,23,110,52
India,Rajasthan,Kota,"Nayapura, Kota - RSPCB",19-08-2026 10:00:00,25.196024,75.855668,NO2,8,30,18
India,Rajasthan,Kota,"Dhanmandi, Kota - RSPCB",19-08-2026 10:00:00,25.16409,75.858137,PM2.5,30,50,40
India,Rajasthan,Kota,"Dhanmandi, Kota - RSPCB",19-08-2026 10:00:00,25.16409,75.858137,NO2,6,30,15
India,Rajasthan,Kota,"Dhanmandi, Kota - RSPCB",19-08-2026 10:00:00,25.16409,75.858137,SO2,5,23,8
India,Rajasthan,Kota,"Dhanmandi, Kota - RSPCB",19-08-2026 10:00:00,25.16409,75.858137,CO,10,16,13
India,Rajasthan,Kota,"Shrinath Puram, Kota - RSPCB",19-08-2026 10:00:00,25.14389,75.821256,PM2.5,37,69,59
India,Rajasthan,Nagaur,"Karni Colony, Nagaur - RSPCB",19-08-2026 10:00:00,27.213494,73.734444,CO,12,19,16
India,Rajasthan,Pali,"Indira Colony Vistar, Pali - RSPCB",19-08-2026 10:00:00,25.771061,73.340227,SO2,5,14,9
India,Maharashtra,Solapur,"Ratandeep Housing Society, Solapur - MPCB",19-08-2026 10:00:00,17.65439,75.90649,PM10,37,54,43
India,Maharashtra,Solapur,"Ratandeep Housing Society, Solapur - MPCB",19-08-2026 10:00:00,17.65439,75.90649,CO,5,29,15
India,Maharashtra,Thane,"Upvan Fort, Thane - MPCB",19-08-2026 10:00:00,19.222279,72.957979,NH3,5,6,6
India,Maharashtra,Thane,"Kasarvadavali, Thane - MPCB",19-08-2026 10:00:00,19.26777,72.97182,NO2,9,18,13
India,Maharashtra,Thane,"Kasarvadavali, Thane - MPCB",19-08-2026 10:00:00,19.26777,72.97182,NH3,0,1,0
India,Maharashtra,Ulhasnagar,"Sidhi Vinayak Nagar, Ulhasnagar - MPCB",19-08-2026 10:00:00,19.235581,73.159121,PM2.5,27,65,42
India,Maharashtra,Ulhasnagar,"Sidhi Vinayak Nagar, Ulhasnagar - MPCB",19-08-2026 10:00:00,19.235581,73.159121,NO2,2,2,2
India,Maharashtra,Ulhasnagar,"Sidhi Vinayak Nagar, Ulhasnagar - MPCB",19-08-2026 10:00:00,19.235581,73.159121,NH3,0,1,0
India,Maharashtra,Ulhasnagar,"Sidhi Vinayak Nagar, Ulhasnagar - MPCB",19-08-2026 10:00:00,19.235581,73.159121,SO2,1,9,3
India,Maharashtra,Ulhasnagar,"Sidhi Vinayak Nagar, Ulhasnagar - MPCB",19-08-2026 10:00:00,19.235581,73.159121,OZONE,0,3,1
India,Maharashtra,Ulhasnagar,"Vithalwadi, Ulhasnagar - MPCB",19-08-2026 10:00:00,19.2307571,73.155192,PM10,24,69,40
India,Maharashtra,Ulhasnagar,"Vithalwadi, Ulhasnagar - MPCB",19-08-2026 10:00:00,19.2307571,73.155192,SO2,6,11,8
India,Maharashtra,Virar,"Bolinj, Virar - MPCB",19-08-2026 10:00:00,19.445821,72.7988231,SO2,2,5,3
India,Meghalaya,Shillong,"JN Stadium, Shillong - Meghalaya PCB",19-08-2026 10:00:00,25.5803419,91.8942571,NO2,1,6,2
India,Meghalaya,Shillong,"JN Stadium, Shillong - Meghalaya PCB",19-08-2026 10:00:00,25.5803419,91.8942571,OZONE,63,69,65
India,Maharashtra,Pune,"Hadapsar, Pune - IITM",19-08-2026 10:00:00,18.501793,73.927532,OZONE,7,10,9
India,Maharashtra,Pune,"Revenue Colony-Shivajinagar, Pune - IITM",19-08-2026 10:00:00,18.530085,73.849598,PM2.5,18,40,28
India,Maharashtra,Pune,"Revenue Colony-Shivajinagar, Pune - IITM",19-08-2026 10:00:00,18.530085,73.849598,PM10,50,96,74
India,Maharashtra,Pune,"Mhada Colony, Pune - IITM",19-08-2026 10:00:00,18.57304,73.927715,OZONE,6,9,8
India,Maharashtra,Pune,"Dhankawadi, Pune - IITM",19-08-2026 10:00:00,18.459883,73.852193,PM10,33,73,55
India,Maharashtra,Pune,"Dhankawadi, Pune - IITM",19-08-2026 10:00:00,18.459883,73.852193,NH3,NA,NA,NA
India,Maharashtra,Pune,"Dhankawadi, Pune - IITM",19-08-2026 10:00:00,18.459883,73.852193,OZONE,4,7,5
India,Maharashtra,Pune,"Panchawati_Pashan, Pune - IITM",19-08-2026 10:00:00,18.536457,73.805454,NO2,6,12,8
India,Maharashtra,Pune,"Panchawati_Pashan, Pune - IITM",19-08-2026 10:00:00,18.536457,73.805454,CO,10,55,29
India,Maharashtra,Pune,"Savitribai Phule Pune University, Pune - MPCB",19-08-2026 10:00:00,18.547056,73.826908,SO2,4,5,4
India,Maharashtra,Sangli,"Vijay Nagar, Sangli - MPCB",19-08-2026 10:00:00,16.5038,74.3623,NH3,0,3,1
India,Maharashtra,Sangli,"Vijay Nagar, Sangli - MPCB",19-08-2026 10:00:00,16.5038,74.3623,SO2,1,6,4
India,Maharashtra,Satara,"Koyana Nagar, Satara - MPCB",19-08-2026 10:00:00,17.696651,74.003387,PM2.5,2,118,38
India,Rajasthan,Alwar,"Moti Doongri, Alwar - RSPCB",19-08-2026 10:00:00,27.554793,76.611536,NH3,7,14,8
India,Rajasthan,Alwar,"Moti Doongri, Alwar - RSPCB",19-08-2026 10:00:00,27.554793,76.611536,OZONE,34,91,52
India,Rajasthan,Alwar,"Vigyan Nagar, Alwar - RSPCB",19-08-2026 10:00:00,27.598796,76.63861,PM10,102,139,117
India,Rajasthan,Alwar,"Vigyan Nagar, Alwar - RSPCB",19-08-2026 10:00:00,27.598796,76.63861,NO2,9,21,12
India,Rajasthan,Banswara,"Rati Talai, Banswara - RSPCB",19-08-2026 10:00:00,23.55519,74.44001,PM10,61,101,76
India,Rajasthan,Banswara,"Rati Talai, Banswara - RSPCB",19-08-2026 10:00:00,23.55519,74.44001,NH3,NA,NA,NA
India,Rajasthan,Banswara,"Rati Talai, Banswara - RSPCB",19-08-2026 10:00:00,23.55519,74.44001,CO,13,23,17
India,Rajasthan,Barmer,"Railway Colony, Barmer - RSPCB",19-08-2026 10:00:00,25.747299,71.393989,NO2,2,13,6
India,Rajasthan,Bharatpur,"Krishna Nagar, Bharatpur - RSPCB",19-08-2026 10:00:00,27.215415,77.50873,PM10,20,44,33
India,Rajasthan,Bharatpur,"Krishna Nagar, Bharatpur - RSPCB",19-08-2026 10:00:00,27.215415,77.50873,NH3,4,6,5
India,Rajasthan,Bhiwadi,"RIICO Ind. Area III, Bhiwadi - RSPCB",19-08-2026 10:00:00,28.194909,76.862296,NH3,7,20,12
India,Rajasthan,Bhiwadi,"RIICO Ind. Area III, Bhiwadi - RSPCB",19-08-2026 10:00:00,28.194909,76.862296,SO2,2,18,9
India,Nagaland,Kohima,"PWD Junction, Kohima - NPCB",19-08-2026 10:00:00,25.6635413,94.0989878,NO2,3,4,3
India,Nagaland,Kohima,"PWD Junction, Kohima - NPCB",19-08-2026 10:00:00,25.6635413,94.0989878,NH3,0,1,1
India,Odisha,Angul,"Hakimapada, Angul - OSPCB",19-08-2026 10:00:00,20.832874,85.104082,NH3,2,9,5
India,Odisha,Angul,"Hakimapada, Angul - OSPCB",19-08-2026 10:00:00,20.832874,85.104082,SO2,5,16,6
India,Odisha,Balasore,"Kalidaspur, Balasore - OSPCB",19-08-2026 10:00:00,21.51161,86.89088,NH3,2,4,3
India,Odisha,Barbil,"Forest Office, Barbil - OSPCB",19-08-2026 10:00:00,22.1166054,85.3945546,NO2,2,10,6
India,Odisha,Barbil,"Forest Office, Barbil - OSPCB",19-08-2026 10:00:00,22.1166054,85.3945546,CO,18,26,21
India,Odisha,Baripada,"Meher Colony, Baripada - OSPCB",19-08-2026 10:00:00,21.941841,86.728318,PM2.5,3,37,18
India,Odisha,Baripada,"Meher Colony, Baripada - OSPCB",19-08-2026 10:00:00,21.941841,86.728318,NO2,8,44,21
India,Odisha,Bhubaneswar,"Patia, Bhubaneswar - OSPCB",19-08-2026 10:00:00,20.34652,85.8163,NO2,8,27,15
India,Odisha,Bileipada,"Tata Township, Bileipada - OSPCB",19-08-2026 10:00:00,22.06156703,85.47409613,SO2,NA,NA,NA
India,Rajasthan,Jaipur,"Shastri Nagar, Jaipur - RSPCB",19-08-2026 10:00:00,26.9502929,75.730943,PM2.5,47,190,78
India,Rajasthan,Jaipur,"Shastri Nagar, Jaipur - RSPCB",19-08-2026 10:00:00,26.9502929,75.730943,NH3,7,12,9
India,Rajasthan,Jaipur,"Shastri Nagar, Jaipur - RSPCB",19-08-2026 10:00:00,26.9502929,75.730943,SO2,19,40,26
India,Rajasthan,Jaipur,"Adarsh Nagar, Jaipur - RSPCB",19-08-2026 10:00:00,26.902909,75.836858,PM10,NA,NA,NA
India,Rajasthan,Jaipur,"Adarsh Nagar, Jaipur - RSPCB",19-08-2026 10:00:00,26.902909,75.836858,NO2,NA,NA,NA
India,Rajasthan,Jaipur,"Adarsh Nagar, Jaipur - RSPCB",19-08-2026 10:00:00,26.902909,75.836858,NH3,NA,NA,NA
India,Rajasthan,Jaisalmer,"Sadar Bazar, Jaisalmer - RSPCB",19-08-2026 10:00:00,26.912329,70.909168,SO2,1,8,2
India,Rajasthan,Jhalawar,"Rajlaxmi Nagar, Jhalawar - RSPCB",19-08-2026 10:00:00,24.588397,76.172782,OZONE,10,21,16
India,Rajasthan,Jodhpur,"Digari Kalan, Jodhpur - RSPCB",19-08-2026 10:00:00,26.29581,73.082283,OZONE,25,37,30
India,Rajasthan,Jodhpur,"Jhalamand, Jodhpur - RSPCB",19-08-2026 10:00:00,26.215415,73.070156,NH3,7,22,13
India,Rajasthan,Jodhpur,"Mandor, Jodhpur - RSPCB",19-08-2026 10:00:00,26.358805,73.047444,SO2,2,3,3
India,Telangana,Hyderabad,"ECIL Kapra, Hyderabad - TSPCB",19-08-2026 10:00:00,17.470431,78.566959,PM2.5,26,43,32
India,Telangana,Hyderabad,"ECIL Kapra, Hyderabad - TSPCB",19-08-2026 10:00:00,17.470431,78.566959,NO2,2,12,5
India,Telangana,Hyderabad,"ECIL Kapra, Hyderabad - TSPCB",19-08-2026 10:00:00,17.470431,78.566959,NH3,0,4,2
India,Telangana,Hyderabad,"ECIL Kapra, Hyderabad - TSPCB",19-08-2026 10:00:00,17.470431,78.566959,CO,20,33,27
India,Telangana,Hyderabad,"Somajiguda, Hyderabad - TSPCB",19-08-2026 10:00:00,17.417094,78.457437,PM10,49,67,57
India,Telangana,Hyderabad,"Somajiguda, Hyderabad - TSPCB",19-08-2026 10:00:00,17.417094,78.457437,NO2,13,18,14
India,Telangana,Hyderabad,"IDA Pashamylaram, Hyderabad - TSPCB",19-08-2026 10:00:00,17.5316895,78.218939,PM10,32,89,49
India,Telangana,Hyderabad,"Sanathnagar, Hyderabad - TSPCB",19-08-2026 10:00:00,17.4559458,78.4332152,NO2,28,36,31
India,Telangana,Hyderabad,"Sanathnagar, Hyderabad - TSPCB",19-08-2026 10:00:00,17.4559458,78.4332152,OZONE,13,16,14
India,Telangana,Hyderabad,"ICRISAT Patancheru, Hyderabad - TSPCB",19-08-2026 10:00:00,17.5184,78.278777,NO2,7,31,14
India,Tripura,Agartala,"Bardowali, Agartala - Tripura SPCB",19-08-2026 10:00:00,23.8175497,91.2726974,PM2.5,14,65,42
India,Tripura,Agartala,"Bardowali, Agartala - Tripura SPCB",19-08-2026 10:00:00,23.8175497,91.2726974,NH3,0,0,0
India,Tripura,Agartala,"Bardowali, Agartala - Tripura SPCB",19-08-2026 10:00:00,23.8175497,91.2726974,SO2,12,12,12
India,Uttar Pradesh,Agra,"Rohta, Agra - UPPCB",19-08-2026 10:00:00,27.106972,78.000111,CO,17,30,22
India,Uttar Pradesh,Lucknow,"Talkatora District Industries Center, Lucknow - CPCB",19-08-2026 10:00:00,26.83399722,80.8917361,PM2.5,8,48,26
India,Uttar Pradesh,Lucknow,"Kendriya Vidyalaya, Lucknow - CPCB",19-08-2026 10:00:00,26.906111,80.948222,NO2,16,23,19
India,Uttar Pradesh,Lucknow,"Gomti Nagar, Lucknow - UPPCB",19-08-2026 10:00:00,26.86812,81.005119,PM10,17,90,45
India,Uttar Pradesh,Lucknow,"Gomti Nagar, Lucknow - UPPCB",19-08-2026 10:00:00,26.86812,81.005119,CO,37,38,38
India,Uttar Pradesh,Lucknow,"B R Ambedkar University, Lucknow - UPPCB",19-08-2026 10:00:00,26.766433,80.927299,PM10,6,153,39
India,Uttar Pradesh,Lucknow,"B R Ambedkar University, Lucknow - UPPCB",19-08-2026 10:00:00,26.766433,80.927299,CO,23,25,24
India,Uttar Pradesh,Lucknow,"B R Ambedkar University, Lucknow - UPPCB",19-08-2026 10:00:00,26.766433,80.927299,OZONE,18,53,35
India,Uttar Pradesh,Lucknow,"Lalbagh, Lucknow - CPCB",19-08-2026 10:00:00,26.8458805,80.9365541,NH3,8,14,11
India,Uttar Pradesh,Lucknow,"Kukrail Picnic Spot-1, Lucknow - UPPCB",19-08-2026 10:00:00,26.90723,80.98579,NO2,31,32,32
India,Uttar Pradesh,Lucknow,"Kukrail Picnic Spot-1, Lucknow - UPPCB",19-08-2026 10:00:00,26.90723,80.98579,NH3,6,6,6
India,Uttar Pradesh,Mathura,"Pali Dungra, Mathura - UPPCB",19-08-2026 10:00:00,27.410954,77.550619,PM10,57,79,71
India,Uttar Pradesh,Mathura,"Pali Dungra, Mathura - UPPCB",19-08-2026 10:00:00,27.410954,77.550619,NO2,4,7,5
India,Uttar Pradesh,Mathura,"Pali Dungra, Mathura - UPPCB",19-08-2026 10:00:00,27.410954,77.550619,NH3,1,1,1
India,Rajasthan,Sikar,"Radhakishan Pura, Sikar - RSPCB",19-08-2026 10:00:00,27.608912,75.153302,PM10,NA,NA,NA
India,Rajasthan,Sirohi,"Vedhaynath Colony, Sirohi - RSPCB",19-08-2026 10:00:00,24.885261,72.857549,PM10,56,88,74
India,Rajasthan,Sirohi,"Vedhaynath Colony, Sirohi - RSPCB",19-08-2026 10:00:00,24.885261,72.857549,SO2,4,7,5
India,Rajasthan,Sirohi,"Vedhaynath Colony, Sirohi - RSPCB",19-08-2026 10:00:00,24.885261,72.857549,CO,5,17,9
India,Rajasthan,Tonk,"Shastri Nagar, Tonk - RSPCB",19-08-2026 10:00:00,26.159933,75.780517,PM2.5,47,103,67
India,Rajasthan,Tonk,"Shastri Nagar, Tonk - RSPCB",19-08-2026 10:00:00,26.159933,75.780517,NO2,5,18,10
India,Rajasthan,Tonk,"Shastri Nagar, Tonk - RSPCB",19-08-2026 10:00:00,26.159933,75.780517,SO2,1,8,3
India,Rajasthan,Tonk,"Shastri Nagar, Tonk - RSPCB",19-08-2026 10:00:00,26.159933,75.780517,OZONE,28,47,33
India,Sikkim,Gangtok,"Zero Point GICI, Gangtok - SSPCB",19-08-2026 10:00:00,27.33853,88.614099,CO,1,3,2
India,Tamil Nadu,Chennai,"Kodungaiyur, Chennai - TNPCB",19-08-2026 10:00:00,13.1278,80.2642,OZONE,27,34,30
India,Tamil Nadu,Chennai,"Arumbakkam, Chennai - TNPCB",19-08-2026 10:00:00,13.0664,80.2112,PM10,41,130,90
India,Uttar Pradesh,Agra,"Sector-3B Avas Vikas Colony, Agra - UPPCB",19-08-2026 10:00:00,27.19412,77.96237,CO,6,10,8
India,Uttar Pradesh,Agra,"Sector-3B Avas Vikas Colony, Agra - UPPCB",19-08-2026 10:00:00,27.19412,77.96237,OZONE,14,16,15
India,Uttar Pradesh,Agra,"Shahjahan Garden, Agra - UPPCB",19-08-2026 10:00:00,27.169338,78.03582,PM2.5,18,35,27
India,Uttar Pradesh,Agra,"Manoharpur, Agra - UPPCB",19-08-2026 10:00:00,27.23711,78.01936,NO2,20,20,20
India,Uttar Pradesh,Agra,"Manoharpur, Agra - UPPCB",19-08-2026 10:00:00,27.23711,78.01936,SO2,NA,NA,NA
India,Uttar Pradesh,Agra,"Shastripuram, Agra - UPPCB",19-08-2026 10:00:00,27.19862,77.92066,CO,12,14,13
India,Uttar Pradesh,Baghpat,"Sardar Patel Inter College, Baghpat - UPPCB",19-08-2026 10:00:00,28.964949,77.278761,NO2,14,24,20
India,Uttar Pradesh,Bareilly,"Rajendra Nagar, Bareilly - UPPCB",19-08-2026 10:00:00,28.38910936,79.42963708,NO2,8,10,9
India,Uttar Pradesh,Bareilly,"Rajendra Nagar, Bareilly - UPPCB",19-08-2026 10:00:00,28.38910936,79.42963708,NH3,1,2,1
India,Uttar Pradesh,Bareilly,"Civil Lines, Bareilly - UPPCB",19-08-2026 10:00:00,28.359581,79.414455,PM10,24,37,30
India,Uttar Pradesh,Ghaziabad,"Loni, Ghaziabad - UPPCB",19-08-2026 10:00:00,28.757294,77.278792,PM10,26,270,129
India,Uttar Pradesh,Ghaziabad,"Loni, Ghaziabad - UPPCB",19-08-2026 10:00:00,28.757294,77.278792,NO2,17,77,44
India,Uttar Pradesh,Greater Noida,"Knowledge Park - V, Greater Noida - UPPCB",19-08-2026 10:00:00,28.557054,77.453663,NO2,27,77,49
India,Uttar Pradesh,Greater Noida,"Knowledge Park - V, Greater Noida - UPPCB",19-08-2026 10:00:00,28.557054,77.453663,CO,5,17,10
India,Uttar Pradesh,Kanpur,"NSI Kalyanpur, Kanpur - UPPCB",19-08-2026 10:00:00,26.509954,80.249612,PM2.5,17,59,36
India,Uttar Pradesh,Kanpur,"NSI Kalyanpur, Kanpur - UPPCB",19-08-2026 10:00:00,26.509954,80.249612,CO,17,24,19
India,Uttar Pradesh,Kanpur,"Nehru Nagar, Kanpur - UPPCB",19-08-2026 10:00:00,26.4703136,80.3229863,PM2.5,10,70,38
India,Uttar Pradesh,Khora,"Prashant Garden, Khora - UPPCB",19-08-2026 10:00:00,28.61119,77.34206,PM10,75,152,104
India,Uttar Pradesh,Khora,"Prashant Garden, Khora - UPPCB",19-08-2026 10:00:00,28.61119,77.34206,SO2,4,5,5
India,Uttar Pradesh,Khora,"Prashant Garden, Khora - UPPCB",19-08-2026 10:00:00,28.61119,77.34206,CO,46,51,49
India,Uttar Pradesh,Khora,"Prashant Garden, Khora - UPPCB",19-08-2026 10:00:00,28.61119,77.34206,OZONE,5,8,6
India,Uttar Pradesh,Bareilly,"Civil Lines, Bareilly - UPPCB",19-08-2026 10:00:00,28.359581,79.414455,OZONE,NA,NA,NA
India,Uttar Pradesh,Bulandshahr,"Yamunapuram, Bulandshahr - UPPCB",19-08-2026 10:00:00,28.406963,77.849831,PM2.5,28,68,46
India,Uttar Pradesh,Bulandshahr,"Yamunapuram, Bulandshahr - UPPCB",19-08-2026 10:00:00,28.406963,77.849831,CO,38,52,43
India,Uttar Pradesh,Fatehpur Sikri,"Dadupura, Fatehpur Sikri - UPPCB",19-08-2026 10:00:00,27.097694,77.671335,OZONE,7,19,11
India,Uttar Pradesh,Firozabad,"Nagla Bhau, Firozabad - UPPCB",19-08-2026 10:00:00,27.168897,78.37696,PM2.5,15,66,31
India,Uttar Pradesh,Ghaziabad,"Ved Vihar-Loni, Ghaziabad - UPPCB",19-08-2026 10:00:00,28.739153,77.273668,PM10,18,225,97
India,Uttar Pradesh,Ghaziabad,"Sanjay Nagar, Ghaziabad - UPPCB",19-08-2026 10:00:00,28.685382,77.453839,CO,15,46,33
India,Uttar Pradesh,Ghaziabad,"Vasundhara, Ghaziabad - UPPCB",19-08-2026 10:00:00,28.6603346,77.3572563,PM2.5,22,208,87
India,Uttar Pradesh,Ghaziabad,"Vasundhara, Ghaziabad - UPPCB",19-08-2026 10:00:00,28.6603346,77.3572563,SO2,2,21,15
India,Tamil Nadu,Gummidipoondi,"Anthoni Pillai Nagar, Gummidipoondi - TNPCB",19-08-2026 10:00:00,13.4127,80.1081,SO2,9,30,19
India,Tamil Nadu,Thoothukudi,"Meelavittan, Thoothukudi - TNPCB",19-08-2026 10:00:00,8.816428,78.099039,OZONE,27,30,29
India,Telangana,Hyderabad,"Bollaram Industrial Area, Hyderabad - TSPCB",19-08-2026 10:00:00,17.518,78.383,PM10,4,55,23
India,Telangana,Hyderabad,"Central University, Hyderabad - TSPCB",19-08-2026 10:00:00,17.460103,78.334361,PM2.5,10,26,16
India,Telangana,Hyderabad,"Central University, Hyderabad - TSPCB",19-08-2026 10:00:00,17.460103,78.334361,CO,14,18,16
India,Telangana,Hyderabad,"Central University, Hyderabad - TSPCB",19-08-2026 10:00:00,17.460103,78.334361,OZONE,10,12,11
India,Telangana,Hyderabad,"IITH Kandi, Hyderabad - TSPCB",19-08-2026 10:00:00,17.585705,78.126199,OZONE,15,19,17
India,Telangana,Hyderabad,"Kokapet, Hyderabad - TSPCB",19-08-2026 10:00:00,17.393559,78.339194,PM2.5,NA,NA,NA
India,Telangana,Hyderabad,"Kokapet, Hyderabad - TSPCB",19-08-2026 10:00:00,17.393559,78.339194,SO2,NA,NA,NA
India,Telangana,Hyderabad,"Kokapet, Hyderabad - TSPCB",19-08-2026 10:00:00,17.393559,78.339194,CO,26,26,26
India,Uttar Pradesh,Meerut,"MIET College, Meerut - UPPCB",19-08-2026 10:00:00,28.972677,77.641018,NH3,4,8,6
India,Uttar Pradesh,Meerut,"MIET College, Meerut - UPPCB",19-08-2026 10:00:00,28.972677,77.641018,CO,32,68,50
India,Uttar Pradesh,Meerut,"Pallavpuram Phase 2, Meerut - UPPCB",19-08-2026 10:00:00,29.06351,77.709723,CO,35,39,37
India,Uttar Pradesh,Meerut,"Ganga Nagar, Meerut - UPPCB",19-08-2026 10:00:00,28.999264,77.7590354,NO2,18,104,28
India,Uttar Pradesh,Modinagar,"SRM University, Modinagar - UPPCB",19-08-2026 10:00:00,28.798171,77.540243,PM2.5,45,82,68
India,Uttar Pradesh,Moradabad,"Eco Herbal Park, Moradabad - UPPCB",19-08-2026 10:00:00,28.840739,78.697531,SO2,6,19,13
India,Uttar Pradesh,Moradabad,"Jigar Colony, Moradabad - UPPCB",19-08-2026 10:00:00,28.856664,78.772638,NO2,24,25,25
India,Uttar Pradesh,Moradabad,"Transport Nagar, Moradabad - UPPCB",19-08-2026 10:00:00,28.802625,78.753728,PM2.5,NA,NA,NA
India,Tamil Nadu,Chennai,"Arumbakkam, Chennai - TNPCB",19-08-2026 10:00:00,13.0664,80.2112,SO2,0,8,2
India,Tamil Nadu,Chennai,"Arumbakkam, Chennai - TNPCB",19-08-2026 10:00:00,13.0664,80.2112,CO,NA,NA,NA
India,Tamil Nadu,Chennai,"Velachery Res. Area, Chennai - CPCB",19-08-2026 10:00:00,13.0052189,80.2398125,PM2.5,43,57,46
India,Tamil Nadu,Chennai,"Velachery Res. Area, Chennai - CPCB",19-08-2026 10:00:00,13.0052189,80.2398125,PM10,86,113,103
India,Tamil Nadu,Chennai,"Manali, Chennai - CPCB",19-08-2026 10:00:00,13.164544,80.26285,PM2.5,22,41,31
India,Tamil Nadu,Chennai,"Royapuram, Chennai - TNPCB",19-08-2026 10:00:00,13.1036,80.2909,NO2,12,15,14
India,Tamil Nadu,Chennai,"Royapuram, Chennai - TNPCB",19-08-2026 10:00:00,13.1036,80.2909,OZONE,23,36,29
India,Tamil Nadu,Cuddalore,"Semmandalam, Cuddalore - TNPCB",19-08-2026 10:00:00,11.7637683,79.7499835,PM2.5,NA,NA,NA
India,Tamil Nadu,Cuddalore,"Semmandalam, Cuddalore - TNPCB",19-08-2026 10:00:00,11.7637683,79.7499835,NO2,NA,NA,NA
India,Uttar Pradesh,Moradabad,"Kashiram Nagar, Moradabad - UPPCB",19-08-2026 10:00:00,28.849399,78.742362,NO2,24,25,25
India,Uttar Pradesh,Moradabad,"Kashiram Nagar, Moradabad - UPPCB",19-08-2026 10:00:00,28.849399,78.742362,CO,33,40,36
India,Uttar Pradesh,Moradabad,"Kashiram Nagar, Moradabad - UPPCB",19-08-2026 10:00:00,28.849399,78.742362,OZONE,15,23,18
India,Uttar Pradesh,Moradabad,"Employment Office, Moradabad - UPPCB",19-08-2026 10:00:00,28.88528,78.7388,NO2,23,24,23
India,Uttar Pradesh,Moradabad,"Employment Office, Moradabad - UPPCB",19-08-2026 10:00:00,28.88528,78.7388,SO2,31,33,31
India,Uttar Pradesh,Muzaffarnagar,"New Mandi, Muzaffarnagar - UPPCB",19-08-2026 10:00:00,29.4723508,77.7194031,PM10,17,171,65
India,Uttar Pradesh,Muzaffarnagar,"New Mandi, Muzaffarnagar - UPPCB",19-08-2026 10:00:00,29.4723508,77.7194031,SO2,7,23,14
India,Uttar Pradesh,Noida,"Sector - 62, Noida - IITM",19-08-2026 10:00:00,28.6245479,77.3577104,NO2,19,79,35
India,Uttar Pradesh,Noida,"Sector - 62, Noida - IITM",19-08-2026 10:00:00,28.6245479,77.3577104,SO2,NA,NA,NA
India,Uttar Pradesh,Noida,"Sector-116, Noida - UPPCB",19-08-2026 10:00:00,28.56923,77.393848,NO2,28,99,48
India,Uttar Pradesh,Noida,"Sector-116, Noida - UPPCB",19-08-2026 10:00:00,28.56923,77.393848,OZONE,21,58,33
India,Uttar Pradesh,Prayagraj,"Motilal Nehru NIT, Prayagraj - UPPCB",19-08-2026 10:00:00,25.494,81.863,PM2.5,2,12,7
India,Uttar Pradesh,Prayagraj,"Motilal Nehru NIT, Prayagraj - UPPCB",19-08-2026 10:00:00,25.494,81.863,NO2,12,12,12
India,Uttar Pradesh,Prayagraj,"Nagar Nigam, Prayagraj - UPPCB",19-08-2026 10:00:00,25.44919916,81.82735986,NO2,5,5,5
India,Uttar Pradesh,Prayagraj,"Nagar Nigam, Prayagraj - UPPCB",19-08-2026 10:00:00,25.44919916,81.82735986,SO2,5,100,34
India,Uttar Pradesh,Prayagraj,"Jhunsi, Prayagraj - UPPCB",19-08-2026 10:00:00,25.425602,81.917152,PM2.5,4,60,21
India,Uttar Pradesh,Prayagraj,"Jhunsi, Prayagraj - UPPCB",19-08-2026 10:00:00,25.425602,81.917152,PM10,14,101,34
India,Uttar Pradesh,Prayagraj,"Jhunsi, Prayagraj - UPPCB",19-08-2026 10:00:00,25.425602,81.917152,NO2,6,6,6
India,Uttar Pradesh,Prayagraj,"Jhunsi, Prayagraj - UPPCB",19-08-2026 10:00:00,25.425602,81.917152,SO2,0,0,0
India,Uttar Pradesh,Raebareli," Indira Nagar, Raebareli - NTPC Unchahar",19-08-2026 10:00:00,26.207781,81.245571,PM10,40,97,68
India,Uttar Pradesh,Raebareli," Indira Nagar, Raebareli - NTPC Unchahar",19-08-2026 10:00:00,26.207781,81.245571,SO2,NA,NA,NA
India,Uttar Pradesh,Varanasi,"Ardhali Bazar, Varanasi - UPPCB",19-08-2026 10:00:00,25.3505986,82.9083074,SO2,NA,NA,NA
India,Uttar Pradesh,Varanasi,"IESD Banaras Hindu University, Varanasi - UPPCB",19-08-2026 10:00:00,25.262326,82.995408,PM10,10,36,22
India,Uttar Pradesh,Varanasi,"IESD Banaras Hindu University, Varanasi - UPPCB",19-08-2026 10:00:00,25.262326,82.995408,OZONE,5,8,6
India,Uttar Pradesh,Vrindavan,"Omex Eternity, Vrindavan - UPPCB",19-08-2026 10:00:00,27.571409,77.655757,NH3,7,9,8
India,Uttar Pradesh,Vrindavan,"Omex Eternity, Vrindavan - UPPCB",19-08-2026 10:00:00,27.571409,77.655757,SO2,26,42,29
India,Uttarakhand,Dehradun,"Doon University, Dehradun - UKPCB",19-08-2026 10:00:00,30.269444,78.044167,PM2.5,0,52,27
India,Uttarakhand,Dehradun,"Doon University, Dehradun - UKPCB",19-08-2026 10:00:00,30.269444,78.044167,OZONE,5,18,9
India,Uttarakhand,Kashipur,"Govt. Girls Inter College, Kashipur - UKPCB",19-08-2026 10:00:00,29.2124114,78.9611753,PM10,NA,NA,NA
India,Uttarakhand,Kashipur,"Govt. Girls Inter College, Kashipur - UKPCB",19-08-2026 10:00:00,29.2124114,78.9611753,CO,9,17,13
India,Uttarakhand,Rishikesh,"Shivaji Nagar, Rishikesh - UKPCB",19-08-2026 10:00:00,30.075911,78.2859547,PM2.5,2,2,2
India,Uttarakhand,Rishikesh,"Shivaji Nagar, Rishikesh - UKPCB",19-08-2026 10:00:00,30.075911,78.2859547,CO,37,37,37
India,West Bengal,Asansol,"Asansol Court Area, Asansol - WBPCB",19-08-2026 10:00:00,23.685297,86.945968,PM2.5,8,28,15
India,West Bengal,Asansol,"Asansol Court Area, Asansol - WBPCB",19-08-2026 10:00:00,23.685297,86.945968,PM10,15,36,21
India,West Bengal,Asansol,"Asansol Court Area, Asansol - WBPCB",19-08-2026 10:00:00,23.685297,86.945968,CO,30,49,38
India,West Bengal,Asansol,"Mahabir Colliery, Asansol - WBPCB",19-08-2026 10:00:00,23.618183,87.105718,PM2.5,7,49,28
India,West Bengal,Asansol,"Mahabir Colliery, Asansol - WBPCB",19-08-2026 10:00:00,23.618183,87.105718,NH3,0,0,0
India,West Bengal,Barrackpore,"SVSPA Campus, Barrackpore - WBPCB",19-08-2026 10:00:00,22.7605581,88.3617589,NO2,8,21,14
India,West Bengal,Barrackpore,"SVSPA Campus, Barrackpore - WBPCB",19-08-2026 10:00:00,22.7605581,88.3617589,NH3,4,6,5
India,West Bengal,Barrackpore,"SVSPA Campus, Barrackpore - WBPCB",19-08-2026 10:00:00,22.7605581,88.3617589,OZONE,2,8,4
India,West Bengal,Durgapur,"Womens College_City Center, Durgapur - WBPCB",19-08-2026 10:00:00,23.549395,87.300496,SO2,12,12,12
India,West Bengal,Haldia,"Priyambada Housing Estate, Haldia - WBPCB",19-08-2026 10:00:00,22.06047,88.109737,PM2.5,16,34,22
India,West Bengal,Haldia,"Priyambada Housing Estate, Haldia - WBPCB",19-08-2026 10:00:00,22.06047,88.109737,PM10,17,39,27
India,West Bengal,Haldia,"Priyambada Housing Estate, Haldia - WBPCB",19-08-2026 10:00:00,22.06047,88.109737,SO2,12,13,12
India,West Bengal,Howrah,"Belur Math, Howrah - WBPCB",19-08-2026 10:00:00,22.629801,88.352017,PM2.5,24,49,34
India,West Bengal,Howrah,"Belur Math, Howrah - WBPCB",19-08-2026 10:00:00,22.629801,88.352017,PM10,36,56,46
India,West Bengal,Howrah,"Dasnagar, Howrah - WBPCB",19-08-2026 10:00:00,22.6025571,88.3105664,PM2.5,NA,NA,NA
India,West Bengal,Howrah,"Botanical Garden, Howrah - WBPCB",19-08-2026 10:00:00,22.554954,88.292568,PM10,37,111,60
India,West Bengal,Howrah,"Ghusuri, Howrah - WBPCB",19-08-2026 10:00:00,22.611968,88.347422,CO,23,27,25
India,West Bengal,Howrah,"Padmapukur, Howrah - WBPCB",19-08-2026 10:00:00,22.5687319,88.2797276,PM2.5,17,27,22
India,West Bengal,Howrah,"Padmapukur, Howrah - WBPCB",19-08-2026 10:00:00,22.5687319,88.2797276,CO,49,56,54
India,West Bengal,Howrah,"Padmapukur, Howrah - WBPCB",19-08-2026 10:00:00,22.5687319,88.2797276,OZONE,7,12,9
India,West Bengal,Kolkata,"Bidhannagar, Kolkata - WBPCB",19-08-2026 10:00:00,22.58157048,88.41002457,PM10,30,45,38
India,West Bengal,Kolkata,"Bidhannagar, Kolkata - WBPCB",19-08-2026 10:00:00,22.58157048,88.41002457,CO,44,46,44
India,West Bengal,Kolkata,"Jadavpur, Kolkata - WBPCB",19-08-2026 10:00:00,22.49929,88.36917,NH3,12,12,12
India,West Bengal,Kolkata,"Rabindra Bharati University, Kolkata - WBPCB",19-08-2026 10:00:00,22.627847,88.380669,NO2,21,48,33
India,West Bengal,Kolkata,"Rabindra Sarobar, Kolkata - WBPCB",19-08-2026 10:00:00,22.51106,88.35142,PM10,21,32,25
India,West Bengal,Kolkata,"Rabindra Sarobar, Kolkata - WBPCB",19-08-2026 10:00:00,22.51106,88.35142,CO,19,21,20
India,West Bengal,Kolkata,"Ballygunge, Kolkata - WBPCB",19-08-2026 10:00:00,22.5367507,88.3638022,SO2,6,14,10
India,West Bengal,Kolkata,"Ballygunge, Kolkata - WBPCB",19-08-2026 10:00:00,22.5367507,88.3638022,CO,23,27,25
India,Chhattisgarh,Raipur,"Siltara Phase-II, Raipur - CECB",19-08-2026 10:00:00,21.371751,81.664929,PM2.5,34,91,68
India,Chhattisgarh,Raipur,"AIIMS, Raipur - CECB",19-08-2026 10:00:00,21.258815,81.578979,CO,27,36,31
India,Chhattisgarh,Raipur,"AIIMS, Raipur - CECB",19-08-2026 10:00:00,21.258815,81.578979,OZONE,14,19,15
India,Chhattisgarh,Tumidih,"OP Jindal Industrial Park, Tumidih - CECB",19-08-2026 10:00:00,22.06631475,83.33820077,SO2,5,5,5
India,Delhi,Delhi,"Narela, Delhi - DPCC",19-08-2026 10:00:00,28.822836,77.101981,PM2.5,12,143,57
India,Delhi,Delhi,"Cantonment Area, Delhi - DPCC",19-08-2026 10:00:00,28.594169,77.1251,PM2.5,6,38,18
India,Delhi,Delhi,"Cantonment Area, Delhi - DPCC",19-08-2026 10:00:00,28.594169,77.1251,NH3,1,4,3
India,Delhi,Delhi,"Cantonment Area, Delhi - DPCC",19-08-2026 10:00:00,28.594169,77.1251,SO2,1,3,2
India,Delhi,Delhi,"Cantonment Area, Delhi - DPCC",19-08-2026 10:00:00,28.594169,77.1251,CO,70,102,85
India,Delhi,Delhi,"Cantonment Area, Delhi - DPCC",19-08-2026 10:00:00,28.594169,77.1251,OZONE,0,4,2
India,Delhi,Delhi,"Major Dhyan Chand National Stadium, Delhi - DPCC",19-08-2026 10:00:00,28.611281,77.237738,PM10,44,127,89
India,Delhi,Delhi,"Sonia Vihar, Delhi - DPCC",19-08-2026 10:00:00,28.710508,77.249485,PM2.5,18,177,60
India,Delhi,Delhi,"Sonia Vihar, Delhi - DPCC",19-08-2026 10:00:00,28.710508,77.249485,SO2,1,15,5
India,Delhi,Delhi,"Bawana, Delhi - DPCC",19-08-2026 10:00:00,28.7762,77.051074,OZONE,15,17,16
India,Delhi,Delhi,"Okhla Phase-2, Delhi - DPCC",19-08-2026 10:00:00,28.530785,77.271255,PM2.5,15,78,42
India,Delhi,Delhi,"Okhla Phase-2, Delhi - DPCC",19-08-2026 10:00:00,28.530785,77.271255,PM10,48,141,97
India,Delhi,Delhi,"Okhla Phase-2, Delhi - DPCC",19-08-2026 10:00:00,28.530785,77.271255,NO2,15,46,30
India,Delhi,Delhi,"Okhla Phase-2, Delhi - DPCC",19-08-2026 10:00:00,28.530785,77.271255,CO,53,67,59
India,Bihar,Patna,"Rajbansi Nagar, Patna - BSPCB",19-08-2026 10:00:00,25.599486,85.113666,NH3,NA,NA,NA
India,Bihar,Patna,"Rajbansi Nagar, Patna - BSPCB",19-08-2026 10:00:00,25.599486,85.113666,SO2,NA,NA,NA
India,Bihar,Patna,"Rajbansi Nagar, Patna - BSPCB",19-08-2026 10:00:00,25.599486,85.113666,OZONE,27,29,28
India,Bihar,Patna,"DRM Office Danapur, Patna - BSPCB",19-08-2026 10:00:00,25.586562,85.043586,PM10,35,42,38
India,Bihar,Patna,"DRM Office Danapur, Patna - BSPCB",19-08-2026 10:00:00,25.586562,85.043586,CO,28,41,35
India,Bihar,Patna,"Muradpur, Patna - BSPCB",19-08-2026 10:00:00,25.619651,85.147382,NO2,5,5,5
India,Bihar,Patna,"Muradpur, Patna - BSPCB",19-08-2026 10:00:00,25.619651,85.147382,OZONE,5,30,11
India,Bihar,Patna,"Samanpura, Patna - BSPCB",19-08-2026 10:00:00,25.596727,85.085624,SO2,5,5,5
India,Bihar,Purnia,"Mariam Nagar, Purnia - BSPCB",19-08-2026 10:00:00,25.366336,87.117468,PM10,10,30,20
India,Bihar,Samastipur,"DM Office_Kasipur, Samastipur - BSPCB",19-08-2026 10:00:00,25.859655,85.77944,SO2,12,13,12
India,Bihar,Sasaram,"Dada Peer, Sasaram - BSPCB",19-08-2026 10:00:00,24.952822,84.002396,CO,11,15,13
India,Chandigarh,Chandigarh,"Sector 22, Chandigarh - CPCC",19-08-2026 10:00:00,30.735567,76.775714,PM2.5,13,37,20
India,Chandigarh,Chandigarh,"Sector 22, Chandigarh - CPCC",19-08-2026 10:00:00,30.735567,76.775714,CO,31,38,34
India,Chandigarh,Chandigarh,"Sector-25, Chandigarh - CPCC",19-08-2026 10:00:00,30.751462,76.762879,PM2.5,11,37,22
India,Chhattisgarh,Bhilai,"32Bungalows, Bhilai - CECB",19-08-2026 10:00:00,21.194815,81.31477,NH3,4,5,5
India,Andhra Pradesh,Tirumala,"Toll Gate, Tirumala - APPCB",19-08-2026 10:00:00,13.67,79.35,NH3,2,3,2
India,Andhra Pradesh,Tirumala,"Toll Gate, Tirumala - APPCB",19-08-2026 10:00:00,13.67,79.35,OZONE,7,14,9
India,Andhra Pradesh,Tirupati,"Vaikuntapuram, Tirupati - APPCB",19-08-2026 10:00:00,13.615387,79.40923,OZONE,33,33,33
India,Andhra Pradesh,Vijayawada,"Rajiv Nagar, Vijayawada - APPCB",19-08-2026 10:00:00,16.554731,80.64911,SO2,9,75,31
India,Andhra Pradesh,Vijayawada,"HB Colony, Vijayawada - APPCB",19-08-2026 10:00:00,16.536107,80.594233,PM10,43,102,55
India,Andhra Pradesh,Vijayawada,"HB Colony, Vijayawada - APPCB",19-08-2026 10:00:00,16.536107,80.594233,NH3,2,4,3
India,Andhra Pradesh,Vijayawada,"HB Colony, Vijayawada - APPCB",19-08-2026 10:00:00,16.536107,80.594233,CO,19,19,19
India,Andhra Pradesh,Vijayawada,"Rajiv Gandhi Park, Vijayawada - APPCB",19-08-2026 10:00:00,16.509717,80.612222,NH3,3,7,5
India,Andhra Pradesh,Visakhapatnam,"GVM Corporation, Visakhapatnam - APPCB",19-08-2026 10:00:00,17.72,83.3,SO2,8,47,22
India,Arunachal Pradesh,Naharlagun,"Naharlagun, Naharlagun - APSPCB",19-08-2026 10:00:00,27.103358,93.679645,CO,7,9,9
India,Assam,Byrnihat,"Central Academy for SFS, Byrnihat - PCBA",19-08-2026 10:00:00,26.071318,91.87488,NO2,6,9,8
India,Assam,Guwahati,"IITG, Guwahati - PCBA",19-08-2026 10:00:00,26.2028636,91.70046436,NO2,0,2,1
India,Chhattisgarh,Bhilai,"Civic Center, Bhilai - Bhilai Steel Plant",19-08-2026 10:00:00,21.185571,81.343175,NO2,15,16,16
India,Chhattisgarh,Bhilai,"Hathkhoj, Bhilai - CECB",19-08-2026 10:00:00,21.224231,81.40835,PM10,12,28,18
India,Chhattisgarh,Bhilai,"Hathkhoj, Bhilai - CECB",19-08-2026 10:00:00,21.224231,81.40835,NH3,5,8,6
India,Chhattisgarh,Bilaspur,"Mangala, Bilaspur - NTPC",19-08-2026 10:00:00,22.08815,82.13737,SO2,2,12,8
India,Chhattisgarh,Chhal,"Nawapara SECL Colony, Chhal - CECB",19-08-2026 10:00:00,22.118125,83.140608,SO2,7,10,9
India,Chhattisgarh,Korba,"Rampur, Korba - CECB",19-08-2026 10:00:00,22.368195,82.746431,SO2,6,16,8
India,Chhattisgarh,Korba,"Rampur, Korba - CECB",19-08-2026 10:00:00,22.368195,82.746431,OZONE,13,13,13
India,Chhattisgarh,Kunjemura,"OP Jindal School, Kunjemura - CECB",19-08-2026 10:00:00,22.12665,83.483212,PM2.5,2,22,7
India,Chhattisgarh,Kunjemura,"OP Jindal School, Kunjemura - CECB",19-08-2026 10:00:00,22.12665,83.483212,SO2,9,19,14
India,Chhattisgarh,Raipur,"Bhatagaon New ISBT, Raipur - CECB",19-08-2026 10:00:00,21.219665,81.630094,PM2.5,4,14,8
India,Chhattisgarh,Raipur,"Bhatagaon New ISBT, Raipur - CECB",19-08-2026 10:00:00,21.219665,81.630094,NO2,0,2,1
India,Chhattisgarh,Raipur,"Bhatagaon New ISBT, Raipur - CECB",19-08-2026 10:00:00,21.219665,81.630094,CO,6,10,8
India,Bihar,Arrah,"New DM Office, Arrah - BSPCB",19-08-2026 10:00:00,25.5626095,84.663264,SO2,5,5,5
India,Bihar,Begusarai,"Lohiyanagar, Begusarai - BSPCB",19-08-2026 10:00:00,25.42742023,86.13886079,CO,12,17,16
India,Bihar,Bettiah,"Kamalnath Nagar, Bettiah - BSPCB",19-08-2026 10:00:00,26.80365,84.51954,CO,23,37,31
India,Bihar,Bettiah,"Kamalnath Nagar, Bettiah - BSPCB",19-08-2026 10:00:00,26.80365,84.51954,OZONE,23,26,25
India,Bihar,Bhagalpur,"DM Office_Kachari Chowk, Bhagalpur - BSPCB",19-08-2026 10:00:00,25.251013,86.989001,PM2.5,10,150,46
India,Bihar,Bhagalpur,"DM Office_Kachari Chowk, Bhagalpur - BSPCB",19-08-2026 10:00:00,25.251013,86.989001,SO2,14,28,22
India,Bihar,Chhapra,"Darshan Nagar, Chhapra - BSPCB",19-08-2026 10:00:00,25.7808257,84.7446768,CO,80,85,82
India,Bihar,Chhapra,"Darshan Nagar, Chhapra - BSPCB",19-08-2026 10:00:00,25.7808257,84.7446768,OZONE,2,5,3
India,Bihar,Gaya,"Collectorate, Gaya - BSPCB",19-08-2026 10:00:00,24.7955,84.9994,PM10,NA,NA,NA
India,Bihar,Gaya,"Collectorate, Gaya - BSPCB",19-08-2026 10:00:00,24.7955,84.9994,OZONE,27,28,28
India,Bihar,Gaya,"Kareemganj, Gaya - BSPCB",19-08-2026 10:00:00,24.792403,84.992416,CO,31,32,32
India,Assam,Guwahati,"LGBI Airport, Guwahati - PCBA",19-08-2026 10:00:00,26.10887,91.589544,CO,7,31,19
India,Assam,Guwahati,"Railway Colony, Guwahati - PCBA",19-08-2026 10:00:00,26.181742,91.78063,NO2,3,4,3
India,Assam,Guwahati,"Railway Colony, Guwahati - PCBA",19-08-2026 10:00:00,26.181742,91.78063,CO,7,14,9
India,Assam,Nagaon,"Christianpatty, Nagaon - PCBA",19-08-2026 10:00:00,26.349082,92.68449,NO2,1,3,1
India,Assam,Nagaon,"Christianpatty, Nagaon - PCBA",19-08-2026 10:00:00,26.349082,92.68449,SO2,7,15,11
India,Assam,Nalbari,"Bata Chowk, Nalbari - PCBA",19-08-2026 10:00:00,26.446912,91.439057,SO2,8,8,8
India,Assam,Nalbari,"Bata Chowk, Nalbari - PCBA",19-08-2026 10:00:00,26.446912,91.439057,CO,20,23,21
India,Assam,Silchar,"Tarapur, Silchar - PCBA",19-08-2026 10:00:00,24.82827,92.79525,PM10,5,58,49
India,Assam,Sivasagar,"Girls College, Sivasagar - PCBA",19-08-2026 10:00:00,26.987634,94.636574,PM2.5,11,41,24
India,Assam,Sivasagar,"Girls College, Sivasagar - PCBA",19-08-2026 10:00:00,26.987634,94.636574,PM10,24,56,31
India,Assam,Sivasagar,"Girls College, Sivasagar - PCBA",19-08-2026 10:00:00,26.987634,94.636574,NH3,1,6,4
India,Assam,Sivasagar,"Girls College, Sivasagar - PCBA",19-08-2026 10:00:00,26.987634,94.636574,OZONE,15,31,23
India,Delhi,Delhi,"Vivek Vihar, Delhi - DPCC",19-08-2026 10:00:00,28.672342,77.31526,PM10,42,168,118
India,Delhi,Delhi,"Vivek Vihar, Delhi - DPCC",19-08-2026 10:00:00,28.672342,77.31526,NO2,20,83,38
India,Delhi,Delhi,"Vivek Vihar, Delhi - DPCC",19-08-2026 10:00:00,28.672342,77.31526,NH3,4,5,5
India,Delhi,Delhi,"Jahangirpuri, Delhi - DPCC",19-08-2026 10:00:00,28.73282,77.170633,PM10,73,276,156
India,Delhi,Delhi,"Jahangirpuri, Delhi - DPCC",19-08-2026 10:00:00,28.73282,77.170633,NH3,8,9,9
India,Delhi,Delhi,"IHBAS, Dilshad Garden, Delhi - CPCB",19-08-2026 10:00:00,28.6811736,77.3025234,PM10,37,123,79
India,Delhi,Delhi,"IHBAS, Dilshad Garden, Delhi - CPCB",19-08-2026 10:00:00,28.6811736,77.3025234,NO2,20,28,26
India,Delhi,Delhi,"Sri Aurobindo Marg, Delhi - DPCC",19-08-2026 10:00:00,28.531346,77.190156,NO2,11,36,18
India,Delhi,Delhi,"Patparganj, Delhi - DPCC",19-08-2026 10:00:00,28.623763,77.287209,PM10,46,171,102
India,Delhi,Delhi,"Jawaharlal Nehru Stadium, Delhi - DPCC",19-08-2026 10:00:00,28.58028,77.233829,PM2.5,20,123,63
India,Delhi,Delhi,"Wazirpur, Delhi - DPCC",19-08-2026 10:00:00,28.699793,77.165453,PM2.5,38,190,96
India,Andhra Pradesh,Kakinada,"Rama Rao Peta, Kakinada - APPCB",19-08-2026 10:00:00,16.962488,82.229513,OZONE,18,24,21
India,Andhra Pradesh,Machilipatnam,"Srinivas Nagar Colony, Machilipatnam - APPCB",19-08-2026 10:00:00,16.186555,81.13219,PM10,57,67,59
India,Andhra Pradesh,Nellore,"Ambedkar Nagar, Nellore - APPCB ",19-08-2026 10:00:00,14.438164,79.966814,PM2.5,43,67,57
India,Andhra Pradesh,Rajamahendravaram,"Anand Kala Kshetram, Rajamahendravaram - APPCB",19-08-2026 10:00:00,16.9872867,81.7363176,NH3,2,3,2
India,Andhra Pradesh,Srikakulam,"Chinna Bharatham Colony, Srikakulam - APPCB",19-08-2026 10:00:00,18.292191,83.897173,NO2,18,45,34
India,Andhra Pradesh,Srikakulam,"Chinna Bharatham Colony, Srikakulam - APPCB",19-08-2026 10:00:00,18.292191,83.897173,NH3,2,7,5
India,Andhra Pradesh,Srikakulam,"Chinna Bharatham Colony, Srikakulam - APPCB",19-08-2026 10:00:00,18.292191,83.897173,SO2,14,21,16
India,Andhra Pradesh,Srikakulam,"Chinna Bharatham Colony, Srikakulam - APPCB",19-08-2026 10:00:00,18.292191,83.897173,CO,60,76,69
India,Andhra Pradesh,Tirumala,"Toll Gate, Tirumala - APPCB",19-08-2026 10:00:00,13.67,79.35,PM10,24,61,44
India,Bihar,Hajipur,"Industrial Area, Hajipur - BSPCB",19-08-2026 10:00:00,25.697189,85.2459,NH3,8,11,10
India,Bihar,Hajipur,"Industrial Area, Hajipur - BSPCB",19-08-2026 10:00:00,25.697189,85.2459,OZONE,16,31,22
India,Bihar,Kishanganj,"SDM Office_Khagra, Kishanganj - BSPCB",19-08-2026 10:00:00,26.0881305,87.93840336,OZONE,31,33,33
India,Bihar,Manguraha,"Forest Rest House, Manguraha - BSPCB",19-08-2026 10:00:00,27.308328,84.531742,PM10,NA,NA,NA
India,Bihar,Munger,"Town Hall, Munger - BSPCB",19-08-2026 10:00:00,25.376776,86.471523,NH3,2,3,3
India,Bihar,Munger,"Town Hall, Munger - BSPCB",19-08-2026 10:00:00,25.376776,86.471523,CO,34,38,36
India,Bihar,Muzaffarpur,"MIT-Daudpur Kothi, Muzaffarpur - BSPCB",19-08-2026 10:00:00,26.1403345,85.3650192,PM10,23,43,30
India,Andhra Pradesh,Amaravati,"Secretariat, Amaravati - APPCB",19-08-2026 10:00:00,16.5150833,80.5181667,NH3,1,7,4
India,Andhra Pradesh,Amaravati,"Secretariat, Amaravati - APPCB",19-08-2026 10:00:00,16.5150833,80.5181667,CO,10,10,10
India,Andhra Pradesh,Eluru,"District Court, Eluru - APPCB",19-08-2026 10:00:00,16.711754,81.092095,PM2.5,42,70,56
India,Andhra Pradesh,Eluru,"District Court, Eluru - APPCB",19-08-2026 10:00:00,16.711754,81.092095,CO,4,15,8
India,Andhra Pradesh,Guntur,"Rajendra Nagar North, Guntur - APPCB",19-08-2026 10:00:00,16.316553,80.413302,NO2,19,52,34
India,Andhra Pradesh,Guntur,"Rajendra Nagar North, Guntur - APPCB",19-08-2026 10:00:00,16.316553,80.413302,OZONE,16,17,17
India,Haryana,Hisar,"Urban Estate-II, Hisar - HSPCB",19-08-2026 10:00:00,29.14056,75.744941,NH3,9,10,9
India,Haryana,Hisar,"Urban Estate-II, Hisar - HSPCB",19-08-2026 10:00:00,29.14056,75.744941,OZONE,37,38,37
India,Haryana,Jind,"Police Lines, Jind - HSPCB",19-08-2026 10:00:00,29.307814,76.337619,SO2,27,30,28
India,Haryana,Jind,"Police Lines, Jind - HSPCB",19-08-2026 10:00:00,29.307814,76.337619,OZONE,8,12,11
India,Haryana,Kaithal,"Rishi Nagar, Kaithal - HSPCB",19-08-2026 10:00:00,29.8006,76.4155,PM10,10,124,75
India,Haryana,Karnal,"Sector-12, Karnal - HSPCB",19-08-2026 10:00:00,29.6953,77.0027,CO,42,56,50
India,Haryana,Kurukshetra,"Sector-7, Kurukshetra - HSPCB",19-08-2026 10:00:00,29.966942,76.875879,PM10,37,79,56
India,Haryana,Manesar,"Sector-2 IMT, Manesar - HSPCB",19-08-2026 10:00:00,28.360699,76.93609,PM10,66,108,88
India,Haryana,Manesar,"Sector-2 IMT, Manesar - HSPCB",19-08-2026 10:00:00,28.360699,76.93609,NO2,16,74,30
India,Haryana,Manesar,"Sector-2 IMT, Manesar - HSPCB",19-08-2026 10:00:00,28.360699,76.93609,OZONE,6,20,11
India,Haryana,Narnaul,"Shastri Nagar, Narnaul - HSPCB",19-08-2026 10:00:00,28.060249,76.113115,NO2,20,80,46
India,Haryana,Palwal,"Shyam Nagar, Palwal - HSPCB",19-08-2026 10:00:00,28.1485564,77.3320667,NO2,23,24,24
India,Haryana,Panchgaon,"Amity University, Panchgaon - IITM",19-08-2026 10:00:00,28.3153,76.9143,SO2,6,17,12
India,Haryana,Panchgaon,"Amity University, Panchgaon - IITM",19-08-2026 10:00:00,28.3153,76.9143,CO,66,66,66
India,Haryana,Panchkula,"Sector-6, Panchkula - HSPCB ",19-08-2026 10:00:00,30.7057778,76.8531805555555,NH3,NA,NA,NA
India,Haryana,Panchkula,"Sector-6, Panchkula - HSPCB ",19-08-2026 10:00:00,30.7057778,76.8531805555555,OZONE,39,42,40
India,Haryana,Panipat,"Sector-18, Panipat - HSPCB",19-08-2026 10:00:00,29.432304,76.972765,PM2.5,39,324,141
India,Haryana,Panipat,"Sector-18, Panipat - HSPCB",19-08-2026 10:00:00,29.432304,76.972765,CO,21,33,31
India,Gujarat,Bhavnagar,"Vidhyanagar, Bhavnagar - Nexteng Enviro",19-08-2026 10:00:00,21.755417,72.139056,OZONE,16,17,17
India,Gujarat,Gandhinagar,"Sector-10, Gandhinagar - GPCB",19-08-2026 10:00:00,23.221714,72.654328,PM10,NA,NA,NA
India,Gujarat,Gandhinagar,"Sector-10, Gandhinagar - GPCB",19-08-2026 10:00:00,23.221714,72.654328,NO2,4,6,5
India,Gujarat,Gandhinagar,"Sector-10, Gandhinagar - GPCB",19-08-2026 10:00:00,23.221714,72.654328,CO,16,17,17
India,Gujarat,Gandhinagar,"IIPHG Lekawada, Gandhinagar - IITM",19-08-2026 10:00:00,23.243639,72.68994,NH3,1,2,1
India,Gujarat,Gandhinagar,"IIPHG Lekawada, Gandhinagar - IITM",19-08-2026 10:00:00,23.243639,72.68994,CO,27,31,28
India,Gujarat,Mehsana,"Sadanand Nagar, Mehsana - Nexteng Enviro",19-08-2026 10:00:00,23.59315,72.372792,PM2.5,18,88,40
India,Gujarat,Mehsana,"Sadanand Nagar, Mehsana - Nexteng Enviro",19-08-2026 10:00:00,23.59315,72.372792,SO2,14,14,14
India,Gujarat,Nandesari,"GIDC, Nandesari - Nandesari Ind. Association",19-08-2026 10:00:00,22.410802,73.097923,NO2,1,18,11
India,Gujarat,Nandesari,"GIDC, Nandesari - Nandesari Ind. Association",19-08-2026 10:00:00,22.410802,73.097923,NH3,NA,NA,NA
India,Gujarat,Nandesari,"GIDC, Nandesari - Nandesari Ind. Association",19-08-2026 10:00:00,22.410802,73.097923,CO,18,49,27
India,Gujarat,Surat,"Science Center, Surat - SMC",19-08-2026 10:00:00,21.170046,72.795405,CO,30,34,32
India,Gujarat,Surat,"Katargam, Surat - Nexteng Enviro",19-08-2026 10:00:00,21.217779,72.834787,NO2,0,39,19
India,Gujarat,Surat,"Katargam, Surat - Nexteng Enviro",19-08-2026 10:00:00,21.217779,72.834787,NH3,1,1,1
India,Gujarat,Surat,"Katargam, Surat - Nexteng Enviro",19-08-2026 10:00:00,21.217779,72.834787,CO,44,54,47
India,Gujarat,Vadodara,"Bapunagar, Vadodara - Nexteng Enviro",19-08-2026 10:00:00,22.320153,73.216285,PM2.5,29,74,49
India,Gujarat,Vapi,"Phase-1 GIDC, Vapi - GPCB",19-08-2026 10:00:00,20.362421,72.918013,CO,NA,NA,NA
India,Gujarat,Vapi,"Phase-1 GIDC, Vapi - GPCB",19-08-2026 10:00:00,20.362421,72.918013,OZONE,5,6,6
India,Gujarat,Vatva,"Phase-4 GIDC, Vatva - GPCB",19-08-2026 10:00:00,22.969611,72.6435,PM10,100,157,122
India,Haryana,Ambala,"Patti Mehar, Ambala - HSPCB",19-08-2026 10:00:00,30.379589,76.778328,PM2.5,24,78,48
India,Haryana,Ambala,"Patti Mehar, Ambala - HSPCB",19-08-2026 10:00:00,30.379589,76.778328,NO2,6,8,7
India,Haryana,Ambala,"Patti Mehar, Ambala - HSPCB",19-08-2026 10:00:00,30.379589,76.778328,NH3,6,7,6
India,Haryana,Ballabgarh,"Nathu Colony, Ballabgarh - HSPCB",19-08-2026 10:00:00,28.3419248,77.319699,NH3,4,5,5
India,Haryana,Ballabgarh,"Nathu Colony, Ballabgarh - HSPCB",19-08-2026 10:00:00,28.3419248,77.319699,OZONE,4,56,25
India,Haryana,Bhiwani,"H.B. Colony, Bhiwani - HSPCB",19-08-2026 10:00:00,28.806223,76.141105,CO,19,23,21
India,Haryana,Bhiwani,"H.B. Colony, Bhiwani - HSPCB",19-08-2026 10:00:00,28.806223,76.141105,OZONE,23,32,25
India,Haryana,Charkhi Dadri,"Mini Secretariat, Charkhi Dadri - HSPCB",19-08-2026 10:00:00,28.593883,76.270653,PM10,74,140,103
India,Haryana,Charkhi Dadri,"Mini Secretariat, Charkhi Dadri - HSPCB",19-08-2026 10:00:00,28.593883,76.270653,SO2,7,10,8
India,Haryana,Charkhi Dadri,"Mini Secretariat, Charkhi Dadri - HSPCB",19-08-2026 10:00:00,28.593883,76.270653,CO,10,23,15
India,Haryana,Dharuhera,"Municipal Corporation Office, Dharuhera -  HSPCB",19-08-2026 10:00:00,28.2068,76.7997,SO2,3,10,8
India,Haryana,Faridabad,"New Industrial Town, Faridabad - HSPCB",19-08-2026 10:00:00,28.39072,77.30059,CO,22,24,23
India,Delhi,Delhi,"Chandni Chowk, Delhi - IITM",19-08-2026 10:00:00,28.656756,77.227234,PM2.5,35,87,55
India,Delhi,Delhi,"Chandni Chowk, Delhi - IITM",19-08-2026 10:00:00,28.656756,77.227234,NO2,11,47,23
India,Delhi,Delhi,"Pusa, Delhi - IITM",19-08-2026 10:00:00,28.63611,77.173332,CO,14,22,17
India,Delhi,Delhi,"Pusa, Delhi - IITM",19-08-2026 10:00:00,28.63611,77.173332,OZONE,6,46,17
India,Delhi,Delhi,"DTU, Delhi - CPCB",19-08-2026 10:00:00,28.7500499,77.1112615,SO2,33,36,35
India,Delhi,Delhi,"Dwarka-Sector 8, Delhi - DPCC ",19-08-2026 10:00:00,28.5710274,77.0719006,NO2,14,64,27
India,Delhi,Delhi,"Dwarka-Sector 8, Delhi - DPCC ",19-08-2026 10:00:00,28.5710274,77.0719006,NH3,4,9,6
India,Delhi,Delhi,"Dr. Karni Singh Shooting Range, Delhi - DPCC",19-08-2026 10:00:00,28.498571,77.26484,PM2.5,2,80,37
India,Delhi,Delhi,"IIT Delhi, Delhi - IITM",19-08-2026 10:00:00,28.54246,77.191651,NO2,5,47,25
India,Delhi,Delhi,"IIT Delhi, Delhi - IITM",19-08-2026 10:00:00,28.54246,77.191651,SO2,NA,NA,NA
India,Delhi,Delhi,"IIT Delhi, Delhi - IITM",19-08-2026 10:00:00,28.54246,77.191651,CO,15,23,18
India,Delhi,Delhi,"IIT Delhi, Delhi - IITM",19-08-2026 10:00:00,28.54246,77.191651,OZONE,6,20,10
India,Delhi,Delhi,"IGNOU_Maidan Garhi, Delhi - DPCC",19-08-2026 10:00:00,28.493624,77.201159,PM2.5,9,34,20
India,Delhi,Delhi,"IGNOU_Maidan Garhi, Delhi - DPCC",19-08-2026 10:00:00,28.493624,77.201159,SO2,5,6,6
India,Haryana,Rohtak,"MD University, Rohtak - HSPCB",19-08-2026 10:00:00,28.52123,76.37138,NO2,8,11,9
India,Haryana,Sirsa,"F-Block, Sirsa - HSPCB",19-08-2026 10:00:00,29.5364,75.0158,PM10,68,117,95
India,Haryana,Sonipat,"Murthal, Sonipat - HSPCB",19-08-2026 10:00:00,29.0272,77.0621,NO2,5,8,7
India,Haryana,Sonipat,"Murthal, Sonipat - HSPCB",19-08-2026 10:00:00,29.0272,77.0621,SO2,16,18,17
India,Himachal Pradesh,Baddi,"HIMUDA Complex Phase-1, Baddi - HPPCB",19-08-2026 10:00:00,30.943887,76.801991,NH3,3,5,4
India,Jammu and Kashmir,Pampore,"Khrew, Pampore - JKPCC",19-08-2026 10:00:00,34.031606,75.009712,PM2.5,19,60,42
India,Jammu and Kashmir,Pampore,"Khrew, Pampore - JKPCC",19-08-2026 10:00:00,34.031606,75.009712,OZONE,NA,NA,NA
India,Jammu and Kashmir,Srinagar,"Rajbagh, Srinagar - JKPCC",19-08-2026 10:00:00,34.066206,74.81982,NO2,19,20,19
India,Jharkhand,Dhanbad,"Sardar Patel Nagar, Dhanbad - JSPCB",19-08-2026 10:00:00,23.80569,86.44268,PM2.5,NA,NA,NA
India,Jharkhand,Dhanbad,"Sardar Patel Nagar, Dhanbad - JSPCB",19-08-2026 10:00:00,23.80569,86.44268,NH3,NA,NA,NA
India,Jharkhand,Dhanbad,"Sardar Patel Nagar, Dhanbad - JSPCB",19-08-2026 10:00:00,23.80569,86.44268,SO2,NA,NA,NA
India,Delhi,Delhi,"Commonwealth Sports Complex, Delhi - DPCC",19-08-2026 10:00:00,28.615828,77.271992,NH3,0,2,1
India,Delhi,Delhi,"Commonwealth Sports Complex, Delhi - DPCC",19-08-2026 10:00:00,28.615828,77.271992,SO2,3,10,6
India,Delhi,Delhi,"Talkatora Garden, Delhi - DPCC",19-08-2026 10:00:00,28.62181,77.1944633,NO2,5,52,21
India,Delhi,Delhi,"NSIT Dwarka, Delhi - CPCB",19-08-2026 10:00:00,28.60909,77.0325413,PM2.5,25,247,56
India,Delhi,Delhi,"NSIT Dwarka, Delhi - CPCB",19-08-2026 10:00:00,28.60909,77.0325413,OZONE,11,24,16
India,Delhi,Delhi,"Aya Nagar, Delhi - IITM",19-08-2026 10:00:00,28.4706914,77.1099364,PM10,26,134,79
India,Delhi,Delhi,"Burari Crossing, Delhi - IITM",19-08-2026 10:00:00,28.7256504,77.2011573,OZONE,7,40,15
India,Delhi,Delhi,"IMD Lodhi Road, Delhi - IITM",19-08-2026 10:00:00,28.5918245,77.2273074,PM10,36,149,90
India,Delhi,Delhi,"Alipur, Delhi - DPCC",19-08-2026 10:00:00,28.815329,77.15301,PM2.5,25,133,79
India,Delhi,Delhi,"Alipur, Delhi - DPCC",19-08-2026 10:00:00,28.815329,77.15301,SO2,4,8,6
India,Delhi,Delhi,"North Campus, DU, Delhi - IITM",19-08-2026 10:00:00,28.6573814,77.1585447,OZONE,1,227,49
India,Haryana,Faridabad,"Sector 11, Faridabad - HSPCB",19-08-2026 10:00:00,28.376058,77.315741,PM2.5,68,402,185
India,Haryana,Faridabad,"Sector 11, Faridabad - HSPCB",19-08-2026 10:00:00,28.376058,77.315741,CO,60,74,67
India,Haryana,Fatehabad,"Huda Sector, Fatehabad - HSPCB",19-08-2026 10:00:00,29.503664,75.467934,NH3,13,15,14
India,Haryana,Fatehabad,"Huda Sector, Fatehabad - HSPCB",19-08-2026 10:00:00,29.503664,75.467934,OZONE,38,56,48
India,Haryana,Gurugram,"Teri Gram, Gurugram - HSPCB",19-08-2026 10:00:00,28.4275,77.1465,OZONE,8,13,11
India,Haryana,Gurugram,"NISE Gwal Pahari, Gurugram - IITM",19-08-2026 10:00:00,28.422681,77.148944,OZONE,8,24,11
India,Haryana,Gurugram,"Sector-51, Gurugram - HSPCB",19-08-2026 10:00:00,28.4227,77.0667,PM2.5,57,142,87
India,Haryana,Gurugram,"Sector-51, Gurugram - HSPCB",19-08-2026 10:00:00,28.4227,77.0667,PM10,69,130,96
India,Haryana,Gurugram,"Vikas Sadan, Gurugram - HSPCB",19-08-2026 10:00:00,28.4501238,77.0263051,NH3,NA,NA,NA
India,Haryana,Gurugram,"Vikas Sadan, Gurugram - HSPCB",19-08-2026 10:00:00,28.4501238,77.0263051,SO2,8,31,19
India,Haryana,Hisar,"Urban Estate-II, Hisar - HSPCB",19-08-2026 10:00:00,29.14056,75.744941,PM10,49,186,92
India,Gujarat,Ahmedabad,"Rakhial, Ahmedabad - IITM",19-08-2026 10:00:00,23.016834,72.625775,OZONE,4,7,5
India,Gujarat,Ahmedabad,"Maninagar, Ahmedabad - GPCB",19-08-2026 10:00:00,23.002657,72.591912,SO2,49,72,62
India,Gujarat,Ahmedabad,"Maninagar, Ahmedabad - GPCB",19-08-2026 10:00:00,23.002657,72.591912,CO,9,46,23
India,Gujarat,Ahmedabad,"SAC ISRO Satellite, Ahmedabad - IITM",19-08-2026 10:00:00,23.023389,72.515201,SO2,2,5,4
India,Gujarat,Ahmedabad,"Gyaspur, Ahmedabad - IITM",19-08-2026 10:00:00,22.977134,72.553024,SO2,4,11,8
India,Gujarat,Ahmedabad,"Raikhad, Ahmedabad - IITM",19-08-2026 10:00:00,23.020509,72.579261,PM10,57,96,75
India,Gujarat,Ahmedabad,"Raikhad, Ahmedabad - IITM",19-08-2026 10:00:00,23.020509,72.579261,NH3,1,2,1
India,Gujarat,Ahmedabad,"Raikhad, Ahmedabad - IITM",19-08-2026 10:00:00,23.020509,72.579261,OZONE,10,13,11
India,Gujarat,Ankleshwar,"GIDC, Ankleshwar - GPCB",19-08-2026 10:00:00,21.613267,73.010555,PM10,41,77,62
India,Gujarat,Ankleshwar,"GIDC, Ankleshwar - GPCB",19-08-2026 10:00:00,21.613267,73.010555,SO2,18,22,18
India,Delhi,Delhi,"Wazirpur, Delhi - DPCC",19-08-2026 10:00:00,28.699793,77.165453,CO,43,56,49
India,Delhi,Delhi,"Mundka, Delhi - DPCC",19-08-2026 10:00:00,28.684678,77.076574,PM10,33,147,101
India,Haryana,Gurugram,"NISE Gwal Pahari, Gurugram - IITM",19-08-2026 10:00:00,28.422681,77.148944,OZONE,8,24,11
India,Haryana,Gurugram,"Sector-51, Gurugram - HSPCB",19-08-2026 10:00:00,28.4227,77.0667,PM2.5,57,142,87
India,Haryana,Gurugram,"Sector-51, Gurugram - HSPCB",19-08-2026 10:00:00,28.4227,77.0667,PM10,69,130,96
India,Haryana,Gurugram,"Vikas Sadan, Gurugram - HSPCB",19-08-2026 10:00:00,28.4501238,77.0263051,NH3,NA,NA,NA
India,Haryana,Gurugram,"Vikas Sadan, Gurugram - HSPCB",19-08-2026 10:00:00,28.4501238,77.0263051,SO2,8,31,19
India,Haryana,Hisar,"Urban Estate-II, Hisar - HSPCB",19-08-2026 10:00:00,29.14056,75.744941,PM10,49,186,92
India,Haryana,Hisar,"Urban Estate-II, Hisar - HSPCB",19-08-2026 10:00:00,29.14056,75.744941,NH3,9,10,9
India,Haryana,Hisar,"Urban Estate-II, Hisar - HSPCB",19-08-2026 10:00:00,29.14056,75.744941,OZONE,37,38,37
India,Haryana,Jind,"Police Lines, Jind - HSPCB",19-08-2026 10:00:00,29.307814,76.337619,SO2,27,30,28
India,Haryana,Jind,"Police Lines, Jind - HSPCB",19-08-2026 10:00:00,29.307814,76.337619,OZONE,8,12,11
India,Haryana,Kaithal,"Rishi Nagar, Kaithal - HSPCB",19-08-2026 10:00:00,29.8006,76.4155,PM10,10,124,75
India,Haryana,Karnal,"Sector-12, Karnal - HSPCB",19-08-2026 10:00:00,29.6953,77.0027,CO,42,56,50
India,Haryana,Kurukshetra,"Sector-7, Kurukshetra - HSPCB",19-08-2026 10:00:00,29.966942,76.875879,PM10,37,79,56
India,Haryana,Manesar,"Sector-2 IMT, Manesar - HSPCB",19-08-2026 10:00:00,28.360699,76.93609,PM10,66,108,88
India,Himachal Pradesh,Baddi,"HIMUDA Complex Phase-1, Baddi - HPPCB",19-08-2026 10:00:00,30.943887,76.801991,NH3,3,5,4
India,Jammu and Kashmir,Pampore,"Khrew, Pampore - JKPCC",19-08-2026 10:00:00,34.031606,75.009712,PM2.5,19,60,42
India,Jammu and Kashmir,Pampore,"Khrew, Pampore - JKPCC",19-08-2026 10:00:00,34.031606,75.009712,OZONE,NA,NA,NA
India,Jammu and Kashmir,Srinagar,"Rajbagh, Srinagar - JKPCC",19-08-2026 10:00:00,34.066206,74.81982,NO2,19,20,19
India,Jharkhand,Dhanbad,"Sardar Patel Nagar, Dhanbad - JSPCB",19-08-2026 10:00:00,23.80569,86.44268,PM2.5,NA,NA,NA
India,Jharkhand,Dhanbad,"Sardar Patel Nagar, Dhanbad - JSPCB",19-08-2026 10:00:00,23.80569,86.44268,NH3,NA,NA,NA
India,Jharkhand,Dhanbad,"Sardar Patel Nagar, Dhanbad - JSPCB",19-08-2026 10:00:00,23.80569,86.44268,SO2,NA,NA,NA
India,Jharkhand,Jorapokhar,"Tata Stadium, Jorapokhar - JSPCB",19-08-2026 10:00:00,23.707909,86.41467,SO2,21,21,21
India,Jharkhand,Jorapokhar,"Tata Stadium, Jorapokhar - JSPCB",19-08-2026 10:00:00,23.707909,86.41467,CO,37,40,39
India,Karnataka,Belgaum,"Ramteerth Nagar, Belgaum - KSPCB",19-08-2026 10:00:00,15.888653,74.541751,PM2.5,4,21,12
India,Karnataka,Belgaum,"Ramteerth Nagar, Belgaum - KSPCB",19-08-2026 10:00:00,15.888653,74.541751,PM10,5,28,15
India,Karnataka,Bengaluru,"Jigani, Bengaluru - KSPCB",19-08-2026 10:00:00,12.7816279,77.6299145,PM10,47,78,62
India,Karnataka,Bengaluru,"Jigani, Bengaluru - KSPCB",19-08-2026 10:00:00,12.7816279,77.6299145,NO2,18,19,18
India,Karnataka,Bengaluru,"Jigani, Bengaluru - KSPCB",19-08-2026 10:00:00,12.7816279,77.6299145,NH3,3,3,3
India,Karnataka,Hubballi,"Lingaraj Nagar, Hubballi - KSPCB",19-08-2026 10:00:00,15.3714823,75.1160168,OZONE,24,24,24
India,Karnataka,Kalaburagi,"Lal Bahadur Shastri Nagar, Kalaburagi - KSPCB",19-08-2026 10:00:00,17.321993,76.822628,PM2.5,NA,NA,NA
India,Karnataka,Kalaburagi,"Mahatma Basaveswar Colony, Kalaburgi - KSPCB",19-08-2026 10:00:00,17.336318,76.847397,NH3,2,3,2
India,Karnataka,Kalaburagi,"Mahatma Basaveswar Colony, Kalaburgi - KSPCB",19-08-2026 10:00:00,17.336318,76.847397,SO2,1,4,2
India,Karnataka,Karwar,"KHB Colony, Karwar - KSPCB",19-08-2026 10:00:00,14.816666,74.141003,PM10,5,25,14
India,Karnataka,Karwar,"KHB Colony, Karwar - KSPCB",19-08-2026 10:00:00,14.816666,74.141003,CO,NA,NA,NA
India,Karnataka,Madikeri,"Stuart Hill, Madikeri - KSPCB",19-08-2026 10:00:00,12.415911,75.73505,NO2,2,2,2
India,Karnataka,Madikeri,"Stuart Hill, Madikeri - KSPCB",19-08-2026 10:00:00,12.415911,75.73505,SO2,7,7,7
India,Karnataka,Madikeri,"Stuart Hill, Madikeri - KSPCB",19-08-2026 10:00:00,12.415911,75.73505,OZONE,2,6,3
India,Karnataka,Mangalore,"Kadri, Mangalore - KSPCB",19-08-2026 10:00:00,12.88925,74.853,NH3,0,2,1
India,Karnataka,Mysuru,"Hebbal 1st Stage, Mysuru - KSPCB",19-08-2026 10:00:00,12.21041,76.37376,PM2.5,13,31,21
India,Karnataka,Mysuru,"Hebbal 1st Stage, Mysuru - KSPCB",19-08-2026 10:00:00,12.21041,76.37376,NH3,3,6,5
India,Karnataka,Ramanagara,"Vijay Nagar, Ramanagara - KSPCB",19-08-2026 10:00:00,12.733409,77.298051,PM2.5,5,25,14
India,Karnataka,Ramanagara,"Vijay Nagar, Ramanagara - KSPCB",19-08-2026 10:00:00,12.733409,77.298051,NH3,NA,NA,NA
India,Madhya Pradesh,Bhopal,"Idgah Hills, Bhopal - MPPCB",19-08-2026 10:00:00,23.264759,77.381568,NO2,7,25,16
India,Madhya Pradesh,Bhopal,"Idgah Hills, Bhopal - MPPCB",19-08-2026 10:00:00,23.264759,77.381568,NH3,2,3,3
India,Madhya Pradesh,Bhopal,"Idgah Hills, Bhopal - MPPCB",19-08-2026 10:00:00,23.264759,77.381568,CO,2,23,9
India,Madhya Pradesh,Bhopal,"T T Nagar, Bhopal - MPPCB",19-08-2026 10:00:00,23.233584,77.400574,PM10,36,88,62
India,Madhya Pradesh,Damoh,"Shrivastav Colony, Damoh - MPPCB",19-08-2026 10:00:00,23.81748678,79.446246,NO2,5,6,6
India,Madhya Pradesh,Damoh,"Shrivastav Colony, Damoh - MPPCB",19-08-2026 10:00:00,23.81748678,79.446246,NH3,NA,NA,NA
India,Madhya Pradesh,Dewas,"Bhopal Chauraha, Dewas - MPPCB",19-08-2026 10:00:00,22.9682591,76.064118,NO2,43,74,54
India,Madhya Pradesh,Dewas,"Bhopal Chauraha, Dewas - MPPCB",19-08-2026 10:00:00,22.9682591,76.064118,CO,11,22,15
India,Madhya Pradesh,Dewas,"Bhopal Chauraha, Dewas - MPPCB",19-08-2026 10:00:00,22.9682591,76.064118,OZONE,42,135,55
India,Madhya Pradesh,Gwalior,"Maharaj Bada, Gwalior - MPPCB",19-08-2026 10:00:00,26.200388,78.147714,NO2,11,29,17
India,Madhya Pradesh,Gwalior,"Maharaj Bada, Gwalior - MPPCB",19-08-2026 10:00:00,26.200388,78.147714,NH3,0,4,2
India,Madhya Pradesh,Gwalior,"Maharaj Bada, Gwalior - MPPCB",19-08-2026 10:00:00,26.200388,78.147714,OZONE,24,31,26
India,Madhya Pradesh,Gwalior,"City Center, Gwalior - MPPCB",19-08-2026 10:00:00,26.203442,78.193251,NH3,1,3,2
India,Madhya Pradesh,Indore,"Regional Park, Indore - IMC",19-08-2026 10:00:00,22.678,75.8559,PM2.5,18,36,26
India,Madhya Pradesh,Indore,"Maguda Nagar, Indore - IMC",19-08-2026 10:00:00,22.7524,75.8872,NO2,1,4,2
India,Madhya Pradesh,Indore,"Residency Area, Indore - IMC",19-08-2026 10:00:00,22.7084,75.8815,NO2,NA,NA,NA
India,Madhya Pradesh,Indore,"Residency Area, Indore - IMC",19-08-2026 10:00:00,22.7084,75.8815,SO2,3,3,3
India,Madhya Pradesh,Jabalpur,"Gupteshwar, Jabalpur - JMC",19-08-2026 10:00:00,23.142888,79.916147,NH3,4,5,5
India,Madhya Pradesh,Jabalpur,"Suhagi, Jabalpur - JMC",19-08-2026 10:00:00,23.218135,79.95777,NO2,36,44,40
India,Madhya Pradesh,Jabalpur,"Suhagi, Jabalpur - JMC",19-08-2026 10:00:00,23.218135,79.95777,CO,31,35,32
India,Madhya Pradesh,Mandideep,"Sector-D Industrial Area, Mandideep - MPPCB",19-08-2026 10:00:00,23.10844,77.511428,PM10,47,117,82
India,Madhya Pradesh,Pithampur,"Sector-2 Industrial Area, Pithampur - MPPCB",19-08-2026 10:00:00,22.624758,75.675238,PM10,96,223,121
India,Karnataka,Bengaluru,"Hebbal, Bengaluru - KSPCB",19-08-2026 10:00:00,13.029152,77.585901,NH3,2,2,2
India,Karnataka,Bengaluru,"Silk Board, Bengaluru - KSPCB",19-08-2026 10:00:00,12.917348,77.622813,SO2,19,23,21
India,Karnataka,Bengaluru,"Bapuji Nagar, Bengaluru - KSPCB",19-08-2026 10:00:00,12.951913,77.539784,PM2.5,22,36,29
India,Karnataka,Bengaluru,"Bapuji Nagar, Bengaluru - KSPCB",19-08-2026 10:00:00,12.951913,77.539784,NO2,25,29,27
India,Karnataka,Chikkaballapur,"Chikkaballapur Rural, Chikkaballapur - KSPCB",19-08-2026 10:00:00,13.428828,77.731418,PM2.5,10,277,29
India,Karnataka,Chikkamagaluru,"Kalyana Nagara, Chikkamagaluru - KSPCB",19-08-2026 10:00:00,13.328028,75.797056,NO2,17,25,21
India,Karnataka,Gadag,"Panchal Nagar, Gadag - KSPCB",19-08-2026 10:00:00,15.411456,75.638133,PM10,62,123,94
India,Karnataka,Bengaluru,"Jayanagar 5th Block, Bengaluru - KSPCB",19-08-2026 10:00:00,12.920984,77.584908,PM2.5,22,364,62
India,Karnataka,Bengaluru,"Jayanagar 5th Block, Bengaluru - KSPCB",19-08-2026 10:00:00,12.920984,77.584908,PM10,31,420,77
India,Karnataka,Bengaluru,"Hombegowda Nagar, Bengaluru - KSPCB",19-08-2026 10:00:00,12.938539,77.5901,NO2,13,31,19
India,Karnataka,Bengaluru,"Peenya, Bengaluru - CPCB",19-08-2026 10:00:00,13.0270199,77.494094,SO2,5,20,10
India,Karnataka,Bengaluru,"Shivapura_Peenya, Bengaluru - KSPCB",19-08-2026 10:00:00,13.0246342,77.5080115,PM10,NA,NA,NA
India,Karnataka,Bengaluru,"Kasturi Nagar, Bengaluru - KSPCB",19-08-2026 10:00:00,13.003872,77.664217,CO,51,63,56
India,Karnataka,Bengaluru,"Hebbal, Bengaluru - KSPCB",19-08-2026 10:00:00,13.029152,77.585901,NO2,13,19,18
India,Maharashtra,Ahmednagar,"Tarakpur, Ahmednagar - MPCB",19-08-2026 10:00:00,19.10122,74.73339,NO2,5,28,10
India,Maharashtra,Akola,"Ramdaspeth, Akola - MPCB",19-08-2026 10:00:00,20.719516,77.000253,SO2,1,8,4
India,Maharashtra,Ambernath,"Chinchpada, Ambernath - MPCB",19-08-2026 10:00:00,19.215784,73.199781,PM2.5,20,50,33
India,Maharashtra,Ambernath,"Chinchpada, Ambernath - MPCB",19-08-2026 10:00:00,19.215784,73.199781,PM10,46,117,76
India,Maharashtra,Ambernath,"Chinchpada, Ambernath - MPCB",19-08-2026 10:00:00,19.215784,73.199781,NO2,8,15,11
India,Maharashtra,Ambernath,"Chinchpada, Ambernath - MPCB",19-08-2026 10:00:00,19.215784,73.199781,SO2,25,30,27
India,Maharashtra,Amravati,"Shri Shivaji Science College, Amravati - MPCB",19-08-2026 10:00:00,20.939198,77.765701,PM10,34,51,42
India,Maharashtra,Amravati,"Shri Shivaji Science College, Amravati - MPCB",19-08-2026 10:00:00,20.939198,77.765701,SO2,2,4,3
India,Maharashtra,Amravati,"Shivneri Colony, Amravati - MPCB",19-08-2026 10:00:00,20.9402359,77.7895248,NO2,4,13,7
India,Maharashtra,Amravati,"Shivneri Colony, Amravati - MPCB",19-08-2026 10:00:00,20.9402359,77.7895248,CO,5,13,8
India,Maharashtra,Aurangabad,"Rachnakar Colony, Aurangabad - MPCB",19-08-2026 10:00:00,19.863756,75.321188,PM2.5,20,52,39
India,Maharashtra,Aurangabad,"Rachnakar Colony, Aurangabad - MPCB",19-08-2026 10:00:00,19.863756,75.321188,NH3,1,2,1
India,Maharashtra,Aurangabad,"Rachnakar Colony, Aurangabad - MPCB",19-08-2026 10:00:00,19.863756,75.321188,SO2,4,5,5
India,Maharashtra,Badlapur,"Katrap, Badlapur - MPCB",19-08-2026 10:00:00,19.16485,73.23409,PM10,15,16,16
India,Maharashtra,Badlapur,"Katrap, Badlapur - MPCB",19-08-2026 10:00:00,19.16485,73.23409,NO2,15,18,16
India,Maharashtra,Beed,"Bir, Beed - MPCB",19-08-2026 10:00:00,18.988474,75.753873,NO2,5,19,10
India,Maharashtra,Beed,"Bir, Beed - MPCB",19-08-2026 10:00:00,18.988474,75.753873,NH3,2,3,2
India,Maharashtra,Beed,"Bir, Beed - MPCB",19-08-2026 10:00:00,18.988474,75.753873,SO2,5,9,7
India,Maharashtra,Beed,"Bir, Beed - MPCB",19-08-2026 10:00:00,18.988474,75.753873,CO,6,14,10
India,Maharashtra,Beed,"Bir, Beed - MPCB",19-08-2026 10:00:00,18.988474,75.753873,OZONE,8,13,10
India,Maharashtra,Belapur,"CBD Belapur, Belapur - MPCB",19-08-2026 10:00:00,19.0243902,73.0406721,NH3,1,5,3
India,Maharashtra,Belapur,"CBD Belapur, Belapur - MPCB",19-08-2026 10:00:00,19.0243902,73.0406721,CO,20,28,24
India,Maharashtra,Bhiwandi,"Gokul Nagar, Bhiwandi - MPCB",19-08-2026 10:00:00,19.309073,73.057223,PM2.5,25,45,32
India,Maharashtra,Bhiwandi,"Gokul Nagar, Bhiwandi - MPCB",19-08-2026 10:00:00,19.309073,73.057223,NH3,3,16,9
India,Maharashtra,Boisar,"Khaira, Boisar - MPCB",19-08-2026 10:00:00,19.786089,72.757971,PM10,33,47,39
India,Maharashtra,Boisar,"Khaira, Boisar - MPCB",19-08-2026 10:00:00,19.786089,72.757971,CO,25,31,28
India,Maharashtra,Boisar,"Khaira, Boisar - MPCB",19-08-2026 10:00:00,19.786089,72.757971,OZONE,5,14,9
India,Maharashtra,Chandrapur,"Chauhan Colony, Chandrapur - MPCB",19-08-2026 10:00:00,19.9629,79.298714,NO2,11,15,12
India,Maharashtra,Dhule,"Deopur, Dhule - MPCB",19-08-2026 10:00:00,20.918946,74.776388,PM2.5,23,36,28
India,Maharashtra,Dhule,"Deopur, Dhule - MPCB",19-08-2026 10:00:00,20.918946,74.776388,SO2,0,6,2
India,Maharashtra,Dhule,"Deopur, Dhule - MPCB",19-08-2026 10:00:00,20.918946,74.776388,OZONE,8,9,9
India,Maharashtra,Dombivli,"Kalu Nagar, Dombivli - MPCB",19-08-2026 10:00:00,19.2268427,73.0788456,PM10,10,27,17
India,Maharashtra,Dombivli,"Kalu Nagar, Dombivli - MPCB",19-08-2026 10:00:00,19.2268427,73.0788456,NO2,4,17,9
India,Maharashtra,Dombivli,"Kalu Nagar, Dombivli - MPCB",19-08-2026 10:00:00,19.2268427,73.0788456,OZONE,29,33,31
India,Maharashtra,Jalgaon,"Prabhat Colony, Jalgaon - MPCB",19-08-2026 10:00:00,21.001264,75.565602,PM10,20,109,42
India,Maharashtra,Jalgaon,"Prabhat Colony, Jalgaon - MPCB",19-08-2026 10:00:00,21.001264,75.565602,OZONE,7,13,10
India,Maharashtra,Jalna,"Old MIDC, Jalna - MPCB",19-08-2026 10:00:00,19.854616,75.905894,NO2,13,23,18
India,Maharashtra,Mumbai,"Worli, Mumbai - MPCB",19-08-2026 10:00:00,18.9936162,72.8128113,CO,31,42,37
India,Maharashtra,Mumbai,"Navy Nagar-Colaba, Mumbai - IITM",19-08-2026 10:00:00,18.897756,72.81332,PM10,53,83,66
India,Maharashtra,Mumbai,"Chembur, Mumbai - MPCB",19-08-2026 10:00:00,19.0364585,72.8954371,NO2,9,17,13
India,Maharashtra,Mumbai,"Sewri, Mumbai - BMC",19-08-2026 10:00:00,19.000084,72.85673,NO2,NA,NA,NA
India,Maharashtra,Mumbai,"Malad West, Mumbai - IITM",19-08-2026 10:00:00,19.19709,72.82204,NH3,2,3,3
India,Maharashtra,Mumbai,"Malad West, Mumbai - IITM",19-08-2026 10:00:00,19.19709,72.82204,OZONE,7,11,10
India,Maharashtra,Mumbai,"Borivali East, Mumbai - IITM",19-08-2026 10:00:00,19.23241,72.86895,PM10,44,70,56
India,Maharashtra,Mumbai,"Borivali East, Mumbai - IITM",19-08-2026 10:00:00,19.23241,72.86895,NH3,3,4,3
India,Maharashtra,Mumbai,"Mazgaon, Mumbai - IITM",19-08-2026 10:00:00,18.96702,72.84214,PM2.5,12,50,23
India,Maharashtra,Mumbai,"Mazgaon, Mumbai - IITM",19-08-2026 10:00:00,18.96702,72.84214,NO2,23,38,29
India,Maharashtra,Mumbai,"Chakala-Andheri East, Mumbai - IITM",19-08-2026 10:00:00,19.11074,72.86084,PM2.5,20,39,27
India,Maharashtra,Mumbai,"Chakala-Andheri East, Mumbai - IITM",19-08-2026 10:00:00,19.11074,72.86084,NO2,4,8,6
India,Maharashtra,Mumbai,"Bandra Kurla Complex, Mumbai - IITM",19-08-2026 10:00:00,19.053536,72.84643,PM2.5,NA,NA,NA
India,Maharashtra,Mumbai,"Sion, Mumbai - MPCB",19-08-2026 10:00:00,19.047,72.8746,NO2,46,81,61
India,Maharashtra,Mumbai,"Borivali East, Mumbai - MPCB",19-08-2026 10:00:00,19.2243333,72.8658113,PM10,5,35,21
India,Maharashtra,Mumbai,"Borivali East, Mumbai - MPCB",19-08-2026 10:00:00,19.2243333,72.8658113,CO,9,10,9
India,Maharashtra,Mumbai,"Siddharth Nagar-Worli, Mumbai - IITM",19-08-2026 10:00:00,19.000083,72.813993,NH3,1,1,1
India,Maharashtra,Mumbai,"Bandra Kurla Complex, Mumbai - MPCB",19-08-2026 10:00:00,19.065931,72.862131,PM10,36,51,43
India,Maharashtra,Mumbai,"Bandra Kurla Complex, Mumbai - MPCB",19-08-2026 10:00:00,19.065931,72.862131,NH3,7,7,7
India,Maharashtra,Mumbai,"Bandra Kurla Complex, Mumbai - MPCB",19-08-2026 10:00:00,19.065931,72.862131,OZONE,15,27,24
India,Maharashtra,Mumbai,"Kherwadi_Bandra East, Mumbai - MPCB",19-08-2026 10:00:00,19.0632143,72.8456324,SO2,1,5,3
India,Maharashtra,Mumbai,"Kherwadi_Bandra East, Mumbai - MPCB",19-08-2026 10:00:00,19.0632143,72.8456324,CO,29,33,31
India,Maharashtra,Mumbai,"Byculla, Mumbai - BMC",19-08-2026 10:00:00,18.9767,72.838,NH3,1,3,2
India,Maharashtra,Mumbai,"Byculla, Mumbai - BMC",19-08-2026 10:00:00,18.9767,72.838,OZONE,3,8,6
India,Maharashtra,Mumbai,"Mindspace-Malad West, Mumbai - MPCB",19-08-2026 10:00:00,19.1878657,72.8304069,PM2.5,12,13,13
India,Maharashtra,Mumbai,"Mindspace-Malad West, Mumbai - MPCB",19-08-2026 10:00:00,19.1878657,72.8304069,PM10,27,30,30
India,Maharashtra,Mumbai,"Mindspace-Malad West, Mumbai - MPCB",19-08-2026 10:00:00,19.1878657,72.8304069,NO2,15,18,16
India,Maharashtra,Navi Mumbai,"Mahape, Navi Mumbai - MPCB",19-08-2026 10:00:00,19.1135051,73.008978,PM2.5,5,30,20
India,Maharashtra,Navi Mumbai,"Mahape, Navi Mumbai - MPCB",19-08-2026 10:00:00,19.1135051,73.008978,SO2,14,15,15
India,Maharashtra,Navi Mumbai,"Nerul, Navi Mumbai - MPCB",19-08-2026 10:00:00,19.008751,73.01662,PM2.5,8,60,21
India,Maharashtra,Pimpri-Chinchwad,"Gavalinagar, Pimpri Chinchwad - MPCB",19-08-2026 10:00:00,18.63673,73.82487,PM2.5,20,46,32
India,Maharashtra,Pimpri-Chinchwad,"Gavalinagar, Pimpri Chinchwad - MPCB",19-08-2026 10:00:00,18.63673,73.82487,SO2,1,2,1
India,Maharashtra,Pimpri-Chinchwad,"Bhosari, Pune - IITM",19-08-2026 10:00:00,18.640051,73.848956,OZONE,9,18,15
India,Maharashtra,Pimpri-Chinchwad,"Transport Nagar-Nigdi, Pune - IITM",19-08-2026 10:00:00,18.664282,73.763966,PM10,46,85,62
India,Maharashtra,Pimpri-Chinchwad,"Park Street Wakad, Pimpri Chinchwad - MPCB",19-08-2026 10:00:00,18.59051,73.77946,PM10,15,52,29
India,Maharashtra,Pimpri-Chinchwad,"Park Street Wakad, Pimpri Chinchwad - MPCB",19-08-2026 10:00:00,18.59051,73.77946,NH3,1,2,1
India,Maharashtra,Pimpri-Chinchwad,"Savta Mali Nagar, Pimpri-Chinchwad - IITM",19-08-2026 10:00:00,18.614767,73.799516,CO,25,36,30
India,Maharashtra,Pune,"Katraj Dairy, Pune - MPCB",19-08-2026 10:00:00,18.45445,73.854155,NO2,9,11,10
India,Maharashtra,Mumbai,"Bandra Kurla Complex, Mumbai - IITM",19-08-2026 10:00:00,19.053536,72.84643,SO2,NA,NA,NA
India,Maharashtra,Mumbai,"Kurla, Mumbai - MPCB",19-08-2026 10:00:00,19.0863,72.8888,PM10,26,106,48
India,Maharashtra,Mumbai,"Kurla, Mumbai - MPCB",19-08-2026 10:00:00,19.0863,72.8888,CO,25,25,25
India,Maharashtra,Mumbai,"Kurla, Mumbai - MPCB",19-08-2026 10:00:00,19.0863,72.8888,OZONE,28,29,28
India,Maharashtra,Mumbai,"Ghatkopar, Mumbai - BMC",19-08-2026 10:00:00,19.083694,72.920967,NO2,1,17,8
India,Maharashtra,Mumbai,"Ghatkopar, Mumbai - BMC",19-08-2026 10:00:00,19.083694,72.920967,OZONE,3,12,6
India,Maharashtra,Mumbai,"Deonar, Mumbai - IITM",19-08-2026 10:00:00,19.04946,72.923,PM10,18,46,32
India,Maharashtra,Mumbai,"Chhatrapati Shivaji Intl. Airport (T2), Mumbai - MPCB",19-08-2026 10:00:00,19.10078,72.87462,PM2.5,24,40,32
India,Maharashtra,Nagpur,"Mahal, Nagpur - MPCB",19-08-2026 10:00:00,21.14472,79.107595,NO2,5,19,11
India,Maharashtra,Nagpur,"Opp GPO Civil Lines, Nagpur - MPCB",19-08-2026 10:00:00,21.152875,79.0517531,SO2,2,8,6
India,Maharashtra,Nagpur,"Ambazari, Nagpur - MPCB",19-08-2026 10:00:00,21.121801,79.04952,PM2.5,25,44,34
India,Maharashtra,Kalyan,"Khadakpada, Kalyan - MPCB",19-08-2026 10:00:00,19.25292,73.142019,NH3,1,1,1
India,Maharashtra,Kalyan,"Khadakpada, Kalyan - MPCB",19-08-2026 10:00:00,19.25292,73.142019,OZONE,8,8,8
India,Maharashtra,Kolhapur,"Sinchan Bhavan, Kolhapur - MPCB",19-08-2026 10:00:00,16.7143745,74.2426398,NH3,0,3,1
India,Maharashtra,Kolhapur,"Shivaji University, Kolhapur - MPCB",19-08-2026 10:00:00,16.6870449,74.2505872,PM2.5,22,34,27
India,Maharashtra,Kolhapur,"Shivaji University, Kolhapur - MPCB",19-08-2026 10:00:00,16.6870449,74.2505872,NO2,3,19,11
India,Maharashtra,Kolhapur,"Shivaji University, Kolhapur - MPCB",19-08-2026 10:00:00,16.6870449,74.2505872,OZONE,10,16,12
India,Maharashtra,Mahad,"Kamble Tarf Birwadi, Mahad - MPCB",19-08-2026 10:00:00,18.1023399,73.4783687,CO,22,33,31
India,Maharashtra,Mahad,"Kamble Tarf Birwadi, Mahad - MPCB",19-08-2026 10:00:00,18.1023399,73.4783687,OZONE,5,5,5
India,Maharashtra,Malegaon,"Mahesh Nagar, Malegaon - MPCB",19-08-2026 10:00:00,20.555712,74.529236,CO,2,11,5
India,Maharashtra,Mira-Bhayandar,"Bhayandar West, Mira-Bhayandar - MPCB",19-08-2026 10:00:00,19.296481,72.840923,NO2,3,15,4
India,Maharashtra,Mira-Bhayandar,"Bhayandar West, Mira-Bhayandar - MPCB",19-08-2026 10:00:00,19.296481,72.840923,NH3,0,27,2
India,Maharashtra,Nagpur,"Ambazari, Nagpur - MPCB",19-08-2026 10:00:00,21.121801,79.04952,NH3,2,4,3
India,Maharashtra,Nanded,"Sneh Nagar, Nanded - MPCB",19-08-2026 10:00:00,19.173852,77.296291,PM2.5,24,41,31
India,Maharashtra,Nashik,"Gangapur Road, Nashik - MPCB",19-08-2026 10:00:00,20.0073285,73.7762427,PM2.5,13,41,23
India,Maharashtra,Nashik,"Gangapur Road, Nashik - MPCB",19-08-2026 10:00:00,20.0073285,73.7762427,OZONE,19,20,19
India,Maharashtra,Nashik,"Hirawadi, Nashik - MPCB",19-08-2026 10:00:00,20.021503,73.813844,NO2,1,3,2
India,Maharashtra,Nashik,"Hirawadi, Nashik - MPCB",19-08-2026 10:00:00,20.021503,73.813844,NH3,2,3,3
India,Maharashtra,Nashik,"Hirawadi, Nashik - MPCB",19-08-2026 10:00:00,20.021503,73.813844,SO2,27,32,30
India,Maharashtra,Nashik,"Hirawadi, Nashik - MPCB",19-08-2026 10:00:00,20.021503,73.813844,OZONE,14,16,15
India,Maharashtra,Navi Mumbai,"Kopripada-Vashi, Navi Mumbai - MPCB",19-08-2026 10:00:00,19.090337,73.014232,NO2,5,11,8
India,Maharashtra,Navi Mumbai,"Sanpada, Navi Mumbai - MPCB",19-08-2026 10:00:00,19.0575752,73.0151367,CO,5,23,10
India,Madhya Pradesh,Ratlam,"Shasthri Nagar, Ratlam - IPCA Lab",19-08-2026 10:00:00,23.331731,75.045981,CO,NA,NA,NA
India,Madhya Pradesh,Sagar,"Civil Lines, Sagar - MPPCB",19-08-2026 10:00:00,23.838586,78.759431,NH3,2,2,2
India,Madhya Pradesh,Sagar,"Civil Lines, Sagar - MPPCB",19-08-2026 10:00:00,23.838586,78.759431,CO,13,20,16
India,Madhya Pradesh,Satna,"Bandhavgar Colony, Satna - Birla Cement",19-08-2026 10:00:00,24.58434363,80.8549414,PM2.5,49,52,50
India,Madhya Pradesh,Singrauli,"Suryakiran Bhawan NCL, Singrauli - MPPCB",19-08-2026 10:00:00,24.10897,82.64558,PM10,7,23,15
India,Madhya Pradesh,Ujjain,"Mahashweta Nagar, Ujjain - MPPCB",19-08-2026 10:00:00,23.1633321,75.800225,CO,28,40,34
India,Rajasthan,Jodhpur,"Mandor, Jodhpur - RSPCB",19-08-2026 10:00:00,26.358805,73.047444,OZONE,39,50,43
India,Rajasthan,Jodhpur,"Collectorate, Jodhpur - RSPCB",19-08-2026 10:00:00,26.268249,73.0193853,CO,5,68,32
India,Rajasthan,Jodhpur,"Collectorate, Jodhpur - RSPCB",19-08-2026 10:00:00,26.268249,73.0193853,OZONE,12,16,14
India,Rajasthan,Jodhpur,"Samrat Ashok Udhyan, Jodhpur - RSPCB",19-08-2026 10:00:00,26.253384,72.976571,NH3,2,2,2
India,Rajasthan,Karauli,"Satyawati Vihar, Karauli - RSPCB",19-08-2026 10:00:00,26.506177,77.025989,PM10,44,86,60
India,Rajasthan,Karauli,"Satyawati Vihar, Karauli - RSPCB",19-08-2026 10:00:00,26.506177,77.025989,NO2,21,58,40
India,Rajasthan,Karauli,"Satyawati Vihar, Karauli - RSPCB",19-08-2026 10:00:00,26.506177,77.025989,NH3,7,14,10
India,Rajasthan,Karauli,"Satyawati Vihar, Karauli - RSPCB",19-08-2026 10:00:00,26.506177,77.025989,OZONE,3,5,4
India,Rajasthan,Khairthal,"New Anaj Mandi, Khairthal - RSPCB",19-08-2026 10:00:00,27.8015617,76.6365217,PM10,109,130,118
India,Rajasthan,Kota,"Shrinath Puram, Kota - RSPCB",19-08-2026 10:00:00,25.14389,75.821256,NO2,2,24,12
India,Rajasthan,Kota,"Shrinath Puram, Kota - RSPCB",19-08-2026 10:00:00,25.14389,75.821256,SO2,9,10,9
India,Rajasthan,Kota,"Shrinath Puram, Kota - RSPCB",19-08-2026 10:00:00,25.14389,75.821256,OZONE,1,1,1
India,Rajasthan,Nagaur,"Karni Colony, Nagaur - RSPCB",19-08-2026 10:00:00,27.213494,73.734444,OZONE,14,32,19
India,Rajasthan,Pali,"Indira Colony Vistar, Pali - RSPCB",19-08-2026 10:00:00,25.771061,73.340227,PM10,104,150,126
India,Rajasthan,Pali,"Indira Colony Vistar, Pali - RSPCB",19-08-2026 10:00:00,25.771061,73.340227,NH3,2,13,7
India,Rajasthan,Pali,"Indira Colony Vistar, Pali - RSPCB",19-08-2026 10:00:00,25.771061,73.340227,CO,24,56,42
India,Rajasthan,Pratapgarh,"Pragati Nagar, Pratapgarh - RSPCB",19-08-2026 10:00:00,24.041198,74.780702,PM2.5,35,65,47
India,Rajasthan,Pratapgarh,"Pragati Nagar, Pratapgarh - RSPCB",19-08-2026 10:00:00,24.041198,74.780702,NO2,6,13,9
India,Rajasthan,Pratapgarh,"Pragati Nagar, Pratapgarh - RSPCB",19-08-2026 10:00:00,24.041198,74.780702,CO,9,13,11
India,Rajasthan,Bhiwadi,"Vasundhara Nagar_UIT, Bhiwadi - RSPCB",19-08-2026 10:00:00,28.207266,76.829265,CO,29,63,42
India,Rajasthan,Bundi,"New Colony, Bundi - RSPCB",19-08-2026 10:00:00,25.435774,75.644272,CO,10,20,15
India,Rajasthan,Chittorgarh,"Shastri Nagar, Chittorgarh - RSPCB",19-08-2026 10:00:00,24.892047,74.623527,PM2.5,8,140,76
India,Rajasthan,Chittorgarh,"Shastri Nagar, Chittorgarh - RSPCB",19-08-2026 10:00:00,24.892047,74.623527,NH3,NA,NA,NA
India,Rajasthan,Churu,"Subash Chowk, Churu - RSPCB",19-08-2026 10:00:00,28.296139,74.961696,NH3,NA,NA,NA
India,Rajasthan,Dausa,"Khatikan Mohalla, Dausa - RSPCB",19-08-2026 10:00:00,26.895552,76.334753,NH3,0,12,8
India,Rajasthan,Dholpur,"Raja Ganj, Dholpur - RSPCB",19-08-2026 10:00:00,26.699557,77.898881,PM2.5,18,23,21
India,Rajasthan,Dholpur,"Raja Ganj, Dholpur - RSPCB",19-08-2026 10:00:00,26.699557,77.898881,NH3,3,15,6
India,Rajasthan,Dholpur,"Raja Ganj, Dholpur - RSPCB",19-08-2026 10:00:00,26.699557,77.898881,CO,19,27,22
India,Rajasthan,Dholpur,"Raja Ganj, Dholpur - RSPCB",19-08-2026 10:00:00,26.699557,77.898881,OZONE,11,19,16
India,Rajasthan,Jaipur,"Mansarovar Sector-12, Jaipur - RSPCB",19-08-2026 10:00:00,26.843698,75.766894,NO2,6,34,18
India,Rajasthan,Jaipur,"Sector-2 Murlipura, Jaipur - RSPCB",19-08-2026 10:00:00,26.960669,75.771817,PM2.5,6,174,40
India,Rajasthan,Jaipur,"Sector-2 Murlipura, Jaipur - RSPCB",19-08-2026 10:00:00,26.960669,75.771817,CO,43,95,67
India,Rajasthan,Jaipur,"Police Commissionerate, Jaipur - RSPCB",19-08-2026 10:00:00,26.9164092,75.7994901,PM10,27,122,89
India,Rajasthan,Jaipur,"Police Commissionerate, Jaipur - RSPCB",19-08-2026 10:00:00,26.9164092,75.7994901,NO2,13,57,36
India,Rajasthan,Jaipur,"Police Commissionerate, Jaipur - RSPCB",19-08-2026 10:00:00,26.9164092,75.7994901,OZONE,29,32,30
India,Rajasthan,Jaipur,"Shastri Nagar, Jaipur - RSPCB",19-08-2026 10:00:00,26.9502929,75.730943,OZONE,7,13,11
India,Rajasthan,Jaipur,"Adarsh Nagar, Jaipur - RSPCB",19-08-2026 10:00:00,26.902909,75.836858,SO2,NA,NA,NA
India,Rajasthan,Jaisalmer,"Sadar Bazar, Jaisalmer - RSPCB",19-08-2026 10:00:00,26.912329,70.909168,PM2.5,20,68,39
India,Rajasthan,Jaisalmer,"Sadar Bazar, Jaisalmer - RSPCB",19-08-2026 10:00:00,26.912329,70.909168,NO2,2,12,6
India,Rajasthan,Jalore,"Mudtra Sili, Jalore - RSPCB",19-08-2026 10:00:00,25.344694,72.626208,PM10,60,107,82
India,Rajasthan,Jalore,"Mudtra Sili, Jalore - RSPCB",19-08-2026 10:00:00,25.344694,72.626208,SO2,3,117,30
India,Rajasthan,Jalore,"Mudtra Sili, Jalore - RSPCB",19-08-2026 10:00:00,25.344694,72.626208,OZONE,15,28,23
India,Rajasthan,Jhalawar,"Rajlaxmi Nagar, Jhalawar - RSPCB",19-08-2026 10:00:00,24.588397,76.172782,PM2.5,25,65,40
India,Rajasthan,Jhalawar,"Rajlaxmi Nagar, Jhalawar - RSPCB",19-08-2026 10:00:00,24.588397,76.172782,NO2,18,39,26
India,Rajasthan,Jhunjhunu,"Indra Nagar, Jhunjhunu - RSPCB",19-08-2026 10:00:00,28.108988,75.386577,CO,5,23,12
India,Rajasthan,Jhunjhunu,"Indra Nagar, Jhunjhunu - RSPCB",19-08-2026 10:00:00,28.108988,75.386577,OZONE,35,50,43
India,Rajasthan,Jodhpur,"Digari Kalan, Jodhpur - RSPCB",19-08-2026 10:00:00,26.29581,73.082283,PM10,70,117,96
India,Rajasthan,Jodhpur,"Jhalamand, Jodhpur - RSPCB",19-08-2026 10:00:00,26.215415,73.070156,NO2,3,11,5
India,Rajasthan,Jodhpur,"Mandor, Jodhpur - RSPCB",19-08-2026 10:00:00,26.358805,73.047444,PM2.5,20,43,31
India,Rajasthan,Jodhpur,"Mandor, Jodhpur - RSPCB",19-08-2026 10:00:00,26.358805,73.047444,NO2,1,11,5
India,Meghalaya,Shillong,"Lumpyngngad, Shillong - Meghalaya PCB",19-08-2026 10:00:00,25.5586,91.8985,NH3,0,0,0
India,Mizoram,Aizawl,"Sikulpuikawn, Aizawl - Mizoram PCB",19-08-2026 10:00:00,23.7176342,92.7192841,CO,3,3,3
India,Nagaland,Kohima,"PWD Junction, Kohima - NPCB",19-08-2026 10:00:00,25.6635413,94.0989878,PM2.5,1,28,12
India,Nagaland,Kohima,"PWD Junction, Kohima - NPCB",19-08-2026 10:00:00,25.6635413,94.0989878,SO2,53,69,60
India,Odisha,Angul,"Hakimapada, Angul - OSPCB",19-08-2026 10:00:00,20.832874,85.104082,PM10,9,42,19
India,Odisha,Balasore,"Kalidaspur, Balasore - OSPCB",19-08-2026 10:00:00,21.51161,86.89088,PM10,24,57,36
India,Odisha,Balasore,"Kalidaspur, Balasore - OSPCB",19-08-2026 10:00:00,21.51161,86.89088,CO,30,34,32
India,Odisha,Balasore,"Kalidaspur, Balasore - OSPCB",19-08-2026 10:00:00,21.51161,86.89088,OZONE,13,36,20
India,Odisha,Barbil,"Forest Office, Barbil - OSPCB",19-08-2026 10:00:00,22.1166054,85.3945546,NH3,1,2,2
India,Odisha,Baripada,"Meher Colony, Baripada - OSPCB",19-08-2026 10:00:00,21.941841,86.728318,PM10,5,62,31
India,Odisha,Baripada,"Meher Colony, Baripada - OSPCB",19-08-2026 10:00:00,21.941841,86.728318,SO2,6,7,6
India,Odisha,Baripada,"Meher Colony, Baripada - OSPCB",19-08-2026 10:00:00,21.941841,86.728318,CO,10,22,14
India,Odisha,Bileipada,"Tata Township, Bileipada - OSPCB",19-08-2026 10:00:00,22.06156703,85.47409613,NH3,5,5,5
India,Odisha,Bileipada,"Tata Township, Bileipada - OSPCB",19-08-2026 10:00:00,22.06156703,85.47409613,CO,30,35,33
India,Maharashtra,Pune,"Katraj Dairy, Pune - MPCB",19-08-2026 10:00:00,18.45445,73.854155,OZONE,10,10,10
India,Maharashtra,Pune,"Hadapsar, Pune - IITM",19-08-2026 10:00:00,18.501793,73.927532,PM2.5,18,75,46
India,Maharashtra,Pune,"Hadapsar, Pune - IITM",19-08-2026 10:00:00,18.501793,73.927532,NH3,NA,NA,NA
India,Maharashtra,Pune,"Revenue Colony-Shivajinagar, Pune - IITM",19-08-2026 10:00:00,18.530085,73.849598,SO2,5,21,13
India,Maharashtra,Pune,"Mhada Colony, Pune - IITM",19-08-2026 10:00:00,18.57304,73.927715,CO,16,58,36
India,Maharashtra,Pune,"Dhankawadi, Pune - IITM",19-08-2026 10:00:00,18.459883,73.852193,CO,34,67,46
India,Maharashtra,Pune,"Panchawati_Pashan, Pune - IITM",19-08-2026 10:00:00,18.536457,73.805454,PM2.5,21,42,33
India,Maharashtra,Pune,"Panchawati_Pashan, Pune - IITM",19-08-2026 10:00:00,18.536457,73.805454,OZONE,3,7,5
India,Maharashtra,Sangli,"Vijay Nagar, Sangli - MPCB",19-08-2026 10:00:00,16.5038,74.3623,PM10,22,41,32
India,Maharashtra,Sangli,"Vijay Nagar, Sangli - MPCB",19-08-2026 10:00:00,16.5038,74.3623,CO,11,17,14
India,Maharashtra,Sangli,"Vijay Nagar, Sangli - MPCB",19-08-2026 10:00:00,16.5038,74.3623,OZONE,11,19,15
India,Maharashtra,Satara,"Koyana Nagar, Satara - MPCB",19-08-2026 10:00:00,17.696651,74.003387,PM10,6,161,60
India,Maharashtra,Satara,"Koyana Nagar, Satara - MPCB",19-08-2026 10:00:00,17.696651,74.003387,NH3,1,3,2
India,Maharashtra,Satara,"Koyana Nagar, Satara - MPCB",19-08-2026 10:00:00,17.696651,74.003387,OZONE,12,26,17
India,Maharashtra,Solapur,"Dnyaneshwar Nagar, Solapur - MPCB",19-08-2026 10:00:00,17.6336264,75.9132495,PM10,21,60,35
India,Maharashtra,Solapur,"Dnyaneshwar Nagar, Solapur - MPCB",19-08-2026 10:00:00,17.6336264,75.9132495,NH3,6,37,10
India,Maharashtra,Solapur,"Ratandeep Housing Society, Solapur - MPCB",19-08-2026 10:00:00,17.65439,75.90649,OZONE,5,64,15
India,Maharashtra,Thane,"Upvan Fort, Thane - MPCB",19-08-2026 10:00:00,19.222279,72.957979,PM2.5,14,29,21
India,Maharashtra,Thane,"Upvan Fort, Thane - MPCB",19-08-2026 10:00:00,19.222279,72.957979,PM10,20,42,31
India,Maharashtra,Thane,"Upvan Fort, Thane - MPCB",19-08-2026 10:00:00,19.222279,72.957979,NO2,3,15,6
India,Maharashtra,Thane,"Kasarvadavali, Thane - MPCB",19-08-2026 10:00:00,19.26777,72.97182,SO2,6,7,7
India,Maharashtra,Thane,"Kasarvadavali, Thane - MPCB",19-08-2026 10:00:00,19.26777,72.97182,OZONE,5,15,12
India,Maharashtra,Ulhasnagar,"Sidhi Vinayak Nagar, Ulhasnagar - MPCB",19-08-2026 10:00:00,19.235581,73.159121,CO,7,13,10
India,Meghalaya,Byrnihat,"15th Mile-Nongthymmai, Byrnihat -Meghalaya PCB",19-08-2026 10:00:00,26.079047,91.875185,PM2.5,20,159,71
India,Meghalaya,Byrnihat,"15th Mile-Nongthymmai, Byrnihat -Meghalaya PCB",19-08-2026 10:00:00,26.079047,91.875185,OZONE,NA,NA,NA
India,Meghalaya,Shillong,"JN Stadium, Shillong - Meghalaya PCB",19-08-2026 10:00:00,25.5803419,91.8942571,CO,10,16,12
India,Meghalaya,Shillong,"Lumpyngngad, Shillong - Meghalaya PCB",19-08-2026 10:00:00,25.5586,91.8985,PM10,NA,NA,NA
India,Odisha,Cuttack,"CDA Area, Cuttack - OSPCB",19-08-2026 10:00:00,20.48891,85.84768,PM2.5,3,20,12
India,Odisha,Rairangpur,"Divisional Forest Office, Rairangpur - OSPCB",19-08-2026 10:00:00,22.265816,86.174829,NO2,6,7,6
India,Odisha,Rairangpur,"Divisional Forest Office, Rairangpur - OSPCB",19-08-2026 10:00:00,22.265816,86.174829,SO2,5,14,9
India,Odisha,Rairangpur,"Divisional Forest Office, Rairangpur - OSPCB",19-08-2026 10:00:00,22.265816,86.174829,OZONE,5,7,6
India,Odisha,Rourkela,"Sector-2, Rourkela - OSPCB",19-08-2026 10:00:00,22.245,84.88111111,NH3,NA,NA,NA
India,Odisha,Rourkela,"Sector-2, Rourkela - OSPCB",19-08-2026 10:00:00,22.245,84.88111111,SO2,NA,NA,NA
India,Odisha,Rourkela,"Raghunathpali, Rourkela - OSPCB",19-08-2026 10:00:00,22.220833,84.809444,CO,34,46,39
India,Odisha,Rourkela,"Fertilizer Township, Rourkela - OSPCB",19-08-2026 10:00:00,22.18972222,84.86277778,PM10,32,48,36
India,Odisha,Rourkela,"Fertilizer Township, Rourkela - OSPCB",19-08-2026 10:00:00,22.18972222,84.86277778,OZONE,NA,NA,NA
India,Odisha,Talcher,"Talcher Coalfields,Talcher - OSPCB",19-08-2026 10:00:00,20.9360711,85.1707021,CO,21,28,25
India,Odisha,Talcher,"Talcher Coalfields,Talcher - OSPCB",19-08-2026 10:00:00,20.9360711,85.1707021,OZONE,16,18,17
India,Odisha,Tensa,"Barsua Iron Ore Mines, Tensa - OSPCB",19-08-2026 10:00:00,21.869985,85.167016,PM2.5,9,10,9
India,Rajasthan,Alwar,"Moti Doongri, Alwar - RSPCB",19-08-2026 10:00:00,27.554793,76.611536,PM10,91,120,104
India,Rajasthan,Alwar,"Moti Doongri, Alwar - RSPCB",19-08-2026 10:00:00,27.554793,76.611536,NO2,21,79,35
India,Rajasthan,Alwar,"Vigyan Nagar, Alwar - RSPCB",19-08-2026 10:00:00,27.598796,76.63861,PM2.5,25,67,40
India,Rajasthan,Alwar,"Vigyan Nagar, Alwar - RSPCB",19-08-2026 10:00:00,27.598796,76.63861,NH3,6,10,8
India,Rajasthan,Banswara,"Rati Talai, Banswara - RSPCB",19-08-2026 10:00:00,23.55519,74.44001,OZONE,8,75,27
India,Rajasthan,Baran,"Bamboliya, Baran - RSPCB",19-08-2026 10:00:00,25.106006,76.469948,CO,24,27,25
India,Rajasthan,Barmer,"Railway Colony, Barmer - RSPCB",19-08-2026 10:00:00,25.747299,71.393989,PM2.5,13,50,28
India,Rajasthan,Barmer,"Railway Colony, Barmer - RSPCB",19-08-2026 10:00:00,25.747299,71.393989,CO,13,14,14
India,Rajasthan,Bhilwara,"Pratap Nagar, Bhilwara - RSPCB",19-08-2026 10:00:00,25.339605,74.618883,PM2.5,38,88,65
India,Rajasthan,Bhilwara,"Pratap Nagar, Bhilwara - RSPCB",19-08-2026 10:00:00,25.339605,74.618883,NH3,NA,NA,NA
India,Rajasthan,Bhilwara,"Pratap Nagar, Bhilwara - RSPCB",19-08-2026 10:00:00,25.339605,74.618883,SO2,7,11,9
India,Puducherry,Puducherry,"Jawahar Nagar, Puducherry - PPCC",19-08-2026 10:00:00,11.9309,79.8027,OZONE,13,36,23
India,Punjab,Bathinda,"Hardev Nagar, Bathinda - PPCB",19-08-2026 10:00:00,30.233011,74.907758,NO2,26,31,29
India,Punjab,Bathinda,"Hardev Nagar, Bathinda - PPCB",19-08-2026 10:00:00,30.233011,74.907758,CO,14,25,16
India,Punjab,Jalandhar,"Civil Line, Jalandhar - PPCB",19-08-2026 10:00:00,31.321907,75.578914,CO,39,43,41
India,Punjab,Jalandhar,"Civil Line, Jalandhar - PPCB",19-08-2026 10:00:00,31.321907,75.578914,OZONE,39,43,41
India,Punjab,Khanna,"Kalal Majra, Khanna - PPCB",19-08-2026 10:00:00,30.736056,76.209694,OZONE,20,40,23
India,Punjab,Mandi Gobindgarh,"RIMT University, Mandi Gobindgarh - PPCB",19-08-2026 10:00:00,30.649961,76.331442,CO,63,63,63
India,Punjab,Patiala,"Model Town, Patiala - PPCB",19-08-2026 10:00:00,30.349388,76.366642,PM2.5,17,38,26
India,Punjab,Patiala,"Model Town, Patiala - PPCB",19-08-2026 10:00:00,30.349388,76.366642,NH3,2,9,5
India,Punjab,Patiala,"Model Town, Patiala - PPCB",19-08-2026 10:00:00,30.349388,76.366642,SO2,0,18,7
India,Uttar Pradesh,Ghaziabad,"Wave City, Ghaziabad - UPPCB",19-08-2026 10:00:00,28.646675,77.489049,NO2,NA,NA,NA
India,Uttar Pradesh,Ghaziabad,"Wave City, Ghaziabad - UPPCB",19-08-2026 10:00:00,28.646675,77.489049,NH3,NA,NA,NA
India,Uttar Pradesh,Ghaziabad,"Wave City, Ghaziabad - UPPCB",19-08-2026 10:00:00,28.646675,77.489049,CO,37,48,43
India,Uttar Pradesh,Ghaziabad,"Loni, Ghaziabad - UPPCB",19-08-2026 10:00:00,28.757294,77.278792,PM2.5,10,143,59
India,Uttar Pradesh,Ghaziabad,"Govindpuram, Ghaziabad - UPPCB",19-08-2026 10:00:00,28.694528,77.494705,OZONE,2,2,2
India,Uttar Pradesh,Gorakhpur,"Madan Mohan Malaviya University of Technology, Gorakhpur - UPPCB",19-08-2026 10:00:00,26.730136,83.433859,NO2,11,12,11
India,Uttar Pradesh,Greater Noida,"Knowledge Park - V, Greater Noida - UPPCB",19-08-2026 10:00:00,28.557054,77.453663,NH3,6,10,8
India,Uttar Pradesh,Greater Noida,"Knowledge Park - V, Greater Noida - UPPCB",19-08-2026 10:00:00,28.557054,77.453663,SO2,2,13,7
India,Uttar Pradesh,Greater Noida,"Knowledge Park - V, Greater Noida - UPPCB",19-08-2026 10:00:00,28.557054,77.453663,OZONE,1,10,6
India,Uttar Pradesh,Greater Noida,"Knowledge Park - III, Greater Noida - UPPCB",19-08-2026 10:00:00,28.47272,77.482,PM10,30,104,69
India,Uttar Pradesh,Greater Noida,"Knowledge Park - III, Greater Noida - UPPCB",19-08-2026 10:00:00,28.47272,77.482,NH3,7,9,8
India,Uttar Pradesh,Jhansi,"Shivaji Nagar, Jhansi - UPPCB",19-08-2026 10:00:00,25.4547,78.6039,PM2.5,28,90,52
India,Uttar Pradesh,Jhansi,"Shivaji Nagar, Jhansi - UPPCB",19-08-2026 10:00:00,25.4547,78.6039,SO2,20,31,24
India,Uttar Pradesh,Jhansi,"Shivaji Nagar, Jhansi - UPPCB",19-08-2026 10:00:00,25.4547,78.6039,CO,6,12,9
India,Uttar Pradesh,Jhansi,"Shivaji Nagar, Jhansi - UPPCB",19-08-2026 10:00:00,25.4547,78.6039,OZONE,6,9,7
India,Uttar Pradesh,Kanpur,"FTI Kidwai Nagar, Kanpur - UPPCB",19-08-2026 10:00:00,26.428282,80.327067,PM10,8,182,68
India,Uttar Pradesh,Kanpur,"NSI Kalyanpur, Kanpur - UPPCB",19-08-2026 10:00:00,26.509954,80.249612,PM10,32,76,52
India,Uttar Pradesh,Kanpur,"NSI Kalyanpur, Kanpur - UPPCB",19-08-2026 10:00:00,26.509954,80.249612,NO2,31,32,31
India,Uttar Pradesh,Kanpur,"NSI Kalyanpur, Kanpur - UPPCB",19-08-2026 10:00:00,26.509954,80.249612,SO2,23,26,24
India,Uttar Pradesh,Kanpur,"NSI Kalyanpur, Kanpur - UPPCB",19-08-2026 10:00:00,26.509954,80.249612,OZONE,20,21,21
India,Uttar Pradesh,Khurja,"Kalindi Kunj, Khurja - UPPCB",19-08-2026 10:00:00,28.2348927,77.8683002,PM2.5,22,72,35
India,Uttar Pradesh,Khurja,"Kalindi Kunj, Khurja - UPPCB",19-08-2026 10:00:00,28.2348927,77.8683002,PM10,34,102,61
India,Rajasthan,Rajsamand,"Dhoinda, Rajsamand - RSPCB",19-08-2026 10:00:00,25.03636,73.883502,NH3,NA,NA,NA
India,Rajasthan,Rajsamand,"Dhoinda, Rajsamand - RSPCB",19-08-2026 10:00:00,25.03636,73.883502,CO,11,11,11
India,Rajasthan,Rajsamand,"Dhoinda, Rajsamand - RSPCB",19-08-2026 10:00:00,25.03636,73.883502,OZONE,36,36,36
India,Rajasthan,Sawai Madhopur,"Sahu Nagar, Sawai Madhopur - RSPCB",19-08-2026 10:00:00,26.031443,76.359327,PM2.5,15,83,39
India,Rajasthan,Sawai Madhopur,"Sahu Nagar, Sawai Madhopur - RSPCB",19-08-2026 10:00:00,26.031443,76.359327,NO2,10,30,16
India,Rajasthan,Sawai Madhopur,"Sahu Nagar, Sawai Madhopur - RSPCB",19-08-2026 10:00:00,26.031443,76.359327,OZONE,29,46,38
India,Rajasthan,Sikar,"Radhakishan Pura, Sikar - RSPCB",19-08-2026 10:00:00,27.608912,75.153302,PM2.5,40,70,59
India,Rajasthan,Sikar,"Radhakishan Pura, Sikar - RSPCB",19-08-2026 10:00:00,27.608912,75.153302,CO,12,21,15
India,Rajasthan,Sirohi,"Vedhaynath Colony, Sirohi - RSPCB",19-08-2026 10:00:00,24.885261,72.857549,OZONE,23,43,30
India,Rajasthan,Sri Ganganagar,"Old City, Sri Ganganagar - RSPCB",19-08-2026 10:00:00,29.931624,73.864511,CO,28,86,38
India,Rajasthan,Tonk,"Shastri Nagar, Tonk - RSPCB",19-08-2026 10:00:00,26.159933,75.780517,PM10,96,162,125
India,Rajasthan,Udaipur,"Ashok Nagar, Udaipur - RSPCB",19-08-2026 10:00:00,24.5886166,73.6321397,PM2.5,33,84,63
India,Sikkim,Gangtok,"Zero Point GICI, Gangtok - SSPCB",19-08-2026 10:00:00,27.33853,88.614099,PM10,NA,NA,NA
India,Tamil Nadu,Chennai,"Kodungaiyur, Chennai - TNPCB",19-08-2026 10:00:00,13.1278,80.2642,PM2.5,12,86,38
India,Tamil Nadu,Cuddalore,"Semmandalam, Cuddalore - TNPCB",19-08-2026 10:00:00,11.7637683,79.7499835,NH3,NA,NA,NA
India,Tamil Nadu,Gummidipoondi,"Anthoni Pillai Nagar, Gummidipoondi - TNPCB",19-08-2026 10:00:00,13.4127,80.1081,PM2.5,17,414,91
India,Tamil Nadu,Thoothukudi,"Meelavittan, Thoothukudi - TNPCB",19-08-2026 10:00:00,8.816428,78.099039,PM2.5,NA,NA,NA
India,Tamil Nadu,Thoothukudi,"Meelavittan, Thoothukudi - TNPCB",19-08-2026 10:00:00,8.816428,78.099039,NH3,NA,NA,NA
India,Telangana,Hyderabad,"Bollaram Industrial Area, Hyderabad - TSPCB",19-08-2026 10:00:00,17.518,78.383,OZONE,25,25,25
India,Telangana,Hyderabad,"Zoo Park, Hyderabad - TSPCB",19-08-2026 10:00:00,17.349694,78.451437,NO2,6,9,8
India,Telangana,Hyderabad,"Zoo Park, Hyderabad - TSPCB",19-08-2026 10:00:00,17.349694,78.451437,NH3,2,3,2
India,Telangana,Hyderabad,"IITH Kandi, Hyderabad - TSPCB",19-08-2026 10:00:00,17.585705,78.126199,NH3,NA,NA,NA
India,Telangana,Hyderabad,"IITH Kandi, Hyderabad - TSPCB",19-08-2026 10:00:00,17.585705,78.126199,CO,21,32,26
India,Telangana,Hyderabad,"Nacharam_TSIIC IALA, Hyderabad - TSPCB",19-08-2026 10:00:00,17.429398,78.569354,PM2.5,27,50,34
India,Telangana,Hyderabad,"New Malakpet, Hyderabad - TSPCB",19-08-2026 10:00:00,17.37206,78.50864,CO,18,24,20
India,Telangana,Hyderabad,"New Malakpet, Hyderabad - TSPCB",19-08-2026 10:00:00,17.37206,78.50864,OZONE,12,18,14
India,Telangana,Hyderabad,"Kokapet, Hyderabad - TSPCB",19-08-2026 10:00:00,17.393559,78.339194,PM10,NA,NA,NA
India,Telangana,Hyderabad,"Kokapet, Hyderabad - TSPCB",19-08-2026 10:00:00,17.393559,78.339194,NH3,NA,NA,NA
India,Uttar Pradesh,Bulandshahr,"Yamunapuram, Bulandshahr - UPPCB",19-08-2026 10:00:00,28.406963,77.849831,NH3,9,14,11
India,Uttar Pradesh,Bulandshahr,"Yamunapuram, Bulandshahr - UPPCB",19-08-2026 10:00:00,28.406963,77.849831,SO2,6,16,10
India,Uttar Pradesh,Bulandshahr,"Yamunapuram, Bulandshahr - UPPCB",19-08-2026 10:00:00,28.406963,77.849831,OZONE,9,20,13
India,Uttar Pradesh,Fatehpur Sikri,"Dadupura, Fatehpur Sikri - UPPCB",19-08-2026 10:00:00,27.097694,77.671335,NO2,7,8,8
India,Uttar Pradesh,Firozabad,"Nagla Bhau, Firozabad - UPPCB",19-08-2026 10:00:00,27.168897,78.37696,NH3,2,2,2
India,Uttar Pradesh,Firozabad,"Nagla Bhau, Firozabad - UPPCB",19-08-2026 10:00:00,27.168897,78.37696,CO,27,54,33
India,Uttar Pradesh,Firozabad,"Vibhab Nagar, Firozabad - UPPCB",19-08-2026 10:00:00,27.1594,78.3953,OZONE,1,1,1
India,Uttar Pradesh,Gajraula,"Rajanpur, Gajraula - UPPCB",19-08-2026 10:00:00,28.829109,78.248796,OZONE,2,11,5
India,Uttar Pradesh,Ghaziabad,"Sanjay Nagar, Ghaziabad - UPPCB",19-08-2026 10:00:00,28.685382,77.453839,NH3,9,11,10
India,Uttar Pradesh,Ghaziabad,"Sanjay Nagar, Ghaziabad - UPPCB",19-08-2026 10:00:00,28.685382,77.453839,OZONE,23,24,23
India,Uttar Pradesh,Ghaziabad,"Indirapuram, Ghaziabad - UPPCB",19-08-2026 10:00:00,28.646233,77.358075,NH3,NA,NA,NA
India,Uttar Pradesh,Ghaziabad,"Vasundhara, Ghaziabad - UPPCB",19-08-2026 10:00:00,28.6603346,77.3572563,NO2,23,67,40
India,Uttar Pradesh,Ghaziabad,"Vasundhara, Ghaziabad - UPPCB",19-08-2026 10:00:00,28.6603346,77.3572563,OZONE,23,46,31
India,Uttar Pradesh,Ghaziabad,"Wave City, Ghaziabad - UPPCB",19-08-2026 10:00:00,28.646675,77.489049,PM2.5,NA,NA,NA
India,Uttar Pradesh,Meerut,"MIET College, Meerut - UPPCB",19-08-2026 10:00:00,28.972677,77.641018,PM10,80,118,101
India,Uttar Pradesh,Meerut,"MIET College, Meerut - UPPCB",19-08-2026 10:00:00,28.972677,77.641018,NO2,26,52,38
India,Uttar Pradesh,Meerut,"Pallavpuram Phase 2, Meerut - UPPCB",19-08-2026 10:00:00,29.06351,77.709723,PM2.5,47,120,79
India,Uttar Pradesh,Meerut,"Pallavpuram Phase 2, Meerut - UPPCB",19-08-2026 10:00:00,29.06351,77.709723,PM10,37,116,77
India,Uttar Pradesh,Meerut,"Ganga Nagar, Meerut - UPPCB",19-08-2026 10:00:00,28.999264,77.7590354,NH3,6,20,7
India,Uttar Pradesh,Meerut,"Ganga Nagar, Meerut - UPPCB",19-08-2026 10:00:00,28.999264,77.7590354,CO,37,47,41
India,Uttar Pradesh,Modinagar,"SRM University, Modinagar - UPPCB",19-08-2026 10:00:00,28.798171,77.540243,NO2,12,40,19
India,Uttar Pradesh,Modinagar,"SRM University, Modinagar - UPPCB",19-08-2026 10:00:00,28.798171,77.540243,CO,19,21,20
India,Uttar Pradesh,Modinagar,"SRM University, Modinagar - UPPCB",19-08-2026 10:00:00,28.798171,77.540243,OZONE,4,7,6
India,Uttar Pradesh,Moradabad,"Eco Herbal Park, Moradabad - UPPCB",19-08-2026 10:00:00,28.840739,78.697531,NH3,6,8,7
India,Uttar Pradesh,Moradabad,"Eco Herbal Park, Moradabad - UPPCB",19-08-2026 10:00:00,28.840739,78.697531,OZONE,12,27,19
India,Uttar Pradesh,Moradabad,"Buddhi Vihar, Moradabad - UPPCB",19-08-2026 10:00:00,28.83526,78.7446,NO2,28,29,29
India,Uttar Pradesh,Moradabad,"Jigar Colony, Moradabad - UPPCB",19-08-2026 10:00:00,28.856664,78.772638,PM2.5,3,39,29
India,Uttar Pradesh,Moradabad,"Transport Nagar, Moradabad - UPPCB",19-08-2026 10:00:00,28.802625,78.753728,NO2,24,25,24
India,Uttar Pradesh,Khurja,"Kalindi Kunj, Khurja - UPPCB",19-08-2026 10:00:00,28.2348927,77.8683002,NO2,12,13,12
India,Uttar Pradesh,Khurja,"Kalindi Kunj, Khurja - UPPCB",19-08-2026 10:00:00,28.2348927,77.8683002,NH3,1,1,1
India,Uttar Pradesh,Khurja,"Kalindi Kunj, Khurja - UPPCB",19-08-2026 10:00:00,28.2348927,77.8683002,CO,43,52,47
India,Uttar Pradesh,Lucknow,"Talkatora District Industries Center, Lucknow - CPCB",19-08-2026 10:00:00,26.83399722,80.8917361,NO2,10,16,11
India,Uttar Pradesh,Lucknow,"Talkatora District Industries Center, Lucknow - CPCB",19-08-2026 10:00:00,26.83399722,80.8917361,NH3,8,12,10
India,Uttar Pradesh,Lucknow,"Talkatora District Industries Center, Lucknow - CPCB",19-08-2026 10:00:00,26.83399722,80.8917361,SO2,0,31,10
India,Uttar Pradesh,Lucknow,"Kendriya Vidyalaya, Lucknow - CPCB",19-08-2026 10:00:00,26.906111,80.948222,PM10,10,58,37
India,Uttar Pradesh,Lucknow,"Kendriya Vidyalaya, Lucknow - CPCB",19-08-2026 10:00:00,26.906111,80.948222,NH3,8,14,11
India,Uttar Pradesh,Lucknow,"B R Ambedkar University, Lucknow - UPPCB",19-08-2026 10:00:00,26.766433,80.927299,PM2.5,4,180,35
India,Uttar Pradesh,Lucknow,"B R Ambedkar University, Lucknow - UPPCB",19-08-2026 10:00:00,26.766433,80.927299,SO2,35,43,37
India,Uttar Pradesh,Lucknow,"Lalbagh, Lucknow - CPCB",19-08-2026 10:00:00,26.8458805,80.9365541,PM2.5,20,67,40
India,Uttar Pradesh,Lucknow,"Lalbagh, Lucknow - CPCB",19-08-2026 10:00:00,26.8458805,80.9365541,NO2,14,22,16
India,Uttar Pradesh,Lucknow,"Kukrail Picnic Spot-1, Lucknow - UPPCB",19-08-2026 10:00:00,26.90723,80.98579,PM2.5,20,49,33
India,Uttar Pradesh,Mathura,"Pali Dungra, Mathura - UPPCB",19-08-2026 10:00:00,27.410954,77.550619,CO,15,34,23
India,Tamil Nadu,Chennai,"Arumbakkam, Chennai - TNPCB",19-08-2026 10:00:00,13.0664,80.2112,OZONE,NA,NA,NA
India,Tamil Nadu,Chennai,"Velachery Res. Area, Chennai - CPCB",19-08-2026 10:00:00,13.0052189,80.2398125,OZONE,8,10,9
India,Tamil Nadu,Chennai,"Perungudi, Chennai - TNPCB",19-08-2026 10:00:00,12.9533,80.2357,NH3,0,1,0
India,Tamil Nadu,Chennai,"Perungudi, Chennai - TNPCB",19-08-2026 10:00:00,12.9533,80.2357,SO2,2,6,4
India,Tamil Nadu,Chennai,"Manali Village, Chennai - TNPCB",19-08-2026 10:00:00,13.1662,80.2584,PM2.5,17,50,32
India,Tamil Nadu,Chennai,"Manali, Chennai - CPCB",19-08-2026 10:00:00,13.164544,80.26285,OZONE,8,10,9
India,Tamil Nadu,Chennai,"Royapuram, Chennai - TNPCB",19-08-2026 10:00:00,13.1036,80.2909,PM10,50,70,60
India,Tamil Nadu,Chennai,"Royapuram, Chennai - TNPCB",19-08-2026 10:00:00,13.1036,80.2909,NH3,4,4,4
India,Tamil Nadu,Chennai,"Royapuram, Chennai - TNPCB",19-08-2026 10:00:00,13.1036,80.2909,CO,43,56,49
India,Tamil Nadu,Coimbatore,"SIDCO Kurichi, Coimbatore - TNPCB",19-08-2026 10:00:00,10.942451,76.978996,NO2,22,23,22
India,Tamil Nadu,Coimbatore,"SIDCO Kurichi, Coimbatore - TNPCB",19-08-2026 10:00:00,10.942451,76.978996,NH3,1,1,1
India,Tamil Nadu,Cuddalore,"Kudikadu, Cuddalore - TNPCB",19-08-2026 10:00:00,11.6829898,79.7532099,PM10,NA,NA,NA
India,Tamil Nadu,Cuddalore,"Kudikadu, Cuddalore - TNPCB",19-08-2026 10:00:00,11.6829898,79.7532099,SO2,23,23,23
India,Uttar Pradesh,Agra,"Sector-3B Avas Vikas Colony, Agra - UPPCB",19-08-2026 10:00:00,27.19412,77.96237,PM2.5,39,75,54
India,Uttar Pradesh,Agra,"Sector-3B Avas Vikas Colony, Agra - UPPCB",19-08-2026 10:00:00,27.19412,77.96237,PM10,55,103,76
India,Uttar Pradesh,Agra,"Sector-3B Avas Vikas Colony, Agra - UPPCB",19-08-2026 10:00:00,27.19412,77.96237,SO2,26,28,27
India,Uttar Pradesh,Agra,"Shahjahan Garden, Agra - UPPCB",19-08-2026 10:00:00,27.169338,78.03582,SO2,71,80,76
India,Uttar Pradesh,Agra,"Sanjay Palace, Agra - UPPCB",19-08-2026 10:00:00,27.19865833,78.00598056,PM10,46,122,82
India,Uttar Pradesh,Agra,"Sanjay Palace, Agra - UPPCB",19-08-2026 10:00:00,27.19865833,78.00598056,NO2,7,10,9
India,Uttar Pradesh,Agra,"Sanjay Palace, Agra - UPPCB",19-08-2026 10:00:00,27.19865833,78.00598056,OZONE,0,3,2
India,Uttar Pradesh,Baghpat,"Sardar Patel Inter College, Baghpat - UPPCB",19-08-2026 10:00:00,28.964949,77.278761,NH3,2,2,2
India,Uttar Pradesh,Baraut,"Nagar Palika Parishad, Baraut - UPPCB",19-08-2026 10:00:00,29.09956,77.26235,PM10,63,125,99
India,Uttar Pradesh,Baraut,"Nagar Palika Parishad, Baraut - UPPCB",19-08-2026 10:00:00,29.09956,77.26235,SO2,3,4,3
India,Uttar Pradesh,Bareilly,"Rajendra Nagar, Bareilly - UPPCB",19-08-2026 10:00:00,28.38910936,79.42963708,CO,22,26,24
India,Telangana,Hyderabad,"ECIL Kapra, Hyderabad - TSPCB",19-08-2026 10:00:00,17.470431,78.566959,PM10,51,59,54
India,Telangana,Hyderabad,"Ramachandrapuram, Hyderabad - TSPCB",19-08-2026 10:00:00,17.528544,78.286195,PM2.5,26,40,32
India,Telangana,Hyderabad,"Ramachandrapuram, Hyderabad - TSPCB",19-08-2026 10:00:00,17.528544,78.286195,PM10,43,70,53
India,Telangana,Hyderabad,"Kompally Municipal Office, Hyderabad - TSPCB",19-08-2026 10:00:00,17.544899,78.486949,PM2.5,30,47,37
India,Telangana,Hyderabad,"Kompally Municipal Office, Hyderabad - TSPCB",19-08-2026 10:00:00,17.544899,78.486949,NO2,16,18,18
India,Telangana,Hyderabad,"ICRISAT Patancheru, Hyderabad - TSPCB",19-08-2026 10:00:00,17.5184,78.278777,NH3,1,2,2
India,Tripura,Agartala,"Bardowali, Agartala - Tripura SPCB",19-08-2026 10:00:00,23.8175497,91.2726974,NO2,13,14,13
India,Uttar Pradesh,Agra,"Rohta, Agra - UPPCB",19-08-2026 10:00:00,27.106972,78.000111,PM10,38,112,66
India,Uttar Pradesh,Moradabad,"Transport Nagar, Moradabad - UPPCB",19-08-2026 10:00:00,28.802625,78.753728,NH3,5,6,5
India,Uttar Pradesh,Moradabad,"Transport Nagar, Moradabad - UPPCB",19-08-2026 10:00:00,28.802625,78.753728,OZONE,62,181,96
India,Uttar Pradesh,Moradabad,"Kashiram Nagar, Moradabad - UPPCB",19-08-2026 10:00:00,28.849399,78.742362,PM2.5,25,67,41
India,Uttar Pradesh,Moradabad,"Kashiram Nagar, Moradabad - UPPCB",19-08-2026 10:00:00,28.849399,78.742362,SO2,16,75,36
India,Uttar Pradesh,Moradabad,"Employment Office, Moradabad - UPPCB",19-08-2026 10:00:00,28.88528,78.7388,CO,12,13,12
India,Uttar Pradesh,Muzaffarnagar,"New Mandi, Muzaffarnagar - UPPCB",19-08-2026 10:00:00,29.4723508,77.7194031,NO2,15,64,32
India,Uttar Pradesh,Muzaffarnagar,"New Mandi, Muzaffarnagar - UPPCB",19-08-2026 10:00:00,29.4723508,77.7194031,NH3,1,5,3
India,Uttar Pradesh,Muzaffarnagar,"New Mandi, Muzaffarnagar - UPPCB",19-08-2026 10:00:00,29.4723508,77.7194031,CO,44,68,52
India,Uttar Pradesh,Noida,"Sector - 62, Noida - IITM",19-08-2026 10:00:00,28.6245479,77.3577104,PM10,54,137,98
India,Uttar Pradesh,Noida,"Sector-1, Noida - UPPCB",19-08-2026 10:00:00,28.5898,77.3101,PM10,45,155,107
India,Uttar Pradesh,Noida,"Sector-1, Noida - UPPCB",19-08-2026 10:00:00,28.5898,77.3101,NH3,9,12,10
India,Uttar Pradesh,Noida,"Sector-1, Noida - UPPCB",19-08-2026 10:00:00,28.5898,77.3101,CO,31,64,46
India,Uttar Pradesh,Noida,"Sector-116, Noida - UPPCB",19-08-2026 10:00:00,28.56923,77.393848,SO2,6,15,10
India,Uttar Pradesh,Prayagraj,"Nagar Nigam, Prayagraj - UPPCB",19-08-2026 10:00:00,25.44919916,81.82735986,OZONE,12,14,13
India,Uttar Pradesh,Varanasi,"Bhelupur, Varanasi - UPPCB",19-08-2026 10:00:00,25.301778,82.996789,PM2.5,12,52,34
India,Uttar Pradesh,Varanasi,"Bhelupur, Varanasi - UPPCB",19-08-2026 10:00:00,25.301778,82.996789,SO2,36,48,38
India,Uttar Pradesh,Varanasi,"Maldahiya, Varanasi - UPPCB",19-08-2026 10:00:00,25.32393,82.99687,PM2.5,5,52,16
India,Uttar Pradesh,Varanasi,"IESD Banaras Hindu University, Varanasi - UPPCB",19-08-2026 10:00:00,25.262326,82.995408,PM2.5,NA,NA,NA
India,Uttar Pradesh,Vrindavan,"Omex Eternity, Vrindavan - UPPCB",19-08-2026 10:00:00,27.571409,77.655757,PM10,36,69,49
India,Uttar Pradesh,Vrindavan,"Omex Eternity, Vrindavan - UPPCB",19-08-2026 10:00:00,27.571409,77.655757,OZONE,16,16,16
India,Uttarakhand,Kashipur,"Govt. Girls Inter College, Kashipur - UKPCB",19-08-2026 10:00:00,29.2124114,78.9611753,NO2,NA,NA,NA
India,Uttarakhand,Kashipur,"Govt. Girls Inter College, Kashipur - UKPCB",19-08-2026 10:00:00,29.2124114,78.9611753,OZONE,9,9,9
India,Uttarakhand,Rishikesh,"Shivaji Nagar, Rishikesh - UKPCB",19-08-2026 10:00:00,30.075911,78.2859547,PM10,21,21,21
India,Uttarakhand,Rishikesh,"Shivaji Nagar, Rishikesh - UKPCB",19-08-2026 10:00:00,30.075911,78.2859547,SO2,1,1,1
India,West Bengal,Asansol,"Asansol Court Area, Asansol - WBPCB",19-08-2026 10:00:00,23.685297,86.945968,NO2,30,37,34
India,West Bengal,Asansol,"Evelyn Lodge, Asansol - WBPCB",19-08-2026 10:00:00,23.697936,86.944395,PM2.5,NA,NA,NA
India,West Bengal,Asansol,"Evelyn Lodge, Asansol - WBPCB",19-08-2026 10:00:00,23.697936,86.944395,NH3,7,8,7
India,West Bengal,Asansol,"Mahabir Colliery, Asansol - WBPCB",19-08-2026 10:00:00,23.618183,87.105718,PM10,5,43,27
India,West Bengal,Asansol,"Mahabir Colliery, Asansol - WBPCB",19-08-2026 10:00:00,23.618183,87.105718,CO,33,40,36
India,West Bengal,Asansol,"Trivenidevi Bhalotia College, Asansol - WBPCB",19-08-2026 10:00:00,23.616515,87.119133,PM10,NA,NA,NA
India,West Bengal,Asansol,"Trivenidevi Bhalotia College, Asansol - WBPCB",19-08-2026 10:00:00,23.616515,87.119133,SO2,37,40,39
India,West Bengal,Asansol,"Trivenidevi Bhalotia College, Asansol - WBPCB",19-08-2026 10:00:00,23.616515,87.119133,CO,37,50,43
India,West Bengal,Asansol,"Trivenidevi Bhalotia College, Asansol - WBPCB",19-08-2026 10:00:00,23.616515,87.119133,OZONE,5,5,5
India,West Bengal,Durgapur,"PCBL Residential Complex, Durgapur - WBPCB",19-08-2026 10:00:00,23.508764,87.35444,PM10,23,66,37
India,West Bengal,Durgapur,"PCBL Residential Complex, Durgapur - WBPCB",19-08-2026 10:00:00,23.508764,87.35444,NO2,10,30,22
India,West Bengal,Durgapur,"PCBL Residential Complex, Durgapur - WBPCB",19-08-2026 10:00:00,23.508764,87.35444,CO,49,70,60
India,West Bengal,Durgapur,"Mahishkapur Road_B-Zone, Durgapur - WBPCB",19-08-2026 10:00:00,23.567923,87.306843,NH3,0,0,0
India,West Bengal,Haldia,"Priyambada Housing Estate, Haldia - WBPCB",19-08-2026 10:00:00,22.06047,88.109737,NH3,2,4,3
India,West Bengal,Howrah,"Belur Math, Howrah - WBPCB",19-08-2026 10:00:00,22.629801,88.352017,NO2,24,41,32
India,West Bengal,Howrah,"Botanical Garden, Howrah - WBPCB",19-08-2026 10:00:00,22.554954,88.292568,PM2.5,18,67,40
India,West Bengal,Howrah,"Botanical Garden, Howrah - WBPCB",19-08-2026 10:00:00,22.554954,88.292568,NO2,4,68,19
India,West Bengal,Howrah,"Botanical Garden, Howrah - WBPCB",19-08-2026 10:00:00,22.554954,88.292568,NH3,0,3,1
India,West Bengal,Howrah,"Botanical Garden, Howrah - WBPCB",19-08-2026 10:00:00,22.554954,88.292568,CO,3,8,5
India,West Bengal,Howrah,"Ghusuri, Howrah - WBPCB",19-08-2026 10:00:00,22.611968,88.347422,PM10,38,69,49
India,West Bengal,Howrah,"Ghusuri, Howrah - WBPCB",19-08-2026 10:00:00,22.611968,88.347422,NH3,2,3,3
India,West Bengal,Kolkata,"Bidhannagar, Kolkata - WBPCB",19-08-2026 10:00:00,22.58157048,88.41002457,NH3,5,6,5
India,West Bengal,Kolkata,"Bidhannagar, Kolkata - WBPCB",19-08-2026 10:00:00,22.58157048,88.41002457,SO2,4,8,6
India,West Bengal,Kolkata,"Jadavpur, Kolkata - WBPCB",19-08-2026 10:00:00,22.49929,88.36917,PM2.5,33,55,42
India,West Bengal,Kolkata,"Jadavpur, Kolkata - WBPCB",19-08-2026 10:00:00,22.49929,88.36917,OZONE,10,13,12
India,West Bengal,Kolkata,"Rabindra Bharati University, Kolkata - WBPCB",19-08-2026 10:00:00,22.627847,88.380669,NH3,5,11,9
India,West Bengal,Kolkata,"Rabindra Sarobar, Kolkata - WBPCB",19-08-2026 10:00:00,22.51106,88.35142,NO2,9,26,13
India,West Bengal,Kolkata,"Ballygunge, Kolkata - WBPCB",19-08-2026 10:00:00,22.5367507,88.3638022,NO2,18,34,24
India,West Bengal,Kolkata,"Ballygunge, Kolkata - WBPCB",19-08-2026 10:00:00,22.5367507,88.3638022,OZONE,11,18,16
India,West Bengal,Siliguri,"Ward-32 Bapupara, Siliguri - WBPCB",19-08-2026 10:00:00,26.6879226,88.4152495,NO2,112,134,125
