country,state,city,station,last_update,latitude,longitude,pollutant_id,min_value,max_value,avg_value
India,Bihar,Patna,"Govt. High School Shikarpur, Patna - BSPCB",13-09-2026 15:00:00,25.592539,85.227158,NH3,6,7,6
India,Bihar,Purnia,"Mariam Nagar, Purnia - BSPCB",13-09-2026 15:00:00,25.366336,87.117468,OZONE,20,21,20
India,Bihar,Rajgir,"Dangi Tola, Rajgir - BSPCB",13-09-2026 15:00:00,25.0328,85.41948,NO2,13,15,14
India,Bihar,Saharsa,"Police Line, Saharsa - BSPCB",13-09-2026 15:00:00,25.892357,86.590325,PM2.5,NA,NA,NA
India,Bihar,Saharsa,"Police Line, Saharsa - BSPCB",13-09-2026 15:00:00,25.892357,86.590325,PM10,12,363,94
India,Bihar,Saharsa,"Police Line, Saharsa - BSPCB",13-09-2026 15:00:00,25.892357,86.590325,NO2,6,8,7
India,Bihar,Saharsa,"Police Line, Saharsa - BSPCB",13-09-2026 15:00:00,25.892357,86.590325,SO2,14,18,16
India,Bihar,Saharsa,"Police Line, Saharsa - BSPCB",13-09-2026 15:00:00,25.892357,86.590325,CO,36,41,38
India,Bihar,Samastipur,"DM Office_Kasipur, Samastipur - BSPCB",13-09-2026 15:00:00,25.859655,85.77944,NH3,1,1,1
India,Bihar,Samastipur,"DM Office_Kasipur, Samastipur - BSPCB",13-09-2026 15:00:00,25.859655,85.77944,SO2,6,36,13
India,Bihar,Sasaram,"Dada Peer, Sasaram - BSPCB",13-09-2026 15:00:00,24.952822,84.002396,PM2.5,2,27,15
India,Bihar,Sasaram,"Dada Peer, Sasaram - BSPCB",13-09-2026 15:00:00,24.952822,84.002396,NO2,NA,NA,NA
India,Bihar,Sasaram,"Dada Peer, Sasaram - BSPCB",13-09-2026 15:00:00,24.952822,84.002396,OZONE,NA,NA,NA
India,Chandigarh,Chandigarh,"Sector 22, Chandigarh - CPCC",13-09-2026 15:00:00,30.735567,76.775714,PM10,8,48,26
India,Chandigarh,Chandigarh,"Sector-25, Chandigarh - CPCC",13-09-2026 15:00:00,30.751462,76.762879,PM10,11,46,32
India,Chandigarh,Chandigarh,"Sector-53, Chandigarh - CPCC",13-09-2026 15:00:00,30.719859,76.738637,PM10,5,40,24
India,Chhattisgarh,Bhilai,"Civic Center, Bhilai - Bhilai Steel Plant",13-09-2026 15:00:00,21.185571,81.343175,PM10,4,16,8
India,Andhra Pradesh,Kadapa,"Yerramukkapalli, Kadapa - APPCB",13-09-2026 15:00:00,14.465052,78.824187,PM10,NA,NA,NA
India,Andhra Pradesh,Kakinada,"Rama Rao Peta, Kakinada - APPCB",13-09-2026 15:00:00,16.962488,82.229513,NO2,18,57,34
India,Andhra Pradesh,Kakinada,"Rama Rao Peta, Kakinada - APPCB",13-09-2026 15:00:00,16.962488,82.229513,CO,7,36,28
India,Andhra Pradesh,Kakinada,"Rama Rao Peta, Kakinada - APPCB",13-09-2026 15:00:00,16.962488,82.229513,OZONE,11,36,22
India,Andhra Pradesh,Kurnool,"Sita Rama Nagar, Kurnool - APPCB",13-09-2026 15:00:00,15.83411,78.028546,NH3,5,5,5
India,Andhra Pradesh,Kurnool,"Sita Rama Nagar, Kurnool - APPCB",13-09-2026 15:00:00,15.83411,78.028546,SO2,10,11,10
India,Andhra Pradesh,Nellore,"Ambedkar Nagar, Nellore - APPCB ",13-09-2026 15:00:00,14.438164,79.966814,PM2.5,40,65,56
India,Andhra Pradesh,Nellore,"Ambedkar Nagar, Nellore - APPCB ",13-09-2026 15:00:00,14.438164,79.966814,PM10,56,79,65
India,Andhra Pradesh,Nellore,"Ambedkar Nagar, Nellore - APPCB ",13-09-2026 15:00:00,14.438164,79.966814,NH3,5,7,7
India,Andhra Pradesh,Nellore,"Ambedkar Nagar, Nellore - APPCB ",13-09-2026 15:00:00,14.438164,79.966814,OZONE,18,43,29
India,Andhra Pradesh,Rajamahendravaram,"Anand Kala Kshetram, Rajamahendravaram - APPCB",13-09-2026 15:00:00,16.9872867,81.7363176,NO2,4,23,10
India,Andhra Pradesh,Tirumala,"Toll Gate, Tirumala - APPCB",13-09-2026 15:00:00,13.67,79.35,PM10,34,135,62
India,Andhra Pradesh,Tirumala,"Toll Gate, Tirumala - APPCB",13-09-2026 15:00:00,13.67,79.35,NO2,23,74,51
India,Andhra Pradesh,Tirumala,"Toll Gate, Tirumala - APPCB",13-09-2026 15:00:00,13.67,79.35,SO2,0,45,5
India,Andhra Pradesh,Tirupati,"Vaikuntapuram, Tirupati - APPCB",13-09-2026 15:00:00,13.615387,79.40923,CO,16,24,20
India,Andhra Pradesh,Tirupati,"Vaikuntapuram, Tirupati - APPCB",13-09-2026 15:00:00,13.615387,79.40923,OZONE,12,38,24
India,Andhra Pradesh,Vijayawada,"Rajiv Nagar, Vijayawada - APPCB",13-09-2026 15:00:00,16.554731,80.64911,SO2,12,21,18
India,Bihar,Bhagalpur,"DM Office_Kachari Chowk, Bhagalpur - BSPCB",13-09-2026 15:00:00,25.251013,86.989001,NH3,4,4,4
India,Bihar,Gaya,"Kareemganj, Gaya - BSPCB",13-09-2026 15:00:00,24.792403,84.992416,PM10,11,134,68
India,Bihar,Gaya,"SFTI Kusdihra, Gaya - BSPCB",13-09-2026 15:00:00,24.762518,84.982348,NH3,6,8,7
India,Bihar,Gaya,"Collectorate, Gaya - BSPCB",13-09-2026 15:00:00,24.7955,84.9994,PM2.5,17,266,72
India,Bihar,Gaya,"Collectorate, Gaya - BSPCB",13-09-2026 15:00:00,24.7955,84.9994,PM10,NA,NA,NA
India,Bihar,Gaya,"Collectorate, Gaya - BSPCB",13-09-2026 15:00:00,24.7955,84.9994,CO,11,12,11
India,Bihar,Hajipur,"Industrial Area, Hajipur - BSPCB",13-09-2026 15:00:00,25.697189,85.2459,NO2,10,35,21
India,Bihar,Hajipur,"Industrial Area, Hajipur - BSPCB",13-09-2026 15:00:00,25.697189,85.2459,SO2,3,5,4
India,Bihar,Hajipur,"Industrial Area, Hajipur - BSPCB",13-09-2026 15:00:00,25.697189,85.2459,CO,16,31,23
India,Bihar,Katihar,"Mirchaibari, Katihar - BSPCB",13-09-2026 15:00:00,25.560083,87.553265,NO2,NA,NA,NA
India,Bihar,Katihar,"Mirchaibari, Katihar - BSPCB",13-09-2026 15:00:00,25.560083,87.553265,NH3,1,1,1
India,Bihar,Kishanganj,"SDM Office_Khagra, Kishanganj - BSPCB",13-09-2026 15:00:00,26.0881305,87.93840336,PM10,31,56,37
India,Bihar,Kishanganj,"SDM Office_Khagra, Kishanganj - BSPCB",13-09-2026 15:00:00,26.0881305,87.93840336,SO2,4,11,8
India,Bihar,Kishanganj,"SDM Office_Khagra, Kishanganj - BSPCB",13-09-2026 15:00:00,26.0881305,87.93840336,OZONE,32,33,33
India,Bihar,Motihari,"Gandak Colony, Motihari - BSPCB",13-09-2026 15:00:00,26.63086,84.90051,PM10,12,57,25
India,Chhattisgarh,Bhilai,"32Bungalows, Bhilai - CECB",13-09-2026 15:00:00,21.194815,81.31477,PM10,3,21,10
India,Chhattisgarh,Bhilai,"32Bungalows, Bhilai - CECB",13-09-2026 15:00:00,21.194815,81.31477,OZONE,19,26,22
India,Chhattisgarh,Bhilai,"Hathkhoj, Bhilai - CECB",13-09-2026 15:00:00,21.224231,81.40835,PM10,6,23,15
India,Chhattisgarh,Bhilai,"Hathkhoj, Bhilai - CECB",13-09-2026 15:00:00,21.224231,81.40835,NO2,4,37,11
India,Chhattisgarh,Bilaspur,"Mangala, Bilaspur - NTPC",13-09-2026 15:00:00,22.08815,82.13737,NO2,18,22,20
India,Chhattisgarh,Bilaspur,"Mangala, Bilaspur - NTPC",13-09-2026 15:00:00,22.08815,82.13737,CO,22,26,24
India,Chhattisgarh,Bilaspur,"Mangala, Bilaspur - NTPC",13-09-2026 15:00:00,22.08815,82.13737,OZONE,NA,NA,NA
India,Chhattisgarh,Chhal,"Nawapara SECL Colony, Chhal - CECB",13-09-2026 15:00:00,22.118125,83.140608,PM2.5,20,51,35
India,Chhattisgarh,Chhal,"Nawapara SECL Colony, Chhal - CECB",13-09-2026 15:00:00,22.118125,83.140608,SO2,7,61,36
India,Chhattisgarh,Chhal,"Nawapara SECL Colony, Chhal - CECB",13-09-2026 15:00:00,22.118125,83.140608,CO,17,32,21
India,Chhattisgarh,Korba,"Urja Nagar, Korba - CECB",13-09-2026 15:00:00,22.348441,82.549611,NH3,1,1,1
India,Chhattisgarh,Kunjemura,"OP Jindal School, Kunjemura - CECB",13-09-2026 15:00:00,22.12665,83.483212,NH3,2,2,2
India,Chhattisgarh,Milupara,"Govt. Higher Secondary School, Milupara - CECB",13-09-2026 15:00:00,22.1910172,83.5197009,CO,1,8,4
India,Chhattisgarh,Milupara,"Govt. Higher Secondary School, Milupara - CECB",13-09-2026 15:00:00,22.1910172,83.5197009,OZONE,4,9,7
India,Assam,Nagaon,"Christianpatty, Nagaon - PCBA",13-09-2026 15:00:00,26.349082,92.68449,NH3,4,4,4
India,Assam,Nagaon,"Christianpatty, Nagaon - PCBA",13-09-2026 15:00:00,26.349082,92.68449,OZONE,9,13,12
India,Assam,Nalbari,"Bata Chowk, Nalbari - PCBA",13-09-2026 15:00:00,26.446912,91.439057,PM2.5,33,98,63
India,Assam,Nalbari,"Bata Chowk, Nalbari - PCBA",13-09-2026 15:00:00,26.446912,91.439057,NH3,6,6,6
India,Assam,Silchar,"Tarapur, Silchar - PCBA",13-09-2026 15:00:00,24.82827,92.79525,OZONE,5,8,6
India,Bihar,Araria,"Kharahiya Basti, Araria - BSPCB",13-09-2026 15:00:00,26.146529,87.454184,NH3,4,5,4
India,Bihar,Arrah,"New DM Office, Arrah - BSPCB",13-09-2026 15:00:00,25.5626095,84.663264,CO,49,62,53
India,Bihar,Begusarai,"Lohiyanagar, Begusarai - BSPCB",13-09-2026 15:00:00,25.42742023,86.13886079,PM10,35,105,65
India,Bihar,Begusarai,"Lohiyanagar, Begusarai - BSPCB",13-09-2026 15:00:00,25.42742023,86.13886079,OZONE,25,37,31
India,Bihar,Bettiah,"Kamalnath Nagar, Bettiah - BSPCB",13-09-2026 15:00:00,26.80365,84.51954,NH3,2,8,4
India,Bihar,Bhagalpur,"Mayaganj, Bhagalpur - BSPCB",13-09-2026 15:00:00,25.265194,87.012947,PM2.5,13,43,19
India,Bihar,Bhagalpur,"Mayaganj, Bhagalpur - BSPCB",13-09-2026 15:00:00,25.265194,87.012947,NO2,21,23,21
India,Bihar,Bhagalpur,"Mayaganj, Bhagalpur - BSPCB",13-09-2026 15:00:00,25.265194,87.012947,OZONE,10,22,16
India,Andhra Pradesh,Amaravati,"Secretariat, Amaravati - APPCB",13-09-2026 15:00:00,16.5150833,80.5181667,PM10,14,83,46
India,Andhra Pradesh,Amaravati,"Secretariat, Amaravati - APPCB",13-09-2026 15:00:00,16.5150833,80.5181667,NO2,10,23,19
India,Andhra Pradesh,Anantapur,"Gulzarpet, Anantapur - APPCB",13-09-2026 15:00:00,14.675886,77.593027,PM2.5,62,96,75
India,Andhra Pradesh,Anantapur,"Gulzarpet, Anantapur - APPCB",13-09-2026 15:00:00,14.675886,77.593027,OZONE,18,26,21
India,Andhra Pradesh,Chittoor,"Gangineni Cheruvu, Chittoor - APPCB",13-09-2026 15:00:00,13.20488,79.097889,PM2.5,50,89,69
India,Andhra Pradesh,Chittoor,"Gangineni Cheruvu, Chittoor - APPCB",13-09-2026 15:00:00,13.20488,79.097889,CO,13,22,17
India,Andhra Pradesh,Eluru,"District Court, Eluru - APPCB",13-09-2026 15:00:00,16.711754,81.092095,PM10,37,54,45
India,Andhra Pradesh,Eluru,"District Court, Eluru - APPCB",13-09-2026 15:00:00,16.711754,81.092095,NH3,3,5,4
India,Andhra Pradesh,Eluru,"District Court, Eluru - APPCB",13-09-2026 15:00:00,16.711754,81.092095,SO2,13,21,20
India,Andhra Pradesh,Guntur,"Rajendra Nagar North, Guntur - APPCB",13-09-2026 15:00:00,16.316553,80.413302,NO2,21,90,35
India,Andhra Pradesh,Guntur,"Rajendra Nagar North, Guntur - APPCB",13-09-2026 15:00:00,16.316553,80.413302,NH3,4,18,7
India,Andhra Pradesh,Guntur,"Rajendra Nagar North, Guntur - APPCB",13-09-2026 15:00:00,16.316553,80.413302,SO2,10,16,12
India,Chhattisgarh,Raipur,"Bhatagaon New ISBT, Raipur - CECB",13-09-2026 15:00:00,21.219665,81.630094,NO2,3,16,8
India,Chhattisgarh,Tumidih,"OP Jindal Industrial Park, Tumidih - CECB",13-09-2026 15:00:00,22.06631475,83.33820077,PM2.5,17,285,56
India,Delhi,Delhi,"Narela, Delhi - DPCC",13-09-2026 15:00:00,28.822836,77.101981,PM2.5,15,136,55
India,Delhi,Delhi,"Major Dhyan Chand National Stadium, Delhi - DPCC",13-09-2026 15:00:00,28.611281,77.237738,PM2.5,2,88,24
India,Delhi,Delhi,"Major Dhyan Chand National Stadium, Delhi - DPCC",13-09-2026 15:00:00,28.611281,77.237738,PM10,23,101,52
India,Delhi,Delhi,"Major Dhyan Chand National Stadium, Delhi - DPCC",13-09-2026 15:00:00,28.611281,77.237738,NO2,11,76,44
India,Delhi,Delhi,"Sonia Vihar, Delhi - DPCC",13-09-2026 15:00:00,28.710508,77.249485,CO,67,80,73
India,Delhi,Delhi,"Bawana, Delhi - DPCC",13-09-2026 15:00:00,28.7762,77.051074,NO2,2,22,8
India,Delhi,Delhi,"Okhla Phase-2, Delhi - DPCC",13-09-2026 15:00:00,28.530785,77.271255,CO,48,103,73
India,Delhi,Delhi,"Rohini, Delhi - DPCC",13-09-2026 15:00:00,28.732528,77.11992,NO2,2,12,7
India,Delhi,Delhi,"Rohini, Delhi - DPCC",13-09-2026 15:00:00,28.732528,77.11992,SO2,9,12,10
India,Delhi,Delhi,"Rohini, Delhi - DPCC",13-09-2026 15:00:00,28.732528,77.11992,CO,35,49,38
India,Delhi,Delhi,"Rohini, Delhi - DPCC",13-09-2026 15:00:00,28.732528,77.11992,OZONE,11,19,14
India,Delhi,Delhi,"Jahangirpuri, Delhi - DPCC",13-09-2026 15:00:00,28.73282,77.170633,SO2,10,17,14
India,Delhi,Delhi,"Sri Aurobindo Marg, Delhi - DPCC",13-09-2026 15:00:00,28.531346,77.190156,SO2,4,11,7
India,Delhi,Delhi,"Nehru Nagar, Delhi - DPCC",13-09-2026 15:00:00,28.56789,77.250515,SO2,1,107,11
India,Delhi,Delhi,"Jawaharlal Nehru Stadium, Delhi - DPCC",13-09-2026 15:00:00,28.58028,77.233829,OZONE,19,36,29
India,Delhi,Delhi,"NSUT Jaffarpur, Delhi - DPCC",13-09-2026 15:00:00,28.594004,76.909423,PM10,39,82,60
India,Delhi,Delhi,"Najafgarh, Delhi - DPCC",13-09-2026 15:00:00,28.570173,76.933762,PM2.5,2,67,26
India,Delhi,Delhi,"Najafgarh, Delhi - DPCC",13-09-2026 15:00:00,28.570173,76.933762,OZONE,10,23,15
India,Delhi,Delhi,"Wazirpur, Delhi - DPCC",13-09-2026 15:00:00,28.699793,77.165453,NO2,19,58,36
India,Bihar,Motihari,"Gandak Colony, Motihari - BSPCB",13-09-2026 15:00:00,26.63086,84.90051,NH3,1,1,1
India,Bihar,Munger,"Town Hall, Munger - BSPCB",13-09-2026 15:00:00,25.376776,86.471523,NO2,NA,NA,NA
India,Bihar,Muzaffarpur,"Buddha Colony, Muzaffarpur - BSPCB",13-09-2026 15:00:00,26.11442,85.39813,NO2,11,71,20
India,Bihar,Muzaffarpur,"MIT-Daudpur Kothi, Muzaffarpur - BSPCB",13-09-2026 15:00:00,26.1403345,85.3650192,PM2.5,20,32,26
India,Bihar,Patna,"Samanpura, Patna - BSPCB",13-09-2026 15:00:00,25.596727,85.085624,PM2.5,NA,NA,NA
India,Bihar,Patna,"Muradpur, Patna - BSPCB",13-09-2026 15:00:00,25.619651,85.147382,PM10,51,56,54
India,Bihar,Patna,"DRM Office Danapur, Patna - BSPCB",13-09-2026 15:00:00,25.586562,85.043586,PM2.5,27,63,46
India,Bihar,Patna,"DRM Office Danapur, Patna - BSPCB",13-09-2026 15:00:00,25.586562,85.043586,PM10,30,53,39
India,Bihar,Patna,"DRM Office Danapur, Patna - BSPCB",13-09-2026 15:00:00,25.586562,85.043586,SO2,5,7,6
India,Bihar,Patna,"DRM Office Danapur, Patna - BSPCB",13-09-2026 15:00:00,25.586562,85.043586,CO,34,40,36
India,Andhra Pradesh,Vijayawada,"Rajiv Gandhi Park, Vijayawada - APPCB",13-09-2026 15:00:00,16.509717,80.612222,NH3,3,6,4
India,Andhra Pradesh,Visakhapatnam,"GVM Corporation, Visakhapatnam - APPCB",13-09-2026 15:00:00,17.72,83.3,NO2,58,124,101
India,Assam,Guwahati,"LGBI Airport, Guwahati - PCBA",13-09-2026 15:00:00,26.10887,91.589544,PM10,14,59,43
India,Assam,Guwahati,"LGBI Airport, Guwahati - PCBA",13-09-2026 15:00:00,26.10887,91.589544,SO2,7,14,11
India,Assam,Guwahati,"IITG, Guwahati - PCBA",13-09-2026 15:00:00,26.2028636,91.70046436,PM10,4,35,15
India,Assam,Guwahati,"IITG, Guwahati - PCBA",13-09-2026 15:00:00,26.2028636,91.70046436,CO,70,82,74
India,Assam,Guwahati,"IITG, Guwahati - PCBA",13-09-2026 15:00:00,26.2028636,91.70046436,OZONE,4,26,18
India,Assam,Guwahati,"Railway Colony, Guwahati - PCBA",13-09-2026 15:00:00,26.181742,91.78063,PM2.5,16,64,41
India,Assam,Guwahati,"Railway Colony, Guwahati - PCBA",13-09-2026 15:00:00,26.181742,91.78063,SO2,3,10,6
India,Assam,Guwahati,"Railway Colony, Guwahati - PCBA",13-09-2026 15:00:00,26.181742,91.78063,CO,6,22,12
India,Haryana,Gurugram,"Teri Gram, Gurugram - HSPCB",13-09-2026 15:00:00,28.4275,77.1465,NH3,9,17,12
India,Haryana,Gurugram,"Teri Gram, Gurugram - HSPCB",13-09-2026 15:00:00,28.4275,77.1465,SO2,3,23,12
India,Haryana,Gurugram,"Teri Gram, Gurugram - HSPCB",13-09-2026 15:00:00,28.4275,77.1465,CO,11,23,17
India,Haryana,Gurugram,"Vikas Sadan, Gurugram - HSPCB",13-09-2026 15:00:00,28.4501238,77.0263051,PM10,21,195,62
India,Haryana,Gurugram,"Vikas Sadan, Gurugram - HSPCB",13-09-2026 15:00:00,28.4501238,77.0263051,SO2,14,20,17
India,Haryana,Hisar,"Urban Estate-II, Hisar - HSPCB",13-09-2026 15:00:00,29.14056,75.744941,PM10,37,82,54
India,Haryana,Jind,"Police Lines, Jind - HSPCB",13-09-2026 15:00:00,29.307814,76.337619,SO2,27,30,28
India,Haryana,Kaithal,"Rishi Nagar, Kaithal - HSPCB",13-09-2026 15:00:00,29.8006,76.4155,PM10,60,122,100
India,Haryana,Kaithal,"Rishi Nagar, Kaithal - HSPCB",13-09-2026 15:00:00,29.8006,76.4155,OZONE,7,35,16
India,Haryana,Karnal,"Sector-12, Karnal - HSPCB",13-09-2026 15:00:00,29.6953,77.0027,PM2.5,28,63,44
India,Haryana,Kurukshetra,"Sector-7, Kurukshetra - HSPCB",13-09-2026 15:00:00,29.966942,76.875879,PM10,41,85,63
India,Haryana,Kurukshetra,"Sector-7, Kurukshetra - HSPCB",13-09-2026 15:00:00,29.966942,76.875879,SO2,2,10,7
India,Haryana,Manesar,"Sector-2 IMT, Manesar - HSPCB",13-09-2026 15:00:00,28.360699,76.93609,PM10,50,120,87
India,Haryana,Manesar,"Sector-2 IMT, Manesar - HSPCB",13-09-2026 15:00:00,28.360699,76.93609,NO2,17,75,32
India,Haryana,Manesar,"Sector-2 IMT, Manesar - HSPCB",13-09-2026 15:00:00,28.360699,76.93609,SO2,0,18,8
India,Haryana,Narnaul,"Shastri Nagar, Narnaul - HSPCB",13-09-2026 15:00:00,28.060249,76.113115,CO,18,26,22
India,Haryana,Palwal,"Shyam Nagar, Palwal - HSPCB",13-09-2026 15:00:00,28.1485564,77.3320667,OZONE,9,10,10
India,Haryana,Ballabgarh,"Nathu Colony, Ballabgarh - HSPCB",13-09-2026 15:00:00,28.3419248,77.319699,NO2,19,21,20
India,Haryana,Bhiwani,"H.B. Colony, Bhiwani - HSPCB",13-09-2026 15:00:00,28.806223,76.141105,PM2.5,NA,NA,NA
India,Haryana,Charkhi Dadri,"Mini Secretariat, Charkhi Dadri - HSPCB",13-09-2026 15:00:00,28.593883,76.270653,SO2,7,9,8
India,Haryana,Dharuhera,"Municipal Corporation Office, Dharuhera -  HSPCB",13-09-2026 15:00:00,28.2068,76.7997,NO2,NA,NA,NA
India,Haryana,Faridabad,"New Industrial Town, Faridabad - HSPCB",13-09-2026 15:00:00,28.39072,77.30059,PM2.5,58,122,74
India,Haryana,Faridabad,"New Industrial Town, Faridabad - HSPCB",13-09-2026 15:00:00,28.39072,77.30059,OZONE,14,15,14
India,Haryana,Faridabad,"Sector 30, Faridabad - HSPCB",13-09-2026 15:00:00,28.4417,77.3217,PM2.5,56,156,89
India,Haryana,Faridabad,"Sector 30, Faridabad - HSPCB",13-09-2026 15:00:00,28.4417,77.3217,NH3,6,7,6
India,Haryana,Faridabad,"Sector 30, Faridabad - HSPCB",13-09-2026 15:00:00,28.4417,77.3217,CO,25,35,31
India,Haryana,Fatehabad,"Huda Sector, Fatehabad - HSPCB",13-09-2026 15:00:00,29.503664,75.467934,PM2.5,34,52,42
India,Haryana,Fatehabad,"Huda Sector, Fatehabad - HSPCB",13-09-2026 15:00:00,29.503664,75.467934,OZONE,29,51,40
India,Haryana,Gurugram,"NISE Gwal Pahari, Gurugram - IITM",13-09-2026 15:00:00,28.422681,77.148944,NO2,13,26,19
India,Haryana,Gurugram,"NISE Gwal Pahari, Gurugram - IITM",13-09-2026 15:00:00,28.422681,77.148944,CO,35,42,38
India,Haryana,Gurugram,"Sector-51, Gurugram - HSPCB",13-09-2026 15:00:00,28.4227,77.0667,PM10,24,71,42
India,Haryana,Gurugram,"Sector-51, Gurugram - HSPCB",13-09-2026 15:00:00,28.4227,77.0667,NO2,17,52,31
India,Haryana,Gurugram,"Sector-51, Gurugram - HSPCB",13-09-2026 15:00:00,28.4227,77.0667,NH3,6,17,10
India,Jammu and Kashmir,Srinagar,"Khunmoh, Srinagar - JKPCC",13-09-2026 15:00:00,34.06313,74.96017,SO2,2,5,3
India,Jammu and Kashmir,Srinagar,"Khunmoh, Srinagar - JKPCC",13-09-2026 15:00:00,34.06313,74.96017,OZONE,NA,NA,NA
India,Jharkhand,Dhanbad,"Sardar Patel Nagar, Dhanbad - JSPCB",13-09-2026 15:00:00,23.80569,86.44268,CO,7,19,11
India,Jharkhand,Jorapokhar,"Tata Stadium, Jorapokhar - JSPCB",13-09-2026 15:00:00,23.707909,86.41467,PM10,47,467,92
India,Karnataka,Bengaluru,"Silk Board, Bengaluru - KSPCB",13-09-2026 15:00:00,12.917348,77.622813,OZONE,NA,NA,NA
India,Karnataka,Bengaluru,"Bapuji Nagar, Bengaluru - KSPCB",13-09-2026 15:00:00,12.951913,77.539784,NH3,4,4,4
India,Karnataka,Bengaluru,"Jayanagar 5th Block, Bengaluru - KSPCB",13-09-2026 15:00:00,12.920984,77.584908,NH3,0,1,1
India,Karnataka,Bengaluru,"Hombegowda Nagar, Bengaluru - KSPCB",13-09-2026 15:00:00,12.938539,77.5901,PM10,45,114,69
India,Karnataka,Bengaluru,"Hombegowda Nagar, Bengaluru - KSPCB",13-09-2026 15:00:00,12.938539,77.5901,NO2,7,93,22
India,Karnataka,Bengaluru,"Hombegowda Nagar, Bengaluru - KSPCB",13-09-2026 15:00:00,12.938539,77.5901,SO2,2,12,7
India,Karnataka,Bengaluru,"Hombegowda Nagar, Bengaluru - KSPCB",13-09-2026 15:00:00,12.938539,77.5901,OZONE,14,32,24
India,Karnataka,Bengaluru,"Peenya, Bengaluru - CPCB",13-09-2026 15:00:00,13.0270199,77.494094,NO2,21,24,23
India,Karnataka,Bengaluru,"Peenya, Bengaluru - CPCB",13-09-2026 15:00:00,13.0270199,77.494094,SO2,6,15,10
India,Karnataka,Bengaluru,"Peenya, Bengaluru - CPCB",13-09-2026 15:00:00,13.0270199,77.494094,OZONE,21,22,22
India,Karnataka,Bengaluru,"Shivapura_Peenya, Bengaluru - KSPCB",13-09-2026 15:00:00,13.0246342,77.5080115,NO2,39,41,40
India,Haryana,Panchgaon,"Amity University, Panchgaon - IITM",13-09-2026 15:00:00,28.3153,76.9143,OZONE,9,29,19
India,Haryana,Panchkula,"Sector-6, Panchkula - HSPCB ",13-09-2026 15:00:00,30.7057778,76.8531805555555,PM2.5,NA,NA,NA
India,Haryana,Panchkula,"Sector-6, Panchkula - HSPCB ",13-09-2026 15:00:00,30.7057778,76.8531805555555,CO,17,20,19
India,Haryana,Rohtak,"MD University, Rohtak - HSPCB",13-09-2026 15:00:00,28.52123,76.37138,SO2,9,13,10
India,Haryana,Sirsa,"F-Block, Sirsa - HSPCB",13-09-2026 15:00:00,29.5364,75.0158,SO2,33,41,37
India,Haryana,Sonipat,"Murthal, Sonipat - HSPCB",13-09-2026 15:00:00,29.0272,77.0621,NH3,8,9,9
India,Haryana,Sonipat,"Murthal, Sonipat - HSPCB",13-09-2026 15:00:00,29.0272,77.0621,SO2,53,55,53
India,Haryana,Yamuna Nagar,"Gobind Pura, Yamuna Nagar - HSPCB",13-09-2026 15:00:00,30.1480566,77.2893471,PM2.5,53,179,99
India,Haryana,Yamuna Nagar,"Gobind Pura, Yamuna Nagar - HSPCB",13-09-2026 15:00:00,30.1480566,77.2893471,NO2,11,20,16
India,Haryana,Yamuna Nagar,"Gobind Pura, Yamuna Nagar - HSPCB",13-09-2026 15:00:00,30.1480566,77.2893471,SO2,10,15,12
India,Haryana,Yamuna Nagar,"Gobind Pura, Yamuna Nagar - HSPCB",13-09-2026 15:00:00,30.1480566,77.2893471,CO,49,53,51
India,Jammu and Kashmir,Pampore,"Khrew, Pampore - JKPCC",13-09-2026 15:00:00,34.031606,75.009712,NO2,0,1,1
India,Jammu and Kashmir,Pampore,"Khrew, Pampore - JKPCC",13-09-2026 15:00:00,34.031606,75.009712,NH3,NA,NA,NA
India,Jammu and Kashmir,Pampore,"Khrew, Pampore - JKPCC",13-09-2026 15:00:00,34.031606,75.009712,SO2,0,9,3
India,Jammu and Kashmir,Pampore,"Khrew, Pampore - JKPCC",13-09-2026 15:00:00,34.031606,75.009712,CO,NA,NA,NA
India,Delhi,Delhi,"Aya Nagar, Delhi - IITM",13-09-2026 15:00:00,28.4706914,77.1099364,SO2,NA,NA,NA
India,Delhi,Delhi,"CRRI Mathura Road, Delhi - IITM",13-09-2026 15:00:00,28.5512005,77.2735737,PM2.5,14,77,45
India,Delhi,Delhi,"CRRI Mathura Road, Delhi - IITM",13-09-2026 15:00:00,28.5512005,77.2735737,PM10,24,117,65
India,Delhi,Delhi,"CRRI Mathura Road, Delhi - IITM",13-09-2026 15:00:00,28.5512005,77.2735737,SO2,NA,NA,NA
India,Delhi,Delhi,"Burari Crossing, Delhi - IITM",13-09-2026 15:00:00,28.7256504,77.2011573,OZONE,23,87,57
India,Delhi,Delhi,"IMD Lodhi Road, Delhi - IITM",13-09-2026 15:00:00,28.5918245,77.2273074,PM2.5,4,84,48
India,Delhi,Delhi,"IMD Lodhi Road, Delhi - IITM",13-09-2026 15:00:00,28.5918245,77.2273074,OZONE,17,79,58
India,Delhi,Delhi,"JNU, Delhi - DPCC",13-09-2026 15:00:00,28.540721,77.168544,PM2.5,21,65,46
India,Delhi,Delhi,"JNU, Delhi - DPCC",13-09-2026 15:00:00,28.540721,77.168544,NO2,4,47,20
India,Delhi,Delhi,"JNU, Delhi - DPCC",13-09-2026 15:00:00,28.540721,77.168544,SO2,3,5,4
India,Gujarat,Ahmedabad,"Rakhial, Ahmedabad - IITM",13-09-2026 15:00:00,23.016834,72.625775,PM10,50,134,80
India,Gujarat,Ahmedabad,"Maninagar, Ahmedabad - GPCB",13-09-2026 15:00:00,23.002657,72.591912,OZONE,29,85,48
India,Gujarat,Ahmedabad,"SVPI Airport Hansol, Ahmedabad - IITM",13-09-2026 15:00:00,23.076793,72.627874,NH3,2,7,4
India,Gujarat,Ahmedabad,"Gyaspur, Ahmedabad - IITM",13-09-2026 15:00:00,22.977134,72.553024,OZONE,20,33,27
India,Delhi,Delhi,"Wazirpur, Delhi - DPCC",13-09-2026 15:00:00,28.699793,77.165453,SO2,11,24,20
India,Delhi,Delhi,"Mundka, Delhi - DPCC",13-09-2026 15:00:00,28.684678,77.076574,CO,39,46,43
India,Delhi,Delhi,"Shadipur, Delhi - CPCB",13-09-2026 15:00:00,28.6514781,77.1473105,PM2.5,25,96,53
India,Delhi,Delhi,"Mandir Marg, Delhi - DPCC",13-09-2026 15:00:00,28.636429,77.201067,NO2,4,24,10
India,Delhi,Delhi,"Pusa, Delhi - DPCC",13-09-2026 15:00:00,28.639652,77.146275,PM10,23,135,71
India,Delhi,Delhi,"Pusa, Delhi - DPCC",13-09-2026 15:00:00,28.639652,77.146275,OZONE,9,10,10
India,Delhi,Delhi,"Sirifort, Delhi - CPCB",13-09-2026 15:00:00,28.5504249,77.2159377,CO,17,32,24
India,Delhi,Delhi,"Pusa, Delhi - IITM",13-09-2026 15:00:00,28.63611,77.173332,PM10,31,116,77
India,Delhi,Delhi,"Pusa, Delhi - IITM",13-09-2026 15:00:00,28.63611,77.173332,NO2,14,111,53
India,Delhi,Delhi,"Pusa, Delhi - IITM",13-09-2026 15:00:00,28.63611,77.173332,CO,22,33,26
India,Delhi,Delhi,"Pusa, Delhi - IITM",13-09-2026 15:00:00,28.63611,77.173332,OZONE,21,134,86
India,Delhi,Delhi,"DTU, Delhi - CPCB",13-09-2026 15:00:00,28.7500499,77.1112615,PM2.5,12,213,67
India,Delhi,Delhi,"DTU, Delhi - CPCB",13-09-2026 15:00:00,28.7500499,77.1112615,PM10,44,133,84
India,Delhi,Delhi,"Dwarka-Sector 8, Delhi - DPCC ",13-09-2026 15:00:00,28.5710274,77.0719006,NO2,14,81,38
India,Delhi,Delhi,"Dwarka-Sector 8, Delhi - DPCC ",13-09-2026 15:00:00,28.5710274,77.0719006,SO2,10,23,16
India,Delhi,Delhi,"Dwarka-Sector 8, Delhi - DPCC ",13-09-2026 15:00:00,28.5710274,77.0719006,CO,8,13,11
India,Delhi,Delhi,"Dr. Karni Singh Shooting Range, Delhi - DPCC",13-09-2026 15:00:00,28.498571,77.26484,CO,15,24,20
India,Delhi,Delhi,"Dr. Karni Singh Shooting Range, Delhi - DPCC",13-09-2026 15:00:00,28.498571,77.26484,OZONE,8,25,19
India,Delhi,Delhi,"IIT Delhi, Delhi - IITM",13-09-2026 15:00:00,28.54246,77.191651,NH3,NA,NA,NA
India,Delhi,Delhi,"IGNOU_Maidan Garhi, Delhi - DPCC",13-09-2026 15:00:00,28.493624,77.201159,PM10,30,71,52
India,Delhi,Delhi,"Talkatora Garden, Delhi - DPCC",13-09-2026 15:00:00,28.62181,77.1944633,PM2.5,20,89,49
India,Delhi,Delhi,"Talkatora Garden, Delhi - DPCC",13-09-2026 15:00:00,28.62181,77.1944633,NO2,NA,NA,NA
India,Delhi,Delhi,"Talkatora Garden, Delhi - DPCC",13-09-2026 15:00:00,28.62181,77.1944633,SO2,NA,NA,NA
India,Delhi,Delhi,"ITO, Delhi - CPCB",13-09-2026 15:00:00,28.628624,77.24106,PM2.5,25,71,51
India,Delhi,Delhi,"ITO, Delhi - CPCB",13-09-2026 15:00:00,28.628624,77.24106,PM10,41,120,77
India,Delhi,Delhi,"ITO, Delhi - CPCB",13-09-2026 15:00:00,28.628624,77.24106,SO2,15,60,29
India,Delhi,Delhi,"North Campus, DU, Delhi - IITM",13-09-2026 15:00:00,28.6573814,77.1585447,PM10,43,167,90
India,Delhi,Delhi,"North Campus, DU, Delhi - IITM",13-09-2026 15:00:00,28.6573814,77.1585447,NO2,48,208,115
India,Gujarat,Surat,"Science Center, Surat - SMC",13-09-2026 15:00:00,21.170046,72.795405,OZONE,NA,NA,NA
India,Gujarat,Vadodara,"Bapunagar, Vadodara - Nexteng Enviro",13-09-2026 15:00:00,22.320153,73.216285,NH3,2,2,2
India,Gujarat,Vadodara,"Bapunagar, Vadodara - Nexteng Enviro",13-09-2026 15:00:00,22.320153,73.216285,SO2,8,9,8
India,Gujarat,Vatva,"Phase-4 GIDC, Vatva - GPCB",13-09-2026 15:00:00,22.969611,72.6435,PM10,57,130,86
India,Gujarat,Vatva,"Phase-4 GIDC, Vatva - GPCB",13-09-2026 15:00:00,22.969611,72.6435,NO2,18,34,30
India,Gujarat,Vatva,"Phase-4 GIDC, Vatva - GPCB",13-09-2026 15:00:00,22.969611,72.6435,CO,65,89,73
India,Haryana,Ambala,"Patti Mehar, Ambala - HSPCB",13-09-2026 15:00:00,30.379589,76.778328,PM2.5,18,72,45
India,Haryana,Ambala,"Patti Mehar, Ambala - HSPCB",13-09-2026 15:00:00,30.379589,76.778328,PM10,41,196,103
India,Haryana,Ambala,"Patti Mehar, Ambala - HSPCB",13-09-2026 15:00:00,30.379589,76.778328,CO,24,43,36
India,Haryana,Bahadurgarh,"Arya Nagar, Bahadurgarh - HSPCB",13-09-2026 15:00:00,28.6701,76.9254,PM2.5,41,94,65
India,Gujarat,Ahmedabad,"Raikhad, Ahmedabad - IITM",13-09-2026 15:00:00,23.020509,72.579261,NO2,10,25,15
India,Gujarat,Ahmedabad,"Raikhad, Ahmedabad - IITM",13-09-2026 15:00:00,23.020509,72.579261,OZONE,5,16,9
India,Gujarat,Ahmedabad,"Chandkheda, Ahmedabad - IITM",13-09-2026 15:00:00,23.107969,72.574648,NO2,8,30,16
India,Gujarat,Ankleshwar,"GIDC, Ankleshwar - GPCB",13-09-2026 15:00:00,21.613267,73.010555,NO2,NA,NA,NA
India,Gujarat,Gandhinagar,"GIFT City, Gandhinagar - IITM",13-09-2026 15:00:00,23.163798,72.677768,NO2,13,50,25
India,Gujarat,Gandhinagar,"GIFT City, Gandhinagar - IITM",13-09-2026 15:00:00,23.163798,72.677768,CO,16,27,23
India,Gujarat,Gandhinagar,"GIFT City, Gandhinagar - IITM",13-09-2026 15:00:00,23.163798,72.677768,OZONE,3,13,8
India,Gujarat,Mehsana,"Sadanand Nagar, Mehsana - Nexteng Enviro",13-09-2026 15:00:00,23.59315,72.372792,SO2,14,16,15
India,Gujarat,Rajkot,"Mavdi, Rajkot - Nexteng Enviro ",13-09-2026 15:00:00,22.248853,70.776774,NO2,7,22,11
India,Karnataka,Ramanagara,"Vijay Nagar, Ramanagara - KSPCB",13-09-2026 15:00:00,12.733409,77.298051,PM10,28,109,58
India,Karnataka,Ramanagara,"Vijay Nagar, Ramanagara - KSPCB",13-09-2026 15:00:00,12.733409,77.298051,OZONE,17,42,24
India,Karnataka,Shivamogga,"Vinoba Nagara, Shivamogga - KSPCB",13-09-2026 15:00:00,13.94,75.555917,SO2,2,7,6
India,Karnataka,Yadgir,"Collector Office, Yadgir - KSPCB",13-09-2026 15:00:00,16.7602,77.1428,NH3,0,1,1
India,Karnataka,Yadgir,"Collector Office, Yadgir - KSPCB",13-09-2026 15:00:00,16.7602,77.1428,OZONE,8,33,17
India,Kerala,Thiruvananthapuram,"Kariavattom, Thiruvananthapuram - Kerala PCB",13-09-2026 15:00:00,8.5637,76.8865,PM2.5,35,40,37
India,Kerala,Thiruvananthapuram,"Kariavattom, Thiruvananthapuram - Kerala PCB",13-09-2026 15:00:00,8.5637,76.8865,SO2,3,3,3
India,Kerala,Thrissur,"Corporation Ground, Thrissur - Kerala PCB",13-09-2026 15:00:00,10.5324,76.2159,PM10,49,64,58
India,Kerala,Thrissur,"Corporation Ground, Thrissur - Kerala PCB",13-09-2026 15:00:00,10.5324,76.2159,NH3,0,0,0
India,Kerala,Thrissur,"Corporation Ground, Thrissur - Kerala PCB",13-09-2026 15:00:00,10.5324,76.2159,SO2,0,0,0
India,Madhya Pradesh,Bhopal,"Idgah Hills, Bhopal - MPPCB",13-09-2026 15:00:00,23.264759,77.381568,PM10,35,64,45
India,Madhya Pradesh,Bhopal,"Idgah Hills, Bhopal - MPPCB",13-09-2026 15:00:00,23.264759,77.381568,NH3,3,4,4
India,Madhya Pradesh,Bhopal,"T T Nagar, Bhopal - MPPCB",13-09-2026 15:00:00,23.233584,77.400574,SO2,21,25,22
India,Madhya Pradesh,Bhopal,"T T Nagar, Bhopal - MPPCB",13-09-2026 15:00:00,23.233584,77.400574,CO,8,9,9
India,Madhya Pradesh,Damoh,"Shrivastav Colony, Damoh - MPPCB",13-09-2026 15:00:00,23.81748678,79.446246,PM2.5,7,45,21
India,Madhya Pradesh,Damoh,"Shrivastav Colony, Damoh - MPPCB",13-09-2026 15:00:00,23.81748678,79.446246,PM10,8,54,25
India,Madhya Pradesh,Damoh,"Shrivastav Colony, Damoh - MPPCB",13-09-2026 15:00:00,23.81748678,79.446246,NO2,5,8,6
India,Madhya Pradesh,Damoh,"Shrivastav Colony, Damoh - MPPCB",13-09-2026 15:00:00,23.81748678,79.446246,SO2,9,10,9
India,Madhya Pradesh,Damoh,"Shrivastav Colony, Damoh - MPPCB",13-09-2026 15:00:00,23.81748678,79.446246,CO,13,16,15
India,Madhya Pradesh,Dewas,"Bhopal Chauraha, Dewas - MPPCB",13-09-2026 15:00:00,22.9682591,76.064118,PM2.5,14,77,37
India,Maharashtra,Jalgaon,"Prabhat Colony, Jalgaon - MPCB",13-09-2026 15:00:00,21.001264,75.565602,NH3,2,3,3
India,Maharashtra,Jalgaon,"Prabhat Colony, Jalgaon - MPCB",13-09-2026 15:00:00,21.001264,75.565602,CO,70,72,71
India,Maharashtra,Jalna,"Old MIDC, Jalna - MPCB",13-09-2026 15:00:00,19.854616,75.905894,PM2.5,10,140,57
India,Maharashtra,Jalna,"Old MIDC, Jalna - MPCB",13-09-2026 15:00:00,19.854616,75.905894,NH3,3,5,4
India,Maharashtra,Kalyan,"Khadakpada, Kalyan - MPCB",13-09-2026 15:00:00,19.25292,73.142019,PM10,13,46,23
India,Maharashtra,Kalyan,"Khadakpada, Kalyan - MPCB",13-09-2026 15:00:00,19.25292,73.142019,NH3,1,1,1
India,Maharashtra,Kalyan,"Khadakpada, Kalyan - MPCB",13-09-2026 15:00:00,19.25292,73.142019,OZONE,8,8,8
India,Maharashtra,Kolhapur,"Sinchan Bhavan, Kolhapur - MPCB",13-09-2026 15:00:00,16.7143745,74.2426398,NO2,1,13,6
India,Maharashtra,Kolhapur,"Shivaji University, Kolhapur - MPCB",13-09-2026 15:00:00,16.6870449,74.2505872,PM2.5,9,31,19
India,Maharashtra,Kolhapur,"Shivaji University, Kolhapur - MPCB",13-09-2026 15:00:00,16.6870449,74.2505872,NO2,5,19,12
India,Maharashtra,Latur,"Sawe Wadi, Latur - MPCB",13-09-2026 15:00:00,18.39963,76.57452,NO2,6,20,10
India,Maharashtra,Latur,"Sawe Wadi, Latur - MPCB",13-09-2026 15:00:00,18.39963,76.57452,SO2,NA,NA,NA
India,Maharashtra,Mahad,"Kamble Tarf Birwadi, Mahad - MPCB",13-09-2026 15:00:00,18.1023399,73.4783687,NH3,5,5,5
India,Maharashtra,Mahad,"Kamble Tarf Birwadi, Mahad - MPCB",13-09-2026 15:00:00,18.1023399,73.4783687,SO2,3,21,9
India,Maharashtra,Malegaon,"Mahesh Nagar, Malegaon - MPCB",13-09-2026 15:00:00,20.555712,74.529236,NH3,1,1,1
India,Maharashtra,Mira-Bhayandar,"Bhayandar West, Mira-Bhayandar - MPCB",13-09-2026 15:00:00,19.296481,72.840923,PM2.5,11,36,21
India,Maharashtra,Mira-Bhayandar,"Bhayandar West, Mira-Bhayandar - MPCB",13-09-2026 15:00:00,19.296481,72.840923,NO2,4,22,14
India,Maharashtra,Mira-Bhayandar,"Bhayandar West, Mira-Bhayandar - MPCB",13-09-2026 15:00:00,19.296481,72.840923,SO2,1,4,2
India,Maharashtra,Ahmednagar,"Tarakpur, Ahmednagar - MPCB",13-09-2026 15:00:00,19.10122,74.73339,SO2,NA,NA,NA
India,Maharashtra,Akola,"Ramdaspeth, Akola - MPCB",13-09-2026 15:00:00,20.719516,77.000253,SO2,2,11,7
India,Maharashtra,Ambernath,"Chinchpada, Ambernath - MPCB",13-09-2026 15:00:00,19.215784,73.199781,PM2.5,10,38,20
India,Maharashtra,Ambernath,"Chinchpada, Ambernath - MPCB",13-09-2026 15:00:00,19.215784,73.199781,PM10,12,53,36
India,Maharashtra,Ambernath,"Chinchpada, Ambernath - MPCB",13-09-2026 15:00:00,19.215784,73.199781,OZONE,4,7,5
India,Maharashtra,Amravati,"Shivneri Colony, Amravati - MPCB",13-09-2026 15:00:00,20.9402359,77.7895248,OZONE,3,8,5
India,Maharashtra,Amravati,"Shri Shivaji Science College, Amravati - MPCB",13-09-2026 15:00:00,20.939198,77.765701,SO2,3,5,4
India,Maharashtra,Aurangabad,"Rachnakar Colony, Aurangabad - MPCB",13-09-2026 15:00:00,19.863756,75.321188,PM2.5,12,38,23
India,Maharashtra,Aurangabad,"More Chowk Waluj, Aurangabad - MPCB",13-09-2026 15:00:00,19.8389439,75.244448,NH3,7,8,7
India,Maharashtra,Badlapur,"Katrap, Badlapur - MPCB",13-09-2026 15:00:00,19.16485,73.23409,NO2,18,19,19
India,Maharashtra,Beed,"Bir, Beed - MPCB",13-09-2026 15:00:00,18.988474,75.753873,PM2.5,NA,NA,NA
India,Maharashtra,Belapur,"CBD Belapur, Belapur - MPCB",13-09-2026 15:00:00,19.0243902,73.0406721,PM2.5,11,35,23
India,Maharashtra,Belapur,"CBD Belapur, Belapur - MPCB",13-09-2026 15:00:00,19.0243902,73.0406721,PM10,17,52,34
India,Madhya Pradesh,Dewas,"Bhopal Chauraha, Dewas - MPPCB",13-09-2026 15:00:00,22.9682591,76.064118,NH3,1,2,2
India,Madhya Pradesh,Dewas,"Bhopal Chauraha, Dewas - MPPCB",13-09-2026 15:00:00,22.9682591,76.064118,SO2,22,56,33
India,Madhya Pradesh,Dewas,"Bhopal Chauraha, Dewas - MPPCB",13-09-2026 15:00:00,22.9682591,76.064118,CO,21,30,24
India,Madhya Pradesh,Gwalior,"Deen Dayal Nagar, Gwalior - MPPCB",13-09-2026 15:00:00,26.259242,78.216432,NO2,57,81,69
India,Madhya Pradesh,Gwalior,"Deen Dayal Nagar, Gwalior - MPPCB",13-09-2026 15:00:00,26.259242,78.216432,CO,53,63,59
India,Madhya Pradesh,Gwalior,"Deen Dayal Nagar, Gwalior - MPPCB",13-09-2026 15:00:00,26.259242,78.216432,OZONE,15,40,26
India,Madhya Pradesh,Gwalior,"City Center, Gwalior - MPPCB",13-09-2026 15:00:00,26.203442,78.193251,NO2,33,49,42
India,Madhya Pradesh,Gwalior,"City Center, Gwalior - MPPCB",13-09-2026 15:00:00,26.203442,78.193251,CO,34,41,38
India,Madhya Pradesh,Indore,"Residency Area, Indore - IMC",13-09-2026 15:00:00,22.7084,75.8815,PM2.5,10,22,17
India,Madhya Pradesh,Indore,"Residency Area, Indore - IMC",13-09-2026 15:00:00,22.7084,75.8815,PM10,9,24,17
India,Madhya Pradesh,Indore,"Residency Area, Indore - IMC",13-09-2026 15:00:00,22.7084,75.8815,NO2,NA,NA,NA
India,Madhya Pradesh,Indore,"Residency Area, Indore - IMC",13-09-2026 15:00:00,22.7084,75.8815,NH3,0,0,0
India,Madhya Pradesh,Indore,"Regional Park, Indore - IMC",13-09-2026 15:00:00,22.678,75.8559,PM10,7,23,14
India,Madhya Pradesh,Indore,"Regional Park, Indore - IMC",13-09-2026 15:00:00,22.678,75.8559,NO2,1,8,3
India,Madhya Pradesh,Indore,"Regional Park, Indore - IMC",13-09-2026 15:00:00,22.678,75.8559,CO,NA,NA,NA
India,Madhya Pradesh,Jabalpur,"Marhatal, Jabalpur - MPPCB",13-09-2026 15:00:00,23.168606,79.932247,PM10,10,33,20
India,Maharashtra,Belapur,"CBD Belapur, Belapur - MPCB",13-09-2026 15:00:00,19.0243902,73.0406721,CO,39,46,43
India,Maharashtra,Belapur,"CBD Belapur, Belapur - MPCB",13-09-2026 15:00:00,19.0243902,73.0406721,OZONE,9,11,10
India,Maharashtra,Bhiwandi,"Gokul Nagar, Bhiwandi - MPCB",13-09-2026 15:00:00,19.309073,73.057223,CO,23,28,25
India,Maharashtra,Boisar,"Khaira, Boisar - MPCB",13-09-2026 15:00:00,19.786089,72.757971,PM2.5,11,38,23
India,Maharashtra,Chandrapur,"MIDC Khutala, Chandrapur - MPCB",13-09-2026 15:00:00,19.9775302,79.2337086,NH3,NA,NA,NA
India,Maharashtra,Dhule,"Deopur, Dhule - MPCB",13-09-2026 15:00:00,20.918946,74.776388,NH3,1,2,2
India,Maharashtra,Dhule,"Deopur, Dhule - MPCB",13-09-2026 15:00:00,20.918946,74.776388,OZONE,15,18,16
India,Maharashtra,Dombivli,"Kalu Nagar, Dombivli - MPCB",13-09-2026 15:00:00,19.2268427,73.0788456,PM10,4,23,12
India,Maharashtra,Dombivli,"Kalu Nagar, Dombivli - MPCB",13-09-2026 15:00:00,19.2268427,73.0788456,SO2,24,56,27
India,Maharashtra,Hingoli,"Ashta Vinayak Nagar, Hingoli - MPCB",13-09-2026 15:00:00,19.710842,77.151824,PM10,24,85,43
India,Maharashtra,Hingoli,"Ashta Vinayak Nagar, Hingoli - MPCB",13-09-2026 15:00:00,19.710842,77.151824,NO2,3,20,9
India,Maharashtra,Hingoli,"Ashta Vinayak Nagar, Hingoli - MPCB",13-09-2026 15:00:00,19.710842,77.151824,OZONE,7,27,20
India,Maharashtra,Jalgaon,"Prabhat Colony, Jalgaon - MPCB",13-09-2026 15:00:00,21.001264,75.565602,PM2.5,28,66,49
India,Madhya Pradesh,Jabalpur,"Suhagi, Jabalpur - JMC",13-09-2026 15:00:00,23.218135,79.95777,NO2,39,90,58
India,Madhya Pradesh,Jabalpur,"Suhagi, Jabalpur - JMC",13-09-2026 15:00:00,23.218135,79.95777,NH3,6,6,6
India,Madhya Pradesh,Jabalpur,"Suhagi, Jabalpur - JMC",13-09-2026 15:00:00,23.218135,79.95777,OZONE,14,36,29
India,Madhya Pradesh,Maihar,"Sahilara, Maihar - KJS Cements",13-09-2026 15:00:00,24.2613009,80.7231783,PM10,59,60,60
India,Madhya Pradesh,Ratlam,"Shasthri Nagar, Ratlam - IPCA Lab",13-09-2026 15:00:00,23.331731,75.045981,PM2.5,4,66,23
India,Madhya Pradesh,Ratlam,"Shasthri Nagar, Ratlam - IPCA Lab",13-09-2026 15:00:00,23.331731,75.045981,CO,NA,NA,NA
India,Madhya Pradesh,Sagar,"Civil Lines, Sagar - MPPCB",13-09-2026 15:00:00,23.838586,78.759431,PM2.5,6,83,33
India,Madhya Pradesh,Sagar,"Civil Lines, Sagar - MPPCB",13-09-2026 15:00:00,23.838586,78.759431,CO,32,34,33
India,Madhya Pradesh,Satna,"Bandhavgar Colony, Satna - Birla Cement",13-09-2026 15:00:00,24.58434363,80.8549414,NO2,12,13,13
India,Madhya Pradesh,Satna,"Bandhavgar Colony, Satna - Birla Cement",13-09-2026 15:00:00,24.58434363,80.8549414,CO,12,13,13
India,Madhya Pradesh,Ujjain,"Mahashweta Nagar, Ujjain - MPPCB",13-09-2026 15:00:00,23.1633321,75.800225,CO,19,25,22
India,Maharashtra,Ahmednagar,"Tarakpur, Ahmednagar - MPCB",13-09-2026 15:00:00,19.10122,74.73339,PM2.5,9,43,25
India,Maharashtra,Mumbai,"Navy Nagar-Colaba, Mumbai - IITM",13-09-2026 15:00:00,18.897756,72.81332,PM10,23,79,37
India,Maharashtra,Mumbai,"Mulund West, Mumbai - MPCB",13-09-2026 15:00:00,19.175,72.9419,NH3,NA,NA,NA
India,Maharashtra,Mumbai,"Mulund West, Mumbai - MPCB",13-09-2026 15:00:00,19.175,72.9419,SO2,NA,NA,NA
India,Maharashtra,Mumbai,"Worli, Mumbai - MPCB",13-09-2026 15:00:00,18.9936162,72.8128113,PM2.5,3,33,16
India,Maharashtra,Mumbai,"Worli, Mumbai - MPCB",13-09-2026 15:00:00,18.9936162,72.8128113,PM10,17,56,35
India,Maharashtra,Mumbai,"Worli, Mumbai - MPCB",13-09-2026 15:00:00,18.9936162,72.8128113,NH3,0,0,0
India,Maharashtra,Mumbai,"Worli, Mumbai - MPCB",13-09-2026 15:00:00,18.9936162,72.8128113,CO,35,42,38
India,Maharashtra,Mumbai,"Sewri, Mumbai - BMC",13-09-2026 15:00:00,19.000084,72.85673,NH3,3,11,6
India,Maharashtra,Mumbai,"Byculla, Mumbai - BMC",13-09-2026 15:00:00,18.9767,72.838,NO2,9,37,22
India,Maharashtra,Mumbai,"Byculla, Mumbai - BMC",13-09-2026 15:00:00,18.9767,72.838,SO2,2,5,4
India,Maharashtra,Mumbai,"Kherwadi_Bandra East, Mumbai - MPCB",13-09-2026 15:00:00,19.0632143,72.8456324,SO2,3,7,5
India,Maharashtra,Mumbai,"Malad West, Mumbai - IITM",13-09-2026 15:00:00,19.19709,72.82204,PM10,8,53,25
India,Maharashtra,Mumbai,"Malad West, Mumbai - IITM",13-09-2026 15:00:00,19.19709,72.82204,CO,28,42,35
India,Karnataka,Bengaluru,"Hebbal, Bengaluru - KSPCB",13-09-2026 15:00:00,13.029152,77.585901,NH3,2,2,2
India,Karnataka,Bengaluru,"Hebbal, Bengaluru - KSPCB",13-09-2026 15:00:00,13.029152,77.585901,CO,13,26,20
India,Karnataka,Chamarajanagar,"Urban, Chamarajanagar - KSPCB",13-09-2026 15:00:00,11.55358,76.55521,PM2.5,29,31,30
India,Karnataka,Chikkaballapur,"Chikkaballapur Rural, Chikkaballapur - KSPCB",13-09-2026 15:00:00,13.428828,77.731418,CO,9,17,13
India,Karnataka,Chikkamagaluru,"Kalyana Nagara, Chikkamagaluru - KSPCB",13-09-2026 15:00:00,13.328028,75.797056,PM2.5,NA,NA,NA
India,Karnataka,Chikkamagaluru,"Kalyana Nagara, Chikkamagaluru - KSPCB",13-09-2026 15:00:00,13.328028,75.797056,SO2,NA,NA,NA
India,Karnataka,Dharwad,"Kalabhavan, Dharwad - KSPCB",13-09-2026 15:00:00,15.459706,75.008381,OZONE,28,29,29
India,Karnataka,Hubballi,"Lingaraj Nagar, Hubballi - KSPCB",13-09-2026 15:00:00,15.3714823,75.1160168,PM10,55,59,57
India,Karnataka,Kalaburagi,"Mahatma Basaveswar Colony, Kalaburgi - KSPCB",13-09-2026 15:00:00,17.336318,76.847397,SO2,3,5,4
India,Maharashtra,Mumbai,"Malad West, Mumbai - IITM",13-09-2026 15:00:00,19.19709,72.82204,OZONE,3,6,4
India,Maharashtra,Mumbai,"Mazgaon, Mumbai - IITM",13-09-2026 15:00:00,18.96702,72.84214,CO,66,82,71
India,Maharashtra,Mumbai,"Chakala-Andheri East, Mumbai - IITM",13-09-2026 15:00:00,19.11074,72.86084,NH3,5,13,8
India,Maharashtra,Mumbai,"Chakala-Andheri East, Mumbai - IITM",13-09-2026 15:00:00,19.11074,72.86084,CO,23,30,27
India,Maharashtra,Mumbai,"Chakala-Andheri East, Mumbai - IITM",13-09-2026 15:00:00,19.11074,72.86084,OZONE,4,4,4
India,Maharashtra,Mumbai,"Kurla, Mumbai - MPCB",13-09-2026 15:00:00,19.0863,72.8888,PM10,5,113,34
India,Maharashtra,Mumbai,"Deonar, Mumbai - IITM",13-09-2026 15:00:00,19.04946,72.923,OZONE,4,4,4
India,Maharashtra,Mumbai,"Chhatrapati Shivaji Intl. Airport (T2), Mumbai - MPCB",13-09-2026 15:00:00,19.10078,72.87462,OZONE,NA,NA,NA
India,Maharashtra,Mumbai,"Bandra Kurla Complex, Mumbai - IITM",13-09-2026 15:00:00,19.053536,72.84643,CO,51,62,58
India,Odisha,Bhubaneswar,"Patia, Bhubaneswar - OSPCB",13-09-2026 15:00:00,20.34652,85.8163,NO2,3,25,12
India,Odisha,Bhubaneswar,"Lingraj Mandir, Bhubaneswar - OSPCB",13-09-2026 15:00:00,20.24079,85.836784,SO2,5,8,7
India,Odisha,Bhubaneswar,"Lingraj Mandir, Bhubaneswar - OSPCB",13-09-2026 15:00:00,20.24079,85.836784,OZONE,50,83,68
India,Odisha,Bileipada,"Tata Township, Bileipada - OSPCB",13-09-2026 15:00:00,22.06156703,85.47409613,NH3,5,5,5
India,Odisha,Bileipada,"Tata Township, Bileipada - OSPCB",13-09-2026 15:00:00,22.06156703,85.47409613,CO,21,24,22
India,Odisha,Brajrajnagar,"GM Office, Brajrajnagar - OSPCB",13-09-2026 15:00:00,21.8004996,83.8396977,PM10,12,72,30
India,Odisha,Byasanagar,"Ferro Chrome Colony, Byasanagar - OSPCB",13-09-2026 15:00:00,20.94185,86.1151,PM10,40,57,48
India,Odisha,Byasanagar,"Ferro Chrome Colony, Byasanagar - OSPCB",13-09-2026 15:00:00,20.94185,86.1151,NH3,1,1,1
India,Odisha,Cuttack,"CDA Area, Cuttack - OSPCB",13-09-2026 15:00:00,20.48891,85.84768,PM2.5,18,57,28
India,Odisha,Cuttack,"CDA Area, Cuttack - OSPCB",13-09-2026 15:00:00,20.48891,85.84768,PM10,29,87,44
India,Odisha,Keonjhar,"Jagamohanpur, Keonjhar - OSPCB",13-09-2026 15:00:00,21.6439,85.599355,NO2,14,17,15
India,Odisha,Keonjhar,"Jagamohanpur, Keonjhar - OSPCB",13-09-2026 15:00:00,21.6439,85.599355,SO2,20,22,21
India,Odisha,Nayagarh,"Dabuna, Nayagarh - OSPCB",13-09-2026 15:00:00,21.847279,85.416905,SO2,16,19,18
India,Odisha,Rairangpur,"Divisional Forest Office, Rairangpur - OSPCB",13-09-2026 15:00:00,22.265816,86.174829,NH3,3,3,3
India,Odisha,Rairangpur,"Divisional Forest Office, Rairangpur - OSPCB",13-09-2026 15:00:00,22.265816,86.174829,SO2,8,12,10
India,Odisha,Rourkela,"Fertilizer Township, Rourkela - OSPCB",13-09-2026 15:00:00,22.18972222,84.86277778,PM10,40,51,43
India,Odisha,Rourkela,"Fertilizer Township, Rourkela - OSPCB",13-09-2026 15:00:00,22.18972222,84.86277778,OZONE,NA,NA,NA
India,Odisha,Rourkela,"Sector-2, Rourkela - OSPCB",13-09-2026 15:00:00,22.245,84.88111111,NH3,NA,NA,NA
India,Odisha,Rourkela,"Sector-2, Rourkela - OSPCB",13-09-2026 15:00:00,22.245,84.88111111,SO2,NA,NA,NA
India,Odisha,Rourkela,"Raghunathpali, Rourkela - OSPCB",13-09-2026 15:00:00,22.220833,84.809444,OZONE,3,4,3
India,Odisha,Tensa,"Barsua Iron Ore Mines, Tensa - OSPCB",13-09-2026 15:00:00,21.869985,85.167016,SO2,NA,NA,NA
India,Odisha,Tensa,"Barsua Iron Ore Mines, Tensa - OSPCB",13-09-2026 15:00:00,21.869985,85.167016,OZONE,4,5,4
India,Puducherry,Puducherry,"Jawahar Nagar, Puducherry - PPCC",13-09-2026 15:00:00,11.9309,79.8027,NO2,4,25,11
India,Punjab,Amritsar,"Golden Temple, Amritsar - PPCB",13-09-2026 15:00:00,31.62,74.876512,NO2,18,56,25
India,Punjab,Amritsar,"Golden Temple, Amritsar - PPCB",13-09-2026 15:00:00,31.62,74.876512,CO,13,34,22
India,Punjab,Bathinda,"Hardev Nagar, Bathinda - PPCB",13-09-2026 15:00:00,30.233011,74.907758,NH3,NA,NA,NA
India,Punjab,Bathinda,"Hardev Nagar, Bathinda - PPCB",13-09-2026 15:00:00,30.233011,74.907758,SO2,9,25,15
India,Punjab,Bathinda,"Hardev Nagar, Bathinda - PPCB",13-09-2026 15:00:00,30.233011,74.907758,CO,15,26,24
India,Punjab,Jalandhar,"Civil Line, Jalandhar - PPCB",13-09-2026 15:00:00,31.321907,75.578914,CO,15,46,33
India,Punjab,Khanna,"Kalal Majra, Khanna - PPCB",13-09-2026 15:00:00,30.736056,76.209694,CO,55,56,56
India,Punjab,Khanna,"Kalal Majra, Khanna - PPCB",13-09-2026 15:00:00,30.736056,76.209694,OZONE,37,39,38
India,Punjab,Mandi Gobindgarh,"RIMT University, Mandi Gobindgarh - PPCB",13-09-2026 15:00:00,30.649961,76.331442,PM10,119,202,152
India,Maharashtra,Pimpri-Chinchwad,"Transport Nagar-Nigdi, Pune - IITM",13-09-2026 15:00:00,18.664282,73.763966,CO,20,31,25
India,Maharashtra,Pimpri-Chinchwad,"Gavalinagar, Pimpri Chinchwad - MPCB",13-09-2026 15:00:00,18.63673,73.82487,PM10,18,50,36
India,Maharashtra,Pimpri-Chinchwad,"Gavalinagar, Pimpri Chinchwad - MPCB",13-09-2026 15:00:00,18.63673,73.82487,NO2,3,17,11
India,Maharashtra,Pimpri-Chinchwad,"Gavalinagar, Pimpri Chinchwad - MPCB",13-09-2026 15:00:00,18.63673,73.82487,OZONE,5,12,9
India,Maharashtra,Pimpri-Chinchwad,"Park Street Wakad, Pimpri Chinchwad - MPCB",13-09-2026 15:00:00,18.59051,73.77946,NH3,NA,NA,NA
India,Maharashtra,Pimpri-Chinchwad,"Park Street Wakad, Pimpri Chinchwad - MPCB",13-09-2026 15:00:00,18.59051,73.77946,SO2,NA,NA,NA
India,Maharashtra,Pimpri-Chinchwad,"Bhosari, Pune - IITM",13-09-2026 15:00:00,18.640051,73.848956,NO2,19,32,26
India,Maharashtra,Pimpri-Chinchwad,"Thergaon, Pimpri Chinchwad - MPCB",13-09-2026 15:00:00,18.616318,73.765797,PM10,29,55,41
India,Maharashtra,Pune,"Savitribai Phule Pune University, Pune - MPCB",13-09-2026 15:00:00,18.547056,73.826908,PM2.5,15,37,20
India,Maharashtra,Pune,"Savitribai Phule Pune University, Pune - MPCB",13-09-2026 15:00:00,18.547056,73.826908,PM10,23,56,39
India,Maharashtra,Pune,"Savitribai Phule Pune University, Pune - MPCB",13-09-2026 15:00:00,18.547056,73.826908,SO2,4,5,4
India,Maharashtra,Pune,"Hadapsar, Pune - IITM",13-09-2026 15:00:00,18.501793,73.927532,PM2.5,24,74,45
India,Maharashtra,Pune,"Hadapsar, Pune - IITM",13-09-2026 15:00:00,18.501793,73.927532,NH3,NA,NA,NA
India,Maharashtra,Pune,"Hadapsar, Pune - IITM",13-09-2026 15:00:00,18.501793,73.927532,CO,44,62,56
India,Maharashtra,Pune,"Katraj Dairy, Pune - MPCB",13-09-2026 15:00:00,18.45445,73.854155,PM10,31,213,58
India,Maharashtra,Pune,"Katraj Dairy, Pune - MPCB",13-09-2026 15:00:00,18.45445,73.854155,NO2,9,17,12
India,Maharashtra,Thane,"Upvan Fort, Thane - MPCB",13-09-2026 15:00:00,19.222279,72.957979,CO,9,19,13
India,Maharashtra,Ulhasnagar,"Sidhi Vinayak Nagar, Ulhasnagar - MPCB",13-09-2026 15:00:00,19.235581,73.159121,OZONE,2,11,5
India,Maharashtra,Ulhasnagar,"Vithalwadi, Ulhasnagar - MPCB",13-09-2026 15:00:00,19.2307571,73.155192,PM2.5,7,22,15
India,Maharashtra,Ulhasnagar,"Vithalwadi, Ulhasnagar - MPCB",13-09-2026 15:00:00,19.2307571,73.155192,NH3,5,6,6
India,Maharashtra,Ulhasnagar,"Vithalwadi, Ulhasnagar - MPCB",13-09-2026 15:00:00,19.2307571,73.155192,CO,11,16,14
India,Maharashtra,Virar,"Bolinj, Virar - MPCB",13-09-2026 15:00:00,19.445821,72.7988231,PM2.5,4,14,9
India,Maharashtra,Virar,"Bolinj, Virar - MPCB",13-09-2026 15:00:00,19.445821,72.7988231,NO2,6,15,10
India,Maharashtra,Virar,"Bolinj, Virar - MPCB",13-09-2026 15:00:00,19.445821,72.7988231,OZONE,44,48,46
India,Meghalaya,Shillong,"Lumpyngngad, Shillong - Meghalaya PCB",13-09-2026 15:00:00,25.5586,91.8985,PM2.5,NA,NA,NA
India,Mizoram,Aizawl,"Sikulpuikawn, Aizawl - Mizoram PCB",13-09-2026 15:00:00,23.7176342,92.7192841,PM10,3,22,10
India,Mizoram,Aizawl,"Sikulpuikawn, Aizawl - Mizoram PCB",13-09-2026 15:00:00,23.7176342,92.7192841,NH3,0,0,0
India,Mizoram,Aizawl,"Sikulpuikawn, Aizawl - Mizoram PCB",13-09-2026 15:00:00,23.7176342,92.7192841,CO,3,4,3
India,Odisha,Barbil,"Forest Office, Barbil - OSPCB",13-09-2026 15:00:00,22.1166054,85.3945546,CO,18,63,29
India,Odisha,Baripada,"Meher Colony, Baripada - OSPCB",13-09-2026 15:00:00,21.941841,86.728318,PM2.5,6,35,16
India,Odisha,Baripada,"Meher Colony, Baripada - OSPCB",13-09-2026 15:00:00,21.941841,86.728318,SO2,6,7,6
India,Maharashtra,Nashik,"MIDC Ambad, Nashik - MPCB",13-09-2026 15:00:00,19.95022,73.73148,SO2,2,34,4
India,Maharashtra,Nashik,"Gangapur Road, Nashik - MPCB",13-09-2026 15:00:00,20.0073285,73.7762427,SO2,0,2,1
India,Maharashtra,Nashik,"Gangapur Road, Nashik - MPCB",13-09-2026 15:00:00,20.0073285,73.7762427,CO,26,27,27
India,Maharashtra,Nashik,"Pandav Nagari, Nashik - MPCB",13-09-2026 15:00:00,19.9591346,73.7788008,PM2.5,NA,NA,NA
India,Maharashtra,Nashik,"Pandav Nagari, Nashik - MPCB",13-09-2026 15:00:00,19.9591346,73.7788008,PM10,NA,NA,NA
India,Maharashtra,Nashik,"Pandav Nagari, Nashik - MPCB",13-09-2026 15:00:00,19.9591346,73.7788008,SO2,3,6,5
India,Maharashtra,Navi Mumbai,"Kopripada-Vashi, Navi Mumbai - MPCB",13-09-2026 15:00:00,19.090337,73.014232,PM2.5,11,66,29
India,Maharashtra,Navi Mumbai,"Kopripada-Vashi, Navi Mumbai - MPCB",13-09-2026 15:00:00,19.090337,73.014232,SO2,1,3,1
India,Maharashtra,Navi Mumbai,"Tondare-Taloja, Navi Mumbai - MPCB",13-09-2026 15:00:00,19.063,73.1209,PM10,19,67,38
India,Maharashtra,Navi Mumbai,"Sanpada, Navi Mumbai - MPCB",13-09-2026 15:00:00,19.0575752,73.0151367,CO,9,16,12
India,Maharashtra,Navi Mumbai,"Sector-2E Kalamboli, Navi Mumbai - MPCB",13-09-2026 15:00:00,19.02579,73.10297,NO2,4,9,7
India,Maharashtra,Navi Mumbai,"Sector-2E Kalamboli, Navi Mumbai - MPCB",13-09-2026 15:00:00,19.02579,73.10297,CO,14,18,16
India,Maharashtra,Navi Mumbai,"Nerul, Navi Mumbai - MPCB",13-09-2026 15:00:00,19.008751,73.01662,CO,NA,NA,NA
India,Maharashtra,Parbhani,"Masoom Colony, Parbhani - MPCB",13-09-2026 15:00:00,19.265594,76.761463,PM10,53,96,72
India,Maharashtra,Parbhani,"Masoom Colony, Parbhani - MPCB",13-09-2026 15:00:00,19.265594,76.761463,SO2,0,1,1
India,Maharashtra,Mumbai,"Borivali East, Mumbai - IITM",13-09-2026 15:00:00,19.23241,72.86895,OZONE,18,24,20
India,Maharashtra,Mumbai,"Khindipada-Bhandup West, Mumbai - IITM",13-09-2026 15:00:00,19.1653323,72.922099,CO,26,31,30
India,Maharashtra,Mumbai,"Kandivali West, Mumbai - BMC",13-09-2026 15:00:00,19.215859,72.831718,PM2.5,18,35,23
India,Maharashtra,Mumbai,"Kandivali West, Mumbai - BMC",13-09-2026 15:00:00,19.215859,72.831718,PM10,19,38,25
India,Maharashtra,Mumbai,"Kandivali West, Mumbai - BMC",13-09-2026 15:00:00,19.215859,72.831718,CO,5,16,10
India,Maharashtra,Mumbai,"Chembur, Mumbai - MPCB",13-09-2026 15:00:00,19.0364585,72.8954371,CO,17,22,20
India,Maharashtra,Mumbai,"Sion, Mumbai - MPCB",13-09-2026 15:00:00,19.047,72.8746,PM10,10,24,16
India,Maharashtra,Mumbai,"Sion, Mumbai - MPCB",13-09-2026 15:00:00,19.047,72.8746,SO2,5,5,5
India,Maharashtra,Mumbai,"Sion, Mumbai - MPCB",13-09-2026 15:00:00,19.047,72.8746,OZONE,NA,NA,NA
India,Maharashtra,Nagpur,"Opp GPO Civil Lines, Nagpur - MPCB",13-09-2026 15:00:00,21.152875,79.0517531,PM10,8,61,29
India,Maharashtra,Nagpur,"Opp GPO Civil Lines, Nagpur - MPCB",13-09-2026 15:00:00,21.152875,79.0517531,NH3,3,4,3
India,Maharashtra,Nagpur,"Ram Nagar, Nagpur - MPCB",13-09-2026 15:00:00,21.143383,79.048912,PM2.5,22,65,41
India,Maharashtra,Nanded,"Sneh Nagar, Nanded - MPCB",13-09-2026 15:00:00,19.173852,77.296291,PM10,NA,NA,NA
India,Maharashtra,Nashik,"Hirawadi, Nashik - MPCB",13-09-2026 15:00:00,20.021503,73.813844,PM2.5,9,31,18
India,Punjab,Rupnagar,"Ratanpura, Rupnagar - Ambuja Cements",13-09-2026 15:00:00,31.0325454,76.5623046,PM2.5,8,56,25
India,Punjab,Rupnagar,"Ratanpura, Rupnagar - Ambuja Cements",13-09-2026 15:00:00,31.0325454,76.5623046,SO2,5,16,11
India,Rajasthan,Ajmer,"Civil Lines,  Ajmer - RSPCB",13-09-2026 15:00:00,26.470859,74.646594,OZONE,12,13,13
India,Rajasthan,Alwar,"Vigyan Nagar, Alwar - RSPCB",13-09-2026 15:00:00,27.598796,76.63861,PM2.5,15,44,31
India,Rajasthan,Alwar,"Vigyan Nagar, Alwar - RSPCB",13-09-2026 15:00:00,27.598796,76.63861,SO2,6,7,7
India,Rajasthan,Alwar,"Moti Doongri, Alwar - RSPCB",13-09-2026 15:00:00,27.554793,76.611536,NH3,6,10,8
India,Rajasthan,Alwar,"Moti Doongri, Alwar - RSPCB",13-09-2026 15:00:00,27.554793,76.611536,CO,59,98,79
India,Rajasthan,Banswara,"Rati Talai, Banswara - RSPCB",13-09-2026 15:00:00,23.55519,74.44001,PM10,26,59,38
India,Rajasthan,Banswara,"Rati Talai, Banswara - RSPCB",13-09-2026 15:00:00,23.55519,74.44001,NO2,20,45,30
India,Rajasthan,Banswara,"Rati Talai, Banswara - RSPCB",13-09-2026 15:00:00,23.55519,74.44001,NH3,3,9,6
India,Rajasthan,Baran,"Bamboliya, Baran - RSPCB",13-09-2026 15:00:00,25.106006,76.469948,PM2.5,7,22,12
India,Rajasthan,Barmer,"Railway Colony, Barmer - RSPCB",13-09-2026 15:00:00,25.747299,71.393989,CO,46,55,51
India,Rajasthan,Bharatpur,"Krishna Nagar, Bharatpur - RSPCB",13-09-2026 15:00:00,27.215415,77.50873,PM10,17,46,35
India,Rajasthan,Bharatpur,"Krishna Nagar, Bharatpur - RSPCB",13-09-2026 15:00:00,27.215415,77.50873,NO2,7,16,10
India,Rajasthan,Bharatpur,"Krishna Nagar, Bharatpur - RSPCB",13-09-2026 15:00:00,27.215415,77.50873,NH3,2,11,6
India,Rajasthan,Bhilwara,"Pratap Nagar, Bhilwara - RSPCB",13-09-2026 15:00:00,25.339605,74.618883,NH3,2,11,7
India,Rajasthan,Bhilwara,"Pratap Nagar, Bhilwara - RSPCB",13-09-2026 15:00:00,25.339605,74.618883,CO,22,27,25
India,Rajasthan,Bhiwadi,"RIICO Ind. Area III, Bhiwadi - RSPCB",13-09-2026 15:00:00,28.194909,76.862296,PM2.5,29,129,70
India,Rajasthan,Bhiwadi,"RIICO Ind. Area III, Bhiwadi - RSPCB",13-09-2026 15:00:00,28.194909,76.862296,NH3,4,10,6
India,Rajasthan,Bhiwadi,"RIICO Ind. Area III, Bhiwadi - RSPCB",13-09-2026 15:00:00,28.194909,76.862296,SO2,6,21,11
India,Rajasthan,Bhiwadi,"Vasundhara Nagar_UIT, Bhiwadi - RSPCB",13-09-2026 15:00:00,28.207266,76.829265,NH3,7,20,14
India,Rajasthan,Bikaner,"MM Ground, Bikaner - RSPCB",13-09-2026 15:00:00,28.018792,73.292658,PM10,38,157,94
India,Rajasthan,Bikaner,"MM Ground, Bikaner - RSPCB",13-09-2026 15:00:00,28.018792,73.292658,NH3,4,15,7
India,Maharashtra,Pune,"Panchawati_Pashan, Pune - IITM",13-09-2026 15:00:00,18.536457,73.805454,OZONE,12,19,16
India,Maharashtra,Pune,"Dhankawadi, Pune - IITM",13-09-2026 15:00:00,18.459883,73.852193,PM10,40,92,63
India,Maharashtra,Pune,"Revenue Colony-Shivajinagar, Pune - IITM",13-09-2026 15:00:00,18.530085,73.849598,SO2,0,12,6
India,Maharashtra,Sangli,"Vijay Nagar, Sangli - MPCB",13-09-2026 15:00:00,16.5038,74.3623,SO2,2,9,6
India,Maharashtra,Sangli,"Vijay Nagar, Sangli - MPCB",13-09-2026 15:00:00,16.5038,74.3623,CO,13,17,14
India,Maharashtra,Solapur,"Dnyaneshwar Nagar, Solapur - MPCB",13-09-2026 15:00:00,17.6336264,75.9132495,PM10,23,87,52
India,Maharashtra,Solapur,"Dnyaneshwar Nagar, Solapur - MPCB",13-09-2026 15:00:00,17.6336264,75.9132495,OZONE,10,26,18
India,Maharashtra,Thane,"Upvan Fort, Thane - MPCB",13-09-2026 15:00:00,19.222279,72.957979,PM10,16,37,23
India,Maharashtra,Thane,"Upvan Fort, Thane - MPCB",13-09-2026 15:00:00,19.222279,72.957979,NH3,0,7,2
India,Tamil Nadu,Chennai,"Manali Village, Chennai - TNPCB",13-09-2026 15:00:00,13.1662,80.2584,NH3,1,2,1
India,Tamil Nadu,Chennai,"Manali Village, Chennai - TNPCB",13-09-2026 15:00:00,13.1662,80.2584,OZONE,7,349,167
India,Tamil Nadu,Coimbatore,"SIDCO Kurichi, Coimbatore - TNPCB",13-09-2026 15:00:00,10.942451,76.978996,NO2,22,22,22
India,Tamil Nadu,Coimbatore,"SIDCO Kurichi, Coimbatore - TNPCB",13-09-2026 15:00:00,10.942451,76.978996,OZONE,19,20,20
India,Tamil Nadu,Thoothukudi,"Meelavittan, Thoothukudi - TNPCB",13-09-2026 15:00:00,8.816428,78.099039,NO2,14,18,16
India,Telangana,Hyderabad,"Kokapet, Hyderabad - TSPCB",13-09-2026 15:00:00,17.393559,78.339194,PM2.5,29,44,34
India,Telangana,Hyderabad,"Kokapet, Hyderabad - TSPCB",13-09-2026 15:00:00,17.393559,78.339194,NH3,2,4,3
India,Telangana,Hyderabad,"Kokapet, Hyderabad - TSPCB",13-09-2026 15:00:00,17.393559,78.339194,SO2,6,10,8
India,Telangana,Hyderabad,"ECIL Kapra, Hyderabad - TSPCB",13-09-2026 15:00:00,17.470431,78.566959,PM10,12,61,43
India,Telangana,Hyderabad,"Ramachandrapuram, Hyderabad - TSPCB",13-09-2026 15:00:00,17.528544,78.286195,PM2.5,29,40,31
India,Telangana,Hyderabad,"Ramachandrapuram, Hyderabad - TSPCB",13-09-2026 15:00:00,17.528544,78.286195,PM10,49,59,51
India,Telangana,Hyderabad,"Ramachandrapuram, Hyderabad - TSPCB",13-09-2026 15:00:00,17.528544,78.286195,CO,22,23,23
India,Telangana,Hyderabad,"Ramachandrapuram, Hyderabad - TSPCB",13-09-2026 15:00:00,17.528544,78.286195,OZONE,17,18,18
India,Telangana,Hyderabad,"Somajiguda, Hyderabad - TSPCB",13-09-2026 15:00:00,17.417094,78.457437,PM2.5,40,60,48
India,Telangana,Hyderabad,"Somajiguda, Hyderabad - TSPCB",13-09-2026 15:00:00,17.417094,78.457437,SO2,11,15,12
India,Telangana,Hyderabad,"Somajiguda, Hyderabad - TSPCB",13-09-2026 15:00:00,17.417094,78.457437,OZONE,12,13,12
India,Telangana,Hyderabad,"Kompally Municipal Office, Hyderabad - TSPCB",13-09-2026 15:00:00,17.544899,78.486949,SO2,2,7,4
India,Telangana,Hyderabad,"Zoo Park, Hyderabad - TSPCB",13-09-2026 15:00:00,17.349694,78.451437,NO2,3,3,3
India,Telangana,Hyderabad,"Zoo Park, Hyderabad - TSPCB",13-09-2026 15:00:00,17.349694,78.451437,OZONE,3,3,3
India,Telangana,Hyderabad,"ICRISAT Patancheru, Hyderabad - TSPCB",13-09-2026 15:00:00,17.5184,78.278777,NO2,15,48,32
India,Telangana,Hyderabad,"ICRISAT Patancheru, Hyderabad - TSPCB",13-09-2026 15:00:00,17.5184,78.278777,CO,6,31,23
India,Telangana,Hyderabad,"ICRISAT Patancheru, Hyderabad - TSPCB",13-09-2026 15:00:00,17.5184,78.278777,OZONE,7,37,28
India,Telangana,Hyderabad,"Sanathnagar, Hyderabad - TSPCB",13-09-2026 15:00:00,17.4559458,78.4332152,NO2,NA,NA,NA
India,Telangana,Hyderabad,"Sanathnagar, Hyderabad - TSPCB",13-09-2026 15:00:00,17.4559458,78.4332152,OZONE,21,34,29
India,Rajasthan,Jodhpur,"Mandor, Jodhpur - RSPCB",13-09-2026 15:00:00,26.358805,73.047444,PM2.5,NA,NA,NA
India,Rajasthan,Jodhpur,"Mandor, Jodhpur - RSPCB",13-09-2026 15:00:00,26.358805,73.047444,NO2,8,32,16
India,Rajasthan,Jodhpur,"Mandor, Jodhpur - RSPCB",13-09-2026 15:00:00,26.358805,73.047444,NH3,1,17,7
India,Rajasthan,Jodhpur,"Mandor, Jodhpur - RSPCB",13-09-2026 15:00:00,26.358805,73.047444,CO,2,21,8
India,Rajasthan,Karauli,"Satyawati Vihar, Karauli - RSPCB",13-09-2026 15:00:00,26.506177,77.025989,NO2,19,26,23
India,Rajasthan,Khairthal,"New Anaj Mandi, Khairthal - RSPCB",13-09-2026 15:00:00,27.8015617,76.6365217,SO2,0,1,1
India,Rajasthan,Kota,"Shrinath Puram, Kota - RSPCB",13-09-2026 15:00:00,25.14389,75.821256,PM2.5,26,79,56
India,Rajasthan,Kota,"Shrinath Puram, Kota - RSPCB",13-09-2026 15:00:00,25.14389,75.821256,OZONE,3,9,6
India,Rajasthan,Kota,"Dhanmandi, Kota - RSPCB",13-09-2026 15:00:00,25.16409,75.858137,NO2,6,50,27
India,Rajasthan,Kota,"Dhanmandi, Kota - RSPCB",13-09-2026 15:00:00,25.16409,75.858137,NH3,1,3,2
India,Rajasthan,Kota,"Dhanmandi, Kota - RSPCB",13-09-2026 15:00:00,25.16409,75.858137,SO2,2,6,4
India,Rajasthan,Kota,"Dhanmandi, Kota - RSPCB",13-09-2026 15:00:00,25.16409,75.858137,CO,19,23,22
India,Rajasthan,Kota,"Dhanmandi, Kota - RSPCB",13-09-2026 15:00:00,25.16409,75.858137,OZONE,29,43,36
India,Rajasthan,Kota,"Nayapura, Kota - RSPCB",13-09-2026 15:00:00,25.196024,75.855668,NH3,4,5,4
India,Rajasthan,Kota,"Nayapura, Kota - RSPCB",13-09-2026 15:00:00,25.196024,75.855668,CO,7,13,11
India,Rajasthan,Nagaur,"Karni Colony, Nagaur - RSPCB",13-09-2026 15:00:00,27.213494,73.734444,OZONE,17,55,44
India,Rajasthan,Pali,"Indira Colony Vistar, Pali - RSPCB",13-09-2026 15:00:00,25.771061,73.340227,SO2,7,12,10
India,Rajasthan,Rajsamand,"Dhoinda, Rajsamand - RSPCB",13-09-2026 15:00:00,25.03636,73.883502,NO2,6,16,10
India,Rajasthan,Sikar,"Radhakishan Pura, Sikar - RSPCB",13-09-2026 15:00:00,27.608912,75.153302,NO2,3,29,10
India,Rajasthan,Hanumangarh,"Housing Board, Hanumangarh - RSPCB",13-09-2026 15:00:00,29.61075,74.283608,SO2,4,8,6
India,Rajasthan,Jaipur,"Sector-2 Murlipura, Jaipur - RSPCB",13-09-2026 15:00:00,26.960669,75.771817,SO2,4,10,5
India,Rajasthan,Jaipur,"RIICO Sitapura, Jaipur - RSPCB",13-09-2026 15:00:00,26.786682,75.827928,PM2.5,15,227,47
India,Rajasthan,Jaipur,"RIICO Sitapura, Jaipur - RSPCB",13-09-2026 15:00:00,26.786682,75.827928,NH3,2,5,3
India,Rajasthan,Jaipur,"RIICO Sitapura, Jaipur - RSPCB",13-09-2026 15:00:00,26.786682,75.827928,CO,27,33,31
India,Rajasthan,Jaipur,"Shastri Nagar, Jaipur - RSPCB",13-09-2026 15:00:00,26.9502929,75.730943,OZONE,31,46,40
India,Rajasthan,Jaipur,"Police Commissionerate, Jaipur - RSPCB",13-09-2026 15:00:00,26.9164092,75.7994901,NO2,56,73,64
India,Rajasthan,Jaipur,"Police Commissionerate, Jaipur - RSPCB",13-09-2026 15:00:00,26.9164092,75.7994901,NH3,1,5,3
India,Rajasthan,Jaipur,"Police Commissionerate, Jaipur - RSPCB",13-09-2026 15:00:00,26.9164092,75.7994901,OZONE,34,40,37
India,Rajasthan,Jaipur,"Mansarovar Sector-12, Jaipur - RSPCB",13-09-2026 15:00:00,26.843698,75.766894,SO2,3,5,4
India,Rajasthan,Jaisalmer,"Sadar Bazar, Jaisalmer - RSPCB",13-09-2026 15:00:00,26.912329,70.909168,NO2,41,55,49
India,Rajasthan,Jalore,"Mudtra Sili, Jalore - RSPCB",13-09-2026 15:00:00,25.344694,72.626208,PM2.5,5,47,20
India,Rajasthan,Jalore,"Mudtra Sili, Jalore - RSPCB",13-09-2026 15:00:00,25.344694,72.626208,PM10,8,134,37
India,Rajasthan,Jhalawar,"Rajlaxmi Nagar, Jhalawar - RSPCB",13-09-2026 15:00:00,24.588397,76.172782,PM2.5,8,80,44
India,Uttar Pradesh,Gajraula,"Rajanpur, Gajraula - UPPCB",13-09-2026 15:00:00,28.829109,78.248796,OZONE,3,15,12
India,Uttar Pradesh,Ghaziabad,"Vasundhara, Ghaziabad - UPPCB",13-09-2026 15:00:00,28.6603346,77.3572563,OZONE,31,68,46
India,Uttar Pradesh,Ghaziabad,"Ved Vihar-Loni, Ghaziabad - UPPCB",13-09-2026 15:00:00,28.739153,77.273668,OZONE,3,13,8
India,Uttar Pradesh,Ghaziabad,"Wave City, Ghaziabad - UPPCB",13-09-2026 15:00:00,28.646675,77.489049,NH3,NA,NA,NA
India,Uttar Pradesh,Ghaziabad,"Wave City, Ghaziabad - UPPCB",13-09-2026 15:00:00,28.646675,77.489049,OZONE,1,7,4
India,Uttar Pradesh,Ghaziabad,"Indirapuram, Ghaziabad - UPPCB",13-09-2026 15:00:00,28.646233,77.358075,PM10,28,106,59
India,Uttar Pradesh,Ghaziabad,"Indirapuram, Ghaziabad - UPPCB",13-09-2026 15:00:00,28.646233,77.358075,SO2,10,21,17
India,Uttar Pradesh,Ghaziabad,"Indirapuram, Ghaziabad - UPPCB",13-09-2026 15:00:00,28.646233,77.358075,OZONE,26,40,34
India,Uttar Pradesh,Ghaziabad,"Sanjay Nagar, Ghaziabad - UPPCB",13-09-2026 15:00:00,28.685382,77.453839,PM10,56,152,90
India,Uttar Pradesh,Ghaziabad,"Loni, Ghaziabad - UPPCB",13-09-2026 15:00:00,28.757294,77.278792,CO,27,43,37
India,Uttar Pradesh,Ghaziabad,"Govindpuram, Ghaziabad - UPPCB",13-09-2026 15:00:00,28.694528,77.494705,SO2,4,16,9
India,Uttar Pradesh,Gorakhpur,"Madan Mohan Malaviya University of Technology, Gorakhpur - UPPCB",13-09-2026 15:00:00,26.730136,83.433859,NO2,11,12,11
India,Uttar Pradesh,Gorakhpur,"Madan Mohan Malaviya University of Technology, Gorakhpur - UPPCB",13-09-2026 15:00:00,26.730136,83.433859,SO2,48,49,48
India,Uttar Pradesh,Gorakhpur,"Madan Mohan Malaviya University of Technology, Gorakhpur - UPPCB",13-09-2026 15:00:00,26.730136,83.433859,OZONE,NA,NA,NA
India,Rajasthan,Sikar,"Radhakishan Pura, Sikar - RSPCB",13-09-2026 15:00:00,27.608912,75.153302,OZONE,25,45,38
India,Rajasthan,Sirohi,"Vedhaynath Colony, Sirohi - RSPCB",13-09-2026 15:00:00,24.885261,72.857549,NO2,4,31,18
India,Rajasthan,Sirohi,"Vedhaynath Colony, Sirohi - RSPCB",13-09-2026 15:00:00,24.885261,72.857549,CO,14,24,19
India,Rajasthan,Sirohi,"Vedhaynath Colony, Sirohi - RSPCB",13-09-2026 15:00:00,24.885261,72.857549,OZONE,1,70,37
India,Rajasthan,Sri Ganganagar,"Old City, Sri Ganganagar - RSPCB",13-09-2026 15:00:00,29.931624,73.864511,NO2,32,52,43
India,Rajasthan,Tonk,"Shastri Nagar, Tonk - RSPCB",13-09-2026 15:00:00,26.159933,75.780517,NH3,0,4,3
India,Rajasthan,Udaipur,"Ashok Nagar, Udaipur - RSPCB",13-09-2026 15:00:00,24.5886166,73.6321397,PM2.5,11,99,47
India,Rajasthan,Udaipur,"Ashok Nagar, Udaipur - RSPCB",13-09-2026 15:00:00,24.5886166,73.6321397,NH3,2,5,4
India,Sikkim,Gangtok,"Zero Point GICI, Gangtok - SSPCB",13-09-2026 15:00:00,27.33853,88.614099,OZONE,2,2,2
India,Tamil Nadu,Chennai,"Manali, Chennai - CPCB",13-09-2026 15:00:00,13.164544,80.26285,NH3,6,7,6
India,Tamil Nadu,Chennai,"Manali, Chennai - CPCB",13-09-2026 15:00:00,13.164544,80.26285,OZONE,8,15,12
India,Tamil Nadu,Chennai,"Velachery Res. Area, Chennai - CPCB",13-09-2026 15:00:00,13.0052189,80.2398125,SO2,4,5,4
India,Tamil Nadu,Chennai,"Manali Village, Chennai - TNPCB",13-09-2026 15:00:00,13.1662,80.2584,NO2,17,22,19
India,Uttar Pradesh,Agra,"Sanjay Palace, Agra - UPPCB",13-09-2026 15:00:00,27.19865833,78.00598056,PM10,29,81,50
India,Uttar Pradesh,Agra,"Rohta, Agra - UPPCB",13-09-2026 15:00:00,27.106972,78.000111,SO2,16,23,19
India,Uttar Pradesh,Agra,"Shastripuram, Agra - UPPCB",13-09-2026 15:00:00,27.19862,77.92066,PM2.5,20,53,37
India,Uttar Pradesh,Baghpat,"Sardar Patel Inter College, Baghpat - UPPCB",13-09-2026 15:00:00,28.964949,77.278761,PM10,11,108,56
India,Uttar Pradesh,Bareilly,"Rajendra Nagar, Bareilly - UPPCB",13-09-2026 15:00:00,28.38910936,79.42963708,PM10,33,91,53
India,Uttar Pradesh,Bareilly,"Civil Lines, Bareilly - UPPCB",13-09-2026 15:00:00,28.359581,79.414455,PM2.5,25,42,33
India,Uttar Pradesh,Bulandshahr,"Yamunapuram, Bulandshahr - UPPCB",13-09-2026 15:00:00,28.406963,77.849831,PM10,40,88,61
India,Uttar Pradesh,Bulandshahr,"Yamunapuram, Bulandshahr - UPPCB",13-09-2026 15:00:00,28.406963,77.849831,NO2,5,23,11
India,Uttar Pradesh,Bulandshahr,"Yamunapuram, Bulandshahr - UPPCB",13-09-2026 15:00:00,28.406963,77.849831,NH3,7,11,9
India,Uttar Pradesh,Fatehpur Sikri,"Dadupura, Fatehpur Sikri - UPPCB",13-09-2026 15:00:00,27.097694,77.671335,SO2,10,11,11
India,Uttar Pradesh,Firozabad,"Nagla Bhau, Firozabad - UPPCB",13-09-2026 15:00:00,27.168897,78.37696,NO2,16,17,17
India,Telangana,Hyderabad,"IDA Pashamylaram, Hyderabad - TSPCB",13-09-2026 15:00:00,17.5316895,78.218939,NO2,7,12,11
India,Telangana,Hyderabad,"IITH Kandi, Hyderabad - TSPCB",13-09-2026 15:00:00,17.585705,78.126199,SO2,14,17,15
India,Telangana,Hyderabad,"IITH Kandi, Hyderabad - TSPCB",13-09-2026 15:00:00,17.585705,78.126199,OZONE,10,11,10
India,Telangana,Hyderabad,"Nacharam_TSIIC IALA, Hyderabad - TSPCB",13-09-2026 15:00:00,17.429398,78.569354,PM2.5,35,45,43
India,Telangana,Hyderabad,"New Malakpet, Hyderabad - TSPCB",13-09-2026 15:00:00,17.37206,78.50864,NO2,13,16,14
India,Telangana,Hyderabad,"New Malakpet, Hyderabad - TSPCB",13-09-2026 15:00:00,17.37206,78.50864,SO2,6,10,7
India,Telangana,Hyderabad,"New Malakpet, Hyderabad - TSPCB",13-09-2026 15:00:00,17.37206,78.50864,OZONE,15,29,22
India,Tripura,Agartala,"Bardowali, Agartala - Tripura SPCB",13-09-2026 15:00:00,23.8175497,91.2726974,NO2,13,14,13
India,Tripura,Agartala,"Bardowali, Agartala - Tripura SPCB",13-09-2026 15:00:00,23.8175497,91.2726974,OZONE,1,5,3
India,Uttar Pradesh,Agra,"Sector-3B Avas Vikas Colony, Agra - UPPCB",13-09-2026 15:00:00,27.19412,77.96237,NO2,35,35,35
India,Uttar Pradesh,Agra,"Sector-3B Avas Vikas Colony, Agra - UPPCB",13-09-2026 15:00:00,27.19412,77.96237,OZONE,13,15,13
India,Rajasthan,Chittorgarh,"Shastri Nagar, Chittorgarh - RSPCB",13-09-2026 15:00:00,24.892047,74.623527,SO2,6,17,9
India,Rajasthan,Chittorgarh,"Shastri Nagar, Chittorgarh - RSPCB",13-09-2026 15:00:00,24.892047,74.623527,CO,9,37,16
India,Rajasthan,Churu,"Subash Chowk, Churu - RSPCB",13-09-2026 15:00:00,28.296139,74.961696,NH3,4,7,6
India,Rajasthan,Churu,"Subash Chowk, Churu - RSPCB",13-09-2026 15:00:00,28.296139,74.961696,OZONE,55,72,64
India,Rajasthan,Dausa,"Khatikan Mohalla, Dausa - RSPCB",13-09-2026 15:00:00,26.895552,76.334753,CO,20,24,22
India,Rajasthan,Dholpur,"Raja Ganj, Dholpur - RSPCB",13-09-2026 15:00:00,26.699557,77.898881,PM2.5,20,47,31
India,Rajasthan,Dholpur,"Raja Ganj, Dholpur - RSPCB",13-09-2026 15:00:00,26.699557,77.898881,NO2,1,7,3
India,Rajasthan,Dholpur,"Raja Ganj, Dholpur - RSPCB",13-09-2026 15:00:00,26.699557,77.898881,NH3,4,20,11
India,Rajasthan,Dungarpur,"Bhoiwada, Dungarpur - RSPCB",13-09-2026 15:00:00,23.837789,73.714926,PM2.5,NA,NA,NA
India,Rajasthan,Hanumangarh,"Housing Board, Hanumangarh - RSPCB",13-09-2026 15:00:00,29.61075,74.283608,NH3,3,5,4
India,Rajasthan,Jhunjhunu,"Indra Nagar, Jhunjhunu - RSPCB",13-09-2026 15:00:00,28.108988,75.386577,NH3,3,10,5
India,Rajasthan,Jodhpur,"Collectorate, Jodhpur - RSPCB",13-09-2026 15:00:00,26.268249,73.0193853,NH3,1,10,5
India,Rajasthan,Jodhpur,"Collectorate, Jodhpur - RSPCB",13-09-2026 15:00:00,26.268249,73.0193853,OZONE,26,57,45
India,Rajasthan,Jodhpur,"Digari Kalan, Jodhpur - RSPCB",13-09-2026 15:00:00,26.29581,73.082283,SO2,5,8,7
India,Rajasthan,Jodhpur,"Jhalamand, Jodhpur - RSPCB",13-09-2026 15:00:00,26.215415,73.070156,NO2,6,38,18
India,Uttar Pradesh,Greater Noida,"Knowledge Park - V, Greater Noida - UPPCB",13-09-2026 15:00:00,28.557054,77.453663,NO2,16,57,35
India,Uttar Pradesh,Greater Noida,"Knowledge Park - V, Greater Noida - UPPCB",13-09-2026 15:00:00,28.557054,77.453663,NH3,7,9,8
India,Uttar Pradesh,Greater Noida,"Knowledge Park - III, Greater Noida - UPPCB",13-09-2026 15:00:00,28.47272,77.482,PM10,39,194,92
India,Uttar Pradesh,Greater Noida,"Knowledge Park - III, Greater Noida - UPPCB",13-09-2026 15:00:00,28.47272,77.482,NO2,5,41,17
India,Uttar Pradesh,Greater Noida,"Knowledge Park - III, Greater Noida - UPPCB",13-09-2026 15:00:00,28.47272,77.482,SO2,10,12,11
India,Uttar Pradesh,Hapur,"Anand Vihar, Hapur - UPPCB",13-09-2026 15:00:00,28.725645,77.749675,CO,27,33,30
India,Uttar Pradesh,Jhansi,"Shivaji Nagar, Jhansi - UPPCB",13-09-2026 15:00:00,25.4547,78.6039,NH3,4,4,4
India,Uttar Pradesh,Jhansi,"Shivaji Nagar, Jhansi - UPPCB",13-09-2026 15:00:00,25.4547,78.6039,SO2,22,32,25
India,Uttar Pradesh,Jhansi,"Shivaji Nagar, Jhansi - UPPCB",13-09-2026 15:00:00,25.4547,78.6039,OZONE,5,6,6
India,Uttar Pradesh,Kanpur,"FTI Kidwai Nagar, Kanpur - UPPCB",13-09-2026 15:00:00,26.428282,80.327067,PM10,35,160,59
India,Uttar Pradesh,Kanpur,"NSI Kalyanpur, Kanpur - UPPCB",13-09-2026 15:00:00,26.509954,80.249612,NO2,31,32,32
India,Uttar Pradesh,Kanpur,"NSI Kalyanpur, Kanpur - UPPCB",13-09-2026 15:00:00,26.509954,80.249612,OZONE,20,21,21
India,Uttar Pradesh,Khora,"Prashant Garden, Khora - UPPCB",13-09-2026 15:00:00,28.61119,77.34206,OZONE,14,16,15
India,Uttar Pradesh,Lucknow,"Kendriya Vidyalaya, Lucknow - CPCB",13-09-2026 15:00:00,26.906111,80.948222,SO2,1,10,7
India,Uttar Pradesh,Lucknow,"Kukrail Picnic Spot-1, Lucknow - UPPCB",13-09-2026 15:00:00,26.90723,80.98579,NH3,6,6,6
India,Uttar Pradesh,Lucknow,"Kukrail Picnic Spot-1, Lucknow - UPPCB",13-09-2026 15:00:00,26.90723,80.98579,CO,13,15,14
India,Uttar Pradesh,Lucknow,"Kukrail Picnic Spot-1, Lucknow - UPPCB",13-09-2026 15:00:00,26.90723,80.98579,OZONE,10,10,10
India,Uttar Pradesh,Lucknow,"Gomti Nagar, Lucknow - UPPCB",13-09-2026 15:00:00,26.86812,81.005119,PM2.5,20,78,49
India,Uttar Pradesh,Lucknow,"Gomti Nagar, Lucknow - UPPCB",13-09-2026 15:00:00,26.86812,81.005119,NH3,NA,NA,NA
India,Uttar Pradesh,Lucknow,"Lalbagh, Lucknow - CPCB",13-09-2026 15:00:00,26.8458805,80.9365541,PM2.5,36,76,48
India,Uttar Pradesh,Lucknow,"Talkatora District Industries Center, Lucknow - CPCB",13-09-2026 15:00:00,26.83399722,80.8917361,NO2,20,25,22
India,Uttar Pradesh,Lucknow,"B R Ambedkar University, Lucknow - UPPCB",13-09-2026 15:00:00,26.766433,80.927299,SO2,29,36,31
India,Uttar Pradesh,Lucknow,"B R Ambedkar University, Lucknow - UPPCB",13-09-2026 15:00:00,26.766433,80.927299,OZONE,12,71,40
India,Uttar Pradesh,Mathura,"Pali Dungra, Mathura - UPPCB",13-09-2026 15:00:00,27.410954,77.550619,SO2,NA,NA,NA
India,Uttar Pradesh,Meerut,"Jai Bhim Nagar, Meerut - UPPCB",13-09-2026 15:00:00,28.9535882,77.7622941,NO2,6,39,14
India,Uttar Pradesh,Meerut,"MIET College, Meerut - UPPCB",13-09-2026 15:00:00,28.972677,77.641018,PM2.5,36,231,100
India,Uttar Pradesh,Meerut,"MIET College, Meerut - UPPCB",13-09-2026 15:00:00,28.972677,77.641018,NO2,25,54,37
India,Uttar Pradesh,Meerut,"MIET College, Meerut - UPPCB",13-09-2026 15:00:00,28.972677,77.641018,CO,37,69,57
India,Uttar Pradesh,Meerut,"MIET College, Meerut - UPPCB",13-09-2026 15:00:00,28.972677,77.641018,OZONE,13,47,32
India,Uttar Pradesh,Meerut,"Pallavpuram Phase 2, Meerut - UPPCB",13-09-2026 15:00:00,29.06351,77.709723,SO2,20,79,33
India,Uttar Pradesh,Moradabad,"Employment Office, Moradabad - UPPCB",13-09-2026 15:00:00,28.88528,78.7388,PM10,30,71,46
India,Uttar Pradesh,Moradabad,"Jigar Colony, Moradabad - UPPCB",13-09-2026 15:00:00,28.856664,78.772638,NH3,6,6,6
India,Uttar Pradesh,Moradabad,"Eco Herbal Park, Moradabad - UPPCB",13-09-2026 15:00:00,28.840739,78.697531,PM10,21,81,45
India,Uttar Pradesh,Moradabad,"Eco Herbal Park, Moradabad - UPPCB",13-09-2026 15:00:00,28.840739,78.697531,OZONE,19,35,31
India,Uttar Pradesh,Moradabad,"Kashiram Nagar, Moradabad - UPPCB",13-09-2026 15:00:00,28.849399,78.742362,CO,27,38,31
India,Uttar Pradesh,Moradabad,"Kashiram Nagar, Moradabad - UPPCB",13-09-2026 15:00:00,28.849399,78.742362,OZONE,14,19,16
India,Uttar Pradesh,Moradabad,"Transport Nagar, Moradabad - UPPCB",13-09-2026 15:00:00,28.802625,78.753728,CO,39,48,43
India,Uttar Pradesh,Noida,"Sector-1, Noida - UPPCB",13-09-2026 15:00:00,28.5898,77.3101,PM10,NA,NA,NA
India,Uttar Pradesh,Noida,"Sector-1, Noida - UPPCB",13-09-2026 15:00:00,28.5898,77.3101,OZONE,52,266,156
India,Uttar Pradesh,Noida,"Sector - 125, Noida - UPPCB",13-09-2026 15:00:00,28.5447608,77.3231257,PM10,53,449,141
India,Uttar Pradesh,Noida,"Sector-116, Noida - UPPCB",13-09-2026 15:00:00,28.56923,77.393848,PM10,91,188,129
India,Uttar Pradesh,Noida,"Sector-116, Noida - UPPCB",13-09-2026 15:00:00,28.56923,77.393848,NH3,11,14,12
India,Uttar Pradesh,Noida,"Sector - 62, Noida - IITM",13-09-2026 15:00:00,28.6245479,77.3577104,CO,14,19,17
India,Uttar Pradesh,Prayagraj,"Nagar Nigam, Prayagraj - UPPCB",13-09-2026 15:00:00,25.44919916,81.82735986,SO2,29,76,33
India,Uttar Pradesh,Raebareli," Indira Nagar, Raebareli - NTPC Unchahar",13-09-2026 15:00:00,26.207781,81.245571,NO2,17,34,24
India,Uttar Pradesh,Raebareli,"Anand Nagar, Raebareli - UPPCB",13-09-2026 15:00:00,26.219512,81.237648,SO2,13,13,13
India,Uttar Pradesh,Raebareli,"Anand Nagar, Raebareli - UPPCB",13-09-2026 15:00:00,26.219512,81.237648,OZONE,49,70,62
India,Uttar Pradesh,Shamli,"New Tehsil, Shamli - UPPCB",13-09-2026 15:00:00,29.4603683,77.3410291,PM2.5,6,58,30
India,Uttar Pradesh,Shamli,"New Tehsil, Shamli - UPPCB",13-09-2026 15:00:00,29.4603683,77.3410291,PM10,8,81,41
India,Uttar Pradesh,Shamli,"New Tehsil, Shamli - UPPCB",13-09-2026 15:00:00,29.4603683,77.3410291,SO2,1,3,2
India,Uttar Pradesh,Varanasi,"Maldahiya, Varanasi - UPPCB",13-09-2026 15:00:00,25.32393,82.99687,PM2.5,13,86,31
India,Uttar Pradesh,Varanasi,"IESD Banaras Hindu University, Varanasi - UPPCB",13-09-2026 15:00:00,25.262326,82.995408,PM10,33,59,46
India,Uttar Pradesh,Varanasi,"IESD Banaras Hindu University, Varanasi - UPPCB",13-09-2026 15:00:00,25.262326,82.995408,NO2,2,2,2
India,Uttar Pradesh,Varanasi,"IESD Banaras Hindu University, Varanasi - UPPCB",13-09-2026 15:00:00,25.262326,82.995408,CO,1,2,2
India,Uttar Pradesh,Vrindavan,"Omex Eternity, Vrindavan - UPPCB",13-09-2026 15:00:00,27.571409,77.655757,PM10,11,78,37
India,Uttar Pradesh,Vrindavan,"Omex Eternity, Vrindavan - UPPCB",13-09-2026 15:00:00,27.571409,77.655757,CO,7,8,8
India,Uttar Pradesh,Vrindavan," Chhatikara, Vrindavan - UPPCB",13-09-2026 15:00:00,27.57194,77.62346,PM2.5,12,47,30
India,Uttar Pradesh,Vrindavan," Chhatikara, Vrindavan - UPPCB",13-09-2026 15:00:00,27.57194,77.62346,OZONE,28,62,49
India,Uttarakhand,Kashipur,"Govt. Girls Inter College, Kashipur - UKPCB",13-09-2026 15:00:00,29.2124114,78.9611753,SO2,NA,NA,NA
India,West Bengal,Asansol,"Asansol Court Area, Asansol - WBPCB",13-09-2026 15:00:00,23.685297,86.945968,NO2,29,34,32
India,West Bengal,Asansol,"Trivenidevi Bhalotia College, Asansol - WBPCB",13-09-2026 15:00:00,23.616515,87.119133,PM10,13,34,24
India,West Bengal,Asansol,"Trivenidevi Bhalotia College, Asansol - WBPCB",13-09-2026 15:00:00,23.616515,87.119133,NH3,3,5,5
India,West Bengal,Asansol,"Trivenidevi Bhalotia College, Asansol - WBPCB",13-09-2026 15:00:00,23.616515,87.119133,SO2,20,23,22
India,West Bengal,Asansol,"Evelyn Lodge, Asansol - WBPCB",13-09-2026 15:00:00,23.697936,86.944395,NH3,4,5,4
India,West Bengal,Asansol,"Evelyn Lodge, Asansol - WBPCB",13-09-2026 15:00:00,23.697936,86.944395,SO2,78,78,78
India,West Bengal,Asansol,"Mahabir Colliery, Asansol - WBPCB",13-09-2026 15:00:00,23.618183,87.105718,NO2,1,8,4
India,West Bengal,Barrackpore,"SVSPA Campus, Barrackpore - WBPCB",13-09-2026 15:00:00,22.7605581,88.3617589,PM2.5,15,46,33
India,West Bengal,Durgapur,"PCBL Residential Complex, Durgapur - WBPCB",13-09-2026 15:00:00,23.508764,87.35444,PM2.5,28,66,39
India,West Bengal,Durgapur,"PCBL Residential Complex, Durgapur - WBPCB",13-09-2026 15:00:00,23.508764,87.35444,PM10,38,68,48
India,West Bengal,Durgapur,"PCBL Residential Complex, Durgapur - WBPCB",13-09-2026 15:00:00,23.508764,87.35444,NO2,46,66,59
India,West Bengal,Durgapur,"Mahishkapur Road_B-Zone, Durgapur - WBPCB",13-09-2026 15:00:00,23.567923,87.306843,OZONE,15,33,27
India,West Bengal,Haldia,"Priyambada Housing Estate, Haldia - WBPCB",13-09-2026 15:00:00,22.06047,88.109737,PM10,22,40,29
India,West Bengal,Haldia,"Priyambada Housing Estate, Haldia - WBPCB",13-09-2026 15:00:00,22.06047,88.109737,NO2,8,20,11
India,West Bengal,Haldia,"Priyambada Housing Estate, Haldia - WBPCB",13-09-2026 15:00:00,22.06047,88.109737,OZONE,15,18,17
India,West Bengal,Howrah,"Dasnagar, Howrah - WBPCB",13-09-2026 15:00:00,22.6025571,88.3105664,NO2,2,11,6
India,West Bengal,Howrah,"Belur Math, Howrah - WBPCB",13-09-2026 15:00:00,22.629801,88.352017,NO2,NA,NA,NA
India,West Bengal,Howrah,"Belur Math, Howrah - WBPCB",13-09-2026 15:00:00,22.629801,88.352017,SO2,8,9,8
India,West Bengal,Howrah,"Botanical Garden, Howrah - WBPCB",13-09-2026 15:00:00,22.554954,88.292568,NH3,2,4,3
India,West Bengal,Howrah,"Botanical Garden, Howrah - WBPCB",13-09-2026 15:00:00,22.554954,88.292568,SO2,4,5,5
India,West Bengal,Howrah,"Botanical Garden, Howrah - WBPCB",13-09-2026 15:00:00,22.554954,88.292568,OZONE,23,39,31
India,West Bengal,Kolkata,"Fort William, Kolkata - WBPCB",13-09-2026 15:00:00,22.55664,88.342674,PM2.5,13,203,37
India,West Bengal,Kolkata,"Ballygunge, Kolkata - WBPCB",13-09-2026 15:00:00,22.5367507,88.3638022,CO,15,20,17
India,West Bengal,Kolkata,"Rabindra Sarobar, Kolkata - WBPCB",13-09-2026 15:00:00,22.51106,88.35142,OZONE,10,15,12
India,West Bengal,Kolkata,"Jadavpur, Kolkata - WBPCB",13-09-2026 15:00:00,22.49929,88.36917,NO2,22,84,37
India,West Bengal,Kolkata,"Rabindra Bharati University, Kolkata - WBPCB",13-09-2026 15:00:00,22.627847,88.380669,NH3,4,9,6
India,West Bengal,Kolkata,"Rabindra Bharati University, Kolkata - WBPCB",13-09-2026 15:00:00,22.627847,88.380669,CO,26,33,28
India,West Bengal,Kolkata,"Victoria, Kolkata - WBPCB",13-09-2026 15:00:00,22.5448082,88.3403691,PM2.5,21,32,26
India,West Bengal,Kolkata,"Victoria, Kolkata - WBPCB",13-09-2026 15:00:00,22.5448082,88.3403691,PM10,24,44,35
India,West Bengal,Kolkata,"Victoria, Kolkata - WBPCB",13-09-2026 15:00:00,22.5448082,88.3403691,OZONE,14,40,23
India,West Bengal,Kolkata,"Bidhannagar, Kolkata - WBPCB",13-09-2026 15:00:00,22.58157048,88.41002457,CO,18,20,19
India,West Bengal,Siliguri,"Ward-32 Bapupara, Siliguri - WBPCB",13-09-2026 15:00:00,26.6879226,88.4152495,CO,14,28,22
India,Assam,Nagaon,"Christianpatty, Nagaon - PCBA",13-09-2026 15:00:00,26.349082,92.68449,CO,6,26,22
India,Assam,Nalbari,"Bata Chowk, Nalbari - PCBA",13-09-2026 15:00:00,26.446912,91.439057,NO2,14,16,15
India,Assam,Sivasagar,"Girls College, Sivasagar - PCBA",13-09-2026 15:00:00,26.987634,94.636574,PM2.5,18,21,19
India,Assam,Sivasagar,"Girls College, Sivasagar - PCBA",13-09-2026 15:00:00,26.987634,94.636574,PM10,28,39,32
India,Assam,Sivasagar,"Girls College, Sivasagar - PCBA",13-09-2026 15:00:00,26.987634,94.636574,SO2,6,9,8
India,Bihar,Araria,"Kharahiya Basti, Araria - BSPCB",13-09-2026 15:00:00,26.146529,87.454184,PM10,15,135,50
India,Bihar,Araria,"Kharahiya Basti, Araria - BSPCB",13-09-2026 15:00:00,26.146529,87.454184,NO2,11,19,14
India,Bihar,Araria,"Kharahiya Basti, Araria - BSPCB",13-09-2026 15:00:00,26.146529,87.454184,OZONE,35,43,39
India,Bihar,Arrah,"New DM Office, Arrah - BSPCB",13-09-2026 15:00:00,25.5626095,84.663264,NH3,1,2,2
India,Bihar,Arrah,"New DM Office, Arrah - BSPCB",13-09-2026 15:00:00,25.5626095,84.663264,SO2,5,6,5
India,Bihar,Begusarai,"Lohiyanagar, Begusarai - BSPCB",13-09-2026 15:00:00,25.42742023,86.13886079,SO2,13,17,16
India,Bihar,Bettiah,"Kamalnath Nagar, Bettiah - BSPCB",13-09-2026 15:00:00,26.80365,84.51954,NO2,18,76,33
India,Bihar,Bettiah,"Kamalnath Nagar, Bettiah - BSPCB",13-09-2026 15:00:00,26.80365,84.51954,SO2,9,18,14
India,Bihar,Bhagalpur,"DM Office_Kachari Chowk, Bhagalpur - BSPCB",13-09-2026 15:00:00,25.251013,86.989001,PM2.5,17,187,44
India,Bihar,Bhagalpur,"DM Office_Kachari Chowk, Bhagalpur - BSPCB",13-09-2026 15:00:00,25.251013,86.989001,NO2,19,23,21
India,Bihar,Bhagalpur,"DM Office_Kachari Chowk, Bhagalpur - BSPCB",13-09-2026 15:00:00,25.251013,86.989001,CO,27,31,29
India,Delhi,Delhi,"Vivek Vihar, Delhi - DPCC",13-09-2026 15:00:00,28.672342,77.31526,NO2,25,71,45
India,Delhi,Delhi,"Vivek Vihar, Delhi - DPCC",13-09-2026 15:00:00,28.672342,77.31526,OZONE,13,20,16
India,Delhi,Delhi,"Jahangirpuri, Delhi - DPCC",13-09-2026 15:00:00,28.73282,77.170633,PM2.5,12,257,90
India,Delhi,Delhi,"IHBAS, Dilshad Garden, Delhi - CPCB",13-09-2026 15:00:00,28.6811736,77.3025234,CO,14,18,16
India,Delhi,Delhi,"Sri Aurobindo Marg, Delhi - DPCC",13-09-2026 15:00:00,28.531346,77.190156,NO2,8,19,12
India,Delhi,Delhi,"Nehru Nagar, Delhi - DPCC",13-09-2026 15:00:00,28.56789,77.250515,OZONE,14,40,27
India,Delhi,Delhi,"Patparganj, Delhi - DPCC",13-09-2026 15:00:00,28.623763,77.287209,PM10,42,120,77
India,Delhi,Delhi,"Patparganj, Delhi - DPCC",13-09-2026 15:00:00,28.623763,77.287209,CO,33,43,37
India,Delhi,Delhi,"NSUT Jaffarpur, Delhi - DPCC",13-09-2026 15:00:00,28.594004,76.909423,OZONE,11,54,36
India,Delhi,Delhi,"Najafgarh, Delhi - DPCC",13-09-2026 15:00:00,28.570173,76.933762,PM10,8,61,36
India,Delhi,Delhi,"Najafgarh, Delhi - DPCC",13-09-2026 15:00:00,28.570173,76.933762,NH3,5,8,6
India,Delhi,Delhi,"Punjabi Bagh, Delhi - DPCC",13-09-2026 15:00:00,28.674045,77.131023,SO2,20,29,26
India,Delhi,Delhi,"Punjabi Bagh, Delhi - DPCC",13-09-2026 15:00:00,28.674045,77.131023,CO,28,42,32
India,Delhi,Delhi,"Wazirpur, Delhi - DPCC",13-09-2026 15:00:00,28.699793,77.165453,OZONE,NA,NA,NA
India,Delhi,Delhi,"Mundka, Delhi - DPCC",13-09-2026 15:00:00,28.684678,77.076574,PM2.5,15,103,47
India,Chhattisgarh,Raipur,"Bhatagaon New ISBT, Raipur - CECB",13-09-2026 15:00:00,21.219665,81.630094,NH3,2,2,2
India,Chhattisgarh,Raipur,"Siltara Phase-II, Raipur - CECB",13-09-2026 15:00:00,21.371751,81.664929,PM2.5,NA,NA,NA
India,Chhattisgarh,Raipur,"Siltara Phase-II, Raipur - CECB",13-09-2026 15:00:00,21.371751,81.664929,NO2,3,26,15
India,Chhattisgarh,Tumidih,"OP Jindal Industrial Park, Tumidih - CECB",13-09-2026 15:00:00,22.06631475,83.33820077,NH3,2,2,2
India,Chhattisgarh,Tumidih,"OP Jindal Industrial Park, Tumidih - CECB",13-09-2026 15:00:00,22.06631475,83.33820077,CO,24,50,36
India,Delhi,Delhi,"Narela, Delhi - DPCC",13-09-2026 15:00:00,28.822836,77.101981,PM10,42,152,90
India,Delhi,Delhi,"Narela, Delhi - DPCC",13-09-2026 15:00:00,28.822836,77.101981,CO,45,49,47
India,Delhi,Delhi,"Narela, Delhi - DPCC",13-09-2026 15:00:00,28.822836,77.101981,OZONE,18,50,31
India,Delhi,Delhi,"Cantonment Area, Delhi - DPCC",13-09-2026 15:00:00,28.594169,77.1251,NO2,4,20,13
India,Delhi,Delhi,"Cantonment Area, Delhi - DPCC",13-09-2026 15:00:00,28.594169,77.1251,NH3,2,4,3
India,Delhi,Delhi,"Cantonment Area, Delhi - DPCC",13-09-2026 15:00:00,28.594169,77.1251,CO,53,94,75
India,Delhi,Delhi,"Sonia Vihar, Delhi - DPCC",13-09-2026 15:00:00,28.710508,77.249485,PM2.5,28,323,101
India,Delhi,Delhi,"Sonia Vihar, Delhi - DPCC",13-09-2026 15:00:00,28.710508,77.249485,PM10,61,165,112
India,Delhi,Delhi,"Okhla Phase-2, Delhi - DPCC",13-09-2026 15:00:00,28.530785,77.271255,SO2,4,11,7
India,Delhi,Delhi,"Okhla Phase-2, Delhi - DPCC",13-09-2026 15:00:00,28.530785,77.271255,OZONE,1,23,13
India,Delhi,Delhi,"Vivek Vihar, Delhi - DPCC",13-09-2026 15:00:00,28.672342,77.31526,PM2.5,22,82,49
India,Chhattisgarh,Bhilai,"Hathkhoj, Bhilai - CECB",13-09-2026 15:00:00,21.224231,81.40835,CO,6,37,13
India,Chhattisgarh,Chhal,"Nawapara SECL Colony, Chhal - CECB",13-09-2026 15:00:00,22.118125,83.140608,PM10,32,53,44
India,Chhattisgarh,Korba,"Urja Nagar, Korba - CECB",13-09-2026 15:00:00,22.348441,82.549611,PM2.5,10,20,14
India,Chhattisgarh,Korba,"Urja Nagar, Korba - CECB",13-09-2026 15:00:00,22.348441,82.549611,PM10,15,29,20
India,Chhattisgarh,Kunjemura,"OP Jindal School, Kunjemura - CECB",13-09-2026 15:00:00,22.12665,83.483212,PM2.5,3,14,8
India,Chhattisgarh,Kunjemura,"OP Jindal School, Kunjemura - CECB",13-09-2026 15:00:00,22.12665,83.483212,SO2,11,22,16
India,Chhattisgarh,Kunjemura,"OP Jindal School, Kunjemura - CECB",13-09-2026 15:00:00,22.12665,83.483212,OZONE,3,4,3
India,Chhattisgarh,Milupara,"Govt. Higher Secondary School, Milupara - CECB",13-09-2026 15:00:00,22.1910172,83.5197009,PM2.5,NA,NA,NA
India,Chhattisgarh,Raipur,"AIIMS, Raipur - CECB",13-09-2026 15:00:00,21.258815,81.578979,NO2,0,1,0
India,Chhattisgarh,Raipur,"AIIMS, Raipur - CECB",13-09-2026 15:00:00,21.258815,81.578979,SO2,3,5,4
India,Chhattisgarh,Raipur,"AIIMS, Raipur - CECB",13-09-2026 15:00:00,21.258815,81.578979,CO,14,15,14
India,Chhattisgarh,Raipur,"Krishak Nagar, Raipur - CECB",13-09-2026 15:00:00,21.237755,81.705301,PM10,6,18,11
India,Chhattisgarh,Raipur,"Bhatagaon New ISBT, Raipur - CECB",13-09-2026 15:00:00,21.219665,81.630094,PM10,2,29,8
India,Bihar,Patna,"Govt. High School Shikarpur, Patna - BSPCB",13-09-2026 15:00:00,25.592539,85.227158,NO2,5,7,6
India,Bihar,Purnia,"Mariam Nagar, Purnia - BSPCB",13-09-2026 15:00:00,25.366336,87.117468,PM2.5,NA,NA,NA
India,Bihar,Saharsa,"Police Line, Saharsa - BSPCB",13-09-2026 15:00:00,25.892357,86.590325,OZONE,4,23,11
India,Bihar,Samastipur,"DM Office_Kasipur, Samastipur - BSPCB",13-09-2026 15:00:00,25.859655,85.77944,PM10,NA,NA,NA
India,Chandigarh,Chandigarh,"Sector 22, Chandigarh - CPCC",13-09-2026 15:00:00,30.735567,76.775714,OZONE,5,23,15
India,Chandigarh,Chandigarh,"Sector-25, Chandigarh - CPCC",13-09-2026 15:00:00,30.751462,76.762879,NH3,9,12,10
India,Chandigarh,Chandigarh,"Sector-25, Chandigarh - CPCC",13-09-2026 15:00:00,30.751462,76.762879,SO2,3,8,6
India,Chandigarh,Chandigarh,"Sector-25, Chandigarh - CPCC",13-09-2026 15:00:00,30.751462,76.762879,OZONE,8,30,19
India,Chandigarh,Chandigarh,"Sector-53, Chandigarh - CPCC",13-09-2026 15:00:00,30.719859,76.738637,NO2,6,76,30
India,Chandigarh,Chandigarh,"Sector-53, Chandigarh - CPCC",13-09-2026 15:00:00,30.719859,76.738637,SO2,1,7,3
India,Chhattisgarh,Bhilai,"Civic Center, Bhilai - Bhilai Steel Plant",13-09-2026 15:00:00,21.185571,81.343175,NO2,15,16,16
India,Chhattisgarh,Bhilai,"Civic Center, Bhilai - Bhilai Steel Plant",13-09-2026 15:00:00,21.185571,81.343175,NH3,1,2,1
India,Andhra Pradesh,Vijayawada,"Rajiv Gandhi Park, Vijayawada - APPCB",13-09-2026 15:00:00,16.509717,80.612222,PM2.5,45,77,60
India,Andhra Pradesh,Vijayawada,"Rajiv Gandhi Park, Vijayawada - APPCB",13-09-2026 15:00:00,16.509717,80.612222,SO2,10,16,12
India,Andhra Pradesh,Visakhapatnam,"GVM Corporation, Visakhapatnam - APPCB",13-09-2026 15:00:00,17.72,83.3,PM10,NA,NA,NA
India,Andhra Pradesh,Visakhapatnam,"GVM Corporation, Visakhapatnam - APPCB",13-09-2026 15:00:00,17.72,83.3,NH3,1,3,2
India,Assam,Guwahati,"LGBI Airport, Guwahati - PCBA",13-09-2026 15:00:00,26.10887,91.589544,NO2,13,16,14
India,Assam,Guwahati,"LGBI Airport, Guwahati - PCBA",13-09-2026 15:00:00,26.10887,91.589544,CO,18,25,20
India,Assam,Guwahati,"Pan Bazaar, Guwahati - PCBA",13-09-2026 15:00:00,26.1875,91.744194,NH3,1,1,1
India,Assam,Guwahati,"Pan Bazaar, Guwahati - PCBA",13-09-2026 15:00:00,26.1875,91.744194,OZONE,11,21,17
India,Assam,Guwahati,"IITG, Guwahati - PCBA",13-09-2026 15:00:00,26.2028636,91.70046436,NO2,0,3,2
India,Assam,Guwahati,"IITG, Guwahati - PCBA",13-09-2026 15:00:00,26.2028636,91.70046436,SO2,33,33,33
India,Assam,Guwahati,"Railway Colony, Guwahati - PCBA",13-09-2026 15:00:00,26.181742,91.78063,OZONE,9,12,10
India,Assam,Nagaon,"Christianpatty, Nagaon - PCBA",13-09-2026 15:00:00,26.349082,92.68449,PM2.5,48,90,62
India,Assam,Nagaon,"Christianpatty, Nagaon - PCBA",13-09-2026 15:00:00,26.349082,92.68449,SO2,1,15,13
India,Andhra Pradesh,Kurnool,"Sita Rama Nagar, Kurnool - APPCB",13-09-2026 15:00:00,15.83411,78.028546,OZONE,15,30,22
India,Andhra Pradesh,Machilipatnam,"Srinivas Nagar Colony, Machilipatnam - APPCB",13-09-2026 15:00:00,16.186555,81.13219,CO,26,35,30
India,Andhra Pradesh,Rajamahendravaram,"Anand Kala Kshetram, Rajamahendravaram - APPCB",13-09-2026 15:00:00,16.9872867,81.7363176,SO2,0,9,4
India,Andhra Pradesh,Tirumala,"Toll Gate, Tirumala - APPCB",13-09-2026 15:00:00,13.67,79.35,OZONE,20,25,22
India,Andhra Pradesh,Tirupati,"Vaikuntapuram, Tirupati - APPCB",13-09-2026 15:00:00,13.615387,79.40923,PM2.5,62,71,68
India,Andhra Pradesh,Tirupati,"Vaikuntapuram, Tirupati - APPCB",13-09-2026 15:00:00,13.615387,79.40923,PM10,78,87,83
India,Andhra Pradesh,Tirupati,"Vaikuntapuram, Tirupati - APPCB",13-09-2026 15:00:00,13.615387,79.40923,NH3,6,7,7
India,Andhra Pradesh,Tirupati,"Vaikuntapuram, Tirupati - APPCB",13-09-2026 15:00:00,13.615387,79.40923,SO2,21,25,22
India,Andhra Pradesh,Vijayawada,"Rajiv Nagar, Vijayawada - APPCB",13-09-2026 15:00:00,16.554731,80.64911,PM10,54,62,59
India,Andhra Pradesh,Vijayawada,"Rajiv Nagar, Vijayawada - APPCB",13-09-2026 15:00:00,16.554731,80.64911,NH3,4,6,6
India,Andhra Pradesh,Vijayawada,"HB Colony, Vijayawada - APPCB",13-09-2026 15:00:00,16.536107,80.594233,PM10,49,56,55
India,Bihar,Munger,"Town Hall, Munger - BSPCB",13-09-2026 15:00:00,25.376776,86.471523,SO2,NA,NA,NA
India,Bihar,Munger,"Town Hall, Munger - BSPCB",13-09-2026 15:00:00,25.376776,86.471523,CO,34,34,34
India,Bihar,Munger,"Town Hall, Munger - BSPCB",13-09-2026 15:00:00,25.376776,86.471523,OZONE,NA,NA,NA
India,Bihar,Muzaffarpur,"Buddha Colony, Muzaffarpur - BSPCB",13-09-2026 15:00:00,26.11442,85.39813,NH3,5,17,13
India,Bihar,Muzaffarpur,"MIT-Daudpur Kothi, Muzaffarpur - BSPCB",13-09-2026 15:00:00,26.1403345,85.3650192,PM10,26,39,29
India,Bihar,Muzaffarpur,"MIT-Daudpur Kothi, Muzaffarpur - BSPCB",13-09-2026 15:00:00,26.1403345,85.3650192,NO2,1,3,1
India,Bihar,Patna,"Samanpura, Patna - BSPCB",13-09-2026 15:00:00,25.596727,85.085624,PM10,NA,NA,NA
India,Bihar,Patna,"Samanpura, Patna - BSPCB",13-09-2026 15:00:00,25.596727,85.085624,NO2,NA,NA,NA
India,Bihar,Patna,"Samanpura, Patna - BSPCB",13-09-2026 15:00:00,25.596727,85.085624,SO2,NA,NA,NA
India,Bihar,Patna,"Rajbansi Nagar, Patna - BSPCB",13-09-2026 15:00:00,25.599486,85.113666,PM10,NA,NA,NA
India,Bihar,Patna,"DRM Office Danapur, Patna - BSPCB",13-09-2026 15:00:00,25.586562,85.043586,OZONE,15,39,24
India,Bihar,Patna,"IGSC Planetarium Complex, Patna - BSPCB",13-09-2026 15:00:00,25.610369,85.132568,NO2,3,5,4
India,Bihar,Gaya,"Kareemganj, Gaya - BSPCB",13-09-2026 15:00:00,24.792403,84.992416,OZONE,25,42,30
India,Bihar,Gaya,"SFTI Kusdihra, Gaya - BSPCB",13-09-2026 15:00:00,24.762518,84.982348,CO,14,34,23
India,Bihar,Gaya,"Collectorate, Gaya - BSPCB",13-09-2026 15:00:00,24.7955,84.9994,OZONE,27,28,28
India,Bihar,Hajipur,"Industrial Area, Hajipur - BSPCB",13-09-2026 15:00:00,25.697189,85.2459,NH3,12,16,14
India,Andhra Pradesh,Amaravati,"Secretariat, Amaravati - APPCB",13-09-2026 15:00:00,16.5150833,80.5181667,SO2,8,18,13
India,Andhra Pradesh,Amaravati,"Secretariat, Amaravati - APPCB",13-09-2026 15:00:00,16.5150833,80.5181667,OZONE,26,41,31
India,Andhra Pradesh,Eluru,"District Court, Eluru - APPCB",13-09-2026 15:00:00,16.711754,81.092095,CO,14,18,16
India,Andhra Pradesh,Eluru,"District Court, Eluru - APPCB",13-09-2026 15:00:00,16.711754,81.092095,OZONE,8,44,21
India,Delhi,Delhi,"Aya Nagar, Delhi - IITM",13-09-2026 15:00:00,28.4706914,77.1099364,PM10,22,93,56
India,Delhi,Delhi,"Aya Nagar, Delhi - IITM",13-09-2026 15:00:00,28.4706914,77.1099364,NO2,5,12,8
India,Delhi,Delhi,"Aya Nagar, Delhi - IITM",13-09-2026 15:00:00,28.4706914,77.1099364,CO,21,31,26
India,Delhi,Delhi,"CRRI Mathura Road, Delhi - IITM",13-09-2026 15:00:00,28.5512005,77.2735737,NH3,NA,NA,NA
India,Delhi,Delhi,"CRRI Mathura Road, Delhi - IITM",13-09-2026 15:00:00,28.5512005,77.2735737,CO,23,32,28
India,Delhi,Delhi,"Alipur, Delhi - DPCC",13-09-2026 15:00:00,28.815329,77.15301,PM10,30,123,78
India,Delhi,Delhi,"Alipur, Delhi - DPCC",13-09-2026 15:00:00,28.815329,77.15301,SO2,5,8,6
India,Delhi,Delhi,"Burari Crossing, Delhi - IITM",13-09-2026 15:00:00,28.7256504,77.2011573,NO2,2,89,33
India,Delhi,Delhi,"Burari Crossing, Delhi - IITM",13-09-2026 15:00:00,28.7256504,77.2011573,NH3,NA,NA,NA
India,Delhi,Delhi,"Burari Crossing, Delhi - IITM",13-09-2026 15:00:00,28.7256504,77.2011573,CO,2,17,6
India,Delhi,Delhi,"JNU, Delhi - DPCC",13-09-2026 15:00:00,28.540721,77.168544,OZONE,11,20,16
India,Gujarat,Ahmedabad,"Rakhial, Ahmedabad - IITM",13-09-2026 15:00:00,23.016834,72.625775,SO2,7,15,11
India,Gujarat,Ahmedabad,"SVPI Airport Hansol, Ahmedabad - IITM",13-09-2026 15:00:00,23.076793,72.627874,OZONE,9,30,18
India,Gujarat,Ahmedabad,"Gyaspur, Ahmedabad - IITM",13-09-2026 15:00:00,22.977134,72.553024,PM10,37,131,89
India,Gujarat,Ahmedabad,"Gyaspur, Ahmedabad - IITM",13-09-2026 15:00:00,22.977134,72.553024,NO2,32,74,50
India,Gujarat,Ahmedabad,"Gyaspur, Ahmedabad - IITM",13-09-2026 15:00:00,22.977134,72.553024,SO2,17,78,46
India,Gujarat,Ahmedabad,"SAC ISRO Satellite, Ahmedabad - IITM",13-09-2026 15:00:00,23.023389,72.515201,PM10,35,79,52
India,Haryana,Panchkula,"Sector-6, Panchkula - HSPCB ",13-09-2026 15:00:00,30.7057778,76.8531805555555,NH3,NA,NA,NA
India,Haryana,Panchkula,"Sector-6, Panchkula - HSPCB ",13-09-2026 15:00:00,30.7057778,76.8531805555555,SO2,NA,NA,NA
India,Haryana,Panipat,"Sector-18, Panipat - HSPCB",13-09-2026 15:00:00,29.432304,76.972765,NH3,7,12,10
India,Haryana,Panipat,"Sector-18, Panipat - HSPCB",13-09-2026 15:00:00,29.432304,76.972765,CO,26,28,27
India,Haryana,Panipat,"Sector-18, Panipat - HSPCB",13-09-2026 15:00:00,29.432304,76.972765,OZONE,41,43,42
India,Haryana,Rohtak,"MD University, Rohtak - HSPCB",13-09-2026 15:00:00,28.52123,76.37138,NH3,NA,NA,NA
India,Haryana,Rohtak,"MD University, Rohtak - HSPCB",13-09-2026 15:00:00,28.52123,76.37138,OZONE,15,45,29
India,Haryana,Sirsa,"F-Block, Sirsa - HSPCB",13-09-2026 15:00:00,29.5364,75.0158,PM2.5,18,30,26
India,Haryana,Sirsa,"F-Block, Sirsa - HSPCB",13-09-2026 15:00:00,29.5364,75.0158,NO2,19,22,20
India,Haryana,Sonipat,"Murthal, Sonipat - HSPCB",13-09-2026 15:00:00,29.0272,77.0621,CO,45,76,55
India,Haryana,Yamuna Nagar,"Gobind Pura, Yamuna Nagar - HSPCB",13-09-2026 15:00:00,30.1480566,77.2893471,NH3,1,6,4
India,Himachal Pradesh,Baddi,"HIMUDA Complex Phase-1, Baddi - HPPCB",13-09-2026 15:00:00,30.943887,76.801991,PM2.5,5,147,51
India,Himachal Pradesh,Baddi,"HIMUDA Complex Phase-1, Baddi - HPPCB",13-09-2026 15:00:00,30.943887,76.801991,PM10,8,177,89
India,Jammu and Kashmir,Pampore,"Khrew, Pampore - JKPCC",13-09-2026 15:00:00,34.031606,75.009712,PM2.5,12,92,49
India,Gujarat,Ahmedabad,"Chandkheda, Ahmedabad - IITM",13-09-2026 15:00:00,23.107969,72.574648,SO2,7,12,10
India,Gujarat,Ankleshwar,"GIDC, Ankleshwar - GPCB",13-09-2026 15:00:00,21.613267,73.010555,PM10,NA,NA,NA
India,Gujarat,Bhavnagar,"Vidhyanagar, Bhavnagar - Nexteng Enviro",13-09-2026 15:00:00,21.755417,72.139056,PM10,23,58,38
India,Gujarat,Gandhinagar,"Sector-10, Gandhinagar - GPCB",13-09-2026 15:00:00,23.221714,72.654328,SO2,6,8,7
India,Gujarat,Gandhinagar,"GIFT City, Gandhinagar - IITM",13-09-2026 15:00:00,23.163798,72.677768,PM2.5,52,112,74
India,Gujarat,Gandhinagar,"IIPHG Lekawada, Gandhinagar - IITM",13-09-2026 15:00:00,23.243639,72.68994,NH3,4,7,5
India,Gujarat,Mehsana,"Sadanand Nagar, Mehsana - Nexteng Enviro",13-09-2026 15:00:00,23.59315,72.372792,CO,42,43,42
India,Gujarat,Mehsana,"Sadanand Nagar, Mehsana - Nexteng Enviro",13-09-2026 15:00:00,23.59315,72.372792,OZONE,10,11,10
India,Gujarat,Rajkot,"Mavdi, Rajkot - Nexteng Enviro ",13-09-2026 15:00:00,22.248853,70.776774,PM2.5,24,56,37
India,Gujarat,Rajkot,"Mavdi, Rajkot - Nexteng Enviro ",13-09-2026 15:00:00,22.248853,70.776774,CO,28,29,28
India,Gujarat,Rajkot,"Mavdi, Rajkot - Nexteng Enviro ",13-09-2026 15:00:00,22.248853,70.776774,OZONE,0,16,8
India,Gujarat,Surat,"Science Center, Surat - SMC",13-09-2026 15:00:00,21.170046,72.795405,PM10,9,75,30
India,Gujarat,Surat,"Science Center, Surat - SMC",13-09-2026 15:00:00,21.170046,72.795405,SO2,16,18,17
India,Delhi,Delhi,"Mundka, Delhi - DPCC",13-09-2026 15:00:00,28.684678,77.076574,PM10,45,210,96
India,Delhi,Delhi,"Mundka, Delhi - DPCC",13-09-2026 15:00:00,28.684678,77.076574,NO2,74,91,80
India,Delhi,Delhi,"Shadipur, Delhi - CPCB",13-09-2026 15:00:00,28.6514781,77.1473105,SO2,2,32,10
India,Delhi,Delhi,"Shadipur, Delhi - CPCB",13-09-2026 15:00:00,28.6514781,77.1473105,CO,40,50,46
India,Delhi,Delhi,"Mandir Marg, Delhi - DPCC",13-09-2026 15:00:00,28.636429,77.201067,SO2,52,58,56
India,Delhi,Delhi,"Sirifort, Delhi - CPCB",13-09-2026 15:00:00,28.5504249,77.2159377,NO2,32,36,33
India,Delhi,Delhi,"Chandni Chowk, Delhi - IITM",13-09-2026 15:00:00,28.656756,77.227234,PM2.5,11,71,43
India,Delhi,Delhi,"Chandni Chowk, Delhi - IITM",13-09-2026 15:00:00,28.656756,77.227234,NH3,4,8,5
India,Delhi,Delhi,"Chandni Chowk, Delhi - IITM",13-09-2026 15:00:00,28.656756,77.227234,SO2,6,50,18
India,Delhi,Delhi,"Pusa, Delhi - IITM",13-09-2026 15:00:00,28.63611,77.173332,PM2.5,5,99,49
India,Delhi,Delhi,"Ashok Vihar, Delhi - DPCC",13-09-2026 15:00:00,28.695381,77.181665,PM10,80,80,80
India,Delhi,Delhi,"Ashok Vihar, Delhi - DPCC",13-09-2026 15:00:00,28.695381,77.181665,OZONE,3,6,5
India,Delhi,Delhi,"Anand Vihar, Delhi - DPCC",13-09-2026 15:00:00,28.647622,77.315809,PM2.5,40,108,70
India,Delhi,Delhi,"Anand Vihar, Delhi - DPCC",13-09-2026 15:00:00,28.647622,77.315809,NO2,19,37,28
India,Delhi,Delhi,"DTU, Delhi - CPCB",13-09-2026 15:00:00,28.7500499,77.1112615,OZONE,17,52,35
India,Jammu and Kashmir,Srinagar,"Rajbagh, Srinagar - JKPCC",13-09-2026 15:00:00,34.066206,74.81982,OZONE,1,4,3
India,Jharkhand,Dhanbad,"Sardar Patel Nagar, Dhanbad - JSPCB",13-09-2026 15:00:00,23.80569,86.44268,OZONE,19,38,29
India,Jharkhand,Jorapokhar,"Tata Stadium, Jorapokhar - JSPCB",13-09-2026 15:00:00,23.707909,86.41467,NO2,8,8,8
India,Jharkhand,Jorapokhar,"Tata Stadium, Jorapokhar - JSPCB",13-09-2026 15:00:00,23.707909,86.41467,NH3,3,3,3
India,Jharkhand,Jorapokhar,"Tata Stadium, Jorapokhar - JSPCB",13-09-2026 15:00:00,23.707909,86.41467,CO,38,40,39
India,Jharkhand,Jorapokhar,"Tata Stadium, Jorapokhar - JSPCB",13-09-2026 15:00:00,23.707909,86.41467,OZONE,11,36,21
India,Karnataka,Bengaluru,"Silk Board, Bengaluru - KSPCB",13-09-2026 15:00:00,12.917348,77.622813,NO2,16,17,17
India,Karnataka,Bengaluru,"City Railway Station, Bengaluru - KSPCB",13-09-2026 15:00:00,12.9756843,77.5660749,PM2.5,NA,NA,NA
India,Karnataka,Bengaluru,"City Railway Station, Bengaluru - KSPCB",13-09-2026 15:00:00,12.9756843,77.5660749,NH3,NA,NA,NA
India,Karnataka,Bengaluru,"Jayanagar 5th Block, Bengaluru - KSPCB",13-09-2026 15:00:00,12.920984,77.584908,NO2,9,31,15
India,Karnataka,Bengaluru,"Hombegowda Nagar, Bengaluru - KSPCB",13-09-2026 15:00:00,12.938539,77.5901,PM2.5,21,56,31
India,Karnataka,Bengaluru,"Hombegowda Nagar, Bengaluru - KSPCB",13-09-2026 15:00:00,12.938539,77.5901,CO,18,23,21
India,Karnataka,Bengaluru,"Hebbal, Bengaluru - KSPCB",13-09-2026 15:00:00,13.029152,77.585901,NO2,19,24,21
India,Haryana,Bhiwani,"H.B. Colony, Bhiwani - HSPCB",13-09-2026 15:00:00,28.806223,76.141105,NH3,11,12,11
India,Haryana,Bhiwani,"H.B. Colony, Bhiwani - HSPCB",13-09-2026 15:00:00,28.806223,76.141105,OZONE,15,24,19
India,Haryana,Charkhi Dadri,"Mini Secretariat, Charkhi Dadri - HSPCB",13-09-2026 15:00:00,28.593883,76.270653,PM2.5,19,235,80
India,Haryana,Charkhi Dadri,"Mini Secretariat, Charkhi Dadri - HSPCB",13-09-2026 15:00:00,28.593883,76.270653,NH3,5,9,6
India,Haryana,Faridabad,"New Industrial Town, Faridabad - HSPCB",13-09-2026 15:00:00,28.39072,77.30059,PM10,115,130,121
India,Haryana,Faridabad,"Sector 11, Faridabad - HSPCB",13-09-2026 15:00:00,28.376058,77.315741,SO2,7,9,8
India,Haryana,Faridabad,"Sector 30, Faridabad - HSPCB",13-09-2026 15:00:00,28.4417,77.3217,NO2,36,39,37
India,Haryana,Fatehabad,"Huda Sector, Fatehabad - HSPCB",13-09-2026 15:00:00,29.503664,75.467934,CO,45,54,49
India,Haryana,Gurugram,"NISE Gwal Pahari, Gurugram - IITM",13-09-2026 15:00:00,28.422681,77.148944,SO2,NA,NA,NA
India,Haryana,Gurugram,"Sector-51, Gurugram - HSPCB",13-09-2026 15:00:00,28.4227,77.0667,CO,9,20,14
India,Haryana,Gurugram,"Vikas Sadan, Gurugram - HSPCB",13-09-2026 15:00:00,28.4501238,77.0263051,NO2,2,21,9
India,Haryana,Hisar,"Urban Estate-II, Hisar - HSPCB",13-09-2026 15:00:00,29.14056,75.744941,OZONE,133,136,135
India,Haryana,Jind,"Police Lines, Jind - HSPCB",13-09-2026 15:00:00,29.307814,76.337619,PM2.5,70,128,92
India,Haryana,Kaithal,"Rishi Nagar, Kaithal - HSPCB",13-09-2026 15:00:00,29.8006,76.4155,CO,17,22,19
India,Haryana,Karnal,"Sector-12, Karnal - HSPCB",13-09-2026 15:00:00,29.6953,77.0027,CO,44,55,50
India,Haryana,Kurukshetra,"Sector-7, Kurukshetra - HSPCB",13-09-2026 15:00:00,29.966942,76.875879,PM2.5,34,67,50
India,Haryana,Manesar,"Sector-2 IMT, Manesar - HSPCB",13-09-2026 15:00:00,28.360699,76.93609,OZONE,16,39,27
India,Haryana,Palwal,"Shyam Nagar, Palwal - HSPCB",13-09-2026 15:00:00,28.1485564,77.3320667,PM2.5,21,58,33
India,Haryana,Panchgaon,"Amity University, Panchgaon - IITM",13-09-2026 15:00:00,28.3153,76.9143,PM2.5,0,10,2
India,Delhi,Delhi,"Dr. Karni Singh Shooting Range, Delhi - DPCC",13-09-2026 15:00:00,28.498571,77.26484,NH3,3,5,4
India,Delhi,Delhi,"IIT Delhi, Delhi - IITM",13-09-2026 15:00:00,28.54246,77.191651,CO,13,22,18
India,Delhi,Delhi,"IGNOU_Maidan Garhi, Delhi - DPCC",13-09-2026 15:00:00,28.493624,77.201159,PM2.5,4,62,21
India,Delhi,Delhi,"IGNOU_Maidan Garhi, Delhi - DPCC",13-09-2026 15:00:00,28.493624,77.201159,CO,50,60,55
India,Delhi,Delhi,"IGNOU_Maidan Garhi, Delhi - DPCC",13-09-2026 15:00:00,28.493624,77.201159,OZONE,5,8,7
India,Delhi,Delhi,"Commonwealth Sports Complex, Delhi - DPCC",13-09-2026 15:00:00,28.615828,77.271992,SO2,1,9,4
India,Delhi,Delhi,"Commonwealth Sports Complex, Delhi - DPCC",13-09-2026 15:00:00,28.615828,77.271992,CO,55,65,59
India,Delhi,Delhi,"Talkatora Garden, Delhi - DPCC",13-09-2026 15:00:00,28.62181,77.1944633,CO,NA,NA,NA
India,Delhi,Delhi,"North Campus, DU, Delhi - IITM",13-09-2026 15:00:00,28.6573814,77.1585447,CO,59,74,66
India,Gujarat,Surat,"Science Center, Surat - SMC",13-09-2026 15:00:00,21.170046,72.795405,CO,51,57,55
India,Gujarat,Surat,"Katargam, Surat - Nexteng Enviro",13-09-2026 15:00:00,21.217779,72.834787,CO,30,35,32
India,Gujarat,Surat,"Katargam, Surat - Nexteng Enviro",13-09-2026 15:00:00,21.217779,72.834787,OZONE,14,22,19
India,Haryana,Ambala,"Patti Mehar, Ambala - HSPCB",13-09-2026 15:00:00,30.379589,76.778328,NH3,6,7,6
India,Haryana,Bahadurgarh,"Arya Nagar, Bahadurgarh - HSPCB",13-09-2026 15:00:00,28.6701,76.9254,PM10,29,105,69
India,Haryana,Ballabgarh,"Nathu Colony, Ballabgarh - HSPCB",13-09-2026 15:00:00,28.3419248,77.319699,PM10,29,85,55
India,Haryana,Ballabgarh,"Nathu Colony, Ballabgarh - HSPCB",13-09-2026 15:00:00,28.3419248,77.319699,SO2,2,4,3
India,Karnataka,Mysuru,"Hebbal 1st Stage, Mysuru - KSPCB",13-09-2026 15:00:00,12.21041,76.37376,CO,6,25,16
India,Karnataka,Ramanagara,"Vijay Nagar, Ramanagara - KSPCB",13-09-2026 15:00:00,12.733409,77.298051,PM2.5,14,73,35
India,Karnataka,Ramanagara,"Vijay Nagar, Ramanagara - KSPCB",13-09-2026 15:00:00,12.733409,77.298051,CO,30,38,33
India,Karnataka,Shivamogga,"Vinoba Nagara, Shivamogga - KSPCB",13-09-2026 15:00:00,13.94,75.555917,PM2.5,23,34,33
India,Karnataka,Shivamogga,"Vinoba Nagara, Shivamogga - KSPCB",13-09-2026 15:00:00,13.94,75.555917,NH3,2,2,2
India,Karnataka,Shivamogga,"Vinoba Nagara, Shivamogga - KSPCB",13-09-2026 15:00:00,13.94,75.555917,CO,16,38,33
India,Karnataka,Shivamogga,"Vinoba Nagara, Shivamogga - KSPCB",13-09-2026 15:00:00,13.94,75.555917,OZONE,30,37,34
India,Karnataka,Yadgir,"Collector Office, Yadgir - KSPCB",13-09-2026 15:00:00,16.7602,77.1428,PM2.5,16,35,25
India,Karnataka,Yadgir,"Collector Office, Yadgir - KSPCB",13-09-2026 15:00:00,16.7602,77.1428,NO2,1,3,2
India,Kerala,Thiruvananthapuram,"Plammoodu, Thiruvananthapuram - Kerala PCB",13-09-2026 15:00:00,8.5149093,76.9435879,CO,5,13,9
India,Kerala,Thrissur,"Corporation Ground, Thrissur - Kerala PCB",13-09-2026 15:00:00,10.5324,76.2159,OZONE,31,31,31
India,Madhya Pradesh,Bhopal,"Idgah Hills, Bhopal - MPPCB",13-09-2026 15:00:00,23.264759,77.381568,NO2,8,30,15
India,Madhya Pradesh,Bhopal,"Idgah Hills, Bhopal - MPPCB",13-09-2026 15:00:00,23.264759,77.381568,OZONE,24,37,32
India,Madhya Pradesh,Bhopal,"Paryavaran Parisar, Bhopal - MPPCB",13-09-2026 15:00:00,23.210494,77.425409,PM10,29,78,52
India,Madhya Pradesh,Bhopal,"T T Nagar, Bhopal - MPPCB",13-09-2026 15:00:00,23.233584,77.400574,OZONE,19,31,27
India,Madhya Pradesh,Damoh,"Shrivastav Colony, Damoh - MPPCB",13-09-2026 15:00:00,23.81748678,79.446246,NH3,NA,NA,NA
India,Madhya Pradesh,Damoh,"Shrivastav Colony, Damoh - MPPCB",13-09-2026 15:00:00,23.81748678,79.446246,OZONE,NA,NA,NA
India,Madhya Pradesh,Katni,"Gole Bazar, Katni - MPPCB",13-09-2026 15:00:00,23.50016,80.23284,PM2.5,13,38,24
India,Madhya Pradesh,Katni,"Gole Bazar, Katni - MPPCB",13-09-2026 15:00:00,23.50016,80.23284,NO2,9,20,13
India,Madhya Pradesh,Maihar,"Sahilara, Maihar - KJS Cements",13-09-2026 15:00:00,24.2613009,80.7231783,NH3,NA,NA,NA
India,Madhya Pradesh,Mandideep,"Sector-D Industrial Area, Mandideep - MPPCB",13-09-2026 15:00:00,23.10844,77.511428,PM10,35,176,80
India,Madhya Pradesh,Mandideep,"Sector-D Industrial Area, Mandideep - MPPCB",13-09-2026 15:00:00,23.10844,77.511428,SO2,1,89,24
India,Madhya Pradesh,Mandideep,"Sector-D Industrial Area, Mandideep - MPPCB",13-09-2026 15:00:00,23.10844,77.511428,CO,19,25,21
India,Madhya Pradesh,Mandideep,"Sector-D Industrial Area, Mandideep - MPPCB",13-09-2026 15:00:00,23.10844,77.511428,OZONE,24,49,34
India,Madhya Pradesh,Pithampur,"Sector-2 Industrial Area, Pithampur - MPPCB",13-09-2026 15:00:00,22.624758,75.675238,PM10,37,193,116
India,Madhya Pradesh,Pithampur,"Sector-2 Industrial Area, Pithampur - MPPCB",13-09-2026 15:00:00,22.624758,75.675238,CO,17,64,31
India,Madhya Pradesh,Ratlam,"Shasthri Nagar, Ratlam - IPCA Lab",13-09-2026 15:00:00,23.331731,75.045981,SO2,10,12,11
India,Madhya Pradesh,Sagar,"Civil Lines, Sagar - MPPCB",13-09-2026 15:00:00,23.838586,78.759431,NO2,6,51,11
India,Madhya Pradesh,Ujjain,"Mahashweta Nagar, Ujjain - MPPCB",13-09-2026 15:00:00,23.1633321,75.800225,PM2.5,23,70,42
India,Madhya Pradesh,Ujjain,"Mahashweta Nagar, Ujjain - MPPCB",13-09-2026 15:00:00,23.1633321,75.800225,PM10,20,62,36
India,Madhya Pradesh,Ujjain,"Mahashweta Nagar, Ujjain - MPPCB",13-09-2026 15:00:00,23.1633321,75.800225,NO2,5,26,13
India,Madhya Pradesh,Ujjain,"Mahashweta Nagar, Ujjain - MPPCB",13-09-2026 15:00:00,23.1633321,75.800225,NH3,5,15,11
India,Maharashtra,Ahmednagar,"Tarakpur, Ahmednagar - MPCB",13-09-2026 15:00:00,19.10122,74.73339,NH3,NA,NA,NA
India,Maharashtra,Mumbai,"Mazgaon, Mumbai - IITM",13-09-2026 15:00:00,18.96702,72.84214,SO2,5,11,8
India,Maharashtra,Mumbai,"Powai, Mumbai - MPCB",13-09-2026 15:00:00,19.1375,72.915056,NO2,6,7,6
India,Maharashtra,Mumbai,"Powai, Mumbai - MPCB",13-09-2026 15:00:00,19.1375,72.915056,SO2,8,11,9
India,Maharashtra,Mumbai,"Powai, Mumbai - MPCB",13-09-2026 15:00:00,19.1375,72.915056,CO,NA,NA,NA
India,Maharashtra,Mumbai,"Chakala-Andheri East, Mumbai - IITM",13-09-2026 15:00:00,19.11074,72.86084,NO2,10,15,12
India,Maharashtra,Mumbai,"Kurla, Mumbai - MPCB",13-09-2026 15:00:00,19.0863,72.8888,NO2,9,9,9
India,Maharashtra,Mumbai,"Kurla, Mumbai - MPCB",13-09-2026 15:00:00,19.0863,72.8888,NH3,2,2,2
India,Maharashtra,Mumbai,"Kurla, Mumbai - MPCB",13-09-2026 15:00:00,19.0863,72.8888,OZONE,28,29,28
India,Maharashtra,Mumbai,"Ghatkopar, Mumbai - BMC",13-09-2026 15:00:00,19.083694,72.920967,PM2.5,22,38,31
India,Maharashtra,Mumbai,"Ghatkopar, Mumbai - BMC",13-09-2026 15:00:00,19.083694,72.920967,NH3,6,17,9
India,Maharashtra,Mumbai,"Ghatkopar, Mumbai - BMC",13-09-2026 15:00:00,19.083694,72.920967,CO,20,30,25
India,Maharashtra,Mumbai,"Chhatrapati Shivaji Intl. Airport (T2), Mumbai - MPCB",13-09-2026 15:00:00,19.10078,72.87462,PM2.5,7,42,19
India,Maharashtra,Mumbai,"Chhatrapati Shivaji Intl. Airport (T2), Mumbai - MPCB",13-09-2026 15:00:00,19.10078,72.87462,PM10,5,51,21
India,Maharashtra,Mumbai,"Chhatrapati Shivaji Intl. Airport (T2), Mumbai - MPCB",13-09-2026 15:00:00,19.10078,72.87462,SO2,7,8,7
India,Maharashtra,Mumbai,"Chhatrapati Shivaji Intl. Airport (T2), Mumbai - MPCB",13-09-2026 15:00:00,19.10078,72.87462,CO,NA,NA,NA
India,Maharashtra,Mumbai,"Bandra Kurla Complex, Mumbai - IITM",13-09-2026 15:00:00,19.053536,72.84643,PM10,NA,NA,NA
India,Maharashtra,Mumbai,"Khindipada-Bhandup West, Mumbai - IITM",13-09-2026 15:00:00,19.1653323,72.922099,PM2.5,3,27,11
India,Maharashtra,Mumbai,"Khindipada-Bhandup West, Mumbai - IITM",13-09-2026 15:00:00,19.1653323,72.922099,NO2,11,22,15
India,Karnataka,Chamarajanagar,"Urban, Chamarajanagar - KSPCB",13-09-2026 15:00:00,11.55358,76.55521,CO,22,23,23
India,Karnataka,Chikkaballapur,"Chikkaballapur Rural, Chikkaballapur - KSPCB",13-09-2026 15:00:00,13.428828,77.731418,NH3,1,1,1
India,Karnataka,Chikkaballapur,"Chikkaballapur Rural, Chikkaballapur - KSPCB",13-09-2026 15:00:00,13.428828,77.731418,SO2,10,20,16
India,Karnataka,Chikkamagaluru,"Kalyana Nagara, Chikkamagaluru - KSPCB",13-09-2026 15:00:00,13.328028,75.797056,NO2,NA,NA,NA
India,Karnataka,Chikkamagaluru,"Kalyana Nagara, Chikkamagaluru - KSPCB",13-09-2026 15:00:00,13.328028,75.797056,OZONE,51,51,51
India,Karnataka,Dharwad,"Kalabhavan, Dharwad - KSPCB",13-09-2026 15:00:00,15.459706,75.008381,NO2,19,24,23
India,Karnataka,Dharwad,"Kalabhavan, Dharwad - KSPCB",13-09-2026 15:00:00,15.459706,75.008381,SO2,7,8,8
India,Karnataka,Gadag,"Panchal Nagar, Gadag - KSPCB",13-09-2026 15:00:00,15.411456,75.638133,NH3,3,5,4
India,Karnataka,Gadag,"Panchal Nagar, Gadag - KSPCB",13-09-2026 15:00:00,15.411456,75.638133,OZONE,15,17,16
India,Karnataka,Hubballi,"Lingaraj Nagar, Hubballi - KSPCB",13-09-2026 15:00:00,15.3714823,75.1160168,PM2.5,35,40,38
India,Karnataka,Madikeri,"Stuart Hill, Madikeri - KSPCB",13-09-2026 15:00:00,12.415911,75.73505,PM10,11,34,25
India,Karnataka,Madikeri,"Stuart Hill, Madikeri - KSPCB",13-09-2026 15:00:00,12.415911,75.73505,SO2,6,7,7
India,Karnataka,Madikeri,"Stuart Hill, Madikeri - KSPCB",13-09-2026 15:00:00,12.415911,75.73505,OZONE,1,6,3
India,Karnataka,Mysuru,"Hebbal 1st Stage, Mysuru - KSPCB",13-09-2026 15:00:00,12.21041,76.37376,NO2,15,23,18
India,Maharashtra,Nagpur,"Mahal, Nagpur - MPCB",13-09-2026 15:00:00,21.14472,79.107595,NH3,2,7,4
India,Maharashtra,Nagpur,"Mahal, Nagpur - MPCB",13-09-2026 15:00:00,21.14472,79.107595,SO2,8,26,15
India,Maharashtra,Nagpur,"Opp GPO Civil Lines, Nagpur - MPCB",13-09-2026 15:00:00,21.152875,79.0517531,NO2,12,41,22
India,Maharashtra,Nagpur,"Ram Nagar, Nagpur - MPCB",13-09-2026 15:00:00,21.143383,79.048912,PM10,21,48,33
India,Maharashtra,Nagpur,"Ram Nagar, Nagpur - MPCB",13-09-2026 15:00:00,21.143383,79.048912,CO,11,17,14
India,Maharashtra,Nagpur,"Ram Nagar, Nagpur - MPCB",13-09-2026 15:00:00,21.143383,79.048912,OZONE,7,26,15
India,Maharashtra,Nagpur,"Ambazari, Nagpur - MPCB",13-09-2026 15:00:00,21.121801,79.04952,NO2,3,31,11
India,Maharashtra,Nagpur,"Ambazari, Nagpur - MPCB",13-09-2026 15:00:00,21.121801,79.04952,NH3,2,3,2
India,Maharashtra,Nagpur,"Ambazari, Nagpur - MPCB",13-09-2026 15:00:00,21.121801,79.04952,SO2,9,10,9
India,Maharashtra,Nagpur,"Ambazari, Nagpur - MPCB",13-09-2026 15:00:00,21.121801,79.04952,OZONE,7,18,12
India,Maharashtra,Nanded,"Sneh Nagar, Nanded - MPCB",13-09-2026 15:00:00,19.173852,77.296291,NO2,NA,NA,NA
India,Karnataka,Ramanagara,"Vijay Nagar, Ramanagara - KSPCB",13-09-2026 15:00:00,12.733409,77.298051,CO,30,38,33
India,Karnataka,Shivamogga,"Vinoba Nagara, Shivamogga - KSPCB",13-09-2026 15:00:00,13.94,75.555917,PM2.5,23,34,33
India,Karnataka,Shivamogga,"Vinoba Nagara, Shivamogga - KSPCB",13-09-2026 15:00:00,13.94,75.555917,NH3,2,2,2
India,Karnataka,Shivamogga,"Vinoba Nagara, Shivamogga - KSPCB",13-09-2026 15:00:00,13.94,75.555917,CO,16,38,33
India,Karnataka,Shivamogga,"Vinoba Nagara, Shivamogga - KSPCB",13-09-2026 15:00:00,13.94,75.555917,OZONE,30,37,34
India,Karnataka,Yadgir,"Collector Office, Yadgir - KSPCB",13-09-2026 15:00:00,16.7602,77.1428,PM2.5,16,35,25
India,Karnataka,Yadgir,"Collector Office, Yadgir - KSPCB",13-09-2026 15:00:00,16.7602,77.1428,NO2,1,3,2
India,Kerala,Thiruvananthapuram,"Plammoodu, Thiruvananthapuram - Kerala PCB",13-09-2026 15:00:00,8.5149093,76.9435879,CO,5,13,9
India,Kerala,Thrissur,"Corporation Ground, Thrissur - Kerala PCB",13-09-2026 15:00:00,10.5324,76.2159,OZONE,31,31,31
India,Madhya Pradesh,Bhopal,"Idgah Hills, Bhopal - MPPCB",13-09-2026 15:00:00,23.264759,77.381568,NO2,8,30,15
India,Madhya Pradesh,Bhopal,"Idgah Hills, Bhopal - MPPCB",13-09-2026 15:00:00,23.264759,77.381568,OZONE,24,37,32
India,Madhya Pradesh,Bhopal,"Paryavaran Parisar, Bhopal - MPPCB",13-09-2026 15:00:00,23.210494,77.425409,PM10,29,78,52
India,Madhya Pradesh,Bhopal,"T T Nagar, Bhopal - MPPCB",13-09-2026 15:00:00,23.233584,77.400574,OZONE,19,31,27
India,Madhya Pradesh,Damoh,"Shrivastav Colony, Damoh - MPPCB",13-09-2026 15:00:00,23.81748678,79.446246,NH3,NA,NA,NA
India,Madhya Pradesh,Damoh,"Shrivastav Colony, Damoh - MPPCB",13-09-2026 15:00:00,23.81748678,79.446246,OZONE,NA,NA,NA
India,Maharashtra,Kolhapur,"Shivaji University, Kolhapur - MPCB",13-09-2026 15:00:00,16.6870449,74.2505872,SO2,NA,NA,NA
India,Maharashtra,Latur,"Sawe Wadi, Latur - MPCB",13-09-2026 15:00:00,18.39963,76.57452,CO,9,17,13
India,Maharashtra,Malegaon,"Mahesh Nagar, Malegaon - MPCB",13-09-2026 15:00:00,20.555712,74.529236,SO2,0,6,3
India,Maharashtra,Malegaon,"Mahesh Nagar, Malegaon - MPCB",13-09-2026 15:00:00,20.555712,74.529236,OZONE,29,31,30
India,Maharashtra,Mira-Bhayandar,"Bhayandar West, Mira-Bhayandar - MPCB",13-09-2026 15:00:00,19.296481,72.840923,CO,10,14,12
India,Maharashtra,Mira-Bhayandar,"Bhayandar West, Mira-Bhayandar - MPCB",13-09-2026 15:00:00,19.296481,72.840923,OZONE,1,5,3
India,Maharashtra,Mumbai,"Shivaji Nagar, Mumbai - BMC",13-09-2026 15:00:00,19.060498,72.923356,OZONE,11,12,11
India,Maharashtra,Mumbai,"Navy Nagar-Colaba, Mumbai - IITM",13-09-2026 15:00:00,18.897756,72.81332,SO2,0,13,6
India,Maharashtra,Mumbai,"Worli, Mumbai - MPCB",13-09-2026 15:00:00,18.9936162,72.8128113,SO2,2,14,8
India,Maharashtra,Mumbai,"Worli, Mumbai - MPCB",13-09-2026 15:00:00,18.9936162,72.8128113,OZONE,2,6,5
India,Maharashtra,Mumbai,"Sewri, Mumbai - BMC",13-09-2026 15:00:00,19.000084,72.85673,PM10,36,43,40
India,Maharashtra,Mumbai,"Mindspace-Malad West, Mumbai - MPCB",13-09-2026 15:00:00,19.1878657,72.8304069,PM10,NA,NA,NA
India,Maharashtra,Mumbai,"Mindspace-Malad West, Mumbai - MPCB",13-09-2026 15:00:00,19.1878657,72.8304069,NH3,7,8,8
India,Madhya Pradesh,Gwalior,"Deen Dayal Nagar, Gwalior - MPPCB",13-09-2026 15:00:00,26.259242,78.216432,NH3,0,4,3
India,Madhya Pradesh,Gwalior,"Maharaj Bada, Gwalior - MPPCB",13-09-2026 15:00:00,26.200388,78.147714,NO2,12,42,35
India,Madhya Pradesh,Gwalior,"Maharaj Bada, Gwalior - MPPCB",13-09-2026 15:00:00,26.200388,78.147714,SO2,1,26,14
India,Madhya Pradesh,Gwalior,"City Center, Gwalior - MPPCB",13-09-2026 15:00:00,26.203442,78.193251,SO2,9,34,23
India,Madhya Pradesh,Indore,"Maguda Nagar, Indore - IMC",13-09-2026 15:00:00,22.7524,75.8872,OZONE,10,12,11
India,Madhya Pradesh,Indore,"Regional Park, Indore - IMC",13-09-2026 15:00:00,22.678,75.8559,OZONE,3,6,5
India,Madhya Pradesh,Indore,"Chhoti Gwaltoli, Indore - MPPCB",13-09-2026 15:00:00,22.431,75.5213,PM10,27,72,49
India,Madhya Pradesh,Indore,"Chhoti Gwaltoli, Indore - MPPCB",13-09-2026 15:00:00,22.431,75.5213,NO2,42,85,58
India,Madhya Pradesh,Indore,"Chhoti Gwaltoli, Indore - MPPCB",13-09-2026 15:00:00,22.431,75.5213,NH3,7,10,8
India,Madhya Pradesh,Indore,"Chhoti Gwaltoli, Indore - MPPCB",13-09-2026 15:00:00,22.431,75.5213,CO,17,22,20
India,Madhya Pradesh,Katni,"Gole Bazar, Katni - MPPCB",13-09-2026 15:00:00,23.50016,80.23284,PM2.5,13,38,24
India,Madhya Pradesh,Katni,"Gole Bazar, Katni - MPPCB",13-09-2026 15:00:00,23.50016,80.23284,NO2,9,20,13
India,Maharashtra,Aurangabad,"MIDC Chilkalthana, Aurangabad - MPCB",13-09-2026 15:00:00,19.87562,75.38731,NO2,4,4,4
India,Maharashtra,Aurangabad,"MIDC Chilkalthana, Aurangabad - MPCB",13-09-2026 15:00:00,19.87562,75.38731,CO,28,29,28
India,Maharashtra,Aurangabad,"Rachnakar Colony, Aurangabad - MPCB",13-09-2026 15:00:00,19.863756,75.321188,OZONE,9,10,9
India,Maharashtra,Aurangabad,"More Chowk Waluj, Aurangabad - MPCB",13-09-2026 15:00:00,19.8389439,75.244448,OZONE,14,30,21
India,Maharashtra,Badlapur,"Katrap, Badlapur - MPCB",13-09-2026 15:00:00,19.16485,73.23409,OZONE,23,23,23
India,Maharashtra,Beed,"Bir, Beed - MPCB",13-09-2026 15:00:00,18.988474,75.753873,NO2,3,29,12
India,Maharashtra,Belapur,"CBD Belapur, Belapur - MPCB",13-09-2026 15:00:00,19.0243902,73.0406721,NH3,1,3,2
India,Maharashtra,Belapur,"CBD Belapur, Belapur - MPCB",13-09-2026 15:00:00,19.0243902,73.0406721,SO2,3,10,7
India,Maharashtra,Boisar,"Khaira, Boisar - MPCB",13-09-2026 15:00:00,19.786089,72.757971,PM10,20,63,32
India,Maharashtra,Chandrapur,"MIDC Khutala, Chandrapur - MPCB",13-09-2026 15:00:00,19.9775302,79.2337086,PM2.5,17,39,37
India,Maharashtra,Chandrapur,"MIDC Khutala, Chandrapur - MPCB",13-09-2026 15:00:00,19.9775302,79.2337086,PM10,23,142,55
India,Maharashtra,Nashik,"Hirawadi, Nashik - MPCB",13-09-2026 15:00:00,20.021503,73.813844,SO2,1,102,18
India,Maharashtra,Nashik,"MIDC Ambad, Nashik - MPCB",13-09-2026 15:00:00,19.95022,73.73148,NO2,5,12,7
India,Maharashtra,Nashik,"Gangapur Road, Nashik - MPCB",13-09-2026 15:00:00,20.0073285,73.7762427,OZONE,19,20,19
India,Maharashtra,Nashik,"Pandav Nagari, Nashik - MPCB",13-09-2026 15:00:00,19.9591346,73.7788008,NH3,1,1,1
India,Maharashtra,Navi Mumbai,"Kopripada-Vashi, Navi Mumbai - MPCB",13-09-2026 15:00:00,19.090337,73.014232,NO2,7,14,10
India,Maharashtra,Navi Mumbai,"Kopripada-Vashi, Navi Mumbai - MPCB",13-09-2026 15:00:00,19.090337,73.014232,CO,25,35,30
India,Maharashtra,Navi Mumbai,"Tondare-Taloja, Navi Mumbai - MPCB",13-09-2026 15:00:00,19.063,73.1209,NO2,9,14,11
India,Maharashtra,Navi Mumbai,"Sanpada, Navi Mumbai - MPCB",13-09-2026 15:00:00,19.0575752,73.0151367,OZONE,1,5,3
India,Maharashtra,Navi Mumbai,"Sector-2E Kalamboli, Navi Mumbai - MPCB",13-09-2026 15:00:00,19.02579,73.10297,OZONE,7,11,9
India,Maharashtra,Chandrapur,"MIDC Khutala, Chandrapur - MPCB",13-09-2026 15:00:00,19.9775302,79.2337086,OZONE,22,41,32
India,Maharashtra,Chandrapur,"Chauhan Colony, Chandrapur - MPCB",13-09-2026 15:00:00,19.9629,79.298714,NH3,0,1,1
India,Maharashtra,Dhule,"Deopur, Dhule - MPCB",13-09-2026 15:00:00,20.918946,74.776388,PM10,15,82,48
India,Maharashtra,Dhule,"Deopur, Dhule - MPCB",13-09-2026 15:00:00,20.918946,74.776388,NO2,4,18,10
India,Maharashtra,Dhule,"Deopur, Dhule - MPCB",13-09-2026 15:00:00,20.918946,74.776388,CO,4,24,15
India,Maharashtra,Hingoli,"Ashta Vinayak Nagar, Hingoli - MPCB",13-09-2026 15:00:00,19.710842,77.151824,SO2,2,13,7
India,Maharashtra,Jalna,"Old MIDC, Jalna - MPCB",13-09-2026 15:00:00,19.854616,75.905894,NO2,15,26,19
India,Maharashtra,Kolhapur,"Sinchan Bhavan, Kolhapur - MPCB",13-09-2026 15:00:00,16.7143745,74.2426398,OZONE,5,24,19
India,Maharashtra,Pimpri-Chinchwad,"Transport Nagar-Nigdi, Pune - IITM",13-09-2026 15:00:00,18.664282,73.763966,OZONE,9,15,12
India,Maharashtra,Pimpri-Chinchwad,"Bhumkar Nagar, Pune - IITM",13-09-2026 15:00:00,18.60577,73.749976,OZONE,12,22,15
India,Maharashtra,Pimpri-Chinchwad,"Bhosari, Pune - IITM",13-09-2026 15:00:00,18.640051,73.848956,PM10,37,96,59
India,Maharashtra,Pimpri-Chinchwad,"Bhosari, Pune - IITM",13-09-2026 15:00:00,18.640051,73.848956,CO,38,47,42
India,Maharashtra,Pimpri-Chinchwad,"Savta Mali Nagar, Pimpri-Chinchwad - IITM",13-09-2026 15:00:00,18.614767,73.799516,PM10,27,70,48
India,Maharashtra,Pimpri-Chinchwad,"Savta Mali Nagar, Pimpri-Chinchwad - IITM",13-09-2026 15:00:00,18.614767,73.799516,NH3,NA,NA,NA
India,Maharashtra,Pimpri-Chinchwad,"Thergaon, Pimpri Chinchwad - MPCB",13-09-2026 15:00:00,18.616318,73.765797,NH3,NA,NA,NA
India,Maharashtra,Pune,"Mhada Colony, Pune - IITM",13-09-2026 15:00:00,18.57304,73.927715,SO2,NA,NA,NA
India,Maharashtra,Pune,"Mhada Colony, Pune - IITM",13-09-2026 15:00:00,18.57304,73.927715,OZONE,8,17,12
India,Maharashtra,Pune,"Savitribai Phule Pune University, Pune - MPCB",13-09-2026 15:00:00,18.547056,73.826908,NO2,NA,NA,NA
India,Maharashtra,Pune,"Savitribai Phule Pune University, Pune - MPCB",13-09-2026 15:00:00,18.547056,73.826908,NH3,NA,NA,NA
India,Maharashtra,Pune,"Savitribai Phule Pune University, Pune - MPCB",13-09-2026 15:00:00,18.547056,73.826908,CO,32,34,33
India,Maharashtra,Pune,"Hadapsar, Pune - IITM",13-09-2026 15:00:00,18.501793,73.927532,NO2,12,55,29
India,Maharashtra,Pune,"Katraj Dairy, Pune - MPCB",13-09-2026 15:00:00,18.45445,73.854155,NH3,1,2,1
India,Maharashtra,Pune,"Panchawati_Pashan, Pune - IITM",13-09-2026 15:00:00,18.536457,73.805454,NH3,NA,NA,NA
India,Maharashtra,Pune,"Panchawati_Pashan, Pune - IITM",13-09-2026 15:00:00,18.536457,73.805454,SO2,NA,NA,NA
India,Maharashtra,Pune,"Dhankawadi, Pune - IITM",13-09-2026 15:00:00,18.459883,73.852193,PM2.5,16,37,27
India,Maharashtra,Pune,"Dhankawadi, Pune - IITM",13-09-2026 15:00:00,18.459883,73.852193,NO2,11,16,13
India,Odisha,Nayagarh,"Dabuna, Nayagarh - OSPCB",13-09-2026 15:00:00,21.847279,85.416905,NO2,6,8,7
India,Odisha,Nayagarh,"Dabuna, Nayagarh - OSPCB",13-09-2026 15:00:00,21.847279,85.416905,CO,9,10,10
India,Odisha,Paradeep,"Nua Sandhakuda, Paradeep - OSPCB",13-09-2026 15:00:00,20.258828,86.665185,PM2.5,12,52,28
India,Odisha,Paradeep,"Nua Sandhakuda, Paradeep - OSPCB",13-09-2026 15:00:00,20.258828,86.665185,PM10,13,69,50
India,Odisha,Rairangpur,"Divisional Forest Office, Rairangpur - OSPCB",13-09-2026 15:00:00,22.265816,86.174829,NO2,6,7,6
India,Odisha,Rairangpur,"Divisional Forest Office, Rairangpur - OSPCB",13-09-2026 15:00:00,22.265816,86.174829,CO,14,17,16
India,Odisha,Rourkela,"Fertilizer Township, Rourkela - OSPCB",13-09-2026 15:00:00,22.18972222,84.86277778,PM2.5,25,78,37
India,Odisha,Rourkela,"Raghunathpali, Rourkela - OSPCB",13-09-2026 15:00:00,22.220833,84.809444,NH3,5,8,7
India,Odisha,Rourkela,"Raghunathpali, Rourkela - OSPCB",13-09-2026 15:00:00,22.220833,84.809444,CO,21,26,24
India,Odisha,Tensa,"Barsua Iron Ore Mines, Tensa - OSPCB",13-09-2026 15:00:00,21.869985,85.167016,NH3,NA,NA,NA
India,Puducherry,Puducherry,"Jawahar Nagar, Puducherry - PPCC",13-09-2026 15:00:00,11.9309,79.8027,PM10,10,73,38
India,Puducherry,Puducherry,"Jawahar Nagar, Puducherry - PPCC",13-09-2026 15:00:00,11.9309,79.8027,SO2,3,13,9
India,Punjab,Amritsar,"Golden Temple, Amritsar - PPCB",13-09-2026 15:00:00,31.62,74.876512,PM10,79,125,97
India,Punjab,Amritsar,"Golden Temple, Amritsar - PPCB",13-09-2026 15:00:00,31.62,74.876512,NH3,7,8,7
India,Punjab,Jalandhar,"Civil Line, Jalandhar - PPCB",13-09-2026 15:00:00,31.321907,75.578914,PM10,72,120,89
India,Punjab,Jalandhar,"Civil Line, Jalandhar - PPCB",13-09-2026 15:00:00,31.321907,75.578914,NH3,5,5,5
India,Maharashtra,Pune,"Dhankawadi, Pune - IITM",13-09-2026 15:00:00,18.459883,73.852193,CO,27,72,42
India,Maharashtra,Pune,"Revenue Colony-Shivajinagar, Pune - IITM",13-09-2026 15:00:00,18.530085,73.849598,NH3,NA,NA,NA
India,Maharashtra,Pune,"Revenue Colony-Shivajinagar, Pune - IITM",13-09-2026 15:00:00,18.530085,73.849598,OZONE,9,17,12
India,Maharashtra,Satara,"Koyana Nagar, Satara - MPCB",13-09-2026 15:00:00,17.696651,74.003387,NH3,0,2,1
India,Maharashtra,Satara,"Koyana Nagar, Satara - MPCB",13-09-2026 15:00:00,17.696651,74.003387,SO2,3,7,5
India,Maharashtra,Solapur,"Ratandeep Housing Society, Solapur - MPCB",13-09-2026 15:00:00,17.65439,75.90649,PM10,32,77,51
India,Maharashtra,Solapur,"Dnyaneshwar Nagar, Solapur - MPCB",13-09-2026 15:00:00,17.6336264,75.9132495,NH3,5,16,7
India,Maharashtra,Thane,"Upvan Fort, Thane - MPCB",13-09-2026 15:00:00,19.222279,72.957979,NO2,2,20,9
India,Maharashtra,Ulhasnagar,"Sidhi Vinayak Nagar, Ulhasnagar - MPCB",13-09-2026 15:00:00,19.235581,73.159121,PM2.5,21,72,39
India,Maharashtra,Ulhasnagar,"Sidhi Vinayak Nagar, Ulhasnagar - MPCB",13-09-2026 15:00:00,19.235581,73.159121,NO2,8,10,10
India,Maharashtra,Ulhasnagar,"Sidhi Vinayak Nagar, Ulhasnagar - MPCB",13-09-2026 15:00:00,19.235581,73.159121,SO2,1,65,9
India,Maharashtra,Virar,"Bolinj, Virar - MPCB",13-09-2026 15:00:00,19.445821,72.7988231,NH3,6,8,7
India,Meghalaya,Byrnihat,"15th Mile-Nongthymmai, Byrnihat -Meghalaya PCB",13-09-2026 15:00:00,26.079047,91.875185,CO,NA,NA,NA
India,Mizoram,Aizawl,"Sikulpuikawn, Aizawl - Mizoram PCB",13-09-2026 15:00:00,23.7176342,92.7192841,NO2,1,2,1
India,Mizoram,Aizawl,"Sikulpuikawn, Aizawl - Mizoram PCB",13-09-2026 15:00:00,23.7176342,92.7192841,OZONE,0,2,1
India,Nagaland,Kohima,"PWD Junction, Kohima - NPCB",13-09-2026 15:00:00,25.6635413,94.0989878,PM2.5,9,33,18
India,Nagaland,Kohima,"PWD Junction, Kohima - NPCB",13-09-2026 15:00:00,25.6635413,94.0989878,CO,4,5,4
India,Odisha,Balasore,"Kalidaspur, Balasore - OSPCB",13-09-2026 15:00:00,21.51161,86.89088,PM2.5,15,40,26
India,Odisha,Barbil,"Forest Office, Barbil - OSPCB",13-09-2026 15:00:00,22.1166054,85.3945546,PM10,20,59,37
India,Odisha,Barbil,"Forest Office, Barbil - OSPCB",13-09-2026 15:00:00,22.1166054,85.3945546,OZONE,25,61,47
India,Odisha,Bhubaneswar,"Lingraj Mandir, Bhubaneswar - OSPCB",13-09-2026 15:00:00,20.24079,85.836784,PM2.5,13,43,23
India,Odisha,Bhubaneswar,"Lingraj Mandir, Bhubaneswar - OSPCB",13-09-2026 15:00:00,20.24079,85.836784,NO2,3,20,10
India,Odisha,Bhubaneswar,"Lingraj Mandir, Bhubaneswar - OSPCB",13-09-2026 15:00:00,20.24079,85.836784,CO,32,50,40
India,Odisha,Brajrajnagar,"GM Office, Brajrajnagar - OSPCB",13-09-2026 15:00:00,21.8004996,83.8396977,NH3,4,4,4
India,Odisha,Brajrajnagar,"GM Office, Brajrajnagar - OSPCB",13-09-2026 15:00:00,21.8004996,83.8396977,OZONE,43,45,44
India,Odisha,Byasanagar,"Ferro Chrome Colony, Byasanagar - OSPCB",13-09-2026 15:00:00,20.94185,86.1151,PM2.5,37,63,49
India,Punjab,Khanna,"Kalal Majra, Khanna - PPCB",13-09-2026 15:00:00,30.736056,76.209694,NO2,NA,NA,NA
India,Punjab,Khanna,"Kalal Majra, Khanna - PPCB",13-09-2026 15:00:00,30.736056,76.209694,NH3,NA,NA,NA
India,Punjab,Khanna,"Kalal Majra, Khanna - PPCB",13-09-2026 15:00:00,30.736056,76.209694,SO2,NA,NA,NA
India,Punjab,Mandi Gobindgarh,"RIMT University, Mandi Gobindgarh - PPCB",13-09-2026 15:00:00,30.649961,76.331442,NO2,24,25,24
India,Punjab,Mandi Gobindgarh,"RIMT University, Mandi Gobindgarh - PPCB",13-09-2026 15:00:00,30.649961,76.331442,NH3,5,5,5
India,Punjab,Mandi Gobindgarh,"RIMT University, Mandi Gobindgarh - PPCB",13-09-2026 15:00:00,30.649961,76.331442,CO,44,71,56
India,Punjab,Patiala,"Model Town, Patiala - PPCB",13-09-2026 15:00:00,30.349388,76.366642,PM10,22,46,34
India,Punjab,Patiala,"Model Town, Patiala - PPCB",13-09-2026 15:00:00,30.349388,76.366642,NO2,7,23,14
India,Rajasthan,Ajmer,"Civil Lines,  Ajmer - RSPCB",13-09-2026 15:00:00,26.470859,74.646594,CO,10,27,20
India,Rajasthan,Alwar,"Moti Doongri, Alwar - RSPCB",13-09-2026 15:00:00,27.554793,76.611536,NO2,33,96,49
India,Rajasthan,Banswara,"Rati Talai, Banswara - RSPCB",13-09-2026 15:00:00,23.55519,74.44001,PM2.5,20,42,28
India,Rajasthan,Banswara,"Rati Talai, Banswara - RSPCB",13-09-2026 15:00:00,23.55519,74.44001,OZONE,29,45,37
India,Rajasthan,Jaipur,"Sector-2 Murlipura, Jaipur - RSPCB",13-09-2026 15:00:00,26.960669,75.771817,PM10,15,33,24
India,Rajasthan,Jaipur,"Sector-2 Murlipura, Jaipur - RSPCB",13-09-2026 15:00:00,26.960669,75.771817,NH3,4,9,6
India,Rajasthan,Jaipur,"Sector-2 Murlipura, Jaipur - RSPCB",13-09-2026 15:00:00,26.960669,75.771817,CO,18,44,29
India,Rajasthan,Jaipur,"Adarsh Nagar, Jaipur - RSPCB",13-09-2026 15:00:00,26.902909,75.836858,PM2.5,33,75,54
India,Rajasthan,Jaipur,"Adarsh Nagar, Jaipur - RSPCB",13-09-2026 15:00:00,26.902909,75.836858,PM10,43,62,52
India,Rajasthan,Jaipur,"Adarsh Nagar, Jaipur - RSPCB",13-09-2026 15:00:00,26.902909,75.836858,NO2,7,21,11
India,Rajasthan,Jaipur,"Adarsh Nagar, Jaipur - RSPCB",13-09-2026 15:00:00,26.902909,75.836858,SO2,7,52,25
India,Rajasthan,Jaipur,"Adarsh Nagar, Jaipur - RSPCB",13-09-2026 15:00:00,26.902909,75.836858,OZONE,13,23,17
India,Rajasthan,Jaipur,"Shastri Nagar, Jaipur - RSPCB",13-09-2026 15:00:00,26.9502929,75.730943,PM2.5,31,62,48
India,Rajasthan,Jaipur,"Mansarovar Sector-12, Jaipur - RSPCB",13-09-2026 15:00:00,26.843698,75.766894,CO,34,40,38
India,Rajasthan,Jaisalmer,"Sadar Bazar, Jaisalmer - RSPCB",13-09-2026 15:00:00,26.912329,70.909168,CO,9,14,12
India,Rajasthan,Jalore,"Mudtra Sili, Jalore - RSPCB",13-09-2026 15:00:00,25.344694,72.626208,NH3,2,15,7
India,Rajasthan,Jhunjhunu,"Indra Nagar, Jhunjhunu - RSPCB",13-09-2026 15:00:00,28.108988,75.386577,NO2,9,31,20
India,Rajasthan,Jodhpur,"Collectorate, Jodhpur - RSPCB",13-09-2026 15:00:00,26.268249,73.0193853,PM2.5,27,53,42
India,Rajasthan,Jodhpur,"Collectorate, Jodhpur - RSPCB",13-09-2026 15:00:00,26.268249,73.0193853,SO2,1,9,3
India,Rajasthan,Jodhpur,"Digari Kalan, Jodhpur - RSPCB",13-09-2026 15:00:00,26.29581,73.082283,NO2,11,43,22
India,Rajasthan,Jodhpur,"Samrat Ashok Udhyan, Jodhpur - RSPCB",13-09-2026 15:00:00,26.253384,72.976571,PM10,9,105,36
India,Rajasthan,Jodhpur,"Samrat Ashok Udhyan, Jodhpur - RSPCB",13-09-2026 15:00:00,26.253384,72.976571,OZONE,15,68,44
India,Rajasthan,Jodhpur,"Jhalamand, Jodhpur - RSPCB",13-09-2026 15:00:00,26.215415,73.070156,SO2,1,5,3
India,Rajasthan,Jodhpur,"Jhalamand, Jodhpur - RSPCB",13-09-2026 15:00:00,26.215415,73.070156,OZONE,8,20,15
India,Rajasthan,Jodhpur,"Mandor, Jodhpur - RSPCB",13-09-2026 15:00:00,26.358805,73.047444,PM10,17,60,36
India,Rajasthan,Barmer,"Railway Colony, Barmer - RSPCB",13-09-2026 15:00:00,25.747299,71.393989,PM2.5,2,43,15
India,Rajasthan,Barmer,"Railway Colony, Barmer - RSPCB",13-09-2026 15:00:00,25.747299,71.393989,SO2,4,7,5
India,Rajasthan,Bhiwadi,"RIICO Ind. Area III, Bhiwadi - RSPCB",13-09-2026 15:00:00,28.194909,76.862296,PM10,55,122,88
India,Rajasthan,Bhiwadi,"Vasundhara Nagar_UIT, Bhiwadi - RSPCB",13-09-2026 15:00:00,28.207266,76.829265,PM2.5,40,159,90
India,Rajasthan,Bhiwadi,"Vasundhara Nagar_UIT, Bhiwadi - RSPCB",13-09-2026 15:00:00,28.207266,76.829265,OZONE,18,40,30
India,Rajasthan,Bikaner,"MM Ground, Bikaner - RSPCB",13-09-2026 15:00:00,28.018792,73.292658,PM2.5,17,66,32
India,Rajasthan,Bikaner,"MM Ground, Bikaner - RSPCB",13-09-2026 15:00:00,28.018792,73.292658,NO2,9,56,23
India,Rajasthan,Bundi,"New Colony, Bundi - RSPCB",13-09-2026 15:00:00,25.435774,75.644272,PM2.5,5,65,25
India,Rajasthan,Bundi,"New Colony, Bundi - RSPCB",13-09-2026 15:00:00,25.435774,75.644272,CO,13,18,16
India,Rajasthan,Chittorgarh,"Shastri Nagar, Chittorgarh - RSPCB",13-09-2026 15:00:00,24.892047,74.623527,PM10,23,91,58
India,Rajasthan,Chittorgarh,"Shastri Nagar, Chittorgarh - RSPCB",13-09-2026 15:00:00,24.892047,74.623527,NO2,3,33,12
India,Rajasthan,Churu,"Subash Chowk, Churu - RSPCB",13-09-2026 15:00:00,28.296139,74.961696,PM10,26,113,59
India,Rajasthan,Dholpur,"Raja Ganj, Dholpur - RSPCB",13-09-2026 15:00:00,26.699557,77.898881,SO2,1,4,2
India,Rajasthan,Dholpur,"Raja Ganj, Dholpur - RSPCB",13-09-2026 15:00:00,26.699557,77.898881,CO,23,30,26
India,Rajasthan,Dungarpur,"Bhoiwada, Dungarpur - RSPCB",13-09-2026 15:00:00,23.837789,73.714926,NO2,NA,NA,NA
India,Rajasthan,Dungarpur,"Bhoiwada, Dungarpur - RSPCB",13-09-2026 15:00:00,23.837789,73.714926,CO,8,45,30
India,Rajasthan,Hanumangarh,"Housing Board, Hanumangarh - RSPCB",13-09-2026 15:00:00,29.61075,74.283608,PM10,33,60,43
India,Rajasthan,Karauli,"Satyawati Vihar, Karauli - RSPCB",13-09-2026 15:00:00,26.506177,77.025989,PM2.5,17,33,23
India,Rajasthan,Karauli,"Satyawati Vihar, Karauli - RSPCB",13-09-2026 15:00:00,26.506177,77.025989,PM10,30,60,40
India,Rajasthan,Karauli,"Satyawati Vihar, Karauli - RSPCB",13-09-2026 15:00:00,26.506177,77.025989,NH3,4,12,9
India,Rajasthan,Karauli,"Satyawati Vihar, Karauli - RSPCB",13-09-2026 15:00:00,26.506177,77.025989,SO2,15,21,17
India,Rajasthan,Karauli,"Satyawati Vihar, Karauli - RSPCB",13-09-2026 15:00:00,26.506177,77.025989,OZONE,8,47,29
India,Rajasthan,Khairthal,"New Anaj Mandi, Khairthal - RSPCB",13-09-2026 15:00:00,27.8015617,76.6365217,CO,101,110,106
India,Rajasthan,Kota,"Shrinath Puram, Kota - RSPCB",13-09-2026 15:00:00,25.14389,75.821256,NO2,5,19,10
India,Rajasthan,Kota,"Nayapura, Kota - RSPCB",13-09-2026 15:00:00,25.196024,75.855668,PM2.5,15,35,28
India,Rajasthan,Kota,"Nayapura, Kota - RSPCB",13-09-2026 15:00:00,25.196024,75.855668,PM10,20,58,45
India,Rajasthan,Pali,"Indira Colony Vistar, Pali - RSPCB",13-09-2026 15:00:00,25.771061,73.340227,PM10,30,97,72
India,Rajasthan,Pali,"Indira Colony Vistar, Pali - RSPCB",13-09-2026 15:00:00,25.771061,73.340227,OZONE,22,73,39
India,Rajasthan,Pratapgarh,"Pragati Nagar, Pratapgarh - RSPCB",13-09-2026 15:00:00,24.041198,74.780702,PM10,9,62,28
India,Rajasthan,Pratapgarh,"Pragati Nagar, Pratapgarh - RSPCB",13-09-2026 15:00:00,24.041198,74.780702,NO2,4,10,7
India,Rajasthan,Pratapgarh,"Pragati Nagar, Pratapgarh - RSPCB",13-09-2026 15:00:00,24.041198,74.780702,SO2,1,2,1
India,Rajasthan,Rajsamand,"Dhoinda, Rajsamand - RSPCB",13-09-2026 15:00:00,25.03636,73.883502,PM10,26,59,38
India,Rajasthan,Sawai Madhopur,"Sahu Nagar, Sawai Madhopur - RSPCB",13-09-2026 15:00:00,26.031443,76.359327,PM10,34,69,53
India,Rajasthan,Sawai Madhopur,"Sahu Nagar, Sawai Madhopur - RSPCB",13-09-2026 15:00:00,26.031443,76.359327,NH3,2,3,2
India,Rajasthan,Sikar,"Radhakishan Pura, Sikar - RSPCB",13-09-2026 15:00:00,27.608912,75.153302,SO2,2,4,3
India,Uttar Pradesh,Meerut,"Pallavpuram Phase 2, Meerut - UPPCB",13-09-2026 15:00:00,29.06351,77.709723,CO,45,109,66
India,Uttar Pradesh,Moradabad,"Jigar Colony, Moradabad - UPPCB",13-09-2026 15:00:00,28.856664,78.772638,SO2,31,49,41
India,Uttar Pradesh,Moradabad,"Jigar Colony, Moradabad - UPPCB",13-09-2026 15:00:00,28.856664,78.772638,OZONE,21,22,21
India,Uttar Pradesh,Moradabad,"Eco Herbal Park, Moradabad - UPPCB",13-09-2026 15:00:00,28.840739,78.697531,NO2,10,21,16
India,Uttar Pradesh,Moradabad,"Kashiram Nagar, Moradabad - UPPCB",13-09-2026 15:00:00,28.849399,78.742362,NO2,24,25,25
India,Uttar Pradesh,Moradabad,"Transport Nagar, Moradabad - UPPCB",13-09-2026 15:00:00,28.802625,78.753728,NO2,24,25,24
India,Uttar Pradesh,Moradabad,"Buddhi Vihar, Moradabad - UPPCB",13-09-2026 15:00:00,28.83526,78.7446,SO2,34,37,35
India,Uttar Pradesh,Muzaffarnagar,"New Mandi, Muzaffarnagar - UPPCB",13-09-2026 15:00:00,29.4723508,77.7194031,OZONE,8,48,34
India,Uttar Pradesh,Noida,"Sector-1, Noida - UPPCB",13-09-2026 15:00:00,28.5898,77.3101,CO,78,112,87
India,Uttar Pradesh,Noida,"Sector - 125, Noida - UPPCB",13-09-2026 15:00:00,28.5447608,77.3231257,OZONE,14,19,16
India,Uttar Pradesh,Noida,"Sector-116, Noida - UPPCB",13-09-2026 15:00:00,28.56923,77.393848,NO2,11,75,38
India,Uttar Pradesh,Noida,"Sector-116, Noida - UPPCB",13-09-2026 15:00:00,28.56923,77.393848,SO2,5,8,6
India,Uttar Pradesh,Noida,"Sector-116, Noida - UPPCB",13-09-2026 15:00:00,28.56923,77.393848,CO,14,26,19
India,Uttar Pradesh,Noida,"Sector-116, Noida - UPPCB",13-09-2026 15:00:00,28.56923,77.393848,OZONE,19,81,56
India,Uttar Pradesh,Noida,"Sector - 62, Noida - IITM",13-09-2026 15:00:00,28.6245479,77.3577104,PM2.5,15,95,60
India,Uttar Pradesh,Noida,"Sector - 62, Noida - IITM",13-09-2026 15:00:00,28.6245479,77.3577104,NH3,NA,NA,NA
India,Uttar Pradesh,Bareilly,"Rajendra Nagar, Bareilly - UPPCB",13-09-2026 15:00:00,28.38910936,79.42963708,CO,16,16,16
India,Uttar Pradesh,Bareilly,"Civil Lines, Bareilly - UPPCB",13-09-2026 15:00:00,28.359581,79.414455,NH3,0,0,0
India,Uttar Pradesh,Bareilly,"Civil Lines, Bareilly - UPPCB",13-09-2026 15:00:00,28.359581,79.414455,OZONE,0,0,0
India,Uttar Pradesh,Bulandshahr,"Yamunapuram, Bulandshahr - UPPCB",13-09-2026 15:00:00,28.406963,77.849831,PM2.5,10,50,32
India,Uttar Pradesh,Fatehpur Sikri,"Dadupura, Fatehpur Sikri - UPPCB",13-09-2026 15:00:00,27.097694,77.671335,PM10,17,53,36
India,Uttar Pradesh,Fatehpur Sikri,"Dadupura, Fatehpur Sikri - UPPCB",13-09-2026 15:00:00,27.097694,77.671335,OZONE,17,39,30
India,Uttar Pradesh,Firozabad,"Nagla Bhau, Firozabad - UPPCB",13-09-2026 15:00:00,27.168897,78.37696,NH3,2,2,2
India,Uttar Pradesh,Firozabad,"Vibhab Nagar, Firozabad - UPPCB",13-09-2026 15:00:00,27.1594,78.3953,OZONE,1,1,1
India,Uttar Pradesh,Ghaziabad,"Vasundhara, Ghaziabad - UPPCB",13-09-2026 15:00:00,28.6603346,77.3572563,NO2,23,61,42
India,Uttar Pradesh,Ghaziabad,"Ved Vihar-Loni, Ghaziabad - UPPCB",13-09-2026 15:00:00,28.739153,77.273668,NH3,5,20,10
India,Uttar Pradesh,Ghaziabad,"Wave City, Ghaziabad - UPPCB",13-09-2026 15:00:00,28.646675,77.489049,PM2.5,NA,NA,NA
India,Uttar Pradesh,Ghaziabad,"Indirapuram, Ghaziabad - UPPCB",13-09-2026 15:00:00,28.646233,77.358075,NH3,2,6,4
India,Uttar Pradesh,Ghaziabad,"Sanjay Nagar, Ghaziabad - UPPCB",13-09-2026 15:00:00,28.685382,77.453839,SO2,9,14,12
India,Uttar Pradesh,Ghaziabad,"Sanjay Nagar, Ghaziabad - UPPCB",13-09-2026 15:00:00,28.685382,77.453839,CO,32,37,35
India,Uttar Pradesh,Ghaziabad,"Loni, Ghaziabad - UPPCB",13-09-2026 15:00:00,28.757294,77.278792,PM2.5,5,93,54
India,Uttar Pradesh,Prayagraj,"Nagar Nigam, Prayagraj - UPPCB",13-09-2026 15:00:00,25.44919916,81.82735986,CO,12,14,13
India,Uttar Pradesh,Prayagraj,"Motilal Nehru NIT, Prayagraj - UPPCB",13-09-2026 15:00:00,25.494,81.863,PM2.5,14,24,17
India,Uttar Pradesh,Prayagraj,"Motilal Nehru NIT, Prayagraj - UPPCB",13-09-2026 15:00:00,25.494,81.863,NO2,12,12,12
India,Uttar Pradesh,Prayagraj,"Motilal Nehru NIT, Prayagraj - UPPCB",13-09-2026 15:00:00,25.494,81.863,SO2,21,34,24
India,Uttar Pradesh,Raebareli," Indira Nagar, Raebareli - NTPC Unchahar",13-09-2026 15:00:00,26.207781,81.245571,PM10,61,97,80
India,Uttar Pradesh,Raebareli," Indira Nagar, Raebareli - NTPC Unchahar",13-09-2026 15:00:00,26.207781,81.245571,CO,52,70,63
India,Uttar Pradesh,Raebareli,"Anand Nagar, Raebareli - UPPCB",13-09-2026 15:00:00,26.219512,81.237648,PM2.5,24,42,35
India,Uttar Pradesh,Raebareli,"Anand Nagar, Raebareli - UPPCB",13-09-2026 15:00:00,26.219512,81.237648,PM10,48,91,73
India,Uttar Pradesh,Varanasi,"Bhelupur, Varanasi - UPPCB",13-09-2026 15:00:00,25.301778,82.996789,PM10,49,113,73
India,Uttar Pradesh,Varanasi,"Bhelupur, Varanasi - UPPCB",13-09-2026 15:00:00,25.301778,82.996789,NO2,8,8,8
India,Uttar Pradesh,Varanasi,"Bhelupur, Varanasi - UPPCB",13-09-2026 15:00:00,25.301778,82.996789,OZONE,8,12,10
India,Uttar Pradesh,Varanasi,"Ardhali Bazar, Varanasi - UPPCB",13-09-2026 15:00:00,25.3505986,82.9083074,PM2.5,27,48,36
India,Uttar Pradesh,Varanasi,"Ardhali Bazar, Varanasi - UPPCB",13-09-2026 15:00:00,25.3505986,82.9083074,PM10,37,65,50
India,Uttar Pradesh,Varanasi,"Ardhali Bazar, Varanasi - UPPCB",13-09-2026 15:00:00,25.3505986,82.9083074,SO2,5,7,6
India,Uttar Pradesh,Varanasi,"Maldahiya, Varanasi - UPPCB",13-09-2026 15:00:00,25.32393,82.99687,NO2,2,4,3
India,Uttar Pradesh,Varanasi,"Maldahiya, Varanasi - UPPCB",13-09-2026 15:00:00,25.32393,82.99687,CO,11,13,12
India,Uttar Pradesh,Varanasi,"Maldahiya, Varanasi - UPPCB",13-09-2026 15:00:00,25.32393,82.99687,OZONE,4,5,5
India,Uttar Pradesh,Ghaziabad,"Loni, Ghaziabad - UPPCB",13-09-2026 15:00:00,28.757294,77.278792,SO2,15,32,21
India,Uttar Pradesh,Ghaziabad,"Loni, Ghaziabad - UPPCB",13-09-2026 15:00:00,28.757294,77.278792,OZONE,17,21,19
India,Uttar Pradesh,Gorakhpur,"Madan Mohan Malaviya University of Technology, Gorakhpur - UPPCB",13-09-2026 15:00:00,26.730136,83.433859,PM2.5,NA,NA,NA
India,Uttar Pradesh,Gorakhpur,"Madan Mohan Malaviya University of Technology, Gorakhpur - UPPCB",13-09-2026 15:00:00,26.730136,83.433859,NH3,1,1,1
India,Uttar Pradesh,Greater Noida,"Knowledge Park - V, Greater Noida - UPPCB",13-09-2026 15:00:00,28.557054,77.453663,OZONE,10,39,26
India,Uttar Pradesh,Hapur,"Anand Vihar, Hapur - UPPCB",13-09-2026 15:00:00,28.725645,77.749675,PM2.5,17,66,42
India,Uttar Pradesh,Jhansi,"Shivaji Nagar, Jhansi - UPPCB",13-09-2026 15:00:00,25.4547,78.6039,PM2.5,41,74,56
India,Uttar Pradesh,Kanpur,"NSI Kalyanpur, Kanpur - UPPCB",13-09-2026 15:00:00,26.509954,80.249612,PM10,47,70,59
India,Uttar Pradesh,Kanpur,"Nehru Nagar, Kanpur - UPPCB",13-09-2026 15:00:00,26.4703136,80.3229863,PM10,30,62,45
India,Uttar Pradesh,Kanpur,"Nehru Nagar, Kanpur - UPPCB",13-09-2026 15:00:00,26.4703136,80.3229863,NO2,45,48,47
India,Uttar Pradesh,Kanpur,"Nehru Nagar, Kanpur - UPPCB",13-09-2026 15:00:00,26.4703136,80.3229863,NH3,NA,NA,NA
India,Uttar Pradesh,Kanpur,"Nehru Nagar, Kanpur - UPPCB",13-09-2026 15:00:00,26.4703136,80.3229863,SO2,10,12,11
India,Uttar Pradesh,Kanpur,"Nehru Nagar, Kanpur - UPPCB",13-09-2026 15:00:00,26.4703136,80.3229863,OZONE,12,48,33
India,Uttar Pradesh,Khora,"Prashant Garden, Khora - UPPCB",13-09-2026 15:00:00,28.61119,77.34206,NO2,19,25,21
India,Uttar Pradesh,Lucknow,"Kendriya Vidyalaya, Lucknow - CPCB",13-09-2026 15:00:00,26.906111,80.948222,PM2.5,35,79,56
India,Uttar Pradesh,Lucknow,"Kendriya Vidyalaya, Lucknow - CPCB",13-09-2026 15:00:00,26.906111,80.948222,PM10,38,55,48
India,Uttar Pradesh,Lucknow,"Kendriya Vidyalaya, Lucknow - CPCB",13-09-2026 15:00:00,26.906111,80.948222,OZONE,5,17,11
India,Uttar Pradesh,Lucknow,"Kukrail Picnic Spot-1, Lucknow - UPPCB",13-09-2026 15:00:00,26.90723,80.98579,PM10,39,66,53
India,Uttar Pradesh,Lucknow,"Kukrail Picnic Spot-1, Lucknow - UPPCB",13-09-2026 15:00:00,26.90723,80.98579,NO2,31,32,32
India,Uttar Pradesh,Lucknow,"Lalbagh, Lucknow - CPCB",13-09-2026 15:00:00,26.8458805,80.9365541,PM10,52,74,63
India,Uttar Pradesh,Lucknow,"Talkatora District Industries Center, Lucknow - CPCB",13-09-2026 15:00:00,26.83399722,80.8917361,PM2.5,37,64,47
India,Uttar Pradesh,Lucknow,"Talkatora District Industries Center, Lucknow - CPCB",13-09-2026 15:00:00,26.83399722,80.8917361,PM10,48,104,69
India,Uttar Pradesh,Lucknow,"B R Ambedkar University, Lucknow - UPPCB",13-09-2026 15:00:00,26.766433,80.927299,PM2.5,NA,NA,NA
India,Uttar Pradesh,Meerut,"Jai Bhim Nagar, Meerut - UPPCB",13-09-2026 15:00:00,28.9535882,77.7622941,SO2,7,10,9
India,Uttar Pradesh,Meerut,"Jai Bhim Nagar, Meerut - UPPCB",13-09-2026 15:00:00,28.9535882,77.7622941,CO,13,14,14
India,Uttar Pradesh,Meerut,"Ganga Nagar, Meerut - UPPCB",13-09-2026 15:00:00,28.999264,77.7590354,PM10,31,101,57
India,Uttar Pradesh,Meerut,"Pallavpuram Phase 2, Meerut - UPPCB",13-09-2026 15:00:00,29.06351,77.709723,PM10,44,114,68
India,Telangana,Hyderabad,"Ramachandrapuram, Hyderabad - TSPCB",13-09-2026 15:00:00,17.528544,78.286195,NO2,12,19,14
India,Telangana,Hyderabad,"Ramachandrapuram, Hyderabad - TSPCB",13-09-2026 15:00:00,17.528544,78.286195,NH3,3,5,3
India,Telangana,Hyderabad,"Somajiguda, Hyderabad - TSPCB",13-09-2026 15:00:00,17.417094,78.457437,PM10,49,79,59
India,Telangana,Hyderabad,"Kompally Municipal Office, Hyderabad - TSPCB",13-09-2026 15:00:00,17.544899,78.486949,PM2.5,27,38,31
India,Telangana,Hyderabad,"Kompally Municipal Office, Hyderabad - TSPCB",13-09-2026 15:00:00,17.544899,78.486949,OZONE,10,10,10
India,Telangana,Hyderabad,"Zoo Park, Hyderabad - TSPCB",13-09-2026 15:00:00,17.349694,78.451437,PM2.5,3,157,44
India,Telangana,Hyderabad,"ICRISAT Patancheru, Hyderabad - TSPCB",13-09-2026 15:00:00,17.5184,78.278777,SO2,6,17,9
India,Telangana,Hyderabad,"Sanathnagar, Hyderabad - TSPCB",13-09-2026 15:00:00,17.4559458,78.4332152,PM2.5,13,75,45
India,Telangana,Hyderabad,"Sanathnagar, Hyderabad - TSPCB",13-09-2026 15:00:00,17.4559458,78.4332152,NH3,NA,NA,NA
India,Telangana,Hyderabad,"Sanathnagar, Hyderabad - TSPCB",13-09-2026 15:00:00,17.4559458,78.4332152,SO2,3,18,11
India,Telangana,Hyderabad,"Sanathnagar, Hyderabad - TSPCB",13-09-2026 15:00:00,17.4559458,78.4332152,CO,34,44,41
India,Telangana,Hyderabad,"IDA Pashamylaram, Hyderabad - TSPCB",13-09-2026 15:00:00,17.5316895,78.218939,CO,4,17,12
India,Telangana,Hyderabad,"Bollaram Industrial Area, Hyderabad - TSPCB",13-09-2026 15:00:00,17.518,78.383,SO2,NA,NA,NA
India,Telangana,Hyderabad,"New Malakpet, Hyderabad - TSPCB",13-09-2026 15:00:00,17.37206,78.50864,PM10,52,63,58
India,Rajasthan,Sri Ganganagar,"Old City, Sri Ganganagar - RSPCB",13-09-2026 15:00:00,29.931624,73.864511,NH3,11,14,12
India,Rajasthan,Sri Ganganagar,"Old City, Sri Ganganagar - RSPCB",13-09-2026 15:00:00,29.931624,73.864511,OZONE,33,52,46
India,Rajasthan,Tonk,"Shastri Nagar, Tonk - RSPCB",13-09-2026 15:00:00,26.159933,75.780517,OZONE,46,68,59
India,Sikkim,Gangtok,"Zero Point GICI, Gangtok - SSPCB",13-09-2026 15:00:00,27.33853,88.614099,NH3,1,1,1
India,Sikkim,Gangtok,"Zero Point GICI, Gangtok - SSPCB",13-09-2026 15:00:00,27.33853,88.614099,SO2,1,1,1
India,Tamil Nadu,Chennai,"Velachery Res. Area, Chennai - CPCB",13-09-2026 15:00:00,13.0052189,80.2398125,OZONE,8,13,11
India,Tamil Nadu,Chennai,"Manali Village, Chennai - TNPCB",13-09-2026 15:00:00,13.1662,80.2584,CO,41,45,44
India,Tamil Nadu,Coimbatore,"SIDCO Kurichi, Coimbatore - TNPCB",13-09-2026 15:00:00,10.942451,76.978996,PM10,28,28,28
India,Tamil Nadu,Coimbatore,"SIDCO Kurichi, Coimbatore - TNPCB",13-09-2026 15:00:00,10.942451,76.978996,NH3,1,1,1
India,Tamil Nadu,Thoothukudi,"Meelavittan, Thoothukudi - TNPCB",13-09-2026 15:00:00,8.816428,78.099039,PM2.5,NA,NA,NA
India,Telangana,Hyderabad,"Kokapet, Hyderabad - TSPCB",13-09-2026 15:00:00,17.393559,78.339194,CO,21,31,26
India,Telangana,Hyderabad,"Kokapet, Hyderabad - TSPCB",13-09-2026 15:00:00,17.393559,78.339194,OZONE,14,27,20
India,Tripura,Agartala,"Bardowali, Agartala - Tripura SPCB",13-09-2026 15:00:00,23.8175497,91.2726974,PM2.5,19,78,40
India,Uttar Pradesh,Agra,"Shahjahan Garden, Agra - UPPCB",13-09-2026 15:00:00,27.169338,78.03582,CO,37,41,40
India,Uttar Pradesh,Agra,"Manoharpur, Agra - UPPCB",13-09-2026 15:00:00,27.23711,78.01936,PM2.5,78,118,96
India,Uttar Pradesh,Agra,"Manoharpur, Agra - UPPCB",13-09-2026 15:00:00,27.23711,78.01936,SO2,13,15,14
India,Uttar Pradesh,Agra,"Sanjay Palace, Agra - UPPCB",13-09-2026 15:00:00,27.19865833,78.00598056,PM2.5,9,44,29
India,Uttar Pradesh,Agra,"Sanjay Palace, Agra - UPPCB",13-09-2026 15:00:00,27.19865833,78.00598056,NO2,15,16,15
India,Uttar Pradesh,Agra,"Rohta, Agra - UPPCB",13-09-2026 15:00:00,27.106972,78.000111,PM10,23,42,34
India,Uttar Pradesh,Baghpat,"Sardar Patel Inter College, Baghpat - UPPCB",13-09-2026 15:00:00,28.964949,77.278761,NH3,2,4,3
India,Uttar Pradesh,Baghpat,"Sardar Patel Inter College, Baghpat - UPPCB",13-09-2026 15:00:00,28.964949,77.278761,SO2,14,65,24
India,Uttar Pradesh,Baghpat,"Sardar Patel Inter College, Baghpat - UPPCB",13-09-2026 15:00:00,28.964949,77.278761,OZONE,20,66,52
India,Uttar Pradesh,Vrindavan," Chhatikara, Vrindavan - UPPCB",13-09-2026 15:00:00,27.57194,77.62346,PM10,39,72,58
India,Uttarakhand,Dehradun,"Doon University, Dehradun - UKPCB",13-09-2026 15:00:00,30.269444,78.044167,SO2,0,3,1
India,West Bengal,Asansol,"Asansol Court Area, Asansol - WBPCB",13-09-2026 15:00:00,23.685297,86.945968,PM2.5,22,57,42
India,West Bengal,Asansol,"Asansol Court Area, Asansol - WBPCB",13-09-2026 15:00:00,23.685297,86.945968,PM10,32,79,56
India,West Bengal,Asansol,"Evelyn Lodge, Asansol - WBPCB",13-09-2026 15:00:00,23.697936,86.944395,PM10,21,50,40
India,West Bengal,Asansol,"Evelyn Lodge, Asansol - WBPCB",13-09-2026 15:00:00,23.697936,86.944395,CO,NA,NA,NA
India,West Bengal,Asansol,"Evelyn Lodge, Asansol - WBPCB",13-09-2026 15:00:00,23.697936,86.944395,OZONE,8,29,19
India,West Bengal,Asansol,"Mahabir Colliery, Asansol - WBPCB",13-09-2026 15:00:00,23.618183,87.105718,PM10,31,61,42
India,West Bengal,Barrackpore,"SVSPA Campus, Barrackpore - WBPCB",13-09-2026 15:00:00,22.7605581,88.3617589,PM10,26,68,45
India,West Bengal,Durgapur,"Womens College_City Center, Durgapur - WBPCB",13-09-2026 15:00:00,23.549395,87.300496,PM2.5,28,55,42
India,West Bengal,Durgapur,"Womens College_City Center, Durgapur - WBPCB",13-09-2026 15:00:00,23.549395,87.300496,PM10,50,92,69
India,West Bengal,Durgapur,"Womens College_City Center, Durgapur - WBPCB",13-09-2026 15:00:00,23.549395,87.300496,NH3,1,5,3
India,West Bengal,Durgapur,"Womens College_City Center, Durgapur - WBPCB",13-09-2026 15:00:00,23.549395,87.300496,SO2,12,12,12
India,West Bengal,Durgapur,"Womens College_City Center, Durgapur - WBPCB",13-09-2026 15:00:00,23.549395,87.300496,OZONE,9,16,14
India,West Bengal,Durgapur,"PCBL Residential Complex, Durgapur - WBPCB",13-09-2026 15:00:00,23.508764,87.35444,NH3,3,5,4
India,West Bengal,Durgapur,"PCBL Residential Complex, Durgapur - WBPCB",13-09-2026 15:00:00,23.508764,87.35444,OZONE,5,6,6
India,West Bengal,Durgapur,"Mahishkapur Road_B-Zone, Durgapur - WBPCB",13-09-2026 15:00:00,23.567923,87.306843,PM2.5,1,28,12
India,West Bengal,Durgapur,"Mahishkapur Road_B-Zone, Durgapur - WBPCB",13-09-2026 15:00:00,23.567923,87.306843,PM10,22,55,35
India,West Bengal,Haldia,"Priyambada Housing Estate, Haldia - WBPCB",13-09-2026 15:00:00,22.06047,88.109737,SO2,12,13,12
India,West Bengal,Howrah,"Dasnagar, Howrah - WBPCB",13-09-2026 15:00:00,22.6025571,88.3105664,CO,35,49,40
India,West Bengal,Howrah,"Dasnagar, Howrah - WBPCB",13-09-2026 15:00:00,22.6025571,88.3105664,OZONE,11,28,19
India,West Bengal,Howrah,"Belur Math, Howrah - WBPCB",13-09-2026 15:00:00,22.629801,88.352017,PM2.5,16,36,26
India,West Bengal,Howrah,"Belur Math, Howrah - WBPCB",13-09-2026 15:00:00,22.629801,88.352017,PM10,27,53,39
India,West Bengal,Howrah,"Padmapukur, Howrah - WBPCB",13-09-2026 15:00:00,22.5687319,88.2797276,PM10,36,53,44
India,West Bengal,Howrah,"Padmapukur, Howrah - WBPCB",13-09-2026 15:00:00,22.5687319,88.2797276,NO2,15,54,30
India,West Bengal,Howrah,"Padmapukur, Howrah - WBPCB",13-09-2026 15:00:00,22.5687319,88.2797276,SO2,4,8,6
India,West Bengal,Howrah,"Padmapukur, Howrah - WBPCB",13-09-2026 15:00:00,22.5687319,88.2797276,OZONE,9,16,13
India,West Bengal,Howrah,"Botanical Garden, Howrah - WBPCB",13-09-2026 15:00:00,22.554954,88.292568,CO,10,14,12
India,West Bengal,Kolkata,"Fort William, Kolkata - WBPCB",13-09-2026 15:00:00,22.55664,88.342674,NH3,7,8,7
India,West Bengal,Kolkata,"Ballygunge, Kolkata - WBPCB",13-09-2026 15:00:00,22.5367507,88.3638022,NH3,7,8,7
India,West Bengal,Kolkata,"Ballygunge, Kolkata - WBPCB",13-09-2026 15:00:00,22.5367507,88.3638022,SO2,2,5,3
India,West Bengal,Kolkata,"Rabindra Sarobar, Kolkata - WBPCB",13-09-2026 15:00:00,22.51106,88.35142,NO2,14,56,30
India,West Bengal,Kolkata,"Rabindra Sarobar, Kolkata - WBPCB",13-09-2026 15:00:00,22.51106,88.35142,SO2,6,8,7
India,West Bengal,Kolkata,"Rabindra Bharati University, Kolkata - WBPCB",13-09-2026 15:00:00,22.627847,88.380669,PM10,42,75,52
India,West Bengal,Kolkata,"Bidhannagar, Kolkata - WBPCB",13-09-2026 15:00:00,22.58157048,88.41002457,PM2.5,8,26,15
India,West Bengal,Siliguri,"Ward-32 Bapupara, Siliguri - WBPCB",13-09-2026 15:00:00,26.6879226,88.4152495,NO2,14,19,17
India,Bihar,Muzaffarpur,"Buddha Colony, Muzaffarpur - BSPCB",13-09-2026 15:00:00,26.11442,85.39813,PM2.5,22,50,37
India,Bihar,Muzaffarpur,"Buddha Colony, Muzaffarpur - BSPCB",13-09-2026 15:00:00,26.11442,85.39813,PM10,31,68,46
India,Bihar,Muzaffarpur,"Buddha Colony, Muzaffarpur - BSPCB",13-09-2026 15:00:00,26.11442,85.39813,SO2,1,7,5
India,Bihar,Muzaffarpur,"Buddha Colony, Muzaffarpur - BSPCB",13-09-2026 15:00:00,26.11442,85.39813,CO,15,20,16
India,Bihar,Muzaffarpur,"MIT-Daudpur Kothi, Muzaffarpur - BSPCB",13-09-2026 15:00:00,26.1403345,85.3650192,NH3,0,1,1
India,Bihar,Muzaffarpur,"MIT-Daudpur Kothi, Muzaffarpur - BSPCB",13-09-2026 15:00:00,26.1403345,85.3650192,SO2,6,15,11
India,Bihar,Muzaffarpur,"MIT-Daudpur Kothi, Muzaffarpur - BSPCB",13-09-2026 15:00:00,26.1403345,85.3650192,CO,4,12,9
India,Bihar,Muzaffarpur,"MIT-Daudpur Kothi, Muzaffarpur - BSPCB",13-09-2026 15:00:00,26.1403345,85.3650192,OZONE,14,49,42
India,Bihar,Patna,"Samanpura, Patna - BSPCB",13-09-2026 15:00:00,25.596727,85.085624,OZONE,23,24,23
India,Bihar,Patna,"Rajbansi Nagar, Patna - BSPCB",13-09-2026 15:00:00,25.599486,85.113666,PM2.5,NA,NA,NA
India,Bihar,Patna,"Rajbansi Nagar, Patna - BSPCB",13-09-2026 15:00:00,25.599486,85.113666,NO2,29,33,31
India,Bihar,Patna,"Muradpur, Patna - BSPCB",13-09-2026 15:00:00,25.619651,85.147382,PM2.5,38,42,40
India,Bihar,Patna,"Muradpur, Patna - BSPCB",13-09-2026 15:00:00,25.619651,85.147382,SO2,8,9,9
India,Bihar,Patna,"Muradpur, Patna - BSPCB",13-09-2026 15:00:00,25.619651,85.147382,CO,46,53,49
India,Bihar,Patna,"Muradpur, Patna - BSPCB",13-09-2026 15:00:00,25.619651,85.147382,OZONE,11,86,49
India,Bihar,Patna,"DRM Office Danapur, Patna - BSPCB",13-09-2026 15:00:00,25.586562,85.043586,NH3,8,9,9
India,Bihar,Patna,"IGSC Planetarium Complex, Patna - BSPCB",13-09-2026 15:00:00,25.610369,85.132568,NH3,NA,NA,NA
India,Bihar,Patna,"IGSC Planetarium Complex, Patna - BSPCB",13-09-2026 15:00:00,25.610369,85.132568,OZONE,34,50,46
India,Bihar,Purnia,"Mariam Nagar, Purnia - BSPCB",13-09-2026 15:00:00,25.366336,87.117468,PM10,NA,NA,NA
India,Bihar,Purnia,"Mariam Nagar, Purnia - BSPCB",13-09-2026 15:00:00,25.366336,87.117468,SO2,16,17,16
India,Delhi,Delhi,"Narela, Delhi - DPCC",13-09-2026 15:00:00,28.822836,77.101981,NO2,6,21,13
India,Delhi,Delhi,"Cantonment Area, Delhi - DPCC",13-09-2026 15:00:00,28.594169,77.1251,PM2.5,NA,NA,NA
India,Delhi,Delhi,"Sonia Vihar, Delhi - DPCC",13-09-2026 15:00:00,28.710508,77.249485,NH3,12,17,14
India,Delhi,Delhi,"Sonia Vihar, Delhi - DPCC",13-09-2026 15:00:00,28.710508,77.249485,OZONE,4,31,17
India,Delhi,Delhi,"Bawana, Delhi - DPCC",13-09-2026 15:00:00,28.7762,77.051074,NH3,3,10,8
India,Delhi,Delhi,"Bawana, Delhi - DPCC",13-09-2026 15:00:00,28.7762,77.051074,SO2,11,13,12
India,Delhi,Delhi,"Bawana, Delhi - DPCC",13-09-2026 15:00:00,28.7762,77.051074,CO,36,53,43
India,Delhi,Delhi,"Bawana, Delhi - DPCC",13-09-2026 15:00:00,28.7762,77.051074,OZONE,12,16,15
India,Delhi,Delhi,"Okhla Phase-2, Delhi - DPCC",13-09-2026 15:00:00,28.530785,77.271255,PM10,47,123,87
India,Delhi,Delhi,"Okhla Phase-2, Delhi - DPCC",13-09-2026 15:00:00,28.530785,77.271255,NO2,8,48,25
India,Delhi,Delhi,"Vivek Vihar, Delhi - DPCC",13-09-2026 15:00:00,28.672342,77.31526,CO,55,66,58
India,Delhi,Delhi,"Jahangirpuri, Delhi - DPCC",13-09-2026 15:00:00,28.73282,77.170633,PM10,34,138,103
India,Delhi,Delhi,"Jahangirpuri, Delhi - DPCC",13-09-2026 15:00:00,28.73282,77.170633,NO2,12,52,29
India,Delhi,Delhi,"IHBAS, Dilshad Garden, Delhi - CPCB",13-09-2026 15:00:00,28.6811736,77.3025234,PM2.5,43,122,78
India,Delhi,Delhi,"IHBAS, Dilshad Garden, Delhi - CPCB",13-09-2026 15:00:00,28.6811736,77.3025234,PM10,32,95,64
India,Delhi,Delhi,"IHBAS, Dilshad Garden, Delhi - CPCB",13-09-2026 15:00:00,28.6811736,77.3025234,NO2,45,53,50
India,Delhi,Delhi,"IHBAS, Dilshad Garden, Delhi - CPCB",13-09-2026 15:00:00,28.6811736,77.3025234,NH3,4,6,5
India,Delhi,Delhi,"Sri Aurobindo Marg, Delhi - DPCC",13-09-2026 15:00:00,28.531346,77.190156,PM2.5,12,50,33
India,Delhi,Delhi,"Sri Aurobindo Marg, Delhi - DPCC",13-09-2026 15:00:00,28.531346,77.190156,PM10,34,83,61
India,Chhattisgarh,Bhilai,"Hathkhoj, Bhilai - CECB",13-09-2026 15:00:00,21.224231,81.40835,SO2,0,13,4
India,Chhattisgarh,Bilaspur,"Mangala, Bilaspur - NTPC",13-09-2026 15:00:00,22.08815,82.13737,PM10,NA,NA,NA
India,Chhattisgarh,Chhal,"Nawapara SECL Colony, Chhal - CECB",13-09-2026 15:00:00,22.118125,83.140608,NO2,5,23,12
India,Chhattisgarh,Korba,"Urja Nagar, Korba - CECB",13-09-2026 15:00:00,22.348441,82.549611,NO2,4,5,4
India,Chhattisgarh,Korba,"Urja Nagar, Korba - CECB",13-09-2026 15:00:00,22.348441,82.549611,OZONE,5,5,5
India,Chhattisgarh,Kunjemura,"OP Jindal School, Kunjemura - CECB",13-09-2026 15:00:00,22.12665,83.483212,NO2,4,16,9
India,Chhattisgarh,Milupara,"Govt. Higher Secondary School, Milupara - CECB",13-09-2026 15:00:00,22.1910172,83.5197009,NO2,NA,NA,NA
India,Chhattisgarh,Raipur,"Krishak Nagar, Raipur - CECB",13-09-2026 15:00:00,21.237755,81.705301,PM2.5,3,19,8
India,Chhattisgarh,Raipur,"Krishak Nagar, Raipur - CECB",13-09-2026 15:00:00,21.237755,81.705301,NH3,2,2,2
India,Chhattisgarh,Raipur,"Krishak Nagar, Raipur - CECB",13-09-2026 15:00:00,21.237755,81.705301,CO,1,13,6
India,Chhattisgarh,Raipur,"Bhatagaon New ISBT, Raipur - CECB",13-09-2026 15:00:00,21.219665,81.630094,OZONE,1,2,1
India,Chhattisgarh,Raipur,"Siltara Phase-II, Raipur - CECB",13-09-2026 15:00:00,21.371751,81.664929,PM10,0,45,9
India,Chhattisgarh,Tumidih,"OP Jindal Industrial Park, Tumidih - CECB",13-09-2026 15:00:00,22.06631475,83.33820077,PM10,19,126,49
India,Chhattisgarh,Tumidih,"OP Jindal Industrial Park, Tumidih - CECB",13-09-2026 15:00:00,22.06631475,83.33820077,NO2,17,74,39
India,Chhattisgarh,Tumidih,"OP Jindal Industrial Park, Tumidih - CECB",13-09-2026 15:00:00,22.06631475,83.33820077,OZONE,NA,NA,NA
India,Delhi,Delhi,"Sri Aurobindo Marg, Delhi - DPCC",13-09-2026 15:00:00,28.531346,77.190156,OZONE,4,27,19
India,Delhi,Delhi,"Patparganj, Delhi - DPCC",13-09-2026 15:00:00,28.623763,77.287209,OZONE,11,16,13
India,Delhi,Delhi,"Jawaharlal Nehru Stadium, Delhi - DPCC",13-09-2026 15:00:00,28.58028,77.233829,PM10,38,130,73
India,Delhi,Delhi,"Jawaharlal Nehru Stadium, Delhi - DPCC",13-09-2026 15:00:00,28.58028,77.233829,NH3,6,6,6
India,Delhi,Delhi,"NSUT Jaffarpur, Delhi - DPCC",13-09-2026 15:00:00,28.594004,76.909423,NH3,0,3,2
India,Delhi,Delhi,"NSUT Jaffarpur, Delhi - DPCC",13-09-2026 15:00:00,28.594004,76.909423,SO2,1,2,1
India,Delhi,Delhi,"NSUT Jaffarpur, Delhi - DPCC",13-09-2026 15:00:00,28.594004,76.909423,CO,31,41,35
India,Delhi,Delhi,"Punjabi Bagh, Delhi - DPCC",13-09-2026 15:00:00,28.674045,77.131023,NO2,23,62,41
India,Delhi,Delhi,"Mundka, Delhi - DPCC",13-09-2026 15:00:00,28.684678,77.076574,OZONE,NA,NA,NA
India,Delhi,Delhi,"Shadipur, Delhi - CPCB",13-09-2026 15:00:00,28.6514781,77.1473105,NO2,58,80,66
India,Delhi,Delhi,"Shadipur, Delhi - CPCB",13-09-2026 15:00:00,28.6514781,77.1473105,OZONE,10,12,11
India,Delhi,Delhi,"Mandir Marg, Delhi - DPCC",13-09-2026 15:00:00,28.636429,77.201067,PM10,35,105,70
India,Delhi,Delhi,"Mandir Marg, Delhi - DPCC",13-09-2026 15:00:00,28.636429,77.201067,CO,59,68,64
India,Delhi,Delhi,"Pusa, Delhi - DPCC",13-09-2026 15:00:00,28.639652,77.146275,SO2,8,21,13
India,Delhi,Delhi,"Pusa, Delhi - DPCC",13-09-2026 15:00:00,28.639652,77.146275,CO,63,70,66
India,Delhi,Delhi,"Sirifort, Delhi - CPCB",13-09-2026 15:00:00,28.5504249,77.2159377,NH3,9,11,10
India,Bihar,Rajgir,"Dangi Tola, Rajgir - BSPCB",13-09-2026 15:00:00,25.0328,85.41948,PM2.5,22,55,25
India,Bihar,Rajgir,"Dangi Tola, Rajgir - BSPCB",13-09-2026 15:00:00,25.0328,85.41948,NH3,3,3,3
India,Bihar,Rajgir,"Dangi Tola, Rajgir - BSPCB",13-09-2026 15:00:00,25.0328,85.41948,SO2,3,3,3
India,Bihar,Saharsa,"Police Line, Saharsa - BSPCB",13-09-2026 15:00:00,25.892357,86.590325,NH3,4,4,4
India,Bihar,Samastipur,"DM Office_Kasipur, Samastipur - BSPCB",13-09-2026 15:00:00,25.859655,85.77944,PM2.5,NA,NA,NA
India,Chandigarh,Chandigarh,"Sector 22, Chandigarh - CPCC",13-09-2026 15:00:00,30.735567,76.775714,PM2.5,2,42,18
India,Chandigarh,Chandigarh,"Sector 22, Chandigarh - CPCC",13-09-2026 15:00:00,30.735567,76.775714,NO2,4,17,9
India,Chandigarh,Chandigarh,"Sector 22, Chandigarh - CPCC",13-09-2026 15:00:00,30.735567,76.775714,CO,33,37,35
India,Chandigarh,Chandigarh,"Sector-25, Chandigarh - CPCC",13-09-2026 15:00:00,30.751462,76.762879,PM2.5,10,32,22
India,Chandigarh,Chandigarh,"Sector-25, Chandigarh - CPCC",13-09-2026 15:00:00,30.751462,76.762879,CO,16,20,18
India,Chandigarh,Chandigarh,"Sector-53, Chandigarh - CPCC",13-09-2026 15:00:00,30.719859,76.738637,NH3,2,4,2
India,Chandigarh,Chandigarh,"Sector-53, Chandigarh - CPCC",13-09-2026 15:00:00,30.719859,76.738637,CO,25,38,29
India,Chhattisgarh,Bhilai,"Civic Center, Bhilai - Bhilai Steel Plant",13-09-2026 15:00:00,21.185571,81.343175,OZONE,11,12,11
India,Chhattisgarh,Bhilai,"32Bungalows, Bhilai - CECB",13-09-2026 15:00:00,21.194815,81.31477,NH3,4,4,4
India,Chhattisgarh,Bhilai,"32Bungalows, Bhilai - CECB",13-09-2026 15:00:00,21.194815,81.31477,CO,NA,NA,NA
India,Bihar,Bihar Sharif,"D M Colony, Bihar Sharif - BSPCB",13-09-2026 15:00:00,25.204762,85.51496,OZONE,1,2,2
India,Bihar,Gaya,"SFTI Kusdihra, Gaya - BSPCB",13-09-2026 15:00:00,24.762518,84.982348,SO2,3,12,8
India,Bihar,Gaya,"SFTI Kusdihra, Gaya - BSPCB",13-09-2026 15:00:00,24.762518,84.982348,OZONE,16,48,33
India,Bihar,Gaya,"Collectorate, Gaya - BSPCB",13-09-2026 15:00:00,24.7955,84.9994,NO2,7,12,9
India,Bihar,Hajipur,"Industrial Area, Hajipur - BSPCB",13-09-2026 15:00:00,25.697189,85.2459,PM2.5,21,45,33
India,Bihar,Hajipur,"Industrial Area, Hajipur - BSPCB",13-09-2026 15:00:00,25.697189,85.2459,OZONE,16,64,42
India,Bihar,Katihar,"Mirchaibari, Katihar - BSPCB",13-09-2026 15:00:00,25.560083,87.553265,PM2.5,23,42,29
India,Bihar,Katihar,"Mirchaibari, Katihar - BSPCB",13-09-2026 15:00:00,25.560083,87.553265,PM10,24,43,29
India,Bihar,Katihar,"Mirchaibari, Katihar - BSPCB",13-09-2026 15:00:00,25.560083,87.553265,SO2,18,25,22
India,Bihar,Kishanganj,"SDM Office_Khagra, Kishanganj - BSPCB",13-09-2026 15:00:00,26.0881305,87.93840336,NO2,7,8,7
India,Bihar,Kishanganj,"SDM Office_Khagra, Kishanganj - BSPCB",13-09-2026 15:00:00,26.0881305,87.93840336,NH3,3,3,3
India,Bihar,Kishanganj,"SDM Office_Khagra, Kishanganj - BSPCB",13-09-2026 15:00:00,26.0881305,87.93840336,CO,38,42,40
India,Bihar,Munger,"Town Hall, Munger - BSPCB",13-09-2026 15:00:00,25.376776,86.471523,PM10,NA,NA,NA
India,Andhra Pradesh,Vijayawada,"HB Colony, Vijayawada - APPCB",13-09-2026 15:00:00,16.536107,80.594233,SO2,14,23,17
India,Andhra Pradesh,Vijayawada,"HB Colony, Vijayawada - APPCB",13-09-2026 15:00:00,16.536107,80.594233,CO,39,42,41
India,Andhra Pradesh,Visakhapatnam,"GVM Corporation, Visakhapatnam - APPCB",13-09-2026 15:00:00,17.72,83.3,CO,1,35,18
India,Andhra Pradesh,Visakhapatnam,"GVM Corporation, Visakhapatnam - APPCB",13-09-2026 15:00:00,17.72,83.3,OZONE,2,33,14
India,Assam,Guwahati,"LGBI Airport, Guwahati - PCBA",13-09-2026 15:00:00,26.10887,91.589544,PM2.5,19,74,54
India,Assam,Guwahati,"Pan Bazaar, Guwahati - PCBA",13-09-2026 15:00:00,26.1875,91.744194,NO2,1,2,1
India,Assam,Guwahati,"IITG, Guwahati - PCBA",13-09-2026 15:00:00,26.2028636,91.70046436,NH3,1,1,1
India,Assam,Guwahati,"Railway Colony, Guwahati - PCBA",13-09-2026 15:00:00,26.181742,91.78063,PM10,16,81,46
India,Assam,Guwahati,"Railway Colony, Guwahati - PCBA",13-09-2026 15:00:00,26.181742,91.78063,NO2,3,4,3
India,Assam,Nalbari,"Bata Chowk, Nalbari - PCBA",13-09-2026 15:00:00,26.446912,91.439057,CO,21,24,22
India,Assam,Silchar,"Tarapur, Silchar - PCBA",13-09-2026 15:00:00,24.82827,92.79525,SO2,5,6,5
India,Bihar,Arrah,"New DM Office, Arrah - BSPCB",13-09-2026 15:00:00,25.5626095,84.663264,PM10,40,40,40
India,Bihar,Arrah,"New DM Office, Arrah - BSPCB",13-09-2026 15:00:00,25.5626095,84.663264,OZONE,5,16,9
India,Bihar,Begusarai,"Lohiyanagar, Begusarai - BSPCB",13-09-2026 15:00:00,25.42742023,86.13886079,CO,54,78,62
India,Bihar,Bettiah,"Kamalnath Nagar, Bettiah - BSPCB",13-09-2026 15:00:00,26.80365,84.51954,CO,23,30,28
India,Bihar,Bhagalpur,"Mayaganj, Bhagalpur - BSPCB",13-09-2026 15:00:00,25.265194,87.012947,NH3,4,4,4
India,Bihar,Bhagalpur,"DM Office_Kachari Chowk, Bhagalpur - BSPCB",13-09-2026 15:00:00,25.251013,86.989001,OZONE,18,20,19
India,Andhra Pradesh,Kadapa,"Yerramukkapalli, Kadapa - APPCB",13-09-2026 15:00:00,14.465052,78.824187,OZONE,18,20,20
India,Andhra Pradesh,Kakinada,"Rama Rao Peta, Kakinada - APPCB",13-09-2026 15:00:00,16.962488,82.229513,PM2.5,NA,NA,NA
India,Andhra Pradesh,Kurnool,"Sita Rama Nagar, Kurnool - APPCB",13-09-2026 15:00:00,15.83411,78.028546,NO2,25,39,30
India,Andhra Pradesh,Machilipatnam,"Srinivas Nagar Colony, Machilipatnam - APPCB",13-09-2026 15:00:00,16.186555,81.13219,PM10,52,65,56
India,Andhra Pradesh,Machilipatnam,"Srinivas Nagar Colony, Machilipatnam - APPCB",13-09-2026 15:00:00,16.186555,81.13219,SO2,10,25,15
India,Andhra Pradesh,Rajamahendravaram,"Anand Kala Kshetram, Rajamahendravaram - APPCB",13-09-2026 15:00:00,16.9872867,81.7363176,OZONE,25,102,64
India,Andhra Pradesh,Vijayawada,"HB Colony, Vijayawada - APPCB",13-09-2026 15:00:00,16.536107,80.594233,PM2.5,46,57,55
India,Andhra Pradesh,Amaravati,"Secretariat, Amaravati - APPCB",13-09-2026 15:00:00,16.5150833,80.5181667,CO,12,30,20
India,Andhra Pradesh,Chittoor,"Gangineni Cheruvu, Chittoor - APPCB",13-09-2026 15:00:00,13.20488,79.097889,PM10,57,95,74
India,Andhra Pradesh,Chittoor,"Gangineni Cheruvu, Chittoor - APPCB",13-09-2026 15:00:00,13.20488,79.097889,NO2,31,37,33
India,Andhra Pradesh,Chittoor,"Gangineni Cheruvu, Chittoor - APPCB",13-09-2026 15:00:00,13.20488,79.097889,NH3,6,8,6
India,Andhra Pradesh,Chittoor,"Gangineni Cheruvu, Chittoor - APPCB",13-09-2026 15:00:00,13.20488,79.097889,OZONE,17,33,25
India,Andhra Pradesh,Eluru,"District Court, Eluru - APPCB",13-09-2026 15:00:00,16.711754,81.092095,PM2.5,38,57,46
India,Gujarat,Ahmedabad,"Maninagar, Ahmedabad - GPCB",13-09-2026 15:00:00,23.002657,72.591912,NO2,19,37,32
India,Gujarat,Ahmedabad,"Maninagar, Ahmedabad - GPCB",13-09-2026 15:00:00,23.002657,72.591912,SO2,17,46,32
India,Gujarat,Ahmedabad,"SVPI Airport Hansol, Ahmedabad - IITM",13-09-2026 15:00:00,23.076793,72.627874,PM2.5,31,80,53
India,Gujarat,Ahmedabad,"SVPI Airport Hansol, Ahmedabad - IITM",13-09-2026 15:00:00,23.076793,72.627874,PM10,61,136,92
India,Gujarat,Ahmedabad,"SVPI Airport Hansol, Ahmedabad - IITM",13-09-2026 15:00:00,23.076793,72.627874,CO,26,31,28
India,Gujarat,Ahmedabad,"Gyaspur, Ahmedabad - IITM",13-09-2026 15:00:00,22.977134,72.553024,CO,68,92,79
India,Gujarat,Ahmedabad,"SAC ISRO Satellite, Ahmedabad - IITM",13-09-2026 15:00:00,23.023389,72.515201,NO2,16,52,34
India,Gujarat,Ahmedabad,"SAC ISRO Satellite, Ahmedabad - IITM",13-09-2026 15:00:00,23.023389,72.515201,NH3,1,2,1
India,Gujarat,Ahmedabad,"SAC ISRO Satellite, Ahmedabad - IITM",13-09-2026 15:00:00,23.023389,72.515201,OZONE,8,19,13
India,Gujarat,Ahmedabad,"Raikhad, Ahmedabad - IITM",13-09-2026 15:00:00,23.020509,72.579261,PM2.5,21,65,49
India,Gujarat,Ahmedabad,"Raikhad, Ahmedabad - IITM",13-09-2026 15:00:00,23.020509,72.579261,PM10,40,74,57
India,Gujarat,Ahmedabad,"Raikhad, Ahmedabad - IITM",13-09-2026 15:00:00,23.020509,72.579261,CO,27,62,38
India,Gujarat,Ahmedabad,"Chandkheda, Ahmedabad - IITM",13-09-2026 15:00:00,23.107969,72.574648,NH3,3,5,5
India,Gujarat,Ankleshwar,"GIDC, Ankleshwar - GPCB",13-09-2026 15:00:00,21.613267,73.010555,NH3,NA,NA,NA
India,Gujarat,Bhavnagar,"Vidhyanagar, Bhavnagar - Nexteng Enviro",13-09-2026 15:00:00,21.755417,72.139056,SO2,7,8,7
India,Gujarat,Bhavnagar,"Vidhyanagar, Bhavnagar - Nexteng Enviro",13-09-2026 15:00:00,21.755417,72.139056,CO,64,65,65
India,Gujarat,Bhavnagar,"Vidhyanagar, Bhavnagar - Nexteng Enviro",13-09-2026 15:00:00,21.755417,72.139056,OZONE,10,27,18
India,Gujarat,Gandhinagar,"Sector-10, Gandhinagar - GPCB",13-09-2026 15:00:00,23.221714,72.654328,OZONE,4,9,7
India,Gujarat,Gandhinagar,"GIFT City, Gandhinagar - IITM",13-09-2026 15:00:00,23.163798,72.677768,PM10,44,122,79
India,Gujarat,Gandhinagar,"GIFT City, Gandhinagar - IITM",13-09-2026 15:00:00,23.163798,72.677768,SO2,3,19,7
India,Gujarat,Gandhinagar,"IIPHG Lekawada, Gandhinagar - IITM",13-09-2026 15:00:00,23.243639,72.68994,PM2.5,44,69,58
India,Gujarat,Gandhinagar,"IIPHG Lekawada, Gandhinagar - IITM",13-09-2026 15:00:00,23.243639,72.68994,OZONE,1,5,3
India,Delhi,Delhi,"NSIT Dwarka, Delhi - CPCB",13-09-2026 15:00:00,28.60909,77.0325413,CO,92,112,99
India,Delhi,Delhi,"NSIT Dwarka, Delhi - CPCB",13-09-2026 15:00:00,28.60909,77.0325413,OZONE,11,18,15
India,Delhi,Delhi,"ITO, Delhi - CPCB",13-09-2026 15:00:00,28.628624,77.24106,NH3,1,7,5
India,Delhi,Delhi,"ITO, Delhi - CPCB",13-09-2026 15:00:00,28.628624,77.24106,CO,36,43,38
India,Delhi,Delhi,"R K Puram, Delhi - DPCC",13-09-2026 15:00:00,28.563262,77.186937,PM2.5,14,91,43
India,Delhi,Delhi,"R K Puram, Delhi - DPCC",13-09-2026 15:00:00,28.563262,77.186937,NO2,13,55,29
India,Delhi,Delhi,"R K Puram, Delhi - DPCC",13-09-2026 15:00:00,28.563262,77.186937,NH3,4,10,6
India,Delhi,Delhi,"R K Puram, Delhi - DPCC",13-09-2026 15:00:00,28.563262,77.186937,SO2,20,22,21
India,Delhi,Delhi,"North Campus, DU, Delhi - IITM",13-09-2026 15:00:00,28.6573814,77.1585447,PM2.5,23,309,74
India,Delhi,Delhi,"North Campus, DU, Delhi - IITM",13-09-2026 15:00:00,28.6573814,77.1585447,SO2,NA,NA,NA
India,Delhi,Delhi,"Aya Nagar, Delhi - IITM",13-09-2026 15:00:00,28.4706914,77.1099364,NH3,NA,NA,NA
India,Delhi,Delhi,"CRRI Mathura Road, Delhi - IITM",13-09-2026 15:00:00,28.5512005,77.2735737,NO2,21,47,33
India,Delhi,Delhi,"CRRI Mathura Road, Delhi - IITM",13-09-2026 15:00:00,28.5512005,77.2735737,OZONE,20,45,34
India,Delhi,Delhi,"Alipur, Delhi - DPCC",13-09-2026 15:00:00,28.815329,77.15301,NO2,38,86,61
India,Delhi,Delhi,"Alipur, Delhi - DPCC",13-09-2026 15:00:00,28.815329,77.15301,OZONE,9,23,16
India,Delhi,Delhi,"Burari Crossing, Delhi - IITM",13-09-2026 15:00:00,28.7256504,77.2011573,PM2.5,15,205,68
India,Delhi,Delhi,"Burari Crossing, Delhi - IITM",13-09-2026 15:00:00,28.7256504,77.2011573,PM10,39,128,85
India,Delhi,Delhi,"IMD Lodhi Road, Delhi - IITM",13-09-2026 15:00:00,28.5918245,77.2273074,NO2,6,23,14
India,Gujarat,Ahmedabad,"Rakhial, Ahmedabad - IITM",13-09-2026 15:00:00,23.016834,72.625775,NH3,5,17,8
India,Gujarat,Ahmedabad,"Rakhial, Ahmedabad - IITM",13-09-2026 15:00:00,23.016834,72.625775,CO,48,62,56
India,Haryana,Gurugram,"Sector-51, Gurugram - HSPCB",13-09-2026 15:00:00,28.4227,77.0667,SO2,6,9,8
India,Haryana,Gurugram,"Teri Gram, Gurugram - HSPCB",13-09-2026 15:00:00,28.4275,77.1465,PM10,54,117,78
India,Haryana,Gurugram,"Vikas Sadan, Gurugram - HSPCB",13-09-2026 15:00:00,28.4501238,77.0263051,OZONE,15,34,26
India,Haryana,Hisar,"Urban Estate-II, Hisar - HSPCB",13-09-2026 15:00:00,29.14056,75.744941,NO2,23,27,25
India,Haryana,Hisar,"Urban Estate-II, Hisar - HSPCB",13-09-2026 15:00:00,29.14056,75.744941,NH3,9,11,10
India,Haryana,Jind,"Police Lines, Jind - HSPCB",13-09-2026 15:00:00,29.307814,76.337619,PM10,46,75,59
India,Haryana,Jind,"Police Lines, Jind - HSPCB",13-09-2026 15:00:00,29.307814,76.337619,NH3,4,6,5
India,Haryana,Jind,"Police Lines, Jind - HSPCB",13-09-2026 15:00:00,29.307814,76.337619,CO,3,9,6
India,Haryana,Kaithal,"Rishi Nagar, Kaithal - HSPCB",13-09-2026 15:00:00,29.8006,76.4155,PM2.5,51,116,87
India,Haryana,Karnal,"Sector-12, Karnal - HSPCB",13-09-2026 15:00:00,29.6953,77.0027,PM10,31,71,49
India,Haryana,Kurukshetra,"Sector-7, Kurukshetra - HSPCB",13-09-2026 15:00:00,29.966942,76.875879,NO2,6,10,8
India,Haryana,Kurukshetra,"Sector-7, Kurukshetra - HSPCB",13-09-2026 15:00:00,29.966942,76.875879,CO,6,32,18
India,Haryana,Manesar,"Sector-2 IMT, Manesar - HSPCB",13-09-2026 15:00:00,28.360699,76.93609,NH3,7,16,12
India,Haryana,Manesar,"Sector-2 IMT, Manesar - HSPCB",13-09-2026 15:00:00,28.360699,76.93609,CO,9,14,11
India,Haryana,Narnaul,"Shastri Nagar, Narnaul - HSPCB",13-09-2026 15:00:00,28.060249,76.113115,PM2.5,34,76,51
India,Haryana,Narnaul,"Shastri Nagar, Narnaul - HSPCB",13-09-2026 15:00:00,28.060249,76.113115,NO2,22,87,52
India,Haryana,Palwal,"Shyam Nagar, Palwal - HSPCB",13-09-2026 15:00:00,28.1485564,77.3320667,PM10,44,73,54
India,Haryana,Palwal,"Shyam Nagar, Palwal - HSPCB",13-09-2026 15:00:00,28.1485564,77.3320667,NH3,6,6,6
India,Karnataka,Chamarajanagar,"Urban, Chamarajanagar - KSPCB",13-09-2026 15:00:00,11.55358,76.55521,NH3,2,2,2
India,Karnataka,Chamarajanagar,"Urban, Chamarajanagar - KSPCB",13-09-2026 15:00:00,11.55358,76.55521,SO2,4,4,4
India,Karnataka,Chikkamagaluru,"Kalyana Nagara, Chikkamagaluru - KSPCB",13-09-2026 15:00:00,13.328028,75.797056,NH3,NA,NA,NA
India,Karnataka,Chikkamagaluru,"Kalyana Nagara, Chikkamagaluru - KSPCB",13-09-2026 15:00:00,13.328028,75.797056,CO,11,21,16
India,Karnataka,Dharwad,"Kalabhavan, Dharwad - KSPCB",13-09-2026 15:00:00,15.459706,75.008381,PM2.5,45,52,49
India,Karnataka,Gadag,"Panchal Nagar, Gadag - KSPCB",13-09-2026 15:00:00,15.411456,75.638133,NO2,21,29,24
India,Karnataka,Hubballi,"Lingaraj Nagar, Hubballi - KSPCB",13-09-2026 15:00:00,15.3714823,75.1160168,OZONE,26,27,26
India,Karnataka,Kalaburagi,"Mahatma Basaveswar Colony, Kalaburgi - KSPCB",13-09-2026 15:00:00,17.336318,76.847397,PM10,15,50,32
India,Karnataka,Kalaburagi,"Mahatma Basaveswar Colony, Kalaburgi - KSPCB",13-09-2026 15:00:00,17.336318,76.847397,NO2,10,17,13
India,Karnataka,Madikeri,"Stuart Hill, Madikeri - KSPCB",13-09-2026 15:00:00,12.415911,75.73505,PM2.5,2,40,24
India,Karnataka,Madikeri,"Stuart Hill, Madikeri - KSPCB",13-09-2026 15:00:00,12.415911,75.73505,NO2,2,3,2
India,Karnataka,Mysuru,"Hebbal 1st Stage, Mysuru - KSPCB",13-09-2026 15:00:00,12.21041,76.37376,NH3,4,5,4
India,Karnataka,Ramanagara,"Vijay Nagar, Ramanagara - KSPCB",13-09-2026 15:00:00,12.733409,77.298051,NO2,NA,NA,NA
India,Delhi,Delhi,"Pusa, Delhi - IITM",13-09-2026 15:00:00,28.63611,77.173332,NH3,NA,NA,NA
India,Delhi,Delhi,"Pusa, Delhi - IITM",13-09-2026 15:00:00,28.63611,77.173332,SO2,NA,NA,NA
India,Delhi,Delhi,"Anand Vihar, Delhi - DPCC",13-09-2026 15:00:00,28.647622,77.315809,PM10,81,123,103
India,Delhi,Delhi,"DTU, Delhi - CPCB",13-09-2026 15:00:00,28.7500499,77.1112615,NH3,3,14,9
India,Delhi,Delhi,"Dwarka-Sector 8, Delhi - DPCC ",13-09-2026 15:00:00,28.5710274,77.0719006,OZONE,11,32,21
India,Delhi,Delhi,"IIT Delhi, Delhi - IITM",13-09-2026 15:00:00,28.54246,77.191651,PM2.5,8,66,41
India,Delhi,Delhi,"IIT Delhi, Delhi - IITM",13-09-2026 15:00:00,28.54246,77.191651,OZONE,18,38,31
India,Delhi,Delhi,"IGNOU_Maidan Garhi, Delhi - DPCC",13-09-2026 15:00:00,28.493624,77.201159,NH3,0,12,2
India,Delhi,Delhi,"Commonwealth Sports Complex, Delhi - DPCC",13-09-2026 15:00:00,28.615828,77.271992,PM2.5,36,94,61
India,Delhi,Delhi,"Commonwealth Sports Complex, Delhi - DPCC",13-09-2026 15:00:00,28.615828,77.271992,PM10,53,124,90
India,Delhi,Delhi,"Commonwealth Sports Complex, Delhi - DPCC",13-09-2026 15:00:00,28.615828,77.271992,OZONE,11,61,43
India,Delhi,Delhi,"Talkatora Garden, Delhi - DPCC",13-09-2026 15:00:00,28.62181,77.1944633,PM10,35,72,54
India,Delhi,Delhi,"NSIT Dwarka, Delhi - CPCB",13-09-2026 15:00:00,28.60909,77.0325413,NO2,7,69,37
India,Delhi,Delhi,"NSIT Dwarka, Delhi - CPCB",13-09-2026 15:00:00,28.60909,77.0325413,SO2,1,19,11
India,Haryana,Panchkula,"Sector-6, Panchkula - HSPCB ",13-09-2026 15:00:00,30.7057778,76.8531805555555,PM10,NA,NA,NA
India,Haryana,Panchkula,"Sector-6, Panchkula - HSPCB ",13-09-2026 15:00:00,30.7057778,76.8531805555555,NO2,NA,NA,NA
India,Haryana,Panipat,"Sector-18, Panipat - HSPCB",13-09-2026 15:00:00,29.432304,76.972765,PM2.5,14,388,153
India,Haryana,Panipat,"Sector-18, Panipat - HSPCB",13-09-2026 15:00:00,29.432304,76.972765,NO2,5,9,7
India,Haryana,Rohtak,"MD University, Rohtak - HSPCB",13-09-2026 15:00:00,28.52123,76.37138,PM10,80,91,84
India,Haryana,Sirsa,"F-Block, Sirsa - HSPCB",13-09-2026 15:00:00,29.5364,75.0158,PM10,34,199,55
India,Haryana,Sirsa,"F-Block, Sirsa - HSPCB",13-09-2026 15:00:00,29.5364,75.0158,NH3,12,14,13
India,Haryana,Sirsa,"F-Block, Sirsa - HSPCB",13-09-2026 15:00:00,29.5364,75.0158,CO,80,100,89
India,Haryana,Sirsa,"F-Block, Sirsa - HSPCB",13-09-2026 15:00:00,29.5364,75.0158,OZONE,19,56,33
India,Jammu and Kashmir,Srinagar,"Khunmoh, Srinagar - JKPCC",13-09-2026 15:00:00,34.06313,74.96017,NO2,9,58,21
India,Jammu and Kashmir,Srinagar,"Khunmoh, Srinagar - JKPCC",13-09-2026 15:00:00,34.06313,74.96017,NH3,NA,NA,NA
India,Jammu and Kashmir,Srinagar,"Rajbagh, Srinagar - JKPCC",13-09-2026 15:00:00,34.066206,74.81982,PM2.5,16,28,23
India,Haryana,Ballabgarh,"Nathu Colony, Ballabgarh - HSPCB",13-09-2026 15:00:00,28.3419248,77.319699,OZONE,5,29,17
India,Haryana,Bhiwani,"H.B. Colony, Bhiwani - HSPCB",13-09-2026 15:00:00,28.806223,76.141105,NO2,18,19,18
India,Haryana,Dharuhera,"Municipal Corporation Office, Dharuhera -  HSPCB",13-09-2026 15:00:00,28.2068,76.7997,PM2.5,NA,NA,NA
India,Haryana,Dharuhera,"Municipal Corporation Office, Dharuhera -  HSPCB",13-09-2026 15:00:00,28.2068,76.7997,PM10,NA,NA,NA
India,Haryana,Dharuhera,"Municipal Corporation Office, Dharuhera -  HSPCB",13-09-2026 15:00:00,28.2068,76.7997,NH3,NA,NA,NA
India,Haryana,Dharuhera,"Municipal Corporation Office, Dharuhera -  HSPCB",13-09-2026 15:00:00,28.2068,76.7997,OZONE,15,74,35
India,Haryana,Faridabad,"New Industrial Town, Faridabad - HSPCB",13-09-2026 15:00:00,28.39072,77.30059,SO2,5,8,6
India,Haryana,Faridabad,"New Industrial Town, Faridabad - HSPCB",13-09-2026 15:00:00,28.39072,77.30059,CO,18,23,20
India,Haryana,Faridabad,"Sector 11, Faridabad - HSPCB",13-09-2026 15:00:00,28.376058,77.315741,PM2.5,47,145,74
India,Haryana,Faridabad,"Sector 11, Faridabad - HSPCB",13-09-2026 15:00:00,28.376058,77.315741,PM10,56,132,85
India,Haryana,Faridabad,"Sector 11, Faridabad - HSPCB",13-09-2026 15:00:00,28.376058,77.315741,NO2,30,33,31
India,Haryana,Faridabad,"Sector 11, Faridabad - HSPCB",13-09-2026 15:00:00,28.376058,77.315741,NH3,6,6,6
India,Jammu and Kashmir,Srinagar,"Rajbagh, Srinagar - JKPCC",13-09-2026 15:00:00,34.066206,74.81982,CO,13,27,17
India,Jharkhand,Dhanbad,"Sardar Patel Nagar, Dhanbad - JSPCB",13-09-2026 15:00:00,23.80569,86.44268,NH3,NA,NA,NA
India,Jharkhand,Dhanbad,"Sardar Patel Nagar, Dhanbad - JSPCB",13-09-2026 15:00:00,23.80569,86.44268,SO2,NA,NA,NA
India,Karnataka,Bengaluru,"Bapuji Nagar, Bengaluru - KSPCB",13-09-2026 15:00:00,12.951913,77.539784,PM10,43,112,69
India,Karnataka,Bengaluru,"Jayanagar 5th Block, Bengaluru - KSPCB",13-09-2026 15:00:00,12.920984,77.584908,OZONE,31,97,64
India,Karnataka,Bengaluru,"Hombegowda Nagar, Bengaluru - KSPCB",13-09-2026 15:00:00,12.938539,77.5901,NH3,1,2,1
India,Karnataka,Bengaluru,"Peenya, Bengaluru - CPCB",13-09-2026 15:00:00,13.0270199,77.494094,PM10,NA,NA,NA
India,Karnataka,Bengaluru,"Hebbal, Bengaluru - KSPCB",13-09-2026 15:00:00,13.029152,77.585901,PM10,34,94,57
India,Gujarat,Rajkot,"Mavdi, Rajkot - Nexteng Enviro ",13-09-2026 15:00:00,22.248853,70.776774,NH3,0,1,0
India,Gujarat,Surat,"Science Center, Surat - SMC",13-09-2026 15:00:00,21.170046,72.795405,PM2.5,7,66,32
India,Gujarat,Surat,"Science Center, Surat - SMC",13-09-2026 15:00:00,21.170046,72.795405,NO2,2,10,5
India,Gujarat,Surat,"Katargam, Surat - Nexteng Enviro",13-09-2026 15:00:00,21.217779,72.834787,NO2,0,25,8
India,Gujarat,Surat,"Katargam, Surat - Nexteng Enviro",13-09-2026 15:00:00,21.217779,72.834787,SO2,9,11,10
India,Gujarat,Vadodara,"Bapunagar, Vadodara - Nexteng Enviro",13-09-2026 15:00:00,22.320153,73.216285,NO2,12,15,13
India,Gujarat,Vatva,"Phase-4 GIDC, Vatva - GPCB",13-09-2026 15:00:00,22.969611,72.6435,PM2.5,38,160,87
India,Gujarat,Vatva,"Phase-4 GIDC, Vatva - GPCB",13-09-2026 15:00:00,22.969611,72.6435,SO2,4,45,25
India,Maharashtra,Nashik,"Hirawadi, Nashik - MPCB",13-09-2026 15:00:00,20.021503,73.813844,PM10,15,64,25
India,Maharashtra,Nashik,"Hirawadi, Nashik - MPCB",13-09-2026 15:00:00,20.021503,73.813844,NO2,2,21,4
India,Maharashtra,Nashik,"Hirawadi, Nashik - MPCB",13-09-2026 15:00:00,20.021503,73.813844,OZONE,9,19,14
India,Maharashtra,Nashik,"MIDC Ambad, Nashik - MPCB",13-09-2026 15:00:00,19.95022,73.73148,NH3,3,4,4
India,Maharashtra,Nashik,"Gangapur Road, Nashik - MPCB",13-09-2026 15:00:00,20.0073285,73.7762427,PM10,NA,NA,NA
India,Maharashtra,Nashik,"Gangapur Road, Nashik - MPCB",13-09-2026 15:00:00,20.0073285,73.7762427,NO2,5,5,5
India,Maharashtra,Nashik,"Gangapur Road, Nashik - MPCB",13-09-2026 15:00:00,20.0073285,73.7762427,NH3,3,3,3
India,Maharashtra,Nashik,"Pandav Nagari, Nashik - MPCB",13-09-2026 15:00:00,19.9591346,73.7788008,NO2,2,7,4
India,Maharashtra,Nashik,"Pandav Nagari, Nashik - MPCB",13-09-2026 15:00:00,19.9591346,73.7788008,CO,11,12,12
India,Maharashtra,Nashik,"Pandav Nagari, Nashik - MPCB",13-09-2026 15:00:00,19.9591346,73.7788008,OZONE,11,14,12
India,Maharashtra,Navi Mumbai,"Kopripada-Vashi, Navi Mumbai - MPCB",13-09-2026 15:00:00,19.090337,73.014232,PM10,20,90,43
India,Maharashtra,Navi Mumbai,"Tondare-Taloja, Navi Mumbai - MPCB",13-09-2026 15:00:00,19.063,73.1209,NH3,4,8,6
India,Maharashtra,Navi Mumbai,"Tondare-Taloja, Navi Mumbai - MPCB",13-09-2026 15:00:00,19.063,73.1209,SO2,0,5,2
India,Maharashtra,Navi Mumbai,"Tondare-Taloja, Navi Mumbai - MPCB",13-09-2026 15:00:00,19.063,73.1209,OZONE,20,20,20
India,Maharashtra,Navi Mumbai,"Sanpada, Navi Mumbai - MPCB",13-09-2026 15:00:00,19.0575752,73.0151367,PM2.5,7,38,16
India,Maharashtra,Navi Mumbai,"Sanpada, Navi Mumbai - MPCB",13-09-2026 15:00:00,19.0575752,73.0151367,PM10,13,67,35
India,Maharashtra,Navi Mumbai,"Sector-2E Kalamboli, Navi Mumbai - MPCB",13-09-2026 15:00:00,19.02579,73.10297,PM2.5,0,42,23
India,Maharashtra,Navi Mumbai,"Sector-2E Kalamboli, Navi Mumbai - MPCB",13-09-2026 15:00:00,19.02579,73.10297,PM10,11,37,25
India,Maharashtra,Navi Mumbai,"Mahape, Navi Mumbai - MPCB",13-09-2026 15:00:00,19.1135051,73.008978,PM10,17,151,49
India,Maharashtra,Navi Mumbai,"Mahape, Navi Mumbai - MPCB",13-09-2026 15:00:00,19.1135051,73.008978,NH3,1,1,1
India,Maharashtra,Navi Mumbai,"Mahape, Navi Mumbai - MPCB",13-09-2026 15:00:00,19.1135051,73.008978,SO2,13,14,13
India,Maharashtra,Navi Mumbai,"Nerul, Navi Mumbai - MPCB",13-09-2026 15:00:00,19.008751,73.01662,PM2.5,NA,NA,NA
India,Maharashtra,Navi Mumbai,"Nerul, Navi Mumbai - MPCB",13-09-2026 15:00:00,19.008751,73.01662,SO2,NA,NA,NA
India,Maharashtra,Parbhani,"Masoom Colony, Parbhani - MPCB",13-09-2026 15:00:00,19.265594,76.761463,PM2.5,37,67,51
India,Maharashtra,Parbhani,"Masoom Colony, Parbhani - MPCB",13-09-2026 15:00:00,19.265594,76.761463,NO2,8,16,10
India,Maharashtra,Parbhani,"Masoom Colony, Parbhani - MPCB",13-09-2026 15:00:00,19.265594,76.761463,OZONE,11,17,14
India,Madhya Pradesh,Mandideep,"Sector-D Industrial Area, Mandideep - MPPCB",13-09-2026 15:00:00,23.10844,77.511428,PM2.5,36,210,64
India,Madhya Pradesh,Mandideep,"Sector-D Industrial Area, Mandideep - MPPCB",13-09-2026 15:00:00,23.10844,77.511428,NO2,45,80,58
India,Madhya Pradesh,Mandideep,"Sector-D Industrial Area, Mandideep - MPPCB",13-09-2026 15:00:00,23.10844,77.511428,NH3,1,4,3
India,Madhya Pradesh,Pithampur,"Sector-2 Industrial Area, Pithampur - MPPCB",13-09-2026 15:00:00,22.624758,75.675238,NH3,7,9,8
India,Madhya Pradesh,Ratlam,"Shasthri Nagar, Ratlam - IPCA Lab",13-09-2026 15:00:00,23.331731,75.045981,PM10,9,56,33
India,Madhya Pradesh,Ratlam,"Shasthri Nagar, Ratlam - IPCA Lab",13-09-2026 15:00:00,23.331731,75.045981,NH3,NA,NA,NA
India,Madhya Pradesh,Sagar,"Civil Lines, Sagar - MPPCB",13-09-2026 15:00:00,23.838586,78.759431,PM10,14,126,65
India,Madhya Pradesh,Sagar,"Civil Lines, Sagar - MPPCB",13-09-2026 15:00:00,23.838586,78.759431,SO2,5,8,6
India,Madhya Pradesh,Satna,"Bandhavgar Colony, Satna - Birla Cement",13-09-2026 15:00:00,24.58434363,80.8549414,PM10,69,71,70
India,Maharashtra,Ahmednagar,"Tarakpur, Ahmednagar - MPCB",13-09-2026 15:00:00,19.10122,74.73339,CO,16,16,16
India,Maharashtra,Akola,"Ramdaspeth, Akola - MPCB",13-09-2026 15:00:00,20.719516,77.000253,PM2.5,12,57,39
India,Maharashtra,Akola,"Ramdaspeth, Akola - MPCB",13-09-2026 15:00:00,20.719516,77.000253,CO,8,26,16
India,Maharashtra,Amravati,"Shivneri Colony, Amravati - MPCB",13-09-2026 15:00:00,20.9402359,77.7895248,CO,17,21,19
India,Maharashtra,Amravati,"Shri Shivaji Science College, Amravati - MPCB",13-09-2026 15:00:00,20.939198,77.765701,PM10,23,48,36
India,Maharashtra,Amravati,"Shri Shivaji Science College, Amravati - MPCB",13-09-2026 15:00:00,20.939198,77.765701,NO2,4,9,6
India,Maharashtra,Amravati,"Shri Shivaji Science College, Amravati - MPCB",13-09-2026 15:00:00,20.939198,77.765701,OZONE,7,11,9
India,Maharashtra,Aurangabad,"MIDC Chilkalthana, Aurangabad - MPCB",13-09-2026 15:00:00,19.87562,75.38731,PM2.5,17,86,54
India,Karnataka,Ramanagara,"Vijay Nagar, Ramanagara - KSPCB",13-09-2026 15:00:00,12.733409,77.298051,SO2,14,28,19
India,Karnataka,Shivamogga,"Vinoba Nagara, Shivamogga - KSPCB",13-09-2026 15:00:00,13.94,75.555917,PM10,41,55,54
India,Karnataka,Shivamogga,"Vinoba Nagara, Shivamogga - KSPCB",13-09-2026 15:00:00,13.94,75.555917,NO2,19,26,20
India,Karnataka,Yadgir,"Collector Office, Yadgir - KSPCB",13-09-2026 15:00:00,16.7602,77.1428,SO2,12,17,14
India,Kerala,Thiruvananthapuram,"Plammoodu, Thiruvananthapuram - Kerala PCB",13-09-2026 15:00:00,8.5149093,76.9435879,NH3,1,1,1
India,Kerala,Thiruvananthapuram,"Kariavattom, Thiruvananthapuram - Kerala PCB",13-09-2026 15:00:00,8.5637,76.8865,NO2,6,7,6
India,Madhya Pradesh,Bhopal,"Idgah Hills, Bhopal - MPPCB",13-09-2026 15:00:00,23.264759,77.381568,PM2.5,25,50,34
India,Madhya Pradesh,Bhopal,"Idgah Hills, Bhopal - MPPCB",13-09-2026 15:00:00,23.264759,77.381568,CO,8,21,18
India,Madhya Pradesh,Bhopal,"Paryavaran Parisar, Bhopal - MPPCB",13-09-2026 15:00:00,23.210494,77.425409,SO2,4,6,5
India,Madhya Pradesh,Bhopal,"Paryavaran Parisar, Bhopal - MPPCB",13-09-2026 15:00:00,23.210494,77.425409,CO,12,17,14
India,Madhya Pradesh,Bhopal,"T T Nagar, Bhopal - MPPCB",13-09-2026 15:00:00,23.233584,77.400574,PM2.5,23,54,34
India,Madhya Pradesh,Dewas,"Bhopal Chauraha, Dewas - MPPCB",13-09-2026 15:00:00,22.9682591,76.064118,PM10,31,67,47
India,Madhya Pradesh,Dewas,"Bhopal Chauraha, Dewas - MPPCB",13-09-2026 15:00:00,22.9682591,76.064118,OZONE,29,132,54
India,Madhya Pradesh,Gwalior,"Deen Dayal Nagar, Gwalior - MPPCB",13-09-2026 15:00:00,26.259242,78.216432,SO2,7,11,9
India,Maharashtra,Latur,"Sawe Wadi, Latur - MPCB",13-09-2026 15:00:00,18.39963,76.57452,NH3,2,6,3
India,Maharashtra,Mahad,"Kamble Tarf Birwadi, Mahad - MPCB",13-09-2026 15:00:00,18.1023399,73.4783687,PM2.5,14,60,28
India,Maharashtra,Mahad,"Kamble Tarf Birwadi, Mahad - MPCB",13-09-2026 15:00:00,18.1023399,73.4783687,PM10,36,61,47
India,Maharashtra,Malegaon,"Mahesh Nagar, Malegaon - MPCB",13-09-2026 15:00:00,20.555712,74.529236,NO2,17,18,17
India,Maharashtra,Malegaon,"Mahesh Nagar, Malegaon - MPCB",13-09-2026 15:00:00,20.555712,74.529236,CO,6,19,14
India,Maharashtra,Mumbai,"Shivaji Nagar, Mumbai - BMC",13-09-2026 15:00:00,19.060498,72.923356,PM2.5,6,40,21
India,Maharashtra,Mumbai,"Shivaji Nagar, Mumbai - BMC",13-09-2026 15:00:00,19.060498,72.923356,NH3,4,12,7
India,Maharashtra,Mumbai,"Shivaji Nagar, Mumbai - BMC",13-09-2026 15:00:00,19.060498,72.923356,SO2,0,9,4
India,Maharashtra,Mumbai,"Navy Nagar-Colaba, Mumbai - IITM",13-09-2026 15:00:00,18.897756,72.81332,PM2.5,6,19,9
India,Maharashtra,Mumbai,"Navy Nagar-Colaba, Mumbai - IITM",13-09-2026 15:00:00,18.897756,72.81332,CO,15,21,18
India,Maharashtra,Mumbai,"Mulund West, Mumbai - MPCB",13-09-2026 15:00:00,19.175,72.9419,PM2.5,NA,NA,NA
India,Maharashtra,Mumbai,"Sewri, Mumbai - BMC",13-09-2026 15:00:00,19.000084,72.85673,PM2.5,23,41,29
India,Maharashtra,Mumbai,"Sewri, Mumbai - BMC",13-09-2026 15:00:00,19.000084,72.85673,SO2,2,9,4
India,Maharashtra,Mumbai,"Mindspace-Malad West, Mumbai - MPCB",13-09-2026 15:00:00,19.1878657,72.8304069,OZONE,18,18,18
India,Madhya Pradesh,Gwalior,"Maharaj Bada, Gwalior - MPPCB",13-09-2026 15:00:00,26.200388,78.147714,PM10,43,117,83
India,Madhya Pradesh,Gwalior,"City Center, Gwalior - MPPCB",13-09-2026 15:00:00,26.203442,78.193251,PM2.5,34,61,51
India,Madhya Pradesh,Gwalior,"City Center, Gwalior - MPPCB",13-09-2026 15:00:00,26.203442,78.193251,PM10,34,58,46
India,Madhya Pradesh,Indore,"Residency Area, Indore - IMC",13-09-2026 15:00:00,22.7084,75.8815,CO,1,5,3
India,Madhya Pradesh,Indore,"Residency Area, Indore - IMC",13-09-2026 15:00:00,22.7084,75.8815,OZONE,5,7,6
India,Madhya Pradesh,Indore,"Chhoti Gwaltoli, Indore - MPPCB",13-09-2026 15:00:00,22.431,75.5213,SO2,14,18,16
India,Madhya Pradesh,Jabalpur,"Marhatal, Jabalpur - MPPCB",13-09-2026 15:00:00,23.168606,79.932247,SO2,10,14,12
India,Madhya Pradesh,Jabalpur,"Suhagi, Jabalpur - JMC",13-09-2026 15:00:00,23.218135,79.95777,PM10,31,114,77
India,Madhya Pradesh,Jabalpur,"Govindh Bhavan Colony, Jabalpur - JMC",13-09-2026 15:00:00,23.163174,79.973061,PM10,10,33,19
India,Madhya Pradesh,Jabalpur,"Govindh Bhavan Colony, Jabalpur - JMC",13-09-2026 15:00:00,23.163174,79.973061,NH3,1,5,3
India,Madhya Pradesh,Katni,"Gole Bazar, Katni - MPPCB",13-09-2026 15:00:00,23.50016,80.23284,PM10,22,50,31
India,Madhya Pradesh,Katni,"Gole Bazar, Katni - MPPCB",13-09-2026 15:00:00,23.50016,80.23284,NH3,2,3,3
India,Madhya Pradesh,Katni,"Gole Bazar, Katni - MPPCB",13-09-2026 15:00:00,23.50016,80.23284,CO,18,27,22
India,Maharashtra,Mumbai,"Borivali East, Mumbai - IITM",13-09-2026 15:00:00,19.23241,72.86895,PM10,22,43,31
India,Maharashtra,Mumbai,"Chembur, Mumbai - MPCB",13-09-2026 15:00:00,19.0364585,72.8954371,PM10,7,47,27
India,Maharashtra,Mumbai,"Chembur, Mumbai - MPCB",13-09-2026 15:00:00,19.0364585,72.8954371,NH3,6,13,9
India,Maharashtra,Mumbai,"Bandra Kurla Complex, Mumbai - MPCB",13-09-2026 15:00:00,19.065931,72.862131,PM10,14,64,36
India,Maharashtra,Mumbai,"Bandra Kurla Complex, Mumbai - MPCB",13-09-2026 15:00:00,19.065931,72.862131,SO2,2,4,3
India,Maharashtra,Mumbai,"Sion, Mumbai - MPCB",13-09-2026 15:00:00,19.047,72.8746,NH3,1,1,1
India,Maharashtra,Nagpur,"Mahal, Nagpur - MPCB",13-09-2026 15:00:00,21.14472,79.107595,NO2,7,27,15
India,Maharashtra,Nagpur,"Mahal, Nagpur - MPCB",13-09-2026 15:00:00,21.14472,79.107595,OZONE,5,12,10
India,Maharashtra,Nagpur,"Ram Nagar, Nagpur - MPCB",13-09-2026 15:00:00,21.143383,79.048912,SO2,0,6,2
India,Maharashtra,Nagpur,"Ambazari, Nagpur - MPCB",13-09-2026 15:00:00,21.121801,79.04952,PM10,14,53,32
India,Maharashtra,Nagpur,"Ambazari, Nagpur - MPCB",13-09-2026 15:00:00,21.121801,79.04952,CO,19,25,22
India,Maharashtra,Nanded,"Sneh Nagar, Nanded - MPCB",13-09-2026 15:00:00,19.173852,77.296291,PM2.5,NA,NA,NA
India,Maharashtra,Nanded,"Sneh Nagar, Nanded - MPCB",13-09-2026 15:00:00,19.173852,77.296291,SO2,NA,NA,NA
India,Maharashtra,Nanded,"Sneh Nagar, Nanded - MPCB",13-09-2026 15:00:00,19.173852,77.296291,CO,18,25,22
India,Maharashtra,Mumbai,"Byculla, Mumbai - BMC",13-09-2026 15:00:00,18.9767,72.838,CO,7,24,14
India,Maharashtra,Mumbai,"Kherwadi_Bandra East, Mumbai - MPCB",13-09-2026 15:00:00,19.0632143,72.8456324,CO,25,28,26
India,Maharashtra,Mumbai,"Siddharth Nagar-Worli, Mumbai - IITM",13-09-2026 15:00:00,19.000083,72.813993,PM10,21,45,33
India,Maharashtra,Mumbai,"Siddharth Nagar-Worli, Mumbai - IITM",13-09-2026 15:00:00,19.000083,72.813993,CO,2,2,2
India,Maharashtra,Mumbai,"Mazgaon, Mumbai - IITM",13-09-2026 15:00:00,18.96702,72.84214,OZONE,10,15,12
India,Maharashtra,Mumbai,"Powai, Mumbai - MPCB",13-09-2026 15:00:00,19.1375,72.915056,NH3,NA,NA,NA
India,Maharashtra,Mumbai,"Chakala-Andheri East, Mumbai - IITM",13-09-2026 15:00:00,19.11074,72.86084,SO2,2,8,4
India,Maharashtra,Mumbai,"Kurla, Mumbai - MPCB",13-09-2026 15:00:00,19.0863,72.8888,SO2,29,29,29
India,Maharashtra,Mumbai,"Ghatkopar, Mumbai - BMC",13-09-2026 15:00:00,19.083694,72.920967,SO2,0,4,2
India,Maharashtra,Mumbai,"Ghatkopar, Mumbai - BMC",13-09-2026 15:00:00,19.083694,72.920967,OZONE,3,4,4
India,Maharashtra,Mumbai,"Deonar, Mumbai - IITM",13-09-2026 15:00:00,19.04946,72.923,NO2,7,27,17
India,Maharashtra,Mumbai,"Deonar, Mumbai - IITM",13-09-2026 15:00:00,19.04946,72.923,NH3,5,7,6
India,Maharashtra,Mumbai,"Deonar, Mumbai - IITM",13-09-2026 15:00:00,19.04946,72.923,CO,18,28,22
India,Maharashtra,Chandrapur,"Chauhan Colony, Chandrapur - MPCB",13-09-2026 15:00:00,19.9629,79.298714,SO2,10,12,10
India,Maharashtra,Dombivli,"Kalu Nagar, Dombivli - MPCB",13-09-2026 15:00:00,19.2268427,73.0788456,OZONE,26,40,32
India,Maharashtra,Jalgaon,"Prabhat Colony, Jalgaon - MPCB",13-09-2026 15:00:00,21.001264,75.565602,NO2,2,12,6
India,Maharashtra,Jalgaon,"Prabhat Colony, Jalgaon - MPCB",13-09-2026 15:00:00,21.001264,75.565602,SO2,NA,NA,NA
India,Maharashtra,Jalna,"Old MIDC, Jalna - MPCB",13-09-2026 15:00:00,19.854616,75.905894,OZONE,0,9,2
India,Maharashtra,Kalyan,"Khadakpada, Kalyan - MPCB",13-09-2026 15:00:00,19.25292,73.142019,CO,NA,NA,NA
India,Maharashtra,Kalyan,"Pimpleshwar Mandir, Kalyan - MPCB",13-09-2026 15:00:00,19.192056,72.9585188,NO2,NA,NA,NA
India,Maharashtra,Kalyan,"Pimpleshwar Mandir, Kalyan - MPCB",13-09-2026 15:00:00,19.192056,72.9585188,SO2,11,17,14
India,Maharashtra,Kalyan,"Pimpleshwar Mandir, Kalyan - MPCB",13-09-2026 15:00:00,19.192056,72.9585188,CO,40,40,40
India,Maharashtra,Kolhapur,"Sinchan Bhavan, Kolhapur - MPCB",13-09-2026 15:00:00,16.7143745,74.2426398,PM2.5,10,27,16
India,Maharashtra,Kolhapur,"Sinchan Bhavan, Kolhapur - MPCB",13-09-2026 15:00:00,16.7143745,74.2426398,PM10,27,45,32
India,Maharashtra,Kolhapur,"Sinchan Bhavan, Kolhapur - MPCB",13-09-2026 15:00:00,16.7143745,74.2426398,NH3,0,2,1
India,Maharashtra,Kolhapur,"Sinchan Bhavan, Kolhapur - MPCB",13-09-2026 15:00:00,16.7143745,74.2426398,SO2,0,3,1
India,Maharashtra,Aurangabad,"Rachnakar Colony, Aurangabad - MPCB",13-09-2026 15:00:00,19.863756,75.321188,NO2,10,28,15
India,Maharashtra,Aurangabad,"Rachnakar Colony, Aurangabad - MPCB",13-09-2026 15:00:00,19.863756,75.321188,SO2,2,3,2
India,Maharashtra,Aurangabad,"Rachnakar Colony, Aurangabad - MPCB",13-09-2026 15:00:00,19.863756,75.321188,CO,34,40,38
India,Maharashtra,Aurangabad,"More Chowk Waluj, Aurangabad - MPCB",13-09-2026 15:00:00,19.8389439,75.244448,PM2.5,17,36,23
India,Maharashtra,Aurangabad,"More Chowk Waluj, Aurangabad - MPCB",13-09-2026 15:00:00,19.8389439,75.244448,NO2,8,13,11
India,Maharashtra,Badlapur,"Katrap, Badlapur - MPCB",13-09-2026 15:00:00,19.16485,73.23409,SO2,1,1,1
India,Maharashtra,Badlapur,"Katrap, Badlapur - MPCB",13-09-2026 15:00:00,19.16485,73.23409,CO,45,46,45
India,Maharashtra,Beed,"Bir, Beed - MPCB",13-09-2026 15:00:00,18.988474,75.753873,SO2,3,9,7
India,Maharashtra,Boisar,"Khaira, Boisar - MPCB",13-09-2026 15:00:00,19.786089,72.757971,CO,2,23,15
India,Maharashtra,Pimpri-Chinchwad,"Transport Nagar-Nigdi, Pune - IITM",13-09-2026 15:00:00,18.664282,73.763966,NH3,NA,NA,NA
India,Maharashtra,Pimpri-Chinchwad,"Transport Nagar-Nigdi, Pune - IITM",13-09-2026 15:00:00,18.664282,73.763966,SO2,NA,NA,NA
India,Maharashtra,Pimpri-Chinchwad,"Bhumkar Nagar, Pune - IITM",13-09-2026 15:00:00,18.60577,73.749976,PM2.5,8,40,24
India,Maharashtra,Pimpri-Chinchwad,"Bhumkar Nagar, Pune - IITM",13-09-2026 15:00:00,18.60577,73.749976,PM10,20,88,49
India,Maharashtra,Pimpri-Chinchwad,"Bhumkar Nagar, Pune - IITM",13-09-2026 15:00:00,18.60577,73.749976,NO2,15,34,20
India,Maharashtra,Pimpri-Chinchwad,"Bhumkar Nagar, Pune - IITM",13-09-2026 15:00:00,18.60577,73.749976,NH3,NA,NA,NA
India,Maharashtra,Pimpri-Chinchwad,"Bhumkar Nagar, Pune - IITM",13-09-2026 15:00:00,18.60577,73.749976,CO,21,36,27
India,Maharashtra,Pimpri-Chinchwad,"Gavalinagar, Pimpri Chinchwad - MPCB",13-09-2026 15:00:00,18.63673,73.82487,PM2.5,10,28,17
India,Maharashtra,Pimpri-Chinchwad,"Bhosari, Pune - IITM",13-09-2026 15:00:00,18.640051,73.848956,SO2,NA,NA,NA
India,Maharashtra,Pimpri-Chinchwad,"Savta Mali Nagar, Pimpri-Chinchwad - IITM",13-09-2026 15:00:00,18.614767,73.799516,PM2.5,12,42,25
India,Maharashtra,Pimpri-Chinchwad,"Savta Mali Nagar, Pimpri-Chinchwad - IITM",13-09-2026 15:00:00,18.614767,73.799516,SO2,NA,NA,NA
India,Maharashtra,Pimpri-Chinchwad,"Savta Mali Nagar, Pimpri-Chinchwad - IITM",13-09-2026 15:00:00,18.614767,73.799516,CO,36,42,38
India,Maharashtra,Pimpri-Chinchwad,"Savta Mali Nagar, Pimpri-Chinchwad - IITM",13-09-2026 15:00:00,18.614767,73.799516,OZONE,2,12,7
India,Maharashtra,Pimpri-Chinchwad,"Thergaon, Pimpri Chinchwad - MPCB",13-09-2026 15:00:00,18.616318,73.765797,SO2,1,2,1
India,Maharashtra,Pimpri-Chinchwad,"Thergaon, Pimpri Chinchwad - MPCB",13-09-2026 15:00:00,18.616318,73.765797,CO,2,32,13
India,Maharashtra,Pune,"Mhada Colony, Pune - IITM",13-09-2026 15:00:00,18.57304,73.927715,PM2.5,25,55,41
India,Maharashtra,Pune,"Hadapsar, Pune - IITM",13-09-2026 15:00:00,18.501793,73.927532,SO2,NA,NA,NA
India,Maharashtra,Pune,"Katraj Dairy, Pune - MPCB",13-09-2026 15:00:00,18.45445,73.854155,SO2,2,3,3
India,Maharashtra,Pune,"Katraj Dairy, Pune - MPCB",13-09-2026 15:00:00,18.45445,73.854155,CO,21,39,32
India,Maharashtra,Pune,"Dhankawadi, Pune - IITM",13-09-2026 15:00:00,18.459883,73.852193,SO2,NA,NA,NA
India,Maharashtra,Pune,"Revenue Colony-Shivajinagar, Pune - IITM",13-09-2026 15:00:00,18.530085,73.849598,PM2.5,13,60,32
India,Odisha,Keonjhar,"Jagamohanpur, Keonjhar - OSPCB",13-09-2026 15:00:00,21.6439,85.599355,NH3,2,2,2
India,Odisha,Keonjhar,"Jagamohanpur, Keonjhar - OSPCB",13-09-2026 15:00:00,21.6439,85.599355,CO,40,41,41
India,Odisha,Nayagarh,"Dabuna, Nayagarh - OSPCB",13-09-2026 15:00:00,21.847279,85.416905,NH3,5,7,6
India,Odisha,Paradeep,"Nua Sandhakuda, Paradeep - OSPCB",13-09-2026 15:00:00,20.258828,86.665185,NO2,12,31,21
India,Odisha,Rairangpur,"Divisional Forest Office, Rairangpur - OSPCB",13-09-2026 15:00:00,22.265816,86.174829,PM2.5,21,21,21
India,Odisha,Rourkela,"Fertilizer Township, Rourkela - OSPCB",13-09-2026 15:00:00,22.18972222,84.86277778,CO,25,30,28
India,Odisha,Rourkela,"Sector-2, Rourkela - OSPCB",13-09-2026 15:00:00,22.245,84.88111111,OZONE,NA,NA,NA
India,Odisha,Tensa,"Barsua Iron Ore Mines, Tensa - OSPCB",13-09-2026 15:00:00,21.869985,85.167016,CO,20,25,23
India,Punjab,Amritsar,"Golden Temple, Amritsar - PPCB",13-09-2026 15:00:00,31.62,74.876512,PM2.5,76,193,108
India,Punjab,Bathinda,"Hardev Nagar, Bathinda - PPCB",13-09-2026 15:00:00,30.233011,74.907758,PM10,38,124,85
India,Punjab,Bathinda,"Hardev Nagar, Bathinda - PPCB",13-09-2026 15:00:00,30.233011,74.907758,NO2,23,35,33
India,Punjab,Bathinda,"Hardev Nagar, Bathinda - PPCB",13-09-2026 15:00:00,30.233011,74.907758,OZONE,NA,NA,NA
India,Punjab,Jalandhar,"Civil Line, Jalandhar - PPCB",13-09-2026 15:00:00,31.321907,75.578914,NO2,44,50,47
India,Punjab,Jalandhar,"Civil Line, Jalandhar - PPCB",13-09-2026 15:00:00,31.321907,75.578914,SO2,16,17,16
India,Nagaland,Kohima,"PWD Junction, Kohima - NPCB",13-09-2026 15:00:00,25.6635413,94.0989878,NO2,3,4,3
India,Odisha,Balasore,"Kalidaspur, Balasore - OSPCB",13-09-2026 15:00:00,21.51161,86.89088,NO2,4,20,11
India,Odisha,Barbil,"Forest Office, Barbil - OSPCB",13-09-2026 15:00:00,22.1166054,85.3945546,PM2.5,13,50,30
India,Odisha,Baripada,"Meher Colony, Baripada - OSPCB",13-09-2026 15:00:00,21.941841,86.728318,NH3,1,3,2
India,Odisha,Bhubaneswar,"Patia, Bhubaneswar - OSPCB",13-09-2026 15:00:00,20.34652,85.8163,PM10,24,63,39
India,Odisha,Bileipada,"Tata Township, Bileipada - OSPCB",13-09-2026 15:00:00,22.06156703,85.47409613,PM2.5,17,41,28
India,Odisha,Bileipada,"Tata Township, Bileipada - OSPCB",13-09-2026 15:00:00,22.06156703,85.47409613,PM10,25,65,36
India,Odisha,Bileipada,"Tata Township, Bileipada - OSPCB",13-09-2026 15:00:00,22.06156703,85.47409613,NO2,13,15,14
India,Odisha,Bileipada,"Tata Township, Bileipada - OSPCB",13-09-2026 15:00:00,22.06156703,85.47409613,OZONE,17,17,17
India,Odisha,Brajrajnagar,"GM Office, Brajrajnagar - OSPCB",13-09-2026 15:00:00,21.8004996,83.8396977,NO2,23,34,30
India,Odisha,Brajrajnagar,"GM Office, Brajrajnagar - OSPCB",13-09-2026 15:00:00,21.8004996,83.8396977,SO2,16,17,17
India,Odisha,Cuttack,"CDA Area, Cuttack - OSPCB",13-09-2026 15:00:00,20.48891,85.84768,NO2,9,25,15
India,Odisha,Cuttack,"CDA Area, Cuttack - OSPCB",13-09-2026 15:00:00,20.48891,85.84768,NH3,5,8,6
India,Odisha,Cuttack,"CDA Area, Cuttack - OSPCB",13-09-2026 15:00:00,20.48891,85.84768,SO2,7,9,8
India,Odisha,Cuttack,"CDA Area, Cuttack - OSPCB",13-09-2026 15:00:00,20.48891,85.84768,OZONE,27,63,54
India,Maharashtra,Sangli,"Vijay Nagar, Sangli - MPCB",13-09-2026 15:00:00,16.5038,74.3623,NH3,0,3,2
India,Maharashtra,Satara,"Koyana Nagar, Satara - MPCB",13-09-2026 15:00:00,17.696651,74.003387,OZONE,16,26,22
India,Maharashtra,Solapur,"Ratandeep Housing Society, Solapur - MPCB",13-09-2026 15:00:00,17.65439,75.90649,NO2,11,71,25
India,Maharashtra,Solapur,"Ratandeep Housing Society, Solapur - MPCB",13-09-2026 15:00:00,17.65439,75.90649,CO,15,23,19
India,Maharashtra,Solapur,"Dnyaneshwar Nagar, Solapur - MPCB",13-09-2026 15:00:00,17.6336264,75.9132495,NO2,4,16,8
India,Maharashtra,Solapur,"Dnyaneshwar Nagar, Solapur - MPCB",13-09-2026 15:00:00,17.6336264,75.9132495,CO,9,14,10
India,Maharashtra,Thane,"Kasarvadavali, Thane - MPCB",13-09-2026 15:00:00,19.26777,72.97182,NH3,0,1,0
India,Maharashtra,Thane,"Kasarvadavali, Thane - MPCB",13-09-2026 15:00:00,19.26777,72.97182,CO,44,51,48
India,Maharashtra,Thane,"Upvan Fort, Thane - MPCB",13-09-2026 15:00:00,19.222279,72.957979,PM2.5,6,19,13
India,Maharashtra,Virar,"Bolinj, Virar - MPCB",13-09-2026 15:00:00,19.445821,72.7988231,CO,9,54,19
India,Meghalaya,Byrnihat,"15th Mile-Nongthymmai, Byrnihat -Meghalaya PCB",13-09-2026 15:00:00,26.079047,91.875185,PM10,23,383,179
India,Meghalaya,Byrnihat,"15th Mile-Nongthymmai, Byrnihat -Meghalaya PCB",13-09-2026 15:00:00,26.079047,91.875185,NO2,0,2,2
India,Meghalaya,Byrnihat,"15th Mile-Nongthymmai, Byrnihat -Meghalaya PCB",13-09-2026 15:00:00,26.079047,91.875185,NH3,0,8,1
India,Meghalaya,Byrnihat,"15th Mile-Nongthymmai, Byrnihat -Meghalaya PCB",13-09-2026 15:00:00,26.079047,91.875185,SO2,1,9,4
India,Meghalaya,Byrnihat,"15th Mile-Nongthymmai, Byrnihat -Meghalaya PCB",13-09-2026 15:00:00,26.079047,91.875185,OZONE,NA,NA,NA
India,Rajasthan,Hanumangarh,"Housing Board, Hanumangarh - RSPCB",13-09-2026 15:00:00,29.61075,74.283608,OZONE,17,55,36
India,Rajasthan,Jaipur,"Shastri Nagar, Jaipur - RSPCB",13-09-2026 15:00:00,26.9502929,75.730943,NO2,19,37,26
India,Rajasthan,Jaipur,"Shastri Nagar, Jaipur - RSPCB",13-09-2026 15:00:00,26.9502929,75.730943,NH3,5,10,8
India,Rajasthan,Jaipur,"Police Commissionerate, Jaipur - RSPCB",13-09-2026 15:00:00,26.9164092,75.7994901,PM2.5,27,60,41
India,Rajasthan,Jaipur,"Police Commissionerate, Jaipur - RSPCB",13-09-2026 15:00:00,26.9164092,75.7994901,CO,32,88,51
India,Rajasthan,Jaisalmer,"Sadar Bazar, Jaisalmer - RSPCB",13-09-2026 15:00:00,26.912329,70.909168,PM2.5,8,50,22
India,Rajasthan,Jalore,"Mudtra Sili, Jalore - RSPCB",13-09-2026 15:00:00,25.344694,72.626208,OZONE,9,72,46
India,Rajasthan,Jhalawar,"Rajlaxmi Nagar, Jhalawar - RSPCB",13-09-2026 15:00:00,24.588397,76.172782,PM10,27,60,47
India,Rajasthan,Jhalawar,"Rajlaxmi Nagar, Jhalawar - RSPCB",13-09-2026 15:00:00,24.588397,76.172782,NO2,17,44,21
India,Rajasthan,Jhalawar,"Rajlaxmi Nagar, Jhalawar - RSPCB",13-09-2026 15:00:00,24.588397,76.172782,SO2,7,10,8
India,Rajasthan,Jhalawar,"Rajlaxmi Nagar, Jhalawar - RSPCB",13-09-2026 15:00:00,24.588397,76.172782,CO,25,43,33
India,Rajasthan,Jhunjhunu,"Indra Nagar, Jhunjhunu - RSPCB",13-09-2026 15:00:00,28.108988,75.386577,PM10,28,75,48
India,Rajasthan,Jhunjhunu,"Indra Nagar, Jhunjhunu - RSPCB",13-09-2026 15:00:00,28.108988,75.386577,SO2,2,3,3
India,Rajasthan,Jodhpur,"Collectorate, Jodhpur - RSPCB",13-09-2026 15:00:00,26.268249,73.0193853,NO2,17,25,20
India,Rajasthan,Jodhpur,"Digari Kalan, Jodhpur - RSPCB",13-09-2026 15:00:00,26.29581,73.082283,CO,16,20,18
India,Rajasthan,Jodhpur,"Digari Kalan, Jodhpur - RSPCB",13-09-2026 15:00:00,26.29581,73.082283,OZONE,21,56,44
India,Rajasthan,Jodhpur,"Samrat Ashok Udhyan, Jodhpur - RSPCB",13-09-2026 15:00:00,26.253384,72.976571,PM2.5,10,35,20
India,Rajasthan,Jodhpur,"Samrat Ashok Udhyan, Jodhpur - RSPCB",13-09-2026 15:00:00,26.253384,72.976571,NH3,NA,NA,NA
India,Rajasthan,Jodhpur,"Samrat Ashok Udhyan, Jodhpur - RSPCB",13-09-2026 15:00:00,26.253384,72.976571,SO2,2,4,3
India,Rajasthan,Jodhpur,"Samrat Ashok Udhyan, Jodhpur - RSPCB",13-09-2026 15:00:00,26.253384,72.976571,CO,14,20,16
India,Rajasthan,Jodhpur,"Jhalamand, Jodhpur - RSPCB",13-09-2026 15:00:00,26.215415,73.070156,NH3,3,31,13
India,Rajasthan,Jodhpur,"Mandor, Jodhpur - RSPCB",13-09-2026 15:00:00,26.358805,73.047444,SO2,6,26,11
India,Rajasthan,Baran,"Bamboliya, Baran - RSPCB",13-09-2026 15:00:00,25.106006,76.469948,OZONE,19,38,30
India,Rajasthan,Bharatpur,"Krishna Nagar, Bharatpur - RSPCB",13-09-2026 15:00:00,27.215415,77.50873,OZONE,44,81,66
India,Rajasthan,Bhilwara,"Pratap Nagar, Bhilwara - RSPCB",13-09-2026 15:00:00,25.339605,74.618883,SO2,8,14,10
India,Rajasthan,Bhiwadi,"RIICO Ind. Area III, Bhiwadi - RSPCB",13-09-2026 15:00:00,28.194909,76.862296,NO2,15,39,24
India,Rajasthan,Bhiwadi,"Vasundhara Nagar_UIT, Bhiwadi - RSPCB",13-09-2026 15:00:00,28.207266,76.829265,PM10,70,170,122
India,Rajasthan,Bikaner,"MM Ground, Bikaner - RSPCB",13-09-2026 15:00:00,28.018792,73.292658,SO2,NA,NA,NA
India,Rajasthan,Bundi,"New Colony, Bundi - RSPCB",13-09-2026 15:00:00,25.435774,75.644272,NH3,5,6,6
India,Rajasthan,Bundi,"New Colony, Bundi - RSPCB",13-09-2026 15:00:00,25.435774,75.644272,SO2,5,9,6
India,Punjab,Mandi Gobindgarh,"RIMT University, Mandi Gobindgarh - PPCB",13-09-2026 15:00:00,30.649961,76.331442,SO2,8,16,12
India,Punjab,Mandi Gobindgarh,"RIMT University, Mandi Gobindgarh - PPCB",13-09-2026 15:00:00,30.649961,76.331442,OZONE,39,81,62
India,Punjab,Patiala,"Model Town, Patiala - PPCB",13-09-2026 15:00:00,30.349388,76.366642,SO2,0,84,40
India,Punjab,Patiala,"Model Town, Patiala - PPCB",13-09-2026 15:00:00,30.349388,76.366642,CO,11,22,17
India,Rajasthan,Alwar,"Vigyan Nagar, Alwar - RSPCB",13-09-2026 15:00:00,27.598796,76.63861,PM10,73,102,87
India,Rajasthan,Alwar,"Vigyan Nagar, Alwar - RSPCB",13-09-2026 15:00:00,27.598796,76.63861,CO,48,56,52
India,Rajasthan,Baran,"Bamboliya, Baran - RSPCB",13-09-2026 15:00:00,25.106006,76.469948,PM10,18,87,40
India,Rajasthan,Baran,"Bamboliya, Baran - RSPCB",13-09-2026 15:00:00,25.106006,76.469948,NH3,4,6,5
India,Rajasthan,Chittorgarh,"Shastri Nagar, Chittorgarh - RSPCB",13-09-2026 15:00:00,24.892047,74.623527,OZONE,18,63,49
India,Rajasthan,Churu,"Subash Chowk, Churu - RSPCB",13-09-2026 15:00:00,28.296139,74.961696,PM2.5,12,42,24
India,Rajasthan,Churu,"Subash Chowk, Churu - RSPCB",13-09-2026 15:00:00,28.296139,74.961696,CO,7,9,8
India,Rajasthan,Dausa,"Khatikan Mohalla, Dausa - RSPCB",13-09-2026 15:00:00,26.895552,76.334753,PM10,34,67,50
India,Rajasthan,Dholpur,"Raja Ganj, Dholpur - RSPCB",13-09-2026 15:00:00,26.699557,77.898881,OZONE,13,26,19
India,Rajasthan,Dungarpur,"Bhoiwada, Dungarpur - RSPCB",13-09-2026 15:00:00,23.837789,73.714926,PM10,NA,NA,NA
India,Rajasthan,Dungarpur,"Bhoiwada, Dungarpur - RSPCB",13-09-2026 15:00:00,23.837789,73.714926,SO2,NA,NA,NA
India,Uttar Pradesh,Bareilly,"Civil Lines, Bareilly - UPPCB",13-09-2026 15:00:00,28.359581,79.414455,NO2,8,9,8
India,Uttar Pradesh,Fatehpur Sikri,"Dadupura, Fatehpur Sikri - UPPCB",13-09-2026 15:00:00,27.097694,77.671335,PM2.5,11,54,34
India,Uttar Pradesh,Fatehpur Sikri,"Dadupura, Fatehpur Sikri - UPPCB",13-09-2026 15:00:00,27.097694,77.671335,NO2,7,8,8
India,Uttar Pradesh,Firozabad,"Nagla Bhau, Firozabad - UPPCB",13-09-2026 15:00:00,27.168897,78.37696,CO,23,44,31
India,Uttar Pradesh,Firozabad,"Vibhab Nagar, Firozabad - UPPCB",13-09-2026 15:00:00,27.1594,78.3953,PM10,30,51,41
India,Uttar Pradesh,Firozabad,"Vibhab Nagar, Firozabad - UPPCB",13-09-2026 15:00:00,27.1594,78.3953,NO2,15,15,15
India,Uttar Pradesh,Gajraula,"Rajanpur, Gajraula - UPPCB",13-09-2026 15:00:00,28.829109,78.248796,PM2.5,30,67,46
India,Uttar Pradesh,Gajraula,"Rajanpur, Gajraula - UPPCB",13-09-2026 15:00:00,28.829109,78.248796,NO2,3,24,11
India,Uttar Pradesh,Ghaziabad,"Vasundhara, Ghaziabad - UPPCB",13-09-2026 15:00:00,28.6603346,77.3572563,CO,34,45,40
India,Uttar Pradesh,Ghaziabad,"Ved Vihar-Loni, Ghaziabad - UPPCB",13-09-2026 15:00:00,28.739153,77.273668,SO2,6,8,7
India,Uttar Pradesh,Ghaziabad,"Wave City, Ghaziabad - UPPCB",13-09-2026 15:00:00,28.646675,77.489049,NO2,15,20,17
India,Uttar Pradesh,Ghaziabad,"Wave City, Ghaziabad - UPPCB",13-09-2026 15:00:00,28.646675,77.489049,CO,86,93,89
India,Uttar Pradesh,Ghaziabad,"Indirapuram, Ghaziabad - UPPCB",13-09-2026 15:00:00,28.646233,77.358075,PM2.5,25,102,55
India,Uttar Pradesh,Ghaziabad,"Sanjay Nagar, Ghaziabad - UPPCB",13-09-2026 15:00:00,28.685382,77.453839,PM2.5,10,173,54
India,Uttar Pradesh,Ghaziabad,"Sanjay Nagar, Ghaziabad - UPPCB",13-09-2026 15:00:00,28.685382,77.453839,OZONE,18,91,36
India,Uttar Pradesh,Ghaziabad,"Loni, Ghaziabad - UPPCB",13-09-2026 15:00:00,28.757294,77.278792,PM10,95,209,132
India,Uttar Pradesh,Ghaziabad,"Loni, Ghaziabad - UPPCB",13-09-2026 15:00:00,28.757294,77.278792,NO2,14,45,30
India,Uttar Pradesh,Ghaziabad,"Loni, Ghaziabad - UPPCB",13-09-2026 15:00:00,28.757294,77.278792,NH3,2,5,3
India,Uttar Pradesh,Ghaziabad,"Govindpuram, Ghaziabad - UPPCB",13-09-2026 15:00:00,28.694528,77.494705,PM2.5,8,50,21
India,Uttar Pradesh,Khurja,"Kalindi Kunj, Khurja - UPPCB",13-09-2026 15:00:00,28.2348927,77.8683002,CO,3,46,23
India,Uttar Pradesh,Khurja,"Kalindi Kunj, Khurja - UPPCB",13-09-2026 15:00:00,28.2348927,77.8683002,OZONE,11,13,12
India,Uttar Pradesh,Lucknow,"Kukrail Picnic Spot-1, Lucknow - UPPCB",13-09-2026 15:00:00,26.90723,80.98579,PM2.5,32,73,56
India,Uttar Pradesh,Lucknow,"Kukrail Picnic Spot-1, Lucknow - UPPCB",13-09-2026 15:00:00,26.90723,80.98579,SO2,30,37,32
India,Uttar Pradesh,Lucknow,"Gomti Nagar, Lucknow - UPPCB",13-09-2026 15:00:00,26.86812,81.005119,NO2,9,10,10
India,Uttar Pradesh,Lucknow,"Gomti Nagar, Lucknow - UPPCB",13-09-2026 15:00:00,26.86812,81.005119,OZONE,39,45,43
India,Uttar Pradesh,Lucknow,"Lalbagh, Lucknow - CPCB",13-09-2026 15:00:00,26.8458805,80.9365541,CO,16,60,32
India,Uttar Pradesh,Lucknow,"Talkatora District Industries Center, Lucknow - CPCB",13-09-2026 15:00:00,26.83399722,80.8917361,SO2,1,56,12
India,Uttar Pradesh,Lucknow,"Talkatora District Industries Center, Lucknow - CPCB",13-09-2026 15:00:00,26.83399722,80.8917361,CO,38,95,55
India,Uttar Pradesh,Lucknow,"B R Ambedkar University, Lucknow - UPPCB",13-09-2026 15:00:00,26.766433,80.927299,NO2,11,12,12
India,Uttar Pradesh,Lucknow,"B R Ambedkar University, Lucknow - UPPCB",13-09-2026 15:00:00,26.766433,80.927299,CO,23,25,24
India,Uttar Pradesh,Mathura,"Pali Dungra, Mathura - UPPCB",13-09-2026 15:00:00,27.410954,77.550619,PM10,53,69,60
India,Uttar Pradesh,Mathura,"Pali Dungra, Mathura - UPPCB",13-09-2026 15:00:00,27.410954,77.550619,NH3,1,2,1
India,Uttar Pradesh,Mathura,"Pali Dungra, Mathura - UPPCB",13-09-2026 15:00:00,27.410954,77.550619,CO,8,19,15
India,Uttar Pradesh,Meerut,"Jai Bhim Nagar, Meerut - UPPCB",13-09-2026 15:00:00,28.9535882,77.7622941,PM10,12,83,38
India,Uttar Pradesh,Meerut,"Jai Bhim Nagar, Meerut - UPPCB",13-09-2026 15:00:00,28.9535882,77.7622941,OZONE,48,68,54
India,Uttar Pradesh,Meerut,"Ganga Nagar, Meerut - UPPCB",13-09-2026 15:00:00,28.999264,77.7590354,CO,35,40,38
India,Uttar Pradesh,Meerut,"MIET College, Meerut - UPPCB",13-09-2026 15:00:00,28.972677,77.641018,PM10,34,135,80
India,Uttar Pradesh,Prayagraj,"Nagar Nigam, Prayagraj - UPPCB",13-09-2026 15:00:00,25.44919916,81.82735986,PM2.5,13,29,17
India,Uttar Pradesh,Prayagraj,"Nagar Nigam, Prayagraj - UPPCB",13-09-2026 15:00:00,25.44919916,81.82735986,PM10,33,119,64
India,Uttar Pradesh,Prayagraj,"Nagar Nigam, Prayagraj - UPPCB",13-09-2026 15:00:00,25.44919916,81.82735986,NO2,5,5,5
India,Uttar Pradesh,Prayagraj,"Nagar Nigam, Prayagraj - UPPCB",13-09-2026 15:00:00,25.44919916,81.82735986,NH3,4,8,4
India,Uttar Pradesh,Prayagraj,"Motilal Nehru NIT, Prayagraj - UPPCB",13-09-2026 15:00:00,25.494,81.863,PM10,17,43,29
India,Uttar Pradesh,Prayagraj,"Jhunsi, Prayagraj - UPPCB",13-09-2026 15:00:00,25.425602,81.917152,PM2.5,9,93,27
India,Uttar Pradesh,Prayagraj,"Jhunsi, Prayagraj - UPPCB",13-09-2026 15:00:00,25.425602,81.917152,NH3,6,6,6
India,Uttar Pradesh,Prayagraj,"Jhunsi, Prayagraj - UPPCB",13-09-2026 15:00:00,25.425602,81.917152,OZONE,38,49,45
India,Uttar Pradesh,Raebareli," Indira Nagar, Raebareli - NTPC Unchahar",13-09-2026 15:00:00,26.207781,81.245571,PM2.5,28,45,37
India,Uttar Pradesh,Shamli,"New Tehsil, Shamli - UPPCB",13-09-2026 15:00:00,29.4603683,77.3410291,NH3,0,1,1
India,Uttar Pradesh,Varanasi,"Bhelupur, Varanasi - UPPCB",13-09-2026 15:00:00,25.301778,82.996789,SO2,30,32,31
India,Uttar Pradesh,Varanasi,"Bhelupur, Varanasi - UPPCB",13-09-2026 15:00:00,25.301778,82.996789,CO,6,8,8
India,Uttar Pradesh,Varanasi,"Maldahiya, Varanasi - UPPCB",13-09-2026 15:00:00,25.32393,82.99687,NH3,0,0,0
India,Uttar Pradesh,Varanasi,"IESD Banaras Hindu University, Varanasi - UPPCB",13-09-2026 15:00:00,25.262326,82.995408,NH3,0,0,0
India,Uttar Pradesh,Vrindavan,"Omex Eternity, Vrindavan - UPPCB",13-09-2026 15:00:00,27.571409,77.655757,PM2.5,12,92,39
India,Uttar Pradesh,Vrindavan,"Omex Eternity, Vrindavan - UPPCB",13-09-2026 15:00:00,27.571409,77.655757,NO2,27,27,27
India,Uttar Pradesh,Vrindavan,"Omex Eternity, Vrindavan - UPPCB",13-09-2026 15:00:00,27.571409,77.655757,NH3,8,8,8
India,Telangana,Hyderabad,"New Malakpet, Hyderabad - TSPCB",13-09-2026 15:00:00,17.37206,78.50864,CO,23,33,28
India,Tripura,Agartala,"Bardowali, Agartala - Tripura SPCB",13-09-2026 15:00:00,23.8175497,91.2726974,SO2,14,15,15
India,Uttar Pradesh,Agra,"Sector-3B Avas Vikas Colony, Agra - UPPCB",13-09-2026 15:00:00,27.19412,77.96237,PM10,39,67,54
India,Uttar Pradesh,Agra,"Sector-3B Avas Vikas Colony, Agra - UPPCB",13-09-2026 15:00:00,27.19412,77.96237,SO2,26,28,26
India,Uttar Pradesh,Agra,"Sector-3B Avas Vikas Colony, Agra - UPPCB",13-09-2026 15:00:00,27.19412,77.96237,CO,39,40,40
India,Uttar Pradesh,Agra,"Manoharpur, Agra - UPPCB",13-09-2026 15:00:00,27.23711,78.01936,NO2,31,31,31
India,Uttar Pradesh,Agra,"Sanjay Palace, Agra - UPPCB",13-09-2026 15:00:00,27.19865833,78.00598056,NH3,NA,NA,NA
India,Uttar Pradesh,Agra,"Sanjay Palace, Agra - UPPCB",13-09-2026 15:00:00,27.19865833,78.00598056,CO,29,32,30
India,Uttar Pradesh,Agra,"Shastripuram, Agra - UPPCB",13-09-2026 15:00:00,27.19862,77.92066,NO2,58,59,58
India,Uttar Pradesh,Agra,"Shastripuram, Agra - UPPCB",13-09-2026 15:00:00,27.19862,77.92066,NH3,3,3,3
India,Uttar Pradesh,Agra,"Shastripuram, Agra - UPPCB",13-09-2026 15:00:00,27.19862,77.92066,SO2,NA,NA,NA
India,Uttar Pradesh,Agra,"Shastripuram, Agra - UPPCB",13-09-2026 15:00:00,27.19862,77.92066,OZONE,35,52,40
India,Uttar Pradesh,Baghpat,"Sardar Patel Inter College, Baghpat - UPPCB",13-09-2026 15:00:00,28.964949,77.278761,NO2,21,38,28
India,Uttar Pradesh,Baghpat,"Sardar Patel Inter College, Baghpat - UPPCB",13-09-2026 15:00:00,28.964949,77.278761,CO,28,42,34
India,Uttar Pradesh,Bareilly,"Rajendra Nagar, Bareilly - UPPCB",13-09-2026 15:00:00,28.38910936,79.42963708,PM2.5,18,55,36
India,Rajasthan,Khairthal,"New Anaj Mandi, Khairthal - RSPCB",13-09-2026 15:00:00,27.8015617,76.6365217,PM2.5,34,165,79
India,Rajasthan,Khairthal,"New Anaj Mandi, Khairthal - RSPCB",13-09-2026 15:00:00,27.8015617,76.6365217,PM10,96,142,111
India,Rajasthan,Khairthal,"New Anaj Mandi, Khairthal - RSPCB",13-09-2026 15:00:00,27.8015617,76.6365217,OZONE,25,58,48
India,Rajasthan,Kota,"Shrinath Puram, Kota - RSPCB",13-09-2026 15:00:00,25.14389,75.821256,PM10,31,114,61
India,Rajasthan,Kota,"Shrinath Puram, Kota - RSPCB",13-09-2026 15:00:00,25.14389,75.821256,SO2,5,9,7
India,Rajasthan,Kota,"Dhanmandi, Kota - RSPCB",13-09-2026 15:00:00,25.16409,75.858137,PM10,23,73,52
India,Rajasthan,Kota,"Nayapura, Kota - RSPCB",13-09-2026 15:00:00,25.196024,75.855668,NO2,4,27,11
India,Rajasthan,Kota,"Nayapura, Kota - RSPCB",13-09-2026 15:00:00,25.196024,75.855668,SO2,4,6,5
India,Rajasthan,Nagaur,"Karni Colony, Nagaur - RSPCB",13-09-2026 15:00:00,27.213494,73.734444,PM2.5,3,40,15
India,Rajasthan,Nagaur,"Karni Colony, Nagaur - RSPCB",13-09-2026 15:00:00,27.213494,73.734444,NO2,4,10,6
India,Rajasthan,Nagaur,"Karni Colony, Nagaur - RSPCB",13-09-2026 15:00:00,27.213494,73.734444,NH3,2,14,4
India,Rajasthan,Pali,"Indira Colony Vistar, Pali - RSPCB",13-09-2026 15:00:00,25.771061,73.340227,NO2,10,21,16
India,Rajasthan,Pali,"Indira Colony Vistar, Pali - RSPCB",13-09-2026 15:00:00,25.771061,73.340227,NH3,3,10,6
India,Rajasthan,Sawai Madhopur,"Sahu Nagar, Sawai Madhopur - RSPCB",13-09-2026 15:00:00,26.031443,76.359327,PM2.5,2,62,31
India,Rajasthan,Sawai Madhopur,"Sahu Nagar, Sawai Madhopur - RSPCB",13-09-2026 15:00:00,26.031443,76.359327,NO2,6,15,9
India,Rajasthan,Sirohi,"Vedhaynath Colony, Sirohi - RSPCB",13-09-2026 15:00:00,24.885261,72.857549,PM10,15,98,39
India,Uttar Pradesh,Ghaziabad,"Govindpuram, Ghaziabad - UPPCB",13-09-2026 15:00:00,28.694528,77.494705,OZONE,5,33,17
India,Uttar Pradesh,Gorakhpur,"Madan Mohan Malaviya University of Technology, Gorakhpur - UPPCB",13-09-2026 15:00:00,26.730136,83.433859,CO,5,6,6
India,Uttar Pradesh,Greater Noida,"Knowledge Park - V, Greater Noida - UPPCB",13-09-2026 15:00:00,28.557054,77.453663,PM2.5,28,139,59
India,Uttar Pradesh,Hapur,"Anand Vihar, Hapur - UPPCB",13-09-2026 15:00:00,28.725645,77.749675,PM10,25,72,48
India,Uttar Pradesh,Hapur,"Anand Vihar, Hapur - UPPCB",13-09-2026 15:00:00,28.725645,77.749675,NH3,5,6,6
India,Uttar Pradesh,Hapur,"Anand Vihar, Hapur - UPPCB",13-09-2026 15:00:00,28.725645,77.749675,SO2,9,22,16
India,Uttar Pradesh,Jhansi,"Shivaji Nagar, Jhansi - UPPCB",13-09-2026 15:00:00,25.4547,78.6039,PM10,47,99,70
India,Uttar Pradesh,Kanpur,"FTI Kidwai Nagar, Kanpur - UPPCB",13-09-2026 15:00:00,26.428282,80.327067,PM2.5,24,160,44
India,Uttar Pradesh,Kanpur,"FTI Kidwai Nagar, Kanpur - UPPCB",13-09-2026 15:00:00,26.428282,80.327067,OZONE,10,10,10
India,Uttar Pradesh,Kanpur,"Nehru Nagar, Kanpur - UPPCB",13-09-2026 15:00:00,26.4703136,80.3229863,PM2.5,34,68,50
India,Uttar Pradesh,Kanpur,"Nehru Nagar, Kanpur - UPPCB",13-09-2026 15:00:00,26.4703136,80.3229863,CO,51,52,52
India,Rajasthan,Udaipur,"Ashok Nagar, Udaipur - RSPCB",13-09-2026 15:00:00,24.5886166,73.6321397,PM10,16,115,63
India,Rajasthan,Udaipur,"Ashok Nagar, Udaipur - RSPCB",13-09-2026 15:00:00,24.5886166,73.6321397,CO,16,38,25
India,Rajasthan,Udaipur,"Ashok Nagar, Udaipur - RSPCB",13-09-2026 15:00:00,24.5886166,73.6321397,OZONE,1,42,19
India,Sikkim,Gangtok,"Zero Point GICI, Gangtok - SSPCB",13-09-2026 15:00:00,27.33853,88.614099,PM10,NA,NA,NA
India,Tamil Nadu,Chennai,"Manali, Chennai - CPCB",13-09-2026 15:00:00,13.164544,80.26285,SO2,4,8,5
India,Tamil Nadu,Chennai,"Manali Village, Chennai - TNPCB",13-09-2026 15:00:00,13.1662,80.2584,PM10,28,93,52
India,Tamil Nadu,Thoothukudi,"Meelavittan, Thoothukudi - TNPCB",13-09-2026 15:00:00,8.816428,78.099039,SO2,7,16,12
India,Tamil Nadu,Thoothukudi,"Meelavittan, Thoothukudi - TNPCB",13-09-2026 15:00:00,8.816428,78.099039,CO,36,46,40
India,Telangana,Hyderabad,"Kokapet, Hyderabad - TSPCB",13-09-2026 15:00:00,17.393559,78.339194,NO2,12,16,13
India,Telangana,Hyderabad,"ECIL Kapra, Hyderabad - TSPCB",13-09-2026 15:00:00,17.470431,78.566959,PM2.5,11,46,35
India,Telangana,Hyderabad,"ECIL Kapra, Hyderabad - TSPCB",13-09-2026 15:00:00,17.470431,78.566959,NH3,1,4,2
India,Uttar Pradesh,Moradabad,"Employment Office, Moradabad - UPPCB",13-09-2026 15:00:00,28.88528,78.7388,NO2,23,24,23
India,Uttar Pradesh,Moradabad,"Employment Office, Moradabad - UPPCB",13-09-2026 15:00:00,28.88528,78.7388,NH3,3,3,3
India,Uttar Pradesh,Moradabad,"Employment Office, Moradabad - UPPCB",13-09-2026 15:00:00,28.88528,78.7388,OZONE,2,14,10
India,Uttar Pradesh,Moradabad,"Jigar Colony, Moradabad - UPPCB",13-09-2026 15:00:00,28.856664,78.772638,CO,39,40,40
India,Uttar Pradesh,Moradabad,"Eco Herbal Park, Moradabad - UPPCB",13-09-2026 15:00:00,28.840739,78.697531,PM2.5,20,75,42
India,Uttar Pradesh,Moradabad,"Eco Herbal Park, Moradabad - UPPCB",13-09-2026 15:00:00,28.840739,78.697531,SO2,10,18,13
India,Uttar Pradesh,Moradabad,"Eco Herbal Park, Moradabad - UPPCB",13-09-2026 15:00:00,28.840739,78.697531,CO,20,28,24
India,Uttar Pradesh,Moradabad,"Buddhi Vihar, Moradabad - UPPCB",13-09-2026 15:00:00,28.83526,78.7446,PM10,26,91,51
India,Uttar Pradesh,Moradabad,"Buddhi Vihar, Moradabad - UPPCB",13-09-2026 15:00:00,28.83526,78.7446,NH3,5,5,5
India,Uttar Pradesh,Moradabad,"Buddhi Vihar, Moradabad - UPPCB",13-09-2026 15:00:00,28.83526,78.7446,CO,13,34,18
India,Uttar Pradesh,Muzaffarnagar,"New Mandi, Muzaffarnagar - UPPCB",13-09-2026 15:00:00,29.4723508,77.7194031,NH3,1,5,3
India,Uttar Pradesh,Noida,"Sector - 125, Noida - UPPCB",13-09-2026 15:00:00,28.5447608,77.3231257,PM2.5,15,316,67
India,Telangana,Hyderabad,"Kompally Municipal Office, Hyderabad - TSPCB",13-09-2026 15:00:00,17.544899,78.486949,NO2,11,12,12
India,Telangana,Hyderabad,"Zoo Park, Hyderabad - TSPCB",13-09-2026 15:00:00,17.349694,78.451437,SO2,1,1,1
India,Telangana,Hyderabad,"ICRISAT Patancheru, Hyderabad - TSPCB",13-09-2026 15:00:00,17.5184,78.278777,PM10,13,90,62
India,Telangana,Hyderabad,"IDA Pashamylaram, Hyderabad - TSPCB",13-09-2026 15:00:00,17.5316895,78.218939,NH3,1,2,1
India,Telangana,Hyderabad,"IDA Pashamylaram, Hyderabad - TSPCB",13-09-2026 15:00:00,17.5316895,78.218939,OZONE,4,13,9
India,Telangana,Hyderabad,"Central University, Hyderabad - TSPCB",13-09-2026 15:00:00,17.460103,78.334361,NH3,1,2,1
India,Telangana,Hyderabad,"Central University, Hyderabad - TSPCB",13-09-2026 15:00:00,17.460103,78.334361,SO2,2,7,5
India,Telangana,Hyderabad,"Central University, Hyderabad - TSPCB",13-09-2026 15:00:00,17.460103,78.334361,CO,21,36,29
India,Telangana,Hyderabad,"IITH Kandi, Hyderabad - TSPCB",13-09-2026 15:00:00,17.585705,78.126199,PM2.5,32,38,36
India,Telangana,Hyderabad,"IITH Kandi, Hyderabad - TSPCB",13-09-2026 15:00:00,17.585705,78.126199,CO,26,27,26
India,Uttar Pradesh,Vrindavan,"Omex Eternity, Vrindavan - UPPCB",13-09-2026 15:00:00,27.571409,77.655757,OZONE,16,16,16
India,Uttar Pradesh,Vrindavan," Chhatikara, Vrindavan - UPPCB",13-09-2026 15:00:00,27.57194,77.62346,NH3,3,7,4
India,Uttar Pradesh,Vrindavan," Chhatikara, Vrindavan - UPPCB",13-09-2026 15:00:00,27.57194,77.62346,CO,137,138,137
India,Uttarakhand,Dehradun,"Doon University, Dehradun - UKPCB",13-09-2026 15:00:00,30.269444,78.044167,NH3,NA,NA,NA
India,West Bengal,Asansol,"Asansol Court Area, Asansol - WBPCB",13-09-2026 15:00:00,23.685297,86.945968,CO,19,36,29
India,West Bengal,Asansol,"Trivenidevi Bhalotia College, Asansol - WBPCB",13-09-2026 15:00:00,23.616515,87.119133,CO,22,44,31
India,West Bengal,Asansol,"Trivenidevi Bhalotia College, Asansol - WBPCB",13-09-2026 15:00:00,23.616515,87.119133,OZONE,7,13,10
India,West Bengal,Asansol,"Evelyn Lodge, Asansol - WBPCB",13-09-2026 15:00:00,23.697936,86.944395,PM2.5,9,39,25
India,West Bengal,Asansol,"Mahabir Colliery, Asansol - WBPCB",13-09-2026 15:00:00,23.618183,87.105718,NH3,2,3,2
India,West Bengal,Barrackpore,"SVSPA Campus, Barrackpore - WBPCB",13-09-2026 15:00:00,22.7605581,88.3617589,SO2,13,14,14
India,West Bengal,Durgapur,"Womens College_City Center, Durgapur - WBPCB",13-09-2026 15:00:00,23.549395,87.300496,CO,38,51,43
India,West Bengal,Durgapur,"Mahishkapur Road_B-Zone, Durgapur - WBPCB",13-09-2026 15:00:00,23.567923,87.306843,NO2,2,14,7
India,West Bengal,Durgapur,"Mahishkapur Road_B-Zone, Durgapur - WBPCB",13-09-2026 15:00:00,23.567923,87.306843,SO2,1,2,1
India,West Bengal,Haldia,"Priyambada Housing Estate, Haldia - WBPCB",13-09-2026 15:00:00,22.06047,88.109737,NH3,11,14,12
India,West Bengal,Howrah,"Ghusuri, Howrah - WBPCB",13-09-2026 15:00:00,22.611968,88.347422,SO2,9,14,11
India,West Bengal,Howrah,"Ghusuri, Howrah - WBPCB",13-09-2026 15:00:00,22.611968,88.347422,CO,12,25,19
India,West Bengal,Howrah,"Dasnagar, Howrah - WBPCB",13-09-2026 15:00:00,22.6025571,88.3105664,PM10,12,90,56
India,West Bengal,Howrah,"Belur Math, Howrah - WBPCB",13-09-2026 15:00:00,22.629801,88.352017,NH3,NA,NA,NA
India,West Bengal,Howrah,"Padmapukur, Howrah - WBPCB",13-09-2026 15:00:00,22.5687319,88.2797276,PM2.5,13,24,18
India,West Bengal,Howrah,"Padmapukur, Howrah - WBPCB",13-09-2026 15:00:00,22.5687319,88.2797276,CO,49,88,64
India,West Bengal,Howrah,"Botanical Garden, Howrah - WBPCB",13-09-2026 15:00:00,22.554954,88.292568,PM2.5,27,79,47
India,West Bengal,Kolkata,"Fort William, Kolkata - WBPCB",13-09-2026 15:00:00,22.55664,88.342674,CO,14,22,16
India,West Bengal,Kolkata,"Fort William, Kolkata - WBPCB",13-09-2026 15:00:00,22.55664,88.342674,OZONE,54,79,65
India,West Bengal,Kolkata,"Ballygunge, Kolkata - WBPCB",13-09-2026 15:00:00,22.5367507,88.3638022,PM10,28,46,37
India,West Bengal,Kolkata,"Ballygunge, Kolkata - WBPCB",13-09-2026 15:00:00,22.5367507,88.3638022,NO2,16,32,23
India,West Bengal,Kolkata,"Rabindra Sarobar, Kolkata - WBPCB",13-09-2026 15:00:00,22.51106,88.35142,PM10,21,32,27
India,West Bengal,Kolkata,"Rabindra Sarobar, Kolkata - WBPCB",13-09-2026 15:00:00,22.51106,88.35142,NH3,6,9,7
India,West Bengal,Kolkata,"Rabindra Sarobar, Kolkata - WBPCB",13-09-2026 15:00:00,22.51106,88.35142,CO,9,17,13
India,West Bengal,Kolkata,"Jadavpur, Kolkata - WBPCB",13-09-2026 15:00:00,22.49929,88.36917,PM2.5,31,59,42
India,West Bengal,Kolkata,"Jadavpur, Kolkata - WBPCB",13-09-2026 15:00:00,22.49929,88.36917,CO,20,26,23
India,West Bengal,Kolkata,"Rabindra Bharati University, Kolkata - WBPCB",13-09-2026 15:00:00,22.627847,88.380669,NO2,13,38,22
India,West Bengal,Kolkata,"Rabindra Bharati University, Kolkata - WBPCB",13-09-2026 15:00:00,22.627847,88.380669,SO2,8,10,9
India,West Bengal,Kolkata,"Bidhannagar, Kolkata - WBPCB",13-09-2026 15:00:00,22.58157048,88.41002457,NO2,8,14,10
India,West Bengal,Kolkata,"Bidhannagar, Kolkata - WBPCB",13-09-2026 15:00:00,22.58157048,88.41002457,OZONE,20,32,26
India,West Bengal,Siliguri,"Ward-32 Bapupara, Siliguri - WBPCB",13-09-2026 15:00:00,26.6879226,88.4152495,OZONE,19,22,21
India,Delhi,Delhi,"Nehru Nagar, Delhi - DPCC",13-09-2026 15:00:00,28.56789,77.250515,PM2.5,3,260,69
India,Delhi,Delhi,"Nehru Nagar, Delhi - DPCC",13-09-2026 15:00:00,28.56789,77.250515,NO2,18,62,40
India,Delhi,Delhi,"Nehru Nagar, Delhi - DPCC",13-09-2026 15:00:00,28.56789,77.250515,CO,46,50,48
India,Delhi,Delhi,"Patparganj, Delhi - DPCC",13-09-2026 15:00:00,28.623763,77.287209,PM2.5,15,78,45
India,Delhi,Delhi,"Patparganj, Delhi - DPCC",13-09-2026 15:00:00,28.623763,77.287209,NO2,11,54,30
India,Delhi,Delhi,"Jawaharlal Nehru Stadium, Delhi - DPCC",13-09-2026 15:00:00,28.58028,77.233829,NO2,9,27,14
India,Delhi,Delhi,"Jawaharlal Nehru Stadium, Delhi - DPCC",13-09-2026 15:00:00,28.58028,77.233829,SO2,46,54,50
India,Delhi,Delhi,"NSUT Jaffarpur, Delhi - DPCC",13-09-2026 15:00:00,28.594004,76.909423,PM2.5,23,74,55
India,Delhi,Delhi,"Najafgarh, Delhi - DPCC",13-09-2026 15:00:00,28.570173,76.933762,NO2,6,41,19
India,Delhi,Delhi,"Punjabi Bagh, Delhi - DPCC",13-09-2026 15:00:00,28.674045,77.131023,OZONE,7,27,17
India,Delhi,Delhi,"Wazirpur, Delhi - DPCC",13-09-2026 15:00:00,28.699793,77.165453,CO,15,25,18
India,Delhi,Delhi,"Shadipur, Delhi - CPCB",13-09-2026 15:00:00,28.6514781,77.1473105,PM10,41,113,69
India,Delhi,Delhi,"Mandir Marg, Delhi - DPCC",13-09-2026 15:00:00,28.636429,77.201067,PM2.5,2,62,25
India,Delhi,Delhi,"Mandir Marg, Delhi - DPCC",13-09-2026 15:00:00,28.636429,77.201067,OZONE,3,24,16
India,Delhi,Delhi,"Pusa, Delhi - DPCC",13-09-2026 15:00:00,28.639652,77.146275,PM2.5,13,70,36
India,Delhi,Delhi,"Pusa, Delhi - DPCC",13-09-2026 15:00:00,28.639652,77.146275,NO2,7,56,26
India,Delhi,Delhi,"Pusa, Delhi - DPCC",13-09-2026 15:00:00,28.639652,77.146275,NH3,4,9,6
India,Delhi,Delhi,"Sirifort, Delhi - CPCB",13-09-2026 15:00:00,28.5504249,77.2159377,PM2.5,45,160,67
India,Delhi,Delhi,"Sirifort, Delhi - CPCB",13-09-2026 15:00:00,28.5504249,77.2159377,SO2,30,32,31
India,Delhi,Delhi,"Sirifort, Delhi - CPCB",13-09-2026 15:00:00,28.5504249,77.2159377,OZONE,18,36,25
India,Chhattisgarh,Bhilai,"Hathkhoj, Bhilai - CECB",13-09-2026 15:00:00,21.224231,81.40835,OZONE,10,19,16
India,Chhattisgarh,Bilaspur,"Mangala, Bilaspur - NTPC",13-09-2026 15:00:00,22.08815,82.13737,NH3,NA,NA,NA
India,Chhattisgarh,Bilaspur,"Mangala, Bilaspur - NTPC",13-09-2026 15:00:00,22.08815,82.13737,SO2,8,17,12
India,Chhattisgarh,Chhal,"Nawapara SECL Colony, Chhal - CECB",13-09-2026 15:00:00,22.118125,83.140608,NH3,2,2,2
India,Chhattisgarh,Chhal,"Nawapara SECL Colony, Chhal - CECB",13-09-2026 15:00:00,22.118125,83.140608,OZONE,39,50,44
India,Chhattisgarh,Kunjemura,"OP Jindal School, Kunjemura - CECB",13-09-2026 15:00:00,22.12665,83.483212,PM10,16,33,24
India,Chhattisgarh,Milupara,"Govt. Higher Secondary School, Milupara - CECB",13-09-2026 15:00:00,22.1910172,83.5197009,PM10,NA,NA,NA
India,Chhattisgarh,Raipur,"Krishak Nagar, Raipur - CECB",13-09-2026 15:00:00,21.237755,81.705301,NO2,1,12,7
India,Chhattisgarh,Raipur,"Krishak Nagar, Raipur - CECB",13-09-2026 15:00:00,21.237755,81.705301,SO2,5,11,8
India,Chhattisgarh,Raipur,"Krishak Nagar, Raipur - CECB",13-09-2026 15:00:00,21.237755,81.705301,OZONE,1,3,3
India,Chhattisgarh,Raipur,"Bhatagaon New ISBT, Raipur - CECB",13-09-2026 15:00:00,21.219665,81.630094,PM2.5,3,4,3
India,Chhattisgarh,Raipur,"Bhatagaon New ISBT, Raipur - CECB",13-09-2026 15:00:00,21.219665,81.630094,SO2,1,3,2
India,Chhattisgarh,Raipur,"Siltara Phase-II, Raipur - CECB",13-09-2026 15:00:00,21.371751,81.664929,SO2,NA,NA,NA
India,Chhattisgarh,Raipur,"Siltara Phase-II, Raipur - CECB",13-09-2026 15:00:00,21.371751,81.664929,CO,17,18,17
India,Chhattisgarh,Tumidih,"OP Jindal Industrial Park, Tumidih - CECB",13-09-2026 15:00:00,22.06631475,83.33820077,SO2,5,8,6
India,Bihar,Rajgir,"Dangi Tola, Rajgir - BSPCB",13-09-2026 15:00:00,25.0328,85.41948,OZONE,3,29,10
India,Bihar,Samastipur,"DM Office_Kasipur, Samastipur - BSPCB",13-09-2026 15:00:00,25.859655,85.77944,CO,1,17,10
India,Bihar,Sasaram,"Dada Peer, Sasaram - BSPCB",13-09-2026 15:00:00,24.952822,84.002396,NH3,NA,NA,NA
India,Bihar,Sasaram,"Dada Peer, Sasaram - BSPCB",13-09-2026 15:00:00,24.952822,84.002396,SO2,NA,NA,NA
India,Chandigarh,Chandigarh,"Sector 22, Chandigarh - CPCC",13-09-2026 15:00:00,30.735567,76.775714,NH3,17,36,28
India,Chandigarh,Chandigarh,"Sector-25, Chandigarh - CPCC",13-09-2026 15:00:00,30.751462,76.762879,NO2,5,36,15
India,Chandigarh,Chandigarh,"Sector-53, Chandigarh - CPCC",13-09-2026 15:00:00,30.719859,76.738637,PM2.5,2,48,18
India,Chandigarh,Chandigarh,"Sector-53, Chandigarh - CPCC",13-09-2026 15:00:00,30.719859,76.738637,OZONE,5,35,22
India,Chhattisgarh,Bhilai,"Civic Center, Bhilai - Bhilai Steel Plant",13-09-2026 15:00:00,21.185571,81.343175,SO2,8,12,10
India,Chhattisgarh,Bhilai,"Civic Center, Bhilai - Bhilai Steel Plant",13-09-2026 15:00:00,21.185571,81.343175,CO,20,21,20
India,Chhattisgarh,Bhilai,"32Bungalows, Bhilai - CECB",13-09-2026 15:00:00,21.194815,81.31477,PM2.5,4,16,8
India,Chhattisgarh,Bhilai,"32Bungalows, Bhilai - CECB",13-09-2026 15:00:00,21.194815,81.31477,NO2,1,6,3
India,Chhattisgarh,Bhilai,"32Bungalows, Bhilai - CECB",13-09-2026 15:00:00,21.194815,81.31477,SO2,1,3,2
India,Chhattisgarh,Bhilai,"Hathkhoj, Bhilai - CECB",13-09-2026 15:00:00,21.224231,81.40835,NH3,4,12,6
India,Andhra Pradesh,Kurnool,"Sita Rama Nagar, Kurnool - APPCB",13-09-2026 15:00:00,15.83411,78.028546,PM2.5,35,71,55
India,Andhra Pradesh,Kurnool,"Sita Rama Nagar, Kurnool - APPCB",13-09-2026 15:00:00,15.83411,78.028546,CO,4,8,6
India,Andhra Pradesh,Machilipatnam,"Srinivas Nagar Colony, Machilipatnam - APPCB",13-09-2026 15:00:00,16.186555,81.13219,PM2.5,51,65,56
India,Andhra Pradesh,Machilipatnam,"Srinivas Nagar Colony, Machilipatnam - APPCB",13-09-2026 15:00:00,16.186555,81.13219,NH3,3,4,3
India,Andhra Pradesh,Machilipatnam,"Srinivas Nagar Colony, Machilipatnam - APPCB",13-09-2026 15:00:00,16.186555,81.13219,OZONE,20,22,21
India,Andhra Pradesh,Nellore,"Ambedkar Nagar, Nellore - APPCB ",13-09-2026 15:00:00,14.438164,79.966814,NO2,28,33,31
India,Andhra Pradesh,Nellore,"Ambedkar Nagar, Nellore - APPCB ",13-09-2026 15:00:00,14.438164,79.966814,SO2,10,19,12
India,Andhra Pradesh,Nellore,"Ambedkar Nagar, Nellore - APPCB ",13-09-2026 15:00:00,14.438164,79.966814,CO,37,43,40
India,Andhra Pradesh,Rajamahendravaram,"Anand Kala Kshetram, Rajamahendravaram - APPCB",13-09-2026 15:00:00,16.9872867,81.7363176,PM2.5,5,33,19
India,Andhra Pradesh,Rajamahendravaram,"Anand Kala Kshetram, Rajamahendravaram - APPCB",13-09-2026 15:00:00,16.9872867,81.7363176,PM10,10,49,28
India,Andhra Pradesh,Rajamahendravaram,"Anand Kala Kshetram, Rajamahendravaram - APPCB",13-09-2026 15:00:00,16.9872867,81.7363176,NH3,2,3,2
India,Andhra Pradesh,Rajamahendravaram,"Anand Kala Kshetram, Rajamahendravaram - APPCB",13-09-2026 15:00:00,16.9872867,81.7363176,CO,12,21,17
India,Andhra Pradesh,Vijayawada,"Rajiv Nagar, Vijayawada - APPCB",13-09-2026 15:00:00,16.554731,80.64911,NO2,14,20,17
India,Andhra Pradesh,Vijayawada,"HB Colony, Vijayawada - APPCB",13-09-2026 15:00:00,16.536107,80.594233,NO2,19,23,20
India,Andhra Pradesh,Vijayawada,"HB Colony, Vijayawada - APPCB",13-09-2026 15:00:00,16.536107,80.594233,NH3,4,5,5
India,Bihar,Gaya,"Kareemganj, Gaya - BSPCB",13-09-2026 15:00:00,24.792403,84.992416,PM2.5,5,65,30
India,Bihar,Gaya,"Kareemganj, Gaya - BSPCB",13-09-2026 15:00:00,24.792403,84.992416,NO2,1,12,5
India,Bihar,Gaya,"Kareemganj, Gaya - BSPCB",13-09-2026 15:00:00,24.792403,84.992416,NH3,0,2,1
India,Bihar,Gaya,"SFTI Kusdihra, Gaya - BSPCB",13-09-2026 15:00:00,24.762518,84.982348,PM2.5,23,52,39
India,Bihar,Gaya,"SFTI Kusdihra, Gaya - BSPCB",13-09-2026 15:00:00,24.762518,84.982348,NO2,21,29,26
India,Bihar,Gaya,"Collectorate, Gaya - BSPCB",13-09-2026 15:00:00,24.7955,84.9994,SO2,7,7,7
India,Bihar,Hajipur,"Industrial Area, Hajipur - BSPCB",13-09-2026 15:00:00,25.697189,85.2459,PM10,27,40,32
India,Bihar,Katihar,"Mirchaibari, Katihar - BSPCB",13-09-2026 15:00:00,25.560083,87.553265,CO,42,91,72
India,Bihar,Katihar,"Mirchaibari, Katihar - BSPCB",13-09-2026 15:00:00,25.560083,87.553265,OZONE,5,45,25
India,Bihar,Motihari,"Gandak Colony, Motihari - BSPCB",13-09-2026 15:00:00,26.63086,84.90051,PM2.5,13,52,25
India,Bihar,Motihari,"Gandak Colony, Motihari - BSPCB",13-09-2026 15:00:00,26.63086,84.90051,NO2,2,4,3
India,Bihar,Motihari,"Gandak Colony, Motihari - BSPCB",13-09-2026 15:00:00,26.63086,84.90051,SO2,2,3,3
India,Bihar,Motihari,"Gandak Colony, Motihari - BSPCB",13-09-2026 15:00:00,26.63086,84.90051,CO,10,14,12
India,Bihar,Motihari,"Gandak Colony, Motihari - BSPCB",13-09-2026 15:00:00,26.63086,84.90051,OZONE,55,57,56
India,Bihar,Munger,"Town Hall, Munger - BSPCB",13-09-2026 15:00:00,25.376776,86.471523,PM2.5,NA,NA,NA
India,Bihar,Munger,"Town Hall, Munger - BSPCB",13-09-2026 15:00:00,25.376776,86.471523,NH3,NA,NA,NA
India,Assam,Silchar,"Tarapur, Silchar - PCBA",13-09-2026 15:00:00,24.82827,92.79525,PM10,37,45,38
India,Assam,Silchar,"Tarapur, Silchar - PCBA",13-09-2026 15:00:00,24.82827,92.79525,NH3,1,1,1
India,Assam,Sivasagar,"Girls College, Sivasagar - PCBA",13-09-2026 15:00:00,26.987634,94.636574,CO,14,19,16
India,Assam,Sivasagar,"Girls College, Sivasagar - PCBA",13-09-2026 15:00:00,26.987634,94.636574,OZONE,23,59,41
India,Bihar,Araria,"Kharahiya Basti, Araria - BSPCB",13-09-2026 15:00:00,26.146529,87.454184,PM2.5,13,163,45
India,Bihar,Araria,"Kharahiya Basti, Araria - BSPCB",13-09-2026 15:00:00,26.146529,87.454184,SO2,18,23,20
India,Bihar,Arrah,"New DM Office, Arrah - BSPCB",13-09-2026 15:00:00,25.5626095,84.663264,PM2.5,33,33,33
India,Bihar,Arrah,"New DM Office, Arrah - BSPCB",13-09-2026 15:00:00,25.5626095,84.663264,NO2,6,8,7
India,Bihar,Begusarai,"Lohiyanagar, Begusarai - BSPCB",13-09-2026 15:00:00,25.42742023,86.13886079,PM2.5,28,87,51
India,Bihar,Begusarai,"Lohiyanagar, Begusarai - BSPCB",13-09-2026 15:00:00,25.42742023,86.13886079,NO2,7,12,9
India,Bihar,Bettiah,"Kamalnath Nagar, Bettiah - BSPCB",13-09-2026 15:00:00,26.80365,84.51954,PM2.5,21,26,23
India,Bihar,Bihar Sharif,"D M Colony, Bihar Sharif - BSPCB",13-09-2026 15:00:00,25.204762,85.51496,SO2,13,14,13
India,Andhra Pradesh,Amaravati,"Secretariat, Amaravati - APPCB",13-09-2026 15:00:00,16.5150833,80.5181667,PM2.5,5,66,32
India,Andhra Pradesh,Amaravati,"Secretariat, Amaravati - APPCB",13-09-2026 15:00:00,16.5150833,80.5181667,NH3,4,6,5
India,Andhra Pradesh,Anantapur,"Gulzarpet, Anantapur - APPCB",13-09-2026 15:00:00,14.675886,77.593027,NO2,13,18,14
India,Andhra Pradesh,Anantapur,"Gulzarpet, Anantapur - APPCB",13-09-2026 15:00:00,14.675886,77.593027,NH3,3,4,3
India,Andhra Pradesh,Anantapur,"Gulzarpet, Anantapur - APPCB",13-09-2026 15:00:00,14.675886,77.593027,SO2,8,11,9
India,Andhra Pradesh,Chittoor,"Gangineni Cheruvu, Chittoor - APPCB",13-09-2026 15:00:00,13.20488,79.097889,SO2,17,27,25
India,Andhra Pradesh,Eluru,"District Court, Eluru - APPCB",13-09-2026 15:00:00,16.711754,81.092095,NO2,16,74,35
India,Andhra Pradesh,Guntur,"Rajendra Nagar North, Guntur - APPCB",13-09-2026 15:00:00,16.316553,80.413302,OZONE,17,19,18
India,Andhra Pradesh,Kadapa,"Yerramukkapalli, Kadapa - APPCB",13-09-2026 15:00:00,14.465052,78.824187,SO2,NA,NA,NA
India,Andhra Pradesh,Kakinada,"Rama Rao Peta, Kakinada - APPCB",13-09-2026 15:00:00,16.962488,82.229513,PM10,7,57,29
India,Delhi,Delhi,"Narela, Delhi - DPCC",13-09-2026 15:00:00,28.822836,77.101981,NH3,2,9,4
India,Delhi,Delhi,"Cantonment Area, Delhi - DPCC",13-09-2026 15:00:00,28.594169,77.1251,SO2,3,7,5
India,Delhi,Delhi,"Cantonment Area, Delhi - DPCC",13-09-2026 15:00:00,28.594169,77.1251,OZONE,8,9,8
India,Delhi,Delhi,"Major Dhyan Chand National Stadium, Delhi - DPCC",13-09-2026 15:00:00,28.611281,77.237738,NH3,6,8,7
India,Delhi,Delhi,"Major Dhyan Chand National Stadium, Delhi - DPCC",13-09-2026 15:00:00,28.611281,77.237738,CO,36,48,40
India,Delhi,Delhi,"Sonia Vihar, Delhi - DPCC",13-09-2026 15:00:00,28.710508,77.249485,NO2,16,48,30
India,Delhi,Delhi,"Sonia Vihar, Delhi - DPCC",13-09-2026 15:00:00,28.710508,77.249485,SO2,4,16,11
India,Delhi,Delhi,"Rohini, Delhi - DPCC",13-09-2026 15:00:00,28.732528,77.11992,PM2.5,15,177,76
India,Delhi,Delhi,"Rohini, Delhi - DPCC",13-09-2026 15:00:00,28.732528,77.11992,PM10,75,175,114
India,Delhi,Delhi,"Vivek Vihar, Delhi - DPCC",13-09-2026 15:00:00,28.672342,77.31526,PM10,60,145,97
India,Delhi,Delhi,"Vivek Vihar, Delhi - DPCC",13-09-2026 15:00:00,28.672342,77.31526,SO2,6,13,9
India,Delhi,Delhi,"Jahangirpuri, Delhi - DPCC",13-09-2026 15:00:00,28.73282,77.170633,OZONE,10,15,13
India,Bihar,Patna,"Samanpura, Patna - BSPCB",13-09-2026 15:00:00,25.596727,85.085624,CO,22,23,23
India,Bihar,Patna,"Rajbansi Nagar, Patna - BSPCB",13-09-2026 15:00:00,25.599486,85.113666,SO2,1,11,9
India,Bihar,Patna,"Rajbansi Nagar, Patna - BSPCB",13-09-2026 15:00:00,25.599486,85.113666,CO,48,57,51
India,Bihar,Patna,"Muradpur, Patna - BSPCB",13-09-2026 15:00:00,25.619651,85.147382,NO2,3,4,3
India,Bihar,Patna,"DRM Office Danapur, Patna - BSPCB",13-09-2026 15:00:00,25.586562,85.043586,NO2,21,25,23
India,Bihar,Patna,"IGSC Planetarium Complex, Patna - BSPCB",13-09-2026 15:00:00,25.610369,85.132568,PM2.5,28,160,75
India,Bihar,Patna,"IGSC Planetarium Complex, Patna - BSPCB",13-09-2026 15:00:00,25.610369,85.132568,PM10,NA,NA,NA
India,Bihar,Patna,"Govt. High School Shikarpur, Patna - BSPCB",13-09-2026 15:00:00,25.592539,85.227158,PM2.5,37,46,42
India,Bihar,Patna,"Govt. High School Shikarpur, Patna - BSPCB",13-09-2026 15:00:00,25.592539,85.227158,PM10,71,97,83
India,Bihar,Patna,"Govt. High School Shikarpur, Patna - BSPCB",13-09-2026 15:00:00,25.592539,85.227158,CO,31,35,33
India,Bihar,Patna,"Govt. High School Shikarpur, Patna - BSPCB",13-09-2026 15:00:00,25.592539,85.227158,OZONE,39,90,66
India,Andhra Pradesh,Vijayawada,"Rajiv Gandhi Park, Vijayawada - APPCB",13-09-2026 15:00:00,16.509717,80.612222,PM10,49,84,65
India,Andhra Pradesh,Vijayawada,"Rajiv Gandhi Park, Vijayawada - APPCB",13-09-2026 15:00:00,16.509717,80.612222,CO,9,44,33
India,Andhra Pradesh,Vijayawada,"Rajiv Gandhi Park, Vijayawada - APPCB",13-09-2026 15:00:00,16.509717,80.612222,OZONE,13,22,17
India,Assam,Guwahati,"Pan Bazaar, Guwahati - PCBA",13-09-2026 15:00:00,26.1875,91.744194,SO2,32,34,33
India,Assam,Guwahati,"IITG, Guwahati - PCBA",13-09-2026 15:00:00,26.2028636,91.70046436,PM2.5,4,48,17
India,Assam,Guwahati,"Railway Colony, Guwahati - PCBA",13-09-2026 15:00:00,26.181742,91.78063,NH3,1,1,1
India,Assam,Nagaon,"Christianpatty, Nagaon - PCBA",13-09-2026 15:00:00,26.349082,92.68449,PM10,42,83,55
India,Assam,Nalbari,"Bata Chowk, Nalbari - PCBA",13-09-2026 15:00:00,26.446912,91.439057,PM10,24,72,47
India,Haryana,Bahadurgarh,"Arya Nagar, Bahadurgarh - HSPCB",13-09-2026 15:00:00,28.6701,76.9254,NO2,25,30,28
India,Haryana,Bahadurgarh,"Arya Nagar, Bahadurgarh - HSPCB",13-09-2026 15:00:00,28.6701,76.9254,NH3,7,8,8
India,Haryana,Bahadurgarh,"Arya Nagar, Bahadurgarh - HSPCB",13-09-2026 15:00:00,28.6701,76.9254,SO2,5,8,7
India,Haryana,Bahadurgarh,"Arya Nagar, Bahadurgarh - HSPCB",13-09-2026 15:00:00,28.6701,76.9254,CO,26,28,27
India,Haryana,Ballabgarh,"Nathu Colony, Ballabgarh - HSPCB",13-09-2026 15:00:00,28.3419248,77.319699,PM2.5,26,69,41
India,Haryana,Ballabgarh,"Nathu Colony, Ballabgarh - HSPCB",13-09-2026 15:00:00,28.3419248,77.319699,NH3,4,5,5
India,Haryana,Ballabgarh,"Nathu Colony, Ballabgarh - HSPCB",13-09-2026 15:00:00,28.3419248,77.319699,CO,13,16,14
India,Haryana,Bhiwani,"H.B. Colony, Bhiwani - HSPCB",13-09-2026 15:00:00,28.806223,76.141105,SO2,12,13,13
India,Haryana,Bhiwani,"H.B. Colony, Bhiwani - HSPCB",13-09-2026 15:00:00,28.806223,76.141105,CO,47,48,48
India,Haryana,Charkhi Dadri,"Mini Secretariat, Charkhi Dadri - HSPCB",13-09-2026 15:00:00,28.593883,76.270653,PM10,15,123,58
India,Haryana,Charkhi Dadri,"Mini Secretariat, Charkhi Dadri - HSPCB",13-09-2026 15:00:00,28.593883,76.270653,NO2,9,26,16
India,Haryana,Charkhi Dadri,"Mini Secretariat, Charkhi Dadri - HSPCB",13-09-2026 15:00:00,28.593883,76.270653,CO,10,18,14
India,Haryana,Dharuhera,"Municipal Corporation Office, Dharuhera -  HSPCB",13-09-2026 15:00:00,28.2068,76.7997,SO2,NA,NA,NA
India,Haryana,Dharuhera,"Municipal Corporation Office, Dharuhera -  HSPCB",13-09-2026 15:00:00,28.2068,76.7997,CO,NA,NA,NA
India,Haryana,Faridabad,"New Industrial Town, Faridabad - HSPCB",13-09-2026 15:00:00,28.39072,77.30059,NO2,24,26,25
India,Haryana,Faridabad,"New Industrial Town, Faridabad - HSPCB",13-09-2026 15:00:00,28.39072,77.30059,NH3,11,12,11
India,Haryana,Faridabad,"Sector 11, Faridabad - HSPCB",13-09-2026 15:00:00,28.376058,77.315741,CO,55,62,59
India,Haryana,Faridabad,"Sector 30, Faridabad - HSPCB",13-09-2026 15:00:00,28.4417,77.3217,PM10,79,112,94
India,Haryana,Faridabad,"Sector 30, Faridabad - HSPCB",13-09-2026 15:00:00,28.4417,77.3217,SO2,2,2,2
India,Haryana,Gurugram,"NISE Gwal Pahari, Gurugram - IITM",13-09-2026 15:00:00,28.422681,77.148944,PM2.5,15,73,44
India,Haryana,Gurugram,"NISE Gwal Pahari, Gurugram - IITM",13-09-2026 15:00:00,28.422681,77.148944,OZONE,12,40,30
India,Gujarat,Ahmedabad,"SVPI Airport Hansol, Ahmedabad - IITM",13-09-2026 15:00:00,23.076793,72.627874,NO2,8,40,22
India,Gujarat,Ahmedabad,"SAC ISRO Satellite, Ahmedabad - IITM",13-09-2026 15:00:00,23.023389,72.515201,PM2.5,22,48,32
India,Gujarat,Ahmedabad,"Raikhad, Ahmedabad - IITM",13-09-2026 15:00:00,23.020509,72.579261,NH3,2,3,2
India,Gujarat,Ahmedabad,"Chandkheda, Ahmedabad - IITM",13-09-2026 15:00:00,23.107969,72.574648,PM2.5,42,129,78
India,Gujarat,Ahmedabad,"Chandkheda, Ahmedabad - IITM",13-09-2026 15:00:00,23.107969,72.574648,PM10,49,121,77
India,Gujarat,Ankleshwar,"GIDC, Ankleshwar - GPCB",13-09-2026 15:00:00,21.613267,73.010555,SO2,NA,NA,NA
India,Gujarat,Ankleshwar,"GIDC, Ankleshwar - GPCB",13-09-2026 15:00:00,21.613267,73.010555,OZONE,25,53,45
India,Gujarat,Bhavnagar,"Vidhyanagar, Bhavnagar - Nexteng Enviro",13-09-2026 15:00:00,21.755417,72.139056,PM2.5,11,45,26
India,Gujarat,Bhavnagar,"Vidhyanagar, Bhavnagar - Nexteng Enviro",13-09-2026 15:00:00,21.755417,72.139056,NO2,42,50,46
India,Gujarat,Bhavnagar,"Vidhyanagar, Bhavnagar - Nexteng Enviro",13-09-2026 15:00:00,21.755417,72.139056,NH3,5,6,6
India,Gujarat,Gandhinagar,"Sector-10, Gandhinagar - GPCB",13-09-2026 15:00:00,23.221714,72.654328,PM2.5,34,56,44
India,Gujarat,Gandhinagar,"Sector-10, Gandhinagar - GPCB",13-09-2026 15:00:00,23.221714,72.654328,CO,16,20,18
India,Gujarat,Gandhinagar,"IIPHG Lekawada, Gandhinagar - IITM",13-09-2026 15:00:00,23.243639,72.68994,SO2,1,2,2
India,Gujarat,Gandhinagar,"IIPHG Lekawada, Gandhinagar - IITM",13-09-2026 15:00:00,23.243639,72.68994,CO,22,28,25
India,Gujarat,Mehsana,"Sadanand Nagar, Mehsana - Nexteng Enviro",13-09-2026 15:00:00,23.59315,72.372792,PM2.5,24,80,49
India,Gujarat,Mehsana,"Sadanand Nagar, Mehsana - Nexteng Enviro",13-09-2026 15:00:00,23.59315,72.372792,NH3,1,1,1
India,Jharkhand,Dhanbad,"Sardar Patel Nagar, Dhanbad - JSPCB",13-09-2026 15:00:00,23.80569,86.44268,NO2,95,132,100
India,Jharkhand,Jorapokhar,"Tata Stadium, Jorapokhar - JSPCB",13-09-2026 15:00:00,23.707909,86.41467,SO2,21,21,21
India,Karnataka,Bengaluru,"Silk Board, Bengaluru - KSPCB",13-09-2026 15:00:00,12.917348,77.622813,NH3,2,2,2
India,Karnataka,Bengaluru,"Silk Board, Bengaluru - KSPCB",13-09-2026 15:00:00,12.917348,77.622813,CO,40,51,44
India,Karnataka,Bengaluru,"Bapuji Nagar, Bengaluru - KSPCB",13-09-2026 15:00:00,12.951913,77.539784,PM2.5,22,71,40
India,Karnataka,Bengaluru,"Bapuji Nagar, Bengaluru - KSPCB",13-09-2026 15:00:00,12.951913,77.539784,SO2,10,33,23
India,Karnataka,Bengaluru,"Bapuji Nagar, Bengaluru - KSPCB",13-09-2026 15:00:00,12.951913,77.539784,CO,13,38,23
India,Karnataka,Bengaluru,"Bapuji Nagar, Bengaluru - KSPCB",13-09-2026 15:00:00,12.951913,77.539784,OZONE,21,33,27
India,Karnataka,Bengaluru,"City Railway Station, Bengaluru - KSPCB",13-09-2026 15:00:00,12.9756843,77.5660749,CO,53,62,57
India,Karnataka,Bengaluru,"Jayanagar 5th Block, Bengaluru - KSPCB",13-09-2026 15:00:00,12.920984,77.584908,SO2,1,13,4
India,Karnataka,Bengaluru,"Shivapura_Peenya, Bengaluru - KSPCB",13-09-2026 15:00:00,13.0246342,77.5080115,PM2.5,35,500,77
India,Karnataka,Bengaluru,"Shivapura_Peenya, Bengaluru - KSPCB",13-09-2026 15:00:00,13.0246342,77.5080115,PM10,NA,NA,NA
India,Karnataka,Bengaluru,"Shivapura_Peenya, Bengaluru - KSPCB",13-09-2026 15:00:00,13.0246342,77.5080115,NH3,3,3,3
India,Karnataka,Bengaluru,"Shivapura_Peenya, Bengaluru - KSPCB",13-09-2026 15:00:00,13.0246342,77.5080115,SO2,3,6,4
India,Karnataka,Bengaluru,"Shivapura_Peenya, Bengaluru - KSPCB",13-09-2026 15:00:00,13.0246342,77.5080115,OZONE,24,25,25
India,Karnataka,Bengaluru,"Hebbal, Bengaluru - KSPCB",13-09-2026 15:00:00,13.029152,77.585901,SO2,NA,NA,NA
India,Karnataka,Bengaluru,"Hebbal, Bengaluru - KSPCB",13-09-2026 15:00:00,13.029152,77.585901,OZONE,1,8,3
India,Karnataka,Chikkaballapur,"Chikkaballapur Rural, Chikkaballapur - KSPCB",13-09-2026 15:00:00,13.428828,77.731418,PM10,33,94,55
India,Karnataka,Chikkaballapur,"Chikkaballapur Rural, Chikkaballapur - KSPCB",13-09-2026 15:00:00,13.428828,77.731418,OZONE,18,19,19
India,Karnataka,Dharwad,"Kalabhavan, Dharwad - KSPCB",13-09-2026 15:00:00,15.459706,75.008381,PM10,66,79,74
India,Karnataka,Gadag,"Panchal Nagar, Gadag - KSPCB",13-09-2026 15:00:00,15.411456,75.638133,PM2.5,39,39,39
India,Karnataka,Gadag,"Panchal Nagar, Gadag - KSPCB",13-09-2026 15:00:00,15.411456,75.638133,CO,62,94,83
India,Karnataka,Hubballi,"Lingaraj Nagar, Hubballi - KSPCB",13-09-2026 15:00:00,15.3714823,75.1160168,NO2,11,11,11
India,Karnataka,Hubballi,"Lingaraj Nagar, Hubballi - KSPCB",13-09-2026 15:00:00,15.3714823,75.1160168,NH3,2,2,2
India,Karnataka,Hubballi,"Lingaraj Nagar, Hubballi - KSPCB",13-09-2026 15:00:00,15.3714823,75.1160168,SO2,2,3,2
India,Karnataka,Kalaburagi,"Mahatma Basaveswar Colony, Kalaburgi - KSPCB",13-09-2026 15:00:00,17.336318,76.847397,PM2.5,11,39,24
India,Karnataka,Kalaburagi,"Mahatma Basaveswar Colony, Kalaburgi - KSPCB",13-09-2026 15:00:00,17.336318,76.847397,NH3,2,3,2
India,Karnataka,Kalaburagi,"Mahatma Basaveswar Colony, Kalaburgi - KSPCB",13-09-2026 15:00:00,17.336318,76.847397,CO,28,31,30
India,Karnataka,Madikeri,"Stuart Hill, Madikeri - KSPCB",13-09-2026 15:00:00,12.415911,75.73505,CO,6,24,14
India,Karnataka,Mysuru,"Hebbal 1st Stage, Mysuru - KSPCB",13-09-2026 15:00:00,12.21041,76.37376,PM10,39,105,62
India,Karnataka,Mysuru,"Hebbal 1st Stage, Mysuru - KSPCB",13-09-2026 15:00:00,12.21041,76.37376,SO2,2,4,3
India,Karnataka,Mysuru,"Hebbal 1st Stage, Mysuru - KSPCB",13-09-2026 15:00:00,12.21041,76.37376,OZONE,7,75,45
India,Karnataka,Ramanagara,"Vijay Nagar, Ramanagara - KSPCB",13-09-2026 15:00:00,12.733409,77.298051,NH3,NA,NA,NA
India,Haryana,Gurugram,"Teri Gram, Gurugram - HSPCB",13-09-2026 15:00:00,28.4275,77.1465,PM2.5,52,139,77
India,Haryana,Gurugram,"Vikas Sadan, Gurugram - HSPCB",13-09-2026 15:00:00,28.4501238,77.0263051,PM2.5,27,353,87
India,Haryana,Gurugram,"Vikas Sadan, Gurugram - HSPCB",13-09-2026 15:00:00,28.4501238,77.0263051,NH3,NA,NA,NA
India,Haryana,Hisar,"Urban Estate-II, Hisar - HSPCB",13-09-2026 15:00:00,29.14056,75.744941,SO2,133,133,133
India,Haryana,Hisar,"Urban Estate-II, Hisar - HSPCB",13-09-2026 15:00:00,29.14056,75.744941,CO,11,16,14
India,Haryana,Jind,"Police Lines, Jind - HSPCB",13-09-2026 15:00:00,29.307814,76.337619,NO2,12,14,13
India,Haryana,Jind,"Police Lines, Jind - HSPCB",13-09-2026 15:00:00,29.307814,76.337619,OZONE,7,12,10
India,Haryana,Kaithal,"Rishi Nagar, Kaithal - HSPCB",13-09-2026 15:00:00,29.8006,76.4155,NH3,4,6,5
India,Haryana,Karnal,"Sector-12, Karnal - HSPCB",13-09-2026 15:00:00,29.6953,77.0027,NO2,9,21,15
India,Haryana,Karnal,"Sector-12, Karnal - HSPCB",13-09-2026 15:00:00,29.6953,77.0027,NH3,6,12,8
India,Haryana,Kurukshetra,"Sector-7, Kurukshetra - HSPCB",13-09-2026 15:00:00,29.966942,76.875879,NH3,5,6,5
India,Haryana,Narnaul,"Shastri Nagar, Narnaul - HSPCB",13-09-2026 15:00:00,28.060249,76.113115,PM10,66,106,78
India,Haryana,Panchgaon,"Amity University, Panchgaon - IITM",13-09-2026 15:00:00,28.3153,76.9143,PM10,3,66,14
India,Haryana,Panchgaon,"Amity University, Panchgaon - IITM",13-09-2026 15:00:00,28.3153,76.9143,NH3,4,8,6
India,Haryana,Panchgaon,"Amity University, Panchgaon - IITM",13-09-2026 15:00:00,28.3153,76.9143,CO,NA,NA,NA
India,Delhi,Delhi,"ITO, Delhi - CPCB",13-09-2026 15:00:00,28.628624,77.24106,NO2,4,103,61
India,Delhi,Delhi,"R K Puram, Delhi - DPCC",13-09-2026 15:00:00,28.563262,77.186937,PM10,23,106,62
India,Delhi,Delhi,"North Campus, DU, Delhi - IITM",13-09-2026 15:00:00,28.6573814,77.1585447,OZONE,32,143,96
India,Delhi,Delhi,"Aya Nagar, Delhi - IITM",13-09-2026 15:00:00,28.4706914,77.1099364,PM2.5,20,61,43
India,Delhi,Delhi,"Aya Nagar, Delhi - IITM",13-09-2026 15:00:00,28.4706914,77.1099364,OZONE,9,40,30
India,Delhi,Delhi,"Alipur, Delhi - DPCC",13-09-2026 15:00:00,28.815329,77.15301,PM2.5,2,87,48
India,Delhi,Delhi,"Burari Crossing, Delhi - IITM",13-09-2026 15:00:00,28.7256504,77.2011573,SO2,NA,NA,NA
India,Delhi,Delhi,"IMD Lodhi Road, Delhi - IITM",13-09-2026 15:00:00,28.5918245,77.2273074,PM10,19,105,74
India,Delhi,Delhi,"IMD Lodhi Road, Delhi - IITM",13-09-2026 15:00:00,28.5918245,77.2273074,CO,15,18,17
India,Delhi,Delhi,"JNU, Delhi - DPCC",13-09-2026 15:00:00,28.540721,77.168544,PM10,28,89,60
India,Delhi,Delhi,"JNU, Delhi - DPCC",13-09-2026 15:00:00,28.540721,77.168544,CO,41,54,45
India,Gujarat,Ahmedabad,"Rakhial, Ahmedabad - IITM",13-09-2026 15:00:00,23.016834,72.625775,NO2,31,103,51
India,Gujarat,Ahmedabad,"Rakhial, Ahmedabad - IITM",13-09-2026 15:00:00,23.016834,72.625775,OZONE,2,19,6
India,Gujarat,Ahmedabad,"Maninagar, Ahmedabad - GPCB",13-09-2026 15:00:00,23.002657,72.591912,PM10,14,109,78
India,Haryana,Panchkula,"Sector-6, Panchkula - HSPCB ",13-09-2026 15:00:00,30.7057778,76.8531805555555,OZONE,35,37,36
India,Haryana,Panipat,"Sector-18, Panipat - HSPCB",13-09-2026 15:00:00,29.432304,76.972765,SO2,35,68,49
India,Haryana,Rohtak,"MD University, Rohtak - HSPCB",13-09-2026 15:00:00,28.52123,76.37138,PM2.5,71,114,91
India,Haryana,Rohtak,"MD University, Rohtak - HSPCB",13-09-2026 15:00:00,28.52123,76.37138,NO2,8,11,10
India,Haryana,Rohtak,"MD University, Rohtak - HSPCB",13-09-2026 15:00:00,28.52123,76.37138,CO,30,39,36
India,Haryana,Sonipat,"Murthal, Sonipat - HSPCB",13-09-2026 15:00:00,29.0272,77.0621,PM10,47,93,66
India,Haryana,Sonipat,"Murthal, Sonipat - HSPCB",13-09-2026 15:00:00,29.0272,77.0621,NO2,6,8,7
India,Haryana,Sonipat,"Murthal, Sonipat - HSPCB",13-09-2026 15:00:00,29.0272,77.0621,OZONE,49,52,50
India,Himachal Pradesh,Baddi,"HIMUDA Complex Phase-1, Baddi - HPPCB",13-09-2026 15:00:00,30.943887,76.801991,NH3,2,4,3
India,Himachal Pradesh,Baddi,"HIMUDA Complex Phase-1, Baddi - HPPCB",13-09-2026 15:00:00,30.943887,76.801991,OZONE,8,66,37
India,Jammu and Kashmir,Srinagar,"Khunmoh, Srinagar - JKPCC",13-09-2026 15:00:00,34.06313,74.96017,PM2.5,2,11,4
India,Jammu and Kashmir,Srinagar,"Khunmoh, Srinagar - JKPCC",13-09-2026 15:00:00,34.06313,74.96017,PM10,40,91,63
India,Jammu and Kashmir,Srinagar,"Rajbagh, Srinagar - JKPCC",13-09-2026 15:00:00,34.066206,74.81982,NO2,19,19,19
India,Delhi,Delhi,"Chandni Chowk, Delhi - IITM",13-09-2026 15:00:00,28.656756,77.227234,PM10,30,130,87
India,Delhi,Delhi,"Chandni Chowk, Delhi - IITM",13-09-2026 15:00:00,28.656756,77.227234,CO,54,62,56
India,Delhi,Delhi,"Ashok Vihar, Delhi - DPCC",13-09-2026 15:00:00,28.695381,77.181665,SO2,33,43,38
India,Delhi,Delhi,"Ashok Vihar, Delhi - DPCC",13-09-2026 15:00:00,28.695381,77.181665,CO,54,65,57
India,Delhi,Delhi,"Anand Vihar, Delhi - DPCC",13-09-2026 15:00:00,28.647622,77.315809,NH3,4,7,6
India,Delhi,Delhi,"Anand Vihar, Delhi - DPCC",13-09-2026 15:00:00,28.647622,77.315809,OZONE,3,5,4
India,Delhi,Delhi,"DTU, Delhi - CPCB",13-09-2026 15:00:00,28.7500499,77.1112615,SO2,31,32,31
India,Delhi,Delhi,"Dr. Karni Singh Shooting Range, Delhi - DPCC",13-09-2026 15:00:00,28.498571,77.26484,PM2.5,3,88,39
India,Delhi,Delhi,"Dr. Karni Singh Shooting Range, Delhi - DPCC",13-09-2026 15:00:00,28.498571,77.26484,NO2,2,37,17
India,Delhi,Delhi,"Talkatora Garden, Delhi - DPCC",13-09-2026 15:00:00,28.62181,77.1944633,OZONE,NA,NA,NA
India,Delhi,Delhi,"NSIT Dwarka, Delhi - CPCB",13-09-2026 15:00:00,28.60909,77.0325413,PM2.5,NA,NA,NA
India,Delhi,Delhi,"NSIT Dwarka, Delhi - CPCB",13-09-2026 15:00:00,28.60909,77.0325413,PM10,NA,NA,NA
India,Delhi,Delhi,"NSIT Dwarka, Delhi - CPCB",13-09-2026 15:00:00,28.60909,77.0325413,NH3,4,15,8
India,Gujarat,Rajkot,"Mavdi, Rajkot - Nexteng Enviro ",13-09-2026 15:00:00,22.248853,70.776774,SO2,10,14,12
India,Gujarat,Surat,"Katargam, Surat - Nexteng Enviro",13-09-2026 15:00:00,21.217779,72.834787,PM2.5,3,35,20
India,Gujarat,Surat,"Katargam, Surat - Nexteng Enviro",13-09-2026 15:00:00,21.217779,72.834787,PM10,20,102,48
India,Gujarat,Surat,"Katargam, Surat - Nexteng Enviro",13-09-2026 15:00:00,21.217779,72.834787,NH3,0,6,2
India,Gujarat,Vadodara,"Bapunagar, Vadodara - Nexteng Enviro",13-09-2026 15:00:00,22.320153,73.216285,PM2.5,17,84,54
India,Gujarat,Vadodara,"Bapunagar, Vadodara - Nexteng Enviro",13-09-2026 15:00:00,22.320153,73.216285,PM10,22,76,52
India,Gujarat,Vatva,"Phase-4 GIDC, Vatva - GPCB",13-09-2026 15:00:00,22.969611,72.6435,NH3,5,5,5
India,Gujarat,Vatva,"Phase-4 GIDC, Vatva - GPCB",13-09-2026 15:00:00,22.969611,72.6435,OZONE,9,25,16
India,Haryana,Ambala,"Patti Mehar, Ambala - HSPCB",13-09-2026 15:00:00,30.379589,76.778328,NO2,6,8,7
India,Haryana,Ambala,"Patti Mehar, Ambala - HSPCB",13-09-2026 15:00:00,30.379589,76.778328,SO2,22,68,55
India,Haryana,Ambala,"Patti Mehar, Ambala - HSPCB",13-09-2026 15:00:00,30.379589,76.778328,OZONE,8,34,22
India,Madhya Pradesh,Pithampur,"Sector-2 Industrial Area, Pithampur - MPPCB",13-09-2026 15:00:00,22.624758,75.675238,SO2,38,104,66
India,Madhya Pradesh,Ratlam,"Shasthri Nagar, Ratlam - IPCA Lab",13-09-2026 15:00:00,23.331731,75.045981,NO2,43,62,52
India,Madhya Pradesh,Ratlam,"Shasthri Nagar, Ratlam - IPCA Lab",13-09-2026 15:00:00,23.331731,75.045981,OZONE,NA,NA,NA
India,Madhya Pradesh,Sagar,"Civil Lines, Sagar - MPPCB",13-09-2026 15:00:00,23.838586,78.759431,OZONE,37,48,42
India,Madhya Pradesh,Satna,"Bandhavgar Colony, Satna - Birla Cement",13-09-2026 15:00:00,24.58434363,80.8549414,PM2.5,48,51,50
India,Madhya Pradesh,Satna,"Bandhavgar Colony, Satna - Birla Cement",13-09-2026 15:00:00,24.58434363,80.8549414,OZONE,15,60,30
India,Madhya Pradesh,Ujjain,"Mahashweta Nagar, Ujjain - MPPCB",13-09-2026 15:00:00,23.1633321,75.800225,OZONE,33,62,47
India,Maharashtra,Ahmednagar,"Tarakpur, Ahmednagar - MPCB",13-09-2026 15:00:00,19.10122,74.73339,PM10,15,51,29
India,Maharashtra,Akola,"Ramdaspeth, Akola - MPCB",13-09-2026 15:00:00,20.719516,77.000253,NO2,18,24,21
India,Maharashtra,Akola,"Ramdaspeth, Akola - MPCB",13-09-2026 15:00:00,20.719516,77.000253,NH3,6,8,7
India,Maharashtra,Akola,"Ramdaspeth, Akola - MPCB",13-09-2026 15:00:00,20.719516,77.000253,OZONE,9,14,11
India,Maharashtra,Ambernath,"Chinchpada, Ambernath - MPCB",13-09-2026 15:00:00,19.215784,73.199781,NO2,12,40,25
India,Maharashtra,Ambernath,"Chinchpada, Ambernath - MPCB",13-09-2026 15:00:00,19.215784,73.199781,SO2,22,26,24
India,Maharashtra,Ambernath,"Chinchpada, Ambernath - MPCB",13-09-2026 15:00:00,19.215784,73.199781,CO,8,14,11
India,Maharashtra,Amravati,"Shivneri Colony, Amravati - MPCB",13-09-2026 15:00:00,20.9402359,77.7895248,PM2.5,17,30,24
India,Maharashtra,Amravati,"Shivneri Colony, Amravati - MPCB",13-09-2026 15:00:00,20.9402359,77.7895248,PM10,19,37,27
India,Maharashtra,Amravati,"Shri Shivaji Science College, Amravati - MPCB",13-09-2026 15:00:00,20.939198,77.765701,NH3,2,3,2
India,Maharashtra,Aurangabad,"MIDC Chilkalthana, Aurangabad - MPCB",13-09-2026 15:00:00,19.87562,75.38731,PM10,44,45,44
India,Maharashtra,Aurangabad,"MIDC Chilkalthana, Aurangabad - MPCB",13-09-2026 15:00:00,19.87562,75.38731,NH3,6,6,6
India,Maharashtra,Aurangabad,"MIDC Chilkalthana, Aurangabad - MPCB",13-09-2026 15:00:00,19.87562,75.38731,SO2,0,1,0
India,Maharashtra,Nashik,"Hirawadi, Nashik - MPCB",13-09-2026 15:00:00,20.021503,73.813844,NH3,1,2,1
India,Maharashtra,Nashik,"Hirawadi, Nashik - MPCB",13-09-2026 15:00:00,20.021503,73.813844,CO,24,33,27
India,Maharashtra,Nashik,"MIDC Ambad, Nashik - MPCB",13-09-2026 15:00:00,19.95022,73.73148,PM2.5,7,45,30
India,Maharashtra,Nashik,"Gangapur Road, Nashik - MPCB",13-09-2026 15:00:00,20.0073285,73.7762427,PM2.5,NA,NA,NA
India,Maharashtra,Navi Mumbai,"Kopripada-Vashi, Navi Mumbai - MPCB",13-09-2026 15:00:00,19.090337,73.014232,NH3,NA,NA,NA
India,Maharashtra,Navi Mumbai,"Tondare-Taloja, Navi Mumbai - MPCB",13-09-2026 15:00:00,19.063,73.1209,PM2.5,16,40,26
India,Maharashtra,Navi Mumbai,"Sanpada, Navi Mumbai - MPCB",13-09-2026 15:00:00,19.0575752,73.0151367,NO2,4,18,10
India,Maharashtra,Navi Mumbai,"Sanpada, Navi Mumbai - MPCB",13-09-2026 15:00:00,19.0575752,73.0151367,NH3,1,24,5
India,Maharashtra,Navi Mumbai,"Sector-2E Kalamboli, Navi Mumbai - MPCB",13-09-2026 15:00:00,19.02579,73.10297,NH3,7,12,9
India,Maharashtra,Navi Mumbai,"Sector-2E Kalamboli, Navi Mumbai - MPCB",13-09-2026 15:00:00,19.02579,73.10297,SO2,2,5,4
India,Maharashtra,Navi Mumbai,"Mahape, Navi Mumbai - MPCB",13-09-2026 15:00:00,19.1135051,73.008978,NO2,42,44,43
India,Maharashtra,Navi Mumbai,"Mahape, Navi Mumbai - MPCB",13-09-2026 15:00:00,19.1135051,73.008978,OZONE,7,10,9
India,Maharashtra,Navi Mumbai,"Nerul, Navi Mumbai - MPCB",13-09-2026 15:00:00,19.008751,73.01662,NO2,4,4,4
India,Maharashtra,Navi Mumbai,"Nerul, Navi Mumbai - MPCB",13-09-2026 15:00:00,19.008751,73.01662,NH3,0,0,0
India,Maharashtra,Navi Mumbai,"Nerul, Navi Mumbai - MPCB",13-09-2026 15:00:00,19.008751,73.01662,OZONE,NA,NA,NA
India,Maharashtra,Pimpri-Chinchwad,"Transport Nagar-Nigdi, Pune - IITM",13-09-2026 15:00:00,18.664282,73.763966,PM2.5,14,300,52
India,Maharashtra,Pimpri-Chinchwad,"Transport Nagar-Nigdi, Pune - IITM",13-09-2026 15:00:00,18.664282,73.763966,NO2,23,35,28
India,Madhya Pradesh,Gwalior,"Maharaj Bada, Gwalior - MPPCB",13-09-2026 15:00:00,26.200388,78.147714,CO,30,55,45
India,Madhya Pradesh,Gwalior,"Maharaj Bada, Gwalior - MPPCB",13-09-2026 15:00:00,26.200388,78.147714,OZONE,29,50,42
India,Madhya Pradesh,Gwalior,"City Center, Gwalior - MPPCB",13-09-2026 15:00:00,26.203442,78.193251,NH3,1,2,2
India,Madhya Pradesh,Gwalior,"City Center, Gwalior - MPPCB",13-09-2026 15:00:00,26.203442,78.193251,OZONE,13,41,28
India,Madhya Pradesh,Indore,"Maguda Nagar, Indore - IMC",13-09-2026 15:00:00,22.7524,75.8872,PM10,NA,NA,NA
India,Madhya Pradesh,Indore,"Maguda Nagar, Indore - IMC",13-09-2026 15:00:00,22.7524,75.8872,CO,36,39,38
India,Madhya Pradesh,Indore,"Regional Park, Indore - IMC",13-09-2026 15:00:00,22.678,75.8559,NH3,0,11,2
India,Madhya Pradesh,Indore,"Regional Park, Indore - IMC",13-09-2026 15:00:00,22.678,75.8559,SO2,44,57,48
India,Madhya Pradesh,Jabalpur,"Marhatal, Jabalpur - MPPCB",13-09-2026 15:00:00,23.168606,79.932247,NO2,71,84,75
India,Madhya Pradesh,Jabalpur,"Suhagi, Jabalpur - JMC",13-09-2026 15:00:00,23.218135,79.95777,PM2.5,26,62,44
India,Madhya Pradesh,Jabalpur,"Govindh Bhavan Colony, Jabalpur - JMC",13-09-2026 15:00:00,23.163174,79.973061,SO2,3,4,4
India,Madhya Pradesh,Katni,"Gole Bazar, Katni - MPPCB",13-09-2026 15:00:00,23.50016,80.23284,SO2,2,35,22
India,Madhya Pradesh,Katni,"Gole Bazar, Katni - MPPCB",13-09-2026 15:00:00,23.50016,80.23284,OZONE,24,44,33
India,Madhya Pradesh,Maihar,"Sahilara, Maihar - KJS Cements",13-09-2026 15:00:00,24.2613009,80.7231783,NO2,38,62,49
India,Madhya Pradesh,Maihar,"Sahilara, Maihar - KJS Cements",13-09-2026 15:00:00,24.2613009,80.7231783,SO2,12,12,12
India,Madhya Pradesh,Maihar,"Sahilara, Maihar - KJS Cements",13-09-2026 15:00:00,24.2613009,80.7231783,CO,27,28,27
India,Maharashtra,Latur,"Sawe Wadi, Latur - MPCB",13-09-2026 15:00:00,18.39963,76.57452,PM10,21,51,33
India,Maharashtra,Mahad,"Kamble Tarf Birwadi, Mahad - MPCB",13-09-2026 15:00:00,18.1023399,73.4783687,NO2,6,16,11
India,Maharashtra,Mahad,"Kamble Tarf Birwadi, Mahad - MPCB",13-09-2026 15:00:00,18.1023399,73.4783687,CO,1,2,1
India,Maharashtra,Malegaon,"Mahesh Nagar, Malegaon - MPCB",13-09-2026 15:00:00,20.555712,74.529236,PM2.5,18,268,57
India,Maharashtra,Mira-Bhayandar,"Bhayandar West, Mira-Bhayandar - MPCB",13-09-2026 15:00:00,19.296481,72.840923,PM10,NA,NA,NA
India,Maharashtra,Mira-Bhayandar,"Bhayandar West, Mira-Bhayandar - MPCB",13-09-2026 15:00:00,19.296481,72.840923,NH3,1,20,9
India,Maharashtra,Mumbai,"Shivaji Nagar, Mumbai - BMC",13-09-2026 15:00:00,19.060498,72.923356,PM10,19,60,36
India,Maharashtra,Mumbai,"Navy Nagar-Colaba, Mumbai - IITM",13-09-2026 15:00:00,18.897756,72.81332,NH3,1,3,2
India,Maharashtra,Mumbai,"Navy Nagar-Colaba, Mumbai - IITM",13-09-2026 15:00:00,18.897756,72.81332,OZONE,12,24,19
India,Maharashtra,Mumbai,"Mulund West, Mumbai - MPCB",13-09-2026 15:00:00,19.175,72.9419,PM10,NA,NA,NA
India,Maharashtra,Mumbai,"Mulund West, Mumbai - MPCB",13-09-2026 15:00:00,19.175,72.9419,NO2,NA,NA,NA
India,Maharashtra,Mumbai,"Mulund West, Mumbai - MPCB",13-09-2026 15:00:00,19.175,72.9419,CO,10,10,10
India,Maharashtra,Mumbai,"Mulund West, Mumbai - MPCB",13-09-2026 15:00:00,19.175,72.9419,OZONE,NA,NA,NA
India,Maharashtra,Mumbai,"Worli, Mumbai - MPCB",13-09-2026 15:00:00,18.9936162,72.8128113,NO2,3,26,13
India,Maharashtra,Mumbai,"Byculla, Mumbai - BMC",13-09-2026 15:00:00,18.9767,72.838,PM2.5,17,33,24
India,Maharashtra,Mumbai,"Byculla, Mumbai - BMC",13-09-2026 15:00:00,18.9767,72.838,OZONE,2,11,7
India,Maharashtra,Mumbai,"Kherwadi_Bandra East, Mumbai - MPCB",13-09-2026 15:00:00,19.0632143,72.8456324,PM10,23,115,51
India,Maharashtra,Mumbai,"Kherwadi_Bandra East, Mumbai - MPCB",13-09-2026 15:00:00,19.0632143,72.8456324,OZONE,24,25,24
India,Maharashtra,Mumbai,"Siddharth Nagar-Worli, Mumbai - IITM",13-09-2026 15:00:00,19.000083,72.813993,NO2,15,73,26
India,Maharashtra,Mumbai,"Siddharth Nagar-Worli, Mumbai - IITM",13-09-2026 15:00:00,19.000083,72.813993,NH3,0,1,1
India,Maharashtra,Mumbai,"Mazgaon, Mumbai - IITM",13-09-2026 15:00:00,18.96702,72.84214,PM2.5,12,29,19
India,Maharashtra,Mumbai,"Mazgaon, Mumbai - IITM",13-09-2026 15:00:00,18.96702,72.84214,PM10,18,57,35
India,Maharashtra,Mumbai,"Mazgaon, Mumbai - IITM",13-09-2026 15:00:00,18.96702,72.84214,NO2,12,30,22
India,Maharashtra,Mumbai,"Kurla, Mumbai - MPCB",13-09-2026 15:00:00,19.0863,72.8888,PM2.5,5,105,30
India,Maharashtra,Mumbai,"Kurla, Mumbai - MPCB",13-09-2026 15:00:00,19.0863,72.8888,CO,25,25,25
India,Maharashtra,Mumbai,"Ghatkopar, Mumbai - BMC",13-09-2026 15:00:00,19.083694,72.920967,PM10,20,37,30
India,Maharashtra,Mumbai,"Deonar, Mumbai - IITM",13-09-2026 15:00:00,19.04946,72.923,PM2.5,14,41,25
India,Maharashtra,Mumbai,"Deonar, Mumbai - IITM",13-09-2026 15:00:00,19.04946,72.923,SO2,2,5,4
India,Maharashtra,Mumbai,"Chhatrapati Shivaji Intl. Airport (T2), Mumbai - MPCB",13-09-2026 15:00:00,19.10078,72.87462,NO2,13,13,13
India,Maharashtra,Mumbai,"Chhatrapati Shivaji Intl. Airport (T2), Mumbai - MPCB",13-09-2026 15:00:00,19.10078,72.87462,NH3,1,1,1
India,Maharashtra,Mumbai,"Bandra Kurla Complex, Mumbai - IITM",13-09-2026 15:00:00,19.053536,72.84643,NH3,8,25,12
India,Maharashtra,Mumbai,"Bandra Kurla Complex, Mumbai - IITM",13-09-2026 15:00:00,19.053536,72.84643,SO2,NA,NA,NA
India,Maharashtra,Mumbai,"Bandra Kurla Complex, Mumbai - IITM",13-09-2026 15:00:00,19.053536,72.84643,OZONE,10,14,12
India,Maharashtra,Mumbai,"Borivali East, Mumbai - IITM",13-09-2026 15:00:00,19.23241,72.86895,PM2.5,14,34,23
India,Maharashtra,Mumbai,"Borivali East, Mumbai - IITM",13-09-2026 15:00:00,19.23241,72.86895,SO2,NA,NA,NA
India,Maharashtra,Mumbai,"Khindipada-Bhandup West, Mumbai - IITM",13-09-2026 15:00:00,19.1653323,72.922099,PM10,5,32,17
India,Maharashtra,Mumbai,"Khindipada-Bhandup West, Mumbai - IITM",13-09-2026 15:00:00,19.1653323,72.922099,OZONE,9,21,16
India,Maharashtra,Mumbai,"Kandivali West, Mumbai - BMC",13-09-2026 15:00:00,19.215859,72.831718,NH3,NA,NA,NA
India,Maharashtra,Mumbai,"Chembur, Mumbai - MPCB",13-09-2026 15:00:00,19.0364585,72.8954371,PM2.5,8,23,13
India,Maharashtra,Mumbai,"Chembur, Mumbai - MPCB",13-09-2026 15:00:00,19.0364585,72.8954371,SO2,2,15,4
India,Maharashtra,Mumbai,"Bandra Kurla Complex, Mumbai - MPCB",13-09-2026 15:00:00,19.065931,72.862131,NH3,NA,NA,NA
India,Maharashtra,Nagpur,"Mahal, Nagpur - MPCB",13-09-2026 15:00:00,21.14472,79.107595,PM10,18,54,34
India,Maharashtra,Nagpur,"Opp GPO Civil Lines, Nagpur - MPCB",13-09-2026 15:00:00,21.152875,79.0517531,PM2.5,6,70,32
India,Maharashtra,Nagpur,"Ram Nagar, Nagpur - MPCB",13-09-2026 15:00:00,21.143383,79.048912,NO2,8,24,14
India,Maharashtra,Nagpur,"Ambazari, Nagpur - MPCB",13-09-2026 15:00:00,21.121801,79.04952,PM2.5,17,56,32
India,Maharashtra,Nanded,"Sneh Nagar, Nanded - MPCB",13-09-2026 15:00:00,19.173852,77.296291,OZONE,13,43,30
India,Maharashtra,Chandrapur,"Chauhan Colony, Chandrapur - MPCB",13-09-2026 15:00:00,19.9629,79.298714,CO,27,28,28
India,Maharashtra,Chandrapur,"Chauhan Colony, Chandrapur - MPCB",13-09-2026 15:00:00,19.9629,79.298714,OZONE,1,5,2
India,Maharashtra,Dombivli,"Kalu Nagar, Dombivli - MPCB",13-09-2026 15:00:00,19.2268427,73.0788456,PM2.5,3,25,11
India,Maharashtra,Dombivli,"Kalu Nagar, Dombivli - MPCB",13-09-2026 15:00:00,19.2268427,73.0788456,NO2,6,25,16
India,Maharashtra,Jalgaon,"Prabhat Colony, Jalgaon - MPCB",13-09-2026 15:00:00,21.001264,75.565602,OZONE,12,17,15
India,Maharashtra,Jalna,"Old MIDC, Jalna - MPCB",13-09-2026 15:00:00,19.854616,75.905894,SO2,NA,NA,NA
India,Maharashtra,Jalna,"Old MIDC, Jalna - MPCB",13-09-2026 15:00:00,19.854616,75.905894,CO,10,17,13
India,Maharashtra,Kalyan,"Khadakpada, Kalyan - MPCB",13-09-2026 15:00:00,19.25292,73.142019,PM2.5,13,46,23
India,Maharashtra,Kalyan,"Khadakpada, Kalyan - MPCB",13-09-2026 15:00:00,19.25292,73.142019,SO2,NA,NA,NA
India,Maharashtra,Kalyan,"Pimpleshwar Mandir, Kalyan - MPCB",13-09-2026 15:00:00,19.192056,72.9585188,PM10,NA,NA,NA
India,Maharashtra,Kolhapur,"Shivaji University, Kolhapur - MPCB",13-09-2026 15:00:00,16.6870449,74.2505872,OZONE,7,13,11
India,Maharashtra,Latur,"Sawe Wadi, Latur - MPCB",13-09-2026 15:00:00,18.39963,76.57452,PM2.5,12,36,25
India,Maharashtra,Aurangabad,"Rachnakar Colony, Aurangabad - MPCB",13-09-2026 15:00:00,19.863756,75.321188,PM10,22,52,35
India,Maharashtra,Aurangabad,"Rachnakar Colony, Aurangabad - MPCB",13-09-2026 15:00:00,19.863756,75.321188,NH3,1,2,1
India,Maharashtra,Badlapur,"Katrap, Badlapur - MPCB",13-09-2026 15:00:00,19.16485,73.23409,PM10,32,33,32
India,Maharashtra,Beed,"Bir, Beed - MPCB",13-09-2026 15:00:00,18.988474,75.753873,PM10,NA,NA,NA
India,Maharashtra,Beed,"Bir, Beed - MPCB",13-09-2026 15:00:00,18.988474,75.753873,NH3,3,4,3
India,Maharashtra,Beed,"Bir, Beed - MPCB",13-09-2026 15:00:00,18.988474,75.753873,CO,11,19,15
India,Maharashtra,Bhiwandi,"Gokul Nagar, Bhiwandi - MPCB",13-09-2026 15:00:00,19.309073,73.057223,PM10,43,49,46
India,Maharashtra,Bhiwandi,"Gokul Nagar, Bhiwandi - MPCB",13-09-2026 15:00:00,19.309073,73.057223,NO2,NA,NA,NA
India,Maharashtra,Bhiwandi,"Gokul Nagar, Bhiwandi - MPCB",13-09-2026 15:00:00,19.309073,73.057223,SO2,3,4,3
India,Maharashtra,Boisar,"Khaira, Boisar - MPCB",13-09-2026 15:00:00,19.786089,72.757971,NH3,5,6,5
India,Maharashtra,Boisar,"Khaira, Boisar - MPCB",13-09-2026 15:00:00,19.786089,72.757971,SO2,3,5,4
India,Maharashtra,Boisar,"Khaira, Boisar - MPCB",13-09-2026 15:00:00,19.786089,72.757971,OZONE,30,44,35
India,Maharashtra,Chandrapur,"MIDC Khutala, Chandrapur - MPCB",13-09-2026 15:00:00,19.9775302,79.2337086,SO2,3,4,3
India,Kerala,Thiruvananthapuram,"Plammoodu, Thiruvananthapuram - Kerala PCB",13-09-2026 15:00:00,8.5149093,76.9435879,PM10,36,72,51
India,Kerala,Thiruvananthapuram,"Plammoodu, Thiruvananthapuram - Kerala PCB",13-09-2026 15:00:00,8.5149093,76.9435879,SO2,11,19,16
India,Kerala,Thiruvananthapuram,"Kariavattom, Thiruvananthapuram - Kerala PCB",13-09-2026 15:00:00,8.5637,76.8865,PM10,37,117,77
India,Kerala,Thiruvananthapuram,"Kariavattom, Thiruvananthapuram - Kerala PCB",13-09-2026 15:00:00,8.5637,76.8865,CO,20,23,21
India,Kerala,Thiruvananthapuram,"Kariavattom, Thiruvananthapuram - Kerala PCB",13-09-2026 15:00:00,8.5637,76.8865,OZONE,30,31,31
India,Kerala,Thrissur,"Corporation Ground, Thrissur - Kerala PCB",13-09-2026 15:00:00,10.5324,76.2159,PM2.5,50,67,60
India,Kerala,Thrissur,"Corporation Ground, Thrissur - Kerala PCB",13-09-2026 15:00:00,10.5324,76.2159,CO,18,22,20
India,Madhya Pradesh,Bhopal,"Idgah Hills, Bhopal - MPPCB",13-09-2026 15:00:00,23.264759,77.381568,SO2,5,7,6
India,Madhya Pradesh,Bhopal,"Paryavaran Parisar, Bhopal - MPPCB",13-09-2026 15:00:00,23.210494,77.425409,PM2.5,20,53,32
India,Madhya Pradesh,Bhopal,"Paryavaran Parisar, Bhopal - MPPCB",13-09-2026 15:00:00,23.210494,77.425409,NH3,0,2,2
India,Madhya Pradesh,Bhopal,"Paryavaran Parisar, Bhopal - MPPCB",13-09-2026 15:00:00,23.210494,77.425409,OZONE,19,43,30
India,Nagaland,Kohima,"PWD Junction, Kohima - NPCB",13-09-2026 15:00:00,25.6635413,94.0989878,OZONE,1,1,1
India,Odisha,Balasore,"Kalidaspur, Balasore - OSPCB",13-09-2026 15:00:00,21.51161,86.89088,PM10,24,67,42
India,Odisha,Balasore,"Kalidaspur, Balasore - OSPCB",13-09-2026 15:00:00,21.51161,86.89088,NH3,3,4,3
India,Odisha,Balasore,"Kalidaspur, Balasore - OSPCB",13-09-2026 15:00:00,21.51161,86.89088,OZONE,3,42,28
India,Odisha,Barbil,"Forest Office, Barbil - OSPCB",13-09-2026 15:00:00,22.1166054,85.3945546,SO2,9,40,14
India,Odisha,Baripada,"Meher Colony, Baripada - OSPCB",13-09-2026 15:00:00,21.941841,86.728318,PM10,19,45,32
India,Odisha,Bhubaneswar,"Patia, Bhubaneswar - OSPCB",13-09-2026 15:00:00,20.34652,85.8163,PM2.5,7,55,26
India,Odisha,Bhubaneswar,"Patia, Bhubaneswar - OSPCB",13-09-2026 15:00:00,20.34652,85.8163,NH3,3,9,5
India,Odisha,Bhubaneswar,"Patia, Bhubaneswar - OSPCB",13-09-2026 15:00:00,20.34652,85.8163,SO2,8,14,11
India,Odisha,Bhubaneswar,"Patia, Bhubaneswar - OSPCB",13-09-2026 15:00:00,20.34652,85.8163,OZONE,24,46,39
India,Odisha,Bileipada,"Tata Township, Bileipada - OSPCB",13-09-2026 15:00:00,22.06156703,85.47409613,SO2,7,7,7
India,Odisha,Brajrajnagar,"GM Office, Brajrajnagar - OSPCB",13-09-2026 15:00:00,21.8004996,83.8396977,CO,52,58,55
India,Odisha,Byasanagar,"Ferro Chrome Colony, Byasanagar - OSPCB",13-09-2026 15:00:00,20.94185,86.1151,CO,36,40,38
India,Odisha,Byasanagar,"Ferro Chrome Colony, Byasanagar - OSPCB",13-09-2026 15:00:00,20.94185,86.1151,OZONE,32,51,47
India,Odisha,Cuttack,"CDA Area, Cuttack - OSPCB",13-09-2026 15:00:00,20.48891,85.84768,CO,21,25,23
India,Odisha,Keonjhar,"Jagamohanpur, Keonjhar - OSPCB",13-09-2026 15:00:00,21.6439,85.599355,PM10,40,61,49
India,Maharashtra,Pimpri-Chinchwad,"Bhumkar Nagar, Pune - IITM",13-09-2026 15:00:00,18.60577,73.749976,SO2,NA,NA,NA
India,Maharashtra,Pimpri-Chinchwad,"Gavalinagar, Pimpri Chinchwad - MPCB",13-09-2026 15:00:00,18.63673,73.82487,NH3,0,1,0
India,Maharashtra,Pimpri-Chinchwad,"Park Street Wakad, Pimpri Chinchwad - MPCB",13-09-2026 15:00:00,18.59051,73.77946,PM2.5,NA,NA,NA
India,Maharashtra,Pimpri-Chinchwad,"Bhosari, Pune - IITM",13-09-2026 15:00:00,18.640051,73.848956,NH3,NA,NA,NA
India,Maharashtra,Pimpri-Chinchwad,"Bhosari, Pune - IITM",13-09-2026 15:00:00,18.640051,73.848956,OZONE,NA,NA,NA
India,Maharashtra,Pimpri-Chinchwad,"Savta Mali Nagar, Pimpri-Chinchwad - IITM",13-09-2026 15:00:00,18.614767,73.799516,NO2,18,32,25
India,Maharashtra,Pimpri-Chinchwad,"Thergaon, Pimpri Chinchwad - MPCB",13-09-2026 15:00:00,18.616318,73.765797,NO2,13,30,21
India,Maharashtra,Pune,"Hadapsar, Pune - IITM",13-09-2026 15:00:00,18.501793,73.927532,OZONE,7,12,10
India,Maharashtra,Pune,"Panchawati_Pashan, Pune - IITM",13-09-2026 15:00:00,18.536457,73.805454,PM2.5,23,49,35
India,Maharashtra,Pune,"Panchawati_Pashan, Pune - IITM",13-09-2026 15:00:00,18.536457,73.805454,PM10,32,74,52
India,Maharashtra,Pune,"Panchawati_Pashan, Pune - IITM",13-09-2026 15:00:00,18.536457,73.805454,CO,2,30,16
India,Maharashtra,Pune,"Dhankawadi, Pune - IITM",13-09-2026 15:00:00,18.459883,73.852193,OZONE,4,8,7
India,Maharashtra,Pune,"Revenue Colony-Shivajinagar, Pune - IITM",13-09-2026 15:00:00,18.530085,73.849598,NO2,16,30,23
India,Maharashtra,Pune,"Revenue Colony-Shivajinagar, Pune - IITM",13-09-2026 15:00:00,18.530085,73.849598,CO,65,87,77
India,Maharashtra,Sangli,"Vijay Nagar, Sangli - MPCB",13-09-2026 15:00:00,16.5038,74.3623,PM2.5,NA,NA,NA
India,Maharashtra,Sangli,"Vijay Nagar, Sangli - MPCB",13-09-2026 15:00:00,16.5038,74.3623,NO2,1,10,5
India,Maharashtra,Satara,"Koyana Nagar, Satara - MPCB",13-09-2026 15:00:00,17.696651,74.003387,PM2.5,5,116,40
India,Maharashtra,Solapur,"Ratandeep Housing Society, Solapur - MPCB",13-09-2026 15:00:00,17.65439,75.90649,NH3,2,10,4
India,Maharashtra,Solapur,"Dnyaneshwar Nagar, Solapur - MPCB",13-09-2026 15:00:00,17.6336264,75.9132495,PM2.5,17,53,32
India,Maharashtra,Solapur,"Dnyaneshwar Nagar, Solapur - MPCB",13-09-2026 15:00:00,17.6336264,75.9132495,SO2,1,4,3
India,Maharashtra,Thane,"Kasarvadavali, Thane - MPCB",13-09-2026 15:00:00,19.26777,72.97182,NO2,NA,NA,NA
India,Maharashtra,Thane,"Kasarvadavali, Thane - MPCB",13-09-2026 15:00:00,19.26777,72.97182,OZONE,4,10,7
India,Maharashtra,Thane,"Upvan Fort, Thane - MPCB",13-09-2026 15:00:00,19.222279,72.957979,SO2,0,5,2
India,Maharashtra,Ulhasnagar,"Sidhi Vinayak Nagar, Ulhasnagar - MPCB",13-09-2026 15:00:00,19.235581,73.159121,PM10,23,77,41
India,Maharashtra,Ulhasnagar,"Sidhi Vinayak Nagar, Ulhasnagar - MPCB",13-09-2026 15:00:00,19.235581,73.159121,NH3,2,2,2
India,Maharashtra,Ulhasnagar,"Vithalwadi, Ulhasnagar - MPCB",13-09-2026 15:00:00,19.2307571,73.155192,PM10,12,32,19
India,Maharashtra,Ulhasnagar,"Vithalwadi, Ulhasnagar - MPCB",13-09-2026 15:00:00,19.2307571,73.155192,NO2,7,9,8
India,Maharashtra,Ulhasnagar,"Vithalwadi, Ulhasnagar - MPCB",13-09-2026 15:00:00,19.2307571,73.155192,OZONE,5,7,6
India,Maharashtra,Virar,"Bolinj, Virar - MPCB",13-09-2026 15:00:00,19.445821,72.7988231,SO2,0,7,2
India,Meghalaya,Shillong,"Lumpyngngad, Shillong - Meghalaya PCB",13-09-2026 15:00:00,25.5586,91.8985,PM10,NA,NA,NA
India,Meghalaya,Shillong,"Lumpyngngad, Shillong - Meghalaya PCB",13-09-2026 15:00:00,25.5586,91.8985,NH3,0,0,0
India,Meghalaya,Shillong,"Lumpyngngad, Shillong - Meghalaya PCB",13-09-2026 15:00:00,25.5586,91.8985,OZONE,27,35,31
India,Odisha,Keonjhar,"Jagamohanpur, Keonjhar - OSPCB",13-09-2026 15:00:00,21.6439,85.599355,OZONE,11,15,14
India,Odisha,Paradeep,"Nua Sandhakuda, Paradeep - OSPCB",13-09-2026 15:00:00,20.258828,86.665185,NH3,5,6,5
India,Odisha,Paradeep,"Nua Sandhakuda, Paradeep - OSPCB",13-09-2026 15:00:00,20.258828,86.665185,SO2,25,40,28
India,Odisha,Paradeep,"Nua Sandhakuda, Paradeep - OSPCB",13-09-2026 15:00:00,20.258828,86.665185,CO,81,86,82
India,Odisha,Paradeep,"Nua Sandhakuda, Paradeep - OSPCB",13-09-2026 15:00:00,20.258828,86.665185,OZONE,43,45,45
India,Odisha,Rourkela,"Fertilizer Township, Rourkela - OSPCB",13-09-2026 15:00:00,22.18972222,84.86277778,NH3,NA,NA,NA
India,Odisha,Rourkela,"Sector-2, Rourkela - OSPCB",13-09-2026 15:00:00,22.245,84.88111111,PM2.5,26,48,40
India,Odisha,Rourkela,"Sector-2, Rourkela - OSPCB",13-09-2026 15:00:00,22.245,84.88111111,PM10,23,222,189
India,Odisha,Rourkela,"Sector-2, Rourkela - OSPCB",13-09-2026 15:00:00,22.245,84.88111111,CO,20,20,20
India,Puducherry,Puducherry,"Jawahar Nagar, Puducherry - PPCC",13-09-2026 15:00:00,11.9309,79.8027,PM2.5,13,73,28
India,Puducherry,Puducherry,"Jawahar Nagar, Puducherry - PPCC",13-09-2026 15:00:00,11.9309,79.8027,NH3,1,10,3
India,Punjab,Amritsar,"Golden Temple, Amritsar - PPCB",13-09-2026 15:00:00,31.62,74.876512,OZONE,11,49,38
India,Punjab,Jalandhar,"Civil Line, Jalandhar - PPCB",13-09-2026 15:00:00,31.321907,75.578914,OZONE,23,44,32
India,Punjab,Khanna,"Kalal Majra, Khanna - PPCB",13-09-2026 15:00:00,30.736056,76.209694,PM10,NA,NA,NA
India,Punjab,Mandi Gobindgarh,"RIMT University, Mandi Gobindgarh - PPCB",13-09-2026 15:00:00,30.649961,76.331442,PM2.5,71,286,146
India,Punjab,Patiala,"Model Town, Patiala - PPCB",13-09-2026 15:00:00,30.349388,76.366642,NH3,3,10,5
India,Punjab,Rupnagar,"Ratanpura, Rupnagar - Ambuja Cements",13-09-2026 15:00:00,31.0325454,76.5623046,PM10,8,62,27
India,Punjab,Rupnagar,"Ratanpura, Rupnagar - Ambuja Cements",13-09-2026 15:00:00,31.0325454,76.5623046,CO,53,57,55
India,Punjab,Rupnagar,"Ratanpura, Rupnagar - Ambuja Cements",13-09-2026 15:00:00,31.0325454,76.5623046,OZONE,NA,NA,NA
India,Rajasthan,Ajmer,"Civil Lines,  Ajmer - RSPCB",13-09-2026 15:00:00,26.470859,74.646594,NO2,17,19,18
India,Rajasthan,Ajmer,"Civil Lines,  Ajmer - RSPCB",13-09-2026 15:00:00,26.470859,74.646594,NH3,7,9,8
India,Rajasthan,Alwar,"Moti Doongri, Alwar - RSPCB",13-09-2026 15:00:00,27.554793,76.611536,PM2.5,39,92,68
India,Rajasthan,Alwar,"Moti Doongri, Alwar - RSPCB",13-09-2026 15:00:00,27.554793,76.611536,PM10,87,116,100
India,Rajasthan,Banswara,"Rati Talai, Banswara - RSPCB",13-09-2026 15:00:00,23.55519,74.44001,CO,20,23,21
India,Rajasthan,Baran,"Bamboliya, Baran - RSPCB",13-09-2026 15:00:00,25.106006,76.469948,CO,26,33,29
India,Rajasthan,Barmer,"Railway Colony, Barmer - RSPCB",13-09-2026 15:00:00,25.747299,71.393989,PM10,17,125,59
India,Rajasthan,Barmer,"Railway Colony, Barmer - RSPCB",13-09-2026 15:00:00,25.747299,71.393989,NO2,3,35,9
India,Rajasthan,Bharatpur,"Krishna Nagar, Bharatpur - RSPCB",13-09-2026 15:00:00,27.215415,77.50873,CO,23,25,24
India,Rajasthan,Bhilwara,"Pratap Nagar, Bhilwara - RSPCB",13-09-2026 15:00:00,25.339605,74.618883,PM2.5,35,77,50
India,Rajasthan,Bhilwara,"Pratap Nagar, Bhilwara - RSPCB",13-09-2026 15:00:00,25.339605,74.618883,PM10,33,116,52
India,Rajasthan,Bhilwara,"Pratap Nagar, Bhilwara - RSPCB",13-09-2026 15:00:00,25.339605,74.618883,NO2,6,17,10
India,Rajasthan,Bhilwara,"Pratap Nagar, Bhilwara - RSPCB",13-09-2026 15:00:00,25.339605,74.618883,OZONE,0,59,37
India,Rajasthan,Bhiwadi,"Vasundhara Nagar_UIT, Bhiwadi - RSPCB",13-09-2026 15:00:00,28.207266,76.829265,CO,6,33,23
India,Rajasthan,Bundi,"New Colony, Bundi - RSPCB",13-09-2026 15:00:00,25.435774,75.644272,PM10,17,62,37
India,Rajasthan,Bundi,"New Colony, Bundi - RSPCB",13-09-2026 15:00:00,25.435774,75.644272,NO2,10,25,16
India,Rajasthan,Bundi,"New Colony, Bundi - RSPCB",13-09-2026 15:00:00,25.435774,75.644272,OZONE,27,51,44
India,Rajasthan,Chittorgarh,"Shastri Nagar, Chittorgarh - RSPCB",13-09-2026 15:00:00,24.892047,74.623527,PM2.5,26,85,54
India,Rajasthan,Hanumangarh,"Housing Board, Hanumangarh - RSPCB",13-09-2026 15:00:00,29.61075,74.283608,CO,20,29,24
India,Rajasthan,Jaipur,"Sector-2 Murlipura, Jaipur - RSPCB",13-09-2026 15:00:00,26.960669,75.771817,NO2,3,15,7
India,Rajasthan,Jaipur,"Adarsh Nagar, Jaipur - RSPCB",13-09-2026 15:00:00,26.902909,75.836858,NH3,4,6,4
India,Rajasthan,Jaipur,"Adarsh Nagar, Jaipur - RSPCB",13-09-2026 15:00:00,26.902909,75.836858,CO,27,42,33
India,Rajasthan,Jaipur,"Shastri Nagar, Jaipur - RSPCB",13-09-2026 15:00:00,26.9502929,75.730943,SO2,1,30,21
India,Rajasthan,Jaipur,"Police Commissionerate, Jaipur - RSPCB",13-09-2026 15:00:00,26.9164092,75.7994901,PM10,39,60,50
India,Rajasthan,Jaipur,"Mansarovar Sector-12, Jaipur - RSPCB",13-09-2026 15:00:00,26.843698,75.766894,NH3,1,2,1
India,Rajasthan,Jaipur,"Mansarovar Sector-12, Jaipur - RSPCB",13-09-2026 15:00:00,26.843698,75.766894,OZONE,42,69,60
India,Rajasthan,Jalore,"Mudtra Sili, Jalore - RSPCB",13-09-2026 15:00:00,25.344694,72.626208,CO,16,26,21
India,Rajasthan,Jhunjhunu,"Indra Nagar, Jhunjhunu - RSPCB",13-09-2026 15:00:00,28.108988,75.386577,PM2.5,8,43,23
India,Rajasthan,Chittorgarh,"Shastri Nagar, Chittorgarh - RSPCB",13-09-2026 15:00:00,24.892047,74.623527,NH3,8,14,10
India,Rajasthan,Dausa,"Khatikan Mohalla, Dausa - RSPCB",13-09-2026 15:00:00,26.895552,76.334753,NO2,3,18,8
India,Rajasthan,Dausa,"Khatikan Mohalla, Dausa - RSPCB",13-09-2026 15:00:00,26.895552,76.334753,NH3,5,11,7
India,Rajasthan,Dholpur,"Raja Ganj, Dholpur - RSPCB",13-09-2026 15:00:00,26.699557,77.898881,PM10,21,54,34
India,Rajasthan,Dungarpur,"Bhoiwada, Dungarpur - RSPCB",13-09-2026 15:00:00,23.837789,73.714926,OZONE,38,42,40
India,Rajasthan,Hanumangarh,"Housing Board, Hanumangarh - RSPCB",13-09-2026 15:00:00,29.61075,74.283608,PM2.5,18,42,31
India,Rajasthan,Hanumangarh,"Housing Board, Hanumangarh - RSPCB",13-09-2026 15:00:00,29.61075,74.283608,NO2,3,14,8
India,Rajasthan,Jhunjhunu,"Indra Nagar, Jhunjhunu - RSPCB",13-09-2026 15:00:00,28.108988,75.386577,CO,18,24,20
India,Rajasthan,Jhunjhunu,"Indra Nagar, Jhunjhunu - RSPCB",13-09-2026 15:00:00,28.108988,75.386577,OZONE,21,60,49
India,Rajasthan,Jodhpur,"Collectorate, Jodhpur - RSPCB",13-09-2026 15:00:00,26.268249,73.0193853,PM10,33,79,59
India,Rajasthan,Jodhpur,"Digari Kalan, Jodhpur - RSPCB",13-09-2026 15:00:00,26.29581,73.082283,PM2.5,2,45,23
India,Rajasthan,Jodhpur,"Digari Kalan, Jodhpur - RSPCB",13-09-2026 15:00:00,26.29581,73.082283,PM10,16,110,42
India,Rajasthan,Jodhpur,"Digari Kalan, Jodhpur - RSPCB",13-09-2026 15:00:00,26.29581,73.082283,NH3,6,16,9
India,Rajasthan,Jodhpur,"Samrat Ashok Udhyan, Jodhpur - RSPCB",13-09-2026 15:00:00,26.253384,72.976571,NO2,4,34,17
India,Uttar Pradesh,Bareilly,"Civil Lines, Bareilly - UPPCB",13-09-2026 15:00:00,28.359581,79.414455,SO2,43,79,58
India,Uttar Pradesh,Bulandshahr,"Yamunapuram, Bulandshahr - UPPCB",13-09-2026 15:00:00,28.406963,77.849831,SO2,4,10,6
India,Uttar Pradesh,Bulandshahr,"Yamunapuram, Bulandshahr - UPPCB",13-09-2026 15:00:00,28.406963,77.849831,CO,24,30,27
India,Uttar Pradesh,Bulandshahr,"Yamunapuram, Bulandshahr - UPPCB",13-09-2026 15:00:00,28.406963,77.849831,OZONE,18,61,46
India,Uttar Pradesh,Fatehpur Sikri,"Dadupura, Fatehpur Sikri - UPPCB",13-09-2026 15:00:00,27.097694,77.671335,NH3,2,2,2
India,Uttar Pradesh,Fatehpur Sikri,"Dadupura, Fatehpur Sikri - UPPCB",13-09-2026 15:00:00,27.097694,77.671335,CO,9,14,11
India,Uttar Pradesh,Firozabad,"Nagla Bhau, Firozabad - UPPCB",13-09-2026 15:00:00,27.168897,78.37696,PM2.5,NA,NA,NA
India,Uttar Pradesh,Firozabad,"Nagla Bhau, Firozabad - UPPCB",13-09-2026 15:00:00,27.168897,78.37696,OZONE,10,18,13
India,Uttar Pradesh,Firozabad,"Vibhab Nagar, Firozabad - UPPCB",13-09-2026 15:00:00,27.1594,78.3953,SO2,8,8,8
India,Uttar Pradesh,Gajraula,"Rajanpur, Gajraula - UPPCB",13-09-2026 15:00:00,28.829109,78.248796,PM10,40,89,63
India,Uttar Pradesh,Gajraula,"Rajanpur, Gajraula - UPPCB",13-09-2026 15:00:00,28.829109,78.248796,NH3,0,5,1
India,Uttar Pradesh,Ghaziabad,"Vasundhara, Ghaziabad - UPPCB",13-09-2026 15:00:00,28.6603346,77.3572563,PM10,52,163,92
India,Uttar Pradesh,Ghaziabad,"Vasundhara, Ghaziabad - UPPCB",13-09-2026 15:00:00,28.6603346,77.3572563,NH3,3,12,7
India,Uttar Pradesh,Ghaziabad,"Vasundhara, Ghaziabad - UPPCB",13-09-2026 15:00:00,28.6603346,77.3572563,SO2,3,13,10
India,Uttar Pradesh,Ghaziabad,"Ved Vihar-Loni, Ghaziabad - UPPCB",13-09-2026 15:00:00,28.739153,77.273668,NO2,22,66,34
India,Uttar Pradesh,Ghaziabad,"Ved Vihar-Loni, Ghaziabad - UPPCB",13-09-2026 15:00:00,28.739153,77.273668,CO,82,95,88
India,Uttar Pradesh,Ghaziabad,"Wave City, Ghaziabad - UPPCB",13-09-2026 15:00:00,28.646675,77.489049,SO2,1,3,2
India,Uttar Pradesh,Ghaziabad,"Indirapuram, Ghaziabad - UPPCB",13-09-2026 15:00:00,28.646233,77.358075,NO2,14,39,28
India,Uttar Pradesh,Ghaziabad,"Sanjay Nagar, Ghaziabad - UPPCB",13-09-2026 15:00:00,28.685382,77.453839,NH3,6,12,8
India,Uttar Pradesh,Ghaziabad,"Govindpuram, Ghaziabad - UPPCB",13-09-2026 15:00:00,28.694528,77.494705,NH3,0,3,2
India,Rajasthan,Karauli,"Satyawati Vihar, Karauli - RSPCB",13-09-2026 15:00:00,26.506177,77.025989,CO,13,18,16
India,Rajasthan,Khairthal,"New Anaj Mandi, Khairthal - RSPCB",13-09-2026 15:00:00,27.8015617,76.6365217,NH3,2,13,5
India,Rajasthan,Nagaur,"Karni Colony, Nagaur - RSPCB",13-09-2026 15:00:00,27.213494,73.734444,PM10,26,95,61
India,Rajasthan,Nagaur,"Karni Colony, Nagaur - RSPCB",13-09-2026 15:00:00,27.213494,73.734444,SO2,1,7,3
India,Rajasthan,Pali,"Indira Colony Vistar, Pali - RSPCB",13-09-2026 15:00:00,25.771061,73.340227,CO,17,40,30
India,Rajasthan,Pratapgarh,"Pragati Nagar, Pratapgarh - RSPCB",13-09-2026 15:00:00,24.041198,74.780702,NH3,3,5,4
India,Rajasthan,Pratapgarh,"Pragati Nagar, Pratapgarh - RSPCB",13-09-2026 15:00:00,24.041198,74.780702,CO,26,30,28
India,Rajasthan,Rajsamand,"Dhoinda, Rajsamand - RSPCB",13-09-2026 15:00:00,25.03636,73.883502,PM2.5,3,88,25
India,Rajasthan,Rajsamand,"Dhoinda, Rajsamand - RSPCB",13-09-2026 15:00:00,25.03636,73.883502,SO2,2,4,3
India,Rajasthan,Sawai Madhopur,"Sahu Nagar, Sawai Madhopur - RSPCB",13-09-2026 15:00:00,26.031443,76.359327,SO2,4,12,8
India,Rajasthan,Sawai Madhopur,"Sahu Nagar, Sawai Madhopur - RSPCB",13-09-2026 15:00:00,26.031443,76.359327,OZONE,36,65,55
India,Rajasthan,Sikar,"Radhakishan Pura, Sikar - RSPCB",13-09-2026 15:00:00,27.608912,75.153302,PM2.5,37,60,50
India,Rajasthan,Sirohi,"Vedhaynath Colony, Sirohi - RSPCB",13-09-2026 15:00:00,24.885261,72.857549,NH3,2,12,4
India,Rajasthan,Sri Ganganagar,"Old City, Sri Ganganagar - RSPCB",13-09-2026 15:00:00,29.931624,73.864511,SO2,4,7,5
India,Rajasthan,Tonk,"Shastri Nagar, Tonk - RSPCB",13-09-2026 15:00:00,26.159933,75.780517,PM10,29,66,46
India,Rajasthan,Tonk,"Shastri Nagar, Tonk - RSPCB",13-09-2026 15:00:00,26.159933,75.780517,NO2,3,19,8
India,Uttar Pradesh,Moradabad,"Jigar Colony, Moradabad - UPPCB",13-09-2026 15:00:00,28.856664,78.772638,PM2.5,24,52,36
India,Uttar Pradesh,Moradabad,"Jigar Colony, Moradabad - UPPCB",13-09-2026 15:00:00,28.856664,78.772638,PM10,24,68,45
India,Uttar Pradesh,Moradabad,"Jigar Colony, Moradabad - UPPCB",13-09-2026 15:00:00,28.856664,78.772638,NO2,25,25,25
India,Uttar Pradesh,Moradabad,"Eco Herbal Park, Moradabad - UPPCB",13-09-2026 15:00:00,28.840739,78.697531,NH3,5,6,6
India,Uttar Pradesh,Moradabad,"Kashiram Nagar, Moradabad - UPPCB",13-09-2026 15:00:00,28.849399,78.742362,PM2.5,19,54,37
India,Uttar Pradesh,Moradabad,"Kashiram Nagar, Moradabad - UPPCB",13-09-2026 15:00:00,28.849399,78.742362,PM10,27,68,48
India,Uttar Pradesh,Moradabad,"Kashiram Nagar, Moradabad - UPPCB",13-09-2026 15:00:00,28.849399,78.742362,SO2,36,59,44
India,Uttar Pradesh,Moradabad,"Transport Nagar, Moradabad - UPPCB",13-09-2026 15:00:00,28.802625,78.753728,PM2.5,19,119,49
India,Uttar Pradesh,Moradabad,"Transport Nagar, Moradabad - UPPCB",13-09-2026 15:00:00,28.802625,78.753728,OZONE,NA,NA,NA
India,Uttar Pradesh,Moradabad,"Buddhi Vihar, Moradabad - UPPCB",13-09-2026 15:00:00,28.83526,78.7446,OZONE,26,34,30
India,Uttar Pradesh,Muzaffarnagar,"New Mandi, Muzaffarnagar - UPPCB",13-09-2026 15:00:00,29.4723508,77.7194031,SO2,8,55,22
India,Uttar Pradesh,Muzaffarnagar,"New Mandi, Muzaffarnagar - UPPCB",13-09-2026 15:00:00,29.4723508,77.7194031,CO,38,46,41
India,Uttar Pradesh,Noida,"Sector-1, Noida - UPPCB",13-09-2026 15:00:00,28.5898,77.3101,NH3,2,9,5
India,Uttar Pradesh,Noida,"Sector-1, Noida - UPPCB",13-09-2026 15:00:00,28.5898,77.3101,SO2,9,13,10
India,Uttar Pradesh,Noida,"Sector - 125, Noida - UPPCB",13-09-2026 15:00:00,28.5447608,77.3231257,CO,3,17,7
India,Uttar Pradesh,Noida,"Sector - 62, Noida - IITM",13-09-2026 15:00:00,28.6245479,77.3577104,PM10,36,109,72
India,Uttar Pradesh,Noida,"Sector - 62, Noida - IITM",13-09-2026 15:00:00,28.6245479,77.3577104,NO2,2,42,21
India,Uttar Pradesh,Ghaziabad,"Govindpuram, Ghaziabad - UPPCB",13-09-2026 15:00:00,28.694528,77.494705,CO,27,33,30
India,Uttar Pradesh,Greater Noida,"Knowledge Park - V, Greater Noida - UPPCB",13-09-2026 15:00:00,28.557054,77.453663,SO2,5,9,7
India,Uttar Pradesh,Greater Noida,"Knowledge Park - V, Greater Noida - UPPCB",13-09-2026 15:00:00,28.557054,77.453663,CO,10,15,13
India,Uttar Pradesh,Greater Noida,"Knowledge Park - III, Greater Noida - UPPCB",13-09-2026 15:00:00,28.47272,77.482,CO,26,33,28
India,Uttar Pradesh,Greater Noida,"Knowledge Park - III, Greater Noida - UPPCB",13-09-2026 15:00:00,28.47272,77.482,OZONE,24,57,47
India,Uttar Pradesh,Hapur,"Anand Vihar, Hapur - UPPCB",13-09-2026 15:00:00,28.725645,77.749675,OZONE,3,19,10
India,Uttar Pradesh,Jhansi,"Shivaji Nagar, Jhansi - UPPCB",13-09-2026 15:00:00,25.4547,78.6039,NO2,6,6,6
India,Uttar Pradesh,Jhansi,"Shivaji Nagar, Jhansi - UPPCB",13-09-2026 15:00:00,25.4547,78.6039,CO,6,12,9
India,Uttar Pradesh,Kanpur,"NSI Kalyanpur, Kanpur - UPPCB",13-09-2026 15:00:00,26.509954,80.249612,PM2.5,33,56,46
India,Uttar Pradesh,Kanpur,"NSI Kalyanpur, Kanpur - UPPCB",13-09-2026 15:00:00,26.509954,80.249612,NH3,2,2,2
India,Uttar Pradesh,Kanpur,"NSI Kalyanpur, Kanpur - UPPCB",13-09-2026 15:00:00,26.509954,80.249612,CO,20,21,21
India,Uttar Pradesh,Khora,"Prashant Garden, Khora - UPPCB",13-09-2026 15:00:00,28.61119,77.34206,NH3,4,5,4
India,Uttar Pradesh,Khora,"Prashant Garden, Khora - UPPCB",13-09-2026 15:00:00,28.61119,77.34206,SO2,1,1,1
India,Uttar Pradesh,Khurja,"Kalindi Kunj, Khurja - UPPCB",13-09-2026 15:00:00,28.2348927,77.8683002,PM10,34,153,65
India,Uttar Pradesh,Khurja,"Kalindi Kunj, Khurja - UPPCB",13-09-2026 15:00:00,28.2348927,77.8683002,NH3,1,1,1
India,Rajasthan,Udaipur,"Ashok Nagar, Udaipur - RSPCB",13-09-2026 15:00:00,24.5886166,73.6321397,SO2,1,21,8
India,Sikkim,Gangtok,"Zero Point GICI, Gangtok - SSPCB",13-09-2026 15:00:00,27.33853,88.614099,PM2.5,NA,NA,NA
India,Sikkim,Gangtok,"Zero Point GICI, Gangtok - SSPCB",13-09-2026 15:00:00,27.33853,88.614099,CO,1,30,9
India,Tamil Nadu,Chennai,"Manali, Chennai - CPCB",13-09-2026 15:00:00,13.164544,80.26285,PM2.5,9,98,26
India,Tamil Nadu,Chennai,"Manali, Chennai - CPCB",13-09-2026 15:00:00,13.164544,80.26285,PM10,18,92,64
India,Tamil Nadu,Chennai,"Manali, Chennai - CPCB",13-09-2026 15:00:00,13.164544,80.26285,NO2,9,12,10
India,Tamil Nadu,Chennai,"Manali, Chennai - CPCB",13-09-2026 15:00:00,13.164544,80.26285,CO,11,27,16
India,Tamil Nadu,Chennai,"Velachery Res. Area, Chennai - CPCB",13-09-2026 15:00:00,13.0052189,80.2398125,PM2.5,46,46,46
India,Tamil Nadu,Chennai,"Velachery Res. Area, Chennai - CPCB",13-09-2026 15:00:00,13.0052189,80.2398125,PM10,60,226,99
India,Tamil Nadu,Coimbatore,"SIDCO Kurichi, Coimbatore - TNPCB",13-09-2026 15:00:00,10.942451,76.978996,PM2.5,NA,NA,NA
India,Tamil Nadu,Coimbatore,"SIDCO Kurichi, Coimbatore - TNPCB",13-09-2026 15:00:00,10.942451,76.978996,SO2,27,29,28
India,Tamil Nadu,Thoothukudi,"Meelavittan, Thoothukudi - TNPCB",13-09-2026 15:00:00,8.816428,78.099039,NH3,NA,NA,NA
India,Tamil Nadu,Thoothukudi,"Meelavittan, Thoothukudi - TNPCB",13-09-2026 15:00:00,8.816428,78.099039,OZONE,28,34,31
India,Telangana,Hyderabad,"Ramachandrapuram, Hyderabad - TSPCB",13-09-2026 15:00:00,17.528544,78.286195,SO2,9,13,10
India,Tripura,Agartala,"Bardowali, Agartala - Tripura SPCB",13-09-2026 15:00:00,23.8175497,91.2726974,PM10,50,138,90
India,Tripura,Agartala,"Bardowali, Agartala - Tripura SPCB",13-09-2026 15:00:00,23.8175497,91.2726974,CO,25,32,28
India,Uttar Pradesh,Agra,"Sector-3B Avas Vikas Colony, Agra - UPPCB",13-09-2026 15:00:00,27.19412,77.96237,PM2.5,28,48,39
India,Uttar Pradesh,Agra,"Shahjahan Garden, Agra - UPPCB",13-09-2026 15:00:00,27.169338,78.03582,NO2,24,29,26
India,Uttar Pradesh,Agra,"Shahjahan Garden, Agra - UPPCB",13-09-2026 15:00:00,27.169338,78.03582,NH3,1,1,1
India,Uttar Pradesh,Agra,"Manoharpur, Agra - UPPCB",13-09-2026 15:00:00,27.23711,78.01936,PM10,60,85,74
India,Uttar Pradesh,Agra,"Manoharpur, Agra - UPPCB",13-09-2026 15:00:00,27.23711,78.01936,OZONE,6,6,6
India,Uttar Pradesh,Agra,"Sanjay Palace, Agra - UPPCB",13-09-2026 15:00:00,27.19865833,78.00598056,SO2,NA,NA,NA
India,Uttar Pradesh,Agra,"Sanjay Palace, Agra - UPPCB",13-09-2026 15:00:00,27.19865833,78.00598056,OZONE,6,11,8
India,Uttar Pradesh,Agra,"Rohta, Agra - UPPCB",13-09-2026 15:00:00,27.106972,78.000111,NO2,16,16,16
India,Uttar Pradesh,Agra,"Rohta, Agra - UPPCB",13-09-2026 15:00:00,27.106972,78.000111,NH3,6,6,6
India,Uttar Pradesh,Agra,"Rohta, Agra - UPPCB",13-09-2026 15:00:00,27.106972,78.000111,OZONE,15,16,15
India,Uttar Pradesh,Bareilly,"Rajendra Nagar, Bareilly - UPPCB",13-09-2026 15:00:00,28.38910936,79.42963708,NH3,1,1,1
India,Uttar Pradesh,Bareilly,"Rajendra Nagar, Bareilly - UPPCB",13-09-2026 15:00:00,28.38910936,79.42963708,SO2,10,12,11
India,Uttar Pradesh,Bareilly,"Rajendra Nagar, Bareilly - UPPCB",13-09-2026 15:00:00,28.38910936,79.42963708,OZONE,NA,NA,NA
India,Uttar Pradesh,Prayagraj,"Motilal Nehru NIT, Prayagraj - UPPCB",13-09-2026 15:00:00,25.494,81.863,NH3,8,8,8
India,Uttar Pradesh,Prayagraj,"Motilal Nehru NIT, Prayagraj - UPPCB",13-09-2026 15:00:00,25.494,81.863,CO,2,4,3
India,Uttar Pradesh,Prayagraj,"Jhunsi, Prayagraj - UPPCB",13-09-2026 15:00:00,25.425602,81.917152,SO2,9,38,16
India,Uttar Pradesh,Raebareli," Indira Nagar, Raebareli - NTPC Unchahar",13-09-2026 15:00:00,26.207781,81.245571,NH3,9,15,11
India,Uttar Pradesh,Raebareli," Indira Nagar, Raebareli - NTPC Unchahar",13-09-2026 15:00:00,26.207781,81.245571,OZONE,12,41,26
India,Uttar Pradesh,Raebareli,"Anand Nagar, Raebareli - UPPCB",13-09-2026 15:00:00,26.219512,81.237648,CO,49,83,70
India,Uttar Pradesh,Shamli,"New Tehsil, Shamli - UPPCB",13-09-2026 15:00:00,29.4603683,77.3410291,CO,6,86,38
India,Uttar Pradesh,Varanasi,"Ardhali Bazar, Varanasi - UPPCB",13-09-2026 15:00:00,25.3505986,82.9083074,NO2,20,24,22
India,Uttar Pradesh,Varanasi,"Ardhali Bazar, Varanasi - UPPCB",13-09-2026 15:00:00,25.3505986,82.9083074,NH3,NA,NA,NA
India,Uttar Pradesh,Varanasi,"Ardhali Bazar, Varanasi - UPPCB",13-09-2026 15:00:00,25.3505986,82.9083074,CO,14,14,14
India,Uttar Pradesh,Varanasi,"Maldahiya, Varanasi - UPPCB",13-09-2026 15:00:00,25.32393,82.99687,PM10,49,94,67
India,Uttar Pradesh,Varanasi,"IESD Banaras Hindu University, Varanasi - UPPCB",13-09-2026 15:00:00,25.262326,82.995408,SO2,21,42,30
India,Uttar Pradesh,Varanasi,"IESD Banaras Hindu University, Varanasi - UPPCB",13-09-2026 15:00:00,25.262326,82.995408,OZONE,2,4,3
India,Telangana,Hyderabad,"Somajiguda, Hyderabad - TSPCB",13-09-2026 15:00:00,17.417094,78.457437,NO2,15,20,17
India,Telangana,Hyderabad,"Somajiguda, Hyderabad - TSPCB",13-09-2026 15:00:00,17.417094,78.457437,NH3,3,4,4
India,Telangana,Hyderabad,"Kompally Municipal Office, Hyderabad - TSPCB",13-09-2026 15:00:00,17.544899,78.486949,CO,11,26,21
India,Telangana,Hyderabad,"ICRISAT Patancheru, Hyderabad - TSPCB",13-09-2026 15:00:00,17.5184,78.278777,PM2.5,15,89,57
India,Telangana,Hyderabad,"IDA Pashamylaram, Hyderabad - TSPCB",13-09-2026 15:00:00,17.5316895,78.218939,PM10,18,107,65
India,Telangana,Hyderabad,"Bollaram Industrial Area, Hyderabad - TSPCB",13-09-2026 15:00:00,17.518,78.383,PM2.5,NA,NA,NA
India,Telangana,Hyderabad,"Bollaram Industrial Area, Hyderabad - TSPCB",13-09-2026 15:00:00,17.518,78.383,PM10,NA,NA,NA
India,Telangana,Hyderabad,"Bollaram Industrial Area, Hyderabad - TSPCB",13-09-2026 15:00:00,17.518,78.383,CO,69,78,74
India,Telangana,Hyderabad,"IITH Kandi, Hyderabad - TSPCB",13-09-2026 15:00:00,17.585705,78.126199,NH3,3,4,4
India,Telangana,Hyderabad,"Nacharam_TSIIC IALA, Hyderabad - TSPCB",13-09-2026 15:00:00,17.429398,78.569354,NO2,15,20,19
India,Telangana,Hyderabad,"Nacharam_TSIIC IALA, Hyderabad - TSPCB",13-09-2026 15:00:00,17.429398,78.569354,NH3,4,4,4
India,Telangana,Hyderabad,"Nacharam_TSIIC IALA, Hyderabad - TSPCB",13-09-2026 15:00:00,17.429398,78.569354,SO2,15,18,17
India,Telangana,Hyderabad,"New Malakpet, Hyderabad - TSPCB",13-09-2026 15:00:00,17.37206,78.50864,NH3,3,4,3
India,Uttar Pradesh,Lucknow,"Kendriya Vidyalaya, Lucknow - CPCB",13-09-2026 15:00:00,26.906111,80.948222,NH3,11,21,17
India,Uttar Pradesh,Lucknow,"Lalbagh, Lucknow - CPCB",13-09-2026 15:00:00,26.8458805,80.9365541,NH3,11,19,15
India,Uttar Pradesh,Lucknow,"Lalbagh, Lucknow - CPCB",13-09-2026 15:00:00,26.8458805,80.9365541,SO2,2,7,4
India,Uttar Pradesh,Lucknow,"Lalbagh, Lucknow - CPCB",13-09-2026 15:00:00,26.8458805,80.9365541,OZONE,9,83,46
India,Uttar Pradesh,Lucknow,"Talkatora District Industries Center, Lucknow - CPCB",13-09-2026 15:00:00,26.83399722,80.8917361,NH3,13,19,16
India,Uttar Pradesh,Mathura,"Pali Dungra, Mathura - UPPCB",13-09-2026 15:00:00,27.410954,77.550619,PM2.5,20,20,20
India,Uttar Pradesh,Mathura,"Pali Dungra, Mathura - UPPCB",13-09-2026 15:00:00,27.410954,77.550619,OZONE,6,17,13
India,Uttar Pradesh,Meerut,"Ganga Nagar, Meerut - UPPCB",13-09-2026 15:00:00,28.999264,77.7590354,NO2,28,51,43
India,Uttar Pradesh,Meerut,"Pallavpuram Phase 2, Meerut - UPPCB",13-09-2026 15:00:00,29.06351,77.709723,NO2,14,35,18
India,Uttar Pradesh,Meerut,"Pallavpuram Phase 2, Meerut - UPPCB",13-09-2026 15:00:00,29.06351,77.709723,NH3,5,7,6
India,Uttar Pradesh,Moradabad,"Employment Office, Moradabad - UPPCB",13-09-2026 15:00:00,28.88528,78.7388,PM2.5,39,70,50
India,Uttar Pradesh,Vrindavan," Chhatikara, Vrindavan - UPPCB",13-09-2026 15:00:00,27.57194,77.62346,SO2,22,34,28
India,Uttarakhand,Dehradun,"Doon University, Dehradun - UKPCB",13-09-2026 15:00:00,30.269444,78.044167,PM10,NA,NA,NA
India,Uttarakhand,Dehradun,"Doon University, Dehradun - UKPCB",13-09-2026 15:00:00,30.269444,78.044167,OZONE,2,13,9
India,West Bengal,Asansol,"Asansol Court Area, Asansol - WBPCB",13-09-2026 15:00:00,23.685297,86.945968,NH3,2,4,3
India,West Bengal,Asansol,"Asansol Court Area, Asansol - WBPCB",13-09-2026 15:00:00,23.685297,86.945968,SO2,8,16,13
India,West Bengal,Asansol,"Asansol Court Area, Asansol - WBPCB",13-09-2026 15:00:00,23.685297,86.945968,OZONE,16,33,24
India,West Bengal,Asansol,"Trivenidevi Bhalotia College, Asansol - WBPCB",13-09-2026 15:00:00,23.616515,87.119133,NO2,4,17,8
India,West Bengal,Asansol,"Evelyn Lodge, Asansol - WBPCB",13-09-2026 15:00:00,23.697936,86.944395,NO2,8,20,13
India,West Bengal,Asansol,"Mahabir Colliery, Asansol - WBPCB",13-09-2026 15:00:00,23.618183,87.105718,PM2.5,15,56,39
India,West Bengal,Asansol,"Mahabir Colliery, Asansol - WBPCB",13-09-2026 15:00:00,23.618183,87.105718,SO2,6,7,7
India,West Bengal,Barrackpore,"SVSPA Campus, Barrackpore - WBPCB",13-09-2026 15:00:00,22.7605581,88.3617589,NH3,6,8,7
India,West Bengal,Barrackpore,"SVSPA Campus, Barrackpore - WBPCB",13-09-2026 15:00:00,22.7605581,88.3617589,CO,28,34,30
India,West Bengal,Barrackpore,"SVSPA Campus, Barrackpore - WBPCB",13-09-2026 15:00:00,22.7605581,88.3617589,OZONE,3,8,7
India,West Bengal,Durgapur,"PCBL Residential Complex, Durgapur - WBPCB",13-09-2026 15:00:00,23.508764,87.35444,SO2,12,12,12
India,West Bengal,Durgapur,"Mahishkapur Road_B-Zone, Durgapur - WBPCB",13-09-2026 15:00:00,23.567923,87.306843,CO,41,72,48
India,West Bengal,Haldia,"Priyambada Housing Estate, Haldia - WBPCB",13-09-2026 15:00:00,22.06047,88.109737,PM2.5,9,34,15
India,West Bengal,Haldia,"Priyambada Housing Estate, Haldia - WBPCB",13-09-2026 15:00:00,22.06047,88.109737,CO,20,31,22
India,West Bengal,Howrah,"Ghusuri, Howrah - WBPCB",13-09-2026 15:00:00,22.611968,88.347422,PM2.5,18,45,28
India,West Bengal,Howrah,"Ghusuri, Howrah - WBPCB",13-09-2026 15:00:00,22.611968,88.347422,PM10,24,56,36
India,West Bengal,Howrah,"Ghusuri, Howrah - WBPCB",13-09-2026 15:00:00,22.611968,88.347422,NH3,7,15,11
India,West Bengal,Howrah,"Dasnagar, Howrah - WBPCB",13-09-2026 15:00:00,22.6025571,88.3105664,PM2.5,19,89,63
India,West Bengal,Howrah,"Dasnagar, Howrah - WBPCB",13-09-2026 15:00:00,22.6025571,88.3105664,SO2,9,9,9
India,West Bengal,Howrah,"Botanical Garden, Howrah - WBPCB",13-09-2026 15:00:00,22.554954,88.292568,PM10,18,68,49
India,West Bengal,Kolkata,"Fort William, Kolkata - WBPCB",13-09-2026 15:00:00,22.55664,88.342674,PM10,13,140,35
India,West Bengal,Kolkata,"Fort William, Kolkata - WBPCB",13-09-2026 15:00:00,22.55664,88.342674,NO2,12,26,18
India,West Bengal,Kolkata,"Fort William, Kolkata - WBPCB",13-09-2026 15:00:00,22.55664,88.342674,SO2,5,6,5
India,West Bengal,Kolkata,"Ballygunge, Kolkata - WBPCB",13-09-2026 15:00:00,22.5367507,88.3638022,PM2.5,19,43,26
India,West Bengal,Kolkata,"Rabindra Sarobar, Kolkata - WBPCB",13-09-2026 15:00:00,22.51106,88.35142,PM2.5,18,23,20
India,West Bengal,Kolkata,"Jadavpur, Kolkata - WBPCB",13-09-2026 15:00:00,22.49929,88.36917,PM10,30,65,44
India,West Bengal,Kolkata,"Rabindra Bharati University, Kolkata - WBPCB",13-09-2026 15:00:00,22.627847,88.380669,PM2.5,15,43,25
India,West Bengal,Kolkata,"Rabindra Bharati University, Kolkata - WBPCB",13-09-2026 15:00:00,22.627847,88.380669,OZONE,35,63,46
India,West Bengal,Kolkata,"Victoria, Kolkata - WBPCB",13-09-2026 15:00:00,22.5448082,88.3403691,CO,20,32,25
India,West Bengal,Kolkata,"Bidhannagar, Kolkata - WBPCB",13-09-2026 15:00:00,22.58157048,88.41002457,NH3,5,7,6
India,West Bengal,Siliguri,"Ward-32 Bapupara, Siliguri - WBPCB",13-09-2026 15:00:00,26.6879226,88.4152495,PM2.5,13,23,16
India,West Bengal,Siliguri,"Ward-32 Bapupara, Siliguri - WBPCB",13-09-2026 15:00:00,26.6879226,88.4152495,NH3,8,8,8
India,Bihar,Bettiah,"Kamalnath Nagar, Bettiah - BSPCB",13-09-2026 15:00:00,26.80365,84.51954,PM10,19,24,21
India,Bihar,Bettiah,"Kamalnath Nagar, Bettiah - BSPCB",13-09-2026 15:00:00,26.80365,84.51954,OZONE,15,44,21
India,Bihar,Bhagalpur,"Mayaganj, Bhagalpur - BSPCB",13-09-2026 15:00:00,25.265194,87.012947,PM10,21,44,25
India,Bihar,Bhagalpur,"Mayaganj, Bhagalpur - BSPCB",13-09-2026 15:00:00,25.265194,87.012947,SO2,0,112,49
India,Bihar,Bhagalpur,"Mayaganj, Bhagalpur - BSPCB",13-09-2026 15:00:00,25.265194,87.012947,CO,10,123,63
India,Bihar,Bhagalpur,"DM Office_Kachari Chowk, Bhagalpur - BSPCB",13-09-2026 15:00:00,25.251013,86.989001,PM10,29,459,86
India,Bihar,Bhagalpur,"DM Office_Kachari Chowk, Bhagalpur - BSPCB",13-09-2026 15:00:00,25.251013,86.989001,SO2,18,28,22
India,Bihar,Bihar Sharif,"D M Colony, Bihar Sharif - BSPCB",13-09-2026 15:00:00,25.204762,85.51496,PM2.5,NA,NA,NA
India,Bihar,Bihar Sharif,"D M Colony, Bihar Sharif - BSPCB",13-09-2026 15:00:00,25.204762,85.51496,PM10,NA,NA,NA
India,Bihar,Bihar Sharif,"D M Colony, Bihar Sharif - BSPCB",13-09-2026 15:00:00,25.204762,85.51496,NO2,9,10,9
India,Bihar,Bihar Sharif,"D M Colony, Bihar Sharif - BSPCB",13-09-2026 15:00:00,25.204762,85.51496,NH3,3,3,3
India,Bihar,Bihar Sharif,"D M Colony, Bihar Sharif - BSPCB",13-09-2026 15:00:00,25.204762,85.51496,CO,12,12,12
India,Bihar,Gaya,"Kareemganj, Gaya - BSPCB",13-09-2026 15:00:00,24.792403,84.992416,SO2,41,44,42
India,Bihar,Gaya,"Kareemganj, Gaya - BSPCB",13-09-2026 15:00:00,24.792403,84.992416,CO,27,47,40
India,Bihar,Gaya,"SFTI Kusdihra, Gaya - BSPCB",13-09-2026 15:00:00,24.762518,84.982348,PM10,28,58,44
India,Bihar,Gaya,"Collectorate, Gaya - BSPCB",13-09-2026 15:00:00,24.7955,84.9994,NH3,NA,NA,NA
India,Andhra Pradesh,Vijayawada,"Rajiv Nagar, Vijayawada - APPCB",13-09-2026 15:00:00,16.554731,80.64911,PM2.5,48,58,55
India,Andhra Pradesh,Vijayawada,"Rajiv Nagar, Vijayawada - APPCB",13-09-2026 15:00:00,16.554731,80.64911,CO,20,31,28
India,Andhra Pradesh,Vijayawada,"Rajiv Nagar, Vijayawada - APPCB",13-09-2026 15:00:00,16.554731,80.64911,OZONE,20,29,22
India,Andhra Pradesh,Vijayawada,"HB Colony, Vijayawada - APPCB",13-09-2026 15:00:00,16.536107,80.594233,OZONE,19,22,21
India,Andhra Pradesh,Vijayawada,"Rajiv Gandhi Park, Vijayawada - APPCB",13-09-2026 15:00:00,16.509717,80.612222,NO2,30,36,34
India,Andhra Pradesh,Visakhapatnam,"GVM Corporation, Visakhapatnam - APPCB",13-09-2026 15:00:00,17.72,83.3,PM2.5,44,143,72
India,Andhra Pradesh,Visakhapatnam,"GVM Corporation, Visakhapatnam - APPCB",13-09-2026 15:00:00,17.72,83.3,SO2,0,38,7
India,Assam,Guwahati,"LGBI Airport, Guwahati - PCBA",13-09-2026 15:00:00,26.10887,91.589544,NH3,3,4,4
India,Assam,Guwahati,"LGBI Airport, Guwahati - PCBA",13-09-2026 15:00:00,26.10887,91.589544,OZONE,11,12,12
India,Assam,Guwahati,"Pan Bazaar, Guwahati - PCBA",13-09-2026 15:00:00,26.1875,91.744194,PM2.5,NA,NA,NA
India,Assam,Guwahati,"Pan Bazaar, Guwahati - PCBA",13-09-2026 15:00:00,26.1875,91.744194,PM10,NA,NA,NA
India,Assam,Guwahati,"Pan Bazaar, Guwahati - PCBA",13-09-2026 15:00:00,26.1875,91.744194,CO,6,17,11
India,Delhi,Delhi,"Narela, Delhi - DPCC",13-09-2026 15:00:00,28.822836,77.101981,SO2,1,11,8
India,Delhi,Delhi,"Cantonment Area, Delhi - DPCC",13-09-2026 15:00:00,28.594169,77.1251,PM10,NA,NA,NA
India,Delhi,Delhi,"Major Dhyan Chand National Stadium, Delhi - DPCC",13-09-2026 15:00:00,28.611281,77.237738,SO2,3,6,4
India,Delhi,Delhi,"Major Dhyan Chand National Stadium, Delhi - DPCC",13-09-2026 15:00:00,28.611281,77.237738,OZONE,6,24,17
India,Delhi,Delhi,"Bawana, Delhi - DPCC",13-09-2026 15:00:00,28.7762,77.051074,PM2.5,3,237,103
India,Delhi,Delhi,"Bawana, Delhi - DPCC",13-09-2026 15:00:00,28.7762,77.051074,PM10,18,163,99
India,Delhi,Delhi,"Okhla Phase-2, Delhi - DPCC",13-09-2026 15:00:00,28.530785,77.271255,PM2.5,15,77,48
India,Delhi,Delhi,"Okhla Phase-2, Delhi - DPCC",13-09-2026 15:00:00,28.530785,77.271255,NH3,0,12,5
India,Delhi,Delhi,"Rohini, Delhi - DPCC",13-09-2026 15:00:00,28.732528,77.11992,NH3,3,7,4
India,Delhi,Delhi,"Vivek Vihar, Delhi - DPCC",13-09-2026 15:00:00,28.672342,77.31526,NH3,5,7,6
India,Delhi,Delhi,"Jahangirpuri, Delhi - DPCC",13-09-2026 15:00:00,28.73282,77.170633,NH3,9,10,10
India,Delhi,Delhi,"Jahangirpuri, Delhi - DPCC",13-09-2026 15:00:00,28.73282,77.170633,CO,77,92,82
India,Bihar,Patna,"Rajbansi Nagar, Patna - BSPCB",13-09-2026 15:00:00,25.599486,85.113666,OZONE,26,28,27
India,Bihar,Patna,"Muradpur, Patna - BSPCB",13-09-2026 15:00:00,25.619651,85.147382,NH3,4,5,5
India,Bihar,Patna,"IGSC Planetarium Complex, Patna - BSPCB",13-09-2026 15:00:00,25.610369,85.132568,SO2,11,18,14
India,Bihar,Patna,"IGSC Planetarium Complex, Patna - BSPCB",13-09-2026 15:00:00,25.610369,85.132568,CO,9,13,12
India,Bihar,Patna,"Govt. High School Shikarpur, Patna - BSPCB",13-09-2026 15:00:00,25.592539,85.227158,SO2,11,14,12
India,Bihar,Purnia,"Mariam Nagar, Purnia - BSPCB",13-09-2026 15:00:00,25.366336,87.117468,NO2,17,20,18
India,Bihar,Purnia,"Mariam Nagar, Purnia - BSPCB",13-09-2026 15:00:00,25.366336,87.117468,NH3,4,4,4
India,Bihar,Purnia,"Mariam Nagar, Purnia - BSPCB",13-09-2026 15:00:00,25.366336,87.117468,CO,29,59,49
India,Bihar,Rajgir,"Dangi Tola, Rajgir - BSPCB",13-09-2026 15:00:00,25.0328,85.41948,PM10,18,43,20
India,Bihar,Rajgir,"Dangi Tola, Rajgir - BSPCB",13-09-2026 15:00:00,25.0328,85.41948,CO,38,44,41
India,Bihar,Samastipur,"DM Office_Kasipur, Samastipur - BSPCB",13-09-2026 15:00:00,25.859655,85.77944,NO2,8,9,8
India,Chhattisgarh,Korba,"Urja Nagar, Korba - CECB",13-09-2026 15:00:00,22.348441,82.549611,SO2,1,13,9
India,Chhattisgarh,Korba,"Urja Nagar, Korba - CECB",13-09-2026 15:00:00,22.348441,82.549611,CO,18,21,19
India,Chhattisgarh,Kunjemura,"OP Jindal School, Kunjemura - CECB",13-09-2026 15:00:00,22.12665,83.483212,CO,16,29,20
India,Chhattisgarh,Milupara,"Govt. Higher Secondary School, Milupara - CECB",13-09-2026 15:00:00,22.1910172,83.5197009,NH3,NA,NA,NA
India,Chhattisgarh,Milupara,"Govt. Higher Secondary School, Milupara - CECB",13-09-2026 15:00:00,22.1910172,83.5197009,SO2,NA,NA,NA
India,Chhattisgarh,Raipur,"AIIMS, Raipur - CECB",13-09-2026 15:00:00,21.258815,81.578979,PM2.5,3,10,5
India,Chhattisgarh,Raipur,"AIIMS, Raipur - CECB",13-09-2026 15:00:00,21.258815,81.578979,PM10,2,22,9
India,Chhattisgarh,Raipur,"AIIMS, Raipur - CECB",13-09-2026 15:00:00,21.258815,81.578979,NH3,2,2,2
India,Chhattisgarh,Raipur,"AIIMS, Raipur - CECB",13-09-2026 15:00:00,21.258815,81.578979,OZONE,5,9,6
India,Chhattisgarh,Raipur,"Bhatagaon New ISBT, Raipur - CECB",13-09-2026 15:00:00,21.219665,81.630094,CO,11,19,16
India,Chhattisgarh,Raipur,"Siltara Phase-II, Raipur - CECB",13-09-2026 15:00:00,21.371751,81.664929,NH3,2,2,2
India,Chhattisgarh,Raipur,"Siltara Phase-II, Raipur - CECB",13-09-2026 15:00:00,21.371751,81.664929,OZONE,2,5,3
India,Andhra Pradesh,Kadapa,"Yerramukkapalli, Kadapa - APPCB",13-09-2026 15:00:00,14.465052,78.824187,NH3,NA,NA,NA
India,Andhra Pradesh,Kadapa,"Yerramukkapalli, Kadapa - APPCB",13-09-2026 15:00:00,14.465052,78.824187,CO,20,25,24
India,Andhra Pradesh,Kakinada,"Rama Rao Peta, Kakinada - APPCB",13-09-2026 15:00:00,16.962488,82.229513,NH3,3,13,5
India,Andhra Pradesh,Kakinada,"Rama Rao Peta, Kakinada - APPCB",13-09-2026 15:00:00,16.962488,82.229513,SO2,10,11,11
India,Andhra Pradesh,Kurnool,"Sita Rama Nagar, Kurnool - APPCB",13-09-2026 15:00:00,15.83411,78.028546,PM10,36,67,53
India,Andhra Pradesh,Machilipatnam,"Srinivas Nagar Colony, Machilipatnam - APPCB",13-09-2026 15:00:00,16.186555,81.13219,NO2,31,54,38
India,Andhra Pradesh,Tirumala,"Toll Gate, Tirumala - APPCB",13-09-2026 15:00:00,13.67,79.35,PM2.5,26,125,52
India,Andhra Pradesh,Tirumala,"Toll Gate, Tirumala - APPCB",13-09-2026 15:00:00,13.67,79.35,NH3,4,6,5
India,Andhra Pradesh,Tirumala,"Toll Gate, Tirumala - APPCB",13-09-2026 15:00:00,13.67,79.35,CO,18,27,21
India,Andhra Pradesh,Tirupati,"Vaikuntapuram, Tirupati - APPCB",13-09-2026 15:00:00,13.615387,79.40923,NO2,27,33,31
India,Assam,Nagaon,"Christianpatty, Nagaon - PCBA",13-09-2026 15:00:00,26.349082,92.68449,NO2,1,1,1
India,Assam,Nalbari,"Bata Chowk, Nalbari - PCBA",13-09-2026 15:00:00,26.446912,91.439057,SO2,8,8,8
India,Assam,Nalbari,"Bata Chowk, Nalbari - PCBA",13-09-2026 15:00:00,26.446912,91.439057,OZONE,19,19,19
India,Assam,Silchar,"Tarapur, Silchar - PCBA",13-09-2026 15:00:00,24.82827,92.79525,PM2.5,36,50,40
India,Assam,Silchar,"Tarapur, Silchar - PCBA",13-09-2026 15:00:00,24.82827,92.79525,NO2,17,17,17
India,Assam,Silchar,"Tarapur, Silchar - PCBA",13-09-2026 15:00:00,24.82827,92.79525,CO,14,35,22
India,Assam,Sivasagar,"Girls College, Sivasagar - PCBA",13-09-2026 15:00:00,26.987634,94.636574,NO2,6,12,9
India,Assam,Sivasagar,"Girls College, Sivasagar - PCBA",13-09-2026 15:00:00,26.987634,94.636574,NH3,1,3,2
India,Bihar,Araria,"Kharahiya Basti, Araria - BSPCB",13-09-2026 15:00:00,26.146529,87.454184,CO,21,29,26
India,Bihar,Begusarai,"Lohiyanagar, Begusarai - BSPCB",13-09-2026 15:00:00,25.42742023,86.13886079,NH3,2,3,2
India,Bihar,Samastipur,"DM Office_Kasipur, Samastipur - BSPCB",13-09-2026 15:00:00,25.859655,85.77944,OZONE,3,18,7
India,Bihar,Sasaram,"Dada Peer, Sasaram - BSPCB",13-09-2026 15:00:00,24.952822,84.002396,PM10,2,22,12
India,Bihar,Sasaram,"Dada Peer, Sasaram - BSPCB",13-09-2026 15:00:00,24.952822,84.002396,CO,3,8,6
India,Chandigarh,Chandigarh,"Sector 22, Chandigarh - CPCC",13-09-2026 15:00:00,30.735567,76.775714,SO2,3,6,4
India,Chhattisgarh,Bhilai,"Civic Center, Bhilai - Bhilai Steel Plant",13-09-2026 15:00:00,21.185571,81.343175,PM2.5,1,13,6
India,Chhattisgarh,Bhilai,"Hathkhoj, Bhilai - CECB",13-09-2026 15:00:00,21.224231,81.40835,PM2.5,6,20,11
India,Chhattisgarh,Bilaspur,"Mangala, Bilaspur - NTPC",13-09-2026 15:00:00,22.08815,82.13737,PM2.5,4,37,17
India,Andhra Pradesh,Anantapur,"Gulzarpet, Anantapur - APPCB",13-09-2026 15:00:00,14.675886,77.593027,PM10,63,101,77
India,Andhra Pradesh,Anantapur,"Gulzarpet, Anantapur - APPCB",13-09-2026 15:00:00,14.675886,77.593027,CO,19,31,25
India,Andhra Pradesh,Guntur,"Rajendra Nagar North, Guntur - APPCB",13-09-2026 15:00:00,16.316553,80.413302,PM2.5,48,308,74
India,Andhra Pradesh,Guntur,"Rajendra Nagar North, Guntur - APPCB",13-09-2026 15:00:00,16.316553,80.413302,PM10,51,193,73
India,Andhra Pradesh,Guntur,"Rajendra Nagar North, Guntur - APPCB",13-09-2026 15:00:00,16.316553,80.413302,CO,14,27,21
India,Andhra Pradesh,Kadapa,"Yerramukkapalli, Kadapa - APPCB",13-09-2026 15:00:00,14.465052,78.824187,PM2.5,NA,NA,NA
India,Andhra Pradesh,Kadapa,"Yerramukkapalli, Kadapa - APPCB",13-09-2026 15:00:00,14.465052,78.824187,NO2,NA,NA,NA
India,Bihar,Kishanganj,"SDM Office_Khagra, Kishanganj - BSPCB",13-09-2026 15:00:00,26.0881305,87.93840336,PM2.5,38,72,46
India,Bihar,Muzaffarpur,"Buddha Colony, Muzaffarpur - BSPCB",13-09-2026 15:00:00,26.11442,85.39813,OZONE,10,44,26
India,Bihar,Patna,"Samanpura, Patna - BSPCB",13-09-2026 15:00:00,25.596727,85.085624,NH3,NA,NA,NA
India,Bihar,Patna,"Rajbansi Nagar, Patna - BSPCB",13-09-2026 15:00:00,25.599486,85.113666,NH3,2,3,3
India,Delhi,Delhi,"IHBAS, Dilshad Garden, Delhi - CPCB",13-09-2026 15:00:00,28.6811736,77.3025234,SO2,6,22,14
India,Delhi,Delhi,"IHBAS, Dilshad Garden, Delhi - CPCB",13-09-2026 15:00:00,28.6811736,77.3025234,OZONE,8,26,17
India,Delhi,Delhi,"Sri Aurobindo Marg, Delhi - DPCC",13-09-2026 15:00:00,28.531346,77.190156,NH3,5,5,5
India,Delhi,Delhi,"Sri Aurobindo Marg, Delhi - DPCC",13-09-2026 15:00:00,28.531346,77.190156,CO,34,43,39
India,Delhi,Delhi,"Nehru Nagar, Delhi - DPCC",13-09-2026 15:00:00,28.56789,77.250515,PM10,40,180,114
India,Delhi,Delhi,"Nehru Nagar, Delhi - DPCC",13-09-2026 15:00:00,28.56789,77.250515,NH3,6,10,7
India,Delhi,Delhi,"Patparganj, Delhi - DPCC",13-09-2026 15:00:00,28.623763,77.287209,NH3,7,8,8
India,Delhi,Delhi,"Patparganj, Delhi - DPCC",13-09-2026 15:00:00,28.623763,77.287209,SO2,5,11,8
India,Delhi,Delhi,"Jawaharlal Nehru Stadium, Delhi - DPCC",13-09-2026 15:00:00,28.58028,77.233829,PM2.5,23,73,49
India,Delhi,Delhi,"Jawaharlal Nehru Stadium, Delhi - DPCC",13-09-2026 15:00:00,28.58028,77.233829,CO,65,79,70
India,Delhi,Delhi,"NSUT Jaffarpur, Delhi - DPCC",13-09-2026 15:00:00,28.594004,76.909423,NO2,7,49,26
India,Delhi,Delhi,"Najafgarh, Delhi - DPCC",13-09-2026 15:00:00,28.570173,76.933762,SO2,19,26,23
India,Delhi,Delhi,"Najafgarh, Delhi - DPCC",13-09-2026 15:00:00,28.570173,76.933762,CO,3,18,7
India,Delhi,Delhi,"Punjabi Bagh, Delhi - DPCC",13-09-2026 15:00:00,28.674045,77.131023,PM2.5,5,233,71
India,Delhi,Delhi,"Punjabi Bagh, Delhi - DPCC",13-09-2026 15:00:00,28.674045,77.131023,PM10,51,193,112
India,Delhi,Delhi,"Punjabi Bagh, Delhi - DPCC",13-09-2026 15:00:00,28.674045,77.131023,NH3,2,4,3
India,Delhi,Delhi,"Wazirpur, Delhi - DPCC",13-09-2026 15:00:00,28.699793,77.165453,PM2.5,57,223,96
India,Delhi,Delhi,"Wazirpur, Delhi - DPCC",13-09-2026 15:00:00,28.699793,77.165453,PM10,135,418,199
India,Delhi,Delhi,"Wazirpur, Delhi - DPCC",13-09-2026 15:00:00,28.699793,77.165453,NH3,NA,NA,NA
India,Delhi,Delhi,"Mundka, Delhi - DPCC",13-09-2026 15:00:00,28.684678,77.076574,NH3,5,9,7
India,Delhi,Delhi,"Mundka, Delhi - DPCC",13-09-2026 15:00:00,28.684678,77.076574,SO2,8,28,16
India,Delhi,Delhi,"Shadipur, Delhi - CPCB",13-09-2026 15:00:00,28.6514781,77.1473105,NH3,5,10,6
India,Gujarat,Ahmedabad,"SAC ISRO Satellite, Ahmedabad - IITM",13-09-2026 15:00:00,23.023389,72.515201,SO2,2,11,5
India,Gujarat,Ahmedabad,"SAC ISRO Satellite, Ahmedabad - IITM",13-09-2026 15:00:00,23.023389,72.515201,CO,15,40,25
India,Gujarat,Ahmedabad,"Raikhad, Ahmedabad - IITM",13-09-2026 15:00:00,23.020509,72.579261,SO2,5,12,7
India,Gujarat,Ahmedabad,"Chandkheda, Ahmedabad - IITM",13-09-2026 15:00:00,23.107969,72.574648,CO,19,44,29
India,Gujarat,Ahmedabad,"Chandkheda, Ahmedabad - IITM",13-09-2026 15:00:00,23.107969,72.574648,OZONE,3,25,12
India,Gujarat,Ankleshwar,"GIDC, Ankleshwar - GPCB",13-09-2026 15:00:00,21.613267,73.010555,PM2.5,NA,NA,NA
India,Gujarat,Ankleshwar,"GIDC, Ankleshwar - GPCB",13-09-2026 15:00:00,21.613267,73.010555,CO,20,43,29
India,Gujarat,Gandhinagar,"Sector-10, Gandhinagar - GPCB",13-09-2026 15:00:00,23.221714,72.654328,PM10,37,81,58
India,Gujarat,Gandhinagar,"Sector-10, Gandhinagar - GPCB",13-09-2026 15:00:00,23.221714,72.654328,NO2,6,8,8
India,Gujarat,Gandhinagar,"Sector-10, Gandhinagar - GPCB",13-09-2026 15:00:00,23.221714,72.654328,NH3,1,1,1
India,Gujarat,Gandhinagar,"GIFT City, Gandhinagar - IITM",13-09-2026 15:00:00,23.163798,72.677768,NH3,3,3,3
India,Gujarat,Gandhinagar,"IIPHG Lekawada, Gandhinagar - IITM",13-09-2026 15:00:00,23.243639,72.68994,PM10,34,83,50
India,Gujarat,Gandhinagar,"IIPHG Lekawada, Gandhinagar - IITM",13-09-2026 15:00:00,23.243639,72.68994,NO2,9,27,15
India,Gujarat,Mehsana,"Sadanand Nagar, Mehsana - Nexteng Enviro",13-09-2026 15:00:00,23.59315,72.372792,PM10,25,91,53
India,Gujarat,Mehsana,"Sadanand Nagar, Mehsana - Nexteng Enviro",13-09-2026 15:00:00,23.59315,72.372792,NO2,2,6,5
India,Gujarat,Rajkot,"Mavdi, Rajkot - Nexteng Enviro ",13-09-2026 15:00:00,22.248853,70.776774,PM10,30,114,55
India,Gujarat,Surat,"Science Center, Surat - SMC",13-09-2026 15:00:00,21.170046,72.795405,NH3,NA,NA,NA
India,Delhi,Delhi,"Mandir Marg, Delhi - DPCC",13-09-2026 15:00:00,28.636429,77.201067,NH3,4,5,5
India,Delhi,Delhi,"Sirifort, Delhi - CPCB",13-09-2026 15:00:00,28.5504249,77.2159377,PM10,38,103,76
India,Delhi,Delhi,"Chandni Chowk, Delhi - IITM",13-09-2026 15:00:00,28.656756,77.227234,NO2,23,144,38
India,Delhi,Delhi,"Chandni Chowk, Delhi - IITM",13-09-2026 15:00:00,28.656756,77.227234,OZONE,6,11,9
India,Delhi,Delhi,"Ashok Vihar, Delhi - DPCC",13-09-2026 15:00:00,28.695381,77.181665,PM2.5,28,133,66
India,Delhi,Delhi,"Ashok Vihar, Delhi - DPCC",13-09-2026 15:00:00,28.695381,77.181665,NO2,10,76,41
India,Delhi,Delhi,"Ashok Vihar, Delhi - DPCC",13-09-2026 15:00:00,28.695381,77.181665,NH3,5,9,6
India,Delhi,Delhi,"Anand Vihar, Delhi - DPCC",13-09-2026 15:00:00,28.647622,77.315809,SO2,19,25,22
India,Delhi,Delhi,"Anand Vihar, Delhi - DPCC",13-09-2026 15:00:00,28.647622,77.315809,CO,47,56,51
India,Delhi,Delhi,"DTU, Delhi - CPCB",13-09-2026 15:00:00,28.7500499,77.1112615,NO2,17,31,22
India,Delhi,Delhi,"DTU, Delhi - CPCB",13-09-2026 15:00:00,28.7500499,77.1112615,CO,9,23,15
India,Delhi,Delhi,"Dwarka-Sector 8, Delhi - DPCC ",13-09-2026 15:00:00,28.5710274,77.0719006,PM2.5,5,47,25
India,Delhi,Delhi,"Dwarka-Sector 8, Delhi - DPCC ",13-09-2026 15:00:00,28.5710274,77.0719006,PM10,40,89,65
India,Delhi,Delhi,"Dwarka-Sector 8, Delhi - DPCC ",13-09-2026 15:00:00,28.5710274,77.0719006,NH3,5,14,8
India,Delhi,Delhi,"Dr. Karni Singh Shooting Range, Delhi - DPCC",13-09-2026 15:00:00,28.498571,77.26484,PM10,19,115,54
India,Delhi,Delhi,"Dr. Karni Singh Shooting Range, Delhi - DPCC",13-09-2026 15:00:00,28.498571,77.26484,SO2,4,8,6
India,Delhi,Delhi,"IIT Delhi, Delhi - IITM",13-09-2026 15:00:00,28.54246,77.191651,PM10,10,126,88
India,Delhi,Delhi,"IIT Delhi, Delhi - IITM",13-09-2026 15:00:00,28.54246,77.191651,NO2,3,31,14
India,Delhi,Delhi,"IIT Delhi, Delhi - IITM",13-09-2026 15:00:00,28.54246,77.191651,SO2,NA,NA,NA
India,Haryana,Gurugram,"Sector-51, Gurugram - HSPCB",13-09-2026 15:00:00,28.4227,77.0667,OZONE,17,84,50
India,Haryana,Gurugram,"Teri Gram, Gurugram - HSPCB",13-09-2026 15:00:00,28.4275,77.1465,NO2,31,66,46
India,Haryana,Gurugram,"Teri Gram, Gurugram - HSPCB",13-09-2026 15:00:00,28.4275,77.1465,OZONE,10,55,28
India,Haryana,Gurugram,"Vikas Sadan, Gurugram - HSPCB",13-09-2026 15:00:00,28.4501238,77.0263051,CO,25,88,53
India,Haryana,Hisar,"Urban Estate-II, Hisar - HSPCB",13-09-2026 15:00:00,29.14056,75.744941,PM2.5,45,49,47
India,Haryana,Kaithal,"Rishi Nagar, Kaithal - HSPCB",13-09-2026 15:00:00,29.8006,76.4155,NO2,21,25,23
India,Haryana,Kaithal,"Rishi Nagar, Kaithal - HSPCB",13-09-2026 15:00:00,29.8006,76.4155,SO2,30,32,31
India,Haryana,Karnal,"Sector-12, Karnal - HSPCB",13-09-2026 15:00:00,29.6953,77.0027,SO2,12,13,13
India,Haryana,Karnal,"Sector-12, Karnal - HSPCB",13-09-2026 15:00:00,29.6953,77.0027,OZONE,11,13,12
India,Haryana,Kurukshetra,"Sector-7, Kurukshetra - HSPCB",13-09-2026 15:00:00,29.966942,76.875879,OZONE,7,12,9
India,Haryana,Manesar,"Sector-2 IMT, Manesar - HSPCB",13-09-2026 15:00:00,28.360699,76.93609,PM2.5,54,181,109
India,Haryana,Narnaul,"Shastri Nagar, Narnaul - HSPCB",13-09-2026 15:00:00,28.060249,76.113115,NH3,4,12,8
India,Haryana,Narnaul,"Shastri Nagar, Narnaul - HSPCB",13-09-2026 15:00:00,28.060249,76.113115,SO2,5,18,10
India,Haryana,Narnaul,"Shastri Nagar, Narnaul - HSPCB",13-09-2026 15:00:00,28.060249,76.113115,OZONE,11,62,46
India,Haryana,Palwal,"Shyam Nagar, Palwal - HSPCB",13-09-2026 15:00:00,28.1485564,77.3320667,NO2,23,24,24
India,Haryana,Palwal,"Shyam Nagar, Palwal - HSPCB",13-09-2026 15:00:00,28.1485564,77.3320667,SO2,5,32,17
India,Haryana,Palwal,"Shyam Nagar, Palwal - HSPCB",13-09-2026 15:00:00,28.1485564,77.3320667,CO,19,101,47
India,Delhi,Delhi,"Alipur, Delhi - DPCC",13-09-2026 15:00:00,28.815329,77.15301,NH3,4,4,4
India,Delhi,Delhi,"Alipur, Delhi - DPCC",13-09-2026 15:00:00,28.815329,77.15301,CO,23,33,27
India,Delhi,Delhi,"IMD Lodhi Road, Delhi - IITM",13-09-2026 15:00:00,28.5918245,77.2273074,NH3,NA,NA,NA
India,Delhi,Delhi,"IMD Lodhi Road, Delhi - IITM",13-09-2026 15:00:00,28.5918245,77.2273074,SO2,NA,NA,NA
India,Delhi,Delhi,"JNU, Delhi - DPCC",13-09-2026 15:00:00,28.540721,77.168544,NH3,0,6,2
India,Gujarat,Ahmedabad,"Rakhial, Ahmedabad - IITM",13-09-2026 15:00:00,23.016834,72.625775,PM2.5,31,99,59
India,Gujarat,Ahmedabad,"Maninagar, Ahmedabad - GPCB",13-09-2026 15:00:00,23.002657,72.591912,PM2.5,16,192,97
India,Gujarat,Ahmedabad,"Maninagar, Ahmedabad - GPCB",13-09-2026 15:00:00,23.002657,72.591912,NH3,NA,NA,NA
India,Gujarat,Ahmedabad,"Maninagar, Ahmedabad - GPCB",13-09-2026 15:00:00,23.002657,72.591912,CO,25,38,31
India,Gujarat,Ahmedabad,"SVPI Airport Hansol, Ahmedabad - IITM",13-09-2026 15:00:00,23.076793,72.627874,SO2,3,5,4
India,Gujarat,Ahmedabad,"Gyaspur, Ahmedabad - IITM",13-09-2026 15:00:00,22.977134,72.553024,PM2.5,28,73,55
India,Gujarat,Ahmedabad,"Gyaspur, Ahmedabad - IITM",13-09-2026 15:00:00,22.977134,72.553024,NH3,5,11,7
India,Haryana,Bhiwani,"H.B. Colony, Bhiwani - HSPCB",13-09-2026 15:00:00,28.806223,76.141105,PM10,NA,NA,NA
India,Haryana,Charkhi Dadri,"Mini Secretariat, Charkhi Dadri - HSPCB",13-09-2026 15:00:00,28.593883,76.270653,OZONE,11,36,31
India,Haryana,Faridabad,"Sector 11, Faridabad - HSPCB",13-09-2026 15:00:00,28.376058,77.315741,OZONE,5,6,6
India,Haryana,Faridabad,"Sector 30, Faridabad - HSPCB",13-09-2026 15:00:00,28.4417,77.3217,OZONE,13,14,14
India,Haryana,Fatehabad,"Huda Sector, Fatehabad - HSPCB",13-09-2026 15:00:00,29.503664,75.467934,PM10,65,81,72
India,Haryana,Fatehabad,"Huda Sector, Fatehabad - HSPCB",13-09-2026 15:00:00,29.503664,75.467934,NO2,18,20,19
India,Haryana,Fatehabad,"Huda Sector, Fatehabad - HSPCB",13-09-2026 15:00:00,29.503664,75.467934,NH3,13,15,14
India,Haryana,Fatehabad,"Huda Sector, Fatehabad - HSPCB",13-09-2026 15:00:00,29.503664,75.467934,SO2,8,15,11
India,Haryana,Gurugram,"NISE Gwal Pahari, Gurugram - IITM",13-09-2026 15:00:00,28.422681,77.148944,PM10,14,91,59
India,Haryana,Gurugram,"NISE Gwal Pahari, Gurugram - IITM",13-09-2026 15:00:00,28.422681,77.148944,NH3,NA,NA,NA
India,Haryana,Gurugram,"Sector-51, Gurugram - HSPCB",13-09-2026 15:00:00,28.4227,77.0667,PM2.5,20,59,35
India,Haryana,Panchgaon,"Amity University, Panchgaon - IITM",13-09-2026 15:00:00,28.3153,76.9143,NO2,29,75,39
India,Haryana,Panchgaon,"Amity University, Panchgaon - IITM",13-09-2026 15:00:00,28.3153,76.9143,SO2,6,33,14
India,Haryana,Panipat,"Sector-18, Panipat - HSPCB",13-09-2026 15:00:00,29.432304,76.972765,PM10,12,270,92
India,Haryana,Sonipat,"Murthal, Sonipat - HSPCB",13-09-2026 15:00:00,29.0272,77.0621,PM2.5,43,86,61
India,Haryana,Yamuna Nagar,"Gobind Pura, Yamuna Nagar - HSPCB",13-09-2026 15:00:00,30.1480566,77.2893471,PM10,53,126,90
India,Haryana,Yamuna Nagar,"Gobind Pura, Yamuna Nagar - HSPCB",13-09-2026 15:00:00,30.1480566,77.2893471,OZONE,62,64,63
India,Himachal Pradesh,Baddi,"HIMUDA Complex Phase-1, Baddi - HPPCB",13-09-2026 15:00:00,30.943887,76.801991,NO2,1,21,11
India,Himachal Pradesh,Baddi,"HIMUDA Complex Phase-1, Baddi - HPPCB",13-09-2026 15:00:00,30.943887,76.801991,SO2,0,9,4
India,Himachal Pradesh,Baddi,"HIMUDA Complex Phase-1, Baddi - HPPCB",13-09-2026 15:00:00,30.943887,76.801991,CO,84,102,93
India,Delhi,Delhi,"IGNOU_Maidan Garhi, Delhi - DPCC",13-09-2026 15:00:00,28.493624,77.201159,NO2,3,19,10
India,Delhi,Delhi,"IGNOU_Maidan Garhi, Delhi - DPCC",13-09-2026 15:00:00,28.493624,77.201159,SO2,6,7,7
India,Delhi,Delhi,"Commonwealth Sports Complex, Delhi - DPCC",13-09-2026 15:00:00,28.615828,77.271992,NO2,10,57,31
India,Delhi,Delhi,"Commonwealth Sports Complex, Delhi - DPCC",13-09-2026 15:00:00,28.615828,77.271992,NH3,0,3,2
India,Delhi,Delhi,"Talkatora Garden, Delhi - DPCC",13-09-2026 15:00:00,28.62181,77.1944633,NH3,NA,NA,NA
India,Delhi,Delhi,"ITO, Delhi - CPCB",13-09-2026 15:00:00,28.628624,77.24106,OZONE,13,17,14
India,Delhi,Delhi,"R K Puram, Delhi - DPCC",13-09-2026 15:00:00,28.563262,77.186937,CO,52,59,54
India,Delhi,Delhi,"R K Puram, Delhi - DPCC",13-09-2026 15:00:00,28.563262,77.186937,OZONE,54,93,75
India,Delhi,Delhi,"North Campus, DU, Delhi - IITM",13-09-2026 15:00:00,28.6573814,77.1585447,NH3,NA,NA,NA
India,Gujarat,Vadodara,"Bapunagar, Vadodara - Nexteng Enviro",13-09-2026 15:00:00,22.320153,73.216285,CO,81,84,82
India,Gujarat,Vadodara,"Bapunagar, Vadodara - Nexteng Enviro",13-09-2026 15:00:00,22.320153,73.216285,OZONE,2,4,3
India,Haryana,Bahadurgarh,"Arya Nagar, Bahadurgarh - HSPCB",13-09-2026 15:00:00,28.6701,76.9254,OZONE,16,48,31
India,Jammu and Kashmir,Pampore,"Khrew, Pampore - JKPCC",13-09-2026 15:00:00,34.031606,75.009712,PM10,17,120,68
India,Jammu and Kashmir,Pampore,"Khrew, Pampore - JKPCC",13-09-2026 15:00:00,34.031606,75.009712,OZONE,NA,NA,NA
India,Jammu and Kashmir,Srinagar,"Khunmoh, Srinagar - JKPCC",13-09-2026 15:00:00,34.06313,74.96017,CO,NA,NA,NA
India,Jammu and Kashmir,Srinagar,"Rajbagh, Srinagar - JKPCC",13-09-2026 15:00:00,34.066206,74.81982,PM10,26,44,37
India,Jammu and Kashmir,Srinagar,"Rajbagh, Srinagar - JKPCC",13-09-2026 15:00:00,34.066206,74.81982,NH3,9,9,9
India,Jammu and Kashmir,Srinagar,"Rajbagh, Srinagar - JKPCC",13-09-2026 15:00:00,34.066206,74.81982,SO2,3,4,3
India,Jharkhand,Dhanbad,"Sardar Patel Nagar, Dhanbad - JSPCB",13-09-2026 15:00:00,23.80569,86.44268,PM2.5,0,318,51
India,Jharkhand,Dhanbad,"Sardar Patel Nagar, Dhanbad - JSPCB",13-09-2026 15:00:00,23.80569,86.44268,PM10,NA,NA,NA
India,Jharkhand,Jorapokhar,"Tata Stadium, Jorapokhar - JSPCB",13-09-2026 15:00:00,23.707909,86.41467,PM2.5,44,52,46
India,Karnataka,Bengaluru,"Silk Board, Bengaluru - KSPCB",13-09-2026 15:00:00,12.917348,77.622813,PM2.5,57,234,97
India,Karnataka,Bengaluru,"Silk Board, Bengaluru - KSPCB",13-09-2026 15:00:00,12.917348,77.622813,PM10,86,200,123
India,Karnataka,Bengaluru,"Silk Board, Bengaluru - KSPCB",13-09-2026 15:00:00,12.917348,77.622813,SO2,17,22,20
India,Karnataka,Bengaluru,"Bapuji Nagar, Bengaluru - KSPCB",13-09-2026 15:00:00,12.951913,77.539784,NO2,19,19,19
India,Karnataka,Bengaluru,"City Railway Station, Bengaluru - KSPCB",13-09-2026 15:00:00,12.9756843,77.5660749,PM10,90,106,104
India,Karnataka,Bengaluru,"City Railway Station, Bengaluru - KSPCB",13-09-2026 15:00:00,12.9756843,77.5660749,NO2,29,38,34
India,Karnataka,Bengaluru,"City Railway Station, Bengaluru - KSPCB",13-09-2026 15:00:00,12.9756843,77.5660749,SO2,13,15,15
India,Karnataka,Bengaluru,"City Railway Station, Bengaluru - KSPCB",13-09-2026 15:00:00,12.9756843,77.5660749,OZONE,NA,NA,NA
India,Karnataka,Bengaluru,"Jayanagar 5th Block, Bengaluru - KSPCB",13-09-2026 15:00:00,12.920984,77.584908,PM2.5,27,100,53
India,Karnataka,Bengaluru,"Jayanagar 5th Block, Bengaluru - KSPCB",13-09-2026 15:00:00,12.920984,77.584908,PM10,40,133,78
India,Karnataka,Bengaluru,"Jayanagar 5th Block, Bengaluru - KSPCB",13-09-2026 15:00:00,12.920984,77.584908,CO,9,16,12
India,Karnataka,Bengaluru,"Peenya, Bengaluru - CPCB",13-09-2026 15:00:00,13.0270199,77.494094,PM2.5,NA,NA,NA
India,Karnataka,Bengaluru,"Peenya, Bengaluru - CPCB",13-09-2026 15:00:00,13.0270199,77.494094,NH3,5,5,5
India,Karnataka,Bengaluru,"Peenya, Bengaluru - CPCB",13-09-2026 15:00:00,13.0270199,77.494094,CO,30,34,32
India,Madhya Pradesh,Indore,"Maguda Nagar, Indore - IMC",13-09-2026 15:00:00,22.7524,75.8872,PM2.5,5,23,14
India,Madhya Pradesh,Indore,"Maguda Nagar, Indore - IMC",13-09-2026 15:00:00,22.7524,75.8872,NO2,0,4,3
India,Madhya Pradesh,Indore,"Maguda Nagar, Indore - IMC",13-09-2026 15:00:00,22.7524,75.8872,NH3,NA,NA,NA
India,Madhya Pradesh,Indore,"Maguda Nagar, Indore - IMC",13-09-2026 15:00:00,22.7524,75.8872,SO2,13,30,20
India,Madhya Pradesh,Indore,"Regional Park, Indore - IMC",13-09-2026 15:00:00,22.678,75.8559,PM2.5,4,20,13
India,Madhya Pradesh,Indore,"Chhoti Gwaltoli, Indore - MPPCB",13-09-2026 15:00:00,22.431,75.5213,PM2.5,24,61,42
India,Madhya Pradesh,Indore,"Chhoti Gwaltoli, Indore - MPPCB",13-09-2026 15:00:00,22.431,75.5213,OZONE,1,70,35
India,Madhya Pradesh,Jabalpur,"Marhatal, Jabalpur - MPPCB",13-09-2026 15:00:00,23.168606,79.932247,PM2.5,13,32,21
India,Madhya Pradesh,Jabalpur,"Marhatal, Jabalpur - MPPCB",13-09-2026 15:00:00,23.168606,79.932247,NH3,1,1,1
India,Madhya Pradesh,Jabalpur,"Marhatal, Jabalpur - MPPCB",13-09-2026 15:00:00,23.168606,79.932247,CO,5,58,32
India,Madhya Pradesh,Jabalpur,"Marhatal, Jabalpur - MPPCB",13-09-2026 15:00:00,23.168606,79.932247,OZONE,18,44,35
India,Madhya Pradesh,Jabalpur,"Suhagi, Jabalpur - JMC",13-09-2026 15:00:00,23.218135,79.95777,SO2,6,7,7
India,Madhya Pradesh,Jabalpur,"Suhagi, Jabalpur - JMC",13-09-2026 15:00:00,23.218135,79.95777,CO,30,36,33
India,Madhya Pradesh,Jabalpur,"Govindh Bhavan Colony, Jabalpur - JMC",13-09-2026 15:00:00,23.163174,79.973061,PM2.5,8,27,16
India,Madhya Pradesh,Jabalpur,"Govindh Bhavan Colony, Jabalpur - JMC",13-09-2026 15:00:00,23.163174,79.973061,NO2,9,14,11
India,Madhya Pradesh,Jabalpur,"Govindh Bhavan Colony, Jabalpur - JMC",13-09-2026 15:00:00,23.163174,79.973061,CO,24,27,26
India,Madhya Pradesh,Jabalpur,"Govindh Bhavan Colony, Jabalpur - JMC",13-09-2026 15:00:00,23.163174,79.973061,OZONE,21,40,33
India,Madhya Pradesh,Maihar,"Sahilara, Maihar - KJS Cements",13-09-2026 15:00:00,24.2613009,80.7231783,PM2.5,38,41,40
India,Madhya Pradesh,Maihar,"Sahilara, Maihar - KJS Cements",13-09-2026 15:00:00,24.2613009,80.7231783,OZONE,NA,NA,NA
India,Maharashtra,Boisar,"Khaira, Boisar - MPCB",13-09-2026 15:00:00,19.786089,72.757971,NO2,1,11,6
India,Maharashtra,Chandrapur,"MIDC Khutala, Chandrapur - MPCB",13-09-2026 15:00:00,19.9775302,79.2337086,NO2,NA,NA,NA
India,Maharashtra,Chandrapur,"MIDC Khutala, Chandrapur - MPCB",13-09-2026 15:00:00,19.9775302,79.2337086,CO,38,41,40
India,Maharashtra,Chandrapur,"Chauhan Colony, Chandrapur - MPCB",13-09-2026 15:00:00,19.9629,79.298714,PM2.5,4,42,19
India,Maharashtra,Chandrapur,"Chauhan Colony, Chandrapur - MPCB",13-09-2026 15:00:00,19.9629,79.298714,PM10,NA,NA,NA
India,Maharashtra,Chandrapur,"Chauhan Colony, Chandrapur - MPCB",13-09-2026 15:00:00,19.9629,79.298714,NO2,12,14,13
India,Maharashtra,Dhule,"Deopur, Dhule - MPCB",13-09-2026 15:00:00,20.918946,74.776388,PM2.5,11,67,41
India,Maharashtra,Dhule,"Deopur, Dhule - MPCB",13-09-2026 15:00:00,20.918946,74.776388,SO2,0,6,3
India,Maharashtra,Dombivli,"Kalu Nagar, Dombivli - MPCB",13-09-2026 15:00:00,19.2268427,73.0788456,NH3,2,3,2
India,Maharashtra,Dombivli,"Kalu Nagar, Dombivli - MPCB",13-09-2026 15:00:00,19.2268427,73.0788456,CO,14,110,29
India,Maharashtra,Hingoli,"Ashta Vinayak Nagar, Hingoli - MPCB",13-09-2026 15:00:00,19.710842,77.151824,PM2.5,25,55,34
India,Maharashtra,Hingoli,"Ashta Vinayak Nagar, Hingoli - MPCB",13-09-2026 15:00:00,19.710842,77.151824,NH3,1,14,4
India,Maharashtra,Hingoli,"Ashta Vinayak Nagar, Hingoli - MPCB",13-09-2026 15:00:00,19.710842,77.151824,CO,12,16,14
India,Maharashtra,Jalgaon,"Prabhat Colony, Jalgaon - MPCB",13-09-2026 15:00:00,21.001264,75.565602,PM10,39,69,56
India,Maharashtra,Jalna,"Old MIDC, Jalna - MPCB",13-09-2026 15:00:00,19.854616,75.905894,PM10,7,132,52
India,Maharashtra,Kalyan,"Khadakpada, Kalyan - MPCB",13-09-2026 15:00:00,19.25292,73.142019,NO2,37,37,37
India,Madhya Pradesh,Pithampur,"Sector-2 Industrial Area, Pithampur - MPPCB",13-09-2026 15:00:00,22.624758,75.675238,PM2.5,45,303,155
India,Madhya Pradesh,Pithampur,"Sector-2 Industrial Area, Pithampur - MPPCB",13-09-2026 15:00:00,22.624758,75.675238,NO2,11,29,17
India,Madhya Pradesh,Pithampur,"Sector-2 Industrial Area, Pithampur - MPPCB",13-09-2026 15:00:00,22.624758,75.675238,OZONE,37,64,51
India,Madhya Pradesh,Sagar,"Civil Lines, Sagar - MPPCB",13-09-2026 15:00:00,23.838586,78.759431,NH3,2,2,2
India,Madhya Pradesh,Satna,"Bandhavgar Colony, Satna - Birla Cement",13-09-2026 15:00:00,24.58434363,80.8549414,NH3,NA,NA,NA
India,Madhya Pradesh,Satna,"Bandhavgar Colony, Satna - Birla Cement",13-09-2026 15:00:00,24.58434363,80.8549414,SO2,NA,NA,NA
India,Madhya Pradesh,Ujjain,"Mahashweta Nagar, Ujjain - MPPCB",13-09-2026 15:00:00,23.1633321,75.800225,SO2,2,6,4
India,Maharashtra,Ahmednagar,"Tarakpur, Ahmednagar - MPCB",13-09-2026 15:00:00,19.10122,74.73339,NO2,6,58,17
India,Maharashtra,Ahmednagar,"Tarakpur, Ahmednagar - MPCB",13-09-2026 15:00:00,19.10122,74.73339,OZONE,5,5,5
India,Maharashtra,Akola,"Ramdaspeth, Akola - MPCB",13-09-2026 15:00:00,20.719516,77.000253,PM10,22,66,44
India,Maharashtra,Ambernath,"Chinchpada, Ambernath - MPCB",13-09-2026 15:00:00,19.215784,73.199781,NH3,2,3,2
India,Maharashtra,Amravati,"Shivneri Colony, Amravati - MPCB",13-09-2026 15:00:00,20.9402359,77.7895248,NH3,2,2,2
India,Maharashtra,Amravati,"Shri Shivaji Science College, Amravati - MPCB",13-09-2026 15:00:00,20.939198,77.765701,PM2.5,19,38,29
India,Maharashtra,Kalyan,"Pimpleshwar Mandir, Kalyan - MPCB",13-09-2026 15:00:00,19.192056,72.9585188,PM2.5,NA,NA,NA
India,Maharashtra,Kalyan,"Pimpleshwar Mandir, Kalyan - MPCB",13-09-2026 15:00:00,19.192056,72.9585188,NH3,NA,NA,NA
India,Maharashtra,Kalyan,"Pimpleshwar Mandir, Kalyan - MPCB",13-09-2026 15:00:00,19.192056,72.9585188,OZONE,19,19,19
India,Maharashtra,Kolhapur,"Sinchan Bhavan, Kolhapur - MPCB",13-09-2026 15:00:00,16.7143745,74.2426398,CO,8,15,11
India,Maharashtra,Kolhapur,"Shivaji University, Kolhapur - MPCB",13-09-2026 15:00:00,16.6870449,74.2505872,PM10,14,37,27
India,Maharashtra,Kolhapur,"Shivaji University, Kolhapur - MPCB",13-09-2026 15:00:00,16.6870449,74.2505872,NH3,3,4,3
India,Maharashtra,Kolhapur,"Shivaji University, Kolhapur - MPCB",13-09-2026 15:00:00,16.6870449,74.2505872,CO,10,18,13
India,Maharashtra,Latur,"Sawe Wadi, Latur - MPCB",13-09-2026 15:00:00,18.39963,76.57452,OZONE,11,28,19
India,Maharashtra,Mahad,"Kamble Tarf Birwadi, Mahad - MPCB",13-09-2026 15:00:00,18.1023399,73.4783687,OZONE,4,4,4
India,Maharashtra,Malegaon,"Mahesh Nagar, Malegaon - MPCB",13-09-2026 15:00:00,20.555712,74.529236,PM10,30,87,60
India,Maharashtra,Mumbai,"Shivaji Nagar, Mumbai - BMC",13-09-2026 15:00:00,19.060498,72.923356,NO2,10,21,13
India,Maharashtra,Mumbai,"Shivaji Nagar, Mumbai - BMC",13-09-2026 15:00:00,19.060498,72.923356,CO,8,59,22
India,Maharashtra,Mumbai,"Navy Nagar-Colaba, Mumbai - IITM",13-09-2026 15:00:00,18.897756,72.81332,NO2,25,61,40
India,Karnataka,Bengaluru,"Shivapura_Peenya, Bengaluru - KSPCB",13-09-2026 15:00:00,13.0246342,77.5080115,CO,NA,NA,NA
India,Karnataka,Bengaluru,"Hebbal, Bengaluru - KSPCB",13-09-2026 15:00:00,13.029152,77.585901,PM2.5,23,63,38
India,Karnataka,Chamarajanagar,"Urban, Chamarajanagar - KSPCB",13-09-2026 15:00:00,11.55358,76.55521,PM10,44,46,45
India,Karnataka,Chamarajanagar,"Urban, Chamarajanagar - KSPCB",13-09-2026 15:00:00,11.55358,76.55521,NO2,24,30,29
India,Karnataka,Chamarajanagar,"Urban, Chamarajanagar - KSPCB",13-09-2026 15:00:00,11.55358,76.55521,OZONE,25,27,26
India,Karnataka,Chikkaballapur,"Chikkaballapur Rural, Chikkaballapur - KSPCB",13-09-2026 15:00:00,13.428828,77.731418,PM2.5,10,48,23
India,Karnataka,Chikkaballapur,"Chikkaballapur Rural, Chikkaballapur - KSPCB",13-09-2026 15:00:00,13.428828,77.731418,NO2,3,6,4
India,Karnataka,Chikkamagaluru,"Kalyana Nagara, Chikkamagaluru - KSPCB",13-09-2026 15:00:00,13.328028,75.797056,PM10,NA,NA,NA
India,Karnataka,Dharwad,"Kalabhavan, Dharwad - KSPCB",13-09-2026 15:00:00,15.459706,75.008381,NH3,5,7,7
India,Karnataka,Dharwad,"Kalabhavan, Dharwad - KSPCB",13-09-2026 15:00:00,15.459706,75.008381,CO,51,53,52
India,Karnataka,Gadag,"Panchal Nagar, Gadag - KSPCB",13-09-2026 15:00:00,15.411456,75.638133,PM10,37,38,37
India,Karnataka,Gadag,"Panchal Nagar, Gadag - KSPCB",13-09-2026 15:00:00,15.411456,75.638133,SO2,25,33,30
India,Kerala,Thrissur,"Corporation Ground, Thrissur - Kerala PCB",13-09-2026 15:00:00,10.5324,76.2159,NO2,9,11,10
India,Madhya Pradesh,Bhopal,"Paryavaran Parisar, Bhopal - MPPCB",13-09-2026 15:00:00,23.210494,77.425409,NO2,10,37,19
India,Madhya Pradesh,Bhopal,"T T Nagar, Bhopal - MPPCB",13-09-2026 15:00:00,23.233584,77.400574,PM10,38,70,51
India,Madhya Pradesh,Bhopal,"T T Nagar, Bhopal - MPPCB",13-09-2026 15:00:00,23.233584,77.400574,NO2,12,33,19
India,Madhya Pradesh,Bhopal,"T T Nagar, Bhopal - MPPCB",13-09-2026 15:00:00,23.233584,77.400574,NH3,6,6,6
India,Madhya Pradesh,Dewas,"Bhopal Chauraha, Dewas - MPPCB",13-09-2026 15:00:00,22.9682591,76.064118,NO2,47,102,63
India,Madhya Pradesh,Gwalior,"Deen Dayal Nagar, Gwalior - MPPCB",13-09-2026 15:00:00,26.259242,78.216432,PM2.5,22,48,35
India,Madhya Pradesh,Gwalior,"Deen Dayal Nagar, Gwalior - MPPCB",13-09-2026 15:00:00,26.259242,78.216432,PM10,27,106,65
India,Madhya Pradesh,Gwalior,"Maharaj Bada, Gwalior - MPPCB",13-09-2026 15:00:00,26.200388,78.147714,PM2.5,28,97,61
India,Madhya Pradesh,Gwalior,"Maharaj Bada, Gwalior - MPPCB",13-09-2026 15:00:00,26.200388,78.147714,NH3,3,6,5
India,Madhya Pradesh,Indore,"Residency Area, Indore - IMC",13-09-2026 15:00:00,22.7084,75.8815,SO2,3,11,6
India,Karnataka,Hubballi,"Lingaraj Nagar, Hubballi - KSPCB",13-09-2026 15:00:00,15.3714823,75.1160168,CO,18,27,21
India,Karnataka,Kalaburagi,"Mahatma Basaveswar Colony, Kalaburgi - KSPCB",13-09-2026 15:00:00,17.336318,76.847397,OZONE,13,13,13
India,Karnataka,Madikeri,"Stuart Hill, Madikeri - KSPCB",13-09-2026 15:00:00,12.415911,75.73505,NH3,1,1,1
India,Karnataka,Mysuru,"Hebbal 1st Stage, Mysuru - KSPCB",13-09-2026 15:00:00,12.21041,76.37376,PM2.5,14,68,30
India,Karnataka,Yadgir,"Collector Office, Yadgir - KSPCB",13-09-2026 15:00:00,16.7602,77.1428,PM10,34,64,45
India,Karnataka,Yadgir,"Collector Office, Yadgir - KSPCB",13-09-2026 15:00:00,16.7602,77.1428,CO,10,15,12
India,Kerala,Thiruvananthapuram,"Plammoodu, Thiruvananthapuram - Kerala PCB",13-09-2026 15:00:00,8.5149093,76.9435879,PM2.5,23,48,34
India,Kerala,Thiruvananthapuram,"Plammoodu, Thiruvananthapuram - Kerala PCB",13-09-2026 15:00:00,8.5149093,76.9435879,NO2,3,5,4
India,Kerala,Thiruvananthapuram,"Plammoodu, Thiruvananthapuram - Kerala PCB",13-09-2026 15:00:00,8.5149093,76.9435879,OZONE,10,28,17
India,Kerala,Thiruvananthapuram,"Kariavattom, Thiruvananthapuram - Kerala PCB",13-09-2026 15:00:00,8.5637,76.8865,NH3,0,0,0
India,Maharashtra,Aurangabad,"MIDC Chilkalthana, Aurangabad - MPCB",13-09-2026 15:00:00,19.87562,75.38731,OZONE,22,33,26
India,Maharashtra,Aurangabad,"More Chowk Waluj, Aurangabad - MPCB",13-09-2026 15:00:00,19.8389439,75.244448,PM10,18,38,24
India,Maharashtra,Aurangabad,"More Chowk Waluj, Aurangabad - MPCB",13-09-2026 15:00:00,19.8389439,75.244448,SO2,NA,NA,NA
India,Maharashtra,Aurangabad,"More Chowk Waluj, Aurangabad - MPCB",13-09-2026 15:00:00,19.8389439,75.244448,CO,23,106,56
India,Maharashtra,Badlapur,"Katrap, Badlapur - MPCB",13-09-2026 15:00:00,19.16485,73.23409,PM2.5,17,18,18
India,Maharashtra,Badlapur,"Katrap, Badlapur - MPCB",13-09-2026 15:00:00,19.16485,73.23409,NH3,NA,NA,NA
India,Maharashtra,Beed,"Bir, Beed - MPCB",13-09-2026 15:00:00,18.988474,75.753873,OZONE,6,16,11
India,Maharashtra,Belapur,"CBD Belapur, Belapur - MPCB",13-09-2026 15:00:00,19.0243902,73.0406721,NO2,18,39,26
India,Maharashtra,Bhiwandi,"Gokul Nagar, Bhiwandi - MPCB",13-09-2026 15:00:00,19.309073,73.057223,PM2.5,25,30,28
India,Maharashtra,Bhiwandi,"Gokul Nagar, Bhiwandi - MPCB",13-09-2026 15:00:00,19.309073,73.057223,NH3,4,19,11
India,Maharashtra,Bhiwandi,"Gokul Nagar, Bhiwandi - MPCB",13-09-2026 15:00:00,19.309073,73.057223,OZONE,25,31,27
India,Maharashtra,Ulhasnagar,"Sidhi Vinayak Nagar, Ulhasnagar - MPCB",13-09-2026 15:00:00,19.235581,73.159121,CO,11,13,12
India,Maharashtra,Ulhasnagar,"Vithalwadi, Ulhasnagar - MPCB",13-09-2026 15:00:00,19.2307571,73.155192,SO2,7,11,8
India,Maharashtra,Virar,"Bolinj, Virar - MPCB",13-09-2026 15:00:00,19.445821,72.7988231,PM10,5,21,14
India,Meghalaya,Byrnihat,"15th Mile-Nongthymmai, Byrnihat -Meghalaya PCB",13-09-2026 15:00:00,26.079047,91.875185,PM2.5,5,380,218
India,Meghalaya,Shillong,"Lumpyngngad, Shillong - Meghalaya PCB",13-09-2026 15:00:00,25.5586,91.8985,NO2,0,1,0
India,Meghalaya,Shillong,"Lumpyngngad, Shillong - Meghalaya PCB",13-09-2026 15:00:00,25.5586,91.8985,SO2,12,13,12
India,Meghalaya,Shillong,"Lumpyngngad, Shillong - Meghalaya PCB",13-09-2026 15:00:00,25.5586,91.8985,CO,10,11,10
India,Mizoram,Aizawl,"Sikulpuikawn, Aizawl - Mizoram PCB",13-09-2026 15:00:00,23.7176342,92.7192841,PM2.5,NA,NA,NA
India,Mizoram,Aizawl,"Sikulpuikawn, Aizawl - Mizoram PCB",13-09-2026 15:00:00,23.7176342,92.7192841,SO2,14,15,14
India,Nagaland,Kohima,"PWD Junction, Kohima - NPCB",13-09-2026 15:00:00,25.6635413,94.0989878,PM10,7,28,15
India,Nagaland,Kohima,"PWD Junction, Kohima - NPCB",13-09-2026 15:00:00,25.6635413,94.0989878,NH3,0,1,1
India,Nagaland,Kohima,"PWD Junction, Kohima - NPCB",13-09-2026 15:00:00,25.6635413,94.0989878,SO2,50,61,57
India,Odisha,Balasore,"Kalidaspur, Balasore - OSPCB",13-09-2026 15:00:00,21.51161,86.89088,SO2,6,8,7
India,Odisha,Balasore,"Kalidaspur, Balasore - OSPCB",13-09-2026 15:00:00,21.51161,86.89088,CO,41,54,46
India,Odisha,Barbil,"Forest Office, Barbil - OSPCB",13-09-2026 15:00:00,22.1166054,85.3945546,NO2,7,29,10
India,Odisha,Barbil,"Forest Office, Barbil - OSPCB",13-09-2026 15:00:00,22.1166054,85.3945546,NH3,1,2,2
India,Odisha,Baripada,"Meher Colony, Baripada - OSPCB",13-09-2026 15:00:00,21.941841,86.728318,NO2,0,12,6
India,Odisha,Baripada,"Meher Colony, Baripada - OSPCB",13-09-2026 15:00:00,21.941841,86.728318,CO,16,20,18
India,Odisha,Baripada,"Meher Colony, Baripada - OSPCB",13-09-2026 15:00:00,21.941841,86.728318,OZONE,32,109,60
India,Maharashtra,Pimpri-Chinchwad,"Gavalinagar, Pimpri Chinchwad - MPCB",13-09-2026 15:00:00,18.63673,73.82487,SO2,0,2,1
India,Maharashtra,Pimpri-Chinchwad,"Gavalinagar, Pimpri Chinchwad - MPCB",13-09-2026 15:00:00,18.63673,73.82487,CO,7,14,11
India,Maharashtra,Pimpri-Chinchwad,"Park Street Wakad, Pimpri Chinchwad - MPCB",13-09-2026 15:00:00,18.59051,73.77946,PM10,NA,NA,NA
India,Maharashtra,Pimpri-Chinchwad,"Park Street Wakad, Pimpri Chinchwad - MPCB",13-09-2026 15:00:00,18.59051,73.77946,NO2,NA,NA,NA
India,Maharashtra,Pimpri-Chinchwad,"Park Street Wakad, Pimpri Chinchwad - MPCB",13-09-2026 15:00:00,18.59051,73.77946,CO,3,10,7
India,Maharashtra,Pimpri-Chinchwad,"Park Street Wakad, Pimpri Chinchwad - MPCB",13-09-2026 15:00:00,18.59051,73.77946,OZONE,12,16,14
India,Maharashtra,Pimpri-Chinchwad,"Bhosari, Pune - IITM",13-09-2026 15:00:00,18.640051,73.848956,PM2.5,18,45,31
India,Maharashtra,Pimpri-Chinchwad,"Thergaon, Pimpri Chinchwad - MPCB",13-09-2026 15:00:00,18.616318,73.765797,PM2.5,8,37,17
India,Maharashtra,Pimpri-Chinchwad,"Thergaon, Pimpri Chinchwad - MPCB",13-09-2026 15:00:00,18.616318,73.765797,OZONE,6,13,8
India,Maharashtra,Pune,"Mhada Colony, Pune - IITM",13-09-2026 15:00:00,18.57304,73.927715,PM10,52,100,73
India,Maharashtra,Pune,"Mhada Colony, Pune - IITM",13-09-2026 15:00:00,18.57304,73.927715,NO2,8,19,12
India,Maharashtra,Pune,"Mhada Colony, Pune - IITM",13-09-2026 15:00:00,18.57304,73.927715,NH3,NA,NA,NA
India,Maharashtra,Pune,"Mhada Colony, Pune - IITM",13-09-2026 15:00:00,18.57304,73.927715,CO,53,70,62
India,Maharashtra,Pune,"Savitribai Phule Pune University, Pune - MPCB",13-09-2026 15:00:00,18.547056,73.826908,OZONE,10,22,16
India,Maharashtra,Pune,"Hadapsar, Pune - IITM",13-09-2026 15:00:00,18.501793,73.927532,PM10,35,95,63
India,Maharashtra,Pune,"Katraj Dairy, Pune - MPCB",13-09-2026 15:00:00,18.45445,73.854155,PM2.5,18,198,36
India,Maharashtra,Pune,"Katraj Dairy, Pune - MPCB",13-09-2026 15:00:00,18.45445,73.854155,OZONE,10,10,10
India,Maharashtra,Pune,"Panchawati_Pashan, Pune - IITM",13-09-2026 15:00:00,18.536457,73.805454,NO2,4,12,7
India,Odisha,Rourkela,"Sector-2, Rourkela - OSPCB",13-09-2026 15:00:00,22.245,84.88111111,NO2,14,14,14
India,Odisha,Rourkela,"Raghunathpali, Rourkela - OSPCB",13-09-2026 15:00:00,22.220833,84.809444,PM2.5,NA,NA,NA
India,Odisha,Rourkela,"Raghunathpali, Rourkela - OSPCB",13-09-2026 15:00:00,22.220833,84.809444,PM10,NA,NA,NA
India,Odisha,Rourkela,"Raghunathpali, Rourkela - OSPCB",13-09-2026 15:00:00,22.220833,84.809444,NO2,16,26,20
India,Odisha,Rourkela,"Raghunathpali, Rourkela - OSPCB",13-09-2026 15:00:00,22.220833,84.809444,SO2,2,5,3
India,Odisha,Tensa,"Barsua Iron Ore Mines, Tensa - OSPCB",13-09-2026 15:00:00,21.869985,85.167016,PM2.5,9,10,9
India,Odisha,Tensa,"Barsua Iron Ore Mines, Tensa - OSPCB",13-09-2026 15:00:00,21.869985,85.167016,PM10,NA,NA,NA
India,Odisha,Tensa,"Barsua Iron Ore Mines, Tensa - OSPCB",13-09-2026 15:00:00,21.869985,85.167016,NO2,NA,NA,NA
India,Puducherry,Puducherry,"Jawahar Nagar, Puducherry - PPCC",13-09-2026 15:00:00,11.9309,79.8027,CO,20,38,27
India,Puducherry,Puducherry,"Jawahar Nagar, Puducherry - PPCC",13-09-2026 15:00:00,11.9309,79.8027,OZONE,36,94,65
India,Punjab,Amritsar,"Golden Temple, Amritsar - PPCB",13-09-2026 15:00:00,31.62,74.876512,SO2,6,17,13
India,Punjab,Bathinda,"Hardev Nagar, Bathinda - PPCB",13-09-2026 15:00:00,30.233011,74.907758,PM2.5,20,95,47
India,Punjab,Jalandhar,"Civil Line, Jalandhar - PPCB",13-09-2026 15:00:00,31.321907,75.578914,PM2.5,82,194,109
India,Punjab,Khanna,"Kalal Majra, Khanna - PPCB",13-09-2026 15:00:00,30.736056,76.209694,PM2.5,NA,NA,NA
India,Punjab,Patiala,"Model Town, Patiala - PPCB",13-09-2026 15:00:00,30.349388,76.366642,PM2.5,9,28,17
India,Maharashtra,Mumbai,"Sewri, Mumbai - BMC",13-09-2026 15:00:00,19.000084,72.85673,NO2,20,41,33
India,Maharashtra,Mumbai,"Sewri, Mumbai - BMC",13-09-2026 15:00:00,19.000084,72.85673,CO,16,23,20
India,Maharashtra,Mumbai,"Sewri, Mumbai - BMC",13-09-2026 15:00:00,19.000084,72.85673,OZONE,9,14,11
India,Maharashtra,Mumbai,"Mindspace-Malad West, Mumbai - MPCB",13-09-2026 15:00:00,19.1878657,72.8304069,PM2.5,NA,NA,NA
India,Maharashtra,Mumbai,"Mindspace-Malad West, Mumbai - MPCB",13-09-2026 15:00:00,19.1878657,72.8304069,NO2,18,19,18
India,Maharashtra,Mumbai,"Mindspace-Malad West, Mumbai - MPCB",13-09-2026 15:00:00,19.1878657,72.8304069,SO2,4,4,4
India,Maharashtra,Mumbai,"Mindspace-Malad West, Mumbai - MPCB",13-09-2026 15:00:00,19.1878657,72.8304069,CO,15,15,15
India,Maharashtra,Mumbai,"Byculla, Mumbai - BMC",13-09-2026 15:00:00,18.9767,72.838,NH3,2,8,4
India,Maharashtra,Mumbai,"Kherwadi_Bandra East, Mumbai - MPCB",13-09-2026 15:00:00,19.0632143,72.8456324,NH3,5,5,5
India,Maharashtra,Mumbai,"Malad West, Mumbai - IITM",13-09-2026 15:00:00,19.19709,72.82204,PM2.5,2,42,12
India,Maharashtra,Mumbai,"Malad West, Mumbai - IITM",13-09-2026 15:00:00,19.19709,72.82204,NO2,4,18,10
India,Maharashtra,Mumbai,"Malad West, Mumbai - IITM",13-09-2026 15:00:00,19.19709,72.82204,NH3,1,5,2
India,Maharashtra,Mumbai,"Mazgaon, Mumbai - IITM",13-09-2026 15:00:00,18.96702,72.84214,NH3,6,8,6
India,Maharashtra,Mumbai,"Powai, Mumbai - MPCB",13-09-2026 15:00:00,19.1375,72.915056,PM2.5,6,69,21
India,Maharashtra,Mumbai,"Powai, Mumbai - MPCB",13-09-2026 15:00:00,19.1375,72.915056,PM10,17,57,26
India,Maharashtra,Mumbai,"Powai, Mumbai - MPCB",13-09-2026 15:00:00,19.1375,72.915056,OZONE,NA,NA,NA
India,Maharashtra,Mumbai,"Chakala-Andheri East, Mumbai - IITM",13-09-2026 15:00:00,19.11074,72.86084,PM2.5,2,12,7
India,Maharashtra,Mumbai,"Chakala-Andheri East, Mumbai - IITM",13-09-2026 15:00:00,19.11074,72.86084,PM10,10,58,33
India,Odisha,Bhubaneswar,"Patia, Bhubaneswar - OSPCB",13-09-2026 15:00:00,20.34652,85.8163,CO,33,48,40
India,Odisha,Bhubaneswar,"Lingraj Mandir, Bhubaneswar - OSPCB",13-09-2026 15:00:00,20.24079,85.836784,PM10,20,53,35
India,Odisha,Bhubaneswar,"Lingraj Mandir, Bhubaneswar - OSPCB",13-09-2026 15:00:00,20.24079,85.836784,NH3,2,6,4
India,Odisha,Brajrajnagar,"GM Office, Brajrajnagar - OSPCB",13-09-2026 15:00:00,21.8004996,83.8396977,PM2.5,9,52,21
India,Odisha,Byasanagar,"Ferro Chrome Colony, Byasanagar - OSPCB",13-09-2026 15:00:00,20.94185,86.1151,NO2,4,11,7
India,Odisha,Byasanagar,"Ferro Chrome Colony, Byasanagar - OSPCB",13-09-2026 15:00:00,20.94185,86.1151,SO2,4,9,6
India,Odisha,Keonjhar,"Jagamohanpur, Keonjhar - OSPCB",13-09-2026 15:00:00,21.6439,85.599355,PM2.5,20,53,30
India,Odisha,Nayagarh,"Dabuna, Nayagarh - OSPCB",13-09-2026 15:00:00,21.847279,85.416905,PM2.5,6,41,25
India,Odisha,Nayagarh,"Dabuna, Nayagarh - OSPCB",13-09-2026 15:00:00,21.847279,85.416905,PM10,16,109,36
India,Odisha,Nayagarh,"Dabuna, Nayagarh - OSPCB",13-09-2026 15:00:00,21.847279,85.416905,OZONE,15,15,15
India,Odisha,Rairangpur,"Divisional Forest Office, Rairangpur - OSPCB",13-09-2026 15:00:00,22.265816,86.174829,PM10,36,52,44
India,Odisha,Rairangpur,"Divisional Forest Office, Rairangpur - OSPCB",13-09-2026 15:00:00,22.265816,86.174829,OZONE,4,11,9
India,Odisha,Rourkela,"Fertilizer Township, Rourkela - OSPCB",13-09-2026 15:00:00,22.18972222,84.86277778,NO2,11,11,11
India,Odisha,Rourkela,"Fertilizer Township, Rourkela - OSPCB",13-09-2026 15:00:00,22.18972222,84.86277778,SO2,11,12,11
India,Maharashtra,Pune,"Dhankawadi, Pune - IITM",13-09-2026 15:00:00,18.459883,73.852193,NH3,NA,NA,NA
India,Maharashtra,Pune,"Revenue Colony-Shivajinagar, Pune - IITM",13-09-2026 15:00:00,18.530085,73.849598,PM10,43,100,67
India,Maharashtra,Sangli,"Vijay Nagar, Sangli - MPCB",13-09-2026 15:00:00,16.5038,74.3623,PM10,NA,NA,NA
India,Maharashtra,Sangli,"Vijay Nagar, Sangli - MPCB",13-09-2026 15:00:00,16.5038,74.3623,OZONE,7,19,15
India,Maharashtra,Satara,"Koyana Nagar, Satara - MPCB",13-09-2026 15:00:00,17.696651,74.003387,PM10,32,152,85
India,Maharashtra,Satara,"Koyana Nagar, Satara - MPCB",13-09-2026 15:00:00,17.696651,74.003387,NO2,2,14,5
India,Maharashtra,Satara,"Koyana Nagar, Satara - MPCB",13-09-2026 15:00:00,17.696651,74.003387,CO,13,16,14
India,Maharashtra,Solapur,"Ratandeep Housing Society, Solapur - MPCB",13-09-2026 15:00:00,17.65439,75.90649,PM2.5,38,74,57
India,Maharashtra,Solapur,"Ratandeep Housing Society, Solapur - MPCB",13-09-2026 15:00:00,17.65439,75.90649,SO2,3,4,3
India,Maharashtra,Solapur,"Ratandeep Housing Society, Solapur - MPCB",13-09-2026 15:00:00,17.65439,75.90649,OZONE,11,40,28
India,Maharashtra,Thane,"Kasarvadavali, Thane - MPCB",13-09-2026 15:00:00,19.26777,72.97182,PM2.5,18,49,32
India,Maharashtra,Thane,"Kasarvadavali, Thane - MPCB",13-09-2026 15:00:00,19.26777,72.97182,PM10,14,81,45
India,Maharashtra,Thane,"Kasarvadavali, Thane - MPCB",13-09-2026 15:00:00,19.26777,72.97182,SO2,6,7,6
India,Maharashtra,Thane,"Upvan Fort, Thane - MPCB",13-09-2026 15:00:00,19.222279,72.957979,OZONE,4,9,6
India,Maharashtra,Mumbai,"Bandra Kurla Complex, Mumbai - MPCB",13-09-2026 15:00:00,19.065931,72.862131,NO2,2,69,25
India,Maharashtra,Mumbai,"Bandra Kurla Complex, Mumbai - MPCB",13-09-2026 15:00:00,19.065931,72.862131,CO,19,24,21
India,Maharashtra,Mumbai,"Sion, Mumbai - MPCB",13-09-2026 15:00:00,19.047,72.8746,NO2,86,112,98
India,Maharashtra,Mumbai,"Sion, Mumbai - MPCB",13-09-2026 15:00:00,19.047,72.8746,CO,20,20,20
India,Maharashtra,Nagpur,"Mahal, Nagpur - MPCB",13-09-2026 15:00:00,21.14472,79.107595,PM2.5,17,49,31
India,Maharashtra,Nagpur,"Mahal, Nagpur - MPCB",13-09-2026 15:00:00,21.14472,79.107595,CO,10,56,32
India,Maharashtra,Nagpur,"Opp GPO Civil Lines, Nagpur - MPCB",13-09-2026 15:00:00,21.152875,79.0517531,SO2,2,8,4
India,Maharashtra,Nagpur,"Opp GPO Civil Lines, Nagpur - MPCB",13-09-2026 15:00:00,21.152875,79.0517531,CO,14,50,25
India,Maharashtra,Nagpur,"Opp GPO Civil Lines, Nagpur - MPCB",13-09-2026 15:00:00,21.152875,79.0517531,OZONE,15,21,17
India,Maharashtra,Nagpur,"Ram Nagar, Nagpur - MPCB",13-09-2026 15:00:00,21.143383,79.048912,NH3,2,3,2
India,Maharashtra,Nanded,"Sneh Nagar, Nanded - MPCB",13-09-2026 15:00:00,19.173852,77.296291,NH3,1,3,2
India,Maharashtra,Nashik,"MIDC Ambad, Nashik - MPCB",13-09-2026 15:00:00,19.95022,73.73148,PM10,28,48,38
India,Maharashtra,Nashik,"MIDC Ambad, Nashik - MPCB",13-09-2026 15:00:00,19.95022,73.73148,CO,14,18,15
India,Maharashtra,Nashik,"MIDC Ambad, Nashik - MPCB",13-09-2026 15:00:00,19.95022,73.73148,OZONE,10,17,14
India,Maharashtra,Navi Mumbai,"Kopripada-Vashi, Navi Mumbai - MPCB",13-09-2026 15:00:00,19.090337,73.014232,OZONE,1,5,3
India,Maharashtra,Navi Mumbai,"Tondare-Taloja, Navi Mumbai - MPCB",13-09-2026 15:00:00,19.063,73.1209,CO,22,31,26
India,Maharashtra,Navi Mumbai,"Sanpada, Navi Mumbai - MPCB",13-09-2026 15:00:00,19.0575752,73.0151367,SO2,0,3,1
India,Maharashtra,Navi Mumbai,"Mahape, Navi Mumbai - MPCB",13-09-2026 15:00:00,19.1135051,73.008978,PM2.5,3,77,18
India,Maharashtra,Navi Mumbai,"Mahape, Navi Mumbai - MPCB",13-09-2026 15:00:00,19.1135051,73.008978,CO,28,28,28
India,Maharashtra,Navi Mumbai,"Nerul, Navi Mumbai - MPCB",13-09-2026 15:00:00,19.008751,73.01662,PM10,NA,NA,NA
India,Maharashtra,Parbhani,"Masoom Colony, Parbhani - MPCB",13-09-2026 15:00:00,19.265594,76.761463,NH3,2,3,3
India,Maharashtra,Parbhani,"Masoom Colony, Parbhani - MPCB",13-09-2026 15:00:00,19.265594,76.761463,CO,10,13,12
India,Maharashtra,Pimpri-Chinchwad,"Transport Nagar-Nigdi, Pune - IITM",13-09-2026 15:00:00,18.664282,73.763966,PM10,32,161,66
India,Maharashtra,Mumbai,"Ghatkopar, Mumbai - BMC",13-09-2026 15:00:00,19.083694,72.920967,NO2,3,27,12
India,Maharashtra,Mumbai,"Deonar, Mumbai - IITM",13-09-2026 15:00:00,19.04946,72.923,PM10,21,67,37
India,Maharashtra,Mumbai,"Bandra Kurla Complex, Mumbai - IITM",13-09-2026 15:00:00,19.053536,72.84643,PM2.5,NA,NA,NA
India,Maharashtra,Mumbai,"Bandra Kurla Complex, Mumbai - IITM",13-09-2026 15:00:00,19.053536,72.84643,NO2,14,24,18
India,Maharashtra,Mumbai,"Borivali East, Mumbai - IITM",13-09-2026 15:00:00,19.23241,72.86895,NO2,4,14,8
India,Maharashtra,Mumbai,"Borivali East, Mumbai - IITM",13-09-2026 15:00:00,19.23241,72.86895,NH3,2,3,2
India,Maharashtra,Mumbai,"Borivali East, Mumbai - IITM",13-09-2026 15:00:00,19.23241,72.86895,CO,21,33,29
India,Maharashtra,Mumbai,"Khindipada-Bhandup West, Mumbai - IITM",13-09-2026 15:00:00,19.1653323,72.922099,NH3,2,3,2
India,Maharashtra,Mumbai,"Khindipada-Bhandup West, Mumbai - IITM",13-09-2026 15:00:00,19.1653323,72.922099,SO2,3,14,9
India,Maharashtra,Mumbai,"Kandivali West, Mumbai - BMC",13-09-2026 15:00:00,19.215859,72.831718,NO2,18,43,34
India,Telangana,Hyderabad,"Zoo Park, Hyderabad - TSPCB",13-09-2026 15:00:00,17.349694,78.451437,PM10,3,131,48
India,Telangana,Hyderabad,"Zoo Park, Hyderabad - TSPCB",13-09-2026 15:00:00,17.349694,78.451437,NH3,2,2,2
India,Telangana,Hyderabad,"Zoo Park, Hyderabad - TSPCB",13-09-2026 15:00:00,17.349694,78.451437,CO,1,25,15
India,Telangana,Hyderabad,"ICRISAT Patancheru, Hyderabad - TSPCB",13-09-2026 15:00:00,17.5184,78.278777,NH3,0,2,1
India,Telangana,Hyderabad,"Sanathnagar, Hyderabad - TSPCB",13-09-2026 15:00:00,17.4559458,78.4332152,PM10,NA,NA,NA
India,Telangana,Hyderabad,"IDA Pashamylaram, Hyderabad - TSPCB",13-09-2026 15:00:00,17.5316895,78.218939,PM2.5,18,132,69
India,Telangana,Hyderabad,"IDA Pashamylaram, Hyderabad - TSPCB",13-09-2026 15:00:00,17.5316895,78.218939,SO2,6,11,10
India,Telangana,Hyderabad,"Central University, Hyderabad - TSPCB",13-09-2026 15:00:00,17.460103,78.334361,PM2.5,2,50,30
India,Telangana,Hyderabad,"Central University, Hyderabad - TSPCB",13-09-2026 15:00:00,17.460103,78.334361,PM10,7,86,49
India,Telangana,Hyderabad,"Central University, Hyderabad - TSPCB",13-09-2026 15:00:00,17.460103,78.334361,NO2,24,43,31
India,Telangana,Hyderabad,"Central University, Hyderabad - TSPCB",13-09-2026 15:00:00,17.460103,78.334361,OZONE,13,19,16
India,Telangana,Hyderabad,"Bollaram Industrial Area, Hyderabad - TSPCB",13-09-2026 15:00:00,17.518,78.383,NO2,NA,NA,NA
India,Telangana,Hyderabad,"Bollaram Industrial Area, Hyderabad - TSPCB",13-09-2026 15:00:00,17.518,78.383,NH3,NA,NA,NA
India,Telangana,Hyderabad,"Bollaram Industrial Area, Hyderabad - TSPCB",13-09-2026 15:00:00,17.518,78.383,OZONE,26,26,26
India,Telangana,Hyderabad,"IITH Kandi, Hyderabad - TSPCB",13-09-2026 15:00:00,17.585705,78.126199,PM10,48,63,51
India,Telangana,Hyderabad,"IITH Kandi, Hyderabad - TSPCB",13-09-2026 15:00:00,17.585705,78.126199,NO2,12,13,13
India,Telangana,Hyderabad,"Nacharam_TSIIC IALA, Hyderabad - TSPCB",13-09-2026 15:00:00,17.429398,78.569354,PM10,56,72,69
India,Telangana,Hyderabad,"Nacharam_TSIIC IALA, Hyderabad - TSPCB",13-09-2026 15:00:00,17.429398,78.569354,CO,35,38,37
India,Telangana,Hyderabad,"Nacharam_TSIIC IALA, Hyderabad - TSPCB",13-09-2026 15:00:00,17.429398,78.569354,OZONE,13,14,14
India,Telangana,Hyderabad,"New Malakpet, Hyderabad - TSPCB",13-09-2026 15:00:00,17.37206,78.50864,PM2.5,33,51,42
India,Rajasthan,Jaipur,"Sector-2 Murlipura, Jaipur - RSPCB",13-09-2026 15:00:00,26.960669,75.771817,PM2.5,10,20,15
India,Rajasthan,Jaipur,"Sector-2 Murlipura, Jaipur - RSPCB",13-09-2026 15:00:00,26.960669,75.771817,OZONE,17,21,20
India,Rajasthan,Jaipur,"RIICO Sitapura, Jaipur - RSPCB",13-09-2026 15:00:00,26.786682,75.827928,PM10,34,115,51
India,Rajasthan,Jaipur,"RIICO Sitapura, Jaipur - RSPCB",13-09-2026 15:00:00,26.786682,75.827928,NO2,20,133,35
India,Rajasthan,Jaipur,"RIICO Sitapura, Jaipur - RSPCB",13-09-2026 15:00:00,26.786682,75.827928,SO2,3,4,4
India,Rajasthan,Jaipur,"RIICO Sitapura, Jaipur - RSPCB",13-09-2026 15:00:00,26.786682,75.827928,OZONE,42,68,57
India,Rajasthan,Jaipur,"Shastri Nagar, Jaipur - RSPCB",13-09-2026 15:00:00,26.9502929,75.730943,PM10,41,62,50
India,Rajasthan,Jaipur,"Shastri Nagar, Jaipur - RSPCB",13-09-2026 15:00:00,26.9502929,75.730943,CO,36,53,43
India,Rajasthan,Jaipur,"Police Commissionerate, Jaipur - RSPCB",13-09-2026 15:00:00,26.9164092,75.7994901,SO2,26,38,33
India,Rajasthan,Jaipur,"Mansarovar Sector-12, Jaipur - RSPCB",13-09-2026 15:00:00,26.843698,75.766894,PM2.5,18,45,30
India,Rajasthan,Jaipur,"Mansarovar Sector-12, Jaipur - RSPCB",13-09-2026 15:00:00,26.843698,75.766894,PM10,30,79,52
India,Rajasthan,Jaipur,"Mansarovar Sector-12, Jaipur - RSPCB",13-09-2026 15:00:00,26.843698,75.766894,NO2,7,24,14
India,Rajasthan,Jaisalmer,"Sadar Bazar, Jaisalmer - RSPCB",13-09-2026 15:00:00,26.912329,70.909168,PM10,23,143,72
India,Rajasthan,Jaisalmer,"Sadar Bazar, Jaisalmer - RSPCB",13-09-2026 15:00:00,26.912329,70.909168,NH3,10,18,13
India,Rajasthan,Jaisalmer,"Sadar Bazar, Jaisalmer - RSPCB",13-09-2026 15:00:00,26.912329,70.909168,SO2,1,5,2
India,Rajasthan,Jaisalmer,"Sadar Bazar, Jaisalmer - RSPCB",13-09-2026 15:00:00,26.912329,70.909168,OZONE,31,80,63
India,Rajasthan,Jalore,"Mudtra Sili, Jalore - RSPCB",13-09-2026 15:00:00,25.344694,72.626208,NO2,6,13,8
India,Rajasthan,Jalore,"Mudtra Sili, Jalore - RSPCB",13-09-2026 15:00:00,25.344694,72.626208,SO2,2,4,3
India,Rajasthan,Jhalawar,"Rajlaxmi Nagar, Jhalawar - RSPCB",13-09-2026 15:00:00,24.588397,76.172782,NH3,0,3,1
India,Rajasthan,Rajsamand,"Dhoinda, Rajsamand - RSPCB",13-09-2026 15:00:00,25.03636,73.883502,NH3,9,14,11
India,Rajasthan,Rajsamand,"Dhoinda, Rajsamand - RSPCB",13-09-2026 15:00:00,25.03636,73.883502,CO,12,20,17
India,Rajasthan,Rajsamand,"Dhoinda, Rajsamand - RSPCB",13-09-2026 15:00:00,25.03636,73.883502,OZONE,30,54,48
India,Rajasthan,Sawai Madhopur,"Sahu Nagar, Sawai Madhopur - RSPCB",13-09-2026 15:00:00,26.031443,76.359327,CO,29,34,31
India,Rajasthan,Sikar,"Radhakishan Pura, Sikar - RSPCB",13-09-2026 15:00:00,27.608912,75.153302,PM10,NA,NA,NA
India,Rajasthan,Sikar,"Radhakishan Pura, Sikar - RSPCB",13-09-2026 15:00:00,27.608912,75.153302,NH3,14,18,15
India,Rajasthan,Sikar,"Radhakishan Pura, Sikar - RSPCB",13-09-2026 15:00:00,27.608912,75.153302,CO,18,22,20
India,Rajasthan,Sirohi,"Vedhaynath Colony, Sirohi - RSPCB",13-09-2026 15:00:00,24.885261,72.857549,PM2.5,15,47,26
India,Rajasthan,Sirohi,"Vedhaynath Colony, Sirohi - RSPCB",13-09-2026 15:00:00,24.885261,72.857549,SO2,4,9,5
India,Rajasthan,Sri Ganganagar,"Old City, Sri Ganganagar - RSPCB",13-09-2026 15:00:00,29.931624,73.864511,PM2.5,23,63,43
India,Rajasthan,Sri Ganganagar,"Old City, Sri Ganganagar - RSPCB",13-09-2026 15:00:00,29.931624,73.864511,PM10,31,105,64
India,Rajasthan,Sri Ganganagar,"Old City, Sri Ganganagar - RSPCB",13-09-2026 15:00:00,29.931624,73.864511,CO,37,55,49
India,Rajasthan,Tonk,"Shastri Nagar, Tonk - RSPCB",13-09-2026 15:00:00,26.159933,75.780517,PM2.5,23,67,51
India,Rajasthan,Tonk,"Shastri Nagar, Tonk - RSPCB",13-09-2026 15:00:00,26.159933,75.780517,SO2,0,5,1
India,Rajasthan,Tonk,"Shastri Nagar, Tonk - RSPCB",13-09-2026 15:00:00,26.159933,75.780517,CO,39,67,55
India,Rajasthan,Udaipur,"Ashok Nagar, Udaipur - RSPCB",13-09-2026 15:00:00,24.5886166,73.6321397,NO2,7,51,21
India,Sikkim,Gangtok,"Zero Point GICI, Gangtok - SSPCB",13-09-2026 15:00:00,27.33853,88.614099,NO2,7,8,8
India,Tamil Nadu,Chennai,"Velachery Res. Area, Chennai - CPCB",13-09-2026 15:00:00,13.0052189,80.2398125,NO2,11,11,11
India,Tamil Nadu,Chennai,"Velachery Res. Area, Chennai - CPCB",13-09-2026 15:00:00,13.0052189,80.2398125,NH3,NA,NA,NA
India,Tamil Nadu,Chennai,"Velachery Res. Area, Chennai - CPCB",13-09-2026 15:00:00,13.0052189,80.2398125,CO,NA,NA,NA
India,Tamil Nadu,Chennai,"Manali Village, Chennai - TNPCB",13-09-2026 15:00:00,13.1662,80.2584,PM2.5,16,38,30
India,Tamil Nadu,Chennai,"Manali Village, Chennai - TNPCB",13-09-2026 15:00:00,13.1662,80.2584,SO2,11,13,12
India,Tamil Nadu,Coimbatore,"SIDCO Kurichi, Coimbatore - TNPCB",13-09-2026 15:00:00,10.942451,76.978996,CO,43,45,44
India,Tamil Nadu,Thoothukudi,"Meelavittan, Thoothukudi - TNPCB",13-09-2026 15:00:00,8.816428,78.099039,PM10,56,71,64
India,Telangana,Hyderabad,"Kokapet, Hyderabad - TSPCB",13-09-2026 15:00:00,17.393559,78.339194,PM10,43,60,50
India,Telangana,Hyderabad,"ECIL Kapra, Hyderabad - TSPCB",13-09-2026 15:00:00,17.470431,78.566959,NO2,9,16,11
India,Telangana,Hyderabad,"ECIL Kapra, Hyderabad - TSPCB",13-09-2026 15:00:00,17.470431,78.566959,SO2,3,12,6
India,Telangana,Hyderabad,"ECIL Kapra, Hyderabad - TSPCB",13-09-2026 15:00:00,17.470431,78.566959,CO,15,20,17
India,Telangana,Hyderabad,"ECIL Kapra, Hyderabad - TSPCB",13-09-2026 15:00:00,17.470431,78.566959,OZONE,18,24,21
India,Telangana,Hyderabad,"Somajiguda, Hyderabad - TSPCB",13-09-2026 15:00:00,17.417094,78.457437,CO,10,17,12
India,Telangana,Hyderabad,"Kompally Municipal Office, Hyderabad - TSPCB",13-09-2026 15:00:00,17.544899,78.486949,PM10,61,79,68
India,Telangana,Hyderabad,"Kompally Municipal Office, Hyderabad - TSPCB",13-09-2026 15:00:00,17.544899,78.486949,NH3,2,3,2
India,Punjab,Patiala,"Model Town, Patiala - PPCB",13-09-2026 15:00:00,30.349388,76.366642,OZONE,12,31,20
India,Punjab,Rupnagar,"Ratanpura, Rupnagar - Ambuja Cements",13-09-2026 15:00:00,31.0325454,76.5623046,NO2,9,46,27
India,Punjab,Rupnagar,"Ratanpura, Rupnagar - Ambuja Cements",13-09-2026 15:00:00,31.0325454,76.5623046,NH3,NA,NA,NA
India,Rajasthan,Ajmer,"Civil Lines,  Ajmer - RSPCB",13-09-2026 15:00:00,26.470859,74.646594,PM2.5,43,69,58
India,Rajasthan,Ajmer,"Civil Lines,  Ajmer - RSPCB",13-09-2026 15:00:00,26.470859,74.646594,PM10,34,54,42
India,Rajasthan,Ajmer,"Civil Lines,  Ajmer - RSPCB",13-09-2026 15:00:00,26.470859,74.646594,SO2,2,16,9
India,Rajasthan,Alwar,"Vigyan Nagar, Alwar - RSPCB",13-09-2026 15:00:00,27.598796,76.63861,NO2,8,13,10
India,Rajasthan,Alwar,"Vigyan Nagar, Alwar - RSPCB",13-09-2026 15:00:00,27.598796,76.63861,NH3,9,14,12
India,Rajasthan,Alwar,"Vigyan Nagar, Alwar - RSPCB",13-09-2026 15:00:00,27.598796,76.63861,OZONE,12,40,30
India,Rajasthan,Alwar,"Moti Doongri, Alwar - RSPCB",13-09-2026 15:00:00,27.554793,76.611536,SO2,4,38,19
India,Rajasthan,Alwar,"Moti Doongri, Alwar - RSPCB",13-09-2026 15:00:00,27.554793,76.611536,OZONE,31,86,56
India,Rajasthan,Banswara,"Rati Talai, Banswara - RSPCB",13-09-2026 15:00:00,23.55519,74.44001,SO2,9,18,10
India,Rajasthan,Baran,"Bamboliya, Baran - RSPCB",13-09-2026 15:00:00,25.106006,76.469948,NO2,17,21,19
India,Rajasthan,Baran,"Bamboliya, Baran - RSPCB",13-09-2026 15:00:00,25.106006,76.469948,SO2,1,4,3
India,Rajasthan,Barmer,"Railway Colony, Barmer - RSPCB",13-09-2026 15:00:00,25.747299,71.393989,NH3,2,5,3
India,Rajasthan,Jodhpur,"Jhalamand, Jodhpur - RSPCB",13-09-2026 15:00:00,26.215415,73.070156,PM2.5,8,38,18
India,Rajasthan,Jodhpur,"Jhalamand, Jodhpur - RSPCB",13-09-2026 15:00:00,26.215415,73.070156,PM10,16,64,42
India,Rajasthan,Jodhpur,"Jhalamand, Jodhpur - RSPCB",13-09-2026 15:00:00,26.215415,73.070156,CO,12,18,15
India,Rajasthan,Jodhpur,"Mandor, Jodhpur - RSPCB",13-09-2026 15:00:00,26.358805,73.047444,OZONE,2,123,59
India,Rajasthan,Khairthal,"New Anaj Mandi, Khairthal - RSPCB",13-09-2026 15:00:00,27.8015617,76.6365217,NO2,30,45,35
India,Rajasthan,Kota,"Shrinath Puram, Kota - RSPCB",13-09-2026 15:00:00,25.14389,75.821256,NH3,1,9,3
India,Rajasthan,Kota,"Shrinath Puram, Kota - RSPCB",13-09-2026 15:00:00,25.14389,75.821256,CO,42,55,52
India,Rajasthan,Kota,"Dhanmandi, Kota - RSPCB",13-09-2026 15:00:00,25.16409,75.858137,PM2.5,8,47,32
India,Rajasthan,Kota,"Nayapura, Kota - RSPCB",13-09-2026 15:00:00,25.196024,75.855668,OZONE,9,46,29
India,Rajasthan,Nagaur,"Karni Colony, Nagaur - RSPCB",13-09-2026 15:00:00,27.213494,73.734444,CO,13,20,17
India,Rajasthan,Pali,"Indira Colony Vistar, Pali - RSPCB",13-09-2026 15:00:00,25.771061,73.340227,PM2.5,54,83,59
India,Rajasthan,Pratapgarh,"Pragati Nagar, Pratapgarh - RSPCB",13-09-2026 15:00:00,24.041198,74.780702,PM2.5,5,60,29
India,Rajasthan,Pratapgarh,"Pragati Nagar, Pratapgarh - RSPCB",13-09-2026 15:00:00,24.041198,74.780702,OZONE,20,55,41
India,Rajasthan,Barmer,"Railway Colony, Barmer - RSPCB",13-09-2026 15:00:00,25.747299,71.393989,OZONE,40,76,59
India,Rajasthan,Bharatpur,"Krishna Nagar, Bharatpur - RSPCB",13-09-2026 15:00:00,27.215415,77.50873,PM2.5,13,31,24
India,Rajasthan,Bharatpur,"Krishna Nagar, Bharatpur - RSPCB",13-09-2026 15:00:00,27.215415,77.50873,SO2,4,5,5
India,Rajasthan,Bhiwadi,"RIICO Ind. Area III, Bhiwadi - RSPCB",13-09-2026 15:00:00,28.194909,76.862296,CO,26,68,48
India,Rajasthan,Bhiwadi,"RIICO Ind. Area III, Bhiwadi - RSPCB",13-09-2026 15:00:00,28.194909,76.862296,OZONE,19,66,39
India,Rajasthan,Bhiwadi,"Vasundhara Nagar_UIT, Bhiwadi - RSPCB",13-09-2026 15:00:00,28.207266,76.829265,NO2,12,139,37
India,Rajasthan,Bhiwadi,"Vasundhara Nagar_UIT, Bhiwadi - RSPCB",13-09-2026 15:00:00,28.207266,76.829265,SO2,4,17,7
India,Rajasthan,Bikaner,"MM Ground, Bikaner - RSPCB",13-09-2026 15:00:00,28.018792,73.292658,CO,52,101,79
India,Rajasthan,Bikaner,"MM Ground, Bikaner - RSPCB",13-09-2026 15:00:00,28.018792,73.292658,OZONE,25,47,37
India,Rajasthan,Churu,"Subash Chowk, Churu - RSPCB",13-09-2026 15:00:00,28.296139,74.961696,NO2,5,12,8
India,Rajasthan,Churu,"Subash Chowk, Churu - RSPCB",13-09-2026 15:00:00,28.296139,74.961696,SO2,4,9,5
India,Rajasthan,Dausa,"Khatikan Mohalla, Dausa - RSPCB",13-09-2026 15:00:00,26.895552,76.334753,PM2.5,12,42,30
India,Rajasthan,Dausa,"Khatikan Mohalla, Dausa - RSPCB",13-09-2026 15:00:00,26.895552,76.334753,SO2,1,2,1
India,Rajasthan,Dausa,"Khatikan Mohalla, Dausa - RSPCB",13-09-2026 15:00:00,26.895552,76.334753,OZONE,14,41,27
India,Rajasthan,Dungarpur,"Bhoiwada, Dungarpur - RSPCB",13-09-2026 15:00:00,23.837789,73.714926,NH3,NA,NA,NA
India,Rajasthan,Jhalawar,"Rajlaxmi Nagar, Jhalawar - RSPCB",13-09-2026 15:00:00,24.588397,76.172782,OZONE,17,54,34
India,Rajasthan,Jodhpur,"Collectorate, Jodhpur - RSPCB",13-09-2026 15:00:00,26.268249,73.0193853,CO,26,80,40
India,Uttar Pradesh,Kanpur,"FTI Kidwai Nagar, Kanpur - UPPCB",13-09-2026 15:00:00,26.428282,80.327067,CO,31,32,31
India,Uttar Pradesh,Kanpur,"NSI Kalyanpur, Kanpur - UPPCB",13-09-2026 15:00:00,26.509954,80.249612,SO2,25,26,25
India,Uttar Pradesh,Khora,"Prashant Garden, Khora - UPPCB",13-09-2026 15:00:00,28.61119,77.34206,PM2.5,61,156,102
India,Uttar Pradesh,Khora,"Prashant Garden, Khora - UPPCB",13-09-2026 15:00:00,28.61119,77.34206,PM10,57,113,89
India,Uttar Pradesh,Khora,"Prashant Garden, Khora - UPPCB",13-09-2026 15:00:00,28.61119,77.34206,CO,53,56,54
India,Uttar Pradesh,Khurja,"Kalindi Kunj, Khurja - UPPCB",13-09-2026 15:00:00,28.2348927,77.8683002,PM2.5,18,51,33
India,Uttar Pradesh,Khurja,"Kalindi Kunj, Khurja - UPPCB",13-09-2026 15:00:00,28.2348927,77.8683002,NO2,12,13,13
India,Uttar Pradesh,Khurja,"Kalindi Kunj, Khurja - UPPCB",13-09-2026 15:00:00,28.2348927,77.8683002,SO2,10,11,10
India,Uttar Pradesh,Lucknow,"Kendriya Vidyalaya, Lucknow - CPCB",13-09-2026 15:00:00,26.906111,80.948222,NO2,27,33,29
India,Uttar Pradesh,Lucknow,"Kendriya Vidyalaya, Lucknow - CPCB",13-09-2026 15:00:00,26.906111,80.948222,CO,25,51,41
India,Uttar Pradesh,Lucknow,"Gomti Nagar, Lucknow - UPPCB",13-09-2026 15:00:00,26.86812,81.005119,PM10,22,68,44
India,Uttar Pradesh,Lucknow,"Gomti Nagar, Lucknow - UPPCB",13-09-2026 15:00:00,26.86812,81.005119,SO2,11,11,11
India,Uttar Pradesh,Lucknow,"Gomti Nagar, Lucknow - UPPCB",13-09-2026 15:00:00,26.86812,81.005119,CO,38,41,40
India,Uttar Pradesh,Lucknow,"Lalbagh, Lucknow - CPCB",13-09-2026 15:00:00,26.8458805,80.9365541,NO2,22,30,24
India,Uttar Pradesh,Lucknow,"Talkatora District Industries Center, Lucknow - CPCB",13-09-2026 15:00:00,26.83399722,80.8917361,OZONE,13,95,51
India,Uttar Pradesh,Lucknow,"B R Ambedkar University, Lucknow - UPPCB",13-09-2026 15:00:00,26.766433,80.927299,PM10,NA,NA,NA
India,Uttar Pradesh,Lucknow,"B R Ambedkar University, Lucknow - UPPCB",13-09-2026 15:00:00,26.766433,80.927299,NH3,3,3,3
India,Uttar Pradesh,Mathura,"Pali Dungra, Mathura - UPPCB",13-09-2026 15:00:00,27.410954,77.550619,NO2,5,7,6
India,Uttar Pradesh,Meerut,"Jai Bhim Nagar, Meerut - UPPCB",13-09-2026 15:00:00,28.9535882,77.7622941,PM2.5,3,38,17
India,Uttar Pradesh,Meerut,"Jai Bhim Nagar, Meerut - UPPCB",13-09-2026 15:00:00,28.9535882,77.7622941,NH3,12,15,13
India,Uttar Pradesh,Meerut,"Ganga Nagar, Meerut - UPPCB",13-09-2026 15:00:00,28.999264,77.7590354,PM2.5,15,96,39
India,Uttar Pradesh,Meerut,"Ganga Nagar, Meerut - UPPCB",13-09-2026 15:00:00,28.999264,77.7590354,NH3,6,7,6
India,Uttar Pradesh,Meerut,"Ganga Nagar, Meerut - UPPCB",13-09-2026 15:00:00,28.999264,77.7590354,SO2,18,23,21
India,Uttar Pradesh,Meerut,"Ganga Nagar, Meerut - UPPCB",13-09-2026 15:00:00,28.999264,77.7590354,OZONE,29,63,52
India,Uttar Pradesh,Meerut,"MIET College, Meerut - UPPCB",13-09-2026 15:00:00,28.972677,77.641018,NH3,2,7,5
India,Uttar Pradesh,Meerut,"MIET College, Meerut - UPPCB",13-09-2026 15:00:00,28.972677,77.641018,SO2,2,3,2
India,Uttar Pradesh,Meerut,"Pallavpuram Phase 2, Meerut - UPPCB",13-09-2026 15:00:00,29.06351,77.709723,PM2.5,38,92,60
India,Uttar Pradesh,Meerut,"Pallavpuram Phase 2, Meerut - UPPCB",13-09-2026 15:00:00,29.06351,77.709723,OZONE,25,67,54
India,Uttar Pradesh,Moradabad,"Employment Office, Moradabad - UPPCB",13-09-2026 15:00:00,28.88528,78.7388,SO2,34,41,37
India,Uttar Pradesh,Moradabad,"Employment Office, Moradabad - UPPCB",13-09-2026 15:00:00,28.88528,78.7388,CO,11,11,11
India,Uttar Pradesh,Moradabad,"Kashiram Nagar, Moradabad - UPPCB",13-09-2026 15:00:00,28.849399,78.742362,NH3,4,4,4
India,Uttar Pradesh,Moradabad,"Transport Nagar, Moradabad - UPPCB",13-09-2026 15:00:00,28.802625,78.753728,PM10,56,143,85
India,Uttar Pradesh,Moradabad,"Transport Nagar, Moradabad - UPPCB",13-09-2026 15:00:00,28.802625,78.753728,NH3,5,6,5
India,Uttar Pradesh,Moradabad,"Transport Nagar, Moradabad - UPPCB",13-09-2026 15:00:00,28.802625,78.753728,SO2,21,23,21
India,Uttar Pradesh,Moradabad,"Buddhi Vihar, Moradabad - UPPCB",13-09-2026 15:00:00,28.83526,78.7446,PM2.5,16,53,25
India,Uttar Pradesh,Moradabad,"Buddhi Vihar, Moradabad - UPPCB",13-09-2026 15:00:00,28.83526,78.7446,NO2,28,29,29
India,Uttar Pradesh,Muzaffarnagar,"New Mandi, Muzaffarnagar - UPPCB",13-09-2026 15:00:00,29.4723508,77.7194031,PM2.5,24,99,55
India,Uttar Pradesh,Muzaffarnagar,"New Mandi, Muzaffarnagar - UPPCB",13-09-2026 15:00:00,29.4723508,77.7194031,PM10,25,137,75
India,Uttar Pradesh,Muzaffarnagar,"New Mandi, Muzaffarnagar - UPPCB",13-09-2026 15:00:00,29.4723508,77.7194031,NO2,14,67,32
India,Uttar Pradesh,Noida,"Sector-1, Noida - UPPCB",13-09-2026 15:00:00,28.5898,77.3101,PM2.5,2,393,128
India,Uttar Pradesh,Noida,"Sector-1, Noida - UPPCB",13-09-2026 15:00:00,28.5898,77.3101,NO2,3,24,12
India,Uttar Pradesh,Noida,"Sector - 125, Noida - UPPCB",13-09-2026 15:00:00,28.5447608,77.3231257,NO2,16,17,16
India,Uttar Pradesh,Noida,"Sector - 125, Noida - UPPCB",13-09-2026 15:00:00,28.5447608,77.3231257,NH3,3,3,3
India,Uttar Pradesh,Noida,"Sector - 125, Noida - UPPCB",13-09-2026 15:00:00,28.5447608,77.3231257,SO2,6,9,8
India,Uttar Pradesh,Noida,"Sector-116, Noida - UPPCB",13-09-2026 15:00:00,28.56923,77.393848,PM2.5,59,212,108
India,Uttar Pradesh,Noida,"Sector - 62, Noida - IITM",13-09-2026 15:00:00,28.6245479,77.3577104,SO2,NA,NA,NA
India,Uttar Pradesh,Noida,"Sector - 62, Noida - IITM",13-09-2026 15:00:00,28.6245479,77.3577104,OZONE,16,25,20
India,Uttar Pradesh,Prayagraj,"Nagar Nigam, Prayagraj - UPPCB",13-09-2026 15:00:00,25.44919916,81.82735986,OZONE,10,16,14
India,Uttar Pradesh,Prayagraj,"Motilal Nehru NIT, Prayagraj - UPPCB",13-09-2026 15:00:00,25.494,81.863,OZONE,17,33,27
India,Uttar Pradesh,Prayagraj,"Jhunsi, Prayagraj - UPPCB",13-09-2026 15:00:00,25.425602,81.917152,PM10,19,67,36
India,Uttar Pradesh,Prayagraj,"Jhunsi, Prayagraj - UPPCB",13-09-2026 15:00:00,25.425602,81.917152,NO2,6,6,6
India,Uttar Pradesh,Prayagraj,"Jhunsi, Prayagraj - UPPCB",13-09-2026 15:00:00,25.425602,81.917152,CO,12,38,18
India,Uttarakhand,Dehradun,"Doon University, Dehradun - UKPCB",13-09-2026 15:00:00,30.269444,78.044167,NO2,0,4,2
India,Uttarakhand,Dehradun,"Doon University, Dehradun - UKPCB",13-09-2026 15:00:00,30.269444,78.044167,CO,21,98,41
India,Uttarakhand,Kashipur,"Govt. Girls Inter College, Kashipur - UKPCB",13-09-2026 15:00:00,29.2124114,78.9611753,PM2.5,NA,NA,NA
India,Uttarakhand,Kashipur,"Govt. Girls Inter College, Kashipur - UKPCB",13-09-2026 15:00:00,29.2124114,78.9611753,PM10,NA,NA,NA
India,Uttarakhand,Kashipur,"Govt. Girls Inter College, Kashipur - UKPCB",13-09-2026 15:00:00,29.2124114,78.9611753,NO2,NA,NA,NA
India,Uttarakhand,Kashipur,"Govt. Girls Inter College, Kashipur - UKPCB",13-09-2026 15:00:00,29.2124114,78.9611753,NH3,NA,NA,NA
India,Uttarakhand,Kashipur,"Govt. Girls Inter College, Kashipur - UKPCB",13-09-2026 15:00:00,29.2124114,78.9611753,CO,8,10,9
India,Uttarakhand,Kashipur,"Govt. Girls Inter College, Kashipur - UKPCB",13-09-2026 15:00:00,29.2124114,78.9611753,OZONE,NA,NA,NA
India,West Bengal,Asansol,"Trivenidevi Bhalotia College, Asansol - WBPCB",13-09-2026 15:00:00,23.616515,87.119133,PM2.5,10,33,22
India,West Bengal,Asansol,"Mahabir Colliery, Asansol - WBPCB",13-09-2026 15:00:00,23.618183,87.105718,CO,29,37,32
India,West Bengal,Asansol,"Mahabir Colliery, Asansol - WBPCB",13-09-2026 15:00:00,23.618183,87.105718,OZONE,8,10,9
India,West Bengal,Barrackpore,"SVSPA Campus, Barrackpore - WBPCB",13-09-2026 15:00:00,22.7605581,88.3617589,NO2,5,16,9
India,West Bengal,Durgapur,"Womens College_City Center, Durgapur - WBPCB",13-09-2026 15:00:00,23.549395,87.300496,NO2,14,32,26
India,West Bengal,Durgapur,"PCBL Residential Complex, Durgapur - WBPCB",13-09-2026 15:00:00,23.508764,87.35444,CO,41,50,46
India,West Bengal,Durgapur,"Mahishkapur Road_B-Zone, Durgapur - WBPCB",13-09-2026 15:00:00,23.567923,87.306843,NH3,0,1,1
India,Uttar Pradesh,Bareilly,"Civil Lines, Bareilly - UPPCB",13-09-2026 15:00:00,28.359581,79.414455,PM10,25,36,30
India,Uttar Pradesh,Bareilly,"Civil Lines, Bareilly - UPPCB",13-09-2026 15:00:00,28.359581,79.414455,CO,28,31,30
India,Uttar Pradesh,Firozabad,"Nagla Bhau, Firozabad - UPPCB",13-09-2026 15:00:00,27.168897,78.37696,PM10,NA,NA,NA
India,Uttar Pradesh,Firozabad,"Nagla Bhau, Firozabad - UPPCB",13-09-2026 15:00:00,27.168897,78.37696,SO2,23,71,36
India,Uttar Pradesh,Firozabad,"Vibhab Nagar, Firozabad - UPPCB",13-09-2026 15:00:00,27.1594,78.3953,PM2.5,21,36,28
India,Uttar Pradesh,Firozabad,"Vibhab Nagar, Firozabad - UPPCB",13-09-2026 15:00:00,27.1594,78.3953,NH3,6,7,7
India,Uttar Pradesh,Firozabad,"Vibhab Nagar, Firozabad - UPPCB",13-09-2026 15:00:00,27.1594,78.3953,CO,36,36,36
India,Uttar Pradesh,Gajraula,"Rajanpur, Gajraula - UPPCB",13-09-2026 15:00:00,28.829109,78.248796,SO2,6,16,10
India,Uttar Pradesh,Gajraula,"Rajanpur, Gajraula - UPPCB",13-09-2026 15:00:00,28.829109,78.248796,CO,70,75,72
India,Uttar Pradesh,Ghaziabad,"Vasundhara, Ghaziabad - UPPCB",13-09-2026 15:00:00,28.6603346,77.3572563,PM2.5,15,93,53
India,Uttar Pradesh,Ghaziabad,"Ved Vihar-Loni, Ghaziabad - UPPCB",13-09-2026 15:00:00,28.739153,77.273668,PM2.5,46,246,95
India,Uttar Pradesh,Ghaziabad,"Ved Vihar-Loni, Ghaziabad - UPPCB",13-09-2026 15:00:00,28.739153,77.273668,PM10,56,172,96
India,Uttar Pradesh,Ghaziabad,"Wave City, Ghaziabad - UPPCB",13-09-2026 15:00:00,28.646675,77.489049,PM10,NA,NA,NA
India,Uttar Pradesh,Ghaziabad,"Indirapuram, Ghaziabad - UPPCB",13-09-2026 15:00:00,28.646233,77.358075,CO,23,31,27
India,Uttar Pradesh,Ghaziabad,"Sanjay Nagar, Ghaziabad - UPPCB",13-09-2026 15:00:00,28.685382,77.453839,NO2,19,67,37
India,Uttar Pradesh,Raebareli," Indira Nagar, Raebareli - NTPC Unchahar",13-09-2026 15:00:00,26.207781,81.245571,SO2,NA,NA,NA
India,Uttar Pradesh,Raebareli,"Anand Nagar, Raebareli - UPPCB",13-09-2026 15:00:00,26.219512,81.237648,NO2,6,22,9
India,Uttar Pradesh,Raebareli,"Anand Nagar, Raebareli - UPPCB",13-09-2026 15:00:00,26.219512,81.237648,NH3,NA,NA,NA
India,Uttar Pradesh,Shamli,"New Tehsil, Shamli - UPPCB",13-09-2026 15:00:00,29.4603683,77.3410291,NO2,7,19,11
India,Uttar Pradesh,Shamli,"New Tehsil, Shamli - UPPCB",13-09-2026 15:00:00,29.4603683,77.3410291,OZONE,17,18,18
India,Uttar Pradesh,Varanasi,"Bhelupur, Varanasi - UPPCB",13-09-2026 15:00:00,25.301778,82.996789,PM2.5,43,107,64
India,Uttar Pradesh,Varanasi,"Bhelupur, Varanasi - UPPCB",13-09-2026 15:00:00,25.301778,82.996789,NH3,1,1,1
India,Uttar Pradesh,Varanasi,"Ardhali Bazar, Varanasi - UPPCB",13-09-2026 15:00:00,25.3505986,82.9083074,OZONE,8,17,13
India,Uttar Pradesh,Varanasi,"Maldahiya, Varanasi - UPPCB",13-09-2026 15:00:00,25.32393,82.99687,SO2,30,30,30
India,Uttar Pradesh,Varanasi,"IESD Banaras Hindu University, Varanasi - UPPCB",13-09-2026 15:00:00,25.262326,82.995408,PM2.5,23,70,32
India,Uttar Pradesh,Vrindavan,"Omex Eternity, Vrindavan - UPPCB",13-09-2026 15:00:00,27.571409,77.655757,SO2,10,11,10
India,Uttar Pradesh,Vrindavan," Chhatikara, Vrindavan - UPPCB",13-09-2026 15:00:00,27.57194,77.62346,NO2,0,1,0
India,Uttarakhand,Dehradun,"Doon University, Dehradun - UKPCB",13-09-2026 15:00:00,30.269444,78.044167,PM2.5,NA,NA,NA
India,Tripura,Agartala,"Bardowali, Agartala - Tripura SPCB",13-09-2026 15:00:00,23.8175497,91.2726974,NH3,NA,NA,NA
India,Uttar Pradesh,Agra,"Sector-3B Avas Vikas Colony, Agra - UPPCB",13-09-2026 15:00:00,27.19412,77.96237,NH3,4,5,4
India,Uttar Pradesh,Agra,"Shahjahan Garden, Agra - UPPCB",13-09-2026 15:00:00,27.169338,78.03582,PM2.5,20,29,25
India,Uttar Pradesh,Agra,"Shahjahan Garden, Agra - UPPCB",13-09-2026 15:00:00,27.169338,78.03582,PM10,31,44,38
India,Uttar Pradesh,Agra,"Shahjahan Garden, Agra - UPPCB",13-09-2026 15:00:00,27.169338,78.03582,SO2,69,82,74
India,Uttar Pradesh,Agra,"Shahjahan Garden, Agra - UPPCB",13-09-2026 15:00:00,27.169338,78.03582,OZONE,2,2,2
India,Uttar Pradesh,Agra,"Manoharpur, Agra - UPPCB",13-09-2026 15:00:00,27.23711,78.01936,NH3,2,2,2
India,Uttar Pradesh,Agra,"Manoharpur, Agra - UPPCB",13-09-2026 15:00:00,27.23711,78.01936,CO,21,21,21
India,Uttar Pradesh,Agra,"Rohta, Agra - UPPCB",13-09-2026 15:00:00,27.106972,78.000111,PM2.5,18,44,34
India,Uttar Pradesh,Agra,"Rohta, Agra - UPPCB",13-09-2026 15:00:00,27.106972,78.000111,CO,31,41,36
India,Uttar Pradesh,Agra,"Shastripuram, Agra - UPPCB",13-09-2026 15:00:00,27.19862,77.92066,PM10,17,44,31
India,Uttar Pradesh,Agra,"Shastripuram, Agra - UPPCB",13-09-2026 15:00:00,27.19862,77.92066,CO,41,45,43
India,Uttar Pradesh,Baghpat,"Sardar Patel Inter College, Baghpat - UPPCB",13-09-2026 15:00:00,28.964949,77.278761,PM2.5,5,49,25
India,Uttar Pradesh,Bareilly,"Rajendra Nagar, Bareilly - UPPCB",13-09-2026 15:00:00,28.38910936,79.42963708,NO2,9,10,9
India,Uttar Pradesh,Ghaziabad,"Govindpuram, Ghaziabad - UPPCB",13-09-2026 15:00:00,28.694528,77.494705,PM10,8,48,20
India,Uttar Pradesh,Ghaziabad,"Govindpuram, Ghaziabad - UPPCB",13-09-2026 15:00:00,28.694528,77.494705,NO2,35,74,53
India,Uttar Pradesh,Gorakhpur,"Madan Mohan Malaviya University of Technology, Gorakhpur - UPPCB",13-09-2026 15:00:00,26.730136,83.433859,PM10,NA,NA,NA
India,Uttar Pradesh,Greater Noida,"Knowledge Park - V, Greater Noida - UPPCB",13-09-2026 15:00:00,28.557054,77.453663,PM10,77,324,145
India,Uttar Pradesh,Greater Noida,"Knowledge Park - III, Greater Noida - UPPCB",13-09-2026 15:00:00,28.47272,77.482,PM2.5,24,80,47
India,Uttar Pradesh,Greater Noida,"Knowledge Park - III, Greater Noida - UPPCB",13-09-2026 15:00:00,28.47272,77.482,NH3,5,7,5
India,Uttar Pradesh,Hapur,"Anand Vihar, Hapur - UPPCB",13-09-2026 15:00:00,28.725645,77.749675,NO2,NA,NA,NA
India,Uttar Pradesh,Kanpur,"FTI Kidwai Nagar, Kanpur - UPPCB",13-09-2026 15:00:00,26.428282,80.327067,NO2,27,27,27
India,Uttar Pradesh,Kanpur,"FTI Kidwai Nagar, Kanpur - UPPCB",13-09-2026 15:00:00,26.428282,80.327067,NH3,3,3,3
India,Uttar Pradesh,Kanpur,"FTI Kidwai Nagar, Kanpur - UPPCB",13-09-2026 15:00:00,26.428282,80.327067,SO2,15,50,37
India,West Bengal,Howrah,"Ghusuri, Howrah - WBPCB",13-09-2026 15:00:00,22.611968,88.347422,NO2,21,37,27
India,West Bengal,Howrah,"Ghusuri, Howrah - WBPCB",13-09-2026 15:00:00,22.611968,88.347422,OZONE,18,21,20
India,West Bengal,Howrah,"Dasnagar, Howrah - WBPCB",13-09-2026 15:00:00,22.6025571,88.3105664,NH3,1,4,2
India,West Bengal,Howrah,"Belur Math, Howrah - WBPCB",13-09-2026 15:00:00,22.629801,88.352017,CO,9,33,16
India,West Bengal,Howrah,"Belur Math, Howrah - WBPCB",13-09-2026 15:00:00,22.629801,88.352017,OZONE,8,9,9
India,West Bengal,Howrah,"Padmapukur, Howrah - WBPCB",13-09-2026 15:00:00,22.5687319,88.2797276,NH3,3,11,7
India,West Bengal,Howrah,"Botanical Garden, Howrah - WBPCB",13-09-2026 15:00:00,22.554954,88.292568,NO2,7,13,9
India,West Bengal,Kolkata,"Ballygunge, Kolkata - WBPCB",13-09-2026 15:00:00,22.5367507,88.3638022,OZONE,12,18,16
India,West Bengal,Kolkata,"Jadavpur, Kolkata - WBPCB",13-09-2026 15:00:00,22.49929,88.36917,NH3,12,13,12
India,West Bengal,Kolkata,"Jadavpur, Kolkata - WBPCB",13-09-2026 15:00:00,22.49929,88.36917,SO2,6,6,6
India,West Bengal,Kolkata,"Jadavpur, Kolkata - WBPCB",13-09-2026 15:00:00,22.49929,88.36917,OZONE,12,13,13
India,West Bengal,Kolkata,"Victoria, Kolkata - WBPCB",13-09-2026 15:00:00,22.5448082,88.3403691,NO2,33,38,35
India,West Bengal,Kolkata,"Victoria, Kolkata - WBPCB",13-09-2026 15:00:00,22.5448082,88.3403691,NH3,5,6,5
India,West Bengal,Kolkata,"Victoria, Kolkata - WBPCB",13-09-2026 15:00:00,22.5448082,88.3403691,SO2,1,8,4
India,West Bengal,Kolkata,"Bidhannagar, Kolkata - WBPCB",13-09-2026 15:00:00,22.58157048,88.41002457,PM10,30,50,38
India,West Bengal,Kolkata,"Bidhannagar, Kolkata - WBPCB",13-09-2026 15:00:00,22.58157048,88.41002457,SO2,6,10,8
India,West Bengal,Siliguri,"Ward-32 Bapupara, Siliguri - WBPCB",13-09-2026 15:00:00,26.6879226,88.4152495,PM10,12,25,17
India,West Bengal,Siliguri,"Ward-32 Bapupara, Siliguri - WBPCB",13-09-2026 15:00:00,26.6879226,88.4152495,SO2,14,16,15
